node,trace,policy,cache_pct,size_mb,hp,threads,rep,miss,tp,requests,footprint_mb,n_objects
node4.tardis-apia.ldos-ut-pg0.wisc.cloudlab.us,alibabaBlock_295,lru,10,1580,27,1,1,0.0912,1.09,44708182,15800.0128,1671740
node4.tardis-apia.ldos-ut-pg0.wisc.cloudlab.us,alibabaBlock_295,lru,10,1580,27,1,2,0.0912,1.11,44708182,15800.0128,1671740
node4.tardis-apia.ldos-ut-pg0.wisc.cloudlab.us,alibabaBlock_295,lru,10,1580,27,1,3,0.0912,1.11,44708182,15800.0128,1671740
node4.tardis-apia.ldos-ut-pg0.wisc.cloudlab.us,alibabaBlock_295,lruforgive,10,1580,27,1,1,0.0908,0.47,44708182,15800.0128,1671740
node4.tardis-apia.ldos-ut-pg0.wisc.cloudlab.us,alibabaBlock_295,lruforgive,10,1580,27,1,2,0.0908,0.48,44708182,15800.0128,1671740
node4.tardis-apia.ldos-ut-pg0.wisc.cloudlab.us,alibabaBlock_295,lruforgive,10,1580,27,1,3,0.0908,0.47,44708182,15800.0128,1671740
node4.tardis-apia.ldos-ut-pg0.wisc.cloudlab.us,alibabaBlock_295,s3fifo,10,1580,27,1,1,NA,NA,NA,15800.0128,1671740
node4.tardis-apia.ldos-ut-pg0.wisc.cloudlab.us,alibabaBlock_295,s3fifo,10,1580,27,1,2,NA,NA,NA,15800.0128,1671740
node4.tardis-apia.ldos-ut-pg0.wisc.cloudlab.us,alibabaBlock_295,s3fifo,10,1580,27,1,3,NA,NA,NA,15800.0128,1671740
node4.tardis-apia.ldos-ut-pg0.wisc.cloudlab.us,alibabaBlock_295,s3fifoforgive,10,1580,27,1,1,NA,NA,NA,15800.0128,1671740
node4.tardis-apia.ldos-ut-pg0.wisc.cloudlab.us,alibabaBlock_295,s3fifoforgive,10,1580,27,1,2,0.1113,0.45,44708182,15800.0128,1671740
node4.tardis-apia.ldos-ut-pg0.wisc.cloudlab.us,alibabaBlock_295,s3fifoforgive,10,1580,27,1,3,0.1113,0.45,44708182,15800.0128,1671740
node4.tardis-apia.ldos-ut-pg0.wisc.cloudlab.us,alibabaBlock_295,lru,0.1,16,20,1,1,0.2900,2.57,44708182,15800.0128,1671740
node4.tardis-apia.ldos-ut-pg0.wisc.cloudlab.us,alibabaBlock_295,lru,0.1,16,20,1,2,0.2900,2.51,44708182,15800.0128,1671740
node4.tardis-apia.ldos-ut-pg0.wisc.cloudlab.us,alibabaBlock_295,lru,0.1,16,20,1,3,0.2900,2.52,44708182,15800.0128,1671740
node4.tardis-apia.ldos-ut-pg0.wisc.cloudlab.us,alibabaBlock_295,lruforgive,0.1,16,20,1,1,0.2810,0.82,44708182,15800.0128,1671740
node4.tardis-apia.ldos-ut-pg0.wisc.cloudlab.us,alibabaBlock_295,lruforgive,0.1,16,20,1,2,0.2810,0.83,44708182,15800.0128,1671740
node4.tardis-apia.ldos-ut-pg0.wisc.cloudlab.us,alibabaBlock_295,lruforgive,0.1,16,20,1,3,0.2810,0.83,44708182,15800.0128,1671740
node4.tardis-apia.ldos-ut-pg0.wisc.cloudlab.us,alibabaBlock_295,s3fifo,0.1,16,20,1,1,0.2552,2.78,44708182,15800.0128,1671740
node4.tardis-apia.ldos-ut-pg0.wisc.cloudlab.us,alibabaBlock_295,s3fifo,0.1,16,20,1,2,0.2552,2.73,44708182,15800.0128,1671740
node4.tardis-apia.ldos-ut-pg0.wisc.cloudlab.us,alibabaBlock_295,s3fifo,0.1,16,20,1,3,0.2552,2.73,44708182,15800.0128,1671740
node4.tardis-apia.ldos-ut-pg0.wisc.cloudlab.us,alibabaBlock_295,s3fifoforgive,0.1,16,20,1,1,0.2557,0.90,44708182,15800.0128,1671740
node4.tardis-apia.ldos-ut-pg0.wisc.cloudlab.us,alibabaBlock_295,s3fifoforgive,0.1,16,20,1,2,0.2557,0.91,44708182,15800.0128,1671740
node4.tardis-apia.ldos-ut-pg0.wisc.cloudlab.us,alibabaBlock_295,s3fifoforgive,0.1,16,20,1,3,0.2557,0.93,44708182,15800.0128,1671740
node4.tardis-apia.ldos-ut-pg0.wisc.cloudlab.us,alibabaBlock_3,lru,10,2489,27,1,1,0.5236,0.76,23965493,24892.1088,3159466
node4.tardis-apia.ldos-ut-pg0.wisc.cloudlab.us,alibabaBlock_3,lru,10,2489,27,1,2,0.5236,0.75,23965493,24892.1088,3159466
node4.tardis-apia.ldos-ut-pg0.wisc.cloudlab.us,alibabaBlock_3,lru,10,2489,27,1,3,0.5236,0.74,23965493,24892.1088,3159466
node4.tardis-apia.ldos-ut-pg0.wisc.cloudlab.us,alibabaBlock_3,lruforgive,10,2489,27,1,1,0.5227,0.54,23965493,24892.1088,3159466
node4.tardis-apia.ldos-ut-pg0.wisc.cloudlab.us,alibabaBlock_3,lruforgive,10,2489,27,1,2,0.5227,0.54,23965493,24892.1088,3159466
node4.tardis-apia.ldos-ut-pg0.wisc.cloudlab.us,alibabaBlock_3,lruforgive,10,2489,27,1,3,0.5227,0.50,23965493,24892.1088,3159466
node4.tardis-apia.ldos-ut-pg0.wisc.cloudlab.us,alibabaBlock_3,s3fifo,10,2489,27,1,1,0.5177,0.97,23965493,24892.1088,3159466
node4.tardis-apia.ldos-ut-pg0.wisc.cloudlab.us,alibabaBlock_3,s3fifo,10,2489,27,1,2,0.5177,0.96,23965493,24892.1088,3159466
node4.tardis-apia.ldos-ut-pg0.wisc.cloudlab.us,alibabaBlock_3,s3fifo,10,2489,27,1,3,0.5177,0.96,23965493,24892.1088,3159466
node4.tardis-apia.ldos-ut-pg0.wisc.cloudlab.us,alibabaBlock_3,s3fifoforgive,10,2489,27,1,1,0,0.70,15567890,24892.1088,3159466
node4.tardis-apia.ldos-ut-pg0.wisc.cloudlab.us,alibabaBlock_3,s3fifoforgive,10,2489,27,1,2,0.5175,0.66,23965493,24892.1088,3159466
node4.tardis-apia.ldos-ut-pg0.wisc.cloudlab.us,alibabaBlock_3,s3fifoforgive,10,2489,27,1,3,0.5175,0.66,23965493,24892.1088,3159466
node4.tardis-apia.ldos-ut-pg0.wisc.cloudlab.us,alibabaBlock_3,lru,0.1,25,21,1,1,0.6995,1.76,23965493,24892.1088,3159466
node4.tardis-apia.ldos-ut-pg0.wisc.cloudlab.us,alibabaBlock_3,lru,0.1,25,21,1,2,0.6995,1.78,23965493,24892.1088,3159466
node4.tardis-apia.ldos-ut-pg0.wisc.cloudlab.us,alibabaBlock_3,lru,0.1,25,21,1,3,0.6995,1.78,23965493,24892.1088,3159466
node4.tardis-apia.ldos-ut-pg0.wisc.cloudlab.us,alibabaBlock_3,lruforgive,0.1,25,21,1,1,0.6980,1.07,23965493,24892.1088,3159466
node4.tardis-apia.ldos-ut-pg0.wisc.cloudlab.us,alibabaBlock_3,lruforgive,0.1,25,21,1,2,0.6980,1.07,23965493,24892.1088,3159466
node4.tardis-apia.ldos-ut-pg0.wisc.cloudlab.us,alibabaBlock_3,lruforgive,0.1,25,21,1,3,0.6980,1.07,23965493,24892.1088,3159466
node4.tardis-apia.ldos-ut-pg0.wisc.cloudlab.us,alibabaBlock_3,s3fifo,0.1,25,21,1,1,0.6913,1.94,23965493,24892.1088,3159466
node4.tardis-apia.ldos-ut-pg0.wisc.cloudlab.us,alibabaBlock_3,s3fifo,0.1,25,21,1,2,0.6913,1.92,23965493,24892.1088,3159466
node4.tardis-apia.ldos-ut-pg0.wisc.cloudlab.us,alibabaBlock_3,s3fifo,0.1,25,21,1,3,0.6913,1.95,23965493,24892.1088,3159466
node4.tardis-apia.ldos-ut-pg0.wisc.cloudlab.us,alibabaBlock_3,s3fifoforgive,0.1,25,21,1,1,0.6911,1.22,23965493,24892.1088,3159466
node4.tardis-apia.ldos-ut-pg0.wisc.cloudlab.us,alibabaBlock_3,s3fifoforgive,0.1,25,21,1,2,0.6911,1.19,23965493,24892.1088,3159466
node4.tardis-apia.ldos-ut-pg0.wisc.cloudlab.us,alibabaBlock_3,s3fifoforgive,0.1,25,21,1,3,0.6911,1.21,23965493,24892.1088,3159466
node4.tardis-apia.ldos-ut-pg0.wisc.cloudlab.us,alibabaBlock_30,lru,10,1448,27,1,1,0.1010,1.08,39965299,14482.2272,1546408
node4.tardis-apia.ldos-ut-pg0.wisc.cloudlab.us,alibabaBlock_30,lru,10,1448,27,1,2,0.1010,1.06,39965299,14482.2272,1546408
node4.tardis-apia.ldos-ut-pg0.wisc.cloudlab.us,alibabaBlock_30,lru,10,1448,27,1,3,0.1010,0.99,39965299,14482.2272,1546408
node4.tardis-apia.ldos-ut-pg0.wisc.cloudlab.us,alibabaBlock_30,lruforgive,10,1448,27,1,1,0.1005,0.43,39965299,14482.2272,1546408
node4.tardis-apia.ldos-ut-pg0.wisc.cloudlab.us,alibabaBlock_30,lruforgive,10,1448,27,1,2,0.1005,0.42,39965299,14482.2272,1546408
node4.tardis-apia.ldos-ut-pg0.wisc.cloudlab.us,alibabaBlock_30,lruforgive,10,1448,27,1,3,0.1005,0.42,39965299,14482.2272,1546408
node4.tardis-apia.ldos-ut-pg0.wisc.cloudlab.us,alibabaBlock_30,s3fifo,10,1448,27,1,1,0.1212,1.01,39965299,14482.2272,1546408
node4.tardis-apia.ldos-ut-pg0.wisc.cloudlab.us,alibabaBlock_30,s3fifo,10,1448,27,1,2,0.1212,1.02,39965299,14482.2272,1546408
node4.tardis-apia.ldos-ut-pg0.wisc.cloudlab.us,alibabaBlock_30,s3fifo,10,1448,27,1,3,0.1212,1.01,39965299,14482.2272,1546408
node4.tardis-apia.ldos-ut-pg0.wisc.cloudlab.us,alibabaBlock_30,s3fifoforgive,10,1448,27,1,1,0.1210,0.46,39965299,14482.2272,1546408
node4.tardis-apia.ldos-ut-pg0.wisc.cloudlab.us,alibabaBlock_30,s3fifoforgive,10,1448,27,1,2,0.1211,0.45,39965299,14482.2272,1546408
node4.tardis-apia.ldos-ut-pg0.wisc.cloudlab.us,alibabaBlock_30,s3fifoforgive,10,1448,27,1,3,0.1211,0.45,39965299,14482.2272,1546408
node4.tardis-apia.ldos-ut-pg0.wisc.cloudlab.us,alibabaBlock_30,lru,0.1,14,20,1,1,0.2689,3.10,39965299,14482.2272,1546408
node4.tardis-apia.ldos-ut-pg0.wisc.cloudlab.us,alibabaBlock_30,lru,0.1,14,20,1,2,0.2689,3.02,39965299,14482.2272,1546408
node4.tardis-apia.ldos-ut-pg0.wisc.cloudlab.us,alibabaBlock_30,lru,0.1,14,20,1,3,0.2689,3.05,39965299,14482.2272,1546408
node4.tardis-apia.ldos-ut-pg0.wisc.cloudlab.us,alibabaBlock_30,lruforgive,0.1,14,20,1,1,0.2694,0.99,39965299,14482.2272,1546408
node4.tardis-apia.ldos-ut-pg0.wisc.cloudlab.us,alibabaBlock_30,lruforgive,0.1,14,20,1,2,0.2694,0.96,39965299,14482.2272,1546408
node4.tardis-apia.ldos-ut-pg0.wisc.cloudlab.us,alibabaBlock_30,lruforgive,0.1,14,20,1,3,0.2694,0.96,39965299,14482.2272,1546408
node4.tardis-apia.ldos-ut-pg0.wisc.cloudlab.us,alibabaBlock_30,s3fifo,0.1,14,20,1,1,0.2597,3.26,39965299,14482.2272,1546408
node4.tardis-apia.ldos-ut-pg0.wisc.cloudlab.us,alibabaBlock_30,s3fifo,0.1,14,20,1,2,0.2597,3.27,39965299,14482.2272,1546408
node4.tardis-apia.ldos-ut-pg0.wisc.cloudlab.us,alibabaBlock_30,s3fifo,0.1,14,20,1,3,0.2597,3.32,39965299,14482.2272,1546408
node4.tardis-apia.ldos-ut-pg0.wisc.cloudlab.us,alibabaBlock_30,s3fifoforgive,0.1,14,20,1,1,0.2596,1.16,39965299,14482.2272,1546408
node4.tardis-apia.ldos-ut-pg0.wisc.cloudlab.us,alibabaBlock_30,s3fifoforgive,0.1,14,20,1,2,0.2596,1.17,39965299,14482.2272,1546408
node4.tardis-apia.ldos-ut-pg0.wisc.cloudlab.us,alibabaBlock_30,s3fifoforgive,0.1,14,20,1,3,0.2596,1.17,39965299,14482.2272,1546408
node4.tardis-apia.ldos-ut-pg0.wisc.cloudlab.us,alibabaBlock_303,lru,10,37826,27,1,1,0.7528,0.14,16280097,378256.6912,9890244
node4.tardis-apia.ldos-ut-pg0.wisc.cloudlab.us,alibabaBlock_303,lru,10,37826,27,1,2,0.7528,0.14,16280097,378256.6912,9890244
node4.tardis-apia.ldos-ut-pg0.wisc.cloudlab.us,alibabaBlock_303,lru,10,37826,27,1,3,0.7528,0.14,16280097,378256.6912,9890244
node4.tardis-apia.ldos-ut-pg0.wisc.cloudlab.us,alibabaBlock_303,lruforgive,10,37826,27,1,1,0.7525,0.14,16280097,378256.6912,9890244
node4.tardis-apia.ldos-ut-pg0.wisc.cloudlab.us,alibabaBlock_303,lruforgive,10,37826,27,1,2,0.7525,0.14,16280097,378256.6912,9890244
node4.tardis-apia.ldos-ut-pg0.wisc.cloudlab.us,alibabaBlock_303,lruforgive,10,37826,27,1,3,0.7525,0.14,16280097,378256.6912,9890244
node4.tardis-apia.ldos-ut-pg0.wisc.cloudlab.us,alibabaBlock_303,s3fifo,10,37826,27,1,1,0.7523,0.14,16280097,378256.6912,9890244
node4.tardis-apia.ldos-ut-pg0.wisc.cloudlab.us,alibabaBlock_303,s3fifo,10,37826,27,1,2,0.7523,0.14,16280097,378256.6912,9890244
node4.tardis-apia.ldos-ut-pg0.wisc.cloudlab.us,alibabaBlock_303,s3fifo,10,37826,27,1,3,0.7523,0.14,16280097,378256.6912,9890244
node4.tardis-apia.ldos-ut-pg0.wisc.cloudlab.us,alibabaBlock_303,s3fifoforgive,10,37826,27,1,1,0.7523,0.14,16280097,378256.6912,9890244
node4.tardis-apia.ldos-ut-pg0.wisc.cloudlab.us,alibabaBlock_303,s3fifoforgive,10,37826,27,1,2,0.7523,0.14,16280097,378256.6912,9890244
node4.tardis-apia.ldos-ut-pg0.wisc.cloudlab.us,alibabaBlock_303,s3fifoforgive,10,37826,27,1,3,0.7523,0.13,16280097,378256.6912,9890244
node4.tardis-apia.ldos-ut-pg0.wisc.cloudlab.us,alibabaBlock_303,lru,0.1,378,25,1,1,0.8337,0.23,16280097,378256.6912,9890244
node4.tardis-apia.ldos-ut-pg0.wisc.cloudlab.us,alibabaBlock_303,lru,0.1,378,25,1,2,0.8337,0.23,16280097,378256.6912,9890244
node4.tardis-apia.ldos-ut-pg0.wisc.cloudlab.us,alibabaBlock_303,lru,0.1,378,25,1,3,0.8337,0.23,16280097,378256.6912,9890244
node4.tardis-apia.ldos-ut-pg0.wisc.cloudlab.us,alibabaBlock_303,lruforgive,0.1,378,25,1,1,0.8335,0.20,16280097,378256.6912,9890244
node4.tardis-apia.ldos-ut-pg0.wisc.cloudlab.us,alibabaBlock_303,lruforgive,0.1,378,25,1,2,0.8335,0.20,16280097,378256.6912,9890244
node4.tardis-apia.ldos-ut-pg0.wisc.cloudlab.us,alibabaBlock_303,lruforgive,0.1,378,25,1,3,0.8335,0.21,16280097,378256.6912,9890244
node4.tardis-apia.ldos-ut-pg0.wisc.cloudlab.us,alibabaBlock_303,s3fifo,0.1,378,25,1,1,0.8320,0.25,16280097,378256.6912,9890244
node4.tardis-apia.ldos-ut-pg0.wisc.cloudlab.us,alibabaBlock_303,s3fifo,0.1,378,25,1,2,0.8320,0.24,16280097,378256.6912,9890244
node4.tardis-apia.ldos-ut-pg0.wisc.cloudlab.us,alibabaBlock_303,s3fifo,0.1,378,25,1,3,0.8320,0.24,16280097,378256.6912,9890244
node4.tardis-apia.ldos-ut-pg0.wisc.cloudlab.us,alibabaBlock_303,s3fifoforgive,0.1,378,25,1,1,0.8318,0.23,16280097,378256.6912,9890244
node4.tardis-apia.ldos-ut-pg0.wisc.cloudlab.us,alibabaBlock_303,s3fifoforgive,0.1,378,25,1,2,0.8318,0.22,16280097,378256.6912,9890244
node4.tardis-apia.ldos-ut-pg0.wisc.cloudlab.us,alibabaBlock_303,s3fifoforgive,0.1,378,25,1,3,0.8318,0.23,16280097,378256.6912,9890244
node4.tardis-apia.ldos-ut-pg0.wisc.cloudlab.us,alibabaBlock_311,lru,10,1162,26,1,1,0.0800,1.08,30239364,11618.5088,1177428
node4.tardis-apia.ldos-ut-pg0.wisc.cloudlab.us,alibabaBlock_311,lru,10,1162,26,1,2,0.0800,1.08,30239364,11618.5088,1177428
node4.tardis-apia.ldos-ut-pg0.wisc.cloudlab.us,alibabaBlock_311,lru,10,1162,26,1,3,0.0800,1.05,30239364,11618.5088,1177428
node4.tardis-apia.ldos-ut-pg0.wisc.cloudlab.us,alibabaBlock_311,lruforgive,10,1162,26,1,1,0.0804,0.46,30239364,11618.5088,1177428
node4.tardis-apia.ldos-ut-pg0.wisc.cloudlab.us,alibabaBlock_311,lruforgive,10,1162,26,1,2,0.0804,0.47,30239364,11618.5088,1177428
node4.tardis-apia.ldos-ut-pg0.wisc.cloudlab.us,alibabaBlock_311,lruforgive,10,1162,26,1,3,0.0804,0.47,30239364,11618.5088,1177428
node4.tardis-apia.ldos-ut-pg0.wisc.cloudlab.us,alibabaBlock_311,s3fifo,10,1162,26,1,1,0.0934,1.15,30239364,11618.5088,1177428
node4.tardis-apia.ldos-ut-pg0.wisc.cloudlab.us,alibabaBlock_311,s3fifo,10,1162,26,1,2,0.0934,1.13,30239364,11618.5088,1177428
node4.tardis-apia.ldos-ut-pg0.wisc.cloudlab.us,alibabaBlock_311,s3fifo,10,1162,26,1,3,0.0934,1.16,30239364,11618.5088,1177428
node4.tardis-apia.ldos-ut-pg0.wisc.cloudlab.us,alibabaBlock_311,s3fifoforgive,10,1162,26,1,1,0.0932,0.50,30239364,11618.5088,1177428
node4.tardis-apia.ldos-ut-pg0.wisc.cloudlab.us,alibabaBlock_311,s3fifoforgive,10,1162,26,1,2,NA,NA,NA,11618.5088,1177428
node4.tardis-apia.ldos-ut-pg0.wisc.cloudlab.us,alibabaBlock_311,s3fifoforgive,10,1162,26,1,3,0.0933,0.49,30239364,11618.5088,1177428
node4.tardis-apia.ldos-ut-pg0.wisc.cloudlab.us,alibabaBlock_311,lru,0.1,12,20,1,1,0.4248,2.31,30239364,11618.5088,1177428
node4.tardis-apia.ldos-ut-pg0.wisc.cloudlab.us,alibabaBlock_311,lru,0.1,12,20,1,2,0.4248,2.22,30239364,11618.5088,1177428
node4.tardis-apia.ldos-ut-pg0.wisc.cloudlab.us,alibabaBlock_311,lru,0.1,12,20,1,3,0.4248,2.25,30239364,11618.5088,1177428
node4.tardis-apia.ldos-ut-pg0.wisc.cloudlab.us,alibabaBlock_311,lruforgive,0.1,12,20,1,1,0.4092,0.80,30239364,11618.5088,1177428
node4.tardis-apia.ldos-ut-pg0.wisc.cloudlab.us,alibabaBlock_311,lruforgive,0.1,12,20,1,2,0.4092,0.80,30239364,11618.5088,1177428
node4.tardis-apia.ldos-ut-pg0.wisc.cloudlab.us,alibabaBlock_311,lruforgive,0.1,12,20,1,3,0.4092,0.80,30239364,11618.5088,1177428
node4.tardis-apia.ldos-ut-pg0.wisc.cloudlab.us,alibabaBlock_311,s3fifo,0.1,12,20,1,1,NA,NA,NA,11618.5088,1177428
node4.tardis-apia.ldos-ut-pg0.wisc.cloudlab.us,alibabaBlock_311,s3fifo,0.1,12,20,1,2,NA,NA,NA,11618.5088,1177428
node4.tardis-apia.ldos-ut-pg0.wisc.cloudlab.us,alibabaBlock_311,s3fifo,0.1,12,20,1,3,0.3880,2.46,30239364,11618.5088,1177428
node4.tardis-apia.ldos-ut-pg0.wisc.cloudlab.us,alibabaBlock_311,s3fifoforgive,0.1,12,20,1,1,0.3852,1.07,30239364,11618.5088,1177428
node4.tardis-apia.ldos-ut-pg0.wisc.cloudlab.us,alibabaBlock_311,s3fifoforgive,0.1,12,20,1,2,0.3852,1.06,30239364,11618.5088,1177428
node4.tardis-apia.ldos-ut-pg0.wisc.cloudlab.us,alibabaBlock_311,s3fifoforgive,0.1,12,20,1,3,0.3852,1.06,30239364,11618.5088,1177428
node4.tardis-apia.ldos-ut-pg0.wisc.cloudlab.us,alibabaBlock_316,lru,10,60128,27,1,1,0.9096,0.02,12733432,601282.3552,1718003
node4.tardis-apia.ldos-ut-pg0.wisc.cloudlab.us,alibabaBlock_316,lru,10,60128,27,1,2,0.9096,0.02,12733432,601282.3552,1718003
node4.tardis-apia.ldos-ut-pg0.wisc.cloudlab.us,alibabaBlock_316,lru,10,60128,27,1,3,0.9096,0.02,12733432,601282.3552,1718003
node4.tardis-apia.ldos-ut-pg0.wisc.cloudlab.us,alibabaBlock_316,lruforgive,10,60128,27,1,1,0.9082,0.02,12733432,601282.3552,1718003
node4.tardis-apia.ldos-ut-pg0.wisc.cloudlab.us,alibabaBlock_316,lruforgive,10,60128,27,1,2,0.9082,0.02,12733432,601282.3552,1718003
node4.tardis-apia.ldos-ut-pg0.wisc.cloudlab.us,alibabaBlock_316,lruforgive,10,60128,27,1,3,0.9082,0.02,12733432,601282.3552,1718003
node4.tardis-apia.ldos-ut-pg0.wisc.cloudlab.us,alibabaBlock_316,s3fifo,10,60128,27,1,1,0.6088,0.03,12733432,601282.3552,1718003
node4.tardis-apia.ldos-ut-pg0.wisc.cloudlab.us,alibabaBlock_316,s3fifo,10,60128,27,1,2,0.6088,0.03,12733432,601282.3552,1718003
node4.tardis-apia.ldos-ut-pg0.wisc.cloudlab.us,alibabaBlock_316,s3fifo,10,60128,27,1,3,0.6087,0.03,12733432,601282.3552,1718003
node4.tardis-apia.ldos-ut-pg0.wisc.cloudlab.us,alibabaBlock_316,s3fifoforgive,10,60128,27,1,1,0.6129,0.03,12733432,601282.3552,1718003
node4.tardis-apia.ldos-ut-pg0.wisc.cloudlab.us,alibabaBlock_316,s3fifoforgive,10,60128,27,1,2,0.6119,0.03,12733432,601282.3552,1718003
node4.tardis-apia.ldos-ut-pg0.wisc.cloudlab.us,alibabaBlock_316,s3fifoforgive,10,60128,27,1,3,0.6125,0.03,12733432,601282.3552,1718003
node4.tardis-apia.ldos-ut-pg0.wisc.cloudlab.us,alibabaBlock_316,lru,0.1,601,25,1,1,0.9808,0.03,12733432,601282.3552,1718003
node4.tardis-apia.ldos-ut-pg0.wisc.cloudlab.us,alibabaBlock_316,lru,0.1,601,25,1,2,0.9808,0.02,12733432,601282.3552,1718003
node4.tardis-apia.ldos-ut-pg0.wisc.cloudlab.us,alibabaBlock_316,lru,0.1,601,25,1,3,0.9808,0.02,12733432,601282.3552,1718003
node4.tardis-apia.ldos-ut-pg0.wisc.cloudlab.us,alibabaBlock_316,lruforgive,0.1,601,25,1,1,0.9802,0.02,12733432,601282.3552,1718003
node4.tardis-apia.ldos-ut-pg0.wisc.cloudlab.us,alibabaBlock_316,lruforgive,0.1,601,25,1,2,0.9802,0.02,12733432,601282.3552,1718003
node4.tardis-apia.ldos-ut-pg0.wisc.cloudlab.us,alibabaBlock_316,lruforgive,0.1,601,25,1,3,0.9802,0.02,12733432,601282.3552,1718003
node4.tardis-apia.ldos-ut-pg0.wisc.cloudlab.us,alibabaBlock_316,s3fifo,0.1,601,25,1,1,NA,NA,NA,601282.3552,1718003
node4.tardis-apia.ldos-ut-pg0.wisc.cloudlab.us,alibabaBlock_316,s3fifo,0.1,601,25,1,2,NA,NA,NA,601282.3552,1718003
node4.tardis-apia.ldos-ut-pg0.wisc.cloudlab.us,alibabaBlock_316,s3fifo,0.1,601,25,1,3,NA,NA,NA,601282.3552,1718003
node4.tardis-apia.ldos-ut-pg0.wisc.cloudlab.us,alibabaBlock_316,s3fifoforgive,0.1,601,25,1,1,NA,NA,7457142,601282.3552,1718003
node4.tardis-apia.ldos-ut-pg0.wisc.cloudlab.us,alibabaBlock_316,s3fifoforgive,0.1,601,25,1,2,NA,NA,7457142,601282.3552,1718003
node4.tardis-apia.ldos-ut-pg0.wisc.cloudlab.us,alibabaBlock_316,s3fifoforgive,0.1,601,25,1,3,NA,NA,7457142,601282.3552,1718003
node4.tardis-apia.ldos-ut-pg0.wisc.cloudlab.us,alibabaBlock_32,lru,10,139764,27,1,1,NA_TOOBIG,NA,NA,1397644.288,25062649
node4.tardis-apia.ldos-ut-pg0.wisc.cloudlab.us,alibabaBlock_32,lru,10,139764,27,1,2,NA_TOOBIG,NA,NA,1397644.288,25062649
node4.tardis-apia.ldos-ut-pg0.wisc.cloudlab.us,alibabaBlock_32,lru,10,139764,27,1,3,NA_TOOBIG,NA,NA,1397644.288,25062649
node4.tardis-apia.ldos-ut-pg0.wisc.cloudlab.us,alibabaBlock_32,lruforgive,10,139764,27,1,1,NA_TOOBIG,NA,NA,1397644.288,25062649
node4.tardis-apia.ldos-ut-pg0.wisc.cloudlab.us,alibabaBlock_32,lruforgive,10,139764,27,1,2,NA_TOOBIG,NA,NA,1397644.288,25062649
node4.tardis-apia.ldos-ut-pg0.wisc.cloudlab.us,alibabaBlock_32,lruforgive,10,139764,27,1,3,NA_TOOBIG,NA,NA,1397644.288,25062649
node4.tardis-apia.ldos-ut-pg0.wisc.cloudlab.us,alibabaBlock_32,s3fifo,10,139764,27,1,1,NA_TOOBIG,NA,NA,1397644.288,25062649
node4.tardis-apia.ldos-ut-pg0.wisc.cloudlab.us,alibabaBlock_32,s3fifo,10,139764,27,1,2,NA_TOOBIG,NA,NA,1397644.288,25062649
node4.tardis-apia.ldos-ut-pg0.wisc.cloudlab.us,alibabaBlock_32,s3fifo,10,139764,27,1,3,NA_TOOBIG,NA,NA,1397644.288,25062649
node4.tardis-apia.ldos-ut-pg0.wisc.cloudlab.us,alibabaBlock_32,s3fifoforgive,10,139764,27,1,1,NA_TOOBIG,NA,NA,1397644.288,25062649
node4.tardis-apia.ldos-ut-pg0.wisc.cloudlab.us,alibabaBlock_32,s3fifoforgive,10,139764,27,1,2,NA_TOOBIG,NA,NA,1397644.288,25062649
node4.tardis-apia.ldos-ut-pg0.wisc.cloudlab.us,alibabaBlock_32,s3fifoforgive,10,139764,27,1,3,NA_TOOBIG,NA,NA,1397644.288,25062649
node4.tardis-apia.ldos-ut-pg0.wisc.cloudlab.us,alibabaBlock_32,lru,0.1,1398,26,1,1,0.3892,0.16,164231122,1397644.288,25062649
node4.tardis-apia.ldos-ut-pg0.wisc.cloudlab.us,alibabaBlock_32,lru,0.1,1398,26,1,2,0.3892,0.16,164231122,1397644.288,25062649
node4.tardis-apia.ldos-ut-pg0.wisc.cloudlab.us,alibabaBlock_32,lru,0.1,1398,26,1,3,0.3892,0.16,164231122,1397644.288,25062649
node4.tardis-apia.ldos-ut-pg0.wisc.cloudlab.us,alibabaBlock_32,lruforgive,0.1,1398,26,1,1,0.3656,0.13,164231122,1397644.288,25062649
node4.tardis-apia.ldos-ut-pg0.wisc.cloudlab.us,alibabaBlock_32,lruforgive,0.1,1398,26,1,2,0.3656,0.13,164231122,1397644.288,25062649
node4.tardis-apia.ldos-ut-pg0.wisc.cloudlab.us,alibabaBlock_32,lruforgive,0.1,1398,26,1,3,0.3656,0.13,164231122,1397644.288,25062649
node4.tardis-apia.ldos-ut-pg0.wisc.cloudlab.us,alibabaBlock_32,s3fifo,0.1,1398,26,1,1,0.3396,0.21,164231122,1397644.288,25062649
node4.tardis-apia.ldos-ut-pg0.wisc.cloudlab.us,alibabaBlock_32,s3fifo,0.1,1398,26,1,2,0.3397,0.21,164231122,1397644.288,25062649
node4.tardis-apia.ldos-ut-pg0.wisc.cloudlab.us,alibabaBlock_32,s3fifo,0.1,1398,26,1,3,0.3397,0.21,164231122,1397644.288,25062649
node4.tardis-apia.ldos-ut-pg0.wisc.cloudlab.us,alibabaBlock_32,s3fifoforgive,0.1,1398,26,1,1,0.3392,0.17,164231122,1397644.288,25062649
node4.tardis-apia.ldos-ut-pg0.wisc.cloudlab.us,alibabaBlock_32,s3fifoforgive,0.1,1398,26,1,2,0.3391,0.17,164231122,1397644.288,25062649
node4.tardis-apia.ldos-ut-pg0.wisc.cloudlab.us,alibabaBlock_32,s3fifoforgive,0.1,1398,26,1,3,0.3391,0.17,164231122,1397644.288,25062649
node4.tardis-apia.ldos-ut-pg0.wisc.cloudlab.us,alibabaBlock_324,lru,10,776,26,1,1,0.2013,0.85,11853514,7761.2032,1258806
node4.tardis-apia.ldos-ut-pg0.wisc.cloudlab.us,alibabaBlock_324,lru,10,776,26,1,2,0.2013,0.84,11853514,7761.2032,1258806
node4.tardis-apia.ldos-ut-pg0.wisc.cloudlab.us,alibabaBlock_324,lru,10,776,26,1,3,0.2013,0.84,11853514,7761.2032,1258806
node4.tardis-apia.ldos-ut-pg0.wisc.cloudlab.us,alibabaBlock_324,lruforgive,10,776,26,1,1,0.2011,0.42,11853514,7761.2032,1258806
node4.tardis-apia.ldos-ut-pg0.wisc.cloudlab.us,alibabaBlock_324,lruforgive,10,776,26,1,2,0.2011,0.41,11853514,7761.2032,1258806
node4.tardis-apia.ldos-ut-pg0.wisc.cloudlab.us,alibabaBlock_324,lruforgive,10,776,26,1,3,0.2011,0.41,11853514,7761.2032,1258806
node4.tardis-apia.ldos-ut-pg0.wisc.cloudlab.us,alibabaBlock_324,s3fifo,10,776,26,1,1,NA,NA,NA,7761.2032,1258806
node4.tardis-apia.ldos-ut-pg0.wisc.cloudlab.us,alibabaBlock_324,s3fifo,10,776,26,1,2,NA,NA,NA,7761.2032,1258806
node4.tardis-apia.ldos-ut-pg0.wisc.cloudlab.us,alibabaBlock_324,s3fifo,10,776,26,1,3,NA,NA,NA,7761.2032,1258806
node4.tardis-apia.ldos-ut-pg0.wisc.cloudlab.us,alibabaBlock_324,s3fifoforgive,10,776,26,1,1,NA,0.48,6894585,7761.2032,1258806
node4.tardis-apia.ldos-ut-pg0.wisc.cloudlab.us,alibabaBlock_324,s3fifoforgive,10,776,26,1,2,NA,0.49,6894585,7761.2032,1258806
node4.tardis-apia.ldos-ut-pg0.wisc.cloudlab.us,alibabaBlock_324,s3fifoforgive,10,776,26,1,3,NA,0.48,6894585,7761.2032,1258806
node4.tardis-apia.ldos-ut-pg0.wisc.cloudlab.us,alibabaBlock_324,lru,0.1,8,19,1,1,0.9172,4.99,11853514,7761.2032,1258806
node4.tardis-apia.ldos-ut-pg0.wisc.cloudlab.us,alibabaBlock_324,lru,0.1,8,19,1,2,0.9172,4.96,11853514,7761.2032,1258806
node4.tardis-apia.ldos-ut-pg0.wisc.cloudlab.us,alibabaBlock_324,lru,0.1,8,19,1,3,0.9172,4.84,11853514,7761.2032,1258806
node4.tardis-apia.ldos-ut-pg0.wisc.cloudlab.us,alibabaBlock_324,lruforgive,0.1,8,19,1,1,0.9058,3.78,11853514,7761.2032,1258806
node4.tardis-apia.ldos-ut-pg0.wisc.cloudlab.us,alibabaBlock_324,lruforgive,0.1,8,19,1,2,0.9058,3.71,11853514,7761.2032,1258806
node4.tardis-apia.ldos-ut-pg0.wisc.cloudlab.us,alibabaBlock_324,lruforgive,0.1,8,19,1,3,0.9059,3.87,11853514,7761.2032,1258806
node4.tardis-apia.ldos-ut-pg0.wisc.cloudlab.us,alibabaBlock_324,s3fifo,0.1,8,19,1,1,0.9010,5.68,11853514,7761.2032,1258806
node4.tardis-apia.ldos-ut-pg0.wisc.cloudlab.us,alibabaBlock_324,s3fifo,0.1,8,19,1,2,0.9010,5.39,11853514,7761.2032,1258806
node4.tardis-apia.ldos-ut-pg0.wisc.cloudlab.us,alibabaBlock_324,s3fifo,0.1,8,19,1,3,0.9010,5.66,11853514,7761.2032,1258806
node4.tardis-apia.ldos-ut-pg0.wisc.cloudlab.us,alibabaBlock_324,s3fifoforgive,0.1,8,19,1,1,0.9010,4.43,11853514,7761.2032,1258806
node4.tardis-apia.ldos-ut-pg0.wisc.cloudlab.us,alibabaBlock_324,s3fifoforgive,0.1,8,19,1,2,0.9010,4.35,11853514,7761.2032,1258806
node4.tardis-apia.ldos-ut-pg0.wisc.cloudlab.us,alibabaBlock_324,s3fifoforgive,0.1,8,19,1,3,0.9010,4.25,11853514,7761.2032,1258806
node4.tardis-apia.ldos-ut-pg0.wisc.cloudlab.us,alibabaBlock_327,lru,10,1237,26,1,1,0.0981,1.04,22410721,12367.9744,1656249
node4.tardis-apia.ldos-ut-pg0.wisc.cloudlab.us,alibabaBlock_327,lru,10,1237,26,1,2,0.0981,1.04,22410721,12367.9744,1656249
node4.tardis-apia.ldos-ut-pg0.wisc.cloudlab.us,alibabaBlock_327,lru,10,1237,26,1,3,0.0981,1.07,22410721,12367.9744,1656249
node4.tardis-apia.ldos-ut-pg0.wisc.cloudlab.us,alibabaBlock_327,lruforgive,10,1237,26,1,1,0.0984,0.42,22410721,12367.9744,1656249
node4.tardis-apia.ldos-ut-pg0.wisc.cloudlab.us,alibabaBlock_327,lruforgive,10,1237,26,1,2,0.0984,0.41,22410721,12367.9744,1656249
node4.tardis-apia.ldos-ut-pg0.wisc.cloudlab.us,alibabaBlock_327,lruforgive,10,1237,26,1,3,0.0984,0.41,22410721,12367.9744,1656249
node4.tardis-apia.ldos-ut-pg0.wisc.cloudlab.us,alibabaBlock_327,s3fifo,10,1237,26,1,1,NA,NA,NA,12367.9744,1656249
node4.tardis-apia.ldos-ut-pg0.wisc.cloudlab.us,alibabaBlock_327,s3fifo,10,1237,26,1,2,NA,NA,NA,12367.9744,1656249
node4.tardis-apia.ldos-ut-pg0.wisc.cloudlab.us,alibabaBlock_327,s3fifo,10,1237,26,1,3,NA,NA,NA,12367.9744,1656249
node4.tardis-apia.ldos-ut-pg0.wisc.cloudlab.us,alibabaBlock_327,s3fifoforgive,10,1237,26,1,1,0.1182,0.44,22410721,12367.9744,1656249
node4.tardis-apia.ldos-ut-pg0.wisc.cloudlab.us,alibabaBlock_327,s3fifoforgive,10,1237,26,1,2,0.1182,0.45,22410721,12367.9744,1656249
node4.tardis-apia.ldos-ut-pg0.wisc.cloudlab.us,alibabaBlock_327,s3fifoforgive,10,1237,26,1,3,0.1182,0.45,22410721,12367.9744,1656249
node4.tardis-apia.ldos-ut-pg0.wisc.cloudlab.us,alibabaBlock_327,lru,0.1,12,20,1,1,0.3708,2.22,22410721,12367.9744,1656249
node4.tardis-apia.ldos-ut-pg0.wisc.cloudlab.us,alibabaBlock_327,lru,0.1,12,20,1,2,0.3708,2.20,22410721,12367.9744,1656249
node4.tardis-apia.ldos-ut-pg0.wisc.cloudlab.us,alibabaBlock_327,lru,0.1,12,20,1,3,0.3708,2.19,22410721,12367.9744,1656249
node4.tardis-apia.ldos-ut-pg0.wisc.cloudlab.us,alibabaBlock_327,lruforgive,0.1,12,20,1,1,0.3436,0.62,22410721,12367.9744,1656249
node4.tardis-apia.ldos-ut-pg0.wisc.cloudlab.us,alibabaBlock_327,lruforgive,0.1,12,20,1,2,0.3436,0.62,22410721,12367.9744,1656249
node4.tardis-apia.ldos-ut-pg0.wisc.cloudlab.us,alibabaBlock_327,lruforgive,0.1,12,20,1,3,0.3436,0.61,22410721,12367.9744,1656249
node4.tardis-apia.ldos-ut-pg0.wisc.cloudlab.us,alibabaBlock_327,s3fifo,0.1,12,20,1,1,0.3411,2.38,22410721,12367.9744,1656249
node4.tardis-apia.ldos-ut-pg0.wisc.cloudlab.us,alibabaBlock_327,s3fifo,0.1,12,20,1,2,0.3411,2.38,22410721,12367.9744,1656249
node4.tardis-apia.ldos-ut-pg0.wisc.cloudlab.us,alibabaBlock_327,s3fifo,0.1,12,20,1,3,0.3411,2.40,22410721,12367.9744,1656249
node4.tardis-apia.ldos-ut-pg0.wisc.cloudlab.us,alibabaBlock_327,s3fifoforgive,0.1,12,20,1,1,0.3367,0.80,22410721,12367.9744,1656249
node4.tardis-apia.ldos-ut-pg0.wisc.cloudlab.us,alibabaBlock_327,s3fifoforgive,0.1,12,20,1,2,0.3367,0.81,22410721,12367.9744,1656249
node4.tardis-apia.ldos-ut-pg0.wisc.cloudlab.us,alibabaBlock_327,s3fifoforgive,0.1,12,20,1,3,0.3367,0.80,22410721,12367.9744,1656249
node4.tardis-apia.ldos-ut-pg0.wisc.cloudlab.us,alibabaBlock_33,lru,10,1571,27,1,1,0.1115,1.06,38646656,15711.6416,1705053
node4.tardis-apia.ldos-ut-pg0.wisc.cloudlab.us,alibabaBlock_33,lru,10,1571,27,1,2,0.1115,1.06,38646656,15711.6416,1705053
node4.tardis-apia.ldos-ut-pg0.wisc.cloudlab.us,alibabaBlock_33,lru,10,1571,27,1,3,0.1115,1.04,38646656,15711.6416,1705053
node4.tardis-apia.ldos-ut-pg0.wisc.cloudlab.us,alibabaBlock_33,lruforgive,10,1571,27,1,1,0.1109,0.47,38646656,15711.6416,1705053
node4.tardis-apia.ldos-ut-pg0.wisc.cloudlab.us,alibabaBlock_33,lruforgive,10,1571,27,1,2,0.1109,0.47,38646656,15711.6416,1705053
node4.tardis-apia.ldos-ut-pg0.wisc.cloudlab.us,alibabaBlock_33,lruforgive,10,1571,27,1,3,0.1109,0.47,38646656,15711.6416,1705053
node4.tardis-apia.ldos-ut-pg0.wisc.cloudlab.us,alibabaBlock_33,s3fifo,10,1571,27,1,1,NA,NA,NA,15711.6416,1705053
node4.tardis-apia.ldos-ut-pg0.wisc.cloudlab.us,alibabaBlock_33,s3fifo,10,1571,27,1,2,0.1362,1.03,38646656,15711.6416,1705053
node4.tardis-apia.ldos-ut-pg0.wisc.cloudlab.us,alibabaBlock_33,s3fifo,10,1571,27,1,3,0.1362,1.02,38646656,15711.6416,1705053
node4.tardis-apia.ldos-ut-pg0.wisc.cloudlab.us,alibabaBlock_33,s3fifoforgive,10,1571,27,1,1,0.1361,0.51,38646656,15711.6416,1705053
node4.tardis-apia.ldos-ut-pg0.wisc.cloudlab.us,alibabaBlock_33,s3fifoforgive,10,1571,27,1,2,0.1361,0.50,38646656,15711.6416,1705053
node4.tardis-apia.ldos-ut-pg0.wisc.cloudlab.us,alibabaBlock_33,s3fifoforgive,10,1571,27,1,3,0.1361,0.50,38646656,15711.6416,1705053
node4.tardis-apia.ldos-ut-pg0.wisc.cloudlab.us,alibabaBlock_33,lru,0.1,16,20,1,1,0.2350,2.67,38646656,15711.6416,1705053
node4.tardis-apia.ldos-ut-pg0.wisc.cloudlab.us,alibabaBlock_33,lru,0.1,16,20,1,2,0.2350,2.62,38646656,15711.6416,1705053
node4.tardis-apia.ldos-ut-pg0.wisc.cloudlab.us,alibabaBlock_33,lru,0.1,16,20,1,3,0.2350,2.65,38646656,15711.6416,1705053
node4.tardis-apia.ldos-ut-pg0.wisc.cloudlab.us,alibabaBlock_33,lruforgive,0.1,16,20,1,1,0.2321,0.96,38646656,15711.6416,1705053
node4.tardis-apia.ldos-ut-pg0.wisc.cloudlab.us,alibabaBlock_33,lruforgive,0.1,16,20,1,2,0.2321,0.95,38646656,15711.6416,1705053
node4.tardis-apia.ldos-ut-pg0.wisc.cloudlab.us,alibabaBlock_33,lruforgive,0.1,16,20,1,3,0.2321,0.95,38646656,15711.6416,1705053
node4.tardis-apia.ldos-ut-pg0.wisc.cloudlab.us,alibabaBlock_33,s3fifo,0.1,16,20,1,1,0.2247,2.76,38646656,15711.6416,1705053
node4.tardis-apia.ldos-ut-pg0.wisc.cloudlab.us,alibabaBlock_33,s3fifo,0.1,16,20,1,2,0.2247,2.73,38646656,15711.6416,1705053
node4.tardis-apia.ldos-ut-pg0.wisc.cloudlab.us,alibabaBlock_33,s3fifo,0.1,16,20,1,3,0.2247,2.76,38646656,15711.6416,1705053
node4.tardis-apia.ldos-ut-pg0.wisc.cloudlab.us,alibabaBlock_33,s3fifoforgive,0.1,16,20,1,1,0.2254,1.01,38646656,15711.6416,1705053
node4.tardis-apia.ldos-ut-pg0.wisc.cloudlab.us,alibabaBlock_33,s3fifoforgive,0.1,16,20,1,2,0.2254,1.00,38646656,15711.6416,1705053
node4.tardis-apia.ldos-ut-pg0.wisc.cloudlab.us,alibabaBlock_33,s3fifoforgive,0.1,16,20,1,3,0.2254,0.99,38646656,15711.6416,1705053
node4.tardis-apia.ldos-ut-pg0.wisc.cloudlab.us,alibabaBlock_336,lru,10,1063,26,1,1,0.0503,1.79,57761535,10632.8064,1745844
node4.tardis-apia.ldos-ut-pg0.wisc.cloudlab.us,alibabaBlock_336,lru,10,1063,26,1,2,0.0503,1.79,57761535,10632.8064,1745844
node4.tardis-apia.ldos-ut-pg0.wisc.cloudlab.us,alibabaBlock_336,lru,10,1063,26,1,3,0.0503,1.81,57761535,10632.8064,1745844
node4.tardis-apia.ldos-ut-pg0.wisc.cloudlab.us,alibabaBlock_336,lruforgive,10,1063,26,1,1,0.0502,0.62,57761535,10632.8064,1745844
node4.tardis-apia.ldos-ut-pg0.wisc.cloudlab.us,alibabaBlock_336,lruforgive,10,1063,26,1,2,0.0502,0.62,57761535,10632.8064,1745844
node4.tardis-apia.ldos-ut-pg0.wisc.cloudlab.us,alibabaBlock_336,lruforgive,10,1063,26,1,3,0.0502,0.62,57761535,10632.8064,1745844
node4.tardis-apia.ldos-ut-pg0.wisc.cloudlab.us,alibabaBlock_336,s3fifo,10,1063,26,1,1,0.0589,1.95,57761535,10632.8064,1745844
node4.tardis-apia.ldos-ut-pg0.wisc.cloudlab.us,alibabaBlock_336,s3fifo,10,1063,26,1,2,NA,NA,NA,10632.8064,1745844
node4.tardis-apia.ldos-ut-pg0.wisc.cloudlab.us,alibabaBlock_336,s3fifo,10,1063,26,1,3,NA,NA,NA,10632.8064,1745844
node4.tardis-apia.ldos-ut-pg0.wisc.cloudlab.us,alibabaBlock_336,s3fifoforgive,10,1063,26,1,1,0.0588,0.67,57761535,10632.8064,1745844
node4.tardis-apia.ldos-ut-pg0.wisc.cloudlab.us,alibabaBlock_336,s3fifoforgive,10,1063,26,1,2,NA,NA,NA,10632.8064,1745844
node4.tardis-apia.ldos-ut-pg0.wisc.cloudlab.us,alibabaBlock_336,s3fifoforgive,10,1063,26,1,3,0.0588,0.67,57761535,10632.8064,1745844
node4.tardis-apia.ldos-ut-pg0.wisc.cloudlab.us,alibabaBlock_336,lru,0.1,11,19,1,1,0.1748,3.20,57761535,10632.8064,1745844
node4.tardis-apia.ldos-ut-pg0.wisc.cloudlab.us,alibabaBlock_336,lru,0.1,11,19,1,2,0.1748,3.17,57761535,10632.8064,1745844
node4.tardis-apia.ldos-ut-pg0.wisc.cloudlab.us,alibabaBlock_336,lru,0.1,11,19,1,3,0.1748,3.22,57761535,10632.8064,1745844
node4.tardis-apia.ldos-ut-pg0.wisc.cloudlab.us,alibabaBlock_336,lruforgive,0.1,11,19,1,1,0.1758,0.98,57761535,10632.8064,1745844
node4.tardis-apia.ldos-ut-pg0.wisc.cloudlab.us,alibabaBlock_336,lruforgive,0.1,11,19,1,2,0.1758,0.85,57761535,10632.8064,1745844
node4.tardis-apia.ldos-ut-pg0.wisc.cloudlab.us,alibabaBlock_336,lruforgive,0.1,11,19,1,3,0.1758,0.85,57761535,10632.8064,1745844
node4.tardis-apia.ldos-ut-pg0.wisc.cloudlab.us,alibabaBlock_336,s3fifo,0.1,11,19,1,1,0.1699,3.26,57761535,10632.8064,1745844
node4.tardis-apia.ldos-ut-pg0.wisc.cloudlab.us,alibabaBlock_336,s3fifo,0.1,11,19,1,2,0.1699,3.34,57761535,10632.8064,1745844
node4.tardis-apia.ldos-ut-pg0.wisc.cloudlab.us,alibabaBlock_336,s3fifo,0.1,11,19,1,3,0.1699,3.28,57761535,10632.8064,1745844
node4.tardis-apia.ldos-ut-pg0.wisc.cloudlab.us,alibabaBlock_336,s3fifoforgive,0.1,11,19,1,1,0.1698,0.92,57761535,10632.8064,1745844
node4.tardis-apia.ldos-ut-pg0.wisc.cloudlab.us,alibabaBlock_336,s3fifoforgive,0.1,11,19,1,2,0.1698,0.90,57761535,10632.8064,1745844
node4.tardis-apia.ldos-ut-pg0.wisc.cloudlab.us,alibabaBlock_336,s3fifoforgive,0.1,11,19,1,3,0.1698,0.91,57761535,10632.8064,1745844
node4.tardis-apia.ldos-ut-pg0.wisc.cloudlab.us,alibabaBlock_339,lru,10,752,26,1,1,0.2011,0.85,11804031,7522.9184,1225380
node4.tardis-apia.ldos-ut-pg0.wisc.cloudlab.us,alibabaBlock_339,lru,10,752,26,1,2,0.2011,0.84,11804031,7522.9184,1225380
node4.tardis-apia.ldos-ut-pg0.wisc.cloudlab.us,alibabaBlock_339,lru,10,752,26,1,3,0.2011,0.83,11804031,7522.9184,1225380
node4.tardis-apia.ldos-ut-pg0.wisc.cloudlab.us,alibabaBlock_339,lruforgive,10,752,26,1,1,0.2011,0.41,11804031,7522.9184,1225380
node4.tardis-apia.ldos-ut-pg0.wisc.cloudlab.us,alibabaBlock_339,lruforgive,10,752,26,1,2,0.2011,0.41,11804031,7522.9184,1225380
node4.tardis-apia.ldos-ut-pg0.wisc.cloudlab.us,alibabaBlock_339,lruforgive,10,752,26,1,3,0.2011,0.41,11804031,7522.9184,1225380
node4.tardis-apia.ldos-ut-pg0.wisc.cloudlab.us,alibabaBlock_339,s3fifo,10,752,26,1,1,0.2398,0.92,11804031,7522.9184,1225380
node4.tardis-apia.ldos-ut-pg0.wisc.cloudlab.us,alibabaBlock_339,s3fifo,10,752,26,1,2,0.2398,0.91,11804031,7522.9184,1225380
node4.tardis-apia.ldos-ut-pg0.wisc.cloudlab.us,alibabaBlock_339,s3fifo,10,752,26,1,3,0.2398,0.92,11804031,7522.9184,1225380
node4.tardis-apia.ldos-ut-pg0.wisc.cloudlab.us,alibabaBlock_339,s3fifoforgive,10,752,26,1,1,0.2396,0.46,11804031,7522.9184,1225380
node4.tardis-apia.ldos-ut-pg0.wisc.cloudlab.us,alibabaBlock_339,s3fifoforgive,10,752,26,1,2,0.2396,0.46,11804031,7522.9184,1225380
node4.tardis-apia.ldos-ut-pg0.wisc.cloudlab.us,alibabaBlock_339,s3fifoforgive,10,752,26,1,3,NA,0.48,6879402,7522.9184,1225380
node4.tardis-apia.ldos-ut-pg0.wisc.cloudlab.us,alibabaBlock_339,lru,0.1,8,19,1,1,0.6052,2.12,11804031,7522.9184,1225380
node4.tardis-apia.ldos-ut-pg0.wisc.cloudlab.us,alibabaBlock_339,lru,0.1,8,19,1,2,0.6052,2.06,11804031,7522.9184,1225380
node4.tardis-apia.ldos-ut-pg0.wisc.cloudlab.us,alibabaBlock_339,lru,0.1,8,19,1,3,0.6052,2.06,11804031,7522.9184,1225380
node4.tardis-apia.ldos-ut-pg0.wisc.cloudlab.us,alibabaBlock_339,lruforgive,0.1,8,19,1,1,0.6007,1.16,11804031,7522.9184,1225380
node4.tardis-apia.ldos-ut-pg0.wisc.cloudlab.us,alibabaBlock_339,lruforgive,0.1,8,19,1,2,0.6007,1.16,11804031,7522.9184,1225380
node4.tardis-apia.ldos-ut-pg0.wisc.cloudlab.us,alibabaBlock_339,lruforgive,0.1,8,19,1,3,0.6007,0.99,11804031,7522.9184,1225380
node4.tardis-apia.ldos-ut-pg0.wisc.cloudlab.us,alibabaBlock_339,s3fifo,0.1,8,19,1,1,0.5830,2.07,11804031,7522.9184,1225380
node4.tardis-apia.ldos-ut-pg0.wisc.cloudlab.us,alibabaBlock_339,s3fifo,0.1,8,19,1,2,0.5830,2.03,11804031,7522.9184,1225380
node4.tardis-apia.ldos-ut-pg0.wisc.cloudlab.us,alibabaBlock_339,s3fifo,0.1,8,19,1,3,0.5830,2.05,11804031,7522.9184,1225380
node4.tardis-apia.ldos-ut-pg0.wisc.cloudlab.us,alibabaBlock_339,s3fifoforgive,0.1,8,19,1,1,0.5827,1.06,11804031,7522.9184,1225380
node4.tardis-apia.ldos-ut-pg0.wisc.cloudlab.us,alibabaBlock_339,s3fifoforgive,0.1,8,19,1,2,0.5827,1.06,11804031,7522.9184,1225380
node4.tardis-apia.ldos-ut-pg0.wisc.cloudlab.us,alibabaBlock_339,s3fifoforgive,0.1,8,19,1,3,0.5827,1.06,11804031,7522.9184,1225380
node4.tardis-apia.ldos-ut-pg0.wisc.cloudlab.us,alibabaBlock_34,lru,10,37166,27,1,1,0.1068,0.13,18990538,371663.6672,1650420
node4.tardis-apia.ldos-ut-pg0.wisc.cloudlab.us,alibabaBlock_34,lru,10,37166,27,1,2,0.1068,0.13,18990538,371663.6672,1650420
node4.tardis-apia.ldos-ut-pg0.wisc.cloudlab.us,alibabaBlock_34,lru,10,37166,27,1,3,0.1068,0.13,18990538,371663.6672,1650420
node4.tardis-apia.ldos-ut-pg0.wisc.cloudlab.us,alibabaBlock_34,lruforgive,10,37166,27,1,1,0.1066,0.12,18990538,371663.6672,1650420
node4.tardis-apia.ldos-ut-pg0.wisc.cloudlab.us,alibabaBlock_34,lruforgive,10,37166,27,1,2,0.1066,0.12,18990538,371663.6672,1650420
node4.tardis-apia.ldos-ut-pg0.wisc.cloudlab.us,alibabaBlock_34,lruforgive,10,37166,27,1,3,0.1066,0.12,18990538,371663.6672,1650420
node4.tardis-apia.ldos-ut-pg0.wisc.cloudlab.us,alibabaBlock_34,s3fifo,10,37166,27,1,1,0.1050,0.13,18990538,371663.6672,1650420
node4.tardis-apia.ldos-ut-pg0.wisc.cloudlab.us,alibabaBlock_34,s3fifo,10,37166,27,1,2,0.1050,0.13,18990538,371663.6672,1650420
node4.tardis-apia.ldos-ut-pg0.wisc.cloudlab.us,alibabaBlock_34,s3fifo,10,37166,27,1,3,0.1050,0.13,18990538,371663.6672,1650420
node4.tardis-apia.ldos-ut-pg0.wisc.cloudlab.us,alibabaBlock_34,s3fifoforgive,10,37166,27,1,1,0.1050,0.12,18990538,371663.6672,1650420
node4.tardis-apia.ldos-ut-pg0.wisc.cloudlab.us,alibabaBlock_34,s3fifoforgive,10,37166,27,1,2,0.1050,0.12,18990538,371663.6672,1650420
node4.tardis-apia.ldos-ut-pg0.wisc.cloudlab.us,alibabaBlock_34,s3fifoforgive,10,37166,27,1,3,0.1050,0.12,18990538,371663.6672,1650420
node4.tardis-apia.ldos-ut-pg0.wisc.cloudlab.us,alibabaBlock_34,lru,0.1,372,25,1,1,0.1165,0.18,18990538,371663.6672,1650420
node4.tardis-apia.ldos-ut-pg0.wisc.cloudlab.us,alibabaBlock_34,lru,0.1,372,25,1,2,0.1165,0.17,18990538,371663.6672,1650420
node4.tardis-apia.ldos-ut-pg0.wisc.cloudlab.us,alibabaBlock_34,lru,0.1,372,25,1,3,0.1165,0.17,18990538,371663.6672,1650420
node4.tardis-apia.ldos-ut-pg0.wisc.cloudlab.us,alibabaBlock_34,lruforgive,0.1,372,25,1,1,0.1164,0.15,18990538,371663.6672,1650420
node4.tardis-apia.ldos-ut-pg0.wisc.cloudlab.us,alibabaBlock_34,lruforgive,0.1,372,25,1,2,0.1164,0.15,18990538,371663.6672,1650420
node4.tardis-apia.ldos-ut-pg0.wisc.cloudlab.us,alibabaBlock_34,lruforgive,0.1,372,25,1,3,0.1164,0.15,18990538,371663.6672,1650420
node4.tardis-apia.ldos-ut-pg0.wisc.cloudlab.us,alibabaBlock_34,s3fifo,0.1,372,25,1,1,0.1152,0.17,18990538,371663.6672,1650420
node4.tardis-apia.ldos-ut-pg0.wisc.cloudlab.us,alibabaBlock_34,s3fifo,0.1,372,25,1,2,0.1154,0.18,18990538,371663.6672,1650420
node4.tardis-apia.ldos-ut-pg0.wisc.cloudlab.us,alibabaBlock_34,s3fifo,0.1,372,25,1,3,0.1152,0.17,18990538,371663.6672,1650420
node4.tardis-apia.ldos-ut-pg0.wisc.cloudlab.us,alibabaBlock_34,s3fifoforgive,0.1,372,25,1,1,0.1152,0.16,18990538,371663.6672,1650420
node4.tardis-apia.ldos-ut-pg0.wisc.cloudlab.us,alibabaBlock_34,s3fifoforgive,0.1,372,25,1,2,0.1152,0.16,18990538,371663.6672,1650420
node4.tardis-apia.ldos-ut-pg0.wisc.cloudlab.us,alibabaBlock_34,s3fifoforgive,0.1,372,25,1,3,0.1152,0.16,18990538,371663.6672,1650420
node4.tardis-apia.ldos-ut-pg0.wisc.cloudlab.us,alibabaBlock_345,lru,10,239967,27,1,1,NA_TOOBIG,NA,NA,2399668.4288,6219157
node4.tardis-apia.ldos-ut-pg0.wisc.cloudlab.us,alibabaBlock_345,lru,10,239967,27,1,2,NA_TOOBIG,NA,NA,2399668.4288,6219157
node4.tardis-apia.ldos-ut-pg0.wisc.cloudlab.us,alibabaBlock_345,lru,10,239967,27,1,3,NA_TOOBIG,NA,NA,2399668.4288,6219157
node4.tardis-apia.ldos-ut-pg0.wisc.cloudlab.us,alibabaBlock_345,lruforgive,10,239967,27,1,1,NA_TOOBIG,NA,NA,2399668.4288,6219157
node4.tardis-apia.ldos-ut-pg0.wisc.cloudlab.us,alibabaBlock_345,lruforgive,10,239967,27,1,2,NA_TOOBIG,NA,NA,2399668.4288,6219157
node4.tardis-apia.ldos-ut-pg0.wisc.cloudlab.us,alibabaBlock_345,lruforgive,10,239967,27,1,3,NA_TOOBIG,NA,NA,2399668.4288,6219157
node4.tardis-apia.ldos-ut-pg0.wisc.cloudlab.us,alibabaBlock_345,s3fifo,10,239967,27,1,1,NA_TOOBIG,NA,NA,2399668.4288,6219157
node4.tardis-apia.ldos-ut-pg0.wisc.cloudlab.us,alibabaBlock_345,s3fifo,10,239967,27,1,2,NA_TOOBIG,NA,NA,2399668.4288,6219157
node4.tardis-apia.ldos-ut-pg0.wisc.cloudlab.us,alibabaBlock_345,s3fifo,10,239967,27,1,3,NA_TOOBIG,NA,NA,2399668.4288,6219157
node4.tardis-apia.ldos-ut-pg0.wisc.cloudlab.us,alibabaBlock_345,s3fifoforgive,10,239967,27,1,1,NA_TOOBIG,NA,NA,2399668.4288,6219157
node4.tardis-apia.ldos-ut-pg0.wisc.cloudlab.us,alibabaBlock_345,s3fifoforgive,10,239967,27,1,2,NA_TOOBIG,NA,NA,2399668.4288,6219157
node4.tardis-apia.ldos-ut-pg0.wisc.cloudlab.us,alibabaBlock_345,s3fifoforgive,10,239967,27,1,3,NA_TOOBIG,NA,NA,2399668.4288,6219157
node4.tardis-apia.ldos-ut-pg0.wisc.cloudlab.us,alibabaBlock_345,lru,0.1,2400,27,1,1,0.9616,0.02,14120181,2399668.4288,6219157
node4.tardis-apia.ldos-ut-pg0.wisc.cloudlab.us,alibabaBlock_345,lru,0.1,2400,27,1,2,0.9616,0.02,14120181,2399668.4288,6219157
node4.tardis-apia.ldos-ut-pg0.wisc.cloudlab.us,alibabaBlock_345,lru,0.1,2400,27,1,3,0.9616,0.02,14120181,2399668.4288,6219157
node4.tardis-apia.ldos-ut-pg0.wisc.cloudlab.us,alibabaBlock_345,lruforgive,0.1,2400,27,1,1,0.9606,0.02,14120181,2399668.4288,6219157
node4.tardis-apia.ldos-ut-pg0.wisc.cloudlab.us,alibabaBlock_345,lruforgive,0.1,2400,27,1,2,0.9606,0.02,14120181,2399668.4288,6219157
node4.tardis-apia.ldos-ut-pg0.wisc.cloudlab.us,alibabaBlock_345,lruforgive,0.1,2400,27,1,3,0.9606,0.02,14120181,2399668.4288,6219157
node4.tardis-apia.ldos-ut-pg0.wisc.cloudlab.us,alibabaBlock_345,s3fifo,0.1,2400,27,1,1,0.9581,0.02,14120181,2399668.4288,6219157
node4.tardis-apia.ldos-ut-pg0.wisc.cloudlab.us,alibabaBlock_345,s3fifo,0.1,2400,27,1,2,0.9581,0.02,14120181,2399668.4288,6219157
node4.tardis-apia.ldos-ut-pg0.wisc.cloudlab.us,alibabaBlock_345,s3fifo,0.1,2400,27,1,3,0.9581,0.02,14120181,2399668.4288,6219157
node4.tardis-apia.ldos-ut-pg0.wisc.cloudlab.us,alibabaBlock_345,s3fifoforgive,0.1,2400,27,1,1,0.9581,0.02,14120181,2399668.4288,6219157
node4.tardis-apia.ldos-ut-pg0.wisc.cloudlab.us,alibabaBlock_345,s3fifoforgive,0.1,2400,27,1,2,0.9581,0.02,14120181,2399668.4288,6219157
node4.tardis-apia.ldos-ut-pg0.wisc.cloudlab.us,alibabaBlock_345,s3fifoforgive,0.1,2400,27,1,3,0.9581,0.02,14120181,2399668.4288,6219157
node4.tardis-apia.ldos-ut-pg0.wisc.cloudlab.us,alibabaBlock_348,lru,10,11454,27,1,1,0.1920,0.28,15795233,114541.568,2498233
node4.tardis-apia.ldos-ut-pg0.wisc.cloudlab.us,alibabaBlock_348,lru,10,11454,27,1,2,0.1920,0.28,15795233,114541.568,2498233
node4.tardis-apia.ldos-ut-pg0.wisc.cloudlab.us,alibabaBlock_348,lru,10,11454,27,1,3,0.1920,0.28,15795233,114541.568,2498233
node4.tardis-apia.ldos-ut-pg0.wisc.cloudlab.us,alibabaBlock_348,lruforgive,10,11454,27,1,1,0.1916,0.21,15795233,114541.568,2498233
node4.tardis-apia.ldos-ut-pg0.wisc.cloudlab.us,alibabaBlock_348,lruforgive,10,11454,27,1,2,0.1916,0.22,15795233,114541.568,2498233
node4.tardis-apia.ldos-ut-pg0.wisc.cloudlab.us,alibabaBlock_348,lruforgive,10,11454,27,1,3,0.1916,0.22,15795233,114541.568,2498233
node4.tardis-apia.ldos-ut-pg0.wisc.cloudlab.us,alibabaBlock_348,s3fifo,10,11454,27,1,1,0.1998,0.32,15795233,114541.568,2498233
node4.tardis-apia.ldos-ut-pg0.wisc.cloudlab.us,alibabaBlock_348,s3fifo,10,11454,27,1,2,0.1997,0.31,15795233,114541.568,2498233
node4.tardis-apia.ldos-ut-pg0.wisc.cloudlab.us,alibabaBlock_348,s3fifo,10,11454,27,1,3,0.1997,0.31,15795233,114541.568,2498233
node4.tardis-apia.ldos-ut-pg0.wisc.cloudlab.us,alibabaBlock_348,s3fifoforgive,10,11454,27,1,1,NA,NA,NA,114541.568,2498233
node4.tardis-apia.ldos-ut-pg0.wisc.cloudlab.us,alibabaBlock_348,s3fifoforgive,10,11454,27,1,2,NA,NA,NA,114541.568,2498233
node4.tardis-apia.ldos-ut-pg0.wisc.cloudlab.us,alibabaBlock_348,s3fifoforgive,10,11454,27,1,3,0.1995,0.24,15795233,114541.568,2498233
node4.tardis-apia.ldos-ut-pg0.wisc.cloudlab.us,alibabaBlock_348,lru,0.1,115,23,1,1,0.3195,0.48,15795233,114541.568,2498233
node4.tardis-apia.ldos-ut-pg0.wisc.cloudlab.us,alibabaBlock_348,lru,0.1,115,23,1,2,0.3195,0.48,15795233,114541.568,2498233
node4.tardis-apia.ldos-ut-pg0.wisc.cloudlab.us,alibabaBlock_348,lru,0.1,115,23,1,3,0.3195,0.49,15795233,114541.568,2498233
node4.tardis-apia.ldos-ut-pg0.wisc.cloudlab.us,alibabaBlock_348,lruforgive,0.1,115,23,1,1,0.3194,0.37,15795233,114541.568,2498233
node4.tardis-apia.ldos-ut-pg0.wisc.cloudlab.us,alibabaBlock_348,lruforgive,0.1,115,23,1,2,0.3194,0.37,15795233,114541.568,2498233
node4.tardis-apia.ldos-ut-pg0.wisc.cloudlab.us,alibabaBlock_348,lruforgive,0.1,115,23,1,3,0.3194,0.38,15795233,114541.568,2498233
node4.tardis-apia.ldos-ut-pg0.wisc.cloudlab.us,alibabaBlock_348,s3fifo,0.1,115,23,1,1,0.3419,0.90,15795233,114541.568,2498233
node4.tardis-apia.ldos-ut-pg0.wisc.cloudlab.us,alibabaBlock_348,s3fifo,0.1,115,23,1,2,0.3419,0.85,15795233,114541.568,2498233
node4.tardis-apia.ldos-ut-pg0.wisc.cloudlab.us,alibabaBlock_348,s3fifo,0.1,115,23,1,3,0.3419,0.85,15795233,114541.568,2498233
node4.tardis-apia.ldos-ut-pg0.wisc.cloudlab.us,alibabaBlock_348,s3fifoforgive,0.1,115,23,1,1,0.3419,0.54,15795233,114541.568,2498233
node4.tardis-apia.ldos-ut-pg0.wisc.cloudlab.us,alibabaBlock_348,s3fifoforgive,0.1,115,23,1,2,0.3419,0.54,15795233,114541.568,2498233
node4.tardis-apia.ldos-ut-pg0.wisc.cloudlab.us,alibabaBlock_348,s3fifoforgive,0.1,115,23,1,3,0.3419,0.54,15795233,114541.568,2498233
node4.tardis-apia.ldos-ut-pg0.wisc.cloudlab.us,alibabaBlock_35,lru,10,36456,27,1,1,0.7368,0.14,14612618,364559.4624,8774086
node4.tardis-apia.ldos-ut-pg0.wisc.cloudlab.us,alibabaBlock_35,lru,10,36456,27,1,2,0.7368,0.13,14612618,364559.4624,8774086
node4.tardis-apia.ldos-ut-pg0.wisc.cloudlab.us,alibabaBlock_35,lru,10,36456,27,1,3,0.7368,0.13,14612618,364559.4624,8774086
node4.tardis-apia.ldos-ut-pg0.wisc.cloudlab.us,alibabaBlock_35,lruforgive,10,36456,27,1,1,0.7364,0.13,14612618,364559.4624,8774086
node4.tardis-apia.ldos-ut-pg0.wisc.cloudlab.us,alibabaBlock_35,lruforgive,10,36456,27,1,2,0.7364,0.13,14612618,364559.4624,8774086
node4.tardis-apia.ldos-ut-pg0.wisc.cloudlab.us,alibabaBlock_35,lruforgive,10,36456,27,1,3,0.7364,0.13,14612618,364559.4624,8774086
node4.tardis-apia.ldos-ut-pg0.wisc.cloudlab.us,alibabaBlock_35,s3fifo,10,36456,27,1,1,NA,NA,NA,364559.4624,8774086
node4.tardis-apia.ldos-ut-pg0.wisc.cloudlab.us,alibabaBlock_35,s3fifo,10,36456,27,1,2,NA,NA,NA,364559.4624,8774086
node4.tardis-apia.ldos-ut-pg0.wisc.cloudlab.us,alibabaBlock_35,s3fifo,10,36456,27,1,3,NA,NA,NA,364559.4624,8774086
node4.tardis-apia.ldos-ut-pg0.wisc.cloudlab.us,alibabaBlock_35,s3fifoforgive,10,36456,27,1,1,NA,NA,NA,364559.4624,8774086
node4.tardis-apia.ldos-ut-pg0.wisc.cloudlab.us,alibabaBlock_35,s3fifoforgive,10,36456,27,1,2,NA,NA,NA,364559.4624,8774086
node4.tardis-apia.ldos-ut-pg0.wisc.cloudlab.us,alibabaBlock_35,s3fifoforgive,10,36456,27,1,3,NA,NA,NA,364559.4624,8774086
node4.tardis-apia.ldos-ut-pg0.wisc.cloudlab.us,alibabaBlock_35,lru,0.1,365,25,1,1,0.8192,0.22,14612618,364559.4624,8774086
node4.tardis-apia.ldos-ut-pg0.wisc.cloudlab.us,alibabaBlock_35,lru,0.1,365,25,1,2,0.8192,0.21,14612618,364559.4624,8774086
node4.tardis-apia.ldos-ut-pg0.wisc.cloudlab.us,alibabaBlock_35,lru,0.1,365,25,1,3,0.8192,0.21,14612618,364559.4624,8774086
node4.tardis-apia.ldos-ut-pg0.wisc.cloudlab.us,alibabaBlock_35,lruforgive,0.1,365,25,1,1,0.8191,0.20,14612618,364559.4624,8774086
node4.tardis-apia.ldos-ut-pg0.wisc.cloudlab.us,alibabaBlock_35,lruforgive,0.1,365,25,1,2,0.8191,0.20,14612618,364559.4624,8774086
node4.tardis-apia.ldos-ut-pg0.wisc.cloudlab.us,alibabaBlock_35,lruforgive,0.1,365,25,1,3,0.8191,0.20,14612618,364559.4624,8774086
node4.tardis-apia.ldos-ut-pg0.wisc.cloudlab.us,alibabaBlock_35,s3fifo,0.1,365,25,1,1,0.8216,0.23,14612618,364559.4624,8774086
node4.tardis-apia.ldos-ut-pg0.wisc.cloudlab.us,alibabaBlock_35,s3fifo,0.1,365,25,1,2,0.8216,0.22,14612618,364559.4624,8774086
node4.tardis-apia.ldos-ut-pg0.wisc.cloudlab.us,alibabaBlock_35,s3fifo,0.1,365,25,1,3,0.8214,0.22,14612618,364559.4624,8774086
node4.tardis-apia.ldos-ut-pg0.wisc.cloudlab.us,alibabaBlock_35,s3fifoforgive,0.1,365,25,1,1,0.8215,0.21,14612618,364559.4624,8774086
node4.tardis-apia.ldos-ut-pg0.wisc.cloudlab.us,alibabaBlock_35,s3fifoforgive,0.1,365,25,1,2,0.8215,0.21,14612618,364559.4624,8774086
node4.tardis-apia.ldos-ut-pg0.wisc.cloudlab.us,alibabaBlock_35,s3fifoforgive,0.1,365,25,1,3,0.8215,0.21,14612618,364559.4624,8774086
node4.tardis-apia.ldos-ut-pg0.wisc.cloudlab.us,alibabaBlock_354,lru,10,5032,27,1,1,0.1738,0.68,24488852,50317.312,3581512
node4.tardis-apia.ldos-ut-pg0.wisc.cloudlab.us,alibabaBlock_354,lru,10,5032,27,1,2,0.1738,0.66,24488852,50317.312,3581512
node4.tardis-apia.ldos-ut-pg0.wisc.cloudlab.us,alibabaBlock_354,lru,10,5032,27,1,3,0.1738,0.67,24488852,50317.312,3581512
node4.tardis-apia.ldos-ut-pg0.wisc.cloudlab.us,alibabaBlock_354,lruforgive,10,5032,27,1,1,0.1737,0.37,24488852,50317.312,3581512
node4.tardis-apia.ldos-ut-pg0.wisc.cloudlab.us,alibabaBlock_354,lruforgive,10,5032,27,1,2,0.1737,0.36,24488852,50317.312,3581512
node4.tardis-apia.ldos-ut-pg0.wisc.cloudlab.us,alibabaBlock_354,lruforgive,10,5032,27,1,3,0.1737,0.36,24488852,50317.312,3581512
node4.tardis-apia.ldos-ut-pg0.wisc.cloudlab.us,alibabaBlock_354,s3fifo,10,5032,27,1,1,NA,NA,NA,50317.312,3581512
node4.tardis-apia.ldos-ut-pg0.wisc.cloudlab.us,alibabaBlock_354,s3fifo,10,5032,27,1,2,NA,NA,NA,50317.312,3581512
node4.tardis-apia.ldos-ut-pg0.wisc.cloudlab.us,alibabaBlock_354,s3fifo,10,5032,27,1,3,NA,NA,NA,50317.312,3581512
node4.tardis-apia.ldos-ut-pg0.wisc.cloudlab.us,alibabaBlock_354,s3fifoforgive,10,5032,27,1,1,NA,NA,14321104,50317.312,3581512
node4.tardis-apia.ldos-ut-pg0.wisc.cloudlab.us,alibabaBlock_354,s3fifoforgive,10,5032,27,1,2,NA,NA,14321104,50317.312,3581512
node4.tardis-apia.ldos-ut-pg0.wisc.cloudlab.us,alibabaBlock_354,s3fifoforgive,10,5032,27,1,3,NA,NA,14321104,50317.312,3581512
node4.tardis-apia.ldos-ut-pg0.wisc.cloudlab.us,alibabaBlock_354,lru,0.1,50,22,1,1,0.3969,1.35,24488852,50317.312,3581512
node4.tardis-apia.ldos-ut-pg0.wisc.cloudlab.us,alibabaBlock_354,lru,0.1,50,22,1,2,0.3969,1.30,24488852,50317.312,3581512
node4.tardis-apia.ldos-ut-pg0.wisc.cloudlab.us,alibabaBlock_354,lru,0.1,50,22,1,3,0.3969,1.30,24488852,50317.312,3581512
node4.tardis-apia.ldos-ut-pg0.wisc.cloudlab.us,alibabaBlock_354,lruforgive,0.1,50,22,1,1,0.3681,0.54,24488852,50317.312,3581512
node4.tardis-apia.ldos-ut-pg0.wisc.cloudlab.us,alibabaBlock_354,lruforgive,0.1,50,22,1,2,0.3681,0.54,24488852,50317.312,3581512
node4.tardis-apia.ldos-ut-pg0.wisc.cloudlab.us,alibabaBlock_354,lruforgive,0.1,50,22,1,3,0.3681,0.53,24488852,50317.312,3581512
node4.tardis-apia.ldos-ut-pg0.wisc.cloudlab.us,alibabaBlock_354,s3fifo,0.1,50,22,1,1,0.3799,1.58,24488852,50317.312,3581512
node4.tardis-apia.ldos-ut-pg0.wisc.cloudlab.us,alibabaBlock_354,s3fifo,0.1,50,22,1,2,0.3799,1.57,24488852,50317.312,3581512
node4.tardis-apia.ldos-ut-pg0.wisc.cloudlab.us,alibabaBlock_354,s3fifo,0.1,50,22,1,3,0.3799,1.64,24488852,50317.312,3581512
node4.tardis-apia.ldos-ut-pg0.wisc.cloudlab.us,alibabaBlock_354,s3fifoforgive,0.1,50,22,1,1,0.3788,0.82,24488852,50317.312,3581512
node4.tardis-apia.ldos-ut-pg0.wisc.cloudlab.us,alibabaBlock_354,s3fifoforgive,0.1,50,22,1,2,0.3788,0.80,24488852,50317.312,3581512
node4.tardis-apia.ldos-ut-pg0.wisc.cloudlab.us,alibabaBlock_354,s3fifoforgive,0.1,50,22,1,3,0.3788,0.80,24488852,50317.312,3581512
node4.tardis-apia.ldos-ut-pg0.wisc.cloudlab.us,alibabaBlock_358,lru,10,1744,27,1,1,0.1775,0.69,15441542,17435.9552,1235964
node4.tardis-apia.ldos-ut-pg0.wisc.cloudlab.us,alibabaBlock_358,lru,10,1744,27,1,2,0.1775,0.70,15441542,17435.9552,1235964
node4.tardis-apia.ldos-ut-pg0.wisc.cloudlab.us,alibabaBlock_358,lru,10,1744,27,1,3,0.1775,0.69,15441542,17435.9552,1235964
node4.tardis-apia.ldos-ut-pg0.wisc.cloudlab.us,alibabaBlock_358,lruforgive,10,1744,27,1,1,0.1763,0.43,15441542,17435.9552,1235964
node4.tardis-apia.ldos-ut-pg0.wisc.cloudlab.us,alibabaBlock_358,lruforgive,10,1744,27,1,2,0.1763,0.43,15441542,17435.9552,1235964
node4.tardis-apia.ldos-ut-pg0.wisc.cloudlab.us,alibabaBlock_358,lruforgive,10,1744,27,1,3,0.1763,0.43,15441542,17435.9552,1235964
node4.tardis-apia.ldos-ut-pg0.wisc.cloudlab.us,alibabaBlock_358,s3fifo,10,1744,27,1,1,NA,NA,NA,17435.9552,1235964
node4.tardis-apia.ldos-ut-pg0.wisc.cloudlab.us,alibabaBlock_358,s3fifo,10,1744,27,1,2,NA,NA,NA,17435.9552,1235964
node4.tardis-apia.ldos-ut-pg0.wisc.cloudlab.us,alibabaBlock_358,s3fifo,10,1744,27,1,3,NA,NA,NA,17435.9552,1235964
node4.tardis-apia.ldos-ut-pg0.wisc.cloudlab.us,alibabaBlock_358,s3fifoforgive,10,1744,27,1,1,0.1635,0.48,15441542,17435.9552,1235964
node4.tardis-apia.ldos-ut-pg0.wisc.cloudlab.us,alibabaBlock_358,s3fifoforgive,10,1744,27,1,2,0.1633,0.47,15441542,17435.9552,1235964
node4.tardis-apia.ldos-ut-pg0.wisc.cloudlab.us,alibabaBlock_358,s3fifoforgive,10,1744,27,1,3,0.1635,0.48,15441542,17435.9552,1235964
node4.tardis-apia.ldos-ut-pg0.wisc.cloudlab.us,alibabaBlock_358,lru,0.1,17,20,1,1,0.4971,3.14,15441542,17435.9552,1235964
node4.tardis-apia.ldos-ut-pg0.wisc.cloudlab.us,alibabaBlock_358,lru,0.1,17,20,1,2,0.4971,3.06,15441542,17435.9552,1235964
node4.tardis-apia.ldos-ut-pg0.wisc.cloudlab.us,alibabaBlock_358,lru,0.1,17,20,1,3,0.4971,3.04,15441542,17435.9552,1235964
node4.tardis-apia.ldos-ut-pg0.wisc.cloudlab.us,alibabaBlock_358,lruforgive,0.1,17,20,1,1,0.4952,1.46,15441542,17435.9552,1235964
node4.tardis-apia.ldos-ut-pg0.wisc.cloudlab.us,alibabaBlock_358,lruforgive,0.1,17,20,1,2,0.4952,1.46,15441542,17435.9552,1235964
node4.tardis-apia.ldos-ut-pg0.wisc.cloudlab.us,alibabaBlock_358,lruforgive,0.1,17,20,1,3,0.4952,1.46,15441542,17435.9552,1235964
node4.tardis-apia.ldos-ut-pg0.wisc.cloudlab.us,alibabaBlock_358,s3fifo,0.1,17,20,1,1,0.4946,3.42,15441542,17435.9552,1235964
node4.tardis-apia.ldos-ut-pg0.wisc.cloudlab.us,alibabaBlock_358,s3fifo,0.1,17,20,1,2,0.4946,3.36,15441542,17435.9552,1235964
node4.tardis-apia.ldos-ut-pg0.wisc.cloudlab.us,alibabaBlock_358,s3fifo,0.1,17,20,1,3,0.4946,3.45,15441542,17435.9552,1235964
node4.tardis-apia.ldos-ut-pg0.wisc.cloudlab.us,alibabaBlock_358,s3fifoforgive,0.1,17,20,1,1,0.4937,1.61,15441542,17435.9552,1235964
node4.tardis-apia.ldos-ut-pg0.wisc.cloudlab.us,alibabaBlock_358,s3fifoforgive,0.1,17,20,1,2,0.4937,1.59,15441542,17435.9552,1235964
node4.tardis-apia.ldos-ut-pg0.wisc.cloudlab.us,alibabaBlock_358,s3fifoforgive,0.1,17,20,1,3,0.4937,1.61,15441542,17435.9552,1235964
node4.tardis-apia.ldos-ut-pg0.wisc.cloudlab.us,alibabaBlock_36,lru,10,36771,27,1,1,0.7346,0.13,14443388,367706.4192,8687110
node4.tardis-apia.ldos-ut-pg0.wisc.cloudlab.us,alibabaBlock_36,lru,10,36771,27,1,2,0.7346,0.13,14443388,367706.4192,8687110
node4.tardis-apia.ldos-ut-pg0.wisc.cloudlab.us,alibabaBlock_36,lru,10,36771,27,1,3,0.7346,0.13,14443388,367706.4192,8687110
node4.tardis-apia.ldos-ut-pg0.wisc.cloudlab.us,alibabaBlock_36,lruforgive,10,36771,27,1,1,0.7342,0.13,14443388,367706.4192,8687110
node4.tardis-apia.ldos-ut-pg0.wisc.cloudlab.us,alibabaBlock_36,lruforgive,10,36771,27,1,2,0.7342,0.13,14443388,367706.4192,8687110
node4.tardis-apia.ldos-ut-pg0.wisc.cloudlab.us,alibabaBlock_36,lruforgive,10,36771,27,1,3,0.7342,0.13,14443388,367706.4192,8687110
node4.tardis-apia.ldos-ut-pg0.wisc.cloudlab.us,alibabaBlock_36,s3fifo,10,36771,27,1,1,0.7351,0.13,14443388,367706.4192,8687110
node4.tardis-apia.ldos-ut-pg0.wisc.cloudlab.us,alibabaBlock_36,s3fifo,10,36771,27,1,2,NA,NA,NA,367706.4192,8687110
node4.tardis-apia.ldos-ut-pg0.wisc.cloudlab.us,alibabaBlock_36,s3fifo,10,36771,27,1,3,0.7351,0.13,14443388,367706.4192,8687110
node4.tardis-apia.ldos-ut-pg0.wisc.cloudlab.us,alibabaBlock_36,s3fifoforgive,10,36771,27,1,1,NA,NA,NA,367706.4192,8687110
node4.tardis-apia.ldos-ut-pg0.wisc.cloudlab.us,alibabaBlock_36,s3fifoforgive,10,36771,27,1,2,0.7351,0.13,14443388,367706.4192,8687110
node4.tardis-apia.ldos-ut-pg0.wisc.cloudlab.us,alibabaBlock_36,s3fifoforgive,10,36771,27,1,3,NA,NA,NA,367706.4192,8687110
node4.tardis-apia.ldos-ut-pg0.wisc.cloudlab.us,alibabaBlock_36,lru,0.1,368,25,1,1,0.8176,0.21,14443388,367706.4192,8687110
node4.tardis-apia.ldos-ut-pg0.wisc.cloudlab.us,alibabaBlock_36,lru,0.1,368,25,1,2,0.8176,0.21,14443388,367706.4192,8687110
node4.tardis-apia.ldos-ut-pg0.wisc.cloudlab.us,alibabaBlock_36,lru,0.1,368,25,1,3,0.8176,0.21,14443388,367706.4192,8687110
node4.tardis-apia.ldos-ut-pg0.wisc.cloudlab.us,alibabaBlock_36,lruforgive,0.1,368,25,1,1,0.8174,0.20,14443388,367706.4192,8687110
node4.tardis-apia.ldos-ut-pg0.wisc.cloudlab.us,alibabaBlock_36,lruforgive,0.1,368,25,1,2,0.8174,0.19,14443388,367706.4192,8687110
node4.tardis-apia.ldos-ut-pg0.wisc.cloudlab.us,alibabaBlock_36,lruforgive,0.1,368,25,1,3,0.8174,0.20,14443388,367706.4192,8687110
node4.tardis-apia.ldos-ut-pg0.wisc.cloudlab.us,alibabaBlock_36,s3fifo,0.1,368,25,1,1,NA,NA,NA,367706.4192,8687110
node4.tardis-apia.ldos-ut-pg0.wisc.cloudlab.us,alibabaBlock_36,s3fifo,0.1,368,25,1,2,NA,NA,NA,367706.4192,8687110
node4.tardis-apia.ldos-ut-pg0.wisc.cloudlab.us,alibabaBlock_36,s3fifo,0.1,368,25,1,3,NA,NA,NA,367706.4192,8687110
node4.tardis-apia.ldos-ut-pg0.wisc.cloudlab.us,alibabaBlock_36,s3fifoforgive,0.1,368,25,1,1,0.8299,0.20,8703591,367706.4192,8687110
node4.tardis-apia.ldos-ut-pg0.wisc.cloudlab.us,alibabaBlock_36,s3fifoforgive,0.1,368,25,1,2,0.8299,0.20,8703591,367706.4192,8687110
node4.tardis-apia.ldos-ut-pg0.wisc.cloudlab.us,alibabaBlock_36,s3fifoforgive,0.1,368,25,1,3,0.8299,0.20,8703591,367706.4192,8687110
node4.tardis-apia.ldos-ut-pg0.wisc.cloudlab.us,alibabaBlock_361,lru,10,2730,27,1,1,0.1356,0.70,15952691,27299.6352,1770940
node4.tardis-apia.ldos-ut-pg0.wisc.cloudlab.us,alibabaBlock_361,lru,10,2730,27,1,2,0.1356,0.69,15952691,27299.6352,1770940
node4.tardis-apia.ldos-ut-pg0.wisc.cloudlab.us,alibabaBlock_361,lru,10,2730,27,1,3,0.1356,0.69,15952691,27299.6352,1770940
node4.tardis-apia.ldos-ut-pg0.wisc.cloudlab.us,alibabaBlock_361,lruforgive,10,2730,27,1,1,0.1352,0.36,15952691,27299.6352,1770940
node4.tardis-apia.ldos-ut-pg0.wisc.cloudlab.us,alibabaBlock_361,lruforgive,10,2730,27,1,2,0.1352,0.36,15952691,27299.6352,1770940
node4.tardis-apia.ldos-ut-pg0.wisc.cloudlab.us,alibabaBlock_361,lruforgive,10,2730,27,1,3,0.1352,0.36,15952691,27299.6352,1770940
node4.tardis-apia.ldos-ut-pg0.wisc.cloudlab.us,alibabaBlock_361,s3fifo,10,2730,27,1,1,0.1585,0.76,15952691,27299.6352,1770940
node4.tardis-apia.ldos-ut-pg0.wisc.cloudlab.us,alibabaBlock_361,s3fifo,10,2730,27,1,2,NA,NA,NA,27299.6352,1770940
node4.tardis-apia.ldos-ut-pg0.wisc.cloudlab.us,alibabaBlock_361,s3fifo,10,2730,27,1,3,NA,NA,NA,27299.6352,1770940
node4.tardis-apia.ldos-ut-pg0.wisc.cloudlab.us,alibabaBlock_361,s3fifoforgive,10,2730,27,1,1,NA,NA,9259859,27299.6352,1770940
node4.tardis-apia.ldos-ut-pg0.wisc.cloudlab.us,alibabaBlock_361,s3fifoforgive,10,2730,27,1,2,0.1583,0.41,15952691,27299.6352,1770940
node4.tardis-apia.ldos-ut-pg0.wisc.cloudlab.us,alibabaBlock_361,s3fifoforgive,10,2730,27,1,3,NA,NA,9259859,27299.6352,1770940
node4.tardis-apia.ldos-ut-pg0.wisc.cloudlab.us,alibabaBlock_361,lru,0.1,27,21,1,1,0.4678,1.78,15952691,27299.6352,1770940
node4.tardis-apia.ldos-ut-pg0.wisc.cloudlab.us,alibabaBlock_361,lru,0.1,27,21,1,2,0.4678,1.72,15952691,27299.6352,1770940
node4.tardis-apia.ldos-ut-pg0.wisc.cloudlab.us,alibabaBlock_361,lru,0.1,27,21,1,3,0.4678,1.76,15952691,27299.6352,1770940
node4.tardis-apia.ldos-ut-pg0.wisc.cloudlab.us,alibabaBlock_361,lruforgive,0.1,27,21,1,1,0.4109,0.49,15952691,27299.6352,1770940
node4.tardis-apia.ldos-ut-pg0.wisc.cloudlab.us,alibabaBlock_361,lruforgive,0.1,27,21,1,2,0.4109,0.48,15952691,27299.6352,1770940
node4.tardis-apia.ldos-ut-pg0.wisc.cloudlab.us,alibabaBlock_361,lruforgive,0.1,27,21,1,3,0.4109,0.49,15952691,27299.6352,1770940
node4.tardis-apia.ldos-ut-pg0.wisc.cloudlab.us,alibabaBlock_361,s3fifo,0.1,27,21,1,1,0.4121,1.91,15952691,27299.6352,1770940
node4.tardis-apia.ldos-ut-pg0.wisc.cloudlab.us,alibabaBlock_361,s3fifo,0.1,27,21,1,2,0.4121,1.87,15952691,27299.6352,1770940
node4.tardis-apia.ldos-ut-pg0.wisc.cloudlab.us,alibabaBlock_361,s3fifo,0.1,27,21,1,3,0.4121,1.88,15952691,27299.6352,1770940
node4.tardis-apia.ldos-ut-pg0.wisc.cloudlab.us,alibabaBlock_361,s3fifoforgive,0.1,27,21,1,1,0.4016,0.89,15952691,27299.6352,1770940
node4.tardis-apia.ldos-ut-pg0.wisc.cloudlab.us,alibabaBlock_361,s3fifoforgive,0.1,27,21,1,2,0.4015,0.86,15952691,27299.6352,1770940
node4.tardis-apia.ldos-ut-pg0.wisc.cloudlab.us,alibabaBlock_361,s3fifoforgive,0.1,27,21,1,3,0.4015,0.86,15952691,27299.6352,1770940
node4.tardis-apia.ldos-ut-pg0.wisc.cloudlab.us,alibabaBlock_363,lru,10,38578,27,1,1,0.7329,0.05,6500608,385780.224,3887406
node4.tardis-apia.ldos-ut-pg0.wisc.cloudlab.us,alibabaBlock_363,lru,10,38578,27,1,2,0.7329,0.05,6500608,385780.224,3887406
node4.tardis-apia.ldos-ut-pg0.wisc.cloudlab.us,alibabaBlock_363,lru,10,38578,27,1,3,0.7329,0.05,6500608,385780.224,3887406
node4.tardis-apia.ldos-ut-pg0.wisc.cloudlab.us,alibabaBlock_363,lruforgive,10,38578,27,1,1,0.7325,0.05,6500608,385780.224,3887406
node4.tardis-apia.ldos-ut-pg0.wisc.cloudlab.us,alibabaBlock_363,lruforgive,10,38578,27,1,2,0.7325,0.05,6500608,385780.224,3887406
node4.tardis-apia.ldos-ut-pg0.wisc.cloudlab.us,alibabaBlock_363,lruforgive,10,38578,27,1,3,0.7325,0.05,6500608,385780.224,3887406
node4.tardis-apia.ldos-ut-pg0.wisc.cloudlab.us,alibabaBlock_363,s3fifo,10,38578,27,1,1,NA,NA,NA,385780.224,3887406
node4.tardis-apia.ldos-ut-pg0.wisc.cloudlab.us,alibabaBlock_363,s3fifo,10,38578,27,1,2,0.7227,0.06,6500608,385780.224,3887406
node4.tardis-apia.ldos-ut-pg0.wisc.cloudlab.us,alibabaBlock_363,s3fifo,10,38578,27,1,3,NA,NA,NA,385780.224,3887406
node4.tardis-apia.ldos-ut-pg0.wisc.cloudlab.us,alibabaBlock_363,s3fifoforgive,10,38578,27,1,1,0.7227,0.06,6500608,385780.224,3887406
node4.tardis-apia.ldos-ut-pg0.wisc.cloudlab.us,alibabaBlock_363,s3fifoforgive,10,38578,27,1,2,0.7227,0.06,6500608,385780.224,3887406
node4.tardis-apia.ldos-ut-pg0.wisc.cloudlab.us,alibabaBlock_363,s3fifoforgive,10,38578,27,1,3,0.7227,0.06,6500608,385780.224,3887406
node4.tardis-apia.ldos-ut-pg0.wisc.cloudlab.us,alibabaBlock_363,lru,0.1,386,25,1,1,0.9159,0.07,6500608,385780.224,3887406
node4.tardis-apia.ldos-ut-pg0.wisc.cloudlab.us,alibabaBlock_363,lru,0.1,386,25,1,2,0.9159,0.07,6500608,385780.224,3887406
node4.tardis-apia.ldos-ut-pg0.wisc.cloudlab.us,alibabaBlock_363,lru,0.1,386,25,1,3,0.9159,0.07,6500608,385780.224,3887406
node4.tardis-apia.ldos-ut-pg0.wisc.cloudlab.us,alibabaBlock_363,lruforgive,0.1,386,25,1,1,0.9152,0.07,6500608,385780.224,3887406
node4.tardis-apia.ldos-ut-pg0.wisc.cloudlab.us,alibabaBlock_363,lruforgive,0.1,386,25,1,2,0.9152,0.07,6500608,385780.224,3887406
node4.tardis-apia.ldos-ut-pg0.wisc.cloudlab.us,alibabaBlock_363,lruforgive,0.1,386,25,1,3,0.9152,0.07,6500608,385780.224,3887406
node4.tardis-apia.ldos-ut-pg0.wisc.cloudlab.us,alibabaBlock_363,s3fifo,0.1,386,25,1,1,0.9130,0.07,6500608,385780.224,3887406
node4.tardis-apia.ldos-ut-pg0.wisc.cloudlab.us,alibabaBlock_363,s3fifo,0.1,386,25,1,2,0.9130,0.07,6500608,385780.224,3887406
node4.tardis-apia.ldos-ut-pg0.wisc.cloudlab.us,alibabaBlock_363,s3fifo,0.1,386,25,1,3,0.9130,0.07,6500608,385780.224,3887406
node4.tardis-apia.ldos-ut-pg0.wisc.cloudlab.us,alibabaBlock_363,s3fifoforgive,0.1,386,25,1,1,0.9129,0.07,6500608,385780.224,3887406
node4.tardis-apia.ldos-ut-pg0.wisc.cloudlab.us,alibabaBlock_363,s3fifoforgive,0.1,386,25,1,2,0.9129,0.07,6500608,385780.224,3887406
node4.tardis-apia.ldos-ut-pg0.wisc.cloudlab.us,alibabaBlock_363,s3fifoforgive,0.1,386,25,1,3,0.9129,0.07,6500608,385780.224,3887406
node4.tardis-apia.ldos-ut-pg0.wisc.cloudlab.us,alibabaBlock_369,lru,10,170584,27,1,1,NA_TOOBIG,NA,NA,1705835.6224,4596604
node4.tardis-apia.ldos-ut-pg0.wisc.cloudlab.us,alibabaBlock_369,lru,10,170584,27,1,2,NA_TOOBIG,NA,NA,1705835.6224,4596604
node4.tardis-apia.ldos-ut-pg0.wisc.cloudlab.us,alibabaBlock_369,lru,10,170584,27,1,3,NA_TOOBIG,NA,NA,1705835.6224,4596604
node4.tardis-apia.ldos-ut-pg0.wisc.cloudlab.us,alibabaBlock_369,lruforgive,10,170584,27,1,1,NA_TOOBIG,NA,NA,1705835.6224,4596604
node4.tardis-apia.ldos-ut-pg0.wisc.cloudlab.us,alibabaBlock_369,lruforgive,10,170584,27,1,2,NA_TOOBIG,NA,NA,1705835.6224,4596604
node4.tardis-apia.ldos-ut-pg0.wisc.cloudlab.us,alibabaBlock_369,lruforgive,10,170584,27,1,3,NA_TOOBIG,NA,NA,1705835.6224,4596604
node4.tardis-apia.ldos-ut-pg0.wisc.cloudlab.us,alibabaBlock_369,s3fifo,10,170584,27,1,1,NA_TOOBIG,NA,NA,1705835.6224,4596604
node4.tardis-apia.ldos-ut-pg0.wisc.cloudlab.us,alibabaBlock_369,s3fifo,10,170584,27,1,2,NA_TOOBIG,NA,NA,1705835.6224,4596604
node4.tardis-apia.ldos-ut-pg0.wisc.cloudlab.us,alibabaBlock_369,s3fifo,10,170584,27,1,3,NA_TOOBIG,NA,NA,1705835.6224,4596604
node4.tardis-apia.ldos-ut-pg0.wisc.cloudlab.us,alibabaBlock_369,s3fifoforgive,10,170584,27,1,1,NA_TOOBIG,NA,NA,1705835.6224,4596604
node4.tardis-apia.ldos-ut-pg0.wisc.cloudlab.us,alibabaBlock_369,s3fifoforgive,10,170584,27,1,2,NA_TOOBIG,NA,NA,1705835.6224,4596604
node4.tardis-apia.ldos-ut-pg0.wisc.cloudlab.us,alibabaBlock_369,s3fifoforgive,10,170584,27,1,3,NA_TOOBIG,NA,NA,1705835.6224,4596604
node4.tardis-apia.ldos-ut-pg0.wisc.cloudlab.us,alibabaBlock_369,lru,0.1,1706,27,1,1,0.7371,0.08,21117987,1705835.6224,4596604
node4.tardis-apia.ldos-ut-pg0.wisc.cloudlab.us,alibabaBlock_369,lru,0.1,1706,27,1,2,0.7371,0.07,21117987,1705835.6224,4596604
node4.tardis-apia.ldos-ut-pg0.wisc.cloudlab.us,alibabaBlock_369,lru,0.1,1706,27,1,3,0.7371,0.08,21117987,1705835.6224,4596604
node4.tardis-apia.ldos-ut-pg0.wisc.cloudlab.us,alibabaBlock_369,lruforgive,0.1,1706,27,1,1,0.7307,0.07,21117987,1705835.6224,4596604
node4.tardis-apia.ldos-ut-pg0.wisc.cloudlab.us,alibabaBlock_369,lruforgive,0.1,1706,27,1,2,0.7307,0.07,21117987,1705835.6224,4596604
node4.tardis-apia.ldos-ut-pg0.wisc.cloudlab.us,alibabaBlock_369,lruforgive,0.1,1706,27,1,3,0.7307,0.07,21117987,1705835.6224,4596604
node4.tardis-apia.ldos-ut-pg0.wisc.cloudlab.us,alibabaBlock_369,s3fifo,0.1,1706,27,1,1,0.6292,0.07,21117987,1705835.6224,4596604
node4.tardis-apia.ldos-ut-pg0.wisc.cloudlab.us,alibabaBlock_369,s3fifo,0.1,1706,27,1,2,0.6299,0.07,21117987,1705835.6224,4596604
node4.tardis-apia.ldos-ut-pg0.wisc.cloudlab.us,alibabaBlock_369,s3fifo,0.1,1706,27,1,3,0.6296,0.07,21117987,1705835.6224,4596604
node4.tardis-apia.ldos-ut-pg0.wisc.cloudlab.us,alibabaBlock_369,s3fifoforgive,0.1,1706,27,1,1,0.6291,0.07,21117987,1705835.6224,4596604
node4.tardis-apia.ldos-ut-pg0.wisc.cloudlab.us,alibabaBlock_369,s3fifoforgive,0.1,1706,27,1,2,0.6292,0.07,21117987,1705835.6224,4596604
node4.tardis-apia.ldos-ut-pg0.wisc.cloudlab.us,alibabaBlock_369,s3fifoforgive,0.1,1706,27,1,3,0.6293,0.07,21117987,1705835.6224,4596604
node4.tardis-apia.ldos-ut-pg0.wisc.cloudlab.us,alibabaBlock_37,lru,10,30722,27,1,1,0.1867,0.17,20217232,307215.872,3007199
node4.tardis-apia.ldos-ut-pg0.wisc.cloudlab.us,alibabaBlock_37,lru,10,30722,27,1,2,0.1867,0.17,20217232,307215.872,3007199
node4.tardis-apia.ldos-ut-pg0.wisc.cloudlab.us,alibabaBlock_37,lru,10,30722,27,1,3,0.1867,0.17,20217232,307215.872,3007199
node4.tardis-apia.ldos-ut-pg0.wisc.cloudlab.us,alibabaBlock_37,lruforgive,10,30722,27,1,1,0.1847,0.15,20217232,307215.872,3007199
node4.tardis-apia.ldos-ut-pg0.wisc.cloudlab.us,alibabaBlock_37,lruforgive,10,30722,27,1,2,0.1847,0.15,20217232,307215.872,3007199
node4.tardis-apia.ldos-ut-pg0.wisc.cloudlab.us,alibabaBlock_37,lruforgive,10,30722,27,1,3,0.1847,0.15,20217232,307215.872,3007199
node4.tardis-apia.ldos-ut-pg0.wisc.cloudlab.us,alibabaBlock_37,s3fifo,10,30722,27,1,1,0.1811,0.18,20217232,307215.872,3007199
node4.tardis-apia.ldos-ut-pg0.wisc.cloudlab.us,alibabaBlock_37,s3fifo,10,30722,27,1,2,0.1805,0.17,20217232,307215.872,3007199
node4.tardis-apia.ldos-ut-pg0.wisc.cloudlab.us,alibabaBlock_37,s3fifo,10,30722,27,1,3,0.1805,0.17,20217232,307215.872,3007199
node4.tardis-apia.ldos-ut-pg0.wisc.cloudlab.us,alibabaBlock_37,s3fifoforgive,10,30722,27,1,1,NA,NA,NA,307215.872,3007199
node4.tardis-apia.ldos-ut-pg0.wisc.cloudlab.us,alibabaBlock_37,s3fifoforgive,10,30722,27,1,2,NA,NA,NA,307215.872,3007199
node4.tardis-apia.ldos-ut-pg0.wisc.cloudlab.us,alibabaBlock_37,s3fifoforgive,10,30722,27,1,3,NA,NA,NA,307215.872,3007199
node4.tardis-apia.ldos-ut-pg0.wisc.cloudlab.us,alibabaBlock_37,lru,0.1,307,24,1,1,0.2398,0.25,20217232,307215.872,3007199
node4.tardis-apia.ldos-ut-pg0.wisc.cloudlab.us,alibabaBlock_37,lru,0.1,307,24,1,2,0.2398,0.25,20217232,307215.872,3007199
node4.tardis-apia.ldos-ut-pg0.wisc.cloudlab.us,alibabaBlock_37,lru,0.1,307,24,1,3,0.2398,0.25,20217232,307215.872,3007199
node4.tardis-apia.ldos-ut-pg0.wisc.cloudlab.us,alibabaBlock_37,lruforgive,0.1,307,24,1,1,0.2367,0.20,20217232,307215.872,3007199
node4.tardis-apia.ldos-ut-pg0.wisc.cloudlab.us,alibabaBlock_37,lruforgive,0.1,307,24,1,2,0.2367,0.20,20217232,307215.872,3007199
node4.tardis-apia.ldos-ut-pg0.wisc.cloudlab.us,alibabaBlock_37,lruforgive,0.1,307,24,1,3,0.2367,0.20,20217232,307215.872,3007199
node4.tardis-apia.ldos-ut-pg0.wisc.cloudlab.us,alibabaBlock_37,s3fifo,0.1,307,24,1,1,NA,NA,NA,307215.872,3007199
node4.tardis-apia.ldos-ut-pg0.wisc.cloudlab.us,alibabaBlock_37,s3fifo,0.1,307,24,1,2,NA,NA,NA,307215.872,3007199
node4.tardis-apia.ldos-ut-pg0.wisc.cloudlab.us,alibabaBlock_37,s3fifo,0.1,307,24,1,3,NA,NA,NA,307215.872,3007199
node4.tardis-apia.ldos-ut-pg0.wisc.cloudlab.us,alibabaBlock_37,s3fifoforgive,0.1,307,24,1,1,0,0.19,12077811,307215.872,3007199
node4.tardis-apia.ldos-ut-pg0.wisc.cloudlab.us,alibabaBlock_37,s3fifoforgive,0.1,307,24,1,2,0.2347,0.24,20217232,307215.872,3007199
node4.tardis-apia.ldos-ut-pg0.wisc.cloudlab.us,alibabaBlock_37,s3fifoforgive,0.1,307,24,1,3,0.2344,0.24,20217232,307215.872,3007199
node4.tardis-apia.ldos-ut-pg0.wisc.cloudlab.us,alibabaBlock_375,lru,10,25836,27,1,1,0.4239,0.04,3005318,258361.6512,1196037
node4.tardis-apia.ldos-ut-pg0.wisc.cloudlab.us,alibabaBlock_375,lru,10,25836,27,1,2,0.4238,0.04,3005318,258361.6512,1196037
node4.tardis-apia.ldos-ut-pg0.wisc.cloudlab.us,alibabaBlock_375,lru,10,25836,27,1,3,0.4238,0.04,3005318,258361.6512,1196037
node4.tardis-apia.ldos-ut-pg0.wisc.cloudlab.us,alibabaBlock_375,lruforgive,10,25836,27,1,1,0.4218,0.05,3005318,258361.6512,1196037
node4.tardis-apia.ldos-ut-pg0.wisc.cloudlab.us,alibabaBlock_375,lruforgive,10,25836,27,1,2,0.4218,0.04,3005318,258361.6512,1196037
node4.tardis-apia.ldos-ut-pg0.wisc.cloudlab.us,alibabaBlock_375,lruforgive,10,25836,27,1,3,0.4218,0.04,3005318,258361.6512,1196037
node4.tardis-apia.ldos-ut-pg0.wisc.cloudlab.us,alibabaBlock_375,s3fifo,10,25836,27,1,1,0.4130,0.04,3005318,258361.6512,1196037
node4.tardis-apia.ldos-ut-pg0.wisc.cloudlab.us,alibabaBlock_375,s3fifo,10,25836,27,1,2,0.4130,0.04,3005318,258361.6512,1196037
node4.tardis-apia.ldos-ut-pg0.wisc.cloudlab.us,alibabaBlock_375,s3fifo,10,25836,27,1,3,0.4130,0.04,3005318,258361.6512,1196037
node4.tardis-apia.ldos-ut-pg0.wisc.cloudlab.us,alibabaBlock_375,s3fifoforgive,10,25836,27,1,1,0.4129,0.04,3005318,258361.6512,1196037
node4.tardis-apia.ldos-ut-pg0.wisc.cloudlab.us,alibabaBlock_375,s3fifoforgive,10,25836,27,1,2,0.4129,0.04,3005318,258361.6512,1196037
node4.tardis-apia.ldos-ut-pg0.wisc.cloudlab.us,alibabaBlock_375,s3fifoforgive,10,25836,27,1,3,0.4129,0.04,3005318,258361.6512,1196037
node4.tardis-apia.ldos-ut-pg0.wisc.cloudlab.us,alibabaBlock_375,lru,0.1,258,24,1,1,0.7489,0.08,3005318,258361.6512,1196037
node4.tardis-apia.ldos-ut-pg0.wisc.cloudlab.us,alibabaBlock_375,lru,0.1,258,24,1,2,0.7489,0.08,3005318,258361.6512,1196037
node4.tardis-apia.ldos-ut-pg0.wisc.cloudlab.us,alibabaBlock_375,lru,0.1,258,24,1,3,0.7489,0.08,3005318,258361.6512,1196037
node4.tardis-apia.ldos-ut-pg0.wisc.cloudlab.us,alibabaBlock_375,lruforgive,0.1,258,24,1,1,0.7480,0.07,3005318,258361.6512,1196037
node4.tardis-apia.ldos-ut-pg0.wisc.cloudlab.us,alibabaBlock_375,lruforgive,0.1,258,24,1,2,0.7480,0.07,3005318,258361.6512,1196037
node4.tardis-apia.ldos-ut-pg0.wisc.cloudlab.us,alibabaBlock_375,lruforgive,0.1,258,24,1,3,0.7480,0.07,3005318,258361.6512,1196037
node4.tardis-apia.ldos-ut-pg0.wisc.cloudlab.us,alibabaBlock_375,s3fifo,0.1,258,24,1,1,0.7464,0.12,3005318,258361.6512,1196037
node4.tardis-apia.ldos-ut-pg0.wisc.cloudlab.us,alibabaBlock_375,s3fifo,0.1,258,24,1,2,0.7464,0.12,3005318,258361.6512,1196037
node4.tardis-apia.ldos-ut-pg0.wisc.cloudlab.us,alibabaBlock_375,s3fifo,0.1,258,24,1,3,0.7464,0.12,3005318,258361.6512,1196037
node4.tardis-apia.ldos-ut-pg0.wisc.cloudlab.us,alibabaBlock_375,s3fifoforgive,0.1,258,24,1,1,0.7461,0.13,3005318,258361.6512,1196037
node4.tardis-apia.ldos-ut-pg0.wisc.cloudlab.us,alibabaBlock_375,s3fifoforgive,0.1,258,24,1,2,0.7461,0.12,3005318,258361.6512,1196037
node4.tardis-apia.ldos-ut-pg0.wisc.cloudlab.us,alibabaBlock_375,s3fifoforgive,0.1,258,24,1,3,0.7461,0.12,3005318,258361.6512,1196037
node4.tardis-apia.ldos-ut-pg0.wisc.cloudlab.us,alibabaBlock_38,lru,10,6198,27,1,1,0.0618,0.95,1053506059,61982.9248,3315765
node4.tardis-apia.ldos-ut-pg0.wisc.cloudlab.us,alibabaBlock_38,lru,10,6198,27,1,2,0.0618,0.93,1053506059,61982.9248,3315765
node4.tardis-apia.ldos-ut-pg0.wisc.cloudlab.us,alibabaBlock_38,lru,10,6198,27,1,3,0.0618,0.93,1053506059,61982.9248,3315765
node4.tardis-apia.ldos-ut-pg0.wisc.cloudlab.us,alibabaBlock_38,lruforgive,10,6198,27,1,1,NA,NA,618522306,61982.9248,3315765
node4.tardis-apia.ldos-ut-pg0.wisc.cloudlab.us,alibabaBlock_38,lruforgive,10,6198,27,1,2,NA,NA,618522306,61982.9248,3315765
node4.tardis-apia.ldos-ut-pg0.wisc.cloudlab.us,alibabaBlock_38,lruforgive,10,6198,27,1,3,NA,NA,NA,61982.9248,3315765
node4.tardis-apia.ldos-ut-pg0.wisc.cloudlab.us,alibabaBlock_38,s3fifo,10,6198,27,1,1,0.0744,0.96,1053506059,61982.9248,3315765
node4.tardis-apia.ldos-ut-pg0.wisc.cloudlab.us,alibabaBlock_38,s3fifo,10,6198,27,1,2,0.0744,0.95,1053506059,61982.9248,3315765
node4.tardis-apia.ldos-ut-pg0.wisc.cloudlab.us,alibabaBlock_38,s3fifo,10,6198,27,1,3,0.0744,0.95,1053506059,61982.9248,3315765
node4.tardis-apia.ldos-ut-pg0.wisc.cloudlab.us,alibabaBlock_38,s3fifoforgive,10,6198,27,1,1,NA,NA,NA,61982.9248,3315765
node4.tardis-apia.ldos-ut-pg0.wisc.cloudlab.us,alibabaBlock_38,s3fifoforgive,10,6198,27,1,2,NA,NA,NA,61982.9248,3315765
node4.tardis-apia.ldos-ut-pg0.wisc.cloudlab.us,alibabaBlock_38,s3fifoforgive,10,6198,27,1,3,NA,NA,NA,61982.9248,3315765
node4.tardis-apia.ldos-ut-pg0.wisc.cloudlab.us,alibabaBlock_38,lru,0.1,62,22,1,1,NA,NA,NA,61982.9248,3315765
node4.tardis-apia.ldos-ut-pg0.wisc.cloudlab.us,alibabaBlock_38,lru,0.1,62,22,1,2,NA,NA,NA,61982.9248,3315765
node4.tardis-apia.ldos-ut-pg0.wisc.cloudlab.us,alibabaBlock_38,lru,0.1,62,22,1,3,NA,NA,NA,61982.9248,3315765
node4.tardis-apia.ldos-ut-pg0.wisc.cloudlab.us,alibabaBlock_38,lruforgive,0.1,62,22,1,1,NA,NA,NA,61982.9248,3315765
node4.tardis-apia.ldos-ut-pg0.wisc.cloudlab.us,alibabaBlock_38,lruforgive,0.1,62,22,1,2,NA,NA,NA,61982.9248,3315765
node4.tardis-apia.ldos-ut-pg0.wisc.cloudlab.us,alibabaBlock_38,lruforgive,0.1,62,22,1,3,NA,NA,NA,61982.9248,3315765
node4.tardis-apia.ldos-ut-pg0.wisc.cloudlab.us,alibabaBlock_38,s3fifo,0.1,62,22,1,1,0.9761,1.00,1053506059,61982.9248,3315765
node4.tardis-apia.ldos-ut-pg0.wisc.cloudlab.us,alibabaBlock_38,s3fifo,0.1,62,22,1,2,0.9760,1.00,1053506059,61982.9248,3315765
node4.tardis-apia.ldos-ut-pg0.wisc.cloudlab.us,alibabaBlock_38,s3fifo,0.1,62,22,1,3,0.9761,1.00,1053506059,61982.9248,3315765
node4.tardis-apia.ldos-ut-pg0.wisc.cloudlab.us,alibabaBlock_38,s3fifoforgive,0.1,62,22,1,1,NA,NA,NA,61982.9248,3315765
node4.tardis-apia.ldos-ut-pg0.wisc.cloudlab.us,alibabaBlock_38,s3fifoforgive,0.1,62,22,1,2,0.9760,0.89,1053506059,61982.9248,3315765
node4.tardis-apia.ldos-ut-pg0.wisc.cloudlab.us,alibabaBlock_38,s3fifoforgive,0.1,62,22,1,3,0.9759,0.88,1053506059,61982.9248,3315765
node4.tardis-apia.ldos-ut-pg0.wisc.cloudlab.us,alibabaBlock_39,lru,10,37619,27,1,1,0.7420,0.13,14850187,376187.1872,9095606
node4.tardis-apia.ldos-ut-pg0.wisc.cloudlab.us,alibabaBlock_39,lru,10,37619,27,1,2,0.7420,0.13,14850187,376187.1872,9095606
node4.tardis-apia.ldos-ut-pg0.wisc.cloudlab.us,alibabaBlock_39,lru,10,37619,27,1,3,0.7420,0.13,14850187,376187.1872,9095606
node4.tardis-apia.ldos-ut-pg0.wisc.cloudlab.us,alibabaBlock_39,lruforgive,10,37619,27,1,1,0.7417,0.13,14850187,376187.1872,9095606
node4.tardis-apia.ldos-ut-pg0.wisc.cloudlab.us,alibabaBlock_39,lruforgive,10,37619,27,1,2,0.7417,0.13,14850187,376187.1872,9095606
node4.tardis-apia.ldos-ut-pg0.wisc.cloudlab.us,alibabaBlock_39,lruforgive,10,37619,27,1,3,0.7417,0.13,14850187,376187.1872,9095606
node4.tardis-apia.ldos-ut-pg0.wisc.cloudlab.us,alibabaBlock_39,s3fifo,10,37619,27,1,1,NA,NA,NA,376187.1872,9095606
node4.tardis-apia.ldos-ut-pg0.wisc.cloudlab.us,alibabaBlock_39,s3fifo,10,37619,27,1,2,NA,NA,NA,376187.1872,9095606
node4.tardis-apia.ldos-ut-pg0.wisc.cloudlab.us,alibabaBlock_39,s3fifo,10,37619,27,1,3,NA,NA,NA,376187.1872,9095606
node4.tardis-apia.ldos-ut-pg0.wisc.cloudlab.us,alibabaBlock_39,s3fifoforgive,10,37619,27,1,1,NA,NA,NA,376187.1872,9095606
node4.tardis-apia.ldos-ut-pg0.wisc.cloudlab.us,alibabaBlock_39,s3fifoforgive,10,37619,27,1,2,NA,NA,NA,376187.1872,9095606
node4.tardis-apia.ldos-ut-pg0.wisc.cloudlab.us,alibabaBlock_39,s3fifoforgive,10,37619,27,1,3,NA,NA,NA,376187.1872,9095606
node4.tardis-apia.ldos-ut-pg0.wisc.cloudlab.us,alibabaBlock_39,lru,0.1,376,25,1,1,0.8233,0.22,14850187,376187.1872,9095606
node4.tardis-apia.ldos-ut-pg0.wisc.cloudlab.us,alibabaBlock_39,lru,0.1,376,25,1,2,0.8233,0.21,14850187,376187.1872,9095606
node4.tardis-apia.ldos-ut-pg0.wisc.cloudlab.us,alibabaBlock_39,lru,0.1,376,25,1,3,0.8233,0.21,14850187,376187.1872,9095606
node4.tardis-apia.ldos-ut-pg0.wisc.cloudlab.us,alibabaBlock_39,lruforgive,0.1,376,25,1,1,0.8231,0.20,14850187,376187.1872,9095606
node4.tardis-apia.ldos-ut-pg0.wisc.cloudlab.us,alibabaBlock_39,lruforgive,0.1,376,25,1,2,0.8231,0.20,14850187,376187.1872,9095606
node4.tardis-apia.ldos-ut-pg0.wisc.cloudlab.us,alibabaBlock_39,lruforgive,0.1,376,25,1,3,0.8231,0.20,14850187,376187.1872,9095606
node4.tardis-apia.ldos-ut-pg0.wisc.cloudlab.us,alibabaBlock_39,s3fifo,0.1,376,25,1,1,0.8261,0.23,14850187,376187.1872,9095606
node4.tardis-apia.ldos-ut-pg0.wisc.cloudlab.us,alibabaBlock_39,s3fifo,0.1,376,25,1,2,0.8261,0.23,14850187,376187.1872,9095606
node4.tardis-apia.ldos-ut-pg0.wisc.cloudlab.us,alibabaBlock_39,s3fifo,0.1,376,25,1,3,0.8261,0.23,14850187,376187.1872,9095606
node4.tardis-apia.ldos-ut-pg0.wisc.cloudlab.us,alibabaBlock_39,s3fifoforgive,0.1,376,25,1,1,0.8259,0.22,14850187,376187.1872,9095606
node4.tardis-apia.ldos-ut-pg0.wisc.cloudlab.us,alibabaBlock_39,s3fifoforgive,0.1,376,25,1,2,0.8259,0.22,14850187,376187.1872,9095606
node4.tardis-apia.ldos-ut-pg0.wisc.cloudlab.us,alibabaBlock_39,s3fifoforgive,0.1,376,25,1,3,0.8260,0.22,14850187,376187.1872,9095606
node4.tardis-apia.ldos-ut-pg0.wisc.cloudlab.us,alibabaBlock_391,lru,10,24733,27,1,1,0.1173,0.28,42208685,247331.4304,4277668
node4.tardis-apia.ldos-ut-pg0.wisc.cloudlab.us,alibabaBlock_391,lru,10,24733,27,1,2,0.1173,0.27,42208685,247331.4304,4277668
node4.tardis-apia.ldos-ut-pg0.wisc.cloudlab.us,alibabaBlock_391,lru,10,24733,27,1,3,0.1173,0.28,42208685,247331.4304,4277668
node4.tardis-apia.ldos-ut-pg0.wisc.cloudlab.us,alibabaBlock_391,lruforgive,10,24733,27,1,1,0.1172,0.19,42208685,247331.4304,4277668
node4.tardis-apia.ldos-ut-pg0.wisc.cloudlab.us,alibabaBlock_391,lruforgive,10,24733,27,1,2,0.1172,0.19,42208685,247331.4304,4277668
node4.tardis-apia.ldos-ut-pg0.wisc.cloudlab.us,alibabaBlock_391,lruforgive,10,24733,27,1,3,0.1172,0.19,42208685,247331.4304,4277668
node4.tardis-apia.ldos-ut-pg0.wisc.cloudlab.us,alibabaBlock_391,s3fifo,10,24733,27,1,1,0.1182,0.28,42208685,247331.4304,4277668
node4.tardis-apia.ldos-ut-pg0.wisc.cloudlab.us,alibabaBlock_391,s3fifo,10,24733,27,1,2,0.1182,0.28,42208685,247331.4304,4277668
node4.tardis-apia.ldos-ut-pg0.wisc.cloudlab.us,alibabaBlock_391,s3fifo,10,24733,27,1,3,0.1182,0.28,42208685,247331.4304,4277668
node4.tardis-apia.ldos-ut-pg0.wisc.cloudlab.us,alibabaBlock_391,s3fifoforgive,10,24733,27,1,1,NA,NA,NA,247331.4304,4277668
node4.tardis-apia.ldos-ut-pg0.wisc.cloudlab.us,alibabaBlock_391,s3fifoforgive,10,24733,27,1,2,0.1180,0.20,42208685,247331.4304,4277668
node4.tardis-apia.ldos-ut-pg0.wisc.cloudlab.us,alibabaBlock_391,s3fifoforgive,10,24733,27,1,3,NA,NA,NA,247331.4304,4277668
node4.tardis-apia.ldos-ut-pg0.wisc.cloudlab.us,alibabaBlock_391,lru,0.1,247,24,1,1,0.2636,0.31,42208685,247331.4304,4277668
node4.tardis-apia.ldos-ut-pg0.wisc.cloudlab.us,alibabaBlock_391,lru,0.1,247,24,1,2,0.2565,0.29,42208685,247331.4304,4277668
node4.tardis-apia.ldos-ut-pg0.wisc.cloudlab.us,alibabaBlock_391,lru,0.1,247,24,1,3,0.2636,0.30,42208685,247331.4304,4277668
node4.tardis-apia.ldos-ut-pg0.wisc.cloudlab.us,alibabaBlock_391,lruforgive,0.1,247,24,1,1,0.2567,0.22,42208685,247331.4304,4277668
node4.tardis-apia.ldos-ut-pg0.wisc.cloudlab.us,alibabaBlock_391,lruforgive,0.1,247,24,1,2,0.2638,0.22,42208685,247331.4304,4277668
node4.tardis-apia.ldos-ut-pg0.wisc.cloudlab.us,alibabaBlock_391,lruforgive,0.1,247,24,1,3,0.2637,0.22,42208685,247331.4304,4277668
node4.tardis-apia.ldos-ut-pg0.wisc.cloudlab.us,alibabaBlock_391,s3fifo,0.1,247,24,1,1,0.2683,0.36,42208685,247331.4304,4277668
node4.tardis-apia.ldos-ut-pg0.wisc.cloudlab.us,alibabaBlock_391,s3fifo,0.1,247,24,1,2,0.2731,0.38,42208685,247331.4304,4277668
node4.tardis-apia.ldos-ut-pg0.wisc.cloudlab.us,alibabaBlock_391,s3fifo,0.1,247,24,1,3,0.2683,0.37,42208685,247331.4304,4277668
node4.tardis-apia.ldos-ut-pg0.wisc.cloudlab.us,alibabaBlock_391,s3fifoforgive,0.1,247,24,1,1,0.2728,0.28,42208685,247331.4304,4277668
node4.tardis-apia.ldos-ut-pg0.wisc.cloudlab.us,alibabaBlock_391,s3fifoforgive,0.1,247,24,1,2,0.2733,0.27,42208685,247331.4304,4277668
node4.tardis-apia.ldos-ut-pg0.wisc.cloudlab.us,alibabaBlock_391,s3fifoforgive,0.1,247,24,1,3,0.2728,0.27,42208685,247331.4304,4277668
node4.tardis-apia.ldos-ut-pg0.wisc.cloudlab.us,alibabaBlock_395,lru,10,765,26,1,1,0.1958,0.84,11815279,7646.9248,1242732
node4.tardis-apia.ldos-ut-pg0.wisc.cloudlab.us,alibabaBlock_395,lru,10,765,26,1,2,0.1958,0.86,11815279,7646.9248,1242732
node4.tardis-apia.ldos-ut-pg0.wisc.cloudlab.us,alibabaBlock_395,lru,10,765,26,1,3,0.1958,0.85,11815279,7646.9248,1242732
node4.tardis-apia.ldos-ut-pg0.wisc.cloudlab.us,alibabaBlock_395,lruforgive,10,765,26,1,1,0.1956,0.40,11815279,7646.9248,1242732
node4.tardis-apia.ldos-ut-pg0.wisc.cloudlab.us,alibabaBlock_395,lruforgive,10,765,26,1,2,0.1956,0.41,11815279,7646.9248,1242732
node4.tardis-apia.ldos-ut-pg0.wisc.cloudlab.us,alibabaBlock_395,lruforgive,10,765,26,1,3,0.1956,0.41,11815279,7646.9248,1242732
node4.tardis-apia.ldos-ut-pg0.wisc.cloudlab.us,alibabaBlock_395,s3fifo,10,765,26,1,1,0.2293,0.93,11815279,7646.9248,1242732
node4.tardis-apia.ldos-ut-pg0.wisc.cloudlab.us,alibabaBlock_395,s3fifo,10,765,26,1,2,0.2293,0.93,11815279,7646.9248,1242732
node4.tardis-apia.ldos-ut-pg0.wisc.cloudlab.us,alibabaBlock_395,s3fifo,10,765,26,1,3,0.2293,0.95,11815279,7646.9248,1242732
node4.tardis-apia.ldos-ut-pg0.wisc.cloudlab.us,alibabaBlock_395,s3fifoforgive,10,765,26,1,1,0.2291,0.46,11815279,7646.9248,1242732
node4.tardis-apia.ldos-ut-pg0.wisc.cloudlab.us,alibabaBlock_395,s3fifoforgive,10,765,26,1,2,0.2291,0.46,11815279,7646.9248,1242732
node4.tardis-apia.ldos-ut-pg0.wisc.cloudlab.us,alibabaBlock_395,s3fifoforgive,10,765,26,1,3,0.2291,0.46,11815279,7646.9248,1242732
node4.tardis-apia.ldos-ut-pg0.wisc.cloudlab.us,alibabaBlock_395,lru,0.1,8,19,1,1,0.9986,5.33,11815279,7646.9248,1242732
node4.tardis-apia.ldos-ut-pg0.wisc.cloudlab.us,alibabaBlock_395,lru,0.1,8,19,1,2,0.9986,5.24,11815279,7646.9248,1242732
node4.tardis-apia.ldos-ut-pg0.wisc.cloudlab.us,alibabaBlock_395,lru,0.1,8,19,1,3,0.9986,5.39,11815279,7646.9248,1242732
node4.tardis-apia.ldos-ut-pg0.wisc.cloudlab.us,alibabaBlock_395,lruforgive,0.1,8,19,1,1,0.9944,5.03,11815279,7646.9248,1242732
node4.tardis-apia.ldos-ut-pg0.wisc.cloudlab.us,alibabaBlock_395,lruforgive,0.1,8,19,1,2,0.9944,5.12,11815279,7646.9248,1242732
node4.tardis-apia.ldos-ut-pg0.wisc.cloudlab.us,alibabaBlock_395,lruforgive,0.1,8,19,1,3,0.9944,5.08,11815279,7646.9248,1242732
node4.tardis-apia.ldos-ut-pg0.wisc.cloudlab.us,alibabaBlock_395,s3fifo,0.1,8,19,1,1,0.9944,6.43,11815279,7646.9248,1242732
node4.tardis-apia.ldos-ut-pg0.wisc.cloudlab.us,alibabaBlock_395,s3fifo,0.1,8,19,1,2,0.9944,6.35,11815279,7646.9248,1242732
node4.tardis-apia.ldos-ut-pg0.wisc.cloudlab.us,alibabaBlock_395,s3fifo,0.1,8,19,1,3,0.9944,6.28,11815279,7646.9248,1242732
node4.tardis-apia.ldos-ut-pg0.wisc.cloudlab.us,alibabaBlock_395,s3fifoforgive,0.1,8,19,1,1,0.9944,5.95,11815279,7646.9248,1242732
node4.tardis-apia.ldos-ut-pg0.wisc.cloudlab.us,alibabaBlock_395,s3fifoforgive,0.1,8,19,1,2,0.9944,5.94,11815279,7646.9248,1242732
node4.tardis-apia.ldos-ut-pg0.wisc.cloudlab.us,alibabaBlock_395,s3fifoforgive,0.1,8,19,1,3,0.9944,5.96,11815279,7646.9248,1242732
node4.tardis-apia.ldos-ut-pg0.wisc.cloudlab.us,alibabaBlock_399,lru,10,1251,26,1,1,0.0977,1.11,22405927,12509.2864,1667916
node4.tardis-apia.ldos-ut-pg0.wisc.cloudlab.us,alibabaBlock_399,lru,10,1251,26,1,2,0.0977,1.11,22405927,12509.2864,1667916
node4.tardis-apia.ldos-ut-pg0.wisc.cloudlab.us,alibabaBlock_399,lru,10,1251,26,1,3,0.0977,1.13,22405927,12509.2864,1667916
node4.tardis-apia.ldos-ut-pg0.wisc.cloudlab.us,alibabaBlock_399,lruforgive,10,1251,26,1,1,0.0980,0.46,22405927,12509.2864,1667916
node4.tardis-apia.ldos-ut-pg0.wisc.cloudlab.us,alibabaBlock_399,lruforgive,10,1251,26,1,2,0.0980,0.46,22405927,12509.2864,1667916
node4.tardis-apia.ldos-ut-pg0.wisc.cloudlab.us,alibabaBlock_399,lruforgive,10,1251,26,1,3,0.0980,0.46,22405927,12509.2864,1667916
node4.tardis-apia.ldos-ut-pg0.wisc.cloudlab.us,alibabaBlock_399,s3fifo,10,1251,26,1,1,NA,NA,NA,12509.2864,1667916
node4.tardis-apia.ldos-ut-pg0.wisc.cloudlab.us,alibabaBlock_399,s3fifo,10,1251,26,1,2,NA,NA,NA,12509.2864,1667916
node4.tardis-apia.ldos-ut-pg0.wisc.cloudlab.us,alibabaBlock_399,s3fifo,10,1251,26,1,3,NA,NA,NA,12509.2864,1667916
node4.tardis-apia.ldos-ut-pg0.wisc.cloudlab.us,alibabaBlock_399,s3fifoforgive,10,1251,26,1,1,0.1175,0.50,22405927,12509.2864,1667916
node4.tardis-apia.ldos-ut-pg0.wisc.cloudlab.us,alibabaBlock_399,s3fifoforgive,10,1251,26,1,2,0.1175,0.50,22405927,12509.2864,1667916
node4.tardis-apia.ldos-ut-pg0.wisc.cloudlab.us,alibabaBlock_399,s3fifoforgive,10,1251,26,1,3,0.1175,0.50,22405927,12509.2864,1667916
node4.tardis-apia.ldos-ut-pg0.wisc.cloudlab.us,alibabaBlock_399,lru,0.1,13,20,1,1,0.3325,2.22,22405927,12509.2864,1667916
node4.tardis-apia.ldos-ut-pg0.wisc.cloudlab.us,alibabaBlock_399,lru,0.1,13,20,1,2,0.3325,2.24,22405927,12509.2864,1667916
node4.tardis-apia.ldos-ut-pg0.wisc.cloudlab.us,alibabaBlock_399,lru,0.1,13,20,1,3,0.3325,2.23,22405927,12509.2864,1667916
node4.tardis-apia.ldos-ut-pg0.wisc.cloudlab.us,alibabaBlock_399,lruforgive,0.1,13,20,1,1,0.3065,0.74,22405927,12509.2864,1667916
node4.tardis-apia.ldos-ut-pg0.wisc.cloudlab.us,alibabaBlock_399,lruforgive,0.1,13,20,1,2,0.3065,0.74,22405927,12509.2864,1667916
node4.tardis-apia.ldos-ut-pg0.wisc.cloudlab.us,alibabaBlock_399,lruforgive,0.1,13,20,1,3,0.3065,0.75,22405927,12509.2864,1667916
node4.tardis-apia.ldos-ut-pg0.wisc.cloudlab.us,alibabaBlock_399,s3fifo,0.1,13,20,1,1,0.2805,2.56,22405927,12509.2864,1667916
node4.tardis-apia.ldos-ut-pg0.wisc.cloudlab.us,alibabaBlock_399,s3fifo,0.1,13,20,1,2,0.2805,2.56,22405927,12509.2864,1667916
node4.tardis-apia.ldos-ut-pg0.wisc.cloudlab.us,alibabaBlock_399,s3fifo,0.1,13,20,1,3,0.2805,2.51,22405927,12509.2864,1667916
node4.tardis-apia.ldos-ut-pg0.wisc.cloudlab.us,alibabaBlock_399,s3fifoforgive,0.1,13,20,1,1,0.2785,0.93,22405927,12509.2864,1667916
node4.tardis-apia.ldos-ut-pg0.wisc.cloudlab.us,alibabaBlock_399,s3fifoforgive,0.1,13,20,1,2,0.2785,0.93,22405927,12509.2864,1667916
node4.tardis-apia.ldos-ut-pg0.wisc.cloudlab.us,alibabaBlock_399,s3fifoforgive,0.1,13,20,1,3,0.2785,0.93,22405927,12509.2864,1667916
node4.tardis-apia.ldos-ut-pg0.wisc.cloudlab.us,alibabaBlock_4,lru,10,36333,27,1,1,0.0318,2.87,1576134094,363332.4032,49831692
node4.tardis-apia.ldos-ut-pg0.wisc.cloudlab.us,alibabaBlock_4,lru,10,36333,27,1,2,0.0318,2.84,1576134094,363332.4032,49831692
node4.tardis-apia.ldos-ut-pg0.wisc.cloudlab.us,alibabaBlock_4,lru,10,36333,27,1,3,0.0318,2.84,1576134094,363332.4032,49831692
node4.tardis-apia.ldos-ut-pg0.wisc.cloudlab.us,alibabaBlock_4,lruforgive,10,36333,27,1,1,NA,NA,1095062584,363332.4032,49831692
node4.tardis-apia.ldos-ut-pg0.wisc.cloudlab.us,alibabaBlock_4,lruforgive,10,36333,27,1,2,NA,NA,1095062584,363332.4032,49831692
node4.tardis-apia.ldos-ut-pg0.wisc.cloudlab.us,alibabaBlock_4,lruforgive,10,36333,27,1,3,NA,NA,1095062584,363332.4032,49831692
node4.tardis-apia.ldos-ut-pg0.wisc.cloudlab.us,alibabaBlock_4,s3fifo,10,36333,27,1,1,0.0319,3.00,1576134094,363332.4032,49831692
node4.tardis-apia.ldos-ut-pg0.wisc.cloudlab.us,alibabaBlock_4,s3fifo,10,36333,27,1,2,0.0319,3.04,1576134094,363332.4032,49831692
node4.tardis-apia.ldos-ut-pg0.wisc.cloudlab.us,alibabaBlock_4,s3fifo,10,36333,27,1,3,0.0319,2.99,1576134094,363332.4032,49831692
node4.tardis-apia.ldos-ut-pg0.wisc.cloudlab.us,alibabaBlock_4,s3fifoforgive,10,36333,27,1,1,0.0319,0.69,1576134094,363332.4032,49831692
node4.tardis-apia.ldos-ut-pg0.wisc.cloudlab.us,alibabaBlock_4,s3fifoforgive,10,36333,27,1,2,NA,NA,NA,363332.4032,49831692
node4.tardis-apia.ldos-ut-pg0.wisc.cloudlab.us,alibabaBlock_4,s3fifoforgive,10,36333,27,1,3,0.0319,0.69,1576134094,363332.4032,49831692
node4.tardis-apia.ldos-ut-pg0.wisc.cloudlab.us,alibabaBlock_4,lru,0.1,363,25,1,1,0.0835,2.46,1576134094,363332.4032,49831692
node4.tardis-apia.ldos-ut-pg0.wisc.cloudlab.us,alibabaBlock_4,lru,0.1,363,25,1,2,0.0835,2.46,1576134094,363332.4032,49831692
node4.tardis-apia.ldos-ut-pg0.wisc.cloudlab.us,alibabaBlock_4,lru,0.1,363,25,1,3,0.0835,2.46,1576134094,363332.4032,49831692
node4.tardis-apia.ldos-ut-pg0.wisc.cloudlab.us,alibabaBlock_4,lruforgive,0.1,363,25,1,1,0.0824,0.75,1576134094,363332.4032,49831692
node4.tardis-apia.ldos-ut-pg0.wisc.cloudlab.us,alibabaBlock_4,lruforgive,0.1,363,25,1,2,0.0824,0.75,1576134094,363332.4032,49831692
node4.tardis-apia.ldos-ut-pg0.wisc.cloudlab.us,alibabaBlock_4,lruforgive,0.1,363,25,1,3,0.0824,0.75,1576134094,363332.4032,49831692
node4.tardis-apia.ldos-ut-pg0.wisc.cloudlab.us,alibabaBlock_4,s3fifo,0.1,363,25,1,1,0.0805,2.62,1576134094,363332.4032,49831692
node4.tardis-apia.ldos-ut-pg0.wisc.cloudlab.us,alibabaBlock_4,s3fifo,0.1,363,25,1,2,0.0805,2.60,1576134094,363332.4032,49831692
node4.tardis-apia.ldos-ut-pg0.wisc.cloudlab.us,alibabaBlock_4,s3fifo,0.1,363,25,1,3,0.0805,2.55,1576134094,363332.4032,49831692
node4.tardis-apia.ldos-ut-pg0.wisc.cloudlab.us,alibabaBlock_4,s3fifoforgive,0.1,363,25,1,1,NA,NA,NA,363332.4032,49831692
node4.tardis-apia.ldos-ut-pg0.wisc.cloudlab.us,alibabaBlock_4,s3fifoforgive,0.1,363,25,1,2,0.0805,0.82,1576134094,363332.4032,49831692
node4.tardis-apia.ldos-ut-pg0.wisc.cloudlab.us,alibabaBlock_4,s3fifoforgive,0.1,363,25,1,3,NA,NA,NA,363332.4032,49831692
node4.tardis-apia.ldos-ut-pg0.wisc.cloudlab.us,alibabaBlock_40,lru,10,13308,27,1,1,0.0927,0.97,264596770,133082.0096,4661698
node4.tardis-apia.ldos-ut-pg0.wisc.cloudlab.us,alibabaBlock_40,lru,10,13308,27,1,2,0.0927,0.98,264596770,133082.0096,4661698
node4.tardis-apia.ldos-ut-pg0.wisc.cloudlab.us,alibabaBlock_40,lru,10,13308,27,1,3,0.0927,0.97,264596770,133082.0096,4661698
node4.tardis-apia.ldos-ut-pg0.wisc.cloudlab.us,alibabaBlock_40,lruforgive,10,13308,27,1,1,0.0925,0.40,264596770,133082.0096,4661698
node4.tardis-apia.ldos-ut-pg0.wisc.cloudlab.us,alibabaBlock_40,lruforgive,10,13308,27,1,2,0.0925,0.39,264596770,133082.0096,4661698
node4.tardis-apia.ldos-ut-pg0.wisc.cloudlab.us,alibabaBlock_40,lruforgive,10,13308,27,1,3,0.0925,0.40,264596770,133082.0096,4661698
node4.tardis-apia.ldos-ut-pg0.wisc.cloudlab.us,alibabaBlock_40,s3fifo,10,13308,27,1,1,NA,NA,NA,133082.0096,4661698
node4.tardis-apia.ldos-ut-pg0.wisc.cloudlab.us,alibabaBlock_40,s3fifo,10,13308,27,1,2,0.0843,1.05,264596770,133082.0096,4661698
node4.tardis-apia.ldos-ut-pg0.wisc.cloudlab.us,alibabaBlock_40,s3fifo,10,13308,27,1,3,0.0843,1.07,264596770,133082.0096,4661698
node4.tardis-apia.ldos-ut-pg0.wisc.cloudlab.us,alibabaBlock_40,s3fifoforgive,10,13308,27,1,1,0.0842,0.44,264596770,133082.0096,4661698
node4.tardis-apia.ldos-ut-pg0.wisc.cloudlab.us,alibabaBlock_40,s3fifoforgive,10,13308,27,1,2,NA,NA,NA,133082.0096,4661698
node4.tardis-apia.ldos-ut-pg0.wisc.cloudlab.us,alibabaBlock_40,s3fifoforgive,10,13308,27,1,3,0.0843,0.44,264596770,133082.0096,4661698
node4.tardis-apia.ldos-ut-pg0.wisc.cloudlab.us,alibabaBlock_40,lru,0.1,133,23,1,1,0.3298,0.94,264596770,133082.0096,4661698
node4.tardis-apia.ldos-ut-pg0.wisc.cloudlab.us,alibabaBlock_40,lru,0.1,133,23,1,2,0.3298,0.94,264596770,133082.0096,4661698
node4.tardis-apia.ldos-ut-pg0.wisc.cloudlab.us,alibabaBlock_40,lru,0.1,133,23,1,3,0.3298,0.95,264596770,133082.0096,4661698
node4.tardis-apia.ldos-ut-pg0.wisc.cloudlab.us,alibabaBlock_40,lruforgive,0.1,133,23,1,1,0.3266,0.57,264596770,133082.0096,4661698
node4.tardis-apia.ldos-ut-pg0.wisc.cloudlab.us,alibabaBlock_40,lruforgive,0.1,133,23,1,2,0.3266,0.57,264596770,133082.0096,4661698
node4.tardis-apia.ldos-ut-pg0.wisc.cloudlab.us,alibabaBlock_40,lruforgive,0.1,133,23,1,3,0.3266,0.57,264596770,133082.0096,4661698
node4.tardis-apia.ldos-ut-pg0.wisc.cloudlab.us,alibabaBlock_40,s3fifo,0.1,133,23,1,1,0.3392,1.42,264596770,133082.0096,4661698
node4.tardis-apia.ldos-ut-pg0.wisc.cloudlab.us,alibabaBlock_40,s3fifo,0.1,133,23,1,2,NA,NA,NA,133082.0096,4661698
node4.tardis-apia.ldos-ut-pg0.wisc.cloudlab.us,alibabaBlock_40,s3fifo,0.1,133,23,1,3,0.3233,1.37,264596770,133082.0096,4661698
node4.tardis-apia.ldos-ut-pg0.wisc.cloudlab.us,alibabaBlock_40,s3fifoforgive,0.1,133,23,1,1,0.3228,0.76,264596770,133082.0096,4661698
node4.tardis-apia.ldos-ut-pg0.wisc.cloudlab.us,alibabaBlock_40,s3fifoforgive,0.1,133,23,1,2,0.3385,0.78,264596770,133082.0096,4661698
node4.tardis-apia.ldos-ut-pg0.wisc.cloudlab.us,alibabaBlock_40,s3fifoforgive,0.1,133,23,1,3,0.3228,0.76,264596770,133082.0096,4661698
node4.tardis-apia.ldos-ut-pg0.wisc.cloudlab.us,alibabaBlock_401,lru,10,772,26,1,1,0.2106,0.83,11758179,7721.984,1235136
node4.tardis-apia.ldos-ut-pg0.wisc.cloudlab.us,alibabaBlock_401,lru,10,772,26,1,2,0.2106,0.84,11758179,7721.984,1235136
node4.tardis-apia.ldos-ut-pg0.wisc.cloudlab.us,alibabaBlock_401,lru,10,772,26,1,3,0.2106,0.83,11758179,7721.984,1235136
node4.tardis-apia.ldos-ut-pg0.wisc.cloudlab.us,alibabaBlock_401,lruforgive,10,772,26,1,1,0.2103,0.42,11758179,7721.984,1235136
node4.tardis-apia.ldos-ut-pg0.wisc.cloudlab.us,alibabaBlock_401,lruforgive,10,772,26,1,2,0.2103,0.42,11758179,7721.984,1235136
node4.tardis-apia.ldos-ut-pg0.wisc.cloudlab.us,alibabaBlock_401,lruforgive,10,772,26,1,3,0.2103,0.41,11758179,7721.984,1235136
node4.tardis-apia.ldos-ut-pg0.wisc.cloudlab.us,alibabaBlock_401,s3fifo,10,772,26,1,1,NA,NA,NA,7721.984,1235136
node4.tardis-apia.ldos-ut-pg0.wisc.cloudlab.us,alibabaBlock_401,s3fifo,10,772,26,1,2,NA,NA,NA,7721.984,1235136
node4.tardis-apia.ldos-ut-pg0.wisc.cloudlab.us,alibabaBlock_401,s3fifo,10,772,26,1,3,NA,NA,NA,7721.984,1235136
node4.tardis-apia.ldos-ut-pg0.wisc.cloudlab.us,alibabaBlock_401,s3fifoforgive,10,772,26,1,1,NA,0.48,6857842,7721.984,1235136
node4.tardis-apia.ldos-ut-pg0.wisc.cloudlab.us,alibabaBlock_401,s3fifoforgive,10,772,26,1,2,NA,0.48,6857842,7721.984,1235136
node4.tardis-apia.ldos-ut-pg0.wisc.cloudlab.us,alibabaBlock_401,s3fifoforgive,10,772,26,1,3,NA,0.48,6857842,7721.984,1235136
node4.tardis-apia.ldos-ut-pg0.wisc.cloudlab.us,alibabaBlock_401,lru,0.1,8,19,1,1,0.6042,2.08,11758179,7721.984,1235136
node4.tardis-apia.ldos-ut-pg0.wisc.cloudlab.us,alibabaBlock_401,lru,0.1,8,19,1,2,0.6042,2.08,11758179,7721.984,1235136
node4.tardis-apia.ldos-ut-pg0.wisc.cloudlab.us,alibabaBlock_401,lru,0.1,8,19,1,3,0.6042,2.05,11758179,7721.984,1235136
node4.tardis-apia.ldos-ut-pg0.wisc.cloudlab.us,alibabaBlock_401,lruforgive,0.1,8,19,1,1,0.5984,1.17,11758179,7721.984,1235136
node4.tardis-apia.ldos-ut-pg0.wisc.cloudlab.us,alibabaBlock_401,lruforgive,0.1,8,19,1,2,0.5984,1.17,11758179,7721.984,1235136
node4.tardis-apia.ldos-ut-pg0.wisc.cloudlab.us,alibabaBlock_401,lruforgive,0.1,8,19,1,3,0.5984,1.17,11758179,7721.984,1235136
node4.tardis-apia.ldos-ut-pg0.wisc.cloudlab.us,alibabaBlock_401,s3fifo,0.1,8,19,1,1,0.5837,2.20,11758179,7721.984,1235136
node4.tardis-apia.ldos-ut-pg0.wisc.cloudlab.us,alibabaBlock_401,s3fifo,0.1,8,19,1,2,0.5837,2.20,11758179,7721.984,1235136
node4.tardis-apia.ldos-ut-pg0.wisc.cloudlab.us,alibabaBlock_401,s3fifo,0.1,8,19,1,3,0.5837,2.13,11758179,7721.984,1235136
node4.tardis-apia.ldos-ut-pg0.wisc.cloudlab.us,alibabaBlock_401,s3fifoforgive,0.1,8,19,1,1,0.5827,1.26,11758179,7721.984,1235136
node4.tardis-apia.ldos-ut-pg0.wisc.cloudlab.us,alibabaBlock_401,s3fifoforgive,0.1,8,19,1,2,0.5827,1.26,11758179,7721.984,1235136
node4.tardis-apia.ldos-ut-pg0.wisc.cloudlab.us,alibabaBlock_401,s3fifoforgive,0.1,8,19,1,3,0.5827,1.27,11758179,7721.984,1235136
node4.tardis-apia.ldos-ut-pg0.wisc.cloudlab.us,alibabaBlock_402,lru,10,1252,26,1,1,0.0982,1.13,22454392,12521.0624,1675209
node4.tardis-apia.ldos-ut-pg0.wisc.cloudlab.us,alibabaBlock_402,lru,10,1252,26,1,2,0.0982,1.12,22454392,12521.0624,1675209
node4.tardis-apia.ldos-ut-pg0.wisc.cloudlab.us,alibabaBlock_402,lru,10,1252,26,1,3,0.0982,1.12,22454392,12521.0624,1675209
node4.tardis-apia.ldos-ut-pg0.wisc.cloudlab.us,alibabaBlock_402,lruforgive,10,1252,26,1,1,0.0985,0.47,22454392,12521.0624,1675209
node4.tardis-apia.ldos-ut-pg0.wisc.cloudlab.us,alibabaBlock_402,lruforgive,10,1252,26,1,2,0.0985,0.47,22454392,12521.0624,1675209
node4.tardis-apia.ldos-ut-pg0.wisc.cloudlab.us,alibabaBlock_402,lruforgive,10,1252,26,1,3,0.0985,0.46,22454392,12521.0624,1675209
node4.tardis-apia.ldos-ut-pg0.wisc.cloudlab.us,alibabaBlock_402,s3fifo,10,1252,26,1,1,NA,NA,NA,12521.0624,1675209
node4.tardis-apia.ldos-ut-pg0.wisc.cloudlab.us,alibabaBlock_402,s3fifo,10,1252,26,1,2,NA,NA,NA,12521.0624,1675209
node4.tardis-apia.ldos-ut-pg0.wisc.cloudlab.us,alibabaBlock_402,s3fifo,10,1252,26,1,3,NA,NA,NA,12521.0624,1675209
node4.tardis-apia.ldos-ut-pg0.wisc.cloudlab.us,alibabaBlock_402,s3fifoforgive,10,1252,26,1,1,0.1180,0.51,22454392,12521.0624,1675209
node4.tardis-apia.ldos-ut-pg0.wisc.cloudlab.us,alibabaBlock_402,s3fifoforgive,10,1252,26,1,2,0.1181,0.50,22454392,12521.0624,1675209
node4.tardis-apia.ldos-ut-pg0.wisc.cloudlab.us,alibabaBlock_402,s3fifoforgive,10,1252,26,1,3,0.1180,0.51,22454392,12521.0624,1675209
node4.tardis-apia.ldos-ut-pg0.wisc.cloudlab.us,alibabaBlock_402,lru,0.1,13,20,1,1,0.3324,2.21,22454392,12521.0624,1675209
node4.tardis-apia.ldos-ut-pg0.wisc.cloudlab.us,alibabaBlock_402,lru,0.1,13,20,1,2,0.3324,2.25,22454392,12521.0624,1675209
node4.tardis-apia.ldos-ut-pg0.wisc.cloudlab.us,alibabaBlock_402,lru,0.1,13,20,1,3,0.3324,2.25,22454392,12521.0624,1675209
node4.tardis-apia.ldos-ut-pg0.wisc.cloudlab.us,alibabaBlock_402,lruforgive,0.1,13,20,1,1,0.3054,0.74,22454392,12521.0624,1675209
node4.tardis-apia.ldos-ut-pg0.wisc.cloudlab.us,alibabaBlock_402,lruforgive,0.1,13,20,1,2,0.3054,0.74,22454392,12521.0624,1675209
node4.tardis-apia.ldos-ut-pg0.wisc.cloudlab.us,alibabaBlock_402,lruforgive,0.1,13,20,1,3,0.3054,0.74,22454392,12521.0624,1675209
node4.tardis-apia.ldos-ut-pg0.wisc.cloudlab.us,alibabaBlock_402,s3fifo,0.1,13,20,1,1,0.2805,2.51,22454392,12521.0624,1675209
node4.tardis-apia.ldos-ut-pg0.wisc.cloudlab.us,alibabaBlock_402,s3fifo,0.1,13,20,1,2,0.2805,2.51,22454392,12521.0624,1675209
node4.tardis-apia.ldos-ut-pg0.wisc.cloudlab.us,alibabaBlock_402,s3fifo,0.1,13,20,1,3,0.2805,2.53,22454392,12521.0624,1675209
node4.tardis-apia.ldos-ut-pg0.wisc.cloudlab.us,alibabaBlock_402,s3fifoforgive,0.1,13,20,1,1,0.2786,0.93,22454392,12521.0624,1675209
node4.tardis-apia.ldos-ut-pg0.wisc.cloudlab.us,alibabaBlock_402,s3fifoforgive,0.1,13,20,1,2,0.2786,0.93,22454392,12521.0624,1675209
node4.tardis-apia.ldos-ut-pg0.wisc.cloudlab.us,alibabaBlock_402,s3fifoforgive,0.1,13,20,1,3,0.2786,0.92,22454392,12521.0624,1675209
node4.tardis-apia.ldos-ut-pg0.wisc.cloudlab.us,alibabaBlock_43,lru,10,38143,27,1,1,0.7414,0.13,14814615,381427.6096,9206338
node4.tardis-apia.ldos-ut-pg0.wisc.cloudlab.us,alibabaBlock_43,lru,10,38143,27,1,2,0.7414,0.13,14814615,381427.6096,9206338
node4.tardis-apia.ldos-ut-pg0.wisc.cloudlab.us,alibabaBlock_43,lru,10,38143,27,1,3,0.7414,0.13,14814615,381427.6096,9206338
node4.tardis-apia.ldos-ut-pg0.wisc.cloudlab.us,alibabaBlock_43,lruforgive,10,38143,27,1,1,0.7412,0.13,14814615,381427.6096,9206338
node4.tardis-apia.ldos-ut-pg0.wisc.cloudlab.us,alibabaBlock_43,lruforgive,10,38143,27,1,2,0.7411,0.13,14814615,381427.6096,9206338
node4.tardis-apia.ldos-ut-pg0.wisc.cloudlab.us,alibabaBlock_43,lruforgive,10,38143,27,1,3,0.7411,0.13,14814615,381427.6096,9206338
node4.tardis-apia.ldos-ut-pg0.wisc.cloudlab.us,alibabaBlock_43,s3fifo,10,38143,27,1,1,NA,NA,NA,381427.6096,9206338
node4.tardis-apia.ldos-ut-pg0.wisc.cloudlab.us,alibabaBlock_43,s3fifo,10,38143,27,1,2,NA,NA,NA,381427.6096,9206338
node4.tardis-apia.ldos-ut-pg0.wisc.cloudlab.us,alibabaBlock_43,s3fifo,10,38143,27,1,3,NA,NA,NA,381427.6096,9206338
node4.tardis-apia.ldos-ut-pg0.wisc.cloudlab.us,alibabaBlock_43,s3fifoforgive,10,38143,27,1,1,NA,NA,NA,381427.6096,9206338
node4.tardis-apia.ldos-ut-pg0.wisc.cloudlab.us,alibabaBlock_43,s3fifoforgive,10,38143,27,1,2,NA,NA,NA,381427.6096,9206338
node4.tardis-apia.ldos-ut-pg0.wisc.cloudlab.us,alibabaBlock_43,s3fifoforgive,10,38143,27,1,3,NA,NA,NA,381427.6096,9206338
node4.tardis-apia.ldos-ut-pg0.wisc.cloudlab.us,alibabaBlock_43,lru,0.1,381,25,1,1,0.8226,0.21,14814615,381427.6096,9206338
node4.tardis-apia.ldos-ut-pg0.wisc.cloudlab.us,alibabaBlock_43,lru,0.1,381,25,1,2,0.8226,0.21,14814615,381427.6096,9206338
node4.tardis-apia.ldos-ut-pg0.wisc.cloudlab.us,alibabaBlock_43,lru,0.1,381,25,1,3,0.8226,0.22,14814615,381427.6096,9206338
node4.tardis-apia.ldos-ut-pg0.wisc.cloudlab.us,alibabaBlock_43,lruforgive,0.1,381,25,1,1,0.8223,0.20,14814615,381427.6096,9206338
node4.tardis-apia.ldos-ut-pg0.wisc.cloudlab.us,alibabaBlock_43,lruforgive,0.1,381,25,1,2,0.8223,0.20,14814615,381427.6096,9206338
node4.tardis-apia.ldos-ut-pg0.wisc.cloudlab.us,alibabaBlock_43,lruforgive,0.1,381,25,1,3,0.8223,0.20,14814615,381427.6096,9206338
node4.tardis-apia.ldos-ut-pg0.wisc.cloudlab.us,alibabaBlock_43,s3fifo,0.1,381,25,1,1,0.8252,0.23,14814615,381427.6096,9206338
node4.tardis-apia.ldos-ut-pg0.wisc.cloudlab.us,alibabaBlock_43,s3fifo,0.1,381,25,1,2,0.8252,0.23,14814615,381427.6096,9206338
node4.tardis-apia.ldos-ut-pg0.wisc.cloudlab.us,alibabaBlock_43,s3fifo,0.1,381,25,1,3,0.8252,0.23,14814615,381427.6096,9206338
node4.tardis-apia.ldos-ut-pg0.wisc.cloudlab.us,alibabaBlock_43,s3fifoforgive,0.1,381,25,1,1,0.8251,0.23,14814615,381427.6096,9206338
node4.tardis-apia.ldos-ut-pg0.wisc.cloudlab.us,alibabaBlock_43,s3fifoforgive,0.1,381,25,1,2,0.8251,0.22,14814615,381427.6096,9206338
node4.tardis-apia.ldos-ut-pg0.wisc.cloudlab.us,alibabaBlock_43,s3fifoforgive,0.1,381,25,1,3,0.8251,0.22,14814615,381427.6096,9206338
node4.tardis-apia.ldos-ut-pg0.wisc.cloudlab.us,alibabaBlock_430,lru,10,845,26,1,1,0.1142,1.01,15620601,8445.8496,1107199
node4.tardis-apia.ldos-ut-pg0.wisc.cloudlab.us,alibabaBlock_430,lru,10,845,26,1,2,0.1142,1.02,15620601,8445.8496,1107199
node4.tardis-apia.ldos-ut-pg0.wisc.cloudlab.us,alibabaBlock_430,lru,10,845,26,1,3,0.1142,1.00,15620601,8445.8496,1107199
node4.tardis-apia.ldos-ut-pg0.wisc.cloudlab.us,alibabaBlock_430,lruforgive,10,845,26,1,1,0.1148,0.46,15620601,8445.8496,1107199
node4.tardis-apia.ldos-ut-pg0.wisc.cloudlab.us,alibabaBlock_430,lruforgive,10,845,26,1,2,0.1147,0.46,15620601,8445.8496,1107199
node4.tardis-apia.ldos-ut-pg0.wisc.cloudlab.us,alibabaBlock_430,lruforgive,10,845,26,1,3,0.1147,0.46,15620601,8445.8496,1107199
node4.tardis-apia.ldos-ut-pg0.wisc.cloudlab.us,alibabaBlock_430,s3fifo,10,845,26,1,1,NA,NA,NA,8445.8496,1107199
node4.tardis-apia.ldos-ut-pg0.wisc.cloudlab.us,alibabaBlock_430,s3fifo,10,845,26,1,2,NA,NA,NA,8445.8496,1107199
node4.tardis-apia.ldos-ut-pg0.wisc.cloudlab.us,alibabaBlock_430,s3fifo,10,845,26,1,3,NA,NA,NA,8445.8496,1107199
node4.tardis-apia.ldos-ut-pg0.wisc.cloudlab.us,alibabaBlock_430,s3fifoforgive,10,845,26,1,1,NA,0.52,9084357,8445.8496,1107199
node4.tardis-apia.ldos-ut-pg0.wisc.cloudlab.us,alibabaBlock_430,s3fifoforgive,10,845,26,1,2,NA,0.51,9084357,8445.8496,1107199
node4.tardis-apia.ldos-ut-pg0.wisc.cloudlab.us,alibabaBlock_430,s3fifoforgive,10,845,26,1,3,NA,0.51,9084357,8445.8496,1107199
node4.tardis-apia.ldos-ut-pg0.wisc.cloudlab.us,alibabaBlock_430,lru,0.1,8,19,1,1,0.3975,2.42,15620601,8445.8496,1107199
node4.tardis-apia.ldos-ut-pg0.wisc.cloudlab.us,alibabaBlock_430,lru,0.1,8,19,1,2,0.3975,2.38,15620601,8445.8496,1107199
node4.tardis-apia.ldos-ut-pg0.wisc.cloudlab.us,alibabaBlock_430,lru,0.1,8,19,1,3,0.3975,2.40,15620601,8445.8496,1107199
node4.tardis-apia.ldos-ut-pg0.wisc.cloudlab.us,alibabaBlock_430,lruforgive,0.1,8,19,1,1,0.3913,0.86,15620601,8445.8496,1107199
node4.tardis-apia.ldos-ut-pg0.wisc.cloudlab.us,alibabaBlock_430,lruforgive,0.1,8,19,1,2,0.3913,0.86,15620601,8445.8496,1107199
node4.tardis-apia.ldos-ut-pg0.wisc.cloudlab.us,alibabaBlock_430,lruforgive,0.1,8,19,1,3,0.3913,0.87,15620601,8445.8496,1107199
node4.tardis-apia.ldos-ut-pg0.wisc.cloudlab.us,alibabaBlock_430,s3fifo,0.1,8,19,1,1,0.3562,2.59,15620601,8445.8496,1107199
node4.tardis-apia.ldos-ut-pg0.wisc.cloudlab.us,alibabaBlock_430,s3fifo,0.1,8,19,1,2,0.3562,2.61,15620601,8445.8496,1107199
node4.tardis-apia.ldos-ut-pg0.wisc.cloudlab.us,alibabaBlock_430,s3fifo,0.1,8,19,1,3,0.3562,2.63,15620601,8445.8496,1107199
node4.tardis-apia.ldos-ut-pg0.wisc.cloudlab.us,alibabaBlock_430,s3fifoforgive,0.1,8,19,1,1,0.3534,1.09,15620601,8445.8496,1107199
node4.tardis-apia.ldos-ut-pg0.wisc.cloudlab.us,alibabaBlock_430,s3fifoforgive,0.1,8,19,1,2,0.3534,1.06,15620601,8445.8496,1107199
node4.tardis-apia.ldos-ut-pg0.wisc.cloudlab.us,alibabaBlock_430,s3fifoforgive,0.1,8,19,1,3,0.3534,1.09,15620601,8445.8496,1107199
node4.tardis-apia.ldos-ut-pg0.wisc.cloudlab.us,alibabaBlock_434,lru,10,26146,27,1,1,0.1366,0.15,15612486,261464.4736,1891001
node4.tardis-apia.ldos-ut-pg0.wisc.cloudlab.us,alibabaBlock_434,lru,10,26146,27,1,2,0.1366,0.15,15612486,261464.4736,1891001
node4.tardis-apia.ldos-ut-pg0.wisc.cloudlab.us,alibabaBlock_434,lru,10,26146,27,1,3,0.1366,0.15,15612486,261464.4736,1891001
node4.tardis-apia.ldos-ut-pg0.wisc.cloudlab.us,alibabaBlock_434,lruforgive,10,26146,27,1,1,0.1363,0.13,15612486,261464.4736,1891001
node4.tardis-apia.ldos-ut-pg0.wisc.cloudlab.us,alibabaBlock_434,lruforgive,10,26146,27,1,2,0.1363,0.13,15612486,261464.4736,1891001
node4.tardis-apia.ldos-ut-pg0.wisc.cloudlab.us,alibabaBlock_434,lruforgive,10,26146,27,1,3,0.1363,0.13,15612486,261464.4736,1891001
node4.tardis-apia.ldos-ut-pg0.wisc.cloudlab.us,alibabaBlock_434,s3fifo,10,26146,27,1,1,0.1575,0.16,15612486,261464.4736,1891001
node4.tardis-apia.ldos-ut-pg0.wisc.cloudlab.us,alibabaBlock_434,s3fifo,10,26146,27,1,2,0.1573,0.16,15612486,261464.4736,1891001
node4.tardis-apia.ldos-ut-pg0.wisc.cloudlab.us,alibabaBlock_434,s3fifo,10,26146,27,1,3,0.1575,0.16,15612486,261464.4736,1891001
node4.tardis-apia.ldos-ut-pg0.wisc.cloudlab.us,alibabaBlock_434,s3fifoforgive,10,26146,27,1,1,0.1572,0.14,15612486,261464.4736,1891001
node4.tardis-apia.ldos-ut-pg0.wisc.cloudlab.us,alibabaBlock_434,s3fifoforgive,10,26146,27,1,2,0.1572,0.14,15612486,261464.4736,1891001
node4.tardis-apia.ldos-ut-pg0.wisc.cloudlab.us,alibabaBlock_434,s3fifoforgive,10,26146,27,1,3,0.1572,0.14,15612486,261464.4736,1891001
node4.tardis-apia.ldos-ut-pg0.wisc.cloudlab.us,alibabaBlock_434,lru,0.1,261,24,1,1,0.3329,0.15,15612486,261464.4736,1891001
node4.tardis-apia.ldos-ut-pg0.wisc.cloudlab.us,alibabaBlock_434,lru,0.1,261,24,1,2,0.3329,0.15,15612486,261464.4736,1891001
node4.tardis-apia.ldos-ut-pg0.wisc.cloudlab.us,alibabaBlock_434,lru,0.1,261,24,1,3,0.3329,0.15,15612486,261464.4736,1891001
node4.tardis-apia.ldos-ut-pg0.wisc.cloudlab.us,alibabaBlock_434,lruforgive,0.1,261,24,1,1,0.3210,0.13,15612486,261464.4736,1891001
node4.tardis-apia.ldos-ut-pg0.wisc.cloudlab.us,alibabaBlock_434,lruforgive,0.1,261,24,1,2,0.3210,0.13,15612486,261464.4736,1891001
node4.tardis-apia.ldos-ut-pg0.wisc.cloudlab.us,alibabaBlock_434,lruforgive,0.1,261,24,1,3,0.3210,0.13,15612486,261464.4736,1891001
node4.tardis-apia.ldos-ut-pg0.wisc.cloudlab.us,alibabaBlock_434,s3fifo,0.1,261,24,1,1,NA,NA,NA,261464.4736,1891001
node4.tardis-apia.ldos-ut-pg0.wisc.cloudlab.us,alibabaBlock_434,s3fifo,0.1,261,24,1,2,NA,NA,NA,261464.4736,1891001
node4.tardis-apia.ldos-ut-pg0.wisc.cloudlab.us,alibabaBlock_434,s3fifo,0.1,261,24,1,3,NA,NA,NA,261464.4736,1891001
node4.tardis-apia.ldos-ut-pg0.wisc.cloudlab.us,alibabaBlock_434,s3fifoforgive,0.1,261,24,1,1,0.3186,0.22,15612486,261464.4736,1891001
node4.tardis-apia.ldos-ut-pg0.wisc.cloudlab.us,alibabaBlock_434,s3fifoforgive,0.1,261,24,1,2,0.3186,0.21,15612486,261464.4736,1891001
node4.tardis-apia.ldos-ut-pg0.wisc.cloudlab.us,alibabaBlock_434,s3fifoforgive,0.1,261,24,1,3,0.3186,0.21,15612486,261464.4736,1891001
node4.tardis-apia.ldos-ut-pg0.wisc.cloudlab.us,alibabaBlock_435,lru,10,2450,27,1,1,0.1025,1.09,34043889,24497.152,3065033
node4.tardis-apia.ldos-ut-pg0.wisc.cloudlab.us,alibabaBlock_435,lru,10,2450,27,1,2,0.1025,1.09,34043889,24497.152,3065033
node4.tardis-apia.ldos-ut-pg0.wisc.cloudlab.us,alibabaBlock_435,lru,10,2450,27,1,3,0.1025,1.09,34043889,24497.152,3065033
node4.tardis-apia.ldos-ut-pg0.wisc.cloudlab.us,alibabaBlock_435,lruforgive,10,2450,27,1,1,0.1026,0.43,34043889,24497.152,3065033
node4.tardis-apia.ldos-ut-pg0.wisc.cloudlab.us,alibabaBlock_435,lruforgive,10,2450,27,1,2,0.1026,0.43,34043889,24497.152,3065033
node4.tardis-apia.ldos-ut-pg0.wisc.cloudlab.us,alibabaBlock_435,lruforgive,10,2450,27,1,3,0.1026,0.43,34043889,24497.152,3065033
node4.tardis-apia.ldos-ut-pg0.wisc.cloudlab.us,alibabaBlock_435,s3fifo,10,2450,27,1,1,0.1062,1.16,34043889,24497.152,3065033
node4.tardis-apia.ldos-ut-pg0.wisc.cloudlab.us,alibabaBlock_435,s3fifo,10,2450,27,1,2,0.1062,1.17,34043889,24497.152,3065033
node4.tardis-apia.ldos-ut-pg0.wisc.cloudlab.us,alibabaBlock_435,s3fifo,10,2450,27,1,3,NA,NA,NA,24497.152,3065033
node4.tardis-apia.ldos-ut-pg0.wisc.cloudlab.us,alibabaBlock_435,s3fifoforgive,10,2450,27,1,1,0.1062,0.47,34043889,24497.152,3065033
node4.tardis-apia.ldos-ut-pg0.wisc.cloudlab.us,alibabaBlock_435,s3fifoforgive,10,2450,27,1,2,0.1062,0.47,34043889,24497.152,3065033
node4.tardis-apia.ldos-ut-pg0.wisc.cloudlab.us,alibabaBlock_435,s3fifoforgive,10,2450,27,1,3,0.1062,0.47,34043889,24497.152,3065033
node4.tardis-apia.ldos-ut-pg0.wisc.cloudlab.us,alibabaBlock_435,lru,0.1,24,21,1,1,0.3954,1.87,34043889,24497.152,3065033
node4.tardis-apia.ldos-ut-pg0.wisc.cloudlab.us,alibabaBlock_435,lru,0.1,24,21,1,2,0.3954,1.90,34043889,24497.152,3065033
node4.tardis-apia.ldos-ut-pg0.wisc.cloudlab.us,alibabaBlock_435,lru,0.1,24,21,1,3,0.3954,1.90,34043889,24497.152,3065033
node4.tardis-apia.ldos-ut-pg0.wisc.cloudlab.us,alibabaBlock_435,lruforgive,0.1,24,21,1,1,0.3528,0.59,34043889,24497.152,3065033
node4.tardis-apia.ldos-ut-pg0.wisc.cloudlab.us,alibabaBlock_435,lruforgive,0.1,24,21,1,2,0.3528,0.59,34043889,24497.152,3065033
node4.tardis-apia.ldos-ut-pg0.wisc.cloudlab.us,alibabaBlock_435,lruforgive,0.1,24,21,1,3,0.3528,0.59,34043889,24497.152,3065033
node4.tardis-apia.ldos-ut-pg0.wisc.cloudlab.us,alibabaBlock_435,s3fifo,0.1,24,21,1,1,0.3463,2.06,34043889,24497.152,3065033
node4.tardis-apia.ldos-ut-pg0.wisc.cloudlab.us,alibabaBlock_435,s3fifo,0.1,24,21,1,2,0.3463,2.06,34043889,24497.152,3065033
node4.tardis-apia.ldos-ut-pg0.wisc.cloudlab.us,alibabaBlock_435,s3fifo,0.1,24,21,1,3,0.3463,2.07,34043889,24497.152,3065033
node4.tardis-apia.ldos-ut-pg0.wisc.cloudlab.us,alibabaBlock_435,s3fifoforgive,0.1,24,21,1,1,0.3427,0.90,34043889,24497.152,3065033
node4.tardis-apia.ldos-ut-pg0.wisc.cloudlab.us,alibabaBlock_435,s3fifoforgive,0.1,24,21,1,2,0.3427,0.89,34043889,24497.152,3065033
node4.tardis-apia.ldos-ut-pg0.wisc.cloudlab.us,alibabaBlock_435,s3fifoforgive,0.1,24,21,1,3,0.3427,0.90,34043889,24497.152,3065033
node4.tardis-apia.ldos-ut-pg0.wisc.cloudlab.us,alibabaBlock_445,lru,10,4500,27,1,1,0.3355,0.45,16775962,45004.6976,1886302
node4.tardis-apia.ldos-ut-pg0.wisc.cloudlab.us,alibabaBlock_445,lru,10,4500,27,1,2,0.3355,0.45,16775962,45004.6976,1886302
node4.tardis-apia.ldos-ut-pg0.wisc.cloudlab.us,alibabaBlock_445,lru,10,4500,27,1,3,0.3355,0.45,16775962,45004.6976,1886302
node4.tardis-apia.ldos-ut-pg0.wisc.cloudlab.us,alibabaBlock_445,lruforgive,10,4500,27,1,1,0.3322,0.33,16775962,45004.6976,1886302
node4.tardis-apia.ldos-ut-pg0.wisc.cloudlab.us,alibabaBlock_445,lruforgive,10,4500,27,1,2,0.3323,0.33,16775962,45004.6976,1886302
node4.tardis-apia.ldos-ut-pg0.wisc.cloudlab.us,alibabaBlock_445,lruforgive,10,4500,27,1,3,0.3323,0.34,16775962,45004.6976,1886302
node4.tardis-apia.ldos-ut-pg0.wisc.cloudlab.us,alibabaBlock_445,s3fifo,10,4500,27,1,1,0.3012,0.55,16775962,45004.6976,1886302
node4.tardis-apia.ldos-ut-pg0.wisc.cloudlab.us,alibabaBlock_445,s3fifo,10,4500,27,1,2,0.3014,0.54,16775962,45004.6976,1886302
node4.tardis-apia.ldos-ut-pg0.wisc.cloudlab.us,alibabaBlock_445,s3fifo,10,4500,27,1,3,0.3014,0.54,16775962,45004.6976,1886302
node4.tardis-apia.ldos-ut-pg0.wisc.cloudlab.us,alibabaBlock_445,s3fifoforgive,10,4500,27,1,1,0.3012,0.37,16775962,45004.6976,1886302
node4.tardis-apia.ldos-ut-pg0.wisc.cloudlab.us,alibabaBlock_445,s3fifoforgive,10,4500,27,1,2,0.3012,0.37,16775962,45004.6976,1886302
node4.tardis-apia.ldos-ut-pg0.wisc.cloudlab.us,alibabaBlock_445,s3fifoforgive,10,4500,27,1,3,0.3012,0.37,16775962,45004.6976,1886302
node4.tardis-apia.ldos-ut-pg0.wisc.cloudlab.us,alibabaBlock_445,lru,0.1,45,21,1,1,0.6152,1.14,16775962,45004.6976,1886302
node4.tardis-apia.ldos-ut-pg0.wisc.cloudlab.us,alibabaBlock_445,lru,0.1,45,21,1,2,0.6152,1.15,16775962,45004.6976,1886302
node4.tardis-apia.ldos-ut-pg0.wisc.cloudlab.us,alibabaBlock_445,lru,0.1,45,21,1,3,0.6152,1.13,16775962,45004.6976,1886302
node4.tardis-apia.ldos-ut-pg0.wisc.cloudlab.us,alibabaBlock_445,lruforgive,0.1,45,21,1,1,0.6012,0.70,16775962,45004.6976,1886302
node4.tardis-apia.ldos-ut-pg0.wisc.cloudlab.us,alibabaBlock_445,lruforgive,0.1,45,21,1,2,0.6012,0.71,16775962,45004.6976,1886302
node4.tardis-apia.ldos-ut-pg0.wisc.cloudlab.us,alibabaBlock_445,lruforgive,0.1,45,21,1,3,0.6012,0.70,16775962,45004.6976,1886302
node4.tardis-apia.ldos-ut-pg0.wisc.cloudlab.us,alibabaBlock_445,s3fifo,0.1,45,21,1,1,NA,NA,NA,45004.6976,1886302
node4.tardis-apia.ldos-ut-pg0.wisc.cloudlab.us,alibabaBlock_445,s3fifo,0.1,45,21,1,2,NA,NA,NA,45004.6976,1886302
node4.tardis-apia.ldos-ut-pg0.wisc.cloudlab.us,alibabaBlock_445,s3fifo,0.1,45,21,1,3,NA,NA,NA,45004.6976,1886302
node4.tardis-apia.ldos-ut-pg0.wisc.cloudlab.us,alibabaBlock_445,s3fifoforgive,0.1,45,21,1,1,0.5984,0.91,16775962,45004.6976,1886302
node4.tardis-apia.ldos-ut-pg0.wisc.cloudlab.us,alibabaBlock_445,s3fifoforgive,0.1,45,21,1,2,0.5984,0.90,16775962,45004.6976,1886302
node4.tardis-apia.ldos-ut-pg0.wisc.cloudlab.us,alibabaBlock_445,s3fifoforgive,0.1,45,21,1,3,0.5984,0.90,16775962,45004.6976,1886302
node4.tardis-apia.ldos-ut-pg0.wisc.cloudlab.us,alibabaBlock_446,lru,10,2392,27,1,1,0.1167,0.67,11776826,23915.9296,1143023
node4.tardis-apia.ldos-ut-pg0.wisc.cloudlab.us,alibabaBlock_446,lru,10,2392,27,1,2,0.1167,0.67,11776826,23915.9296,1143023
node4.tardis-apia.ldos-ut-pg0.wisc.cloudlab.us,alibabaBlock_446,lru,10,2392,27,1,3,0.1167,0.66,11776826,23915.9296,1143023
node4.tardis-apia.ldos-ut-pg0.wisc.cloudlab.us,alibabaBlock_446,lruforgive,10,2392,27,1,1,0.1154,0.38,11776826,23915.9296,1143023
node4.tardis-apia.ldos-ut-pg0.wisc.cloudlab.us,alibabaBlock_446,lruforgive,10,2392,27,1,2,0.1153,0.38,11776826,23915.9296,1143023
node4.tardis-apia.ldos-ut-pg0.wisc.cloudlab.us,alibabaBlock_446,lruforgive,10,2392,27,1,3,0.1153,0.37,11776826,23915.9296,1143023
node4.tardis-apia.ldos-ut-pg0.wisc.cloudlab.us,alibabaBlock_446,s3fifo,10,2392,27,1,1,0.1317,0.75,11776826,23915.9296,1143023
node4.tardis-apia.ldos-ut-pg0.wisc.cloudlab.us,alibabaBlock_446,s3fifo,10,2392,27,1,2,0.1317,0.75,11776826,23915.9296,1143023
node4.tardis-apia.ldos-ut-pg0.wisc.cloudlab.us,alibabaBlock_446,s3fifo,10,2392,27,1,3,0.1318,0.75,11776826,23915.9296,1143023
node4.tardis-apia.ldos-ut-pg0.wisc.cloudlab.us,alibabaBlock_446,s3fifoforgive,10,2392,27,1,1,0.1322,0.42,11776826,23915.9296,1143023
node4.tardis-apia.ldos-ut-pg0.wisc.cloudlab.us,alibabaBlock_446,s3fifoforgive,10,2392,27,1,2,0.1322,0.42,11776826,23915.9296,1143023
node4.tardis-apia.ldos-ut-pg0.wisc.cloudlab.us,alibabaBlock_446,s3fifoforgive,10,2392,27,1,3,NA,NA,6823298,23915.9296,1143023
node4.tardis-apia.ldos-ut-pg0.wisc.cloudlab.us,alibabaBlock_446,lru,0.1,24,21,1,1,0.3503,1.75,11776826,23915.9296,1143023
node4.tardis-apia.ldos-ut-pg0.wisc.cloudlab.us,alibabaBlock_446,lru,0.1,24,21,1,2,0.3503,1.80,11776826,23915.9296,1143023
node4.tardis-apia.ldos-ut-pg0.wisc.cloudlab.us,alibabaBlock_446,lru,0.1,24,21,1,3,0.3503,1.77,11776826,23915.9296,1143023
node4.tardis-apia.ldos-ut-pg0.wisc.cloudlab.us,alibabaBlock_446,lruforgive,0.1,24,21,1,1,0.3169,0.68,11776826,23915.9296,1143023
node4.tardis-apia.ldos-ut-pg0.wisc.cloudlab.us,alibabaBlock_446,lruforgive,0.1,24,21,1,2,0.3169,0.68,11776826,23915.9296,1143023
node4.tardis-apia.ldos-ut-pg0.wisc.cloudlab.us,alibabaBlock_446,lruforgive,0.1,24,21,1,3,0.3169,0.68,11776826,23915.9296,1143023
node4.tardis-apia.ldos-ut-pg0.wisc.cloudlab.us,alibabaBlock_446,s3fifo,0.1,24,21,1,1,0.3134,1.92,11776826,23915.9296,1143023
node4.tardis-apia.ldos-ut-pg0.wisc.cloudlab.us,alibabaBlock_446,s3fifo,0.1,24,21,1,2,0.3134,1.92,11776826,23915.9296,1143023
node4.tardis-apia.ldos-ut-pg0.wisc.cloudlab.us,alibabaBlock_446,s3fifo,0.1,24,21,1,3,0.3134,1.93,11776826,23915.9296,1143023
node4.tardis-apia.ldos-ut-pg0.wisc.cloudlab.us,alibabaBlock_446,s3fifoforgive,0.1,24,21,1,1,0.3105,0.85,11776826,23915.9296,1143023
node4.tardis-apia.ldos-ut-pg0.wisc.cloudlab.us,alibabaBlock_446,s3fifoforgive,0.1,24,21,1,2,0.3105,0.84,11776826,23915.9296,1143023
node4.tardis-apia.ldos-ut-pg0.wisc.cloudlab.us,alibabaBlock_446,s3fifoforgive,0.1,24,21,1,3,0.3105,0.83,11776826,23915.9296,1143023
node4.tardis-apia.ldos-ut-pg0.wisc.cloudlab.us,alibabaBlock_46,lru,10,1524,27,1,1,0.1002,1.07,41723414,15238.4512,1627277
node4.tardis-apia.ldos-ut-pg0.wisc.cloudlab.us,alibabaBlock_46,lru,10,1524,27,1,2,0.1002,1.08,41723414,15238.4512,1627277
node4.tardis-apia.ldos-ut-pg0.wisc.cloudlab.us,alibabaBlock_46,lru,10,1524,27,1,3,0.1002,1.09,41723414,15238.4512,1627277
node4.tardis-apia.ldos-ut-pg0.wisc.cloudlab.us,alibabaBlock_46,lruforgive,10,1524,27,1,1,0.0997,0.47,41723414,15238.4512,1627277
node4.tardis-apia.ldos-ut-pg0.wisc.cloudlab.us,alibabaBlock_46,lruforgive,10,1524,27,1,2,0.0997,0.47,41723414,15238.4512,1627277
node4.tardis-apia.ldos-ut-pg0.wisc.cloudlab.us,alibabaBlock_46,lruforgive,10,1524,27,1,3,0.0997,0.47,41723414,15238.4512,1627277
node4.tardis-apia.ldos-ut-pg0.wisc.cloudlab.us,alibabaBlock_46,s3fifo,10,1524,27,1,1,0.1204,1.08,41723414,15238.4512,1627277
node4.tardis-apia.ldos-ut-pg0.wisc.cloudlab.us,alibabaBlock_46,s3fifo,10,1524,27,1,2,0.1204,1.07,41723414,15238.4512,1627277
node4.tardis-apia.ldos-ut-pg0.wisc.cloudlab.us,alibabaBlock_46,s3fifo,10,1524,27,1,3,0.1204,1.08,41723414,15238.4512,1627277
node4.tardis-apia.ldos-ut-pg0.wisc.cloudlab.us,alibabaBlock_46,s3fifoforgive,10,1524,27,1,1,0.1203,0.51,41723414,15238.4512,1627277
node4.tardis-apia.ldos-ut-pg0.wisc.cloudlab.us,alibabaBlock_46,s3fifoforgive,10,1524,27,1,2,0.1203,0.51,41723414,15238.4512,1627277
node4.tardis-apia.ldos-ut-pg0.wisc.cloudlab.us,alibabaBlock_46,s3fifoforgive,10,1524,27,1,3,0.1203,0.51,41723414,15238.4512,1627277
node4.tardis-apia.ldos-ut-pg0.wisc.cloudlab.us,alibabaBlock_46,lru,0.1,15,20,1,1,0.2797,2.88,41723414,15238.4512,1627277
node4.tardis-apia.ldos-ut-pg0.wisc.cloudlab.us,alibabaBlock_46,lru,0.1,15,20,1,2,0.2797,2.92,41723414,15238.4512,1627277
node4.tardis-apia.ldos-ut-pg0.wisc.cloudlab.us,alibabaBlock_46,lru,0.1,15,20,1,3,0.2797,2.88,41723414,15238.4512,1627277
node4.tardis-apia.ldos-ut-pg0.wisc.cloudlab.us,alibabaBlock_46,lruforgive,0.1,15,20,1,1,0.2763,1.02,41723414,15238.4512,1627277
node4.tardis-apia.ldos-ut-pg0.wisc.cloudlab.us,alibabaBlock_46,lruforgive,0.1,15,20,1,2,0.2763,1.03,41723414,15238.4512,1627277
node4.tardis-apia.ldos-ut-pg0.wisc.cloudlab.us,alibabaBlock_46,lruforgive,0.1,15,20,1,3,0.2763,1.02,41723414,15238.4512,1627277
node4.tardis-apia.ldos-ut-pg0.wisc.cloudlab.us,alibabaBlock_46,s3fifo,0.1,15,20,1,1,0.2562,3.07,41723414,15238.4512,1627277
node4.tardis-apia.ldos-ut-pg0.wisc.cloudlab.us,alibabaBlock_46,s3fifo,0.1,15,20,1,2,0.2562,3.05,41723414,15238.4512,1627277
node4.tardis-apia.ldos-ut-pg0.wisc.cloudlab.us,alibabaBlock_46,s3fifo,0.1,15,20,1,3,0.2562,3.07,41723414,15238.4512,1627277
node4.tardis-apia.ldos-ut-pg0.wisc.cloudlab.us,alibabaBlock_46,s3fifoforgive,0.1,15,20,1,1,0.2559,1.08,41723414,15238.4512,1627277
node4.tardis-apia.ldos-ut-pg0.wisc.cloudlab.us,alibabaBlock_46,s3fifoforgive,0.1,15,20,1,2,0.2559,1.07,41723414,15238.4512,1627277
node4.tardis-apia.ldos-ut-pg0.wisc.cloudlab.us,alibabaBlock_46,s3fifoforgive,0.1,15,20,1,3,0.2559,1.07,41723414,15238.4512,1627277
node4.tardis-apia.ldos-ut-pg0.wisc.cloudlab.us,alibabaBlock_460,lru,10,3355,27,1,1,0.1273,0.70,19025509,33553.2032,2091206
node4.tardis-apia.ldos-ut-pg0.wisc.cloudlab.us,alibabaBlock_460,lru,10,3355,27,1,2,0.1273,0.70,19025509,33553.2032,2091206
node4.tardis-apia.ldos-ut-pg0.wisc.cloudlab.us,alibabaBlock_460,lru,10,3355,27,1,3,0.1273,0.70,19025509,33553.2032,2091206
node4.tardis-apia.ldos-ut-pg0.wisc.cloudlab.us,alibabaBlock_460,lruforgive,10,3355,27,1,1,0.1271,0.36,19025509,33553.2032,2091206
node4.tardis-apia.ldos-ut-pg0.wisc.cloudlab.us,alibabaBlock_460,lruforgive,10,3355,27,1,2,0.1271,0.36,19025509,33553.2032,2091206
node4.tardis-apia.ldos-ut-pg0.wisc.cloudlab.us,alibabaBlock_460,lruforgive,10,3355,27,1,3,0.1271,0.36,19025509,33553.2032,2091206
node4.tardis-apia.ldos-ut-pg0.wisc.cloudlab.us,alibabaBlock_460,s3fifo,10,3355,27,1,1,NA,NA,NA,33553.2032,2091206
node4.tardis-apia.ldos-ut-pg0.wisc.cloudlab.us,alibabaBlock_460,s3fifo,10,3355,27,1,2,NA,NA,NA,33553.2032,2091206
node4.tardis-apia.ldos-ut-pg0.wisc.cloudlab.us,alibabaBlock_460,s3fifo,10,3355,27,1,3,NA,NA,NA,33553.2032,2091206
node4.tardis-apia.ldos-ut-pg0.wisc.cloudlab.us,alibabaBlock_460,s3fifoforgive,10,3355,27,1,1,0.1457,0.40,19025509,33553.2032,2091206
node4.tardis-apia.ldos-ut-pg0.wisc.cloudlab.us,alibabaBlock_460,s3fifoforgive,10,3355,27,1,2,0.1455,0.40,19025509,33553.2032,2091206
node4.tardis-apia.ldos-ut-pg0.wisc.cloudlab.us,alibabaBlock_460,s3fifoforgive,10,3355,27,1,3,0.1456,0.41,19025509,33553.2032,2091206
node4.tardis-apia.ldos-ut-pg0.wisc.cloudlab.us,alibabaBlock_460,lru,0.1,34,21,1,1,0.4212,1.46,19025509,33553.2032,2091206
node4.tardis-apia.ldos-ut-pg0.wisc.cloudlab.us,alibabaBlock_460,lru,0.1,34,21,1,2,0.4212,1.48,19025509,33553.2032,2091206
node4.tardis-apia.ldos-ut-pg0.wisc.cloudlab.us,alibabaBlock_460,lru,0.1,34,21,1,3,0.4212,1.47,19025509,33553.2032,2091206
node4.tardis-apia.ldos-ut-pg0.wisc.cloudlab.us,alibabaBlock_460,lruforgive,0.1,34,21,1,1,0.3726,0.53,19025509,33553.2032,2091206
node4.tardis-apia.ldos-ut-pg0.wisc.cloudlab.us,alibabaBlock_460,lruforgive,0.1,34,21,1,2,0.3726,0.53,19025509,33553.2032,2091206
node4.tardis-apia.ldos-ut-pg0.wisc.cloudlab.us,alibabaBlock_460,lruforgive,0.1,34,21,1,3,0.3726,0.52,19025509,33553.2032,2091206
node4.tardis-apia.ldos-ut-pg0.wisc.cloudlab.us,alibabaBlock_460,s3fifo,0.1,34,21,1,1,0.3593,1.69,19025509,33553.2032,2091206
node4.tardis-apia.ldos-ut-pg0.wisc.cloudlab.us,alibabaBlock_460,s3fifo,0.1,34,21,1,2,0.3593,1.71,19025509,33553.2032,2091206
node4.tardis-apia.ldos-ut-pg0.wisc.cloudlab.us,alibabaBlock_460,s3fifo,0.1,34,21,1,3,0.3593,1.70,19025509,33553.2032,2091206
node4.tardis-apia.ldos-ut-pg0.wisc.cloudlab.us,alibabaBlock_460,s3fifoforgive,0.1,34,21,1,1,0.3567,0.82,19025509,33553.2032,2091206
node4.tardis-apia.ldos-ut-pg0.wisc.cloudlab.us,alibabaBlock_460,s3fifoforgive,0.1,34,21,1,2,0.3567,0.82,19025509,33553.2032,2091206
node4.tardis-apia.ldos-ut-pg0.wisc.cloudlab.us,alibabaBlock_460,s3fifoforgive,0.1,34,21,1,3,0.3567,0.83,19025509,33553.2032,2091206
node4.tardis-apia.ldos-ut-pg0.wisc.cloudlab.us,alibabaBlock_466,lru,10,11343,27,1,1,0.1678,0.49,39386134,113429.8112,4593293
node4.tardis-apia.ldos-ut-pg0.wisc.cloudlab.us,alibabaBlock_466,lru,10,11343,27,1,2,0.1678,0.49,39386134,113429.8112,4593293
node4.tardis-apia.ldos-ut-pg0.wisc.cloudlab.us,alibabaBlock_466,lru,10,11343,27,1,3,0.1678,0.48,39386134,113429.8112,4593293
node4.tardis-apia.ldos-ut-pg0.wisc.cloudlab.us,alibabaBlock_466,lruforgive,10,11343,27,1,1,0.1677,0.31,39386134,113429.8112,4593293
node4.tardis-apia.ldos-ut-pg0.wisc.cloudlab.us,alibabaBlock_466,lruforgive,10,11343,27,1,2,0.1677,0.31,39386134,113429.8112,4593293
node4.tardis-apia.ldos-ut-pg0.wisc.cloudlab.us,alibabaBlock_466,lruforgive,10,11343,27,1,3,0.1677,0.31,39386134,113429.8112,4593293
node4.tardis-apia.ldos-ut-pg0.wisc.cloudlab.us,alibabaBlock_466,s3fifo,10,11343,27,1,1,NA,NA,NA,113429.8112,4593293
node4.tardis-apia.ldos-ut-pg0.wisc.cloudlab.us,alibabaBlock_466,s3fifo,10,11343,27,1,2,NA,NA,NA,113429.8112,4593293
node4.tardis-apia.ldos-ut-pg0.wisc.cloudlab.us,alibabaBlock_466,s3fifo,10,11343,27,1,3,NA,NA,NA,113429.8112,4593293
node4.tardis-apia.ldos-ut-pg0.wisc.cloudlab.us,alibabaBlock_466,s3fifoforgive,10,11343,27,1,1,NA,NA,NA,113429.8112,4593293
node4.tardis-apia.ldos-ut-pg0.wisc.cloudlab.us,alibabaBlock_466,s3fifoforgive,10,11343,27,1,2,NA,NA,NA,113429.8112,4593293
node4.tardis-apia.ldos-ut-pg0.wisc.cloudlab.us,alibabaBlock_466,s3fifoforgive,10,11343,27,1,3,NA,NA,NA,113429.8112,4593293
node4.tardis-apia.ldos-ut-pg0.wisc.cloudlab.us,alibabaBlock_466,lru,0.1,113,23,1,1,0.4749,0.29,39386134,113429.8112,4593293
node4.tardis-apia.ldos-ut-pg0.wisc.cloudlab.us,alibabaBlock_466,lru,0.1,113,23,1,2,0.4749,0.29,39386134,113429.8112,4593293
node4.tardis-apia.ldos-ut-pg0.wisc.cloudlab.us,alibabaBlock_466,lru,0.1,113,23,1,3,0.4749,0.29,39386134,113429.8112,4593293
node4.tardis-apia.ldos-ut-pg0.wisc.cloudlab.us,alibabaBlock_466,lruforgive,0.1,113,23,1,1,0.4649,0.27,39386134,113429.8112,4593293
node4.tardis-apia.ldos-ut-pg0.wisc.cloudlab.us,alibabaBlock_466,lruforgive,0.1,113,23,1,2,0.4649,0.27,39386134,113429.8112,4593293
node4.tardis-apia.ldos-ut-pg0.wisc.cloudlab.us,alibabaBlock_466,lruforgive,0.1,113,23,1,3,0.4649,0.27,39386134,113429.8112,4593293
node4.tardis-apia.ldos-ut-pg0.wisc.cloudlab.us,alibabaBlock_466,s3fifo,0.1,113,23,1,1,0.4565,0.60,39386134,113429.8112,4593293
node4.tardis-apia.ldos-ut-pg0.wisc.cloudlab.us,alibabaBlock_466,s3fifo,0.1,113,23,1,2,0.4565,0.58,39386134,113429.8112,4593293
node4.tardis-apia.ldos-ut-pg0.wisc.cloudlab.us,alibabaBlock_466,s3fifo,0.1,113,23,1,3,0.4565,0.61,39386134,113429.8112,4593293
node4.tardis-apia.ldos-ut-pg0.wisc.cloudlab.us,alibabaBlock_466,s3fifoforgive,0.1,113,23,1,1,0.4562,0.45,39386134,113429.8112,4593293
node4.tardis-apia.ldos-ut-pg0.wisc.cloudlab.us,alibabaBlock_466,s3fifoforgive,0.1,113,23,1,2,0.4562,0.45,39386134,113429.8112,4593293
node4.tardis-apia.ldos-ut-pg0.wisc.cloudlab.us,alibabaBlock_466,s3fifoforgive,0.1,113,23,1,3,0.4561,0.44,39386134,113429.8112,4593293
node4.tardis-apia.ldos-ut-pg0.wisc.cloudlab.us,alibabaBlock_47,lru,10,36623,27,1,1,0.7322,0.13,14244299,366229.8112,8769842
node4.tardis-apia.ldos-ut-pg0.wisc.cloudlab.us,alibabaBlock_47,lru,10,36623,27,1,2,0.7322,0.13,14244299,366229.8112,8769842
node4.tardis-apia.ldos-ut-pg0.wisc.cloudlab.us,alibabaBlock_47,lru,10,36623,27,1,3,0.7322,0.13,14244299,366229.8112,8769842
node4.tardis-apia.ldos-ut-pg0.wisc.cloudlab.us,alibabaBlock_47,lruforgive,10,36623,27,1,1,0.7319,0.13,14244299,366229.8112,8769842
node4.tardis-apia.ldos-ut-pg0.wisc.cloudlab.us,alibabaBlock_47,lruforgive,10,36623,27,1,2,0.7319,0.13,14244299,366229.8112,8769842
node4.tardis-apia.ldos-ut-pg0.wisc.cloudlab.us,alibabaBlock_47,lruforgive,10,36623,27,1,3,0.7319,0.13,14244299,366229.8112,8769842
node4.tardis-apia.ldos-ut-pg0.wisc.cloudlab.us,alibabaBlock_47,s3fifo,10,36623,27,1,1,NA,NA,NA,366229.8112,8769842
node4.tardis-apia.ldos-ut-pg0.wisc.cloudlab.us,alibabaBlock_47,s3fifo,10,36623,27,1,2,NA,NA,NA,366229.8112,8769842
node4.tardis-apia.ldos-ut-pg0.wisc.cloudlab.us,alibabaBlock_47,s3fifo,10,36623,27,1,3,NA,NA,NA,366229.8112,8769842
node4.tardis-apia.ldos-ut-pg0.wisc.cloudlab.us,alibabaBlock_47,s3fifoforgive,10,36623,27,1,1,NA,NA,NA,366229.8112,8769842
node4.tardis-apia.ldos-ut-pg0.wisc.cloudlab.us,alibabaBlock_47,s3fifoforgive,10,36623,27,1,2,NA,NA,NA,366229.8112,8769842
node4.tardis-apia.ldos-ut-pg0.wisc.cloudlab.us,alibabaBlock_47,s3fifoforgive,10,36623,27,1,3,NA,NA,NA,366229.8112,8769842
node4.tardis-apia.ldos-ut-pg0.wisc.cloudlab.us,alibabaBlock_47,lru,0.1,366,25,1,1,0.8172,0.21,14244299,366229.8112,8769842
node4.tardis-apia.ldos-ut-pg0.wisc.cloudlab.us,alibabaBlock_47,lru,0.1,366,25,1,2,0.8172,0.22,14244299,366229.8112,8769842
node4.tardis-apia.ldos-ut-pg0.wisc.cloudlab.us,alibabaBlock_47,lru,0.1,366,25,1,3,0.8172,0.22,14244299,366229.8112,8769842
node4.tardis-apia.ldos-ut-pg0.wisc.cloudlab.us,alibabaBlock_47,lruforgive,0.1,366,25,1,1,0.8168,0.20,14244299,366229.8112,8769842
node4.tardis-apia.ldos-ut-pg0.wisc.cloudlab.us,alibabaBlock_47,lruforgive,0.1,366,25,1,2,0.8168,0.20,14244299,366229.8112,8769842
node4.tardis-apia.ldos-ut-pg0.wisc.cloudlab.us,alibabaBlock_47,lruforgive,0.1,366,25,1,3,0.8168,0.20,14244299,366229.8112,8769842
node4.tardis-apia.ldos-ut-pg0.wisc.cloudlab.us,alibabaBlock_47,s3fifo,0.1,366,25,1,1,0.8197,0.23,14244299,366229.8112,8769842
node4.tardis-apia.ldos-ut-pg0.wisc.cloudlab.us,alibabaBlock_47,s3fifo,0.1,366,25,1,2,0.8197,0.23,14244299,366229.8112,8769842
node4.tardis-apia.ldos-ut-pg0.wisc.cloudlab.us,alibabaBlock_47,s3fifo,0.1,366,25,1,3,0.8198,0.23,14244299,366229.8112,8769842
node4.tardis-apia.ldos-ut-pg0.wisc.cloudlab.us,alibabaBlock_47,s3fifoforgive,0.1,366,25,1,1,0.8196,0.22,14244299,366229.8112,8769842
node4.tardis-apia.ldos-ut-pg0.wisc.cloudlab.us,alibabaBlock_47,s3fifoforgive,0.1,366,25,1,2,0.8196,0.23,14244299,366229.8112,8769842
node4.tardis-apia.ldos-ut-pg0.wisc.cloudlab.us,alibabaBlock_47,s3fifoforgive,0.1,366,25,1,3,0.8196,0.23,14244299,366229.8112,8769842
node4.tardis-apia.ldos-ut-pg0.wisc.cloudlab.us,alibabaBlock_470,lru,10,36084,27,1,1,0.4775,0.09,9815529,360839.0656,4352484
node4.tardis-apia.ldos-ut-pg0.wisc.cloudlab.us,alibabaBlock_470,lru,10,36084,27,1,2,0.4775,0.09,9815529,360839.0656,4352484
node4.tardis-apia.ldos-ut-pg0.wisc.cloudlab.us,alibabaBlock_470,lru,10,36084,27,1,3,0.4775,0.09,9815529,360839.0656,4352484
node4.tardis-apia.ldos-ut-pg0.wisc.cloudlab.us,alibabaBlock_470,lruforgive,10,36084,27,1,1,0.4769,0.09,9815529,360839.0656,4352484
node4.tardis-apia.ldos-ut-pg0.wisc.cloudlab.us,alibabaBlock_470,lruforgive,10,36084,27,1,2,0.4769,0.09,9815529,360839.0656,4352484
node4.tardis-apia.ldos-ut-pg0.wisc.cloudlab.us,alibabaBlock_470,lruforgive,10,36084,27,1,3,0.4769,0.09,9815529,360839.0656,4352484
node4.tardis-apia.ldos-ut-pg0.wisc.cloudlab.us,alibabaBlock_470,s3fifo,10,36084,27,1,1,0.4761,0.09,9815529,360839.0656,4352484
node4.tardis-apia.ldos-ut-pg0.wisc.cloudlab.us,alibabaBlock_470,s3fifo,10,36084,27,1,2,0.4761,0.09,9815529,360839.0656,4352484
node4.tardis-apia.ldos-ut-pg0.wisc.cloudlab.us,alibabaBlock_470,s3fifo,10,36084,27,1,3,0.4761,0.09,9815529,360839.0656,4352484
node4.tardis-apia.ldos-ut-pg0.wisc.cloudlab.us,alibabaBlock_470,s3fifoforgive,10,36084,27,1,1,0.4761,0.09,9815529,360839.0656,4352484
node4.tardis-apia.ldos-ut-pg0.wisc.cloudlab.us,alibabaBlock_470,s3fifoforgive,10,36084,27,1,2,0.4761,0.09,9815529,360839.0656,4352484
node4.tardis-apia.ldos-ut-pg0.wisc.cloudlab.us,alibabaBlock_470,s3fifoforgive,10,36084,27,1,3,0.4761,0.09,9815529,360839.0656,4352484
node4.tardis-apia.ldos-ut-pg0.wisc.cloudlab.us,alibabaBlock_470,lru,0.1,361,24,1,1,0.6117,0.14,9815529,360839.0656,4352484
node4.tardis-apia.ldos-ut-pg0.wisc.cloudlab.us,alibabaBlock_470,lru,0.1,361,24,1,2,0.6117,0.14,9815529,360839.0656,4352484
node4.tardis-apia.ldos-ut-pg0.wisc.cloudlab.us,alibabaBlock_470,lru,0.1,361,24,1,3,0.6117,0.14,9815529,360839.0656,4352484
node4.tardis-apia.ldos-ut-pg0.wisc.cloudlab.us,alibabaBlock_470,lruforgive,0.1,361,24,1,1,0.6092,0.14,9815529,360839.0656,4352484
node4.tardis-apia.ldos-ut-pg0.wisc.cloudlab.us,alibabaBlock_470,lruforgive,0.1,361,24,1,2,0.6092,0.14,9815529,360839.0656,4352484
node4.tardis-apia.ldos-ut-pg0.wisc.cloudlab.us,alibabaBlock_470,lruforgive,0.1,361,24,1,3,0.6092,0.14,9815529,360839.0656,4352484
node4.tardis-apia.ldos-ut-pg0.wisc.cloudlab.us,alibabaBlock_470,s3fifo,0.1,361,24,1,1,0.6035,0.17,9815529,360839.0656,4352484
node4.tardis-apia.ldos-ut-pg0.wisc.cloudlab.us,alibabaBlock_470,s3fifo,0.1,361,24,1,2,0.6035,0.17,9815529,360839.0656,4352484
node4.tardis-apia.ldos-ut-pg0.wisc.cloudlab.us,alibabaBlock_470,s3fifo,0.1,361,24,1,3,0.6035,0.17,9815529,360839.0656,4352484
node4.tardis-apia.ldos-ut-pg0.wisc.cloudlab.us,alibabaBlock_470,s3fifoforgive,0.1,361,24,1,1,0.6033,0.16,9815529,360839.0656,4352484
node4.tardis-apia.ldos-ut-pg0.wisc.cloudlab.us,alibabaBlock_470,s3fifoforgive,0.1,361,24,1,2,0.6033,0.16,9815529,360839.0656,4352484
node4.tardis-apia.ldos-ut-pg0.wisc.cloudlab.us,alibabaBlock_470,s3fifoforgive,0.1,361,24,1,3,0.6033,0.16,9815529,360839.0656,4352484
node4.tardis-apia.ldos-ut-pg0.wisc.cloudlab.us,alibabaBlock_48,lru,10,1329,26,1,1,0.1216,1.05,36311050,13287.8336,1442239
node4.tardis-apia.ldos-ut-pg0.wisc.cloudlab.us,alibabaBlock_48,lru,10,1329,26,1,2,0.1216,1.04,36311050,13287.8336,1442239
node4.tardis-apia.ldos-ut-pg0.wisc.cloudlab.us,alibabaBlock_48,lru,10,1329,26,1,3,0.1216,1.06,36311050,13287.8336,1442239
node4.tardis-apia.ldos-ut-pg0.wisc.cloudlab.us,alibabaBlock_48,lruforgive,10,1329,26,1,1,0.1209,0.48,36311050,13287.8336,1442239
node4.tardis-apia.ldos-ut-pg0.wisc.cloudlab.us,alibabaBlock_48,lruforgive,10,1329,26,1,2,0.1209,0.48,36311050,13287.8336,1442239
node4.tardis-apia.ldos-ut-pg0.wisc.cloudlab.us,alibabaBlock_48,lruforgive,10,1329,26,1,3,0.1209,0.48,36311050,13287.8336,1442239
node4.tardis-apia.ldos-ut-pg0.wisc.cloudlab.us,alibabaBlock_48,s3fifo,10,1329,26,1,1,NA,NA,NA,13287.8336,1442239
node4.tardis-apia.ldos-ut-pg0.wisc.cloudlab.us,alibabaBlock_48,s3fifo,10,1329,26,1,2,NA,NA,NA,13287.8336,1442239
node4.tardis-apia.ldos-ut-pg0.wisc.cloudlab.us,alibabaBlock_48,s3fifo,10,1329,26,1,3,0.1456,1.04,36311050,13287.8336,1442239
node4.tardis-apia.ldos-ut-pg0.wisc.cloudlab.us,alibabaBlock_48,s3fifoforgive,10,1329,26,1,1,0.1455,0.52,36311050,13287.8336,1442239
node4.tardis-apia.ldos-ut-pg0.wisc.cloudlab.us,alibabaBlock_48,s3fifoforgive,10,1329,26,1,2,0.1455,0.52,36311050,13287.8336,1442239
node4.tardis-apia.ldos-ut-pg0.wisc.cloudlab.us,alibabaBlock_48,s3fifoforgive,10,1329,26,1,3,0.1455,0.52,36311050,13287.8336,1442239
node4.tardis-apia.ldos-ut-pg0.wisc.cloudlab.us,alibabaBlock_48,lru,0.1,13,20,1,1,0.2345,2.87,36311050,13287.8336,1442239
node4.tardis-apia.ldos-ut-pg0.wisc.cloudlab.us,alibabaBlock_48,lru,0.1,13,20,1,2,0.2345,2.91,36311050,13287.8336,1442239
node4.tardis-apia.ldos-ut-pg0.wisc.cloudlab.us,alibabaBlock_48,lru,0.1,13,20,1,3,0.2345,2.90,36311050,13287.8336,1442239
node4.tardis-apia.ldos-ut-pg0.wisc.cloudlab.us,alibabaBlock_48,lruforgive,0.1,13,20,1,1,0.2340,1.01,36311050,13287.8336,1442239
node4.tardis-apia.ldos-ut-pg0.wisc.cloudlab.us,alibabaBlock_48,lruforgive,0.1,13,20,1,2,0.2340,1.01,36311050,13287.8336,1442239
node4.tardis-apia.ldos-ut-pg0.wisc.cloudlab.us,alibabaBlock_48,lruforgive,0.1,13,20,1,3,0.2340,1.01,36311050,13287.8336,1442239
node4.tardis-apia.ldos-ut-pg0.wisc.cloudlab.us,alibabaBlock_48,s3fifo,0.1,13,20,1,1,0.2311,3.01,36311050,13287.8336,1442239
node4.tardis-apia.ldos-ut-pg0.wisc.cloudlab.us,alibabaBlock_48,s3fifo,0.1,13,20,1,2,0.2311,2.99,36311050,13287.8336,1442239
node4.tardis-apia.ldos-ut-pg0.wisc.cloudlab.us,alibabaBlock_48,s3fifo,0.1,13,20,1,3,0.2311,2.95,36311050,13287.8336,1442239
node4.tardis-apia.ldos-ut-pg0.wisc.cloudlab.us,alibabaBlock_48,s3fifoforgive,0.1,13,20,1,1,0.2300,1.07,36311050,13287.8336,1442239
node4.tardis-apia.ldos-ut-pg0.wisc.cloudlab.us,alibabaBlock_48,s3fifoforgive,0.1,13,20,1,2,0.2300,1.06,36311050,13287.8336,1442239
node4.tardis-apia.ldos-ut-pg0.wisc.cloudlab.us,alibabaBlock_48,s3fifoforgive,0.1,13,20,1,3,0.2300,1.06,36311050,13287.8336,1442239
node4.tardis-apia.ldos-ut-pg0.wisc.cloudlab.us,alibabaBlock_483,lru,10,3051,27,1,1,0.1190,0.75,18730463,30514.8928,2029959
node4.tardis-apia.ldos-ut-pg0.wisc.cloudlab.us,alibabaBlock_483,lru,10,3051,27,1,2,0.1190,0.76,18730463,30514.8928,2029959
node4.tardis-apia.ldos-ut-pg0.wisc.cloudlab.us,alibabaBlock_483,lru,10,3051,27,1,3,0.1190,0.76,18730463,30514.8928,2029959
node4.tardis-apia.ldos-ut-pg0.wisc.cloudlab.us,alibabaBlock_483,lruforgive,10,3051,27,1,1,0.1188,0.38,18730463,30514.8928,2029959
node4.tardis-apia.ldos-ut-pg0.wisc.cloudlab.us,alibabaBlock_483,lruforgive,10,3051,27,1,2,0.1188,0.37,18730463,30514.8928,2029959
node4.tardis-apia.ldos-ut-pg0.wisc.cloudlab.us,alibabaBlock_483,lruforgive,10,3051,27,1,3,0.1188,0.37,18730463,30514.8928,2029959
node4.tardis-apia.ldos-ut-pg0.wisc.cloudlab.us,alibabaBlock_483,s3fifo,10,3051,27,1,1,0.1384,0.83,18730463,30514.8928,2029959
node4.tardis-apia.ldos-ut-pg0.wisc.cloudlab.us,alibabaBlock_483,s3fifo,10,3051,27,1,2,0.1384,0.82,18730463,30514.8928,2029959
node4.tardis-apia.ldos-ut-pg0.wisc.cloudlab.us,alibabaBlock_483,s3fifo,10,3051,27,1,3,NA,NA,NA,30514.8928,2029959
node4.tardis-apia.ldos-ut-pg0.wisc.cloudlab.us,alibabaBlock_483,s3fifoforgive,10,3051,27,1,1,NA,NA,10911464,30514.8928,2029959
node4.tardis-apia.ldos-ut-pg0.wisc.cloudlab.us,alibabaBlock_483,s3fifoforgive,10,3051,27,1,2,NA,NA,10911464,30514.8928,2029959
node4.tardis-apia.ldos-ut-pg0.wisc.cloudlab.us,alibabaBlock_483,s3fifoforgive,10,3051,27,1,3,NA,NA,10911464,30514.8928,2029959
node4.tardis-apia.ldos-ut-pg0.wisc.cloudlab.us,alibabaBlock_483,lru,0.1,31,21,1,1,0.3553,1.72,18730463,30514.8928,2029959
node4.tardis-apia.ldos-ut-pg0.wisc.cloudlab.us,alibabaBlock_483,lru,0.1,31,21,1,2,0.3553,1.72,18730463,30514.8928,2029959
node4.tardis-apia.ldos-ut-pg0.wisc.cloudlab.us,alibabaBlock_483,lru,0.1,31,21,1,3,0.3553,1.74,18730463,30514.8928,2029959
node4.tardis-apia.ldos-ut-pg0.wisc.cloudlab.us,alibabaBlock_483,lruforgive,0.1,31,21,1,1,0.3255,0.58,18730463,30514.8928,2029959
node4.tardis-apia.ldos-ut-pg0.wisc.cloudlab.us,alibabaBlock_483,lruforgive,0.1,31,21,1,2,0.3255,0.58,18730463,30514.8928,2029959
node4.tardis-apia.ldos-ut-pg0.wisc.cloudlab.us,alibabaBlock_483,lruforgive,0.1,31,21,1,3,0.3255,0.58,18730463,30514.8928,2029959
node4.tardis-apia.ldos-ut-pg0.wisc.cloudlab.us,alibabaBlock_483,s3fifo,0.1,31,21,1,1,0.3277,1.92,18730463,30514.8928,2029959
node4.tardis-apia.ldos-ut-pg0.wisc.cloudlab.us,alibabaBlock_483,s3fifo,0.1,31,21,1,2,0.3277,1.85,18730463,30514.8928,2029959
node4.tardis-apia.ldos-ut-pg0.wisc.cloudlab.us,alibabaBlock_483,s3fifo,0.1,31,21,1,3,0.3277,1.91,18730463,30514.8928,2029959
node4.tardis-apia.ldos-ut-pg0.wisc.cloudlab.us,alibabaBlock_483,s3fifoforgive,0.1,31,21,1,1,0.3265,0.83,18730463,30514.8928,2029959
node4.tardis-apia.ldos-ut-pg0.wisc.cloudlab.us,alibabaBlock_483,s3fifoforgive,0.1,31,21,1,2,0.3265,0.84,18730463,30514.8928,2029959
node4.tardis-apia.ldos-ut-pg0.wisc.cloudlab.us,alibabaBlock_483,s3fifoforgive,0.1,31,21,1,3,0.3265,0.85,18730463,30514.8928,2029959
node4.tardis-apia.ldos-ut-pg0.wisc.cloudlab.us,alibabaBlock_5,lru,10,1287,26,1,1,0.0974,1.12,22478190,12874.9568,1685980
node4.tardis-apia.ldos-ut-pg0.wisc.cloudlab.us,alibabaBlock_5,lru,10,1287,26,1,2,0.0974,1.13,22478190,12874.9568,1685980
node4.tardis-apia.ldos-ut-pg0.wisc.cloudlab.us,alibabaBlock_5,lru,10,1287,26,1,3,0.0974,1.12,22478190,12874.9568,1685980
node4.tardis-apia.ldos-ut-pg0.wisc.cloudlab.us,alibabaBlock_5,lruforgive,10,1287,26,1,1,0.0977,0.46,22478190,12874.9568,1685980
node4.tardis-apia.ldos-ut-pg0.wisc.cloudlab.us,alibabaBlock_5,lruforgive,10,1287,26,1,2,0.0977,0.47,22478190,12874.9568,1685980
node4.tardis-apia.ldos-ut-pg0.wisc.cloudlab.us,alibabaBlock_5,lruforgive,10,1287,26,1,3,0.0977,0.46,22478190,12874.9568,1685980
node4.tardis-apia.ldos-ut-pg0.wisc.cloudlab.us,alibabaBlock_5,s3fifo,10,1287,26,1,1,NA,NA,NA,12874.9568,1685980
node4.tardis-apia.ldos-ut-pg0.wisc.cloudlab.us,alibabaBlock_5,s3fifo,10,1287,26,1,2,NA,NA,NA,12874.9568,1685980
node4.tardis-apia.ldos-ut-pg0.wisc.cloudlab.us,alibabaBlock_5,s3fifo,10,1287,26,1,3,NA,NA,NA,12874.9568,1685980
node4.tardis-apia.ldos-ut-pg0.wisc.cloudlab.us,alibabaBlock_5,s3fifoforgive,10,1287,26,1,1,0.1166,0.51,22478190,12874.9568,1685980
node4.tardis-apia.ldos-ut-pg0.wisc.cloudlab.us,alibabaBlock_5,s3fifoforgive,10,1287,26,1,2,0.1166,0.51,22478190,12874.9568,1685980
node4.tardis-apia.ldos-ut-pg0.wisc.cloudlab.us,alibabaBlock_5,s3fifoforgive,10,1287,26,1,3,0.1166,0.51,22478190,12874.9568,1685980
node4.tardis-apia.ldos-ut-pg0.wisc.cloudlab.us,alibabaBlock_5,lru,0.1,13,20,1,1,0.3320,2.26,22478190,12874.9568,1685980
node4.tardis-apia.ldos-ut-pg0.wisc.cloudlab.us,alibabaBlock_5,lru,0.1,13,20,1,2,0.3320,2.26,22478190,12874.9568,1685980
node4.tardis-apia.ldos-ut-pg0.wisc.cloudlab.us,alibabaBlock_5,lru,0.1,13,20,1,3,0.3320,2.27,22478190,12874.9568,1685980
node4.tardis-apia.ldos-ut-pg0.wisc.cloudlab.us,alibabaBlock_5,lruforgive,0.1,13,20,1,1,0.3058,0.74,22478190,12874.9568,1685980
node4.tardis-apia.ldos-ut-pg0.wisc.cloudlab.us,alibabaBlock_5,lruforgive,0.1,13,20,1,2,0.3058,0.75,22478190,12874.9568,1685980
node4.tardis-apia.ldos-ut-pg0.wisc.cloudlab.us,alibabaBlock_5,lruforgive,0.1,13,20,1,3,0.3058,0.75,22478190,12874.9568,1685980
node4.tardis-apia.ldos-ut-pg0.wisc.cloudlab.us,alibabaBlock_5,s3fifo,0.1,13,20,1,1,0.2799,2.51,22478190,12874.9568,1685980
node4.tardis-apia.ldos-ut-pg0.wisc.cloudlab.us,alibabaBlock_5,s3fifo,0.1,13,20,1,2,0.2799,2.52,22478190,12874.9568,1685980
node4.tardis-apia.ldos-ut-pg0.wisc.cloudlab.us,alibabaBlock_5,s3fifo,0.1,13,20,1,3,0.2799,2.53,22478190,12874.9568,1685980
node4.tardis-apia.ldos-ut-pg0.wisc.cloudlab.us,alibabaBlock_5,s3fifoforgive,0.1,13,20,1,1,0.2780,0.94,22478190,12874.9568,1685980
node4.tardis-apia.ldos-ut-pg0.wisc.cloudlab.us,alibabaBlock_5,s3fifoforgive,0.1,13,20,1,2,0.2780,0.93,22478190,12874.9568,1685980
node4.tardis-apia.ldos-ut-pg0.wisc.cloudlab.us,alibabaBlock_5,s3fifoforgive,0.1,13,20,1,3,0.2780,0.93,22478190,12874.9568,1685980
node4.tardis-apia.ldos-ut-pg0.wisc.cloudlab.us,alibabaBlock_507,lru,10,45947,27,1,1,0.1659,0.21,38843591,459466.1376,4364486
node4.tardis-apia.ldos-ut-pg0.wisc.cloudlab.us,alibabaBlock_507,lru,10,45947,27,1,2,0.1659,0.21,38843591,459466.1376,4364486
node4.tardis-apia.ldos-ut-pg0.wisc.cloudlab.us,alibabaBlock_507,lru,10,45947,27,1,3,0.1659,0.20,38843591,459466.1376,4364486
node4.tardis-apia.ldos-ut-pg0.wisc.cloudlab.us,alibabaBlock_507,lruforgive,10,45947,27,1,1,0.1658,0.17,38843591,459466.1376,4364486
node4.tardis-apia.ldos-ut-pg0.wisc.cloudlab.us,alibabaBlock_507,lruforgive,10,45947,27,1,2,0.1658,0.17,38843591,459466.1376,4364486
node4.tardis-apia.ldos-ut-pg0.wisc.cloudlab.us,alibabaBlock_507,lruforgive,10,45947,27,1,3,0.1658,0.17,38843591,459466.1376,4364486
node4.tardis-apia.ldos-ut-pg0.wisc.cloudlab.us,alibabaBlock_507,s3fifo,10,45947,27,1,1,0.1658,0.21,38843591,459466.1376,4364486
node4.tardis-apia.ldos-ut-pg0.wisc.cloudlab.us,alibabaBlock_507,s3fifo,10,45947,27,1,2,0.1658,0.21,38843591,459466.1376,4364486
node4.tardis-apia.ldos-ut-pg0.wisc.cloudlab.us,alibabaBlock_507,s3fifo,10,45947,27,1,3,0.1658,0.21,38843591,459466.1376,4364486
node4.tardis-apia.ldos-ut-pg0.wisc.cloudlab.us,alibabaBlock_507,s3fifoforgive,10,45947,27,1,1,0.1658,0.18,38843591,459466.1376,4364486
node4.tardis-apia.ldos-ut-pg0.wisc.cloudlab.us,alibabaBlock_507,s3fifoforgive,10,45947,27,1,2,0.1658,0.18,38843591,459466.1376,4364486
node4.tardis-apia.ldos-ut-pg0.wisc.cloudlab.us,alibabaBlock_507,s3fifoforgive,10,45947,27,1,3,0.1658,0.18,38843591,459466.1376,4364486
node4.tardis-apia.ldos-ut-pg0.wisc.cloudlab.us,alibabaBlock_507,lru,0.1,459,25,1,1,0.2378,0.56,38843591,459466.1376,4364486
node4.tardis-apia.ldos-ut-pg0.wisc.cloudlab.us,alibabaBlock_507,lru,0.1,459,25,1,2,0.2387,0.56,38843591,459466.1376,4364486
node4.tardis-apia.ldos-ut-pg0.wisc.cloudlab.us,alibabaBlock_507,lru,0.1,459,25,1,3,0.2378,0.55,38843591,459466.1376,4364486
node4.tardis-apia.ldos-ut-pg0.wisc.cloudlab.us,alibabaBlock_507,lruforgive,0.1,459,25,1,1,0.2378,0.34,38843591,459466.1376,4364486
node4.tardis-apia.ldos-ut-pg0.wisc.cloudlab.us,alibabaBlock_507,lruforgive,0.1,459,25,1,2,0.2378,0.34,38843591,459466.1376,4364486
node4.tardis-apia.ldos-ut-pg0.wisc.cloudlab.us,alibabaBlock_507,lruforgive,0.1,459,25,1,3,0.2378,0.34,38843591,459466.1376,4364486
node4.tardis-apia.ldos-ut-pg0.wisc.cloudlab.us,alibabaBlock_507,s3fifo,0.1,459,25,1,1,NA,NA,NA,459466.1376,4364486
node4.tardis-apia.ldos-ut-pg0.wisc.cloudlab.us,alibabaBlock_507,s3fifo,0.1,459,25,1,2,NA,NA,NA,459466.1376,4364486
node4.tardis-apia.ldos-ut-pg0.wisc.cloudlab.us,alibabaBlock_507,s3fifo,0.1,459,25,1,3,0.2201,0.61,38843591,459466.1376,4364486
node4.tardis-apia.ldos-ut-pg0.wisc.cloudlab.us,alibabaBlock_507,s3fifoforgive,0.1,459,25,1,1,0.2211,0.37,38843591,459466.1376,4364486
node4.tardis-apia.ldos-ut-pg0.wisc.cloudlab.us,alibabaBlock_507,s3fifoforgive,0.1,459,25,1,2,0.2200,0.37,38843591,459466.1376,4364486
node4.tardis-apia.ldos-ut-pg0.wisc.cloudlab.us,alibabaBlock_507,s3fifoforgive,0.1,459,25,1,3,0.2201,0.37,38843591,459466.1376,4364486
node4.tardis-apia.ldos-ut-pg0.wisc.cloudlab.us,alibabaBlock_509,lru,10,1308,26,1,1,0.0966,1.12,22444797,13083.0336,1726424
node4.tardis-apia.ldos-ut-pg0.wisc.cloudlab.us,alibabaBlock_509,lru,10,1308,26,1,2,0.0966,1.12,22444797,13083.0336,1726424
node4.tardis-apia.ldos-ut-pg0.wisc.cloudlab.us,alibabaBlock_509,lru,10,1308,26,1,3,0.0966,1.13,22444797,13083.0336,1726424
node4.tardis-apia.ldos-ut-pg0.wisc.cloudlab.us,alibabaBlock_509,lruforgive,10,1308,26,1,1,0.0969,0.47,22444797,13083.0336,1726424
node4.tardis-apia.ldos-ut-pg0.wisc.cloudlab.us,alibabaBlock_509,lruforgive,10,1308,26,1,2,0.0969,0.46,22444797,13083.0336,1726424
node4.tardis-apia.ldos-ut-pg0.wisc.cloudlab.us,alibabaBlock_509,lruforgive,10,1308,26,1,3,0.0969,0.46,22444797,13083.0336,1726424
node4.tardis-apia.ldos-ut-pg0.wisc.cloudlab.us,alibabaBlock_509,s3fifo,10,1308,26,1,1,NA,NA,NA,13083.0336,1726424
node4.tardis-apia.ldos-ut-pg0.wisc.cloudlab.us,alibabaBlock_509,s3fifo,10,1308,26,1,2,NA,NA,NA,13083.0336,1726424
node4.tardis-apia.ldos-ut-pg0.wisc.cloudlab.us,alibabaBlock_509,s3fifo,10,1308,26,1,3,NA,NA,NA,13083.0336,1726424
node4.tardis-apia.ldos-ut-pg0.wisc.cloudlab.us,alibabaBlock_509,s3fifoforgive,10,1308,26,1,1,NA,NA,13034652,13083.0336,1726424
node4.tardis-apia.ldos-ut-pg0.wisc.cloudlab.us,alibabaBlock_509,s3fifoforgive,10,1308,26,1,2,NA,NA,13034652,13083.0336,1726424
node4.tardis-apia.ldos-ut-pg0.wisc.cloudlab.us,alibabaBlock_509,s3fifoforgive,10,1308,26,1,3,NA,NA,13034652,13083.0336,1726424
node4.tardis-apia.ldos-ut-pg0.wisc.cloudlab.us,alibabaBlock_509,lru,0.1,13,20,1,1,0.4155,2.21,22444797,13083.0336,1726424
node4.tardis-apia.ldos-ut-pg0.wisc.cloudlab.us,alibabaBlock_509,lru,0.1,13,20,1,2,0.4155,2.22,22444797,13083.0336,1726424
node4.tardis-apia.ldos-ut-pg0.wisc.cloudlab.us,alibabaBlock_509,lru,0.1,13,20,1,3,0.4155,2.24,22444797,13083.0336,1726424
node4.tardis-apia.ldos-ut-pg0.wisc.cloudlab.us,alibabaBlock_509,lruforgive,0.1,13,20,1,1,0.3939,0.67,22444797,13083.0336,1726424
node4.tardis-apia.ldos-ut-pg0.wisc.cloudlab.us,alibabaBlock_509,lruforgive,0.1,13,20,1,2,0.3939,0.67,22444797,13083.0336,1726424
node4.tardis-apia.ldos-ut-pg0.wisc.cloudlab.us,alibabaBlock_509,lruforgive,0.1,13,20,1,3,0.3939,0.67,22444797,13083.0336,1726424
node4.tardis-apia.ldos-ut-pg0.wisc.cloudlab.us,alibabaBlock_509,s3fifo,0.1,13,20,1,1,0.3691,2.36,22444797,13083.0336,1726424
node4.tardis-apia.ldos-ut-pg0.wisc.cloudlab.us,alibabaBlock_509,s3fifo,0.1,13,20,1,2,0.3691,2.38,22444797,13083.0336,1726424
node4.tardis-apia.ldos-ut-pg0.wisc.cloudlab.us,alibabaBlock_509,s3fifo,0.1,13,20,1,3,0.3691,2.37,22444797,13083.0336,1726424
node4.tardis-apia.ldos-ut-pg0.wisc.cloudlab.us,alibabaBlock_509,s3fifoforgive,0.1,13,20,1,1,0.3635,0.98,22444797,13083.0336,1726424
node4.tardis-apia.ldos-ut-pg0.wisc.cloudlab.us,alibabaBlock_509,s3fifoforgive,0.1,13,20,1,2,0.3635,0.82,22444797,13083.0336,1726424
node4.tardis-apia.ldos-ut-pg0.wisc.cloudlab.us,alibabaBlock_509,s3fifoforgive,0.1,13,20,1,3,0.3635,0.97,22444797,13083.0336,1726424
node4.tardis-apia.ldos-ut-pg0.wisc.cloudlab.us,alibabaBlock_513,lru,10,1255,26,1,1,0.0980,1.10,22441236,12545.9456,1665847
node4.tardis-apia.ldos-ut-pg0.wisc.cloudlab.us,alibabaBlock_513,lru,10,1255,26,1,2,0.0980,1.11,22441236,12545.9456,1665847
node4.tardis-apia.ldos-ut-pg0.wisc.cloudlab.us,alibabaBlock_513,lru,10,1255,26,1,3,0.0980,1.10,22441236,12545.9456,1665847
node4.tardis-apia.ldos-ut-pg0.wisc.cloudlab.us,alibabaBlock_513,lruforgive,10,1255,26,1,1,0.0983,0.46,22441236,12545.9456,1665847
node4.tardis-apia.ldos-ut-pg0.wisc.cloudlab.us,alibabaBlock_513,lruforgive,10,1255,26,1,2,0.0983,0.46,22441236,12545.9456,1665847
node4.tardis-apia.ldos-ut-pg0.wisc.cloudlab.us,alibabaBlock_513,lruforgive,10,1255,26,1,3,0.0983,0.46,22441236,12545.9456,1665847
node4.tardis-apia.ldos-ut-pg0.wisc.cloudlab.us,alibabaBlock_513,s3fifo,10,1255,26,1,1,0.1183,1.16,22441236,12545.9456,1665847
node4.tardis-apia.ldos-ut-pg0.wisc.cloudlab.us,alibabaBlock_513,s3fifo,10,1255,26,1,2,0.1183,1.16,22441236,12545.9456,1665847
node4.tardis-apia.ldos-ut-pg0.wisc.cloudlab.us,alibabaBlock_513,s3fifo,10,1255,26,1,3,0.1183,1.13,22441236,12545.9456,1665847
node4.tardis-apia.ldos-ut-pg0.wisc.cloudlab.us,alibabaBlock_513,s3fifoforgive,10,1255,26,1,1,NA,NA,13016928,12545.9456,1665847
node4.tardis-apia.ldos-ut-pg0.wisc.cloudlab.us,alibabaBlock_513,s3fifoforgive,10,1255,26,1,2,NA,NA,13016928,12545.9456,1665847
node4.tardis-apia.ldos-ut-pg0.wisc.cloudlab.us,alibabaBlock_513,s3fifoforgive,10,1255,26,1,3,NA,NA,13016928,12545.9456,1665847
node4.tardis-apia.ldos-ut-pg0.wisc.cloudlab.us,alibabaBlock_513,lru,0.1,13,20,1,1,0.4057,2.23,22441236,12545.9456,1665847
node4.tardis-apia.ldos-ut-pg0.wisc.cloudlab.us,alibabaBlock_513,lru,0.1,13,20,1,2,0.4057,2.24,22441236,12545.9456,1665847
node4.tardis-apia.ldos-ut-pg0.wisc.cloudlab.us,alibabaBlock_513,lru,0.1,13,20,1,3,0.4057,2.31,22441236,12545.9456,1665847
node4.tardis-apia.ldos-ut-pg0.wisc.cloudlab.us,alibabaBlock_513,lruforgive,0.1,13,20,1,1,0.3831,0.67,22441236,12545.9456,1665847
node4.tardis-apia.ldos-ut-pg0.wisc.cloudlab.us,alibabaBlock_513,lruforgive,0.1,13,20,1,2,0.3831,0.67,22441236,12545.9456,1665847
node4.tardis-apia.ldos-ut-pg0.wisc.cloudlab.us,alibabaBlock_513,lruforgive,0.1,13,20,1,3,0.3831,0.67,22441236,12545.9456,1665847
node4.tardis-apia.ldos-ut-pg0.wisc.cloudlab.us,alibabaBlock_513,s3fifo,0.1,13,20,1,1,0.3630,2.42,22441236,12545.9456,1665847
node4.tardis-apia.ldos-ut-pg0.wisc.cloudlab.us,alibabaBlock_513,s3fifo,0.1,13,20,1,2,0.3630,2.40,22441236,12545.9456,1665847
node4.tardis-apia.ldos-ut-pg0.wisc.cloudlab.us,alibabaBlock_513,s3fifo,0.1,13,20,1,3,0.3630,2.47,22441236,12545.9456,1665847
node4.tardis-apia.ldos-ut-pg0.wisc.cloudlab.us,alibabaBlock_513,s3fifoforgive,0.1,13,20,1,1,0.3571,0.97,22441236,12545.9456,1665847
node4.tardis-apia.ldos-ut-pg0.wisc.cloudlab.us,alibabaBlock_513,s3fifoforgive,0.1,13,20,1,2,0.3571,0.94,22441236,12545.9456,1665847
node4.tardis-apia.ldos-ut-pg0.wisc.cloudlab.us,alibabaBlock_513,s3fifoforgive,0.1,13,20,1,3,0.3571,0.97,22441236,12545.9456,1665847
node4.tardis-apia.ldos-ut-pg0.wisc.cloudlab.us,alibabaBlock_52,lru,10,217807,27,1,1,NA_TOOBIG,NA,NA,2178066.1248,53303161
node4.tardis-apia.ldos-ut-pg0.wisc.cloudlab.us,alibabaBlock_52,lru,10,217807,27,1,2,NA_TOOBIG,NA,NA,2178066.1248,53303161
node4.tardis-apia.ldos-ut-pg0.wisc.cloudlab.us,alibabaBlock_52,lru,10,217807,27,1,3,NA_TOOBIG,NA,NA,2178066.1248,53303161
node4.tardis-apia.ldos-ut-pg0.wisc.cloudlab.us,alibabaBlock_52,lruforgive,10,217807,27,1,1,NA_TOOBIG,NA,NA,2178066.1248,53303161
node4.tardis-apia.ldos-ut-pg0.wisc.cloudlab.us,alibabaBlock_52,lruforgive,10,217807,27,1,2,NA_TOOBIG,NA,NA,2178066.1248,53303161
node4.tardis-apia.ldos-ut-pg0.wisc.cloudlab.us,alibabaBlock_52,lruforgive,10,217807,27,1,3,NA_TOOBIG,NA,NA,2178066.1248,53303161
node4.tardis-apia.ldos-ut-pg0.wisc.cloudlab.us,alibabaBlock_52,s3fifo,10,217807,27,1,1,NA_TOOBIG,NA,NA,2178066.1248,53303161
node4.tardis-apia.ldos-ut-pg0.wisc.cloudlab.us,alibabaBlock_52,s3fifo,10,217807,27,1,2,NA_TOOBIG,NA,NA,2178066.1248,53303161
node4.tardis-apia.ldos-ut-pg0.wisc.cloudlab.us,alibabaBlock_52,s3fifo,10,217807,27,1,3,NA_TOOBIG,NA,NA,2178066.1248,53303161
node4.tardis-apia.ldos-ut-pg0.wisc.cloudlab.us,alibabaBlock_52,s3fifoforgive,10,217807,27,1,1,NA_TOOBIG,NA,NA,2178066.1248,53303161
node4.tardis-apia.ldos-ut-pg0.wisc.cloudlab.us,alibabaBlock_52,s3fifoforgive,10,217807,27,1,2,NA_TOOBIG,NA,NA,2178066.1248,53303161
node4.tardis-apia.ldos-ut-pg0.wisc.cloudlab.us,alibabaBlock_52,s3fifoforgive,10,217807,27,1,3,NA_TOOBIG,NA,NA,2178066.1248,53303161
node4.tardis-apia.ldos-ut-pg0.wisc.cloudlab.us,alibabaBlock_52,lru,0.1,2178,27,1,1,NA,NA,NA,2178066.1248,53303161
node4.tardis-apia.ldos-ut-pg0.wisc.cloudlab.us,alibabaBlock_52,lru,0.1,2178,27,1,2,NA,NA,NA,2178066.1248,53303161
node4.tardis-apia.ldos-ut-pg0.wisc.cloudlab.us,alibabaBlock_52,lru,0.1,2178,27,1,3,NA,NA,NA,2178066.1248,53303161
node4.tardis-apia.ldos-ut-pg0.wisc.cloudlab.us,alibabaBlock_52,lruforgive,0.1,2178,27,1,1,NA,NA,NA,2178066.1248,53303161
node4.tardis-apia.ldos-ut-pg0.wisc.cloudlab.us,alibabaBlock_52,lruforgive,0.1,2178,27,1,2,NA,NA,NA,2178066.1248,53303161
node4.tardis-apia.ldos-ut-pg0.wisc.cloudlab.us,alibabaBlock_52,lruforgive,0.1,2178,27,1,3,NA,NA,NA,2178066.1248,53303161
node4.tardis-apia.ldos-ut-pg0.wisc.cloudlab.us,alibabaBlock_52,s3fifo,0.1,2178,27,1,1,NA,NA,NA,2178066.1248,53303161
node4.tardis-apia.ldos-ut-pg0.wisc.cloudlab.us,alibabaBlock_52,s3fifo,0.1,2178,27,1,2,NA,NA,NA,2178066.1248,53303161
node4.tardis-apia.ldos-ut-pg0.wisc.cloudlab.us,alibabaBlock_52,s3fifo,0.1,2178,27,1,3,NA,NA,NA,2178066.1248,53303161
node4.tardis-apia.ldos-ut-pg0.wisc.cloudlab.us,alibabaBlock_52,s3fifoforgive,0.1,2178,27,1,1,NA,NA,NA,2178066.1248,53303161
node4.tardis-apia.ldos-ut-pg0.wisc.cloudlab.us,alibabaBlock_52,s3fifoforgive,0.1,2178,27,1,2,NA,NA,NA,2178066.1248,53303161
node4.tardis-apia.ldos-ut-pg0.wisc.cloudlab.us,alibabaBlock_52,s3fifoforgive,0.1,2178,27,1,3,NA,NA,NA,2178066.1248,53303161
node4.tardis-apia.ldos-ut-pg0.wisc.cloudlab.us,alibabaBlock_522,lru,10,1140,26,1,1,0.0637,1.36,25569194,11397.8368,1317289
node4.tardis-apia.ldos-ut-pg0.wisc.cloudlab.us,alibabaBlock_522,lru,10,1140,26,1,2,0.0637,1.35,25569194,11397.8368,1317289
node4.tardis-apia.ldos-ut-pg0.wisc.cloudlab.us,alibabaBlock_522,lru,10,1140,26,1,3,0.0637,1.36,25569194,11397.8368,1317289
node4.tardis-apia.ldos-ut-pg0.wisc.cloudlab.us,alibabaBlock_522,lruforgive,10,1140,26,1,1,0.0638,0.51,25569194,11397.8368,1317289
node4.tardis-apia.ldos-ut-pg0.wisc.cloudlab.us,alibabaBlock_522,lruforgive,10,1140,26,1,2,0.0639,0.51,25569194,11397.8368,1317289
node4.tardis-apia.ldos-ut-pg0.wisc.cloudlab.us,alibabaBlock_522,lruforgive,10,1140,26,1,3,0.0638,0.51,25569194,11397.8368,1317289
node4.tardis-apia.ldos-ut-pg0.wisc.cloudlab.us,alibabaBlock_522,s3fifo,10,1140,26,1,1,0.0740,1.47,25569194,11397.8368,1317289
node4.tardis-apia.ldos-ut-pg0.wisc.cloudlab.us,alibabaBlock_522,s3fifo,10,1140,26,1,2,NA,NA,NA,11397.8368,1317289
node4.tardis-apia.ldos-ut-pg0.wisc.cloudlab.us,alibabaBlock_522,s3fifo,10,1140,26,1,3,0.0739,1.50,25569194,11397.8368,1317289
node4.tardis-apia.ldos-ut-pg0.wisc.cloudlab.us,alibabaBlock_522,s3fifoforgive,10,1140,26,1,1,0.0739,0.55,25569194,11397.8368,1317289
node4.tardis-apia.ldos-ut-pg0.wisc.cloudlab.us,alibabaBlock_522,s3fifoforgive,10,1140,26,1,2,0.0739,0.55,25569194,11397.8368,1317289
node4.tardis-apia.ldos-ut-pg0.wisc.cloudlab.us,alibabaBlock_522,s3fifoforgive,10,1140,26,1,3,0.0739,0.55,25569194,11397.8368,1317289
node4.tardis-apia.ldos-ut-pg0.wisc.cloudlab.us,alibabaBlock_522,lru,0.1,11,20,1,1,0.3767,2.31,25569194,11397.8368,1317289
node4.tardis-apia.ldos-ut-pg0.wisc.cloudlab.us,alibabaBlock_522,lru,0.1,11,20,1,2,0.3767,2.33,25569194,11397.8368,1317289
node4.tardis-apia.ldos-ut-pg0.wisc.cloudlab.us,alibabaBlock_522,lru,0.1,11,20,1,3,0.3767,2.32,25569194,11397.8368,1317289
node4.tardis-apia.ldos-ut-pg0.wisc.cloudlab.us,alibabaBlock_522,lruforgive,0.1,11,20,1,1,0.3377,0.62,25569194,11397.8368,1317289
node4.tardis-apia.ldos-ut-pg0.wisc.cloudlab.us,alibabaBlock_522,lruforgive,0.1,11,20,1,2,0.3377,0.62,25569194,11397.8368,1317289
node4.tardis-apia.ldos-ut-pg0.wisc.cloudlab.us,alibabaBlock_522,lruforgive,0.1,11,20,1,3,0.3377,0.62,25569194,11397.8368,1317289
node4.tardis-apia.ldos-ut-pg0.wisc.cloudlab.us,alibabaBlock_522,s3fifo,0.1,11,20,1,1,0.3094,2.52,25569194,11397.8368,1317289
node4.tardis-apia.ldos-ut-pg0.wisc.cloudlab.us,alibabaBlock_522,s3fifo,0.1,11,20,1,2,0.3094,2.56,25569194,11397.8368,1317289
node4.tardis-apia.ldos-ut-pg0.wisc.cloudlab.us,alibabaBlock_522,s3fifo,0.1,11,20,1,3,0.3094,2.56,25569194,11397.8368,1317289
node4.tardis-apia.ldos-ut-pg0.wisc.cloudlab.us,alibabaBlock_522,s3fifoforgive,0.1,11,20,1,1,0.3057,0.94,25569194,11397.8368,1317289
node4.tardis-apia.ldos-ut-pg0.wisc.cloudlab.us,alibabaBlock_522,s3fifoforgive,0.1,11,20,1,2,0.3057,0.98,25569194,11397.8368,1317289
node4.tardis-apia.ldos-ut-pg0.wisc.cloudlab.us,alibabaBlock_522,s3fifoforgive,0.1,11,20,1,3,0.3057,0.97,25569194,11397.8368,1317289
node4.tardis-apia.ldos-ut-pg0.wisc.cloudlab.us,alibabaBlock_538,lru,10,237199,27,1,1,NA_TOOBIG,NA,NA,2371993.8048,6134423
node4.tardis-apia.ldos-ut-pg0.wisc.cloudlab.us,alibabaBlock_538,lru,10,237199,27,1,2,NA_TOOBIG,NA,NA,2371993.8048,6134423
node4.tardis-apia.ldos-ut-pg0.wisc.cloudlab.us,alibabaBlock_538,lru,10,237199,27,1,3,NA_TOOBIG,NA,NA,2371993.8048,6134423
node4.tardis-apia.ldos-ut-pg0.wisc.cloudlab.us,alibabaBlock_538,lruforgive,10,237199,27,1,1,NA_TOOBIG,NA,NA,2371993.8048,6134423
node4.tardis-apia.ldos-ut-pg0.wisc.cloudlab.us,alibabaBlock_538,lruforgive,10,237199,27,1,2,NA_TOOBIG,NA,NA,2371993.8048,6134423
node4.tardis-apia.ldos-ut-pg0.wisc.cloudlab.us,alibabaBlock_538,lruforgive,10,237199,27,1,3,NA_TOOBIG,NA,NA,2371993.8048,6134423
node4.tardis-apia.ldos-ut-pg0.wisc.cloudlab.us,alibabaBlock_538,s3fifo,10,237199,27,1,1,NA_TOOBIG,NA,NA,2371993.8048,6134423
node4.tardis-apia.ldos-ut-pg0.wisc.cloudlab.us,alibabaBlock_538,s3fifo,10,237199,27,1,2,NA_TOOBIG,NA,NA,2371993.8048,6134423
node4.tardis-apia.ldos-ut-pg0.wisc.cloudlab.us,alibabaBlock_538,s3fifo,10,237199,27,1,3,NA_TOOBIG,NA,NA,2371993.8048,6134423
node4.tardis-apia.ldos-ut-pg0.wisc.cloudlab.us,alibabaBlock_538,s3fifoforgive,10,237199,27,1,1,NA_TOOBIG,NA,NA,2371993.8048,6134423
node4.tardis-apia.ldos-ut-pg0.wisc.cloudlab.us,alibabaBlock_538,s3fifoforgive,10,237199,27,1,2,NA_TOOBIG,NA,NA,2371993.8048,6134423
node4.tardis-apia.ldos-ut-pg0.wisc.cloudlab.us,alibabaBlock_538,s3fifoforgive,10,237199,27,1,3,NA_TOOBIG,NA,NA,2371993.8048,6134423
node4.tardis-apia.ldos-ut-pg0.wisc.cloudlab.us,alibabaBlock_538,lru,0.1,2372,27,1,1,0.9619,0.02,14348492,2371993.8048,6134423
node4.tardis-apia.ldos-ut-pg0.wisc.cloudlab.us,alibabaBlock_538,lru,0.1,2372,27,1,2,0.9619,0.02,14348492,2371993.8048,6134423
node4.tardis-apia.ldos-ut-pg0.wisc.cloudlab.us,alibabaBlock_538,lru,0.1,2372,27,1,3,0.9619,0.02,14348492,2371993.8048,6134423
node4.tardis-apia.ldos-ut-pg0.wisc.cloudlab.us,alibabaBlock_538,lruforgive,0.1,2372,27,1,1,0.9611,0.02,14348492,2371993.8048,6134423
node4.tardis-apia.ldos-ut-pg0.wisc.cloudlab.us,alibabaBlock_538,lruforgive,0.1,2372,27,1,2,0.9611,0.02,14348492,2371993.8048,6134423
node4.tardis-apia.ldos-ut-pg0.wisc.cloudlab.us,alibabaBlock_538,lruforgive,0.1,2372,27,1,3,0.9611,0.02,14348492,2371993.8048,6134423
node4.tardis-apia.ldos-ut-pg0.wisc.cloudlab.us,alibabaBlock_538,s3fifo,0.1,2372,27,1,1,0.9586,0.02,14348492,2371993.8048,6134423
node4.tardis-apia.ldos-ut-pg0.wisc.cloudlab.us,alibabaBlock_538,s3fifo,0.1,2372,27,1,2,0.9586,0.02,14348492,2371993.8048,6134423
node4.tardis-apia.ldos-ut-pg0.wisc.cloudlab.us,alibabaBlock_538,s3fifo,0.1,2372,27,1,3,0.9586,0.02,14348492,2371993.8048,6134423
node4.tardis-apia.ldos-ut-pg0.wisc.cloudlab.us,alibabaBlock_538,s3fifoforgive,0.1,2372,27,1,1,0.9587,0.02,14348492,2371993.8048,6134423
node4.tardis-apia.ldos-ut-pg0.wisc.cloudlab.us,alibabaBlock_538,s3fifoforgive,0.1,2372,27,1,2,0.9587,0.02,14348492,2371993.8048,6134423
node4.tardis-apia.ldos-ut-pg0.wisc.cloudlab.us,alibabaBlock_538,s3fifoforgive,0.1,2372,27,1,3,0.9587,0.02,14348492,2371993.8048,6134423
node4.tardis-apia.ldos-ut-pg0.wisc.cloudlab.us,alibabaBlock_54,lru,10,8878,27,1,1,0.1070,0.63,44738696,88781.824,3732219
node4.tardis-apia.ldos-ut-pg0.wisc.cloudlab.us,alibabaBlock_54,lru,10,8878,27,1,2,0.1070,0.61,44738696,88781.824,3732219
node4.tardis-apia.ldos-ut-pg0.wisc.cloudlab.us,alibabaBlock_54,lru,10,8878,27,1,3,0.1070,0.62,44738696,88781.824,3732219
node4.tardis-apia.ldos-ut-pg0.wisc.cloudlab.us,alibabaBlock_54,lruforgive,10,8878,27,1,1,0.1068,0.33,44738696,88781.824,3732219
node4.tardis-apia.ldos-ut-pg0.wisc.cloudlab.us,alibabaBlock_54,lruforgive,10,8878,27,1,2,0.1068,0.32,44738696,88781.824,3732219
node4.tardis-apia.ldos-ut-pg0.wisc.cloudlab.us,alibabaBlock_54,lruforgive,10,8878,27,1,3,0.1068,0.32,44738696,88781.824,3732219
node4.tardis-apia.ldos-ut-pg0.wisc.cloudlab.us,alibabaBlock_54,s3fifo,10,8878,27,1,1,NA,NA,NA,88781.824,3732219
node4.tardis-apia.ldos-ut-pg0.wisc.cloudlab.us,alibabaBlock_54,s3fifo,10,8878,27,1,2,NA,NA,NA,88781.824,3732219
node4.tardis-apia.ldos-ut-pg0.wisc.cloudlab.us,alibabaBlock_54,s3fifo,10,8878,27,1,3,NA,NA,NA,88781.824,3732219
node4.tardis-apia.ldos-ut-pg0.wisc.cloudlab.us,alibabaBlock_54,s3fifoforgive,10,8878,27,1,1,0.1100,0.36,44738696,88781.824,3732219
node4.tardis-apia.ldos-ut-pg0.wisc.cloudlab.us,alibabaBlock_54,s3fifoforgive,10,8878,27,1,2,0.1102,0.36,44738696,88781.824,3732219
node4.tardis-apia.ldos-ut-pg0.wisc.cloudlab.us,alibabaBlock_54,s3fifoforgive,10,8878,27,1,3,NA,NA,26255193,88781.824,3732219
node4.tardis-apia.ldos-ut-pg0.wisc.cloudlab.us,alibabaBlock_54,lru,0.1,89,22,1,1,0.3073,0.80,44738696,88781.824,3732219
node4.tardis-apia.ldos-ut-pg0.wisc.cloudlab.us,alibabaBlock_54,lru,0.1,89,22,1,2,0.3073,0.79,44738696,88781.824,3732219
node4.tardis-apia.ldos-ut-pg0.wisc.cloudlab.us,alibabaBlock_54,lru,0.1,89,22,1,3,0.3073,0.80,44738696,88781.824,3732219
node4.tardis-apia.ldos-ut-pg0.wisc.cloudlab.us,alibabaBlock_54,lruforgive,0.1,89,22,1,1,0.2948,0.47,44738696,88781.824,3732219
node4.tardis-apia.ldos-ut-pg0.wisc.cloudlab.us,alibabaBlock_54,lruforgive,0.1,89,22,1,2,0.2948,0.47,44738696,88781.824,3732219
node4.tardis-apia.ldos-ut-pg0.wisc.cloudlab.us,alibabaBlock_54,lruforgive,0.1,89,22,1,3,0.2948,0.47,44738696,88781.824,3732219
node4.tardis-apia.ldos-ut-pg0.wisc.cloudlab.us,alibabaBlock_54,s3fifo,0.1,89,22,1,1,0.3050,1.14,44738696,88781.824,3732219
node4.tardis-apia.ldos-ut-pg0.wisc.cloudlab.us,alibabaBlock_54,s3fifo,0.1,89,22,1,2,0.3050,1.10,44738696,88781.824,3732219
node4.tardis-apia.ldos-ut-pg0.wisc.cloudlab.us,alibabaBlock_54,s3fifo,0.1,89,22,1,3,NA,NA,NA,88781.824,3732219
node4.tardis-apia.ldos-ut-pg0.wisc.cloudlab.us,alibabaBlock_54,s3fifoforgive,0.1,89,22,1,1,NA,NA,NA,88781.824,3732219
node4.tardis-apia.ldos-ut-pg0.wisc.cloudlab.us,alibabaBlock_54,s3fifoforgive,0.1,89,22,1,2,0.3045,0.63,44738696,88781.824,3732219
node4.tardis-apia.ldos-ut-pg0.wisc.cloudlab.us,alibabaBlock_54,s3fifoforgive,0.1,89,22,1,3,NA,NA,NA,88781.824,3732219
node4.tardis-apia.ldos-ut-pg0.wisc.cloudlab.us,alibabaBlock_555,lru,10,1586,27,1,1,0.3232,0.51,4061266,15859.2,1157179
node4.tardis-apia.ldos-ut-pg0.wisc.cloudlab.us,alibabaBlock_555,lru,10,1586,27,1,2,0.3232,0.50,4061266,15859.2,1157179
node4.tardis-apia.ldos-ut-pg0.wisc.cloudlab.us,alibabaBlock_555,lru,10,1586,27,1,3,0.3232,0.50,4061266,15859.2,1157179
node4.tardis-apia.ldos-ut-pg0.wisc.cloudlab.us,alibabaBlock_555,lruforgive,10,1586,27,1,1,0.3161,0.35,4061266,15859.2,1157179
node4.tardis-apia.ldos-ut-pg0.wisc.cloudlab.us,alibabaBlock_555,lruforgive,10,1586,27,1,2,0.3161,0.35,4061266,15859.2,1157179
node4.tardis-apia.ldos-ut-pg0.wisc.cloudlab.us,alibabaBlock_555,lruforgive,10,1586,27,1,3,0.3161,0.35,4061266,15859.2,1157179
node4.tardis-apia.ldos-ut-pg0.wisc.cloudlab.us,alibabaBlock_555,s3fifo,10,1586,27,1,1,NA,NA,NA,15859.2,1157179
node4.tardis-apia.ldos-ut-pg0.wisc.cloudlab.us,alibabaBlock_555,s3fifo,10,1586,27,1,2,NA,NA,NA,15859.2,1157179
node4.tardis-apia.ldos-ut-pg0.wisc.cloudlab.us,alibabaBlock_555,s3fifo,10,1586,27,1,3,NA,NA,NA,15859.2,1157179
node4.tardis-apia.ldos-ut-pg0.wisc.cloudlab.us,alibabaBlock_555,s3fifoforgive,10,1586,27,1,1,NA,0.37,2358298,15859.2,1157179
node4.tardis-apia.ldos-ut-pg0.wisc.cloudlab.us,alibabaBlock_555,s3fifoforgive,10,1586,27,1,2,NA,0.37,2358298,15859.2,1157179
node4.tardis-apia.ldos-ut-pg0.wisc.cloudlab.us,alibabaBlock_555,s3fifoforgive,10,1586,27,1,3,NA,0.37,2358298,15859.2,1157179
node4.tardis-apia.ldos-ut-pg0.wisc.cloudlab.us,alibabaBlock_555,lru,0.1,16,20,1,1,0.5464,1.88,4061266,15859.2,1157179
node4.tardis-apia.ldos-ut-pg0.wisc.cloudlab.us,alibabaBlock_555,lru,0.1,16,20,1,2,0.5464,1.87,4061266,15859.2,1157179
node4.tardis-apia.ldos-ut-pg0.wisc.cloudlab.us,alibabaBlock_555,lru,0.1,16,20,1,3,0.5464,1.88,4061266,15859.2,1157179
node4.tardis-apia.ldos-ut-pg0.wisc.cloudlab.us,alibabaBlock_555,lruforgive,0.1,16,20,1,1,0.5446,0.98,4061266,15859.2,1157179
node4.tardis-apia.ldos-ut-pg0.wisc.cloudlab.us,alibabaBlock_555,lruforgive,0.1,16,20,1,2,0.5446,0.97,4061266,15859.2,1157179
node4.tardis-apia.ldos-ut-pg0.wisc.cloudlab.us,alibabaBlock_555,lruforgive,0.1,16,20,1,3,0.5446,0.96,4061266,15859.2,1157179
node4.tardis-apia.ldos-ut-pg0.wisc.cloudlab.us,alibabaBlock_555,s3fifo,0.1,16,20,1,1,0.5432,1.93,4061266,15859.2,1157179
node4.tardis-apia.ldos-ut-pg0.wisc.cloudlab.us,alibabaBlock_555,s3fifo,0.1,16,20,1,2,0.5432,1.94,4061266,15859.2,1157179
node4.tardis-apia.ldos-ut-pg0.wisc.cloudlab.us,alibabaBlock_555,s3fifo,0.1,16,20,1,3,0.5432,1.94,4061266,15859.2,1157179
node4.tardis-apia.ldos-ut-pg0.wisc.cloudlab.us,alibabaBlock_555,s3fifoforgive,0.1,16,20,1,1,0.5430,1.05,4061266,15859.2,1157179
node4.tardis-apia.ldos-ut-pg0.wisc.cloudlab.us,alibabaBlock_555,s3fifoforgive,0.1,16,20,1,2,0.5430,1.05,4061266,15859.2,1157179
node4.tardis-apia.ldos-ut-pg0.wisc.cloudlab.us,alibabaBlock_555,s3fifoforgive,0.1,16,20,1,3,0.5430,1.06,4061266,15859.2,1157179
node4.tardis-apia.ldos-ut-pg0.wisc.cloudlab.us,alibabaBlock_556,lru,10,1265,26,1,1,0.0979,1.14,22407833,12649.472,1673474
node4.tardis-apia.ldos-ut-pg0.wisc.cloudlab.us,alibabaBlock_556,lru,10,1265,26,1,2,0.0979,1.13,22407833,12649.472,1673474
node4.tardis-apia.ldos-ut-pg0.wisc.cloudlab.us,alibabaBlock_556,lru,10,1265,26,1,3,0.0979,1.11,22407833,12649.472,1673474
node4.tardis-apia.ldos-ut-pg0.wisc.cloudlab.us,alibabaBlock_556,lruforgive,10,1265,26,1,1,0.0981,0.47,22407833,12649.472,1673474
node4.tardis-apia.ldos-ut-pg0.wisc.cloudlab.us,alibabaBlock_556,lruforgive,10,1265,26,1,2,0.0981,0.47,22407833,12649.472,1673474
node4.tardis-apia.ldos-ut-pg0.wisc.cloudlab.us,alibabaBlock_556,lruforgive,10,1265,26,1,3,0.0981,0.46,22407833,12649.472,1673474
node4.tardis-apia.ldos-ut-pg0.wisc.cloudlab.us,alibabaBlock_556,s3fifo,10,1265,26,1,1,NA,NA,NA,12649.472,1673474
node4.tardis-apia.ldos-ut-pg0.wisc.cloudlab.us,alibabaBlock_556,s3fifo,10,1265,26,1,2,NA,NA,NA,12649.472,1673474
node4.tardis-apia.ldos-ut-pg0.wisc.cloudlab.us,alibabaBlock_556,s3fifo,10,1265,26,1,3,NA,NA,NA,12649.472,1673474
node4.tardis-apia.ldos-ut-pg0.wisc.cloudlab.us,alibabaBlock_556,s3fifoforgive,10,1265,26,1,1,0.1178,0.51,22407833,12649.472,1673474
node4.tardis-apia.ldos-ut-pg0.wisc.cloudlab.us,alibabaBlock_556,s3fifoforgive,10,1265,26,1,2,0.1178,0.51,22407833,12649.472,1673474
node4.tardis-apia.ldos-ut-pg0.wisc.cloudlab.us,alibabaBlock_556,s3fifoforgive,10,1265,26,1,3,0.1178,0.51,22407833,12649.472,1673474
node4.tardis-apia.ldos-ut-pg0.wisc.cloudlab.us,alibabaBlock_556,lru,0.1,13,20,1,1,0.3330,2.26,22407833,12649.472,1673474
node4.tardis-apia.ldos-ut-pg0.wisc.cloudlab.us,alibabaBlock_556,lru,0.1,13,20,1,2,0.3330,2.25,22407833,12649.472,1673474
node4.tardis-apia.ldos-ut-pg0.wisc.cloudlab.us,alibabaBlock_556,lru,0.1,13,20,1,3,0.3330,2.25,22407833,12649.472,1673474
node4.tardis-apia.ldos-ut-pg0.wisc.cloudlab.us,alibabaBlock_556,lruforgive,0.1,13,20,1,1,0.3065,0.74,22407833,12649.472,1673474
node4.tardis-apia.ldos-ut-pg0.wisc.cloudlab.us,alibabaBlock_556,lruforgive,0.1,13,20,1,2,0.3065,0.75,22407833,12649.472,1673474
node4.tardis-apia.ldos-ut-pg0.wisc.cloudlab.us,alibabaBlock_556,lruforgive,0.1,13,20,1,3,0.3065,0.75,22407833,12649.472,1673474
node4.tardis-apia.ldos-ut-pg0.wisc.cloudlab.us,alibabaBlock_556,s3fifo,0.1,13,20,1,1,0.2806,2.51,22407833,12649.472,1673474
node4.tardis-apia.ldos-ut-pg0.wisc.cloudlab.us,alibabaBlock_556,s3fifo,0.1,13,20,1,2,0.2806,2.53,22407833,12649.472,1673474
node4.tardis-apia.ldos-ut-pg0.wisc.cloudlab.us,alibabaBlock_556,s3fifo,0.1,13,20,1,3,0.2806,2.54,22407833,12649.472,1673474
node4.tardis-apia.ldos-ut-pg0.wisc.cloudlab.us,alibabaBlock_556,s3fifoforgive,0.1,13,20,1,1,0.2786,0.94,22407833,12649.472,1673474
node4.tardis-apia.ldos-ut-pg0.wisc.cloudlab.us,alibabaBlock_556,s3fifoforgive,0.1,13,20,1,2,0.2786,0.94,22407833,12649.472,1673474
node4.tardis-apia.ldos-ut-pg0.wisc.cloudlab.us,alibabaBlock_556,s3fifoforgive,0.1,13,20,1,3,0.2786,0.94,22407833,12649.472,1673474
node4.tardis-apia.ldos-ut-pg0.wisc.cloudlab.us,alibabaBlock_56,lru,10,1135,26,1,1,0.1086,1.13,35391961,11352.9856,1300987
node4.tardis-apia.ldos-ut-pg0.wisc.cloudlab.us,alibabaBlock_56,lru,10,1135,26,1,2,0.1086,1.13,35391961,11352.9856,1300987
node4.tardis-apia.ldos-ut-pg0.wisc.cloudlab.us,alibabaBlock_56,lru,10,1135,26,1,3,0.1086,1.13,35391961,11352.9856,1300987
node4.tardis-apia.ldos-ut-pg0.wisc.cloudlab.us,alibabaBlock_56,lruforgive,10,1135,26,1,1,0.1084,0.50,35391961,11352.9856,1300987
node4.tardis-apia.ldos-ut-pg0.wisc.cloudlab.us,alibabaBlock_56,lruforgive,10,1135,26,1,2,0.1084,0.50,35391961,11352.9856,1300987
node4.tardis-apia.ldos-ut-pg0.wisc.cloudlab.us,alibabaBlock_56,lruforgive,10,1135,26,1,3,0.1084,0.50,35391961,11352.9856,1300987
node4.tardis-apia.ldos-ut-pg0.wisc.cloudlab.us,alibabaBlock_56,s3fifo,10,1135,26,1,1,0.1313,1.12,35391961,11352.9856,1300987
node4.tardis-apia.ldos-ut-pg0.wisc.cloudlab.us,alibabaBlock_56,s3fifo,10,1135,26,1,2,0.1313,1.13,35391961,11352.9856,1300987
node4.tardis-apia.ldos-ut-pg0.wisc.cloudlab.us,alibabaBlock_56,s3fifo,10,1135,26,1,3,0.1313,1.12,35391961,11352.9856,1300987
node4.tardis-apia.ldos-ut-pg0.wisc.cloudlab.us,alibabaBlock_56,s3fifoforgive,10,1135,26,1,1,0.1313,0.55,35391961,11352.9856,1300987
node4.tardis-apia.ldos-ut-pg0.wisc.cloudlab.us,alibabaBlock_56,s3fifoforgive,10,1135,26,1,2,0.1313,0.55,35391961,11352.9856,1300987
node4.tardis-apia.ldos-ut-pg0.wisc.cloudlab.us,alibabaBlock_56,s3fifoforgive,10,1135,26,1,3,0.1313,0.55,35391961,11352.9856,1300987
node4.tardis-apia.ldos-ut-pg0.wisc.cloudlab.us,alibabaBlock_56,lru,0.1,11,20,1,1,0.1922,3.63,35391961,11352.9856,1300987
node4.tardis-apia.ldos-ut-pg0.wisc.cloudlab.us,alibabaBlock_56,lru,0.1,11,20,1,2,0.1922,3.64,35391961,11352.9856,1300987
node4.tardis-apia.ldos-ut-pg0.wisc.cloudlab.us,alibabaBlock_56,lru,0.1,11,20,1,3,0.1922,3.65,35391961,11352.9856,1300987
node4.tardis-apia.ldos-ut-pg0.wisc.cloudlab.us,alibabaBlock_56,lruforgive,0.1,11,20,1,1,0.1919,1.10,35391961,11352.9856,1300987
node4.tardis-apia.ldos-ut-pg0.wisc.cloudlab.us,alibabaBlock_56,lruforgive,0.1,11,20,1,2,0.1919,1.10,35391961,11352.9856,1300987
node4.tardis-apia.ldos-ut-pg0.wisc.cloudlab.us,alibabaBlock_56,lruforgive,0.1,11,20,1,3,0.1919,1.10,35391961,11352.9856,1300987
node4.tardis-apia.ldos-ut-pg0.wisc.cloudlab.us,alibabaBlock_56,s3fifo,0.1,11,20,1,1,0.1930,3.99,35391961,11352.9856,1300987
node4.tardis-apia.ldos-ut-pg0.wisc.cloudlab.us,alibabaBlock_56,s3fifo,0.1,11,20,1,2,0.1930,3.96,35391961,11352.9856,1300987
node4.tardis-apia.ldos-ut-pg0.wisc.cloudlab.us,alibabaBlock_56,s3fifo,0.1,11,20,1,3,0.1930,3.92,35391961,11352.9856,1300987
node4.tardis-apia.ldos-ut-pg0.wisc.cloudlab.us,alibabaBlock_56,s3fifoforgive,0.1,11,20,1,1,0.1930,1.16,35391961,11352.9856,1300987
node4.tardis-apia.ldos-ut-pg0.wisc.cloudlab.us,alibabaBlock_56,s3fifoforgive,0.1,11,20,1,2,0.1930,1.17,35391961,11352.9856,1300987
node4.tardis-apia.ldos-ut-pg0.wisc.cloudlab.us,alibabaBlock_56,s3fifoforgive,0.1,11,20,1,3,0.1930,1.17,35391961,11352.9856,1300987
node4.tardis-apia.ldos-ut-pg0.wisc.cloudlab.us,alibabaBlock_58,lru,10,297816,27,1,1,NA_TOOBIG,NA,NA,2978159.7184,61255882
node4.tardis-apia.ldos-ut-pg0.wisc.cloudlab.us,alibabaBlock_58,lru,10,297816,27,1,2,NA_TOOBIG,NA,NA,2978159.7184,61255882
node4.tardis-apia.ldos-ut-pg0.wisc.cloudlab.us,alibabaBlock_58,lru,10,297816,27,1,3,NA_TOOBIG,NA,NA,2978159.7184,61255882
node4.tardis-apia.ldos-ut-pg0.wisc.cloudlab.us,alibabaBlock_58,lruforgive,10,297816,27,1,1,NA_TOOBIG,NA,NA,2978159.7184,61255882
node4.tardis-apia.ldos-ut-pg0.wisc.cloudlab.us,alibabaBlock_58,lruforgive,10,297816,27,1,2,NA_TOOBIG,NA,NA,2978159.7184,61255882
node4.tardis-apia.ldos-ut-pg0.wisc.cloudlab.us,alibabaBlock_58,lruforgive,10,297816,27,1,3,NA_TOOBIG,NA,NA,2978159.7184,61255882
node4.tardis-apia.ldos-ut-pg0.wisc.cloudlab.us,alibabaBlock_58,s3fifo,10,297816,27,1,1,NA_TOOBIG,NA,NA,2978159.7184,61255882
node4.tardis-apia.ldos-ut-pg0.wisc.cloudlab.us,alibabaBlock_58,s3fifo,10,297816,27,1,2,NA_TOOBIG,NA,NA,2978159.7184,61255882
node4.tardis-apia.ldos-ut-pg0.wisc.cloudlab.us,alibabaBlock_58,s3fifo,10,297816,27,1,3,NA_TOOBIG,NA,NA,2978159.7184,61255882
node4.tardis-apia.ldos-ut-pg0.wisc.cloudlab.us,alibabaBlock_58,s3fifoforgive,10,297816,27,1,1,NA_TOOBIG,NA,NA,2978159.7184,61255882
node4.tardis-apia.ldos-ut-pg0.wisc.cloudlab.us,alibabaBlock_58,s3fifoforgive,10,297816,27,1,2,NA_TOOBIG,NA,NA,2978159.7184,61255882
node4.tardis-apia.ldos-ut-pg0.wisc.cloudlab.us,alibabaBlock_58,s3fifoforgive,10,297816,27,1,3,NA_TOOBIG,NA,NA,2978159.7184,61255882
node4.tardis-apia.ldos-ut-pg0.wisc.cloudlab.us,alibabaBlock_58,lru,0.1,2978,27,1,1,NA,NA,NA,2978159.7184,61255882
node4.tardis-apia.ldos-ut-pg0.wisc.cloudlab.us,alibabaBlock_58,lru,0.1,2978,27,1,2,NA,NA,NA,2978159.7184,61255882
node4.tardis-apia.ldos-ut-pg0.wisc.cloudlab.us,alibabaBlock_58,lru,0.1,2978,27,1,3,NA,NA,NA,2978159.7184,61255882
node4.tardis-apia.ldos-ut-pg0.wisc.cloudlab.us,alibabaBlock_58,lruforgive,0.1,2978,27,1,1,NA,NA,NA,2978159.7184,61255882
node4.tardis-apia.ldos-ut-pg0.wisc.cloudlab.us,alibabaBlock_58,lruforgive,0.1,2978,27,1,2,NA,NA,NA,2978159.7184,61255882
node4.tardis-apia.ldos-ut-pg0.wisc.cloudlab.us,alibabaBlock_58,lruforgive,0.1,2978,27,1,3,NA,NA,NA,2978159.7184,61255882
node4.tardis-apia.ldos-ut-pg0.wisc.cloudlab.us,alibabaBlock_58,s3fifo,0.1,2978,27,1,1,NA,NA,NA,2978159.7184,61255882
node4.tardis-apia.ldos-ut-pg0.wisc.cloudlab.us,alibabaBlock_58,s3fifo,0.1,2978,27,1,2,NA,NA,NA,2978159.7184,61255882
node4.tardis-apia.ldos-ut-pg0.wisc.cloudlab.us,alibabaBlock_58,s3fifo,0.1,2978,27,1,3,NA,NA,NA,2978159.7184,61255882
node4.tardis-apia.ldos-ut-pg0.wisc.cloudlab.us,alibabaBlock_58,s3fifoforgive,0.1,2978,27,1,1,NA,NA,NA,2978159.7184,61255882
node4.tardis-apia.ldos-ut-pg0.wisc.cloudlab.us,alibabaBlock_58,s3fifoforgive,0.1,2978,27,1,2,NA,NA,NA,2978159.7184,61255882
node4.tardis-apia.ldos-ut-pg0.wisc.cloudlab.us,alibabaBlock_58,s3fifoforgive,0.1,2978,27,1,3,NA,NA,NA,2978159.7184,61255882
node4.tardis-apia.ldos-ut-pg0.wisc.cloudlab.us,alibabaBlock_59,lru,10,36677,27,1,1,0.7326,0.13,14394590,366773.5552,8615836
node4.tardis-apia.ldos-ut-pg0.wisc.cloudlab.us,alibabaBlock_59,lru,10,36677,27,1,2,0.7326,0.13,14394590,366773.5552,8615836
node4.tardis-apia.ldos-ut-pg0.wisc.cloudlab.us,alibabaBlock_59,lru,10,36677,27,1,3,0.7326,0.13,14394590,366773.5552,8615836
node4.tardis-apia.ldos-ut-pg0.wisc.cloudlab.us,alibabaBlock_59,lruforgive,10,36677,27,1,1,0.7323,0.13,14394590,366773.5552,8615836
node4.tardis-apia.ldos-ut-pg0.wisc.cloudlab.us,alibabaBlock_59,lruforgive,10,36677,27,1,2,0.7323,0.13,14394590,366773.5552,8615836
node4.tardis-apia.ldos-ut-pg0.wisc.cloudlab.us,alibabaBlock_59,lruforgive,10,36677,27,1,3,0.7323,0.13,14394590,366773.5552,8615836
node4.tardis-apia.ldos-ut-pg0.wisc.cloudlab.us,alibabaBlock_59,s3fifo,10,36677,27,1,1,0.7331,0.13,14394590,366773.5552,8615836
node4.tardis-apia.ldos-ut-pg0.wisc.cloudlab.us,alibabaBlock_59,s3fifo,10,36677,27,1,2,0.7331,0.13,14394590,366773.5552,8615836
node4.tardis-apia.ldos-ut-pg0.wisc.cloudlab.us,alibabaBlock_59,s3fifo,10,36677,27,1,3,0.7331,0.13,14394590,366773.5552,8615836
node4.tardis-apia.ldos-ut-pg0.wisc.cloudlab.us,alibabaBlock_59,s3fifoforgive,10,36677,27,1,1,0.7331,0.13,14394590,366773.5552,8615836
node4.tardis-apia.ldos-ut-pg0.wisc.cloudlab.us,alibabaBlock_59,s3fifoforgive,10,36677,27,1,2,0.7331,0.13,14394590,366773.5552,8615836
node4.tardis-apia.ldos-ut-pg0.wisc.cloudlab.us,alibabaBlock_59,s3fifoforgive,10,36677,27,1,3,0.7331,0.13,14394590,366773.5552,8615836
node4.tardis-apia.ldos-ut-pg0.wisc.cloudlab.us,alibabaBlock_59,lru,0.1,367,25,1,1,0.8160,0.21,14394590,366773.5552,8615836
node4.tardis-apia.ldos-ut-pg0.wisc.cloudlab.us,alibabaBlock_59,lru,0.1,367,25,1,2,0.8160,0.21,14394590,366773.5552,8615836
node4.tardis-apia.ldos-ut-pg0.wisc.cloudlab.us,alibabaBlock_59,lru,0.1,367,25,1,3,0.8160,0.21,14394590,366773.5552,8615836
node4.tardis-apia.ldos-ut-pg0.wisc.cloudlab.us,alibabaBlock_59,lruforgive,0.1,367,25,1,1,0.8158,0.20,14394590,366773.5552,8615836
node4.tardis-apia.ldos-ut-pg0.wisc.cloudlab.us,alibabaBlock_59,lruforgive,0.1,367,25,1,2,0.8158,0.20,14394590,366773.5552,8615836
node4.tardis-apia.ldos-ut-pg0.wisc.cloudlab.us,alibabaBlock_59,lruforgive,0.1,367,25,1,3,0.8158,0.20,14394590,366773.5552,8615836
node4.tardis-apia.ldos-ut-pg0.wisc.cloudlab.us,alibabaBlock_59,s3fifo,0.1,367,25,1,1,0.8187,0.22,14394590,366773.5552,8615836
node4.tardis-apia.ldos-ut-pg0.wisc.cloudlab.us,alibabaBlock_59,s3fifo,0.1,367,25,1,2,0.8187,0.22,14394590,366773.5552,8615836
node4.tardis-apia.ldos-ut-pg0.wisc.cloudlab.us,alibabaBlock_59,s3fifo,0.1,367,25,1,3,0.8187,0.22,14394590,366773.5552,8615836
node4.tardis-apia.ldos-ut-pg0.wisc.cloudlab.us,alibabaBlock_59,s3fifoforgive,0.1,367,25,1,1,0.8186,0.21,14394590,366773.5552,8615836
node4.tardis-apia.ldos-ut-pg0.wisc.cloudlab.us,alibabaBlock_59,s3fifoforgive,0.1,367,25,1,2,0.8186,0.21,14394590,366773.5552,8615836
node4.tardis-apia.ldos-ut-pg0.wisc.cloudlab.us,alibabaBlock_59,s3fifoforgive,0.1,367,25,1,3,0.8186,0.21,14394590,366773.5552,8615836
node4.tardis-apia.ldos-ut-pg0.wisc.cloudlab.us,alibabaBlock_6,lru,10,1500,27,1,1,0.3995,0.79,16546619,14998.3232,1623257
node4.tardis-apia.ldos-ut-pg0.wisc.cloudlab.us,alibabaBlock_6,lru,10,1500,27,1,2,0.3995,0.78,16546619,14998.3232,1623257
node4.tardis-apia.ldos-ut-pg0.wisc.cloudlab.us,alibabaBlock_6,lru,10,1500,27,1,3,0.3995,0.79,16546619,14998.3232,1623257
node4.tardis-apia.ldos-ut-pg0.wisc.cloudlab.us,alibabaBlock_6,lruforgive,10,1500,27,1,1,0.3983,0.54,16546619,14998.3232,1623257
node4.tardis-apia.ldos-ut-pg0.wisc.cloudlab.us,alibabaBlock_6,lruforgive,10,1500,27,1,2,0.3983,0.54,16546619,14998.3232,1623257
node4.tardis-apia.ldos-ut-pg0.wisc.cloudlab.us,alibabaBlock_6,lruforgive,10,1500,27,1,3,0.3983,0.55,16546619,14998.3232,1623257
node4.tardis-apia.ldos-ut-pg0.wisc.cloudlab.us,alibabaBlock_6,s3fifo,10,1500,27,1,1,NA,NA,NA,14998.3232,1623257
node4.tardis-apia.ldos-ut-pg0.wisc.cloudlab.us,alibabaBlock_6,s3fifo,10,1500,27,1,2,NA,NA,NA,14998.3232,1623257
node4.tardis-apia.ldos-ut-pg0.wisc.cloudlab.us,alibabaBlock_6,s3fifo,10,1500,27,1,3,NA,NA,NA,14998.3232,1623257
node4.tardis-apia.ldos-ut-pg0.wisc.cloudlab.us,alibabaBlock_6,s3fifoforgive,10,1500,27,1,1,0.3954,0.72,16546619,14998.3232,1623257
node4.tardis-apia.ldos-ut-pg0.wisc.cloudlab.us,alibabaBlock_6,s3fifoforgive,10,1500,27,1,2,0.3954,0.72,16546619,14998.3232,1623257
node4.tardis-apia.ldos-ut-pg0.wisc.cloudlab.us,alibabaBlock_6,s3fifoforgive,10,1500,27,1,3,0.3954,0.72,16546619,14998.3232,1623257
node4.tardis-apia.ldos-ut-pg0.wisc.cloudlab.us,alibabaBlock_6,lru,0.1,15,20,1,1,0.6175,2.45,16546619,14998.3232,1623257
node4.tardis-apia.ldos-ut-pg0.wisc.cloudlab.us,alibabaBlock_6,lru,0.1,15,20,1,2,0.6175,2.44,16546619,14998.3232,1623257
node4.tardis-apia.ldos-ut-pg0.wisc.cloudlab.us,alibabaBlock_6,lru,0.1,15,20,1,3,0.6175,2.43,16546619,14998.3232,1623257
node4.tardis-apia.ldos-ut-pg0.wisc.cloudlab.us,alibabaBlock_6,lruforgive,0.1,15,20,1,1,0.6159,1.40,16546619,14998.3232,1623257
node4.tardis-apia.ldos-ut-pg0.wisc.cloudlab.us,alibabaBlock_6,lruforgive,0.1,15,20,1,2,0.6159,1.42,16546619,14998.3232,1623257
node4.tardis-apia.ldos-ut-pg0.wisc.cloudlab.us,alibabaBlock_6,lruforgive,0.1,15,20,1,3,0.6159,1.42,16546619,14998.3232,1623257
node4.tardis-apia.ldos-ut-pg0.wisc.cloudlab.us,alibabaBlock_6,s3fifo,0.1,15,20,1,1,0.6150,2.43,16546619,14998.3232,1623257
node4.tardis-apia.ldos-ut-pg0.wisc.cloudlab.us,alibabaBlock_6,s3fifo,0.1,15,20,1,2,0.6150,2.56,16546619,14998.3232,1623257
node4.tardis-apia.ldos-ut-pg0.wisc.cloudlab.us,alibabaBlock_6,s3fifo,0.1,15,20,1,3,0.6150,2.56,16546619,14998.3232,1623257
node4.tardis-apia.ldos-ut-pg0.wisc.cloudlab.us,alibabaBlock_6,s3fifoforgive,0.1,15,20,1,1,0.6148,1.54,16546619,14998.3232,1623257
node4.tardis-apia.ldos-ut-pg0.wisc.cloudlab.us,alibabaBlock_6,s3fifoforgive,0.1,15,20,1,2,0.6148,1.52,16546619,14998.3232,1623257
node4.tardis-apia.ldos-ut-pg0.wisc.cloudlab.us,alibabaBlock_6,s3fifoforgive,0.1,15,20,1,3,0.6148,1.51,16546619,14998.3232,1623257
node4.tardis-apia.ldos-ut-pg0.wisc.cloudlab.us,alibabaBlock_61,lru,10,36593,27,1,1,0.7340,0.13,14455738,365931.008,8811993
node4.tardis-apia.ldos-ut-pg0.wisc.cloudlab.us,alibabaBlock_61,lru,10,36593,27,1,2,0.7340,0.13,14455738,365931.008,8811993
node4.tardis-apia.ldos-ut-pg0.wisc.cloudlab.us,alibabaBlock_61,lru,10,36593,27,1,3,0.7340,0.13,14455738,365931.008,8811993
node4.tardis-apia.ldos-ut-pg0.wisc.cloudlab.us,alibabaBlock_61,lruforgive,10,36593,27,1,1,0.7337,0.13,14455738,365931.008,8811993
node4.tardis-apia.ldos-ut-pg0.wisc.cloudlab.us,alibabaBlock_61,lruforgive,10,36593,27,1,2,0.7337,0.13,14455738,365931.008,8811993
node4.tardis-apia.ldos-ut-pg0.wisc.cloudlab.us,alibabaBlock_61,lruforgive,10,36593,27,1,3,0.7337,0.13,14455738,365931.008,8811993
node4.tardis-apia.ldos-ut-pg0.wisc.cloudlab.us,alibabaBlock_61,s3fifo,10,36593,27,1,1,NA,NA,NA,365931.008,8811993
node4.tardis-apia.ldos-ut-pg0.wisc.cloudlab.us,alibabaBlock_61,s3fifo,10,36593,27,1,2,NA,NA,NA,365931.008,8811993
node4.tardis-apia.ldos-ut-pg0.wisc.cloudlab.us,alibabaBlock_61,s3fifo,10,36593,27,1,3,NA,NA,NA,365931.008,8811993
node4.tardis-apia.ldos-ut-pg0.wisc.cloudlab.us,alibabaBlock_61,s3fifoforgive,10,36593,27,1,1,NA,NA,NA,365931.008,8811993
node4.tardis-apia.ldos-ut-pg0.wisc.cloudlab.us,alibabaBlock_61,s3fifoforgive,10,36593,27,1,2,NA,NA,NA,365931.008,8811993
node4.tardis-apia.ldos-ut-pg0.wisc.cloudlab.us,alibabaBlock_61,s3fifoforgive,10,36593,27,1,3,NA,NA,NA,365931.008,8811993
node4.tardis-apia.ldos-ut-pg0.wisc.cloudlab.us,alibabaBlock_61,lru,0.1,366,25,1,1,0.8172,0.21,14455738,365931.008,8811993
node4.tardis-apia.ldos-ut-pg0.wisc.cloudlab.us,alibabaBlock_61,lru,0.1,366,25,1,2,0.8172,0.21,14455738,365931.008,8811993
node4.tardis-apia.ldos-ut-pg0.wisc.cloudlab.us,alibabaBlock_61,lru,0.1,366,25,1,3,0.8172,0.21,14455738,365931.008,8811993
node4.tardis-apia.ldos-ut-pg0.wisc.cloudlab.us,alibabaBlock_61,lruforgive,0.1,366,25,1,1,0.8169,0.20,14455738,365931.008,8811993
node4.tardis-apia.ldos-ut-pg0.wisc.cloudlab.us,alibabaBlock_61,lruforgive,0.1,366,25,1,2,0.8169,0.20,14455738,365931.008,8811993
node4.tardis-apia.ldos-ut-pg0.wisc.cloudlab.us,alibabaBlock_61,lruforgive,0.1,366,25,1,3,0.8169,0.20,14455738,365931.008,8811993
node4.tardis-apia.ldos-ut-pg0.wisc.cloudlab.us,alibabaBlock_61,s3fifo,0.1,366,25,1,1,0.8200,0.23,14455738,365931.008,8811993
node4.tardis-apia.ldos-ut-pg0.wisc.cloudlab.us,alibabaBlock_61,s3fifo,0.1,366,25,1,2,0.8200,0.23,14455738,365931.008,8811993
node4.tardis-apia.ldos-ut-pg0.wisc.cloudlab.us,alibabaBlock_61,s3fifo,0.1,366,25,1,3,0.8200,0.24,14455738,365931.008,8811993
node4.tardis-apia.ldos-ut-pg0.wisc.cloudlab.us,alibabaBlock_61,s3fifoforgive,0.1,366,25,1,1,0.8199,0.23,14455738,365931.008,8811993
node4.tardis-apia.ldos-ut-pg0.wisc.cloudlab.us,alibabaBlock_61,s3fifoforgive,0.1,366,25,1,2,0.8199,0.23,14455738,365931.008,8811993
node4.tardis-apia.ldos-ut-pg0.wisc.cloudlab.us,alibabaBlock_61,s3fifoforgive,0.1,366,25,1,3,0.8199,0.22,14455738,365931.008,8811993
node4.tardis-apia.ldos-ut-pg0.wisc.cloudlab.us,alibabaBlock_62,lru,10,1406,26,1,1,0.1089,1.10,37214793,14064.0256,1504661
node4.tardis-apia.ldos-ut-pg0.wisc.cloudlab.us,alibabaBlock_62,lru,10,1406,26,1,2,0.1089,1.09,37214793,14064.0256,1504661
node4.tardis-apia.ldos-ut-pg0.wisc.cloudlab.us,alibabaBlock_62,lru,10,1406,26,1,3,0.1089,1.08,37214793,14064.0256,1504661
node4.tardis-apia.ldos-ut-pg0.wisc.cloudlab.us,alibabaBlock_62,lruforgive,10,1406,26,1,1,0.1082,0.49,37214793,14064.0256,1504661
node4.tardis-apia.ldos-ut-pg0.wisc.cloudlab.us,alibabaBlock_62,lruforgive,10,1406,26,1,2,0.1082,0.48,37214793,14064.0256,1504661
node4.tardis-apia.ldos-ut-pg0.wisc.cloudlab.us,alibabaBlock_62,lruforgive,10,1406,26,1,3,0.1082,0.47,37214793,14064.0256,1504661
node4.tardis-apia.ldos-ut-pg0.wisc.cloudlab.us,alibabaBlock_62,s3fifo,10,1406,26,1,1,0.1311,1.09,37214793,14064.0256,1504661
node4.tardis-apia.ldos-ut-pg0.wisc.cloudlab.us,alibabaBlock_62,s3fifo,10,1406,26,1,2,0.1311,1.09,37214793,14064.0256,1504661
node4.tardis-apia.ldos-ut-pg0.wisc.cloudlab.us,alibabaBlock_62,s3fifo,10,1406,26,1,3,0.1311,1.08,37214793,14064.0256,1504661
node4.tardis-apia.ldos-ut-pg0.wisc.cloudlab.us,alibabaBlock_62,s3fifoforgive,10,1406,26,1,1,NA,NA,21757959,14064.0256,1504661
node4.tardis-apia.ldos-ut-pg0.wisc.cloudlab.us,alibabaBlock_62,s3fifoforgive,10,1406,26,1,2,0.1310,0.52,37214793,14064.0256,1504661
node4.tardis-apia.ldos-ut-pg0.wisc.cloudlab.us,alibabaBlock_62,s3fifoforgive,10,1406,26,1,3,0.1310,0.52,37214793,14064.0256,1504661
node4.tardis-apia.ldos-ut-pg0.wisc.cloudlab.us,alibabaBlock_62,lru,0.1,14,20,1,1,0.2300,3.53,37214793,14064.0256,1504661
node4.tardis-apia.ldos-ut-pg0.wisc.cloudlab.us,alibabaBlock_62,lru,0.1,14,20,1,2,0.2300,3.53,37214793,14064.0256,1504661
node4.tardis-apia.ldos-ut-pg0.wisc.cloudlab.us,alibabaBlock_62,lru,0.1,14,20,1,3,0.2300,3.52,37214793,14064.0256,1504661
node4.tardis-apia.ldos-ut-pg0.wisc.cloudlab.us,alibabaBlock_62,lruforgive,0.1,14,20,1,1,0.2303,1.10,37214793,14064.0256,1504661
node4.tardis-apia.ldos-ut-pg0.wisc.cloudlab.us,alibabaBlock_62,lruforgive,0.1,14,20,1,2,0.2303,1.10,37214793,14064.0256,1504661
node4.tardis-apia.ldos-ut-pg0.wisc.cloudlab.us,alibabaBlock_62,lruforgive,0.1,14,20,1,3,0.2303,1.10,37214793,14064.0256,1504661
node4.tardis-apia.ldos-ut-pg0.wisc.cloudlab.us,alibabaBlock_62,s3fifo,0.1,14,20,1,1,0.2291,3.84,37214793,14064.0256,1504661
node4.tardis-apia.ldos-ut-pg0.wisc.cloudlab.us,alibabaBlock_62,s3fifo,0.1,14,20,1,2,0.2291,3.81,37214793,14064.0256,1504661
node4.tardis-apia.ldos-ut-pg0.wisc.cloudlab.us,alibabaBlock_62,s3fifo,0.1,14,20,1,3,0.2291,3.69,37214793,14064.0256,1504661
node4.tardis-apia.ldos-ut-pg0.wisc.cloudlab.us,alibabaBlock_62,s3fifoforgive,0.1,14,20,1,1,0.2292,1.07,37214793,14064.0256,1504661
node4.tardis-apia.ldos-ut-pg0.wisc.cloudlab.us,alibabaBlock_62,s3fifoforgive,0.1,14,20,1,2,0.2292,1.08,37214793,14064.0256,1504661
node4.tardis-apia.ldos-ut-pg0.wisc.cloudlab.us,alibabaBlock_62,s3fifoforgive,0.1,14,20,1,3,0.2295,1.08,37214793,14064.0256,1504661
node4.tardis-apia.ldos-ut-pg0.wisc.cloudlab.us,alibabaBlock_631,lru,10,30167,27,1,1,0.2930,0.40,57648157,301665.8944,14727999
node4.tardis-apia.ldos-ut-pg0.wisc.cloudlab.us,alibabaBlock_631,lru,10,30167,27,1,2,0.2930,0.40,57648157,301665.8944,14727999
node4.tardis-apia.ldos-ut-pg0.wisc.cloudlab.us,alibabaBlock_631,lru,10,30167,27,1,3,0.2930,0.40,57648157,301665.8944,14727999
node4.tardis-apia.ldos-ut-pg0.wisc.cloudlab.us,alibabaBlock_631,lruforgive,10,30167,27,1,1,0.2928,0.27,57648157,301665.8944,14727999
node4.tardis-apia.ldos-ut-pg0.wisc.cloudlab.us,alibabaBlock_631,lruforgive,10,30167,27,1,2,0.2928,0.28,57648157,301665.8944,14727999
node4.tardis-apia.ldos-ut-pg0.wisc.cloudlab.us,alibabaBlock_631,lruforgive,10,30167,27,1,3,0.2928,0.27,57648157,301665.8944,14727999
node4.tardis-apia.ldos-ut-pg0.wisc.cloudlab.us,alibabaBlock_631,s3fifo,10,30167,27,1,1,NA,NA,NA,301665.8944,14727999
node4.tardis-apia.ldos-ut-pg0.wisc.cloudlab.us,alibabaBlock_631,s3fifo,10,30167,27,1,2,NA,NA,NA,301665.8944,14727999
node4.tardis-apia.ldos-ut-pg0.wisc.cloudlab.us,alibabaBlock_631,s3fifo,10,30167,27,1,3,NA,NA,NA,301665.8944,14727999
node4.tardis-apia.ldos-ut-pg0.wisc.cloudlab.us,alibabaBlock_631,s3fifoforgive,10,30167,27,1,1,NA,NA,NA,301665.8944,14727999
node4.tardis-apia.ldos-ut-pg0.wisc.cloudlab.us,alibabaBlock_631,s3fifoforgive,10,30167,27,1,2,NA,NA,NA,301665.8944,14727999
node4.tardis-apia.ldos-ut-pg0.wisc.cloudlab.us,alibabaBlock_631,s3fifoforgive,10,30167,27,1,3,NA,NA,NA,301665.8944,14727999
node4.tardis-apia.ldos-ut-pg0.wisc.cloudlab.us,alibabaBlock_631,lru,0.1,302,24,1,1,0.3496,0.46,57648157,301665.8944,14727999
node4.tardis-apia.ldos-ut-pg0.wisc.cloudlab.us,alibabaBlock_631,lru,0.1,302,24,1,2,0.3496,0.46,57648157,301665.8944,14727999
node4.tardis-apia.ldos-ut-pg0.wisc.cloudlab.us,alibabaBlock_631,lru,0.1,302,24,1,3,0.3496,0.46,57648157,301665.8944,14727999
node4.tardis-apia.ldos-ut-pg0.wisc.cloudlab.us,alibabaBlock_631,lruforgive,0.1,302,24,1,1,0.3467,0.33,57648157,301665.8944,14727999
node4.tardis-apia.ldos-ut-pg0.wisc.cloudlab.us,alibabaBlock_631,lruforgive,0.1,302,24,1,2,0.3467,0.33,57648157,301665.8944,14727999
node4.tardis-apia.ldos-ut-pg0.wisc.cloudlab.us,alibabaBlock_631,lruforgive,0.1,302,24,1,3,0.3467,0.32,57648157,301665.8944,14727999
node4.tardis-apia.ldos-ut-pg0.wisc.cloudlab.us,alibabaBlock_631,s3fifo,0.1,302,24,1,1,0.3409,0.50,57648157,301665.8944,14727999
node4.tardis-apia.ldos-ut-pg0.wisc.cloudlab.us,alibabaBlock_631,s3fifo,0.1,302,24,1,2,0.3409,0.49,57648157,301665.8944,14727999
node4.tardis-apia.ldos-ut-pg0.wisc.cloudlab.us,alibabaBlock_631,s3fifo,0.1,302,24,1,3,0.3409,0.49,57648157,301665.8944,14727999
node4.tardis-apia.ldos-ut-pg0.wisc.cloudlab.us,alibabaBlock_631,s3fifoforgive,0.1,302,24,1,1,0.3408,0.35,57648157,301665.8944,14727999
node4.tardis-apia.ldos-ut-pg0.wisc.cloudlab.us,alibabaBlock_631,s3fifoforgive,0.1,302,24,1,2,0.3408,0.35,57648157,301665.8944,14727999
node4.tardis-apia.ldos-ut-pg0.wisc.cloudlab.us,alibabaBlock_631,s3fifoforgive,0.1,302,24,1,3,0.3408,0.35,57648157,301665.8944,14727999
node4.tardis-apia.ldos-ut-pg0.wisc.cloudlab.us,alibabaBlock_651,lru,10,2668,27,1,1,0.1066,1.09,32140340,26681.2416,3256026
node4.tardis-apia.ldos-ut-pg0.wisc.cloudlab.us,alibabaBlock_651,lru,10,2668,27,1,2,0.1066,1.05,32140340,26681.2416,3256026
node4.tardis-apia.ldos-ut-pg0.wisc.cloudlab.us,alibabaBlock_651,lru,10,2668,27,1,3,0.1066,1.06,32140340,26681.2416,3256026
node4.tardis-apia.ldos-ut-pg0.wisc.cloudlab.us,alibabaBlock_651,lruforgive,10,2668,27,1,1,0.1067,0.42,32140340,26681.2416,3256026
node4.tardis-apia.ldos-ut-pg0.wisc.cloudlab.us,alibabaBlock_651,lruforgive,10,2668,27,1,2,0.1067,0.42,32140340,26681.2416,3256026
node4.tardis-apia.ldos-ut-pg0.wisc.cloudlab.us,alibabaBlock_651,lruforgive,10,2668,27,1,3,0.1067,0.41,32140340,26681.2416,3256026
node4.tardis-apia.ldos-ut-pg0.wisc.cloudlab.us,alibabaBlock_651,s3fifo,10,2668,27,1,1,NA,NA,NA,26681.2416,3256026
node4.tardis-apia.ldos-ut-pg0.wisc.cloudlab.us,alibabaBlock_651,s3fifo,10,2668,27,1,2,NA,NA,NA,26681.2416,3256026
node4.tardis-apia.ldos-ut-pg0.wisc.cloudlab.us,alibabaBlock_651,s3fifo,10,2668,27,1,3,NA,NA,NA,26681.2416,3256026
node4.tardis-apia.ldos-ut-pg0.wisc.cloudlab.us,alibabaBlock_651,s3fifoforgive,10,2668,27,1,1,0.1095,0.46,32140340,26681.2416,3256026
node4.tardis-apia.ldos-ut-pg0.wisc.cloudlab.us,alibabaBlock_651,s3fifoforgive,10,2668,27,1,2,NA,NA,NA,26681.2416,3256026
node4.tardis-apia.ldos-ut-pg0.wisc.cloudlab.us,alibabaBlock_651,s3fifoforgive,10,2668,27,1,3,0.1095,0.46,32140340,26681.2416,3256026
node4.tardis-apia.ldos-ut-pg0.wisc.cloudlab.us,alibabaBlock_651,lru,0.1,27,21,1,1,0.3359,1.89,32140340,26681.2416,3256026
node4.tardis-apia.ldos-ut-pg0.wisc.cloudlab.us,alibabaBlock_651,lru,0.1,27,21,1,2,0.3359,1.85,32140340,26681.2416,3256026
node4.tardis-apia.ldos-ut-pg0.wisc.cloudlab.us,alibabaBlock_651,lru,0.1,27,21,1,3,0.3359,1.90,32140340,26681.2416,3256026
node4.tardis-apia.ldos-ut-pg0.wisc.cloudlab.us,alibabaBlock_651,lruforgive,0.1,27,21,1,1,0.3207,0.68,32140340,26681.2416,3256026
node4.tardis-apia.ldos-ut-pg0.wisc.cloudlab.us,alibabaBlock_651,lruforgive,0.1,27,21,1,2,0.3207,0.67,32140340,26681.2416,3256026
node4.tardis-apia.ldos-ut-pg0.wisc.cloudlab.us,alibabaBlock_651,lruforgive,0.1,27,21,1,3,0.3207,0.69,32140340,26681.2416,3256026
node4.tardis-apia.ldos-ut-pg0.wisc.cloudlab.us,alibabaBlock_651,s3fifo,0.1,27,21,1,1,0.3399,2.01,32140340,26681.2416,3256026
node4.tardis-apia.ldos-ut-pg0.wisc.cloudlab.us,alibabaBlock_651,s3fifo,0.1,27,21,1,2,0.3399,2.02,32140340,26681.2416,3256026
node4.tardis-apia.ldos-ut-pg0.wisc.cloudlab.us,alibabaBlock_651,s3fifo,0.1,27,21,1,3,0.3399,1.87,32140340,26681.2416,3256026
node4.tardis-apia.ldos-ut-pg0.wisc.cloudlab.us,alibabaBlock_651,s3fifoforgive,0.1,27,21,1,1,0.3392,0.76,32140340,26681.2416,3256026
node4.tardis-apia.ldos-ut-pg0.wisc.cloudlab.us,alibabaBlock_651,s3fifoforgive,0.1,27,21,1,2,0.3392,0.76,32140340,26681.2416,3256026
node4.tardis-apia.ldos-ut-pg0.wisc.cloudlab.us,alibabaBlock_651,s3fifoforgive,0.1,27,21,1,3,0.3392,0.76,32140340,26681.2416,3256026
node4.tardis-apia.ldos-ut-pg0.wisc.cloudlab.us,alibabaBlock_66,lru,10,1367,26,1,1,0.1164,1.04,39223871,13666.816,1463766
node4.tardis-apia.ldos-ut-pg0.wisc.cloudlab.us,alibabaBlock_66,lru,10,1367,26,1,2,0.1164,1.07,39223871,13666.816,1463766
node4.tardis-apia.ldos-ut-pg0.wisc.cloudlab.us,alibabaBlock_66,lru,10,1367,26,1,3,0.1164,1.07,39223871,13666.816,1463766
node4.tardis-apia.ldos-ut-pg0.wisc.cloudlab.us,alibabaBlock_66,lruforgive,10,1367,26,1,1,0.1158,0.48,39223871,13666.816,1463766
node4.tardis-apia.ldos-ut-pg0.wisc.cloudlab.us,alibabaBlock_66,lruforgive,10,1367,26,1,2,0.1158,0.48,39223871,13666.816,1463766
node4.tardis-apia.ldos-ut-pg0.wisc.cloudlab.us,alibabaBlock_66,lruforgive,10,1367,26,1,3,0.1158,0.48,39223871,13666.816,1463766
node4.tardis-apia.ldos-ut-pg0.wisc.cloudlab.us,alibabaBlock_66,s3fifo,10,1367,26,1,1,0.1350,1.06,39223871,13666.816,1463766
node4.tardis-apia.ldos-ut-pg0.wisc.cloudlab.us,alibabaBlock_66,s3fifo,10,1367,26,1,2,0.1349,1.06,39223871,13666.816,1463766
node4.tardis-apia.ldos-ut-pg0.wisc.cloudlab.us,alibabaBlock_66,s3fifo,10,1367,26,1,3,0.1349,1.05,39223871,13666.816,1463766
node4.tardis-apia.ldos-ut-pg0.wisc.cloudlab.us,alibabaBlock_66,s3fifoforgive,10,1367,26,1,1,0.1348,0.52,39223871,13666.816,1463766
node4.tardis-apia.ldos-ut-pg0.wisc.cloudlab.us,alibabaBlock_66,s3fifoforgive,10,1367,26,1,2,0.1348,0.51,39223871,13666.816,1463766
node4.tardis-apia.ldos-ut-pg0.wisc.cloudlab.us,alibabaBlock_66,s3fifoforgive,10,1367,26,1,3,0.1348,0.52,39223871,13666.816,1463766
node4.tardis-apia.ldos-ut-pg0.wisc.cloudlab.us,alibabaBlock_66,lru,0.1,14,20,1,1,0.2603,3.12,39223871,13666.816,1463766
node4.tardis-apia.ldos-ut-pg0.wisc.cloudlab.us,alibabaBlock_66,lru,0.1,14,20,1,2,0.2603,3.08,39223871,13666.816,1463766
node4.tardis-apia.ldos-ut-pg0.wisc.cloudlab.us,alibabaBlock_66,lru,0.1,14,20,1,3,0.2603,3.12,39223871,13666.816,1463766
node4.tardis-apia.ldos-ut-pg0.wisc.cloudlab.us,alibabaBlock_66,lruforgive,0.1,14,20,1,1,0.2608,1.09,39223871,13666.816,1463766
node4.tardis-apia.ldos-ut-pg0.wisc.cloudlab.us,alibabaBlock_66,lruforgive,0.1,14,20,1,2,0.2608,1.05,39223871,13666.816,1463766
node4.tardis-apia.ldos-ut-pg0.wisc.cloudlab.us,alibabaBlock_66,lruforgive,0.1,14,20,1,3,0.2608,1.05,39223871,13666.816,1463766
node4.tardis-apia.ldos-ut-pg0.wisc.cloudlab.us,alibabaBlock_66,s3fifo,0.1,14,20,1,1,0.2539,3.33,39223871,13666.816,1463766
node4.tardis-apia.ldos-ut-pg0.wisc.cloudlab.us,alibabaBlock_66,s3fifo,0.1,14,20,1,2,0.2539,3.34,39223871,13666.816,1463766
node4.tardis-apia.ldos-ut-pg0.wisc.cloudlab.us,alibabaBlock_66,s3fifo,0.1,14,20,1,3,0.2539,3.36,39223871,13666.816,1463766
node4.tardis-apia.ldos-ut-pg0.wisc.cloudlab.us,alibabaBlock_66,s3fifoforgive,0.1,14,20,1,1,0.2538,1.16,39223871,13666.816,1463766
node4.tardis-apia.ldos-ut-pg0.wisc.cloudlab.us,alibabaBlock_66,s3fifoforgive,0.1,14,20,1,2,0.2538,1.17,39223871,13666.816,1463766
node4.tardis-apia.ldos-ut-pg0.wisc.cloudlab.us,alibabaBlock_66,s3fifoforgive,0.1,14,20,1,3,0.2538,1.16,39223871,13666.816,1463766
node4.tardis-apia.ldos-ut-pg0.wisc.cloudlab.us,alibabaBlock_661,lru,10,1140,26,1,1,0.1148,0.83,16174243,11402.0352,1004609
node4.tardis-apia.ldos-ut-pg0.wisc.cloudlab.us,alibabaBlock_661,lru,10,1140,26,1,2,0.1148,0.83,16174243,11402.0352,1004609
node4.tardis-apia.ldos-ut-pg0.wisc.cloudlab.us,alibabaBlock_661,lru,10,1140,26,1,3,0.1148,0.84,16174243,11402.0352,1004609
node4.tardis-apia.ldos-ut-pg0.wisc.cloudlab.us,alibabaBlock_661,lruforgive,10,1140,26,1,1,0.1153,0.41,16174243,11402.0352,1004609
node4.tardis-apia.ldos-ut-pg0.wisc.cloudlab.us,alibabaBlock_661,lruforgive,10,1140,26,1,2,0.1153,0.41,16174243,11402.0352,1004609
node4.tardis-apia.ldos-ut-pg0.wisc.cloudlab.us,alibabaBlock_661,lruforgive,10,1140,26,1,3,0.1153,0.41,16174243,11402.0352,1004609
node4.tardis-apia.ldos-ut-pg0.wisc.cloudlab.us,alibabaBlock_661,s3fifo,10,1140,26,1,1,0.1441,0.85,16174243,11402.0352,1004609
node4.tardis-apia.ldos-ut-pg0.wisc.cloudlab.us,alibabaBlock_661,s3fifo,10,1140,26,1,2,0.1441,0.84,16174243,11402.0352,1004609
node4.tardis-apia.ldos-ut-pg0.wisc.cloudlab.us,alibabaBlock_661,s3fifo,10,1140,26,1,3,0.1441,0.85,16174243,11402.0352,1004609
node4.tardis-apia.ldos-ut-pg0.wisc.cloudlab.us,alibabaBlock_661,s3fifoforgive,10,1140,26,1,1,0.1439,0.44,16174243,11402.0352,1004609
node4.tardis-apia.ldos-ut-pg0.wisc.cloudlab.us,alibabaBlock_661,s3fifoforgive,10,1140,26,1,2,0.1439,0.45,16174243,11402.0352,1004609
node4.tardis-apia.ldos-ut-pg0.wisc.cloudlab.us,alibabaBlock_661,s3fifoforgive,10,1140,26,1,3,0.1439,0.45,16174243,11402.0352,1004609
node4.tardis-apia.ldos-ut-pg0.wisc.cloudlab.us,alibabaBlock_661,lru,0.1,11,20,1,1,0.4320,2.23,16174243,11402.0352,1004609
node4.tardis-apia.ldos-ut-pg0.wisc.cloudlab.us,alibabaBlock_661,lru,0.1,11,20,1,2,0.4320,2.28,16174243,11402.0352,1004609
node4.tardis-apia.ldos-ut-pg0.wisc.cloudlab.us,alibabaBlock_661,lru,0.1,11,20,1,3,0.4320,2.27,16174243,11402.0352,1004609
node4.tardis-apia.ldos-ut-pg0.wisc.cloudlab.us,alibabaBlock_661,lruforgive,0.1,11,20,1,1,0.3968,0.72,16174243,11402.0352,1004609
node4.tardis-apia.ldos-ut-pg0.wisc.cloudlab.us,alibabaBlock_661,lruforgive,0.1,11,20,1,2,0.3968,0.71,16174243,11402.0352,1004609
node4.tardis-apia.ldos-ut-pg0.wisc.cloudlab.us,alibabaBlock_661,lruforgive,0.1,11,20,1,3,0.3968,0.72,16174243,11402.0352,1004609
node4.tardis-apia.ldos-ut-pg0.wisc.cloudlab.us,alibabaBlock_661,s3fifo,0.1,11,20,1,1,0.3676,2.47,16174243,11402.0352,1004609
node4.tardis-apia.ldos-ut-pg0.wisc.cloudlab.us,alibabaBlock_661,s3fifo,0.1,11,20,1,2,0.3676,2.52,16174243,11402.0352,1004609
node4.tardis-apia.ldos-ut-pg0.wisc.cloudlab.us,alibabaBlock_661,s3fifo,0.1,11,20,1,3,0.3676,2.48,16174243,11402.0352,1004609
node4.tardis-apia.ldos-ut-pg0.wisc.cloudlab.us,alibabaBlock_661,s3fifoforgive,0.1,11,20,1,1,0.3609,1.04,16174243,11402.0352,1004609
node4.tardis-apia.ldos-ut-pg0.wisc.cloudlab.us,alibabaBlock_661,s3fifoforgive,0.1,11,20,1,2,0.3609,1.04,16174243,11402.0352,1004609
node4.tardis-apia.ldos-ut-pg0.wisc.cloudlab.us,alibabaBlock_661,s3fifoforgive,0.1,11,20,1,3,0.3609,1.03,16174243,11402.0352,1004609
node4.tardis-apia.ldos-ut-pg0.wisc.cloudlab.us,alibabaBlock_663,lru,10,1225,26,1,1,0.0992,1.10,22375364,12253.7984,1621784
node4.tardis-apia.ldos-ut-pg0.wisc.cloudlab.us,alibabaBlock_663,lru,10,1225,26,1,2,0.0992,1.12,22375364,12253.7984,1621784
node4.tardis-apia.ldos-ut-pg0.wisc.cloudlab.us,alibabaBlock_663,lru,10,1225,26,1,3,0.0992,1.10,22375364,12253.7984,1621784
node4.tardis-apia.ldos-ut-pg0.wisc.cloudlab.us,alibabaBlock_663,lruforgive,10,1225,26,1,1,0.0995,0.47,22375364,12253.7984,1621784
node4.tardis-apia.ldos-ut-pg0.wisc.cloudlab.us,alibabaBlock_663,lruforgive,10,1225,26,1,2,0.0995,0.46,22375364,12253.7984,1621784
node4.tardis-apia.ldos-ut-pg0.wisc.cloudlab.us,alibabaBlock_663,lruforgive,10,1225,26,1,3,0.0995,0.47,22375364,12253.7984,1621784
node4.tardis-apia.ldos-ut-pg0.wisc.cloudlab.us,alibabaBlock_663,s3fifo,10,1225,26,1,1,0.1194,1.15,22375364,12253.7984,1621784
node4.tardis-apia.ldos-ut-pg0.wisc.cloudlab.us,alibabaBlock_663,s3fifo,10,1225,26,1,2,0.1194,1.15,22375364,12253.7984,1621784
node4.tardis-apia.ldos-ut-pg0.wisc.cloudlab.us,alibabaBlock_663,s3fifo,10,1225,26,1,3,0.1194,1.16,22375364,12253.7984,1621784
node4.tardis-apia.ldos-ut-pg0.wisc.cloudlab.us,alibabaBlock_663,s3fifoforgive,10,1225,26,1,1,0.1192,0.51,22375364,12253.7984,1621784
node4.tardis-apia.ldos-ut-pg0.wisc.cloudlab.us,alibabaBlock_663,s3fifoforgive,10,1225,26,1,2,0.1193,0.51,22375364,12253.7984,1621784
node4.tardis-apia.ldos-ut-pg0.wisc.cloudlab.us,alibabaBlock_663,s3fifoforgive,10,1225,26,1,3,0.1193,0.52,22375364,12253.7984,1621784
node4.tardis-apia.ldos-ut-pg0.wisc.cloudlab.us,alibabaBlock_663,lru,0.1,12,20,1,1,0.3339,2.27,22375364,12253.7984,1621784
node4.tardis-apia.ldos-ut-pg0.wisc.cloudlab.us,alibabaBlock_663,lru,0.1,12,20,1,2,0.3339,2.23,22375364,12253.7984,1621784
node4.tardis-apia.ldos-ut-pg0.wisc.cloudlab.us,alibabaBlock_663,lru,0.1,12,20,1,3,0.3339,2.26,22375364,12253.7984,1621784
node4.tardis-apia.ldos-ut-pg0.wisc.cloudlab.us,alibabaBlock_663,lruforgive,0.1,12,20,1,1,0.3085,0.76,22375364,12253.7984,1621784
node4.tardis-apia.ldos-ut-pg0.wisc.cloudlab.us,alibabaBlock_663,lruforgive,0.1,12,20,1,2,0.3085,0.75,22375364,12253.7984,1621784
node4.tardis-apia.ldos-ut-pg0.wisc.cloudlab.us,alibabaBlock_663,lruforgive,0.1,12,20,1,3,0.3085,0.76,22375364,12253.7984,1621784
node4.tardis-apia.ldos-ut-pg0.wisc.cloudlab.us,alibabaBlock_663,s3fifo,0.1,12,20,1,1,0.2813,2.52,22375364,12253.7984,1621784
node4.tardis-apia.ldos-ut-pg0.wisc.cloudlab.us,alibabaBlock_663,s3fifo,0.1,12,20,1,2,0.2813,2.50,22375364,12253.7984,1621784
node4.tardis-apia.ldos-ut-pg0.wisc.cloudlab.us,alibabaBlock_663,s3fifo,0.1,12,20,1,3,0.2813,2.50,22375364,12253.7984,1621784
node4.tardis-apia.ldos-ut-pg0.wisc.cloudlab.us,alibabaBlock_663,s3fifoforgive,0.1,12,20,1,1,0.2794,0.95,22375364,12253.7984,1621784
node4.tardis-apia.ldos-ut-pg0.wisc.cloudlab.us,alibabaBlock_663,s3fifoforgive,0.1,12,20,1,2,0.2794,0.95,22375364,12253.7984,1621784
node4.tardis-apia.ldos-ut-pg0.wisc.cloudlab.us,alibabaBlock_663,s3fifoforgive,0.1,12,20,1,3,0.2794,0.93,22375364,12253.7984,1621784
node4.tardis-apia.ldos-ut-pg0.wisc.cloudlab.us,alibabaBlock_67,lru,10,36703,27,1,1,0.7367,0.13,14635437,367032.5248,8776917
node4.tardis-apia.ldos-ut-pg0.wisc.cloudlab.us,alibabaBlock_67,lru,10,36703,27,1,2,0.7367,0.13,14635437,367032.5248,8776917
node4.tardis-apia.ldos-ut-pg0.wisc.cloudlab.us,alibabaBlock_67,lru,10,36703,27,1,3,0.7367,0.13,14635437,367032.5248,8776917
node4.tardis-apia.ldos-ut-pg0.wisc.cloudlab.us,alibabaBlock_67,lruforgive,10,36703,27,1,1,0.7364,0.13,14635437,367032.5248,8776917
node4.tardis-apia.ldos-ut-pg0.wisc.cloudlab.us,alibabaBlock_67,lruforgive,10,36703,27,1,2,0.7364,0.13,14635437,367032.5248,8776917
node4.tardis-apia.ldos-ut-pg0.wisc.cloudlab.us,alibabaBlock_67,lruforgive,10,36703,27,1,3,0.7364,0.13,14635437,367032.5248,8776917
node4.tardis-apia.ldos-ut-pg0.wisc.cloudlab.us,alibabaBlock_67,s3fifo,10,36703,27,1,1,0.7372,0.13,14635437,367032.5248,8776917
node4.tardis-apia.ldos-ut-pg0.wisc.cloudlab.us,alibabaBlock_67,s3fifo,10,36703,27,1,2,NA,NA,NA,367032.5248,8776917
node4.tardis-apia.ldos-ut-pg0.wisc.cloudlab.us,alibabaBlock_67,s3fifo,10,36703,27,1,3,NA,NA,NA,367032.5248,8776917
node4.tardis-apia.ldos-ut-pg0.wisc.cloudlab.us,alibabaBlock_67,s3fifoforgive,10,36703,27,1,1,0.7372,0.13,14635437,367032.5248,8776917
node4.tardis-apia.ldos-ut-pg0.wisc.cloudlab.us,alibabaBlock_67,s3fifoforgive,10,36703,27,1,2,0.7372,0.13,14635437,367032.5248,8776917
node4.tardis-apia.ldos-ut-pg0.wisc.cloudlab.us,alibabaBlock_67,s3fifoforgive,10,36703,27,1,3,0.7372,0.13,14635437,367032.5248,8776917
node4.tardis-apia.ldos-ut-pg0.wisc.cloudlab.us,alibabaBlock_67,lru,0.1,367,25,1,1,0.8197,0.21,14635437,367032.5248,8776917
node4.tardis-apia.ldos-ut-pg0.wisc.cloudlab.us,alibabaBlock_67,lru,0.1,367,25,1,2,0.8197,0.22,14635437,367032.5248,8776917
node4.tardis-apia.ldos-ut-pg0.wisc.cloudlab.us,alibabaBlock_67,lru,0.1,367,25,1,3,0.8197,0.21,14635437,367032.5248,8776917
node4.tardis-apia.ldos-ut-pg0.wisc.cloudlab.us,alibabaBlock_67,lruforgive,0.1,367,25,1,1,0.8195,0.20,14635437,367032.5248,8776917
node4.tardis-apia.ldos-ut-pg0.wisc.cloudlab.us,alibabaBlock_67,lruforgive,0.1,367,25,1,2,0.8195,0.20,14635437,367032.5248,8776917
node4.tardis-apia.ldos-ut-pg0.wisc.cloudlab.us,alibabaBlock_67,lruforgive,0.1,367,25,1,3,0.8195,0.20,14635437,367032.5248,8776917
node4.tardis-apia.ldos-ut-pg0.wisc.cloudlab.us,alibabaBlock_67,s3fifo,0.1,367,25,1,1,0.8228,0.24,14635437,367032.5248,8776917
node4.tardis-apia.ldos-ut-pg0.wisc.cloudlab.us,alibabaBlock_67,s3fifo,0.1,367,25,1,2,0.8228,0.24,14635437,367032.5248,8776917
node4.tardis-apia.ldos-ut-pg0.wisc.cloudlab.us,alibabaBlock_67,s3fifo,0.1,367,25,1,3,0.8228,0.24,14635437,367032.5248,8776917
node4.tardis-apia.ldos-ut-pg0.wisc.cloudlab.us,alibabaBlock_67,s3fifoforgive,0.1,367,25,1,1,0.8227,0.22,14635437,367032.5248,8776917
node4.tardis-apia.ldos-ut-pg0.wisc.cloudlab.us,alibabaBlock_67,s3fifoforgive,0.1,367,25,1,2,0.8227,0.22,14635437,367032.5248,8776917
node4.tardis-apia.ldos-ut-pg0.wisc.cloudlab.us,alibabaBlock_67,s3fifoforgive,0.1,367,25,1,3,0.8227,0.22,14635437,367032.5248,8776917
node4.tardis-apia.ldos-ut-pg0.wisc.cloudlab.us,alibabaBlock_679,lru,10,4224,27,1,1,0.0253,1.64,723159748,42239.7952,3752873
node4.tardis-apia.ldos-ut-pg0.wisc.cloudlab.us,alibabaBlock_679,lru,10,4224,27,1,2,0.0253,1.66,723159748,42239.7952,3752873
node4.tardis-apia.ldos-ut-pg0.wisc.cloudlab.us,alibabaBlock_679,lru,10,4224,27,1,3,0.0253,1.70,723159748,42239.7952,3752873
node4.tardis-apia.ldos-ut-pg0.wisc.cloudlab.us,alibabaBlock_679,lruforgive,10,4224,27,1,1,0.0253,0.39,723159748,42239.7952,3752873
node4.tardis-apia.ldos-ut-pg0.wisc.cloudlab.us,alibabaBlock_679,lruforgive,10,4224,27,1,2,0.0253,0.39,723159748,42239.7952,3752873
node4.tardis-apia.ldos-ut-pg0.wisc.cloudlab.us,alibabaBlock_679,lruforgive,10,4224,27,1,3,0.0253,0.39,723159748,42239.7952,3752873
node4.tardis-apia.ldos-ut-pg0.wisc.cloudlab.us,alibabaBlock_679,s3fifo,10,4224,27,1,1,0.0265,1.86,723159748,42239.7952,3752873
node4.tardis-apia.ldos-ut-pg0.wisc.cloudlab.us,alibabaBlock_679,s3fifo,10,4224,27,1,2,0.0265,1.88,723159748,42239.7952,3752873
node4.tardis-apia.ldos-ut-pg0.wisc.cloudlab.us,alibabaBlock_679,s3fifo,10,4224,27,1,3,0.0265,1.89,723159748,42239.7952,3752873
node4.tardis-apia.ldos-ut-pg0.wisc.cloudlab.us,alibabaBlock_679,s3fifoforgive,10,4224,27,1,1,0.0265,0.41,723159748,42239.7952,3752873
node4.tardis-apia.ldos-ut-pg0.wisc.cloudlab.us,alibabaBlock_679,s3fifoforgive,10,4224,27,1,2,0.0265,0.42,723159748,42239.7952,3752873
node4.tardis-apia.ldos-ut-pg0.wisc.cloudlab.us,alibabaBlock_679,s3fifoforgive,10,4224,27,1,3,0.0265,0.41,723159748,42239.7952,3752873
node4.tardis-apia.ldos-ut-pg0.wisc.cloudlab.us,alibabaBlock_679,lru,0.1,42,21,1,1,0.9272,1.03,723159748,42239.7952,3752873
node4.tardis-apia.ldos-ut-pg0.wisc.cloudlab.us,alibabaBlock_679,lru,0.1,42,21,1,2,0.9272,1.05,723159748,42239.7952,3752873
node4.tardis-apia.ldos-ut-pg0.wisc.cloudlab.us,alibabaBlock_679,lru,0.1,42,21,1,3,0.9272,1.05,723159748,42239.7952,3752873
node4.tardis-apia.ldos-ut-pg0.wisc.cloudlab.us,alibabaBlock_679,lruforgive,0.1,42,21,1,1,0.9228,0.77,723159748,42239.7952,3752873
node4.tardis-apia.ldos-ut-pg0.wisc.cloudlab.us,alibabaBlock_679,lruforgive,0.1,42,21,1,2,0.9228,0.78,723159748,42239.7952,3752873
node4.tardis-apia.ldos-ut-pg0.wisc.cloudlab.us,alibabaBlock_679,lruforgive,0.1,42,21,1,3,0.9228,0.72,723159748,42239.7952,3752873
node4.tardis-apia.ldos-ut-pg0.wisc.cloudlab.us,alibabaBlock_679,s3fifo,0.1,42,21,1,1,NA,NA,NA,42239.7952,3752873
node4.tardis-apia.ldos-ut-pg0.wisc.cloudlab.us,alibabaBlock_679,s3fifo,0.1,42,21,1,2,NA,NA,NA,42239.7952,3752873
node4.tardis-apia.ldos-ut-pg0.wisc.cloudlab.us,alibabaBlock_679,s3fifo,0.1,42,21,1,3,NA,NA,NA,42239.7952,3752873
node4.tardis-apia.ldos-ut-pg0.wisc.cloudlab.us,alibabaBlock_679,s3fifoforgive,0.1,42,21,1,1,0.8993,0.86,723159748,42239.7952,3752873
node4.tardis-apia.ldos-ut-pg0.wisc.cloudlab.us,alibabaBlock_679,s3fifoforgive,0.1,42,21,1,2,0.8993,0.85,723159748,42239.7952,3752873
node4.tardis-apia.ldos-ut-pg0.wisc.cloudlab.us,alibabaBlock_679,s3fifoforgive,0.1,42,21,1,3,0.8993,0.84,723159748,42239.7952,3752873
node4.tardis-apia.ldos-ut-pg0.wisc.cloudlab.us,alibabaBlock_68,lru,10,1640,27,1,1,0.0474,1.97,75580726,16403.0464,2911295
node4.tardis-apia.ldos-ut-pg0.wisc.cloudlab.us,alibabaBlock_68,lru,10,1640,27,1,2,0.0474,1.96,75580726,16403.0464,2911295
node4.tardis-apia.ldos-ut-pg0.wisc.cloudlab.us,alibabaBlock_68,lru,10,1640,27,1,3,0.0474,2.00,75580726,16403.0464,2911295
node4.tardis-apia.ldos-ut-pg0.wisc.cloudlab.us,alibabaBlock_68,lruforgive,10,1640,27,1,1,0.0474,0.61,75580726,16403.0464,2911295
node4.tardis-apia.ldos-ut-pg0.wisc.cloudlab.us,alibabaBlock_68,lruforgive,10,1640,27,1,2,0.0474,0.63,75580726,16403.0464,2911295
node4.tardis-apia.ldos-ut-pg0.wisc.cloudlab.us,alibabaBlock_68,lruforgive,10,1640,27,1,3,0.0474,0.62,75580726,16403.0464,2911295
node4.tardis-apia.ldos-ut-pg0.wisc.cloudlab.us,alibabaBlock_68,s3fifo,10,1640,27,1,1,NA,NA,NA,16403.0464,2911295
node4.tardis-apia.ldos-ut-pg0.wisc.cloudlab.us,alibabaBlock_68,s3fifo,10,1640,27,1,2,NA,NA,NA,16403.0464,2911295
node4.tardis-apia.ldos-ut-pg0.wisc.cloudlab.us,alibabaBlock_68,s3fifo,10,1640,27,1,3,NA,NA,NA,16403.0464,2911295
node4.tardis-apia.ldos-ut-pg0.wisc.cloudlab.us,alibabaBlock_68,s3fifoforgive,10,1640,27,1,1,0.0554,0.67,75580726,16403.0464,2911295
node4.tardis-apia.ldos-ut-pg0.wisc.cloudlab.us,alibabaBlock_68,s3fifoforgive,10,1640,27,1,2,0.0554,0.67,75580726,16403.0464,2911295
node4.tardis-apia.ldos-ut-pg0.wisc.cloudlab.us,alibabaBlock_68,s3fifoforgive,10,1640,27,1,3,0.0554,0.67,75580726,16403.0464,2911295
node4.tardis-apia.ldos-ut-pg0.wisc.cloudlab.us,alibabaBlock_68,lru,0.1,16,20,1,1,0.1527,3.07,75580726,16403.0464,2911295
node4.tardis-apia.ldos-ut-pg0.wisc.cloudlab.us,alibabaBlock_68,lru,0.1,16,20,1,2,0.1527,3.03,75580726,16403.0464,2911295
node4.tardis-apia.ldos-ut-pg0.wisc.cloudlab.us,alibabaBlock_68,lru,0.1,16,20,1,3,0.1527,3.04,75580726,16403.0464,2911295
node4.tardis-apia.ldos-ut-pg0.wisc.cloudlab.us,alibabaBlock_68,lruforgive,0.1,16,20,1,1,0.1456,0.88,75580726,16403.0464,2911295
node4.tardis-apia.ldos-ut-pg0.wisc.cloudlab.us,alibabaBlock_68,lruforgive,0.1,16,20,1,2,0.1456,0.88,75580726,16403.0464,2911295
node4.tardis-apia.ldos-ut-pg0.wisc.cloudlab.us,alibabaBlock_68,lruforgive,0.1,16,20,1,3,0.1456,0.89,75580726,16403.0464,2911295
node4.tardis-apia.ldos-ut-pg0.wisc.cloudlab.us,alibabaBlock_68,s3fifo,0.1,16,20,1,1,0.1470,3.24,75580726,16403.0464,2911295
node4.tardis-apia.ldos-ut-pg0.wisc.cloudlab.us,alibabaBlock_68,s3fifo,0.1,16,20,1,2,0.1470,3.27,75580726,16403.0464,2911295
node4.tardis-apia.ldos-ut-pg0.wisc.cloudlab.us,alibabaBlock_68,s3fifo,0.1,16,20,1,3,0.1470,3.25,75580726,16403.0464,2911295
node4.tardis-apia.ldos-ut-pg0.wisc.cloudlab.us,alibabaBlock_68,s3fifoforgive,0.1,16,20,1,1,0.1465,0.96,75580726,16403.0464,2911295
node4.tardis-apia.ldos-ut-pg0.wisc.cloudlab.us,alibabaBlock_68,s3fifoforgive,0.1,16,20,1,2,0.1465,0.96,75580726,16403.0464,2911295
node4.tardis-apia.ldos-ut-pg0.wisc.cloudlab.us,alibabaBlock_68,s3fifoforgive,0.1,16,20,1,3,0.1465,0.95,75580726,16403.0464,2911295
node4.tardis-apia.ldos-ut-pg0.wisc.cloudlab.us,alibabaBlock_69,lru,10,1323,26,1,1,0.0970,1.13,22446128,13234.7904,1755168
node4.tardis-apia.ldos-ut-pg0.wisc.cloudlab.us,alibabaBlock_69,lru,10,1323,26,1,2,0.0970,1.11,22446128,13234.7904,1755168
node4.tardis-apia.ldos-ut-pg0.wisc.cloudlab.us,alibabaBlock_69,lru,10,1323,26,1,3,0.0970,1.12,22446128,13234.7904,1755168
node4.tardis-apia.ldos-ut-pg0.wisc.cloudlab.us,alibabaBlock_69,lruforgive,10,1323,26,1,1,0.0972,0.46,22446128,13234.7904,1755168
node4.tardis-apia.ldos-ut-pg0.wisc.cloudlab.us,alibabaBlock_69,lruforgive,10,1323,26,1,2,0.0972,0.46,22446128,13234.7904,1755168
node4.tardis-apia.ldos-ut-pg0.wisc.cloudlab.us,alibabaBlock_69,lruforgive,10,1323,26,1,3,0.0972,0.46,22446128,13234.7904,1755168
node4.tardis-apia.ldos-ut-pg0.wisc.cloudlab.us,alibabaBlock_69,s3fifo,10,1323,26,1,1,0.1163,1.18,22446128,13234.7904,1755168
node4.tardis-apia.ldos-ut-pg0.wisc.cloudlab.us,alibabaBlock_69,s3fifo,10,1323,26,1,2,0.1162,1.17,22446128,13234.7904,1755168
node4.tardis-apia.ldos-ut-pg0.wisc.cloudlab.us,alibabaBlock_69,s3fifo,10,1323,26,1,3,NA,NA,NA,13234.7904,1755168
node4.tardis-apia.ldos-ut-pg0.wisc.cloudlab.us,alibabaBlock_69,s3fifoforgive,10,1323,26,1,1,NA,0.52,13016030,13234.7904,1755168
node4.tardis-apia.ldos-ut-pg0.wisc.cloudlab.us,alibabaBlock_69,s3fifoforgive,10,1323,26,1,2,0.1161,0.51,22446128,13234.7904,1755168
node4.tardis-apia.ldos-ut-pg0.wisc.cloudlab.us,alibabaBlock_69,s3fifoforgive,10,1323,26,1,3,0.1161,0.50,22446128,13234.7904,1755168
node4.tardis-apia.ldos-ut-pg0.wisc.cloudlab.us,alibabaBlock_69,lru,0.1,13,20,1,1,0.3323,2.22,22446128,13234.7904,1755168
node4.tardis-apia.ldos-ut-pg0.wisc.cloudlab.us,alibabaBlock_69,lru,0.1,13,20,1,2,0.3323,2.22,22446128,13234.7904,1755168
node4.tardis-apia.ldos-ut-pg0.wisc.cloudlab.us,alibabaBlock_69,lru,0.1,13,20,1,3,0.3323,2.21,22446128,13234.7904,1755168
node4.tardis-apia.ldos-ut-pg0.wisc.cloudlab.us,alibabaBlock_69,lruforgive,0.1,13,20,1,1,0.3054,0.73,22446128,13234.7904,1755168
node4.tardis-apia.ldos-ut-pg0.wisc.cloudlab.us,alibabaBlock_69,lruforgive,0.1,13,20,1,2,0.3054,0.73,22446128,13234.7904,1755168
node4.tardis-apia.ldos-ut-pg0.wisc.cloudlab.us,alibabaBlock_69,lruforgive,0.1,13,20,1,3,0.3054,0.74,22446128,13234.7904,1755168
node4.tardis-apia.ldos-ut-pg0.wisc.cloudlab.us,alibabaBlock_69,s3fifo,0.1,13,20,1,1,0.2804,2.55,22446128,13234.7904,1755168
node4.tardis-apia.ldos-ut-pg0.wisc.cloudlab.us,alibabaBlock_69,s3fifo,0.1,13,20,1,2,0.2804,2.50,22446128,13234.7904,1755168
node4.tardis-apia.ldos-ut-pg0.wisc.cloudlab.us,alibabaBlock_69,s3fifo,0.1,13,20,1,3,0.2804,2.52,22446128,13234.7904,1755168
node4.tardis-apia.ldos-ut-pg0.wisc.cloudlab.us,alibabaBlock_69,s3fifoforgive,0.1,13,20,1,1,0.2785,0.93,22446128,13234.7904,1755168
node4.tardis-apia.ldos-ut-pg0.wisc.cloudlab.us,alibabaBlock_69,s3fifoforgive,0.1,13,20,1,2,0.2785,0.93,22446128,13234.7904,1755168
node4.tardis-apia.ldos-ut-pg0.wisc.cloudlab.us,alibabaBlock_69,s3fifoforgive,0.1,13,20,1,3,0.2785,0.94,22446128,13234.7904,1755168
node4.tardis-apia.ldos-ut-pg0.wisc.cloudlab.us,alibabaBlock_7,lru,10,13180,27,1,1,0.0907,0.98,265694430,131800.1664,4809046
node4.tardis-apia.ldos-ut-pg0.wisc.cloudlab.us,alibabaBlock_7,lru,10,13180,27,1,2,0.0907,0.98,265694430,131800.1664,4809046
node4.tardis-apia.ldos-ut-pg0.wisc.cloudlab.us,alibabaBlock_7,lru,10,13180,27,1,3,0.0907,0.98,265694430,131800.1664,4809046
node4.tardis-apia.ldos-ut-pg0.wisc.cloudlab.us,alibabaBlock_7,lruforgive,10,13180,27,1,1,0.0905,0.40,265694430,131800.1664,4809046
node4.tardis-apia.ldos-ut-pg0.wisc.cloudlab.us,alibabaBlock_7,lruforgive,10,13180,27,1,2,0.0905,0.40,265694430,131800.1664,4809046
node4.tardis-apia.ldos-ut-pg0.wisc.cloudlab.us,alibabaBlock_7,lruforgive,10,13180,27,1,3,0.0905,0.40,265694430,131800.1664,4809046
node4.tardis-apia.ldos-ut-pg0.wisc.cloudlab.us,alibabaBlock_7,s3fifo,10,13180,27,1,1,0.0827,1.09,265694430,131800.1664,4809046
node4.tardis-apia.ldos-ut-pg0.wisc.cloudlab.us,alibabaBlock_7,s3fifo,10,13180,27,1,2,0.0827,1.09,265694430,131800.1664,4809046
node4.tardis-apia.ldos-ut-pg0.wisc.cloudlab.us,alibabaBlock_7,s3fifo,10,13180,27,1,3,0.0828,1.08,265694430,131800.1664,4809046
node4.tardis-apia.ldos-ut-pg0.wisc.cloudlab.us,alibabaBlock_7,s3fifoforgive,10,13180,27,1,1,0.0827,0.44,265694430,131800.1664,4809046
node4.tardis-apia.ldos-ut-pg0.wisc.cloudlab.us,alibabaBlock_7,s3fifoforgive,10,13180,27,1,2,0.0827,0.44,265694430,131800.1664,4809046
node4.tardis-apia.ldos-ut-pg0.wisc.cloudlab.us,alibabaBlock_7,s3fifoforgive,10,13180,27,1,3,0.0827,0.44,265694430,131800.1664,4809046
node4.tardis-apia.ldos-ut-pg0.wisc.cloudlab.us,alibabaBlock_7,lru,0.1,132,23,1,1,0.3344,0.90,265694430,131800.1664,4809046
node4.tardis-apia.ldos-ut-pg0.wisc.cloudlab.us,alibabaBlock_7,lru,0.1,132,23,1,2,0.3344,0.90,265694430,131800.1664,4809046
node4.tardis-apia.ldos-ut-pg0.wisc.cloudlab.us,alibabaBlock_7,lru,0.1,132,23,1,3,0.3344,0.89,265694430,131800.1664,4809046
node4.tardis-apia.ldos-ut-pg0.wisc.cloudlab.us,alibabaBlock_7,lruforgive,0.1,132,23,1,1,0.3290,0.55,265694430,131800.1664,4809046
node4.tardis-apia.ldos-ut-pg0.wisc.cloudlab.us,alibabaBlock_7,lruforgive,0.1,132,23,1,2,0.3290,0.55,265694430,131800.1664,4809046
node4.tardis-apia.ldos-ut-pg0.wisc.cloudlab.us,alibabaBlock_7,lruforgive,0.1,132,23,1,3,0.3290,0.55,265694430,131800.1664,4809046
node4.tardis-apia.ldos-ut-pg0.wisc.cloudlab.us,alibabaBlock_7,s3fifo,0.1,132,23,1,1,NA,NA,NA,131800.1664,4809046
node4.tardis-apia.ldos-ut-pg0.wisc.cloudlab.us,alibabaBlock_7,s3fifo,0.1,132,23,1,2,NA,NA,NA,131800.1664,4809046
node4.tardis-apia.ldos-ut-pg0.wisc.cloudlab.us,alibabaBlock_7,s3fifo,0.1,132,23,1,3,NA,NA,NA,131800.1664,4809046
node4.tardis-apia.ldos-ut-pg0.wisc.cloudlab.us,alibabaBlock_7,s3fifoforgive,0.1,132,23,1,1,0.3231,0.77,265694430,131800.1664,4809046
node4.tardis-apia.ldos-ut-pg0.wisc.cloudlab.us,alibabaBlock_7,s3fifoforgive,0.1,132,23,1,2,0.3231,0.77,265694430,131800.1664,4809046
node4.tardis-apia.ldos-ut-pg0.wisc.cloudlab.us,alibabaBlock_7,s3fifoforgive,0.1,132,23,1,3,0.3231,0.76,265694430,131800.1664,4809046
node4.tardis-apia.ldos-ut-pg0.wisc.cloudlab.us,alibabaBlock_701,lru,10,5696,27,1,1,0.2256,0.27,6928379,56964.3008,1294342
node4.tardis-apia.ldos-ut-pg0.wisc.cloudlab.us,alibabaBlock_701,lru,10,5696,27,1,2,0.2256,0.27,6928379,56964.3008,1294342
node4.tardis-apia.ldos-ut-pg0.wisc.cloudlab.us,alibabaBlock_701,lru,10,5696,27,1,3,0.2256,0.27,6928379,56964.3008,1294342
node4.tardis-apia.ldos-ut-pg0.wisc.cloudlab.us,alibabaBlock_701,lruforgive,10,5696,27,1,1,0.2211,0.24,6928379,56964.3008,1294342
node4.tardis-apia.ldos-ut-pg0.wisc.cloudlab.us,alibabaBlock_701,lruforgive,10,5696,27,1,2,0.2211,0.24,6928379,56964.3008,1294342
node4.tardis-apia.ldos-ut-pg0.wisc.cloudlab.us,alibabaBlock_701,lruforgive,10,5696,27,1,3,0.2211,0.24,6928379,56964.3008,1294342
node4.tardis-apia.ldos-ut-pg0.wisc.cloudlab.us,alibabaBlock_701,s3fifo,10,5696,27,1,1,0.2080,0.29,6928379,56964.3008,1294342
node4.tardis-apia.ldos-ut-pg0.wisc.cloudlab.us,alibabaBlock_701,s3fifo,10,5696,27,1,2,0.2081,0.30,6928379,56964.3008,1294342
node4.tardis-apia.ldos-ut-pg0.wisc.cloudlab.us,alibabaBlock_701,s3fifo,10,5696,27,1,3,0.2081,0.29,6928379,56964.3008,1294342
node4.tardis-apia.ldos-ut-pg0.wisc.cloudlab.us,alibabaBlock_701,s3fifoforgive,10,5696,27,1,1,0.2080,0.25,6928379,56964.3008,1294342
node4.tardis-apia.ldos-ut-pg0.wisc.cloudlab.us,alibabaBlock_701,s3fifoforgive,10,5696,27,1,2,0.2080,0.26,6928379,56964.3008,1294342
node4.tardis-apia.ldos-ut-pg0.wisc.cloudlab.us,alibabaBlock_701,s3fifoforgive,10,5696,27,1,3,0.2080,0.26,6928379,56964.3008,1294342
node4.tardis-apia.ldos-ut-pg0.wisc.cloudlab.us,alibabaBlock_701,lru,0.1,57,22,1,1,0.3996,0.70,6928379,56964.3008,1294342
node4.tardis-apia.ldos-ut-pg0.wisc.cloudlab.us,alibabaBlock_701,lru,0.1,57,22,1,2,0.3996,0.70,6928379,56964.3008,1294342
node4.tardis-apia.ldos-ut-pg0.wisc.cloudlab.us,alibabaBlock_701,lru,0.1,57,22,1,3,0.3996,0.70,6928379,56964.3008,1294342
node4.tardis-apia.ldos-ut-pg0.wisc.cloudlab.us,alibabaBlock_701,lruforgive,0.1,57,22,1,1,0.3959,0.49,6928379,56964.3008,1294342
node4.tardis-apia.ldos-ut-pg0.wisc.cloudlab.us,alibabaBlock_701,lruforgive,0.1,57,22,1,2,0.3959,0.48,6928379,56964.3008,1294342
node4.tardis-apia.ldos-ut-pg0.wisc.cloudlab.us,alibabaBlock_701,lruforgive,0.1,57,22,1,3,0.3959,0.48,6928379,56964.3008,1294342
node4.tardis-apia.ldos-ut-pg0.wisc.cloudlab.us,alibabaBlock_701,s3fifo,0.1,57,22,1,1,0.3903,0.97,6928379,56964.3008,1294342
node4.tardis-apia.ldos-ut-pg0.wisc.cloudlab.us,alibabaBlock_701,s3fifo,0.1,57,22,1,2,0.3903,0.97,6928379,56964.3008,1294342
node4.tardis-apia.ldos-ut-pg0.wisc.cloudlab.us,alibabaBlock_701,s3fifo,0.1,57,22,1,3,0.3903,0.96,6928379,56964.3008,1294342
node4.tardis-apia.ldos-ut-pg0.wisc.cloudlab.us,alibabaBlock_701,s3fifoforgive,0.1,57,22,1,1,0.3900,0.61,6928379,56964.3008,1294342
node4.tardis-apia.ldos-ut-pg0.wisc.cloudlab.us,alibabaBlock_701,s3fifoforgive,0.1,57,22,1,2,0.3900,0.63,6928379,56964.3008,1294342
node4.tardis-apia.ldos-ut-pg0.wisc.cloudlab.us,alibabaBlock_701,s3fifoforgive,0.1,57,22,1,3,0.3900,0.62,6928379,56964.3008,1294342
node4.tardis-apia.ldos-ut-pg0.wisc.cloudlab.us,alibabaBlock_717,lru,10,6046,27,1,1,0.4976,0.15,3616353,60457.8816,1072053
node4.tardis-apia.ldos-ut-pg0.wisc.cloudlab.us,alibabaBlock_717,lru,10,6046,27,1,2,0.4976,0.15,3616353,60457.8816,1072053
node4.tardis-apia.ldos-ut-pg0.wisc.cloudlab.us,alibabaBlock_717,lru,10,6046,27,1,3,0.4976,0.15,3616353,60457.8816,1072053
node4.tardis-apia.ldos-ut-pg0.wisc.cloudlab.us,alibabaBlock_717,lruforgive,10,6046,27,1,1,0.4975,0.16,3616353,60457.8816,1072053
node4.tardis-apia.ldos-ut-pg0.wisc.cloudlab.us,alibabaBlock_717,lruforgive,10,6046,27,1,2,0.4975,0.16,3616353,60457.8816,1072053
node4.tardis-apia.ldos-ut-pg0.wisc.cloudlab.us,alibabaBlock_717,lruforgive,10,6046,27,1,3,0.4975,0.16,3616353,60457.8816,1072053
node4.tardis-apia.ldos-ut-pg0.wisc.cloudlab.us,alibabaBlock_717,s3fifo,10,6046,27,1,1,NA,NA,NA,60457.8816,1072053
node4.tardis-apia.ldos-ut-pg0.wisc.cloudlab.us,alibabaBlock_717,s3fifo,10,6046,27,1,2,NA,NA,NA,60457.8816,1072053
node4.tardis-apia.ldos-ut-pg0.wisc.cloudlab.us,alibabaBlock_717,s3fifo,10,6046,27,1,3,NA,NA,NA,60457.8816,1072053
node4.tardis-apia.ldos-ut-pg0.wisc.cloudlab.us,alibabaBlock_717,s3fifoforgive,10,6046,27,1,1,0.5554,0.17,3616353,60457.8816,1072053
node4.tardis-apia.ldos-ut-pg0.wisc.cloudlab.us,alibabaBlock_717,s3fifoforgive,10,6046,27,1,2,0.5561,0.17,3616353,60457.8816,1072053
node4.tardis-apia.ldos-ut-pg0.wisc.cloudlab.us,alibabaBlock_717,s3fifoforgive,10,6046,27,1,3,0.5554,0.17,3616353,60457.8816,1072053
node4.tardis-apia.ldos-ut-pg0.wisc.cloudlab.us,alibabaBlock_717,lru,0.1,60,22,1,1,0.6575,0.55,3616353,60457.8816,1072053
node4.tardis-apia.ldos-ut-pg0.wisc.cloudlab.us,alibabaBlock_717,lru,0.1,60,22,1,2,0.6575,0.55,3616353,60457.8816,1072053
node4.tardis-apia.ldos-ut-pg0.wisc.cloudlab.us,alibabaBlock_717,lru,0.1,60,22,1,3,0.6575,0.55,3616353,60457.8816,1072053
node4.tardis-apia.ldos-ut-pg0.wisc.cloudlab.us,alibabaBlock_717,lruforgive,0.1,60,22,1,1,0.6558,0.46,3616353,60457.8816,1072053
node4.tardis-apia.ldos-ut-pg0.wisc.cloudlab.us,alibabaBlock_717,lruforgive,0.1,60,22,1,2,0.6558,0.46,3616353,60457.8816,1072053
node4.tardis-apia.ldos-ut-pg0.wisc.cloudlab.us,alibabaBlock_717,lruforgive,0.1,60,22,1,3,0.6558,0.46,3616353,60457.8816,1072053
node4.tardis-apia.ldos-ut-pg0.wisc.cloudlab.us,alibabaBlock_717,s3fifo,0.1,60,22,1,1,0.6510,0.61,3616353,60457.8816,1072053
node4.tardis-apia.ldos-ut-pg0.wisc.cloudlab.us,alibabaBlock_717,s3fifo,0.1,60,22,1,2,0.6510,0.60,3616353,60457.8816,1072053
node4.tardis-apia.ldos-ut-pg0.wisc.cloudlab.us,alibabaBlock_717,s3fifo,0.1,60,22,1,3,0.6510,0.62,3616353,60457.8816,1072053
node4.tardis-apia.ldos-ut-pg0.wisc.cloudlab.us,alibabaBlock_717,s3fifoforgive,0.1,60,22,1,1,0.6509,0.50,3616353,60457.8816,1072053
node4.tardis-apia.ldos-ut-pg0.wisc.cloudlab.us,alibabaBlock_717,s3fifoforgive,0.1,60,22,1,2,0.6509,0.49,3616353,60457.8816,1072053
node4.tardis-apia.ldos-ut-pg0.wisc.cloudlab.us,alibabaBlock_717,s3fifoforgive,0.1,60,22,1,3,0.6509,0.49,3616353,60457.8816,1072053
node4.tardis-apia.ldos-ut-pg0.wisc.cloudlab.us,alibabaBlock_72,lru,10,1376,26,1,1,0.1174,1.07,37741836,13756.5184,1516112
node4.tardis-apia.ldos-ut-pg0.wisc.cloudlab.us,alibabaBlock_72,lru,10,1376,26,1,2,0.1174,1.06,37741836,13756.5184,1516112
node4.tardis-apia.ldos-ut-pg0.wisc.cloudlab.us,alibabaBlock_72,lru,10,1376,26,1,3,0.1174,1.07,37741836,13756.5184,1516112
node4.tardis-apia.ldos-ut-pg0.wisc.cloudlab.us,alibabaBlock_72,lruforgive,10,1376,26,1,1,0.1168,0.48,37741836,13756.5184,1516112
node4.tardis-apia.ldos-ut-pg0.wisc.cloudlab.us,alibabaBlock_72,lruforgive,10,1376,26,1,2,0.1168,0.48,37741836,13756.5184,1516112
node4.tardis-apia.ldos-ut-pg0.wisc.cloudlab.us,alibabaBlock_72,lruforgive,10,1376,26,1,3,0.1168,0.48,37741836,13756.5184,1516112
node4.tardis-apia.ldos-ut-pg0.wisc.cloudlab.us,alibabaBlock_72,s3fifo,10,1376,26,1,1,0.1400,1.05,37741836,13756.5184,1516112
node4.tardis-apia.ldos-ut-pg0.wisc.cloudlab.us,alibabaBlock_72,s3fifo,10,1376,26,1,2,0.1400,1.05,37741836,13756.5184,1516112
node4.tardis-apia.ldos-ut-pg0.wisc.cloudlab.us,alibabaBlock_72,s3fifo,10,1376,26,1,3,0.1400,1.04,37741836,13756.5184,1516112
node4.tardis-apia.ldos-ut-pg0.wisc.cloudlab.us,alibabaBlock_72,s3fifoforgive,10,1376,26,1,1,NA,NA,21913177,13756.5184,1516112
node4.tardis-apia.ldos-ut-pg0.wisc.cloudlab.us,alibabaBlock_72,s3fifoforgive,10,1376,26,1,2,NA,NA,21913177,13756.5184,1516112
node4.tardis-apia.ldos-ut-pg0.wisc.cloudlab.us,alibabaBlock_72,s3fifoforgive,10,1376,26,1,3,NA,NA,21913177,13756.5184,1516112
node4.tardis-apia.ldos-ut-pg0.wisc.cloudlab.us,alibabaBlock_72,lru,0.1,14,20,1,1,0.2319,3.16,37741836,13756.5184,1516112
node4.tardis-apia.ldos-ut-pg0.wisc.cloudlab.us,alibabaBlock_72,lru,0.1,14,20,1,2,0.2319,3.16,37741836,13756.5184,1516112
node4.tardis-apia.ldos-ut-pg0.wisc.cloudlab.us,alibabaBlock_72,lru,0.1,14,20,1,3,0.2319,3.20,37741836,13756.5184,1516112
node4.tardis-apia.ldos-ut-pg0.wisc.cloudlab.us,alibabaBlock_72,lruforgive,0.1,14,20,1,1,0.2307,1.05,37741836,13756.5184,1516112
node4.tardis-apia.ldos-ut-pg0.wisc.cloudlab.us,alibabaBlock_72,lruforgive,0.1,14,20,1,2,0.2307,1.05,37741836,13756.5184,1516112
node4.tardis-apia.ldos-ut-pg0.wisc.cloudlab.us,alibabaBlock_72,lruforgive,0.1,14,20,1,3,0.2307,0.93,37741836,13756.5184,1516112
node4.tardis-apia.ldos-ut-pg0.wisc.cloudlab.us,alibabaBlock_72,s3fifo,0.1,14,20,1,1,0.2284,3.35,37741836,13756.5184,1516112
node4.tardis-apia.ldos-ut-pg0.wisc.cloudlab.us,alibabaBlock_72,s3fifo,0.1,14,20,1,2,0.2284,3.35,37741836,13756.5184,1516112
node4.tardis-apia.ldos-ut-pg0.wisc.cloudlab.us,alibabaBlock_72,s3fifo,0.1,14,20,1,3,0.2284,3.38,37741836,13756.5184,1516112
node4.tardis-apia.ldos-ut-pg0.wisc.cloudlab.us,alibabaBlock_72,s3fifoforgive,0.1,14,20,1,1,0.2284,0.98,37741836,13756.5184,1516112
node4.tardis-apia.ldos-ut-pg0.wisc.cloudlab.us,alibabaBlock_72,s3fifoforgive,0.1,14,20,1,2,0.2284,1.01,37741836,13756.5184,1516112
node4.tardis-apia.ldos-ut-pg0.wisc.cloudlab.us,alibabaBlock_72,s3fifoforgive,0.1,14,20,1,3,0.2284,1.00,37741836,13756.5184,1516112
node4.tardis-apia.ldos-ut-pg0.wisc.cloudlab.us,alibabaBlock_724,lru,10,48515,27,1,1,0.6077,0.02,4188605,485150.3104,1466427
node4.tardis-apia.ldos-ut-pg0.wisc.cloudlab.us,alibabaBlock_724,lru,10,48515,27,1,2,0.6077,0.02,4188605,485150.3104,1466427
node4.tardis-apia.ldos-ut-pg0.wisc.cloudlab.us,alibabaBlock_724,lru,10,48515,27,1,3,0.6077,0.02,4188605,485150.3104,1466427
node4.tardis-apia.ldos-ut-pg0.wisc.cloudlab.us,alibabaBlock_724,lruforgive,10,48515,27,1,1,0.6042,0.02,4188605,485150.3104,1466427
node4.tardis-apia.ldos-ut-pg0.wisc.cloudlab.us,alibabaBlock_724,lruforgive,10,48515,27,1,2,0.6042,0.02,4188605,485150.3104,1466427
node4.tardis-apia.ldos-ut-pg0.wisc.cloudlab.us,alibabaBlock_724,lruforgive,10,48515,27,1,3,0.6042,0.02,4188605,485150.3104,1466427
node4.tardis-apia.ldos-ut-pg0.wisc.cloudlab.us,alibabaBlock_724,s3fifo,10,48515,27,1,1,NA,NA,NA,485150.3104,1466427
node4.tardis-apia.ldos-ut-pg0.wisc.cloudlab.us,alibabaBlock_724,s3fifo,10,48515,27,1,2,NA,NA,NA,485150.3104,1466427
node4.tardis-apia.ldos-ut-pg0.wisc.cloudlab.us,alibabaBlock_724,s3fifo,10,48515,27,1,3,NA,NA,NA,485150.3104,1466427
node4.tardis-apia.ldos-ut-pg0.wisc.cloudlab.us,alibabaBlock_724,s3fifoforgive,10,48515,27,1,1,NA,NA,NA,485150.3104,1466427
node4.tardis-apia.ldos-ut-pg0.wisc.cloudlab.us,alibabaBlock_724,s3fifoforgive,10,48515,27,1,2,NA,NA,NA,485150.3104,1466427
node4.tardis-apia.ldos-ut-pg0.wisc.cloudlab.us,alibabaBlock_724,s3fifoforgive,10,48515,27,1,3,NA,NA,NA,485150.3104,1466427
node4.tardis-apia.ldos-ut-pg0.wisc.cloudlab.us,alibabaBlock_724,lru,0.1,485,25,1,1,0.8197,0.04,4188605,485150.3104,1466427
node4.tardis-apia.ldos-ut-pg0.wisc.cloudlab.us,alibabaBlock_724,lru,0.1,485,25,1,2,0.8197,0.04,4188605,485150.3104,1466427
node4.tardis-apia.ldos-ut-pg0.wisc.cloudlab.us,alibabaBlock_724,lru,0.1,485,25,1,3,0.8197,0.04,4188605,485150.3104,1466427
node4.tardis-apia.ldos-ut-pg0.wisc.cloudlab.us,alibabaBlock_724,lruforgive,0.1,485,25,1,1,0.8189,0.04,4188605,485150.3104,1466427
node4.tardis-apia.ldos-ut-pg0.wisc.cloudlab.us,alibabaBlock_724,lruforgive,0.1,485,25,1,2,0.8189,0.04,4188605,485150.3104,1466427
node4.tardis-apia.ldos-ut-pg0.wisc.cloudlab.us,alibabaBlock_724,lruforgive,0.1,485,25,1,3,0.8189,0.04,4188605,485150.3104,1466427
node4.tardis-apia.ldos-ut-pg0.wisc.cloudlab.us,alibabaBlock_724,s3fifo,0.1,485,25,1,1,NA,NA,NA,485150.3104,1466427
node4.tardis-apia.ldos-ut-pg0.wisc.cloudlab.us,alibabaBlock_724,s3fifo,0.1,485,25,1,2,NA,NA,NA,485150.3104,1466427
node4.tardis-apia.ldos-ut-pg0.wisc.cloudlab.us,alibabaBlock_724,s3fifo,0.1,485,25,1,3,NA,NA,NA,485150.3104,1466427
node4.tardis-apia.ldos-ut-pg0.wisc.cloudlab.us,alibabaBlock_724,s3fifoforgive,0.1,485,25,1,1,NA,0.04,2286419,485150.3104,1466427
node4.tardis-apia.ldos-ut-pg0.wisc.cloudlab.us,alibabaBlock_724,s3fifoforgive,0.1,485,25,1,2,NA,0.04,2286419,485150.3104,1466427
node4.tardis-apia.ldos-ut-pg0.wisc.cloudlab.us,alibabaBlock_724,s3fifoforgive,0.1,485,25,1,3,NA,0.04,2286419,485150.3104,1466427
node4.tardis-apia.ldos-ut-pg0.wisc.cloudlab.us,alibabaBlock_725,lru,10,237525,27,1,1,NA_TOOBIG,NA,NA,2375249.92,6161426
node4.tardis-apia.ldos-ut-pg0.wisc.cloudlab.us,alibabaBlock_725,lru,10,237525,27,1,2,NA_TOOBIG,NA,NA,2375249.92,6161426
node4.tardis-apia.ldos-ut-pg0.wisc.cloudlab.us,alibabaBlock_725,lru,10,237525,27,1,3,NA_TOOBIG,NA,NA,2375249.92,6161426
node4.tardis-apia.ldos-ut-pg0.wisc.cloudlab.us,alibabaBlock_725,lruforgive,10,237525,27,1,1,NA_TOOBIG,NA,NA,2375249.92,6161426
node4.tardis-apia.ldos-ut-pg0.wisc.cloudlab.us,alibabaBlock_725,lruforgive,10,237525,27,1,2,NA_TOOBIG,NA,NA,2375249.92,6161426
node4.tardis-apia.ldos-ut-pg0.wisc.cloudlab.us,alibabaBlock_725,lruforgive,10,237525,27,1,3,NA_TOOBIG,NA,NA,2375249.92,6161426
node4.tardis-apia.ldos-ut-pg0.wisc.cloudlab.us,alibabaBlock_725,s3fifo,10,237525,27,1,1,NA_TOOBIG,NA,NA,2375249.92,6161426
node4.tardis-apia.ldos-ut-pg0.wisc.cloudlab.us,alibabaBlock_725,s3fifo,10,237525,27,1,2,NA_TOOBIG,NA,NA,2375249.92,6161426
node4.tardis-apia.ldos-ut-pg0.wisc.cloudlab.us,alibabaBlock_725,s3fifo,10,237525,27,1,3,NA_TOOBIG,NA,NA,2375249.92,6161426
node4.tardis-apia.ldos-ut-pg0.wisc.cloudlab.us,alibabaBlock_725,s3fifoforgive,10,237525,27,1,1,NA_TOOBIG,NA,NA,2375249.92,6161426
node4.tardis-apia.ldos-ut-pg0.wisc.cloudlab.us,alibabaBlock_725,s3fifoforgive,10,237525,27,1,2,NA_TOOBIG,NA,NA,2375249.92,6161426
node4.tardis-apia.ldos-ut-pg0.wisc.cloudlab.us,alibabaBlock_725,s3fifoforgive,10,237525,27,1,3,NA_TOOBIG,NA,NA,2375249.92,6161426
node4.tardis-apia.ldos-ut-pg0.wisc.cloudlab.us,alibabaBlock_725,lru,0.1,2375,27,1,1,0.9612,0.02,13719499,2375249.92,6161426
node4.tardis-apia.ldos-ut-pg0.wisc.cloudlab.us,alibabaBlock_725,lru,0.1,2375,27,1,2,0.9612,0.02,13719499,2375249.92,6161426
node4.tardis-apia.ldos-ut-pg0.wisc.cloudlab.us,alibabaBlock_725,lru,0.1,2375,27,1,3,0.9612,0.02,13719499,2375249.92,6161426
node4.tardis-apia.ldos-ut-pg0.wisc.cloudlab.us,alibabaBlock_725,lruforgive,0.1,2375,27,1,1,0.9603,0.02,13719499,2375249.92,6161426
node4.tardis-apia.ldos-ut-pg0.wisc.cloudlab.us,alibabaBlock_725,lruforgive,0.1,2375,27,1,2,0.9603,0.02,13719499,2375249.92,6161426
node4.tardis-apia.ldos-ut-pg0.wisc.cloudlab.us,alibabaBlock_725,lruforgive,0.1,2375,27,1,3,0.9603,0.02,13719499,2375249.92,6161426
node4.tardis-apia.ldos-ut-pg0.wisc.cloudlab.us,alibabaBlock_725,s3fifo,0.1,2375,27,1,1,0.9575,0.02,13719499,2375249.92,6161426
node4.tardis-apia.ldos-ut-pg0.wisc.cloudlab.us,alibabaBlock_725,s3fifo,0.1,2375,27,1,2,0.9575,0.02,13719499,2375249.92,6161426
node4.tardis-apia.ldos-ut-pg0.wisc.cloudlab.us,alibabaBlock_725,s3fifo,0.1,2375,27,1,3,0.9575,0.02,13719499,2375249.92,6161426
node4.tardis-apia.ldos-ut-pg0.wisc.cloudlab.us,alibabaBlock_725,s3fifoforgive,0.1,2375,27,1,1,0.9576,0.02,13719499,2375249.92,6161426
node4.tardis-apia.ldos-ut-pg0.wisc.cloudlab.us,alibabaBlock_725,s3fifoforgive,0.1,2375,27,1,2,0.9576,0.02,13719499,2375249.92,6161426
node4.tardis-apia.ldos-ut-pg0.wisc.cloudlab.us,alibabaBlock_725,s3fifoforgive,0.1,2375,27,1,3,0.9576,0.02,13719499,2375249.92,6161426
node4.tardis-apia.ldos-ut-pg0.wisc.cloudlab.us,alibabaBlock_726,lru,10,40983,27,1,1,0.7340,0.04,5067717,409826.9184,2619666
node4.tardis-apia.ldos-ut-pg0.wisc.cloudlab.us,alibabaBlock_726,lru,10,40983,27,1,2,0.7340,0.04,5067717,409826.9184,2619666
node4.tardis-apia.ldos-ut-pg0.wisc.cloudlab.us,alibabaBlock_726,lru,10,40983,27,1,3,0.7340,0.04,5067717,409826.9184,2619666
node4.tardis-apia.ldos-ut-pg0.wisc.cloudlab.us,alibabaBlock_726,lruforgive,10,40983,27,1,1,0.7256,0.04,5067717,409826.9184,2619666
node4.tardis-apia.ldos-ut-pg0.wisc.cloudlab.us,alibabaBlock_726,lruforgive,10,40983,27,1,2,0.7256,0.04,5067717,409826.9184,2619666
node4.tardis-apia.ldos-ut-pg0.wisc.cloudlab.us,alibabaBlock_726,lruforgive,10,40983,27,1,3,0.7257,0.04,5067717,409826.9184,2619666
node4.tardis-apia.ldos-ut-pg0.wisc.cloudlab.us,alibabaBlock_726,s3fifo,10,40983,27,1,1,NA,NA,NA,409826.9184,2619666
node4.tardis-apia.ldos-ut-pg0.wisc.cloudlab.us,alibabaBlock_726,s3fifo,10,40983,27,1,2,NA,NA,NA,409826.9184,2619666
node4.tardis-apia.ldos-ut-pg0.wisc.cloudlab.us,alibabaBlock_726,s3fifo,10,40983,27,1,3,0.6482,0.04,5067717,409826.9184,2619666
node4.tardis-apia.ldos-ut-pg0.wisc.cloudlab.us,alibabaBlock_726,s3fifoforgive,10,40983,27,1,1,0.6479,0.04,5067717,409826.9184,2619666
node4.tardis-apia.ldos-ut-pg0.wisc.cloudlab.us,alibabaBlock_726,s3fifoforgive,10,40983,27,1,2,0.6481,0.04,5067717,409826.9184,2619666
node4.tardis-apia.ldos-ut-pg0.wisc.cloudlab.us,alibabaBlock_726,s3fifoforgive,10,40983,27,1,3,0.6480,0.04,5067717,409826.9184,2619666
node4.tardis-apia.ldos-ut-pg0.wisc.cloudlab.us,alibabaBlock_726,lru,0.1,410,25,1,1,0.8921,0.05,5067717,409826.9184,2619666
node4.tardis-apia.ldos-ut-pg0.wisc.cloudlab.us,alibabaBlock_726,lru,0.1,410,25,1,2,0.8921,0.05,5067717,409826.9184,2619666
node4.tardis-apia.ldos-ut-pg0.wisc.cloudlab.us,alibabaBlock_726,lru,0.1,410,25,1,3,0.8921,0.05,5067717,409826.9184,2619666
node4.tardis-apia.ldos-ut-pg0.wisc.cloudlab.us,alibabaBlock_726,lruforgive,0.1,410,25,1,1,0.8914,0.05,5067717,409826.9184,2619666
node4.tardis-apia.ldos-ut-pg0.wisc.cloudlab.us,alibabaBlock_726,lruforgive,0.1,410,25,1,2,0.8914,0.05,5067717,409826.9184,2619666
node4.tardis-apia.ldos-ut-pg0.wisc.cloudlab.us,alibabaBlock_726,lruforgive,0.1,410,25,1,3,0.8914,0.05,5067717,409826.9184,2619666
node4.tardis-apia.ldos-ut-pg0.wisc.cloudlab.us,alibabaBlock_726,s3fifo,0.1,410,25,1,1,0.8886,0.05,5067717,409826.9184,2619666
node4.tardis-apia.ldos-ut-pg0.wisc.cloudlab.us,alibabaBlock_726,s3fifo,0.1,410,25,1,2,0.8886,0.05,5067717,409826.9184,2619666
node4.tardis-apia.ldos-ut-pg0.wisc.cloudlab.us,alibabaBlock_726,s3fifo,0.1,410,25,1,3,0.8886,0.05,5067717,409826.9184,2619666
node4.tardis-apia.ldos-ut-pg0.wisc.cloudlab.us,alibabaBlock_726,s3fifoforgive,0.1,410,25,1,1,0.8885,0.06,5067717,409826.9184,2619666
node4.tardis-apia.ldos-ut-pg0.wisc.cloudlab.us,alibabaBlock_726,s3fifoforgive,0.1,410,25,1,2,0.8885,0.05,5067717,409826.9184,2619666
node4.tardis-apia.ldos-ut-pg0.wisc.cloudlab.us,alibabaBlock_726,s3fifoforgive,0.1,410,25,1,3,0.8885,0.05,5067717,409826.9184,2619666
node4.tardis-apia.ldos-ut-pg0.wisc.cloudlab.us,alibabaBlock_727,lru,10,43022,27,1,1,0.5139,0.21,37552021,430215.5776,12589749
node4.tardis-apia.ldos-ut-pg0.wisc.cloudlab.us,alibabaBlock_727,lru,10,43022,27,1,2,0.5139,0.21,37552021,430215.5776,12589749
node4.tardis-apia.ldos-ut-pg0.wisc.cloudlab.us,alibabaBlock_727,lru,10,43022,27,1,3,0.5139,0.21,37552021,430215.5776,12589749
node4.tardis-apia.ldos-ut-pg0.wisc.cloudlab.us,alibabaBlock_727,lruforgive,10,43022,27,1,1,0.5136,0.16,37552021,430215.5776,12589749
node4.tardis-apia.ldos-ut-pg0.wisc.cloudlab.us,alibabaBlock_727,lruforgive,10,43022,27,1,2,0.5136,0.17,37552021,430215.5776,12589749
node4.tardis-apia.ldos-ut-pg0.wisc.cloudlab.us,alibabaBlock_727,lruforgive,10,43022,27,1,3,0.5136,0.16,37552021,430215.5776,12589749
node4.tardis-apia.ldos-ut-pg0.wisc.cloudlab.us,alibabaBlock_727,s3fifo,10,43022,27,1,1,0.5905,0.22,37552021,430215.5776,12589749
node4.tardis-apia.ldos-ut-pg0.wisc.cloudlab.us,alibabaBlock_727,s3fifo,10,43022,27,1,2,0.5905,0.22,37552021,430215.5776,12589749
node4.tardis-apia.ldos-ut-pg0.wisc.cloudlab.us,alibabaBlock_727,s3fifo,10,43022,27,1,3,0.5905,0.22,37552021,430215.5776,12589749
node4.tardis-apia.ldos-ut-pg0.wisc.cloudlab.us,alibabaBlock_727,s3fifoforgive,10,43022,27,1,1,0.5905,0.18,37552021,430215.5776,12589749
node4.tardis-apia.ldos-ut-pg0.wisc.cloudlab.us,alibabaBlock_727,s3fifoforgive,10,43022,27,1,2,0.5905,0.18,37552021,430215.5776,12589749
node4.tardis-apia.ldos-ut-pg0.wisc.cloudlab.us,alibabaBlock_727,s3fifoforgive,10,43022,27,1,3,0.5905,0.18,37552021,430215.5776,12589749
node4.tardis-apia.ldos-ut-pg0.wisc.cloudlab.us,alibabaBlock_727,lru,0.1,430,25,1,1,0.8844,0.22,37552021,430215.5776,12589749
node4.tardis-apia.ldos-ut-pg0.wisc.cloudlab.us,alibabaBlock_727,lru,0.1,430,25,1,2,0.8844,0.22,37552021,430215.5776,12589749
node4.tardis-apia.ldos-ut-pg0.wisc.cloudlab.us,alibabaBlock_727,lru,0.1,430,25,1,3,0.8844,0.22,37552021,430215.5776,12589749
node4.tardis-apia.ldos-ut-pg0.wisc.cloudlab.us,alibabaBlock_727,lruforgive,0.1,430,25,1,1,0.8823,0.20,37552021,430215.5776,12589749
node4.tardis-apia.ldos-ut-pg0.wisc.cloudlab.us,alibabaBlock_727,lruforgive,0.1,430,25,1,2,0.8823,0.21,37552021,430215.5776,12589749
node4.tardis-apia.ldos-ut-pg0.wisc.cloudlab.us,alibabaBlock_727,lruforgive,0.1,430,25,1,3,0.8823,0.20,37552021,430215.5776,12589749
node4.tardis-apia.ldos-ut-pg0.wisc.cloudlab.us,alibabaBlock_727,s3fifo,0.1,430,25,1,1,NA,NA,NA,430215.5776,12589749
node4.tardis-apia.ldos-ut-pg0.wisc.cloudlab.us,alibabaBlock_727,s3fifo,0.1,430,25,1,2,NA,NA,NA,430215.5776,12589749
node4.tardis-apia.ldos-ut-pg0.wisc.cloudlab.us,alibabaBlock_727,s3fifo,0.1,430,25,1,3,NA,NA,NA,430215.5776,12589749
node4.tardis-apia.ldos-ut-pg0.wisc.cloudlab.us,alibabaBlock_727,s3fifoforgive,0.1,430,25,1,1,0.8833,0.38,37552021,430215.5776,12589749
node4.tardis-apia.ldos-ut-pg0.wisc.cloudlab.us,alibabaBlock_727,s3fifoforgive,0.1,430,25,1,2,0.8833,0.38,37552021,430215.5776,12589749
node4.tardis-apia.ldos-ut-pg0.wisc.cloudlab.us,alibabaBlock_727,s3fifoforgive,0.1,430,25,1,3,0.8833,0.38,37552021,430215.5776,12589749
node4.tardis-apia.ldos-ut-pg0.wisc.cloudlab.us,alibabaBlock_728,lru,10,98004,27,1,1,0.8905,0.02,4677750,980038.4512,3388062
node4.tardis-apia.ldos-ut-pg0.wisc.cloudlab.us,alibabaBlock_728,lru,10,98004,27,1,2,0.8904,0.02,4677750,980038.4512,3388062
node4.tardis-apia.ldos-ut-pg0.wisc.cloudlab.us,alibabaBlock_728,lru,10,98004,27,1,3,0.8904,0.02,4677750,980038.4512,3388062
node4.tardis-apia.ldos-ut-pg0.wisc.cloudlab.us,alibabaBlock_728,lruforgive,10,98004,27,1,1,0.8907,0.02,4677750,980038.4512,3388062
node4.tardis-apia.ldos-ut-pg0.wisc.cloudlab.us,alibabaBlock_728,lruforgive,10,98004,27,1,2,0.8908,0.02,4677750,980038.4512,3388062
node4.tardis-apia.ldos-ut-pg0.wisc.cloudlab.us,alibabaBlock_728,lruforgive,10,98004,27,1,3,0.8909,0.02,4677750,980038.4512,3388062
node4.tardis-apia.ldos-ut-pg0.wisc.cloudlab.us,alibabaBlock_728,s3fifo,10,98004,27,1,1,0.8802,0.02,4677750,980038.4512,3388062
node4.tardis-apia.ldos-ut-pg0.wisc.cloudlab.us,alibabaBlock_728,s3fifo,10,98004,27,1,2,0.8790,0.02,4677750,980038.4512,3388062
node4.tardis-apia.ldos-ut-pg0.wisc.cloudlab.us,alibabaBlock_728,s3fifo,10,98004,27,1,3,0.8790,0.02,4677750,980038.4512,3388062
node4.tardis-apia.ldos-ut-pg0.wisc.cloudlab.us,alibabaBlock_728,s3fifoforgive,10,98004,27,1,1,0.8801,0.02,4677750,980038.4512,3388062
node4.tardis-apia.ldos-ut-pg0.wisc.cloudlab.us,alibabaBlock_728,s3fifoforgive,10,98004,27,1,2,0.8800,0.02,4677750,980038.4512,3388062
node4.tardis-apia.ldos-ut-pg0.wisc.cloudlab.us,alibabaBlock_728,s3fifoforgive,10,98004,27,1,3,0.8801,0.02,4677750,980038.4512,3388062
node4.tardis-apia.ldos-ut-pg0.wisc.cloudlab.us,alibabaBlock_728,lru,0.1,980,26,1,1,0.9799,0.03,4677750,980038.4512,3388062
node4.tardis-apia.ldos-ut-pg0.wisc.cloudlab.us,alibabaBlock_728,lru,0.1,980,26,1,2,0.9799,0.03,4677750,980038.4512,3388062
node4.tardis-apia.ldos-ut-pg0.wisc.cloudlab.us,alibabaBlock_728,lru,0.1,980,26,1,3,0.9799,0.03,4677750,980038.4512,3388062
node4.tardis-apia.ldos-ut-pg0.wisc.cloudlab.us,alibabaBlock_728,lruforgive,0.1,980,26,1,1,0.9798,0.03,4677750,980038.4512,3388062
node4.tardis-apia.ldos-ut-pg0.wisc.cloudlab.us,alibabaBlock_728,lruforgive,0.1,980,26,1,2,0.9798,0.03,4677750,980038.4512,3388062
node4.tardis-apia.ldos-ut-pg0.wisc.cloudlab.us,alibabaBlock_728,lruforgive,0.1,980,26,1,3,0.9798,0.03,4677750,980038.4512,3388062
node4.tardis-apia.ldos-ut-pg0.wisc.cloudlab.us,alibabaBlock_728,s3fifo,0.1,980,26,1,1,0.9792,0.03,4677750,980038.4512,3388062
node4.tardis-apia.ldos-ut-pg0.wisc.cloudlab.us,alibabaBlock_728,s3fifo,0.1,980,26,1,2,0.9792,0.03,4677750,980038.4512,3388062
node4.tardis-apia.ldos-ut-pg0.wisc.cloudlab.us,alibabaBlock_728,s3fifo,0.1,980,26,1,3,0.9792,0.03,4677750,980038.4512,3388062
node4.tardis-apia.ldos-ut-pg0.wisc.cloudlab.us,alibabaBlock_728,s3fifoforgive,0.1,980,26,1,1,0.9792,0.03,4677750,980038.4512,3388062
node4.tardis-apia.ldos-ut-pg0.wisc.cloudlab.us,alibabaBlock_728,s3fifoforgive,0.1,980,26,1,2,0.9792,0.03,4677750,980038.4512,3388062
node4.tardis-apia.ldos-ut-pg0.wisc.cloudlab.us,alibabaBlock_728,s3fifoforgive,0.1,980,26,1,3,0.9792,0.03,4677750,980038.4512,3388062
node4.tardis-apia.ldos-ut-pg0.wisc.cloudlab.us,alibabaBlock_730,lru,10,247518,27,1,1,NA_TOOBIG,NA,NA,2475184.4352,6418257
node4.tardis-apia.ldos-ut-pg0.wisc.cloudlab.us,alibabaBlock_730,lru,10,247518,27,1,2,NA_TOOBIG,NA,NA,2475184.4352,6418257
node4.tardis-apia.ldos-ut-pg0.wisc.cloudlab.us,alibabaBlock_730,lru,10,247518,27,1,3,NA_TOOBIG,NA,NA,2475184.4352,6418257
node4.tardis-apia.ldos-ut-pg0.wisc.cloudlab.us,alibabaBlock_730,lruforgive,10,247518,27,1,1,NA_TOOBIG,NA,NA,2475184.4352,6418257
node4.tardis-apia.ldos-ut-pg0.wisc.cloudlab.us,alibabaBlock_730,lruforgive,10,247518,27,1,2,NA_TOOBIG,NA,NA,2475184.4352,6418257
node4.tardis-apia.ldos-ut-pg0.wisc.cloudlab.us,alibabaBlock_730,lruforgive,10,247518,27,1,3,NA_TOOBIG,NA,NA,2475184.4352,6418257
node4.tardis-apia.ldos-ut-pg0.wisc.cloudlab.us,alibabaBlock_730,s3fifo,10,247518,27,1,1,NA_TOOBIG,NA,NA,2475184.4352,6418257
node4.tardis-apia.ldos-ut-pg0.wisc.cloudlab.us,alibabaBlock_730,s3fifo,10,247518,27,1,2,NA_TOOBIG,NA,NA,2475184.4352,6418257
node4.tardis-apia.ldos-ut-pg0.wisc.cloudlab.us,alibabaBlock_730,s3fifo,10,247518,27,1,3,NA_TOOBIG,NA,NA,2475184.4352,6418257
node4.tardis-apia.ldos-ut-pg0.wisc.cloudlab.us,alibabaBlock_730,s3fifoforgive,10,247518,27,1,1,NA_TOOBIG,NA,NA,2475184.4352,6418257
node4.tardis-apia.ldos-ut-pg0.wisc.cloudlab.us,alibabaBlock_730,s3fifoforgive,10,247518,27,1,2,NA_TOOBIG,NA,NA,2475184.4352,6418257
node4.tardis-apia.ldos-ut-pg0.wisc.cloudlab.us,alibabaBlock_730,s3fifoforgive,10,247518,27,1,3,NA_TOOBIG,NA,NA,2475184.4352,6418257
node4.tardis-apia.ldos-ut-pg0.wisc.cloudlab.us,alibabaBlock_730,lru,0.1,2475,27,1,1,0.9620,0.02,14266258,2475184.4352,6418257
node4.tardis-apia.ldos-ut-pg0.wisc.cloudlab.us,alibabaBlock_730,lru,0.1,2475,27,1,2,0.9620,0.02,14266258,2475184.4352,6418257
node4.tardis-apia.ldos-ut-pg0.wisc.cloudlab.us,alibabaBlock_730,lru,0.1,2475,27,1,3,0.9620,0.02,14266258,2475184.4352,6418257
node4.tardis-apia.ldos-ut-pg0.wisc.cloudlab.us,alibabaBlock_730,lruforgive,0.1,2475,27,1,1,0.9611,0.02,14266258,2475184.4352,6418257
node4.tardis-apia.ldos-ut-pg0.wisc.cloudlab.us,alibabaBlock_730,lruforgive,0.1,2475,27,1,2,0.9611,0.02,14266258,2475184.4352,6418257
node4.tardis-apia.ldos-ut-pg0.wisc.cloudlab.us,alibabaBlock_730,lruforgive,0.1,2475,27,1,3,0.9610,0.02,14266258,2475184.4352,6418257
node4.tardis-apia.ldos-ut-pg0.wisc.cloudlab.us,alibabaBlock_730,s3fifo,0.1,2475,27,1,1,0.9583,0.02,14266258,2475184.4352,6418257
node4.tardis-apia.ldos-ut-pg0.wisc.cloudlab.us,alibabaBlock_730,s3fifo,0.1,2475,27,1,2,0.9583,0.02,14266258,2475184.4352,6418257
node4.tardis-apia.ldos-ut-pg0.wisc.cloudlab.us,alibabaBlock_730,s3fifo,0.1,2475,27,1,3,0.9583,0.02,14266258,2475184.4352,6418257
node4.tardis-apia.ldos-ut-pg0.wisc.cloudlab.us,alibabaBlock_730,s3fifoforgive,0.1,2475,27,1,1,NA,NA,NA,2475184.4352,6418257
node4.tardis-apia.ldos-ut-pg0.wisc.cloudlab.us,alibabaBlock_730,s3fifoforgive,0.1,2475,27,1,2,NA,NA,NA,2475184.4352,6418257
node4.tardis-apia.ldos-ut-pg0.wisc.cloudlab.us,alibabaBlock_730,s3fifoforgive,0.1,2475,27,1,3,NA,NA,NA,2475184.4352,6418257
node4.tardis-apia.ldos-ut-pg0.wisc.cloudlab.us,alibabaBlock_731,lru,10,242350,27,1,1,NA_TOOBIG,NA,NA,2423496.704,6279083
node4.tardis-apia.ldos-ut-pg0.wisc.cloudlab.us,alibabaBlock_731,lru,10,242350,27,1,2,NA_TOOBIG,NA,NA,2423496.704,6279083
node4.tardis-apia.ldos-ut-pg0.wisc.cloudlab.us,alibabaBlock_731,lru,10,242350,27,1,3,NA_TOOBIG,NA,NA,2423496.704,6279083
node4.tardis-apia.ldos-ut-pg0.wisc.cloudlab.us,alibabaBlock_731,lruforgive,10,242350,27,1,1,NA_TOOBIG,NA,NA,2423496.704,6279083
node4.tardis-apia.ldos-ut-pg0.wisc.cloudlab.us,alibabaBlock_731,lruforgive,10,242350,27,1,2,NA_TOOBIG,NA,NA,2423496.704,6279083
node4.tardis-apia.ldos-ut-pg0.wisc.cloudlab.us,alibabaBlock_731,lruforgive,10,242350,27,1,3,NA_TOOBIG,NA,NA,2423496.704,6279083
node4.tardis-apia.ldos-ut-pg0.wisc.cloudlab.us,alibabaBlock_731,s3fifo,10,242350,27,1,1,NA_TOOBIG,NA,NA,2423496.704,6279083
node4.tardis-apia.ldos-ut-pg0.wisc.cloudlab.us,alibabaBlock_731,s3fifo,10,242350,27,1,2,NA_TOOBIG,NA,NA,2423496.704,6279083
node4.tardis-apia.ldos-ut-pg0.wisc.cloudlab.us,alibabaBlock_731,s3fifo,10,242350,27,1,3,NA_TOOBIG,NA,NA,2423496.704,6279083
node4.tardis-apia.ldos-ut-pg0.wisc.cloudlab.us,alibabaBlock_731,s3fifoforgive,10,242350,27,1,1,NA_TOOBIG,NA,NA,2423496.704,6279083
node4.tardis-apia.ldos-ut-pg0.wisc.cloudlab.us,alibabaBlock_731,s3fifoforgive,10,242350,27,1,2,NA_TOOBIG,NA,NA,2423496.704,6279083
node4.tardis-apia.ldos-ut-pg0.wisc.cloudlab.us,alibabaBlock_731,s3fifoforgive,10,242350,27,1,3,NA_TOOBIG,NA,NA,2423496.704,6279083
node4.tardis-apia.ldos-ut-pg0.wisc.cloudlab.us,alibabaBlock_731,lru,0.1,2423,27,1,1,0.9614,0.02,14116030,2423496.704,6279083
node4.tardis-apia.ldos-ut-pg0.wisc.cloudlab.us,alibabaBlock_731,lru,0.1,2423,27,1,2,0.9614,0.02,14116030,2423496.704,6279083
node4.tardis-apia.ldos-ut-pg0.wisc.cloudlab.us,alibabaBlock_731,lru,0.1,2423,27,1,3,0.9614,0.02,14116030,2423496.704,6279083
node4.tardis-apia.ldos-ut-pg0.wisc.cloudlab.us,alibabaBlock_731,lruforgive,0.1,2423,27,1,1,0.9604,0.02,14116030,2423496.704,6279083
node4.tardis-apia.ldos-ut-pg0.wisc.cloudlab.us,alibabaBlock_731,lruforgive,0.1,2423,27,1,2,0.9604,0.02,14116030,2423496.704,6279083
node4.tardis-apia.ldos-ut-pg0.wisc.cloudlab.us,alibabaBlock_731,lruforgive,0.1,2423,27,1,3,0.9604,0.02,14116030,2423496.704,6279083
node4.tardis-apia.ldos-ut-pg0.wisc.cloudlab.us,alibabaBlock_731,s3fifo,0.1,2423,27,1,1,NA,NA,NA,2423496.704,6279083
node4.tardis-apia.ldos-ut-pg0.wisc.cloudlab.us,alibabaBlock_731,s3fifo,0.1,2423,27,1,2,NA,NA,NA,2423496.704,6279083
node4.tardis-apia.ldos-ut-pg0.wisc.cloudlab.us,alibabaBlock_731,s3fifo,0.1,2423,27,1,3,NA,NA,NA,2423496.704,6279083
node4.tardis-apia.ldos-ut-pg0.wisc.cloudlab.us,alibabaBlock_731,s3fifoforgive,0.1,2423,27,1,1,NA,NA,NA,2423496.704,6279083
node4.tardis-apia.ldos-ut-pg0.wisc.cloudlab.us,alibabaBlock_731,s3fifoforgive,0.1,2423,27,1,2,NA,NA,NA,2423496.704,6279083
node4.tardis-apia.ldos-ut-pg0.wisc.cloudlab.us,alibabaBlock_731,s3fifoforgive,0.1,2423,27,1,3,NA,NA,NA,2423496.704,6279083
node4.tardis-apia.ldos-ut-pg0.wisc.cloudlab.us,alibabaBlock_733,lru,10,8335,27,1,1,0.1517,0.37,15902901,83345.2032,1816525
node4.tardis-apia.ldos-ut-pg0.wisc.cloudlab.us,alibabaBlock_733,lru,10,8335,27,1,2,0.1517,0.37,15902901,83345.2032,1816525
node4.tardis-apia.ldos-ut-pg0.wisc.cloudlab.us,alibabaBlock_733,lru,10,8335,27,1,3,0.1517,0.36,15902901,83345.2032,1816525
node4.tardis-apia.ldos-ut-pg0.wisc.cloudlab.us,alibabaBlock_733,lruforgive,10,8335,27,1,1,0.1498,0.27,15902901,83345.2032,1816525
node4.tardis-apia.ldos-ut-pg0.wisc.cloudlab.us,alibabaBlock_733,lruforgive,10,8335,27,1,2,0.1498,0.27,15902901,83345.2032,1816525
node4.tardis-apia.ldos-ut-pg0.wisc.cloudlab.us,alibabaBlock_733,lruforgive,10,8335,27,1,3,0.1498,0.27,15902901,83345.2032,1816525
node4.tardis-apia.ldos-ut-pg0.wisc.cloudlab.us,alibabaBlock_733,s3fifo,10,8335,27,1,1,0.1383,0.41,15902901,83345.2032,1816525
node4.tardis-apia.ldos-ut-pg0.wisc.cloudlab.us,alibabaBlock_733,s3fifo,10,8335,27,1,2,0.1383,0.41,15902901,83345.2032,1816525
node4.tardis-apia.ldos-ut-pg0.wisc.cloudlab.us,alibabaBlock_733,s3fifo,10,8335,27,1,3,NA,NA,NA,83345.2032,1816525
node4.tardis-apia.ldos-ut-pg0.wisc.cloudlab.us,alibabaBlock_733,s3fifoforgive,10,8335,27,1,1,0.1384,0.30,15902901,83345.2032,1816525
node4.tardis-apia.ldos-ut-pg0.wisc.cloudlab.us,alibabaBlock_733,s3fifoforgive,10,8335,27,1,2,NA,NA,7743142,83345.2032,1816525
node4.tardis-apia.ldos-ut-pg0.wisc.cloudlab.us,alibabaBlock_733,s3fifoforgive,10,8335,27,1,3,NA,NA,7743142,83345.2032,1816525
node4.tardis-apia.ldos-ut-pg0.wisc.cloudlab.us,alibabaBlock_733,lru,0.1,83,22,1,1,0.4359,0.64,15902901,83345.2032,1816525
node4.tardis-apia.ldos-ut-pg0.wisc.cloudlab.us,alibabaBlock_733,lru,0.1,83,22,1,2,0.4359,0.62,15902901,83345.2032,1816525
node4.tardis-apia.ldos-ut-pg0.wisc.cloudlab.us,alibabaBlock_733,lru,0.1,83,22,1,3,0.4359,0.63,15902901,83345.2032,1816525
node4.tardis-apia.ldos-ut-pg0.wisc.cloudlab.us,alibabaBlock_733,lruforgive,0.1,83,22,1,1,0.4294,0.46,15902901,83345.2032,1816525
node4.tardis-apia.ldos-ut-pg0.wisc.cloudlab.us,alibabaBlock_733,lruforgive,0.1,83,22,1,2,0.4294,0.44,15902901,83345.2032,1816525
node4.tardis-apia.ldos-ut-pg0.wisc.cloudlab.us,alibabaBlock_733,lruforgive,0.1,83,22,1,3,0.4294,0.46,15902901,83345.2032,1816525
node4.tardis-apia.ldos-ut-pg0.wisc.cloudlab.us,alibabaBlock_733,s3fifo,0.1,83,22,1,1,NA,NA,NA,83345.2032,1816525
node4.tardis-apia.ldos-ut-pg0.wisc.cloudlab.us,alibabaBlock_733,s3fifo,0.1,83,22,1,2,NA,NA,NA,83345.2032,1816525
node4.tardis-apia.ldos-ut-pg0.wisc.cloudlab.us,alibabaBlock_733,s3fifo,0.1,83,22,1,3,NA,NA,NA,83345.2032,1816525
node4.tardis-apia.ldos-ut-pg0.wisc.cloudlab.us,alibabaBlock_733,s3fifoforgive,0.1,83,22,1,1,0.4363,0.65,15902901,83345.2032,1816525
node4.tardis-apia.ldos-ut-pg0.wisc.cloudlab.us,alibabaBlock_733,s3fifoforgive,0.1,83,22,1,2,0.4364,0.65,15902901,83345.2032,1816525
node4.tardis-apia.ldos-ut-pg0.wisc.cloudlab.us,alibabaBlock_733,s3fifoforgive,0.1,83,22,1,3,0.4363,0.65,15902901,83345.2032,1816525
node4.tardis-apia.ldos-ut-pg0.wisc.cloudlab.us,alibabaBlock_736,lru,10,243542,27,1,1,NA_TOOBIG,NA,NA,2435424.3584,6301580
node4.tardis-apia.ldos-ut-pg0.wisc.cloudlab.us,alibabaBlock_736,lru,10,243542,27,1,2,NA_TOOBIG,NA,NA,2435424.3584,6301580
node4.tardis-apia.ldos-ut-pg0.wisc.cloudlab.us,alibabaBlock_736,lru,10,243542,27,1,3,NA_TOOBIG,NA,NA,2435424.3584,6301580
node4.tardis-apia.ldos-ut-pg0.wisc.cloudlab.us,alibabaBlock_736,lruforgive,10,243542,27,1,1,NA_TOOBIG,NA,NA,2435424.3584,6301580
node4.tardis-apia.ldos-ut-pg0.wisc.cloudlab.us,alibabaBlock_736,lruforgive,10,243542,27,1,2,NA_TOOBIG,NA,NA,2435424.3584,6301580
node4.tardis-apia.ldos-ut-pg0.wisc.cloudlab.us,alibabaBlock_736,lruforgive,10,243542,27,1,3,NA_TOOBIG,NA,NA,2435424.3584,6301580
node4.tardis-apia.ldos-ut-pg0.wisc.cloudlab.us,alibabaBlock_736,s3fifo,10,243542,27,1,1,NA_TOOBIG,NA,NA,2435424.3584,6301580
node4.tardis-apia.ldos-ut-pg0.wisc.cloudlab.us,alibabaBlock_736,s3fifo,10,243542,27,1,2,NA_TOOBIG,NA,NA,2435424.3584,6301580
node4.tardis-apia.ldos-ut-pg0.wisc.cloudlab.us,alibabaBlock_736,s3fifo,10,243542,27,1,3,NA_TOOBIG,NA,NA,2435424.3584,6301580
node4.tardis-apia.ldos-ut-pg0.wisc.cloudlab.us,alibabaBlock_736,s3fifoforgive,10,243542,27,1,1,NA_TOOBIG,NA,NA,2435424.3584,6301580
node4.tardis-apia.ldos-ut-pg0.wisc.cloudlab.us,alibabaBlock_736,s3fifoforgive,10,243542,27,1,2,NA_TOOBIG,NA,NA,2435424.3584,6301580
node4.tardis-apia.ldos-ut-pg0.wisc.cloudlab.us,alibabaBlock_736,s3fifoforgive,10,243542,27,1,3,NA_TOOBIG,NA,NA,2435424.3584,6301580
node4.tardis-apia.ldos-ut-pg0.wisc.cloudlab.us,alibabaBlock_736,lru,0.1,2435,27,1,1,0.9618,0.02,14310020,2435424.3584,6301580
node4.tardis-apia.ldos-ut-pg0.wisc.cloudlab.us,alibabaBlock_736,lru,0.1,2435,27,1,2,0.9618,0.02,14310020,2435424.3584,6301580
node4.tardis-apia.ldos-ut-pg0.wisc.cloudlab.us,alibabaBlock_736,lru,0.1,2435,27,1,3,0.9618,0.02,14310020,2435424.3584,6301580
node4.tardis-apia.ldos-ut-pg0.wisc.cloudlab.us,alibabaBlock_736,lruforgive,0.1,2435,27,1,1,0.9609,0.02,14310020,2435424.3584,6301580
node4.tardis-apia.ldos-ut-pg0.wisc.cloudlab.us,alibabaBlock_736,lruforgive,0.1,2435,27,1,2,0.9609,0.02,14310020,2435424.3584,6301580
node4.tardis-apia.ldos-ut-pg0.wisc.cloudlab.us,alibabaBlock_736,lruforgive,0.1,2435,27,1,3,0.9609,0.02,14310020,2435424.3584,6301580
node4.tardis-apia.ldos-ut-pg0.wisc.cloudlab.us,alibabaBlock_736,s3fifo,0.1,2435,27,1,1,0.9588,0.02,14310020,2435424.3584,6301580
node4.tardis-apia.ldos-ut-pg0.wisc.cloudlab.us,alibabaBlock_736,s3fifo,0.1,2435,27,1,2,0.9588,0.02,14310020,2435424.3584,6301580
node4.tardis-apia.ldos-ut-pg0.wisc.cloudlab.us,alibabaBlock_736,s3fifo,0.1,2435,27,1,3,0.9588,0.02,14310020,2435424.3584,6301580
node4.tardis-apia.ldos-ut-pg0.wisc.cloudlab.us,alibabaBlock_736,s3fifoforgive,0.1,2435,27,1,1,NA,NA,NA,2435424.3584,6301580
node4.tardis-apia.ldos-ut-pg0.wisc.cloudlab.us,alibabaBlock_736,s3fifoforgive,0.1,2435,27,1,2,NA,NA,NA,2435424.3584,6301580
node4.tardis-apia.ldos-ut-pg0.wisc.cloudlab.us,alibabaBlock_736,s3fifoforgive,0.1,2435,27,1,3,NA,NA,NA,2435424.3584,6301580
node4.tardis-apia.ldos-ut-pg0.wisc.cloudlab.us,alibabaBlock_737,lru,10,5048,27,1,1,0.2605,0.62,16611943,50481.2544,4214702
node4.tardis-apia.ldos-ut-pg0.wisc.cloudlab.us,alibabaBlock_737,lru,10,5048,27,1,2,0.2605,0.62,16611943,50481.2544,4214702
node4.tardis-apia.ldos-ut-pg0.wisc.cloudlab.us,alibabaBlock_737,lru,10,5048,27,1,3,0.2605,0.61,16611943,50481.2544,4214702
node4.tardis-apia.ldos-ut-pg0.wisc.cloudlab.us,alibabaBlock_737,lruforgive,10,5048,27,1,1,0.2598,0.37,16611943,50481.2544,4214702
node4.tardis-apia.ldos-ut-pg0.wisc.cloudlab.us,alibabaBlock_737,lruforgive,10,5048,27,1,2,0.2598,0.37,16611943,50481.2544,4214702
node4.tardis-apia.ldos-ut-pg0.wisc.cloudlab.us,alibabaBlock_737,lruforgive,10,5048,27,1,3,0.2598,0.36,16611943,50481.2544,4214702
node4.tardis-apia.ldos-ut-pg0.wisc.cloudlab.us,alibabaBlock_737,s3fifo,10,5048,27,1,1,0.2603,0.64,16611943,50481.2544,4214702
node4.tardis-apia.ldos-ut-pg0.wisc.cloudlab.us,alibabaBlock_737,s3fifo,10,5048,27,1,2,0.2603,0.64,16611943,50481.2544,4214702
node4.tardis-apia.ldos-ut-pg0.wisc.cloudlab.us,alibabaBlock_737,s3fifo,10,5048,27,1,3,0.2603,0.64,16611943,50481.2544,4214702
node4.tardis-apia.ldos-ut-pg0.wisc.cloudlab.us,alibabaBlock_737,s3fifoforgive,10,5048,27,1,1,0.2601,0.39,16611943,50481.2544,4214702
node4.tardis-apia.ldos-ut-pg0.wisc.cloudlab.us,alibabaBlock_737,s3fifoforgive,10,5048,27,1,2,0.2601,0.39,16611943,50481.2544,4214702
node4.tardis-apia.ldos-ut-pg0.wisc.cloudlab.us,alibabaBlock_737,s3fifoforgive,10,5048,27,1,3,0.2601,0.39,16611943,50481.2544,4214702
node4.tardis-apia.ldos-ut-pg0.wisc.cloudlab.us,alibabaBlock_737,lru,0.1,50,22,1,1,0.3184,1.30,16611943,50481.2544,4214702
node4.tardis-apia.ldos-ut-pg0.wisc.cloudlab.us,alibabaBlock_737,lru,0.1,50,22,1,2,0.3184,1.32,16611943,50481.2544,4214702
node4.tardis-apia.ldos-ut-pg0.wisc.cloudlab.us,alibabaBlock_737,lru,0.1,50,22,1,3,0.3184,1.30,16611943,50481.2544,4214702
node4.tardis-apia.ldos-ut-pg0.wisc.cloudlab.us,alibabaBlock_737,lruforgive,0.1,50,22,1,1,0.3168,0.50,16611943,50481.2544,4214702
node4.tardis-apia.ldos-ut-pg0.wisc.cloudlab.us,alibabaBlock_737,lruforgive,0.1,50,22,1,2,0.3168,0.50,16611943,50481.2544,4214702
node4.tardis-apia.ldos-ut-pg0.wisc.cloudlab.us,alibabaBlock_737,lruforgive,0.1,50,22,1,3,0.3168,0.50,16611943,50481.2544,4214702
node4.tardis-apia.ldos-ut-pg0.wisc.cloudlab.us,alibabaBlock_737,s3fifo,0.1,50,22,1,1,0.3246,1.48,16611943,50481.2544,4214702
node4.tardis-apia.ldos-ut-pg0.wisc.cloudlab.us,alibabaBlock_737,s3fifo,0.1,50,22,1,2,0.3246,1.47,16611943,50481.2544,4214702
node4.tardis-apia.ldos-ut-pg0.wisc.cloudlab.us,alibabaBlock_737,s3fifo,0.1,50,22,1,3,0.3246,1.46,16611943,50481.2544,4214702
node4.tardis-apia.ldos-ut-pg0.wisc.cloudlab.us,alibabaBlock_737,s3fifoforgive,0.1,50,22,1,1,0.3244,0.61,16611943,50481.2544,4214702
node4.tardis-apia.ldos-ut-pg0.wisc.cloudlab.us,alibabaBlock_737,s3fifoforgive,0.1,50,22,1,2,0.3244,0.61,16611943,50481.2544,4214702
node4.tardis-apia.ldos-ut-pg0.wisc.cloudlab.us,alibabaBlock_737,s3fifoforgive,0.1,50,22,1,3,0.3244,0.61,16611943,50481.2544,4214702
node4.tardis-apia.ldos-ut-pg0.wisc.cloudlab.us,alibabaBlock_74,lru,10,36351,27,1,1,0.7511,0.15,16342516,363510.9888,9727840
node4.tardis-apia.ldos-ut-pg0.wisc.cloudlab.us,alibabaBlock_74,lru,10,36351,27,1,2,0.7511,0.15,16342516,363510.9888,9727840
node4.tardis-apia.ldos-ut-pg0.wisc.cloudlab.us,alibabaBlock_74,lru,10,36351,27,1,3,0.7511,0.15,16342516,363510.9888,9727840
node4.tardis-apia.ldos-ut-pg0.wisc.cloudlab.us,alibabaBlock_74,lruforgive,10,36351,27,1,1,0.7508,0.14,16342516,363510.9888,9727840
node4.tardis-apia.ldos-ut-pg0.wisc.cloudlab.us,alibabaBlock_74,lruforgive,10,36351,27,1,2,0.7508,0.14,16342516,363510.9888,9727840
node4.tardis-apia.ldos-ut-pg0.wisc.cloudlab.us,alibabaBlock_74,lruforgive,10,36351,27,1,3,0.7507,0.14,16342516,363510.9888,9727840
node4.tardis-apia.ldos-ut-pg0.wisc.cloudlab.us,alibabaBlock_74,s3fifo,10,36351,27,1,1,0.7506,0.14,16342516,363510.9888,9727840
node4.tardis-apia.ldos-ut-pg0.wisc.cloudlab.us,alibabaBlock_74,s3fifo,10,36351,27,1,2,0.7506,0.14,16342516,363510.9888,9727840
node4.tardis-apia.ldos-ut-pg0.wisc.cloudlab.us,alibabaBlock_74,s3fifo,10,36351,27,1,3,0.7506,0.14,16342516,363510.9888,9727840
node4.tardis-apia.ldos-ut-pg0.wisc.cloudlab.us,alibabaBlock_74,s3fifoforgive,10,36351,27,1,1,0.7505,0.14,16342516,363510.9888,9727840
node4.tardis-apia.ldos-ut-pg0.wisc.cloudlab.us,alibabaBlock_74,s3fifoforgive,10,36351,27,1,2,0.7505,0.14,16342516,363510.9888,9727840
node4.tardis-apia.ldos-ut-pg0.wisc.cloudlab.us,alibabaBlock_74,s3fifoforgive,10,36351,27,1,3,0.7505,0.14,16342516,363510.9888,9727840
node4.tardis-apia.ldos-ut-pg0.wisc.cloudlab.us,alibabaBlock_74,lru,0.1,364,25,1,1,0.8328,0.23,16342516,363510.9888,9727840
node4.tardis-apia.ldos-ut-pg0.wisc.cloudlab.us,alibabaBlock_74,lru,0.1,364,25,1,2,0.8328,0.23,16342516,363510.9888,9727840
node4.tardis-apia.ldos-ut-pg0.wisc.cloudlab.us,alibabaBlock_74,lru,0.1,364,25,1,3,0.8328,0.23,16342516,363510.9888,9727840
node4.tardis-apia.ldos-ut-pg0.wisc.cloudlab.us,alibabaBlock_74,lruforgive,0.1,364,25,1,1,0.8326,0.22,16342516,363510.9888,9727840
node4.tardis-apia.ldos-ut-pg0.wisc.cloudlab.us,alibabaBlock_74,lruforgive,0.1,364,25,1,2,0.8326,0.22,16342516,363510.9888,9727840
node4.tardis-apia.ldos-ut-pg0.wisc.cloudlab.us,alibabaBlock_74,lruforgive,0.1,364,25,1,3,0.8326,0.22,16342516,363510.9888,9727840
node4.tardis-apia.ldos-ut-pg0.wisc.cloudlab.us,alibabaBlock_74,s3fifo,0.1,364,25,1,1,NA,NA,NA,363510.9888,9727840
node4.tardis-apia.ldos-ut-pg0.wisc.cloudlab.us,alibabaBlock_74,s3fifo,0.1,364,25,1,2,NA,NA,NA,363510.9888,9727840
node4.tardis-apia.ldos-ut-pg0.wisc.cloudlab.us,alibabaBlock_74,s3fifo,0.1,364,25,1,3,NA,NA,NA,363510.9888,9727840
node4.tardis-apia.ldos-ut-pg0.wisc.cloudlab.us,alibabaBlock_74,s3fifoforgive,0.1,364,25,1,1,0.8400,0.22,9767215,363510.9888,9727840
node4.tardis-apia.ldos-ut-pg0.wisc.cloudlab.us,alibabaBlock_74,s3fifoforgive,0.1,364,25,1,2,0.8400,0.22,9767215,363510.9888,9727840
node4.tardis-apia.ldos-ut-pg0.wisc.cloudlab.us,alibabaBlock_74,s3fifoforgive,0.1,364,25,1,3,0.8400,0.22,9767215,363510.9888,9727840
node4.tardis-apia.ldos-ut-pg0.wisc.cloudlab.us,alibabaBlock_740,lru,10,16246,27,1,1,0.2611,0.38,517810045,162464.8704,11906797
node4.tardis-apia.ldos-ut-pg0.wisc.cloudlab.us,alibabaBlock_740,lru,10,16246,27,1,2,0.2611,0.39,517810045,162464.8704,11906797
node4.tardis-apia.ldos-ut-pg0.wisc.cloudlab.us,alibabaBlock_740,lru,10,16246,27,1,3,0.2611,0.39,517810045,162464.8704,11906797
node4.tardis-apia.ldos-ut-pg0.wisc.cloudlab.us,alibabaBlock_740,lruforgive,10,16246,27,1,1,NA,NA,NA,162464.8704,11906797
node4.tardis-apia.ldos-ut-pg0.wisc.cloudlab.us,alibabaBlock_740,lruforgive,10,16246,27,1,2,NA,NA,NA,162464.8704,11906797
node4.tardis-apia.ldos-ut-pg0.wisc.cloudlab.us,alibabaBlock_740,lruforgive,10,16246,27,1,3,NA,NA,NA,162464.8704,11906797
node4.tardis-apia.ldos-ut-pg0.wisc.cloudlab.us,alibabaBlock_740,s3fifo,10,16246,27,1,1,0.2762,0.43,517810045,162464.8704,11906797
node4.tardis-apia.ldos-ut-pg0.wisc.cloudlab.us,alibabaBlock_740,s3fifo,10,16246,27,1,2,0.2762,0.44,517810045,162464.8704,11906797
node4.tardis-apia.ldos-ut-pg0.wisc.cloudlab.us,alibabaBlock_740,s3fifo,10,16246,27,1,3,0.2762,0.44,517810045,162464.8704,11906797
node4.tardis-apia.ldos-ut-pg0.wisc.cloudlab.us,alibabaBlock_740,s3fifoforgive,10,16246,27,1,1,NA,NA,NA,162464.8704,11906797
node4.tardis-apia.ldos-ut-pg0.wisc.cloudlab.us,alibabaBlock_740,s3fifoforgive,10,16246,27,1,2,NA,NA,NA,162464.8704,11906797
node4.tardis-apia.ldos-ut-pg0.wisc.cloudlab.us,alibabaBlock_740,s3fifoforgive,10,16246,27,1,3,NA,NA,NA,162464.8704,11906797
node4.tardis-apia.ldos-ut-pg0.wisc.cloudlab.us,alibabaBlock_740,lru,0.1,162,23,1,1,NA,NA,NA,162464.8704,11906797
node4.tardis-apia.ldos-ut-pg0.wisc.cloudlab.us,alibabaBlock_740,lru,0.1,162,23,1,2,NA,NA,NA,162464.8704,11906797
node4.tardis-apia.ldos-ut-pg0.wisc.cloudlab.us,alibabaBlock_740,lru,0.1,162,23,1,3,NA,NA,NA,162464.8704,11906797
node4.tardis-apia.ldos-ut-pg0.wisc.cloudlab.us,alibabaBlock_740,lruforgive,0.1,162,23,1,1,NA,0.31,195206039,162464.8704,11906797
node4.tardis-apia.ldos-ut-pg0.wisc.cloudlab.us,alibabaBlock_740,lruforgive,0.1,162,23,1,2,NA,0.31,195206039,162464.8704,11906797
node4.tardis-apia.ldos-ut-pg0.wisc.cloudlab.us,alibabaBlock_740,lruforgive,0.1,162,23,1,3,NA,0.31,195206039,162464.8704,11906797
node4.tardis-apia.ldos-ut-pg0.wisc.cloudlab.us,alibabaBlock_740,s3fifo,0.1,162,23,1,1,0.7534,0.77,517810045,162464.8704,11906797
node4.tardis-apia.ldos-ut-pg0.wisc.cloudlab.us,alibabaBlock_740,s3fifo,0.1,162,23,1,2,0.7534,0.76,517810045,162464.8704,11906797
node4.tardis-apia.ldos-ut-pg0.wisc.cloudlab.us,alibabaBlock_740,s3fifo,0.1,162,23,1,3,0.7534,0.77,517810045,162464.8704,11906797
node4.tardis-apia.ldos-ut-pg0.wisc.cloudlab.us,alibabaBlock_740,s3fifoforgive,0.1,162,23,1,1,0.7437,0.58,517810045,162464.8704,11906797
node4.tardis-apia.ldos-ut-pg0.wisc.cloudlab.us,alibabaBlock_740,s3fifoforgive,0.1,162,23,1,2,0.7437,0.57,517810045,162464.8704,11906797
node4.tardis-apia.ldos-ut-pg0.wisc.cloudlab.us,alibabaBlock_740,s3fifoforgive,0.1,162,23,1,3,0.7437,0.58,517810045,162464.8704,11906797
node4.tardis-apia.ldos-ut-pg0.wisc.cloudlab.us,alibabaBlock_742,lru,10,34175,27,1,1,0.7535,0.02,11120787,341752.2176,1101615
node4.tardis-apia.ldos-ut-pg0.wisc.cloudlab.us,alibabaBlock_742,lru,10,34175,27,1,2,0.7535,0.02,11120787,341752.2176,1101615
node4.tardis-apia.ldos-ut-pg0.wisc.cloudlab.us,alibabaBlock_742,lru,10,34175,27,1,3,0.7535,0.02,11120787,341752.2176,1101615
node4.tardis-apia.ldos-ut-pg0.wisc.cloudlab.us,alibabaBlock_742,lruforgive,10,34175,27,1,1,0.7340,0.02,11120787,341752.2176,1101615
node4.tardis-apia.ldos-ut-pg0.wisc.cloudlab.us,alibabaBlock_742,lruforgive,10,34175,27,1,2,0.7340,0.02,11120787,341752.2176,1101615
node4.tardis-apia.ldos-ut-pg0.wisc.cloudlab.us,alibabaBlock_742,lruforgive,10,34175,27,1,3,0.7342,0.02,11120787,341752.2176,1101615
node4.tardis-apia.ldos-ut-pg0.wisc.cloudlab.us,alibabaBlock_742,s3fifo,10,34175,27,1,1,0.6019,0.03,11120787,341752.2176,1101615
node4.tardis-apia.ldos-ut-pg0.wisc.cloudlab.us,alibabaBlock_742,s3fifo,10,34175,27,1,2,0.6019,0.03,11120787,341752.2176,1101615
node4.tardis-apia.ldos-ut-pg0.wisc.cloudlab.us,alibabaBlock_742,s3fifo,10,34175,27,1,3,NA,NA,NA,341752.2176,1101615
node4.tardis-apia.ldos-ut-pg0.wisc.cloudlab.us,alibabaBlock_742,s3fifoforgive,10,34175,27,1,1,0.6072,0.03,11120787,341752.2176,1101615
node4.tardis-apia.ldos-ut-pg0.wisc.cloudlab.us,alibabaBlock_742,s3fifoforgive,10,34175,27,1,2,0.6068,0.03,11120787,341752.2176,1101615
node4.tardis-apia.ldos-ut-pg0.wisc.cloudlab.us,alibabaBlock_742,s3fifoforgive,10,34175,27,1,3,0.6073,0.03,11120787,341752.2176,1101615
node4.tardis-apia.ldos-ut-pg0.wisc.cloudlab.us,alibabaBlock_742,lru,0.1,342,24,1,1,0.9603,0.02,11120787,341752.2176,1101615
node4.tardis-apia.ldos-ut-pg0.wisc.cloudlab.us,alibabaBlock_742,lru,0.1,342,24,1,2,0.9603,0.02,11120787,341752.2176,1101615
node4.tardis-apia.ldos-ut-pg0.wisc.cloudlab.us,alibabaBlock_742,lru,0.1,342,24,1,3,0.9603,0.02,11120787,341752.2176,1101615
node4.tardis-apia.ldos-ut-pg0.wisc.cloudlab.us,alibabaBlock_742,lruforgive,0.1,342,24,1,1,0.9598,0.02,11120787,341752.2176,1101615
node4.tardis-apia.ldos-ut-pg0.wisc.cloudlab.us,alibabaBlock_742,lruforgive,0.1,342,24,1,2,0.9598,0.02,11120787,341752.2176,1101615
node4.tardis-apia.ldos-ut-pg0.wisc.cloudlab.us,alibabaBlock_742,lruforgive,0.1,342,24,1,3,0.9598,0.02,11120787,341752.2176,1101615
node4.tardis-apia.ldos-ut-pg0.wisc.cloudlab.us,alibabaBlock_742,s3fifo,0.1,342,24,1,1,0.9578,0.02,11120787,341752.2176,1101615
node4.tardis-apia.ldos-ut-pg0.wisc.cloudlab.us,alibabaBlock_742,s3fifo,0.1,342,24,1,2,0.9578,0.02,11120787,341752.2176,1101615
node4.tardis-apia.ldos-ut-pg0.wisc.cloudlab.us,alibabaBlock_742,s3fifo,0.1,342,24,1,3,0.9578,0.02,11120787,341752.2176,1101615
node4.tardis-apia.ldos-ut-pg0.wisc.cloudlab.us,alibabaBlock_742,s3fifoforgive,0.1,342,24,1,1,0.9575,0.02,11120787,341752.2176,1101615
node4.tardis-apia.ldos-ut-pg0.wisc.cloudlab.us,alibabaBlock_742,s3fifoforgive,0.1,342,24,1,2,0.9578,0.02,11120787,341752.2176,1101615
node4.tardis-apia.ldos-ut-pg0.wisc.cloudlab.us,alibabaBlock_742,s3fifoforgive,0.1,342,24,1,3,0.9575,0.02,11120787,341752.2176,1101615
node4.tardis-apia.ldos-ut-pg0.wisc.cloudlab.us,alibabaBlock_743,lru,10,13725,27,1,1,0.9011,0.08,2908103,137247.6416,1737436
node4.tardis-apia.ldos-ut-pg0.wisc.cloudlab.us,alibabaBlock_743,lru,10,13725,27,1,2,0.9011,0.08,2908103,137247.6416,1737436
node4.tardis-apia.ldos-ut-pg0.wisc.cloudlab.us,alibabaBlock_743,lru,10,13725,27,1,3,0.9011,0.08,2908103,137247.6416,1737436
node4.tardis-apia.ldos-ut-pg0.wisc.cloudlab.us,alibabaBlock_743,lruforgive,10,13725,27,1,1,0.9011,0.09,2908103,137247.6416,1737436
node4.tardis-apia.ldos-ut-pg0.wisc.cloudlab.us,alibabaBlock_743,lruforgive,10,13725,27,1,2,0.9011,0.09,2908103,137247.6416,1737436
node4.tardis-apia.ldos-ut-pg0.wisc.cloudlab.us,alibabaBlock_743,lruforgive,10,13725,27,1,3,0.9011,0.09,2908103,137247.6416,1737436
node4.tardis-apia.ldos-ut-pg0.wisc.cloudlab.us,alibabaBlock_743,s3fifo,10,13725,27,1,1,NA,NA,NA,137247.6416,1737436
node4.tardis-apia.ldos-ut-pg0.wisc.cloudlab.us,alibabaBlock_743,s3fifo,10,13725,27,1,2,0.8984,0.09,2908103,137247.6416,1737436
node4.tardis-apia.ldos-ut-pg0.wisc.cloudlab.us,alibabaBlock_743,s3fifo,10,13725,27,1,3,NA,NA,NA,137247.6416,1737436
node4.tardis-apia.ldos-ut-pg0.wisc.cloudlab.us,alibabaBlock_743,s3fifoforgive,10,13725,27,1,1,0.8984,0.09,2908103,137247.6416,1737436
node4.tardis-apia.ldos-ut-pg0.wisc.cloudlab.us,alibabaBlock_743,s3fifoforgive,10,13725,27,1,2,0.8984,0.09,2908103,137247.6416,1737436
node4.tardis-apia.ldos-ut-pg0.wisc.cloudlab.us,alibabaBlock_743,s3fifoforgive,10,13725,27,1,3,0.8984,0.09,2908103,137247.6416,1737436
node4.tardis-apia.ldos-ut-pg0.wisc.cloudlab.us,alibabaBlock_743,lru,0.1,137,23,1,1,0.9184,0.13,2908103,137247.6416,1737436
node4.tardis-apia.ldos-ut-pg0.wisc.cloudlab.us,alibabaBlock_743,lru,0.1,137,23,1,2,0.9184,0.13,2908103,137247.6416,1737436
node4.tardis-apia.ldos-ut-pg0.wisc.cloudlab.us,alibabaBlock_743,lru,0.1,137,23,1,3,0.9184,0.13,2908103,137247.6416,1737436
node4.tardis-apia.ldos-ut-pg0.wisc.cloudlab.us,alibabaBlock_743,lruforgive,0.1,137,23,1,1,0.9191,0.13,2908103,137247.6416,1737436
node4.tardis-apia.ldos-ut-pg0.wisc.cloudlab.us,alibabaBlock_743,lruforgive,0.1,137,23,1,2,0.9191,0.13,2908103,137247.6416,1737436
node4.tardis-apia.ldos-ut-pg0.wisc.cloudlab.us,alibabaBlock_743,lruforgive,0.1,137,23,1,3,0.9191,0.13,2908103,137247.6416,1737436
node4.tardis-apia.ldos-ut-pg0.wisc.cloudlab.us,alibabaBlock_743,s3fifo,0.1,137,23,1,1,0.9154,0.14,2908103,137247.6416,1737436
node4.tardis-apia.ldos-ut-pg0.wisc.cloudlab.us,alibabaBlock_743,s3fifo,0.1,137,23,1,2,0.9154,0.14,2908103,137247.6416,1737436
node4.tardis-apia.ldos-ut-pg0.wisc.cloudlab.us,alibabaBlock_743,s3fifo,0.1,137,23,1,3,0.9154,0.14,2908103,137247.6416,1737436
node4.tardis-apia.ldos-ut-pg0.wisc.cloudlab.us,alibabaBlock_743,s3fifoforgive,0.1,137,23,1,1,0.9152,0.14,2908103,137247.6416,1737436
node4.tardis-apia.ldos-ut-pg0.wisc.cloudlab.us,alibabaBlock_743,s3fifoforgive,0.1,137,23,1,2,0.9152,0.14,2908103,137247.6416,1737436
node4.tardis-apia.ldos-ut-pg0.wisc.cloudlab.us,alibabaBlock_743,s3fifoforgive,0.1,137,23,1,3,0.9152,0.14,2908103,137247.6416,1737436
node4.tardis-apia.ldos-ut-pg0.wisc.cloudlab.us,alibabaBlock_745,lru,10,233613,27,1,1,NA_TOOBIG,NA,NA,2336129.1264,6071691
node4.tardis-apia.ldos-ut-pg0.wisc.cloudlab.us,alibabaBlock_745,lru,10,233613,27,1,2,NA_TOOBIG,NA,NA,2336129.1264,6071691
node4.tardis-apia.ldos-ut-pg0.wisc.cloudlab.us,alibabaBlock_745,lru,10,233613,27,1,3,NA_TOOBIG,NA,NA,2336129.1264,6071691
node4.tardis-apia.ldos-ut-pg0.wisc.cloudlab.us,alibabaBlock_745,lruforgive,10,233613,27,1,1,NA_TOOBIG,NA,NA,2336129.1264,6071691
node4.tardis-apia.ldos-ut-pg0.wisc.cloudlab.us,alibabaBlock_745,lruforgive,10,233613,27,1,2,NA_TOOBIG,NA,NA,2336129.1264,6071691
node4.tardis-apia.ldos-ut-pg0.wisc.cloudlab.us,alibabaBlock_745,lruforgive,10,233613,27,1,3,NA_TOOBIG,NA,NA,2336129.1264,6071691
node4.tardis-apia.ldos-ut-pg0.wisc.cloudlab.us,alibabaBlock_745,s3fifo,10,233613,27,1,1,NA_TOOBIG,NA,NA,2336129.1264,6071691
node4.tardis-apia.ldos-ut-pg0.wisc.cloudlab.us,alibabaBlock_745,s3fifo,10,233613,27,1,2,NA_TOOBIG,NA,NA,2336129.1264,6071691
node4.tardis-apia.ldos-ut-pg0.wisc.cloudlab.us,alibabaBlock_745,s3fifo,10,233613,27,1,3,NA_TOOBIG,NA,NA,2336129.1264,6071691
node4.tardis-apia.ldos-ut-pg0.wisc.cloudlab.us,alibabaBlock_745,s3fifoforgive,10,233613,27,1,1,NA_TOOBIG,NA,NA,2336129.1264,6071691
node4.tardis-apia.ldos-ut-pg0.wisc.cloudlab.us,alibabaBlock_745,s3fifoforgive,10,233613,27,1,2,NA_TOOBIG,NA,NA,2336129.1264,6071691
node4.tardis-apia.ldos-ut-pg0.wisc.cloudlab.us,alibabaBlock_745,s3fifoforgive,10,233613,27,1,3,NA_TOOBIG,NA,NA,2336129.1264,6071691
node4.tardis-apia.ldos-ut-pg0.wisc.cloudlab.us,alibabaBlock_745,lru,0.1,2336,27,1,1,0.9618,0.02,14070719,2336129.1264,6071691
node4.tardis-apia.ldos-ut-pg0.wisc.cloudlab.us,alibabaBlock_745,lru,0.1,2336,27,1,2,0.9618,0.02,14070719,2336129.1264,6071691
node4.tardis-apia.ldos-ut-pg0.wisc.cloudlab.us,alibabaBlock_745,lru,0.1,2336,27,1,3,0.9618,0.02,14070719,2336129.1264,6071691
node4.tardis-apia.ldos-ut-pg0.wisc.cloudlab.us,alibabaBlock_745,lruforgive,0.1,2336,27,1,1,0.9608,0.02,14070719,2336129.1264,6071691
node4.tardis-apia.ldos-ut-pg0.wisc.cloudlab.us,alibabaBlock_745,lruforgive,0.1,2336,27,1,2,0.9608,0.02,14070719,2336129.1264,6071691
node4.tardis-apia.ldos-ut-pg0.wisc.cloudlab.us,alibabaBlock_745,lruforgive,0.1,2336,27,1,3,0.9608,0.02,14070719,2336129.1264,6071691
node4.tardis-apia.ldos-ut-pg0.wisc.cloudlab.us,alibabaBlock_745,s3fifo,0.1,2336,27,1,1,NA,NA,NA,2336129.1264,6071691
node4.tardis-apia.ldos-ut-pg0.wisc.cloudlab.us,alibabaBlock_745,s3fifo,0.1,2336,27,1,2,NA,NA,NA,2336129.1264,6071691
node4.tardis-apia.ldos-ut-pg0.wisc.cloudlab.us,alibabaBlock_745,s3fifo,0.1,2336,27,1,3,NA,NA,NA,2336129.1264,6071691
node4.tardis-apia.ldos-ut-pg0.wisc.cloudlab.us,alibabaBlock_745,s3fifoforgive,0.1,2336,27,1,1,NA,NA,NA,2336129.1264,6071691
node4.tardis-apia.ldos-ut-pg0.wisc.cloudlab.us,alibabaBlock_745,s3fifoforgive,0.1,2336,27,1,2,NA,NA,NA,2336129.1264,6071691
node4.tardis-apia.ldos-ut-pg0.wisc.cloudlab.us,alibabaBlock_745,s3fifoforgive,0.1,2336,27,1,3,NA,NA,NA,2336129.1264,6071691
node4.tardis-apia.ldos-ut-pg0.wisc.cloudlab.us,alibabaBlock_746,lru,10,138513,27,1,1,NA_TOOBIG,NA,NA,1385133.1584,4597036
node4.tardis-apia.ldos-ut-pg0.wisc.cloudlab.us,alibabaBlock_746,lru,10,138513,27,1,2,NA_TOOBIG,NA,NA,1385133.1584,4597036
node4.tardis-apia.ldos-ut-pg0.wisc.cloudlab.us,alibabaBlock_746,lru,10,138513,27,1,3,NA_TOOBIG,NA,NA,1385133.1584,4597036
node4.tardis-apia.ldos-ut-pg0.wisc.cloudlab.us,alibabaBlock_746,lruforgive,10,138513,27,1,1,NA_TOOBIG,NA,NA,1385133.1584,4597036
node4.tardis-apia.ldos-ut-pg0.wisc.cloudlab.us,alibabaBlock_746,lruforgive,10,138513,27,1,2,NA_TOOBIG,NA,NA,1385133.1584,4597036
node4.tardis-apia.ldos-ut-pg0.wisc.cloudlab.us,alibabaBlock_746,lruforgive,10,138513,27,1,3,NA_TOOBIG,NA,NA,1385133.1584,4597036
node4.tardis-apia.ldos-ut-pg0.wisc.cloudlab.us,alibabaBlock_746,s3fifo,10,138513,27,1,1,NA_TOOBIG,NA,NA,1385133.1584,4597036
node4.tardis-apia.ldos-ut-pg0.wisc.cloudlab.us,alibabaBlock_746,s3fifo,10,138513,27,1,2,NA_TOOBIG,NA,NA,1385133.1584,4597036
node4.tardis-apia.ldos-ut-pg0.wisc.cloudlab.us,alibabaBlock_746,s3fifo,10,138513,27,1,3,NA_TOOBIG,NA,NA,1385133.1584,4597036
node4.tardis-apia.ldos-ut-pg0.wisc.cloudlab.us,alibabaBlock_746,s3fifoforgive,10,138513,27,1,1,NA_TOOBIG,NA,NA,1385133.1584,4597036
node4.tardis-apia.ldos-ut-pg0.wisc.cloudlab.us,alibabaBlock_746,s3fifoforgive,10,138513,27,1,2,NA_TOOBIG,NA,NA,1385133.1584,4597036
node4.tardis-apia.ldos-ut-pg0.wisc.cloudlab.us,alibabaBlock_746,s3fifoforgive,10,138513,27,1,3,NA_TOOBIG,NA,NA,1385133.1584,4597036
node4.tardis-apia.ldos-ut-pg0.wisc.cloudlab.us,alibabaBlock_746,lru,0.1,1385,26,1,1,0.9557,0.02,25023535,1385133.1584,4597036
node4.tardis-apia.ldos-ut-pg0.wisc.cloudlab.us,alibabaBlock_746,lru,0.1,1385,26,1,2,0.9557,0.02,25023535,1385133.1584,4597036
node4.tardis-apia.ldos-ut-pg0.wisc.cloudlab.us,alibabaBlock_746,lru,0.1,1385,26,1,3,0.9557,0.03,25023535,1385133.1584,4597036
node4.tardis-apia.ldos-ut-pg0.wisc.cloudlab.us,alibabaBlock_746,lruforgive,0.1,1385,26,1,1,0.9546,0.02,25023535,1385133.1584,4597036
node4.tardis-apia.ldos-ut-pg0.wisc.cloudlab.us,alibabaBlock_746,lruforgive,0.1,1385,26,1,2,0.9546,0.02,25023535,1385133.1584,4597036
node4.tardis-apia.ldos-ut-pg0.wisc.cloudlab.us,alibabaBlock_746,lruforgive,0.1,1385,26,1,3,0.9546,0.02,25023535,1385133.1584,4597036
node4.tardis-apia.ldos-ut-pg0.wisc.cloudlab.us,alibabaBlock_746,s3fifo,0.1,1385,26,1,1,0.9537,0.03,25023535,1385133.1584,4597036
node4.tardis-apia.ldos-ut-pg0.wisc.cloudlab.us,alibabaBlock_746,s3fifo,0.1,1385,26,1,2,0.9537,0.02,25023535,1385133.1584,4597036
node4.tardis-apia.ldos-ut-pg0.wisc.cloudlab.us,alibabaBlock_746,s3fifo,0.1,1385,26,1,3,0.9539,0.02,25023535,1385133.1584,4597036
node4.tardis-apia.ldos-ut-pg0.wisc.cloudlab.us,alibabaBlock_746,s3fifoforgive,0.1,1385,26,1,1,0.9536,0.02,25023535,1385133.1584,4597036
node4.tardis-apia.ldos-ut-pg0.wisc.cloudlab.us,alibabaBlock_746,s3fifoforgive,0.1,1385,26,1,2,0.9537,0.02,25023535,1385133.1584,4597036
node4.tardis-apia.ldos-ut-pg0.wisc.cloudlab.us,alibabaBlock_746,s3fifoforgive,0.1,1385,26,1,3,0.9536,0.02,25023535,1385133.1584,4597036
node4.tardis-apia.ldos-ut-pg0.wisc.cloudlab.us,alibabaBlock_748,lru,10,71621,27,1,1,0.6596,0.03,18108927,716211.4048,3573855
node4.tardis-apia.ldos-ut-pg0.wisc.cloudlab.us,alibabaBlock_748,lru,10,71621,27,1,2,0.6596,0.03,18108927,716211.4048,3573855
node4.tardis-apia.ldos-ut-pg0.wisc.cloudlab.us,alibabaBlock_748,lru,10,71621,27,1,3,0.6596,0.03,18108927,716211.4048,3573855
node4.tardis-apia.ldos-ut-pg0.wisc.cloudlab.us,alibabaBlock_748,lruforgive,10,71621,27,1,1,0.6492,0.03,18108927,716211.4048,3573855
node4.tardis-apia.ldos-ut-pg0.wisc.cloudlab.us,alibabaBlock_748,lruforgive,10,71621,27,1,2,0.6492,0.03,18108927,716211.4048,3573855
node4.tardis-apia.ldos-ut-pg0.wisc.cloudlab.us,alibabaBlock_748,lruforgive,10,71621,27,1,3,0.6493,0.03,18108927,716211.4048,3573855
node4.tardis-apia.ldos-ut-pg0.wisc.cloudlab.us,alibabaBlock_748,s3fifo,10,71621,27,1,1,0.5118,0.04,18108927,716211.4048,3573855
node4.tardis-apia.ldos-ut-pg0.wisc.cloudlab.us,alibabaBlock_748,s3fifo,10,71621,27,1,2,0.5119,0.04,18108927,716211.4048,3573855
node4.tardis-apia.ldos-ut-pg0.wisc.cloudlab.us,alibabaBlock_748,s3fifo,10,71621,27,1,3,NA,NA,NA,716211.4048,3573855
node4.tardis-apia.ldos-ut-pg0.wisc.cloudlab.us,alibabaBlock_748,s3fifoforgive,10,71621,27,1,1,0.5232,0.04,18108927,716211.4048,3573855
node4.tardis-apia.ldos-ut-pg0.wisc.cloudlab.us,alibabaBlock_748,s3fifoforgive,10,71621,27,1,2,NA,NA,NA,716211.4048,3573855
node4.tardis-apia.ldos-ut-pg0.wisc.cloudlab.us,alibabaBlock_748,s3fifoforgive,10,71621,27,1,3,NA,NA,NA,716211.4048,3573855
node4.tardis-apia.ldos-ut-pg0.wisc.cloudlab.us,alibabaBlock_748,lru,0.1,716,25,1,1,0.8891,0.03,18108927,716211.4048,3573855
node4.tardis-apia.ldos-ut-pg0.wisc.cloudlab.us,alibabaBlock_748,lru,0.1,716,25,1,2,0.8891,0.03,18108927,716211.4048,3573855
node4.tardis-apia.ldos-ut-pg0.wisc.cloudlab.us,alibabaBlock_748,lru,0.1,716,25,1,3,0.8891,0.03,18108927,716211.4048,3573855
node4.tardis-apia.ldos-ut-pg0.wisc.cloudlab.us,alibabaBlock_748,lruforgive,0.1,716,25,1,1,0.8873,0.03,18108927,716211.4048,3573855
node4.tardis-apia.ldos-ut-pg0.wisc.cloudlab.us,alibabaBlock_748,lruforgive,0.1,716,25,1,2,0.8873,0.03,18108927,716211.4048,3573855
node4.tardis-apia.ldos-ut-pg0.wisc.cloudlab.us,alibabaBlock_748,lruforgive,0.1,716,25,1,3,0.8873,0.03,18108927,716211.4048,3573855
node4.tardis-apia.ldos-ut-pg0.wisc.cloudlab.us,alibabaBlock_748,s3fifo,0.1,716,25,1,1,0.8996,0.05,18108927,716211.4048,3573855
node4.tardis-apia.ldos-ut-pg0.wisc.cloudlab.us,alibabaBlock_748,s3fifo,0.1,716,25,1,2,0.8996,0.05,18108927,716211.4048,3573855
node4.tardis-apia.ldos-ut-pg0.wisc.cloudlab.us,alibabaBlock_748,s3fifo,0.1,716,25,1,3,NA,NA,NA,716211.4048,3573855
node4.tardis-apia.ldos-ut-pg0.wisc.cloudlab.us,alibabaBlock_748,s3fifoforgive,0.1,716,25,1,1,0.8973,0.04,18108927,716211.4048,3573855
node4.tardis-apia.ldos-ut-pg0.wisc.cloudlab.us,alibabaBlock_748,s3fifoforgive,0.1,716,25,1,2,0.8976,0.04,18108927,716211.4048,3573855
node4.tardis-apia.ldos-ut-pg0.wisc.cloudlab.us,alibabaBlock_748,s3fifoforgive,0.1,716,25,1,3,0.8973,0.04,18108927,716211.4048,3573855
node4.tardis-apia.ldos-ut-pg0.wisc.cloudlab.us,alibabaBlock_749,lru,10,236423,27,1,1,NA_TOOBIG,NA,NA,2364232.8064,6116906
node4.tardis-apia.ldos-ut-pg0.wisc.cloudlab.us,alibabaBlock_749,lru,10,236423,27,1,2,NA_TOOBIG,NA,NA,2364232.8064,6116906
node4.tardis-apia.ldos-ut-pg0.wisc.cloudlab.us,alibabaBlock_749,lru,10,236423,27,1,3,NA_TOOBIG,NA,NA,2364232.8064,6116906
node4.tardis-apia.ldos-ut-pg0.wisc.cloudlab.us,alibabaBlock_749,lruforgive,10,236423,27,1,1,NA_TOOBIG,NA,NA,2364232.8064,6116906
node4.tardis-apia.ldos-ut-pg0.wisc.cloudlab.us,alibabaBlock_749,lruforgive,10,236423,27,1,2,NA_TOOBIG,NA,NA,2364232.8064,6116906
node4.tardis-apia.ldos-ut-pg0.wisc.cloudlab.us,alibabaBlock_749,lruforgive,10,236423,27,1,3,NA_TOOBIG,NA,NA,2364232.8064,6116906
node4.tardis-apia.ldos-ut-pg0.wisc.cloudlab.us,alibabaBlock_749,s3fifo,10,236423,27,1,1,NA_TOOBIG,NA,NA,2364232.8064,6116906
node4.tardis-apia.ldos-ut-pg0.wisc.cloudlab.us,alibabaBlock_749,s3fifo,10,236423,27,1,2,NA_TOOBIG,NA,NA,2364232.8064,6116906
node4.tardis-apia.ldos-ut-pg0.wisc.cloudlab.us,alibabaBlock_749,s3fifo,10,236423,27,1,3,NA_TOOBIG,NA,NA,2364232.8064,6116906
node4.tardis-apia.ldos-ut-pg0.wisc.cloudlab.us,alibabaBlock_749,s3fifoforgive,10,236423,27,1,1,NA_TOOBIG,NA,NA,2364232.8064,6116906
node4.tardis-apia.ldos-ut-pg0.wisc.cloudlab.us,alibabaBlock_749,s3fifoforgive,10,236423,27,1,2,NA_TOOBIG,NA,NA,2364232.8064,6116906
node4.tardis-apia.ldos-ut-pg0.wisc.cloudlab.us,alibabaBlock_749,s3fifoforgive,10,236423,27,1,3,NA_TOOBIG,NA,NA,2364232.8064,6116906
node4.tardis-apia.ldos-ut-pg0.wisc.cloudlab.us,alibabaBlock_749,lru,0.1,2364,27,1,1,0.9616,0.02,14370068,2364232.8064,6116906
node4.tardis-apia.ldos-ut-pg0.wisc.cloudlab.us,alibabaBlock_749,lru,0.1,2364,27,1,2,0.9616,0.02,14370068,2364232.8064,6116906
node4.tardis-apia.ldos-ut-pg0.wisc.cloudlab.us,alibabaBlock_749,lru,0.1,2364,27,1,3,0.9616,0.02,14370068,2364232.8064,6116906
node4.tardis-apia.ldos-ut-pg0.wisc.cloudlab.us,alibabaBlock_749,lruforgive,0.1,2364,27,1,1,0.9608,0.02,14370068,2364232.8064,6116906
node4.tardis-apia.ldos-ut-pg0.wisc.cloudlab.us,alibabaBlock_749,lruforgive,0.1,2364,27,1,2,0.9608,0.02,14370068,2364232.8064,6116906
node4.tardis-apia.ldos-ut-pg0.wisc.cloudlab.us,alibabaBlock_749,lruforgive,0.1,2364,27,1,3,0.9608,0.02,14370068,2364232.8064,6116906
node4.tardis-apia.ldos-ut-pg0.wisc.cloudlab.us,alibabaBlock_749,s3fifo,0.1,2364,27,1,1,0.9586,0.02,14370068,2364232.8064,6116906
node4.tardis-apia.ldos-ut-pg0.wisc.cloudlab.us,alibabaBlock_749,s3fifo,0.1,2364,27,1,2,0.9586,0.02,14370068,2364232.8064,6116906
node4.tardis-apia.ldos-ut-pg0.wisc.cloudlab.us,alibabaBlock_749,s3fifo,0.1,2364,27,1,3,0.9586,0.02,14370068,2364232.8064,6116906
node4.tardis-apia.ldos-ut-pg0.wisc.cloudlab.us,alibabaBlock_749,s3fifoforgive,0.1,2364,27,1,1,0.9587,0.02,14370068,2364232.8064,6116906
node4.tardis-apia.ldos-ut-pg0.wisc.cloudlab.us,alibabaBlock_749,s3fifoforgive,0.1,2364,27,1,2,0.9587,0.02,14370068,2364232.8064,6116906
node4.tardis-apia.ldos-ut-pg0.wisc.cloudlab.us,alibabaBlock_749,s3fifoforgive,0.1,2364,27,1,3,0.9587,0.02,14370068,2364232.8064,6116906
node4.tardis-apia.ldos-ut-pg0.wisc.cloudlab.us,alibabaBlock_751,lru,10,235862,27,1,1,NA_TOOBIG,NA,NA,2358617.4976,6098636
node4.tardis-apia.ldos-ut-pg0.wisc.cloudlab.us,alibabaBlock_751,lru,10,235862,27,1,2,NA_TOOBIG,NA,NA,2358617.4976,6098636
node4.tardis-apia.ldos-ut-pg0.wisc.cloudlab.us,alibabaBlock_751,lru,10,235862,27,1,3,NA_TOOBIG,NA,NA,2358617.4976,6098636
node4.tardis-apia.ldos-ut-pg0.wisc.cloudlab.us,alibabaBlock_751,lruforgive,10,235862,27,1,1,NA_TOOBIG,NA,NA,2358617.4976,6098636
node4.tardis-apia.ldos-ut-pg0.wisc.cloudlab.us,alibabaBlock_751,lruforgive,10,235862,27,1,2,NA_TOOBIG,NA,NA,2358617.4976,6098636
node4.tardis-apia.ldos-ut-pg0.wisc.cloudlab.us,alibabaBlock_751,lruforgive,10,235862,27,1,3,NA_TOOBIG,NA,NA,2358617.4976,6098636
node4.tardis-apia.ldos-ut-pg0.wisc.cloudlab.us,alibabaBlock_751,s3fifo,10,235862,27,1,1,NA_TOOBIG,NA,NA,2358617.4976,6098636
node4.tardis-apia.ldos-ut-pg0.wisc.cloudlab.us,alibabaBlock_751,s3fifo,10,235862,27,1,2,NA_TOOBIG,NA,NA,2358617.4976,6098636
node4.tardis-apia.ldos-ut-pg0.wisc.cloudlab.us,alibabaBlock_751,s3fifo,10,235862,27,1,3,NA_TOOBIG,NA,NA,2358617.4976,6098636
node4.tardis-apia.ldos-ut-pg0.wisc.cloudlab.us,alibabaBlock_751,s3fifoforgive,10,235862,27,1,1,NA_TOOBIG,NA,NA,2358617.4976,6098636
node4.tardis-apia.ldos-ut-pg0.wisc.cloudlab.us,alibabaBlock_751,s3fifoforgive,10,235862,27,1,2,NA_TOOBIG,NA,NA,2358617.4976,6098636
node4.tardis-apia.ldos-ut-pg0.wisc.cloudlab.us,alibabaBlock_751,s3fifoforgive,10,235862,27,1,3,NA_TOOBIG,NA,NA,2358617.4976,6098636
node4.tardis-apia.ldos-ut-pg0.wisc.cloudlab.us,alibabaBlock_751,lru,0.1,2359,27,1,1,0.9621,0.02,14440272,2358617.4976,6098636
node4.tardis-apia.ldos-ut-pg0.wisc.cloudlab.us,alibabaBlock_751,lru,0.1,2359,27,1,2,0.9621,0.02,14440272,2358617.4976,6098636
node4.tardis-apia.ldos-ut-pg0.wisc.cloudlab.us,alibabaBlock_751,lru,0.1,2359,27,1,3,0.9621,0.02,14440272,2358617.4976,6098636
node4.tardis-apia.ldos-ut-pg0.wisc.cloudlab.us,alibabaBlock_751,lruforgive,0.1,2359,27,1,1,0.9612,0.02,14440272,2358617.4976,6098636
node4.tardis-apia.ldos-ut-pg0.wisc.cloudlab.us,alibabaBlock_751,lruforgive,0.1,2359,27,1,2,0.9612,0.02,14440272,2358617.4976,6098636
node4.tardis-apia.ldos-ut-pg0.wisc.cloudlab.us,alibabaBlock_751,lruforgive,0.1,2359,27,1,3,0.9612,0.02,14440272,2358617.4976,6098636
node4.tardis-apia.ldos-ut-pg0.wisc.cloudlab.us,alibabaBlock_751,s3fifo,0.1,2359,27,1,1,NA,NA,NA,2358617.4976,6098636
node4.tardis-apia.ldos-ut-pg0.wisc.cloudlab.us,alibabaBlock_751,s3fifo,0.1,2359,27,1,2,NA,NA,NA,2358617.4976,6098636
node4.tardis-apia.ldos-ut-pg0.wisc.cloudlab.us,alibabaBlock_751,s3fifo,0.1,2359,27,1,3,NA,NA,NA,2358617.4976,6098636
node4.tardis-apia.ldos-ut-pg0.wisc.cloudlab.us,alibabaBlock_751,s3fifoforgive,0.1,2359,27,1,1,NA,NA,NA,2358617.4976,6098636
node4.tardis-apia.ldos-ut-pg0.wisc.cloudlab.us,alibabaBlock_751,s3fifoforgive,0.1,2359,27,1,2,NA,NA,NA,2358617.4976,6098636
node4.tardis-apia.ldos-ut-pg0.wisc.cloudlab.us,alibabaBlock_751,s3fifoforgive,0.1,2359,27,1,3,NA,NA,NA,2358617.4976,6098636
node4.tardis-apia.ldos-ut-pg0.wisc.cloudlab.us,alibabaBlock_759,lru,10,234910,27,1,1,NA_TOOBIG,NA,NA,2349104.7424,6081507
node4.tardis-apia.ldos-ut-pg0.wisc.cloudlab.us,alibabaBlock_759,lru,10,234910,27,1,2,NA_TOOBIG,NA,NA,2349104.7424,6081507
node4.tardis-apia.ldos-ut-pg0.wisc.cloudlab.us,alibabaBlock_759,lru,10,234910,27,1,3,NA_TOOBIG,NA,NA,2349104.7424,6081507
node4.tardis-apia.ldos-ut-pg0.wisc.cloudlab.us,alibabaBlock_759,lruforgive,10,234910,27,1,1,NA_TOOBIG,NA,NA,2349104.7424,6081507
node4.tardis-apia.ldos-ut-pg0.wisc.cloudlab.us,alibabaBlock_759,lruforgive,10,234910,27,1,2,NA_TOOBIG,NA,NA,2349104.7424,6081507
node4.tardis-apia.ldos-ut-pg0.wisc.cloudlab.us,alibabaBlock_759,lruforgive,10,234910,27,1,3,NA_TOOBIG,NA,NA,2349104.7424,6081507
node4.tardis-apia.ldos-ut-pg0.wisc.cloudlab.us,alibabaBlock_759,s3fifo,10,234910,27,1,1,NA_TOOBIG,NA,NA,2349104.7424,6081507
node4.tardis-apia.ldos-ut-pg0.wisc.cloudlab.us,alibabaBlock_759,s3fifo,10,234910,27,1,2,NA_TOOBIG,NA,NA,2349104.7424,6081507
node4.tardis-apia.ldos-ut-pg0.wisc.cloudlab.us,alibabaBlock_759,s3fifo,10,234910,27,1,3,NA_TOOBIG,NA,NA,2349104.7424,6081507
node4.tardis-apia.ldos-ut-pg0.wisc.cloudlab.us,alibabaBlock_759,s3fifoforgive,10,234910,27,1,1,NA_TOOBIG,NA,NA,2349104.7424,6081507
node4.tardis-apia.ldos-ut-pg0.wisc.cloudlab.us,alibabaBlock_759,s3fifoforgive,10,234910,27,1,2,NA_TOOBIG,NA,NA,2349104.7424,6081507
node4.tardis-apia.ldos-ut-pg0.wisc.cloudlab.us,alibabaBlock_759,s3fifoforgive,10,234910,27,1,3,NA_TOOBIG,NA,NA,2349104.7424,6081507
node4.tardis-apia.ldos-ut-pg0.wisc.cloudlab.us,alibabaBlock_759,lru,0.1,2349,27,1,1,0.9615,0.02,13984420,2349104.7424,6081507
node4.tardis-apia.ldos-ut-pg0.wisc.cloudlab.us,alibabaBlock_759,lru,0.1,2349,27,1,2,0.9615,0.02,13984420,2349104.7424,6081507
node4.tardis-apia.ldos-ut-pg0.wisc.cloudlab.us,alibabaBlock_759,lru,0.1,2349,27,1,3,0.9615,0.02,13984420,2349104.7424,6081507
node4.tardis-apia.ldos-ut-pg0.wisc.cloudlab.us,alibabaBlock_759,lruforgive,0.1,2349,27,1,1,0.9606,0.02,13984420,2349104.7424,6081507
node4.tardis-apia.ldos-ut-pg0.wisc.cloudlab.us,alibabaBlock_759,lruforgive,0.1,2349,27,1,2,0.9606,0.02,13984420,2349104.7424,6081507
node4.tardis-apia.ldos-ut-pg0.wisc.cloudlab.us,alibabaBlock_759,lruforgive,0.1,2349,27,1,3,0.9606,0.02,13984420,2349104.7424,6081507
node4.tardis-apia.ldos-ut-pg0.wisc.cloudlab.us,alibabaBlock_759,s3fifo,0.1,2349,27,1,1,0.9582,0.02,13984420,2349104.7424,6081507
node4.tardis-apia.ldos-ut-pg0.wisc.cloudlab.us,alibabaBlock_759,s3fifo,0.1,2349,27,1,2,0.9582,0.02,13984420,2349104.7424,6081507
node4.tardis-apia.ldos-ut-pg0.wisc.cloudlab.us,alibabaBlock_759,s3fifo,0.1,2349,27,1,3,0.9582,0.02,13984420,2349104.7424,6081507
node4.tardis-apia.ldos-ut-pg0.wisc.cloudlab.us,alibabaBlock_759,s3fifoforgive,0.1,2349,27,1,1,NA,NA,NA,2349104.7424,6081507
node4.tardis-apia.ldos-ut-pg0.wisc.cloudlab.us,alibabaBlock_759,s3fifoforgive,0.1,2349,27,1,2,NA,NA,NA,2349104.7424,6081507
node4.tardis-apia.ldos-ut-pg0.wisc.cloudlab.us,alibabaBlock_759,s3fifoforgive,0.1,2349,27,1,3,NA,NA,NA,2349104.7424,6081507
node4.tardis-apia.ldos-ut-pg0.wisc.cloudlab.us,alibabaBlock_76,lru,10,1435,26,1,1,0.1130,1.07,37813517,14345.8304,1513739
node4.tardis-apia.ldos-ut-pg0.wisc.cloudlab.us,alibabaBlock_76,lru,10,1435,26,1,2,0.1130,1.07,37813517,14345.8304,1513739
node4.tardis-apia.ldos-ut-pg0.wisc.cloudlab.us,alibabaBlock_76,lru,10,1435,26,1,3,0.1130,1.06,37813517,14345.8304,1513739
node4.tardis-apia.ldos-ut-pg0.wisc.cloudlab.us,alibabaBlock_76,lruforgive,10,1435,26,1,1,0.1123,0.48,37813517,14345.8304,1513739
node4.tardis-apia.ldos-ut-pg0.wisc.cloudlab.us,alibabaBlock_76,lruforgive,10,1435,26,1,2,0.1123,0.47,37813517,14345.8304,1513739
node4.tardis-apia.ldos-ut-pg0.wisc.cloudlab.us,alibabaBlock_76,lruforgive,10,1435,26,1,3,0.1123,0.47,37813517,14345.8304,1513739
node4.tardis-apia.ldos-ut-pg0.wisc.cloudlab.us,alibabaBlock_76,s3fifo,10,1435,26,1,1,NA,NA,NA,14345.8304,1513739
node4.tardis-apia.ldos-ut-pg0.wisc.cloudlab.us,alibabaBlock_76,s3fifo,10,1435,26,1,2,NA,NA,NA,14345.8304,1513739
node4.tardis-apia.ldos-ut-pg0.wisc.cloudlab.us,alibabaBlock_76,s3fifo,10,1435,26,1,3,NA,NA,NA,14345.8304,1513739
node4.tardis-apia.ldos-ut-pg0.wisc.cloudlab.us,alibabaBlock_76,s3fifoforgive,10,1435,26,1,1,0.1330,0.50,37813517,14345.8304,1513739
node4.tardis-apia.ldos-ut-pg0.wisc.cloudlab.us,alibabaBlock_76,s3fifoforgive,10,1435,26,1,2,0.1330,0.51,37813517,14345.8304,1513739
node4.tardis-apia.ldos-ut-pg0.wisc.cloudlab.us,alibabaBlock_76,s3fifoforgive,10,1435,26,1,3,0.1330,0.51,37813517,14345.8304,1513739
node4.tardis-apia.ldos-ut-pg0.wisc.cloudlab.us,alibabaBlock_76,lru,0.1,14,20,1,1,0.2404,2.98,37813517,14345.8304,1513739
node4.tardis-apia.ldos-ut-pg0.wisc.cloudlab.us,alibabaBlock_76,lru,0.1,14,20,1,2,0.2404,2.98,37813517,14345.8304,1513739
node4.tardis-apia.ldos-ut-pg0.wisc.cloudlab.us,alibabaBlock_76,lru,0.1,14,20,1,3,0.2404,3.03,37813517,14345.8304,1513739
node4.tardis-apia.ldos-ut-pg0.wisc.cloudlab.us,alibabaBlock_76,lruforgive,0.1,14,20,1,1,0.2408,1.04,37813517,14345.8304,1513739
node4.tardis-apia.ldos-ut-pg0.wisc.cloudlab.us,alibabaBlock_76,lruforgive,0.1,14,20,1,2,0.2408,1.03,37813517,14345.8304,1513739
node4.tardis-apia.ldos-ut-pg0.wisc.cloudlab.us,alibabaBlock_76,lruforgive,0.1,14,20,1,3,0.2408,1.04,37813517,14345.8304,1513739
node4.tardis-apia.ldos-ut-pg0.wisc.cloudlab.us,alibabaBlock_76,s3fifo,0.1,14,20,1,1,0.2396,3.21,37813517,14345.8304,1513739
node4.tardis-apia.ldos-ut-pg0.wisc.cloudlab.us,alibabaBlock_76,s3fifo,0.1,14,20,1,2,0.2396,3.27,37813517,14345.8304,1513739
node4.tardis-apia.ldos-ut-pg0.wisc.cloudlab.us,alibabaBlock_76,s3fifo,0.1,14,20,1,3,0.2396,3.20,37813517,14345.8304,1513739
node4.tardis-apia.ldos-ut-pg0.wisc.cloudlab.us,alibabaBlock_76,s3fifoforgive,0.1,14,20,1,1,0.2396,1.13,37813517,14345.8304,1513739
node4.tardis-apia.ldos-ut-pg0.wisc.cloudlab.us,alibabaBlock_76,s3fifoforgive,0.1,14,20,1,2,0.2396,1.13,37813517,14345.8304,1513739
node4.tardis-apia.ldos-ut-pg0.wisc.cloudlab.us,alibabaBlock_76,s3fifoforgive,0.1,14,20,1,3,0.2396,1.11,37813517,14345.8304,1513739
node4.tardis-apia.ldos-ut-pg0.wisc.cloudlab.us,alibabaBlock_77,lru,10,2330,27,1,1,0.1441,0.71,30894111,23302.8608,1350321
node4.tardis-apia.ldos-ut-pg0.wisc.cloudlab.us,alibabaBlock_77,lru,10,2330,27,1,2,0.1441,0.72,30894111,23302.8608,1350321
node4.tardis-apia.ldos-ut-pg0.wisc.cloudlab.us,alibabaBlock_77,lru,10,2330,27,1,3,0.1441,0.71,30894111,23302.8608,1350321
node4.tardis-apia.ldos-ut-pg0.wisc.cloudlab.us,alibabaBlock_77,lruforgive,10,2330,27,1,1,0.1436,0.35,30894111,23302.8608,1350321
node4.tardis-apia.ldos-ut-pg0.wisc.cloudlab.us,alibabaBlock_77,lruforgive,10,2330,27,1,2,0.1436,0.35,30894111,23302.8608,1350321
node4.tardis-apia.ldos-ut-pg0.wisc.cloudlab.us,alibabaBlock_77,lruforgive,10,2330,27,1,3,0.1436,0.35,30894111,23302.8608,1350321
node4.tardis-apia.ldos-ut-pg0.wisc.cloudlab.us,alibabaBlock_77,s3fifo,10,2330,27,1,1,NA,NA,NA,23302.8608,1350321
node4.tardis-apia.ldos-ut-pg0.wisc.cloudlab.us,alibabaBlock_77,s3fifo,10,2330,27,1,2,0.1450,1.05,30894111,23302.8608,1350321
node4.tardis-apia.ldos-ut-pg0.wisc.cloudlab.us,alibabaBlock_77,s3fifo,10,2330,27,1,3,NA,NA,NA,23302.8608,1350321
node4.tardis-apia.ldos-ut-pg0.wisc.cloudlab.us,alibabaBlock_77,s3fifoforgive,10,2330,27,1,1,NA,0.,19086565,23302.8608,1350321
node4.tardis-apia.ldos-ut-pg0.wisc.cloudlab.us,alibabaBlock_77,s3fifoforgive,10,2330,27,1,2,NA,0.,19086565,23302.8608,1350321
node4.tardis-apia.ldos-ut-pg0.wisc.cloudlab.us,alibabaBlock_77,s3fifoforgive,10,2330,27,1,3,NA,0.,19086565,23302.8608,1350321
node4.tardis-apia.ldos-ut-pg0.wisc.cloudlab.us,alibabaBlock_77,lru,0.1,23,21,1,1,0.9344,2.89,30894111,23302.8608,1350321
node4.tardis-apia.ldos-ut-pg0.wisc.cloudlab.us,alibabaBlock_77,lru,0.1,23,21,1,2,0.9344,2.92,30894111,23302.8608,1350321
node4.tardis-apia.ldos-ut-pg0.wisc.cloudlab.us,alibabaBlock_77,lru,0.1,23,21,1,3,0.9344,2.91,30894111,23302.8608,1350321
node4.tardis-apia.ldos-ut-pg0.wisc.cloudlab.us,alibabaBlock_77,lruforgive,0.1,23,21,1,1,0.9134,2.37,30894111,23302.8608,1350321
node4.tardis-apia.ldos-ut-pg0.wisc.cloudlab.us,alibabaBlock_77,lruforgive,0.1,23,21,1,2,0.9134,2.39,30894111,23302.8608,1350321
node4.tardis-apia.ldos-ut-pg0.wisc.cloudlab.us,alibabaBlock_77,lruforgive,0.1,23,21,1,3,0.9134,2.38,30894111,23302.8608,1350321
node4.tardis-apia.ldos-ut-pg0.wisc.cloudlab.us,alibabaBlock_77,s3fifo,0.1,23,21,1,1,0.9016,3.29,30894111,23302.8608,1350321
node4.tardis-apia.ldos-ut-pg0.wisc.cloudlab.us,alibabaBlock_77,s3fifo,0.1,23,21,1,2,0.9016,3.30,30894111,23302.8608,1350321
node4.tardis-apia.ldos-ut-pg0.wisc.cloudlab.us,alibabaBlock_77,s3fifo,0.1,23,21,1,3,0.9016,3.30,30894111,23302.8608,1350321
node4.tardis-apia.ldos-ut-pg0.wisc.cloudlab.us,alibabaBlock_77,s3fifoforgive,0.1,23,21,1,1,0.9007,2.66,30894111,23302.8608,1350321
node4.tardis-apia.ldos-ut-pg0.wisc.cloudlab.us,alibabaBlock_77,s3fifoforgive,0.1,23,21,1,2,0.9007,2.62,30894111,23302.8608,1350321
node4.tardis-apia.ldos-ut-pg0.wisc.cloudlab.us,alibabaBlock_77,s3fifoforgive,0.1,23,21,1,3,0.9007,2.66,30894111,23302.8608,1350321
node4.tardis-apia.ldos-ut-pg0.wisc.cloudlab.us,alibabaBlock_771,lru,10,49904,27,1,1,0.6877,0.03,3673359,499042.816,2306250
node4.tardis-apia.ldos-ut-pg0.wisc.cloudlab.us,alibabaBlock_771,lru,10,49904,27,1,2,0.6877,0.03,3673359,499042.816,2306250
node4.tardis-apia.ldos-ut-pg0.wisc.cloudlab.us,alibabaBlock_771,lru,10,49904,27,1,3,0.6877,0.03,3673359,499042.816,2306250
node4.tardis-apia.ldos-ut-pg0.wisc.cloudlab.us,alibabaBlock_771,lruforgive,10,49904,27,1,1,0.6877,0.03,3673359,499042.816,2306250
node4.tardis-apia.ldos-ut-pg0.wisc.cloudlab.us,alibabaBlock_771,lruforgive,10,49904,27,1,2,0.6877,0.03,3673359,499042.816,2306250
node4.tardis-apia.ldos-ut-pg0.wisc.cloudlab.us,alibabaBlock_771,lruforgive,10,49904,27,1,3,0.6877,0.03,3673359,499042.816,2306250
node4.tardis-apia.ldos-ut-pg0.wisc.cloudlab.us,alibabaBlock_771,s3fifo,10,49904,27,1,1,NA,NA,NA,499042.816,2306250
node4.tardis-apia.ldos-ut-pg0.wisc.cloudlab.us,alibabaBlock_771,s3fifo,10,49904,27,1,2,NA,NA,NA,499042.816,2306250
node4.tardis-apia.ldos-ut-pg0.wisc.cloudlab.us,alibabaBlock_771,s3fifo,10,49904,27,1,3,NA,NA,NA,499042.816,2306250
node4.tardis-apia.ldos-ut-pg0.wisc.cloudlab.us,alibabaBlock_771,s3fifoforgive,10,49904,27,1,1,NA,NA,NA,499042.816,2306250
node4.tardis-apia.ldos-ut-pg0.wisc.cloudlab.us,alibabaBlock_771,s3fifoforgive,10,49904,27,1,2,NA,NA,NA,499042.816,2306250
node4.tardis-apia.ldos-ut-pg0.wisc.cloudlab.us,alibabaBlock_771,s3fifoforgive,10,49904,27,1,3,NA,NA,NA,499042.816,2306250
node4.tardis-apia.ldos-ut-pg0.wisc.cloudlab.us,alibabaBlock_771,lru,0.1,499,25,1,1,0.7082,0.05,3673359,499042.816,2306250
node4.tardis-apia.ldos-ut-pg0.wisc.cloudlab.us,alibabaBlock_771,lru,0.1,499,25,1,2,0.7082,0.05,3673359,499042.816,2306250
node4.tardis-apia.ldos-ut-pg0.wisc.cloudlab.us,alibabaBlock_771,lru,0.1,499,25,1,3,0.7082,0.05,3673359,499042.816,2306250
node4.tardis-apia.ldos-ut-pg0.wisc.cloudlab.us,alibabaBlock_771,lruforgive,0.1,499,25,1,1,0.7074,0.05,3673359,499042.816,2306250
node4.tardis-apia.ldos-ut-pg0.wisc.cloudlab.us,alibabaBlock_771,lruforgive,0.1,499,25,1,2,0.7074,0.05,3673359,499042.816,2306250
node4.tardis-apia.ldos-ut-pg0.wisc.cloudlab.us,alibabaBlock_771,lruforgive,0.1,499,25,1,3,0.7074,0.05,3673359,499042.816,2306250
node4.tardis-apia.ldos-ut-pg0.wisc.cloudlab.us,alibabaBlock_771,s3fifo,0.1,499,25,1,1,NA,NA,NA,499042.816,2306250
node4.tardis-apia.ldos-ut-pg0.wisc.cloudlab.us,alibabaBlock_771,s3fifo,0.1,499,25,1,2,NA,NA,NA,499042.816,2306250
node4.tardis-apia.ldos-ut-pg0.wisc.cloudlab.us,alibabaBlock_771,s3fifo,0.1,499,25,1,3,NA,NA,NA,499042.816,2306250
node4.tardis-apia.ldos-ut-pg0.wisc.cloudlab.us,alibabaBlock_771,s3fifoforgive,0.1,499,25,1,1,NA,0.04,2629000,499042.816,2306250
node4.tardis-apia.ldos-ut-pg0.wisc.cloudlab.us,alibabaBlock_771,s3fifoforgive,0.1,499,25,1,2,NA,0.04,2629000,499042.816,2306250
node4.tardis-apia.ldos-ut-pg0.wisc.cloudlab.us,alibabaBlock_771,s3fifoforgive,0.1,499,25,1,3,NA,0.04,2629000,499042.816,2306250
node4.tardis-apia.ldos-ut-pg0.wisc.cloudlab.us,alibabaBlock_78,lru,10,1343,26,1,1,0.1128,1.06,37419535,13433.4464,1469662
node4.tardis-apia.ldos-ut-pg0.wisc.cloudlab.us,alibabaBlock_78,lru,10,1343,26,1,2,0.1128,1.07,37419535,13433.4464,1469662
node4.tardis-apia.ldos-ut-pg0.wisc.cloudlab.us,alibabaBlock_78,lru,10,1343,26,1,3,0.1128,1.07,37419535,13433.4464,1469662
node4.tardis-apia.ldos-ut-pg0.wisc.cloudlab.us,alibabaBlock_78,lruforgive,10,1343,26,1,1,0.1121,0.48,37419535,13433.4464,1469662
node4.tardis-apia.ldos-ut-pg0.wisc.cloudlab.us,alibabaBlock_78,lruforgive,10,1343,26,1,2,0.1121,0.48,37419535,13433.4464,1469662
node4.tardis-apia.ldos-ut-pg0.wisc.cloudlab.us,alibabaBlock_78,lruforgive,10,1343,26,1,3,0.1121,0.48,37419535,13433.4464,1469662
node4.tardis-apia.ldos-ut-pg0.wisc.cloudlab.us,alibabaBlock_78,s3fifo,10,1343,26,1,1,NA,NA,NA,13433.4464,1469662
node4.tardis-apia.ldos-ut-pg0.wisc.cloudlab.us,alibabaBlock_78,s3fifo,10,1343,26,1,2,NA,NA,NA,13433.4464,1469662
node4.tardis-apia.ldos-ut-pg0.wisc.cloudlab.us,alibabaBlock_78,s3fifo,10,1343,26,1,3,NA,NA,NA,13433.4464,1469662
node4.tardis-apia.ldos-ut-pg0.wisc.cloudlab.us,alibabaBlock_78,s3fifoforgive,10,1343,26,1,1,NA,NA,21712963,13433.4464,1469662
node4.tardis-apia.ldos-ut-pg0.wisc.cloudlab.us,alibabaBlock_78,s3fifoforgive,10,1343,26,1,2,0.1345,0.52,37419535,13433.4464,1469662
node4.tardis-apia.ldos-ut-pg0.wisc.cloudlab.us,alibabaBlock_78,s3fifoforgive,10,1343,26,1,3,0.1345,0.52,37419535,13433.4464,1469662
node4.tardis-apia.ldos-ut-pg0.wisc.cloudlab.us,alibabaBlock_78,lru,0.1,13,20,1,1,0.2286,3.10,37419535,13433.4464,1469662
node4.tardis-apia.ldos-ut-pg0.wisc.cloudlab.us,alibabaBlock_78,lru,0.1,13,20,1,2,0.2286,3.05,37419535,13433.4464,1469662
node4.tardis-apia.ldos-ut-pg0.wisc.cloudlab.us,alibabaBlock_78,lru,0.1,13,20,1,3,0.2286,3.08,37419535,13433.4464,1469662
node4.tardis-apia.ldos-ut-pg0.wisc.cloudlab.us,alibabaBlock_78,lruforgive,0.1,13,20,1,1,0.2282,1.05,37419535,13433.4464,1469662
node4.tardis-apia.ldos-ut-pg0.wisc.cloudlab.us,alibabaBlock_78,lruforgive,0.1,13,20,1,2,0.2282,1.06,37419535,13433.4464,1469662
node4.tardis-apia.ldos-ut-pg0.wisc.cloudlab.us,alibabaBlock_78,lruforgive,0.1,13,20,1,3,0.2282,1.05,37419535,13433.4464,1469662
node4.tardis-apia.ldos-ut-pg0.wisc.cloudlab.us,alibabaBlock_78,s3fifo,0.1,13,20,1,1,0.2266,3.32,37419535,13433.4464,1469662
node4.tardis-apia.ldos-ut-pg0.wisc.cloudlab.us,alibabaBlock_78,s3fifo,0.1,13,20,1,2,0.2266,3.30,37419535,13433.4464,1469662
node4.tardis-apia.ldos-ut-pg0.wisc.cloudlab.us,alibabaBlock_78,s3fifo,0.1,13,20,1,3,0.2266,3.29,37419535,13433.4464,1469662
node4.tardis-apia.ldos-ut-pg0.wisc.cloudlab.us,alibabaBlock_78,s3fifoforgive,0.1,13,20,1,1,0.2266,1.12,37419535,13433.4464,1469662
node4.tardis-apia.ldos-ut-pg0.wisc.cloudlab.us,alibabaBlock_78,s3fifoforgive,0.1,13,20,1,2,0.2266,1.13,37419535,13433.4464,1469662
node4.tardis-apia.ldos-ut-pg0.wisc.cloudlab.us,alibabaBlock_78,s3fifoforgive,0.1,13,20,1,3,0.2266,1.13,37419535,13433.4464,1469662
node4.tardis-apia.ldos-ut-pg0.wisc.cloudlab.us,alibabaBlock_784,lru,10,72840,27,1,1,0.6986,0.04,8342518,728403.6608,4951975
node4.tardis-apia.ldos-ut-pg0.wisc.cloudlab.us,alibabaBlock_784,lru,10,72840,27,1,2,0.6986,0.04,8342518,728403.6608,4951975
