node,trace,policy,cache_pct,size_mb,hp,threads,rep,miss,tp,requests,footprint_mb,n_objects
node0.tardis-apia.ldos-ut-pg0.wisc.cloudlab.us,tencentBlock_10000,lru,10,1624,27,1,1,0.1989,0.73,10684794,16241.8688,1494149
node0.tardis-apia.ldos-ut-pg0.wisc.cloudlab.us,tencentBlock_10000,lru,10,1624,27,1,2,0.1989,0.72,10684794,16241.8688,1494149
node0.tardis-apia.ldos-ut-pg0.wisc.cloudlab.us,tencentBlock_10000,lru,10,1624,27,1,3,0.1989,0.76,10684794,16241.8688,1494149
node0.tardis-apia.ldos-ut-pg0.wisc.cloudlab.us,tencentBlock_10000,lruforgive,10,1624,27,1,1,0.1986,0.40,10684794,16241.8688,1494149
node0.tardis-apia.ldos-ut-pg0.wisc.cloudlab.us,tencentBlock_10000,lruforgive,10,1624,27,1,2,0.1986,0.41,10684794,16241.8688,1494149
node0.tardis-apia.ldos-ut-pg0.wisc.cloudlab.us,tencentBlock_10000,lruforgive,10,1624,27,1,3,0.1986,0.41,10684794,16241.8688,1494149
node0.tardis-apia.ldos-ut-pg0.wisc.cloudlab.us,tencentBlock_10000,s3fifo,10,1624,27,1,1,0.2113,0.81,10684794,16241.8688,1494149
node0.tardis-apia.ldos-ut-pg0.wisc.cloudlab.us,tencentBlock_10000,s3fifo,10,1624,27,1,2,0.2113,0.79,10684794,16241.8688,1494149
node0.tardis-apia.ldos-ut-pg0.wisc.cloudlab.us,tencentBlock_10000,s3fifo,10,1624,27,1,3,0.2113,0.79,10684794,16241.8688,1494149
node0.tardis-apia.ldos-ut-pg0.wisc.cloudlab.us,tencentBlock_10000,s3fifoforgive,10,1624,27,1,1,0.2113,0.45,10684794,16241.8688,1494149
node0.tardis-apia.ldos-ut-pg0.wisc.cloudlab.us,tencentBlock_10000,s3fifoforgive,10,1624,27,1,2,0.2113,0.46,10684794,16241.8688,1494149
node0.tardis-apia.ldos-ut-pg0.wisc.cloudlab.us,tencentBlock_10000,s3fifoforgive,10,1624,27,1,3,0.2113,0.46,10684794,16241.8688,1494149
node0.tardis-apia.ldos-ut-pg0.wisc.cloudlab.us,tencentBlock_10000,lru,0.1,16,20,1,1,0.5608,1.94,10684794,16241.8688,1494149
node0.tardis-apia.ldos-ut-pg0.wisc.cloudlab.us,tencentBlock_10000,lru,0.1,16,20,1,2,0.5608,1.98,10684794,16241.8688,1494149
node0.tardis-apia.ldos-ut-pg0.wisc.cloudlab.us,tencentBlock_10000,lru,0.1,16,20,1,3,0.5608,1.98,10684794,16241.8688,1494149
node0.tardis-apia.ldos-ut-pg0.wisc.cloudlab.us,tencentBlock_10000,lruforgive,0.1,16,20,1,1,0.4786,0.58,10684794,16241.8688,1494149
node0.tardis-apia.ldos-ut-pg0.wisc.cloudlab.us,tencentBlock_10000,lruforgive,0.1,16,20,1,2,0.4786,0.57,10684794,16241.8688,1494149
node0.tardis-apia.ldos-ut-pg0.wisc.cloudlab.us,tencentBlock_10000,lruforgive,0.1,16,20,1,3,0.4786,0.58,10684794,16241.8688,1494149
node0.tardis-apia.ldos-ut-pg0.wisc.cloudlab.us,tencentBlock_10000,s3fifo,0.1,16,20,1,1,0.4718,2.09,10684794,16241.8688,1494149
node0.tardis-apia.ldos-ut-pg0.wisc.cloudlab.us,tencentBlock_10000,s3fifo,0.1,16,20,1,2,0.4718,2.11,10684794,16241.8688,1494149
node0.tardis-apia.ldos-ut-pg0.wisc.cloudlab.us,tencentBlock_10000,s3fifo,0.1,16,20,1,3,0.4718,2.03,10684794,16241.8688,1494149
node0.tardis-apia.ldos-ut-pg0.wisc.cloudlab.us,tencentBlock_10000,s3fifoforgive,0.1,16,20,1,1,0.4668,1.00,10684794,16241.8688,1494149
node0.tardis-apia.ldos-ut-pg0.wisc.cloudlab.us,tencentBlock_10000,s3fifoforgive,0.1,16,20,1,2,0.4668,1.01,10684794,16241.8688,1494149
node0.tardis-apia.ldos-ut-pg0.wisc.cloudlab.us,tencentBlock_10000,s3fifoforgive,0.1,16,20,1,3,0.4668,1.01,10684794,16241.8688,1494149
node0.tardis-apia.ldos-ut-pg0.wisc.cloudlab.us,tencentBlock_10001,lru,10,7882,27,1,1,0.2912,0.36,16242841,78824.1408,2837682
node0.tardis-apia.ldos-ut-pg0.wisc.cloudlab.us,tencentBlock_10001,lru,10,7882,27,1,2,0.2912,0.35,16242841,78824.1408,2837682
node0.tardis-apia.ldos-ut-pg0.wisc.cloudlab.us,tencentBlock_10001,lru,10,7882,27,1,3,0.2912,0.35,16242841,78824.1408,2837682
node0.tardis-apia.ldos-ut-pg0.wisc.cloudlab.us,tencentBlock_10001,lruforgive,10,7882,27,1,1,0.2867,0.28,16242841,78824.1408,2837682
node0.tardis-apia.ldos-ut-pg0.wisc.cloudlab.us,tencentBlock_10001,lruforgive,10,7882,27,1,2,0.2867,0.28,16242841,78824.1408,2837682
node0.tardis-apia.ldos-ut-pg0.wisc.cloudlab.us,tencentBlock_10001,lruforgive,10,7882,27,1,3,0.2867,0.28,16242841,78824.1408,2837682
node0.tardis-apia.ldos-ut-pg0.wisc.cloudlab.us,tencentBlock_10001,s3fifo,10,7882,27,1,1,0.2756,0.41,16242841,78824.1408,2837682
node0.tardis-apia.ldos-ut-pg0.wisc.cloudlab.us,tencentBlock_10001,s3fifo,10,7882,27,1,2,0.2756,0.42,16242841,78824.1408,2837682
node0.tardis-apia.ldos-ut-pg0.wisc.cloudlab.us,tencentBlock_10001,s3fifo,10,7882,27,1,3,0.2756,0.41,16242841,78824.1408,2837682
node0.tardis-apia.ldos-ut-pg0.wisc.cloudlab.us,tencentBlock_10001,s3fifoforgive,10,7882,27,1,1,0.2756,0.31,16242841,78824.1408,2837682
node0.tardis-apia.ldos-ut-pg0.wisc.cloudlab.us,tencentBlock_10001,s3fifoforgive,10,7882,27,1,2,0.2756,0.31,16242841,78824.1408,2837682
node0.tardis-apia.ldos-ut-pg0.wisc.cloudlab.us,tencentBlock_10001,s3fifoforgive,10,7882,27,1,3,0.2756,0.32,16242841,78824.1408,2837682
node0.tardis-apia.ldos-ut-pg0.wisc.cloudlab.us,tencentBlock_10001,lru,0.1,79,22,1,1,0.4395,0.84,16242841,78824.1408,2837682
node0.tardis-apia.ldos-ut-pg0.wisc.cloudlab.us,tencentBlock_10001,lru,0.1,79,22,1,2,0.4395,0.85,16242841,78824.1408,2837682
node0.tardis-apia.ldos-ut-pg0.wisc.cloudlab.us,tencentBlock_10001,lru,0.1,79,22,1,3,0.4395,0.79,16242841,78824.1408,2837682
node0.tardis-apia.ldos-ut-pg0.wisc.cloudlab.us,tencentBlock_10001,lruforgive,0.1,79,22,1,1,0.4309,0.51,16242841,78824.1408,2837682
node0.tardis-apia.ldos-ut-pg0.wisc.cloudlab.us,tencentBlock_10001,lruforgive,0.1,79,22,1,2,0.4309,0.52,16242841,78824.1408,2837682
node0.tardis-apia.ldos-ut-pg0.wisc.cloudlab.us,tencentBlock_10001,lruforgive,0.1,79,22,1,3,0.4310,0.53,16242841,78824.1408,2837682
node0.tardis-apia.ldos-ut-pg0.wisc.cloudlab.us,tencentBlock_10001,s3fifo,0.1,79,22,1,1,0.4282,1.08,16242841,78824.1408,2837682
node0.tardis-apia.ldos-ut-pg0.wisc.cloudlab.us,tencentBlock_10001,s3fifo,0.1,79,22,1,2,0.4282,1.09,16242841,78824.1408,2837682
node0.tardis-apia.ldos-ut-pg0.wisc.cloudlab.us,tencentBlock_10001,s3fifo,0.1,79,22,1,3,0.4282,1.09,16242841,78824.1408,2837682
node0.tardis-apia.ldos-ut-pg0.wisc.cloudlab.us,tencentBlock_10001,s3fifoforgive,0.1,79,22,1,1,0.4282,0.67,16242841,78824.1408,2837682
node0.tardis-apia.ldos-ut-pg0.wisc.cloudlab.us,tencentBlock_10001,s3fifoforgive,0.1,79,22,1,2,0.4282,0.68,16242841,78824.1408,2837682
node0.tardis-apia.ldos-ut-pg0.wisc.cloudlab.us,tencentBlock_10001,s3fifoforgive,0.1,79,22,1,3,0.4282,0.66,16242841,78824.1408,2837682
node0.tardis-apia.ldos-ut-pg0.wisc.cloudlab.us,tencentBlock_10012,lru,10,3501,27,1,1,0.2713,0.49,44013326,35011.584,2674165
node0.tardis-apia.ldos-ut-pg0.wisc.cloudlab.us,tencentBlock_10012,lru,10,3501,27,1,2,0.2713,0.49,44013326,35011.584,2674165
node0.tardis-apia.ldos-ut-pg0.wisc.cloudlab.us,tencentBlock_10012,lru,10,3501,27,1,3,0.2713,0.50,44013326,35011.584,2674165
node0.tardis-apia.ldos-ut-pg0.wisc.cloudlab.us,tencentBlock_10012,lruforgive,10,3501,27,1,1,0.2697,0.26,44013326,35011.584,2674165
node0.tardis-apia.ldos-ut-pg0.wisc.cloudlab.us,tencentBlock_10012,lruforgive,10,3501,27,1,2,0.2697,0.27,44013326,35011.584,2674165
node0.tardis-apia.ldos-ut-pg0.wisc.cloudlab.us,tencentBlock_10012,lruforgive,10,3501,27,1,3,0.2697,0.27,44013326,35011.584,2674165
node0.tardis-apia.ldos-ut-pg0.wisc.cloudlab.us,tencentBlock_10012,s3fifo,10,3501,27,1,1,0.2630,0.52,44013326,35011.584,2674165
node0.tardis-apia.ldos-ut-pg0.wisc.cloudlab.us,tencentBlock_10012,s3fifo,10,3501,27,1,2,0.2630,0.52,44013326,35011.584,2674165
node0.tardis-apia.ldos-ut-pg0.wisc.cloudlab.us,tencentBlock_10012,s3fifo,10,3501,27,1,3,0.2630,0.51,44013326,35011.584,2674165
node0.tardis-apia.ldos-ut-pg0.wisc.cloudlab.us,tencentBlock_10012,s3fifoforgive,10,3501,27,1,1,0.2628,0.30,44013326,35011.584,2674165
node0.tardis-apia.ldos-ut-pg0.wisc.cloudlab.us,tencentBlock_10012,s3fifoforgive,10,3501,27,1,2,0.2628,0.29,44013326,35011.584,2674165
node0.tardis-apia.ldos-ut-pg0.wisc.cloudlab.us,tencentBlock_10012,s3fifoforgive,10,3501,27,1,3,0.2628,0.30,44013326,35011.584,2674165
node0.tardis-apia.ldos-ut-pg0.wisc.cloudlab.us,tencentBlock_10012,lru,0.1,35,21,1,1,0.8125,1.73,44013326,35011.584,2674165
node0.tardis-apia.ldos-ut-pg0.wisc.cloudlab.us,tencentBlock_10012,lru,0.1,35,21,1,2,0.8125,1.76,44013326,35011.584,2674165
node0.tardis-apia.ldos-ut-pg0.wisc.cloudlab.us,tencentBlock_10012,lru,0.1,35,21,1,3,0.8125,1.76,44013326,35011.584,2674165
node0.tardis-apia.ldos-ut-pg0.wisc.cloudlab.us,tencentBlock_10012,lruforgive,0.1,35,21,1,1,0.8050,0.97,44013326,35011.584,2674165
node0.tardis-apia.ldos-ut-pg0.wisc.cloudlab.us,tencentBlock_10012,lruforgive,0.1,35,21,1,2,0.8050,0.99,44013326,35011.584,2674165
node0.tardis-apia.ldos-ut-pg0.wisc.cloudlab.us,tencentBlock_10012,lruforgive,0.1,35,21,1,3,0.8050,1.00,44013326,35011.584,2674165
node0.tardis-apia.ldos-ut-pg0.wisc.cloudlab.us,tencentBlock_10012,s3fifo,0.1,35,21,1,1,0.8402,1.83,44013326,35011.584,2674165
node0.tardis-apia.ldos-ut-pg0.wisc.cloudlab.us,tencentBlock_10012,s3fifo,0.1,35,21,1,2,0.8402,1.82,44013326,35011.584,2674165
node0.tardis-apia.ldos-ut-pg0.wisc.cloudlab.us,tencentBlock_10012,s3fifo,0.1,35,21,1,3,0.8402,1.81,44013326,35011.584,2674165
node0.tardis-apia.ldos-ut-pg0.wisc.cloudlab.us,tencentBlock_10012,s3fifoforgive,0.1,35,21,1,1,0.8373,1.27,44013326,35011.584,2674165
node0.tardis-apia.ldos-ut-pg0.wisc.cloudlab.us,tencentBlock_10012,s3fifoforgive,0.1,35,21,1,2,0.8373,1.26,44013326,35011.584,2674165
node0.tardis-apia.ldos-ut-pg0.wisc.cloudlab.us,tencentBlock_10012,s3fifoforgive,0.1,35,21,1,3,0.8373,1.27,44013326,35011.584,2674165
node0.tardis-apia.ldos-ut-pg0.wisc.cloudlab.us,tencentBlock_10100,lru,10,2793,27,1,1,0.8210,0.59,20383757,27927.9616,1390212
node0.tardis-apia.ldos-ut-pg0.wisc.cloudlab.us,tencentBlock_10100,lru,10,2793,27,1,2,0.8210,0.62,20383757,27927.9616,1390212
node0.tardis-apia.ldos-ut-pg0.wisc.cloudlab.us,tencentBlock_10100,lru,10,2793,27,1,3,0.8210,0.59,20383757,27927.9616,1390212
node0.tardis-apia.ldos-ut-pg0.wisc.cloudlab.us,tencentBlock_10100,lruforgive,10,2793,27,1,1,0.8196,0.53,20383757,27927.9616,1390212
node0.tardis-apia.ldos-ut-pg0.wisc.cloudlab.us,tencentBlock_10100,lruforgive,10,2793,27,1,2,0.8196,0.54,20383757,27927.9616,1390212
node0.tardis-apia.ldos-ut-pg0.wisc.cloudlab.us,tencentBlock_10100,lruforgive,10,2793,27,1,3,0.8196,0.53,20383757,27927.9616,1390212
node0.tardis-apia.ldos-ut-pg0.wisc.cloudlab.us,tencentBlock_10100,s3fifo,10,2793,27,1,1,0.8052,0.66,20383757,27927.9616,1390212
node0.tardis-apia.ldos-ut-pg0.wisc.cloudlab.us,tencentBlock_10100,s3fifo,10,2793,27,1,2,0.8052,0.68,20383757,27927.9616,1390212
node0.tardis-apia.ldos-ut-pg0.wisc.cloudlab.us,tencentBlock_10100,s3fifo,10,2793,27,1,3,0.8052,0.67,20383757,27927.9616,1390212
node0.tardis-apia.ldos-ut-pg0.wisc.cloudlab.us,tencentBlock_10100,s3fifoforgive,10,2793,27,1,1,0.8052,0.57,20383757,27927.9616,1390212
node0.tardis-apia.ldos-ut-pg0.wisc.cloudlab.us,tencentBlock_10100,s3fifoforgive,10,2793,27,1,2,0.8052,0.60,20383757,27927.9616,1390212
node0.tardis-apia.ldos-ut-pg0.wisc.cloudlab.us,tencentBlock_10100,s3fifoforgive,10,2793,27,1,3,0.8052,0.59,20383757,27927.9616,1390212
node0.tardis-apia.ldos-ut-pg0.wisc.cloudlab.us,tencentBlock_10100,lru,0.1,28,21,1,1,0.9124,1.71,20383757,27927.9616,1390212
node0.tardis-apia.ldos-ut-pg0.wisc.cloudlab.us,tencentBlock_10100,lru,0.1,28,21,1,2,0.9124,1.71,20383757,27927.9616,1390212
node0.tardis-apia.ldos-ut-pg0.wisc.cloudlab.us,tencentBlock_10100,lru,0.1,28,21,1,3,0.9124,1.74,20383757,27927.9616,1390212
node0.tardis-apia.ldos-ut-pg0.wisc.cloudlab.us,tencentBlock_10100,lruforgive,0.1,28,21,1,1,0.9077,1.24,20383757,27927.9616,1390212
node0.tardis-apia.ldos-ut-pg0.wisc.cloudlab.us,tencentBlock_10100,lruforgive,0.1,28,21,1,2,0.9077,1.24,20383757,27927.9616,1390212
node0.tardis-apia.ldos-ut-pg0.wisc.cloudlab.us,tencentBlock_10100,lruforgive,0.1,28,21,1,3,0.9077,1.24,20383757,27927.9616,1390212
node0.tardis-apia.ldos-ut-pg0.wisc.cloudlab.us,tencentBlock_10100,s3fifo,0.1,28,21,1,1,0.9046,1.52,20383757,27927.9616,1390212
node0.tardis-apia.ldos-ut-pg0.wisc.cloudlab.us,tencentBlock_10100,s3fifo,0.1,28,21,1,2,0.9046,1.81,20383757,27927.9616,1390212
node0.tardis-apia.ldos-ut-pg0.wisc.cloudlab.us,tencentBlock_10100,s3fifo,0.1,28,21,1,3,0.9046,1.82,20383757,27927.9616,1390212
node0.tardis-apia.ldos-ut-pg0.wisc.cloudlab.us,tencentBlock_10100,s3fifoforgive,0.1,28,21,1,1,0.9043,1.47,20383757,27927.9616,1390212
node0.tardis-apia.ldos-ut-pg0.wisc.cloudlab.us,tencentBlock_10100,s3fifoforgive,0.1,28,21,1,2,0.9043,1.48,20383757,27927.9616,1390212
node0.tardis-apia.ldos-ut-pg0.wisc.cloudlab.us,tencentBlock_10100,s3fifoforgive,0.1,28,21,1,3,0.9043,1.52,20383757,27927.9616,1390212
node0.tardis-apia.ldos-ut-pg0.wisc.cloudlab.us,tencentBlock_10163,lru,10,3393,27,1,1,0.3002,0.53,55679715,33926.144,2878909
node0.tardis-apia.ldos-ut-pg0.wisc.cloudlab.us,tencentBlock_10163,lru,10,3393,27,1,2,0.3002,0.55,55679715,33926.144,2878909
node0.tardis-apia.ldos-ut-pg0.wisc.cloudlab.us,tencentBlock_10163,lru,10,3393,27,1,3,0.3002,0.54,55679715,33926.144,2878909
node0.tardis-apia.ldos-ut-pg0.wisc.cloudlab.us,tencentBlock_10163,lruforgive,10,3393,27,1,1,0.2981,0.27,55679715,33926.144,2878909
node0.tardis-apia.ldos-ut-pg0.wisc.cloudlab.us,tencentBlock_10163,lruforgive,10,3393,27,1,2,0.2981,0.28,55679715,33926.144,2878909
node0.tardis-apia.ldos-ut-pg0.wisc.cloudlab.us,tencentBlock_10163,lruforgive,10,3393,27,1,3,0.2981,0.28,55679715,33926.144,2878909
node0.tardis-apia.ldos-ut-pg0.wisc.cloudlab.us,tencentBlock_10163,s3fifo,10,3393,27,1,1,0.2855,0.54,55679715,33926.144,2878909
node0.tardis-apia.ldos-ut-pg0.wisc.cloudlab.us,tencentBlock_10163,s3fifo,10,3393,27,1,2,0.2855,0.54,55679715,33926.144,2878909
node0.tardis-apia.ldos-ut-pg0.wisc.cloudlab.us,tencentBlock_10163,s3fifo,10,3393,27,1,3,0.2855,0.54,55679715,33926.144,2878909
node0.tardis-apia.ldos-ut-pg0.wisc.cloudlab.us,tencentBlock_10163,s3fifoforgive,10,3393,27,1,1,0.2853,0.30,55679715,33926.144,2878909
node0.tardis-apia.ldos-ut-pg0.wisc.cloudlab.us,tencentBlock_10163,s3fifoforgive,10,3393,27,1,2,0.2853,0.30,55679715,33926.144,2878909
node0.tardis-apia.ldos-ut-pg0.wisc.cloudlab.us,tencentBlock_10163,s3fifoforgive,10,3393,27,1,3,0.2853,0.30,55679715,33926.144,2878909
node0.tardis-apia.ldos-ut-pg0.wisc.cloudlab.us,tencentBlock_10163,lru,0.1,34,21,1,1,0.8295,1.15,55679715,33926.144,2878909
node0.tardis-apia.ldos-ut-pg0.wisc.cloudlab.us,tencentBlock_10163,lru,0.1,34,21,1,2,0.8295,1.18,55679715,33926.144,2878909
node0.tardis-apia.ldos-ut-pg0.wisc.cloudlab.us,tencentBlock_10163,lru,0.1,34,21,1,3,0.8295,1.19,55679715,33926.144,2878909
node0.tardis-apia.ldos-ut-pg0.wisc.cloudlab.us,tencentBlock_10163,lruforgive,0.1,34,21,1,1,0.8205,0.71,55679715,33926.144,2878909
node0.tardis-apia.ldos-ut-pg0.wisc.cloudlab.us,tencentBlock_10163,lruforgive,0.1,34,21,1,2,0.8205,0.73,55679715,33926.144,2878909
node0.tardis-apia.ldos-ut-pg0.wisc.cloudlab.us,tencentBlock_10163,lruforgive,0.1,34,21,1,3,0.8205,0.73,55679715,33926.144,2878909
node0.tardis-apia.ldos-ut-pg0.wisc.cloudlab.us,tencentBlock_10163,s3fifo,0.1,34,21,1,1,0.8483,1.36,55679715,33926.144,2878909
node0.tardis-apia.ldos-ut-pg0.wisc.cloudlab.us,tencentBlock_10163,s3fifo,0.1,34,21,1,2,0.8483,1.36,55679715,33926.144,2878909
node0.tardis-apia.ldos-ut-pg0.wisc.cloudlab.us,tencentBlock_10163,s3fifo,0.1,34,21,1,3,0.8483,1.36,55679715,33926.144,2878909
node0.tardis-apia.ldos-ut-pg0.wisc.cloudlab.us,tencentBlock_10163,s3fifoforgive,0.1,34,21,1,1,0.8443,0.94,55679715,33926.144,2878909
node0.tardis-apia.ldos-ut-pg0.wisc.cloudlab.us,tencentBlock_10163,s3fifoforgive,0.1,34,21,1,2,0.8443,0.94,55679715,33926.144,2878909
node0.tardis-apia.ldos-ut-pg0.wisc.cloudlab.us,tencentBlock_10163,s3fifoforgive,0.1,34,21,1,3,0.8443,0.95,55679715,33926.144,2878909
node0.tardis-apia.ldos-ut-pg0.wisc.cloudlab.us,tencentBlock_10171,lru,10,2929,27,1,1,0.1269,0.82,25984237,29291.52,2520159
node0.tardis-apia.ldos-ut-pg0.wisc.cloudlab.us,tencentBlock_10171,lru,10,2929,27,1,2,0.1269,0.84,25984237,29291.52,2520159
node0.tardis-apia.ldos-ut-pg0.wisc.cloudlab.us,tencentBlock_10171,lru,10,2929,27,1,3,0.1269,0.83,25984237,29291.52,2520159
node0.tardis-apia.ldos-ut-pg0.wisc.cloudlab.us,tencentBlock_10171,lruforgive,10,2929,27,1,1,0.1267,0.37,25984237,29291.52,2520159
node0.tardis-apia.ldos-ut-pg0.wisc.cloudlab.us,tencentBlock_10171,lruforgive,10,2929,27,1,2,0.1267,0.38,25984237,29291.52,2520159
node0.tardis-apia.ldos-ut-pg0.wisc.cloudlab.us,tencentBlock_10171,lruforgive,10,2929,27,1,3,0.1267,0.37,25984237,29291.52,2520159
node0.tardis-apia.ldos-ut-pg0.wisc.cloudlab.us,tencentBlock_10171,s3fifo,10,2929,27,1,1,0.1351,0.92,25984237,29291.52,2520159
node0.tardis-apia.ldos-ut-pg0.wisc.cloudlab.us,tencentBlock_10171,s3fifo,10,2929,27,1,2,0.1351,0.91,25984237,29291.52,2520159
node0.tardis-apia.ldos-ut-pg0.wisc.cloudlab.us,tencentBlock_10171,s3fifo,10,2929,27,1,3,0.1351,0.92,25984237,29291.52,2520159
node0.tardis-apia.ldos-ut-pg0.wisc.cloudlab.us,tencentBlock_10171,s3fifoforgive,10,2929,27,1,1,0.1351,0.41,25984237,29291.52,2520159
node0.tardis-apia.ldos-ut-pg0.wisc.cloudlab.us,tencentBlock_10171,s3fifoforgive,10,2929,27,1,2,0.1351,0.42,25984237,29291.52,2520159
node0.tardis-apia.ldos-ut-pg0.wisc.cloudlab.us,tencentBlock_10171,s3fifoforgive,10,2929,27,1,3,0.1351,0.41,25984237,29291.52,2520159
node0.tardis-apia.ldos-ut-pg0.wisc.cloudlab.us,tencentBlock_10171,lru,0.1,29,21,1,1,0.7350,1.47,25984237,29291.52,2520159
node0.tardis-apia.ldos-ut-pg0.wisc.cloudlab.us,tencentBlock_10171,lru,0.1,29,21,1,2,0.7350,1.51,25984237,29291.52,2520159
node0.tardis-apia.ldos-ut-pg0.wisc.cloudlab.us,tencentBlock_10171,lru,0.1,29,21,1,3,0.7350,1.49,25984237,29291.52,2520159
node0.tardis-apia.ldos-ut-pg0.wisc.cloudlab.us,tencentBlock_10171,lruforgive,0.1,29,21,1,1,0.6383,0.63,25984237,29291.52,2520159
node0.tardis-apia.ldos-ut-pg0.wisc.cloudlab.us,tencentBlock_10171,lruforgive,0.1,29,21,1,2,0.6383,0.61,25984237,29291.52,2520159
node0.tardis-apia.ldos-ut-pg0.wisc.cloudlab.us,tencentBlock_10171,lruforgive,0.1,29,21,1,3,0.6383,0.63,25984237,29291.52,2520159
node0.tardis-apia.ldos-ut-pg0.wisc.cloudlab.us,tencentBlock_10171,s3fifo,0.1,29,21,1,1,0.6012,1.69,25984237,29291.52,2520159
node0.tardis-apia.ldos-ut-pg0.wisc.cloudlab.us,tencentBlock_10171,s3fifo,0.1,29,21,1,2,0.6012,1.73,25984237,29291.52,2520159
node0.tardis-apia.ldos-ut-pg0.wisc.cloudlab.us,tencentBlock_10171,s3fifo,0.1,29,21,1,3,0.6012,1.69,25984237,29291.52,2520159
node0.tardis-apia.ldos-ut-pg0.wisc.cloudlab.us,tencentBlock_10171,s3fifoforgive,0.1,29,21,1,1,0.5965,1.00,25984237,29291.52,2520159
node0.tardis-apia.ldos-ut-pg0.wisc.cloudlab.us,tencentBlock_10171,s3fifoforgive,0.1,29,21,1,2,0.5965,1.05,25984237,29291.52,2520159
node0.tardis-apia.ldos-ut-pg0.wisc.cloudlab.us,tencentBlock_10171,s3fifoforgive,0.1,29,21,1,3,0.5965,1.03,25984237,29291.52,2520159
node0.tardis-apia.ldos-ut-pg0.wisc.cloudlab.us,tencentBlock_10226,lru,10,3653,27,1,1,0.2845,0.46,42655509,36531.9168,2648904
node0.tardis-apia.ldos-ut-pg0.wisc.cloudlab.us,tencentBlock_10226,lru,10,3653,27,1,2,0.2845,0.47,42655509,36531.9168,2648904
node0.tardis-apia.ldos-ut-pg0.wisc.cloudlab.us,tencentBlock_10226,lru,10,3653,27,1,3,0.2845,0.46,42655509,36531.9168,2648904
node0.tardis-apia.ldos-ut-pg0.wisc.cloudlab.us,tencentBlock_10226,lruforgive,10,3653,27,1,1,0.2833,0.26,42655509,36531.9168,2648904
node0.tardis-apia.ldos-ut-pg0.wisc.cloudlab.us,tencentBlock_10226,lruforgive,10,3653,27,1,2,0.2833,0.26,42655509,36531.9168,2648904
node0.tardis-apia.ldos-ut-pg0.wisc.cloudlab.us,tencentBlock_10226,lruforgive,10,3653,27,1,3,0.2833,0.26,42655509,36531.9168,2648904
node0.tardis-apia.ldos-ut-pg0.wisc.cloudlab.us,tencentBlock_10226,s3fifo,10,3653,27,1,1,0.2774,0.47,42655509,36531.9168,2648904
node0.tardis-apia.ldos-ut-pg0.wisc.cloudlab.us,tencentBlock_10226,s3fifo,10,3653,27,1,2,0.2774,0.47,42655509,36531.9168,2648904
node0.tardis-apia.ldos-ut-pg0.wisc.cloudlab.us,tencentBlock_10226,s3fifo,10,3653,27,1,3,0.2774,0.46,42655509,36531.9168,2648904
node0.tardis-apia.ldos-ut-pg0.wisc.cloudlab.us,tencentBlock_10226,s3fifoforgive,10,3653,27,1,1,0.2772,0.28,42655509,36531.9168,2648904
node0.tardis-apia.ldos-ut-pg0.wisc.cloudlab.us,tencentBlock_10226,s3fifoforgive,10,3653,27,1,2,0.2772,0.28,42655509,36531.9168,2648904
node0.tardis-apia.ldos-ut-pg0.wisc.cloudlab.us,tencentBlock_10226,s3fifoforgive,10,3653,27,1,3,0.2772,0.28,42655509,36531.9168,2648904
node0.tardis-apia.ldos-ut-pg0.wisc.cloudlab.us,tencentBlock_10226,lru,0.1,37,21,1,1,0.7398,1.34,42655509,36531.9168,2648904
node0.tardis-apia.ldos-ut-pg0.wisc.cloudlab.us,tencentBlock_10226,lru,0.1,37,21,1,2,0.7398,1.37,42655509,36531.9168,2648904
node0.tardis-apia.ldos-ut-pg0.wisc.cloudlab.us,tencentBlock_10226,lru,0.1,37,21,1,3,0.7398,1.37,42655509,36531.9168,2648904
node0.tardis-apia.ldos-ut-pg0.wisc.cloudlab.us,tencentBlock_10226,lruforgive,0.1,37,21,1,1,0.7327,0.72,42655509,36531.9168,2648904
node0.tardis-apia.ldos-ut-pg0.wisc.cloudlab.us,tencentBlock_10226,lruforgive,0.1,37,21,1,2,0.7327,0.72,42655509,36531.9168,2648904
node0.tardis-apia.ldos-ut-pg0.wisc.cloudlab.us,tencentBlock_10226,lruforgive,0.1,37,21,1,3,0.7327,0.73,42655509,36531.9168,2648904
node0.tardis-apia.ldos-ut-pg0.wisc.cloudlab.us,tencentBlock_10226,s3fifo,0.1,37,21,1,1,0.7686,1.44,42655509,36531.9168,2648904
node0.tardis-apia.ldos-ut-pg0.wisc.cloudlab.us,tencentBlock_10226,s3fifo,0.1,37,21,1,2,0.7686,1.42,42655509,36531.9168,2648904
node0.tardis-apia.ldos-ut-pg0.wisc.cloudlab.us,tencentBlock_10226,s3fifo,0.1,37,21,1,3,0.7686,1.44,42655509,36531.9168,2648904
node0.tardis-apia.ldos-ut-pg0.wisc.cloudlab.us,tencentBlock_10226,s3fifoforgive,0.1,37,21,1,1,0.7649,0.93,42655509,36531.9168,2648904
node0.tardis-apia.ldos-ut-pg0.wisc.cloudlab.us,tencentBlock_10226,s3fifoforgive,0.1,37,21,1,2,0.7649,0.92,42655509,36531.9168,2648904
node0.tardis-apia.ldos-ut-pg0.wisc.cloudlab.us,tencentBlock_10226,s3fifoforgive,0.1,37,21,1,3,0.7649,0.92,42655509,36531.9168,2648904
node0.tardis-apia.ldos-ut-pg0.wisc.cloudlab.us,tencentBlock_10348,lru,10,2157,27,1,1,0.3860,0.37,13519456,21571.3792,1033772
node0.tardis-apia.ldos-ut-pg0.wisc.cloudlab.us,tencentBlock_10348,lru,10,2157,27,1,2,0.3860,0.38,13519456,21571.3792,1033772
node0.tardis-apia.ldos-ut-pg0.wisc.cloudlab.us,tencentBlock_10348,lru,10,2157,27,1,3,0.3860,0.38,13519456,21571.3792,1033772
node0.tardis-apia.ldos-ut-pg0.wisc.cloudlab.us,tencentBlock_10348,lruforgive,10,2157,27,1,1,0.3696,0.27,13519456,21571.3792,1033772
node0.tardis-apia.ldos-ut-pg0.wisc.cloudlab.us,tencentBlock_10348,lruforgive,10,2157,27,1,2,0.3696,0.28,13519456,21571.3792,1033772
node0.tardis-apia.ldos-ut-pg0.wisc.cloudlab.us,tencentBlock_10348,lruforgive,10,2157,27,1,3,0.3696,0.28,13519456,21571.3792,1033772
node0.tardis-apia.ldos-ut-pg0.wisc.cloudlab.us,tencentBlock_10348,s3fifo,10,2157,27,1,1,0.3241,0.43,13519456,21571.3792,1033772
node0.tardis-apia.ldos-ut-pg0.wisc.cloudlab.us,tencentBlock_10348,s3fifo,10,2157,27,1,2,0.3241,0.43,13519456,21571.3792,1033772
node0.tardis-apia.ldos-ut-pg0.wisc.cloudlab.us,tencentBlock_10348,s3fifo,10,2157,27,1,3,0.3241,0.43,13519456,21571.3792,1033772
node0.tardis-apia.ldos-ut-pg0.wisc.cloudlab.us,tencentBlock_10348,s3fifoforgive,10,2157,27,1,1,0.3231,0.31,13519456,21571.3792,1033772
node0.tardis-apia.ldos-ut-pg0.wisc.cloudlab.us,tencentBlock_10348,s3fifoforgive,10,2157,27,1,2,0.3231,0.31,13519456,21571.3792,1033772
node0.tardis-apia.ldos-ut-pg0.wisc.cloudlab.us,tencentBlock_10348,s3fifoforgive,10,2157,27,1,3,0.3231,0.31,13519456,21571.3792,1033772
node0.tardis-apia.ldos-ut-pg0.wisc.cloudlab.us,tencentBlock_10348,lru,0.1,22,20,1,1,0.7277,1.23,13519456,21571.3792,1033772
node0.tardis-apia.ldos-ut-pg0.wisc.cloudlab.us,tencentBlock_10348,lru,0.1,22,20,1,2,0.7277,1.24,13519456,21571.3792,1033772
node0.tardis-apia.ldos-ut-pg0.wisc.cloudlab.us,tencentBlock_10348,lru,0.1,22,20,1,3,0.7277,1.23,13519456,21571.3792,1033772
node0.tardis-apia.ldos-ut-pg0.wisc.cloudlab.us,tencentBlock_10348,lruforgive,0.1,22,20,1,1,0.7113,0.67,13519456,21571.3792,1033772
node0.tardis-apia.ldos-ut-pg0.wisc.cloudlab.us,tencentBlock_10348,lruforgive,0.1,22,20,1,2,0.7113,0.69,13519456,21571.3792,1033772
node0.tardis-apia.ldos-ut-pg0.wisc.cloudlab.us,tencentBlock_10348,lruforgive,0.1,22,20,1,3,0.7113,0.69,13519456,21571.3792,1033772
node0.tardis-apia.ldos-ut-pg0.wisc.cloudlab.us,tencentBlock_10348,s3fifo,0.1,22,20,1,1,0.6995,1.31,13519456,21571.3792,1033772
node0.tardis-apia.ldos-ut-pg0.wisc.cloudlab.us,tencentBlock_10348,s3fifo,0.1,22,20,1,2,0.6995,1.31,13519456,21571.3792,1033772
node0.tardis-apia.ldos-ut-pg0.wisc.cloudlab.us,tencentBlock_10348,s3fifo,0.1,22,20,1,3,0.6995,1.30,13519456,21571.3792,1033772
node0.tardis-apia.ldos-ut-pg0.wisc.cloudlab.us,tencentBlock_10348,s3fifoforgive,0.1,22,20,1,1,0.6985,0.99,13519456,21571.3792,1033772
node0.tardis-apia.ldos-ut-pg0.wisc.cloudlab.us,tencentBlock_10348,s3fifoforgive,0.1,22,20,1,2,0.6985,0.99,13519456,21571.3792,1033772
node0.tardis-apia.ldos-ut-pg0.wisc.cloudlab.us,tencentBlock_10348,s3fifoforgive,0.1,22,20,1,3,0.6985,0.97,13519456,21571.3792,1033772
node0.tardis-apia.ldos-ut-pg0.wisc.cloudlab.us,tencentBlock_10476,lru,10,3229,27,1,1,0.3364,0.40,59164366,32288.256,2416965
node0.tardis-apia.ldos-ut-pg0.wisc.cloudlab.us,tencentBlock_10476,lru,10,3229,27,1,2,0.3364,0.41,59164366,32288.256,2416965
node0.tardis-apia.ldos-ut-pg0.wisc.cloudlab.us,tencentBlock_10476,lru,10,3229,27,1,3,0.3364,0.41,59164366,32288.256,2416965
node0.tardis-apia.ldos-ut-pg0.wisc.cloudlab.us,tencentBlock_10476,lruforgive,10,3229,27,1,1,0.3341,0.24,59164366,32288.256,2416965
node0.tardis-apia.ldos-ut-pg0.wisc.cloudlab.us,tencentBlock_10476,lruforgive,10,3229,27,1,2,0.3341,0.24,59164366,32288.256,2416965
node0.tardis-apia.ldos-ut-pg0.wisc.cloudlab.us,tencentBlock_10476,lruforgive,10,3229,27,1,3,0.3341,0.24,59164366,32288.256,2416965
node0.tardis-apia.ldos-ut-pg0.wisc.cloudlab.us,tencentBlock_10476,s3fifo,10,3229,27,1,1,0.3222,0.43,59164366,32288.256,2416965
node0.tardis-apia.ldos-ut-pg0.wisc.cloudlab.us,tencentBlock_10476,s3fifo,10,3229,27,1,2,0.3222,0.43,59164366,32288.256,2416965
node0.tardis-apia.ldos-ut-pg0.wisc.cloudlab.us,tencentBlock_10476,s3fifo,10,3229,27,1,3,0.3222,0.43,59164366,32288.256,2416965
node0.tardis-apia.ldos-ut-pg0.wisc.cloudlab.us,tencentBlock_10476,s3fifoforgive,10,3229,27,1,1,0.3219,0.26,59164366,32288.256,2416965
node0.tardis-apia.ldos-ut-pg0.wisc.cloudlab.us,tencentBlock_10476,s3fifoforgive,10,3229,27,1,2,0.3219,0.27,59164366,32288.256,2416965
node0.tardis-apia.ldos-ut-pg0.wisc.cloudlab.us,tencentBlock_10476,s3fifoforgive,10,3229,27,1,3,0.3219,0.26,59164366,32288.256,2416965
node0.tardis-apia.ldos-ut-pg0.wisc.cloudlab.us,tencentBlock_10476,lru,0.1,32,21,1,1,0.8382,1.83,59164366,32288.256,2416965
node0.tardis-apia.ldos-ut-pg0.wisc.cloudlab.us,tencentBlock_10476,lru,0.1,32,21,1,2,0.8382,1.82,59164366,32288.256,2416965
node0.tardis-apia.ldos-ut-pg0.wisc.cloudlab.us,tencentBlock_10476,lru,0.1,32,21,1,3,0.8382,1.84,59164366,32288.256,2416965
node0.tardis-apia.ldos-ut-pg0.wisc.cloudlab.us,tencentBlock_10476,lruforgive,0.1,32,21,1,1,0.8367,1.02,59164366,32288.256,2416965
node0.tardis-apia.ldos-ut-pg0.wisc.cloudlab.us,tencentBlock_10476,lruforgive,0.1,32,21,1,2,0.8367,1.04,59164366,32288.256,2416965
node0.tardis-apia.ldos-ut-pg0.wisc.cloudlab.us,tencentBlock_10476,lruforgive,0.1,32,21,1,3,0.8367,1.04,59164366,32288.256,2416965
node0.tardis-apia.ldos-ut-pg0.wisc.cloudlab.us,tencentBlock_10476,s3fifo,0.1,32,21,1,1,0.8623,1.89,59164366,32288.256,2416965
node0.tardis-apia.ldos-ut-pg0.wisc.cloudlab.us,tencentBlock_10476,s3fifo,0.1,32,21,1,2,0.8623,1.89,59164366,32288.256,2416965
node0.tardis-apia.ldos-ut-pg0.wisc.cloudlab.us,tencentBlock_10476,s3fifo,0.1,32,21,1,3,0.8623,1.91,59164366,32288.256,2416965
node0.tardis-apia.ldos-ut-pg0.wisc.cloudlab.us,tencentBlock_10476,s3fifoforgive,0.1,32,21,1,1,0.8598,1.30,59164366,32288.256,2416965
node0.tardis-apia.ldos-ut-pg0.wisc.cloudlab.us,tencentBlock_10476,s3fifoforgive,0.1,32,21,1,2,0.8598,1.29,59164366,32288.256,2416965
node0.tardis-apia.ldos-ut-pg0.wisc.cloudlab.us,tencentBlock_10476,s3fifoforgive,0.1,32,21,1,3,0.8598,1.29,59164366,32288.256,2416965
node0.tardis-apia.ldos-ut-pg0.wisc.cloudlab.us,tencentBlock_10512,lru,10,2968,27,1,1,0.3313,0.42,58001064,29681.5616,2261271
node0.tardis-apia.ldos-ut-pg0.wisc.cloudlab.us,tencentBlock_10512,lru,10,2968,27,1,2,0.3313,0.42,58001064,29681.5616,2261271
node0.tardis-apia.ldos-ut-pg0.wisc.cloudlab.us,tencentBlock_10512,lru,10,2968,27,1,3,0.3313,0.42,58001064,29681.5616,2261271
node0.tardis-apia.ldos-ut-pg0.wisc.cloudlab.us,tencentBlock_10512,lruforgive,10,2968,27,1,1,0.3289,0.24,58001064,29681.5616,2261271
node0.tardis-apia.ldos-ut-pg0.wisc.cloudlab.us,tencentBlock_10512,lruforgive,10,2968,27,1,2,0.3289,0.24,58001064,29681.5616,2261271
node0.tardis-apia.ldos-ut-pg0.wisc.cloudlab.us,tencentBlock_10512,lruforgive,10,2968,27,1,3,0.3289,0.25,58001064,29681.5616,2261271
node0.tardis-apia.ldos-ut-pg0.wisc.cloudlab.us,tencentBlock_10512,s3fifo,10,2968,27,1,1,0.3155,0.45,58001064,29681.5616,2261271
node0.tardis-apia.ldos-ut-pg0.wisc.cloudlab.us,tencentBlock_10512,s3fifo,10,2968,27,1,2,0.3155,0.44,58001064,29681.5616,2261271
node0.tardis-apia.ldos-ut-pg0.wisc.cloudlab.us,tencentBlock_10512,s3fifo,10,2968,27,1,3,0.3155,0.45,58001064,29681.5616,2261271
node0.tardis-apia.ldos-ut-pg0.wisc.cloudlab.us,tencentBlock_10512,s3fifoforgive,10,2968,27,1,1,0.3153,0.27,58001064,29681.5616,2261271
node0.tardis-apia.ldos-ut-pg0.wisc.cloudlab.us,tencentBlock_10512,s3fifoforgive,10,2968,27,1,2,0.3153,0.27,58001064,29681.5616,2261271
node0.tardis-apia.ldos-ut-pg0.wisc.cloudlab.us,tencentBlock_10512,s3fifoforgive,10,2968,27,1,3,0.3153,0.27,58001064,29681.5616,2261271
node0.tardis-apia.ldos-ut-pg0.wisc.cloudlab.us,tencentBlock_10512,lru,0.1,30,21,1,1,0.8536,2.05,58001064,29681.5616,2261271
node0.tardis-apia.ldos-ut-pg0.wisc.cloudlab.us,tencentBlock_10512,lru,0.1,30,21,1,2,0.8536,2.07,58001064,29681.5616,2261271
node0.tardis-apia.ldos-ut-pg0.wisc.cloudlab.us,tencentBlock_10512,lru,0.1,30,21,1,3,0.8536,2.07,58001064,29681.5616,2261271
node0.tardis-apia.ldos-ut-pg0.wisc.cloudlab.us,tencentBlock_10512,lruforgive,0.1,30,21,1,1,0.8508,1.17,58001064,29681.5616,2261271
node0.tardis-apia.ldos-ut-pg0.wisc.cloudlab.us,tencentBlock_10512,lruforgive,0.1,30,21,1,2,0.8508,1.19,58001064,29681.5616,2261271
node0.tardis-apia.ldos-ut-pg0.wisc.cloudlab.us,tencentBlock_10512,lruforgive,0.1,30,21,1,3,0.8508,1.20,58001064,29681.5616,2261271
node0.tardis-apia.ldos-ut-pg0.wisc.cloudlab.us,tencentBlock_10512,s3fifo,0.1,30,21,1,1,0.8724,2.10,58001064,29681.5616,2261271
node0.tardis-apia.ldos-ut-pg0.wisc.cloudlab.us,tencentBlock_10512,s3fifo,0.1,30,21,1,2,0.8724,2.10,58001064,29681.5616,2261271
node0.tardis-apia.ldos-ut-pg0.wisc.cloudlab.us,tencentBlock_10512,s3fifo,0.1,30,21,1,3,0.8724,2.08,58001064,29681.5616,2261271
node0.tardis-apia.ldos-ut-pg0.wisc.cloudlab.us,tencentBlock_10512,s3fifoforgive,0.1,30,21,1,1,0.8707,1.44,58001064,29681.5616,2261271
node0.tardis-apia.ldos-ut-pg0.wisc.cloudlab.us,tencentBlock_10512,s3fifoforgive,0.1,30,21,1,2,0.8707,1.44,58001064,29681.5616,2261271
node0.tardis-apia.ldos-ut-pg0.wisc.cloudlab.us,tencentBlock_10512,s3fifoforgive,0.1,30,21,1,3,0.8707,1.44,58001064,29681.5616,2261271
node0.tardis-apia.ldos-ut-pg0.wisc.cloudlab.us,tencentBlock_10533,lru,10,1115,26,1,1,0.1669,0.98,7639673,11150.4384,1134692
node0.tardis-apia.ldos-ut-pg0.wisc.cloudlab.us,tencentBlock_10533,lru,10,1115,26,1,2,0.1669,1.00,7639673,11150.4384,1134692
node0.tardis-apia.ldos-ut-pg0.wisc.cloudlab.us,tencentBlock_10533,lru,10,1115,26,1,3,0.1669,0.99,7639673,11150.4384,1134692
node0.tardis-apia.ldos-ut-pg0.wisc.cloudlab.us,tencentBlock_10533,lruforgive,10,1115,26,1,1,0.1666,0.50,7639673,11150.4384,1134692
node0.tardis-apia.ldos-ut-pg0.wisc.cloudlab.us,tencentBlock_10533,lruforgive,10,1115,26,1,2,0.1666,0.49,7639673,11150.4384,1134692
node0.tardis-apia.ldos-ut-pg0.wisc.cloudlab.us,tencentBlock_10533,lruforgive,10,1115,26,1,3,0.1666,0.49,7639673,11150.4384,1134692
node0.tardis-apia.ldos-ut-pg0.wisc.cloudlab.us,tencentBlock_10533,s3fifo,10,1115,26,1,1,0.1647,1.12,7639673,11150.4384,1134692
node0.tardis-apia.ldos-ut-pg0.wisc.cloudlab.us,tencentBlock_10533,s3fifo,10,1115,26,1,2,0.1647,1.12,7639673,11150.4384,1134692
node0.tardis-apia.ldos-ut-pg0.wisc.cloudlab.us,tencentBlock_10533,s3fifo,10,1115,26,1,3,0.1647,1.13,7639673,11150.4384,1134692
node0.tardis-apia.ldos-ut-pg0.wisc.cloudlab.us,tencentBlock_10533,s3fifoforgive,10,1115,26,1,1,0.1647,0.54,7639673,11150.4384,1134692
node0.tardis-apia.ldos-ut-pg0.wisc.cloudlab.us,tencentBlock_10533,s3fifoforgive,10,1115,26,1,2,0.1647,0.54,7639673,11150.4384,1134692
node0.tardis-apia.ldos-ut-pg0.wisc.cloudlab.us,tencentBlock_10533,s3fifoforgive,10,1115,26,1,3,0.1647,0.54,7639673,11150.4384,1134692
node0.tardis-apia.ldos-ut-pg0.wisc.cloudlab.us,tencentBlock_10533,lru,0.1,11,19,1,1,0.7769,4.71,7639673,11150.4384,1134692
node0.tardis-apia.ldos-ut-pg0.wisc.cloudlab.us,tencentBlock_10533,lru,0.1,11,19,1,2,0.7769,4.63,7639673,11150.4384,1134692
node0.tardis-apia.ldos-ut-pg0.wisc.cloudlab.us,tencentBlock_10533,lru,0.1,11,19,1,3,0.7769,4.84,7639673,11150.4384,1134692
node0.tardis-apia.ldos-ut-pg0.wisc.cloudlab.us,tencentBlock_10533,lruforgive,0.1,11,19,1,1,0.7741,2.93,7639673,11150.4384,1134692
node0.tardis-apia.ldos-ut-pg0.wisc.cloudlab.us,tencentBlock_10533,lruforgive,0.1,11,19,1,2,0.7741,3.03,7639673,11150.4384,1134692
node0.tardis-apia.ldos-ut-pg0.wisc.cloudlab.us,tencentBlock_10533,lruforgive,0.1,11,19,1,3,0.7741,2.99,7639673,11150.4384,1134692
node0.tardis-apia.ldos-ut-pg0.wisc.cloudlab.us,tencentBlock_10533,s3fifo,0.1,11,19,1,1,0.7752,5.23,7639673,11150.4384,1134692
node0.tardis-apia.ldos-ut-pg0.wisc.cloudlab.us,tencentBlock_10533,s3fifo,0.1,11,19,1,2,0.7752,5.67,7639673,11150.4384,1134692
node0.tardis-apia.ldos-ut-pg0.wisc.cloudlab.us,tencentBlock_10533,s3fifo,0.1,11,19,1,3,0.7752,5.80,7639673,11150.4384,1134692
node0.tardis-apia.ldos-ut-pg0.wisc.cloudlab.us,tencentBlock_10533,s3fifoforgive,0.1,11,19,1,1,0.7752,3.22,7639673,11150.4384,1134692
node0.tardis-apia.ldos-ut-pg0.wisc.cloudlab.us,tencentBlock_10533,s3fifoforgive,0.1,11,19,1,2,0.7752,3.24,7639673,11150.4384,1134692
node0.tardis-apia.ldos-ut-pg0.wisc.cloudlab.us,tencentBlock_10533,s3fifoforgive,0.1,11,19,1,3,0.7752,3.27,7639673,11150.4384,1134692
node0.tardis-apia.ldos-ut-pg0.wisc.cloudlab.us,tencentBlock_10564,lru,10,3239,27,1,1,0.2965,0.51,52757246,32393.8304,2857101
node0.tardis-apia.ldos-ut-pg0.wisc.cloudlab.us,tencentBlock_10564,lru,10,3239,27,1,2,0.2965,0.51,52757246,32393.8304,2857101
node0.tardis-apia.ldos-ut-pg0.wisc.cloudlab.us,tencentBlock_10564,lru,10,3239,27,1,3,0.2965,0.52,52757246,32393.8304,2857101
node0.tardis-apia.ldos-ut-pg0.wisc.cloudlab.us,tencentBlock_10564,lruforgive,10,3239,27,1,1,0.2949,0.27,52757246,32393.8304,2857101
node0.tardis-apia.ldos-ut-pg0.wisc.cloudlab.us,tencentBlock_10564,lruforgive,10,3239,27,1,2,0.2949,0.26,52757246,32393.8304,2857101
node0.tardis-apia.ldos-ut-pg0.wisc.cloudlab.us,tencentBlock_10564,lruforgive,10,3239,27,1,3,0.2949,0.26,52757246,32393.8304,2857101
node0.tardis-apia.ldos-ut-pg0.wisc.cloudlab.us,tencentBlock_10564,s3fifo,10,3239,27,1,1,0.2856,0.50,52757246,32393.8304,2857101
node0.tardis-apia.ldos-ut-pg0.wisc.cloudlab.us,tencentBlock_10564,s3fifo,10,3239,27,1,2,0.2856,0.50,52757246,32393.8304,2857101
node0.tardis-apia.ldos-ut-pg0.wisc.cloudlab.us,tencentBlock_10564,s3fifo,10,3239,27,1,3,0.2856,0.51,52757246,32393.8304,2857101
node0.tardis-apia.ldos-ut-pg0.wisc.cloudlab.us,tencentBlock_10564,s3fifoforgive,10,3239,27,1,1,0.2854,0.28,52757246,32393.8304,2857101
node0.tardis-apia.ldos-ut-pg0.wisc.cloudlab.us,tencentBlock_10564,s3fifoforgive,10,3239,27,1,2,0.2854,0.28,52757246,32393.8304,2857101
node0.tardis-apia.ldos-ut-pg0.wisc.cloudlab.us,tencentBlock_10564,s3fifoforgive,10,3239,27,1,3,0.2854,0.28,52757246,32393.8304,2857101
node0.tardis-apia.ldos-ut-pg0.wisc.cloudlab.us,tencentBlock_10564,lru,0.1,32,21,1,1,0.8280,1.13,52757246,32393.8304,2857101
node0.tardis-apia.ldos-ut-pg0.wisc.cloudlab.us,tencentBlock_10564,lru,0.1,32,21,1,2,0.8280,1.13,52757246,32393.8304,2857101
node0.tardis-apia.ldos-ut-pg0.wisc.cloudlab.us,tencentBlock_10564,lru,0.1,32,21,1,3,0.8280,1.13,52757246,32393.8304,2857101
node0.tardis-apia.ldos-ut-pg0.wisc.cloudlab.us,tencentBlock_10564,lruforgive,0.1,32,21,1,1,0.8189,0.70,52757246,32393.8304,2857101
node0.tardis-apia.ldos-ut-pg0.wisc.cloudlab.us,tencentBlock_10564,lruforgive,0.1,32,21,1,2,0.8189,0.69,52757246,32393.8304,2857101
node0.tardis-apia.ldos-ut-pg0.wisc.cloudlab.us,tencentBlock_10564,lruforgive,0.1,32,21,1,3,0.8189,0.68,52757246,32393.8304,2857101
node0.tardis-apia.ldos-ut-pg0.wisc.cloudlab.us,tencentBlock_10564,s3fifo,0.1,32,21,1,1,0.8445,1.26,52757246,32393.8304,2857101
node0.tardis-apia.ldos-ut-pg0.wisc.cloudlab.us,tencentBlock_10564,s3fifo,0.1,32,21,1,2,0.8445,1.27,52757246,32393.8304,2857101
node0.tardis-apia.ldos-ut-pg0.wisc.cloudlab.us,tencentBlock_10564,s3fifo,0.1,32,21,1,3,0.8445,1.27,52757246,32393.8304,2857101
node0.tardis-apia.ldos-ut-pg0.wisc.cloudlab.us,tencentBlock_10564,s3fifoforgive,0.1,32,21,1,1,0.8395,0.88,52757246,32393.8304,2857101
node0.tardis-apia.ldos-ut-pg0.wisc.cloudlab.us,tencentBlock_10564,s3fifoforgive,0.1,32,21,1,2,0.8395,0.88,52757246,32393.8304,2857101
node0.tardis-apia.ldos-ut-pg0.wisc.cloudlab.us,tencentBlock_10564,s3fifoforgive,0.1,32,21,1,3,0.8395,0.88,52757246,32393.8304,2857101
node0.tardis-apia.ldos-ut-pg0.wisc.cloudlab.us,tencentBlock_1063,lru,10,4833,27,1,1,0.2392,0.29,360960511,48330.24,1157471
node0.tardis-apia.ldos-ut-pg0.wisc.cloudlab.us,tencentBlock_1063,lru,10,4833,27,1,2,0.2392,0.29,360960511,48330.24,1157471
node0.tardis-apia.ldos-ut-pg0.wisc.cloudlab.us,tencentBlock_1063,lru,10,4833,27,1,3,0.2392,0.29,360960511,48330.24,1157471
node0.tardis-apia.ldos-ut-pg0.wisc.cloudlab.us,tencentBlock_1063,lruforgive,10,4833,27,1,1,NA,NA,NA,48330.24,1157471
node0.tardis-apia.ldos-ut-pg0.wisc.cloudlab.us,tencentBlock_1063,lruforgive,10,4833,27,1,2,NA,NA,NA,48330.24,1157471
node0.tardis-apia.ldos-ut-pg0.wisc.cloudlab.us,tencentBlock_1063,lruforgive,10,4833,27,1,3,NA,NA,NA,48330.24,1157471
node0.tardis-apia.ldos-ut-pg0.wisc.cloudlab.us,tencentBlock_1063,s3fifo,10,4833,27,1,1,0.2391,0.31,360960511,48330.24,1157471
node0.tardis-apia.ldos-ut-pg0.wisc.cloudlab.us,tencentBlock_1063,s3fifo,10,4833,27,1,2,0.2391,0.31,360960511,48330.24,1157471
node0.tardis-apia.ldos-ut-pg0.wisc.cloudlab.us,tencentBlock_1063,s3fifo,10,4833,27,1,3,0.2391,0.32,360960511,48330.24,1157471
node0.tardis-apia.ldos-ut-pg0.wisc.cloudlab.us,tencentBlock_1063,s3fifoforgive,10,4833,27,1,1,0.2388,0.20,360960511,48330.24,1157471
node0.tardis-apia.ldos-ut-pg0.wisc.cloudlab.us,tencentBlock_1063,s3fifoforgive,10,4833,27,1,2,0.2388,0.20,360960511,48330.24,1157471
node0.tardis-apia.ldos-ut-pg0.wisc.cloudlab.us,tencentBlock_1063,s3fifoforgive,10,4833,27,1,3,0.2388,0.20,360960511,48330.24,1157471
node0.tardis-apia.ldos-ut-pg0.wisc.cloudlab.us,tencentBlock_1063,lru,0.1,48,22,1,1,0.9005,0.38,360960511,48330.24,1157471
node0.tardis-apia.ldos-ut-pg0.wisc.cloudlab.us,tencentBlock_1063,lru,0.1,48,22,1,2,0.9005,0.39,360960511,48330.24,1157471
node0.tardis-apia.ldos-ut-pg0.wisc.cloudlab.us,tencentBlock_1063,lru,0.1,48,22,1,3,0.9005,0.39,360960511,48330.24,1157471
node0.tardis-apia.ldos-ut-pg0.wisc.cloudlab.us,tencentBlock_1063,lruforgive,0.1,48,22,1,1,NA,NA,NA,48330.24,1157471
node0.tardis-apia.ldos-ut-pg0.wisc.cloudlab.us,tencentBlock_1063,lruforgive,0.1,48,22,1,2,NA,NA,NA,48330.24,1157471
node0.tardis-apia.ldos-ut-pg0.wisc.cloudlab.us,tencentBlock_1063,lruforgive,0.1,48,22,1,3,NA,NA,NA,48330.24,1157471
node0.tardis-apia.ldos-ut-pg0.wisc.cloudlab.us,tencentBlock_1063,s3fifo,0.1,48,22,1,1,0.8262,0.46,360960511,48330.24,1157471
node0.tardis-apia.ldos-ut-pg0.wisc.cloudlab.us,tencentBlock_1063,s3fifo,0.1,48,22,1,2,0.8262,0.46,360960511,48330.24,1157471
node0.tardis-apia.ldos-ut-pg0.wisc.cloudlab.us,tencentBlock_1063,s3fifo,0.1,48,22,1,3,0.8262,0.46,360960511,48330.24,1157471
node0.tardis-apia.ldos-ut-pg0.wisc.cloudlab.us,tencentBlock_1063,s3fifoforgive,0.1,48,22,1,1,0.8276,0.38,360960511,48330.24,1157471
node0.tardis-apia.ldos-ut-pg0.wisc.cloudlab.us,tencentBlock_1063,s3fifoforgive,0.1,48,22,1,2,0.8276,0.37,360960511,48330.24,1157471
node0.tardis-apia.ldos-ut-pg0.wisc.cloudlab.us,tencentBlock_1063,s3fifoforgive,0.1,48,22,1,3,0.8276,0.38,360960511,48330.24,1157471
node0.tardis-apia.ldos-ut-pg0.wisc.cloudlab.us,tencentBlock_10635,lru,10,1628,27,1,1,0.2007,0.73,10741905,16281.7024,1489882
node0.tardis-apia.ldos-ut-pg0.wisc.cloudlab.us,tencentBlock_10635,lru,10,1628,27,1,2,0.2007,0.73,10741905,16281.7024,1489882
node0.tardis-apia.ldos-ut-pg0.wisc.cloudlab.us,tencentBlock_10635,lru,10,1628,27,1,3,0.2007,0.73,10741905,16281.7024,1489882
node0.tardis-apia.ldos-ut-pg0.wisc.cloudlab.us,tencentBlock_10635,lruforgive,10,1628,27,1,1,0.2003,0.40,10741905,16281.7024,1489882
node0.tardis-apia.ldos-ut-pg0.wisc.cloudlab.us,tencentBlock_10635,lruforgive,10,1628,27,1,2,0.2003,0.40,10741905,16281.7024,1489882
node0.tardis-apia.ldos-ut-pg0.wisc.cloudlab.us,tencentBlock_10635,lruforgive,10,1628,27,1,3,0.2002,0.39,10741905,16281.7024,1489882
node0.tardis-apia.ldos-ut-pg0.wisc.cloudlab.us,tencentBlock_10635,s3fifo,10,1628,27,1,1,0.2134,0.79,10741905,16281.7024,1489882
node0.tardis-apia.ldos-ut-pg0.wisc.cloudlab.us,tencentBlock_10635,s3fifo,10,1628,27,1,2,0.2134,0.79,10741905,16281.7024,1489882
node0.tardis-apia.ldos-ut-pg0.wisc.cloudlab.us,tencentBlock_10635,s3fifo,10,1628,27,1,3,0.2134,0.79,10741905,16281.7024,1489882
node0.tardis-apia.ldos-ut-pg0.wisc.cloudlab.us,tencentBlock_10635,s3fifoforgive,10,1628,27,1,1,0.2134,0.45,10741905,16281.7024,1489882
node0.tardis-apia.ldos-ut-pg0.wisc.cloudlab.us,tencentBlock_10635,s3fifoforgive,10,1628,27,1,2,0.2134,0.45,10741905,16281.7024,1489882
node0.tardis-apia.ldos-ut-pg0.wisc.cloudlab.us,tencentBlock_10635,s3fifoforgive,10,1628,27,1,3,0.2134,0.45,10741905,16281.7024,1489882
node0.tardis-apia.ldos-ut-pg0.wisc.cloudlab.us,tencentBlock_10635,lru,0.1,16,20,1,1,0.5509,1.96,10741905,16281.7024,1489882
node0.tardis-apia.ldos-ut-pg0.wisc.cloudlab.us,tencentBlock_10635,lru,0.1,16,20,1,2,0.5509,1.96,10741905,16281.7024,1489882
node0.tardis-apia.ldos-ut-pg0.wisc.cloudlab.us,tencentBlock_10635,lru,0.1,16,20,1,3,0.5509,2.00,10741905,16281.7024,1489882
node0.tardis-apia.ldos-ut-pg0.wisc.cloudlab.us,tencentBlock_10635,lruforgive,0.1,16,20,1,1,0.4768,0.59,10741905,16281.7024,1489882
node0.tardis-apia.ldos-ut-pg0.wisc.cloudlab.us,tencentBlock_10635,lruforgive,0.1,16,20,1,2,0.4768,0.59,10741905,16281.7024,1489882
node0.tardis-apia.ldos-ut-pg0.wisc.cloudlab.us,tencentBlock_10635,lruforgive,0.1,16,20,1,3,0.4768,0.59,10741905,16281.7024,1489882
node0.tardis-apia.ldos-ut-pg0.wisc.cloudlab.us,tencentBlock_10635,s3fifo,0.1,16,20,1,1,0.4748,2.08,10741905,16281.7024,1489882
node0.tardis-apia.ldos-ut-pg0.wisc.cloudlab.us,tencentBlock_10635,s3fifo,0.1,16,20,1,2,0.4748,2.04,10741905,16281.7024,1489882
node0.tardis-apia.ldos-ut-pg0.wisc.cloudlab.us,tencentBlock_10635,s3fifo,0.1,16,20,1,3,0.4748,2.07,10741905,16281.7024,1489882
node0.tardis-apia.ldos-ut-pg0.wisc.cloudlab.us,tencentBlock_10635,s3fifoforgive,0.1,16,20,1,1,0.4704,1.01,10741905,16281.7024,1489882
node0.tardis-apia.ldos-ut-pg0.wisc.cloudlab.us,tencentBlock_10635,s3fifoforgive,0.1,16,20,1,2,0.4704,1.01,10741905,16281.7024,1489882
node0.tardis-apia.ldos-ut-pg0.wisc.cloudlab.us,tencentBlock_10635,s3fifoforgive,0.1,16,20,1,3,0.4704,1.00,10741905,16281.7024,1489882
node0.tardis-apia.ldos-ut-pg0.wisc.cloudlab.us,tencentBlock_1069,lru,10,1777,27,1,1,0.3225,0.92,27690691,17773.7728,2281892
node0.tardis-apia.ldos-ut-pg0.wisc.cloudlab.us,tencentBlock_1069,lru,10,1777,27,1,2,0.3225,0.92,27690691,17773.7728,2281892
node0.tardis-apia.ldos-ut-pg0.wisc.cloudlab.us,tencentBlock_1069,lru,10,1777,27,1,3,0.3225,0.92,27690691,17773.7728,2281892
node0.tardis-apia.ldos-ut-pg0.wisc.cloudlab.us,tencentBlock_1069,lruforgive,10,1777,27,1,1,0.3226,0.45,27690691,17773.7728,2281892
node0.tardis-apia.ldos-ut-pg0.wisc.cloudlab.us,tencentBlock_1069,lruforgive,10,1777,27,1,2,0.3226,0.45,27690691,17773.7728,2281892
node0.tardis-apia.ldos-ut-pg0.wisc.cloudlab.us,tencentBlock_1069,lruforgive,10,1777,27,1,3,0.3226,0.45,27690691,17773.7728,2281892
node0.tardis-apia.ldos-ut-pg0.wisc.cloudlab.us,tencentBlock_1069,s3fifo,10,1777,27,1,1,0.3233,0.84,27690691,17773.7728,2281892
node0.tardis-apia.ldos-ut-pg0.wisc.cloudlab.us,tencentBlock_1069,s3fifo,10,1777,27,1,2,0.3233,0.84,27690691,17773.7728,2281892
node0.tardis-apia.ldos-ut-pg0.wisc.cloudlab.us,tencentBlock_1069,s3fifo,10,1777,27,1,3,0.3233,0.84,27690691,17773.7728,2281892
node0.tardis-apia.ldos-ut-pg0.wisc.cloudlab.us,tencentBlock_1069,s3fifoforgive,10,1777,27,1,1,0.3233,0.48,27690691,17773.7728,2281892
node0.tardis-apia.ldos-ut-pg0.wisc.cloudlab.us,tencentBlock_1069,s3fifoforgive,10,1777,27,1,2,0.3233,0.48,27690691,17773.7728,2281892
node0.tardis-apia.ldos-ut-pg0.wisc.cloudlab.us,tencentBlock_1069,s3fifoforgive,10,1777,27,1,3,0.3233,0.48,27690691,17773.7728,2281892
node0.tardis-apia.ldos-ut-pg0.wisc.cloudlab.us,tencentBlock_1069,lru,0.1,18,20,1,1,0.3365,2.21,27690691,17773.7728,2281892
node0.tardis-apia.ldos-ut-pg0.wisc.cloudlab.us,tencentBlock_1069,lru,0.1,18,20,1,2,0.3365,2.19,27690691,17773.7728,2281892
node0.tardis-apia.ldos-ut-pg0.wisc.cloudlab.us,tencentBlock_1069,lru,0.1,18,20,1,3,0.3365,2.20,27690691,17773.7728,2281892
node0.tardis-apia.ldos-ut-pg0.wisc.cloudlab.us,tencentBlock_1069,lruforgive,0.1,18,20,1,1,0.3366,0.74,27690691,17773.7728,2281892
node0.tardis-apia.ldos-ut-pg0.wisc.cloudlab.us,tencentBlock_1069,lruforgive,0.1,18,20,1,2,0.3366,0.73,27690691,17773.7728,2281892
node0.tardis-apia.ldos-ut-pg0.wisc.cloudlab.us,tencentBlock_1069,lruforgive,0.1,18,20,1,3,0.3366,0.73,27690691,17773.7728,2281892
node0.tardis-apia.ldos-ut-pg0.wisc.cloudlab.us,tencentBlock_1069,s3fifo,0.1,18,20,1,1,0.3365,2.18,27690691,17773.7728,2281892
node0.tardis-apia.ldos-ut-pg0.wisc.cloudlab.us,tencentBlock_1069,s3fifo,0.1,18,20,1,2,0.3365,2.17,27690691,17773.7728,2281892
node0.tardis-apia.ldos-ut-pg0.wisc.cloudlab.us,tencentBlock_1069,s3fifo,0.1,18,20,1,3,0.3365,2.18,27690691,17773.7728,2281892
node0.tardis-apia.ldos-ut-pg0.wisc.cloudlab.us,tencentBlock_1069,s3fifoforgive,0.1,18,20,1,1,0.3365,0.84,27690691,17773.7728,2281892
node0.tardis-apia.ldos-ut-pg0.wisc.cloudlab.us,tencentBlock_1069,s3fifoforgive,0.1,18,20,1,2,0.3365,0.82,27690691,17773.7728,2281892
node0.tardis-apia.ldos-ut-pg0.wisc.cloudlab.us,tencentBlock_1069,s3fifoforgive,0.1,18,20,1,3,0.3365,0.84,27690691,17773.7728,2281892
node0.tardis-apia.ldos-ut-pg0.wisc.cloudlab.us,tencentBlock_10799,lru,10,1618,27,1,1,0.1936,0.74,10757273,16179.5072,1493490
node0.tardis-apia.ldos-ut-pg0.wisc.cloudlab.us,tencentBlock_10799,lru,10,1618,27,1,2,0.1936,0.70,10757273,16179.5072,1493490
node0.tardis-apia.ldos-ut-pg0.wisc.cloudlab.us,tencentBlock_10799,lru,10,1618,27,1,3,0.1936,0.70,10757273,16179.5072,1493490
node0.tardis-apia.ldos-ut-pg0.wisc.cloudlab.us,tencentBlock_10799,lruforgive,10,1618,27,1,1,0.1932,0.37,10757273,16179.5072,1493490
node0.tardis-apia.ldos-ut-pg0.wisc.cloudlab.us,tencentBlock_10799,lruforgive,10,1618,27,1,2,0.1932,0.37,10757273,16179.5072,1493490
node0.tardis-apia.ldos-ut-pg0.wisc.cloudlab.us,tencentBlock_10799,lruforgive,10,1618,27,1,3,0.1932,0.36,10757273,16179.5072,1493490
node0.tardis-apia.ldos-ut-pg0.wisc.cloudlab.us,tencentBlock_10799,s3fifo,10,1618,27,1,1,0.2084,0.75,10757273,16179.5072,1493490
node0.tardis-apia.ldos-ut-pg0.wisc.cloudlab.us,tencentBlock_10799,s3fifo,10,1618,27,1,2,0.2084,0.76,10757273,16179.5072,1493490
node0.tardis-apia.ldos-ut-pg0.wisc.cloudlab.us,tencentBlock_10799,s3fifo,10,1618,27,1,3,0.2084,0.75,10757273,16179.5072,1493490
node0.tardis-apia.ldos-ut-pg0.wisc.cloudlab.us,tencentBlock_10799,s3fifoforgive,10,1618,27,1,1,0.2083,0.42,10757273,16179.5072,1493490
node0.tardis-apia.ldos-ut-pg0.wisc.cloudlab.us,tencentBlock_10799,s3fifoforgive,10,1618,27,1,2,0.2084,0.40,10757273,16179.5072,1493490
node0.tardis-apia.ldos-ut-pg0.wisc.cloudlab.us,tencentBlock_10799,s3fifoforgive,10,1618,27,1,3,0.2084,0.41,10757273,16179.5072,1493490
node0.tardis-apia.ldos-ut-pg0.wisc.cloudlab.us,tencentBlock_10799,lru,0.1,16,20,1,1,0.8475,4.28,10757273,16179.5072,1493490
node0.tardis-apia.ldos-ut-pg0.wisc.cloudlab.us,tencentBlock_10799,lru,0.1,16,20,1,2,0.8475,4.18,10757273,16179.5072,1493490
node0.tardis-apia.ldos-ut-pg0.wisc.cloudlab.us,tencentBlock_10799,lru,0.1,16,20,1,3,0.8475,4.31,10757273,16179.5072,1493490
node0.tardis-apia.ldos-ut-pg0.wisc.cloudlab.us,tencentBlock_10799,lruforgive,0.1,16,20,1,1,0.8363,2.75,10757273,16179.5072,1493490
node0.tardis-apia.ldos-ut-pg0.wisc.cloudlab.us,tencentBlock_10799,lruforgive,0.1,16,20,1,2,0.8363,2.69,10757273,16179.5072,1493490
node0.tardis-apia.ldos-ut-pg0.wisc.cloudlab.us,tencentBlock_10799,lruforgive,0.1,16,20,1,3,0.8363,2.73,10757273,16179.5072,1493490
node0.tardis-apia.ldos-ut-pg0.wisc.cloudlab.us,tencentBlock_10799,s3fifo,0.1,16,20,1,1,0.8541,4.80,10757273,16179.5072,1493490
node0.tardis-apia.ldos-ut-pg0.wisc.cloudlab.us,tencentBlock_10799,s3fifo,0.1,16,20,1,2,0.8541,4.77,10757273,16179.5072,1493490
node0.tardis-apia.ldos-ut-pg0.wisc.cloudlab.us,tencentBlock_10799,s3fifo,0.1,16,20,1,3,0.8541,4.80,10757273,16179.5072,1493490
node0.tardis-apia.ldos-ut-pg0.wisc.cloudlab.us,tencentBlock_10799,s3fifoforgive,0.1,16,20,1,1,0.8537,3.46,10757273,16179.5072,1493490
node0.tardis-apia.ldos-ut-pg0.wisc.cloudlab.us,tencentBlock_10799,s3fifoforgive,0.1,16,20,1,2,0.8537,3.43,10757273,16179.5072,1493490
node0.tardis-apia.ldos-ut-pg0.wisc.cloudlab.us,tencentBlock_10799,s3fifoforgive,0.1,16,20,1,3,0.8537,3.44,10757273,16179.5072,1493490
node0.tardis-apia.ldos-ut-pg0.wisc.cloudlab.us,tencentBlock_10836,lru,10,24626,27,1,1,0.9437,0.03,1705306,246262.9888,1353250
node0.tardis-apia.ldos-ut-pg0.wisc.cloudlab.us,tencentBlock_10836,lru,10,24626,27,1,2,0.9437,0.03,1705306,246262.9888,1353250
node0.tardis-apia.ldos-ut-pg0.wisc.cloudlab.us,tencentBlock_10836,lru,10,24626,27,1,3,0.9437,0.03,1705306,246262.9888,1353250
node0.tardis-apia.ldos-ut-pg0.wisc.cloudlab.us,tencentBlock_10836,lruforgive,10,24626,27,1,1,0.9437,0.04,1705306,246262.9888,1353250
node0.tardis-apia.ldos-ut-pg0.wisc.cloudlab.us,tencentBlock_10836,lruforgive,10,24626,27,1,2,0.9437,0.04,1705306,246262.9888,1353250
node0.tardis-apia.ldos-ut-pg0.wisc.cloudlab.us,tencentBlock_10836,lruforgive,10,24626,27,1,3,0.9437,0.04,1705306,246262.9888,1353250
node0.tardis-apia.ldos-ut-pg0.wisc.cloudlab.us,tencentBlock_10836,s3fifo,10,24626,27,1,1,0.9199,0.03,1705306,246262.9888,1353250
node0.tardis-apia.ldos-ut-pg0.wisc.cloudlab.us,tencentBlock_10836,s3fifo,10,24626,27,1,2,0.9199,0.03,1705306,246262.9888,1353250
node0.tardis-apia.ldos-ut-pg0.wisc.cloudlab.us,tencentBlock_10836,s3fifo,10,24626,27,1,3,0.9199,0.03,1705306,246262.9888,1353250
node0.tardis-apia.ldos-ut-pg0.wisc.cloudlab.us,tencentBlock_10836,s3fifoforgive,10,24626,27,1,1,0.9199,0.04,1705306,246262.9888,1353250
node0.tardis-apia.ldos-ut-pg0.wisc.cloudlab.us,tencentBlock_10836,s3fifoforgive,10,24626,27,1,2,0.9199,0.04,1705306,246262.9888,1353250
node0.tardis-apia.ldos-ut-pg0.wisc.cloudlab.us,tencentBlock_10836,s3fifoforgive,10,24626,27,1,3,0.9199,0.04,1705306,246262.9888,1353250
node0.tardis-apia.ldos-ut-pg0.wisc.cloudlab.us,tencentBlock_10836,lru,0.1,246,24,1,1,0.9534,0.07,1705306,246262.9888,1353250
node0.tardis-apia.ldos-ut-pg0.wisc.cloudlab.us,tencentBlock_10836,lru,0.1,246,24,1,2,0.9534,0.07,1705306,246262.9888,1353250
node0.tardis-apia.ldos-ut-pg0.wisc.cloudlab.us,tencentBlock_10836,lru,0.1,246,24,1,3,0.9534,0.07,1705306,246262.9888,1353250
node0.tardis-apia.ldos-ut-pg0.wisc.cloudlab.us,tencentBlock_10836,lruforgive,0.1,246,24,1,1,0.9530,0.07,1705306,246262.9888,1353250
node0.tardis-apia.ldos-ut-pg0.wisc.cloudlab.us,tencentBlock_10836,lruforgive,0.1,246,24,1,2,0.9530,0.07,1705306,246262.9888,1353250
node0.tardis-apia.ldos-ut-pg0.wisc.cloudlab.us,tencentBlock_10836,lruforgive,0.1,246,24,1,3,0.9531,0.07,1705306,246262.9888,1353250
node0.tardis-apia.ldos-ut-pg0.wisc.cloudlab.us,tencentBlock_10836,s3fifo,0.1,246,24,1,1,0.9517,0.08,1705306,246262.9888,1353250
node0.tardis-apia.ldos-ut-pg0.wisc.cloudlab.us,tencentBlock_10836,s3fifo,0.1,246,24,1,2,0.9517,0.08,1705306,246262.9888,1353250
node0.tardis-apia.ldos-ut-pg0.wisc.cloudlab.us,tencentBlock_10836,s3fifo,0.1,246,24,1,3,0.9517,0.08,1705306,246262.9888,1353250
node0.tardis-apia.ldos-ut-pg0.wisc.cloudlab.us,tencentBlock_10836,s3fifoforgive,0.1,246,24,1,1,0.9517,0.08,1705306,246262.9888,1353250
node0.tardis-apia.ldos-ut-pg0.wisc.cloudlab.us,tencentBlock_10836,s3fifoforgive,0.1,246,24,1,2,0.9517,0.08,1705306,246262.9888,1353250
node0.tardis-apia.ldos-ut-pg0.wisc.cloudlab.us,tencentBlock_10836,s3fifoforgive,0.1,246,24,1,3,0.9517,0.08,1705306,246262.9888,1353250
node0.tardis-apia.ldos-ut-pg0.wisc.cloudlab.us,tencentBlock_10935,lru,10,9117,27,1,1,0.2109,0.16,6299849,91171.328,1088877
node0.tardis-apia.ldos-ut-pg0.wisc.cloudlab.us,tencentBlock_10935,lru,10,9117,27,1,2,0.2109,0.16,6299849,91171.328,1088877
node0.tardis-apia.ldos-ut-pg0.wisc.cloudlab.us,tencentBlock_10935,lru,10,9117,27,1,3,0.2109,0.16,6299849,91171.328,1088877
node0.tardis-apia.ldos-ut-pg0.wisc.cloudlab.us,tencentBlock_10935,lruforgive,10,9117,27,1,1,0.2102,0.15,6299849,91171.328,1088877
node0.tardis-apia.ldos-ut-pg0.wisc.cloudlab.us,tencentBlock_10935,lruforgive,10,9117,27,1,2,0.2102,0.15,6299849,91171.328,1088877
node0.tardis-apia.ldos-ut-pg0.wisc.cloudlab.us,tencentBlock_10935,lruforgive,10,9117,27,1,3,0.2102,0.15,6299849,91171.328,1088877
node0.tardis-apia.ldos-ut-pg0.wisc.cloudlab.us,tencentBlock_10935,s3fifo,10,9117,27,1,1,0.2005,0.17,6299849,91171.328,1088877
node0.tardis-apia.ldos-ut-pg0.wisc.cloudlab.us,tencentBlock_10935,s3fifo,10,9117,27,1,2,0.2005,0.17,6299849,91171.328,1088877
node0.tardis-apia.ldos-ut-pg0.wisc.cloudlab.us,tencentBlock_10935,s3fifo,10,9117,27,1,3,0.2005,0.17,6299849,91171.328,1088877
node0.tardis-apia.ldos-ut-pg0.wisc.cloudlab.us,tencentBlock_10935,s3fifoforgive,10,9117,27,1,1,0.2005,0.16,6299849,91171.328,1088877
node0.tardis-apia.ldos-ut-pg0.wisc.cloudlab.us,tencentBlock_10935,s3fifoforgive,10,9117,27,1,2,0.2005,0.15,6299849,91171.328,1088877
node0.tardis-apia.ldos-ut-pg0.wisc.cloudlab.us,tencentBlock_10935,s3fifoforgive,10,9117,27,1,3,0.2005,0.15,6299849,91171.328,1088877
node0.tardis-apia.ldos-ut-pg0.wisc.cloudlab.us,tencentBlock_10935,lru,0.1,91,23,1,1,0.6652,0.34,6299849,91171.328,1088877
node0.tardis-apia.ldos-ut-pg0.wisc.cloudlab.us,tencentBlock_10935,lru,0.1,91,23,1,2,0.6652,0.34,6299849,91171.328,1088877
node0.tardis-apia.ldos-ut-pg0.wisc.cloudlab.us,tencentBlock_10935,lru,0.1,91,23,1,3,0.6652,0.34,6299849,91171.328,1088877
node0.tardis-apia.ldos-ut-pg0.wisc.cloudlab.us,tencentBlock_10935,lruforgive,0.1,91,23,1,1,0.6231,0.26,6299849,91171.328,1088877
node0.tardis-apia.ldos-ut-pg0.wisc.cloudlab.us,tencentBlock_10935,lruforgive,0.1,91,23,1,2,0.6231,0.26,6299849,91171.328,1088877
node0.tardis-apia.ldos-ut-pg0.wisc.cloudlab.us,tencentBlock_10935,lruforgive,0.1,91,23,1,3,0.6231,0.25,6299849,91171.328,1088877
node0.tardis-apia.ldos-ut-pg0.wisc.cloudlab.us,tencentBlock_10935,s3fifo,0.1,91,23,1,1,0.6106,0.55,6299849,91171.328,1088877
node0.tardis-apia.ldos-ut-pg0.wisc.cloudlab.us,tencentBlock_10935,s3fifo,0.1,91,23,1,2,0.6106,0.56,6299849,91171.328,1088877
node0.tardis-apia.ldos-ut-pg0.wisc.cloudlab.us,tencentBlock_10935,s3fifo,0.1,91,23,1,3,0.6106,0.55,6299849,91171.328,1088877
node0.tardis-apia.ldos-ut-pg0.wisc.cloudlab.us,tencentBlock_10935,s3fifoforgive,0.1,91,23,1,1,0.6035,0.42,6299849,91171.328,1088877
node0.tardis-apia.ldos-ut-pg0.wisc.cloudlab.us,tencentBlock_10935,s3fifoforgive,0.1,91,23,1,2,0.6035,0.43,6299849,91171.328,1088877
node0.tardis-apia.ldos-ut-pg0.wisc.cloudlab.us,tencentBlock_10935,s3fifoforgive,0.1,91,23,1,3,0.6035,0.43,6299849,91171.328,1088877
node0.tardis-apia.ldos-ut-pg0.wisc.cloudlab.us,tencentBlock_11013,lru,10,3414,27,1,1,0.2875,0.51,46988002,34140.8768,2755775
node0.tardis-apia.ldos-ut-pg0.wisc.cloudlab.us,tencentBlock_11013,lru,10,3414,27,1,2,0.2875,0.50,46988002,34140.8768,2755775
node0.tardis-apia.ldos-ut-pg0.wisc.cloudlab.us,tencentBlock_11013,lru,10,3414,27,1,3,0.2875,0.49,46988002,34140.8768,2755775
node0.tardis-apia.ldos-ut-pg0.wisc.cloudlab.us,tencentBlock_11013,lruforgive,10,3414,27,1,1,0.2854,0.27,46988002,34140.8768,2755775
node0.tardis-apia.ldos-ut-pg0.wisc.cloudlab.us,tencentBlock_11013,lruforgive,10,3414,27,1,2,0.2854,0.27,46988002,34140.8768,2755775
node0.tardis-apia.ldos-ut-pg0.wisc.cloudlab.us,tencentBlock_11013,lruforgive,10,3414,27,1,3,0.2854,0.27,46988002,34140.8768,2755775
node0.tardis-apia.ldos-ut-pg0.wisc.cloudlab.us,tencentBlock_11013,s3fifo,10,3414,27,1,1,0.2710,0.52,46988002,34140.8768,2755775
node0.tardis-apia.ldos-ut-pg0.wisc.cloudlab.us,tencentBlock_11013,s3fifo,10,3414,27,1,2,0.2710,0.49,46988002,34140.8768,2755775
node0.tardis-apia.ldos-ut-pg0.wisc.cloudlab.us,tencentBlock_11013,s3fifo,10,3414,27,1,3,0.2710,0.49,46988002,34140.8768,2755775
node0.tardis-apia.ldos-ut-pg0.wisc.cloudlab.us,tencentBlock_11013,s3fifoforgive,10,3414,27,1,1,0.2709,0.27,46988002,34140.8768,2755775
node0.tardis-apia.ldos-ut-pg0.wisc.cloudlab.us,tencentBlock_11013,s3fifoforgive,10,3414,27,1,2,0.2709,0.27,46988002,34140.8768,2755775
node0.tardis-apia.ldos-ut-pg0.wisc.cloudlab.us,tencentBlock_11013,s3fifoforgive,10,3414,27,1,3,0.2709,0.27,46988002,34140.8768,2755775
node0.tardis-apia.ldos-ut-pg0.wisc.cloudlab.us,tencentBlock_11013,lru,0.1,34,21,1,1,0.8280,1.53,46988002,34140.8768,2755775
node0.tardis-apia.ldos-ut-pg0.wisc.cloudlab.us,tencentBlock_11013,lru,0.1,34,21,1,2,0.8280,1.54,46988002,34140.8768,2755775
node0.tardis-apia.ldos-ut-pg0.wisc.cloudlab.us,tencentBlock_11013,lru,0.1,34,21,1,3,0.8280,1.53,46988002,34140.8768,2755775
node0.tardis-apia.ldos-ut-pg0.wisc.cloudlab.us,tencentBlock_11013,lruforgive,0.1,34,21,1,1,0.8187,0.85,46988002,34140.8768,2755775
node0.tardis-apia.ldos-ut-pg0.wisc.cloudlab.us,tencentBlock_11013,lruforgive,0.1,34,21,1,2,0.8187,0.86,46988002,34140.8768,2755775
node0.tardis-apia.ldos-ut-pg0.wisc.cloudlab.us,tencentBlock_11013,lruforgive,0.1,34,21,1,3,0.8187,0.85,46988002,34140.8768,2755775
node0.tardis-apia.ldos-ut-pg0.wisc.cloudlab.us,tencentBlock_11013,s3fifo,0.1,34,21,1,1,0.8489,1.64,46988002,34140.8768,2755775
node0.tardis-apia.ldos-ut-pg0.wisc.cloudlab.us,tencentBlock_11013,s3fifo,0.1,34,21,1,2,0.8489,1.63,46988002,34140.8768,2755775
node0.tardis-apia.ldos-ut-pg0.wisc.cloudlab.us,tencentBlock_11013,s3fifo,0.1,34,21,1,3,0.8489,1.63,46988002,34140.8768,2755775
node0.tardis-apia.ldos-ut-pg0.wisc.cloudlab.us,tencentBlock_11013,s3fifoforgive,0.1,34,21,1,1,0.8437,1.07,46988002,34140.8768,2755775
node0.tardis-apia.ldos-ut-pg0.wisc.cloudlab.us,tencentBlock_11013,s3fifoforgive,0.1,34,21,1,2,0.8437,1.07,46988002,34140.8768,2755775
node0.tardis-apia.ldos-ut-pg0.wisc.cloudlab.us,tencentBlock_11013,s3fifoforgive,0.1,34,21,1,3,0.8437,1.07,46988002,34140.8768,2755775
node0.tardis-apia.ldos-ut-pg0.wisc.cloudlab.us,tencentBlock_11034,lru,10,1660,27,1,1,0.2090,0.68,10706138,16598.016,1519317
node0.tardis-apia.ldos-ut-pg0.wisc.cloudlab.us,tencentBlock_11034,lru,10,1660,27,1,2,0.2090,0.69,10706138,16598.016,1519317
node0.tardis-apia.ldos-ut-pg0.wisc.cloudlab.us,tencentBlock_11034,lru,10,1660,27,1,3,0.2090,0.69,10706138,16598.016,1519317
node0.tardis-apia.ldos-ut-pg0.wisc.cloudlab.us,tencentBlock_11034,lruforgive,10,1660,27,1,1,0.2086,0.38,10706138,16598.016,1519317
node0.tardis-apia.ldos-ut-pg0.wisc.cloudlab.us,tencentBlock_11034,lruforgive,10,1660,27,1,2,0.2086,0.39,10706138,16598.016,1519317
node0.tardis-apia.ldos-ut-pg0.wisc.cloudlab.us,tencentBlock_11034,lruforgive,10,1660,27,1,3,0.2086,0.39,10706138,16598.016,1519317
node0.tardis-apia.ldos-ut-pg0.wisc.cloudlab.us,tencentBlock_11034,s3fifo,10,1660,27,1,1,0.2200,0.77,10706138,16598.016,1519317
node0.tardis-apia.ldos-ut-pg0.wisc.cloudlab.us,tencentBlock_11034,s3fifo,10,1660,27,1,2,0.2200,0.77,10706138,16598.016,1519317
node0.tardis-apia.ldos-ut-pg0.wisc.cloudlab.us,tencentBlock_11034,s3fifo,10,1660,27,1,3,0.2200,0.76,10706138,16598.016,1519317
node0.tardis-apia.ldos-ut-pg0.wisc.cloudlab.us,tencentBlock_11034,s3fifoforgive,10,1660,27,1,1,0.2200,0.44,10706138,16598.016,1519317
node0.tardis-apia.ldos-ut-pg0.wisc.cloudlab.us,tencentBlock_11034,s3fifoforgive,10,1660,27,1,2,0.2200,0.44,10706138,16598.016,1519317
node0.tardis-apia.ldos-ut-pg0.wisc.cloudlab.us,tencentBlock_11034,s3fifoforgive,10,1660,27,1,3,0.2200,0.44,10706138,16598.016,1519317
node0.tardis-apia.ldos-ut-pg0.wisc.cloudlab.us,tencentBlock_11034,lru,0.1,17,20,1,1,0.5740,1.84,10706138,16598.016,1519317
node0.tardis-apia.ldos-ut-pg0.wisc.cloudlab.us,tencentBlock_11034,lru,0.1,17,20,1,2,0.5740,1.85,10706138,16598.016,1519317
node0.tardis-apia.ldos-ut-pg0.wisc.cloudlab.us,tencentBlock_11034,lru,0.1,17,20,1,3,0.5740,1.86,10706138,16598.016,1519317
node0.tardis-apia.ldos-ut-pg0.wisc.cloudlab.us,tencentBlock_11034,lruforgive,0.1,17,20,1,1,0.4906,0.57,10706138,16598.016,1519317
node0.tardis-apia.ldos-ut-pg0.wisc.cloudlab.us,tencentBlock_11034,lruforgive,0.1,17,20,1,2,0.4906,0.57,10706138,16598.016,1519317
node0.tardis-apia.ldos-ut-pg0.wisc.cloudlab.us,tencentBlock_11034,lruforgive,0.1,17,20,1,3,0.4906,0.57,10706138,16598.016,1519317
node0.tardis-apia.ldos-ut-pg0.wisc.cloudlab.us,tencentBlock_11034,s3fifo,0.1,17,20,1,1,0.4848,1.92,10706138,16598.016,1519317
node0.tardis-apia.ldos-ut-pg0.wisc.cloudlab.us,tencentBlock_11034,s3fifo,0.1,17,20,1,2,0.4848,1.93,10706138,16598.016,1519317
node0.tardis-apia.ldos-ut-pg0.wisc.cloudlab.us,tencentBlock_11034,s3fifo,0.1,17,20,1,3,0.4848,1.94,10706138,16598.016,1519317
node0.tardis-apia.ldos-ut-pg0.wisc.cloudlab.us,tencentBlock_11034,s3fifoforgive,0.1,17,20,1,1,0.4803,0.98,10706138,16598.016,1519317
node0.tardis-apia.ldos-ut-pg0.wisc.cloudlab.us,tencentBlock_11034,s3fifoforgive,0.1,17,20,1,2,0.4803,0.99,10706138,16598.016,1519317
node0.tardis-apia.ldos-ut-pg0.wisc.cloudlab.us,tencentBlock_11034,s3fifoforgive,0.1,17,20,1,3,0.4803,0.98,10706138,16598.016,1519317
node0.tardis-apia.ldos-ut-pg0.wisc.cloudlab.us,tencentBlock_11156,lru,10,159557,27,1,1,NA_TOOBIG,NA,NA,1595569.0496,4086295
node0.tardis-apia.ldos-ut-pg0.wisc.cloudlab.us,tencentBlock_11156,lru,10,159557,27,1,2,NA_TOOBIG,NA,NA,1595569.0496,4086295
node0.tardis-apia.ldos-ut-pg0.wisc.cloudlab.us,tencentBlock_11156,lru,10,159557,27,1,3,NA_TOOBIG,NA,NA,1595569.0496,4086295
node0.tardis-apia.ldos-ut-pg0.wisc.cloudlab.us,tencentBlock_11156,lruforgive,10,159557,27,1,1,NA_TOOBIG,NA,NA,1595569.0496,4086295
node0.tardis-apia.ldos-ut-pg0.wisc.cloudlab.us,tencentBlock_11156,lruforgive,10,159557,27,1,2,NA_TOOBIG,NA,NA,1595569.0496,4086295
node0.tardis-apia.ldos-ut-pg0.wisc.cloudlab.us,tencentBlock_11156,lruforgive,10,159557,27,1,3,NA_TOOBIG,NA,NA,1595569.0496,4086295
node0.tardis-apia.ldos-ut-pg0.wisc.cloudlab.us,tencentBlock_11156,s3fifo,10,159557,27,1,1,NA_TOOBIG,NA,NA,1595569.0496,4086295
node0.tardis-apia.ldos-ut-pg0.wisc.cloudlab.us,tencentBlock_11156,s3fifo,10,159557,27,1,2,NA_TOOBIG,NA,NA,1595569.0496,4086295
node0.tardis-apia.ldos-ut-pg0.wisc.cloudlab.us,tencentBlock_11156,s3fifo,10,159557,27,1,3,NA_TOOBIG,NA,NA,1595569.0496,4086295
node0.tardis-apia.ldos-ut-pg0.wisc.cloudlab.us,tencentBlock_11156,s3fifoforgive,10,159557,27,1,1,NA_TOOBIG,NA,NA,1595569.0496,4086295
node0.tardis-apia.ldos-ut-pg0.wisc.cloudlab.us,tencentBlock_11156,s3fifoforgive,10,159557,27,1,2,NA_TOOBIG,NA,NA,1595569.0496,4086295
node0.tardis-apia.ldos-ut-pg0.wisc.cloudlab.us,tencentBlock_11156,s3fifoforgive,10,159557,27,1,3,NA_TOOBIG,NA,NA,1595569.0496,4086295
node0.tardis-apia.ldos-ut-pg0.wisc.cloudlab.us,tencentBlock_11156,lru,0.1,1596,27,1,1,0.8704,0.03,6824323,1595569.0496,4086295
node0.tardis-apia.ldos-ut-pg0.wisc.cloudlab.us,tencentBlock_11156,lru,0.1,1596,27,1,2,0.8704,0.03,6824323,1595569.0496,4086295
node0.tardis-apia.ldos-ut-pg0.wisc.cloudlab.us,tencentBlock_11156,lru,0.1,1596,27,1,3,0.8704,0.03,6824323,1595569.0496,4086295
node0.tardis-apia.ldos-ut-pg0.wisc.cloudlab.us,tencentBlock_11156,lruforgive,0.1,1596,27,1,1,0.8690,0.03,6824323,1595569.0496,4086295
node0.tardis-apia.ldos-ut-pg0.wisc.cloudlab.us,tencentBlock_11156,lruforgive,0.1,1596,27,1,2,0.8690,0.03,6824323,1595569.0496,4086295
node0.tardis-apia.ldos-ut-pg0.wisc.cloudlab.us,tencentBlock_11156,lruforgive,0.1,1596,27,1,3,0.8690,0.03,6824323,1595569.0496,4086295
node0.tardis-apia.ldos-ut-pg0.wisc.cloudlab.us,tencentBlock_11156,s3fifo,0.1,1596,27,1,1,0.8737,0.03,6824323,1595569.0496,4086295
node0.tardis-apia.ldos-ut-pg0.wisc.cloudlab.us,tencentBlock_11156,s3fifo,0.1,1596,27,1,2,0.8737,0.03,6824323,1595569.0496,4086295
node0.tardis-apia.ldos-ut-pg0.wisc.cloudlab.us,tencentBlock_11156,s3fifo,0.1,1596,27,1,3,0.8737,0.03,6824323,1595569.0496,4086295
node0.tardis-apia.ldos-ut-pg0.wisc.cloudlab.us,tencentBlock_11156,s3fifoforgive,0.1,1596,27,1,1,0.8735,0.03,6824323,1595569.0496,4086295
node0.tardis-apia.ldos-ut-pg0.wisc.cloudlab.us,tencentBlock_11156,s3fifoforgive,0.1,1596,27,1,2,0.8735,0.03,6824323,1595569.0496,4086295
node0.tardis-apia.ldos-ut-pg0.wisc.cloudlab.us,tencentBlock_11156,s3fifoforgive,0.1,1596,27,1,3,0.8735,0.03,6824323,1595569.0496,4086295
node0.tardis-apia.ldos-ut-pg0.wisc.cloudlab.us,tencentBlock_1121,lru,10,2674,27,1,1,0.2138,0.50,67764245,26741.9648,1911539
node0.tardis-apia.ldos-ut-pg0.wisc.cloudlab.us,tencentBlock_1121,lru,10,2674,27,1,2,0.2138,0.50,67764245,26741.9648,1911539
node0.tardis-apia.ldos-ut-pg0.wisc.cloudlab.us,tencentBlock_1121,lru,10,2674,27,1,3,0.2138,0.51,67764245,26741.9648,1911539
node0.tardis-apia.ldos-ut-pg0.wisc.cloudlab.us,tencentBlock_1121,lruforgive,10,2674,27,1,1,0.2121,0.27,67764245,26741.9648,1911539
node0.tardis-apia.ldos-ut-pg0.wisc.cloudlab.us,tencentBlock_1121,lruforgive,10,2674,27,1,2,0.2121,0.27,67764245,26741.9648,1911539
node0.tardis-apia.ldos-ut-pg0.wisc.cloudlab.us,tencentBlock_1121,lruforgive,10,2674,27,1,3,0.2121,0.28,67764245,26741.9648,1911539
node0.tardis-apia.ldos-ut-pg0.wisc.cloudlab.us,tencentBlock_1121,s3fifo,10,2674,27,1,1,0.2221,0.53,67764245,26741.9648,1911539
node0.tardis-apia.ldos-ut-pg0.wisc.cloudlab.us,tencentBlock_1121,s3fifo,10,2674,27,1,2,0.2221,0.53,67764245,26741.9648,1911539
node0.tardis-apia.ldos-ut-pg0.wisc.cloudlab.us,tencentBlock_1121,s3fifo,10,2674,27,1,3,0.2221,0.53,67764245,26741.9648,1911539
node0.tardis-apia.ldos-ut-pg0.wisc.cloudlab.us,tencentBlock_1121,s3fifoforgive,10,2674,27,1,1,0.2217,0.30,67764245,26741.9648,1911539
node0.tardis-apia.ldos-ut-pg0.wisc.cloudlab.us,tencentBlock_1121,s3fifoforgive,10,2674,27,1,2,0.2217,0.30,67764245,26741.9648,1911539
node0.tardis-apia.ldos-ut-pg0.wisc.cloudlab.us,tencentBlock_1121,s3fifoforgive,10,2674,27,1,3,0.2217,0.30,67764245,26741.9648,1911539
node0.tardis-apia.ldos-ut-pg0.wisc.cloudlab.us,tencentBlock_1121,lru,0.1,27,21,1,1,0.7530,1.55,67764245,26741.9648,1911539
node0.tardis-apia.ldos-ut-pg0.wisc.cloudlab.us,tencentBlock_1121,lru,0.1,27,21,1,2,0.7530,1.58,67764245,26741.9648,1911539
node0.tardis-apia.ldos-ut-pg0.wisc.cloudlab.us,tencentBlock_1121,lru,0.1,27,21,1,3,0.7530,1.61,67764245,26741.9648,1911539
node0.tardis-apia.ldos-ut-pg0.wisc.cloudlab.us,tencentBlock_1121,lruforgive,0.1,27,21,1,1,0.7260,0.93,67764245,26741.9648,1911539
node0.tardis-apia.ldos-ut-pg0.wisc.cloudlab.us,tencentBlock_1121,lruforgive,0.1,27,21,1,2,0.7260,0.93,67764245,26741.9648,1911539
node0.tardis-apia.ldos-ut-pg0.wisc.cloudlab.us,tencentBlock_1121,lruforgive,0.1,27,21,1,3,0.7260,0.93,67764245,26741.9648,1911539
node0.tardis-apia.ldos-ut-pg0.wisc.cloudlab.us,tencentBlock_1121,s3fifo,0.1,27,21,1,1,0.7276,1.72,67764245,26741.9648,1911539
node0.tardis-apia.ldos-ut-pg0.wisc.cloudlab.us,tencentBlock_1121,s3fifo,0.1,27,21,1,2,0.7276,1.73,67764245,26741.9648,1911539
node0.tardis-apia.ldos-ut-pg0.wisc.cloudlab.us,tencentBlock_1121,s3fifo,0.1,27,21,1,3,0.7276,1.72,67764245,26741.9648,1911539
node0.tardis-apia.ldos-ut-pg0.wisc.cloudlab.us,tencentBlock_1121,s3fifoforgive,0.1,27,21,1,1,0.7264,1.17,67764245,26741.9648,1911539
node0.tardis-apia.ldos-ut-pg0.wisc.cloudlab.us,tencentBlock_1121,s3fifoforgive,0.1,27,21,1,2,0.7264,1.17,67764245,26741.9648,1911539
node0.tardis-apia.ldos-ut-pg0.wisc.cloudlab.us,tencentBlock_1121,s3fifoforgive,0.1,27,21,1,3,0.7264,1.18,67764245,26741.9648,1911539
node0.tardis-apia.ldos-ut-pg0.wisc.cloudlab.us,tencentBlock_1148,lru,10,2040,27,1,1,0.1625,1.08,23723309,20400.128,3012484
node0.tardis-apia.ldos-ut-pg0.wisc.cloudlab.us,tencentBlock_1148,lru,10,2040,27,1,2,0.1625,1.08,23723309,20400.128,3012484
node0.tardis-apia.ldos-ut-pg0.wisc.cloudlab.us,tencentBlock_1148,lru,10,2040,27,1,3,0.1625,1.06,23723309,20400.128,3012484
node0.tardis-apia.ldos-ut-pg0.wisc.cloudlab.us,tencentBlock_1148,lruforgive,10,2040,27,1,1,0.1622,0.51,23723309,20400.128,3012484
node0.tardis-apia.ldos-ut-pg0.wisc.cloudlab.us,tencentBlock_1148,lruforgive,10,2040,27,1,2,0.1622,0.51,23723309,20400.128,3012484
node0.tardis-apia.ldos-ut-pg0.wisc.cloudlab.us,tencentBlock_1148,lruforgive,10,2040,27,1,3,0.1622,0.51,23723309,20400.128,3012484
node0.tardis-apia.ldos-ut-pg0.wisc.cloudlab.us,tencentBlock_1148,s3fifo,10,2040,27,1,1,0.1546,1.26,23723309,20400.128,3012484
node0.tardis-apia.ldos-ut-pg0.wisc.cloudlab.us,tencentBlock_1148,s3fifo,10,2040,27,1,2,0.1546,1.26,23723309,20400.128,3012484
node0.tardis-apia.ldos-ut-pg0.wisc.cloudlab.us,tencentBlock_1148,s3fifo,10,2040,27,1,3,NA,NA,NA,20400.128,3012484
node0.tardis-apia.ldos-ut-pg0.wisc.cloudlab.us,tencentBlock_1148,s3fifoforgive,10,2040,27,1,1,0.1546,0.57,23723309,20400.128,3012484
node0.tardis-apia.ldos-ut-pg0.wisc.cloudlab.us,tencentBlock_1148,s3fifoforgive,10,2040,27,1,2,0.1546,0.57,23723309,20400.128,3012484
node0.tardis-apia.ldos-ut-pg0.wisc.cloudlab.us,tencentBlock_1148,s3fifoforgive,10,2040,27,1,3,0.1546,0.56,23723309,20400.128,3012484
node0.tardis-apia.ldos-ut-pg0.wisc.cloudlab.us,tencentBlock_1148,lru,0.1,20,20,1,1,0.2961,2.69,23723309,20400.128,3012484
node0.tardis-apia.ldos-ut-pg0.wisc.cloudlab.us,tencentBlock_1148,lru,0.1,20,20,1,2,0.2961,2.68,23723309,20400.128,3012484
node0.tardis-apia.ldos-ut-pg0.wisc.cloudlab.us,tencentBlock_1148,lru,0.1,20,20,1,3,0.2961,2.69,23723309,20400.128,3012484
node0.tardis-apia.ldos-ut-pg0.wisc.cloudlab.us,tencentBlock_1148,lruforgive,0.1,20,20,1,1,0.2956,0.96,23723309,20400.128,3012484
node0.tardis-apia.ldos-ut-pg0.wisc.cloudlab.us,tencentBlock_1148,lruforgive,0.1,20,20,1,2,0.2956,0.97,23723309,20400.128,3012484
node0.tardis-apia.ldos-ut-pg0.wisc.cloudlab.us,tencentBlock_1148,lruforgive,0.1,20,20,1,3,0.2956,0.96,23723309,20400.128,3012484
node0.tardis-apia.ldos-ut-pg0.wisc.cloudlab.us,tencentBlock_1148,s3fifo,0.1,20,20,1,1,0.2904,2.82,23723309,20400.128,3012484
node0.tardis-apia.ldos-ut-pg0.wisc.cloudlab.us,tencentBlock_1148,s3fifo,0.1,20,20,1,2,0.2904,2.79,23723309,20400.128,3012484
node0.tardis-apia.ldos-ut-pg0.wisc.cloudlab.us,tencentBlock_1148,s3fifo,0.1,20,20,1,3,0.2904,2.81,23723309,20400.128,3012484
node0.tardis-apia.ldos-ut-pg0.wisc.cloudlab.us,tencentBlock_1148,s3fifoforgive,0.1,20,20,1,1,0.2904,1.04,23723309,20400.128,3012484
node0.tardis-apia.ldos-ut-pg0.wisc.cloudlab.us,tencentBlock_1148,s3fifoforgive,0.1,20,20,1,2,0.2904,1.04,23723309,20400.128,3012484
node0.tardis-apia.ldos-ut-pg0.wisc.cloudlab.us,tencentBlock_1148,s3fifoforgive,0.1,20,20,1,3,0.2904,1.05,23723309,20400.128,3012484
node0.tardis-apia.ldos-ut-pg0.wisc.cloudlab.us,tencentBlock_11509,lru,10,4153,27,1,1,0.3319,0.31,7191318,41533.0304,1477515
node0.tardis-apia.ldos-ut-pg0.wisc.cloudlab.us,tencentBlock_11509,lru,10,4153,27,1,2,0.3319,0.31,7191318,41533.0304,1477515
node0.tardis-apia.ldos-ut-pg0.wisc.cloudlab.us,tencentBlock_11509,lru,10,4153,27,1,3,0.3319,0.31,7191318,41533.0304,1477515
node0.tardis-apia.ldos-ut-pg0.wisc.cloudlab.us,tencentBlock_11509,lruforgive,10,4153,27,1,1,0.3316,0.26,7191318,41533.0304,1477515
node0.tardis-apia.ldos-ut-pg0.wisc.cloudlab.us,tencentBlock_11509,lruforgive,10,4153,27,1,2,0.3316,0.27,7191318,41533.0304,1477515
node0.tardis-apia.ldos-ut-pg0.wisc.cloudlab.us,tencentBlock_11509,lruforgive,10,4153,27,1,3,0.3316,0.26,7191318,41533.0304,1477515
node0.tardis-apia.ldos-ut-pg0.wisc.cloudlab.us,tencentBlock_11509,s3fifo,10,4153,27,1,1,0.3316,0.37,7191318,41533.0304,1477515
node0.tardis-apia.ldos-ut-pg0.wisc.cloudlab.us,tencentBlock_11509,s3fifo,10,4153,27,1,2,0.3316,0.37,7191318,41533.0304,1477515
node0.tardis-apia.ldos-ut-pg0.wisc.cloudlab.us,tencentBlock_11509,s3fifo,10,4153,27,1,3,0.3316,0.36,7191318,41533.0304,1477515
node0.tardis-apia.ldos-ut-pg0.wisc.cloudlab.us,tencentBlock_11509,s3fifoforgive,10,4153,27,1,1,0.3314,0.30,7191318,41533.0304,1477515
node0.tardis-apia.ldos-ut-pg0.wisc.cloudlab.us,tencentBlock_11509,s3fifoforgive,10,4153,27,1,2,0.3314,0.30,7191318,41533.0304,1477515
node0.tardis-apia.ldos-ut-pg0.wisc.cloudlab.us,tencentBlock_11509,s3fifoforgive,10,4153,27,1,3,0.3314,0.30,7191318,41533.0304,1477515
node0.tardis-apia.ldos-ut-pg0.wisc.cloudlab.us,tencentBlock_11509,lru,0.1,42,21,1,1,0.6830,1.11,7191318,41533.0304,1477515
node0.tardis-apia.ldos-ut-pg0.wisc.cloudlab.us,tencentBlock_11509,lru,0.1,42,21,1,2,0.6830,1.13,7191318,41533.0304,1477515
node0.tardis-apia.ldos-ut-pg0.wisc.cloudlab.us,tencentBlock_11509,lru,0.1,42,21,1,3,0.6830,1.12,7191318,41533.0304,1477515
node0.tardis-apia.ldos-ut-pg0.wisc.cloudlab.us,tencentBlock_11509,lruforgive,0.1,42,21,1,1,0.6530,0.67,7191318,41533.0304,1477515
node0.tardis-apia.ldos-ut-pg0.wisc.cloudlab.us,tencentBlock_11509,lruforgive,0.1,42,21,1,2,0.6530,0.67,7191318,41533.0304,1477515
node0.tardis-apia.ldos-ut-pg0.wisc.cloudlab.us,tencentBlock_11509,lruforgive,0.1,42,21,1,3,0.6530,0.67,7191318,41533.0304,1477515
node0.tardis-apia.ldos-ut-pg0.wisc.cloudlab.us,tencentBlock_11509,s3fifo,0.1,42,21,1,1,0.6395,1.54,7191318,41533.0304,1477515
node0.tardis-apia.ldos-ut-pg0.wisc.cloudlab.us,tencentBlock_11509,s3fifo,0.1,42,21,1,2,0.6395,1.54,7191318,41533.0304,1477515
node0.tardis-apia.ldos-ut-pg0.wisc.cloudlab.us,tencentBlock_11509,s3fifo,0.1,42,21,1,3,0.6395,1.53,7191318,41533.0304,1477515
node0.tardis-apia.ldos-ut-pg0.wisc.cloudlab.us,tencentBlock_11509,s3fifoforgive,0.1,42,21,1,1,0.6419,1.00,7191318,41533.0304,1477515
node0.tardis-apia.ldos-ut-pg0.wisc.cloudlab.us,tencentBlock_11509,s3fifoforgive,0.1,42,21,1,2,0.6419,1.03,7191318,41533.0304,1477515
node0.tardis-apia.ldos-ut-pg0.wisc.cloudlab.us,tencentBlock_11509,s3fifoforgive,0.1,42,21,1,3,0.6419,1.03,7191318,41533.0304,1477515
node0.tardis-apia.ldos-ut-pg0.wisc.cloudlab.us,tencentBlock_1152,lru,10,5820,27,1,1,0.0788,1.27,56489882,58198.528,4096605
node0.tardis-apia.ldos-ut-pg0.wisc.cloudlab.us,tencentBlock_1152,lru,10,5820,27,1,2,0.0788,1.26,56489882,58198.528,4096605
node0.tardis-apia.ldos-ut-pg0.wisc.cloudlab.us,tencentBlock_1152,lru,10,5820,27,1,3,0.0788,1.28,56489882,58198.528,4096605
node0.tardis-apia.ldos-ut-pg0.wisc.cloudlab.us,tencentBlock_1152,lruforgive,10,5820,27,1,1,0.0788,0.48,56489882,58198.528,4096605
node0.tardis-apia.ldos-ut-pg0.wisc.cloudlab.us,tencentBlock_1152,lruforgive,10,5820,27,1,2,0.0788,0.48,56489882,58198.528,4096605
node0.tardis-apia.ldos-ut-pg0.wisc.cloudlab.us,tencentBlock_1152,lruforgive,10,5820,27,1,3,0.0788,0.48,56489882,58198.528,4096605
node0.tardis-apia.ldos-ut-pg0.wisc.cloudlab.us,tencentBlock_1152,s3fifo,10,5820,27,1,1,0.0780,1.39,56489882,58198.528,4096605
node0.tardis-apia.ldos-ut-pg0.wisc.cloudlab.us,tencentBlock_1152,s3fifo,10,5820,27,1,2,0.0780,1.39,56489882,58198.528,4096605
node0.tardis-apia.ldos-ut-pg0.wisc.cloudlab.us,tencentBlock_1152,s3fifo,10,5820,27,1,3,0.0780,1.41,56489882,58198.528,4096605
node0.tardis-apia.ldos-ut-pg0.wisc.cloudlab.us,tencentBlock_1152,s3fifoforgive,10,5820,27,1,1,0.0780,0.52,56489882,58198.528,4096605
node0.tardis-apia.ldos-ut-pg0.wisc.cloudlab.us,tencentBlock_1152,s3fifoforgive,10,5820,27,1,2,0.0780,0.53,56489882,58198.528,4096605
node0.tardis-apia.ldos-ut-pg0.wisc.cloudlab.us,tencentBlock_1152,s3fifoforgive,10,5820,27,1,3,0.0780,0.52,56489882,58198.528,4096605
node0.tardis-apia.ldos-ut-pg0.wisc.cloudlab.us,tencentBlock_1152,lru,0.1,58,22,1,1,0.1973,2.29,56489882,58198.528,4096605
node0.tardis-apia.ldos-ut-pg0.wisc.cloudlab.us,tencentBlock_1152,lru,0.1,58,22,1,2,0.1973,2.28,56489882,58198.528,4096605
node0.tardis-apia.ldos-ut-pg0.wisc.cloudlab.us,tencentBlock_1152,lru,0.1,58,22,1,3,0.1973,2.27,56489882,58198.528,4096605
node0.tardis-apia.ldos-ut-pg0.wisc.cloudlab.us,tencentBlock_1152,lruforgive,0.1,58,22,1,1,0.2038,0.63,56489882,58198.528,4096605
node0.tardis-apia.ldos-ut-pg0.wisc.cloudlab.us,tencentBlock_1152,lruforgive,0.1,58,22,1,2,0.2038,0.63,56489882,58198.528,4096605
node0.tardis-apia.ldos-ut-pg0.wisc.cloudlab.us,tencentBlock_1152,lruforgive,0.1,58,22,1,3,0.2038,0.63,56489882,58198.528,4096605
node0.tardis-apia.ldos-ut-pg0.wisc.cloudlab.us,tencentBlock_1152,s3fifo,0.1,58,22,1,1,0.1818,2.48,56489882,58198.528,4096605
node0.tardis-apia.ldos-ut-pg0.wisc.cloudlab.us,tencentBlock_1152,s3fifo,0.1,58,22,1,2,0.1818,2.48,56489882,58198.528,4096605
node0.tardis-apia.ldos-ut-pg0.wisc.cloudlab.us,tencentBlock_1152,s3fifo,0.1,58,22,1,3,0.1818,2.48,56489882,58198.528,4096605
node0.tardis-apia.ldos-ut-pg0.wisc.cloudlab.us,tencentBlock_1152,s3fifoforgive,0.1,58,22,1,1,0.1819,0.76,56489882,58198.528,4096605
node0.tardis-apia.ldos-ut-pg0.wisc.cloudlab.us,tencentBlock_1152,s3fifoforgive,0.1,58,22,1,2,0.1819,0.75,56489882,58198.528,4096605
node0.tardis-apia.ldos-ut-pg0.wisc.cloudlab.us,tencentBlock_1152,s3fifoforgive,0.1,58,22,1,3,0.1819,0.76,56489882,58198.528,4096605
node0.tardis-apia.ldos-ut-pg0.wisc.cloudlab.us,tencentBlock_11549,lru,10,3148,27,1,1,0.2596,0.40,49807956,31478.0672,2400549
node0.tardis-apia.ldos-ut-pg0.wisc.cloudlab.us,tencentBlock_11549,lru,10,3148,27,1,2,0.2596,0.40,49807956,31478.0672,2400549
node0.tardis-apia.ldos-ut-pg0.wisc.cloudlab.us,tencentBlock_11549,lru,10,3148,27,1,3,0.2596,0.40,49807956,31478.0672,2400549
node0.tardis-apia.ldos-ut-pg0.wisc.cloudlab.us,tencentBlock_11549,lruforgive,10,3148,27,1,1,0.2575,0.23,49807956,31478.0672,2400549
node0.tardis-apia.ldos-ut-pg0.wisc.cloudlab.us,tencentBlock_11549,lruforgive,10,3148,27,1,2,0.2575,0.23,49807956,31478.0672,2400549
node0.tardis-apia.ldos-ut-pg0.wisc.cloudlab.us,tencentBlock_11549,lruforgive,10,3148,27,1,3,0.2575,0.23,49807956,31478.0672,2400549
node0.tardis-apia.ldos-ut-pg0.wisc.cloudlab.us,tencentBlock_11549,s3fifo,10,3148,27,1,1,0.2573,0.42,49807956,31478.0672,2400549
node0.tardis-apia.ldos-ut-pg0.wisc.cloudlab.us,tencentBlock_11549,s3fifo,10,3148,27,1,2,0.2573,0.42,49807956,31478.0672,2400549
node0.tardis-apia.ldos-ut-pg0.wisc.cloudlab.us,tencentBlock_11549,s3fifo,10,3148,27,1,3,0.2573,0.42,49807956,31478.0672,2400549
node0.tardis-apia.ldos-ut-pg0.wisc.cloudlab.us,tencentBlock_11549,s3fifoforgive,10,3148,27,1,1,0.2570,0.25,49807956,31478.0672,2400549
node0.tardis-apia.ldos-ut-pg0.wisc.cloudlab.us,tencentBlock_11549,s3fifoforgive,10,3148,27,1,2,0.2570,0.25,49807956,31478.0672,2400549
node0.tardis-apia.ldos-ut-pg0.wisc.cloudlab.us,tencentBlock_11549,s3fifoforgive,10,3148,27,1,3,0.2570,0.25,49807956,31478.0672,2400549
node0.tardis-apia.ldos-ut-pg0.wisc.cloudlab.us,tencentBlock_11549,lru,0.1,31,21,1,1,0.8221,2.55,49807956,31478.0672,2400549
node0.tardis-apia.ldos-ut-pg0.wisc.cloudlab.us,tencentBlock_11549,lru,0.1,31,21,1,2,0.8221,2.56,49807956,31478.0672,2400549
node0.tardis-apia.ldos-ut-pg0.wisc.cloudlab.us,tencentBlock_11549,lru,0.1,31,21,1,3,0.8221,2.62,49807956,31478.0672,2400549
node0.tardis-apia.ldos-ut-pg0.wisc.cloudlab.us,tencentBlock_11549,lruforgive,0.1,31,21,1,1,0.8112,1.33,49807956,31478.0672,2400549
node0.tardis-apia.ldos-ut-pg0.wisc.cloudlab.us,tencentBlock_11549,lruforgive,0.1,31,21,1,2,0.8112,1.34,49807956,31478.0672,2400549
node0.tardis-apia.ldos-ut-pg0.wisc.cloudlab.us,tencentBlock_11549,lruforgive,0.1,31,21,1,3,0.8112,1.34,49807956,31478.0672,2400549
node0.tardis-apia.ldos-ut-pg0.wisc.cloudlab.us,tencentBlock_11549,s3fifo,0.1,31,21,1,1,0.8244,2.64,49807956,31478.0672,2400549
node0.tardis-apia.ldos-ut-pg0.wisc.cloudlab.us,tencentBlock_11549,s3fifo,0.1,31,21,1,2,0.8244,2.67,49807956,31478.0672,2400549
node0.tardis-apia.ldos-ut-pg0.wisc.cloudlab.us,tencentBlock_11549,s3fifo,0.1,31,21,1,3,0.8244,2.67,49807956,31478.0672,2400549
node0.tardis-apia.ldos-ut-pg0.wisc.cloudlab.us,tencentBlock_11549,s3fifoforgive,0.1,31,21,1,1,0.8227,1.62,49807956,31478.0672,2400549
node0.tardis-apia.ldos-ut-pg0.wisc.cloudlab.us,tencentBlock_11549,s3fifoforgive,0.1,31,21,1,2,0.8227,1.66,49807956,31478.0672,2400549
node0.tardis-apia.ldos-ut-pg0.wisc.cloudlab.us,tencentBlock_11549,s3fifoforgive,0.1,31,21,1,3,0.8227,1.63,49807956,31478.0672,2400549
node0.tardis-apia.ldos-ut-pg0.wisc.cloudlab.us,tencentBlock_11569,lru,10,3066,27,1,1,0.3702,0.39,56534966,30661.2224,2299310
node0.tardis-apia.ldos-ut-pg0.wisc.cloudlab.us,tencentBlock_11569,lru,10,3066,27,1,2,0.3702,0.39,56534966,30661.2224,2299310
node0.tardis-apia.ldos-ut-pg0.wisc.cloudlab.us,tencentBlock_11569,lru,10,3066,27,1,3,0.3702,0.39,56534966,30661.2224,2299310
node0.tardis-apia.ldos-ut-pg0.wisc.cloudlab.us,tencentBlock_11569,lruforgive,10,3066,27,1,1,0.3676,0.24,56534966,30661.2224,2299310
node0.tardis-apia.ldos-ut-pg0.wisc.cloudlab.us,tencentBlock_11569,lruforgive,10,3066,27,1,2,0.3676,0.24,56534966,30661.2224,2299310
node0.tardis-apia.ldos-ut-pg0.wisc.cloudlab.us,tencentBlock_11569,lruforgive,10,3066,27,1,3,0.3676,0.24,56534966,30661.2224,2299310
node0.tardis-apia.ldos-ut-pg0.wisc.cloudlab.us,tencentBlock_11569,s3fifo,10,3066,27,1,1,0.3498,0.41,56534966,30661.2224,2299310
node0.tardis-apia.ldos-ut-pg0.wisc.cloudlab.us,tencentBlock_11569,s3fifo,10,3066,27,1,2,0.3498,0.41,56534966,30661.2224,2299310
node0.tardis-apia.ldos-ut-pg0.wisc.cloudlab.us,tencentBlock_11569,s3fifo,10,3066,27,1,3,0.3498,0.41,56534966,30661.2224,2299310
node0.tardis-apia.ldos-ut-pg0.wisc.cloudlab.us,tencentBlock_11569,s3fifoforgive,10,3066,27,1,1,0.3495,0.26,56534966,30661.2224,2299310
node0.tardis-apia.ldos-ut-pg0.wisc.cloudlab.us,tencentBlock_11569,s3fifoforgive,10,3066,27,1,2,0.3495,0.26,56534966,30661.2224,2299310
node0.tardis-apia.ldos-ut-pg0.wisc.cloudlab.us,tencentBlock_11569,s3fifoforgive,10,3066,27,1,3,0.3495,0.26,56534966,30661.2224,2299310
node0.tardis-apia.ldos-ut-pg0.wisc.cloudlab.us,tencentBlock_11569,lru,0.1,31,21,1,1,0.8582,1.55,56534966,30661.2224,2299310
node0.tardis-apia.ldos-ut-pg0.wisc.cloudlab.us,tencentBlock_11569,lru,0.1,31,21,1,2,0.8582,1.58,56534966,30661.2224,2299310
node0.tardis-apia.ldos-ut-pg0.wisc.cloudlab.us,tencentBlock_11569,lru,0.1,31,21,1,3,0.8582,1.54,56534966,30661.2224,2299310
node0.tardis-apia.ldos-ut-pg0.wisc.cloudlab.us,tencentBlock_11569,lruforgive,0.1,31,21,1,1,0.8526,0.91,56534966,30661.2224,2299310
node0.tardis-apia.ldos-ut-pg0.wisc.cloudlab.us,tencentBlock_11569,lruforgive,0.1,31,21,1,2,0.8526,0.91,56534966,30661.2224,2299310
node0.tardis-apia.ldos-ut-pg0.wisc.cloudlab.us,tencentBlock_11569,lruforgive,0.1,31,21,1,3,0.8526,0.91,56534966,30661.2224,2299310
node0.tardis-apia.ldos-ut-pg0.wisc.cloudlab.us,tencentBlock_11569,s3fifo,0.1,31,21,1,1,0.8714,1.66,56534966,30661.2224,2299310
node0.tardis-apia.ldos-ut-pg0.wisc.cloudlab.us,tencentBlock_11569,s3fifo,0.1,31,21,1,2,0.8714,1.69,56534966,30661.2224,2299310
node0.tardis-apia.ldos-ut-pg0.wisc.cloudlab.us,tencentBlock_11569,s3fifo,0.1,31,21,1,3,0.8714,1.66,56534966,30661.2224,2299310
node0.tardis-apia.ldos-ut-pg0.wisc.cloudlab.us,tencentBlock_11569,s3fifoforgive,0.1,31,21,1,1,0.8689,1.14,56534966,30661.2224,2299310
node0.tardis-apia.ldos-ut-pg0.wisc.cloudlab.us,tencentBlock_11569,s3fifoforgive,0.1,31,21,1,2,0.8689,1.18,56534966,30661.2224,2299310
node0.tardis-apia.ldos-ut-pg0.wisc.cloudlab.us,tencentBlock_11569,s3fifoforgive,0.1,31,21,1,3,0.8689,1.17,56534966,30661.2224,2299310
node0.tardis-apia.ldos-ut-pg0.wisc.cloudlab.us,tencentBlock_11615,lru,10,4063,27,1,1,0.2965,0.43,43086845,40625.664,2716161
node0.tardis-apia.ldos-ut-pg0.wisc.cloudlab.us,tencentBlock_11615,lru,10,4063,27,1,2,0.2965,0.43,43086845,40625.664,2716161
node0.tardis-apia.ldos-ut-pg0.wisc.cloudlab.us,tencentBlock_11615,lru,10,4063,27,1,3,0.2965,0.43,43086845,40625.664,2716161
node0.tardis-apia.ldos-ut-pg0.wisc.cloudlab.us,tencentBlock_11615,lruforgive,10,4063,27,1,1,0.2944,0.25,43086845,40625.664,2716161
node0.tardis-apia.ldos-ut-pg0.wisc.cloudlab.us,tencentBlock_11615,lruforgive,10,4063,27,1,2,0.2944,0.25,43086845,40625.664,2716161
node0.tardis-apia.ldos-ut-pg0.wisc.cloudlab.us,tencentBlock_11615,lruforgive,10,4063,27,1,3,0.2944,0.25,43086845,40625.664,2716161
node0.tardis-apia.ldos-ut-pg0.wisc.cloudlab.us,tencentBlock_11615,s3fifo,10,4063,27,1,1,0.2849,0.43,43086845,40625.664,2716161
node0.tardis-apia.ldos-ut-pg0.wisc.cloudlab.us,tencentBlock_11615,s3fifo,10,4063,27,1,2,0.2849,0.44,43086845,40625.664,2716161
node0.tardis-apia.ldos-ut-pg0.wisc.cloudlab.us,tencentBlock_11615,s3fifo,10,4063,27,1,3,0.2849,0.44,43086845,40625.664,2716161
node0.tardis-apia.ldos-ut-pg0.wisc.cloudlab.us,tencentBlock_11615,s3fifoforgive,10,4063,27,1,1,0.2847,0.27,43086845,40625.664,2716161
node0.tardis-apia.ldos-ut-pg0.wisc.cloudlab.us,tencentBlock_11615,s3fifoforgive,10,4063,27,1,2,0.2847,0.27,43086845,40625.664,2716161
node0.tardis-apia.ldos-ut-pg0.wisc.cloudlab.us,tencentBlock_11615,s3fifoforgive,10,4063,27,1,3,0.2847,0.27,43086845,40625.664,2716161
node0.tardis-apia.ldos-ut-pg0.wisc.cloudlab.us,tencentBlock_11615,lru,0.1,41,21,1,1,0.7996,1.12,43086845,40625.664,2716161
node0.tardis-apia.ldos-ut-pg0.wisc.cloudlab.us,tencentBlock_11615,lru,0.1,41,21,1,2,0.7996,1.11,43086845,40625.664,2716161
node0.tardis-apia.ldos-ut-pg0.wisc.cloudlab.us,tencentBlock_11615,lru,0.1,41,21,1,3,0.7996,1.14,43086845,40625.664,2716161
node0.tardis-apia.ldos-ut-pg0.wisc.cloudlab.us,tencentBlock_11615,lruforgive,0.1,41,21,1,1,0.7926,0.67,43086845,40625.664,2716161
node0.tardis-apia.ldos-ut-pg0.wisc.cloudlab.us,tencentBlock_11615,lruforgive,0.1,41,21,1,2,0.7926,0.67,43086845,40625.664,2716161
node0.tardis-apia.ldos-ut-pg0.wisc.cloudlab.us,tencentBlock_11615,lruforgive,0.1,41,21,1,3,0.7926,0.66,43086845,40625.664,2716161
node0.tardis-apia.ldos-ut-pg0.wisc.cloudlab.us,tencentBlock_11615,s3fifo,0.1,41,21,1,1,0.8357,1.32,43086845,40625.664,2716161
node0.tardis-apia.ldos-ut-pg0.wisc.cloudlab.us,tencentBlock_11615,s3fifo,0.1,41,21,1,2,0.8357,1.32,43086845,40625.664,2716161
node0.tardis-apia.ldos-ut-pg0.wisc.cloudlab.us,tencentBlock_11615,s3fifo,0.1,41,21,1,3,0.8357,1.35,43086845,40625.664,2716161
node0.tardis-apia.ldos-ut-pg0.wisc.cloudlab.us,tencentBlock_11615,s3fifoforgive,0.1,41,21,1,1,0.8299,0.92,43086845,40625.664,2716161
node0.tardis-apia.ldos-ut-pg0.wisc.cloudlab.us,tencentBlock_11615,s3fifoforgive,0.1,41,21,1,2,0.8299,0.92,43086845,40625.664,2716161
node0.tardis-apia.ldos-ut-pg0.wisc.cloudlab.us,tencentBlock_11615,s3fifoforgive,0.1,41,21,1,3,0.8299,0.92,43086845,40625.664,2716161
node0.tardis-apia.ldos-ut-pg0.wisc.cloudlab.us,tencentBlock_1162,lru,10,13971,27,1,1,0.9966,0.08,3047093,139712.9216,2235474
node0.tardis-apia.ldos-ut-pg0.wisc.cloudlab.us,tencentBlock_1162,lru,10,13971,27,1,2,0.9966,0.08,3047093,139712.9216,2235474
node0.tardis-apia.ldos-ut-pg0.wisc.cloudlab.us,tencentBlock_1162,lru,10,13971,27,1,3,0.9966,0.08,3047093,139712.9216,2235474
node0.tardis-apia.ldos-ut-pg0.wisc.cloudlab.us,tencentBlock_1162,lruforgive,10,13971,27,1,1,0.9966,0.09,3047093,139712.9216,2235474
node0.tardis-apia.ldos-ut-pg0.wisc.cloudlab.us,tencentBlock_1162,lruforgive,10,13971,27,1,2,0.9966,0.09,3047093,139712.9216,2235474
node0.tardis-apia.ldos-ut-pg0.wisc.cloudlab.us,tencentBlock_1162,lruforgive,10,13971,27,1,3,0.9966,0.08,3047093,139712.9216,2235474
node0.tardis-apia.ldos-ut-pg0.wisc.cloudlab.us,tencentBlock_1162,s3fifo,10,13971,27,1,1,0.9947,0.08,3047093,139712.9216,2235474
node0.tardis-apia.ldos-ut-pg0.wisc.cloudlab.us,tencentBlock_1162,s3fifo,10,13971,27,1,2,0.9947,0.08,3047093,139712.9216,2235474
node0.tardis-apia.ldos-ut-pg0.wisc.cloudlab.us,tencentBlock_1162,s3fifo,10,13971,27,1,3,0.9947,0.08,3047093,139712.9216,2235474
node0.tardis-apia.ldos-ut-pg0.wisc.cloudlab.us,tencentBlock_1162,s3fifoforgive,10,13971,27,1,1,0.9947,0.09,3047093,139712.9216,2235474
node0.tardis-apia.ldos-ut-pg0.wisc.cloudlab.us,tencentBlock_1162,s3fifoforgive,10,13971,27,1,2,0.9947,0.09,3047093,139712.9216,2235474
node0.tardis-apia.ldos-ut-pg0.wisc.cloudlab.us,tencentBlock_1162,s3fifoforgive,10,13971,27,1,3,0.9947,0.09,3047093,139712.9216,2235474
node0.tardis-apia.ldos-ut-pg0.wisc.cloudlab.us,tencentBlock_1162,lru,0.1,140,23,1,1,1.0000,0.12,3047093,139712.9216,2235474
node0.tardis-apia.ldos-ut-pg0.wisc.cloudlab.us,tencentBlock_1162,lru,0.1,140,23,1,2,1.0000,0.13,3047093,139712.9216,2235474
node0.tardis-apia.ldos-ut-pg0.wisc.cloudlab.us,tencentBlock_1162,lru,0.1,140,23,1,3,1.0000,0.12,3047093,139712.9216,2235474
node0.tardis-apia.ldos-ut-pg0.wisc.cloudlab.us,tencentBlock_1162,lruforgive,0.1,140,23,1,1,1.0000,0.13,3047093,139712.9216,2235474
node0.tardis-apia.ldos-ut-pg0.wisc.cloudlab.us,tencentBlock_1162,lruforgive,0.1,140,23,1,2,1.0000,0.13,3047093,139712.9216,2235474
node0.tardis-apia.ldos-ut-pg0.wisc.cloudlab.us,tencentBlock_1162,lruforgive,0.1,140,23,1,3,1.0000,0.13,3047093,139712.9216,2235474
node0.tardis-apia.ldos-ut-pg0.wisc.cloudlab.us,tencentBlock_1162,s3fifo,0.1,140,23,1,1,0.9999,0.13,3047093,139712.9216,2235474
node0.tardis-apia.ldos-ut-pg0.wisc.cloudlab.us,tencentBlock_1162,s3fifo,0.1,140,23,1,2,0.9999,0.13,3047093,139712.9216,2235474
node0.tardis-apia.ldos-ut-pg0.wisc.cloudlab.us,tencentBlock_1162,s3fifo,0.1,140,23,1,3,0.9999,0.12,3047093,139712.9216,2235474
node0.tardis-apia.ldos-ut-pg0.wisc.cloudlab.us,tencentBlock_1162,s3fifoforgive,0.1,140,23,1,1,0.9999,0.13,3047093,139712.9216,2235474
node0.tardis-apia.ldos-ut-pg0.wisc.cloudlab.us,tencentBlock_1162,s3fifoforgive,0.1,140,23,1,2,0.9999,0.13,3047093,139712.9216,2235474
node0.tardis-apia.ldos-ut-pg0.wisc.cloudlab.us,tencentBlock_1162,s3fifoforgive,0.1,140,23,1,3,0.9999,0.13,3047093,139712.9216,2235474
node0.tardis-apia.ldos-ut-pg0.wisc.cloudlab.us,tencentBlock_11622,lru,10,9673,27,1,1,0.6817,0.14,5361031,96725.2992,2476633
node0.tardis-apia.ldos-ut-pg0.wisc.cloudlab.us,tencentBlock_11622,lru,10,9673,27,1,2,0.6817,0.14,5361031,96725.2992,2476633
node0.tardis-apia.ldos-ut-pg0.wisc.cloudlab.us,tencentBlock_11622,lru,10,9673,27,1,3,0.6817,0.14,5361031,96725.2992,2476633
node0.tardis-apia.ldos-ut-pg0.wisc.cloudlab.us,tencentBlock_11622,lruforgive,10,9673,27,1,1,0.6801,0.14,5361031,96725.2992,2476633
node0.tardis-apia.ldos-ut-pg0.wisc.cloudlab.us,tencentBlock_11622,lruforgive,10,9673,27,1,2,0.6801,0.14,5361031,96725.2992,2476633
node0.tardis-apia.ldos-ut-pg0.wisc.cloudlab.us,tencentBlock_11622,lruforgive,10,9673,27,1,3,0.6801,0.14,5361031,96725.2992,2476633
node0.tardis-apia.ldos-ut-pg0.wisc.cloudlab.us,tencentBlock_11622,s3fifo,10,9673,27,1,1,0.6543,0.15,5361031,96725.2992,2476633
node0.tardis-apia.ldos-ut-pg0.wisc.cloudlab.us,tencentBlock_11622,s3fifo,10,9673,27,1,2,0.6543,0.15,5361031,96725.2992,2476633
node0.tardis-apia.ldos-ut-pg0.wisc.cloudlab.us,tencentBlock_11622,s3fifo,10,9673,27,1,3,0.6543,0.15,5361031,96725.2992,2476633
node0.tardis-apia.ldos-ut-pg0.wisc.cloudlab.us,tencentBlock_11622,s3fifoforgive,10,9673,27,1,1,0.6543,0.15,5361031,96725.2992,2476633
node0.tardis-apia.ldos-ut-pg0.wisc.cloudlab.us,tencentBlock_11622,s3fifoforgive,10,9673,27,1,2,0.6543,0.15,5361031,96725.2992,2476633
node0.tardis-apia.ldos-ut-pg0.wisc.cloudlab.us,tencentBlock_11622,s3fifoforgive,10,9673,27,1,3,0.6543,0.15,5361031,96725.2992,2476633
node0.tardis-apia.ldos-ut-pg0.wisc.cloudlab.us,tencentBlock_11622,lru,0.1,97,23,1,1,0.8154,0.29,5361031,96725.2992,2476633
node0.tardis-apia.ldos-ut-pg0.wisc.cloudlab.us,tencentBlock_11622,lru,0.1,97,23,1,2,0.8154,0.29,5361031,96725.2992,2476633
node0.tardis-apia.ldos-ut-pg0.wisc.cloudlab.us,tencentBlock_11622,lru,0.1,97,23,1,3,0.8154,0.29,5361031,96725.2992,2476633
node0.tardis-apia.ldos-ut-pg0.wisc.cloudlab.us,tencentBlock_11622,lruforgive,0.1,97,23,1,1,0.8129,0.27,5361031,96725.2992,2476633
node0.tardis-apia.ldos-ut-pg0.wisc.cloudlab.us,tencentBlock_11622,lruforgive,0.1,97,23,1,2,0.8129,0.27,5361031,96725.2992,2476633
node0.tardis-apia.ldos-ut-pg0.wisc.cloudlab.us,tencentBlock_11622,lruforgive,0.1,97,23,1,3,0.8129,0.27,5361031,96725.2992,2476633
node0.tardis-apia.ldos-ut-pg0.wisc.cloudlab.us,tencentBlock_11622,s3fifo,0.1,97,23,1,1,0.8155,0.46,5361031,96725.2992,2476633
node0.tardis-apia.ldos-ut-pg0.wisc.cloudlab.us,tencentBlock_11622,s3fifo,0.1,97,23,1,2,0.8155,0.43,5361031,96725.2992,2476633
node0.tardis-apia.ldos-ut-pg0.wisc.cloudlab.us,tencentBlock_11622,s3fifo,0.1,97,23,1,3,0.8155,0.43,5361031,96725.2992,2476633
node0.tardis-apia.ldos-ut-pg0.wisc.cloudlab.us,tencentBlock_11622,s3fifoforgive,0.1,97,23,1,1,0.8152,0.41,5361031,96725.2992,2476633
node0.tardis-apia.ldos-ut-pg0.wisc.cloudlab.us,tencentBlock_11622,s3fifoforgive,0.1,97,23,1,2,0.8152,0.40,5361031,96725.2992,2476633
node0.tardis-apia.ldos-ut-pg0.wisc.cloudlab.us,tencentBlock_11622,s3fifoforgive,0.1,97,23,1,3,0.8152,0.40,5361031,96725.2992,2476633
node0.tardis-apia.ldos-ut-pg0.wisc.cloudlab.us,tencentBlock_1163,lru,10,4803,27,1,1,0.0191,1.10,149653359,48027.5456,1335439
node0.tardis-apia.ldos-ut-pg0.wisc.cloudlab.us,tencentBlock_1163,lru,10,4803,27,1,2,0.0191,1.12,149653359,48027.5456,1335439
node0.tardis-apia.ldos-ut-pg0.wisc.cloudlab.us,tencentBlock_1163,lru,10,4803,27,1,3,0.0191,1.10,149653359,48027.5456,1335439
node0.tardis-apia.ldos-ut-pg0.wisc.cloudlab.us,tencentBlock_1163,lruforgive,10,4803,27,1,1,0.0191,0.35,149653359,48027.5456,1335439
node0.tardis-apia.ldos-ut-pg0.wisc.cloudlab.us,tencentBlock_1163,lruforgive,10,4803,27,1,2,0.0191,0.35,149653359,48027.5456,1335439
node0.tardis-apia.ldos-ut-pg0.wisc.cloudlab.us,tencentBlock_1163,lruforgive,10,4803,27,1,3,0.0191,0.35,149653359,48027.5456,1335439
node0.tardis-apia.ldos-ut-pg0.wisc.cloudlab.us,tencentBlock_1163,s3fifo,10,4803,27,1,1,0.0173,1.36,149653359,48027.5456,1335439
node0.tardis-apia.ldos-ut-pg0.wisc.cloudlab.us,tencentBlock_1163,s3fifo,10,4803,27,1,2,0.0173,1.35,149653359,48027.5456,1335439
node0.tardis-apia.ldos-ut-pg0.wisc.cloudlab.us,tencentBlock_1163,s3fifo,10,4803,27,1,3,0.0173,1.35,149653359,48027.5456,1335439
node0.tardis-apia.ldos-ut-pg0.wisc.cloudlab.us,tencentBlock_1163,s3fifoforgive,10,4803,27,1,1,0.0173,0.38,149653359,48027.5456,1335439
node0.tardis-apia.ldos-ut-pg0.wisc.cloudlab.us,tencentBlock_1163,s3fifoforgive,10,4803,27,1,2,0.0173,0.38,149653359,48027.5456,1335439
node0.tardis-apia.ldos-ut-pg0.wisc.cloudlab.us,tencentBlock_1163,s3fifoforgive,10,4803,27,1,3,0.0173,0.38,149653359,48027.5456,1335439
node0.tardis-apia.ldos-ut-pg0.wisc.cloudlab.us,tencentBlock_1163,lru,0.1,48,22,1,1,0.8538,0.99,149653359,48027.5456,1335439
node0.tardis-apia.ldos-ut-pg0.wisc.cloudlab.us,tencentBlock_1163,lru,0.1,48,22,1,2,0.8538,0.97,149653359,48027.5456,1335439
node0.tardis-apia.ldos-ut-pg0.wisc.cloudlab.us,tencentBlock_1163,lru,0.1,48,22,1,3,0.8538,0.97,149653359,48027.5456,1335439
node0.tardis-apia.ldos-ut-pg0.wisc.cloudlab.us,tencentBlock_1163,lruforgive,0.1,48,22,1,1,0.8534,0.54,149653359,48027.5456,1335439
node0.tardis-apia.ldos-ut-pg0.wisc.cloudlab.us,tencentBlock_1163,lruforgive,0.1,48,22,1,2,0.8534,0.53,149653359,48027.5456,1335439
node0.tardis-apia.ldos-ut-pg0.wisc.cloudlab.us,tencentBlock_1163,lruforgive,0.1,48,22,1,3,0.8534,0.54,149653359,48027.5456,1335439
node0.tardis-apia.ldos-ut-pg0.wisc.cloudlab.us,tencentBlock_1163,s3fifo,0.1,48,22,1,1,NA,NA,NA,48027.5456,1335439
node0.tardis-apia.ldos-ut-pg0.wisc.cloudlab.us,tencentBlock_1163,s3fifo,0.1,48,22,1,2,0.8518,1.10,149653359,48027.5456,1335439
node0.tardis-apia.ldos-ut-pg0.wisc.cloudlab.us,tencentBlock_1163,s3fifo,0.1,48,22,1,3,NA,NA,NA,48027.5456,1335439
node0.tardis-apia.ldos-ut-pg0.wisc.cloudlab.us,tencentBlock_1163,s3fifoforgive,0.1,48,22,1,1,0.8509,0.89,149653359,48027.5456,1335439
node0.tardis-apia.ldos-ut-pg0.wisc.cloudlab.us,tencentBlock_1163,s3fifoforgive,0.1,48,22,1,2,0.8509,0.89,149653359,48027.5456,1335439
node0.tardis-apia.ldos-ut-pg0.wisc.cloudlab.us,tencentBlock_1163,s3fifoforgive,0.1,48,22,1,3,NA,NA,NA,48027.5456,1335439
node0.tardis-apia.ldos-ut-pg0.wisc.cloudlab.us,tencentBlock_11633,lru,10,2154,27,1,1,0.2704,0.51,8277760,21541.5808,1128518
node0.tardis-apia.ldos-ut-pg0.wisc.cloudlab.us,tencentBlock_11633,lru,10,2154,27,1,2,0.2704,0.51,8277760,21541.5808,1128518
node0.tardis-apia.ldos-ut-pg0.wisc.cloudlab.us,tencentBlock_11633,lru,10,2154,27,1,3,0.2704,0.51,8277760,21541.5808,1128518
node0.tardis-apia.ldos-ut-pg0.wisc.cloudlab.us,tencentBlock_11633,lruforgive,10,2154,27,1,1,0.2704,0.37,8277760,21541.5808,1128518
node0.tardis-apia.ldos-ut-pg0.wisc.cloudlab.us,tencentBlock_11633,lruforgive,10,2154,27,1,2,0.2704,0.37,8277760,21541.5808,1128518
node0.tardis-apia.ldos-ut-pg0.wisc.cloudlab.us,tencentBlock_11633,lruforgive,10,2154,27,1,3,0.2704,0.36,8277760,21541.5808,1128518
node0.tardis-apia.ldos-ut-pg0.wisc.cloudlab.us,tencentBlock_11633,s3fifo,10,2154,27,1,1,0.2647,0.51,8277760,21541.5808,1128518
node0.tardis-apia.ldos-ut-pg0.wisc.cloudlab.us,tencentBlock_11633,s3fifo,10,2154,27,1,2,0.2647,0.52,8277760,21541.5808,1128518
node0.tardis-apia.ldos-ut-pg0.wisc.cloudlab.us,tencentBlock_11633,s3fifo,10,2154,27,1,3,0.2647,0.52,8277760,21541.5808,1128518
node0.tardis-apia.ldos-ut-pg0.wisc.cloudlab.us,tencentBlock_11633,s3fifoforgive,10,2154,27,1,1,0.2647,0.37,8277760,21541.5808,1128518
node0.tardis-apia.ldos-ut-pg0.wisc.cloudlab.us,tencentBlock_11633,s3fifoforgive,10,2154,27,1,2,0.2647,0.38,8277760,21541.5808,1128518
node0.tardis-apia.ldos-ut-pg0.wisc.cloudlab.us,tencentBlock_11633,s3fifoforgive,10,2154,27,1,3,0.2647,0.37,8277760,21541.5808,1128518
node0.tardis-apia.ldos-ut-pg0.wisc.cloudlab.us,tencentBlock_11633,lru,0.1,22,20,1,1,0.4922,2.03,8277760,21541.5808,1128518
node0.tardis-apia.ldos-ut-pg0.wisc.cloudlab.us,tencentBlock_11633,lru,0.1,22,20,1,2,0.4922,1.99,8277760,21541.5808,1128518
node0.tardis-apia.ldos-ut-pg0.wisc.cloudlab.us,tencentBlock_11633,lru,0.1,22,20,1,3,0.4922,2.05,8277760,21541.5808,1128518
node0.tardis-apia.ldos-ut-pg0.wisc.cloudlab.us,tencentBlock_11633,lruforgive,0.1,22,20,1,1,0.4882,0.78,8277760,21541.5808,1128518
node0.tardis-apia.ldos-ut-pg0.wisc.cloudlab.us,tencentBlock_11633,lruforgive,0.1,22,20,1,2,0.4882,0.75,8277760,21541.5808,1128518
node0.tardis-apia.ldos-ut-pg0.wisc.cloudlab.us,tencentBlock_11633,lruforgive,0.1,22,20,1,3,0.4882,0.74,8277760,21541.5808,1128518
node0.tardis-apia.ldos-ut-pg0.wisc.cloudlab.us,tencentBlock_11633,s3fifo,0.1,22,20,1,1,0.4915,2.00,8277760,21541.5808,1128518
node0.tardis-apia.ldos-ut-pg0.wisc.cloudlab.us,tencentBlock_11633,s3fifo,0.1,22,20,1,2,0.4915,2.09,8277760,21541.5808,1128518
node0.tardis-apia.ldos-ut-pg0.wisc.cloudlab.us,tencentBlock_11633,s3fifo,0.1,22,20,1,3,0.4915,2.00,8277760,21541.5808,1128518
node0.tardis-apia.ldos-ut-pg0.wisc.cloudlab.us,tencentBlock_11633,s3fifoforgive,0.1,22,20,1,1,0.4881,1.03,8277760,21541.5808,1128518
node0.tardis-apia.ldos-ut-pg0.wisc.cloudlab.us,tencentBlock_11633,s3fifoforgive,0.1,22,20,1,2,0.4881,1.02,8277760,21541.5808,1128518
node0.tardis-apia.ldos-ut-pg0.wisc.cloudlab.us,tencentBlock_11633,s3fifoforgive,0.1,22,20,1,3,0.4881,0.98,8277760,21541.5808,1128518
node0.tardis-apia.ldos-ut-pg0.wisc.cloudlab.us,tencentBlock_11634,lru,10,3576,27,1,1,0.2762,0.49,42632991,35758.592,2654602
node0.tardis-apia.ldos-ut-pg0.wisc.cloudlab.us,tencentBlock_11634,lru,10,3576,27,1,2,0.2762,0.49,42632991,35758.592,2654602
node0.tardis-apia.ldos-ut-pg0.wisc.cloudlab.us,tencentBlock_11634,lru,10,3576,27,1,3,0.2762,0.48,42632991,35758.592,2654602
node0.tardis-apia.ldos-ut-pg0.wisc.cloudlab.us,tencentBlock_11634,lruforgive,10,3576,27,1,1,0.2748,0.27,42632991,35758.592,2654602
node0.tardis-apia.ldos-ut-pg0.wisc.cloudlab.us,tencentBlock_11634,lruforgive,10,3576,27,1,2,0.2748,0.27,42632991,35758.592,2654602
node0.tardis-apia.ldos-ut-pg0.wisc.cloudlab.us,tencentBlock_11634,lruforgive,10,3576,27,1,3,0.2748,0.26,42632991,35758.592,2654602
node0.tardis-apia.ldos-ut-pg0.wisc.cloudlab.us,tencentBlock_11634,s3fifo,10,3576,27,1,1,0.2697,0.50,42632991,35758.592,2654602
node0.tardis-apia.ldos-ut-pg0.wisc.cloudlab.us,tencentBlock_11634,s3fifo,10,3576,27,1,2,0.2697,0.49,42632991,35758.592,2654602
node0.tardis-apia.ldos-ut-pg0.wisc.cloudlab.us,tencentBlock_11634,s3fifo,10,3576,27,1,3,0.2697,0.49,42632991,35758.592,2654602
node0.tardis-apia.ldos-ut-pg0.wisc.cloudlab.us,tencentBlock_11634,s3fifoforgive,10,3576,27,1,1,0.2695,0.29,42632991,35758.592,2654602
node0.tardis-apia.ldos-ut-pg0.wisc.cloudlab.us,tencentBlock_11634,s3fifoforgive,10,3576,27,1,2,0.2695,0.29,42632991,35758.592,2654602
node0.tardis-apia.ldos-ut-pg0.wisc.cloudlab.us,tencentBlock_11634,s3fifoforgive,10,3576,27,1,3,0.2695,0.29,42632991,35758.592,2654602
node0.tardis-apia.ldos-ut-pg0.wisc.cloudlab.us,tencentBlock_11634,lru,0.1,36,21,1,1,0.7427,1.30,42632991,35758.592,2654602
node0.tardis-apia.ldos-ut-pg0.wisc.cloudlab.us,tencentBlock_11634,lru,0.1,36,21,1,2,0.7427,1.30,42632991,35758.592,2654602
node0.tardis-apia.ldos-ut-pg0.wisc.cloudlab.us,tencentBlock_11634,lru,0.1,36,21,1,3,0.7427,1.31,42632991,35758.592,2654602
node0.tardis-apia.ldos-ut-pg0.wisc.cloudlab.us,tencentBlock_11634,lruforgive,0.1,36,21,1,1,0.7339,0.67,42632991,35758.592,2654602
node0.tardis-apia.ldos-ut-pg0.wisc.cloudlab.us,tencentBlock_11634,lruforgive,0.1,36,21,1,2,0.7339,0.68,42632991,35758.592,2654602
node0.tardis-apia.ldos-ut-pg0.wisc.cloudlab.us,tencentBlock_11634,lruforgive,0.1,36,21,1,3,0.7339,0.69,42632991,35758.592,2654602
node0.tardis-apia.ldos-ut-pg0.wisc.cloudlab.us,tencentBlock_11634,s3fifo,0.1,36,21,1,1,0.7677,1.36,42632991,35758.592,2654602
node0.tardis-apia.ldos-ut-pg0.wisc.cloudlab.us,tencentBlock_11634,s3fifo,0.1,36,21,1,2,0.7677,1.37,42632991,35758.592,2654602
node0.tardis-apia.ldos-ut-pg0.wisc.cloudlab.us,tencentBlock_11634,s3fifo,0.1,36,21,1,3,0.7677,1.37,42632991,35758.592,2654602
node0.tardis-apia.ldos-ut-pg0.wisc.cloudlab.us,tencentBlock_11634,s3fifoforgive,0.1,36,21,1,1,0.7635,0.91,42632991,35758.592,2654602
node0.tardis-apia.ldos-ut-pg0.wisc.cloudlab.us,tencentBlock_11634,s3fifoforgive,0.1,36,21,1,2,0.7635,0.88,42632991,35758.592,2654602
node0.tardis-apia.ldos-ut-pg0.wisc.cloudlab.us,tencentBlock_11634,s3fifoforgive,0.1,36,21,1,3,0.7635,0.89,42632991,35758.592,2654602
node0.tardis-apia.ldos-ut-pg0.wisc.cloudlab.us,tencentBlock_1164,lru,10,77278,27,1,1,0.1186,0.21,87769645,772777.6768,8706508
node0.tardis-apia.ldos-ut-pg0.wisc.cloudlab.us,tencentBlock_1164,lru,10,77278,27,1,2,0.1186,0.20,87769645,772777.6768,8706508
node0.tardis-apia.ldos-ut-pg0.wisc.cloudlab.us,tencentBlock_1164,lru,10,77278,27,1,3,0.1186,0.20,87769645,772777.6768,8706508
node0.tardis-apia.ldos-ut-pg0.wisc.cloudlab.us,tencentBlock_1164,lruforgive,10,77278,27,1,1,0.1185,0.14,87769645,772777.6768,8706508
node0.tardis-apia.ldos-ut-pg0.wisc.cloudlab.us,tencentBlock_1164,lruforgive,10,77278,27,1,2,0.1185,0.14,87769645,772777.6768,8706508
node0.tardis-apia.ldos-ut-pg0.wisc.cloudlab.us,tencentBlock_1164,lruforgive,10,77278,27,1,3,0.1185,0.14,87769645,772777.6768,8706508
node0.tardis-apia.ldos-ut-pg0.wisc.cloudlab.us,tencentBlock_1164,s3fifo,10,77278,27,1,1,0.1115,0.26,87769645,772777.6768,8706508
node0.tardis-apia.ldos-ut-pg0.wisc.cloudlab.us,tencentBlock_1164,s3fifo,10,77278,27,1,2,0.1115,0.26,87769645,772777.6768,8706508
node0.tardis-apia.ldos-ut-pg0.wisc.cloudlab.us,tencentBlock_1164,s3fifo,10,77278,27,1,3,0.1115,0.26,87769645,772777.6768,8706508
node0.tardis-apia.ldos-ut-pg0.wisc.cloudlab.us,tencentBlock_1164,s3fifoforgive,10,77278,27,1,1,0.1115,0.17,87769645,772777.6768,8706508
node0.tardis-apia.ldos-ut-pg0.wisc.cloudlab.us,tencentBlock_1164,s3fifoforgive,10,77278,27,1,2,0.1115,0.17,87769645,772777.6768,8706508
node0.tardis-apia.ldos-ut-pg0.wisc.cloudlab.us,tencentBlock_1164,s3fifoforgive,10,77278,27,1,3,0.1115,0.17,87769645,772777.6768,8706508
node0.tardis-apia.ldos-ut-pg0.wisc.cloudlab.us,tencentBlock_1164,lru,0.1,773,26,1,1,0.6077,0.23,87769645,772777.6768,8706508
node0.tardis-apia.ldos-ut-pg0.wisc.cloudlab.us,tencentBlock_1164,lru,0.1,773,26,1,2,0.6077,0.23,87769645,772777.6768,8706508
node0.tardis-apia.ldos-ut-pg0.wisc.cloudlab.us,tencentBlock_1164,lru,0.1,773,26,1,3,0.6077,0.23,87769645,772777.6768,8706508
node0.tardis-apia.ldos-ut-pg0.wisc.cloudlab.us,tencentBlock_1164,lruforgive,0.1,773,26,1,1,0.5912,0.20,87769645,772777.6768,8706508
node0.tardis-apia.ldos-ut-pg0.wisc.cloudlab.us,tencentBlock_1164,lruforgive,0.1,773,26,1,2,0.5912,0.19,87769645,772777.6768,8706508
node0.tardis-apia.ldos-ut-pg0.wisc.cloudlab.us,tencentBlock_1164,lruforgive,0.1,773,26,1,3,0.5912,0.19,87769645,772777.6768,8706508
node0.tardis-apia.ldos-ut-pg0.wisc.cloudlab.us,tencentBlock_1164,s3fifo,0.1,773,26,1,1,0.5700,0.35,87769645,772777.6768,8706508
node0.tardis-apia.ldos-ut-pg0.wisc.cloudlab.us,tencentBlock_1164,s3fifo,0.1,773,26,1,2,0.5700,0.33,87769645,772777.6768,8706508
node0.tardis-apia.ldos-ut-pg0.wisc.cloudlab.us,tencentBlock_1164,s3fifo,0.1,773,26,1,3,0.5700,0.33,87769645,772777.6768,8706508
node0.tardis-apia.ldos-ut-pg0.wisc.cloudlab.us,tencentBlock_1164,s3fifoforgive,0.1,773,26,1,1,0.5696,0.27,87769645,772777.6768,8706508
node0.tardis-apia.ldos-ut-pg0.wisc.cloudlab.us,tencentBlock_1164,s3fifoforgive,0.1,773,26,1,2,0.5696,0.27,87769645,772777.6768,8706508
node0.tardis-apia.ldos-ut-pg0.wisc.cloudlab.us,tencentBlock_1164,s3fifoforgive,0.1,773,26,1,3,0.5696,0.26,87769645,772777.6768,8706508
node0.tardis-apia.ldos-ut-pg0.wisc.cloudlab.us,tencentBlock_11648,lru,10,3167,27,1,1,0.2853,0.53,50562231,31669.5552,2802385
node0.tardis-apia.ldos-ut-pg0.wisc.cloudlab.us,tencentBlock_11648,lru,10,3167,27,1,2,0.2853,0.52,50562231,31669.5552,2802385
node0.tardis-apia.ldos-ut-pg0.wisc.cloudlab.us,tencentBlock_11648,lru,10,3167,27,1,3,0.2853,0.53,50562231,31669.5552,2802385
node0.tardis-apia.ldos-ut-pg0.wisc.cloudlab.us,tencentBlock_11648,lruforgive,10,3167,27,1,1,0.2836,0.28,50562231,31669.5552,2802385
node0.tardis-apia.ldos-ut-pg0.wisc.cloudlab.us,tencentBlock_11648,lruforgive,10,3167,27,1,2,0.2836,0.27,50562231,31669.5552,2802385
node0.tardis-apia.ldos-ut-pg0.wisc.cloudlab.us,tencentBlock_11648,lruforgive,10,3167,27,1,3,0.2836,0.27,50562231,31669.5552,2802385
node0.tardis-apia.ldos-ut-pg0.wisc.cloudlab.us,tencentBlock_11648,s3fifo,10,3167,27,1,1,0.2708,0.54,50562231,31669.5552,2802385
node0.tardis-apia.ldos-ut-pg0.wisc.cloudlab.us,tencentBlock_11648,s3fifo,10,3167,27,1,2,0.2708,0.54,50562231,31669.5552,2802385
node0.tardis-apia.ldos-ut-pg0.wisc.cloudlab.us,tencentBlock_11648,s3fifo,10,3167,27,1,3,0.2708,0.54,50562231,31669.5552,2802385
node0.tardis-apia.ldos-ut-pg0.wisc.cloudlab.us,tencentBlock_11648,s3fifoforgive,10,3167,27,1,1,0.2706,0.30,50562231,31669.5552,2802385
node0.tardis-apia.ldos-ut-pg0.wisc.cloudlab.us,tencentBlock_11648,s3fifoforgive,10,3167,27,1,2,0.2706,0.30,50562231,31669.5552,2802385
node0.tardis-apia.ldos-ut-pg0.wisc.cloudlab.us,tencentBlock_11648,s3fifoforgive,10,3167,27,1,3,0.2706,0.30,50562231,31669.5552,2802385
node0.tardis-apia.ldos-ut-pg0.wisc.cloudlab.us,tencentBlock_11648,lru,0.1,32,21,1,1,0.8322,1.10,50562231,31669.5552,2802385
node0.tardis-apia.ldos-ut-pg0.wisc.cloudlab.us,tencentBlock_11648,lru,0.1,32,21,1,2,0.8322,1.06,50562231,31669.5552,2802385
node0.tardis-apia.ldos-ut-pg0.wisc.cloudlab.us,tencentBlock_11648,lru,0.1,32,21,1,3,0.8322,1.09,50562231,31669.5552,2802385
node0.tardis-apia.ldos-ut-pg0.wisc.cloudlab.us,tencentBlock_11648,lruforgive,0.1,32,21,1,1,0.8214,0.67,50562231,31669.5552,2802385
node0.tardis-apia.ldos-ut-pg0.wisc.cloudlab.us,tencentBlock_11648,lruforgive,0.1,32,21,1,2,0.8214,0.66,50562231,31669.5552,2802385
node0.tardis-apia.ldos-ut-pg0.wisc.cloudlab.us,tencentBlock_11648,lruforgive,0.1,32,21,1,3,0.8214,0.67,50562231,31669.5552,2802385
node0.tardis-apia.ldos-ut-pg0.wisc.cloudlab.us,tencentBlock_11648,s3fifo,0.1,32,21,1,1,0.8508,1.32,50562231,31669.5552,2802385
node0.tardis-apia.ldos-ut-pg0.wisc.cloudlab.us,tencentBlock_11648,s3fifo,0.1,32,21,1,2,0.8508,1.36,50562231,31669.5552,2802385
node0.tardis-apia.ldos-ut-pg0.wisc.cloudlab.us,tencentBlock_11648,s3fifo,0.1,32,21,1,3,0.8508,1.32,50562231,31669.5552,2802385
node0.tardis-apia.ldos-ut-pg0.wisc.cloudlab.us,tencentBlock_11648,s3fifoforgive,0.1,32,21,1,1,0.8452,0.94,50562231,31669.5552,2802385
node0.tardis-apia.ldos-ut-pg0.wisc.cloudlab.us,tencentBlock_11648,s3fifoforgive,0.1,32,21,1,2,0.8452,0.94,50562231,31669.5552,2802385
node0.tardis-apia.ldos-ut-pg0.wisc.cloudlab.us,tencentBlock_11648,s3fifoforgive,0.1,32,21,1,3,0.8452,0.96,50562231,31669.5552,2802385
node0.tardis-apia.ldos-ut-pg0.wisc.cloudlab.us,tencentBlock_11656,lru,10,1680,27,1,1,0.2129,0.69,10747117,16795.2384,1524268
node0.tardis-apia.ldos-ut-pg0.wisc.cloudlab.us,tencentBlock_11656,lru,10,1680,27,1,2,0.2129,0.69,10747117,16795.2384,1524268
node0.tardis-apia.ldos-ut-pg0.wisc.cloudlab.us,tencentBlock_11656,lru,10,1680,27,1,3,0.2129,0.69,10747117,16795.2384,1524268
node0.tardis-apia.ldos-ut-pg0.wisc.cloudlab.us,tencentBlock_11656,lruforgive,10,1680,27,1,1,0.2125,0.40,10747117,16795.2384,1524268
node0.tardis-apia.ldos-ut-pg0.wisc.cloudlab.us,tencentBlock_11656,lruforgive,10,1680,27,1,2,0.2125,0.38,10747117,16795.2384,1524268
node0.tardis-apia.ldos-ut-pg0.wisc.cloudlab.us,tencentBlock_11656,lruforgive,10,1680,27,1,3,0.2125,0.38,10747117,16795.2384,1524268
node0.tardis-apia.ldos-ut-pg0.wisc.cloudlab.us,tencentBlock_11656,s3fifo,10,1680,27,1,1,0.2272,0.75,10747117,16795.2384,1524268
node0.tardis-apia.ldos-ut-pg0.wisc.cloudlab.us,tencentBlock_11656,s3fifo,10,1680,27,1,2,0.2272,0.74,10747117,16795.2384,1524268
node0.tardis-apia.ldos-ut-pg0.wisc.cloudlab.us,tencentBlock_11656,s3fifo,10,1680,27,1,3,0.2272,0.75,10747117,16795.2384,1524268
node0.tardis-apia.ldos-ut-pg0.wisc.cloudlab.us,tencentBlock_11656,s3fifoforgive,10,1680,27,1,1,0.2271,0.45,10747117,16795.2384,1524268
node0.tardis-apia.ldos-ut-pg0.wisc.cloudlab.us,tencentBlock_11656,s3fifoforgive,10,1680,27,1,2,0.2271,0.44,10747117,16795.2384,1524268
node0.tardis-apia.ldos-ut-pg0.wisc.cloudlab.us,tencentBlock_11656,s3fifoforgive,10,1680,27,1,3,0.2271,0.44,10747117,16795.2384,1524268
node0.tardis-apia.ldos-ut-pg0.wisc.cloudlab.us,tencentBlock_11656,lru,0.1,17,20,1,1,0.6584,2.00,10747117,16795.2384,1524268
node0.tardis-apia.ldos-ut-pg0.wisc.cloudlab.us,tencentBlock_11656,lru,0.1,17,20,1,2,0.6584,1.94,10747117,16795.2384,1524268
node0.tardis-apia.ldos-ut-pg0.wisc.cloudlab.us,tencentBlock_11656,lru,0.1,17,20,1,3,0.6584,1.97,10747117,16795.2384,1524268
node0.tardis-apia.ldos-ut-pg0.wisc.cloudlab.us,tencentBlock_11656,lruforgive,0.1,17,20,1,1,0.5916,0.51,10747117,16795.2384,1524268
node0.tardis-apia.ldos-ut-pg0.wisc.cloudlab.us,tencentBlock_11656,lruforgive,0.1,17,20,1,2,0.5916,0.47,10747117,16795.2384,1524268
node0.tardis-apia.ldos-ut-pg0.wisc.cloudlab.us,tencentBlock_11656,lruforgive,0.1,17,20,1,3,0.5916,0.50,10747117,16795.2384,1524268
node0.tardis-apia.ldos-ut-pg0.wisc.cloudlab.us,tencentBlock_11656,s3fifo,0.1,17,20,1,1,0.5775,2.06,10747117,16795.2384,1524268
node0.tardis-apia.ldos-ut-pg0.wisc.cloudlab.us,tencentBlock_11656,s3fifo,0.1,17,20,1,2,0.5775,2.01,10747117,16795.2384,1524268
node0.tardis-apia.ldos-ut-pg0.wisc.cloudlab.us,tencentBlock_11656,s3fifo,0.1,17,20,1,3,0.5775,2.01,10747117,16795.2384,1524268
node0.tardis-apia.ldos-ut-pg0.wisc.cloudlab.us,tencentBlock_11656,s3fifoforgive,0.1,17,20,1,1,0.5607,1.05,10747117,16795.2384,1524268
node0.tardis-apia.ldos-ut-pg0.wisc.cloudlab.us,tencentBlock_11656,s3fifoforgive,0.1,17,20,1,2,0.5607,1.05,10747117,16795.2384,1524268
node0.tardis-apia.ldos-ut-pg0.wisc.cloudlab.us,tencentBlock_11656,s3fifoforgive,0.1,17,20,1,3,0.5607,1.07,10747117,16795.2384,1524268
node0.tardis-apia.ldos-ut-pg0.wisc.cloudlab.us,tencentBlock_11669,lru,10,3609,27,1,1,0.2625,0.50,41751824,36092.1088,2699443
node0.tardis-apia.ldos-ut-pg0.wisc.cloudlab.us,tencentBlock_11669,lru,10,3609,27,1,2,0.2625,0.48,41751824,36092.1088,2699443
node0.tardis-apia.ldos-ut-pg0.wisc.cloudlab.us,tencentBlock_11669,lru,10,3609,27,1,3,0.2625,0.49,41751824,36092.1088,2699443
node0.tardis-apia.ldos-ut-pg0.wisc.cloudlab.us,tencentBlock_11669,lruforgive,10,3609,27,1,1,0.2608,0.27,41751824,36092.1088,2699443
node0.tardis-apia.ldos-ut-pg0.wisc.cloudlab.us,tencentBlock_11669,lruforgive,10,3609,27,1,2,0.2608,0.27,41751824,36092.1088,2699443
node0.tardis-apia.ldos-ut-pg0.wisc.cloudlab.us,tencentBlock_11669,lruforgive,10,3609,27,1,3,0.2608,0.27,41751824,36092.1088,2699443
node0.tardis-apia.ldos-ut-pg0.wisc.cloudlab.us,tencentBlock_11669,s3fifo,10,3609,27,1,1,0.2557,0.50,41751824,36092.1088,2699443
node0.tardis-apia.ldos-ut-pg0.wisc.cloudlab.us,tencentBlock_11669,s3fifo,10,3609,27,1,2,0.2557,0.50,41751824,36092.1088,2699443
node0.tardis-apia.ldos-ut-pg0.wisc.cloudlab.us,tencentBlock_11669,s3fifo,10,3609,27,1,3,0.2557,0.50,41751824,36092.1088,2699443
node0.tardis-apia.ldos-ut-pg0.wisc.cloudlab.us,tencentBlock_11669,s3fifoforgive,10,3609,27,1,1,0.2555,0.29,41751824,36092.1088,2699443
node0.tardis-apia.ldos-ut-pg0.wisc.cloudlab.us,tencentBlock_11669,s3fifoforgive,10,3609,27,1,2,0.2555,0.29,41751824,36092.1088,2699443
node0.tardis-apia.ldos-ut-pg0.wisc.cloudlab.us,tencentBlock_11669,s3fifoforgive,10,3609,27,1,3,0.2555,0.29,41751824,36092.1088,2699443
node0.tardis-apia.ldos-ut-pg0.wisc.cloudlab.us,tencentBlock_11669,lru,0.1,36,21,1,1,0.8093,1.26,41751824,36092.1088,2699443
node0.tardis-apia.ldos-ut-pg0.wisc.cloudlab.us,tencentBlock_11669,lru,0.1,36,21,1,2,0.8093,1.23,41751824,36092.1088,2699443
node0.tardis-apia.ldos-ut-pg0.wisc.cloudlab.us,tencentBlock_11669,lru,0.1,36,21,1,3,0.8093,1.22,41751824,36092.1088,2699443
node0.tardis-apia.ldos-ut-pg0.wisc.cloudlab.us,tencentBlock_11669,lruforgive,0.1,36,21,1,1,0.8000,0.75,41751824,36092.1088,2699443
node0.tardis-apia.ldos-ut-pg0.wisc.cloudlab.us,tencentBlock_11669,lruforgive,0.1,36,21,1,2,0.8000,0.71,41751824,36092.1088,2699443
node0.tardis-apia.ldos-ut-pg0.wisc.cloudlab.us,tencentBlock_11669,lruforgive,0.1,36,21,1,3,0.8000,0.73,41751824,36092.1088,2699443
node0.tardis-apia.ldos-ut-pg0.wisc.cloudlab.us,tencentBlock_11669,s3fifo,0.1,36,21,1,1,0.8357,1.38,41751824,36092.1088,2699443
node0.tardis-apia.ldos-ut-pg0.wisc.cloudlab.us,tencentBlock_11669,s3fifo,0.1,36,21,1,2,0.8357,1.42,41751824,36092.1088,2699443
node0.tardis-apia.ldos-ut-pg0.wisc.cloudlab.us,tencentBlock_11669,s3fifo,0.1,36,21,1,3,0.8357,1.38,41751824,36092.1088,2699443
node0.tardis-apia.ldos-ut-pg0.wisc.cloudlab.us,tencentBlock_11669,s3fifoforgive,0.1,36,21,1,1,0.8322,0.99,41751824,36092.1088,2699443
node0.tardis-apia.ldos-ut-pg0.wisc.cloudlab.us,tencentBlock_11669,s3fifoforgive,0.1,36,21,1,2,0.8322,0.98,41751824,36092.1088,2699443
node0.tardis-apia.ldos-ut-pg0.wisc.cloudlab.us,tencentBlock_11669,s3fifoforgive,0.1,36,21,1,3,0.8322,0.97,41751824,36092.1088,2699443
node0.tardis-apia.ldos-ut-pg0.wisc.cloudlab.us,tencentBlock_11784,lru,10,3305,27,1,1,0.2784,0.54,51008147,33045.8112,2849037
node0.tardis-apia.ldos-ut-pg0.wisc.cloudlab.us,tencentBlock_11784,lru,10,3305,27,1,2,0.2784,0.53,51008147,33045.8112,2849037
node0.tardis-apia.ldos-ut-pg0.wisc.cloudlab.us,tencentBlock_11784,lru,10,3305,27,1,3,0.2784,0.53,51008147,33045.8112,2849037
node0.tardis-apia.ldos-ut-pg0.wisc.cloudlab.us,tencentBlock_11784,lruforgive,10,3305,27,1,1,0.2767,0.28,51008147,33045.8112,2849037
node0.tardis-apia.ldos-ut-pg0.wisc.cloudlab.us,tencentBlock_11784,lruforgive,10,3305,27,1,2,0.2767,0.28,51008147,33045.8112,2849037
node0.tardis-apia.ldos-ut-pg0.wisc.cloudlab.us,tencentBlock_11784,lruforgive,10,3305,27,1,3,0.2767,0.28,51008147,33045.8112,2849037
node0.tardis-apia.ldos-ut-pg0.wisc.cloudlab.us,tencentBlock_11784,s3fifo,10,3305,27,1,1,0.2657,0.56,51008147,33045.8112,2849037
node0.tardis-apia.ldos-ut-pg0.wisc.cloudlab.us,tencentBlock_11784,s3fifo,10,3305,27,1,2,0.2657,0.55,51008147,33045.8112,2849037
node0.tardis-apia.ldos-ut-pg0.wisc.cloudlab.us,tencentBlock_11784,s3fifo,10,3305,27,1,3,0.2657,0.55,51008147,33045.8112,2849037
node0.tardis-apia.ldos-ut-pg0.wisc.cloudlab.us,tencentBlock_11784,s3fifoforgive,10,3305,27,1,1,0.2655,0.30,51008147,33045.8112,2849037
node0.tardis-apia.ldos-ut-pg0.wisc.cloudlab.us,tencentBlock_11784,s3fifoforgive,10,3305,27,1,2,0.2655,0.30,51008147,33045.8112,2849037
node0.tardis-apia.ldos-ut-pg0.wisc.cloudlab.us,tencentBlock_11784,s3fifoforgive,10,3305,27,1,3,0.2655,0.30,51008147,33045.8112,2849037
node0.tardis-apia.ldos-ut-pg0.wisc.cloudlab.us,tencentBlock_11784,lru,0.1,33,21,1,1,0.8387,1.58,51008147,33045.8112,2849037
node0.tardis-apia.ldos-ut-pg0.wisc.cloudlab.us,tencentBlock_11784,lru,0.1,33,21,1,2,0.8387,1.54,51008147,33045.8112,2849037
node0.tardis-apia.ldos-ut-pg0.wisc.cloudlab.us,tencentBlock_11784,lru,0.1,33,21,1,3,0.8387,1.56,51008147,33045.8112,2849037
node0.tardis-apia.ldos-ut-pg0.wisc.cloudlab.us,tencentBlock_11784,lruforgive,0.1,33,21,1,1,0.8291,0.92,51008147,33045.8112,2849037
node0.tardis-apia.ldos-ut-pg0.wisc.cloudlab.us,tencentBlock_11784,lruforgive,0.1,33,21,1,2,0.8291,0.90,51008147,33045.8112,2849037
node0.tardis-apia.ldos-ut-pg0.wisc.cloudlab.us,tencentBlock_11784,lruforgive,0.1,33,21,1,3,0.8291,0.90,51008147,33045.8112,2849037
node0.tardis-apia.ldos-ut-pg0.wisc.cloudlab.us,tencentBlock_11784,s3fifo,0.1,33,21,1,1,0.8540,1.76,51008147,33045.8112,2849037
node0.tardis-apia.ldos-ut-pg0.wisc.cloudlab.us,tencentBlock_11784,s3fifo,0.1,33,21,1,2,0.8540,1.77,51008147,33045.8112,2849037
node0.tardis-apia.ldos-ut-pg0.wisc.cloudlab.us,tencentBlock_11784,s3fifo,0.1,33,21,1,3,0.8540,1.77,51008147,33045.8112,2849037
node0.tardis-apia.ldos-ut-pg0.wisc.cloudlab.us,tencentBlock_11784,s3fifoforgive,0.1,33,21,1,1,0.8481,1.24,51008147,33045.8112,2849037
node0.tardis-apia.ldos-ut-pg0.wisc.cloudlab.us,tencentBlock_11784,s3fifoforgive,0.1,33,21,1,2,0.8481,1.20,51008147,33045.8112,2849037
node0.tardis-apia.ldos-ut-pg0.wisc.cloudlab.us,tencentBlock_11784,s3fifoforgive,0.1,33,21,1,3,0.8481,1.20,51008147,33045.8112,2849037
node0.tardis-apia.ldos-ut-pg0.wisc.cloudlab.us,tencentBlock_11822,lru,10,75398,27,1,1,0.4086,0.03,6032761,753979.2896,2072495
node0.tardis-apia.ldos-ut-pg0.wisc.cloudlab.us,tencentBlock_11822,lru,10,75398,27,1,2,0.4086,0.03,6032761,753979.2896,2072495
node0.tardis-apia.ldos-ut-pg0.wisc.cloudlab.us,tencentBlock_11822,lru,10,75398,27,1,3,0.4086,0.03,6032761,753979.2896,2072495
node0.tardis-apia.ldos-ut-pg0.wisc.cloudlab.us,tencentBlock_11822,lruforgive,10,75398,27,1,1,0.4071,0.03,6032761,753979.2896,2072495
node0.tardis-apia.ldos-ut-pg0.wisc.cloudlab.us,tencentBlock_11822,lruforgive,10,75398,27,1,2,0.4071,0.03,6032761,753979.2896,2072495
node0.tardis-apia.ldos-ut-pg0.wisc.cloudlab.us,tencentBlock_11822,lruforgive,10,75398,27,1,3,0.4071,0.03,6032761,753979.2896,2072495
node0.tardis-apia.ldos-ut-pg0.wisc.cloudlab.us,tencentBlock_11822,s3fifo,10,75398,27,1,1,0.4075,0.03,6032761,753979.2896,2072495
node0.tardis-apia.ldos-ut-pg0.wisc.cloudlab.us,tencentBlock_11822,s3fifo,10,75398,27,1,2,0.4075,0.03,6032761,753979.2896,2072495
node0.tardis-apia.ldos-ut-pg0.wisc.cloudlab.us,tencentBlock_11822,s3fifo,10,75398,27,1,3,0.4075,0.03,6032761,753979.2896,2072495
node0.tardis-apia.ldos-ut-pg0.wisc.cloudlab.us,tencentBlock_11822,s3fifoforgive,10,75398,27,1,1,0.4075,0.03,6032761,753979.2896,2072495
node0.tardis-apia.ldos-ut-pg0.wisc.cloudlab.us,tencentBlock_11822,s3fifoforgive,10,75398,27,1,2,0.4075,0.03,6032761,753979.2896,2072495
node0.tardis-apia.ldos-ut-pg0.wisc.cloudlab.us,tencentBlock_11822,s3fifoforgive,10,75398,27,1,3,0.4075,0.03,6032761,753979.2896,2072495
node0.tardis-apia.ldos-ut-pg0.wisc.cloudlab.us,tencentBlock_11822,lru,0.1,754,26,1,1,0.6702,0.04,6032761,753979.2896,2072495
node0.tardis-apia.ldos-ut-pg0.wisc.cloudlab.us,tencentBlock_11822,lru,0.1,754,26,1,2,0.6702,0.04,6032761,753979.2896,2072495
node0.tardis-apia.ldos-ut-pg0.wisc.cloudlab.us,tencentBlock_11822,lru,0.1,754,26,1,3,0.6702,0.04,6032761,753979.2896,2072495
node0.tardis-apia.ldos-ut-pg0.wisc.cloudlab.us,tencentBlock_11822,lruforgive,0.1,754,26,1,1,0.6682,0.04,6032761,753979.2896,2072495
node0.tardis-apia.ldos-ut-pg0.wisc.cloudlab.us,tencentBlock_11822,lruforgive,0.1,754,26,1,2,0.6682,0.04,6032761,753979.2896,2072495
node0.tardis-apia.ldos-ut-pg0.wisc.cloudlab.us,tencentBlock_11822,lruforgive,0.1,754,26,1,3,0.6682,0.04,6032761,753979.2896,2072495
node0.tardis-apia.ldos-ut-pg0.wisc.cloudlab.us,tencentBlock_11822,s3fifo,0.1,754,26,1,1,0.6659,0.04,6032761,753979.2896,2072495
node0.tardis-apia.ldos-ut-pg0.wisc.cloudlab.us,tencentBlock_11822,s3fifo,0.1,754,26,1,2,0.6659,0.04,6032761,753979.2896,2072495
node0.tardis-apia.ldos-ut-pg0.wisc.cloudlab.us,tencentBlock_11822,s3fifo,0.1,754,26,1,3,0.6659,0.04,6032761,753979.2896,2072495
node0.tardis-apia.ldos-ut-pg0.wisc.cloudlab.us,tencentBlock_11822,s3fifoforgive,0.1,754,26,1,1,0.6659,0.04,6032761,753979.2896,2072495
node0.tardis-apia.ldos-ut-pg0.wisc.cloudlab.us,tencentBlock_11822,s3fifoforgive,0.1,754,26,1,2,0.6659,0.04,6032761,753979.2896,2072495
node0.tardis-apia.ldos-ut-pg0.wisc.cloudlab.us,tencentBlock_11822,s3fifoforgive,0.1,754,26,1,3,0.6659,0.04,6032761,753979.2896,2072495
node0.tardis-apia.ldos-ut-pg0.wisc.cloudlab.us,tencentBlock_11887,lru,10,1648,27,1,1,0.1947,0.73,10443735,16475.136,1486739
node0.tardis-apia.ldos-ut-pg0.wisc.cloudlab.us,tencentBlock_11887,lru,10,1648,27,1,2,0.1947,0.73,10443735,16475.136,1486739
node0.tardis-apia.ldos-ut-pg0.wisc.cloudlab.us,tencentBlock_11887,lru,10,1648,27,1,3,0.1947,0.73,10443735,16475.136,1486739
node0.tardis-apia.ldos-ut-pg0.wisc.cloudlab.us,tencentBlock_11887,lruforgive,10,1648,27,1,1,0.1943,0.41,10443735,16475.136,1486739
node0.tardis-apia.ldos-ut-pg0.wisc.cloudlab.us,tencentBlock_11887,lruforgive,10,1648,27,1,2,0.1943,0.41,10443735,16475.136,1486739
node0.tardis-apia.ldos-ut-pg0.wisc.cloudlab.us,tencentBlock_11887,lruforgive,10,1648,27,1,3,0.1943,0.40,10443735,16475.136,1486739
node0.tardis-apia.ldos-ut-pg0.wisc.cloudlab.us,tencentBlock_11887,s3fifo,10,1648,27,1,1,0.2091,0.79,10443735,16475.136,1486739
node0.tardis-apia.ldos-ut-pg0.wisc.cloudlab.us,tencentBlock_11887,s3fifo,10,1648,27,1,2,0.2091,0.79,10443735,16475.136,1486739
node0.tardis-apia.ldos-ut-pg0.wisc.cloudlab.us,tencentBlock_11887,s3fifo,10,1648,27,1,3,0.2091,0.79,10443735,16475.136,1486739
node0.tardis-apia.ldos-ut-pg0.wisc.cloudlab.us,tencentBlock_11887,s3fifoforgive,10,1648,27,1,1,0.2090,0.46,10443735,16475.136,1486739
node0.tardis-apia.ldos-ut-pg0.wisc.cloudlab.us,tencentBlock_11887,s3fifoforgive,10,1648,27,1,2,0.2090,0.45,10443735,16475.136,1486739
node0.tardis-apia.ldos-ut-pg0.wisc.cloudlab.us,tencentBlock_11887,s3fifoforgive,10,1648,27,1,3,0.2090,0.45,10443735,16475.136,1486739
node0.tardis-apia.ldos-ut-pg0.wisc.cloudlab.us,tencentBlock_11887,lru,0.1,16,20,1,1,0.5586,1.93,10443735,16475.136,1486739
node0.tardis-apia.ldos-ut-pg0.wisc.cloudlab.us,tencentBlock_11887,lru,0.1,16,20,1,2,0.5586,1.88,10443735,16475.136,1486739
node0.tardis-apia.ldos-ut-pg0.wisc.cloudlab.us,tencentBlock_11887,lru,0.1,16,20,1,3,0.5586,1.87,10443735,16475.136,1486739
node0.tardis-apia.ldos-ut-pg0.wisc.cloudlab.us,tencentBlock_11887,lruforgive,0.1,16,20,1,1,0.4748,0.57,10443735,16475.136,1486739
node0.tardis-apia.ldos-ut-pg0.wisc.cloudlab.us,tencentBlock_11887,lruforgive,0.1,16,20,1,2,0.4748,0.57,10443735,16475.136,1486739
node0.tardis-apia.ldos-ut-pg0.wisc.cloudlab.us,tencentBlock_11887,lruforgive,0.1,16,20,1,3,0.4748,0.58,10443735,16475.136,1486739
node0.tardis-apia.ldos-ut-pg0.wisc.cloudlab.us,tencentBlock_11887,s3fifo,0.1,16,20,1,1,0.4693,2.02,10443735,16475.136,1486739
node0.tardis-apia.ldos-ut-pg0.wisc.cloudlab.us,tencentBlock_11887,s3fifo,0.1,16,20,1,2,0.4693,1.96,10443735,16475.136,1486739
node0.tardis-apia.ldos-ut-pg0.wisc.cloudlab.us,tencentBlock_11887,s3fifo,0.1,16,20,1,3,0.4693,1.98,10443735,16475.136,1486739
node0.tardis-apia.ldos-ut-pg0.wisc.cloudlab.us,tencentBlock_11887,s3fifoforgive,0.1,16,20,1,1,0.4646,0.98,10443735,16475.136,1486739
node0.tardis-apia.ldos-ut-pg0.wisc.cloudlab.us,tencentBlock_11887,s3fifoforgive,0.1,16,20,1,2,0.4646,0.98,10443735,16475.136,1486739
node0.tardis-apia.ldos-ut-pg0.wisc.cloudlab.us,tencentBlock_11887,s3fifoforgive,0.1,16,20,1,3,0.4646,0.98,10443735,16475.136,1486739
node0.tardis-apia.ldos-ut-pg0.wisc.cloudlab.us,tencentBlock_11933,lru,10,3270,27,1,1,0.3005,0.51,50851710,32700.928,2795388
node0.tardis-apia.ldos-ut-pg0.wisc.cloudlab.us,tencentBlock_11933,lru,10,3270,27,1,2,0.3005,0.51,50851710,32700.928,2795388
node0.tardis-apia.ldos-ut-pg0.wisc.cloudlab.us,tencentBlock_11933,lru,10,3270,27,1,3,0.3005,0.51,50851710,32700.928,2795388
node0.tardis-apia.ldos-ut-pg0.wisc.cloudlab.us,tencentBlock_11933,lruforgive,10,3270,27,1,1,0.2990,0.27,50851710,32700.928,2795388
node0.tardis-apia.ldos-ut-pg0.wisc.cloudlab.us,tencentBlock_11933,lruforgive,10,3270,27,1,2,0.2990,0.27,50851710,32700.928,2795388
node0.tardis-apia.ldos-ut-pg0.wisc.cloudlab.us,tencentBlock_11933,lruforgive,10,3270,27,1,3,0.2990,0.27,50851710,32700.928,2795388
node0.tardis-apia.ldos-ut-pg0.wisc.cloudlab.us,tencentBlock_11933,s3fifo,10,3270,27,1,1,0.2873,0.52,50851710,32700.928,2795388
node0.tardis-apia.ldos-ut-pg0.wisc.cloudlab.us,tencentBlock_11933,s3fifo,10,3270,27,1,2,0.2873,0.52,50851710,32700.928,2795388
node0.tardis-apia.ldos-ut-pg0.wisc.cloudlab.us,tencentBlock_11933,s3fifo,10,3270,27,1,3,0.2873,0.52,50851710,32700.928,2795388
node0.tardis-apia.ldos-ut-pg0.wisc.cloudlab.us,tencentBlock_11933,s3fifoforgive,10,3270,27,1,1,0.2871,0.29,50851710,32700.928,2795388
node0.tardis-apia.ldos-ut-pg0.wisc.cloudlab.us,tencentBlock_11933,s3fifoforgive,10,3270,27,1,2,0.2871,0.29,50851710,32700.928,2795388
node0.tardis-apia.ldos-ut-pg0.wisc.cloudlab.us,tencentBlock_11933,s3fifoforgive,10,3270,27,1,3,0.2871,0.29,50851710,32700.928,2795388
node0.tardis-apia.ldos-ut-pg0.wisc.cloudlab.us,tencentBlock_11933,lru,0.1,33,21,1,1,0.8340,1.19,50851710,32700.928,2795388
node0.tardis-apia.ldos-ut-pg0.wisc.cloudlab.us,tencentBlock_11933,lru,0.1,33,21,1,2,0.8340,1.16,50851710,32700.928,2795388
node0.tardis-apia.ldos-ut-pg0.wisc.cloudlab.us,tencentBlock_11933,lru,0.1,33,21,1,3,0.8340,1.16,50851710,32700.928,2795388
node0.tardis-apia.ldos-ut-pg0.wisc.cloudlab.us,tencentBlock_11933,lruforgive,0.1,33,21,1,1,0.8244,0.71,50851710,32700.928,2795388
node0.tardis-apia.ldos-ut-pg0.wisc.cloudlab.us,tencentBlock_11933,lruforgive,0.1,33,21,1,2,0.8244,0.71,50851710,32700.928,2795388
node0.tardis-apia.ldos-ut-pg0.wisc.cloudlab.us,tencentBlock_11933,lruforgive,0.1,33,21,1,3,0.8244,0.72,50851710,32700.928,2795388
node0.tardis-apia.ldos-ut-pg0.wisc.cloudlab.us,tencentBlock_11933,s3fifo,0.1,33,21,1,1,0.8541,1.39,50851710,32700.928,2795388
node0.tardis-apia.ldos-ut-pg0.wisc.cloudlab.us,tencentBlock_11933,s3fifo,0.1,33,21,1,2,0.8541,1.39,50851710,32700.928,2795388
node0.tardis-apia.ldos-ut-pg0.wisc.cloudlab.us,tencentBlock_11933,s3fifo,0.1,33,21,1,3,0.8541,1.38,50851710,32700.928,2795388
node0.tardis-apia.ldos-ut-pg0.wisc.cloudlab.us,tencentBlock_11933,s3fifoforgive,0.1,33,21,1,1,0.8471,0.90,50851710,32700.928,2795388
node0.tardis-apia.ldos-ut-pg0.wisc.cloudlab.us,tencentBlock_11933,s3fifoforgive,0.1,33,21,1,2,0.8471,0.89,50851710,32700.928,2795388
node0.tardis-apia.ldos-ut-pg0.wisc.cloudlab.us,tencentBlock_11933,s3fifoforgive,0.1,33,21,1,3,0.8471,0.89,50851710,32700.928,2795388
node0.tardis-apia.ldos-ut-pg0.wisc.cloudlab.us,tencentBlock_1205,lru,10,249658,27,1,1,NA_TOOBIG,NA,NA,2496580.096,9550984
node0.tardis-apia.ldos-ut-pg0.wisc.cloudlab.us,tencentBlock_1205,lru,10,249658,27,1,2,NA_TOOBIG,NA,NA,2496580.096,9550984
node0.tardis-apia.ldos-ut-pg0.wisc.cloudlab.us,tencentBlock_1205,lru,10,249658,27,1,3,NA_TOOBIG,NA,NA,2496580.096,9550984
node0.tardis-apia.ldos-ut-pg0.wisc.cloudlab.us,tencentBlock_1205,lruforgive,10,249658,27,1,1,NA_TOOBIG,NA,NA,2496580.096,9550984
node0.tardis-apia.ldos-ut-pg0.wisc.cloudlab.us,tencentBlock_1205,lruforgive,10,249658,27,1,2,NA_TOOBIG,NA,NA,2496580.096,9550984
node0.tardis-apia.ldos-ut-pg0.wisc.cloudlab.us,tencentBlock_1205,lruforgive,10,249658,27,1,3,NA_TOOBIG,NA,NA,2496580.096,9550984
node0.tardis-apia.ldos-ut-pg0.wisc.cloudlab.us,tencentBlock_1205,s3fifo,10,249658,27,1,1,NA_TOOBIG,NA,NA,2496580.096,9550984
node0.tardis-apia.ldos-ut-pg0.wisc.cloudlab.us,tencentBlock_1205,s3fifo,10,249658,27,1,2,NA_TOOBIG,NA,NA,2496580.096,9550984
node0.tardis-apia.ldos-ut-pg0.wisc.cloudlab.us,tencentBlock_1205,s3fifo,10,249658,27,1,3,NA_TOOBIG,NA,NA,2496580.096,9550984
node0.tardis-apia.ldos-ut-pg0.wisc.cloudlab.us,tencentBlock_1205,s3fifoforgive,10,249658,27,1,1,NA_TOOBIG,NA,NA,2496580.096,9550984
node0.tardis-apia.ldos-ut-pg0.wisc.cloudlab.us,tencentBlock_1205,s3fifoforgive,10,249658,27,1,2,NA_TOOBIG,NA,NA,2496580.096,9550984
node0.tardis-apia.ldos-ut-pg0.wisc.cloudlab.us,tencentBlock_1205,s3fifoforgive,10,249658,27,1,3,NA_TOOBIG,NA,NA,2496580.096,9550984
node0.tardis-apia.ldos-ut-pg0.wisc.cloudlab.us,tencentBlock_1205,lru,0.1,2497,27,1,1,0.4063,0.08,60998226,2496580.096,9550984
node0.tardis-apia.ldos-ut-pg0.wisc.cloudlab.us,tencentBlock_1205,lru,0.1,2497,27,1,2,0.4063,0.07,60998226,2496580.096,9550984
node0.tardis-apia.ldos-ut-pg0.wisc.cloudlab.us,tencentBlock_1205,lru,0.1,2497,27,1,3,0.4063,0.07,60998226,2496580.096,9550984
node0.tardis-apia.ldos-ut-pg0.wisc.cloudlab.us,tencentBlock_1205,lruforgive,0.1,2497,27,1,1,0.3911,0.07,60998226,2496580.096,9550984
node0.tardis-apia.ldos-ut-pg0.wisc.cloudlab.us,tencentBlock_1205,lruforgive,0.1,2497,27,1,2,0.3911,0.07,60998226,2496580.096,9550984
node0.tardis-apia.ldos-ut-pg0.wisc.cloudlab.us,tencentBlock_1205,lruforgive,0.1,2497,27,1,3,0.3912,0.07,60998226,2496580.096,9550984
node0.tardis-apia.ldos-ut-pg0.wisc.cloudlab.us,tencentBlock_1205,s3fifo,0.1,2497,27,1,1,0.3752,0.08,60998226,2496580.096,9550984
node0.tardis-apia.ldos-ut-pg0.wisc.cloudlab.us,tencentBlock_1205,s3fifo,0.1,2497,27,1,2,0.3752,0.08,60998226,2496580.096,9550984
node0.tardis-apia.ldos-ut-pg0.wisc.cloudlab.us,tencentBlock_1205,s3fifo,0.1,2497,27,1,3,0.3752,0.08,60998226,2496580.096,9550984
node0.tardis-apia.ldos-ut-pg0.wisc.cloudlab.us,tencentBlock_1205,s3fifoforgive,0.1,2497,27,1,1,0.3749,0.07,60998226,2496580.096,9550984
node0.tardis-apia.ldos-ut-pg0.wisc.cloudlab.us,tencentBlock_1205,s3fifoforgive,0.1,2497,27,1,2,0.3749,0.07,60998226,2496580.096,9550984
node0.tardis-apia.ldos-ut-pg0.wisc.cloudlab.us,tencentBlock_1205,s3fifoforgive,0.1,2497,27,1,3,0.3749,0.08,60998226,2496580.096,9550984
node0.tardis-apia.ldos-ut-pg0.wisc.cloudlab.us,tencentBlock_12075,lru,10,3094,27,1,1,0.3239,0.41,54745014,30940.3648,2298437
node0.tardis-apia.ldos-ut-pg0.wisc.cloudlab.us,tencentBlock_12075,lru,10,3094,27,1,2,0.3239,0.40,54745014,30940.3648,2298437
node0.tardis-apia.ldos-ut-pg0.wisc.cloudlab.us,tencentBlock_12075,lru,10,3094,27,1,3,0.3239,0.40,54745014,30940.3648,2298437
node0.tardis-apia.ldos-ut-pg0.wisc.cloudlab.us,tencentBlock_12075,lruforgive,10,3094,27,1,1,0.3214,0.23,54745014,30940.3648,2298437
node0.tardis-apia.ldos-ut-pg0.wisc.cloudlab.us,tencentBlock_12075,lruforgive,10,3094,27,1,2,0.3214,0.24,54745014,30940.3648,2298437
node0.tardis-apia.ldos-ut-pg0.wisc.cloudlab.us,tencentBlock_12075,lruforgive,10,3094,27,1,3,0.3214,0.23,54745014,30940.3648,2298437
node0.tardis-apia.ldos-ut-pg0.wisc.cloudlab.us,tencentBlock_12075,s3fifo,10,3094,27,1,1,0.3112,0.41,54745014,30940.3648,2298437
node0.tardis-apia.ldos-ut-pg0.wisc.cloudlab.us,tencentBlock_12075,s3fifo,10,3094,27,1,2,0.3112,0.41,54745014,30940.3648,2298437
node0.tardis-apia.ldos-ut-pg0.wisc.cloudlab.us,tencentBlock_12075,s3fifo,10,3094,27,1,3,0.3112,0.41,54745014,30940.3648,2298437
node0.tardis-apia.ldos-ut-pg0.wisc.cloudlab.us,tencentBlock_12075,s3fifoforgive,10,3094,27,1,1,0.3109,0.24,54745014,30940.3648,2298437
node0.tardis-apia.ldos-ut-pg0.wisc.cloudlab.us,tencentBlock_12075,s3fifoforgive,10,3094,27,1,2,0.3109,0.24,54745014,30940.3648,2298437
node0.tardis-apia.ldos-ut-pg0.wisc.cloudlab.us,tencentBlock_12075,s3fifoforgive,10,3094,27,1,3,0.3109,0.24,54745014,30940.3648,2298437
node0.tardis-apia.ldos-ut-pg0.wisc.cloudlab.us,tencentBlock_12075,lru,0.1,31,21,1,1,0.8392,1.17,54745014,30940.3648,2298437
node0.tardis-apia.ldos-ut-pg0.wisc.cloudlab.us,tencentBlock_12075,lru,0.1,31,21,1,2,0.8392,1.12,54745014,30940.3648,2298437
node0.tardis-apia.ldos-ut-pg0.wisc.cloudlab.us,tencentBlock_12075,lru,0.1,31,21,1,3,0.8392,1.14,54745014,30940.3648,2298437
node0.tardis-apia.ldos-ut-pg0.wisc.cloudlab.us,tencentBlock_12075,lruforgive,0.1,31,21,1,1,0.8371,0.70,54745014,30940.3648,2298437
node0.tardis-apia.ldos-ut-pg0.wisc.cloudlab.us,tencentBlock_12075,lruforgive,0.1,31,21,1,2,0.8371,0.71,54745014,30940.3648,2298437
node0.tardis-apia.ldos-ut-pg0.wisc.cloudlab.us,tencentBlock_12075,lruforgive,0.1,31,21,1,3,0.8371,0.69,54745014,30940.3648,2298437
node0.tardis-apia.ldos-ut-pg0.wisc.cloudlab.us,tencentBlock_12075,s3fifo,0.1,31,21,1,1,0.8603,1.45,54745014,30940.3648,2298437
node0.tardis-apia.ldos-ut-pg0.wisc.cloudlab.us,tencentBlock_12075,s3fifo,0.1,31,21,1,2,0.8603,1.40,54745014,30940.3648,2298437
node0.tardis-apia.ldos-ut-pg0.wisc.cloudlab.us,tencentBlock_12075,s3fifo,0.1,31,21,1,3,0.8603,1.44,54745014,30940.3648,2298437
node0.tardis-apia.ldos-ut-pg0.wisc.cloudlab.us,tencentBlock_12075,s3fifoforgive,0.1,31,21,1,1,0.8571,1.01,54745014,30940.3648,2298437
node0.tardis-apia.ldos-ut-pg0.wisc.cloudlab.us,tencentBlock_12075,s3fifoforgive,0.1,31,21,1,2,0.8571,0.98,54745014,30940.3648,2298437
node0.tardis-apia.ldos-ut-pg0.wisc.cloudlab.us,tencentBlock_12075,s3fifoforgive,0.1,31,21,1,3,0.8571,0.99,54745014,30940.3648,2298437
node0.tardis-apia.ldos-ut-pg0.wisc.cloudlab.us,tencentBlock_1214,lru,10,130843,27,1,1,NA_TOOBIG,NA,NA,1308431.9744,4880392
node0.tardis-apia.ldos-ut-pg0.wisc.cloudlab.us,tencentBlock_1214,lru,10,130843,27,1,2,NA_TOOBIG,NA,NA,1308431.9744,4880392
node0.tardis-apia.ldos-ut-pg0.wisc.cloudlab.us,tencentBlock_1214,lru,10,130843,27,1,3,NA_TOOBIG,NA,NA,1308431.9744,4880392
node0.tardis-apia.ldos-ut-pg0.wisc.cloudlab.us,tencentBlock_1214,lruforgive,10,130843,27,1,1,NA_TOOBIG,NA,NA,1308431.9744,4880392
node0.tardis-apia.ldos-ut-pg0.wisc.cloudlab.us,tencentBlock_1214,lruforgive,10,130843,27,1,2,NA_TOOBIG,NA,NA,1308431.9744,4880392
node0.tardis-apia.ldos-ut-pg0.wisc.cloudlab.us,tencentBlock_1214,lruforgive,10,130843,27,1,3,NA_TOOBIG,NA,NA,1308431.9744,4880392
node0.tardis-apia.ldos-ut-pg0.wisc.cloudlab.us,tencentBlock_1214,s3fifo,10,130843,27,1,1,NA_TOOBIG,NA,NA,1308431.9744,4880392
node0.tardis-apia.ldos-ut-pg0.wisc.cloudlab.us,tencentBlock_1214,s3fifo,10,130843,27,1,2,NA_TOOBIG,NA,NA,1308431.9744,4880392
node0.tardis-apia.ldos-ut-pg0.wisc.cloudlab.us,tencentBlock_1214,s3fifo,10,130843,27,1,3,NA_TOOBIG,NA,NA,1308431.9744,4880392
node0.tardis-apia.ldos-ut-pg0.wisc.cloudlab.us,tencentBlock_1214,s3fifoforgive,10,130843,27,1,1,NA_TOOBIG,NA,NA,1308431.9744,4880392
node0.tardis-apia.ldos-ut-pg0.wisc.cloudlab.us,tencentBlock_1214,s3fifoforgive,10,130843,27,1,2,NA_TOOBIG,NA,NA,1308431.9744,4880392
node0.tardis-apia.ldos-ut-pg0.wisc.cloudlab.us,tencentBlock_1214,s3fifoforgive,10,130843,27,1,3,NA_TOOBIG,NA,NA,1308431.9744,4880392
node0.tardis-apia.ldos-ut-pg0.wisc.cloudlab.us,tencentBlock_1214,lru,0.1,1308,26,1,1,0.4507,0.08,31700667,1308431.9744,4880392
node0.tardis-apia.ldos-ut-pg0.wisc.cloudlab.us,tencentBlock_1214,lru,0.1,1308,26,1,2,0.4507,0.08,31700667,1308431.9744,4880392
node0.tardis-apia.ldos-ut-pg0.wisc.cloudlab.us,tencentBlock_1214,lru,0.1,1308,26,1,3,0.4507,0.08,31700667,1308431.9744,4880392
node0.tardis-apia.ldos-ut-pg0.wisc.cloudlab.us,tencentBlock_1214,lruforgive,0.1,1308,26,1,1,0.4351,0.07,31700667,1308431.9744,4880392
node0.tardis-apia.ldos-ut-pg0.wisc.cloudlab.us,tencentBlock_1214,lruforgive,0.1,1308,26,1,2,0.4351,0.07,31700667,1308431.9744,4880392
node0.tardis-apia.ldos-ut-pg0.wisc.cloudlab.us,tencentBlock_1214,lruforgive,0.1,1308,26,1,3,0.4351,0.07,31700667,1308431.9744,4880392
node0.tardis-apia.ldos-ut-pg0.wisc.cloudlab.us,tencentBlock_1214,s3fifo,0.1,1308,26,1,1,0.4234,0.08,31700667,1308431.9744,4880392
node0.tardis-apia.ldos-ut-pg0.wisc.cloudlab.us,tencentBlock_1214,s3fifo,0.1,1308,26,1,2,0.4234,0.08,31700667,1308431.9744,4880392
node0.tardis-apia.ldos-ut-pg0.wisc.cloudlab.us,tencentBlock_1214,s3fifo,0.1,1308,26,1,3,0.4234,0.08,31700667,1308431.9744,4880392
node0.tardis-apia.ldos-ut-pg0.wisc.cloudlab.us,tencentBlock_1214,s3fifoforgive,0.1,1308,26,1,1,0.4229,0.08,31700667,1308431.9744,4880392
node0.tardis-apia.ldos-ut-pg0.wisc.cloudlab.us,tencentBlock_1214,s3fifoforgive,0.1,1308,26,1,2,0.4229,0.08,31700667,1308431.9744,4880392
node0.tardis-apia.ldos-ut-pg0.wisc.cloudlab.us,tencentBlock_1214,s3fifoforgive,0.1,1308,26,1,3,0.4229,0.08,31700667,1308431.9744,4880392
node0.tardis-apia.ldos-ut-pg0.wisc.cloudlab.us,tencentBlock_12186,lru,10,2466,27,1,1,0.2357,0.45,8336664,24655.2576,1013382
node0.tardis-apia.ldos-ut-pg0.wisc.cloudlab.us,tencentBlock_12186,lru,10,2466,27,1,2,0.2357,0.44,8336664,24655.2576,1013382
node0.tardis-apia.ldos-ut-pg0.wisc.cloudlab.us,tencentBlock_12186,lru,10,2466,27,1,3,0.2357,0.44,8336664,24655.2576,1013382
node0.tardis-apia.ldos-ut-pg0.wisc.cloudlab.us,tencentBlock_12186,lruforgive,10,2466,27,1,1,0.2357,0.33,8336664,24655.2576,1013382
node0.tardis-apia.ldos-ut-pg0.wisc.cloudlab.us,tencentBlock_12186,lruforgive,10,2466,27,1,2,0.2357,0.33,8336664,24655.2576,1013382
node0.tardis-apia.ldos-ut-pg0.wisc.cloudlab.us,tencentBlock_12186,lruforgive,10,2466,27,1,3,0.2357,0.33,8336664,24655.2576,1013382
node0.tardis-apia.ldos-ut-pg0.wisc.cloudlab.us,tencentBlock_12186,s3fifo,10,2466,27,1,1,0.2440,0.50,8336664,24655.2576,1013382
node0.tardis-apia.ldos-ut-pg0.wisc.cloudlab.us,tencentBlock_12186,s3fifo,10,2466,27,1,2,0.2440,0.49,8336664,24655.2576,1013382
node0.tardis-apia.ldos-ut-pg0.wisc.cloudlab.us,tencentBlock_12186,s3fifo,10,2466,27,1,3,0.2440,0.49,8336664,24655.2576,1013382
node0.tardis-apia.ldos-ut-pg0.wisc.cloudlab.us,tencentBlock_12186,s3fifoforgive,10,2466,27,1,1,0.2440,0.36,8336664,24655.2576,1013382
node0.tardis-apia.ldos-ut-pg0.wisc.cloudlab.us,tencentBlock_12186,s3fifoforgive,10,2466,27,1,2,0.2440,0.35,8336664,24655.2576,1013382
node0.tardis-apia.ldos-ut-pg0.wisc.cloudlab.us,tencentBlock_12186,s3fifoforgive,10,2466,27,1,3,0.2440,0.36,8336664,24655.2576,1013382
node0.tardis-apia.ldos-ut-pg0.wisc.cloudlab.us,tencentBlock_12186,lru,0.1,25,21,1,1,0.5089,1.81,8336664,24655.2576,1013382
node0.tardis-apia.ldos-ut-pg0.wisc.cloudlab.us,tencentBlock_12186,lru,0.1,25,21,1,2,0.5089,1.78,8336664,24655.2576,1013382
node0.tardis-apia.ldos-ut-pg0.wisc.cloudlab.us,tencentBlock_12186,lru,0.1,25,21,1,3,0.5089,1.82,8336664,24655.2576,1013382
node0.tardis-apia.ldos-ut-pg0.wisc.cloudlab.us,tencentBlock_12186,lruforgive,0.1,25,21,1,1,0.4847,0.74,8336664,24655.2576,1013382
node0.tardis-apia.ldos-ut-pg0.wisc.cloudlab.us,tencentBlock_12186,lruforgive,0.1,25,21,1,2,0.4847,0.74,8336664,24655.2576,1013382
node0.tardis-apia.ldos-ut-pg0.wisc.cloudlab.us,tencentBlock_12186,lruforgive,0.1,25,21,1,3,0.4847,0.74,8336664,24655.2576,1013382
node0.tardis-apia.ldos-ut-pg0.wisc.cloudlab.us,tencentBlock_12186,s3fifo,0.1,25,21,1,1,0.4866,1.92,8336664,24655.2576,1013382
node0.tardis-apia.ldos-ut-pg0.wisc.cloudlab.us,tencentBlock_12186,s3fifo,0.1,25,21,1,2,0.4866,1.88,8336664,24655.2576,1013382
node0.tardis-apia.ldos-ut-pg0.wisc.cloudlab.us,tencentBlock_12186,s3fifo,0.1,25,21,1,3,0.4866,1.92,8336664,24655.2576,1013382
node0.tardis-apia.ldos-ut-pg0.wisc.cloudlab.us,tencentBlock_12186,s3fifoforgive,0.1,25,21,1,1,0.4845,0.96,8336664,24655.2576,1013382
node0.tardis-apia.ldos-ut-pg0.wisc.cloudlab.us,tencentBlock_12186,s3fifoforgive,0.1,25,21,1,2,0.4845,0.82,8336664,24655.2576,1013382
node0.tardis-apia.ldos-ut-pg0.wisc.cloudlab.us,tencentBlock_12186,s3fifoforgive,0.1,25,21,1,3,0.4845,0.81,8336664,24655.2576,1013382
node0.tardis-apia.ldos-ut-pg0.wisc.cloudlab.us,tencentBlock_12200,lru,10,76044,27,1,1,0.8592,0.05,19686781,760442.7776,7398068
node0.tardis-apia.ldos-ut-pg0.wisc.cloudlab.us,tencentBlock_12200,lru,10,76044,27,1,2,0.8592,0.05,19686781,760442.7776,7398068
node0.tardis-apia.ldos-ut-pg0.wisc.cloudlab.us,tencentBlock_12200,lru,10,76044,27,1,3,0.8592,0.05,19686781,760442.7776,7398068
node0.tardis-apia.ldos-ut-pg0.wisc.cloudlab.us,tencentBlock_12200,lruforgive,10,76044,27,1,1,0.8580,0.05,19686781,760442.7776,7398068
node0.tardis-apia.ldos-ut-pg0.wisc.cloudlab.us,tencentBlock_12200,lruforgive,10,76044,27,1,2,0.8580,0.05,19686781,760442.7776,7398068
node0.tardis-apia.ldos-ut-pg0.wisc.cloudlab.us,tencentBlock_12200,lruforgive,10,76044,27,1,3,0.8580,0.05,19686781,760442.7776,7398068
node0.tardis-apia.ldos-ut-pg0.wisc.cloudlab.us,tencentBlock_12200,s3fifo,10,76044,27,1,1,0.8305,0.05,19686781,760442.7776,7398068
node0.tardis-apia.ldos-ut-pg0.wisc.cloudlab.us,tencentBlock_12200,s3fifo,10,76044,27,1,2,0.8305,0.05,19686781,760442.7776,7398068
node0.tardis-apia.ldos-ut-pg0.wisc.cloudlab.us,tencentBlock_12200,s3fifo,10,76044,27,1,3,0.8305,0.05,19686781,760442.7776,7398068
node0.tardis-apia.ldos-ut-pg0.wisc.cloudlab.us,tencentBlock_12200,s3fifoforgive,10,76044,27,1,1,0.8305,0.06,19686781,760442.7776,7398068
node0.tardis-apia.ldos-ut-pg0.wisc.cloudlab.us,tencentBlock_12200,s3fifoforgive,10,76044,27,1,2,0.8305,0.05,19686781,760442.7776,7398068
node0.tardis-apia.ldos-ut-pg0.wisc.cloudlab.us,tencentBlock_12200,s3fifoforgive,10,76044,27,1,3,0.8305,0.05,19686781,760442.7776,7398068
node0.tardis-apia.ldos-ut-pg0.wisc.cloudlab.us,tencentBlock_12200,lru,0.1,760,26,1,1,0.9097,0.08,19686781,760442.7776,7398068
node0.tardis-apia.ldos-ut-pg0.wisc.cloudlab.us,tencentBlock_12200,lru,0.1,760,26,1,2,0.9097,0.08,19686781,760442.7776,7398068
node0.tardis-apia.ldos-ut-pg0.wisc.cloudlab.us,tencentBlock_12200,lru,0.1,760,26,1,3,0.9097,0.08,19686781,760442.7776,7398068
node0.tardis-apia.ldos-ut-pg0.wisc.cloudlab.us,tencentBlock_12200,lruforgive,0.1,760,26,1,1,0.9060,0.08,19686781,760442.7776,7398068
node0.tardis-apia.ldos-ut-pg0.wisc.cloudlab.us,tencentBlock_12200,lruforgive,0.1,760,26,1,2,0.9060,0.08,19686781,760442.7776,7398068
node0.tardis-apia.ldos-ut-pg0.wisc.cloudlab.us,tencentBlock_12200,lruforgive,0.1,760,26,1,3,0.9060,0.08,19686781,760442.7776,7398068
node0.tardis-apia.ldos-ut-pg0.wisc.cloudlab.us,tencentBlock_12200,s3fifo,0.1,760,26,1,1,0.9052,0.15,19686781,760442.7776,7398068
node0.tardis-apia.ldos-ut-pg0.wisc.cloudlab.us,tencentBlock_12200,s3fifo,0.1,760,26,1,2,0.9052,0.15,19686781,760442.7776,7398068
node0.tardis-apia.ldos-ut-pg0.wisc.cloudlab.us,tencentBlock_12200,s3fifo,0.1,760,26,1,3,0.9052,0.16,19686781,760442.7776,7398068
node0.tardis-apia.ldos-ut-pg0.wisc.cloudlab.us,tencentBlock_12200,s3fifoforgive,0.1,760,26,1,1,0.9046,0.15,19686781,760442.7776,7398068
node0.tardis-apia.ldos-ut-pg0.wisc.cloudlab.us,tencentBlock_12200,s3fifoforgive,0.1,760,26,1,2,0.9046,0.14,19686781,760442.7776,7398068
node0.tardis-apia.ldos-ut-pg0.wisc.cloudlab.us,tencentBlock_12200,s3fifoforgive,0.1,760,26,1,3,0.9046,0.15,19686781,760442.7776,7398068
node0.tardis-apia.ldos-ut-pg0.wisc.cloudlab.us,tencentBlock_12217,lru,10,3552,27,1,1,0.2749,0.51,47341658,35522.7648,2840929
node0.tardis-apia.ldos-ut-pg0.wisc.cloudlab.us,tencentBlock_12217,lru,10,3552,27,1,2,0.2749,0.50,47341658,35522.7648,2840929
node0.tardis-apia.ldos-ut-pg0.wisc.cloudlab.us,tencentBlock_12217,lru,10,3552,27,1,3,0.2749,0.50,47341658,35522.7648,2840929
node0.tardis-apia.ldos-ut-pg0.wisc.cloudlab.us,tencentBlock_12217,lruforgive,10,3552,27,1,1,0.2738,0.27,47341658,35522.7648,2840929
node0.tardis-apia.ldos-ut-pg0.wisc.cloudlab.us,tencentBlock_12217,lruforgive,10,3552,27,1,2,0.2738,0.27,47341658,35522.7648,2840929
node0.tardis-apia.ldos-ut-pg0.wisc.cloudlab.us,tencentBlock_12217,lruforgive,10,3552,27,1,3,0.2738,0.27,47341658,35522.7648,2840929
node0.tardis-apia.ldos-ut-pg0.wisc.cloudlab.us,tencentBlock_12217,s3fifo,10,3552,27,1,1,0.2673,0.51,47341658,35522.7648,2840929
node0.tardis-apia.ldos-ut-pg0.wisc.cloudlab.us,tencentBlock_12217,s3fifo,10,3552,27,1,2,0.2673,0.51,47341658,35522.7648,2840929
node0.tardis-apia.ldos-ut-pg0.wisc.cloudlab.us,tencentBlock_12217,s3fifo,10,3552,27,1,3,0.2673,0.51,47341658,35522.7648,2840929
node0.tardis-apia.ldos-ut-pg0.wisc.cloudlab.us,tencentBlock_12217,s3fifoforgive,10,3552,27,1,1,0.2671,0.29,47341658,35522.7648,2840929
node0.tardis-apia.ldos-ut-pg0.wisc.cloudlab.us,tencentBlock_12217,s3fifoforgive,10,3552,27,1,2,0.2671,0.29,47341658,35522.7648,2840929
node0.tardis-apia.ldos-ut-pg0.wisc.cloudlab.us,tencentBlock_12217,s3fifoforgive,10,3552,27,1,3,0.2671,0.29,47341658,35522.7648,2840929
node0.tardis-apia.ldos-ut-pg0.wisc.cloudlab.us,tencentBlock_12217,lru,0.1,36,21,1,1,0.8284,1.12,47341658,35522.7648,2840929
node0.tardis-apia.ldos-ut-pg0.wisc.cloudlab.us,tencentBlock_12217,lru,0.1,36,21,1,2,0.8284,1.08,47341658,35522.7648,2840929
node0.tardis-apia.ldos-ut-pg0.wisc.cloudlab.us,tencentBlock_12217,lru,0.1,36,21,1,3,0.8284,1.09,47341658,35522.7648,2840929
node0.tardis-apia.ldos-ut-pg0.wisc.cloudlab.us,tencentBlock_12217,lruforgive,0.1,36,21,1,1,0.8181,0.67,47341658,35522.7648,2840929
node0.tardis-apia.ldos-ut-pg0.wisc.cloudlab.us,tencentBlock_12217,lruforgive,0.1,36,21,1,2,0.8181,0.67,47341658,35522.7648,2840929
node0.tardis-apia.ldos-ut-pg0.wisc.cloudlab.us,tencentBlock_12217,lruforgive,0.1,36,21,1,3,0.8181,0.65,47341658,35522.7648,2840929
node0.tardis-apia.ldos-ut-pg0.wisc.cloudlab.us,tencentBlock_12217,s3fifo,0.1,36,21,1,1,0.8498,1.37,47341658,35522.7648,2840929
node0.tardis-apia.ldos-ut-pg0.wisc.cloudlab.us,tencentBlock_12217,s3fifo,0.1,36,21,1,2,0.8498,1.33,47341658,35522.7648,2840929
node0.tardis-apia.ldos-ut-pg0.wisc.cloudlab.us,tencentBlock_12217,s3fifo,0.1,36,21,1,3,0.8498,1.34,47341658,35522.7648,2840929
node0.tardis-apia.ldos-ut-pg0.wisc.cloudlab.us,tencentBlock_12217,s3fifoforgive,0.1,36,21,1,1,0.8434,0.93,47341658,35522.7648,2840929
node0.tardis-apia.ldos-ut-pg0.wisc.cloudlab.us,tencentBlock_12217,s3fifoforgive,0.1,36,21,1,2,0.8434,0.96,47341658,35522.7648,2840929
node0.tardis-apia.ldos-ut-pg0.wisc.cloudlab.us,tencentBlock_12217,s3fifoforgive,0.1,36,21,1,3,0.8434,0.94,47341658,35522.7648,2840929
node0.tardis-apia.ldos-ut-pg0.wisc.cloudlab.us,tencentBlock_12300,lru,10,7736,27,1,1,0.1075,0.41,14188477,77355.3152,1439485
node0.tardis-apia.ldos-ut-pg0.wisc.cloudlab.us,tencentBlock_12300,lru,10,7736,27,1,2,0.1075,0.41,14188477,77355.3152,1439485
node0.tardis-apia.ldos-ut-pg0.wisc.cloudlab.us,tencentBlock_12300,lru,10,7736,27,1,3,0.1075,0.41,14188477,77355.3152,1439485
node0.tardis-apia.ldos-ut-pg0.wisc.cloudlab.us,tencentBlock_12300,lruforgive,10,7736,27,1,1,0.1073,0.30,14188477,77355.3152,1439485
node0.tardis-apia.ldos-ut-pg0.wisc.cloudlab.us,tencentBlock_12300,lruforgive,10,7736,27,1,2,0.1073,0.30,14188477,77355.3152,1439485
node0.tardis-apia.ldos-ut-pg0.wisc.cloudlab.us,tencentBlock_12300,lruforgive,10,7736,27,1,3,0.1073,0.30,14188477,77355.3152,1439485
node0.tardis-apia.ldos-ut-pg0.wisc.cloudlab.us,tencentBlock_12300,s3fifo,10,7736,27,1,1,0.1056,0.43,14188477,77355.3152,1439485
node0.tardis-apia.ldos-ut-pg0.wisc.cloudlab.us,tencentBlock_12300,s3fifo,10,7736,27,1,2,0.1056,0.43,14188477,77355.3152,1439485
node0.tardis-apia.ldos-ut-pg0.wisc.cloudlab.us,tencentBlock_12300,s3fifo,10,7736,27,1,3,0.1056,0.42,14188477,77355.3152,1439485
node0.tardis-apia.ldos-ut-pg0.wisc.cloudlab.us,tencentBlock_12300,s3fifoforgive,10,7736,27,1,1,0.1056,0.31,14188477,77355.3152,1439485
node0.tardis-apia.ldos-ut-pg0.wisc.cloudlab.us,tencentBlock_12300,s3fifoforgive,10,7736,27,1,2,0.1056,0.31,14188477,77355.3152,1439485
node0.tardis-apia.ldos-ut-pg0.wisc.cloudlab.us,tencentBlock_12300,s3fifoforgive,10,7736,27,1,3,0.1056,0.30,14188477,77355.3152,1439485
node0.tardis-apia.ldos-ut-pg0.wisc.cloudlab.us,tencentBlock_12300,lru,0.1,77,22,1,1,0.2065,0.89,14188477,77355.3152,1439485
node0.tardis-apia.ldos-ut-pg0.wisc.cloudlab.us,tencentBlock_12300,lru,0.1,77,22,1,2,0.2065,0.86,14188477,77355.3152,1439485
node0.tardis-apia.ldos-ut-pg0.wisc.cloudlab.us,tencentBlock_12300,lru,0.1,77,22,1,3,0.2065,0.86,14188477,77355.3152,1439485
node0.tardis-apia.ldos-ut-pg0.wisc.cloudlab.us,tencentBlock_12300,lruforgive,0.1,77,22,1,1,0.2061,0.51,14188477,77355.3152,1439485
node0.tardis-apia.ldos-ut-pg0.wisc.cloudlab.us,tencentBlock_12300,lruforgive,0.1,77,22,1,2,0.2061,0.49,14188477,77355.3152,1439485
node0.tardis-apia.ldos-ut-pg0.wisc.cloudlab.us,tencentBlock_12300,lruforgive,0.1,77,22,1,3,0.2060,0.49,14188477,77355.3152,1439485
node0.tardis-apia.ldos-ut-pg0.wisc.cloudlab.us,tencentBlock_12300,s3fifo,0.1,77,22,1,1,NA,NA,NA,77355.3152,1439485
node0.tardis-apia.ldos-ut-pg0.wisc.cloudlab.us,tencentBlock_12300,s3fifo,0.1,77,22,1,2,0.2074,1.11,14188477,77355.3152,1439485
node0.tardis-apia.ldos-ut-pg0.wisc.cloudlab.us,tencentBlock_12300,s3fifo,0.1,77,22,1,3,NA,NA,NA,77355.3152,1439485
node0.tardis-apia.ldos-ut-pg0.wisc.cloudlab.us,tencentBlock_12300,s3fifoforgive,0.1,77,22,1,1,NA,NA,NA,77355.3152,1439485
node0.tardis-apia.ldos-ut-pg0.wisc.cloudlab.us,tencentBlock_12300,s3fifoforgive,0.1,77,22,1,2,0.2073,0.61,14188477,77355.3152,1439485
node0.tardis-apia.ldos-ut-pg0.wisc.cloudlab.us,tencentBlock_12300,s3fifoforgive,0.1,77,22,1,3,0.2074,0.59,14188477,77355.3152,1439485
node0.tardis-apia.ldos-ut-pg0.wisc.cloudlab.us,tencentBlock_12430,lru,10,3443,27,1,1,0.1043,0.81,25809409,34430.0544,1709092
node0.tardis-apia.ldos-ut-pg0.wisc.cloudlab.us,tencentBlock_12430,lru,10,3443,27,1,2,0.1043,0.80,25809409,34430.0544,1709092
node0.tardis-apia.ldos-ut-pg0.wisc.cloudlab.us,tencentBlock_12430,lru,10,3443,27,1,3,0.1043,0.80,25809409,34430.0544,1709092
node0.tardis-apia.ldos-ut-pg0.wisc.cloudlab.us,tencentBlock_12430,lruforgive,10,3443,27,1,1,0.1040,0.43,25809409,34430.0544,1709092
node0.tardis-apia.ldos-ut-pg0.wisc.cloudlab.us,tencentBlock_12430,lruforgive,10,3443,27,1,2,0.1040,0.43,25809409,34430.0544,1709092
node0.tardis-apia.ldos-ut-pg0.wisc.cloudlab.us,tencentBlock_12430,lruforgive,10,3443,27,1,3,0.1040,0.43,25809409,34430.0544,1709092
node0.tardis-apia.ldos-ut-pg0.wisc.cloudlab.us,tencentBlock_12430,s3fifo,10,3443,27,1,1,0.1038,0.95,25809409,34430.0544,1709092
node0.tardis-apia.ldos-ut-pg0.wisc.cloudlab.us,tencentBlock_12430,s3fifo,10,3443,27,1,2,0.1038,0.92,25809409,34430.0544,1709092
node0.tardis-apia.ldos-ut-pg0.wisc.cloudlab.us,tencentBlock_12430,s3fifo,10,3443,27,1,3,0.1038,0.92,25809409,34430.0544,1709092
node0.tardis-apia.ldos-ut-pg0.wisc.cloudlab.us,tencentBlock_12430,s3fifoforgive,10,3443,27,1,1,0.1038,0.46,25809409,34430.0544,1709092
node0.tardis-apia.ldos-ut-pg0.wisc.cloudlab.us,tencentBlock_12430,s3fifoforgive,10,3443,27,1,2,0.1038,0.46,25809409,34430.0544,1709092
node0.tardis-apia.ldos-ut-pg0.wisc.cloudlab.us,tencentBlock_12430,s3fifoforgive,10,3443,27,1,3,0.1038,0.46,25809409,34430.0544,1709092
node0.tardis-apia.ldos-ut-pg0.wisc.cloudlab.us,tencentBlock_12430,lru,0.1,34,21,1,1,0.8015,1.64,25809409,34430.0544,1709092
node0.tardis-apia.ldos-ut-pg0.wisc.cloudlab.us,tencentBlock_12430,lru,0.1,34,21,1,2,0.8015,1.56,25809409,34430.0544,1709092
node0.tardis-apia.ldos-ut-pg0.wisc.cloudlab.us,tencentBlock_12430,lru,0.1,34,21,1,3,0.8015,1.60,25809409,34430.0544,1709092
node0.tardis-apia.ldos-ut-pg0.wisc.cloudlab.us,tencentBlock_12430,lruforgive,0.1,34,21,1,1,0.6704,0.41,25809409,34430.0544,1709092
node0.tardis-apia.ldos-ut-pg0.wisc.cloudlab.us,tencentBlock_12430,lruforgive,0.1,34,21,1,2,0.6704,0.41,25809409,34430.0544,1709092
node0.tardis-apia.ldos-ut-pg0.wisc.cloudlab.us,tencentBlock_12430,lruforgive,0.1,34,21,1,3,0.6704,0.41,25809409,34430.0544,1709092
node0.tardis-apia.ldos-ut-pg0.wisc.cloudlab.us,tencentBlock_12430,s3fifo,0.1,34,21,1,1,0.6133,1.77,25809409,34430.0544,1709092
node0.tardis-apia.ldos-ut-pg0.wisc.cloudlab.us,tencentBlock_12430,s3fifo,0.1,34,21,1,2,0.6133,1.77,25809409,34430.0544,1709092
node0.tardis-apia.ldos-ut-pg0.wisc.cloudlab.us,tencentBlock_12430,s3fifo,0.1,34,21,1,3,0.6133,1.77,25809409,34430.0544,1709092
node0.tardis-apia.ldos-ut-pg0.wisc.cloudlab.us,tencentBlock_12430,s3fifoforgive,0.1,34,21,1,1,0.6790,0.92,25809409,34430.0544,1709092
node0.tardis-apia.ldos-ut-pg0.wisc.cloudlab.us,tencentBlock_12430,s3fifoforgive,0.1,34,21,1,2,0.6790,0.90,25809409,34430.0544,1709092
node0.tardis-apia.ldos-ut-pg0.wisc.cloudlab.us,tencentBlock_12430,s3fifoforgive,0.1,34,21,1,3,0.6790,0.90,25809409,34430.0544,1709092
node0.tardis-apia.ldos-ut-pg0.wisc.cloudlab.us,tencentBlock_12447,lru,10,47620,27,1,1,0.4189,0.07,12954150,476196.6592,3995970
node0.tardis-apia.ldos-ut-pg0.wisc.cloudlab.us,tencentBlock_12447,lru,10,47620,27,1,2,0.4189,0.07,12954150,476196.6592,3995970
node0.tardis-apia.ldos-ut-pg0.wisc.cloudlab.us,tencentBlock_12447,lru,10,47620,27,1,3,0.4189,0.07,12954150,476196.6592,3995970
node0.tardis-apia.ldos-ut-pg0.wisc.cloudlab.us,tencentBlock_12447,lruforgive,10,47620,27,1,1,0.4142,0.06,12954150,476196.6592,3995970
node0.tardis-apia.ldos-ut-pg0.wisc.cloudlab.us,tencentBlock_12447,lruforgive,10,47620,27,1,2,0.4142,0.07,12954150,476196.6592,3995970
node0.tardis-apia.ldos-ut-pg0.wisc.cloudlab.us,tencentBlock_12447,lruforgive,10,47620,27,1,3,0.4142,0.07,12954150,476196.6592,3995970
node0.tardis-apia.ldos-ut-pg0.wisc.cloudlab.us,tencentBlock_12447,s3fifo,10,47620,27,1,1,0.4154,0.07,12954150,476196.6592,3995970
node0.tardis-apia.ldos-ut-pg0.wisc.cloudlab.us,tencentBlock_12447,s3fifo,10,47620,27,1,2,0.4154,0.07,12954150,476196.6592,3995970
node0.tardis-apia.ldos-ut-pg0.wisc.cloudlab.us,tencentBlock_12447,s3fifo,10,47620,27,1,3,0.4154,0.07,12954150,476196.6592,3995970
node0.tardis-apia.ldos-ut-pg0.wisc.cloudlab.us,tencentBlock_12447,s3fifoforgive,10,47620,27,1,1,0.4154,0.07,12954150,476196.6592,3995970
node0.tardis-apia.ldos-ut-pg0.wisc.cloudlab.us,tencentBlock_12447,s3fifoforgive,10,47620,27,1,2,0.4154,0.07,12954150,476196.6592,3995970
node0.tardis-apia.ldos-ut-pg0.wisc.cloudlab.us,tencentBlock_12447,s3fifoforgive,10,47620,27,1,3,0.4154,0.07,12954150,476196.6592,3995970
node0.tardis-apia.ldos-ut-pg0.wisc.cloudlab.us,tencentBlock_12447,lru,0.1,476,25,1,1,0.6722,0.07,12954150,476196.6592,3995970
node0.tardis-apia.ldos-ut-pg0.wisc.cloudlab.us,tencentBlock_12447,lru,0.1,476,25,1,2,0.6722,0.07,12954150,476196.6592,3995970
node0.tardis-apia.ldos-ut-pg0.wisc.cloudlab.us,tencentBlock_12447,lru,0.1,476,25,1,3,0.6722,0.07,12954150,476196.6592,3995970
node0.tardis-apia.ldos-ut-pg0.wisc.cloudlab.us,tencentBlock_12447,lruforgive,0.1,476,25,1,1,0.6630,0.07,12954150,476196.6592,3995970
node0.tardis-apia.ldos-ut-pg0.wisc.cloudlab.us,tencentBlock_12447,lruforgive,0.1,476,25,1,2,0.6630,0.07,12954150,476196.6592,3995970
node0.tardis-apia.ldos-ut-pg0.wisc.cloudlab.us,tencentBlock_12447,lruforgive,0.1,476,25,1,3,0.6630,0.07,12954150,476196.6592,3995970
node0.tardis-apia.ldos-ut-pg0.wisc.cloudlab.us,tencentBlock_12447,s3fifo,0.1,476,25,1,1,0.6592,0.08,12954150,476196.6592,3995970
node0.tardis-apia.ldos-ut-pg0.wisc.cloudlab.us,tencentBlock_12447,s3fifo,0.1,476,25,1,2,0.6592,0.08,12954150,476196.6592,3995970
node0.tardis-apia.ldos-ut-pg0.wisc.cloudlab.us,tencentBlock_12447,s3fifo,0.1,476,25,1,3,0.6592,0.08,12954150,476196.6592,3995970
node0.tardis-apia.ldos-ut-pg0.wisc.cloudlab.us,tencentBlock_12447,s3fifoforgive,0.1,476,25,1,1,0.6583,0.08,12954150,476196.6592,3995970
node0.tardis-apia.ldos-ut-pg0.wisc.cloudlab.us,tencentBlock_12447,s3fifoforgive,0.1,476,25,1,2,0.6583,0.08,12954150,476196.6592,3995970
node0.tardis-apia.ldos-ut-pg0.wisc.cloudlab.us,tencentBlock_12447,s3fifoforgive,0.1,476,25,1,3,0.6583,0.08,12954150,476196.6592,3995970
node0.tardis-apia.ldos-ut-pg0.wisc.cloudlab.us,tencentBlock_12455,lru,10,538222,27,1,1,NA_TOOBIG,NA,NA,5382217.8304,18998185
node0.tardis-apia.ldos-ut-pg0.wisc.cloudlab.us,tencentBlock_12455,lru,10,538222,27,1,2,NA_TOOBIG,NA,NA,5382217.8304,18998185
node0.tardis-apia.ldos-ut-pg0.wisc.cloudlab.us,tencentBlock_12455,lru,10,538222,27,1,3,NA_TOOBIG,NA,NA,5382217.8304,18998185
node0.tardis-apia.ldos-ut-pg0.wisc.cloudlab.us,tencentBlock_12455,lruforgive,10,538222,27,1,1,NA_TOOBIG,NA,NA,5382217.8304,18998185
node0.tardis-apia.ldos-ut-pg0.wisc.cloudlab.us,tencentBlock_12455,lruforgive,10,538222,27,1,2,NA_TOOBIG,NA,NA,5382217.8304,18998185
node0.tardis-apia.ldos-ut-pg0.wisc.cloudlab.us,tencentBlock_12455,lruforgive,10,538222,27,1,3,NA_TOOBIG,NA,NA,5382217.8304,18998185
node0.tardis-apia.ldos-ut-pg0.wisc.cloudlab.us,tencentBlock_12455,s3fifo,10,538222,27,1,1,NA_TOOBIG,NA,NA,5382217.8304,18998185
node0.tardis-apia.ldos-ut-pg0.wisc.cloudlab.us,tencentBlock_12455,s3fifo,10,538222,27,1,2,NA_TOOBIG,NA,NA,5382217.8304,18998185
node0.tardis-apia.ldos-ut-pg0.wisc.cloudlab.us,tencentBlock_12455,s3fifo,10,538222,27,1,3,NA_TOOBIG,NA,NA,5382217.8304,18998185
node0.tardis-apia.ldos-ut-pg0.wisc.cloudlab.us,tencentBlock_12455,s3fifoforgive,10,538222,27,1,1,NA_TOOBIG,NA,NA,5382217.8304,18998185
node0.tardis-apia.ldos-ut-pg0.wisc.cloudlab.us,tencentBlock_12455,s3fifoforgive,10,538222,27,1,2,NA_TOOBIG,NA,NA,5382217.8304,18998185
node0.tardis-apia.ldos-ut-pg0.wisc.cloudlab.us,tencentBlock_12455,s3fifoforgive,10,538222,27,1,3,NA_TOOBIG,NA,NA,5382217.8304,18998185
node0.tardis-apia.ldos-ut-pg0.wisc.cloudlab.us,tencentBlock_12455,lru,0.1,5382,27,1,1,0.7705,0.06,76740250,5382217.8304,18998185
node0.tardis-apia.ldos-ut-pg0.wisc.cloudlab.us,tencentBlock_12455,lru,0.1,5382,27,1,2,0.7705,0.06,76740250,5382217.8304,18998185
node0.tardis-apia.ldos-ut-pg0.wisc.cloudlab.us,tencentBlock_12455,lru,0.1,5382,27,1,3,0.7705,0.06,76740250,5382217.8304,18998185
node0.tardis-apia.ldos-ut-pg0.wisc.cloudlab.us,tencentBlock_12455,lruforgive,0.1,5382,27,1,1,0.7309,0.06,76740250,5382217.8304,18998185
node0.tardis-apia.ldos-ut-pg0.wisc.cloudlab.us,tencentBlock_12455,lruforgive,0.1,5382,27,1,2,0.7309,0.06,76740250,5382217.8304,18998185
node0.tardis-apia.ldos-ut-pg0.wisc.cloudlab.us,tencentBlock_12455,lruforgive,0.1,5382,27,1,3,0.7309,0.06,76740250,5382217.8304,18998185
node0.tardis-apia.ldos-ut-pg0.wisc.cloudlab.us,tencentBlock_12455,s3fifo,0.1,5382,27,1,1,0.7476,0.06,76740250,5382217.8304,18998185
node0.tardis-apia.ldos-ut-pg0.wisc.cloudlab.us,tencentBlock_12455,s3fifo,0.1,5382,27,1,2,0.7476,0.06,76740250,5382217.8304,18998185
node0.tardis-apia.ldos-ut-pg0.wisc.cloudlab.us,tencentBlock_12455,s3fifo,0.1,5382,27,1,3,0.7476,0.06,76740250,5382217.8304,18998185
node0.tardis-apia.ldos-ut-pg0.wisc.cloudlab.us,tencentBlock_12455,s3fifoforgive,0.1,5382,27,1,1,0.7450,0.06,76740250,5382217.8304,18998185
node0.tardis-apia.ldos-ut-pg0.wisc.cloudlab.us,tencentBlock_12455,s3fifoforgive,0.1,5382,27,1,2,0.7450,0.06,76740250,5382217.8304,18998185
node0.tardis-apia.ldos-ut-pg0.wisc.cloudlab.us,tencentBlock_12455,s3fifoforgive,0.1,5382,27,1,3,0.7450,0.06,76740250,5382217.8304,18998185
node0.tardis-apia.ldos-ut-pg0.wisc.cloudlab.us,tencentBlock_12461,lru,10,2793,27,1,1,0.2739,0.43,56352686,27933.696,2157832
node0.tardis-apia.ldos-ut-pg0.wisc.cloudlab.us,tencentBlock_12461,lru,10,2793,27,1,2,0.2739,0.44,56352686,27933.696,2157832
node0.tardis-apia.ldos-ut-pg0.wisc.cloudlab.us,tencentBlock_12461,lru,10,2793,27,1,3,0.2739,0.43,56352686,27933.696,2157832
node0.tardis-apia.ldos-ut-pg0.wisc.cloudlab.us,tencentBlock_12461,lruforgive,10,2793,27,1,1,0.2712,0.24,56352686,27933.696,2157832
node0.tardis-apia.ldos-ut-pg0.wisc.cloudlab.us,tencentBlock_12461,lruforgive,10,2793,27,1,2,0.2712,0.24,56352686,27933.696,2157832
node0.tardis-apia.ldos-ut-pg0.wisc.cloudlab.us,tencentBlock_12461,lruforgive,10,2793,27,1,3,0.2712,0.24,56352686,27933.696,2157832
node0.tardis-apia.ldos-ut-pg0.wisc.cloudlab.us,tencentBlock_12461,s3fifo,10,2793,27,1,1,0.2908,0.45,56352686,27933.696,2157832
node0.tardis-apia.ldos-ut-pg0.wisc.cloudlab.us,tencentBlock_12461,s3fifo,10,2793,27,1,2,0.2908,0.45,56352686,27933.696,2157832
node0.tardis-apia.ldos-ut-pg0.wisc.cloudlab.us,tencentBlock_12461,s3fifo,10,2793,27,1,3,0.2908,0.45,56352686,27933.696,2157832
node0.tardis-apia.ldos-ut-pg0.wisc.cloudlab.us,tencentBlock_12461,s3fifoforgive,10,2793,27,1,1,0.2901,0.27,56352686,27933.696,2157832
node0.tardis-apia.ldos-ut-pg0.wisc.cloudlab.us,tencentBlock_12461,s3fifoforgive,10,2793,27,1,2,0.2901,0.27,56352686,27933.696,2157832
node0.tardis-apia.ldos-ut-pg0.wisc.cloudlab.us,tencentBlock_12461,s3fifoforgive,10,2793,27,1,3,0.2901,0.27,56352686,27933.696,2157832
node0.tardis-apia.ldos-ut-pg0.wisc.cloudlab.us,tencentBlock_12461,lru,0.1,28,21,1,1,0.8785,2.38,56352686,27933.696,2157832
node0.tardis-apia.ldos-ut-pg0.wisc.cloudlab.us,tencentBlock_12461,lru,0.1,28,21,1,2,0.8785,2.29,56352686,27933.696,2157832
node0.tardis-apia.ldos-ut-pg0.wisc.cloudlab.us,tencentBlock_12461,lru,0.1,28,21,1,3,0.8785,2.28,56352686,27933.696,2157832
node0.tardis-apia.ldos-ut-pg0.wisc.cloudlab.us,tencentBlock_12461,lruforgive,0.1,28,21,1,1,0.8730,1.26,56352686,27933.696,2157832
node0.tardis-apia.ldos-ut-pg0.wisc.cloudlab.us,tencentBlock_12461,lruforgive,0.1,28,21,1,2,0.8730,1.22,56352686,27933.696,2157832
node0.tardis-apia.ldos-ut-pg0.wisc.cloudlab.us,tencentBlock_12461,lruforgive,0.1,28,21,1,3,0.8730,1.22,56352686,27933.696,2157832
node0.tardis-apia.ldos-ut-pg0.wisc.cloudlab.us,tencentBlock_12461,s3fifo,0.1,28,21,1,1,0.8855,2.26,56352686,27933.696,2157832
node0.tardis-apia.ldos-ut-pg0.wisc.cloudlab.us,tencentBlock_12461,s3fifo,0.1,28,21,1,2,0.8855,2.26,56352686,27933.696,2157832
node0.tardis-apia.ldos-ut-pg0.wisc.cloudlab.us,tencentBlock_12461,s3fifo,0.1,28,21,1,3,0.8855,2.43,56352686,27933.696,2157832
node0.tardis-apia.ldos-ut-pg0.wisc.cloudlab.us,tencentBlock_12461,s3fifoforgive,0.1,28,21,1,1,0.8835,1.69,56352686,27933.696,2157832
node0.tardis-apia.ldos-ut-pg0.wisc.cloudlab.us,tencentBlock_12461,s3fifoforgive,0.1,28,21,1,2,0.8835,1.57,56352686,27933.696,2157832
node0.tardis-apia.ldos-ut-pg0.wisc.cloudlab.us,tencentBlock_12461,s3fifoforgive,0.1,28,21,1,3,0.8835,1.68,56352686,27933.696,2157832
node0.tardis-apia.ldos-ut-pg0.wisc.cloudlab.us,tencentBlock_12621,lru,10,27411,27,1,1,0.7686,0.04,3976897,274106.88,1631211
node0.tardis-apia.ldos-ut-pg0.wisc.cloudlab.us,tencentBlock_12621,lru,10,27411,27,1,2,0.7686,0.04,3976897,274106.88,1631211
node0.tardis-apia.ldos-ut-pg0.wisc.cloudlab.us,tencentBlock_12621,lru,10,27411,27,1,3,0.7686,0.04,3976897,274106.88,1631211
node0.tardis-apia.ldos-ut-pg0.wisc.cloudlab.us,tencentBlock_12621,lruforgive,10,27411,27,1,1,0.7533,0.05,3976897,274106.88,1631211
node0.tardis-apia.ldos-ut-pg0.wisc.cloudlab.us,tencentBlock_12621,lruforgive,10,27411,27,1,2,0.7530,0.05,3976897,274106.88,1631211
node0.tardis-apia.ldos-ut-pg0.wisc.cloudlab.us,tencentBlock_12621,lruforgive,10,27411,27,1,3,0.7525,0.04,3976897,274106.88,1631211
node0.tardis-apia.ldos-ut-pg0.wisc.cloudlab.us,tencentBlock_12621,s3fifo,10,27411,27,1,1,0.6963,0.05,3976897,274106.88,1631211
node0.tardis-apia.ldos-ut-pg0.wisc.cloudlab.us,tencentBlock_12621,s3fifo,10,27411,27,1,2,0.6963,0.05,3976897,274106.88,1631211
node0.tardis-apia.ldos-ut-pg0.wisc.cloudlab.us,tencentBlock_12621,s3fifo,10,27411,27,1,3,0.6963,0.05,3976897,274106.88,1631211
node0.tardis-apia.ldos-ut-pg0.wisc.cloudlab.us,tencentBlock_12621,s3fifoforgive,10,27411,27,1,1,0.6963,0.05,3976897,274106.88,1631211
node0.tardis-apia.ldos-ut-pg0.wisc.cloudlab.us,tencentBlock_12621,s3fifoforgive,10,27411,27,1,2,0.6963,0.05,3976897,274106.88,1631211
node0.tardis-apia.ldos-ut-pg0.wisc.cloudlab.us,tencentBlock_12621,s3fifoforgive,10,27411,27,1,3,0.6963,0.05,3976897,274106.88,1631211
node0.tardis-apia.ldos-ut-pg0.wisc.cloudlab.us,tencentBlock_12621,lru,0.1,274,24,1,1,0.8421,0.06,3976897,274106.88,1631211
node0.tardis-apia.ldos-ut-pg0.wisc.cloudlab.us,tencentBlock_12621,lru,0.1,274,24,1,2,0.8421,0.06,3976897,274106.88,1631211
node0.tardis-apia.ldos-ut-pg0.wisc.cloudlab.us,tencentBlock_12621,lru,0.1,274,24,1,3,0.8421,0.06,3976897,274106.88,1631211
node0.tardis-apia.ldos-ut-pg0.wisc.cloudlab.us,tencentBlock_12621,lruforgive,0.1,274,24,1,1,0.8392,0.06,3976897,274106.88,1631211
node0.tardis-apia.ldos-ut-pg0.wisc.cloudlab.us,tencentBlock_12621,lruforgive,0.1,274,24,1,2,0.8392,0.06,3976897,274106.88,1631211
node0.tardis-apia.ldos-ut-pg0.wisc.cloudlab.us,tencentBlock_12621,lruforgive,0.1,274,24,1,3,0.8392,0.06,3976897,274106.88,1631211
node0.tardis-apia.ldos-ut-pg0.wisc.cloudlab.us,tencentBlock_12621,s3fifo,0.1,274,24,1,1,0.8316,0.07,3976897,274106.88,1631211
node0.tardis-apia.ldos-ut-pg0.wisc.cloudlab.us,tencentBlock_12621,s3fifo,0.1,274,24,1,2,0.8315,0.07,3976897,274106.88,1631211
node0.tardis-apia.ldos-ut-pg0.wisc.cloudlab.us,tencentBlock_12621,s3fifo,0.1,274,24,1,3,0.8316,0.07,3976897,274106.88,1631211
node0.tardis-apia.ldos-ut-pg0.wisc.cloudlab.us,tencentBlock_12621,s3fifoforgive,0.1,274,24,1,1,0.8313,0.07,3976897,274106.88,1631211
node0.tardis-apia.ldos-ut-pg0.wisc.cloudlab.us,tencentBlock_12621,s3fifoforgive,0.1,274,24,1,2,0.8313,0.06,3976897,274106.88,1631211
node0.tardis-apia.ldos-ut-pg0.wisc.cloudlab.us,tencentBlock_12621,s3fifoforgive,0.1,274,24,1,3,0.8314,0.06,3976897,274106.88,1631211
node0.tardis-apia.ldos-ut-pg0.wisc.cloudlab.us,tencentBlock_12704,lru,10,3272,27,1,1,0.3159,0.49,55860118,32716.8,2908599
node0.tardis-apia.ldos-ut-pg0.wisc.cloudlab.us,tencentBlock_12704,lru,10,3272,27,1,2,0.3159,0.49,55860118,32716.8,2908599
node0.tardis-apia.ldos-ut-pg0.wisc.cloudlab.us,tencentBlock_12704,lru,10,3272,27,1,3,0.3159,0.50,55860118,32716.8,2908599
node0.tardis-apia.ldos-ut-pg0.wisc.cloudlab.us,tencentBlock_12704,lruforgive,10,3272,27,1,1,0.3140,0.27,55860118,32716.8,2908599
node0.tardis-apia.ldos-ut-pg0.wisc.cloudlab.us,tencentBlock_12704,lruforgive,10,3272,27,1,2,0.3140,0.26,55860118,32716.8,2908599
node0.tardis-apia.ldos-ut-pg0.wisc.cloudlab.us,tencentBlock_12704,lruforgive,10,3272,27,1,3,0.3140,0.27,55860118,32716.8,2908599
node0.tardis-apia.ldos-ut-pg0.wisc.cloudlab.us,tencentBlock_12704,s3fifo,10,3272,27,1,1,0.3110,0.49,55860118,32716.8,2908599
node0.tardis-apia.ldos-ut-pg0.wisc.cloudlab.us,tencentBlock_12704,s3fifo,10,3272,27,1,2,0.3110,0.50,55860118,32716.8,2908599
node0.tardis-apia.ldos-ut-pg0.wisc.cloudlab.us,tencentBlock_12704,s3fifo,10,3272,27,1,3,0.3110,0.49,55860118,32716.8,2908599
node0.tardis-apia.ldos-ut-pg0.wisc.cloudlab.us,tencentBlock_12704,s3fifoforgive,10,3272,27,1,1,0.3104,0.29,55860118,32716.8,2908599
node0.tardis-apia.ldos-ut-pg0.wisc.cloudlab.us,tencentBlock_12704,s3fifoforgive,10,3272,27,1,2,0.3104,0.29,55860118,32716.8,2908599
node0.tardis-apia.ldos-ut-pg0.wisc.cloudlab.us,tencentBlock_12704,s3fifoforgive,10,3272,27,1,3,0.3104,0.29,55860118,32716.8,2908599
node0.tardis-apia.ldos-ut-pg0.wisc.cloudlab.us,tencentBlock_12704,lru,0.1,33,21,1,1,0.7884,1.27,55860118,32716.8,2908599
node0.tardis-apia.ldos-ut-pg0.wisc.cloudlab.us,tencentBlock_12704,lru,0.1,33,21,1,2,0.7884,1.27,55860118,32716.8,2908599
node0.tardis-apia.ldos-ut-pg0.wisc.cloudlab.us,tencentBlock_12704,lru,0.1,33,21,1,3,0.7884,1.24,55860118,32716.8,2908599
node0.tardis-apia.ldos-ut-pg0.wisc.cloudlab.us,tencentBlock_12704,lruforgive,0.1,33,21,1,1,0.7808,0.71,55860118,32716.8,2908599
node0.tardis-apia.ldos-ut-pg0.wisc.cloudlab.us,tencentBlock_12704,lruforgive,0.1,33,21,1,2,0.7808,0.67,55860118,32716.8,2908599
node0.tardis-apia.ldos-ut-pg0.wisc.cloudlab.us,tencentBlock_12704,lruforgive,0.1,33,21,1,3,0.7808,0.69,55860118,32716.8,2908599
node0.tardis-apia.ldos-ut-pg0.wisc.cloudlab.us,tencentBlock_12704,s3fifo,0.1,33,21,1,1,0.8057,1.31,55860118,32716.8,2908599
node0.tardis-apia.ldos-ut-pg0.wisc.cloudlab.us,tencentBlock_12704,s3fifo,0.1,33,21,1,2,0.8057,1.35,55860118,32716.8,2908599
node0.tardis-apia.ldos-ut-pg0.wisc.cloudlab.us,tencentBlock_12704,s3fifo,0.1,33,21,1,3,0.8057,1.35,55860118,32716.8,2908599
node0.tardis-apia.ldos-ut-pg0.wisc.cloudlab.us,tencentBlock_12704,s3fifoforgive,0.1,33,21,1,1,0.8017,0.91,55860118,32716.8,2908599
node0.tardis-apia.ldos-ut-pg0.wisc.cloudlab.us,tencentBlock_12704,s3fifoforgive,0.1,33,21,1,2,0.8017,0.88,55860118,32716.8,2908599
node0.tardis-apia.ldos-ut-pg0.wisc.cloudlab.us,tencentBlock_12704,s3fifoforgive,0.1,33,21,1,3,0.8017,0.89,55860118,32716.8,2908599
node0.tardis-apia.ldos-ut-pg0.wisc.cloudlab.us,tencentBlock_12726,lru,10,3274,27,1,1,0.2890,0.49,46286677,32743.5264,2724050
node0.tardis-apia.ldos-ut-pg0.wisc.cloudlab.us,tencentBlock_12726,lru,10,3274,27,1,2,0.2890,0.49,46286677,32743.5264,2724050
node0.tardis-apia.ldos-ut-pg0.wisc.cloudlab.us,tencentBlock_12726,lru,10,3274,27,1,3,0.2890,0.49,46286677,32743.5264,2724050
node0.tardis-apia.ldos-ut-pg0.wisc.cloudlab.us,tencentBlock_12726,lruforgive,10,3274,27,1,1,0.2873,0.27,46286677,32743.5264,2724050
node0.tardis-apia.ldos-ut-pg0.wisc.cloudlab.us,tencentBlock_12726,lruforgive,10,3274,27,1,2,0.2873,0.26,46286677,32743.5264,2724050
node0.tardis-apia.ldos-ut-pg0.wisc.cloudlab.us,tencentBlock_12726,lruforgive,10,3274,27,1,3,0.2873,0.26,46286677,32743.5264,2724050
node0.tardis-apia.ldos-ut-pg0.wisc.cloudlab.us,tencentBlock_12726,s3fifo,10,3274,27,1,1,0.2781,0.49,46286677,32743.5264,2724050
node0.tardis-apia.ldos-ut-pg0.wisc.cloudlab.us,tencentBlock_12726,s3fifo,10,3274,27,1,2,0.2781,0.49,46286677,32743.5264,2724050
node0.tardis-apia.ldos-ut-pg0.wisc.cloudlab.us,tencentBlock_12726,s3fifo,10,3274,27,1,3,0.2781,0.50,46286677,32743.5264,2724050
node0.tardis-apia.ldos-ut-pg0.wisc.cloudlab.us,tencentBlock_12726,s3fifoforgive,10,3274,27,1,1,0.2780,0.29,46286677,32743.5264,2724050
node0.tardis-apia.ldos-ut-pg0.wisc.cloudlab.us,tencentBlock_12726,s3fifoforgive,10,3274,27,1,2,0.2780,0.29,46286677,32743.5264,2724050
node0.tardis-apia.ldos-ut-pg0.wisc.cloudlab.us,tencentBlock_12726,s3fifoforgive,10,3274,27,1,3,0.2780,0.29,46286677,32743.5264,2724050
node0.tardis-apia.ldos-ut-pg0.wisc.cloudlab.us,tencentBlock_12726,lru,0.1,33,21,1,1,0.7712,1.59,46286677,32743.5264,2724050
node0.tardis-apia.ldos-ut-pg0.wisc.cloudlab.us,tencentBlock_12726,lru,0.1,33,21,1,2,0.7712,1.59,46286677,32743.5264,2724050
node0.tardis-apia.ldos-ut-pg0.wisc.cloudlab.us,tencentBlock_12726,lru,0.1,33,21,1,3,0.7712,1.59,46286677,32743.5264,2724050
node0.tardis-apia.ldos-ut-pg0.wisc.cloudlab.us,tencentBlock_12726,lruforgive,0.1,33,21,1,1,0.7639,0.82,46286677,32743.5264,2724050
node0.tardis-apia.ldos-ut-pg0.wisc.cloudlab.us,tencentBlock_12726,lruforgive,0.1,33,21,1,2,0.7639,0.83,46286677,32743.5264,2724050
node0.tardis-apia.ldos-ut-pg0.wisc.cloudlab.us,tencentBlock_12726,lruforgive,0.1,33,21,1,3,0.7639,0.82,46286677,32743.5264,2724050
node0.tardis-apia.ldos-ut-pg0.wisc.cloudlab.us,tencentBlock_12726,s3fifo,0.1,33,21,1,1,0.7951,1.67,46286677,32743.5264,2724050
node0.tardis-apia.ldos-ut-pg0.wisc.cloudlab.us,tencentBlock_12726,s3fifo,0.1,33,21,1,2,0.7951,1.64,46286677,32743.5264,2724050
node0.tardis-apia.ldos-ut-pg0.wisc.cloudlab.us,tencentBlock_12726,s3fifo,0.1,33,21,1,3,0.7951,1.69,46286677,32743.5264,2724050
node0.tardis-apia.ldos-ut-pg0.wisc.cloudlab.us,tencentBlock_12726,s3fifoforgive,0.1,33,21,1,1,0.7910,1.08,46286677,32743.5264,2724050
node0.tardis-apia.ldos-ut-pg0.wisc.cloudlab.us,tencentBlock_12726,s3fifoforgive,0.1,33,21,1,2,0.7910,1.05,46286677,32743.5264,2724050
node0.tardis-apia.ldos-ut-pg0.wisc.cloudlab.us,tencentBlock_12726,s3fifoforgive,0.1,33,21,1,3,0.7910,1.05,46286677,32743.5264,2724050
node0.tardis-apia.ldos-ut-pg0.wisc.cloudlab.us,tencentBlock_1273,lru,10,64014,27,1,1,0.1650,0.08,21127417,640140.0832,2597853
node0.tardis-apia.ldos-ut-pg0.wisc.cloudlab.us,tencentBlock_1273,lru,10,64014,27,1,2,0.1650,0.08,21127417,640140.0832,2597853
node0.tardis-apia.ldos-ut-pg0.wisc.cloudlab.us,tencentBlock_1273,lru,10,64014,27,1,3,0.1650,0.08,21127417,640140.0832,2597853
node0.tardis-apia.ldos-ut-pg0.wisc.cloudlab.us,tencentBlock_1273,lruforgive,10,64014,27,1,1,0.1648,0.07,21127417,640140.0832,2597853
node0.tardis-apia.ldos-ut-pg0.wisc.cloudlab.us,tencentBlock_1273,lruforgive,10,64014,27,1,2,0.1648,0.07,21127417,640140.0832,2597853
node0.tardis-apia.ldos-ut-pg0.wisc.cloudlab.us,tencentBlock_1273,lruforgive,10,64014,27,1,3,0.1648,0.07,21127417,640140.0832,2597853
node0.tardis-apia.ldos-ut-pg0.wisc.cloudlab.us,tencentBlock_1273,s3fifo,10,64014,27,1,1,0.1440,0.09,21127417,640140.0832,2597853
node0.tardis-apia.ldos-ut-pg0.wisc.cloudlab.us,tencentBlock_1273,s3fifo,10,64014,27,1,2,0.1440,0.09,21127417,640140.0832,2597853
node0.tardis-apia.ldos-ut-pg0.wisc.cloudlab.us,tencentBlock_1273,s3fifo,10,64014,27,1,3,0.1440,0.09,21127417,640140.0832,2597853
node0.tardis-apia.ldos-ut-pg0.wisc.cloudlab.us,tencentBlock_1273,s3fifoforgive,10,64014,27,1,1,0.1440,0.08,21127417,640140.0832,2597853
node0.tardis-apia.ldos-ut-pg0.wisc.cloudlab.us,tencentBlock_1273,s3fifoforgive,10,64014,27,1,2,0.1440,0.08,21127417,640140.0832,2597853
node0.tardis-apia.ldos-ut-pg0.wisc.cloudlab.us,tencentBlock_1273,s3fifoforgive,10,64014,27,1,3,0.1440,0.08,21127417,640140.0832,2597853
node0.tardis-apia.ldos-ut-pg0.wisc.cloudlab.us,tencentBlock_1273,lru,0.1,640,25,1,1,0.3998,0.11,21127417,640140.0832,2597853
node0.tardis-apia.ldos-ut-pg0.wisc.cloudlab.us,tencentBlock_1273,lru,0.1,640,25,1,2,0.3998,0.10,21127417,640140.0832,2597853
node0.tardis-apia.ldos-ut-pg0.wisc.cloudlab.us,tencentBlock_1273,lru,0.1,640,25,1,3,0.3998,0.11,21127417,640140.0832,2597853
node0.tardis-apia.ldos-ut-pg0.wisc.cloudlab.us,tencentBlock_1273,lruforgive,0.1,640,25,1,1,0.3858,0.10,21127417,640140.0832,2597853
node0.tardis-apia.ldos-ut-pg0.wisc.cloudlab.us,tencentBlock_1273,lruforgive,0.1,640,25,1,2,0.3858,0.10,21127417,640140.0832,2597853
node0.tardis-apia.ldos-ut-pg0.wisc.cloudlab.us,tencentBlock_1273,lruforgive,0.1,640,25,1,3,0.3858,0.10,21127417,640140.0832,2597853
node0.tardis-apia.ldos-ut-pg0.wisc.cloudlab.us,tencentBlock_1273,s3fifo,0.1,640,25,1,1,0.3748,0.17,21127417,640140.0832,2597853
node0.tardis-apia.ldos-ut-pg0.wisc.cloudlab.us,tencentBlock_1273,s3fifo,0.1,640,25,1,2,0.3748,0.17,21127417,640140.0832,2597853
node0.tardis-apia.ldos-ut-pg0.wisc.cloudlab.us,tencentBlock_1273,s3fifo,0.1,640,25,1,3,0.3748,0.17,21127417,640140.0832,2597853
node0.tardis-apia.ldos-ut-pg0.wisc.cloudlab.us,tencentBlock_1273,s3fifoforgive,0.1,640,25,1,1,0.3745,0.15,21127417,640140.0832,2597853
node0.tardis-apia.ldos-ut-pg0.wisc.cloudlab.us,tencentBlock_1273,s3fifoforgive,0.1,640,25,1,2,0.3745,0.15,21127417,640140.0832,2597853
node0.tardis-apia.ldos-ut-pg0.wisc.cloudlab.us,tencentBlock_1273,s3fifoforgive,0.1,640,25,1,3,0.3745,0.15,21127417,640140.0832,2597853
node0.tardis-apia.ldos-ut-pg0.wisc.cloudlab.us,tencentBlock_12745,lru,10,30865,27,1,1,0.7811,0.04,2666698,308645.7856,1669517
node0.tardis-apia.ldos-ut-pg0.wisc.cloudlab.us,tencentBlock_12745,lru,10,30865,27,1,2,0.7811,0.04,2666698,308645.7856,1669517
node0.tardis-apia.ldos-ut-pg0.wisc.cloudlab.us,tencentBlock_12745,lru,10,30865,27,1,3,0.7811,0.04,2666698,308645.7856,1669517
node0.tardis-apia.ldos-ut-pg0.wisc.cloudlab.us,tencentBlock_12745,lruforgive,10,30865,27,1,1,0.7800,0.04,2666698,308645.7856,1669517
node0.tardis-apia.ldos-ut-pg0.wisc.cloudlab.us,tencentBlock_12745,lruforgive,10,30865,27,1,2,0.7800,0.04,2666698,308645.7856,1669517
node0.tardis-apia.ldos-ut-pg0.wisc.cloudlab.us,tencentBlock_12745,lruforgive,10,30865,27,1,3,0.7800,0.04,2666698,308645.7856,1669517
node0.tardis-apia.ldos-ut-pg0.wisc.cloudlab.us,tencentBlock_12745,s3fifo,10,30865,27,1,1,0.7565,0.04,2666698,308645.7856,1669517
node0.tardis-apia.ldos-ut-pg0.wisc.cloudlab.us,tencentBlock_12745,s3fifo,10,30865,27,1,2,0.7565,0.04,2666698,308645.7856,1669517
node0.tardis-apia.ldos-ut-pg0.wisc.cloudlab.us,tencentBlock_12745,s3fifo,10,30865,27,1,3,0.7565,0.04,2666698,308645.7856,1669517
node0.tardis-apia.ldos-ut-pg0.wisc.cloudlab.us,tencentBlock_12745,s3fifoforgive,10,30865,27,1,1,0.7565,0.04,2666698,308645.7856,1669517
node0.tardis-apia.ldos-ut-pg0.wisc.cloudlab.us,tencentBlock_12745,s3fifoforgive,10,30865,27,1,2,0.7565,0.04,2666698,308645.7856,1669517
node0.tardis-apia.ldos-ut-pg0.wisc.cloudlab.us,tencentBlock_12745,s3fifoforgive,10,30865,27,1,3,0.7565,0.04,2666698,308645.7856,1669517
node0.tardis-apia.ldos-ut-pg0.wisc.cloudlab.us,tencentBlock_12745,lru,0.1,309,24,1,1,0.8096,0.06,2666698,308645.7856,1669517
node0.tardis-apia.ldos-ut-pg0.wisc.cloudlab.us,tencentBlock_12745,lru,0.1,309,24,1,2,0.8096,0.05,2666698,308645.7856,1669517
node0.tardis-apia.ldos-ut-pg0.wisc.cloudlab.us,tencentBlock_12745,lru,0.1,309,24,1,3,0.8096,0.05,2666698,308645.7856,1669517
node0.tardis-apia.ldos-ut-pg0.wisc.cloudlab.us,tencentBlock_12745,lruforgive,0.1,309,24,1,1,0.8093,0.06,2666698,308645.7856,1669517
node0.tardis-apia.ldos-ut-pg0.wisc.cloudlab.us,tencentBlock_12745,lruforgive,0.1,309,24,1,2,0.8093,0.06,2666698,308645.7856,1669517
node0.tardis-apia.ldos-ut-pg0.wisc.cloudlab.us,tencentBlock_12745,lruforgive,0.1,309,24,1,3,0.8093,0.05,2666698,308645.7856,1669517
node0.tardis-apia.ldos-ut-pg0.wisc.cloudlab.us,tencentBlock_12745,s3fifo,0.1,309,24,1,1,0.8073,0.06,2666698,308645.7856,1669517
node0.tardis-apia.ldos-ut-pg0.wisc.cloudlab.us,tencentBlock_12745,s3fifo,0.1,309,24,1,2,0.8073,0.06,2666698,308645.7856,1669517
node0.tardis-apia.ldos-ut-pg0.wisc.cloudlab.us,tencentBlock_12745,s3fifo,0.1,309,24,1,3,0.8073,0.06,2666698,308645.7856,1669517
node0.tardis-apia.ldos-ut-pg0.wisc.cloudlab.us,tencentBlock_12745,s3fifoforgive,0.1,309,24,1,1,0.8073,0.06,2666698,308645.7856,1669517
node0.tardis-apia.ldos-ut-pg0.wisc.cloudlab.us,tencentBlock_12745,s3fifoforgive,0.1,309,24,1,2,0.8073,0.06,2666698,308645.7856,1669517
node0.tardis-apia.ldos-ut-pg0.wisc.cloudlab.us,tencentBlock_12745,s3fifoforgive,0.1,309,24,1,3,0.8073,0.06,2666698,308645.7856,1669517
node0.tardis-apia.ldos-ut-pg0.wisc.cloudlab.us,tencentBlock_12754,lru,10,1317,26,1,1,0.2973,0.56,6105213,13165.1584,1088347
node0.tardis-apia.ldos-ut-pg0.wisc.cloudlab.us,tencentBlock_12754,lru,10,1317,26,1,2,0.2973,0.56,6105213,13165.1584,1088347
node0.tardis-apia.ldos-ut-pg0.wisc.cloudlab.us,tencentBlock_12754,lru,10,1317,26,1,3,0.2973,0.57,6105213,13165.1584,1088347
node0.tardis-apia.ldos-ut-pg0.wisc.cloudlab.us,tencentBlock_12754,lruforgive,10,1317,26,1,1,0.2976,0.37,6105213,13165.1584,1088347
node0.tardis-apia.ldos-ut-pg0.wisc.cloudlab.us,tencentBlock_12754,lruforgive,10,1317,26,1,2,0.2976,0.38,6105213,13165.1584,1088347
node0.tardis-apia.ldos-ut-pg0.wisc.cloudlab.us,tencentBlock_12754,lruforgive,10,1317,26,1,3,0.2976,0.37,6105213,13165.1584,1088347
node0.tardis-apia.ldos-ut-pg0.wisc.cloudlab.us,tencentBlock_12754,s3fifo,10,1317,26,1,1,0.3090,0.62,6105213,13165.1584,1088347
node0.tardis-apia.ldos-ut-pg0.wisc.cloudlab.us,tencentBlock_12754,s3fifo,10,1317,26,1,2,0.3090,0.62,6105213,13165.1584,1088347
node0.tardis-apia.ldos-ut-pg0.wisc.cloudlab.us,tencentBlock_12754,s3fifo,10,1317,26,1,3,0.3090,0.62,6105213,13165.1584,1088347
node0.tardis-apia.ldos-ut-pg0.wisc.cloudlab.us,tencentBlock_12754,s3fifoforgive,10,1317,26,1,1,0.3089,0.41,6105213,13165.1584,1088347
node0.tardis-apia.ldos-ut-pg0.wisc.cloudlab.us,tencentBlock_12754,s3fifoforgive,10,1317,26,1,2,0.3089,0.40,6105213,13165.1584,1088347
node0.tardis-apia.ldos-ut-pg0.wisc.cloudlab.us,tencentBlock_12754,s3fifoforgive,10,1317,26,1,3,0.3089,0.41,6105213,13165.1584,1088347
node0.tardis-apia.ldos-ut-pg0.wisc.cloudlab.us,tencentBlock_12754,lru,0.1,13,20,1,1,0.5175,1.99,6105213,13165.1584,1088347
node0.tardis-apia.ldos-ut-pg0.wisc.cloudlab.us,tencentBlock_12754,lru,0.1,13,20,1,2,0.5175,1.94,6105213,13165.1584,1088347
node0.tardis-apia.ldos-ut-pg0.wisc.cloudlab.us,tencentBlock_12754,lru,0.1,13,20,1,3,0.5175,1.97,6105213,13165.1584,1088347
node0.tardis-apia.ldos-ut-pg0.wisc.cloudlab.us,tencentBlock_12754,lruforgive,0.1,13,20,1,1,0.5219,0.81,6105213,13165.1584,1088347
node0.tardis-apia.ldos-ut-pg0.wisc.cloudlab.us,tencentBlock_12754,lruforgive,0.1,13,20,1,2,0.5219,0.82,6105213,13165.1584,1088347
node0.tardis-apia.ldos-ut-pg0.wisc.cloudlab.us,tencentBlock_12754,lruforgive,0.1,13,20,1,3,0.5219,0.83,6105213,13165.1584,1088347
node0.tardis-apia.ldos-ut-pg0.wisc.cloudlab.us,tencentBlock_12754,s3fifo,0.1,13,20,1,1,0.5293,2.03,6105213,13165.1584,1088347
node0.tardis-apia.ldos-ut-pg0.wisc.cloudlab.us,tencentBlock_12754,s3fifo,0.1,13,20,1,2,0.5293,2.03,6105213,13165.1584,1088347
node0.tardis-apia.ldos-ut-pg0.wisc.cloudlab.us,tencentBlock_12754,s3fifo,0.1,13,20,1,3,0.5293,2.03,6105213,13165.1584,1088347
node0.tardis-apia.ldos-ut-pg0.wisc.cloudlab.us,tencentBlock_12754,s3fifoforgive,0.1,13,20,1,1,0.5291,1.00,6105213,13165.1584,1088347
node0.tardis-apia.ldos-ut-pg0.wisc.cloudlab.us,tencentBlock_12754,s3fifoforgive,0.1,13,20,1,2,0.5291,1.02,6105213,13165.1584,1088347
node0.tardis-apia.ldos-ut-pg0.wisc.cloudlab.us,tencentBlock_12754,s3fifoforgive,0.1,13,20,1,3,0.5291,1.01,6105213,13165.1584,1088347
node0.tardis-apia.ldos-ut-pg0.wisc.cloudlab.us,tencentBlock_12908,lru,10,3641,27,1,1,0.2419,0.50,30010458,36407.3984,2322603
node0.tardis-apia.ldos-ut-pg0.wisc.cloudlab.us,tencentBlock_12908,lru,10,3641,27,1,2,0.2419,0.50,30010458,36407.3984,2322603
node0.tardis-apia.ldos-ut-pg0.wisc.cloudlab.us,tencentBlock_12908,lru,10,3641,27,1,3,0.2419,0.50,30010458,36407.3984,2322603
node0.tardis-apia.ldos-ut-pg0.wisc.cloudlab.us,tencentBlock_12908,lruforgive,10,3641,27,1,1,0.2406,0.28,30010458,36407.3984,2322603
node0.tardis-apia.ldos-ut-pg0.wisc.cloudlab.us,tencentBlock_12908,lruforgive,10,3641,27,1,2,0.2406,0.29,30010458,36407.3984,2322603
node0.tardis-apia.ldos-ut-pg0.wisc.cloudlab.us,tencentBlock_12908,lruforgive,10,3641,27,1,3,0.2406,0.29,30010458,36407.3984,2322603
node0.tardis-apia.ldos-ut-pg0.wisc.cloudlab.us,tencentBlock_12908,s3fifo,10,3641,27,1,1,0.2413,0.52,30010458,36407.3984,2322603
node0.tardis-apia.ldos-ut-pg0.wisc.cloudlab.us,tencentBlock_12908,s3fifo,10,3641,27,1,2,0.2413,0.52,30010458,36407.3984,2322603
node0.tardis-apia.ldos-ut-pg0.wisc.cloudlab.us,tencentBlock_12908,s3fifo,10,3641,27,1,3,0.2413,0.52,30010458,36407.3984,2322603
node0.tardis-apia.ldos-ut-pg0.wisc.cloudlab.us,tencentBlock_12908,s3fifoforgive,10,3641,27,1,1,0.2412,0.30,30010458,36407.3984,2322603
node0.tardis-apia.ldos-ut-pg0.wisc.cloudlab.us,tencentBlock_12908,s3fifoforgive,10,3641,27,1,2,0.2412,0.31,30010458,36407.3984,2322603
node0.tardis-apia.ldos-ut-pg0.wisc.cloudlab.us,tencentBlock_12908,s3fifoforgive,10,3641,27,1,3,0.2412,0.30,30010458,36407.3984,2322603
node0.tardis-apia.ldos-ut-pg0.wisc.cloudlab.us,tencentBlock_12908,lru,0.1,36,21,1,1,0.7419,1.47,30010458,36407.3984,2322603
node0.tardis-apia.ldos-ut-pg0.wisc.cloudlab.us,tencentBlock_12908,lru,0.1,36,21,1,2,0.7419,1.55,30010458,36407.3984,2322603
node0.tardis-apia.ldos-ut-pg0.wisc.cloudlab.us,tencentBlock_12908,lru,0.1,36,21,1,3,0.7419,1.53,30010458,36407.3984,2322603
node0.tardis-apia.ldos-ut-pg0.wisc.cloudlab.us,tencentBlock_12908,lruforgive,0.1,36,21,1,1,0.7255,0.76,30010458,36407.3984,2322603
node0.tardis-apia.ldos-ut-pg0.wisc.cloudlab.us,tencentBlock_12908,lruforgive,0.1,36,21,1,2,0.7255,0.77,30010458,36407.3984,2322603
node0.tardis-apia.ldos-ut-pg0.wisc.cloudlab.us,tencentBlock_12908,lruforgive,0.1,36,21,1,3,0.7255,0.77,30010458,36407.3984,2322603
node0.tardis-apia.ldos-ut-pg0.wisc.cloudlab.us,tencentBlock_12908,s3fifo,0.1,36,21,1,1,0.7385,1.68,30010458,36407.3984,2322603
node0.tardis-apia.ldos-ut-pg0.wisc.cloudlab.us,tencentBlock_12908,s3fifo,0.1,36,21,1,2,0.7385,1.68,30010458,36407.3984,2322603
node0.tardis-apia.ldos-ut-pg0.wisc.cloudlab.us,tencentBlock_12908,s3fifo,0.1,36,21,1,3,0.7385,1.68,30010458,36407.3984,2322603
node0.tardis-apia.ldos-ut-pg0.wisc.cloudlab.us,tencentBlock_12908,s3fifoforgive,0.1,36,21,1,1,0.7363,1.12,30010458,36407.3984,2322603
node0.tardis-apia.ldos-ut-pg0.wisc.cloudlab.us,tencentBlock_12908,s3fifoforgive,0.1,36,21,1,2,0.7363,1.07,30010458,36407.3984,2322603
node0.tardis-apia.ldos-ut-pg0.wisc.cloudlab.us,tencentBlock_12908,s3fifoforgive,0.1,36,21,1,3,0.7363,1.10,30010458,36407.3984,2322603
node0.tardis-apia.ldos-ut-pg0.wisc.cloudlab.us,tencentBlock_1293,lru,10,13103,27,1,1,0.5111,0.29,23551519,131032.7808,5215041
node0.tardis-apia.ldos-ut-pg0.wisc.cloudlab.us,tencentBlock_1293,lru,10,13103,27,1,2,0.5111,0.29,23551519,131032.7808,5215041
node0.tardis-apia.ldos-ut-pg0.wisc.cloudlab.us,tencentBlock_1293,lru,10,13103,27,1,3,0.5111,0.29,23551519,131032.7808,5215041
node0.tardis-apia.ldos-ut-pg0.wisc.cloudlab.us,tencentBlock_1293,lruforgive,10,13103,27,1,1,0.5104,0.22,23551519,131032.7808,5215041
node0.tardis-apia.ldos-ut-pg0.wisc.cloudlab.us,tencentBlock_1293,lruforgive,10,13103,27,1,2,0.5104,0.22,23551519,131032.7808,5215041
node0.tardis-apia.ldos-ut-pg0.wisc.cloudlab.us,tencentBlock_1293,lruforgive,10,13103,27,1,3,0.5104,0.23,23551519,131032.7808,5215041
node0.tardis-apia.ldos-ut-pg0.wisc.cloudlab.us,tencentBlock_1293,s3fifo,10,13103,27,1,1,0.5369,0.31,23551519,131032.7808,5215041
node0.tardis-apia.ldos-ut-pg0.wisc.cloudlab.us,tencentBlock_1293,s3fifo,10,13103,27,1,2,0.5369,0.30,23551519,131032.7808,5215041
node0.tardis-apia.ldos-ut-pg0.wisc.cloudlab.us,tencentBlock_1293,s3fifo,10,13103,27,1,3,0.5369,0.30,23551519,131032.7808,5215041
node0.tardis-apia.ldos-ut-pg0.wisc.cloudlab.us,tencentBlock_1293,s3fifoforgive,10,13103,27,1,1,0.5369,0.25,23551519,131032.7808,5215041
node0.tardis-apia.ldos-ut-pg0.wisc.cloudlab.us,tencentBlock_1293,s3fifoforgive,10,13103,27,1,2,0.5369,0.25,23551519,131032.7808,5215041
node0.tardis-apia.ldos-ut-pg0.wisc.cloudlab.us,tencentBlock_1293,s3fifoforgive,10,13103,27,1,3,0.5369,0.25,23551519,131032.7808,5215041
node0.tardis-apia.ldos-ut-pg0.wisc.cloudlab.us,tencentBlock_1293,lru,0.1,131,23,1,1,0.8754,0.30,23551519,131032.7808,5215041
node0.tardis-apia.ldos-ut-pg0.wisc.cloudlab.us,tencentBlock_1293,lru,0.1,131,23,1,2,0.8754,0.30,23551519,131032.7808,5215041
node0.tardis-apia.ldos-ut-pg0.wisc.cloudlab.us,tencentBlock_1293,lru,0.1,131,23,1,3,0.8754,0.31,23551519,131032.7808,5215041
node0.tardis-apia.ldos-ut-pg0.wisc.cloudlab.us,tencentBlock_1293,lruforgive,0.1,131,23,1,1,0.8600,0.31,23551519,131032.7808,5215041
node0.tardis-apia.ldos-ut-pg0.wisc.cloudlab.us,tencentBlock_1293,lruforgive,0.1,131,23,1,2,0.8600,0.31,23551519,131032.7808,5215041
node0.tardis-apia.ldos-ut-pg0.wisc.cloudlab.us,tencentBlock_1293,lruforgive,0.1,131,23,1,3,0.8600,0.31,23551519,131032.7808,5215041
node0.tardis-apia.ldos-ut-pg0.wisc.cloudlab.us,tencentBlock_1293,s3fifo,0.1,131,23,1,1,0.8583,0.72,23551519,131032.7808,5215041
node0.tardis-apia.ldos-ut-pg0.wisc.cloudlab.us,tencentBlock_1293,s3fifo,0.1,131,23,1,2,0.8583,0.73,23551519,131032.7808,5215041
node0.tardis-apia.ldos-ut-pg0.wisc.cloudlab.us,tencentBlock_1293,s3fifo,0.1,131,23,1,3,0.8583,0.71,23551519,131032.7808,5215041
node0.tardis-apia.ldos-ut-pg0.wisc.cloudlab.us,tencentBlock_1293,s3fifoforgive,0.1,131,23,1,1,0.8586,0.56,23551519,131032.7808,5215041
node0.tardis-apia.ldos-ut-pg0.wisc.cloudlab.us,tencentBlock_1293,s3fifoforgive,0.1,131,23,1,2,0.8586,0.54,23551519,131032.7808,5215041
node0.tardis-apia.ldos-ut-pg0.wisc.cloudlab.us,tencentBlock_1293,s3fifoforgive,0.1,131,23,1,3,0.8586,0.57,23551519,131032.7808,5215041
node0.tardis-apia.ldos-ut-pg0.wisc.cloudlab.us,tencentBlock_12973,lru,10,3391,27,1,1,0.2882,0.49,49690215,33906.0736,2911592
node0.tardis-apia.ldos-ut-pg0.wisc.cloudlab.us,tencentBlock_12973,lru,10,3391,27,1,2,0.2882,0.50,49690215,33906.0736,2911592
node0.tardis-apia.ldos-ut-pg0.wisc.cloudlab.us,tencentBlock_12973,lru,10,3391,27,1,3,0.2882,0.50,49690215,33906.0736,2911592
node0.tardis-apia.ldos-ut-pg0.wisc.cloudlab.us,tencentBlock_12973,lruforgive,10,3391,27,1,1,0.2868,0.26,49690215,33906.0736,2911592
node0.tardis-apia.ldos-ut-pg0.wisc.cloudlab.us,tencentBlock_12973,lruforgive,10,3391,27,1,2,0.2868,0.26,49690215,33906.0736,2911592
node0.tardis-apia.ldos-ut-pg0.wisc.cloudlab.us,tencentBlock_12973,lruforgive,10,3391,27,1,3,0.2868,0.27,49690215,33906.0736,2911592
node0.tardis-apia.ldos-ut-pg0.wisc.cloudlab.us,tencentBlock_12973,s3fifo,10,3391,27,1,1,0.2785,0.50,49690215,33906.0736,2911592
node0.tardis-apia.ldos-ut-pg0.wisc.cloudlab.us,tencentBlock_12973,s3fifo,10,3391,27,1,2,0.2785,0.51,49690215,33906.0736,2911592
node0.tardis-apia.ldos-ut-pg0.wisc.cloudlab.us,tencentBlock_12973,s3fifo,10,3391,27,1,3,0.2785,0.50,49690215,33906.0736,2911592
node0.tardis-apia.ldos-ut-pg0.wisc.cloudlab.us,tencentBlock_12973,s3fifoforgive,10,3391,27,1,1,0.2782,0.29,49690215,33906.0736,2911592
node0.tardis-apia.ldos-ut-pg0.wisc.cloudlab.us,tencentBlock_12973,s3fifoforgive,10,3391,27,1,2,0.2782,0.29,49690215,33906.0736,2911592
node0.tardis-apia.ldos-ut-pg0.wisc.cloudlab.us,tencentBlock_12973,s3fifoforgive,10,3391,27,1,3,0.2782,0.29,49690215,33906.0736,2911592
node0.tardis-apia.ldos-ut-pg0.wisc.cloudlab.us,tencentBlock_12973,lru,0.1,34,21,1,1,0.7826,1.40,49690215,33906.0736,2911592
node0.tardis-apia.ldos-ut-pg0.wisc.cloudlab.us,tencentBlock_12973,lru,0.1,34,21,1,2,0.7826,1.42,49690215,33906.0736,2911592
node0.tardis-apia.ldos-ut-pg0.wisc.cloudlab.us,tencentBlock_12973,lru,0.1,34,21,1,3,0.7826,1.41,49690215,33906.0736,2911592
node0.tardis-apia.ldos-ut-pg0.wisc.cloudlab.us,tencentBlock_12973,lruforgive,0.1,34,21,1,1,0.7739,0.81,49690215,33906.0736,2911592
node0.tardis-apia.ldos-ut-pg0.wisc.cloudlab.us,tencentBlock_12973,lruforgive,0.1,34,21,1,2,0.7739,0.76,49690215,33906.0736,2911592
node0.tardis-apia.ldos-ut-pg0.wisc.cloudlab.us,tencentBlock_12973,lruforgive,0.1,34,21,1,3,0.7739,0.80,49690215,33906.0736,2911592
node0.tardis-apia.ldos-ut-pg0.wisc.cloudlab.us,tencentBlock_12973,s3fifo,0.1,34,21,1,1,0.8025,1.56,49690215,33906.0736,2911592
node0.tardis-apia.ldos-ut-pg0.wisc.cloudlab.us,tencentBlock_12973,s3fifo,0.1,34,21,1,2,0.8025,1.61,49690215,33906.0736,2911592
node0.tardis-apia.ldos-ut-pg0.wisc.cloudlab.us,tencentBlock_12973,s3fifo,0.1,34,21,1,3,0.8025,1.61,49690215,33906.0736,2911592
node0.tardis-apia.ldos-ut-pg0.wisc.cloudlab.us,tencentBlock_12973,s3fifoforgive,0.1,34,21,1,1,0.7976,1.02,49690215,33906.0736,2911592
node0.tardis-apia.ldos-ut-pg0.wisc.cloudlab.us,tencentBlock_12973,s3fifoforgive,0.1,34,21,1,2,0.7976,1.05,49690215,33906.0736,2911592
node0.tardis-apia.ldos-ut-pg0.wisc.cloudlab.us,tencentBlock_12973,s3fifoforgive,0.1,34,21,1,3,0.7976,1.05,49690215,33906.0736,2911592
node0.tardis-apia.ldos-ut-pg0.wisc.cloudlab.us,tencentBlock_13039,lru,10,2318,27,1,1,0.2958,0.37,18857408,23176.4992,1350558
node0.tardis-apia.ldos-ut-pg0.wisc.cloudlab.us,tencentBlock_13039,lru,10,2318,27,1,2,0.2958,0.37,18857408,23176.4992,1350558
node0.tardis-apia.ldos-ut-pg0.wisc.cloudlab.us,tencentBlock_13039,lru,10,2318,27,1,3,0.2958,0.37,18857408,23176.4992,1350558
node0.tardis-apia.ldos-ut-pg0.wisc.cloudlab.us,tencentBlock_13039,lruforgive,10,2318,27,1,1,0.2935,0.23,18857408,23176.4992,1350558
node0.tardis-apia.ldos-ut-pg0.wisc.cloudlab.us,tencentBlock_13039,lruforgive,10,2318,27,1,2,0.2935,0.24,18857408,23176.4992,1350558
node0.tardis-apia.ldos-ut-pg0.wisc.cloudlab.us,tencentBlock_13039,lruforgive,10,2318,27,1,3,0.2935,0.24,18857408,23176.4992,1350558
node0.tardis-apia.ldos-ut-pg0.wisc.cloudlab.us,tencentBlock_13039,s3fifo,10,2318,27,1,1,0.2903,0.42,18857408,23176.4992,1350558
node0.tardis-apia.ldos-ut-pg0.wisc.cloudlab.us,tencentBlock_13039,s3fifo,10,2318,27,1,2,0.2903,0.42,18857408,23176.4992,1350558
node0.tardis-apia.ldos-ut-pg0.wisc.cloudlab.us,tencentBlock_13039,s3fifo,10,2318,27,1,3,0.2903,0.42,18857408,23176.4992,1350558
node0.tardis-apia.ldos-ut-pg0.wisc.cloudlab.us,tencentBlock_13039,s3fifoforgive,10,2318,27,1,1,0.2898,0.27,18857408,23176.4992,1350558
node0.tardis-apia.ldos-ut-pg0.wisc.cloudlab.us,tencentBlock_13039,s3fifoforgive,10,2318,27,1,2,0.2898,0.27,18857408,23176.4992,1350558
node0.tardis-apia.ldos-ut-pg0.wisc.cloudlab.us,tencentBlock_13039,s3fifoforgive,10,2318,27,1,3,0.2898,0.27,18857408,23176.4992,1350558
node0.tardis-apia.ldos-ut-pg0.wisc.cloudlab.us,tencentBlock_13039,lru,0.1,23,21,1,1,0.8743,2.27,18857408,23176.4992,1350558
node0.tardis-apia.ldos-ut-pg0.wisc.cloudlab.us,tencentBlock_13039,lru,0.1,23,21,1,2,0.8743,2.27,18857408,23176.4992,1350558
node0.tardis-apia.ldos-ut-pg0.wisc.cloudlab.us,tencentBlock_13039,lru,0.1,23,21,1,3,0.8743,2.28,18857408,23176.4992,1350558
node0.tardis-apia.ldos-ut-pg0.wisc.cloudlab.us,tencentBlock_13039,lruforgive,0.1,23,21,1,1,0.8682,1.36,18857408,23176.4992,1350558
node0.tardis-apia.ldos-ut-pg0.wisc.cloudlab.us,tencentBlock_13039,lruforgive,0.1,23,21,1,2,0.8682,1.37,18857408,23176.4992,1350558
node0.tardis-apia.ldos-ut-pg0.wisc.cloudlab.us,tencentBlock_13039,lruforgive,0.1,23,21,1,3,0.8682,1.37,18857408,23176.4992,1350558
node0.tardis-apia.ldos-ut-pg0.wisc.cloudlab.us,tencentBlock_13039,s3fifo,0.1,23,21,1,1,0.8833,2.33,18857408,23176.4992,1350558
node0.tardis-apia.ldos-ut-pg0.wisc.cloudlab.us,tencentBlock_13039,s3fifo,0.1,23,21,1,2,0.8833,2.37,18857408,23176.4992,1350558
node0.tardis-apia.ldos-ut-pg0.wisc.cloudlab.us,tencentBlock_13039,s3fifo,0.1,23,21,1,3,0.8833,2.36,18857408,23176.4992,1350558
node0.tardis-apia.ldos-ut-pg0.wisc.cloudlab.us,tencentBlock_13039,s3fifoforgive,0.1,23,21,1,1,0.8810,1.68,18857408,23176.4992,1350558
node0.tardis-apia.ldos-ut-pg0.wisc.cloudlab.us,tencentBlock_13039,s3fifoforgive,0.1,23,21,1,2,0.8810,1.72,18857408,23176.4992,1350558
node0.tardis-apia.ldos-ut-pg0.wisc.cloudlab.us,tencentBlock_13039,s3fifoforgive,0.1,23,21,1,3,0.8810,1.73,18857408,23176.4992,1350558
node0.tardis-apia.ldos-ut-pg0.wisc.cloudlab.us,tencentBlock_13057,lru,10,3834,27,1,1,0.3005,0.46,45286034,38341.2224,2867421
node0.tardis-apia.ldos-ut-pg0.wisc.cloudlab.us,tencentBlock_13057,lru,10,3834,27,1,2,0.3005,0.46,45286034,38341.2224,2867421
node0.tardis-apia.ldos-ut-pg0.wisc.cloudlab.us,tencentBlock_13057,lru,10,3834,27,1,3,0.3005,0.47,45286034,38341.2224,2867421
node0.tardis-apia.ldos-ut-pg0.wisc.cloudlab.us,tencentBlock_13057,lruforgive,10,3834,27,1,1,0.2984,0.26,45286034,38341.2224,2867421
node0.tardis-apia.ldos-ut-pg0.wisc.cloudlab.us,tencentBlock_13057,lruforgive,10,3834,27,1,2,0.2984,0.26,45286034,38341.2224,2867421
node0.tardis-apia.ldos-ut-pg0.wisc.cloudlab.us,tencentBlock_13057,lruforgive,10,3834,27,1,3,0.2984,0.26,45286034,38341.2224,2867421
node0.tardis-apia.ldos-ut-pg0.wisc.cloudlab.us,tencentBlock_13057,s3fifo,10,3834,27,1,1,0.2872,0.47,45286034,38341.2224,2867421
node0.tardis-apia.ldos-ut-pg0.wisc.cloudlab.us,tencentBlock_13057,s3fifo,10,3834,27,1,2,0.2872,0.47,45286034,38341.2224,2867421
node0.tardis-apia.ldos-ut-pg0.wisc.cloudlab.us,tencentBlock_13057,s3fifo,10,3834,27,1,3,0.2872,0.47,45286034,38341.2224,2867421
node0.tardis-apia.ldos-ut-pg0.wisc.cloudlab.us,tencentBlock_13057,s3fifoforgive,10,3834,27,1,1,0.2870,0.28,45286034,38341.2224,2867421
node0.tardis-apia.ldos-ut-pg0.wisc.cloudlab.us,tencentBlock_13057,s3fifoforgive,10,3834,27,1,2,0.2870,0.28,45286034,38341.2224,2867421
node0.tardis-apia.ldos-ut-pg0.wisc.cloudlab.us,tencentBlock_13057,s3fifoforgive,10,3834,27,1,3,0.2870,0.28,45286034,38341.2224,2867421
node0.tardis-apia.ldos-ut-pg0.wisc.cloudlab.us,tencentBlock_13057,lru,0.1,38,21,1,1,0.7979,1.40,45286034,38341.2224,2867421
node0.tardis-apia.ldos-ut-pg0.wisc.cloudlab.us,tencentBlock_13057,lru,0.1,38,21,1,2,0.7979,1.41,45286034,38341.2224,2867421
node0.tardis-apia.ldos-ut-pg0.wisc.cloudlab.us,tencentBlock_13057,lru,0.1,38,21,1,3,0.7979,1.41,45286034,38341.2224,2867421
node0.tardis-apia.ldos-ut-pg0.wisc.cloudlab.us,tencentBlock_13057,lruforgive,0.1,38,21,1,1,0.7886,0.80,45286034,38341.2224,2867421
node0.tardis-apia.ldos-ut-pg0.wisc.cloudlab.us,tencentBlock_13057,lruforgive,0.1,38,21,1,2,0.7886,0.81,45286034,38341.2224,2867421
node0.tardis-apia.ldos-ut-pg0.wisc.cloudlab.us,tencentBlock_13057,lruforgive,0.1,38,21,1,3,0.7886,0.82,45286034,38341.2224,2867421
node0.tardis-apia.ldos-ut-pg0.wisc.cloudlab.us,tencentBlock_13057,s3fifo,0.1,38,21,1,1,0.8261,1.53,45286034,38341.2224,2867421
node0.tardis-apia.ldos-ut-pg0.wisc.cloudlab.us,tencentBlock_13057,s3fifo,0.1,38,21,1,2,0.8261,1.53,45286034,38341.2224,2867421
node0.tardis-apia.ldos-ut-pg0.wisc.cloudlab.us,tencentBlock_13057,s3fifo,0.1,38,21,1,3,0.8261,1.53,45286034,38341.2224,2867421
node0.tardis-apia.ldos-ut-pg0.wisc.cloudlab.us,tencentBlock_13057,s3fifoforgive,0.1,38,21,1,1,0.8216,1.06,45286034,38341.2224,2867421
node0.tardis-apia.ldos-ut-pg0.wisc.cloudlab.us,tencentBlock_13057,s3fifoforgive,0.1,38,21,1,2,0.8216,1.05,45286034,38341.2224,2867421
node0.tardis-apia.ldos-ut-pg0.wisc.cloudlab.us,tencentBlock_13057,s3fifoforgive,0.1,38,21,1,3,0.8216,1.05,45286034,38341.2224,2867421
node0.tardis-apia.ldos-ut-pg0.wisc.cloudlab.us,tencentBlock_1306,lru,10,2712,27,1,1,0.4834,0.39,4724121,27121.7664,1838441
node0.tardis-apia.ldos-ut-pg0.wisc.cloudlab.us,tencentBlock_1306,lru,10,2712,27,1,2,0.4834,0.39,4724121,27121.7664,1838441
node0.tardis-apia.ldos-ut-pg0.wisc.cloudlab.us,tencentBlock_1306,lru,10,2712,27,1,3,0.4834,0.40,4724121,27121.7664,1838441
node0.tardis-apia.ldos-ut-pg0.wisc.cloudlab.us,tencentBlock_1306,lruforgive,10,2712,27,1,1,0.4832,0.40,4724121,27121.7664,1838441
node0.tardis-apia.ldos-ut-pg0.wisc.cloudlab.us,tencentBlock_1306,lruforgive,10,2712,27,1,2,0.4832,0.40,4724121,27121.7664,1838441
node0.tardis-apia.ldos-ut-pg0.wisc.cloudlab.us,tencentBlock_1306,lruforgive,10,2712,27,1,3,0.4832,0.40,4724121,27121.7664,1838441
node0.tardis-apia.ldos-ut-pg0.wisc.cloudlab.us,tencentBlock_1306,s3fifo,10,2712,27,1,1,0.4775,0.53,4724121,27121.7664,1838441
node0.tardis-apia.ldos-ut-pg0.wisc.cloudlab.us,tencentBlock_1306,s3fifo,10,2712,27,1,2,0.4775,0.52,4724121,27121.7664,1838441
node0.tardis-apia.ldos-ut-pg0.wisc.cloudlab.us,tencentBlock_1306,s3fifo,10,2712,27,1,3,0.4775,0.53,4724121,27121.7664,1838441
node0.tardis-apia.ldos-ut-pg0.wisc.cloudlab.us,tencentBlock_1306,s3fifoforgive,10,2712,27,1,1,0.4779,0.49,4724121,27121.7664,1838441
node0.tardis-apia.ldos-ut-pg0.wisc.cloudlab.us,tencentBlock_1306,s3fifoforgive,10,2712,27,1,2,0.4779,0.49,4724121,27121.7664,1838441
node0.tardis-apia.ldos-ut-pg0.wisc.cloudlab.us,tencentBlock_1306,s3fifoforgive,10,2712,27,1,3,0.4779,0.48,4724121,27121.7664,1838441
node0.tardis-apia.ldos-ut-pg0.wisc.cloudlab.us,tencentBlock_1306,lru,0.1,27,21,1,1,0.5649,2.86,4724121,27121.7664,1838441
node0.tardis-apia.ldos-ut-pg0.wisc.cloudlab.us,tencentBlock_1306,lru,0.1,27,21,1,2,0.5649,2.86,4724121,27121.7664,1838441
node0.tardis-apia.ldos-ut-pg0.wisc.cloudlab.us,tencentBlock_1306,lru,0.1,27,21,1,3,0.5649,2.91,4724121,27121.7664,1838441
node0.tardis-apia.ldos-ut-pg0.wisc.cloudlab.us,tencentBlock_1306,lruforgive,0.1,27,21,1,1,0.5646,1.40,4724121,27121.7664,1838441
node0.tardis-apia.ldos-ut-pg0.wisc.cloudlab.us,tencentBlock_1306,lruforgive,0.1,27,21,1,2,0.5646,1.44,4724121,27121.7664,1838441
node0.tardis-apia.ldos-ut-pg0.wisc.cloudlab.us,tencentBlock_1306,lruforgive,0.1,27,21,1,3,0.5646,1.42,4724121,27121.7664,1838441
node0.tardis-apia.ldos-ut-pg0.wisc.cloudlab.us,tencentBlock_1306,s3fifo,0.1,27,21,1,1,0.5644,2.98,4724121,27121.7664,1838441
node0.tardis-apia.ldos-ut-pg0.wisc.cloudlab.us,tencentBlock_1306,s3fifo,0.1,27,21,1,2,0.5644,2.95,4724121,27121.7664,1838441
node0.tardis-apia.ldos-ut-pg0.wisc.cloudlab.us,tencentBlock_1306,s3fifo,0.1,27,21,1,3,0.5644,3.13,4724121,27121.7664,1838441
node0.tardis-apia.ldos-ut-pg0.wisc.cloudlab.us,tencentBlock_1306,s3fifoforgive,0.1,27,21,1,1,0.5644,1.53,4724121,27121.7664,1838441
node0.tardis-apia.ldos-ut-pg0.wisc.cloudlab.us,tencentBlock_1306,s3fifoforgive,0.1,27,21,1,2,0.5644,1.53,4724121,27121.7664,1838441
node0.tardis-apia.ldos-ut-pg0.wisc.cloudlab.us,tencentBlock_1306,s3fifoforgive,0.1,27,21,1,3,0.5644,1.58,4724121,27121.7664,1838441
node0.tardis-apia.ldos-ut-pg0.wisc.cloudlab.us,tencentBlock_13155,lru,10,1566,27,1,1,0.2800,0.32,5593442,15658.8032,1000479
node0.tardis-apia.ldos-ut-pg0.wisc.cloudlab.us,tencentBlock_13155,lru,10,1566,27,1,2,0.2800,0.33,5593442,15658.8032,1000479
node0.tardis-apia.ldos-ut-pg0.wisc.cloudlab.us,tencentBlock_13155,lru,10,1566,27,1,3,0.2800,0.32,5593442,15658.8032,1000479
node0.tardis-apia.ldos-ut-pg0.wisc.cloudlab.us,tencentBlock_13155,lruforgive,10,1566,27,1,1,0.2799,0.25,5593442,15658.8032,1000479
node0.tardis-apia.ldos-ut-pg0.wisc.cloudlab.us,tencentBlock_13155,lruforgive,10,1566,27,1,2,0.2799,0.26,5593442,15658.8032,1000479
node0.tardis-apia.ldos-ut-pg0.wisc.cloudlab.us,tencentBlock_13155,lruforgive,10,1566,27,1,3,0.2799,0.26,5593442,15658.8032,1000479
node0.tardis-apia.ldos-ut-pg0.wisc.cloudlab.us,tencentBlock_13155,s3fifo,10,1566,27,1,1,0.2649,0.36,5593442,15658.8032,1000479
node0.tardis-apia.ldos-ut-pg0.wisc.cloudlab.us,tencentBlock_13155,s3fifo,10,1566,27,1,2,0.2649,0.36,5593442,15658.8032,1000479
node0.tardis-apia.ldos-ut-pg0.wisc.cloudlab.us,tencentBlock_13155,s3fifo,10,1566,27,1,3,0.2649,0.36,5593442,15658.8032,1000479
node0.tardis-apia.ldos-ut-pg0.wisc.cloudlab.us,tencentBlock_13155,s3fifoforgive,10,1566,27,1,1,0.2651,0.28,5593442,15658.8032,1000479
node0.tardis-apia.ldos-ut-pg0.wisc.cloudlab.us,tencentBlock_13155,s3fifoforgive,10,1566,27,1,2,0.2651,0.29,5593442,15658.8032,1000479
node0.tardis-apia.ldos-ut-pg0.wisc.cloudlab.us,tencentBlock_13155,s3fifoforgive,10,1566,27,1,3,0.2651,0.29,5593442,15658.8032,1000479
node0.tardis-apia.ldos-ut-pg0.wisc.cloudlab.us,tencentBlock_13155,lru,0.1,16,20,1,1,0.7761,4.28,5593442,15658.8032,1000479
node0.tardis-apia.ldos-ut-pg0.wisc.cloudlab.us,tencentBlock_13155,lru,0.1,16,20,1,2,0.7761,4.11,5593442,15658.8032,1000479
node0.tardis-apia.ldos-ut-pg0.wisc.cloudlab.us,tencentBlock_13155,lru,0.1,16,20,1,3,0.7761,4.13,5593442,15658.8032,1000479
node0.tardis-apia.ldos-ut-pg0.wisc.cloudlab.us,tencentBlock_13155,lruforgive,0.1,16,20,1,1,0.7755,2.18,5593442,15658.8032,1000479
node0.tardis-apia.ldos-ut-pg0.wisc.cloudlab.us,tencentBlock_13155,lruforgive,0.1,16,20,1,2,0.7755,2.19,5593442,15658.8032,1000479
node0.tardis-apia.ldos-ut-pg0.wisc.cloudlab.us,tencentBlock_13155,lruforgive,0.1,16,20,1,3,0.7755,2.10,5593442,15658.8032,1000479
node0.tardis-apia.ldos-ut-pg0.wisc.cloudlab.us,tencentBlock_13155,s3fifo,0.1,16,20,1,1,0.7730,4.43,5593442,15658.8032,1000479
node0.tardis-apia.ldos-ut-pg0.wisc.cloudlab.us,tencentBlock_13155,s3fifo,0.1,16,20,1,2,0.7730,4.71,5593442,15658.8032,1000479
node0.tardis-apia.ldos-ut-pg0.wisc.cloudlab.us,tencentBlock_13155,s3fifo,0.1,16,20,1,3,0.7730,4.73,5593442,15658.8032,1000479
node0.tardis-apia.ldos-ut-pg0.wisc.cloudlab.us,tencentBlock_13155,s3fifoforgive,0.1,16,20,1,1,0.7730,2.42,5593442,15658.8032,1000479
node0.tardis-apia.ldos-ut-pg0.wisc.cloudlab.us,tencentBlock_13155,s3fifoforgive,0.1,16,20,1,2,0.7730,2.43,5593442,15658.8032,1000479
node0.tardis-apia.ldos-ut-pg0.wisc.cloudlab.us,tencentBlock_13155,s3fifoforgive,0.1,16,20,1,3,0.7730,2.36,5593442,15658.8032,1000479
node0.tardis-apia.ldos-ut-pg0.wisc.cloudlab.us,tencentBlock_13198,lru,10,3522,27,1,1,0.2755,0.52,56209897,35216.6912,2951323
node0.tardis-apia.ldos-ut-pg0.wisc.cloudlab.us,tencentBlock_13198,lru,10,3522,27,1,2,0.2755,0.53,56209897,35216.6912,2951323
node0.tardis-apia.ldos-ut-pg0.wisc.cloudlab.us,tencentBlock_13198,lru,10,3522,27,1,3,0.2755,0.53,56209897,35216.6912,2951323
node0.tardis-apia.ldos-ut-pg0.wisc.cloudlab.us,tencentBlock_13198,lruforgive,10,3522,27,1,1,0.2743,0.27,56209897,35216.6912,2951323
node0.tardis-apia.ldos-ut-pg0.wisc.cloudlab.us,tencentBlock_13198,lruforgive,10,3522,27,1,2,0.2743,0.28,56209897,35216.6912,2951323
node0.tardis-apia.ldos-ut-pg0.wisc.cloudlab.us,tencentBlock_13198,lruforgive,10,3522,27,1,3,0.2743,0.27,56209897,35216.6912,2951323
node0.tardis-apia.ldos-ut-pg0.wisc.cloudlab.us,tencentBlock_13198,s3fifo,10,3522,27,1,1,0.2724,0.53,56209897,35216.6912,2951323
node0.tardis-apia.ldos-ut-pg0.wisc.cloudlab.us,tencentBlock_13198,s3fifo,10,3522,27,1,2,0.2724,0.54,56209897,35216.6912,2951323
node0.tardis-apia.ldos-ut-pg0.wisc.cloudlab.us,tencentBlock_13198,s3fifo,10,3522,27,1,3,0.2724,0.54,56209897,35216.6912,2951323
node0.tardis-apia.ldos-ut-pg0.wisc.cloudlab.us,tencentBlock_13198,s3fifoforgive,10,3522,27,1,1,0.2715,0.29,56209897,35216.6912,2951323
node0.tardis-apia.ldos-ut-pg0.wisc.cloudlab.us,tencentBlock_13198,s3fifoforgive,10,3522,27,1,2,0.2715,0.30,56209897,35216.6912,2951323
node0.tardis-apia.ldos-ut-pg0.wisc.cloudlab.us,tencentBlock_13198,s3fifoforgive,10,3522,27,1,3,0.2715,0.30,56209897,35216.6912,2951323
node0.tardis-apia.ldos-ut-pg0.wisc.cloudlab.us,tencentBlock_13198,lru,0.1,35,21,1,1,0.8496,1.67,56209897,35216.6912,2951323
node0.tardis-apia.ldos-ut-pg0.wisc.cloudlab.us,tencentBlock_13198,lru,0.1,35,21,1,2,0.8496,1.67,56209897,35216.6912,2951323
node0.tardis-apia.ldos-ut-pg0.wisc.cloudlab.us,tencentBlock_13198,lru,0.1,35,21,1,3,0.8496,1.69,56209897,35216.6912,2951323
node0.tardis-apia.ldos-ut-pg0.wisc.cloudlab.us,tencentBlock_13198,lruforgive,0.1,35,21,1,1,0.8405,0.97,56209897,35216.6912,2951323
node0.tardis-apia.ldos-ut-pg0.wisc.cloudlab.us,tencentBlock_13198,lruforgive,0.1,35,21,1,2,0.8405,0.99,56209897,35216.6912,2951323
node0.tardis-apia.ldos-ut-pg0.wisc.cloudlab.us,tencentBlock_13198,lruforgive,0.1,35,21,1,3,0.8405,1.00,56209897,35216.6912,2951323
node0.tardis-apia.ldos-ut-pg0.wisc.cloudlab.us,tencentBlock_13198,s3fifo,0.1,35,21,1,1,0.8629,1.87,56209897,35216.6912,2951323
node0.tardis-apia.ldos-ut-pg0.wisc.cloudlab.us,tencentBlock_13198,s3fifo,0.1,35,21,1,2,0.8629,1.86,56209897,35216.6912,2951323
node0.tardis-apia.ldos-ut-pg0.wisc.cloudlab.us,tencentBlock_13198,s3fifo,0.1,35,21,1,3,0.8629,1.85,56209897,35216.6912,2951323
node0.tardis-apia.ldos-ut-pg0.wisc.cloudlab.us,tencentBlock_13198,s3fifoforgive,0.1,35,21,1,1,0.8587,1.26,56209897,35216.6912,2951323
node0.tardis-apia.ldos-ut-pg0.wisc.cloudlab.us,tencentBlock_13198,s3fifoforgive,0.1,35,21,1,2,0.8587,1.26,56209897,35216.6912,2951323
node0.tardis-apia.ldos-ut-pg0.wisc.cloudlab.us,tencentBlock_13198,s3fifoforgive,0.1,35,21,1,3,0.8587,1.30,56209897,35216.6912,2951323
node0.tardis-apia.ldos-ut-pg0.wisc.cloudlab.us,tencentBlock_1326,lru,10,3248,27,1,1,0.1629,0.83,349295601,32479.3344,2965169
node0.tardis-apia.ldos-ut-pg0.wisc.cloudlab.us,tencentBlock_1326,lru,10,3248,27,1,2,0.1629,0.83,349295601,32479.3344,2965169
node0.tardis-apia.ldos-ut-pg0.wisc.cloudlab.us,tencentBlock_1326,lru,10,3248,27,1,3,0.1629,0.83,349295601,32479.3344,2965169
node0.tardis-apia.ldos-ut-pg0.wisc.cloudlab.us,tencentBlock_1326,lruforgive,10,3248,27,1,1,0.1627,0.33,349295601,32479.3344,2965169
node0.tardis-apia.ldos-ut-pg0.wisc.cloudlab.us,tencentBlock_1326,lruforgive,10,3248,27,1,2,0.1627,0.33,349295601,32479.3344,2965169
node0.tardis-apia.ldos-ut-pg0.wisc.cloudlab.us,tencentBlock_1326,lruforgive,10,3248,27,1,3,0.1627,0.33,349295601,32479.3344,2965169
node0.tardis-apia.ldos-ut-pg0.wisc.cloudlab.us,tencentBlock_1326,s3fifo,10,3248,27,1,1,0.1698,0.89,349295601,32479.3344,2965169
node0.tardis-apia.ldos-ut-pg0.wisc.cloudlab.us,tencentBlock_1326,s3fifo,10,3248,27,1,2,0.1698,0.90,349295601,32479.3344,2965169
node0.tardis-apia.ldos-ut-pg0.wisc.cloudlab.us,tencentBlock_1326,s3fifo,10,3248,27,1,3,0.1698,0.89,349295601,32479.3344,2965169
node0.tardis-apia.ldos-ut-pg0.wisc.cloudlab.us,tencentBlock_1326,s3fifoforgive,10,3248,27,1,1,0.1697,0.36,349295601,32479.3344,2965169
node0.tardis-apia.ldos-ut-pg0.wisc.cloudlab.us,tencentBlock_1326,s3fifoforgive,10,3248,27,1,2,0.1697,0.35,349295601,32479.3344,2965169
node0.tardis-apia.ldos-ut-pg0.wisc.cloudlab.us,tencentBlock_1326,s3fifoforgive,10,3248,27,1,3,0.1697,0.36,349295601,32479.3344,2965169
node0.tardis-apia.ldos-ut-pg0.wisc.cloudlab.us,tencentBlock_1326,lru,0.1,32,21,1,1,0.9193,1.12,349295601,32479.3344,2965169
node0.tardis-apia.ldos-ut-pg0.wisc.cloudlab.us,tencentBlock_1326,lru,0.1,32,21,1,2,0.9193,1.15,349295601,32479.3344,2965169
node0.tardis-apia.ldos-ut-pg0.wisc.cloudlab.us,tencentBlock_1326,lru,0.1,32,21,1,3,0.9193,1.15,349295601,32479.3344,2965169
node0.tardis-apia.ldos-ut-pg0.wisc.cloudlab.us,tencentBlock_1326,lruforgive,0.1,32,21,1,1,0.8928,0.69,349295601,32479.3344,2965169
node0.tardis-apia.ldos-ut-pg0.wisc.cloudlab.us,tencentBlock_1326,lruforgive,0.1,32,21,1,2,0.8928,0.62,349295601,32479.3344,2965169
node0.tardis-apia.ldos-ut-pg0.wisc.cloudlab.us,tencentBlock_1326,lruforgive,0.1,32,21,1,3,0.8928,0.63,349295601,32479.3344,2965169
node0.tardis-apia.ldos-ut-pg0.wisc.cloudlab.us,tencentBlock_1326,s3fifo,0.1,32,21,1,1,0.8923,1.18,349295601,32479.3344,2965169
node0.tardis-apia.ldos-ut-pg0.wisc.cloudlab.us,tencentBlock_1326,s3fifo,0.1,32,21,1,2,0.8923,1.18,349295601,32479.3344,2965169
node0.tardis-apia.ldos-ut-pg0.wisc.cloudlab.us,tencentBlock_1326,s3fifo,0.1,32,21,1,3,0.8923,1.18,349295601,32479.3344,2965169
node0.tardis-apia.ldos-ut-pg0.wisc.cloudlab.us,tencentBlock_1326,s3fifoforgive,0.1,32,21,1,1,0.8937,0.81,349295601,32479.3344,2965169
node0.tardis-apia.ldos-ut-pg0.wisc.cloudlab.us,tencentBlock_1326,s3fifoforgive,0.1,32,21,1,2,0.8937,0.79,349295601,32479.3344,2965169
node0.tardis-apia.ldos-ut-pg0.wisc.cloudlab.us,tencentBlock_1326,s3fifoforgive,0.1,32,21,1,3,0.8937,0.81,349295601,32479.3344,2965169
node0.tardis-apia.ldos-ut-pg0.wisc.cloudlab.us,tencentBlock_13286,lru,10,4189,27,1,1,0.2610,0.49,50856829,41893.9904,3079289
node0.tardis-apia.ldos-ut-pg0.wisc.cloudlab.us,tencentBlock_13286,lru,10,4189,27,1,2,0.2610,0.50,50856829,41893.9904,3079289
node0.tardis-apia.ldos-ut-pg0.wisc.cloudlab.us,tencentBlock_13286,lru,10,4189,27,1,3,0.2610,0.49,50856829,41893.9904,3079289
node0.tardis-apia.ldos-ut-pg0.wisc.cloudlab.us,tencentBlock_13286,lruforgive,10,4189,27,1,1,0.2598,0.26,50856829,41893.9904,3079289
node0.tardis-apia.ldos-ut-pg0.wisc.cloudlab.us,tencentBlock_13286,lruforgive,10,4189,27,1,2,0.2598,0.27,50856829,41893.9904,3079289
node0.tardis-apia.ldos-ut-pg0.wisc.cloudlab.us,tencentBlock_13286,lruforgive,10,4189,27,1,3,0.2598,0.26,50856829,41893.9904,3079289
node0.tardis-apia.ldos-ut-pg0.wisc.cloudlab.us,tencentBlock_13286,s3fifo,10,4189,27,1,1,0.2535,0.50,50856829,41893.9904,3079289
node0.tardis-apia.ldos-ut-pg0.wisc.cloudlab.us,tencentBlock_13286,s3fifo,10,4189,27,1,2,0.2535,0.50,50856829,41893.9904,3079289
node0.tardis-apia.ldos-ut-pg0.wisc.cloudlab.us,tencentBlock_13286,s3fifo,10,4189,27,1,3,0.2535,0.50,50856829,41893.9904,3079289
node0.tardis-apia.ldos-ut-pg0.wisc.cloudlab.us,tencentBlock_13286,s3fifoforgive,10,4189,27,1,1,0.2534,0.29,50856829,41893.9904,3079289
node0.tardis-apia.ldos-ut-pg0.wisc.cloudlab.us,tencentBlock_13286,s3fifoforgive,10,4189,27,1,2,0.2534,0.28,50856829,41893.9904,3079289
node0.tardis-apia.ldos-ut-pg0.wisc.cloudlab.us,tencentBlock_13286,s3fifoforgive,10,4189,27,1,3,0.2534,0.29,50856829,41893.9904,3079289
node0.tardis-apia.ldos-ut-pg0.wisc.cloudlab.us,tencentBlock_13286,lru,0.1,42,21,1,1,0.8012,1.34,50856829,41893.9904,3079289
node0.tardis-apia.ldos-ut-pg0.wisc.cloudlab.us,tencentBlock_13286,lru,0.1,42,21,1,2,0.8012,1.35,50856829,41893.9904,3079289
node0.tardis-apia.ldos-ut-pg0.wisc.cloudlab.us,tencentBlock_13286,lru,0.1,42,21,1,3,0.8012,1.38,50856829,41893.9904,3079289
node0.tardis-apia.ldos-ut-pg0.wisc.cloudlab.us,tencentBlock_13286,lruforgive,0.1,42,21,1,1,0.7886,0.77,50856829,41893.9904,3079289
node0.tardis-apia.ldos-ut-pg0.wisc.cloudlab.us,tencentBlock_13286,lruforgive,0.1,42,21,1,2,0.7886,0.75,50856829,41893.9904,3079289
node0.tardis-apia.ldos-ut-pg0.wisc.cloudlab.us,tencentBlock_13286,lruforgive,0.1,42,21,1,3,0.7886,0.76,50856829,41893.9904,3079289
node0.tardis-apia.ldos-ut-pg0.wisc.cloudlab.us,tencentBlock_13286,s3fifo,0.1,42,21,1,1,0.8210,1.50,50856829,41893.9904,3079289
node0.tardis-apia.ldos-ut-pg0.wisc.cloudlab.us,tencentBlock_13286,s3fifo,0.1,42,21,1,2,0.8210,1.50,50856829,41893.9904,3079289
node0.tardis-apia.ldos-ut-pg0.wisc.cloudlab.us,tencentBlock_13286,s3fifo,0.1,42,21,1,3,0.8210,1.47,50856829,41893.9904,3079289
node0.tardis-apia.ldos-ut-pg0.wisc.cloudlab.us,tencentBlock_13286,s3fifoforgive,0.1,42,21,1,1,0.8160,1.00,50856829,41893.9904,3079289
node0.tardis-apia.ldos-ut-pg0.wisc.cloudlab.us,tencentBlock_13286,s3fifoforgive,0.1,42,21,1,2,0.8160,1.00,50856829,41893.9904,3079289
node0.tardis-apia.ldos-ut-pg0.wisc.cloudlab.us,tencentBlock_13286,s3fifoforgive,0.1,42,21,1,3,0.8160,1.01,50856829,41893.9904,3079289
node0.tardis-apia.ldos-ut-pg0.wisc.cloudlab.us,tencentBlock_13349,lru,10,2907,27,1,1,0.3445,0.42,54062796,29071.36,2270363
node0.tardis-apia.ldos-ut-pg0.wisc.cloudlab.us,tencentBlock_13349,lru,10,2907,27,1,2,0.3445,0.42,54062796,29071.36,2270363
node0.tardis-apia.ldos-ut-pg0.wisc.cloudlab.us,tencentBlock_13349,lru,10,2907,27,1,3,0.3445,0.40,54062796,29071.36,2270363
node0.tardis-apia.ldos-ut-pg0.wisc.cloudlab.us,tencentBlock_13349,lruforgive,10,2907,27,1,1,0.3420,0.23,54062796,29071.36,2270363
node0.tardis-apia.ldos-ut-pg0.wisc.cloudlab.us,tencentBlock_13349,lruforgive,10,2907,27,1,2,0.3420,0.24,54062796,29071.36,2270363
node0.tardis-apia.ldos-ut-pg0.wisc.cloudlab.us,tencentBlock_13349,lruforgive,10,2907,27,1,3,0.3420,0.23,54062796,29071.36,2270363
node0.tardis-apia.ldos-ut-pg0.wisc.cloudlab.us,tencentBlock_13349,s3fifo,10,2907,27,1,1,0.3281,0.42,54062796,29071.36,2270363
node0.tardis-apia.ldos-ut-pg0.wisc.cloudlab.us,tencentBlock_13349,s3fifo,10,2907,27,1,2,0.3281,0.42,54062796,29071.36,2270363
node0.tardis-apia.ldos-ut-pg0.wisc.cloudlab.us,tencentBlock_13349,s3fifo,10,2907,27,1,3,0.3281,0.42,54062796,29071.36,2270363
node0.tardis-apia.ldos-ut-pg0.wisc.cloudlab.us,tencentBlock_13349,s3fifoforgive,10,2907,27,1,1,0.3277,0.26,54062796,29071.36,2270363
node0.tardis-apia.ldos-ut-pg0.wisc.cloudlab.us,tencentBlock_13349,s3fifoforgive,10,2907,27,1,2,0.3277,0.26,54062796,29071.36,2270363
node0.tardis-apia.ldos-ut-pg0.wisc.cloudlab.us,tencentBlock_13349,s3fifoforgive,10,2907,27,1,3,0.3277,0.25,54062796,29071.36,2270363
node0.tardis-apia.ldos-ut-pg0.wisc.cloudlab.us,tencentBlock_13349,lru,0.1,29,21,1,1,0.8545,1.58,54062796,29071.36,2270363
node0.tardis-apia.ldos-ut-pg0.wisc.cloudlab.us,tencentBlock_13349,lru,0.1,29,21,1,2,0.8545,1.57,54062796,29071.36,2270363
node0.tardis-apia.ldos-ut-pg0.wisc.cloudlab.us,tencentBlock_13349,lru,0.1,29,21,1,3,0.8545,1.59,54062796,29071.36,2270363
node0.tardis-apia.ldos-ut-pg0.wisc.cloudlab.us,tencentBlock_13349,lruforgive,0.1,29,21,1,1,0.8498,0.89,54062796,29071.36,2270363
node0.tardis-apia.ldos-ut-pg0.wisc.cloudlab.us,tencentBlock_13349,lruforgive,0.1,29,21,1,2,0.8498,0.89,54062796,29071.36,2270363
node0.tardis-apia.ldos-ut-pg0.wisc.cloudlab.us,tencentBlock_13349,lruforgive,0.1,29,21,1,3,0.8498,0.86,54062796,29071.36,2270363
node0.tardis-apia.ldos-ut-pg0.wisc.cloudlab.us,tencentBlock_13349,s3fifo,0.1,29,21,1,1,0.8709,1.63,54062796,29071.36,2270363
node0.tardis-apia.ldos-ut-pg0.wisc.cloudlab.us,tencentBlock_13349,s3fifo,0.1,29,21,1,2,0.8709,1.64,54062796,29071.36,2270363
node0.tardis-apia.ldos-ut-pg0.wisc.cloudlab.us,tencentBlock_13349,s3fifo,0.1,29,21,1,3,0.8709,1.67,54062796,29071.36,2270363
node0.tardis-apia.ldos-ut-pg0.wisc.cloudlab.us,tencentBlock_13349,s3fifoforgive,0.1,29,21,1,1,0.8689,1.12,54062796,29071.36,2270363
node0.tardis-apia.ldos-ut-pg0.wisc.cloudlab.us,tencentBlock_13349,s3fifoforgive,0.1,29,21,1,2,0.8689,1.09,54062796,29071.36,2270363
node0.tardis-apia.ldos-ut-pg0.wisc.cloudlab.us,tencentBlock_13349,s3fifoforgive,0.1,29,21,1,3,0.8689,1.12,54062796,29071.36,2270363
node0.tardis-apia.ldos-ut-pg0.wisc.cloudlab.us,tencentBlock_13435,lru,10,3376,27,1,1,0.2830,0.50,47899730,33761.4848,2852476
node0.tardis-apia.ldos-ut-pg0.wisc.cloudlab.us,tencentBlock_13435,lru,10,3376,27,1,2,0.2830,0.50,47899730,33761.4848,2852476
node0.tardis-apia.ldos-ut-pg0.wisc.cloudlab.us,tencentBlock_13435,lru,10,3376,27,1,3,0.2830,0.50,47899730,33761.4848,2852476
node0.tardis-apia.ldos-ut-pg0.wisc.cloudlab.us,tencentBlock_13435,lruforgive,10,3376,27,1,1,0.2819,0.27,47899730,33761.4848,2852476
node0.tardis-apia.ldos-ut-pg0.wisc.cloudlab.us,tencentBlock_13435,lruforgive,10,3376,27,1,2,0.2819,0.27,47899730,33761.4848,2852476
node0.tardis-apia.ldos-ut-pg0.wisc.cloudlab.us,tencentBlock_13435,lruforgive,10,3376,27,1,3,0.2819,0.27,47899730,33761.4848,2852476
node0.tardis-apia.ldos-ut-pg0.wisc.cloudlab.us,tencentBlock_13435,s3fifo,10,3376,27,1,1,0.2761,0.51,47899730,33761.4848,2852476
node0.tardis-apia.ldos-ut-pg0.wisc.cloudlab.us,tencentBlock_13435,s3fifo,10,3376,27,1,2,0.2761,0.51,47899730,33761.4848,2852476
node0.tardis-apia.ldos-ut-pg0.wisc.cloudlab.us,tencentBlock_13435,s3fifo,10,3376,27,1,3,0.2761,0.50,47899730,33761.4848,2852476
node0.tardis-apia.ldos-ut-pg0.wisc.cloudlab.us,tencentBlock_13435,s3fifoforgive,10,3376,27,1,1,0.2759,0.29,47899730,33761.4848,2852476
node0.tardis-apia.ldos-ut-pg0.wisc.cloudlab.us,tencentBlock_13435,s3fifoforgive,10,3376,27,1,2,0.2759,0.29,47899730,33761.4848,2852476
node0.tardis-apia.ldos-ut-pg0.wisc.cloudlab.us,tencentBlock_13435,s3fifoforgive,10,3376,27,1,3,0.2759,0.29,47899730,33761.4848,2852476
node0.tardis-apia.ldos-ut-pg0.wisc.cloudlab.us,tencentBlock_13435,lru,0.1,34,21,1,1,0.7843,1.92,47899730,33761.4848,2852476
node0.tardis-apia.ldos-ut-pg0.wisc.cloudlab.us,tencentBlock_13435,lru,0.1,34,21,1,2,0.7843,1.91,47899730,33761.4848,2852476
node0.tardis-apia.ldos-ut-pg0.wisc.cloudlab.us,tencentBlock_13435,lru,0.1,34,21,1,3,0.7843,1.85,47899730,33761.4848,2852476
node0.tardis-apia.ldos-ut-pg0.wisc.cloudlab.us,tencentBlock_13435,lruforgive,0.1,34,21,1,1,0.7750,0.97,47899730,33761.4848,2852476
node0.tardis-apia.ldos-ut-pg0.wisc.cloudlab.us,tencentBlock_13435,lruforgive,0.1,34,21,1,2,0.7750,0.95,47899730,33761.4848,2852476
node0.tardis-apia.ldos-ut-pg0.wisc.cloudlab.us,tencentBlock_13435,lruforgive,0.1,34,21,1,3,0.7750,0.98,47899730,33761.4848,2852476
node0.tardis-apia.ldos-ut-pg0.wisc.cloudlab.us,tencentBlock_13435,s3fifo,0.1,34,21,1,1,0.8026,1.93,47899730,33761.4848,2852476
node0.tardis-apia.ldos-ut-pg0.wisc.cloudlab.us,tencentBlock_13435,s3fifo,0.1,34,21,1,2,0.8026,1.93,47899730,33761.4848,2852476
node0.tardis-apia.ldos-ut-pg0.wisc.cloudlab.us,tencentBlock_13435,s3fifo,0.1,34,21,1,3,0.8026,1.94,47899730,33761.4848,2852476
node0.tardis-apia.ldos-ut-pg0.wisc.cloudlab.us,tencentBlock_13435,s3fifoforgive,0.1,34,21,1,1,0.7986,1.20,47899730,33761.4848,2852476
node0.tardis-apia.ldos-ut-pg0.wisc.cloudlab.us,tencentBlock_13435,s3fifoforgive,0.1,34,21,1,2,0.7986,1.23,47899730,33761.4848,2852476
node0.tardis-apia.ldos-ut-pg0.wisc.cloudlab.us,tencentBlock_13435,s3fifoforgive,0.1,34,21,1,3,0.7986,1.22,47899730,33761.4848,2852476
node0.tardis-apia.ldos-ut-pg0.wisc.cloudlab.us,tencentBlock_13439,lru,10,2646,27,1,1,0.3095,0.41,51796777,26460.16,1946575
node0.tardis-apia.ldos-ut-pg0.wisc.cloudlab.us,tencentBlock_13439,lru,10,2646,27,1,2,0.3095,0.41,51796777,26460.16,1946575
node0.tardis-apia.ldos-ut-pg0.wisc.cloudlab.us,tencentBlock_13439,lru,10,2646,27,1,3,0.3095,0.41,51796777,26460.16,1946575
node0.tardis-apia.ldos-ut-pg0.wisc.cloudlab.us,tencentBlock_13439,lruforgive,10,2646,27,1,1,0.3073,0.24,51796777,26460.16,1946575
node0.tardis-apia.ldos-ut-pg0.wisc.cloudlab.us,tencentBlock_13439,lruforgive,10,2646,27,1,2,0.3073,0.24,51796777,26460.16,1946575
node0.tardis-apia.ldos-ut-pg0.wisc.cloudlab.us,tencentBlock_13439,lruforgive,10,2646,27,1,3,0.3073,0.24,51796777,26460.16,1946575
node0.tardis-apia.ldos-ut-pg0.wisc.cloudlab.us,tencentBlock_13439,s3fifo,10,2646,27,1,1,0.3055,0.45,51796777,26460.16,1946575
node0.tardis-apia.ldos-ut-pg0.wisc.cloudlab.us,tencentBlock_13439,s3fifo,10,2646,27,1,2,0.3055,0.44,51796777,26460.16,1946575
node0.tardis-apia.ldos-ut-pg0.wisc.cloudlab.us,tencentBlock_13439,s3fifo,10,2646,27,1,3,0.3055,0.44,51796777,26460.16,1946575
node0.tardis-apia.ldos-ut-pg0.wisc.cloudlab.us,tencentBlock_13439,s3fifoforgive,10,2646,27,1,1,0.3048,0.27,51796777,26460.16,1946575
node0.tardis-apia.ldos-ut-pg0.wisc.cloudlab.us,tencentBlock_13439,s3fifoforgive,10,2646,27,1,2,0.3048,0.27,51796777,26460.16,1946575
node0.tardis-apia.ldos-ut-pg0.wisc.cloudlab.us,tencentBlock_13439,s3fifoforgive,10,2646,27,1,3,0.3048,0.27,51796777,26460.16,1946575
node0.tardis-apia.ldos-ut-pg0.wisc.cloudlab.us,tencentBlock_13439,lru,0.1,26,21,1,1,0.9180,3.08,51796777,26460.16,1946575
node0.tardis-apia.ldos-ut-pg0.wisc.cloudlab.us,tencentBlock_13439,lru,0.1,26,21,1,2,0.9180,3.04,51796777,26460.16,1946575
node0.tardis-apia.ldos-ut-pg0.wisc.cloudlab.us,tencentBlock_13439,lru,0.1,26,21,1,3,0.9180,2.99,51796777,26460.16,1946575
node0.tardis-apia.ldos-ut-pg0.wisc.cloudlab.us,tencentBlock_13439,lruforgive,0.1,26,21,1,1,0.9157,1.95,51796777,26460.16,1946575
node0.tardis-apia.ldos-ut-pg0.wisc.cloudlab.us,tencentBlock_13439,lruforgive,0.1,26,21,1,2,0.9157,1.91,51796777,26460.16,1946575
node0.tardis-apia.ldos-ut-pg0.wisc.cloudlab.us,tencentBlock_13439,lruforgive,0.1,26,21,1,3,0.9157,1.95,51796777,26460.16,1946575
node0.tardis-apia.ldos-ut-pg0.wisc.cloudlab.us,tencentBlock_13439,s3fifo,0.1,26,21,1,1,0.9247,3.30,51796777,26460.16,1946575
node0.tardis-apia.ldos-ut-pg0.wisc.cloudlab.us,tencentBlock_13439,s3fifo,0.1,26,21,1,2,0.9247,3.26,51796777,26460.16,1946575
node0.tardis-apia.ldos-ut-pg0.wisc.cloudlab.us,tencentBlock_13439,s3fifo,0.1,26,21,1,3,0.9247,3.20,51796777,26460.16,1946575
node0.tardis-apia.ldos-ut-pg0.wisc.cloudlab.us,tencentBlock_13439,s3fifoforgive,0.1,26,21,1,1,0.9241,2.47,51796777,26460.16,1946575
node0.tardis-apia.ldos-ut-pg0.wisc.cloudlab.us,tencentBlock_13439,s3fifoforgive,0.1,26,21,1,2,0.9241,2.45,51796777,26460.16,1946575
node0.tardis-apia.ldos-ut-pg0.wisc.cloudlab.us,tencentBlock_13439,s3fifoforgive,0.1,26,21,1,3,0.9241,2.41,51796777,26460.16,1946575
node0.tardis-apia.ldos-ut-pg0.wisc.cloudlab.us,tencentBlock_13494,lru,10,503254,27,1,1,NA_TOOBIG,NA,NA,5032535.04,16487845
node0.tardis-apia.ldos-ut-pg0.wisc.cloudlab.us,tencentBlock_13494,lru,10,503254,27,1,2,NA_TOOBIG,NA,NA,5032535.04,16487845
node0.tardis-apia.ldos-ut-pg0.wisc.cloudlab.us,tencentBlock_13494,lru,10,503254,27,1,3,NA_TOOBIG,NA,NA,5032535.04,16487845
node0.tardis-apia.ldos-ut-pg0.wisc.cloudlab.us,tencentBlock_13494,lruforgive,10,503254,27,1,1,NA_TOOBIG,NA,NA,5032535.04,16487845
node0.tardis-apia.ldos-ut-pg0.wisc.cloudlab.us,tencentBlock_13494,lruforgive,10,503254,27,1,2,NA_TOOBIG,NA,NA,5032535.04,16487845
node0.tardis-apia.ldos-ut-pg0.wisc.cloudlab.us,tencentBlock_13494,lruforgive,10,503254,27,1,3,NA_TOOBIG,NA,NA,5032535.04,16487845
node0.tardis-apia.ldos-ut-pg0.wisc.cloudlab.us,tencentBlock_13494,s3fifo,10,503254,27,1,1,NA_TOOBIG,NA,NA,5032535.04,16487845
node0.tardis-apia.ldos-ut-pg0.wisc.cloudlab.us,tencentBlock_13494,s3fifo,10,503254,27,1,2,NA_TOOBIG,NA,NA,5032535.04,16487845
node0.tardis-apia.ldos-ut-pg0.wisc.cloudlab.us,tencentBlock_13494,s3fifo,10,503254,27,1,3,NA_TOOBIG,NA,NA,5032535.04,16487845
node0.tardis-apia.ldos-ut-pg0.wisc.cloudlab.us,tencentBlock_13494,s3fifoforgive,10,503254,27,1,1,NA_TOOBIG,NA,NA,5032535.04,16487845
node0.tardis-apia.ldos-ut-pg0.wisc.cloudlab.us,tencentBlock_13494,s3fifoforgive,10,503254,27,1,2,NA_TOOBIG,NA,NA,5032535.04,16487845
node0.tardis-apia.ldos-ut-pg0.wisc.cloudlab.us,tencentBlock_13494,s3fifoforgive,10,503254,27,1,3,NA_TOOBIG,NA,NA,5032535.04,16487845
node0.tardis-apia.ldos-ut-pg0.wisc.cloudlab.us,tencentBlock_13494,lru,0.1,5033,27,1,1,0.6527,0.06,68526266,5032535.04,16487845
node0.tardis-apia.ldos-ut-pg0.wisc.cloudlab.us,tencentBlock_13494,lru,0.1,5033,27,1,2,0.6527,0.06,68526266,5032535.04,16487845
node0.tardis-apia.ldos-ut-pg0.wisc.cloudlab.us,tencentBlock_13494,lru,0.1,5033,27,1,3,0.6527,0.06,68526266,5032535.04,16487845
node0.tardis-apia.ldos-ut-pg0.wisc.cloudlab.us,tencentBlock_13494,lruforgive,0.1,5033,27,1,1,0.6133,0.05,68526266,5032535.04,16487845
node0.tardis-apia.ldos-ut-pg0.wisc.cloudlab.us,tencentBlock_13494,lruforgive,0.1,5033,27,1,2,0.6133,0.05,68526266,5032535.04,16487845
node0.tardis-apia.ldos-ut-pg0.wisc.cloudlab.us,tencentBlock_13494,lruforgive,0.1,5033,27,1,3,0.6133,0.05,68526266,5032535.04,16487845
node0.tardis-apia.ldos-ut-pg0.wisc.cloudlab.us,tencentBlock_13494,s3fifo,0.1,5033,27,1,1,0.6291,0.06,68526266,5032535.04,16487845
node0.tardis-apia.ldos-ut-pg0.wisc.cloudlab.us,tencentBlock_13494,s3fifo,0.1,5033,27,1,2,0.6291,0.06,68526266,5032535.04,16487845
node0.tardis-apia.ldos-ut-pg0.wisc.cloudlab.us,tencentBlock_13494,s3fifo,0.1,5033,27,1,3,0.6291,0.06,68526266,5032535.04,16487845
node0.tardis-apia.ldos-ut-pg0.wisc.cloudlab.us,tencentBlock_13494,s3fifoforgive,0.1,5033,27,1,1,0.6259,0.06,68526266,5032535.04,16487845
node0.tardis-apia.ldos-ut-pg0.wisc.cloudlab.us,tencentBlock_13494,s3fifoforgive,0.1,5033,27,1,2,0.6259,0.06,68526266,5032535.04,16487845
node0.tardis-apia.ldos-ut-pg0.wisc.cloudlab.us,tencentBlock_13494,s3fifoforgive,0.1,5033,27,1,3,0.6259,0.06,68526266,5032535.04,16487845
node0.tardis-apia.ldos-ut-pg0.wisc.cloudlab.us,tencentBlock_1351,lru,10,19178,27,1,1,0.1775,0.28,195824301,191780.7616,1498430
node0.tardis-apia.ldos-ut-pg0.wisc.cloudlab.us,tencentBlock_1351,lru,10,19178,27,1,2,0.1775,0.27,195824301,191780.7616,1498430
node0.tardis-apia.ldos-ut-pg0.wisc.cloudlab.us,tencentBlock_1351,lru,10,19178,27,1,3,0.1775,0.26,195824301,191780.7616,1498430
node0.tardis-apia.ldos-ut-pg0.wisc.cloudlab.us,tencentBlock_1351,lruforgive,10,19178,27,1,1,0.1774,0.16,195824301,191780.7616,1498430
node0.tardis-apia.ldos-ut-pg0.wisc.cloudlab.us,tencentBlock_1351,lruforgive,10,19178,27,1,2,0.1774,0.17,195824301,191780.7616,1498430
node0.tardis-apia.ldos-ut-pg0.wisc.cloudlab.us,tencentBlock_1351,lruforgive,10,19178,27,1,3,0.1774,0.17,195824301,191780.7616,1498430
node0.tardis-apia.ldos-ut-pg0.wisc.cloudlab.us,tencentBlock_1351,s3fifo,10,19178,27,1,1,0.1620,0.27,195824301,191780.7616,1498430
node0.tardis-apia.ldos-ut-pg0.wisc.cloudlab.us,tencentBlock_1351,s3fifo,10,19178,27,1,2,0.1620,0.27,195824301,191780.7616,1498430
node0.tardis-apia.ldos-ut-pg0.wisc.cloudlab.us,tencentBlock_1351,s3fifo,10,19178,27,1,3,0.1620,0.27,195824301,191780.7616,1498430
node0.tardis-apia.ldos-ut-pg0.wisc.cloudlab.us,tencentBlock_1351,s3fifoforgive,10,19178,27,1,1,0.1619,0.17,195824301,191780.7616,1498430
node0.tardis-apia.ldos-ut-pg0.wisc.cloudlab.us,tencentBlock_1351,s3fifoforgive,10,19178,27,1,2,0.1619,0.17,195824301,191780.7616,1498430
node0.tardis-apia.ldos-ut-pg0.wisc.cloudlab.us,tencentBlock_1351,s3fifoforgive,10,19178,27,1,3,0.1619,0.17,195824301,191780.7616,1498430
node0.tardis-apia.ldos-ut-pg0.wisc.cloudlab.us,tencentBlock_1351,lru,0.1,192,24,1,1,NA,NA,NA,191780.7616,1498430
node0.tardis-apia.ldos-ut-pg0.wisc.cloudlab.us,tencentBlock_1351,lru,0.1,192,24,1,2,NA,NA,NA,191780.7616,1498430
node0.tardis-apia.ldos-ut-pg0.wisc.cloudlab.us,tencentBlock_1351,lru,0.1,192,24,1,3,NA,NA,NA,191780.7616,1498430
node0.tardis-apia.ldos-ut-pg0.wisc.cloudlab.us,tencentBlock_1351,lruforgive,0.1,192,24,1,1,NA,NA,NA,191780.7616,1498430
node0.tardis-apia.ldos-ut-pg0.wisc.cloudlab.us,tencentBlock_1351,lruforgive,0.1,192,24,1,2,NA,NA,NA,191780.7616,1498430
node0.tardis-apia.ldos-ut-pg0.wisc.cloudlab.us,tencentBlock_1351,lruforgive,0.1,192,24,1,3,NA,NA,NA,191780.7616,1498430
node0.tardis-apia.ldos-ut-pg0.wisc.cloudlab.us,tencentBlock_1351,s3fifo,0.1,192,24,1,1,0.8698,0.26,195824301,191780.7616,1498430
node0.tardis-apia.ldos-ut-pg0.wisc.cloudlab.us,tencentBlock_1351,s3fifo,0.1,192,24,1,2,0.8698,0.27,195824301,191780.7616,1498430
node0.tardis-apia.ldos-ut-pg0.wisc.cloudlab.us,tencentBlock_1351,s3fifo,0.1,192,24,1,3,0.8699,0.27,195824301,191780.7616,1498430
node0.tardis-apia.ldos-ut-pg0.wisc.cloudlab.us,tencentBlock_1351,s3fifoforgive,0.1,192,24,1,1,0.8707,0.23,195824301,191780.7616,1498430
node0.tardis-apia.ldos-ut-pg0.wisc.cloudlab.us,tencentBlock_1351,s3fifoforgive,0.1,192,24,1,2,0.8707,0.23,195824301,191780.7616,1498430
node0.tardis-apia.ldos-ut-pg0.wisc.cloudlab.us,tencentBlock_1351,s3fifoforgive,0.1,192,24,1,3,0.8707,0.24,195824301,191780.7616,1498430
node0.tardis-apia.ldos-ut-pg0.wisc.cloudlab.us,tencentBlock_1360,lru,10,25525,27,1,1,NA,NA,NA,255251.0464,2469448
node0.tardis-apia.ldos-ut-pg0.wisc.cloudlab.us,tencentBlock_1360,lru,10,25525,27,1,2,NA,NA,NA,255251.0464,2469448
node0.tardis-apia.ldos-ut-pg0.wisc.cloudlab.us,tencentBlock_1360,lru,10,25525,27,1,3,NA,NA,NA,255251.0464,2469448
node0.tardis-apia.ldos-ut-pg0.wisc.cloudlab.us,tencentBlock_1360,lruforgive,10,25525,27,1,1,NA,NA,NA,255251.0464,2469448
node0.tardis-apia.ldos-ut-pg0.wisc.cloudlab.us,tencentBlock_1360,lruforgive,10,25525,27,1,2,NA,NA,NA,255251.0464,2469448
node0.tardis-apia.ldos-ut-pg0.wisc.cloudlab.us,tencentBlock_1360,lruforgive,10,25525,27,1,3,NA,NA,NA,255251.0464,2469448
node0.tardis-apia.ldos-ut-pg0.wisc.cloudlab.us,tencentBlock_1360,s3fifo,10,25525,27,1,1,NA,NA,NA,255251.0464,2469448
node0.tardis-apia.ldos-ut-pg0.wisc.cloudlab.us,tencentBlock_1360,s3fifo,10,25525,27,1,2,NA,NA,NA,255251.0464,2469448
node0.tardis-apia.ldos-ut-pg0.wisc.cloudlab.us,tencentBlock_1360,s3fifo,10,25525,27,1,3,NA,NA,NA,255251.0464,2469448
node0.tardis-apia.ldos-ut-pg0.wisc.cloudlab.us,tencentBlock_1360,s3fifoforgive,10,25525,27,1,1,NA,NA,NA,255251.0464,2469448
node0.tardis-apia.ldos-ut-pg0.wisc.cloudlab.us,tencentBlock_1360,s3fifoforgive,10,25525,27,1,2,NA,NA,NA,255251.0464,2469448
node0.tardis-apia.ldos-ut-pg0.wisc.cloudlab.us,tencentBlock_1360,s3fifoforgive,10,25525,27,1,3,NA,NA,NA,255251.0464,2469448
node0.tardis-apia.ldos-ut-pg0.wisc.cloudlab.us,tencentBlock_1360,lru,0.1,255,24,1,1,NA,NA,NA,255251.0464,2469448
node0.tardis-apia.ldos-ut-pg0.wisc.cloudlab.us,tencentBlock_1360,lru,0.1,255,24,1,2,NA,NA,NA,255251.0464,2469448
node0.tardis-apia.ldos-ut-pg0.wisc.cloudlab.us,tencentBlock_1360,lru,0.1,255,24,1,3,NA,NA,NA,255251.0464,2469448
node0.tardis-apia.ldos-ut-pg0.wisc.cloudlab.us,tencentBlock_1360,lruforgive,0.1,255,24,1,1,NA,NA,NA,255251.0464,2469448
node0.tardis-apia.ldos-ut-pg0.wisc.cloudlab.us,tencentBlock_1360,lruforgive,0.1,255,24,1,2,NA,NA,NA,255251.0464,2469448
node0.tardis-apia.ldos-ut-pg0.wisc.cloudlab.us,tencentBlock_1360,lruforgive,0.1,255,24,1,3,NA,NA,NA,255251.0464,2469448
node0.tardis-apia.ldos-ut-pg0.wisc.cloudlab.us,tencentBlock_1360,s3fifo,0.1,255,24,1,1,NA,NA,NA,255251.0464,2469448
node0.tardis-apia.ldos-ut-pg0.wisc.cloudlab.us,tencentBlock_1360,s3fifo,0.1,255,24,1,2,NA,NA,NA,255251.0464,2469448
node0.tardis-apia.ldos-ut-pg0.wisc.cloudlab.us,tencentBlock_1360,s3fifo,0.1,255,24,1,3,NA,NA,NA,255251.0464,2469448
node0.tardis-apia.ldos-ut-pg0.wisc.cloudlab.us,tencentBlock_1360,s3fifoforgive,0.1,255,24,1,1,NA,NA,NA,255251.0464,2469448
node0.tardis-apia.ldos-ut-pg0.wisc.cloudlab.us,tencentBlock_1360,s3fifoforgive,0.1,255,24,1,2,NA,NA,NA,255251.0464,2469448
node0.tardis-apia.ldos-ut-pg0.wisc.cloudlab.us,tencentBlock_1360,s3fifoforgive,0.1,255,24,1,3,NA,NA,NA,255251.0464,2469448
node0.tardis-apia.ldos-ut-pg0.wisc.cloudlab.us,tencentBlock_1362,lru,10,10589,27,1,1,0.3962,0.13,5468026,105893.9904,1644803
node0.tardis-apia.ldos-ut-pg0.wisc.cloudlab.us,tencentBlock_1362,lru,10,10589,27,1,2,0.3962,0.13,5468026,105893.9904,1644803
node0.tardis-apia.ldos-ut-pg0.wisc.cloudlab.us,tencentBlock_1362,lru,10,10589,27,1,3,0.3962,0.13,5468026,105893.9904,1644803
node0.tardis-apia.ldos-ut-pg0.wisc.cloudlab.us,tencentBlock_1362,lruforgive,10,10589,27,1,1,0.3899,0.12,5468026,105893.9904,1644803
node0.tardis-apia.ldos-ut-pg0.wisc.cloudlab.us,tencentBlock_1362,lruforgive,10,10589,27,1,2,0.3899,0.12,5468026,105893.9904,1644803
node0.tardis-apia.ldos-ut-pg0.wisc.cloudlab.us,tencentBlock_1362,lruforgive,10,10589,27,1,3,0.3899,0.12,5468026,105893.9904,1644803
node0.tardis-apia.ldos-ut-pg0.wisc.cloudlab.us,tencentBlock_1362,s3fifo,10,10589,27,1,1,0.3671,0.13,5468026,105893.9904,1644803
node0.tardis-apia.ldos-ut-pg0.wisc.cloudlab.us,tencentBlock_1362,s3fifo,10,10589,27,1,2,0.3671,0.13,5468026,105893.9904,1644803
node0.tardis-apia.ldos-ut-pg0.wisc.cloudlab.us,tencentBlock_1362,s3fifo,10,10589,27,1,3,0.3671,0.13,5468026,105893.9904,1644803
node0.tardis-apia.ldos-ut-pg0.wisc.cloudlab.us,tencentBlock_1362,s3fifoforgive,10,10589,27,1,1,0.3671,0.12,5468026,105893.9904,1644803
node0.tardis-apia.ldos-ut-pg0.wisc.cloudlab.us,tencentBlock_1362,s3fifoforgive,10,10589,27,1,2,0.3671,0.12,5468026,105893.9904,1644803
node0.tardis-apia.ldos-ut-pg0.wisc.cloudlab.us,tencentBlock_1362,s3fifoforgive,10,10589,27,1,3,0.3671,0.12,5468026,105893.9904,1644803
node0.tardis-apia.ldos-ut-pg0.wisc.cloudlab.us,tencentBlock_1362,lru,0.1,106,23,1,1,0.6156,0.20,5468026,105893.9904,1644803
node0.tardis-apia.ldos-ut-pg0.wisc.cloudlab.us,tencentBlock_1362,lru,0.1,106,23,1,2,0.6156,0.19,5468026,105893.9904,1644803
node0.tardis-apia.ldos-ut-pg0.wisc.cloudlab.us,tencentBlock_1362,lru,0.1,106,23,1,3,0.6156,0.19,5468026,105893.9904,1644803
node0.tardis-apia.ldos-ut-pg0.wisc.cloudlab.us,tencentBlock_1362,lruforgive,0.1,106,23,1,1,0.6021,0.18,5468026,105893.9904,1644803
node0.tardis-apia.ldos-ut-pg0.wisc.cloudlab.us,tencentBlock_1362,lruforgive,0.1,106,23,1,2,0.6021,0.18,5468026,105893.9904,1644803
node0.tardis-apia.ldos-ut-pg0.wisc.cloudlab.us,tencentBlock_1362,lruforgive,0.1,106,23,1,3,0.6021,0.18,5468026,105893.9904,1644803
node0.tardis-apia.ldos-ut-pg0.wisc.cloudlab.us,tencentBlock_1362,s3fifo,0.1,106,23,1,1,0.5985,0.30,5468026,105893.9904,1644803
node0.tardis-apia.ldos-ut-pg0.wisc.cloudlab.us,tencentBlock_1362,s3fifo,0.1,106,23,1,2,0.5985,0.30,5468026,105893.9904,1644803
node0.tardis-apia.ldos-ut-pg0.wisc.cloudlab.us,tencentBlock_1362,s3fifo,0.1,106,23,1,3,0.5985,0.30,5468026,105893.9904,1644803
node0.tardis-apia.ldos-ut-pg0.wisc.cloudlab.us,tencentBlock_1362,s3fifoforgive,0.1,106,23,1,1,NA,NA,NA,105893.9904,1644803
node0.tardis-apia.ldos-ut-pg0.wisc.cloudlab.us,tencentBlock_1362,s3fifoforgive,0.1,106,23,1,2,0.5973,0.26,5468026,105893.9904,1644803
node0.tardis-apia.ldos-ut-pg0.wisc.cloudlab.us,tencentBlock_1362,s3fifoforgive,0.1,106,23,1,3,0.5973,0.26,5468026,105893.9904,1644803
node0.tardis-apia.ldos-ut-pg0.wisc.cloudlab.us,tencentBlock_13786,lru,10,2967,27,1,1,0.3337,0.41,54573870,29672.96,2280147
node0.tardis-apia.ldos-ut-pg0.wisc.cloudlab.us,tencentBlock_13786,lru,10,2967,27,1,2,0.3337,0.40,54573870,29672.96,2280147
node0.tardis-apia.ldos-ut-pg0.wisc.cloudlab.us,tencentBlock_13786,lru,10,2967,27,1,3,0.3337,0.41,54573870,29672.96,2280147
node0.tardis-apia.ldos-ut-pg0.wisc.cloudlab.us,tencentBlock_13786,lruforgive,10,2967,27,1,1,0.3312,0.24,54573870,29672.96,2280147
node0.tardis-apia.ldos-ut-pg0.wisc.cloudlab.us,tencentBlock_13786,lruforgive,10,2967,27,1,2,0.3312,0.24,54573870,29672.96,2280147
node0.tardis-apia.ldos-ut-pg0.wisc.cloudlab.us,tencentBlock_13786,lruforgive,10,2967,27,1,3,0.3312,0.24,54573870,29672.96,2280147
node0.tardis-apia.ldos-ut-pg0.wisc.cloudlab.us,tencentBlock_13786,s3fifo,10,2967,27,1,1,0.3190,0.43,54573870,29672.96,2280147
node0.tardis-apia.ldos-ut-pg0.wisc.cloudlab.us,tencentBlock_13786,s3fifo,10,2967,27,1,2,0.3190,0.43,54573870,29672.96,2280147
node0.tardis-apia.ldos-ut-pg0.wisc.cloudlab.us,tencentBlock_13786,s3fifo,10,2967,27,1,3,0.3190,0.43,54573870,29672.96,2280147
node0.tardis-apia.ldos-ut-pg0.wisc.cloudlab.us,tencentBlock_13786,s3fifoforgive,10,2967,27,1,1,0.3188,0.26,54573870,29672.96,2280147
node0.tardis-apia.ldos-ut-pg0.wisc.cloudlab.us,tencentBlock_13786,s3fifoforgive,10,2967,27,1,2,0.3188,0.26,54573870,29672.96,2280147
node0.tardis-apia.ldos-ut-pg0.wisc.cloudlab.us,tencentBlock_13786,s3fifoforgive,10,2967,27,1,3,0.3188,0.26,54573870,29672.96,2280147
node0.tardis-apia.ldos-ut-pg0.wisc.cloudlab.us,tencentBlock_13786,lru,0.1,30,21,1,1,0.8440,1.43,54573870,29672.96,2280147
node0.tardis-apia.ldos-ut-pg0.wisc.cloudlab.us,tencentBlock_13786,lru,0.1,30,21,1,2,0.8440,1.43,54573870,29672.96,2280147
node0.tardis-apia.ldos-ut-pg0.wisc.cloudlab.us,tencentBlock_13786,lru,0.1,30,21,1,3,0.8440,1.47,54573870,29672.96,2280147
node0.tardis-apia.ldos-ut-pg0.wisc.cloudlab.us,tencentBlock_13786,lruforgive,0.1,30,21,1,1,0.8422,0.83,54573870,29672.96,2280147
node0.tardis-apia.ldos-ut-pg0.wisc.cloudlab.us,tencentBlock_13786,lruforgive,0.1,30,21,1,2,0.8422,0.85,54573870,29672.96,2280147
node0.tardis-apia.ldos-ut-pg0.wisc.cloudlab.us,tencentBlock_13786,lruforgive,0.1,30,21,1,3,0.8422,0.87,54573870,29672.96,2280147
node0.tardis-apia.ldos-ut-pg0.wisc.cloudlab.us,tencentBlock_13786,s3fifo,0.1,30,21,1,1,0.8660,1.62,54573870,29672.96,2280147
node0.tardis-apia.ldos-ut-pg0.wisc.cloudlab.us,tencentBlock_13786,s3fifo,0.1,30,21,1,2,0.8660,1.62,54573870,29672.96,2280147
node0.tardis-apia.ldos-ut-pg0.wisc.cloudlab.us,tencentBlock_13786,s3fifo,0.1,30,21,1,3,0.8660,1.62,54573870,29672.96,2280147
node0.tardis-apia.ldos-ut-pg0.wisc.cloudlab.us,tencentBlock_13786,s3fifoforgive,0.1,30,21,1,1,0.8637,1.12,54573870,29672.96,2280147
node0.tardis-apia.ldos-ut-pg0.wisc.cloudlab.us,tencentBlock_13786,s3fifoforgive,0.1,30,21,1,2,0.8637,1.16,54573870,29672.96,2280147
node0.tardis-apia.ldos-ut-pg0.wisc.cloudlab.us,tencentBlock_13786,s3fifoforgive,0.1,30,21,1,3,0.8637,1.15,54573870,29672.96,2280147
node0.tardis-apia.ldos-ut-pg0.wisc.cloudlab.us,tencentBlock_13789,lru,10,1997,27,1,1,0.2113,0.58,11138716,19965.3376,1399676
node0.tardis-apia.ldos-ut-pg0.wisc.cloudlab.us,tencentBlock_13789,lru,10,1997,27,1,2,0.2113,0.58,11138716,19965.3376,1399676
node0.tardis-apia.ldos-ut-pg0.wisc.cloudlab.us,tencentBlock_13789,lru,10,1997,27,1,3,0.2113,0.58,11138716,19965.3376,1399676
node0.tardis-apia.ldos-ut-pg0.wisc.cloudlab.us,tencentBlock_13789,lruforgive,10,1997,27,1,1,0.2115,0.35,11138716,19965.3376,1399676
node0.tardis-apia.ldos-ut-pg0.wisc.cloudlab.us,tencentBlock_13789,lruforgive,10,1997,27,1,2,0.2115,0.34,11138716,19965.3376,1399676
node0.tardis-apia.ldos-ut-pg0.wisc.cloudlab.us,tencentBlock_13789,lruforgive,10,1997,27,1,3,0.2115,0.35,11138716,19965.3376,1399676
node0.tardis-apia.ldos-ut-pg0.wisc.cloudlab.us,tencentBlock_13789,s3fifo,10,1997,27,1,1,0.2287,0.61,11138716,19965.3376,1399676
node0.tardis-apia.ldos-ut-pg0.wisc.cloudlab.us,tencentBlock_13789,s3fifo,10,1997,27,1,2,0.2287,0.60,11138716,19965.3376,1399676
node0.tardis-apia.ldos-ut-pg0.wisc.cloudlab.us,tencentBlock_13789,s3fifo,10,1997,27,1,3,0.2287,0.61,11138716,19965.3376,1399676
node0.tardis-apia.ldos-ut-pg0.wisc.cloudlab.us,tencentBlock_13789,s3fifoforgive,10,1997,27,1,1,0.2287,0.38,11138716,19965.3376,1399676
node0.tardis-apia.ldos-ut-pg0.wisc.cloudlab.us,tencentBlock_13789,s3fifoforgive,10,1997,27,1,2,0.2287,0.37,11138716,19965.3376,1399676
node0.tardis-apia.ldos-ut-pg0.wisc.cloudlab.us,tencentBlock_13789,s3fifoforgive,10,1997,27,1,3,0.2287,0.37,11138716,19965.3376,1399676
node0.tardis-apia.ldos-ut-pg0.wisc.cloudlab.us,tencentBlock_13789,lru,0.1,20,20,1,1,0.4995,1.72,11138716,19965.3376,1399676
node0.tardis-apia.ldos-ut-pg0.wisc.cloudlab.us,tencentBlock_13789,lru,0.1,20,20,1,2,0.4995,1.75,11138716,19965.3376,1399676
node0.tardis-apia.ldos-ut-pg0.wisc.cloudlab.us,tencentBlock_13789,lru,0.1,20,20,1,3,0.4995,1.72,11138716,19965.3376,1399676
node0.tardis-apia.ldos-ut-pg0.wisc.cloudlab.us,tencentBlock_13789,lruforgive,0.1,20,20,1,1,0.4811,0.66,11138716,19965.3376,1399676
node0.tardis-apia.ldos-ut-pg0.wisc.cloudlab.us,tencentBlock_13789,lruforgive,0.1,20,20,1,2,0.4811,0.66,11138716,19965.3376,1399676
node0.tardis-apia.ldos-ut-pg0.wisc.cloudlab.us,tencentBlock_13789,lruforgive,0.1,20,20,1,3,0.4811,0.67,11138716,19965.3376,1399676
node0.tardis-apia.ldos-ut-pg0.wisc.cloudlab.us,tencentBlock_13789,s3fifo,0.1,20,20,1,1,0.4800,1.80,11138716,19965.3376,1399676
node0.tardis-apia.ldos-ut-pg0.wisc.cloudlab.us,tencentBlock_13789,s3fifo,0.1,20,20,1,2,0.4800,1.80,11138716,19965.3376,1399676
node0.tardis-apia.ldos-ut-pg0.wisc.cloudlab.us,tencentBlock_13789,s3fifo,0.1,20,20,1,3,0.4800,1.83,11138716,19965.3376,1399676
node0.tardis-apia.ldos-ut-pg0.wisc.cloudlab.us,tencentBlock_13789,s3fifoforgive,0.1,20,20,1,1,0.4783,0.91,11138716,19965.3376,1399676
node0.tardis-apia.ldos-ut-pg0.wisc.cloudlab.us,tencentBlock_13789,s3fifoforgive,0.1,20,20,1,2,0.4783,0.90,11138716,19965.3376,1399676
node0.tardis-apia.ldos-ut-pg0.wisc.cloudlab.us,tencentBlock_13789,s3fifoforgive,0.1,20,20,1,3,0.4783,0.93,11138716,19965.3376,1399676
node0.tardis-apia.ldos-ut-pg0.wisc.cloudlab.us,tencentBlock_13811,lru,10,3229,27,1,1,0.3024,0.47,52024840,32289.0752,2801497
node0.tardis-apia.ldos-ut-pg0.wisc.cloudlab.us,tencentBlock_13811,lru,10,3229,27,1,2,0.3024,0.47,52024840,32289.0752,2801497
node0.tardis-apia.ldos-ut-pg0.wisc.cloudlab.us,tencentBlock_13811,lru,10,3229,27,1,3,0.3024,0.47,52024840,32289.0752,2801497
node0.tardis-apia.ldos-ut-pg0.wisc.cloudlab.us,tencentBlock_13811,lruforgive,10,3229,27,1,1,0.3005,0.25,52024840,32289.0752,2801497
node0.tardis-apia.ldos-ut-pg0.wisc.cloudlab.us,tencentBlock_13811,lruforgive,10,3229,27,1,2,0.3005,0.25,52024840,32289.0752,2801497
node0.tardis-apia.ldos-ut-pg0.wisc.cloudlab.us,tencentBlock_13811,lruforgive,10,3229,27,1,3,0.3005,0.25,52024840,32289.0752,2801497
node0.tardis-apia.ldos-ut-pg0.wisc.cloudlab.us,tencentBlock_13811,s3fifo,10,3229,27,1,1,0.2900,0.49,52024840,32289.0752,2801497
node0.tardis-apia.ldos-ut-pg0.wisc.cloudlab.us,tencentBlock_13811,s3fifo,10,3229,27,1,2,0.2900,0.49,52024840,32289.0752,2801497
node0.tardis-apia.ldos-ut-pg0.wisc.cloudlab.us,tencentBlock_13811,s3fifo,10,3229,27,1,3,0.2900,0.49,52024840,32289.0752,2801497
node0.tardis-apia.ldos-ut-pg0.wisc.cloudlab.us,tencentBlock_13811,s3fifoforgive,10,3229,27,1,1,0.2898,0.27,52024840,32289.0752,2801497
node0.tardis-apia.ldos-ut-pg0.wisc.cloudlab.us,tencentBlock_13811,s3fifoforgive,10,3229,27,1,2,0.2898,0.28,52024840,32289.0752,2801497
node0.tardis-apia.ldos-ut-pg0.wisc.cloudlab.us,tencentBlock_13811,s3fifoforgive,10,3229,27,1,3,0.2898,0.28,52024840,32289.0752,2801497
node0.tardis-apia.ldos-ut-pg0.wisc.cloudlab.us,tencentBlock_13811,lru,0.1,32,21,1,1,0.7908,1.22,52024840,32289.0752,2801497
node0.tardis-apia.ldos-ut-pg0.wisc.cloudlab.us,tencentBlock_13811,lru,0.1,32,21,1,2,0.7908,1.23,52024840,32289.0752,2801497
node0.tardis-apia.ldos-ut-pg0.wisc.cloudlab.us,tencentBlock_13811,lru,0.1,32,21,1,3,0.7908,1.23,52024840,32289.0752,2801497
node0.tardis-apia.ldos-ut-pg0.wisc.cloudlab.us,tencentBlock_13811,lruforgive,0.1,32,21,1,1,0.7816,0.70,52024840,32289.0752,2801497
node0.tardis-apia.ldos-ut-pg0.wisc.cloudlab.us,tencentBlock_13811,lruforgive,0.1,32,21,1,2,0.7816,0.70,52024840,32289.0752,2801497
node0.tardis-apia.ldos-ut-pg0.wisc.cloudlab.us,tencentBlock_13811,lruforgive,0.1,32,21,1,3,0.7816,0.70,52024840,32289.0752,2801497
node0.tardis-apia.ldos-ut-pg0.wisc.cloudlab.us,tencentBlock_13811,s3fifo,0.1,32,21,1,1,0.8070,1.41,52024840,32289.0752,2801497
node0.tardis-apia.ldos-ut-pg0.wisc.cloudlab.us,tencentBlock_13811,s3fifo,0.1,32,21,1,2,0.8070,1.40,52024840,32289.0752,2801497
node0.tardis-apia.ldos-ut-pg0.wisc.cloudlab.us,tencentBlock_13811,s3fifo,0.1,32,21,1,3,0.8070,1.40,52024840,32289.0752,2801497
node0.tardis-apia.ldos-ut-pg0.wisc.cloudlab.us,tencentBlock_13811,s3fifoforgive,0.1,32,21,1,1,0.8027,0.90,52024840,32289.0752,2801497
node0.tardis-apia.ldos-ut-pg0.wisc.cloudlab.us,tencentBlock_13811,s3fifoforgive,0.1,32,21,1,2,0.8027,0.89,52024840,32289.0752,2801497
node0.tardis-apia.ldos-ut-pg0.wisc.cloudlab.us,tencentBlock_13811,s3fifoforgive,0.1,32,21,1,3,0.8027,0.88,52024840,32289.0752,2801497
node0.tardis-apia.ldos-ut-pg0.wisc.cloudlab.us,tencentBlock_13912,lru,10,1252,26,1,1,0.2149,0.73,8090855,12523.8272,1149925
node0.tardis-apia.ldos-ut-pg0.wisc.cloudlab.us,tencentBlock_13912,lru,10,1252,26,1,2,0.2150,0.73,8090855,12523.8272,1149925
node0.tardis-apia.ldos-ut-pg0.wisc.cloudlab.us,tencentBlock_13912,lru,10,1252,26,1,3,0.2150,0.73,8090855,12523.8272,1149925
node0.tardis-apia.ldos-ut-pg0.wisc.cloudlab.us,tencentBlock_13912,lruforgive,10,1252,26,1,1,0.2146,0.41,8090855,12523.8272,1149925
node0.tardis-apia.ldos-ut-pg0.wisc.cloudlab.us,tencentBlock_13912,lruforgive,10,1252,26,1,2,0.2146,0.41,8090855,12523.8272,1149925
node0.tardis-apia.ldos-ut-pg0.wisc.cloudlab.us,tencentBlock_13912,lruforgive,10,1252,26,1,3,0.2146,0.42,8090855,12523.8272,1149925
node0.tardis-apia.ldos-ut-pg0.wisc.cloudlab.us,tencentBlock_13912,s3fifo,10,1252,26,1,1,0.2227,0.81,8090855,12523.8272,1149925
node0.tardis-apia.ldos-ut-pg0.wisc.cloudlab.us,tencentBlock_13912,s3fifo,10,1252,26,1,2,0.2228,0.79,8090855,12523.8272,1149925
node0.tardis-apia.ldos-ut-pg0.wisc.cloudlab.us,tencentBlock_13912,s3fifo,10,1252,26,1,3,0.2227,0.81,8090855,12523.8272,1149925
node0.tardis-apia.ldos-ut-pg0.wisc.cloudlab.us,tencentBlock_13912,s3fifoforgive,10,1252,26,1,1,0.2227,0.47,8090855,12523.8272,1149925
node0.tardis-apia.ldos-ut-pg0.wisc.cloudlab.us,tencentBlock_13912,s3fifoforgive,10,1252,26,1,2,0.2227,0.47,8090855,12523.8272,1149925
node0.tardis-apia.ldos-ut-pg0.wisc.cloudlab.us,tencentBlock_13912,s3fifoforgive,10,1252,26,1,3,0.2227,0.47,8090855,12523.8272,1149925
node0.tardis-apia.ldos-ut-pg0.wisc.cloudlab.us,tencentBlock_13912,lru,0.1,13,20,1,1,0.6002,2.12,8090855,12523.8272,1149925
node0.tardis-apia.ldos-ut-pg0.wisc.cloudlab.us,tencentBlock_13912,lru,0.1,13,20,1,2,0.6002,2.12,8090855,12523.8272,1149925
node0.tardis-apia.ldos-ut-pg0.wisc.cloudlab.us,tencentBlock_13912,lru,0.1,13,20,1,3,0.6002,2.12,8090855,12523.8272,1149925
node0.tardis-apia.ldos-ut-pg0.wisc.cloudlab.us,tencentBlock_13912,lruforgive,0.1,13,20,1,1,0.5328,0.68,8090855,12523.8272,1149925
node0.tardis-apia.ldos-ut-pg0.wisc.cloudlab.us,tencentBlock_13912,lruforgive,0.1,13,20,1,2,0.5328,0.68,8090855,12523.8272,1149925
node0.tardis-apia.ldos-ut-pg0.wisc.cloudlab.us,tencentBlock_13912,lruforgive,0.1,13,20,1,3,0.5328,0.68,8090855,12523.8272,1149925
node0.tardis-apia.ldos-ut-pg0.wisc.cloudlab.us,tencentBlock_13912,s3fifo,0.1,13,20,1,1,0.5339,2.21,8090855,12523.8272,1149925
node0.tardis-apia.ldos-ut-pg0.wisc.cloudlab.us,tencentBlock_13912,s3fifo,0.1,13,20,1,2,0.5339,2.21,8090855,12523.8272,1149925
node0.tardis-apia.ldos-ut-pg0.wisc.cloudlab.us,tencentBlock_13912,s3fifo,0.1,13,20,1,3,0.5339,2.21,8090855,12523.8272,1149925
node0.tardis-apia.ldos-ut-pg0.wisc.cloudlab.us,tencentBlock_13912,s3fifoforgive,0.1,13,20,1,1,0.5259,1.10,8090855,12523.8272,1149925
node0.tardis-apia.ldos-ut-pg0.wisc.cloudlab.us,tencentBlock_13912,s3fifoforgive,0.1,13,20,1,2,0.5259,1.10,8090855,12523.8272,1149925
node0.tardis-apia.ldos-ut-pg0.wisc.cloudlab.us,tencentBlock_13912,s3fifoforgive,0.1,13,20,1,3,0.5259,1.11,8090855,12523.8272,1149925
node0.tardis-apia.ldos-ut-pg0.wisc.cloudlab.us,tencentBlock_1394,lru,10,5833,27,1,1,0.0543,0.92,88285722,58330.8288,3327748
node0.tardis-apia.ldos-ut-pg0.wisc.cloudlab.us,tencentBlock_1394,lru,10,5833,27,1,2,0.0543,0.94,88285722,58330.8288,3327748
node0.tardis-apia.ldos-ut-pg0.wisc.cloudlab.us,tencentBlock_1394,lru,10,5833,27,1,3,0.0543,0.94,88285722,58330.8288,3327748
node0.tardis-apia.ldos-ut-pg0.wisc.cloudlab.us,tencentBlock_1394,lruforgive,10,5833,27,1,1,0.0543,0.34,88285722,58330.8288,3327748
node0.tardis-apia.ldos-ut-pg0.wisc.cloudlab.us,tencentBlock_1394,lruforgive,10,5833,27,1,2,0.0543,0.34,88285722,58330.8288,3327748
node0.tardis-apia.ldos-ut-pg0.wisc.cloudlab.us,tencentBlock_1394,lruforgive,10,5833,27,1,3,0.0543,0.34,88285722,58330.8288,3327748
node0.tardis-apia.ldos-ut-pg0.wisc.cloudlab.us,tencentBlock_1394,s3fifo,10,5833,27,1,1,0.0555,1.00,88285722,58330.8288,3327748
node0.tardis-apia.ldos-ut-pg0.wisc.cloudlab.us,tencentBlock_1394,s3fifo,10,5833,27,1,2,0.0555,1.04,88285722,58330.8288,3327748
node0.tardis-apia.ldos-ut-pg0.wisc.cloudlab.us,tencentBlock_1394,s3fifo,10,5833,27,1,3,0.0555,1.01,88285722,58330.8288,3327748
node0.tardis-apia.ldos-ut-pg0.wisc.cloudlab.us,tencentBlock_1394,s3fifoforgive,10,5833,27,1,1,0.0555,0.36,88285722,58330.8288,3327748
node0.tardis-apia.ldos-ut-pg0.wisc.cloudlab.us,tencentBlock_1394,s3fifoforgive,10,5833,27,1,2,0.0555,0.36,88285722,58330.8288,3327748
node0.tardis-apia.ldos-ut-pg0.wisc.cloudlab.us,tencentBlock_1394,s3fifoforgive,10,5833,27,1,3,0.0555,0.36,88285722,58330.8288,3327748
node0.tardis-apia.ldos-ut-pg0.wisc.cloudlab.us,tencentBlock_1394,lru,0.1,58,22,1,1,0.6799,1.05,88285722,58330.8288,3327748
node0.tardis-apia.ldos-ut-pg0.wisc.cloudlab.us,tencentBlock_1394,lru,0.1,58,22,1,2,0.6799,1.05,88285722,58330.8288,3327748
node0.tardis-apia.ldos-ut-pg0.wisc.cloudlab.us,tencentBlock_1394,lru,0.1,58,22,1,3,0.6799,1.05,88285722,58330.8288,3327748
node0.tardis-apia.ldos-ut-pg0.wisc.cloudlab.us,tencentBlock_1394,lruforgive,0.1,58,22,1,1,0.6736,0.61,88285722,58330.8288,3327748
node0.tardis-apia.ldos-ut-pg0.wisc.cloudlab.us,tencentBlock_1394,lruforgive,0.1,58,22,1,2,0.6736,0.61,88285722,58330.8288,3327748
node0.tardis-apia.ldos-ut-pg0.wisc.cloudlab.us,tencentBlock_1394,lruforgive,0.1,58,22,1,3,0.6736,0.61,88285722,58330.8288,3327748
node0.tardis-apia.ldos-ut-pg0.wisc.cloudlab.us,tencentBlock_1394,s3fifo,0.1,58,22,1,1,0.6681,1.36,88285722,58330.8288,3327748
node0.tardis-apia.ldos-ut-pg0.wisc.cloudlab.us,tencentBlock_1394,s3fifo,0.1,58,22,1,2,NA,NA,NA,58330.8288,3327748
node0.tardis-apia.ldos-ut-pg0.wisc.cloudlab.us,tencentBlock_1394,s3fifo,0.1,58,22,1,3,NA,NA,NA,58330.8288,3327748
node0.tardis-apia.ldos-ut-pg0.wisc.cloudlab.us,tencentBlock_1394,s3fifoforgive,0.1,58,22,1,1,0.6678,0.82,88285722,58330.8288,3327748
node0.tardis-apia.ldos-ut-pg0.wisc.cloudlab.us,tencentBlock_1394,s3fifoforgive,0.1,58,22,1,2,NA,NA,NA,58330.8288,3327748
node0.tardis-apia.ldos-ut-pg0.wisc.cloudlab.us,tencentBlock_1394,s3fifoforgive,0.1,58,22,1,3,NA,NA,NA,58330.8288,3327748
node0.tardis-apia.ldos-ut-pg0.wisc.cloudlab.us,tencentBlock_13980,lru,10,5724,27,1,1,0.4062,0.15,2650546,57242.624,1030029
node0.tardis-apia.ldos-ut-pg0.wisc.cloudlab.us,tencentBlock_13980,lru,10,5724,27,1,2,0.4062,0.15,2650546,57242.624,1030029
node0.tardis-apia.ldos-ut-pg0.wisc.cloudlab.us,tencentBlock_13980,lru,10,5724,27,1,3,0.4062,0.15,2650546,57242.624,1030029
node0.tardis-apia.ldos-ut-pg0.wisc.cloudlab.us,tencentBlock_13980,lruforgive,10,5724,27,1,1,0.4044,0.16,2650546,57242.624,1030029
node0.tardis-apia.ldos-ut-pg0.wisc.cloudlab.us,tencentBlock_13980,lruforgive,10,5724,27,1,2,0.4044,0.16,2650546,57242.624,1030029
node0.tardis-apia.ldos-ut-pg0.wisc.cloudlab.us,tencentBlock_13980,lruforgive,10,5724,27,1,3,0.4044,0.16,2650546,57242.624,1030029
node0.tardis-apia.ldos-ut-pg0.wisc.cloudlab.us,tencentBlock_13980,s3fifo,10,5724,27,1,1,0.3969,0.15,2650546,57242.624,1030029
node0.tardis-apia.ldos-ut-pg0.wisc.cloudlab.us,tencentBlock_13980,s3fifo,10,5724,27,1,2,0.3969,0.15,2650546,57242.624,1030029
node0.tardis-apia.ldos-ut-pg0.wisc.cloudlab.us,tencentBlock_13980,s3fifo,10,5724,27,1,3,0.3969,0.15,2650546,57242.624,1030029
node0.tardis-apia.ldos-ut-pg0.wisc.cloudlab.us,tencentBlock_13980,s3fifoforgive,10,5724,27,1,1,0.3969,0.16,2650546,57242.624,1030029
node0.tardis-apia.ldos-ut-pg0.wisc.cloudlab.us,tencentBlock_13980,s3fifoforgive,10,5724,27,1,2,0.3969,0.16,2650546,57242.624,1030029
node0.tardis-apia.ldos-ut-pg0.wisc.cloudlab.us,tencentBlock_13980,s3fifoforgive,10,5724,27,1,3,0.3969,0.16,2650546,57242.624,1030029
node0.tardis-apia.ldos-ut-pg0.wisc.cloudlab.us,tencentBlock_13980,lru,0.1,57,22,1,1,0.4937,0.49,2650546,57242.624,1030029
node0.tardis-apia.ldos-ut-pg0.wisc.cloudlab.us,tencentBlock_13980,lru,0.1,57,22,1,2,0.4937,0.49,2650546,57242.624,1030029
node0.tardis-apia.ldos-ut-pg0.wisc.cloudlab.us,tencentBlock_13980,lru,0.1,57,22,1,3,0.4937,0.49,2650546,57242.624,1030029
node0.tardis-apia.ldos-ut-pg0.wisc.cloudlab.us,tencentBlock_13980,lruforgive,0.1,57,22,1,1,0.4933,0.35,2650546,57242.624,1030029
node0.tardis-apia.ldos-ut-pg0.wisc.cloudlab.us,tencentBlock_13980,lruforgive,0.1,57,22,1,2,0.4933,0.35,2650546,57242.624,1030029
node0.tardis-apia.ldos-ut-pg0.wisc.cloudlab.us,tencentBlock_13980,lruforgive,0.1,57,22,1,3,0.4933,0.35,2650546,57242.624,1030029
node0.tardis-apia.ldos-ut-pg0.wisc.cloudlab.us,tencentBlock_13980,s3fifo,0.1,57,22,1,1,0.4942,0.51,2650546,57242.624,1030029
node0.tardis-apia.ldos-ut-pg0.wisc.cloudlab.us,tencentBlock_13980,s3fifo,0.1,57,22,1,2,0.4942,0.50,2650546,57242.624,1030029
node0.tardis-apia.ldos-ut-pg0.wisc.cloudlab.us,tencentBlock_13980,s3fifo,0.1,57,22,1,3,0.4942,0.51,2650546,57242.624,1030029
node0.tardis-apia.ldos-ut-pg0.wisc.cloudlab.us,tencentBlock_13980,s3fifoforgive,0.1,57,22,1,1,0.4942,0.38,2650546,57242.624,1030029
node0.tardis-apia.ldos-ut-pg0.wisc.cloudlab.us,tencentBlock_13980,s3fifoforgive,0.1,57,22,1,2,0.4942,0.38,2650546,57242.624,1030029
node0.tardis-apia.ldos-ut-pg0.wisc.cloudlab.us,tencentBlock_13980,s3fifoforgive,0.1,57,22,1,3,0.4942,0.38,2650546,57242.624,1030029
node0.tardis-apia.ldos-ut-pg0.wisc.cloudlab.us,tencentBlock_14002,lru,10,18691,27,1,1,0.4475,0.09,12588319,186910.9248,3422763
node0.tardis-apia.ldos-ut-pg0.wisc.cloudlab.us,tencentBlock_14002,lru,10,18691,27,1,2,0.4475,0.09,12588319,186910.9248,3422763
node0.tardis-apia.ldos-ut-pg0.wisc.cloudlab.us,tencentBlock_14002,lru,10,18691,27,1,3,0.4475,0.09,12588319,186910.9248,3422763
node0.tardis-apia.ldos-ut-pg0.wisc.cloudlab.us,tencentBlock_14002,lruforgive,10,18691,27,1,1,0.4417,0.08,12588319,186910.9248,3422763
node0.tardis-apia.ldos-ut-pg0.wisc.cloudlab.us,tencentBlock_14002,lruforgive,10,18691,27,1,2,0.4417,0.08,12588319,186910.9248,3422763
node0.tardis-apia.ldos-ut-pg0.wisc.cloudlab.us,tencentBlock_14002,lruforgive,10,18691,27,1,3,0.4417,0.08,12588319,186910.9248,3422763
node0.tardis-apia.ldos-ut-pg0.wisc.cloudlab.us,tencentBlock_14002,s3fifo,10,18691,27,1,1,0.4143,0.09,12588319,186910.9248,3422763
node0.tardis-apia.ldos-ut-pg0.wisc.cloudlab.us,tencentBlock_14002,s3fifo,10,18691,27,1,2,0.4143,0.09,12588319,186910.9248,3422763
node0.tardis-apia.ldos-ut-pg0.wisc.cloudlab.us,tencentBlock_14002,s3fifo,10,18691,27,1,3,0.4143,0.09,12588319,186910.9248,3422763
node0.tardis-apia.ldos-ut-pg0.wisc.cloudlab.us,tencentBlock_14002,s3fifoforgive,10,18691,27,1,1,0.4143,0.08,12588319,186910.9248,3422763
node0.tardis-apia.ldos-ut-pg0.wisc.cloudlab.us,tencentBlock_14002,s3fifoforgive,10,18691,27,1,2,0.4143,0.08,12588319,186910.9248,3422763
node0.tardis-apia.ldos-ut-pg0.wisc.cloudlab.us,tencentBlock_14002,s3fifoforgive,10,18691,27,1,3,0.4143,0.08,12588319,186910.9248,3422763
node0.tardis-apia.ldos-ut-pg0.wisc.cloudlab.us,tencentBlock_14002,lru,0.1,187,24,1,1,0.6408,0.08,12588319,186910.9248,3422763
node0.tardis-apia.ldos-ut-pg0.wisc.cloudlab.us,tencentBlock_14002,lru,0.1,187,24,1,2,0.6408,0.08,12588319,186910.9248,3422763
node0.tardis-apia.ldos-ut-pg0.wisc.cloudlab.us,tencentBlock_14002,lru,0.1,187,24,1,3,0.6408,0.08,12588319,186910.9248,3422763
node0.tardis-apia.ldos-ut-pg0.wisc.cloudlab.us,tencentBlock_14002,lruforgive,0.1,187,24,1,1,0.6325,0.07,12588319,186910.9248,3422763
node0.tardis-apia.ldos-ut-pg0.wisc.cloudlab.us,tencentBlock_14002,lruforgive,0.1,187,24,1,2,0.6325,0.07,12588319,186910.9248,3422763
node0.tardis-apia.ldos-ut-pg0.wisc.cloudlab.us,tencentBlock_14002,lruforgive,0.1,187,24,1,3,0.6325,0.07,12588319,186910.9248,3422763
node0.tardis-apia.ldos-ut-pg0.wisc.cloudlab.us,tencentBlock_14002,s3fifo,0.1,187,24,1,1,0.6281,0.13,12588319,186910.9248,3422763
node0.tardis-apia.ldos-ut-pg0.wisc.cloudlab.us,tencentBlock_14002,s3fifo,0.1,187,24,1,2,0.6281,0.13,12588319,186910.9248,3422763
node0.tardis-apia.ldos-ut-pg0.wisc.cloudlab.us,tencentBlock_14002,s3fifo,0.1,187,24,1,3,0.6281,0.13,12588319,186910.9248,3422763
node0.tardis-apia.ldos-ut-pg0.wisc.cloudlab.us,tencentBlock_14002,s3fifoforgive,0.1,187,24,1,1,0.6267,0.13,12588319,186910.9248,3422763
node0.tardis-apia.ldos-ut-pg0.wisc.cloudlab.us,tencentBlock_14002,s3fifoforgive,0.1,187,24,1,2,0.6267,0.13,12588319,186910.9248,3422763
node0.tardis-apia.ldos-ut-pg0.wisc.cloudlab.us,tencentBlock_14002,s3fifoforgive,0.1,187,24,1,3,0.6267,0.13,12588319,186910.9248,3422763
node0.tardis-apia.ldos-ut-pg0.wisc.cloudlab.us,tencentBlock_14067,lru,10,1673,27,1,1,0.1985,0.73,10364966,16729.2928,1508051
node0.tardis-apia.ldos-ut-pg0.wisc.cloudlab.us,tencentBlock_14067,lru,10,1673,27,1,2,0.1985,0.72,10364966,16729.2928,1508051
node0.tardis-apia.ldos-ut-pg0.wisc.cloudlab.us,tencentBlock_14067,lru,10,1673,27,1,3,0.1985,0.73,10364966,16729.2928,1508051
node0.tardis-apia.ldos-ut-pg0.wisc.cloudlab.us,tencentBlock_14067,lruforgive,10,1673,27,1,1,0.1978,0.40,10364966,16729.2928,1508051
node0.tardis-apia.ldos-ut-pg0.wisc.cloudlab.us,tencentBlock_14067,lruforgive,10,1673,27,1,2,0.1978,0.40,10364966,16729.2928,1508051
node0.tardis-apia.ldos-ut-pg0.wisc.cloudlab.us,tencentBlock_14067,lruforgive,10,1673,27,1,3,0.1978,0.40,10364966,16729.2928,1508051
node0.tardis-apia.ldos-ut-pg0.wisc.cloudlab.us,tencentBlock_14067,s3fifo,10,1673,27,1,1,0.2106,0.78,10364966,16729.2928,1508051
node0.tardis-apia.ldos-ut-pg0.wisc.cloudlab.us,tencentBlock_14067,s3fifo,10,1673,27,1,2,0.2106,0.78,10364966,16729.2928,1508051
node0.tardis-apia.ldos-ut-pg0.wisc.cloudlab.us,tencentBlock_14067,s3fifo,10,1673,27,1,3,0.2106,0.78,10364966,16729.2928,1508051
node0.tardis-apia.ldos-ut-pg0.wisc.cloudlab.us,tencentBlock_14067,s3fifoforgive,10,1673,27,1,1,0.2106,0.44,10364966,16729.2928,1508051
node0.tardis-apia.ldos-ut-pg0.wisc.cloudlab.us,tencentBlock_14067,s3fifoforgive,10,1673,27,1,2,0.2106,0.45,10364966,16729.2928,1508051
node0.tardis-apia.ldos-ut-pg0.wisc.cloudlab.us,tencentBlock_14067,s3fifoforgive,10,1673,27,1,3,0.2106,0.45,10364966,16729.2928,1508051
node0.tardis-apia.ldos-ut-pg0.wisc.cloudlab.us,tencentBlock_14067,lru,0.1,17,20,1,1,0.5106,1.97,10364966,16729.2928,1508051
node0.tardis-apia.ldos-ut-pg0.wisc.cloudlab.us,tencentBlock_14067,lru,0.1,17,20,1,2,0.5106,1.97,10364966,16729.2928,1508051
node0.tardis-apia.ldos-ut-pg0.wisc.cloudlab.us,tencentBlock_14067,lru,0.1,17,20,1,3,0.5106,1.98,10364966,16729.2928,1508051
node0.tardis-apia.ldos-ut-pg0.wisc.cloudlab.us,tencentBlock_14067,lruforgive,0.1,17,20,1,1,0.4458,0.63,10364966,16729.2928,1508051
node0.tardis-apia.ldos-ut-pg0.wisc.cloudlab.us,tencentBlock_14067,lruforgive,0.1,17,20,1,2,0.4458,0.64,10364966,16729.2928,1508051
node0.tardis-apia.ldos-ut-pg0.wisc.cloudlab.us,tencentBlock_14067,lruforgive,0.1,17,20,1,3,0.4458,0.63,10364966,16729.2928,1508051
node0.tardis-apia.ldos-ut-pg0.wisc.cloudlab.us,tencentBlock_14067,s3fifo,0.1,17,20,1,1,0.4580,2.08,10364966,16729.2928,1508051
node0.tardis-apia.ldos-ut-pg0.wisc.cloudlab.us,tencentBlock_14067,s3fifo,0.1,17,20,1,2,0.4580,2.08,10364966,16729.2928,1508051
node0.tardis-apia.ldos-ut-pg0.wisc.cloudlab.us,tencentBlock_14067,s3fifo,0.1,17,20,1,3,0.4580,2.06,10364966,16729.2928,1508051
node0.tardis-apia.ldos-ut-pg0.wisc.cloudlab.us,tencentBlock_14067,s3fifoforgive,0.1,17,20,1,1,0.4544,0.99,10364966,16729.2928,1508051
node0.tardis-apia.ldos-ut-pg0.wisc.cloudlab.us,tencentBlock_14067,s3fifoforgive,0.1,17,20,1,2,0.4544,0.99,10364966,16729.2928,1508051
node0.tardis-apia.ldos-ut-pg0.wisc.cloudlab.us,tencentBlock_14067,s3fifoforgive,0.1,17,20,1,3,0.4544,0.99,10364966,16729.2928,1508051
node0.tardis-apia.ldos-ut-pg0.wisc.cloudlab.us,tencentBlock_14207,lru,10,3408,27,1,1,0.2658,0.53,48689258,34081.9968,2824477
node0.tardis-apia.ldos-ut-pg0.wisc.cloudlab.us,tencentBlock_14207,lru,10,3408,27,1,2,0.2658,0.53,48689258,34081.9968,2824477
node0.tardis-apia.ldos-ut-pg0.wisc.cloudlab.us,tencentBlock_14207,lru,10,3408,27,1,3,0.2658,0.53,48689258,34081.9968,2824477
node0.tardis-apia.ldos-ut-pg0.wisc.cloudlab.us,tencentBlock_14207,lruforgive,10,3408,27,1,1,0.2648,0.27,48689258,34081.9968,2824477
node0.tardis-apia.ldos-ut-pg0.wisc.cloudlab.us,tencentBlock_14207,lruforgive,10,3408,27,1,2,0.2648,0.27,48689258,34081.9968,2824477
node0.tardis-apia.ldos-ut-pg0.wisc.cloudlab.us,tencentBlock_14207,lruforgive,10,3408,27,1,3,0.2648,0.27,48689258,34081.9968,2824477
node0.tardis-apia.ldos-ut-pg0.wisc.cloudlab.us,tencentBlock_14207,s3fifo,10,3408,27,1,1,0.2570,0.54,48689258,34081.9968,2824477
node0.tardis-apia.ldos-ut-pg0.wisc.cloudlab.us,tencentBlock_14207,s3fifo,10,3408,27,1,2,0.2570,0.54,48689258,34081.9968,2824477
node0.tardis-apia.ldos-ut-pg0.wisc.cloudlab.us,tencentBlock_14207,s3fifo,10,3408,27,1,3,0.2570,0.54,48689258,34081.9968,2824477
node0.tardis-apia.ldos-ut-pg0.wisc.cloudlab.us,tencentBlock_14207,s3fifoforgive,10,3408,27,1,1,0.2569,0.30,48689258,34081.9968,2824477
node0.tardis-apia.ldos-ut-pg0.wisc.cloudlab.us,tencentBlock_14207,s3fifoforgive,10,3408,27,1,2,0.2569,0.30,48689258,34081.9968,2824477
node0.tardis-apia.ldos-ut-pg0.wisc.cloudlab.us,tencentBlock_14207,s3fifoforgive,10,3408,27,1,3,0.2569,0.29,48689258,34081.9968,2824477
node0.tardis-apia.ldos-ut-pg0.wisc.cloudlab.us,tencentBlock_14207,lru,0.1,34,21,1,1,0.8319,1.16,48689258,34081.9968,2824477
node0.tardis-apia.ldos-ut-pg0.wisc.cloudlab.us,tencentBlock_14207,lru,0.1,34,21,1,2,0.8319,1.17,48689258,34081.9968,2824477
node0.tardis-apia.ldos-ut-pg0.wisc.cloudlab.us,tencentBlock_14207,lru,0.1,34,21,1,3,0.8319,1.17,48689258,34081.9968,2824477
node0.tardis-apia.ldos-ut-pg0.wisc.cloudlab.us,tencentBlock_14207,lruforgive,0.1,34,21,1,1,0.8204,0.71,48689258,34081.9968,2824477
node0.tardis-apia.ldos-ut-pg0.wisc.cloudlab.us,tencentBlock_14207,lruforgive,0.1,34,21,1,2,0.8204,0.72,48689258,34081.9968,2824477
node0.tardis-apia.ldos-ut-pg0.wisc.cloudlab.us,tencentBlock_14207,lruforgive,0.1,34,21,1,3,0.8204,0.71,48689258,34081.9968,2824477
node0.tardis-apia.ldos-ut-pg0.wisc.cloudlab.us,tencentBlock_14207,s3fifo,0.1,34,21,1,1,0.8490,1.41,48689258,34081.9968,2824477
node0.tardis-apia.ldos-ut-pg0.wisc.cloudlab.us,tencentBlock_14207,s3fifo,0.1,34,21,1,2,0.8490,1.42,48689258,34081.9968,2824477
node0.tardis-apia.ldos-ut-pg0.wisc.cloudlab.us,tencentBlock_14207,s3fifo,0.1,34,21,1,3,0.8490,1.41,48689258,34081.9968,2824477
node0.tardis-apia.ldos-ut-pg0.wisc.cloudlab.us,tencentBlock_14207,s3fifoforgive,0.1,34,21,1,1,0.8420,0.99,48689258,34081.9968,2824477
node0.tardis-apia.ldos-ut-pg0.wisc.cloudlab.us,tencentBlock_14207,s3fifoforgive,0.1,34,21,1,2,0.8420,0.99,48689258,34081.9968,2824477
node0.tardis-apia.ldos-ut-pg0.wisc.cloudlab.us,tencentBlock_14207,s3fifoforgive,0.1,34,21,1,3,0.8420,0.99,48689258,34081.9968,2824477
node0.tardis-apia.ldos-ut-pg0.wisc.cloudlab.us,tencentBlock_14248,lru,10,3674,27,1,1,0.1466,0.47,11417023,36744.6016,1000471
node0.tardis-apia.ldos-ut-pg0.wisc.cloudlab.us,tencentBlock_14248,lru,10,3674,27,1,2,0.1466,0.47,11417023,36744.6016,1000471
node0.tardis-apia.ldos-ut-pg0.wisc.cloudlab.us,tencentBlock_14248,lru,10,3674,27,1,3,0.1466,0.47,11417023,36744.6016,1000471
node0.tardis-apia.ldos-ut-pg0.wisc.cloudlab.us,tencentBlock_14248,lruforgive,10,3674,27,1,1,0.1467,0.32,11417023,36744.6016,1000471
node0.tardis-apia.ldos-ut-pg0.wisc.cloudlab.us,tencentBlock_14248,lruforgive,10,3674,27,1,2,0.1467,0.32,11417023,36744.6016,1000471
node0.tardis-apia.ldos-ut-pg0.wisc.cloudlab.us,tencentBlock_14248,lruforgive,10,3674,27,1,3,0.1467,0.32,11417023,36744.6016,1000471
node0.tardis-apia.ldos-ut-pg0.wisc.cloudlab.us,tencentBlock_14248,s3fifo,10,3674,27,1,1,0.1545,0.52,11417023,36744.6016,1000471
node0.tardis-apia.ldos-ut-pg0.wisc.cloudlab.us,tencentBlock_14248,s3fifo,10,3674,27,1,2,0.1545,0.52,11417023,36744.6016,1000471
node0.tardis-apia.ldos-ut-pg0.wisc.cloudlab.us,tencentBlock_14248,s3fifo,10,3674,27,1,3,0.1545,0.52,11417023,36744.6016,1000471
node0.tardis-apia.ldos-ut-pg0.wisc.cloudlab.us,tencentBlock_14248,s3fifoforgive,10,3674,27,1,1,0.1545,0.34,11417023,36744.6016,1000471
node0.tardis-apia.ldos-ut-pg0.wisc.cloudlab.us,tencentBlock_14248,s3fifoforgive,10,3674,27,1,2,0.1545,0.34,11417023,36744.6016,1000471
node0.tardis-apia.ldos-ut-pg0.wisc.cloudlab.us,tencentBlock_14248,s3fifoforgive,10,3674,27,1,3,0.1545,0.34,11417023,36744.6016,1000471
node0.tardis-apia.ldos-ut-pg0.wisc.cloudlab.us,tencentBlock_14248,lru,0.1,37,21,1,1,0.4523,1.70,11417023,36744.6016,1000471
node0.tardis-apia.ldos-ut-pg0.wisc.cloudlab.us,tencentBlock_14248,lru,0.1,37,21,1,2,0.4523,1.72,11417023,36744.6016,1000471
node0.tardis-apia.ldos-ut-pg0.wisc.cloudlab.us,tencentBlock_14248,lru,0.1,37,21,1,3,0.4523,1.71,11417023,36744.6016,1000471
node0.tardis-apia.ldos-ut-pg0.wisc.cloudlab.us,tencentBlock_14248,lruforgive,0.1,37,21,1,1,0.4570,0.66,11417023,36744.6016,1000471
node0.tardis-apia.ldos-ut-pg0.wisc.cloudlab.us,tencentBlock_14248,lruforgive,0.1,37,21,1,2,0.4570,0.66,11417023,36744.6016,1000471
node0.tardis-apia.ldos-ut-pg0.wisc.cloudlab.us,tencentBlock_14248,lruforgive,0.1,37,21,1,3,0.4570,0.66,11417023,36744.6016,1000471
node0.tardis-apia.ldos-ut-pg0.wisc.cloudlab.us,tencentBlock_14248,s3fifo,0.1,37,21,1,1,0.4022,1.94,11417023,36744.6016,1000471
node0.tardis-apia.ldos-ut-pg0.wisc.cloudlab.us,tencentBlock_14248,s3fifo,0.1,37,21,1,2,0.4022,1.97,11417023,36744.6016,1000471
node0.tardis-apia.ldos-ut-pg0.wisc.cloudlab.us,tencentBlock_14248,s3fifo,0.1,37,21,1,3,0.4022,1.93,11417023,36744.6016,1000471
node0.tardis-apia.ldos-ut-pg0.wisc.cloudlab.us,tencentBlock_14248,s3fifoforgive,0.1,37,21,1,1,0.3992,0.90,11417023,36744.6016,1000471
node0.tardis-apia.ldos-ut-pg0.wisc.cloudlab.us,tencentBlock_14248,s3fifoforgive,0.1,37,21,1,2,0.3992,0.90,11417023,36744.6016,1000471
node0.tardis-apia.ldos-ut-pg0.wisc.cloudlab.us,tencentBlock_14248,s3fifoforgive,0.1,37,21,1,3,0.3992,0.89,11417023,36744.6016,1000471
node0.tardis-apia.ldos-ut-pg0.wisc.cloudlab.us,tencentBlock_14300,lru,10,9126,27,1,1,0.6574,0.14,4362747,91255.6032,1945862
node0.tardis-apia.ldos-ut-pg0.wisc.cloudlab.us,tencentBlock_14300,lru,10,9126,27,1,2,0.6574,0.14,4362747,91255.6032,1945862
node0.tardis-apia.ldos-ut-pg0.wisc.cloudlab.us,tencentBlock_14300,lru,10,9126,27,1,3,0.6574,0.14,4362747,91255.6032,1945862
node0.tardis-apia.ldos-ut-pg0.wisc.cloudlab.us,tencentBlock_14300,lruforgive,10,9126,27,1,1,0.6567,0.14,4362747,91255.6032,1945862
node0.tardis-apia.ldos-ut-pg0.wisc.cloudlab.us,tencentBlock_14300,lruforgive,10,9126,27,1,2,0.6567,0.14,4362747,91255.6032,1945862
node0.tardis-apia.ldos-ut-pg0.wisc.cloudlab.us,tencentBlock_14300,lruforgive,10,9126,27,1,3,0.6567,0.15,4362747,91255.6032,1945862
node0.tardis-apia.ldos-ut-pg0.wisc.cloudlab.us,tencentBlock_14300,s3fifo,10,9126,27,1,1,0.6235,0.15,4362747,91255.6032,1945862
node0.tardis-apia.ldos-ut-pg0.wisc.cloudlab.us,tencentBlock_14300,s3fifo,10,9126,27,1,2,0.6235,0.15,4362747,91255.6032,1945862
node0.tardis-apia.ldos-ut-pg0.wisc.cloudlab.us,tencentBlock_14300,s3fifo,10,9126,27,1,3,0.6235,0.14,4362747,91255.6032,1945862
node0.tardis-apia.ldos-ut-pg0.wisc.cloudlab.us,tencentBlock_14300,s3fifoforgive,10,9126,27,1,1,0.6235,0.15,4362747,91255.6032,1945862
node0.tardis-apia.ldos-ut-pg0.wisc.cloudlab.us,tencentBlock_14300,s3fifoforgive,10,9126,27,1,2,0.6235,0.15,4362747,91255.6032,1945862
node0.tardis-apia.ldos-ut-pg0.wisc.cloudlab.us,tencentBlock_14300,s3fifoforgive,10,9126,27,1,3,0.6235,0.15,4362747,91255.6032,1945862
node0.tardis-apia.ldos-ut-pg0.wisc.cloudlab.us,tencentBlock_14300,lru,0.1,91,23,1,1,0.7276,0.28,4362747,91255.6032,1945862
node0.tardis-apia.ldos-ut-pg0.wisc.cloudlab.us,tencentBlock_14300,lru,0.1,91,23,1,2,0.7276,0.28,4362747,91255.6032,1945862
node0.tardis-apia.ldos-ut-pg0.wisc.cloudlab.us,tencentBlock_14300,lru,0.1,91,23,1,3,0.7276,0.28,4362747,91255.6032,1945862
node0.tardis-apia.ldos-ut-pg0.wisc.cloudlab.us,tencentBlock_14300,lruforgive,0.1,91,23,1,1,0.7256,0.26,4362747,91255.6032,1945862
node0.tardis-apia.ldos-ut-pg0.wisc.cloudlab.us,tencentBlock_14300,lruforgive,0.1,91,23,1,2,0.7256,0.26,4362747,91255.6032,1945862
node0.tardis-apia.ldos-ut-pg0.wisc.cloudlab.us,tencentBlock_14300,lruforgive,0.1,91,23,1,3,0.7256,0.26,4362747,91255.6032,1945862
node0.tardis-apia.ldos-ut-pg0.wisc.cloudlab.us,tencentBlock_14300,s3fifo,0.1,91,23,1,1,0.7254,0.41,4362747,91255.6032,1945862
node0.tardis-apia.ldos-ut-pg0.wisc.cloudlab.us,tencentBlock_14300,s3fifo,0.1,91,23,1,2,0.7254,0.41,4362747,91255.6032,1945862
node0.tardis-apia.ldos-ut-pg0.wisc.cloudlab.us,tencentBlock_14300,s3fifo,0.1,91,23,1,3,0.7254,0.42,4362747,91255.6032,1945862
node0.tardis-apia.ldos-ut-pg0.wisc.cloudlab.us,tencentBlock_14300,s3fifoforgive,0.1,91,23,1,1,0.7254,0.35,4362747,91255.6032,1945862
node0.tardis-apia.ldos-ut-pg0.wisc.cloudlab.us,tencentBlock_14300,s3fifoforgive,0.1,91,23,1,2,0.7254,0.36,4362747,91255.6032,1945862
node0.tardis-apia.ldos-ut-pg0.wisc.cloudlab.us,tencentBlock_14300,s3fifoforgive,0.1,91,23,1,3,0.7254,0.36,4362747,91255.6032,1945862
node0.tardis-apia.ldos-ut-pg0.wisc.cloudlab.us,tencentBlock_1437,lru,10,2865,27,1,1,0.0772,1.50,38244750,28650.3936,2764001
node0.tardis-apia.ldos-ut-pg0.wisc.cloudlab.us,tencentBlock_1437,lru,10,2865,27,1,2,0.0772,1.50,38244750,28650.3936,2764001
node0.tardis-apia.ldos-ut-pg0.wisc.cloudlab.us,tencentBlock_1437,lru,10,2865,27,1,3,0.0772,1.50,38244750,28650.3936,2764001
node0.tardis-apia.ldos-ut-pg0.wisc.cloudlab.us,tencentBlock_1437,lruforgive,10,2865,27,1,1,0.0772,0.52,38244750,28650.3936,2764001
node0.tardis-apia.ldos-ut-pg0.wisc.cloudlab.us,tencentBlock_1437,lruforgive,10,2865,27,1,2,0.0772,0.53,38244750,28650.3936,2764001
node0.tardis-apia.ldos-ut-pg0.wisc.cloudlab.us,tencentBlock_1437,lruforgive,10,2865,27,1,3,0.0772,0.53,38244750,28650.3936,2764001
node0.tardis-apia.ldos-ut-pg0.wisc.cloudlab.us,tencentBlock_1437,s3fifo,10,2865,27,1,1,0.0767,1.59,38244750,28650.3936,2764001
node0.tardis-apia.ldos-ut-pg0.wisc.cloudlab.us,tencentBlock_1437,s3fifo,10,2865,27,1,2,0.0767,1.61,38244750,28650.3936,2764001
node0.tardis-apia.ldos-ut-pg0.wisc.cloudlab.us,tencentBlock_1437,s3fifo,10,2865,27,1,3,0.0767,1.63,38244750,28650.3936,2764001
node0.tardis-apia.ldos-ut-pg0.wisc.cloudlab.us,tencentBlock_1437,s3fifoforgive,10,2865,27,1,1,0.0767,0.57,38244750,28650.3936,2764001
node0.tardis-apia.ldos-ut-pg0.wisc.cloudlab.us,tencentBlock_1437,s3fifoforgive,10,2865,27,1,2,0.0767,0.56,38244750,28650.3936,2764001
node0.tardis-apia.ldos-ut-pg0.wisc.cloudlab.us,tencentBlock_1437,s3fifoforgive,10,2865,27,1,3,0.0767,0.57,38244750,28650.3936,2764001
node0.tardis-apia.ldos-ut-pg0.wisc.cloudlab.us,tencentBlock_1437,lru,0.1,29,21,1,1,0.2111,2.83,38244750,28650.3936,2764001
node0.tardis-apia.ldos-ut-pg0.wisc.cloudlab.us,tencentBlock_1437,lru,0.1,29,21,1,2,0.2111,2.86,38244750,28650.3936,2764001
node0.tardis-apia.ldos-ut-pg0.wisc.cloudlab.us,tencentBlock_1437,lru,0.1,29,21,1,3,0.2111,2.91,38244750,28650.3936,2764001
node0.tardis-apia.ldos-ut-pg0.wisc.cloudlab.us,tencentBlock_1437,lruforgive,0.1,29,21,1,1,0.2173,0.79,38244750,28650.3936,2764001
node0.tardis-apia.ldos-ut-pg0.wisc.cloudlab.us,tencentBlock_1437,lruforgive,0.1,29,21,1,2,0.2173,0.79,38244750,28650.3936,2764001
node0.tardis-apia.ldos-ut-pg0.wisc.cloudlab.us,tencentBlock_1437,lruforgive,0.1,29,21,1,3,0.2173,0.79,38244750,28650.3936,2764001
node0.tardis-apia.ldos-ut-pg0.wisc.cloudlab.us,tencentBlock_1437,s3fifo,0.1,29,21,1,1,0.2044,2.99,38244750,28650.3936,2764001
node0.tardis-apia.ldos-ut-pg0.wisc.cloudlab.us,tencentBlock_1437,s3fifo,0.1,29,21,1,2,0.2044,2.99,38244750,28650.3936,2764001
node0.tardis-apia.ldos-ut-pg0.wisc.cloudlab.us,tencentBlock_1437,s3fifo,0.1,29,21,1,3,0.2044,3.10,38244750,28650.3936,2764001
node0.tardis-apia.ldos-ut-pg0.wisc.cloudlab.us,tencentBlock_1437,s3fifoforgive,0.1,29,21,1,1,0.2043,0.89,38244750,28650.3936,2764001
node0.tardis-apia.ldos-ut-pg0.wisc.cloudlab.us,tencentBlock_1437,s3fifoforgive,0.1,29,21,1,2,0.2043,0.89,38244750,28650.3936,2764001
node0.tardis-apia.ldos-ut-pg0.wisc.cloudlab.us,tencentBlock_1437,s3fifoforgive,0.1,29,21,1,3,0.2043,0.89,38244750,28650.3936,2764001
node0.tardis-apia.ldos-ut-pg0.wisc.cloudlab.us,tencentBlock_14467,lru,10,9342,27,1,1,0.5880,0.18,5505427,93423.8208,2970439
node0.tardis-apia.ldos-ut-pg0.wisc.cloudlab.us,tencentBlock_14467,lru,10,9342,27,1,2,0.5880,0.18,5505427,93423.8208,2970439
node0.tardis-apia.ldos-ut-pg0.wisc.cloudlab.us,tencentBlock_14467,lru,10,9342,27,1,3,0.5880,0.18,5505427,93423.8208,2970439
node0.tardis-apia.ldos-ut-pg0.wisc.cloudlab.us,tencentBlock_14467,lruforgive,10,9342,27,1,1,0.5880,0.18,5505427,93423.8208,2970439
node0.tardis-apia.ldos-ut-pg0.wisc.cloudlab.us,tencentBlock_14467,lruforgive,10,9342,27,1,2,0.5880,0.18,5505427,93423.8208,2970439
node0.tardis-apia.ldos-ut-pg0.wisc.cloudlab.us,tencentBlock_14467,lruforgive,10,9342,27,1,3,0.5880,0.17,5505427,93423.8208,2970439
node0.tardis-apia.ldos-ut-pg0.wisc.cloudlab.us,tencentBlock_14467,s3fifo,10,9342,27,1,1,0.6012,0.19,5505427,93423.8208,2970439
node0.tardis-apia.ldos-ut-pg0.wisc.cloudlab.us,tencentBlock_14467,s3fifo,10,9342,27,1,2,0.6012,0.19,5505427,93423.8208,2970439
node0.tardis-apia.ldos-ut-pg0.wisc.cloudlab.us,tencentBlock_14467,s3fifo,10,9342,27,1,3,0.6012,0.19,5505427,93423.8208,2970439
node0.tardis-apia.ldos-ut-pg0.wisc.cloudlab.us,tencentBlock_14467,s3fifoforgive,10,9342,27,1,1,0.6011,0.18,5505427,93423.8208,2970439
node0.tardis-apia.ldos-ut-pg0.wisc.cloudlab.us,tencentBlock_14467,s3fifoforgive,10,9342,27,1,2,0.6011,0.18,5505427,93423.8208,2970439
node0.tardis-apia.ldos-ut-pg0.wisc.cloudlab.us,tencentBlock_14467,s3fifoforgive,10,9342,27,1,3,0.6011,0.18,5505427,93423.8208,2970439
node0.tardis-apia.ldos-ut-pg0.wisc.cloudlab.us,tencentBlock_14467,lru,0.1,93,23,1,1,0.7469,0.44,5505427,93423.8208,2970439
node0.tardis-apia.ldos-ut-pg0.wisc.cloudlab.us,tencentBlock_14467,lru,0.1,93,23,1,2,0.7469,0.44,5505427,93423.8208,2970439
node0.tardis-apia.ldos-ut-pg0.wisc.cloudlab.us,tencentBlock_14467,lru,0.1,93,23,1,3,0.7469,0.44,5505427,93423.8208,2970439
node0.tardis-apia.ldos-ut-pg0.wisc.cloudlab.us,tencentBlock_14467,lruforgive,0.1,93,23,1,1,0.7383,0.36,5505427,93423.8208,2970439
node0.tardis-apia.ldos-ut-pg0.wisc.cloudlab.us,tencentBlock_14467,lruforgive,0.1,93,23,1,2,0.7383,0.36,5505427,93423.8208,2970439
node0.tardis-apia.ldos-ut-pg0.wisc.cloudlab.us,tencentBlock_14467,lruforgive,0.1,93,23,1,3,0.7383,0.36,5505427,93423.8208,2970439
node0.tardis-apia.ldos-ut-pg0.wisc.cloudlab.us,tencentBlock_14467,s3fifo,0.1,93,23,1,1,0.7591,0.70,5505427,93423.8208,2970439
node0.tardis-apia.ldos-ut-pg0.wisc.cloudlab.us,tencentBlock_14467,s3fifo,0.1,93,23,1,2,0.7587,0.70,5505427,93423.8208,2970439
node0.tardis-apia.ldos-ut-pg0.wisc.cloudlab.us,tencentBlock_14467,s3fifo,0.1,93,23,1,3,0.7601,0.65,5505427,93423.8208,2970439
node0.tardis-apia.ldos-ut-pg0.wisc.cloudlab.us,tencentBlock_14467,s3fifoforgive,0.1,93,23,1,1,0.7576,0.53,5505427,93423.8208,2970439
node0.tardis-apia.ldos-ut-pg0.wisc.cloudlab.us,tencentBlock_14467,s3fifoforgive,0.1,93,23,1,2,0.7584,0.53,5505427,93423.8208,2970439
node0.tardis-apia.ldos-ut-pg0.wisc.cloudlab.us,tencentBlock_14467,s3fifoforgive,0.1,93,23,1,3,0.7584,0.52,5505427,93423.8208,2970439
node0.tardis-apia.ldos-ut-pg0.wisc.cloudlab.us,tencentBlock_1458,lru,10,7986,27,1,1,0.0494,1.35,187383069,79857.5616,5860002
node0.tardis-apia.ldos-ut-pg0.wisc.cloudlab.us,tencentBlock_1458,lru,10,7986,27,1,2,0.0494,1.35,187383069,79857.5616,5860002
node0.tardis-apia.ldos-ut-pg0.wisc.cloudlab.us,tencentBlock_1458,lru,10,7986,27,1,3,0.0494,1.35,187383069,79857.5616,5860002
node0.tardis-apia.ldos-ut-pg0.wisc.cloudlab.us,tencentBlock_1458,lruforgive,10,7986,27,1,1,0.0494,0.45,187383069,79857.5616,5860002
node0.tardis-apia.ldos-ut-pg0.wisc.cloudlab.us,tencentBlock_1458,lruforgive,10,7986,27,1,2,0.0494,0.46,187383069,79857.5616,5860002
node0.tardis-apia.ldos-ut-pg0.wisc.cloudlab.us,tencentBlock_1458,lruforgive,10,7986,27,1,3,0.0494,0.46,187383069,79857.5616,5860002
node0.tardis-apia.ldos-ut-pg0.wisc.cloudlab.us,tencentBlock_1458,s3fifo,10,7986,27,1,1,0.0489,1.43,187383069,79857.5616,5860002
node0.tardis-apia.ldos-ut-pg0.wisc.cloudlab.us,tencentBlock_1458,s3fifo,10,7986,27,1,2,0.0489,1.47,187383069,79857.5616,5860002
node0.tardis-apia.ldos-ut-pg0.wisc.cloudlab.us,tencentBlock_1458,s3fifo,10,7986,27,1,3,0.0489,1.46,187383069,79857.5616,5860002
node0.tardis-apia.ldos-ut-pg0.wisc.cloudlab.us,tencentBlock_1458,s3fifoforgive,10,7986,27,1,1,0.0489,0.48,187383069,79857.5616,5860002
node0.tardis-apia.ldos-ut-pg0.wisc.cloudlab.us,tencentBlock_1458,s3fifoforgive,10,7986,27,1,2,0.0489,0.47,187383069,79857.5616,5860002
node0.tardis-apia.ldos-ut-pg0.wisc.cloudlab.us,tencentBlock_1458,s3fifoforgive,10,7986,27,1,3,0.0489,0.48,187383069,79857.5616,5860002
node0.tardis-apia.ldos-ut-pg0.wisc.cloudlab.us,tencentBlock_1458,lru,0.1,80,22,1,1,0.3711,1.82,187383069,79857.5616,5860002
node0.tardis-apia.ldos-ut-pg0.wisc.cloudlab.us,tencentBlock_1458,lru,0.1,80,22,1,2,0.3711,1.81,187383069,79857.5616,5860002
node0.tardis-apia.ldos-ut-pg0.wisc.cloudlab.us,tencentBlock_1458,lru,0.1,80,22,1,3,0.3711,1.82,187383069,79857.5616,5860002
node0.tardis-apia.ldos-ut-pg0.wisc.cloudlab.us,tencentBlock_1458,lruforgive,0.1,80,22,1,1,0.3521,0.63,187383069,79857.5616,5860002
node0.tardis-apia.ldos-ut-pg0.wisc.cloudlab.us,tencentBlock_1458,lruforgive,0.1,80,22,1,2,0.3521,0.63,187383069,79857.5616,5860002
node0.tardis-apia.ldos-ut-pg0.wisc.cloudlab.us,tencentBlock_1458,lruforgive,0.1,80,22,1,3,0.3521,0.63,187383069,79857.5616,5860002
node0.tardis-apia.ldos-ut-pg0.wisc.cloudlab.us,tencentBlock_1458,s3fifo,0.1,80,22,1,1,0.3030,2.00,187383069,79857.5616,5860002
node0.tardis-apia.ldos-ut-pg0.wisc.cloudlab.us,tencentBlock_1458,s3fifo,0.1,80,22,1,2,0.3030,1.99,187383069,79857.5616,5860002
node0.tardis-apia.ldos-ut-pg0.wisc.cloudlab.us,tencentBlock_1458,s3fifo,0.1,80,22,1,3,0.3030,2.00,187383069,79857.5616,5860002
node0.tardis-apia.ldos-ut-pg0.wisc.cloudlab.us,tencentBlock_1458,s3fifoforgive,0.1,80,22,1,1,0.3018,0.79,187383069,79857.5616,5860002
node0.tardis-apia.ldos-ut-pg0.wisc.cloudlab.us,tencentBlock_1458,s3fifoforgive,0.1,80,22,1,2,0.3018,0.79,187383069,79857.5616,5860002
node0.tardis-apia.ldos-ut-pg0.wisc.cloudlab.us,tencentBlock_1458,s3fifoforgive,0.1,80,22,1,3,0.3018,0.81,187383069,79857.5616,5860002
node0.tardis-apia.ldos-ut-pg0.wisc.cloudlab.us,tencentBlock_14585,lru,10,1685,27,1,1,0.5558,0.36,9023181,16853.2992,1155502
node0.tardis-apia.ldos-ut-pg0.wisc.cloudlab.us,tencentBlock_14585,lru,10,1685,27,1,2,0.5558,0.36,9023181,16853.2992,1155502
node0.tardis-apia.ldos-ut-pg0.wisc.cloudlab.us,tencentBlock_14585,lru,10,1685,27,1,3,0.5558,0.36,9023181,16853.2992,1155502
node0.tardis-apia.ldos-ut-pg0.wisc.cloudlab.us,tencentBlock_14585,lruforgive,10,1685,27,1,1,0.5541,0.31,9023181,16853.2992,1155502
node0.tardis-apia.ldos-ut-pg0.wisc.cloudlab.us,tencentBlock_14585,lruforgive,10,1685,27,1,2,0.5541,0.31,9023181,16853.2992,1155502
node0.tardis-apia.ldos-ut-pg0.wisc.cloudlab.us,tencentBlock_14585,lruforgive,10,1685,27,1,3,0.5541,0.31,9023181,16853.2992,1155502
node0.tardis-apia.ldos-ut-pg0.wisc.cloudlab.us,tencentBlock_14585,s3fifo,10,1685,27,1,1,0.5375,0.36,9023181,16853.2992,1155502
node0.tardis-apia.ldos-ut-pg0.wisc.cloudlab.us,tencentBlock_14585,s3fifo,10,1685,27,1,2,0.5375,0.36,9023181,16853.2992,1155502
node0.tardis-apia.ldos-ut-pg0.wisc.cloudlab.us,tencentBlock_14585,s3fifo,10,1685,27,1,3,0.5375,0.37,9023181,16853.2992,1155502
node0.tardis-apia.ldos-ut-pg0.wisc.cloudlab.us,tencentBlock_14585,s3fifoforgive,10,1685,27,1,1,0.5375,0.31,9023181,16853.2992,1155502
node0.tardis-apia.ldos-ut-pg0.wisc.cloudlab.us,tencentBlock_14585,s3fifoforgive,10,1685,27,1,2,0.5375,0.32,9023181,16853.2992,1155502
node0.tardis-apia.ldos-ut-pg0.wisc.cloudlab.us,tencentBlock_14585,s3fifoforgive,10,1685,27,1,3,0.5375,0.32,9023181,16853.2992,1155502
node0.tardis-apia.ldos-ut-pg0.wisc.cloudlab.us,tencentBlock_14585,lru,0.1,17,20,1,1,0.6678,2.07,9023181,16853.2992,1155502
node0.tardis-apia.ldos-ut-pg0.wisc.cloudlab.us,tencentBlock_14585,lru,0.1,17,20,1,2,0.6678,2.01,9023181,16853.2992,1155502
node0.tardis-apia.ldos-ut-pg0.wisc.cloudlab.us,tencentBlock_14585,lru,0.1,17,20,1,3,0.6678,2.02,9023181,16853.2992,1155502
node0.tardis-apia.ldos-ut-pg0.wisc.cloudlab.us,tencentBlock_14585,lruforgive,0.1,17,20,1,1,0.6610,1.02,9023181,16853.2992,1155502
node0.tardis-apia.ldos-ut-pg0.wisc.cloudlab.us,tencentBlock_14585,lruforgive,0.1,17,20,1,2,0.6610,1.02,9023181,16853.2992,1155502
node0.tardis-apia.ldos-ut-pg0.wisc.cloudlab.us,tencentBlock_14585,lruforgive,0.1,17,20,1,3,0.6610,1.00,9023181,16853.2992,1155502
node0.tardis-apia.ldos-ut-pg0.wisc.cloudlab.us,tencentBlock_14585,s3fifo,0.1,17,20,1,1,0.6659,2.05,9023181,16853.2992,1155502
node0.tardis-apia.ldos-ut-pg0.wisc.cloudlab.us,tencentBlock_14585,s3fifo,0.1,17,20,1,2,0.6659,2.05,9023181,16853.2992,1155502
node0.tardis-apia.ldos-ut-pg0.wisc.cloudlab.us,tencentBlock_14585,s3fifo,0.1,17,20,1,3,0.6659,2.05,9023181,16853.2992,1155502
node0.tardis-apia.ldos-ut-pg0.wisc.cloudlab.us,tencentBlock_14585,s3fifoforgive,0.1,17,20,1,1,0.6657,1.24,9023181,16853.2992,1155502
node0.tardis-apia.ldos-ut-pg0.wisc.cloudlab.us,tencentBlock_14585,s3fifoforgive,0.1,17,20,1,2,0.6657,1.22,9023181,16853.2992,1155502
node0.tardis-apia.ldos-ut-pg0.wisc.cloudlab.us,tencentBlock_14585,s3fifoforgive,0.1,17,20,1,3,0.6657,1.25,9023181,16853.2992,1155502
node0.tardis-apia.ldos-ut-pg0.wisc.cloudlab.us,tencentBlock_1475,lru,10,3214,27,1,1,0.2660,0.53,48021126,32143.0528,2790063
node0.tardis-apia.ldos-ut-pg0.wisc.cloudlab.us,tencentBlock_1475,lru,10,3214,27,1,2,0.2660,0.53,48021126,32143.0528,2790063
node0.tardis-apia.ldos-ut-pg0.wisc.cloudlab.us,tencentBlock_1475,lru,10,3214,27,1,3,0.2660,0.54,48021126,32143.0528,2790063
node0.tardis-apia.ldos-ut-pg0.wisc.cloudlab.us,tencentBlock_1475,lruforgive,10,3214,27,1,1,0.2650,0.27,48021126,32143.0528,2790063
node0.tardis-apia.ldos-ut-pg0.wisc.cloudlab.us,tencentBlock_1475,lruforgive,10,3214,27,1,2,0.2650,0.27,48021126,32143.0528,2790063
node0.tardis-apia.ldos-ut-pg0.wisc.cloudlab.us,tencentBlock_1475,lruforgive,10,3214,27,1,3,0.2650,0.27,48021126,32143.0528,2790063
node0.tardis-apia.ldos-ut-pg0.wisc.cloudlab.us,tencentBlock_1475,s3fifo,10,3214,27,1,1,0.2561,0.54,48021126,32143.0528,2790063
node0.tardis-apia.ldos-ut-pg0.wisc.cloudlab.us,tencentBlock_1475,s3fifo,10,3214,27,1,2,0.2561,0.54,48021126,32143.0528,2790063
node0.tardis-apia.ldos-ut-pg0.wisc.cloudlab.us,tencentBlock_1475,s3fifo,10,3214,27,1,3,0.2561,0.55,48021126,32143.0528,2790063
node0.tardis-apia.ldos-ut-pg0.wisc.cloudlab.us,tencentBlock_1475,s3fifoforgive,10,3214,27,1,1,0.2559,0.30,48021126,32143.0528,2790063
node0.tardis-apia.ldos-ut-pg0.wisc.cloudlab.us,tencentBlock_1475,s3fifoforgive,10,3214,27,1,2,0.2559,0.30,48021126,32143.0528,2790063
node0.tardis-apia.ldos-ut-pg0.wisc.cloudlab.us,tencentBlock_1475,s3fifoforgive,10,3214,27,1,3,0.2559,0.30,48021126,32143.0528,2790063
node0.tardis-apia.ldos-ut-pg0.wisc.cloudlab.us,tencentBlock_1475,lru,0.1,32,21,1,1,0.8347,1.32,48021126,32143.0528,2790063
node0.tardis-apia.ldos-ut-pg0.wisc.cloudlab.us,tencentBlock_1475,lru,0.1,32,21,1,2,0.8347,1.35,48021126,32143.0528,2790063
node0.tardis-apia.ldos-ut-pg0.wisc.cloudlab.us,tencentBlock_1475,lru,0.1,32,21,1,3,0.8347,1.22,48021126,32143.0528,2790063
node0.tardis-apia.ldos-ut-pg0.wisc.cloudlab.us,tencentBlock_1475,lruforgive,0.1,32,21,1,1,0.8242,0.73,48021126,32143.0528,2790063
node0.tardis-apia.ldos-ut-pg0.wisc.cloudlab.us,tencentBlock_1475,lruforgive,0.1,32,21,1,2,0.8242,0.73,48021126,32143.0528,2790063
node0.tardis-apia.ldos-ut-pg0.wisc.cloudlab.us,tencentBlock_1475,lruforgive,0.1,32,21,1,3,0.8242,0.74,48021126,32143.0528,2790063
node0.tardis-apia.ldos-ut-pg0.wisc.cloudlab.us,tencentBlock_1475,s3fifo,0.1,32,21,1,1,0.8537,1.36,48021126,32143.0528,2790063
node0.tardis-apia.ldos-ut-pg0.wisc.cloudlab.us,tencentBlock_1475,s3fifo,0.1,32,21,1,2,0.8537,1.40,48021126,32143.0528,2790063
node0.tardis-apia.ldos-ut-pg0.wisc.cloudlab.us,tencentBlock_1475,s3fifo,0.1,32,21,1,3,0.8537,1.38,48021126,32143.0528,2790063
node0.tardis-apia.ldos-ut-pg0.wisc.cloudlab.us,tencentBlock_1475,s3fifoforgive,0.1,32,21,1,1,0.8480,0.95,48021126,32143.0528,2790063
node0.tardis-apia.ldos-ut-pg0.wisc.cloudlab.us,tencentBlock_1475,s3fifoforgive,0.1,32,21,1,2,0.8480,0.94,48021126,32143.0528,2790063
node0.tardis-apia.ldos-ut-pg0.wisc.cloudlab.us,tencentBlock_1475,s3fifoforgive,0.1,32,21,1,3,0.8480,0.94,48021126,32143.0528,2790063
node0.tardis-apia.ldos-ut-pg0.wisc.cloudlab.us,tencentBlock_14833,lru,10,3315,27,1,1,0.2815,0.51,51143931,33150.0544,2838223
node0.tardis-apia.ldos-ut-pg0.wisc.cloudlab.us,tencentBlock_14833,lru,10,3315,27,1,2,0.2815,0.51,51143931,33150.0544,2838223
node0.tardis-apia.ldos-ut-pg0.wisc.cloudlab.us,tencentBlock_14833,lru,10,3315,27,1,3,0.2815,0.51,51143931,33150.0544,2838223
node0.tardis-apia.ldos-ut-pg0.wisc.cloudlab.us,tencentBlock_14833,lruforgive,10,3315,27,1,1,0.2801,0.27,51143931,33150.0544,2838223
node0.tardis-apia.ldos-ut-pg0.wisc.cloudlab.us,tencentBlock_14833,lruforgive,10,3315,27,1,2,0.2801,0.28,51143931,33150.0544,2838223
node0.tardis-apia.ldos-ut-pg0.wisc.cloudlab.us,tencentBlock_14833,lruforgive,10,3315,27,1,3,0.2801,0.27,51143931,33150.0544,2838223
node0.tardis-apia.ldos-ut-pg0.wisc.cloudlab.us,tencentBlock_14833,s3fifo,10,3315,27,1,1,0.2698,0.54,51143931,33150.0544,2838223
node0.tardis-apia.ldos-ut-pg0.wisc.cloudlab.us,tencentBlock_14833,s3fifo,10,3315,27,1,2,0.2698,0.54,51143931,33150.0544,2838223
node0.tardis-apia.ldos-ut-pg0.wisc.cloudlab.us,tencentBlock_14833,s3fifo,10,3315,27,1,3,0.2698,0.53,51143931,33150.0544,2838223
node0.tardis-apia.ldos-ut-pg0.wisc.cloudlab.us,tencentBlock_14833,s3fifoforgive,10,3315,27,1,1,0.2696,0.29,51143931,33150.0544,2838223
node0.tardis-apia.ldos-ut-pg0.wisc.cloudlab.us,tencentBlock_14833,s3fifoforgive,10,3315,27,1,2,0.2696,0.30,51143931,33150.0544,2838223
node0.tardis-apia.ldos-ut-pg0.wisc.cloudlab.us,tencentBlock_14833,s3fifoforgive,10,3315,27,1,3,0.2696,0.30,51143931,33150.0544,2838223
node0.tardis-apia.ldos-ut-pg0.wisc.cloudlab.us,tencentBlock_14833,lru,0.1,33,21,1,1,0.8303,1.10,51143931,33150.0544,2838223
node0.tardis-apia.ldos-ut-pg0.wisc.cloudlab.us,tencentBlock_14833,lru,0.1,33,21,1,2,0.8303,1.10,51143931,33150.0544,2838223
node0.tardis-apia.ldos-ut-pg0.wisc.cloudlab.us,tencentBlock_14833,lru,0.1,33,21,1,3,0.8303,1.10,51143931,33150.0544,2838223
node0.tardis-apia.ldos-ut-pg0.wisc.cloudlab.us,tencentBlock_14833,lruforgive,0.1,33,21,1,1,0.8220,0.70,51143931,33150.0544,2838223
node0.tardis-apia.ldos-ut-pg0.wisc.cloudlab.us,tencentBlock_14833,lruforgive,0.1,33,21,1,2,0.8220,0.70,51143931,33150.0544,2838223
node0.tardis-apia.ldos-ut-pg0.wisc.cloudlab.us,tencentBlock_14833,lruforgive,0.1,33,21,1,3,0.8220,0.71,51143931,33150.0544,2838223
node0.tardis-apia.ldos-ut-pg0.wisc.cloudlab.us,tencentBlock_14833,s3fifo,0.1,33,21,1,1,0.8538,1.33,51143931,33150.0544,2838223
node0.tardis-apia.ldos-ut-pg0.wisc.cloudlab.us,tencentBlock_14833,s3fifo,0.1,33,21,1,2,0.8538,1.33,51143931,33150.0544,2838223
node0.tardis-apia.ldos-ut-pg0.wisc.cloudlab.us,tencentBlock_14833,s3fifo,0.1,33,21,1,3,0.8538,1.36,51143931,33150.0544,2838223
node0.tardis-apia.ldos-ut-pg0.wisc.cloudlab.us,tencentBlock_14833,s3fifoforgive,0.1,33,21,1,1,0.8481,0.94,51143931,33150.0544,2838223
node0.tardis-apia.ldos-ut-pg0.wisc.cloudlab.us,tencentBlock_14833,s3fifoforgive,0.1,33,21,1,2,0.8481,0.97,51143931,33150.0544,2838223
node0.tardis-apia.ldos-ut-pg0.wisc.cloudlab.us,tencentBlock_14833,s3fifoforgive,0.1,33,21,1,3,0.8481,0.96,51143931,33150.0544,2838223
node0.tardis-apia.ldos-ut-pg0.wisc.cloudlab.us,tencentBlock_14863,lru,10,2506,27,1,1,0.3962,0.35,9840787,25061.6832,1030989
node0.tardis-apia.ldos-ut-pg0.wisc.cloudlab.us,tencentBlock_14863,lru,10,2506,27,1,2,0.3962,0.35,9840787,25061.6832,1030989
node0.tardis-apia.ldos-ut-pg0.wisc.cloudlab.us,tencentBlock_14863,lru,10,2506,27,1,3,0.3962,0.35,9840787,25061.6832,1030989
node0.tardis-apia.ldos-ut-pg0.wisc.cloudlab.us,tencentBlock_14863,lruforgive,10,2506,27,1,1,0.3809,0.25,9840787,25061.6832,1030989
node0.tardis-apia.ldos-ut-pg0.wisc.cloudlab.us,tencentBlock_14863,lruforgive,10,2506,27,1,2,0.3805,0.26,9840787,25061.6832,1030989
node0.tardis-apia.ldos-ut-pg0.wisc.cloudlab.us,tencentBlock_14863,lruforgive,10,2506,27,1,3,0.3807,0.25,9840787,25061.6832,1030989
node0.tardis-apia.ldos-ut-pg0.wisc.cloudlab.us,tencentBlock_14863,s3fifo,10,2506,27,1,1,0.3036,0.42,9840787,25061.6832,1030989
node0.tardis-apia.ldos-ut-pg0.wisc.cloudlab.us,tencentBlock_14863,s3fifo,10,2506,27,1,2,0.3036,0.42,9840787,25061.6832,1030989
node0.tardis-apia.ldos-ut-pg0.wisc.cloudlab.us,tencentBlock_14863,s3fifo,10,2506,27,1,3,0.3036,0.42,9840787,25061.6832,1030989
node0.tardis-apia.ldos-ut-pg0.wisc.cloudlab.us,tencentBlock_14863,s3fifoforgive,10,2506,27,1,1,0.3036,0.29,9840787,25061.6832,1030989
node0.tardis-apia.ldos-ut-pg0.wisc.cloudlab.us,tencentBlock_14863,s3fifoforgive,10,2506,27,1,2,0.3035,0.29,9840787,25061.6832,1030989
node0.tardis-apia.ldos-ut-pg0.wisc.cloudlab.us,tencentBlock_14863,s3fifoforgive,10,2506,27,1,3,0.3035,0.29,9840787,25061.6832,1030989
node0.tardis-apia.ldos-ut-pg0.wisc.cloudlab.us,tencentBlock_14863,lru,0.1,25,21,1,1,0.8371,1.17,9840787,25061.6832,1030989
node0.tardis-apia.ldos-ut-pg0.wisc.cloudlab.us,tencentBlock_14863,lru,0.1,25,21,1,2,0.8371,1.18,9840787,25061.6832,1030989
node0.tardis-apia.ldos-ut-pg0.wisc.cloudlab.us,tencentBlock_14863,lru,0.1,25,21,1,3,0.8371,1.15,9840787,25061.6832,1030989
node0.tardis-apia.ldos-ut-pg0.wisc.cloudlab.us,tencentBlock_14863,lruforgive,0.1,25,21,1,1,0.8224,0.84,9840787,25061.6832,1030989
node0.tardis-apia.ldos-ut-pg0.wisc.cloudlab.us,tencentBlock_14863,lruforgive,0.1,25,21,1,2,0.8224,0.83,9840787,25061.6832,1030989
node0.tardis-apia.ldos-ut-pg0.wisc.cloudlab.us,tencentBlock_14863,lruforgive,0.1,25,21,1,3,0.8224,0.86,9840787,25061.6832,1030989
node0.tardis-apia.ldos-ut-pg0.wisc.cloudlab.us,tencentBlock_14863,s3fifo,0.1,25,21,1,1,0.8212,1.29,9840787,25061.6832,1030989
node0.tardis-apia.ldos-ut-pg0.wisc.cloudlab.us,tencentBlock_14863,s3fifo,0.1,25,21,1,2,0.8212,1.29,9840787,25061.6832,1030989
node0.tardis-apia.ldos-ut-pg0.wisc.cloudlab.us,tencentBlock_14863,s3fifo,0.1,25,21,1,3,0.8212,1.32,9840787,25061.6832,1030989
node0.tardis-apia.ldos-ut-pg0.wisc.cloudlab.us,tencentBlock_14863,s3fifoforgive,0.1,25,21,1,1,0.8209,1.01,9840787,25061.6832,1030989
node0.tardis-apia.ldos-ut-pg0.wisc.cloudlab.us,tencentBlock_14863,s3fifoforgive,0.1,25,21,1,2,0.8209,1.01,9840787,25061.6832,1030989
node0.tardis-apia.ldos-ut-pg0.wisc.cloudlab.us,tencentBlock_14863,s3fifoforgive,0.1,25,21,1,3,0.8209,1.01,9840787,25061.6832,1030989
node0.tardis-apia.ldos-ut-pg0.wisc.cloudlab.us,tencentBlock_1505,lru,10,3521,27,1,1,0.2692,0.47,40846517,35206.656,2674378
node0.tardis-apia.ldos-ut-pg0.wisc.cloudlab.us,tencentBlock_1505,lru,10,3521,27,1,2,0.2692,0.48,40846517,35206.656,2674378
node0.tardis-apia.ldos-ut-pg0.wisc.cloudlab.us,tencentBlock_1505,lru,10,3521,27,1,3,0.2692,0.48,40846517,35206.656,2674378
node0.tardis-apia.ldos-ut-pg0.wisc.cloudlab.us,tencentBlock_1505,lruforgive,10,3521,27,1,1,0.2678,0.26,40846517,35206.656,2674378
node0.tardis-apia.ldos-ut-pg0.wisc.cloudlab.us,tencentBlock_1505,lruforgive,10,3521,27,1,2,0.2678,0.26,40846517,35206.656,2674378
node0.tardis-apia.ldos-ut-pg0.wisc.cloudlab.us,tencentBlock_1505,lruforgive,10,3521,27,1,3,0.2678,0.26,40846517,35206.656,2674378
node0.tardis-apia.ldos-ut-pg0.wisc.cloudlab.us,tencentBlock_1505,s3fifo,10,3521,27,1,1,0.2632,0.49,40846517,35206.656,2674378
node0.tardis-apia.ldos-ut-pg0.wisc.cloudlab.us,tencentBlock_1505,s3fifo,10,3521,27,1,2,0.2632,0.49,40846517,35206.656,2674378
node0.tardis-apia.ldos-ut-pg0.wisc.cloudlab.us,tencentBlock_1505,s3fifo,10,3521,27,1,3,0.2632,0.49,40846517,35206.656,2674378
node0.tardis-apia.ldos-ut-pg0.wisc.cloudlab.us,tencentBlock_1505,s3fifoforgive,10,3521,27,1,1,0.2630,0.28,40846517,35206.656,2674378
node0.tardis-apia.ldos-ut-pg0.wisc.cloudlab.us,tencentBlock_1505,s3fifoforgive,10,3521,27,1,2,0.2630,0.29,40846517,35206.656,2674378
node0.tardis-apia.ldos-ut-pg0.wisc.cloudlab.us,tencentBlock_1505,s3fifoforgive,10,3521,27,1,3,0.2630,0.28,40846517,35206.656,2674378
node0.tardis-apia.ldos-ut-pg0.wisc.cloudlab.us,tencentBlock_1505,lru,0.1,35,21,1,1,0.8184,1.41,40846517,35206.656,2674378
node0.tardis-apia.ldos-ut-pg0.wisc.cloudlab.us,tencentBlock_1505,lru,0.1,35,21,1,2,0.8184,1.40,40846517,35206.656,2674378
node0.tardis-apia.ldos-ut-pg0.wisc.cloudlab.us,tencentBlock_1505,lru,0.1,35,21,1,3,0.8184,1.41,40846517,35206.656,2674378
node0.tardis-apia.ldos-ut-pg0.wisc.cloudlab.us,tencentBlock_1505,lruforgive,0.1,35,21,1,1,0.8096,0.86,40846517,35206.656,2674378
node0.tardis-apia.ldos-ut-pg0.wisc.cloudlab.us,tencentBlock_1505,lruforgive,0.1,35,21,1,2,0.8096,0.87,40846517,35206.656,2674378
node0.tardis-apia.ldos-ut-pg0.wisc.cloudlab.us,tencentBlock_1505,lruforgive,0.1,35,21,1,3,0.8096,0.80,40846517,35206.656,2674378
node0.tardis-apia.ldos-ut-pg0.wisc.cloudlab.us,tencentBlock_1505,s3fifo,0.1,35,21,1,1,0.8452,1.55,40846517,35206.656,2674378
node0.tardis-apia.ldos-ut-pg0.wisc.cloudlab.us,tencentBlock_1505,s3fifo,0.1,35,21,1,2,0.8452,1.55,40846517,35206.656,2674378
node0.tardis-apia.ldos-ut-pg0.wisc.cloudlab.us,tencentBlock_1505,s3fifo,0.1,35,21,1,3,0.8452,1.58,40846517,35206.656,2674378
node0.tardis-apia.ldos-ut-pg0.wisc.cloudlab.us,tencentBlock_1505,s3fifoforgive,0.1,35,21,1,1,0.8409,1.09,40846517,35206.656,2674378
node0.tardis-apia.ldos-ut-pg0.wisc.cloudlab.us,tencentBlock_1505,s3fifoforgive,0.1,35,21,1,2,0.8409,1.10,40846517,35206.656,2674378
node0.tardis-apia.ldos-ut-pg0.wisc.cloudlab.us,tencentBlock_1505,s3fifoforgive,0.1,35,21,1,3,0.8409,1.12,40846517,35206.656,2674378
node0.tardis-apia.ldos-ut-pg0.wisc.cloudlab.us,tencentBlock_15138,lru,10,2599,27,1,1,0.2834,0.41,47472324,25991.4752,1917471
node0.tardis-apia.ldos-ut-pg0.wisc.cloudlab.us,tencentBlock_15138,lru,10,2599,27,1,2,0.2834,0.41,47472324,25991.4752,1917471
node0.tardis-apia.ldos-ut-pg0.wisc.cloudlab.us,tencentBlock_15138,lru,10,2599,27,1,3,0.2834,0.42,47472324,25991.4752,1917471
node0.tardis-apia.ldos-ut-pg0.wisc.cloudlab.us,tencentBlock_15138,lruforgive,10,2599,27,1,1,0.2810,0.24,47472324,25991.4752,1917471
node0.tardis-apia.ldos-ut-pg0.wisc.cloudlab.us,tencentBlock_15138,lruforgive,10,2599,27,1,2,0.2810,0.24,47472324,25991.4752,1917471
node0.tardis-apia.ldos-ut-pg0.wisc.cloudlab.us,tencentBlock_15138,lruforgive,10,2599,27,1,3,0.2810,0.24,47472324,25991.4752,1917471
node0.tardis-apia.ldos-ut-pg0.wisc.cloudlab.us,tencentBlock_15138,s3fifo,10,2599,27,1,1,0.2871,0.46,47472324,25991.4752,1917471
node0.tardis-apia.ldos-ut-pg0.wisc.cloudlab.us,tencentBlock_15138,s3fifo,10,2599,27,1,2,0.2871,0.46,47472324,25991.4752,1917471
node0.tardis-apia.ldos-ut-pg0.wisc.cloudlab.us,tencentBlock_15138,s3fifo,10,2599,27,1,3,0.2871,0.46,47472324,25991.4752,1917471
node0.tardis-apia.ldos-ut-pg0.wisc.cloudlab.us,tencentBlock_15138,s3fifoforgive,10,2599,27,1,1,0.2863,0.27,47472324,25991.4752,1917471
node0.tardis-apia.ldos-ut-pg0.wisc.cloudlab.us,tencentBlock_15138,s3fifoforgive,10,2599,27,1,2,0.2863,0.28,47472324,25991.4752,1917471
node0.tardis-apia.ldos-ut-pg0.wisc.cloudlab.us,tencentBlock_15138,s3fifoforgive,10,2599,27,1,3,0.2863,0.27,47472324,25991.4752,1917471
node0.tardis-apia.ldos-ut-pg0.wisc.cloudlab.us,tencentBlock_15138,lru,0.1,26,21,1,1,0.8669,1.93,47472324,25991.4752,1917471
node0.tardis-apia.ldos-ut-pg0.wisc.cloudlab.us,tencentBlock_15138,lru,0.1,26,21,1,2,0.8669,1.94,47472324,25991.4752,1917471
node0.tardis-apia.ldos-ut-pg0.wisc.cloudlab.us,tencentBlock_15138,lru,0.1,26,21,1,3,0.8669,1.94,47472324,25991.4752,1917471
node0.tardis-apia.ldos-ut-pg0.wisc.cloudlab.us,tencentBlock_15138,lruforgive,0.1,26,21,1,1,0.8573,1.01,47472324,25991.4752,1917471
node0.tardis-apia.ldos-ut-pg0.wisc.cloudlab.us,tencentBlock_15138,lruforgive,0.1,26,21,1,2,0.8573,1.03,47472324,25991.4752,1917471
node0.tardis-apia.ldos-ut-pg0.wisc.cloudlab.us,tencentBlock_15138,lruforgive,0.1,26,21,1,3,0.8573,1.01,47472324,25991.4752,1917471
node0.tardis-apia.ldos-ut-pg0.wisc.cloudlab.us,tencentBlock_15138,s3fifo,0.1,26,21,1,1,0.8714,2.03,47472324,25991.4752,1917471
node0.tardis-apia.ldos-ut-pg0.wisc.cloudlab.us,tencentBlock_15138,s3fifo,0.1,26,21,1,2,0.8714,2.00,47472324,25991.4752,1917471
node0.tardis-apia.ldos-ut-pg0.wisc.cloudlab.us,tencentBlock_15138,s3fifo,0.1,26,21,1,3,0.8714,2.04,47472324,25991.4752,1917471
node0.tardis-apia.ldos-ut-pg0.wisc.cloudlab.us,tencentBlock_15138,s3fifoforgive,0.1,26,21,1,1,0.8694,1.40,47472324,25991.4752,1917471
node0.tardis-apia.ldos-ut-pg0.wisc.cloudlab.us,tencentBlock_15138,s3fifoforgive,0.1,26,21,1,2,0.8694,1.39,47472324,25991.4752,1917471
node0.tardis-apia.ldos-ut-pg0.wisc.cloudlab.us,tencentBlock_15138,s3fifoforgive,0.1,26,21,1,3,0.8694,1.44,47472324,25991.4752,1917471
node0.tardis-apia.ldos-ut-pg0.wisc.cloudlab.us,tencentBlock_15175,lru,10,1708,27,1,1,0.2054,0.70,10758068,17079.7056,1516234
node0.tardis-apia.ldos-ut-pg0.wisc.cloudlab.us,tencentBlock_15175,lru,10,1708,27,1,2,0.2054,0.69,10758068,17079.7056,1516234
node0.tardis-apia.ldos-ut-pg0.wisc.cloudlab.us,tencentBlock_15175,lru,10,1708,27,1,3,0.2054,0.69,10758068,17079.7056,1516234
node0.tardis-apia.ldos-ut-pg0.wisc.cloudlab.us,tencentBlock_15175,lruforgive,10,1708,27,1,1,0.2047,0.39,10758068,17079.7056,1516234
node0.tardis-apia.ldos-ut-pg0.wisc.cloudlab.us,tencentBlock_15175,lruforgive,10,1708,27,1,2,0.2047,0.40,10758068,17079.7056,1516234
node0.tardis-apia.ldos-ut-pg0.wisc.cloudlab.us,tencentBlock_15175,lruforgive,10,1708,27,1,3,0.2047,0.39,10758068,17079.7056,1516234
node0.tardis-apia.ldos-ut-pg0.wisc.cloudlab.us,tencentBlock_15175,s3fifo,10,1708,27,1,1,0.2195,0.75,10758068,17079.7056,1516234
node0.tardis-apia.ldos-ut-pg0.wisc.cloudlab.us,tencentBlock_15175,s3fifo,10,1708,27,1,2,0.2195,0.75,10758068,17079.7056,1516234
node0.tardis-apia.ldos-ut-pg0.wisc.cloudlab.us,tencentBlock_15175,s3fifo,10,1708,27,1,3,0.2195,0.77,10758068,17079.7056,1516234
node0.tardis-apia.ldos-ut-pg0.wisc.cloudlab.us,tencentBlock_15175,s3fifoforgive,10,1708,27,1,1,0.2195,0.44,10758068,17079.7056,1516234
node0.tardis-apia.ldos-ut-pg0.wisc.cloudlab.us,tencentBlock_15175,s3fifoforgive,10,1708,27,1,2,0.2195,0.45,10758068,17079.7056,1516234
node0.tardis-apia.ldos-ut-pg0.wisc.cloudlab.us,tencentBlock_15175,s3fifoforgive,10,1708,27,1,3,0.2195,0.45,10758068,17079.7056,1516234
node0.tardis-apia.ldos-ut-pg0.wisc.cloudlab.us,tencentBlock_15175,lru,0.1,17,20,1,1,0.5163,1.98,10758068,17079.7056,1516234
node0.tardis-apia.ldos-ut-pg0.wisc.cloudlab.us,tencentBlock_15175,lru,0.1,17,20,1,2,0.5163,1.97,10758068,17079.7056,1516234
node0.tardis-apia.ldos-ut-pg0.wisc.cloudlab.us,tencentBlock_15175,lru,0.1,17,20,1,3,0.5163,1.99,10758068,17079.7056,1516234
node0.tardis-apia.ldos-ut-pg0.wisc.cloudlab.us,tencentBlock_15175,lruforgive,0.1,17,20,1,1,0.4520,0.63,10758068,17079.7056,1516234
node0.tardis-apia.ldos-ut-pg0.wisc.cloudlab.us,tencentBlock_15175,lruforgive,0.1,17,20,1,2,0.4520,0.64,10758068,17079.7056,1516234
node0.tardis-apia.ldos-ut-pg0.wisc.cloudlab.us,tencentBlock_15175,lruforgive,0.1,17,20,1,3,0.4520,0.63,10758068,17079.7056,1516234
node0.tardis-apia.ldos-ut-pg0.wisc.cloudlab.us,tencentBlock_15175,s3fifo,0.1,17,20,1,1,0.4588,2.10,10758068,17079.7056,1516234
node0.tardis-apia.ldos-ut-pg0.wisc.cloudlab.us,tencentBlock_15175,s3fifo,0.1,17,20,1,2,0.4588,2.09,10758068,17079.7056,1516234
node0.tardis-apia.ldos-ut-pg0.wisc.cloudlab.us,tencentBlock_15175,s3fifo,0.1,17,20,1,3,0.4588,2.08,10758068,17079.7056,1516234
node0.tardis-apia.ldos-ut-pg0.wisc.cloudlab.us,tencentBlock_15175,s3fifoforgive,0.1,17,20,1,1,0.4551,1.00,10758068,17079.7056,1516234
node0.tardis-apia.ldos-ut-pg0.wisc.cloudlab.us,tencentBlock_15175,s3fifoforgive,0.1,17,20,1,2,0.4551,1.02,10758068,17079.7056,1516234
node0.tardis-apia.ldos-ut-pg0.wisc.cloudlab.us,tencentBlock_15175,s3fifoforgive,0.1,17,20,1,3,0.4551,1.00,10758068,17079.7056,1516234
node0.tardis-apia.ldos-ut-pg0.wisc.cloudlab.us,tencentBlock_1525,lru,10,2415,27,1,1,0.2778,0.41,48530610,24148.1728,2127917
node0.tardis-apia.ldos-ut-pg0.wisc.cloudlab.us,tencentBlock_1525,lru,10,2415,27,1,2,0.2778,0.39,48530610,24148.1728,2127917
node0.tardis-apia.ldos-ut-pg0.wisc.cloudlab.us,tencentBlock_1525,lru,10,2415,27,1,3,0.2778,0.40,48530610,24148.1728,2127917
node0.tardis-apia.ldos-ut-pg0.wisc.cloudlab.us,tencentBlock_1525,lruforgive,10,2415,27,1,1,0.2758,0.23,48530610,24148.1728,2127917
node0.tardis-apia.ldos-ut-pg0.wisc.cloudlab.us,tencentBlock_1525,lruforgive,10,2415,27,1,2,0.2758,0.23,48530610,24148.1728,2127917
node0.tardis-apia.ldos-ut-pg0.wisc.cloudlab.us,tencentBlock_1525,lruforgive,10,2415,27,1,3,0.2758,0.23,48530610,24148.1728,2127917
node0.tardis-apia.ldos-ut-pg0.wisc.cloudlab.us,tencentBlock_1525,s3fifo,10,2415,27,1,1,0.2754,0.43,48530610,24148.1728,2127917
node0.tardis-apia.ldos-ut-pg0.wisc.cloudlab.us,tencentBlock_1525,s3fifo,10,2415,27,1,2,0.2754,0.43,48530610,24148.1728,2127917
node0.tardis-apia.ldos-ut-pg0.wisc.cloudlab.us,tencentBlock_1525,s3fifo,10,2415,27,1,3,0.2754,0.43,48530610,24148.1728,2127917
node0.tardis-apia.ldos-ut-pg0.wisc.cloudlab.us,tencentBlock_1525,s3fifoforgive,10,2415,27,1,1,0.2751,0.25,48530610,24148.1728,2127917
node0.tardis-apia.ldos-ut-pg0.wisc.cloudlab.us,tencentBlock_1525,s3fifoforgive,10,2415,27,1,2,0.2751,0.25,48530610,24148.1728,2127917
node0.tardis-apia.ldos-ut-pg0.wisc.cloudlab.us,tencentBlock_1525,s3fifoforgive,10,2415,27,1,3,0.2751,0.25,48530610,24148.1728,2127917
node0.tardis-apia.ldos-ut-pg0.wisc.cloudlab.us,tencentBlock_1525,lru,0.1,24,21,1,1,0.8082,1.57,48530610,24148.1728,2127917
node0.tardis-apia.ldos-ut-pg0.wisc.cloudlab.us,tencentBlock_1525,lru,0.1,24,21,1,2,0.8082,1.59,48530610,24148.1728,2127917
node0.tardis-apia.ldos-ut-pg0.wisc.cloudlab.us,tencentBlock_1525,lru,0.1,24,21,1,3,0.8082,1.59,48530610,24148.1728,2127917
node0.tardis-apia.ldos-ut-pg0.wisc.cloudlab.us,tencentBlock_1525,lruforgive,0.1,24,21,1,1,0.8025,0.80,48530610,24148.1728,2127917
node0.tardis-apia.ldos-ut-pg0.wisc.cloudlab.us,tencentBlock_1525,lruforgive,0.1,24,21,1,2,0.8025,0.80,48530610,24148.1728,2127917
node0.tardis-apia.ldos-ut-pg0.wisc.cloudlab.us,tencentBlock_1525,lruforgive,0.1,24,21,1,3,0.8025,0.80,48530610,24148.1728,2127917
node0.tardis-apia.ldos-ut-pg0.wisc.cloudlab.us,tencentBlock_1525,s3fifo,0.1,24,21,1,1,0.8141,1.59,48530610,24148.1728,2127917
node0.tardis-apia.ldos-ut-pg0.wisc.cloudlab.us,tencentBlock_1525,s3fifo,0.1,24,21,1,2,0.8141,1.64,48530610,24148.1728,2127917
node0.tardis-apia.ldos-ut-pg0.wisc.cloudlab.us,tencentBlock_1525,s3fifo,0.1,24,21,1,3,0.8141,1.61,48530610,24148.1728,2127917
node0.tardis-apia.ldos-ut-pg0.wisc.cloudlab.us,tencentBlock_1525,s3fifoforgive,0.1,24,21,1,1,0.8130,1.01,48530610,24148.1728,2127917
node0.tardis-apia.ldos-ut-pg0.wisc.cloudlab.us,tencentBlock_1525,s3fifoforgive,0.1,24,21,1,2,0.8130,1.01,48530610,24148.1728,2127917
node0.tardis-apia.ldos-ut-pg0.wisc.cloudlab.us,tencentBlock_1525,s3fifoforgive,0.1,24,21,1,3,0.8130,1.00,48530610,24148.1728,2127917
node0.tardis-apia.ldos-ut-pg0.wisc.cloudlab.us,tencentBlock_15420,lru,10,9075,27,1,1,0.7030,0.10,3095951,90750.1568,1219240
node0.tardis-apia.ldos-ut-pg0.wisc.cloudlab.us,tencentBlock_15420,lru,10,9075,27,1,2,0.7030,0.10,3095951,90750.1568,1219240
node0.tardis-apia.ldos-ut-pg0.wisc.cloudlab.us,tencentBlock_15420,lru,10,9075,27,1,3,0.7030,0.10,3095951,90750.1568,1219240
node0.tardis-apia.ldos-ut-pg0.wisc.cloudlab.us,tencentBlock_15420,lruforgive,10,9075,27,1,1,0.7015,0.11,3095951,90750.1568,1219240
node0.tardis-apia.ldos-ut-pg0.wisc.cloudlab.us,tencentBlock_15420,lruforgive,10,9075,27,1,2,0.7015,0.11,3095951,90750.1568,1219240
node0.tardis-apia.ldos-ut-pg0.wisc.cloudlab.us,tencentBlock_15420,lruforgive,10,9075,27,1,3,0.7015,0.11,3095951,90750.1568,1219240
node0.tardis-apia.ldos-ut-pg0.wisc.cloudlab.us,tencentBlock_15420,s3fifo,10,9075,27,1,1,0.6824,0.11,3095951,90750.1568,1219240
node0.tardis-apia.ldos-ut-pg0.wisc.cloudlab.us,tencentBlock_15420,s3fifo,10,9075,27,1,2,0.6824,0.11,3095951,90750.1568,1219240
node0.tardis-apia.ldos-ut-pg0.wisc.cloudlab.us,tencentBlock_15420,s3fifo,10,9075,27,1,3,0.6824,0.11,3095951,90750.1568,1219240
node0.tardis-apia.ldos-ut-pg0.wisc.cloudlab.us,tencentBlock_15420,s3fifoforgive,10,9075,27,1,1,0.6824,0.11,3095951,90750.1568,1219240
node0.tardis-apia.ldos-ut-pg0.wisc.cloudlab.us,tencentBlock_15420,s3fifoforgive,10,9075,27,1,2,0.6824,0.11,3095951,90750.1568,1219240
node0.tardis-apia.ldos-ut-pg0.wisc.cloudlab.us,tencentBlock_15420,s3fifoforgive,10,9075,27,1,3,0.6824,0.11,3095951,90750.1568,1219240
node0.tardis-apia.ldos-ut-pg0.wisc.cloudlab.us,tencentBlock_15420,lru,0.1,91,23,1,1,0.7976,0.19,3095951,90750.1568,1219240
node0.tardis-apia.ldos-ut-pg0.wisc.cloudlab.us,tencentBlock_15420,lru,0.1,91,23,1,2,0.7976,0.19,3095951,90750.1568,1219240
node0.tardis-apia.ldos-ut-pg0.wisc.cloudlab.us,tencentBlock_15420,lru,0.1,91,23,1,3,0.7976,0.19,3095951,90750.1568,1219240
node0.tardis-apia.ldos-ut-pg0.wisc.cloudlab.us,tencentBlock_15420,lruforgive,0.1,91,23,1,1,0.7943,0.17,3095951,90750.1568,1219240
node0.tardis-apia.ldos-ut-pg0.wisc.cloudlab.us,tencentBlock_15420,lruforgive,0.1,91,23,1,2,0.7943,0.18,3095951,90750.1568,1219240
node0.tardis-apia.ldos-ut-pg0.wisc.cloudlab.us,tencentBlock_15420,lruforgive,0.1,91,23,1,3,0.7943,0.18,3095951,90750.1568,1219240
node0.tardis-apia.ldos-ut-pg0.wisc.cloudlab.us,tencentBlock_15420,s3fifo,0.1,91,23,1,1,0.7955,0.19,3095951,90750.1568,1219240
node0.tardis-apia.ldos-ut-pg0.wisc.cloudlab.us,tencentBlock_15420,s3fifo,0.1,91,23,1,2,0.7955,0.19,3095951,90750.1568,1219240
node0.tardis-apia.ldos-ut-pg0.wisc.cloudlab.us,tencentBlock_15420,s3fifo,0.1,91,23,1,3,0.7955,0.19,3095951,90750.1568,1219240
node0.tardis-apia.ldos-ut-pg0.wisc.cloudlab.us,tencentBlock_15420,s3fifoforgive,0.1,91,23,1,1,0.7955,0.19,3095951,90750.1568,1219240
node0.tardis-apia.ldos-ut-pg0.wisc.cloudlab.us,tencentBlock_15420,s3fifoforgive,0.1,91,23,1,2,0.7955,0.19,3095951,90750.1568,1219240
node0.tardis-apia.ldos-ut-pg0.wisc.cloudlab.us,tencentBlock_15420,s3fifoforgive,0.1,91,23,1,3,0.7955,0.19,3095951,90750.1568,1219240
node0.tardis-apia.ldos-ut-pg0.wisc.cloudlab.us,tencentBlock_1548,lru,10,2378,27,1,1,0.7257,0.36,323267522,23778.7136,1291323
node0.tardis-apia.ldos-ut-pg0.wisc.cloudlab.us,tencentBlock_1548,lru,10,2378,27,1,2,0.7257,0.36,323267522,23778.7136,1291323
node0.tardis-apia.ldos-ut-pg0.wisc.cloudlab.us,tencentBlock_1548,lru,10,2378,27,1,3,0.7257,0.35,323267522,23778.7136,1291323
node0.tardis-apia.ldos-ut-pg0.wisc.cloudlab.us,tencentBlock_1548,lruforgive,10,2378,27,1,1,0.7019,0.25,323267522,23778.7136,1291323
node0.tardis-apia.ldos-ut-pg0.wisc.cloudlab.us,tencentBlock_1548,lruforgive,10,2378,27,1,2,0.7021,0.25,323267522,23778.7136,1291323
node0.tardis-apia.ldos-ut-pg0.wisc.cloudlab.us,tencentBlock_1548,lruforgive,10,2378,27,1,3,0.7020,0.25,323267522,23778.7136,1291323
node0.tardis-apia.ldos-ut-pg0.wisc.cloudlab.us,tencentBlock_1548,s3fifo,10,2378,27,1,1,0.6124,0.41,323267522,23778.7136,1291323
node0.tardis-apia.ldos-ut-pg0.wisc.cloudlab.us,tencentBlock_1548,s3fifo,10,2378,27,1,2,0.6124,0.41,323267522,23778.7136,1291323
node0.tardis-apia.ldos-ut-pg0.wisc.cloudlab.us,tencentBlock_1548,s3fifo,10,2378,27,1,3,0.6125,0.41,323267522,23778.7136,1291323
node0.tardis-apia.ldos-ut-pg0.wisc.cloudlab.us,tencentBlock_1548,s3fifoforgive,10,2378,27,1,1,0.6121,0.28,323267522,23778.7136,1291323
node0.tardis-apia.ldos-ut-pg0.wisc.cloudlab.us,tencentBlock_1548,s3fifoforgive,10,2378,27,1,2,0.6121,0.28,323267522,23778.7136,1291323
node0.tardis-apia.ldos-ut-pg0.wisc.cloudlab.us,tencentBlock_1548,s3fifoforgive,10,2378,27,1,3,0.6121,0.28,323267522,23778.7136,1291323
node0.tardis-apia.ldos-ut-pg0.wisc.cloudlab.us,tencentBlock_1548,lru,0.1,24,21,1,1,0.9726,1.14,323267522,23778.7136,1291323
node0.tardis-apia.ldos-ut-pg0.wisc.cloudlab.us,tencentBlock_1548,lru,0.1,24,21,1,2,0.9726,1.10,323267522,23778.7136,1291323
node0.tardis-apia.ldos-ut-pg0.wisc.cloudlab.us,tencentBlock_1548,lru,0.1,24,21,1,3,0.9726,1.14,323267522,23778.7136,1291323
node0.tardis-apia.ldos-ut-pg0.wisc.cloudlab.us,tencentBlock_1548,lruforgive,0.1,24,21,1,1,0.9654,0.70,323267522,23778.7136,1291323
node0.tardis-apia.ldos-ut-pg0.wisc.cloudlab.us,tencentBlock_1548,lruforgive,0.1,24,21,1,2,0.9654,0.70,323267522,23778.7136,1291323
node0.tardis-apia.ldos-ut-pg0.wisc.cloudlab.us,tencentBlock_1548,lruforgive,0.1,24,21,1,3,0.9654,0.69,323267522,23778.7136,1291323
node0.tardis-apia.ldos-ut-pg0.wisc.cloudlab.us,tencentBlock_1548,s3fifo,0.1,24,21,1,1,0.9641,1.27,323267522,23778.7136,1291323
node0.tardis-apia.ldos-ut-pg0.wisc.cloudlab.us,tencentBlock_1548,s3fifo,0.1,24,21,1,2,0.9641,1.24,323267522,23778.7136,1291323
node0.tardis-apia.ldos-ut-pg0.wisc.cloudlab.us,tencentBlock_1548,s3fifo,0.1,24,21,1,3,0.9641,1.28,323267522,23778.7136,1291323
node0.tardis-apia.ldos-ut-pg0.wisc.cloudlab.us,tencentBlock_1548,s3fifoforgive,0.1,24,21,1,1,0.9641,1.06,323267522,23778.7136,1291323
node0.tardis-apia.ldos-ut-pg0.wisc.cloudlab.us,tencentBlock_1548,s3fifoforgive,0.1,24,21,1,2,0.9641,1.06,323267522,23778.7136,1291323
node0.tardis-apia.ldos-ut-pg0.wisc.cloudlab.us,tencentBlock_1548,s3fifoforgive,0.1,24,21,1,3,0.9641,1.05,323267522,23778.7136,1291323
node0.tardis-apia.ldos-ut-pg0.wisc.cloudlab.us,tencentBlock_15481,lru,10,1256,26,1,1,0.3268,0.59,10734896,12555.776,1139151
node0.tardis-apia.ldos-ut-pg0.wisc.cloudlab.us,tencentBlock_15481,lru,10,1256,26,1,2,0.3268,0.60,10734896,12555.776,1139151
node0.tardis-apia.ldos-ut-pg0.wisc.cloudlab.us,tencentBlock_15481,lru,10,1256,26,1,3,0.3266,0.60,10734896,12555.776,1139151
node0.tardis-apia.ldos-ut-pg0.wisc.cloudlab.us,tencentBlock_15481,lruforgive,10,1256,26,1,1,0.3253,0.39,10734896,12555.776,1139151
node0.tardis-apia.ldos-ut-pg0.wisc.cloudlab.us,tencentBlock_15481,lruforgive,10,1256,26,1,2,0.3258,0.39,10734896,12555.776,1139151
node0.tardis-apia.ldos-ut-pg0.wisc.cloudlab.us,tencentBlock_15481,lruforgive,10,1256,26,1,3,0.3258,0.39,10734896,12555.776,1139151
node0.tardis-apia.ldos-ut-pg0.wisc.cloudlab.us,tencentBlock_15481,s3fifo,10,1256,26,1,1,0.3153,0.65,10734896,12555.776,1139151
node0.tardis-apia.ldos-ut-pg0.wisc.cloudlab.us,tencentBlock_15481,s3fifo,10,1256,26,1,2,0.3157,0.65,10734896,12555.776,1139151
node0.tardis-apia.ldos-ut-pg0.wisc.cloudlab.us,tencentBlock_15481,s3fifo,10,1256,26,1,3,0.3154,0.65,10734896,12555.776,1139151
node0.tardis-apia.ldos-ut-pg0.wisc.cloudlab.us,tencentBlock_15481,s3fifoforgive,10,1256,26,1,1,0.3154,0.42,10734896,12555.776,1139151
node0.tardis-apia.ldos-ut-pg0.wisc.cloudlab.us,tencentBlock_15481,s3fifoforgive,10,1256,26,1,2,0.3154,0.41,10734896,12555.776,1139151
node0.tardis-apia.ldos-ut-pg0.wisc.cloudlab.us,tencentBlock_15481,s3fifoforgive,10,1256,26,1,3,0.3154,0.42,10734896,12555.776,1139151
node0.tardis-apia.ldos-ut-pg0.wisc.cloudlab.us,tencentBlock_15481,lru,0.1,13,20,1,1,0.5837,2.26,10734896,12555.776,1139151
node0.tardis-apia.ldos-ut-pg0.wisc.cloudlab.us,tencentBlock_15481,lru,0.1,13,20,1,2,0.5837,2.22,10734896,12555.776,1139151
node0.tardis-apia.ldos-ut-pg0.wisc.cloudlab.us,tencentBlock_15481,lru,0.1,13,20,1,3,0.5837,2.25,10734896,12555.776,1139151
node0.tardis-apia.ldos-ut-pg0.wisc.cloudlab.us,tencentBlock_15481,lruforgive,0.1,13,20,1,1,0.5715,0.95,10734896,12555.776,1139151
node0.tardis-apia.ldos-ut-pg0.wisc.cloudlab.us,tencentBlock_15481,lruforgive,0.1,13,20,1,2,0.5715,0.93,10734896,12555.776,1139151
node0.tardis-apia.ldos-ut-pg0.wisc.cloudlab.us,tencentBlock_15481,lruforgive,0.1,13,20,1,3,0.5715,0.92,10734896,12555.776,1139151
node0.tardis-apia.ldos-ut-pg0.wisc.cloudlab.us,tencentBlock_15481,s3fifo,0.1,13,20,1,1,0.5737,2.32,10734896,12555.776,1139151
node0.tardis-apia.ldos-ut-pg0.wisc.cloudlab.us,tencentBlock_15481,s3fifo,0.1,13,20,1,2,0.5737,2.27,10734896,12555.776,1139151
node0.tardis-apia.ldos-ut-pg0.wisc.cloudlab.us,tencentBlock_15481,s3fifo,0.1,13,20,1,3,0.5737,2.32,10734896,12555.776,1139151
node0.tardis-apia.ldos-ut-pg0.wisc.cloudlab.us,tencentBlock_15481,s3fifoforgive,0.1,13,20,1,1,0.5729,1.23,10734896,12555.776,1139151
node0.tardis-apia.ldos-ut-pg0.wisc.cloudlab.us,tencentBlock_15481,s3fifoforgive,0.1,13,20,1,2,0.5729,1.22,10734896,12555.776,1139151
node0.tardis-apia.ldos-ut-pg0.wisc.cloudlab.us,tencentBlock_15481,s3fifoforgive,0.1,13,20,1,3,0.5729,1.21,10734896,12555.776,1139151
node0.tardis-apia.ldos-ut-pg0.wisc.cloudlab.us,tencentBlock_1552,lru,10,3572,27,1,1,0.2872,0.48,45021791,35720.704,2660297
node0.tardis-apia.ldos-ut-pg0.wisc.cloudlab.us,tencentBlock_1552,lru,10,3572,27,1,2,0.2872,0.47,45021791,35720.704,2660297
node0.tardis-apia.ldos-ut-pg0.wisc.cloudlab.us,tencentBlock_1552,lru,10,3572,27,1,3,0.2872,0.48,45021791,35720.704,2660297
node0.tardis-apia.ldos-ut-pg0.wisc.cloudlab.us,tencentBlock_1552,lruforgive,10,3572,27,1,1,0.2853,0.27,45021791,35720.704,2660297
node0.tardis-apia.ldos-ut-pg0.wisc.cloudlab.us,tencentBlock_1552,lruforgive,10,3572,27,1,2,0.2853,0.27,45021791,35720.704,2660297
node0.tardis-apia.ldos-ut-pg0.wisc.cloudlab.us,tencentBlock_1552,lruforgive,10,3572,27,1,3,0.2853,0.26,45021791,35720.704,2660297
node0.tardis-apia.ldos-ut-pg0.wisc.cloudlab.us,tencentBlock_1552,s3fifo,10,3572,27,1,1,0.2775,0.48,45021791,35720.704,2660297
node0.tardis-apia.ldos-ut-pg0.wisc.cloudlab.us,tencentBlock_1552,s3fifo,10,3572,27,1,2,0.2775,0.48,45021791,35720.704,2660297
node0.tardis-apia.ldos-ut-pg0.wisc.cloudlab.us,tencentBlock_1552,s3fifo,10,3572,27,1,3,0.2775,0.48,45021791,35720.704,2660297
node0.tardis-apia.ldos-ut-pg0.wisc.cloudlab.us,tencentBlock_1552,s3fifoforgive,10,3572,27,1,1,0.2773,0.29,45021791,35720.704,2660297
node0.tardis-apia.ldos-ut-pg0.wisc.cloudlab.us,tencentBlock_1552,s3fifoforgive,10,3572,27,1,2,0.2773,0.29,45021791,35720.704,2660297
node0.tardis-apia.ldos-ut-pg0.wisc.cloudlab.us,tencentBlock_1552,s3fifoforgive,10,3572,27,1,3,0.2773,0.29,45021791,35720.704,2660297
node0.tardis-apia.ldos-ut-pg0.wisc.cloudlab.us,tencentBlock_1552,lru,0.1,36,21,1,1,0.8271,1.08,45021791,35720.704,2660297
node0.tardis-apia.ldos-ut-pg0.wisc.cloudlab.us,tencentBlock_1552,lru,0.1,36,21,1,2,0.8271,1.09,45021791,35720.704,2660297
node0.tardis-apia.ldos-ut-pg0.wisc.cloudlab.us,tencentBlock_1552,lru,0.1,36,21,1,3,0.8271,1.06,45021791,35720.704,2660297
node0.tardis-apia.ldos-ut-pg0.wisc.cloudlab.us,tencentBlock_1552,lruforgive,0.1,36,21,1,1,0.8166,0.69,45021791,35720.704,2660297
node0.tardis-apia.ldos-ut-pg0.wisc.cloudlab.us,tencentBlock_1552,lruforgive,0.1,36,21,1,2,0.8166,0.69,45021791,35720.704,2660297
node0.tardis-apia.ldos-ut-pg0.wisc.cloudlab.us,tencentBlock_1552,lruforgive,0.1,36,21,1,3,0.8166,0.67,45021791,35720.704,2660297
node0.tardis-apia.ldos-ut-pg0.wisc.cloudlab.us,tencentBlock_1552,s3fifo,0.1,36,21,1,1,0.8505,1.35,45021791,35720.704,2660297
node0.tardis-apia.ldos-ut-pg0.wisc.cloudlab.us,tencentBlock_1552,s3fifo,0.1,36,21,1,2,0.8505,1.34,45021791,35720.704,2660297
node0.tardis-apia.ldos-ut-pg0.wisc.cloudlab.us,tencentBlock_1552,s3fifo,0.1,36,21,1,3,0.8505,1.34,45021791,35720.704,2660297
node0.tardis-apia.ldos-ut-pg0.wisc.cloudlab.us,tencentBlock_1552,s3fifoforgive,0.1,36,21,1,1,0.8457,0.96,45021791,35720.704,2660297
node0.tardis-apia.ldos-ut-pg0.wisc.cloudlab.us,tencentBlock_1552,s3fifoforgive,0.1,36,21,1,2,0.8457,0.97,45021791,35720.704,2660297
node0.tardis-apia.ldos-ut-pg0.wisc.cloudlab.us,tencentBlock_1552,s3fifoforgive,0.1,36,21,1,3,0.8457,0.93,45021791,35720.704,2660297
node0.tardis-apia.ldos-ut-pg0.wisc.cloudlab.us,tencentBlock_15549,lru,10,56109,27,1,1,0.1227,0.08,18761802,561087.6928,1949813
node0.tardis-apia.ldos-ut-pg0.wisc.cloudlab.us,tencentBlock_15549,lru,10,56109,27,1,2,0.1227,0.08,18761802,561087.6928,1949813
node0.tardis-apia.ldos-ut-pg0.wisc.cloudlab.us,tencentBlock_15549,lru,10,56109,27,1,3,0.1227,0.08,18761802,561087.6928,1949813
node0.tardis-apia.ldos-ut-pg0.wisc.cloudlab.us,tencentBlock_15549,lruforgive,10,56109,27,1,1,0.1226,0.08,18761802,561087.6928,1949813
node0.tardis-apia.ldos-ut-pg0.wisc.cloudlab.us,tencentBlock_15549,lruforgive,10,56109,27,1,2,0.1226,0.08,18761802,561087.6928,1949813
node0.tardis-apia.ldos-ut-pg0.wisc.cloudlab.us,tencentBlock_15549,lruforgive,10,56109,27,1,3,0.1226,0.07,18761802,561087.6928,1949813
node0.tardis-apia.ldos-ut-pg0.wisc.cloudlab.us,tencentBlock_15549,s3fifo,10,56109,27,1,1,0.1277,0.09,18761802,561087.6928,1949813
node0.tardis-apia.ldos-ut-pg0.wisc.cloudlab.us,tencentBlock_15549,s3fifo,10,56109,27,1,2,0.1277,0.09,18761802,561087.6928,1949813
node0.tardis-apia.ldos-ut-pg0.wisc.cloudlab.us,tencentBlock_15549,s3fifo,10,56109,27,1,3,0.1277,0.09,18761802,561087.6928,1949813
node0.tardis-apia.ldos-ut-pg0.wisc.cloudlab.us,tencentBlock_15549,s3fifoforgive,10,56109,27,1,1,0.1277,0.08,18761802,561087.6928,1949813
node0.tardis-apia.ldos-ut-pg0.wisc.cloudlab.us,tencentBlock_15549,s3fifoforgive,10,56109,27,1,2,0.1277,0.08,18761802,561087.6928,1949813
node0.tardis-apia.ldos-ut-pg0.wisc.cloudlab.us,tencentBlock_15549,s3fifoforgive,10,56109,27,1,3,0.1277,0.08,18761802,561087.6928,1949813
node0.tardis-apia.ldos-ut-pg0.wisc.cloudlab.us,tencentBlock_15549,lru,0.1,561,25,1,1,0.6159,0.12,18761802,561087.6928,1949813
node0.tardis-apia.ldos-ut-pg0.wisc.cloudlab.us,tencentBlock_15549,lru,0.1,561,25,1,2,0.6159,0.12,18761802,561087.6928,1949813
node0.tardis-apia.ldos-ut-pg0.wisc.cloudlab.us,tencentBlock_15549,lru,0.1,561,25,1,3,0.6159,0.13,18761802,561087.6928,1949813
node0.tardis-apia.ldos-ut-pg0.wisc.cloudlab.us,tencentBlock_15549,lruforgive,0.1,561,25,1,1,0.6154,0.12,18761802,561087.6928,1949813
node0.tardis-apia.ldos-ut-pg0.wisc.cloudlab.us,tencentBlock_15549,lruforgive,0.1,561,25,1,2,0.6154,0.12,18761802,561087.6928,1949813
node0.tardis-apia.ldos-ut-pg0.wisc.cloudlab.us,tencentBlock_15549,lruforgive,0.1,561,25,1,3,0.6154,0.12,18761802,561087.6928,1949813
node0.tardis-apia.ldos-ut-pg0.wisc.cloudlab.us,tencentBlock_15549,s3fifo,0.1,561,25,1,1,0.6157,0.15,18761802,561087.6928,1949813
node0.tardis-apia.ldos-ut-pg0.wisc.cloudlab.us,tencentBlock_15549,s3fifo,0.1,561,25,1,2,0.6157,0.15,18761802,561087.6928,1949813
node0.tardis-apia.ldos-ut-pg0.wisc.cloudlab.us,tencentBlock_15549,s3fifo,0.1,561,25,1,3,0.6157,0.15,18761802,561087.6928,1949813
node0.tardis-apia.ldos-ut-pg0.wisc.cloudlab.us,tencentBlock_15549,s3fifoforgive,0.1,561,25,1,1,0.6155,0.14,18761802,561087.6928,1949813
node0.tardis-apia.ldos-ut-pg0.wisc.cloudlab.us,tencentBlock_15549,s3fifoforgive,0.1,561,25,1,2,0.6155,0.14,18761802,561087.6928,1949813
node0.tardis-apia.ldos-ut-pg0.wisc.cloudlab.us,tencentBlock_15549,s3fifoforgive,0.1,561,25,1,3,0.6155,0.14,18761802,561087.6928,1949813
node0.tardis-apia.ldos-ut-pg0.wisc.cloudlab.us,tencentBlock_1557,lru,10,3810,27,1,1,0.4187,0.34,17650406,38101.8112,1733690
node0.tardis-apia.ldos-ut-pg0.wisc.cloudlab.us,tencentBlock_1557,lru,10,3810,27,1,2,0.4187,0.34,17650406,38101.8112,1733690
node0.tardis-apia.ldos-ut-pg0.wisc.cloudlab.us,tencentBlock_1557,lru,10,3810,27,1,3,0.4187,0.34,17650406,38101.8112,1733690
node0.tardis-apia.ldos-ut-pg0.wisc.cloudlab.us,tencentBlock_1557,lruforgive,10,3810,27,1,1,0.4130,0.25,17650406,38101.8112,1733690
node0.tardis-apia.ldos-ut-pg0.wisc.cloudlab.us,tencentBlock_1557,lruforgive,10,3810,27,1,2,0.4130,0.25,17650406,38101.8112,1733690
node0.tardis-apia.ldos-ut-pg0.wisc.cloudlab.us,tencentBlock_1557,lruforgive,10,3810,27,1,3,0.4130,0.25,17650406,38101.8112,1733690
node0.tardis-apia.ldos-ut-pg0.wisc.cloudlab.us,tencentBlock_1557,s3fifo,10,3810,27,1,1,0.3654,0.39,17650406,38101.8112,1733690
node0.tardis-apia.ldos-ut-pg0.wisc.cloudlab.us,tencentBlock_1557,s3fifo,10,3810,27,1,2,0.3654,0.39,17650406,38101.8112,1733690
node0.tardis-apia.ldos-ut-pg0.wisc.cloudlab.us,tencentBlock_1557,s3fifo,10,3810,27,1,3,0.3654,0.39,17650406,38101.8112,1733690
node0.tardis-apia.ldos-ut-pg0.wisc.cloudlab.us,tencentBlock_1557,s3fifoforgive,10,3810,27,1,1,0.3650,0.28,17650406,38101.8112,1733690
node0.tardis-apia.ldos-ut-pg0.wisc.cloudlab.us,tencentBlock_1557,s3fifoforgive,10,3810,27,1,2,0.3650,0.28,17650406,38101.8112,1733690
node0.tardis-apia.ldos-ut-pg0.wisc.cloudlab.us,tencentBlock_1557,s3fifoforgive,10,3810,27,1,3,0.3650,0.28,17650406,38101.8112,1733690
node0.tardis-apia.ldos-ut-pg0.wisc.cloudlab.us,tencentBlock_1557,lru,0.1,38,21,1,1,0.8729,0.79,17650406,38101.8112,1733690
node0.tardis-apia.ldos-ut-pg0.wisc.cloudlab.us,tencentBlock_1557,lru,0.1,38,21,1,2,0.8729,0.79,17650406,38101.8112,1733690
node0.tardis-apia.ldos-ut-pg0.wisc.cloudlab.us,tencentBlock_1557,lru,0.1,38,21,1,3,0.8729,0.77,17650406,38101.8112,1733690
node0.tardis-apia.ldos-ut-pg0.wisc.cloudlab.us,tencentBlock_1557,lruforgive,0.1,38,21,1,1,0.8501,0.51,17650406,38101.8112,1733690
node0.tardis-apia.ldos-ut-pg0.wisc.cloudlab.us,tencentBlock_1557,lruforgive,0.1,38,21,1,2,0.8501,0.52,17650406,38101.8112,1733690
node0.tardis-apia.ldos-ut-pg0.wisc.cloudlab.us,tencentBlock_1557,lruforgive,0.1,38,21,1,3,0.8501,0.51,17650406,38101.8112,1733690
node0.tardis-apia.ldos-ut-pg0.wisc.cloudlab.us,tencentBlock_1557,s3fifo,0.1,38,21,1,1,0.8369,1.05,17650406,38101.8112,1733690
node0.tardis-apia.ldos-ut-pg0.wisc.cloudlab.us,tencentBlock_1557,s3fifo,0.1,38,21,1,2,0.8369,1.06,17650406,38101.8112,1733690
node0.tardis-apia.ldos-ut-pg0.wisc.cloudlab.us,tencentBlock_1557,s3fifo,0.1,38,21,1,3,0.8369,1.05,17650406,38101.8112,1733690
node0.tardis-apia.ldos-ut-pg0.wisc.cloudlab.us,tencentBlock_1557,s3fifoforgive,0.1,38,21,1,1,0.8318,0.86,17650406,38101.8112,1733690
node0.tardis-apia.ldos-ut-pg0.wisc.cloudlab.us,tencentBlock_1557,s3fifoforgive,0.1,38,21,1,2,0.8318,0.87,17650406,38101.8112,1733690
node0.tardis-apia.ldos-ut-pg0.wisc.cloudlab.us,tencentBlock_1557,s3fifoforgive,0.1,38,21,1,3,0.8318,0.84,17650406,38101.8112,1733690
node0.tardis-apia.ldos-ut-pg0.wisc.cloudlab.us,tencentBlock_15701,lru,10,1659,27,1,1,0.3775,0.44,5681698,16588.4928,1002500
node0.tardis-apia.ldos-ut-pg0.wisc.cloudlab.us,tencentBlock_15701,lru,10,1659,27,1,2,0.3775,0.44,5681698,16588.4928,1002500
node0.tardis-apia.ldos-ut-pg0.wisc.cloudlab.us,tencentBlock_15701,lru,10,1659,27,1,3,0.3776,0.45,5681698,16588.4928,1002500
node0.tardis-apia.ldos-ut-pg0.wisc.cloudlab.us,tencentBlock_15701,lruforgive,10,1659,27,1,1,0.3771,0.37,5681698,16588.4928,1002500
node0.tardis-apia.ldos-ut-pg0.wisc.cloudlab.us,tencentBlock_15701,lruforgive,10,1659,27,1,2,0.3771,0.37,5681698,16588.4928,1002500
node0.tardis-apia.ldos-ut-pg0.wisc.cloudlab.us,tencentBlock_15701,lruforgive,10,1659,27,1,3,0.3771,0.37,5681698,16588.4928,1002500
node0.tardis-apia.ldos-ut-pg0.wisc.cloudlab.us,tencentBlock_15701,s3fifo,10,1659,27,1,1,0.3632,0.48,5681698,16588.4928,1002500
node0.tardis-apia.ldos-ut-pg0.wisc.cloudlab.us,tencentBlock_15701,s3fifo,10,1659,27,1,2,0.3632,0.49,5681698,16588.4928,1002500
node0.tardis-apia.ldos-ut-pg0.wisc.cloudlab.us,tencentBlock_15701,s3fifo,10,1659,27,1,3,0.3634,0.49,5681698,16588.4928,1002500
node0.tardis-apia.ldos-ut-pg0.wisc.cloudlab.us,tencentBlock_15701,s3fifoforgive,10,1659,27,1,1,0.3633,0.39,5681698,16588.4928,1002500
node0.tardis-apia.ldos-ut-pg0.wisc.cloudlab.us,tencentBlock_15701,s3fifoforgive,10,1659,27,1,2,0.3632,0.39,5681698,16588.4928,1002500
node0.tardis-apia.ldos-ut-pg0.wisc.cloudlab.us,tencentBlock_15701,s3fifoforgive,10,1659,27,1,3,0.3632,0.38,5681698,16588.4928,1002500
node0.tardis-apia.ldos-ut-pg0.wisc.cloudlab.us,tencentBlock_15701,lru,0.1,17,20,1,1,0.6167,1.89,5681698,16588.4928,1002500
node0.tardis-apia.ldos-ut-pg0.wisc.cloudlab.us,tencentBlock_15701,lru,0.1,17,20,1,2,0.6167,1.91,5681698,16588.4928,1002500
node0.tardis-apia.ldos-ut-pg0.wisc.cloudlab.us,tencentBlock_15701,lru,0.1,17,20,1,3,0.6167,1.88,5681698,16588.4928,1002500
node0.tardis-apia.ldos-ut-pg0.wisc.cloudlab.us,tencentBlock_15701,lruforgive,0.1,17,20,1,1,0.6054,1.00,5681698,16588.4928,1002500
node0.tardis-apia.ldos-ut-pg0.wisc.cloudlab.us,tencentBlock_15701,lruforgive,0.1,17,20,1,2,0.6054,1.00,5681698,16588.4928,1002500
node0.tardis-apia.ldos-ut-pg0.wisc.cloudlab.us,tencentBlock_15701,lruforgive,0.1,17,20,1,3,0.6054,0.96,5681698,16588.4928,1002500
node0.tardis-apia.ldos-ut-pg0.wisc.cloudlab.us,tencentBlock_15701,s3fifo,0.1,17,20,1,1,0.6060,1.97,5681698,16588.4928,1002500
node0.tardis-apia.ldos-ut-pg0.wisc.cloudlab.us,tencentBlock_15701,s3fifo,0.1,17,20,1,2,0.6060,1.98,5681698,16588.4928,1002500
node0.tardis-apia.ldos-ut-pg0.wisc.cloudlab.us,tencentBlock_15701,s3fifo,0.1,17,20,1,3,0.6060,1.99,5681698,16588.4928,1002500
node0.tardis-apia.ldos-ut-pg0.wisc.cloudlab.us,tencentBlock_15701,s3fifoforgive,0.1,17,20,1,1,0.6057,1.19,5681698,16588.4928,1002500
node0.tardis-apia.ldos-ut-pg0.wisc.cloudlab.us,tencentBlock_15701,s3fifoforgive,0.1,17,20,1,2,0.6057,1.18,5681698,16588.4928,1002500
node0.tardis-apia.ldos-ut-pg0.wisc.cloudlab.us,tencentBlock_15701,s3fifoforgive,0.1,17,20,1,3,0.6057,1.21,5681698,16588.4928,1002500
node0.tardis-apia.ldos-ut-pg0.wisc.cloudlab.us,tencentBlock_15804,lru,10,2805,27,1,1,0.2539,0.46,60738967,28052.6848,2176395
node0.tardis-apia.ldos-ut-pg0.wisc.cloudlab.us,tencentBlock_15804,lru,10,2805,27,1,2,0.2539,0.46,60738967,28052.6848,2176395
node0.tardis-apia.ldos-ut-pg0.wisc.cloudlab.us,tencentBlock_15804,lru,10,2805,27,1,3,0.2539,0.46,60738967,28052.6848,2176395
node0.tardis-apia.ldos-ut-pg0.wisc.cloudlab.us,tencentBlock_15804,lruforgive,10,2805,27,1,1,0.2516,0.25,60738967,28052.6848,2176395
node0.tardis-apia.ldos-ut-pg0.wisc.cloudlab.us,tencentBlock_15804,lruforgive,10,2805,27,1,2,0.2516,0.25,60738967,28052.6848,2176395
node0.tardis-apia.ldos-ut-pg0.wisc.cloudlab.us,tencentBlock_15804,lruforgive,10,2805,27,1,3,0.2516,0.25,60738967,28052.6848,2176395
node0.tardis-apia.ldos-ut-pg0.wisc.cloudlab.us,tencentBlock_15804,s3fifo,10,2805,27,1,1,0.2765,0.48,60738967,28052.6848,2176395
node0.tardis-apia.ldos-ut-pg0.wisc.cloudlab.us,tencentBlock_15804,s3fifo,10,2805,27,1,2,0.2765,0.48,60738967,28052.6848,2176395
node0.tardis-apia.ldos-ut-pg0.wisc.cloudlab.us,tencentBlock_15804,s3fifo,10,2805,27,1,3,0.2765,0.48,60738967,28052.6848,2176395
node0.tardis-apia.ldos-ut-pg0.wisc.cloudlab.us,tencentBlock_15804,s3fifoforgive,10,2805,27,1,1,0.2759,0.28,60738967,28052.6848,2176395
node0.tardis-apia.ldos-ut-pg0.wisc.cloudlab.us,tencentBlock_15804,s3fifoforgive,10,2805,27,1,2,0.2759,0.27,60738967,28052.6848,2176395
node0.tardis-apia.ldos-ut-pg0.wisc.cloudlab.us,tencentBlock_15804,s3fifoforgive,10,2805,27,1,3,0.2759,0.28,60738967,28052.6848,2176395
node0.tardis-apia.ldos-ut-pg0.wisc.cloudlab.us,tencentBlock_15804,lru,0.1,28,21,1,1,0.9202,2.83,60738967,28052.6848,2176395
node0.tardis-apia.ldos-ut-pg0.wisc.cloudlab.us,tencentBlock_15804,lru,0.1,28,21,1,2,0.9202,2.81,60738967,28052.6848,2176395
node0.tardis-apia.ldos-ut-pg0.wisc.cloudlab.us,tencentBlock_15804,lru,0.1,28,21,1,3,0.9202,2.75,60738967,28052.6848,2176395
node0.tardis-apia.ldos-ut-pg0.wisc.cloudlab.us,tencentBlock_15804,lruforgive,0.1,28,21,1,1,0.9186,1.71,60738967,28052.6848,2176395
node0.tardis-apia.ldos-ut-pg0.wisc.cloudlab.us,tencentBlock_15804,lruforgive,0.1,28,21,1,2,0.9186,1.69,60738967,28052.6848,2176395
node0.tardis-apia.ldos-ut-pg0.wisc.cloudlab.us,tencentBlock_15804,lruforgive,0.1,28,21,1,3,0.9186,1.67,60738967,28052.6848,2176395
node0.tardis-apia.ldos-ut-pg0.wisc.cloudlab.us,tencentBlock_15804,s3fifo,0.1,28,21,1,1,0.9274,3.04,60738967,28052.6848,2176395
node0.tardis-apia.ldos-ut-pg0.wisc.cloudlab.us,tencentBlock_15804,s3fifo,0.1,28,21,1,2,0.9274,2.95,60738967,28052.6848,2176395
node0.tardis-apia.ldos-ut-pg0.wisc.cloudlab.us,tencentBlock_15804,s3fifo,0.1,28,21,1,3,0.9274,2.96,60738967,28052.6848,2176395
node0.tardis-apia.ldos-ut-pg0.wisc.cloudlab.us,tencentBlock_15804,s3fifoforgive,0.1,28,21,1,1,0.9265,2.12,60738967,28052.6848,2176395
node0.tardis-apia.ldos-ut-pg0.wisc.cloudlab.us,tencentBlock_15804,s3fifoforgive,0.1,28,21,1,2,0.9265,2.09,60738967,28052.6848,2176395
node0.tardis-apia.ldos-ut-pg0.wisc.cloudlab.us,tencentBlock_15804,s3fifoforgive,0.1,28,21,1,3,0.9265,2.19,60738967,28052.6848,2176395
node0.tardis-apia.ldos-ut-pg0.wisc.cloudlab.us,tencentBlock_15812,lru,10,2977,27,1,1,0.3203,0.40,55567328,29768.8064,2182431
node0.tardis-apia.ldos-ut-pg0.wisc.cloudlab.us,tencentBlock_15812,lru,10,2977,27,1,2,0.3203,0.40,55567328,29768.8064,2182431
node0.tardis-apia.ldos-ut-pg0.wisc.cloudlab.us,tencentBlock_15812,lru,10,2977,27,1,3,0.3203,0.40,55567328,29768.8064,2182431
node0.tardis-apia.ldos-ut-pg0.wisc.cloudlab.us,tencentBlock_15812,lruforgive,10,2977,27,1,1,0.3177,0.23,55567328,29768.8064,2182431
node0.tardis-apia.ldos-ut-pg0.wisc.cloudlab.us,tencentBlock_15812,lruforgive,10,2977,27,1,2,0.3177,0.23,55567328,29768.8064,2182431
node0.tardis-apia.ldos-ut-pg0.wisc.cloudlab.us,tencentBlock_15812,lruforgive,10,2977,27,1,3,0.3177,0.24,55567328,29768.8064,2182431
node0.tardis-apia.ldos-ut-pg0.wisc.cloudlab.us,tencentBlock_15812,s3fifo,10,2977,27,1,1,0.3047,0.42,55567328,29768.8064,2182431
node0.tardis-apia.ldos-ut-pg0.wisc.cloudlab.us,tencentBlock_15812,s3fifo,10,2977,27,1,2,0.3047,0.42,55567328,29768.8064,2182431
node0.tardis-apia.ldos-ut-pg0.wisc.cloudlab.us,tencentBlock_15812,s3fifo,10,2977,27,1,3,0.3047,0.42,55567328,29768.8064,2182431
node0.tardis-apia.ldos-ut-pg0.wisc.cloudlab.us,tencentBlock_15812,s3fifoforgive,10,2977,27,1,1,0.3044,0.26,55567328,29768.8064,2182431
node0.tardis-apia.ldos-ut-pg0.wisc.cloudlab.us,tencentBlock_15812,s3fifoforgive,10,2977,27,1,2,0.3044,0.26,55567328,29768.8064,2182431
node0.tardis-apia.ldos-ut-pg0.wisc.cloudlab.us,tencentBlock_15812,s3fifoforgive,10,2977,27,1,3,0.3044,0.26,55567328,29768.8064,2182431
node0.tardis-apia.ldos-ut-pg0.wisc.cloudlab.us,tencentBlock_15812,lru,0.1,30,21,1,1,0.8490,1.89,55567328,29768.8064,2182431
node0.tardis-apia.ldos-ut-pg0.wisc.cloudlab.us,tencentBlock_15812,lru,0.1,30,21,1,2,0.8490,1.89,55567328,29768.8064,2182431
node0.tardis-apia.ldos-ut-pg0.wisc.cloudlab.us,tencentBlock_15812,lru,0.1,30,21,1,3,0.8490,1.90,55567328,29768.8064,2182431
node0.tardis-apia.ldos-ut-pg0.wisc.cloudlab.us,tencentBlock_15812,lruforgive,0.1,30,21,1,1,0.8458,1.10,55567328,29768.8064,2182431
node0.tardis-apia.ldos-ut-pg0.wisc.cloudlab.us,tencentBlock_15812,lruforgive,0.1,30,21,1,2,0.8458,1.10,55567328,29768.8064,2182431
node0.tardis-apia.ldos-ut-pg0.wisc.cloudlab.us,tencentBlock_15812,lruforgive,0.1,30,21,1,3,0.8458,1.11,55567328,29768.8064,2182431
node0.tardis-apia.ldos-ut-pg0.wisc.cloudlab.us,tencentBlock_15812,s3fifo,0.1,30,21,1,1,0.8662,1.99,55567328,29768.8064,2182431
node0.tardis-apia.ldos-ut-pg0.wisc.cloudlab.us,tencentBlock_15812,s3fifo,0.1,30,21,1,2,0.8662,2.00,55567328,29768.8064,2182431
node0.tardis-apia.ldos-ut-pg0.wisc.cloudlab.us,tencentBlock_15812,s3fifo,0.1,30,21,1,3,0.8662,2.04,55567328,29768.8064,2182431
node0.tardis-apia.ldos-ut-pg0.wisc.cloudlab.us,tencentBlock_15812,s3fifoforgive,0.1,30,21,1,1,0.8639,1.36,55567328,29768.8064,2182431
node0.tardis-apia.ldos-ut-pg0.wisc.cloudlab.us,tencentBlock_15812,s3fifoforgive,0.1,30,21,1,2,0.8639,1.38,55567328,29768.8064,2182431
node0.tardis-apia.ldos-ut-pg0.wisc.cloudlab.us,tencentBlock_15812,s3fifoforgive,0.1,30,21,1,3,0.8639,1.38,55567328,29768.8064,2182431
node0.tardis-apia.ldos-ut-pg0.wisc.cloudlab.us,tencentBlock_1586,lru,10,3584,27,1,1,0.2613,0.52,46707771,35839.0784,2785161
node0.tardis-apia.ldos-ut-pg0.wisc.cloudlab.us,tencentBlock_1586,lru,10,3584,27,1,2,0.2613,0.51,46707771,35839.0784,2785161
node0.tardis-apia.ldos-ut-pg0.wisc.cloudlab.us,tencentBlock_1586,lru,10,3584,27,1,3,0.2613,0.51,46707771,35839.0784,2785161
node0.tardis-apia.ldos-ut-pg0.wisc.cloudlab.us,tencentBlock_1586,lruforgive,10,3584,27,1,1,0.2598,0.27,46707771,35839.0784,2785161
node0.tardis-apia.ldos-ut-pg0.wisc.cloudlab.us,tencentBlock_1586,lruforgive,10,3584,27,1,2,0.2598,0.27,46707771,35839.0784,2785161
node0.tardis-apia.ldos-ut-pg0.wisc.cloudlab.us,tencentBlock_1586,lruforgive,10,3584,27,1,3,0.2598,0.27,46707771,35839.0784,2785161
node0.tardis-apia.ldos-ut-pg0.wisc.cloudlab.us,tencentBlock_1586,s3fifo,10,3584,27,1,1,0.2496,0.53,46707771,35839.0784,2785161
node0.tardis-apia.ldos-ut-pg0.wisc.cloudlab.us,tencentBlock_1586,s3fifo,10,3584,27,1,2,0.2496,0.52,46707771,35839.0784,2785161
node0.tardis-apia.ldos-ut-pg0.wisc.cloudlab.us,tencentBlock_1586,s3fifo,10,3584,27,1,3,0.2496,0.53,46707771,35839.0784,2785161
node0.tardis-apia.ldos-ut-pg0.wisc.cloudlab.us,tencentBlock_1586,s3fifoforgive,10,3584,27,1,1,0.2495,0.30,46707771,35839.0784,2785161
node0.tardis-apia.ldos-ut-pg0.wisc.cloudlab.us,tencentBlock_1586,s3fifoforgive,10,3584,27,1,2,0.2495,0.30,46707771,35839.0784,2785161
node0.tardis-apia.ldos-ut-pg0.wisc.cloudlab.us,tencentBlock_1586,s3fifoforgive,10,3584,27,1,3,0.2495,0.30,46707771,35839.0784,2785161
node0.tardis-apia.ldos-ut-pg0.wisc.cloudlab.us,tencentBlock_1586,lru,0.1,36,21,1,1,0.8084,0.85,46707771,35839.0784,2785161
node0.tardis-apia.ldos-ut-pg0.wisc.cloudlab.us,tencentBlock_1586,lru,0.1,36,21,1,2,0.8084,0.83,46707771,35839.0784,2785161
node0.tardis-apia.ldos-ut-pg0.wisc.cloudlab.us,tencentBlock_1586,lru,0.1,36,21,1,3,0.8084,0.83,46707771,35839.0784,2785161
node0.tardis-apia.ldos-ut-pg0.wisc.cloudlab.us,tencentBlock_1586,lruforgive,0.1,36,21,1,1,0.7969,0.61,46707771,35839.0784,2785161
node0.tardis-apia.ldos-ut-pg0.wisc.cloudlab.us,tencentBlock_1586,lruforgive,0.1,36,21,1,2,0.7969,0.61,46707771,35839.0784,2785161
node0.tardis-apia.ldos-ut-pg0.wisc.cloudlab.us,tencentBlock_1586,lruforgive,0.1,36,21,1,3,0.7969,0.63,46707771,35839.0784,2785161
node0.tardis-apia.ldos-ut-pg0.wisc.cloudlab.us,tencentBlock_1586,s3fifo,0.1,36,21,1,1,0.8267,1.04,46707771,35839.0784,2785161
node0.tardis-apia.ldos-ut-pg0.wisc.cloudlab.us,tencentBlock_1586,s3fifo,0.1,36,21,1,2,0.8267,1.03,46707771,35839.0784,2785161
node0.tardis-apia.ldos-ut-pg0.wisc.cloudlab.us,tencentBlock_1586,s3fifo,0.1,36,21,1,3,0.8267,1.03,46707771,35839.0784,2785161
node0.tardis-apia.ldos-ut-pg0.wisc.cloudlab.us,tencentBlock_1586,s3fifoforgive,0.1,36,21,1,1,0.8221,0.81,46707771,35839.0784,2785161
node0.tardis-apia.ldos-ut-pg0.wisc.cloudlab.us,tencentBlock_1586,s3fifoforgive,0.1,36,21,1,2,0.8221,0.78,46707771,35839.0784,2785161
node0.tardis-apia.ldos-ut-pg0.wisc.cloudlab.us,tencentBlock_1586,s3fifoforgive,0.1,36,21,1,3,0.8221,0.78,46707771,35839.0784,2785161
node0.tardis-apia.ldos-ut-pg0.wisc.cloudlab.us,tencentBlock_1591,lru,10,13975,27,1,1,0.9965,0.08,3048061,139751.6288,2236095
node0.tardis-apia.ldos-ut-pg0.wisc.cloudlab.us,tencentBlock_1591,lru,10,13975,27,1,2,0.9965,0.08,3048061,139751.6288,2236095
node0.tardis-apia.ldos-ut-pg0.wisc.cloudlab.us,tencentBlock_1591,lru,10,13975,27,1,3,0.9965,0.08,3048061,139751.6288,2236095
node0.tardis-apia.ldos-ut-pg0.wisc.cloudlab.us,tencentBlock_1591,lruforgive,10,13975,27,1,1,0.9965,0.09,3048061,139751.6288,2236095
node0.tardis-apia.ldos-ut-pg0.wisc.cloudlab.us,tencentBlock_1591,lruforgive,10,13975,27,1,2,0.9965,0.09,3048061,139751.6288,2236095
node0.tardis-apia.ldos-ut-pg0.wisc.cloudlab.us,tencentBlock_1591,lruforgive,10,13975,27,1,3,0.9965,0.08,3048061,139751.6288,2236095
node0.tardis-apia.ldos-ut-pg0.wisc.cloudlab.us,tencentBlock_1591,s3fifo,10,13975,27,1,1,0.9947,0.08,3048061,139751.6288,2236095
node0.tardis-apia.ldos-ut-pg0.wisc.cloudlab.us,tencentBlock_1591,s3fifo,10,13975,27,1,2,0.9947,0.08,3048061,139751.6288,2236095
node0.tardis-apia.ldos-ut-pg0.wisc.cloudlab.us,tencentBlock_1591,s3fifo,10,13975,27,1,3,0.9947,0.08,3048061,139751.6288,2236095
node0.tardis-apia.ldos-ut-pg0.wisc.cloudlab.us,tencentBlock_1591,s3fifoforgive,10,13975,27,1,1,0.9947,0.09,3048061,139751.6288,2236095
node0.tardis-apia.ldos-ut-pg0.wisc.cloudlab.us,tencentBlock_1591,s3fifoforgive,10,13975,27,1,2,0.9947,0.09,3048061,139751.6288,2236095
node0.tardis-apia.ldos-ut-pg0.wisc.cloudlab.us,tencentBlock_1591,s3fifoforgive,10,13975,27,1,3,0.9947,0.09,3048061,139751.6288,2236095
node0.tardis-apia.ldos-ut-pg0.wisc.cloudlab.us,tencentBlock_1591,lru,0.1,140,23,1,1,1.0000,0.13,3048061,139751.6288,2236095
node0.tardis-apia.ldos-ut-pg0.wisc.cloudlab.us,tencentBlock_1591,lru,0.1,140,23,1,2,1.0000,0.13,3048061,139751.6288,2236095
node0.tardis-apia.ldos-ut-pg0.wisc.cloudlab.us,tencentBlock_1591,lru,0.1,140,23,1,3,1.0000,0.13,3048061,139751.6288,2236095
node0.tardis-apia.ldos-ut-pg0.wisc.cloudlab.us,tencentBlock_1591,lruforgive,0.1,140,23,1,1,1.0000,0.12,3048061,139751.6288,2236095
node0.tardis-apia.ldos-ut-pg0.wisc.cloudlab.us,tencentBlock_1591,lruforgive,0.1,140,23,1,2,1.0000,0.12,3048061,139751.6288,2236095
node0.tardis-apia.ldos-ut-pg0.wisc.cloudlab.us,tencentBlock_1591,lruforgive,0.1,140,23,1,3,1.0000,0.12,3048061,139751.6288,2236095
node0.tardis-apia.ldos-ut-pg0.wisc.cloudlab.us,tencentBlock_1591,s3fifo,0.1,140,23,1,1,0.9999,0.12,3048061,139751.6288,2236095
node0.tardis-apia.ldos-ut-pg0.wisc.cloudlab.us,tencentBlock_1591,s3fifo,0.1,140,23,1,2,0.9999,0.12,3048061,139751.6288,2236095
node0.tardis-apia.ldos-ut-pg0.wisc.cloudlab.us,tencentBlock_1591,s3fifo,0.1,140,23,1,3,0.9999,0.12,3048061,139751.6288,2236095
node0.tardis-apia.ldos-ut-pg0.wisc.cloudlab.us,tencentBlock_1591,s3fifoforgive,0.1,140,23,1,1,0.9999,0.12,3048061,139751.6288,2236095
node0.tardis-apia.ldos-ut-pg0.wisc.cloudlab.us,tencentBlock_1591,s3fifoforgive,0.1,140,23,1,2,0.9999,0.12,3048061,139751.6288,2236095
node0.tardis-apia.ldos-ut-pg0.wisc.cloudlab.us,tencentBlock_1591,s3fifoforgive,0.1,140,23,1,3,0.9999,0.12,3048061,139751.6288,2236095
node0.tardis-apia.ldos-ut-pg0.wisc.cloudlab.us,tencentBlock_15910,lru,10,3545,27,1,1,0.2886,0.48,42911846,35453.952,2692006
node0.tardis-apia.ldos-ut-pg0.wisc.cloudlab.us,tencentBlock_15910,lru,10,3545,27,1,2,0.2886,0.48,42911846,35453.952,2692006
node0.tardis-apia.ldos-ut-pg0.wisc.cloudlab.us,tencentBlock_15910,lru,10,3545,27,1,3,0.2886,0.48,42911846,35453.952,2692006
node0.tardis-apia.ldos-ut-pg0.wisc.cloudlab.us,tencentBlock_15910,lruforgive,10,3545,27,1,1,0.2866,0.27,42911846,35453.952,2692006
node0.tardis-apia.ldos-ut-pg0.wisc.cloudlab.us,tencentBlock_15910,lruforgive,10,3545,27,1,2,0.2866,0.26,42911846,35453.952,2692006
node0.tardis-apia.ldos-ut-pg0.wisc.cloudlab.us,tencentBlock_15910,lruforgive,10,3545,27,1,3,0.2866,0.26,42911846,35453.952,2692006
node0.tardis-apia.ldos-ut-pg0.wisc.cloudlab.us,tencentBlock_15910,s3fifo,10,3545,27,1,1,0.2787,0.48,42911846,35453.952,2692006
node0.tardis-apia.ldos-ut-pg0.wisc.cloudlab.us,tencentBlock_15910,s3fifo,10,3545,27,1,2,0.2787,0.48,42911846,35453.952,2692006
node0.tardis-apia.ldos-ut-pg0.wisc.cloudlab.us,tencentBlock_15910,s3fifo,10,3545,27,1,3,0.2787,0.49,42911846,35453.952,2692006
node0.tardis-apia.ldos-ut-pg0.wisc.cloudlab.us,tencentBlock_15910,s3fifoforgive,10,3545,27,1,1,0.2784,0.29,42911846,35453.952,2692006
node0.tardis-apia.ldos-ut-pg0.wisc.cloudlab.us,tencentBlock_15910,s3fifoforgive,10,3545,27,1,2,0.2784,0.29,42911846,35453.952,2692006
node0.tardis-apia.ldos-ut-pg0.wisc.cloudlab.us,tencentBlock_15910,s3fifoforgive,10,3545,27,1,3,0.2784,0.28,42911846,35453.952,2692006
node0.tardis-apia.ldos-ut-pg0.wisc.cloudlab.us,tencentBlock_15910,lru,0.1,35,21,1,1,0.8154,1.87,42911846,35453.952,2692006
node0.tardis-apia.ldos-ut-pg0.wisc.cloudlab.us,tencentBlock_15910,lru,0.1,35,21,1,2,0.8154,1.81,42911846,35453.952,2692006
node0.tardis-apia.ldos-ut-pg0.wisc.cloudlab.us,tencentBlock_15910,lru,0.1,35,21,1,3,0.8154,1.88,42911846,35453.952,2692006
node0.tardis-apia.ldos-ut-pg0.wisc.cloudlab.us,tencentBlock_15910,lruforgive,0.1,35,21,1,1,0.8083,1.01,42911846,35453.952,2692006
node0.tardis-apia.ldos-ut-pg0.wisc.cloudlab.us,tencentBlock_15910,lruforgive,0.1,35,21,1,2,0.8083,0.99,42911846,35453.952,2692006
node0.tardis-apia.ldos-ut-pg0.wisc.cloudlab.us,tencentBlock_15910,lruforgive,0.1,35,21,1,3,0.8083,0.99,42911846,35453.952,2692006
node0.tardis-apia.ldos-ut-pg0.wisc.cloudlab.us,tencentBlock_15910,s3fifo,0.1,35,21,1,1,0.8384,1.87,42911846,35453.952,2692006
node0.tardis-apia.ldos-ut-pg0.wisc.cloudlab.us,tencentBlock_15910,s3fifo,0.1,35,21,1,2,0.8384,1.86,42911846,35453.952,2692006
node0.tardis-apia.ldos-ut-pg0.wisc.cloudlab.us,tencentBlock_15910,s3fifo,0.1,35,21,1,3,0.8384,1.91,42911846,35453.952,2692006
node0.tardis-apia.ldos-ut-pg0.wisc.cloudlab.us,tencentBlock_15910,s3fifoforgive,0.1,35,21,1,1,0.8358,1.29,42911846,35453.952,2692006
node0.tardis-apia.ldos-ut-pg0.wisc.cloudlab.us,tencentBlock_15910,s3fifoforgive,0.1,35,21,1,2,0.8358,1.28,42911846,35453.952,2692006
node0.tardis-apia.ldos-ut-pg0.wisc.cloudlab.us,tencentBlock_15910,s3fifoforgive,0.1,35,21,1,3,0.8358,1.26,42911846,35453.952,2692006
node0.tardis-apia.ldos-ut-pg0.wisc.cloudlab.us,tencentBlock_15939,lru,10,1411,26,1,1,0.2883,0.60,6256896,14111.0272,1221667
node0.tardis-apia.ldos-ut-pg0.wisc.cloudlab.us,tencentBlock_15939,lru,10,1411,26,1,2,0.2883,0.60,6256896,14111.0272,1221667
node0.tardis-apia.ldos-ut-pg0.wisc.cloudlab.us,tencentBlock_15939,lru,10,1411,26,1,3,0.2883,0.60,6256896,14111.0272,1221667
node0.tardis-apia.ldos-ut-pg0.wisc.cloudlab.us,tencentBlock_15939,lruforgive,10,1411,26,1,1,0.2851,0.41,6256896,14111.0272,1221667
node0.tardis-apia.ldos-ut-pg0.wisc.cloudlab.us,tencentBlock_15939,lruforgive,10,1411,26,1,2,0.2850,0.41,6256896,14111.0272,1221667
node0.tardis-apia.ldos-ut-pg0.wisc.cloudlab.us,tencentBlock_15939,lruforgive,10,1411,26,1,3,0.2851,0.40,6256896,14111.0272,1221667
node0.tardis-apia.ldos-ut-pg0.wisc.cloudlab.us,tencentBlock_15939,s3fifo,10,1411,26,1,1,0.2731,0.69,6256896,14111.0272,1221667
node0.tardis-apia.ldos-ut-pg0.wisc.cloudlab.us,tencentBlock_15939,s3fifo,10,1411,26,1,2,0.2730,0.69,6256896,14111.0272,1221667
node0.tardis-apia.ldos-ut-pg0.wisc.cloudlab.us,tencentBlock_15939,s3fifo,10,1411,26,1,3,0.2731,0.69,6256896,14111.0272,1221667
node0.tardis-apia.ldos-ut-pg0.wisc.cloudlab.us,tencentBlock_15939,s3fifoforgive,10,1411,26,1,1,0.2730,0.44,6256896,14111.0272,1221667
node0.tardis-apia.ldos-ut-pg0.wisc.cloudlab.us,tencentBlock_15939,s3fifoforgive,10,1411,26,1,2,0.2730,0.44,6256896,14111.0272,1221667
node0.tardis-apia.ldos-ut-pg0.wisc.cloudlab.us,tencentBlock_15939,s3fifoforgive,10,1411,26,1,3,0.2730,0.45,6256896,14111.0272,1221667
node0.tardis-apia.ldos-ut-pg0.wisc.cloudlab.us,tencentBlock_15939,lru,0.1,14,20,1,1,0.9316,3.65,6256896,14111.0272,1221667
node0.tardis-apia.ldos-ut-pg0.wisc.cloudlab.us,tencentBlock_15939,lru,0.1,14,20,1,2,0.9316,3.64,6256896,14111.0272,1221667
node0.tardis-apia.ldos-ut-pg0.wisc.cloudlab.us,tencentBlock_15939,lru,0.1,14,20,1,3,0.9316,3.59,6256896,14111.0272,1221667
node0.tardis-apia.ldos-ut-pg0.wisc.cloudlab.us,tencentBlock_15939,lruforgive,0.1,14,20,1,1,0.9289,3.06,6256896,14111.0272,1221667
node0.tardis-apia.ldos-ut-pg0.wisc.cloudlab.us,tencentBlock_15939,lruforgive,0.1,14,20,1,2,0.9289,3.07,6256896,14111.0272,1221667
node0.tardis-apia.ldos-ut-pg0.wisc.cloudlab.us,tencentBlock_15939,lruforgive,0.1,14,20,1,3,0.9289,3.01,6256896,14111.0272,1221667
node0.tardis-apia.ldos-ut-pg0.wisc.cloudlab.us,tencentBlock_15939,s3fifo,0.1,14,20,1,1,0.9304,3.98,6256896,14111.0272,1221667
node0.tardis-apia.ldos-ut-pg0.wisc.cloudlab.us,tencentBlock_15939,s3fifo,0.1,14,20,1,2,0.9304,4.12,6256896,14111.0272,1221667
node0.tardis-apia.ldos-ut-pg0.wisc.cloudlab.us,tencentBlock_15939,s3fifo,0.1,14,20,1,3,0.9304,4.05,6256896,14111.0272,1221667
node0.tardis-apia.ldos-ut-pg0.wisc.cloudlab.us,tencentBlock_15939,s3fifoforgive,0.1,14,20,1,1,0.9303,3.39,6256896,14111.0272,1221667
node0.tardis-apia.ldos-ut-pg0.wisc.cloudlab.us,tencentBlock_15939,s3fifoforgive,0.1,14,20,1,2,0.9303,3.42,6256896,14111.0272,1221667
node0.tardis-apia.ldos-ut-pg0.wisc.cloudlab.us,tencentBlock_15939,s3fifoforgive,0.1,14,20,1,3,0.9303,3.41,6256896,14111.0272,1221667
node0.tardis-apia.ldos-ut-pg0.wisc.cloudlab.us,tencentBlock_15957,lru,10,1637,27,1,1,0.1971,0.76,10897090,16366.08,1520809
node0.tardis-apia.ldos-ut-pg0.wisc.cloudlab.us,tencentBlock_15957,lru,10,1637,27,1,2,0.1971,0.74,10897090,16366.08,1520809
node0.tardis-apia.ldos-ut-pg0.wisc.cloudlab.us,tencentBlock_15957,lru,10,1637,27,1,3,0.1971,0.75,10897090,16366.08,1520809
node0.tardis-apia.ldos-ut-pg0.wisc.cloudlab.us,tencentBlock_15957,lruforgive,10,1637,27,1,1,0.1967,0.41,10897090,16366.08,1520809
node0.tardis-apia.ldos-ut-pg0.wisc.cloudlab.us,tencentBlock_15957,lruforgive,10,1637,27,1,2,0.1967,0.40,10897090,16366.08,1520809
node0.tardis-apia.ldos-ut-pg0.wisc.cloudlab.us,tencentBlock_15957,lruforgive,10,1637,27,1,3,0.1967,0.41,10897090,16366.08,1520809
node0.tardis-apia.ldos-ut-pg0.wisc.cloudlab.us,tencentBlock_15957,s3fifo,10,1637,27,1,1,0.2087,0.81,10897090,16366.08,1520809
node0.tardis-apia.ldos-ut-pg0.wisc.cloudlab.us,tencentBlock_15957,s3fifo,10,1637,27,1,2,0.2087,0.81,10897090,16366.08,1520809
node0.tardis-apia.ldos-ut-pg0.wisc.cloudlab.us,tencentBlock_15957,s3fifo,10,1637,27,1,3,0.2087,0.80,10897090,16366.08,1520809
node0.tardis-apia.ldos-ut-pg0.wisc.cloudlab.us,tencentBlock_15957,s3fifoforgive,10,1637,27,1,1,0.2086,0.46,10897090,16366.08,1520809
node0.tardis-apia.ldos-ut-pg0.wisc.cloudlab.us,tencentBlock_15957,s3fifoforgive,10,1637,27,1,2,0.2086,0.45,10897090,16366.08,1520809
node0.tardis-apia.ldos-ut-pg0.wisc.cloudlab.us,tencentBlock_15957,s3fifoforgive,10,1637,27,1,3,NA,NA,NA,16366.08,1520809
node0.tardis-apia.ldos-ut-pg0.wisc.cloudlab.us,tencentBlock_15957,lru,0.1,16,20,1,1,0.6473,2.10,10897090,16366.08,1520809
node0.tardis-apia.ldos-ut-pg0.wisc.cloudlab.us,tencentBlock_15957,lru,0.1,16,20,1,2,0.6473,2.09,10897090,16366.08,1520809
node0.tardis-apia.ldos-ut-pg0.wisc.cloudlab.us,tencentBlock_15957,lru,0.1,16,20,1,3,0.6473,2.10,10897090,16366.08,1520809
node0.tardis-apia.ldos-ut-pg0.wisc.cloudlab.us,tencentBlock_15957,lruforgive,0.1,16,20,1,1,0.5879,0.51,10897090,16366.08,1520809
node0.tardis-apia.ldos-ut-pg0.wisc.cloudlab.us,tencentBlock_15957,lruforgive,0.1,16,20,1,2,0.5879,0.50,10897090,16366.08,1520809
node0.tardis-apia.ldos-ut-pg0.wisc.cloudlab.us,tencentBlock_15957,lruforgive,0.1,16,20,1,3,0.5879,0.50,10897090,16366.08,1520809
node0.tardis-apia.ldos-ut-pg0.wisc.cloudlab.us,tencentBlock_15957,s3fifo,0.1,16,20,1,1,0.5663,2.20,10897090,16366.08,1520809
node0.tardis-apia.ldos-ut-pg0.wisc.cloudlab.us,tencentBlock_15957,s3fifo,0.1,16,20,1,2,0.5663,2.20,10897090,16366.08,1520809
node0.tardis-apia.ldos-ut-pg0.wisc.cloudlab.us,tencentBlock_15957,s3fifo,0.1,16,20,1,3,0.5663,2.20,10897090,16366.08,1520809
node0.tardis-apia.ldos-ut-pg0.wisc.cloudlab.us,tencentBlock_15957,s3fifoforgive,0.1,16,20,1,1,0.5497,1.09,10897090,16366.08,1520809
node0.tardis-apia.ldos-ut-pg0.wisc.cloudlab.us,tencentBlock_15957,s3fifoforgive,0.1,16,20,1,2,0.5497,1.10,10897090,16366.08,1520809
node0.tardis-apia.ldos-ut-pg0.wisc.cloudlab.us,tencentBlock_15957,s3fifoforgive,0.1,16,20,1,3,0.5497,1.13,10897090,16366.08,1520809
node0.tardis-apia.ldos-ut-pg0.wisc.cloudlab.us,tencentBlock_1599,lru,10,6791,27,1,1,0.9070,0.11,1859315,67910.9632,1417410
node0.tardis-apia.ldos-ut-pg0.wisc.cloudlab.us,tencentBlock_1599,lru,10,6791,27,1,2,0.9070,0.11,1859315,67910.9632,1417410
node0.tardis-apia.ldos-ut-pg0.wisc.cloudlab.us,tencentBlock_1599,lru,10,6791,27,1,3,0.9070,0.11,1859315,67910.9632,1417410
node0.tardis-apia.ldos-ut-pg0.wisc.cloudlab.us,tencentBlock_1599,lruforgive,10,6791,27,1,1,0.9070,0.12,1859315,67910.9632,1417410
node0.tardis-apia.ldos-ut-pg0.wisc.cloudlab.us,tencentBlock_1599,lruforgive,10,6791,27,1,2,0.9070,0.12,1859315,67910.9632,1417410
node0.tardis-apia.ldos-ut-pg0.wisc.cloudlab.us,tencentBlock_1599,lruforgive,10,6791,27,1,3,0.9070,0.12,1859315,67910.9632,1417410
node0.tardis-apia.ldos-ut-pg0.wisc.cloudlab.us,tencentBlock_1599,s3fifo,10,6791,27,1,1,0.9183,0.11,1859315,67910.9632,1417410
node0.tardis-apia.ldos-ut-pg0.wisc.cloudlab.us,tencentBlock_1599,s3fifo,10,6791,27,1,2,0.9183,0.11,1859315,67910.9632,1417410
node0.tardis-apia.ldos-ut-pg0.wisc.cloudlab.us,tencentBlock_1599,s3fifo,10,6791,27,1,3,0.9183,0.12,1859315,67910.9632,1417410
node0.tardis-apia.ldos-ut-pg0.wisc.cloudlab.us,tencentBlock_1599,s3fifoforgive,10,6791,27,1,1,0.9183,0.13,1859315,67910.9632,1417410
node0.tardis-apia.ldos-ut-pg0.wisc.cloudlab.us,tencentBlock_1599,s3fifoforgive,10,6791,27,1,2,0.9183,0.13,1859315,67910.9632,1417410
node0.tardis-apia.ldos-ut-pg0.wisc.cloudlab.us,tencentBlock_1599,s3fifoforgive,10,6791,27,1,3,0.9183,0.13,1859315,67910.9632,1417410
node0.tardis-apia.ldos-ut-pg0.wisc.cloudlab.us,tencentBlock_1599,lru,0.1,68,22,1,1,0.9745,0.37,1859315,67910.9632,1417410
node0.tardis-apia.ldos-ut-pg0.wisc.cloudlab.us,tencentBlock_1599,lru,0.1,68,22,1,2,0.9745,0.35,1859315,67910.9632,1417410
node0.tardis-apia.ldos-ut-pg0.wisc.cloudlab.us,tencentBlock_1599,lru,0.1,68,22,1,3,0.9745,0.37,1859315,67910.9632,1417410
node0.tardis-apia.ldos-ut-pg0.wisc.cloudlab.us,tencentBlock_1599,lruforgive,0.1,68,22,1,1,0.9745,0.36,1859315,67910.9632,1417410
node0.tardis-apia.ldos-ut-pg0.wisc.cloudlab.us,tencentBlock_1599,lruforgive,0.1,68,22,1,2,0.9745,0.34,1859315,67910.9632,1417410
node0.tardis-apia.ldos-ut-pg0.wisc.cloudlab.us,tencentBlock_1599,lruforgive,0.1,68,22,1,3,0.9745,0.34,1859315,67910.9632,1417410
node0.tardis-apia.ldos-ut-pg0.wisc.cloudlab.us,tencentBlock_1599,s3fifo,0.1,68,22,1,1,0.9744,0.34,1859315,67910.9632,1417410
node0.tardis-apia.ldos-ut-pg0.wisc.cloudlab.us,tencentBlock_1599,s3fifo,0.1,68,22,1,2,0.9744,0.34,1859315,67910.9632,1417410
node0.tardis-apia.ldos-ut-pg0.wisc.cloudlab.us,tencentBlock_1599,s3fifo,0.1,68,22,1,3,0.9744,0.34,1859315,67910.9632,1417410
node0.tardis-apia.ldos-ut-pg0.wisc.cloudlab.us,tencentBlock_1599,s3fifoforgive,0.1,68,22,1,1,0.9744,0.34,1859315,67910.9632,1417410
node0.tardis-apia.ldos-ut-pg0.wisc.cloudlab.us,tencentBlock_1599,s3fifoforgive,0.1,68,22,1,2,0.9744,0.33,1859315,67910.9632,1417410
node0.tardis-apia.ldos-ut-pg0.wisc.cloudlab.us,tencentBlock_1599,s3fifoforgive,0.1,68,22,1,3,0.9744,0.36,1859315,67910.9632,1417410
node0.tardis-apia.ldos-ut-pg0.wisc.cloudlab.us,tencentBlock_16023,lru,10,3406,27,1,1,0.2783,0.48,43909805,34060.6976,2660664
node0.tardis-apia.ldos-ut-pg0.wisc.cloudlab.us,tencentBlock_16023,lru,10,3406,27,1,2,0.2783,0.48,43909805,34060.6976,2660664
node0.tardis-apia.ldos-ut-pg0.wisc.cloudlab.us,tencentBlock_16023,lru,10,3406,27,1,3,0.2783,0.48,43909805,34060.6976,2660664
node0.tardis-apia.ldos-ut-pg0.wisc.cloudlab.us,tencentBlock_16023,lruforgive,10,3406,27,1,1,0.2764,0.26,43909805,34060.6976,2660664
node0.tardis-apia.ldos-ut-pg0.wisc.cloudlab.us,tencentBlock_16023,lruforgive,10,3406,27,1,2,0.2764,0.26,43909805,34060.6976,2660664
node0.tardis-apia.ldos-ut-pg0.wisc.cloudlab.us,tencentBlock_16023,lruforgive,10,3406,27,1,3,0.2764,0.26,43909805,34060.6976,2660664
node0.tardis-apia.ldos-ut-pg0.wisc.cloudlab.us,tencentBlock_16023,s3fifo,10,3406,27,1,1,0.2677,0.48,43909805,34060.6976,2660664
node0.tardis-apia.ldos-ut-pg0.wisc.cloudlab.us,tencentBlock_16023,s3fifo,10,3406,27,1,2,0.2677,0.48,43909805,34060.6976,2660664
node0.tardis-apia.ldos-ut-pg0.wisc.cloudlab.us,tencentBlock_16023,s3fifo,10,3406,27,1,3,0.2677,0.48,43909805,34060.6976,2660664
node0.tardis-apia.ldos-ut-pg0.wisc.cloudlab.us,tencentBlock_16023,s3fifoforgive,10,3406,27,1,1,0.2676,0.29,43909805,34060.6976,2660664
node0.tardis-apia.ldos-ut-pg0.wisc.cloudlab.us,tencentBlock_16023,s3fifoforgive,10,3406,27,1,2,0.2676,0.28,43909805,34060.6976,2660664
node0.tardis-apia.ldos-ut-pg0.wisc.cloudlab.us,tencentBlock_16023,s3fifoforgive,10,3406,27,1,3,0.2676,0.28,43909805,34060.6976,2660664
node0.tardis-apia.ldos-ut-pg0.wisc.cloudlab.us,tencentBlock_16023,lru,0.1,34,21,1,1,0.8141,1.57,43909805,34060.6976,2660664
node0.tardis-apia.ldos-ut-pg0.wisc.cloudlab.us,tencentBlock_16023,lru,0.1,34,21,1,2,0.8141,1.52,43909805,34060.6976,2660664
node0.tardis-apia.ldos-ut-pg0.wisc.cloudlab.us,tencentBlock_16023,lru,0.1,34,21,1,3,0.8141,1.52,43909805,34060.6976,2660664
node0.tardis-apia.ldos-ut-pg0.wisc.cloudlab.us,tencentBlock_16023,lruforgive,0.1,34,21,1,1,0.8077,0.91,43909805,34060.6976,2660664
node0.tardis-apia.ldos-ut-pg0.wisc.cloudlab.us,tencentBlock_16023,lruforgive,0.1,34,21,1,2,0.8077,0.89,43909805,34060.6976,2660664
node0.tardis-apia.ldos-ut-pg0.wisc.cloudlab.us,tencentBlock_16023,lruforgive,0.1,34,21,1,3,0.8077,0.89,43909805,34060.6976,2660664
node0.tardis-apia.ldos-ut-pg0.wisc.cloudlab.us,tencentBlock_16023,s3fifo,0.1,34,21,1,1,0.8401,1.74,43909805,34060.6976,2660664
node0.tardis-apia.ldos-ut-pg0.wisc.cloudlab.us,tencentBlock_16023,s3fifo,0.1,34,21,1,2,0.8401,1.71,43909805,34060.6976,2660664
node0.tardis-apia.ldos-ut-pg0.wisc.cloudlab.us,tencentBlock_16023,s3fifo,0.1,34,21,1,3,0.8401,1.70,43909805,34060.6976,2660664
node0.tardis-apia.ldos-ut-pg0.wisc.cloudlab.us,tencentBlock_16023,s3fifoforgive,0.1,34,21,1,1,0.8378,1.20,43909805,34060.6976,2660664
node0.tardis-apia.ldos-ut-pg0.wisc.cloudlab.us,tencentBlock_16023,s3fifoforgive,0.1,34,21,1,2,0.8378,1.18,43909805,34060.6976,2660664
node0.tardis-apia.ldos-ut-pg0.wisc.cloudlab.us,tencentBlock_16023,s3fifoforgive,0.1,34,21,1,3,0.8378,1.20,43909805,34060.6976,2660664
node0.tardis-apia.ldos-ut-pg0.wisc.cloudlab.us,tencentBlock_16065,lru,10,3661,27,1,1,0.2691,0.49,42091499,36608.4096,2711771
node0.tardis-apia.ldos-ut-pg0.wisc.cloudlab.us,tencentBlock_16065,lru,10,3661,27,1,2,0.2691,0.49,42091499,36608.4096,2711771
node0.tardis-apia.ldos-ut-pg0.wisc.cloudlab.us,tencentBlock_16065,lru,10,3661,27,1,3,0.2691,0.48,42091499,36608.4096,2711771
node0.tardis-apia.ldos-ut-pg0.wisc.cloudlab.us,tencentBlock_16065,lruforgive,10,3661,27,1,1,0.2676,0.26,42091499,36608.4096,2711771
node0.tardis-apia.ldos-ut-pg0.wisc.cloudlab.us,tencentBlock_16065,lruforgive,10,3661,27,1,2,0.2676,0.26,42091499,36608.4096,2711771
node0.tardis-apia.ldos-ut-pg0.wisc.cloudlab.us,tencentBlock_16065,lruforgive,10,3661,27,1,3,0.2676,0.26,42091499,36608.4096,2711771
node0.tardis-apia.ldos-ut-pg0.wisc.cloudlab.us,tencentBlock_16065,s3fifo,10,3661,27,1,1,0.2627,0.49,42091499,36608.4096,2711771
node0.tardis-apia.ldos-ut-pg0.wisc.cloudlab.us,tencentBlock_16065,s3fifo,10,3661,27,1,2,0.2627,0.49,42091499,36608.4096,2711771
node0.tardis-apia.ldos-ut-pg0.wisc.cloudlab.us,tencentBlock_16065,s3fifo,10,3661,27,1,3,0.2627,0.49,42091499,36608.4096,2711771
node0.tardis-apia.ldos-ut-pg0.wisc.cloudlab.us,tencentBlock_16065,s3fifoforgive,10,3661,27,1,1,0.2625,0.28,42091499,36608.4096,2711771
node0.tardis-apia.ldos-ut-pg0.wisc.cloudlab.us,tencentBlock_16065,s3fifoforgive,10,3661,27,1,2,0.2625,0.28,42091499,36608.4096,2711771
node0.tardis-apia.ldos-ut-pg0.wisc.cloudlab.us,tencentBlock_16065,s3fifoforgive,10,3661,27,1,3,0.2625,0.29,42091499,36608.4096,2711771
node0.tardis-apia.ldos-ut-pg0.wisc.cloudlab.us,tencentBlock_16065,lru,0.1,37,21,1,1,0.8250,1.41,42091499,36608.4096,2711771
node0.tardis-apia.ldos-ut-pg0.wisc.cloudlab.us,tencentBlock_16065,lru,0.1,37,21,1,2,0.8250,1.42,42091499,36608.4096,2711771
node0.tardis-apia.ldos-ut-pg0.wisc.cloudlab.us,tencentBlock_16065,lru,0.1,37,21,1,3,0.8250,1.42,42091499,36608.4096,2711771
node0.tardis-apia.ldos-ut-pg0.wisc.cloudlab.us,tencentBlock_16065,lruforgive,0.1,37,21,1,1,0.8129,0.81,42091499,36608.4096,2711771
node0.tardis-apia.ldos-ut-pg0.wisc.cloudlab.us,tencentBlock_16065,lruforgive,0.1,37,21,1,2,0.8129,0.79,42091499,36608.4096,2711771
node0.tardis-apia.ldos-ut-pg0.wisc.cloudlab.us,tencentBlock_16065,lruforgive,0.1,37,21,1,3,0.8129,0.79,42091499,36608.4096,2711771
node0.tardis-apia.ldos-ut-pg0.wisc.cloudlab.us,tencentBlock_16065,s3fifo,0.1,37,21,1,1,0.8438,1.52,42091499,36608.4096,2711771
node0.tardis-apia.ldos-ut-pg0.wisc.cloudlab.us,tencentBlock_16065,s3fifo,0.1,37,21,1,2,0.8438,1.50,42091499,36608.4096,2711771
node0.tardis-apia.ldos-ut-pg0.wisc.cloudlab.us,tencentBlock_16065,s3fifo,0.1,37,21,1,3,0.8438,1.55,42091499,36608.4096,2711771
node0.tardis-apia.ldos-ut-pg0.wisc.cloudlab.us,tencentBlock_16065,s3fifoforgive,0.1,37,21,1,1,0.8398,1.10,42091499,36608.4096,2711771
node0.tardis-apia.ldos-ut-pg0.wisc.cloudlab.us,tencentBlock_16065,s3fifoforgive,0.1,37,21,1,2,0.8398,1.09,42091499,36608.4096,2711771
node0.tardis-apia.ldos-ut-pg0.wisc.cloudlab.us,tencentBlock_16065,s3fifoforgive,0.1,37,21,1,3,0.8398,1.07,42091499,36608.4096,2711771
node0.tardis-apia.ldos-ut-pg0.wisc.cloudlab.us,tencentBlock_1625,lru,10,212734,27,1,1,NA_TOOBIG,NA,NA,2127343.104,7823461
node0.tardis-apia.ldos-ut-pg0.wisc.cloudlab.us,tencentBlock_1625,lru,10,212734,27,1,2,NA_TOOBIG,NA,NA,2127343.104,7823461
node0.tardis-apia.ldos-ut-pg0.wisc.cloudlab.us,tencentBlock_1625,lru,10,212734,27,1,3,NA_TOOBIG,NA,NA,2127343.104,7823461
node0.tardis-apia.ldos-ut-pg0.wisc.cloudlab.us,tencentBlock_1625,lruforgive,10,212734,27,1,1,NA_TOOBIG,NA,NA,2127343.104,7823461
node0.tardis-apia.ldos-ut-pg0.wisc.cloudlab.us,tencentBlock_1625,lruforgive,10,212734,27,1,2,NA_TOOBIG,NA,NA,2127343.104,7823461
node0.tardis-apia.ldos-ut-pg0.wisc.cloudlab.us,tencentBlock_1625,lruforgive,10,212734,27,1,3,NA_TOOBIG,NA,NA,2127343.104,7823461
node0.tardis-apia.ldos-ut-pg0.wisc.cloudlab.us,tencentBlock_1625,s3fifo,10,212734,27,1,1,NA_TOOBIG,NA,NA,2127343.104,7823461
node0.tardis-apia.ldos-ut-pg0.wisc.cloudlab.us,tencentBlock_1625,s3fifo,10,212734,27,1,2,NA_TOOBIG,NA,NA,2127343.104,7823461
node0.tardis-apia.ldos-ut-pg0.wisc.cloudlab.us,tencentBlock_1625,s3fifo,10,212734,27,1,3,NA_TOOBIG,NA,NA,2127343.104,7823461
node0.tardis-apia.ldos-ut-pg0.wisc.cloudlab.us,tencentBlock_1625,s3fifoforgive,10,212734,27,1,1,NA_TOOBIG,NA,NA,2127343.104,7823461
node0.tardis-apia.ldos-ut-pg0.wisc.cloudlab.us,tencentBlock_1625,s3fifoforgive,10,212734,27,1,2,NA_TOOBIG,NA,NA,2127343.104,7823461
node0.tardis-apia.ldos-ut-pg0.wisc.cloudlab.us,tencentBlock_1625,s3fifoforgive,10,212734,27,1,3,NA_TOOBIG,NA,NA,2127343.104,7823461
node0.tardis-apia.ldos-ut-pg0.wisc.cloudlab.us,tencentBlock_1625,lru,0.1,2127,27,1,1,0.1925,0.13,103568617,2127343.104,7823461
node0.tardis-apia.ldos-ut-pg0.wisc.cloudlab.us,tencentBlock_1625,lru,0.1,2127,27,1,2,0.1925,0.13,103568617,2127343.104,7823461
node0.tardis-apia.ldos-ut-pg0.wisc.cloudlab.us,tencentBlock_1625,lru,0.1,2127,27,1,3,0.1925,0.13,103568617,2127343.104,7823461
node0.tardis-apia.ldos-ut-pg0.wisc.cloudlab.us,tencentBlock_1625,lruforgive,0.1,2127,27,1,1,0.1880,0.11,103568617,2127343.104,7823461
node0.tardis-apia.ldos-ut-pg0.wisc.cloudlab.us,tencentBlock_1625,lruforgive,0.1,2127,27,1,2,0.1880,0.11,103568617,2127343.104,7823461
node0.tardis-apia.ldos-ut-pg0.wisc.cloudlab.us,tencentBlock_1625,lruforgive,0.1,2127,27,1,3,0.1880,0.11,103568617,2127343.104,7823461
node0.tardis-apia.ldos-ut-pg0.wisc.cloudlab.us,tencentBlock_1625,s3fifo,0.1,2127,27,1,1,0.1790,0.14,103568617,2127343.104,7823461
node0.tardis-apia.ldos-ut-pg0.wisc.cloudlab.us,tencentBlock_1625,s3fifo,0.1,2127,27,1,2,0.1790,0.13,103568617,2127343.104,7823461
node0.tardis-apia.ldos-ut-pg0.wisc.cloudlab.us,tencentBlock_1625,s3fifo,0.1,2127,27,1,3,0.1790,0.13,103568617,2127343.104,7823461
node0.tardis-apia.ldos-ut-pg0.wisc.cloudlab.us,tencentBlock_1625,s3fifoforgive,0.1,2127,27,1,1,0.1789,0.12,103568617,2127343.104,7823461
node0.tardis-apia.ldos-ut-pg0.wisc.cloudlab.us,tencentBlock_1625,s3fifoforgive,0.1,2127,27,1,2,0.1789,0.12,103568617,2127343.104,7823461
node0.tardis-apia.ldos-ut-pg0.wisc.cloudlab.us,tencentBlock_1625,s3fifoforgive,0.1,2127,27,1,3,0.1789,0.12,103568617,2127343.104,7823461
node0.tardis-apia.ldos-ut-pg0.wisc.cloudlab.us,tencentBlock_1633,lru,10,34283,27,1,1,0.2527,0.11,13454931,342832.64,1808266
node0.tardis-apia.ldos-ut-pg0.wisc.cloudlab.us,tencentBlock_1633,lru,10,34283,27,1,2,0.2527,0.11,13454931,342832.64,1808266
node0.tardis-apia.ldos-ut-pg0.wisc.cloudlab.us,tencentBlock_1633,lru,10,34283,27,1,3,0.2527,0.11,13454931,342832.64,1808266
node0.tardis-apia.ldos-ut-pg0.wisc.cloudlab.us,tencentBlock_1633,lruforgive,10,34283,27,1,1,0.2517,0.09,13454931,342832.64,1808266
node0.tardis-apia.ldos-ut-pg0.wisc.cloudlab.us,tencentBlock_1633,lruforgive,10,34283,27,1,2,0.2517,0.09,13454931,342832.64,1808266
node0.tardis-apia.ldos-ut-pg0.wisc.cloudlab.us,tencentBlock_1633,lruforgive,10,34283,27,1,3,0.2517,0.09,13454931,342832.64,1808266
node0.tardis-apia.ldos-ut-pg0.wisc.cloudlab.us,tencentBlock_1633,s3fifo,10,34283,27,1,1,0.2162,0.12,13454931,342832.64,1808266
node0.tardis-apia.ldos-ut-pg0.wisc.cloudlab.us,tencentBlock_1633,s3fifo,10,34283,27,1,2,0.2162,0.12,13454931,342832.64,1808266
node0.tardis-apia.ldos-ut-pg0.wisc.cloudlab.us,tencentBlock_1633,s3fifo,10,34283,27,1,3,0.2162,0.12,13454931,342832.64,1808266
node0.tardis-apia.ldos-ut-pg0.wisc.cloudlab.us,tencentBlock_1633,s3fifoforgive,10,34283,27,1,1,0.2162,0.10,13454931,342832.64,1808266
node0.tardis-apia.ldos-ut-pg0.wisc.cloudlab.us,tencentBlock_1633,s3fifoforgive,10,34283,27,1,2,0.2162,0.10,13454931,342832.64,1808266
node0.tardis-apia.ldos-ut-pg0.wisc.cloudlab.us,tencentBlock_1633,s3fifoforgive,10,34283,27,1,3,0.2162,0.10,13454931,342832.64,1808266
node0.tardis-apia.ldos-ut-pg0.wisc.cloudlab.us,tencentBlock_1633,lru,0.1,343,24,1,1,0.6083,0.18,13454931,342832.64,1808266
node0.tardis-apia.ldos-ut-pg0.wisc.cloudlab.us,tencentBlock_1633,lru,0.1,343,24,1,2,0.6083,0.18,13454931,342832.64,1808266
node0.tardis-apia.ldos-ut-pg0.wisc.cloudlab.us,tencentBlock_1633,lru,0.1,343,24,1,3,0.6083,0.18,13454931,342832.64,1808266
node0.tardis-apia.ldos-ut-pg0.wisc.cloudlab.us,tencentBlock_1633,lruforgive,0.1,343,24,1,1,0.6021,0.16,13454931,342832.64,1808266
node0.tardis-apia.ldos-ut-pg0.wisc.cloudlab.us,tencentBlock_1633,lruforgive,0.1,343,24,1,2,0.6021,0.16,13454931,342832.64,1808266
node0.tardis-apia.ldos-ut-pg0.wisc.cloudlab.us,tencentBlock_1633,lruforgive,0.1,343,24,1,3,0.6021,0.16,13454931,342832.64,1808266
node0.tardis-apia.ldos-ut-pg0.wisc.cloudlab.us,tencentBlock_1633,s3fifo,0.1,343,24,1,1,0.6027,0.23,13454931,342832.64,1808266
node0.tardis-apia.ldos-ut-pg0.wisc.cloudlab.us,tencentBlock_1633,s3fifo,0.1,343,24,1,2,0.6027,0.23,13454931,342832.64,1808266
node0.tardis-apia.ldos-ut-pg0.wisc.cloudlab.us,tencentBlock_1633,s3fifo,0.1,343,24,1,3,0.6027,0.23,13454931,342832.64,1808266
node0.tardis-apia.ldos-ut-pg0.wisc.cloudlab.us,tencentBlock_1633,s3fifoforgive,0.1,343,24,1,1,0.6023,0.20,13454931,342832.64,1808266
node0.tardis-apia.ldos-ut-pg0.wisc.cloudlab.us,tencentBlock_1633,s3fifoforgive,0.1,343,24,1,2,0.6023,0.20,13454931,342832.64,1808266
node0.tardis-apia.ldos-ut-pg0.wisc.cloudlab.us,tencentBlock_1633,s3fifoforgive,0.1,343,24,1,3,0.6023,0.20,13454931,342832.64,1808266
node0.tardis-apia.ldos-ut-pg0.wisc.cloudlab.us,tencentBlock_16357,lru,10,3487,27,1,1,0.2684,0.53,49437347,34871.3984,2873943
node0.tardis-apia.ldos-ut-pg0.wisc.cloudlab.us,tencentBlock_16357,lru,10,3487,27,1,2,0.2684,0.52,49437347,34871.3984,2873943
node0.tardis-apia.ldos-ut-pg0.wisc.cloudlab.us,tencentBlock_16357,lru,10,3487,27,1,3,0.2684,0.52,49437347,34871.3984,2873943
node0.tardis-apia.ldos-ut-pg0.wisc.cloudlab.us,tencentBlock_16357,lruforgive,10,3487,27,1,1,0.2672,0.27,49437347,34871.3984,2873943
node0.tardis-apia.ldos-ut-pg0.wisc.cloudlab.us,tencentBlock_16357,lruforgive,10,3487,27,1,2,0.2672,0.27,49437347,34871.3984,2873943
node0.tardis-apia.ldos-ut-pg0.wisc.cloudlab.us,tencentBlock_16357,lruforgive,10,3487,27,1,3,0.2672,0.27,49437347,34871.3984,2873943
node0.tardis-apia.ldos-ut-pg0.wisc.cloudlab.us,tencentBlock_16357,s3fifo,10,3487,27,1,1,0.2591,0.53,49437347,34871.3984,2873943
node0.tardis-apia.ldos-ut-pg0.wisc.cloudlab.us,tencentBlock_16357,s3fifo,10,3487,27,1,2,0.2591,0.53,49437347,34871.3984,2873943
node0.tardis-apia.ldos-ut-pg0.wisc.cloudlab.us,tencentBlock_16357,s3fifo,10,3487,27,1,3,0.2591,0.53,49437347,34871.3984,2873943
node0.tardis-apia.ldos-ut-pg0.wisc.cloudlab.us,tencentBlock_16357,s3fifoforgive,10,3487,27,1,1,0.2590,0.29,49437347,34871.3984,2873943
node0.tardis-apia.ldos-ut-pg0.wisc.cloudlab.us,tencentBlock_16357,s3fifoforgive,10,3487,27,1,2,0.2590,0.29,49437347,34871.3984,2873943
node0.tardis-apia.ldos-ut-pg0.wisc.cloudlab.us,tencentBlock_16357,s3fifoforgive,10,3487,27,1,3,0.2590,0.29,49437347,34871.3984,2873943
node0.tardis-apia.ldos-ut-pg0.wisc.cloudlab.us,tencentBlock_16357,lru,0.1,35,21,1,1,0.8277,1.66,49437347,34871.3984,2873943
node0.tardis-apia.ldos-ut-pg0.wisc.cloudlab.us,tencentBlock_16357,lru,0.1,35,21,1,2,0.8277,1.66,49437347,34871.3984,2873943
node0.tardis-apia.ldos-ut-pg0.wisc.cloudlab.us,tencentBlock_16357,lru,0.1,35,21,1,3,0.8277,1.66,49437347,34871.3984,2873943
node0.tardis-apia.ldos-ut-pg0.wisc.cloudlab.us,tencentBlock_16357,lruforgive,0.1,35,21,1,1,0.8196,0.94,49437347,34871.3984,2873943
node0.tardis-apia.ldos-ut-pg0.wisc.cloudlab.us,tencentBlock_16357,lruforgive,0.1,35,21,1,2,0.8196,0.93,49437347,34871.3984,2873943
node0.tardis-apia.ldos-ut-pg0.wisc.cloudlab.us,tencentBlock_16357,lruforgive,0.1,35,21,1,3,0.8196,0.93,49437347,34871.3984,2873943
node0.tardis-apia.ldos-ut-pg0.wisc.cloudlab.us,tencentBlock_16357,s3fifo,0.1,35,21,1,1,0.8496,1.78,49437347,34871.3984,2873943
node0.tardis-apia.ldos-ut-pg0.wisc.cloudlab.us,tencentBlock_16357,s3fifo,0.1,35,21,1,2,0.8496,1.78,49437347,34871.3984,2873943
node0.tardis-apia.ldos-ut-pg0.wisc.cloudlab.us,tencentBlock_16357,s3fifo,0.1,35,21,1,3,0.8496,1.78,49437347,34871.3984,2873943
node0.tardis-apia.ldos-ut-pg0.wisc.cloudlab.us,tencentBlock_16357,s3fifoforgive,0.1,35,21,1,1,0.8454,1.20,49437347,34871.3984,2873943
node0.tardis-apia.ldos-ut-pg0.wisc.cloudlab.us,tencentBlock_16357,s3fifoforgive,0.1,35,21,1,2,0.8454,1.21,49437347,34871.3984,2873943
node0.tardis-apia.ldos-ut-pg0.wisc.cloudlab.us,tencentBlock_16357,s3fifoforgive,0.1,35,21,1,3,0.8454,1.20,49437347,34871.3984,2873943
node0.tardis-apia.ldos-ut-pg0.wisc.cloudlab.us,tencentBlock_16433,lru,10,3899,27,1,1,0.1975,0.40,26122016,38994.2272,1393513
node0.tardis-apia.ldos-ut-pg0.wisc.cloudlab.us,tencentBlock_16433,lru,10,3899,27,1,2,0.1975,0.41,26122016,38994.2272,1393513
node0.tardis-apia.ldos-ut-pg0.wisc.cloudlab.us,tencentBlock_16433,lru,10,3899,27,1,3,0.1975,0.41,26122016,38994.2272,1393513
node0.tardis-apia.ldos-ut-pg0.wisc.cloudlab.us,tencentBlock_16433,lruforgive,10,3899,27,1,1,0.1968,0.26,26122016,38994.2272,1393513
node0.tardis-apia.ldos-ut-pg0.wisc.cloudlab.us,tencentBlock_16433,lruforgive,10,3899,27,1,2,0.1968,0.26,26122016,38994.2272,1393513
node0.tardis-apia.ldos-ut-pg0.wisc.cloudlab.us,tencentBlock_16433,lruforgive,10,3899,27,1,3,0.1968,0.26,26122016,38994.2272,1393513
node0.tardis-apia.ldos-ut-pg0.wisc.cloudlab.us,tencentBlock_16433,s3fifo,10,3899,27,1,1,0.1807,0.44,26122016,38994.2272,1393513
node0.tardis-apia.ldos-ut-pg0.wisc.cloudlab.us,tencentBlock_16433,s3fifo,10,3899,27,1,2,0.1807,0.44,26122016,38994.2272,1393513
node0.tardis-apia.ldos-ut-pg0.wisc.cloudlab.us,tencentBlock_16433,s3fifo,10,3899,27,1,3,0.1807,0.44,26122016,38994.2272,1393513
node0.tardis-apia.ldos-ut-pg0.wisc.cloudlab.us,tencentBlock_16433,s3fifoforgive,10,3899,27,1,1,0.1807,0.27,26122016,38994.2272,1393513
node0.tardis-apia.ldos-ut-pg0.wisc.cloudlab.us,tencentBlock_16433,s3fifoforgive,10,3899,27,1,2,0.1806,0.27,26122016,38994.2272,1393513
node0.tardis-apia.ldos-ut-pg0.wisc.cloudlab.us,tencentBlock_16433,s3fifoforgive,10,3899,27,1,3,0.1806,0.27,26122016,38994.2272,1393513
node0.tardis-apia.ldos-ut-pg0.wisc.cloudlab.us,tencentBlock_16433,lru,0.1,39,21,1,1,0.9374,0.75,26122016,38994.2272,1393513
node0.tardis-apia.ldos-ut-pg0.wisc.cloudlab.us,tencentBlock_16433,lru,0.1,39,21,1,2,0.9374,0.73,26122016,38994.2272,1393513
node0.tardis-apia.ldos-ut-pg0.wisc.cloudlab.us,tencentBlock_16433,lru,0.1,39,21,1,3,0.9374,0.74,26122016,38994.2272,1393513
node0.tardis-apia.ldos-ut-pg0.wisc.cloudlab.us,tencentBlock_16433,lruforgive,0.1,39,21,1,1,0.9161,0.56,26122016,38994.2272,1393513
node0.tardis-apia.ldos-ut-pg0.wisc.cloudlab.us,tencentBlock_16433,lruforgive,0.1,39,21,1,2,0.9161,0.56,26122016,38994.2272,1393513
node0.tardis-apia.ldos-ut-pg0.wisc.cloudlab.us,tencentBlock_16433,lruforgive,0.1,39,21,1,3,0.9161,0.55,26122016,38994.2272,1393513
node0.tardis-apia.ldos-ut-pg0.wisc.cloudlab.us,tencentBlock_16433,s3fifo,0.1,39,21,1,1,0.9052,1.05,26122016,38994.2272,1393513
node0.tardis-apia.ldos-ut-pg0.wisc.cloudlab.us,tencentBlock_16433,s3fifo,0.1,39,21,1,2,0.9052,1.06,26122016,38994.2272,1393513
node0.tardis-apia.ldos-ut-pg0.wisc.cloudlab.us,tencentBlock_16433,s3fifo,0.1,39,21,1,3,0.9052,1.05,26122016,38994.2272,1393513
node0.tardis-apia.ldos-ut-pg0.wisc.cloudlab.us,tencentBlock_16433,s3fifoforgive,0.1,39,21,1,1,0.9025,0.90,26122016,38994.2272,1393513
node0.tardis-apia.ldos-ut-pg0.wisc.cloudlab.us,tencentBlock_16433,s3fifoforgive,0.1,39,21,1,2,0.9025,0.89,26122016,38994.2272,1393513
node0.tardis-apia.ldos-ut-pg0.wisc.cloudlab.us,tencentBlock_16433,s3fifoforgive,0.1,39,21,1,3,0.9025,0.91,26122016,38994.2272,1393513
node0.tardis-apia.ldos-ut-pg0.wisc.cloudlab.us,tencentBlock_16546,lru,10,2582,27,1,1,0.1850,0.59,17638174,25822.1056,1932797
node0.tardis-apia.ldos-ut-pg0.wisc.cloudlab.us,tencentBlock_16546,lru,10,2582,27,1,2,0.1850,0.59,17638174,25822.1056,1932797
node0.tardis-apia.ldos-ut-pg0.wisc.cloudlab.us,tencentBlock_16546,lru,10,2582,27,1,3,0.1850,0.59,17638174,25822.1056,1932797
node0.tardis-apia.ldos-ut-pg0.wisc.cloudlab.us,tencentBlock_16546,lruforgive,10,2582,27,1,1,0.1857,0.31,17638174,25822.1056,1932797
node0.tardis-apia.ldos-ut-pg0.wisc.cloudlab.us,tencentBlock_16546,lruforgive,10,2582,27,1,2,0.1857,0.32,17638174,25822.1056,1932797
node0.tardis-apia.ldos-ut-pg0.wisc.cloudlab.us,tencentBlock_16546,lruforgive,10,2582,27,1,3,0.1857,0.32,17638174,25822.1056,1932797
node0.tardis-apia.ldos-ut-pg0.wisc.cloudlab.us,tencentBlock_16546,s3fifo,10,2582,27,1,1,0.2088,0.61,17638174,25822.1056,1932797
node0.tardis-apia.ldos-ut-pg0.wisc.cloudlab.us,tencentBlock_16546,s3fifo,10,2582,27,1,2,0.2088,0.62,17638174,25822.1056,1932797
node0.tardis-apia.ldos-ut-pg0.wisc.cloudlab.us,tencentBlock_16546,s3fifo,10,2582,27,1,3,0.2088,0.61,17638174,25822.1056,1932797
node0.tardis-apia.ldos-ut-pg0.wisc.cloudlab.us,tencentBlock_16546,s3fifoforgive,10,2582,27,1,1,0.2084,0.36,17638174,25822.1056,1932797
node0.tardis-apia.ldos-ut-pg0.wisc.cloudlab.us,tencentBlock_16546,s3fifoforgive,10,2582,27,1,2,0.2083,0.36,17638174,25822.1056,1932797
node0.tardis-apia.ldos-ut-pg0.wisc.cloudlab.us,tencentBlock_16546,s3fifoforgive,10,2582,27,1,3,0.2086,0.36,17638174,25822.1056,1932797
node0.tardis-apia.ldos-ut-pg0.wisc.cloudlab.us,tencentBlock_16546,lru,0.1,26,21,1,1,0.5889,1.67,17638174,25822.1056,1932797
node0.tardis-apia.ldos-ut-pg0.wisc.cloudlab.us,tencentBlock_16546,lru,0.1,26,21,1,2,0.5889,1.63,17638174,25822.1056,1932797
node0.tardis-apia.ldos-ut-pg0.wisc.cloudlab.us,tencentBlock_16546,lru,0.1,26,21,1,3,0.5889,1.62,17638174,25822.1056,1932797
node0.tardis-apia.ldos-ut-pg0.wisc.cloudlab.us,tencentBlock_16546,lruforgive,0.1,26,21,1,1,0.5605,0.62,17638174,25822.1056,1932797
node0.tardis-apia.ldos-ut-pg0.wisc.cloudlab.us,tencentBlock_16546,lruforgive,0.1,26,21,1,2,0.5605,0.62,17638174,25822.1056,1932797
node0.tardis-apia.ldos-ut-pg0.wisc.cloudlab.us,tencentBlock_16546,lruforgive,0.1,26,21,1,3,0.5605,0.62,17638174,25822.1056,1932797
node0.tardis-apia.ldos-ut-pg0.wisc.cloudlab.us,tencentBlock_16546,s3fifo,0.1,26,21,1,1,0.5491,1.75,17638174,25822.1056,1932797
node0.tardis-apia.ldos-ut-pg0.wisc.cloudlab.us,tencentBlock_16546,s3fifo,0.1,26,21,1,2,0.5491,1.71,17638174,25822.1056,1932797
node0.tardis-apia.ldos-ut-pg0.wisc.cloudlab.us,tencentBlock_16546,s3fifo,0.1,26,21,1,3,0.5491,1.71,17638174,25822.1056,1932797
node0.tardis-apia.ldos-ut-pg0.wisc.cloudlab.us,tencentBlock_16546,s3fifoforgive,0.1,26,21,1,1,0.5452,0.95,17638174,25822.1056,1932797
node0.tardis-apia.ldos-ut-pg0.wisc.cloudlab.us,tencentBlock_16546,s3fifoforgive,0.1,26,21,1,2,0.5452,0.94,17638174,25822.1056,1932797
node0.tardis-apia.ldos-ut-pg0.wisc.cloudlab.us,tencentBlock_16546,s3fifoforgive,0.1,26,21,1,3,0.5452,0.95,17638174,25822.1056,1932797
node0.tardis-apia.ldos-ut-pg0.wisc.cloudlab.us,tencentBlock_1655,lru,10,3852,27,1,1,0.1135,0.60,23145988,38523.0848,1600446
node0.tardis-apia.ldos-ut-pg0.wisc.cloudlab.us,tencentBlock_1655,lru,10,3852,27,1,2,0.1135,0.59,23145988,38523.0848,1600446
node0.tardis-apia.ldos-ut-pg0.wisc.cloudlab.us,tencentBlock_1655,lru,10,3852,27,1,3,0.1135,0.60,23145988,38523.0848,1600446
node0.tardis-apia.ldos-ut-pg0.wisc.cloudlab.us,tencentBlock_1655,lruforgive,10,3852,27,1,1,0.1139,0.30,23145988,38523.0848,1600446
node0.tardis-apia.ldos-ut-pg0.wisc.cloudlab.us,tencentBlock_1655,lruforgive,10,3852,27,1,2,0.1139,0.29,23145988,38523.0848,1600446
node0.tardis-apia.ldos-ut-pg0.wisc.cloudlab.us,tencentBlock_1655,lruforgive,10,3852,27,1,3,0.1139,0.29,23145988,38523.0848,1600446
node0.tardis-apia.ldos-ut-pg0.wisc.cloudlab.us,tencentBlock_1655,s3fifo,10,3852,27,1,1,0.1183,0.70,23145988,38523.0848,1600446
node0.tardis-apia.ldos-ut-pg0.wisc.cloudlab.us,tencentBlock_1655,s3fifo,10,3852,27,1,2,0.1183,0.70,23145988,38523.0848,1600446
node0.tardis-apia.ldos-ut-pg0.wisc.cloudlab.us,tencentBlock_1655,s3fifo,10,3852,27,1,3,0.1183,0.70,23145988,38523.0848,1600446
node0.tardis-apia.ldos-ut-pg0.wisc.cloudlab.us,tencentBlock_1655,s3fifoforgive,10,3852,27,1,1,0.1183,0.34,23145988,38523.0848,1600446
node0.tardis-apia.ldos-ut-pg0.wisc.cloudlab.us,tencentBlock_1655,s3fifoforgive,10,3852,27,1,2,0.1183,0.34,23145988,38523.0848,1600446
node0.tardis-apia.ldos-ut-pg0.wisc.cloudlab.us,tencentBlock_1655,s3fifoforgive,10,3852,27,1,3,0.1183,0.33,23145988,38523.0848,1600446
node0.tardis-apia.ldos-ut-pg0.wisc.cloudlab.us,tencentBlock_1655,lru,0.1,39,21,1,1,0.6565,1.08,23145988,38523.0848,1600446
node0.tardis-apia.ldos-ut-pg0.wisc.cloudlab.us,tencentBlock_1655,lru,0.1,39,21,1,2,0.6565,1.05,23145988,38523.0848,1600446
node0.tardis-apia.ldos-ut-pg0.wisc.cloudlab.us,tencentBlock_1655,lru,0.1,39,21,1,3,0.6565,1.06,23145988,38523.0848,1600446
node0.tardis-apia.ldos-ut-pg0.wisc.cloudlab.us,tencentBlock_1655,lruforgive,0.1,39,21,1,1,0.6504,0.64,23145988,38523.0848,1600446
node0.tardis-apia.ldos-ut-pg0.wisc.cloudlab.us,tencentBlock_1655,lruforgive,0.1,39,21,1,2,0.6504,0.64,23145988,38523.0848,1600446
node0.tardis-apia.ldos-ut-pg0.wisc.cloudlab.us,tencentBlock_1655,lruforgive,0.1,39,21,1,3,0.6504,0.64,23145988,38523.0848,1600446
node0.tardis-apia.ldos-ut-pg0.wisc.cloudlab.us,tencentBlock_1655,s3fifo,0.1,39,21,1,1,0.6501,1.30,23145988,38523.0848,1600446
node0.tardis-apia.ldos-ut-pg0.wisc.cloudlab.us,tencentBlock_1655,s3fifo,0.1,39,21,1,2,0.6501,1.29,23145988,38523.0848,1600446
node0.tardis-apia.ldos-ut-pg0.wisc.cloudlab.us,tencentBlock_1655,s3fifo,0.1,39,21,1,3,0.6501,1.34,23145988,38523.0848,1600446
node0.tardis-apia.ldos-ut-pg0.wisc.cloudlab.us,tencentBlock_1655,s3fifoforgive,0.1,39,21,1,1,0.6478,0.88,23145988,38523.0848,1600446
node0.tardis-apia.ldos-ut-pg0.wisc.cloudlab.us,tencentBlock_1655,s3fifoforgive,0.1,39,21,1,2,0.6478,0.87,23145988,38523.0848,1600446
node0.tardis-apia.ldos-ut-pg0.wisc.cloudlab.us,tencentBlock_1655,s3fifoforgive,0.1,39,21,1,3,0.6478,0.86,23145988,38523.0848,1600446
node0.tardis-apia.ldos-ut-pg0.wisc.cloudlab.us,tencentBlock_1662,lru,10,211812,27,1,1,NA_TOOBIG,NA,NA,2118121.7792,7363705
node0.tardis-apia.ldos-ut-pg0.wisc.cloudlab.us,tencentBlock_1662,lru,10,211812,27,1,2,NA_TOOBIG,NA,NA,2118121.7792,7363705
node0.tardis-apia.ldos-ut-pg0.wisc.cloudlab.us,tencentBlock_1662,lru,10,211812,27,1,3,NA_TOOBIG,NA,NA,2118121.7792,7363705
node0.tardis-apia.ldos-ut-pg0.wisc.cloudlab.us,tencentBlock_1662,lruforgive,10,211812,27,1,1,NA_TOOBIG,NA,NA,2118121.7792,7363705
node0.tardis-apia.ldos-ut-pg0.wisc.cloudlab.us,tencentBlock_1662,lruforgive,10,211812,27,1,2,NA_TOOBIG,NA,NA,2118121.7792,7363705
node0.tardis-apia.ldos-ut-pg0.wisc.cloudlab.us,tencentBlock_1662,lruforgive,10,211812,27,1,3,NA_TOOBIG,NA,NA,2118121.7792,7363705
node0.tardis-apia.ldos-ut-pg0.wisc.cloudlab.us,tencentBlock_1662,s3fifo,10,211812,27,1,1,NA_TOOBIG,NA,NA,2118121.7792,7363705
node0.tardis-apia.ldos-ut-pg0.wisc.cloudlab.us,tencentBlock_1662,s3fifo,10,211812,27,1,2,NA_TOOBIG,NA,NA,2118121.7792,7363705
node0.tardis-apia.ldos-ut-pg0.wisc.cloudlab.us,tencentBlock_1662,s3fifo,10,211812,27,1,3,NA_TOOBIG,NA,NA,2118121.7792,7363705
node0.tardis-apia.ldos-ut-pg0.wisc.cloudlab.us,tencentBlock_1662,s3fifoforgive,10,211812,27,1,1,NA_TOOBIG,NA,NA,2118121.7792,7363705
node0.tardis-apia.ldos-ut-pg0.wisc.cloudlab.us,tencentBlock_1662,s3fifoforgive,10,211812,27,1,2,NA_TOOBIG,NA,NA,2118121.7792,7363705
node0.tardis-apia.ldos-ut-pg0.wisc.cloudlab.us,tencentBlock_1662,s3fifoforgive,10,211812,27,1,3,NA_TOOBIG,NA,NA,2118121.7792,7363705
node0.tardis-apia.ldos-ut-pg0.wisc.cloudlab.us,tencentBlock_1662,lru,0.1,2118,27,1,1,0.4134,0.07,46078505,2118121.7792,7363705
node0.tardis-apia.ldos-ut-pg0.wisc.cloudlab.us,tencentBlock_1662,lru,0.1,2118,27,1,2,0.4134,0.07,46078505,2118121.7792,7363705
node0.tardis-apia.ldos-ut-pg0.wisc.cloudlab.us,tencentBlock_1662,lru,0.1,2118,27,1,3,0.4134,0.07,46078505,2118121.7792,7363705
node0.tardis-apia.ldos-ut-pg0.wisc.cloudlab.us,tencentBlock_1662,lruforgive,0.1,2118,27,1,1,0.3995,0.07,46078505,2118121.7792,7363705
node0.tardis-apia.ldos-ut-pg0.wisc.cloudlab.us,tencentBlock_1662,lruforgive,0.1,2118,27,1,2,0.3995,0.07,46078505,2118121.7792,7363705
node0.tardis-apia.ldos-ut-pg0.wisc.cloudlab.us,tencentBlock_1662,lruforgive,0.1,2118,27,1,3,0.3995,0.07,46078505,2118121.7792,7363705
node0.tardis-apia.ldos-ut-pg0.wisc.cloudlab.us,tencentBlock_1662,s3fifo,0.1,2118,27,1,1,0.3849,0.07,46078505,2118121.7792,7363705
node0.tardis-apia.ldos-ut-pg0.wisc.cloudlab.us,tencentBlock_1662,s3fifo,0.1,2118,27,1,2,0.3849,0.07,46078505,2118121.7792,7363705
node0.tardis-apia.ldos-ut-pg0.wisc.cloudlab.us,tencentBlock_1662,s3fifo,0.1,2118,27,1,3,0.3849,0.07,46078505,2118121.7792,7363705
node0.tardis-apia.ldos-ut-pg0.wisc.cloudlab.us,tencentBlock_1662,s3fifoforgive,0.1,2118,27,1,1,0.3846,0.07,46078505,2118121.7792,7363705
node0.tardis-apia.ldos-ut-pg0.wisc.cloudlab.us,tencentBlock_1662,s3fifoforgive,0.1,2118,27,1,2,0.3846,0.07,46078505,2118121.7792,7363705
node0.tardis-apia.ldos-ut-pg0.wisc.cloudlab.us,tencentBlock_1662,s3fifoforgive,0.1,2118,27,1,3,0.3846,0.07,46078505,2118121.7792,7363705
node0.tardis-apia.ldos-ut-pg0.wisc.cloudlab.us,tencentBlock_16639,lru,10,4493,27,1,1,0.3057,0.40,9820229,44931.2768,1402371
node0.tardis-apia.ldos-ut-pg0.wisc.cloudlab.us,tencentBlock_16639,lru,10,4493,27,1,2,0.3057,0.40,9820229,44931.2768,1402371
node0.tardis-apia.ldos-ut-pg0.wisc.cloudlab.us,tencentBlock_16639,lru,10,4493,27,1,3,0.3057,0.40,9820229,44931.2768,1402371
node0.tardis-apia.ldos-ut-pg0.wisc.cloudlab.us,tencentBlock_16639,lruforgive,10,4493,27,1,1,0.3053,0.30,9820229,44931.2768,1402371
node0.tardis-apia.ldos-ut-pg0.wisc.cloudlab.us,tencentBlock_16639,lruforgive,10,4493,27,1,2,0.3053,0.30,9820229,44931.2768,1402371
node0.tardis-apia.ldos-ut-pg0.wisc.cloudlab.us,tencentBlock_16639,lruforgive,10,4493,27,1,3,0.3053,0.29,9820229,44931.2768,1402371
node0.tardis-apia.ldos-ut-pg0.wisc.cloudlab.us,tencentBlock_16639,s3fifo,10,4493,27,1,1,0.2838,0.47,9820229,44931.2768,1402371
node0.tardis-apia.ldos-ut-pg0.wisc.cloudlab.us,tencentBlock_16639,s3fifo,10,4493,27,1,2,0.2838,0.47,9820229,44931.2768,1402371
node0.tardis-apia.ldos-ut-pg0.wisc.cloudlab.us,tencentBlock_16639,s3fifo,10,4493,27,1,3,0.2838,0.47,9820229,44931.2768,1402371
node0.tardis-apia.ldos-ut-pg0.wisc.cloudlab.us,tencentBlock_16639,s3fifoforgive,10,4493,27,1,1,0.2838,0.33,9820229,44931.2768,1402371
node0.tardis-apia.ldos-ut-pg0.wisc.cloudlab.us,tencentBlock_16639,s3fifoforgive,10,4493,27,1,2,0.2838,0.33,9820229,44931.2768,1402371
node0.tardis-apia.ldos-ut-pg0.wisc.cloudlab.us,tencentBlock_16639,s3fifoforgive,10,4493,27,1,3,0.2838,0.33,9820229,44931.2768,1402371
node0.tardis-apia.ldos-ut-pg0.wisc.cloudlab.us,tencentBlock_16639,lru,0.1,45,21,1,1,0.6263,1.24,9820229,44931.2768,1402371
node0.tardis-apia.ldos-ut-pg0.wisc.cloudlab.us,tencentBlock_16639,lru,0.1,45,21,1,2,0.6263,1.24,9820229,44931.2768,1402371
node0.tardis-apia.ldos-ut-pg0.wisc.cloudlab.us,tencentBlock_16639,lru,0.1,45,21,1,3,0.6263,1.25,9820229,44931.2768,1402371
node0.tardis-apia.ldos-ut-pg0.wisc.cloudlab.us,tencentBlock_16639,lruforgive,0.1,45,21,1,1,0.6217,0.73,9820229,44931.2768,1402371
node0.tardis-apia.ldos-ut-pg0.wisc.cloudlab.us,tencentBlock_16639,lruforgive,0.1,45,21,1,2,0.6217,0.73,9820229,44931.2768,1402371
node0.tardis-apia.ldos-ut-pg0.wisc.cloudlab.us,tencentBlock_16639,lruforgive,0.1,45,21,1,3,0.6217,0.73,9820229,44931.2768,1402371
node0.tardis-apia.ldos-ut-pg0.wisc.cloudlab.us,tencentBlock_16639,s3fifo,0.1,45,21,1,1,0.6323,1.54,9820229,44931.2768,1402371
node0.tardis-apia.ldos-ut-pg0.wisc.cloudlab.us,tencentBlock_16639,s3fifo,0.1,45,21,1,2,0.6323,1.53,9820229,44931.2768,1402371
node0.tardis-apia.ldos-ut-pg0.wisc.cloudlab.us,tencentBlock_16639,s3fifo,0.1,45,21,1,3,0.6323,1.53,9820229,44931.2768,1402371
node0.tardis-apia.ldos-ut-pg0.wisc.cloudlab.us,tencentBlock_16639,s3fifoforgive,0.1,45,21,1,1,0.6312,0.95,9820229,44931.2768,1402371
node0.tardis-apia.ldos-ut-pg0.wisc.cloudlab.us,tencentBlock_16639,s3fifoforgive,0.1,45,21,1,2,0.6312,0.97,9820229,44931.2768,1402371
node0.tardis-apia.ldos-ut-pg0.wisc.cloudlab.us,tencentBlock_16639,s3fifoforgive,0.1,45,21,1,3,0.6312,0.98,9820229,44931.2768,1402371
node0.tardis-apia.ldos-ut-pg0.wisc.cloudlab.us,tencentBlock_16739,lru,10,317632,27,1,1,NA_TOOBIG,NA,NA,3176322.2528,8847171
node0.tardis-apia.ldos-ut-pg0.wisc.cloudlab.us,tencentBlock_16739,lru,10,317632,27,1,2,NA_TOOBIG,NA,NA,3176322.2528,8847171
node0.tardis-apia.ldos-ut-pg0.wisc.cloudlab.us,tencentBlock_16739,lru,10,317632,27,1,3,NA_TOOBIG,NA,NA,3176322.2528,8847171
node0.tardis-apia.ldos-ut-pg0.wisc.cloudlab.us,tencentBlock_16739,lruforgive,10,317632,27,1,1,NA_TOOBIG,NA,NA,3176322.2528,8847171
node0.tardis-apia.ldos-ut-pg0.wisc.cloudlab.us,tencentBlock_16739,lruforgive,10,317632,27,1,2,NA_TOOBIG,NA,NA,3176322.2528,8847171
node0.tardis-apia.ldos-ut-pg0.wisc.cloudlab.us,tencentBlock_16739,lruforgive,10,317632,27,1,3,NA_TOOBIG,NA,NA,3176322.2528,8847171
node0.tardis-apia.ldos-ut-pg0.wisc.cloudlab.us,tencentBlock_16739,s3fifo,10,317632,27,1,1,NA_TOOBIG,NA,NA,3176322.2528,8847171
node0.tardis-apia.ldos-ut-pg0.wisc.cloudlab.us,tencentBlock_16739,s3fifo,10,317632,27,1,2,NA_TOOBIG,NA,NA,3176322.2528,8847171
node0.tardis-apia.ldos-ut-pg0.wisc.cloudlab.us,tencentBlock_16739,s3fifo,10,317632,27,1,3,NA_TOOBIG,NA,NA,3176322.2528,8847171
node0.tardis-apia.ldos-ut-pg0.wisc.cloudlab.us,tencentBlock_16739,s3fifoforgive,10,317632,27,1,1,NA_TOOBIG,NA,NA,3176322.2528,8847171
node0.tardis-apia.ldos-ut-pg0.wisc.cloudlab.us,tencentBlock_16739,s3fifoforgive,10,317632,27,1,2,NA_TOOBIG,NA,NA,3176322.2528,8847171
node0.tardis-apia.ldos-ut-pg0.wisc.cloudlab.us,tencentBlock_16739,s3fifoforgive,10,317632,27,1,3,NA_TOOBIG,NA,NA,3176322.2528,8847171
node0.tardis-apia.ldos-ut-pg0.wisc.cloudlab.us,tencentBlock_16739,lru,0.1,3176,27,1,1,0.9675,0.02,14321391,3176322.2528,8847171
node0.tardis-apia.ldos-ut-pg0.wisc.cloudlab.us,tencentBlock_16739,lru,0.1,3176,27,1,2,0.9675,0.02,14321391,3176322.2528,8847171
node0.tardis-apia.ldos-ut-pg0.wisc.cloudlab.us,tencentBlock_16739,lru,0.1,3176,27,1,3,0.9675,0.02,14321391,3176322.2528,8847171
node0.tardis-apia.ldos-ut-pg0.wisc.cloudlab.us,tencentBlock_16739,lruforgive,0.1,3176,27,1,1,0.9656,0.02,14321391,3176322.2528,8847171
node0.tardis-apia.ldos-ut-pg0.wisc.cloudlab.us,tencentBlock_16739,lruforgive,0.1,3176,27,1,2,0.9656,0.02,14321391,3176322.2528,8847171
node0.tardis-apia.ldos-ut-pg0.wisc.cloudlab.us,tencentBlock_16739,lruforgive,0.1,3176,27,1,3,0.9656,0.02,14321391,3176322.2528,8847171
node0.tardis-apia.ldos-ut-pg0.wisc.cloudlab.us,tencentBlock_16739,s3fifo,0.1,3176,27,1,1,0.9640,0.02,14321391,3176322.2528,8847171
node0.tardis-apia.ldos-ut-pg0.wisc.cloudlab.us,tencentBlock_16739,s3fifo,0.1,3176,27,1,2,0.9640,0.02,14321391,3176322.2528,8847171
node0.tardis-apia.ldos-ut-pg0.wisc.cloudlab.us,tencentBlock_16739,s3fifo,0.1,3176,27,1,3,0.9640,0.02,14321391,3176322.2528,8847171
node0.tardis-apia.ldos-ut-pg0.wisc.cloudlab.us,tencentBlock_16739,s3fifoforgive,0.1,3176,27,1,1,0.9638,0.02,14321391,3176322.2528,8847171
node0.tardis-apia.ldos-ut-pg0.wisc.cloudlab.us,tencentBlock_16739,s3fifoforgive,0.1,3176,27,1,2,0.9638,0.02,14321391,3176322.2528,8847171
node0.tardis-apia.ldos-ut-pg0.wisc.cloudlab.us,tencentBlock_16739,s3fifoforgive,0.1,3176,27,1,3,0.9638,0.02,14321391,3176322.2528,8847171
node0.tardis-apia.ldos-ut-pg0.wisc.cloudlab.us,tencentBlock_16742,lru,10,8397,27,1,1,0.6640,0.11,7600372,83973.12,1676410
node0.tardis-apia.ldos-ut-pg0.wisc.cloudlab.us,tencentBlock_16742,lru,10,8397,27,1,2,0.6640,0.11,7600372,83973.12,1676410
node0.tardis-apia.ldos-ut-pg0.wisc.cloudlab.us,tencentBlock_16742,lru,10,8397,27,1,3,0.6640,0.11,7600372,83973.12,1676410
node0.tardis-apia.ldos-ut-pg0.wisc.cloudlab.us,tencentBlock_16742,lruforgive,10,8397,27,1,1,0.6532,0.11,7600372,83973.12,1676410
node0.tardis-apia.ldos-ut-pg0.wisc.cloudlab.us,tencentBlock_16742,lruforgive,10,8397,27,1,2,0.6536,0.11,7600372,83973.12,1676410
node0.tardis-apia.ldos-ut-pg0.wisc.cloudlab.us,tencentBlock_16742,lruforgive,10,8397,27,1,3,0.6532,0.11,7600372,83973.12,1676410
node0.tardis-apia.ldos-ut-pg0.wisc.cloudlab.us,tencentBlock_16742,s3fifo,10,8397,27,1,1,0.5656,0.13,7600372,83973.12,1676410
node0.tardis-apia.ldos-ut-pg0.wisc.cloudlab.us,tencentBlock_16742,s3fifo,10,8397,27,1,2,0.5656,0.13,7600372,83973.12,1676410
node0.tardis-apia.ldos-ut-pg0.wisc.cloudlab.us,tencentBlock_16742,s3fifo,10,8397,27,1,3,0.5656,0.13,7600372,83973.12,1676410
node0.tardis-apia.ldos-ut-pg0.wisc.cloudlab.us,tencentBlock_16742,s3fifoforgive,10,8397,27,1,1,0.5654,0.12,7600372,83973.12,1676410
node0.tardis-apia.ldos-ut-pg0.wisc.cloudlab.us,tencentBlock_16742,s3fifoforgive,10,8397,27,1,2,0.5654,0.12,7600372,83973.12,1676410
node0.tardis-apia.ldos-ut-pg0.wisc.cloudlab.us,tencentBlock_16742,s3fifoforgive,10,8397,27,1,3,0.5654,0.13,7600372,83973.12,1676410
node0.tardis-apia.ldos-ut-pg0.wisc.cloudlab.us,tencentBlock_16742,lru,0.1,84,22,1,1,0.7892,0.19,7600372,83973.12,1676410
node0.tardis-apia.ldos-ut-pg0.wisc.cloudlab.us,tencentBlock_16742,lru,0.1,84,22,1,2,0.7892,0.19,7600372,83973.12,1676410
node0.tardis-apia.ldos-ut-pg0.wisc.cloudlab.us,tencentBlock_16742,lru,0.1,84,22,1,3,0.7892,0.19,7600372,83973.12,1676410
node0.tardis-apia.ldos-ut-pg0.wisc.cloudlab.us,tencentBlock_16742,lruforgive,0.1,84,22,1,1,0.7698,0.17,7600372,83973.12,1676410
node0.tardis-apia.ldos-ut-pg0.wisc.cloudlab.us,tencentBlock_16742,lruforgive,0.1,84,22,1,2,0.7698,0.18,7600372,83973.12,1676410
node0.tardis-apia.ldos-ut-pg0.wisc.cloudlab.us,tencentBlock_16742,lruforgive,0.1,84,22,1,3,0.7698,0.17,7600372,83973.12,1676410
node0.tardis-apia.ldos-ut-pg0.wisc.cloudlab.us,tencentBlock_16742,s3fifo,0.1,84,22,1,1,0.7646,0.31,7600372,83973.12,1676410
node0.tardis-apia.ldos-ut-pg0.wisc.cloudlab.us,tencentBlock_16742,s3fifo,0.1,84,22,1,2,0.7646,0.32,7600372,83973.12,1676410
node0.tardis-apia.ldos-ut-pg0.wisc.cloudlab.us,tencentBlock_16742,s3fifo,0.1,84,22,1,3,0.7646,0.34,7600372,83973.12,1676410
node0.tardis-apia.ldos-ut-pg0.wisc.cloudlab.us,tencentBlock_16742,s3fifoforgive,0.1,84,22,1,1,0.7633,0.29,7600372,83973.12,1676410
node0.tardis-apia.ldos-ut-pg0.wisc.cloudlab.us,tencentBlock_16742,s3fifoforgive,0.1,84,22,1,2,0.7633,0.29,7600372,83973.12,1676410
node0.tardis-apia.ldos-ut-pg0.wisc.cloudlab.us,tencentBlock_16742,s3fifoforgive,0.1,84,22,1,3,0.7634,0.29,7600372,83973.12,1676410
node0.tardis-apia.ldos-ut-pg0.wisc.cloudlab.us,tencentBlock_16788,lru,10,7529,27,1,1,0.6494,0.13,10033635,75292.672,1150461
node0.tardis-apia.ldos-ut-pg0.wisc.cloudlab.us,tencentBlock_16788,lru,10,7529,27,1,2,0.6494,0.13,10033635,75292.672,1150461
node0.tardis-apia.ldos-ut-pg0.wisc.cloudlab.us,tencentBlock_16788,lru,10,7529,27,1,3,0.6494,0.13,10033635,75292.672,1150461
node0.tardis-apia.ldos-ut-pg0.wisc.cloudlab.us,tencentBlock_16788,lruforgive,10,7529,27,1,1,0.6470,0.12,10033635,75292.672,1150461
node0.tardis-apia.ldos-ut-pg0.wisc.cloudlab.us,tencentBlock_16788,lruforgive,10,7529,27,1,2,0.6470,0.12,10033635,75292.672,1150461
node0.tardis-apia.ldos-ut-pg0.wisc.cloudlab.us,tencentBlock_16788,lruforgive,10,7529,27,1,3,0.6470,0.12,10033635,75292.672,1150461
node0.tardis-apia.ldos-ut-pg0.wisc.cloudlab.us,tencentBlock_16788,s3fifo,10,7529,27,1,1,0.6236,0.13,10033635,75292.672,1150461
node0.tardis-apia.ldos-ut-pg0.wisc.cloudlab.us,tencentBlock_16788,s3fifo,10,7529,27,1,2,0.6236,0.13,10033635,75292.672,1150461
node0.tardis-apia.ldos-ut-pg0.wisc.cloudlab.us,tencentBlock_16788,s3fifo,10,7529,27,1,3,0.6236,0.13,10033635,75292.672,1150461
node0.tardis-apia.ldos-ut-pg0.wisc.cloudlab.us,tencentBlock_16788,s3fifoforgive,10,7529,27,1,1,0.6233,0.12,10033635,75292.672,1150461
node0.tardis-apia.ldos-ut-pg0.wisc.cloudlab.us,tencentBlock_16788,s3fifoforgive,10,7529,27,1,2,0.6233,0.13,10033635,75292.672,1150461
node0.tardis-apia.ldos-ut-pg0.wisc.cloudlab.us,tencentBlock_16788,s3fifoforgive,10,7529,27,1,3,0.6233,0.12,10033635,75292.672,1150461
node0.tardis-apia.ldos-ut-pg0.wisc.cloudlab.us,tencentBlock_16788,lru,0.1,75,22,1,1,0.7659,0.26,10033635,75292.672,1150461
node0.tardis-apia.ldos-ut-pg0.wisc.cloudlab.us,tencentBlock_16788,lru,0.1,75,22,1,2,0.7659,0.26,10033635,75292.672,1150461
node0.tardis-apia.ldos-ut-pg0.wisc.cloudlab.us,tencentBlock_16788,lru,0.1,75,22,1,3,0.7659,0.26,10033635,75292.672,1150461
node0.tardis-apia.ldos-ut-pg0.wisc.cloudlab.us,tencentBlock_16788,lruforgive,0.1,75,22,1,1,0.7556,0.22,10033635,75292.672,1150461
node0.tardis-apia.ldos-ut-pg0.wisc.cloudlab.us,tencentBlock_16788,lruforgive,0.1,75,22,1,2,0.7556,0.21,10033635,75292.672,1150461
node0.tardis-apia.ldos-ut-pg0.wisc.cloudlab.us,tencentBlock_16788,lruforgive,0.1,75,22,1,3,0.7556,0.21,10033635,75292.672,1150461
node0.tardis-apia.ldos-ut-pg0.wisc.cloudlab.us,tencentBlock_16788,s3fifo,0.1,75,22,1,1,0.7646,0.37,10033635,75292.672,1150461
node0.tardis-apia.ldos-ut-pg0.wisc.cloudlab.us,tencentBlock_16788,s3fifo,0.1,75,22,1,2,0.7646,0.39,10033635,75292.672,1150461
node0.tardis-apia.ldos-ut-pg0.wisc.cloudlab.us,tencentBlock_16788,s3fifo,0.1,75,22,1,3,0.7646,0.37,10033635,75292.672,1150461
node0.tardis-apia.ldos-ut-pg0.wisc.cloudlab.us,tencentBlock_16788,s3fifoforgive,0.1,75,22,1,1,0.7644,0.33,10033635,75292.672,1150461
node0.tardis-apia.ldos-ut-pg0.wisc.cloudlab.us,tencentBlock_16788,s3fifoforgive,0.1,75,22,1,2,0.7644,0.34,10033635,75292.672,1150461
node0.tardis-apia.ldos-ut-pg0.wisc.cloudlab.us,tencentBlock_16788,s3fifoforgive,0.1,75,22,1,3,0.7644,0.34,10033635,75292.672,1150461
node0.tardis-apia.ldos-ut-pg0.wisc.cloudlab.us,tencentBlock_16864,lru,10,4940,27,1,1,0.6493,0.24,5937783,49398.3744,2199502
node0.tardis-apia.ldos-ut-pg0.wisc.cloudlab.us,tencentBlock_16864,lru,10,4940,27,1,2,0.6492,0.24,5937783,49398.3744,2199502
node0.tardis-apia.ldos-ut-pg0.wisc.cloudlab.us,tencentBlock_16864,lru,10,4940,27,1,3,0.6493,0.24,5937783,49398.3744,2199502
node0.tardis-apia.ldos-ut-pg0.wisc.cloudlab.us,tencentBlock_16864,lruforgive,10,4940,27,1,1,0.6482,0.24,5937783,49398.3744,2199502
node0.tardis-apia.ldos-ut-pg0.wisc.cloudlab.us,tencentBlock_16864,lruforgive,10,4940,27,1,2,0.6482,0.24,5937783,49398.3744,2199502
node0.tardis-apia.ldos-ut-pg0.wisc.cloudlab.us,tencentBlock_16864,lruforgive,10,4940,27,1,3,0.6482,0.24,5937783,49398.3744,2199502
node0.tardis-apia.ldos-ut-pg0.wisc.cloudlab.us,tencentBlock_16864,s3fifo,10,4940,27,1,1,0.6108,0.26,5937783,49398.3744,2199502
node0.tardis-apia.ldos-ut-pg0.wisc.cloudlab.us,tencentBlock_16864,s3fifo,10,4940,27,1,2,0.6108,0.26,5937783,49398.3744,2199502
node0.tardis-apia.ldos-ut-pg0.wisc.cloudlab.us,tencentBlock_16864,s3fifo,10,4940,27,1,3,0.6108,0.27,5937783,49398.3744,2199502
node0.tardis-apia.ldos-ut-pg0.wisc.cloudlab.us,tencentBlock_16864,s3fifoforgive,10,4940,27,1,1,0.6108,0.25,5937783,49398.3744,2199502
node0.tardis-apia.ldos-ut-pg0.wisc.cloudlab.us,tencentBlock_16864,s3fifoforgive,10,4940,27,1,2,0.6108,0.26,5937783,49398.3744,2199502
node0.tardis-apia.ldos-ut-pg0.wisc.cloudlab.us,tencentBlock_16864,s3fifoforgive,10,4940,27,1,3,0.6108,0.25,5937783,49398.3744,2199502
node0.tardis-apia.ldos-ut-pg0.wisc.cloudlab.us,tencentBlock_16864,lru,0.1,49,22,1,1,0.7236,0.62,5937783,49398.3744,2199502
node0.tardis-apia.ldos-ut-pg0.wisc.cloudlab.us,tencentBlock_16864,lru,0.1,49,22,1,2,0.7236,0.61,5937783,49398.3744,2199502
node0.tardis-apia.ldos-ut-pg0.wisc.cloudlab.us,tencentBlock_16864,lru,0.1,49,22,1,3,0.7236,0.61,5937783,49398.3744,2199502
node0.tardis-apia.ldos-ut-pg0.wisc.cloudlab.us,tencentBlock_16864,lruforgive,0.1,49,22,1,1,0.7230,0.49,5937783,49398.3744,2199502
node0.tardis-apia.ldos-ut-pg0.wisc.cloudlab.us,tencentBlock_16864,lruforgive,0.1,49,22,1,2,0.7230,0.50,5937783,49398.3744,2199502
node0.tardis-apia.ldos-ut-pg0.wisc.cloudlab.us,tencentBlock_16864,lruforgive,0.1,49,22,1,3,0.7230,0.49,5937783,49398.3744,2199502
node0.tardis-apia.ldos-ut-pg0.wisc.cloudlab.us,tencentBlock_16864,s3fifo,0.1,49,22,1,1,0.7235,0.84,5937783,49398.3744,2199502
node0.tardis-apia.ldos-ut-pg0.wisc.cloudlab.us,tencentBlock_16864,s3fifo,0.1,49,22,1,2,0.7235,0.85,5937783,49398.3744,2199502
node0.tardis-apia.ldos-ut-pg0.wisc.cloudlab.us,tencentBlock_16864,s3fifo,0.1,49,22,1,3,0.7235,0.85,5937783,49398.3744,2199502
node0.tardis-apia.ldos-ut-pg0.wisc.cloudlab.us,tencentBlock_16864,s3fifoforgive,0.1,49,22,1,1,0.7235,0.66,5937783,49398.3744,2199502
node0.tardis-apia.ldos-ut-pg0.wisc.cloudlab.us,tencentBlock_16864,s3fifoforgive,0.1,49,22,1,2,0.7235,0.68,5937783,49398.3744,2199502
node0.tardis-apia.ldos-ut-pg0.wisc.cloudlab.us,tencentBlock_16864,s3fifoforgive,0.1,49,22,1,3,0.7235,0.66,5937783,49398.3744,2199502
