node,trace,policy,cache_pct,size_mb,hp,threads,rep,miss,tp,requests,footprint_mb,n_objects
node3.tardis-apia.ldos-ut-pg0.wisc.cloudlab.us,alibabaBlock_0,lru,10,78994,27,1,1,0.3697,0.05,13934481,789944.0128,4739943
node3.tardis-apia.ldos-ut-pg0.wisc.cloudlab.us,alibabaBlock_0,lru,10,78994,27,1,2,0.3697,0.05,13934481,789944.0128,4739943
node3.tardis-apia.ldos-ut-pg0.wisc.cloudlab.us,alibabaBlock_0,lru,10,78994,27,1,3,0.3697,0.05,13934481,789944.0128,4739943
node3.tardis-apia.ldos-ut-pg0.wisc.cloudlab.us,alibabaBlock_0,lruforgive,10,78994,27,1,1,0.3682,0.05,13934481,789944.0128,4739943
node3.tardis-apia.ldos-ut-pg0.wisc.cloudlab.us,alibabaBlock_0,lruforgive,10,78994,27,1,2,0.3682,0.05,13934481,789944.0128,4739943
node3.tardis-apia.ldos-ut-pg0.wisc.cloudlab.us,alibabaBlock_0,lruforgive,10,78994,27,1,3,0.3682,0.05,13934481,789944.0128,4739943
node3.tardis-apia.ldos-ut-pg0.wisc.cloudlab.us,alibabaBlock_0,s3fifo,10,78994,27,1,1,NA,NA,NA,789944.0128,4739943
node3.tardis-apia.ldos-ut-pg0.wisc.cloudlab.us,alibabaBlock_0,s3fifo,10,78994,27,1,2,NA,NA,NA,789944.0128,4739943
node3.tardis-apia.ldos-ut-pg0.wisc.cloudlab.us,alibabaBlock_0,s3fifo,10,78994,27,1,3,NA,NA,NA,789944.0128,4739943
node3.tardis-apia.ldos-ut-pg0.wisc.cloudlab.us,alibabaBlock_0,s3fifoforgive,10,78994,27,1,1,NA,NA,8029604,789944.0128,4739943
node3.tardis-apia.ldos-ut-pg0.wisc.cloudlab.us,alibabaBlock_0,s3fifoforgive,10,78994,27,1,2,NA,NA,8029604,789944.0128,4739943
node3.tardis-apia.ldos-ut-pg0.wisc.cloudlab.us,alibabaBlock_0,s3fifoforgive,10,78994,27,1,3,NA,NA,8029604,789944.0128,4739943
node3.tardis-apia.ldos-ut-pg0.wisc.cloudlab.us,alibabaBlock_0,lru,0.1,790,26,1,1,0.4545,0.09,13934481,789944.0128,4739943
node3.tardis-apia.ldos-ut-pg0.wisc.cloudlab.us,alibabaBlock_0,lru,0.1,790,26,1,2,0.4545,0.09,13934481,789944.0128,4739943
node3.tardis-apia.ldos-ut-pg0.wisc.cloudlab.us,alibabaBlock_0,lru,0.1,790,26,1,3,0.4545,0.09,13934481,789944.0128,4739943
node3.tardis-apia.ldos-ut-pg0.wisc.cloudlab.us,alibabaBlock_0,lruforgive,0.1,790,26,1,1,0.4537,0.08,13934481,789944.0128,4739943
node3.tardis-apia.ldos-ut-pg0.wisc.cloudlab.us,alibabaBlock_0,lruforgive,0.1,790,26,1,2,0.4537,0.08,13934481,789944.0128,4739943
node3.tardis-apia.ldos-ut-pg0.wisc.cloudlab.us,alibabaBlock_0,lruforgive,0.1,790,26,1,3,0.4537,0.08,13934481,789944.0128,4739943
node3.tardis-apia.ldos-ut-pg0.wisc.cloudlab.us,alibabaBlock_0,s3fifo,0.1,790,26,1,1,0.4537,0.09,13934481,789944.0128,4739943
node3.tardis-apia.ldos-ut-pg0.wisc.cloudlab.us,alibabaBlock_0,s3fifo,0.1,790,26,1,2,0.4537,0.09,13934481,789944.0128,4739943
node3.tardis-apia.ldos-ut-pg0.wisc.cloudlab.us,alibabaBlock_0,s3fifo,0.1,790,26,1,3,0.4537,0.09,13934481,789944.0128,4739943
node3.tardis-apia.ldos-ut-pg0.wisc.cloudlab.us,alibabaBlock_0,s3fifoforgive,0.1,790,26,1,1,0.4536,0.08,13934481,789944.0128,4739943
node3.tardis-apia.ldos-ut-pg0.wisc.cloudlab.us,alibabaBlock_0,s3fifoforgive,0.1,790,26,1,2,0.4536,0.08,13934481,789944.0128,4739943
node3.tardis-apia.ldos-ut-pg0.wisc.cloudlab.us,alibabaBlock_0,s3fifoforgive,0.1,790,26,1,3,0.4536,0.08,13934481,789944.0128,4739943
node3.tardis-apia.ldos-ut-pg0.wisc.cloudlab.us,alibabaBlock_1,lru,10,1241,26,1,1,0.0978,1.10,22462799,12406.272,1645508
node3.tardis-apia.ldos-ut-pg0.wisc.cloudlab.us,alibabaBlock_1,lru,10,1241,26,1,2,0.0978,1.10,22462799,12406.272,1645508
node3.tardis-apia.ldos-ut-pg0.wisc.cloudlab.us,alibabaBlock_1,lru,10,1241,26,1,3,0.0978,1.10,22462799,12406.272,1645508
node3.tardis-apia.ldos-ut-pg0.wisc.cloudlab.us,alibabaBlock_1,lruforgive,10,1241,26,1,1,0.0981,0.46,22462799,12406.272,1645508
node3.tardis-apia.ldos-ut-pg0.wisc.cloudlab.us,alibabaBlock_1,lruforgive,10,1241,26,1,2,0.0981,0.46,22462799,12406.272,1645508
node3.tardis-apia.ldos-ut-pg0.wisc.cloudlab.us,alibabaBlock_1,lruforgive,10,1241,26,1,3,0.0980,0.46,22462799,12406.272,1645508
node3.tardis-apia.ldos-ut-pg0.wisc.cloudlab.us,alibabaBlock_1,s3fifo,10,1241,26,1,1,0.1180,1.17,22462799,12406.272,1645508
node3.tardis-apia.ldos-ut-pg0.wisc.cloudlab.us,alibabaBlock_1,s3fifo,10,1241,26,1,2,0.1180,1.15,22462799,12406.272,1645508
node3.tardis-apia.ldos-ut-pg0.wisc.cloudlab.us,alibabaBlock_1,s3fifo,10,1241,26,1,3,0.1180,1.16,22462799,12406.272,1645508
node3.tardis-apia.ldos-ut-pg0.wisc.cloudlab.us,alibabaBlock_1,s3fifoforgive,10,1241,26,1,1,0.117,0.52,13010781,12406.272,1645508
node3.tardis-apia.ldos-ut-pg0.wisc.cloudlab.us,alibabaBlock_1,s3fifoforgive,10,1241,26,1,2,0.117,0.51,13010781,12406.272,1645508
node3.tardis-apia.ldos-ut-pg0.wisc.cloudlab.us,alibabaBlock_1,s3fifoforgive,10,1241,26,1,3,0.117,0.52,13010781,12406.272,1645508
node3.tardis-apia.ldos-ut-pg0.wisc.cloudlab.us,alibabaBlock_1,lru,0.1,12,20,1,1,0.3714,2.23,22462799,12406.272,1645508
node3.tardis-apia.ldos-ut-pg0.wisc.cloudlab.us,alibabaBlock_1,lru,0.1,12,20,1,2,0.3714,2.24,22462799,12406.272,1645508
node3.tardis-apia.ldos-ut-pg0.wisc.cloudlab.us,alibabaBlock_1,lru,0.1,12,20,1,3,0.3714,2.24,22462799,12406.272,1645508
node3.tardis-apia.ldos-ut-pg0.wisc.cloudlab.us,alibabaBlock_1,lruforgive,0.1,12,20,1,1,0.3444,0.69,22462799,12406.272,1645508
node3.tardis-apia.ldos-ut-pg0.wisc.cloudlab.us,alibabaBlock_1,lruforgive,0.1,12,20,1,2,0.3444,0.69,22462799,12406.272,1645508
node3.tardis-apia.ldos-ut-pg0.wisc.cloudlab.us,alibabaBlock_1,lruforgive,0.1,12,20,1,3,0.3444,0.70,22462799,12406.272,1645508
node3.tardis-apia.ldos-ut-pg0.wisc.cloudlab.us,alibabaBlock_1,s3fifo,0.1,12,20,1,1,0.3411,2.40,22462799,12406.272,1645508
node3.tardis-apia.ldos-ut-pg0.wisc.cloudlab.us,alibabaBlock_1,s3fifo,0.1,12,20,1,2,0.3411,2.42,22462799,12406.272,1645508
node3.tardis-apia.ldos-ut-pg0.wisc.cloudlab.us,alibabaBlock_1,s3fifo,0.1,12,20,1,3,0.3411,2.40,22462799,12406.272,1645508
node3.tardis-apia.ldos-ut-pg0.wisc.cloudlab.us,alibabaBlock_1,s3fifoforgive,0.1,12,20,1,1,0.3366,0.97,22462799,12406.272,1645508
node3.tardis-apia.ldos-ut-pg0.wisc.cloudlab.us,alibabaBlock_1,s3fifoforgive,0.1,12,20,1,2,0.3366,0.96,22462799,12406.272,1645508
node3.tardis-apia.ldos-ut-pg0.wisc.cloudlab.us,alibabaBlock_1,s3fifoforgive,0.1,12,20,1,3,0.3366,0.97,22462799,12406.272,1645508
node3.tardis-apia.ldos-ut-pg0.wisc.cloudlab.us,alibabaBlock_10,lru,10,8411,27,1,1,NA,NA,NA,84105.5232,7360947
node3.tardis-apia.ldos-ut-pg0.wisc.cloudlab.us,alibabaBlock_10,lru,10,8411,27,1,2,NA,NA,NA,84105.5232,7360947
node3.tardis-apia.ldos-ut-pg0.wisc.cloudlab.us,alibabaBlock_10,lru,10,8411,27,1,3,NA,NA,NA,84105.5232,7360947
node3.tardis-apia.ldos-ut-pg0.wisc.cloudlab.us,alibabaBlock_10,lruforgive,10,8411,27,1,1,NA,NA,NA,84105.5232,7360947
node3.tardis-apia.ldos-ut-pg0.wisc.cloudlab.us,alibabaBlock_10,lruforgive,10,8411,27,1,2,NA,NA,NA,84105.5232,7360947
node3.tardis-apia.ldos-ut-pg0.wisc.cloudlab.us,alibabaBlock_10,lruforgive,10,8411,27,1,3,NA,NA,NA,84105.5232,7360947
node3.tardis-apia.ldos-ut-pg0.wisc.cloudlab.us,alibabaBlock_10,s3fifo,10,8411,27,1,1,NA,NA,NA,84105.5232,7360947
node3.tardis-apia.ldos-ut-pg0.wisc.cloudlab.us,alibabaBlock_10,s3fifo,10,8411,27,1,2,NA,NA,NA,84105.5232,7360947
node3.tardis-apia.ldos-ut-pg0.wisc.cloudlab.us,alibabaBlock_10,s3fifo,10,8411,27,1,3,NA,NA,NA,84105.5232,7360947
node3.tardis-apia.ldos-ut-pg0.wisc.cloudlab.us,alibabaBlock_10,s3fifoforgive,10,8411,27,1,1,NA,0.75,596881208,84105.5232,7360947
node3.tardis-apia.ldos-ut-pg0.wisc.cloudlab.us,alibabaBlock_10,s3fifoforgive,10,8411,27,1,2,NA,0.76,596881208,84105.5232,7360947
node3.tardis-apia.ldos-ut-pg0.wisc.cloudlab.us,alibabaBlock_10,s3fifoforgive,10,8411,27,1,3,NA,0.77,596881208,84105.5232,7360947
node3.tardis-apia.ldos-ut-pg0.wisc.cloudlab.us,alibabaBlock_10,lru,0.1,84,22,1,1,NA,1.47,755674273,84105.5232,7360947
node3.tardis-apia.ldos-ut-pg0.wisc.cloudlab.us,alibabaBlock_10,lru,0.1,84,22,1,2,NA,1.46,755674273,84105.5232,7360947
node3.tardis-apia.ldos-ut-pg0.wisc.cloudlab.us,alibabaBlock_10,lru,0.1,84,22,1,3,NA,1.45,755674273,84105.5232,7360947
node3.tardis-apia.ldos-ut-pg0.wisc.cloudlab.us,alibabaBlock_10,lruforgive,0.1,84,22,1,1,NA,NA,NA,84105.5232,7360947
node3.tardis-apia.ldos-ut-pg0.wisc.cloudlab.us,alibabaBlock_10,lruforgive,0.1,84,22,1,2,NA,NA,NA,84105.5232,7360947
node3.tardis-apia.ldos-ut-pg0.wisc.cloudlab.us,alibabaBlock_10,lruforgive,0.1,84,22,1,3,NA,NA,NA,84105.5232,7360947
node3.tardis-apia.ldos-ut-pg0.wisc.cloudlab.us,alibabaBlock_10,s3fifo,0.1,84,22,1,1,NA,NA,NA,84105.5232,7360947
node3.tardis-apia.ldos-ut-pg0.wisc.cloudlab.us,alibabaBlock_10,s3fifo,0.1,84,22,1,2,NA,NA,NA,84105.5232,7360947
node3.tardis-apia.ldos-ut-pg0.wisc.cloudlab.us,alibabaBlock_10,s3fifo,0.1,84,22,1,3,NA,NA,NA,84105.5232,7360947
node3.tardis-apia.ldos-ut-pg0.wisc.cloudlab.us,alibabaBlock_10,s3fifoforgive,0.1,84,22,1,1,NA,NA,NA,84105.5232,7360947
node3.tardis-apia.ldos-ut-pg0.wisc.cloudlab.us,alibabaBlock_10,s3fifoforgive,0.1,84,22,1,2,NA,NA,NA,84105.5232,7360947
node3.tardis-apia.ldos-ut-pg0.wisc.cloudlab.us,alibabaBlock_10,s3fifoforgive,0.1,84,22,1,3,NA,NA,NA,84105.5232,7360947
node3.tardis-apia.ldos-ut-pg0.wisc.cloudlab.us,alibabaBlock_100,lru,10,15137,27,1,1,0.6548,0.21,13314726,151370.0352,6136122
node3.tardis-apia.ldos-ut-pg0.wisc.cloudlab.us,alibabaBlock_100,lru,10,15137,27,1,2,0.6548,0.22,13314726,151370.0352,6136122
node3.tardis-apia.ldos-ut-pg0.wisc.cloudlab.us,alibabaBlock_100,lru,10,15137,27,1,3,0.6548,0.22,13314726,151370.0352,6136122
node3.tardis-apia.ldos-ut-pg0.wisc.cloudlab.us,alibabaBlock_100,lruforgive,10,15137,27,1,1,0.6545,0.19,13314726,151370.0352,6136122
node3.tardis-apia.ldos-ut-pg0.wisc.cloudlab.us,alibabaBlock_100,lruforgive,10,15137,27,1,2,0.6545,0.19,13314726,151370.0352,6136122
node3.tardis-apia.ldos-ut-pg0.wisc.cloudlab.us,alibabaBlock_100,lruforgive,10,15137,27,1,3,0.6545,0.19,13314726,151370.0352,6136122
node3.tardis-apia.ldos-ut-pg0.wisc.cloudlab.us,alibabaBlock_100,s3fifo,10,15137,27,1,1,0.6485,0.22,13314726,151370.0352,6136122
node3.tardis-apia.ldos-ut-pg0.wisc.cloudlab.us,alibabaBlock_100,s3fifo,10,15137,27,1,2,0.6484,0.23,13314726,151370.0352,6136122
node3.tardis-apia.ldos-ut-pg0.wisc.cloudlab.us,alibabaBlock_100,s3fifo,10,15137,27,1,3,0.6485,0.22,13314726,151370.0352,6136122
node3.tardis-apia.ldos-ut-pg0.wisc.cloudlab.us,alibabaBlock_100,s3fifoforgive,10,15137,27,1,1,0.6484,0.20,13314726,151370.0352,6136122
node3.tardis-apia.ldos-ut-pg0.wisc.cloudlab.us,alibabaBlock_100,s3fifoforgive,10,15137,27,1,2,0.6484,0.20,13314726,151370.0352,6136122
node3.tardis-apia.ldos-ut-pg0.wisc.cloudlab.us,alibabaBlock_100,s3fifoforgive,10,15137,27,1,3,0.6484,0.20,13314726,151370.0352,6136122
node3.tardis-apia.ldos-ut-pg0.wisc.cloudlab.us,alibabaBlock_100,lru,0.1,151,23,1,1,0.9145,0.32,13314726,151370.0352,6136122
node3.tardis-apia.ldos-ut-pg0.wisc.cloudlab.us,alibabaBlock_100,lru,0.1,151,23,1,2,0.9145,0.31,13314726,151370.0352,6136122
node3.tardis-apia.ldos-ut-pg0.wisc.cloudlab.us,alibabaBlock_100,lru,0.1,151,23,1,3,0.9145,0.31,13314726,151370.0352,6136122
node3.tardis-apia.ldos-ut-pg0.wisc.cloudlab.us,alibabaBlock_100,lruforgive,0.1,151,23,1,1,0.8945,0.28,13314726,151370.0352,6136122
node3.tardis-apia.ldos-ut-pg0.wisc.cloudlab.us,alibabaBlock_100,lruforgive,0.1,151,23,1,2,0.8945,0.27,13314726,151370.0352,6136122
node3.tardis-apia.ldos-ut-pg0.wisc.cloudlab.us,alibabaBlock_100,lruforgive,0.1,151,23,1,3,0.8945,0.28,13314726,151370.0352,6136122
node3.tardis-apia.ldos-ut-pg0.wisc.cloudlab.us,alibabaBlock_100,s3fifo,0.1,151,23,1,1,0.8880,0.58,13314726,151370.0352,6136122
node3.tardis-apia.ldos-ut-pg0.wisc.cloudlab.us,alibabaBlock_100,s3fifo,0.1,151,23,1,2,NA,NA,NA,151370.0352,6136122
node3.tardis-apia.ldos-ut-pg0.wisc.cloudlab.us,alibabaBlock_100,s3fifo,0.1,151,23,1,3,NA,NA,NA,151370.0352,6136122
node3.tardis-apia.ldos-ut-pg0.wisc.cloudlab.us,alibabaBlock_100,s3fifoforgive,0.1,151,23,1,1,0.8890,0.53,13314726,151370.0352,6136122
node3.tardis-apia.ldos-ut-pg0.wisc.cloudlab.us,alibabaBlock_100,s3fifoforgive,0.1,151,23,1,2,0.8882,0.53,13314726,151370.0352,6136122
node3.tardis-apia.ldos-ut-pg0.wisc.cloudlab.us,alibabaBlock_100,s3fifoforgive,0.1,151,23,1,3,0.8876,0.53,13314726,151370.0352,6136122
node3.tardis-apia.ldos-ut-pg0.wisc.cloudlab.us,alibabaBlock_103,lru,10,36097,27,1,1,0.7366,0.14,14648865,360971.1616,8716998
node3.tardis-apia.ldos-ut-pg0.wisc.cloudlab.us,alibabaBlock_103,lru,10,36097,27,1,2,0.7366,0.14,14648865,360971.1616,8716998
node3.tardis-apia.ldos-ut-pg0.wisc.cloudlab.us,alibabaBlock_103,lru,10,36097,27,1,3,0.7366,0.14,14648865,360971.1616,8716998
node3.tardis-apia.ldos-ut-pg0.wisc.cloudlab.us,alibabaBlock_103,lruforgive,10,36097,27,1,1,0.7362,0.13,14648865,360971.1616,8716998
node3.tardis-apia.ldos-ut-pg0.wisc.cloudlab.us,alibabaBlock_103,lruforgive,10,36097,27,1,2,0.7362,0.13,14648865,360971.1616,8716998
node3.tardis-apia.ldos-ut-pg0.wisc.cloudlab.us,alibabaBlock_103,lruforgive,10,36097,27,1,3,0.7362,0.13,14648865,360971.1616,8716998
node3.tardis-apia.ldos-ut-pg0.wisc.cloudlab.us,alibabaBlock_103,s3fifo,10,36097,27,1,1,NA,NA,NA,360971.1616,8716998
node3.tardis-apia.ldos-ut-pg0.wisc.cloudlab.us,alibabaBlock_103,s3fifo,10,36097,27,1,2,NA,NA,NA,360971.1616,8716998
node3.tardis-apia.ldos-ut-pg0.wisc.cloudlab.us,alibabaBlock_103,s3fifo,10,36097,27,1,3,NA,NA,NA,360971.1616,8716998
node3.tardis-apia.ldos-ut-pg0.wisc.cloudlab.us,alibabaBlock_103,s3fifoforgive,10,36097,27,1,1,NA,NA,NA,360971.1616,8716998
node3.tardis-apia.ldos-ut-pg0.wisc.cloudlab.us,alibabaBlock_103,s3fifoforgive,10,36097,27,1,2,NA,NA,NA,360971.1616,8716998
node3.tardis-apia.ldos-ut-pg0.wisc.cloudlab.us,alibabaBlock_103,s3fifoforgive,10,36097,27,1,3,NA,NA,NA,360971.1616,8716998
node3.tardis-apia.ldos-ut-pg0.wisc.cloudlab.us,alibabaBlock_103,lru,0.1,361,24,1,1,0.8225,0.22,14648865,360971.1616,8716998
node3.tardis-apia.ldos-ut-pg0.wisc.cloudlab.us,alibabaBlock_103,lru,0.1,361,24,1,2,0.8225,0.22,14648865,360971.1616,8716998
node3.tardis-apia.ldos-ut-pg0.wisc.cloudlab.us,alibabaBlock_103,lru,0.1,361,24,1,3,0.8225,0.22,14648865,360971.1616,8716998
node3.tardis-apia.ldos-ut-pg0.wisc.cloudlab.us,alibabaBlock_103,lruforgive,0.1,361,24,1,1,0.8222,0.21,14648865,360971.1616,8716998
node3.tardis-apia.ldos-ut-pg0.wisc.cloudlab.us,alibabaBlock_103,lruforgive,0.1,361,24,1,2,0.8222,0.20,14648865,360971.1616,8716998
node3.tardis-apia.ldos-ut-pg0.wisc.cloudlab.us,alibabaBlock_103,lruforgive,0.1,361,24,1,3,0.8222,0.20,14648865,360971.1616,8716998
node3.tardis-apia.ldos-ut-pg0.wisc.cloudlab.us,alibabaBlock_103,s3fifo,0.1,361,24,1,1,NA,NA,NA,360971.1616,8716998
node3.tardis-apia.ldos-ut-pg0.wisc.cloudlab.us,alibabaBlock_103,s3fifo,0.1,361,24,1,2,NA,NA,NA,360971.1616,8716998
node3.tardis-apia.ldos-ut-pg0.wisc.cloudlab.us,alibabaBlock_103,s3fifo,0.1,361,24,1,3,NA,NA,NA,360971.1616,8716998
node3.tardis-apia.ldos-ut-pg0.wisc.cloudlab.us,alibabaBlock_103,s3fifoforgive,0.1,361,24,1,1,NA,0.21,8806123,360971.1616,8716998
node3.tardis-apia.ldos-ut-pg0.wisc.cloudlab.us,alibabaBlock_103,s3fifoforgive,0.1,361,24,1,2,NA,0.21,8806123,360971.1616,8716998
node3.tardis-apia.ldos-ut-pg0.wisc.cloudlab.us,alibabaBlock_103,s3fifoforgive,0.1,361,24,1,3,NA,0.21,8806123,360971.1616,8716998
node3.tardis-apia.ldos-ut-pg0.wisc.cloudlab.us,alibabaBlock_106,lru,10,35006,27,1,1,0.7326,0.14,14375370,350056.3456,8608816
node3.tardis-apia.ldos-ut-pg0.wisc.cloudlab.us,alibabaBlock_106,lru,10,35006,27,1,2,0.7326,0.14,14375370,350056.3456,8608816
node3.tardis-apia.ldos-ut-pg0.wisc.cloudlab.us,alibabaBlock_106,lru,10,35006,27,1,3,0.7326,0.14,14375370,350056.3456,8608816
node3.tardis-apia.ldos-ut-pg0.wisc.cloudlab.us,alibabaBlock_106,lruforgive,10,35006,27,1,1,0.7322,0.13,14375370,350056.3456,8608816
node3.tardis-apia.ldos-ut-pg0.wisc.cloudlab.us,alibabaBlock_106,lruforgive,10,35006,27,1,2,0.7322,0.13,14375370,350056.3456,8608816
node3.tardis-apia.ldos-ut-pg0.wisc.cloudlab.us,alibabaBlock_106,lruforgive,10,35006,27,1,3,0.7322,0.13,14375370,350056.3456,8608816
node3.tardis-apia.ldos-ut-pg0.wisc.cloudlab.us,alibabaBlock_106,s3fifo,10,35006,27,1,1,NA,NA,NA,350056.3456,8608816
node3.tardis-apia.ldos-ut-pg0.wisc.cloudlab.us,alibabaBlock_106,s3fifo,10,35006,27,1,2,NA,NA,NA,350056.3456,8608816
node3.tardis-apia.ldos-ut-pg0.wisc.cloudlab.us,alibabaBlock_106,s3fifo,10,35006,27,1,3,NA,NA,NA,350056.3456,8608816
node3.tardis-apia.ldos-ut-pg0.wisc.cloudlab.us,alibabaBlock_106,s3fifoforgive,10,35006,27,1,1,NA,NA,NA,350056.3456,8608816
node3.tardis-apia.ldos-ut-pg0.wisc.cloudlab.us,alibabaBlock_106,s3fifoforgive,10,35006,27,1,2,NA,NA,NA,350056.3456,8608816
node3.tardis-apia.ldos-ut-pg0.wisc.cloudlab.us,alibabaBlock_106,s3fifoforgive,10,35006,27,1,3,NA,NA,NA,350056.3456,8608816
node3.tardis-apia.ldos-ut-pg0.wisc.cloudlab.us,alibabaBlock_106,lru,0.1,350,24,1,1,0.8160,0.22,14375370,350056.3456,8608816
node3.tardis-apia.ldos-ut-pg0.wisc.cloudlab.us,alibabaBlock_106,lru,0.1,350,24,1,2,0.8160,0.23,14375370,350056.3456,8608816
node3.tardis-apia.ldos-ut-pg0.wisc.cloudlab.us,alibabaBlock_106,lru,0.1,350,24,1,3,0.8160,0.23,14375370,350056.3456,8608816
node3.tardis-apia.ldos-ut-pg0.wisc.cloudlab.us,alibabaBlock_106,lruforgive,0.1,350,24,1,1,0.8157,0.21,14375370,350056.3456,8608816
node3.tardis-apia.ldos-ut-pg0.wisc.cloudlab.us,alibabaBlock_106,lruforgive,0.1,350,24,1,2,0.8157,0.21,14375370,350056.3456,8608816
node3.tardis-apia.ldos-ut-pg0.wisc.cloudlab.us,alibabaBlock_106,lruforgive,0.1,350,24,1,3,0.8157,0.21,14375370,350056.3456,8608816
node3.tardis-apia.ldos-ut-pg0.wisc.cloudlab.us,alibabaBlock_106,s3fifo,0.1,350,24,1,1,0.8195,0.25,14375370,350056.3456,8608816
node3.tardis-apia.ldos-ut-pg0.wisc.cloudlab.us,alibabaBlock_106,s3fifo,0.1,350,24,1,2,0.8195,0.24,14375370,350056.3456,8608816
node3.tardis-apia.ldos-ut-pg0.wisc.cloudlab.us,alibabaBlock_106,s3fifo,0.1,350,24,1,3,0.8195,0.24,14375370,350056.3456,8608816
node3.tardis-apia.ldos-ut-pg0.wisc.cloudlab.us,alibabaBlock_106,s3fifoforgive,0.1,350,24,1,1,0.8194,0.23,14375370,350056.3456,8608816
node3.tardis-apia.ldos-ut-pg0.wisc.cloudlab.us,alibabaBlock_106,s3fifoforgive,0.1,350,24,1,2,0.8194,0.22,14375370,350056.3456,8608816
node3.tardis-apia.ldos-ut-pg0.wisc.cloudlab.us,alibabaBlock_106,s3fifoforgive,0.1,350,24,1,3,0.8193,0.23,14375370,350056.3456,8608816
node3.tardis-apia.ldos-ut-pg0.wisc.cloudlab.us,alibabaBlock_107,lru,10,260680,27,1,1,NA_TOOBIG,NA,NA,2606804.5824,56552831
node3.tardis-apia.ldos-ut-pg0.wisc.cloudlab.us,alibabaBlock_107,lru,10,260680,27,1,2,NA_TOOBIG,NA,NA,2606804.5824,56552831
node3.tardis-apia.ldos-ut-pg0.wisc.cloudlab.us,alibabaBlock_107,lru,10,260680,27,1,3,NA_TOOBIG,NA,NA,2606804.5824,56552831
node3.tardis-apia.ldos-ut-pg0.wisc.cloudlab.us,alibabaBlock_107,lruforgive,10,260680,27,1,1,NA_TOOBIG,NA,NA,2606804.5824,56552831
node3.tardis-apia.ldos-ut-pg0.wisc.cloudlab.us,alibabaBlock_107,lruforgive,10,260680,27,1,2,NA_TOOBIG,NA,NA,2606804.5824,56552831
node3.tardis-apia.ldos-ut-pg0.wisc.cloudlab.us,alibabaBlock_107,lruforgive,10,260680,27,1,3,NA_TOOBIG,NA,NA,2606804.5824,56552831
node3.tardis-apia.ldos-ut-pg0.wisc.cloudlab.us,alibabaBlock_107,s3fifo,10,260680,27,1,1,NA_TOOBIG,NA,NA,2606804.5824,56552831
node3.tardis-apia.ldos-ut-pg0.wisc.cloudlab.us,alibabaBlock_107,s3fifo,10,260680,27,1,2,NA_TOOBIG,NA,NA,2606804.5824,56552831
node3.tardis-apia.ldos-ut-pg0.wisc.cloudlab.us,alibabaBlock_107,s3fifo,10,260680,27,1,3,NA_TOOBIG,NA,NA,2606804.5824,56552831
node3.tardis-apia.ldos-ut-pg0.wisc.cloudlab.us,alibabaBlock_107,s3fifoforgive,10,260680,27,1,1,NA_TOOBIG,NA,NA,2606804.5824,56552831
node3.tardis-apia.ldos-ut-pg0.wisc.cloudlab.us,alibabaBlock_107,s3fifoforgive,10,260680,27,1,2,NA_TOOBIG,NA,NA,2606804.5824,56552831
node3.tardis-apia.ldos-ut-pg0.wisc.cloudlab.us,alibabaBlock_107,s3fifoforgive,10,260680,27,1,3,NA_TOOBIG,NA,NA,2606804.5824,56552831
node3.tardis-apia.ldos-ut-pg0.wisc.cloudlab.us,alibabaBlock_107,lru,0.1,2607,27,1,1,NA,NA,NA,2606804.5824,56552831
node3.tardis-apia.ldos-ut-pg0.wisc.cloudlab.us,alibabaBlock_107,lru,0.1,2607,27,1,2,NA,NA,NA,2606804.5824,56552831
node3.tardis-apia.ldos-ut-pg0.wisc.cloudlab.us,alibabaBlock_107,lru,0.1,2607,27,1,3,NA,NA,NA,2606804.5824,56552831
node3.tardis-apia.ldos-ut-pg0.wisc.cloudlab.us,alibabaBlock_107,lruforgive,0.1,2607,27,1,1,NA,NA,NA,2606804.5824,56552831
node3.tardis-apia.ldos-ut-pg0.wisc.cloudlab.us,alibabaBlock_107,lruforgive,0.1,2607,27,1,2,NA,NA,NA,2606804.5824,56552831
node3.tardis-apia.ldos-ut-pg0.wisc.cloudlab.us,alibabaBlock_107,lruforgive,0.1,2607,27,1,3,NA,NA,NA,2606804.5824,56552831
node3.tardis-apia.ldos-ut-pg0.wisc.cloudlab.us,alibabaBlock_107,s3fifo,0.1,2607,27,1,1,NA,NA,NA,2606804.5824,56552831
node3.tardis-apia.ldos-ut-pg0.wisc.cloudlab.us,alibabaBlock_107,s3fifo,0.1,2607,27,1,2,NA,NA,NA,2606804.5824,56552831
node3.tardis-apia.ldos-ut-pg0.wisc.cloudlab.us,alibabaBlock_107,s3fifo,0.1,2607,27,1,3,NA,NA,NA,2606804.5824,56552831
node3.tardis-apia.ldos-ut-pg0.wisc.cloudlab.us,alibabaBlock_107,s3fifoforgive,0.1,2607,27,1,1,NA,NA,NA,2606804.5824,56552831
node3.tardis-apia.ldos-ut-pg0.wisc.cloudlab.us,alibabaBlock_107,s3fifoforgive,0.1,2607,27,1,2,NA,NA,NA,2606804.5824,56552831
node3.tardis-apia.ldos-ut-pg0.wisc.cloudlab.us,alibabaBlock_107,s3fifoforgive,0.1,2607,27,1,3,NA,NA,NA,2606804.5824,56552831
node3.tardis-apia.ldos-ut-pg0.wisc.cloudlab.us,alibabaBlock_109,lru,10,35765,27,1,1,0.7346,0.14,14415961,357645.1072,8706445
node3.tardis-apia.ldos-ut-pg0.wisc.cloudlab.us,alibabaBlock_109,lru,10,35765,27,1,2,0.7346,0.14,14415961,357645.1072,8706445
node3.tardis-apia.ldos-ut-pg0.wisc.cloudlab.us,alibabaBlock_109,lru,10,35765,27,1,3,0.7346,0.13,14415961,357645.1072,8706445
node3.tardis-apia.ldos-ut-pg0.wisc.cloudlab.us,alibabaBlock_109,lruforgive,10,35765,27,1,1,0.7342,0.13,14415961,357645.1072,8706445
node3.tardis-apia.ldos-ut-pg0.wisc.cloudlab.us,alibabaBlock_109,lruforgive,10,35765,27,1,2,0.7342,0.13,14415961,357645.1072,8706445
node3.tardis-apia.ldos-ut-pg0.wisc.cloudlab.us,alibabaBlock_109,lruforgive,10,35765,27,1,3,0.7342,0.13,14415961,357645.1072,8706445
node3.tardis-apia.ldos-ut-pg0.wisc.cloudlab.us,alibabaBlock_109,s3fifo,10,35765,27,1,1,0.7351,0.13,14415961,357645.1072,8706445
node3.tardis-apia.ldos-ut-pg0.wisc.cloudlab.us,alibabaBlock_109,s3fifo,10,35765,27,1,2,0.7351,0.13,14415961,357645.1072,8706445
node3.tardis-apia.ldos-ut-pg0.wisc.cloudlab.us,alibabaBlock_109,s3fifo,10,35765,27,1,3,0.7351,0.13,14415961,357645.1072,8706445
node3.tardis-apia.ldos-ut-pg0.wisc.cloudlab.us,alibabaBlock_109,s3fifoforgive,10,35765,27,1,1,0.7351,0.13,14415961,357645.1072,8706445
node3.tardis-apia.ldos-ut-pg0.wisc.cloudlab.us,alibabaBlock_109,s3fifoforgive,10,35765,27,1,2,NA,NA,NA,357645.1072,8706445
node3.tardis-apia.ldos-ut-pg0.wisc.cloudlab.us,alibabaBlock_109,s3fifoforgive,10,35765,27,1,3,0.7352,0.13,14415961,357645.1072,8706445
node3.tardis-apia.ldos-ut-pg0.wisc.cloudlab.us,alibabaBlock_109,lru,0.1,358,24,1,1,0.8174,0.21,14415961,357645.1072,8706445
node3.tardis-apia.ldos-ut-pg0.wisc.cloudlab.us,alibabaBlock_109,lru,0.1,358,24,1,2,0.8174,0.21,14415961,357645.1072,8706445
node3.tardis-apia.ldos-ut-pg0.wisc.cloudlab.us,alibabaBlock_109,lru,0.1,358,24,1,3,0.8174,0.22,14415961,357645.1072,8706445
node3.tardis-apia.ldos-ut-pg0.wisc.cloudlab.us,alibabaBlock_109,lruforgive,0.1,358,24,1,1,0.8172,0.20,14415961,357645.1072,8706445
node3.tardis-apia.ldos-ut-pg0.wisc.cloudlab.us,alibabaBlock_109,lruforgive,0.1,358,24,1,2,0.8172,0.20,14415961,357645.1072,8706445
node3.tardis-apia.ldos-ut-pg0.wisc.cloudlab.us,alibabaBlock_109,lruforgive,0.1,358,24,1,3,0.8172,0.20,14415961,357645.1072,8706445
node3.tardis-apia.ldos-ut-pg0.wisc.cloudlab.us,alibabaBlock_109,s3fifo,0.1,358,24,1,1,0.8203,0.23,14415961,357645.1072,8706445
node3.tardis-apia.ldos-ut-pg0.wisc.cloudlab.us,alibabaBlock_109,s3fifo,0.1,358,24,1,2,0.8203,0.23,14415961,357645.1072,8706445
node3.tardis-apia.ldos-ut-pg0.wisc.cloudlab.us,alibabaBlock_109,s3fifo,0.1,358,24,1,3,0.8203,0.22,14415961,357645.1072,8706445
node3.tardis-apia.ldos-ut-pg0.wisc.cloudlab.us,alibabaBlock_109,s3fifoforgive,0.1,358,24,1,1,0.8202,0.22,14415961,357645.1072,8706445
node3.tardis-apia.ldos-ut-pg0.wisc.cloudlab.us,alibabaBlock_109,s3fifoforgive,0.1,358,24,1,2,0.8202,0.22,14415961,357645.1072,8706445
node3.tardis-apia.ldos-ut-pg0.wisc.cloudlab.us,alibabaBlock_109,s3fifoforgive,0.1,358,24,1,3,0.8202,0.22,14415961,357645.1072,8706445
node3.tardis-apia.ldos-ut-pg0.wisc.cloudlab.us,alibabaBlock_11,lru,10,6033,27,1,1,0.6117,0.35,10301230,60327.8336,4391978
node3.tardis-apia.ldos-ut-pg0.wisc.cloudlab.us,alibabaBlock_11,lru,10,6033,27,1,2,0.6117,0.35,10301230,60327.8336,4391978
node3.tardis-apia.ldos-ut-pg0.wisc.cloudlab.us,alibabaBlock_11,lru,10,6033,27,1,3,0.6117,0.35,10301230,60327.8336,4391978
node3.tardis-apia.ldos-ut-pg0.wisc.cloudlab.us,alibabaBlock_11,lruforgive,10,6033,27,1,1,0.6083,0.29,10301230,60327.8336,4391978
node3.tardis-apia.ldos-ut-pg0.wisc.cloudlab.us,alibabaBlock_11,lruforgive,10,6033,27,1,2,0.6083,0.30,10301230,60327.8336,4391978
node3.tardis-apia.ldos-ut-pg0.wisc.cloudlab.us,alibabaBlock_11,lruforgive,10,6033,27,1,3,0.6083,0.30,10301230,60327.8336,4391978
node3.tardis-apia.ldos-ut-pg0.wisc.cloudlab.us,alibabaBlock_11,s3fifo,10,6033,27,1,1,0.6060,0.34,10301230,60327.8336,4391978
node3.tardis-apia.ldos-ut-pg0.wisc.cloudlab.us,alibabaBlock_11,s3fifo,10,6033,27,1,2,0.6060,0.35,10301230,60327.8336,4391978
node3.tardis-apia.ldos-ut-pg0.wisc.cloudlab.us,alibabaBlock_11,s3fifo,10,6033,27,1,3,0.6059,0.34,10301230,60327.8336,4391978
node3.tardis-apia.ldos-ut-pg0.wisc.cloudlab.us,alibabaBlock_11,s3fifoforgive,10,6033,27,1,1,0.6059,0.30,10301230,60327.8336,4391978
node3.tardis-apia.ldos-ut-pg0.wisc.cloudlab.us,alibabaBlock_11,s3fifoforgive,10,6033,27,1,2,0.6059,0.30,10301230,60327.8336,4391978
node3.tardis-apia.ldos-ut-pg0.wisc.cloudlab.us,alibabaBlock_11,s3fifoforgive,10,6033,27,1,3,0.6059,0.30,10301230,60327.8336,4391978
node3.tardis-apia.ldos-ut-pg0.wisc.cloudlab.us,alibabaBlock_11,lru,0.1,60,22,1,1,0.7120,0.51,10301230,60327.8336,4391978
node3.tardis-apia.ldos-ut-pg0.wisc.cloudlab.us,alibabaBlock_11,lru,0.1,60,22,1,2,0.7120,0.50,10301230,60327.8336,4391978
node3.tardis-apia.ldos-ut-pg0.wisc.cloudlab.us,alibabaBlock_11,lru,0.1,60,22,1,3,0.7120,0.50,10301230,60327.8336,4391978
node3.tardis-apia.ldos-ut-pg0.wisc.cloudlab.us,alibabaBlock_11,lruforgive,0.1,60,22,1,1,0.7115,0.39,10301230,60327.8336,4391978
node3.tardis-apia.ldos-ut-pg0.wisc.cloudlab.us,alibabaBlock_11,lruforgive,0.1,60,22,1,2,0.7115,0.39,10301230,60327.8336,4391978
node3.tardis-apia.ldos-ut-pg0.wisc.cloudlab.us,alibabaBlock_11,lruforgive,0.1,60,22,1,3,0.7115,0.39,10301230,60327.8336,4391978
node3.tardis-apia.ldos-ut-pg0.wisc.cloudlab.us,alibabaBlock_11,s3fifo,0.1,60,22,1,1,0.7111,0.61,10301230,60327.8336,4391978
node3.tardis-apia.ldos-ut-pg0.wisc.cloudlab.us,alibabaBlock_11,s3fifo,0.1,60,22,1,2,0.7111,0.60,10301230,60327.8336,4391978
node3.tardis-apia.ldos-ut-pg0.wisc.cloudlab.us,alibabaBlock_11,s3fifo,0.1,60,22,1,3,0.7111,0.61,10301230,60327.8336,4391978
node3.tardis-apia.ldos-ut-pg0.wisc.cloudlab.us,alibabaBlock_11,s3fifoforgive,0.1,60,22,1,1,0.7110,0.48,10301230,60327.8336,4391978
node3.tardis-apia.ldos-ut-pg0.wisc.cloudlab.us,alibabaBlock_11,s3fifoforgive,0.1,60,22,1,2,0.7110,0.48,10301230,60327.8336,4391978
node3.tardis-apia.ldos-ut-pg0.wisc.cloudlab.us,alibabaBlock_11,s3fifoforgive,0.1,60,22,1,3,0.7110,0.48,10301230,60327.8336,4391978
node3.tardis-apia.ldos-ut-pg0.wisc.cloudlab.us,alibabaBlock_111,lru,10,36342,27,1,1,0.7366,0.13,14542798,363418.2144,8755241
node3.tardis-apia.ldos-ut-pg0.wisc.cloudlab.us,alibabaBlock_111,lru,10,36342,27,1,2,0.7366,0.13,14542798,363418.2144,8755241
node3.tardis-apia.ldos-ut-pg0.wisc.cloudlab.us,alibabaBlock_111,lru,10,36342,27,1,3,0.7366,0.13,14542798,363418.2144,8755241
node3.tardis-apia.ldos-ut-pg0.wisc.cloudlab.us,alibabaBlock_111,lruforgive,10,36342,27,1,1,0.7362,0.13,14542798,363418.2144,8755241
node3.tardis-apia.ldos-ut-pg0.wisc.cloudlab.us,alibabaBlock_111,lruforgive,10,36342,27,1,2,0.7362,0.13,14542798,363418.2144,8755241
node3.tardis-apia.ldos-ut-pg0.wisc.cloudlab.us,alibabaBlock_111,lruforgive,10,36342,27,1,3,0.7362,0.13,14542798,363418.2144,8755241
node3.tardis-apia.ldos-ut-pg0.wisc.cloudlab.us,alibabaBlock_111,s3fifo,10,36342,27,1,1,0.7371,0.13,14542798,363418.2144,8755241
node3.tardis-apia.ldos-ut-pg0.wisc.cloudlab.us,alibabaBlock_111,s3fifo,10,36342,27,1,2,0.7372,0.13,14542798,363418.2144,8755241
node3.tardis-apia.ldos-ut-pg0.wisc.cloudlab.us,alibabaBlock_111,s3fifo,10,36342,27,1,3,NA,NA,NA,363418.2144,8755241
node3.tardis-apia.ldos-ut-pg0.wisc.cloudlab.us,alibabaBlock_111,s3fifoforgive,10,36342,27,1,1,NA,NA,NA,363418.2144,8755241
node3.tardis-apia.ldos-ut-pg0.wisc.cloudlab.us,alibabaBlock_111,s3fifoforgive,10,36342,27,1,2,0.7371,0.13,14542798,363418.2144,8755241
node3.tardis-apia.ldos-ut-pg0.wisc.cloudlab.us,alibabaBlock_111,s3fifoforgive,10,36342,27,1,3,0.7371,0.13,14542798,363418.2144,8755241
node3.tardis-apia.ldos-ut-pg0.wisc.cloudlab.us,alibabaBlock_111,lru,0.1,363,25,1,1,0.8227,0.21,14542798,363418.2144,8755241
node3.tardis-apia.ldos-ut-pg0.wisc.cloudlab.us,alibabaBlock_111,lru,0.1,363,25,1,2,0.8227,0.21,14542798,363418.2144,8755241
node3.tardis-apia.ldos-ut-pg0.wisc.cloudlab.us,alibabaBlock_111,lru,0.1,363,25,1,3,0.8226,0.21,14542798,363418.2144,8755241
node3.tardis-apia.ldos-ut-pg0.wisc.cloudlab.us,alibabaBlock_111,lruforgive,0.1,363,25,1,1,0.8223,0.20,14542798,363418.2144,8755241
node3.tardis-apia.ldos-ut-pg0.wisc.cloudlab.us,alibabaBlock_111,lruforgive,0.1,363,25,1,2,0.8223,0.20,14542798,363418.2144,8755241
node3.tardis-apia.ldos-ut-pg0.wisc.cloudlab.us,alibabaBlock_111,lruforgive,0.1,363,25,1,3,0.8223,0.20,14542798,363418.2144,8755241
node3.tardis-apia.ldos-ut-pg0.wisc.cloudlab.us,alibabaBlock_111,s3fifo,0.1,363,25,1,1,0.8237,0.23,14542798,363418.2144,8755241
node3.tardis-apia.ldos-ut-pg0.wisc.cloudlab.us,alibabaBlock_111,s3fifo,0.1,363,25,1,2,0.8237,0.23,14542798,363418.2144,8755241
node3.tardis-apia.ldos-ut-pg0.wisc.cloudlab.us,alibabaBlock_111,s3fifo,0.1,363,25,1,3,0.8237,0.23,14542798,363418.2144,8755241
node3.tardis-apia.ldos-ut-pg0.wisc.cloudlab.us,alibabaBlock_111,s3fifoforgive,0.1,363,25,1,1,0.8236,0.22,14542798,363418.2144,8755241
node3.tardis-apia.ldos-ut-pg0.wisc.cloudlab.us,alibabaBlock_111,s3fifoforgive,0.1,363,25,1,2,0.8236,0.22,14542798,363418.2144,8755241
node3.tardis-apia.ldos-ut-pg0.wisc.cloudlab.us,alibabaBlock_111,s3fifoforgive,0.1,363,25,1,3,0.8235,0.22,14542798,363418.2144,8755241
node3.tardis-apia.ldos-ut-pg0.wisc.cloudlab.us,alibabaBlock_112,lru,10,1778,27,1,1,0.2408,0.55,15359213,17779.3024,1402099
node3.tardis-apia.ldos-ut-pg0.wisc.cloudlab.us,alibabaBlock_112,lru,10,1778,27,1,2,0.2408,0.54,15359213,17779.3024,1402099
node3.tardis-apia.ldos-ut-pg0.wisc.cloudlab.us,alibabaBlock_112,lru,10,1778,27,1,3,0.2408,0.54,15359213,17779.3024,1402099
node3.tardis-apia.ldos-ut-pg0.wisc.cloudlab.us,alibabaBlock_112,lruforgive,10,1778,27,1,1,0.2401,0.33,15359213,17779.3024,1402099
node3.tardis-apia.ldos-ut-pg0.wisc.cloudlab.us,alibabaBlock_112,lruforgive,10,1778,27,1,2,0.2401,0.33,15359213,17779.3024,1402099
node3.tardis-apia.ldos-ut-pg0.wisc.cloudlab.us,alibabaBlock_112,lruforgive,10,1778,27,1,3,0.2402,0.33,15359213,17779.3024,1402099
node3.tardis-apia.ldos-ut-pg0.wisc.cloudlab.us,alibabaBlock_112,s3fifo,10,1778,27,1,1,0.2701,0.55,15359213,17779.3024,1402099
node3.tardis-apia.ldos-ut-pg0.wisc.cloudlab.us,alibabaBlock_112,s3fifo,10,1778,27,1,2,0.2700,0.55,15359213,17779.3024,1402099
node3.tardis-apia.ldos-ut-pg0.wisc.cloudlab.us,alibabaBlock_112,s3fifo,10,1778,27,1,3,0.2700,0.55,15359213,17779.3024,1402099
node3.tardis-apia.ldos-ut-pg0.wisc.cloudlab.us,alibabaBlock_112,s3fifoforgive,10,1778,27,1,1,0.2697,0.35,15359213,17779.3024,1402099
node3.tardis-apia.ldos-ut-pg0.wisc.cloudlab.us,alibabaBlock_112,s3fifoforgive,10,1778,27,1,2,0.2696,0.35,15359213,17779.3024,1402099
node3.tardis-apia.ldos-ut-pg0.wisc.cloudlab.us,alibabaBlock_112,s3fifoforgive,10,1778,27,1,3,0.2697,0.35,15359213,17779.3024,1402099
node3.tardis-apia.ldos-ut-pg0.wisc.cloudlab.us,alibabaBlock_112,lru,0.1,18,20,1,1,0.4865,2.24,15359213,17779.3024,1402099
node3.tardis-apia.ldos-ut-pg0.wisc.cloudlab.us,alibabaBlock_112,lru,0.1,18,20,1,2,0.4865,2.26,15359213,17779.3024,1402099
node3.tardis-apia.ldos-ut-pg0.wisc.cloudlab.us,alibabaBlock_112,lru,0.1,18,20,1,3,0.4865,2.22,15359213,17779.3024,1402099
node3.tardis-apia.ldos-ut-pg0.wisc.cloudlab.us,alibabaBlock_112,lruforgive,0.1,18,20,1,1,0.4752,0.89,15359213,17779.3024,1402099
node3.tardis-apia.ldos-ut-pg0.wisc.cloudlab.us,alibabaBlock_112,lruforgive,0.1,18,20,1,2,0.4752,0.89,15359213,17779.3024,1402099
node3.tardis-apia.ldos-ut-pg0.wisc.cloudlab.us,alibabaBlock_112,lruforgive,0.1,18,20,1,3,0.4752,0.87,15359213,17779.3024,1402099
node3.tardis-apia.ldos-ut-pg0.wisc.cloudlab.us,alibabaBlock_112,s3fifo,0.1,18,20,1,1,0.4487,2.37,15359213,17779.3024,1402099
node3.tardis-apia.ldos-ut-pg0.wisc.cloudlab.us,alibabaBlock_112,s3fifo,0.1,18,20,1,2,0.4487,2.39,15359213,17779.3024,1402099
node3.tardis-apia.ldos-ut-pg0.wisc.cloudlab.us,alibabaBlock_112,s3fifo,0.1,18,20,1,3,0.4487,2.36,15359213,17779.3024,1402099
node3.tardis-apia.ldos-ut-pg0.wisc.cloudlab.us,alibabaBlock_112,s3fifoforgive,0.1,18,20,1,1,0.4515,1.03,15359213,17779.3024,1402099
node3.tardis-apia.ldos-ut-pg0.wisc.cloudlab.us,alibabaBlock_112,s3fifoforgive,0.1,18,20,1,2,0.4516,1.05,15359213,17779.3024,1402099
node3.tardis-apia.ldos-ut-pg0.wisc.cloudlab.us,alibabaBlock_112,s3fifoforgive,0.1,18,20,1,3,0.4515,1.04,15359213,17779.3024,1402099
node3.tardis-apia.ldos-ut-pg0.wisc.cloudlab.us,alibabaBlock_113,lru,10,1471,27,1,1,0.1138,1.05,35849171,14709.248,1585549
node3.tardis-apia.ldos-ut-pg0.wisc.cloudlab.us,alibabaBlock_113,lru,10,1471,27,1,2,0.1138,1.04,35849171,14709.248,1585549
node3.tardis-apia.ldos-ut-pg0.wisc.cloudlab.us,alibabaBlock_113,lru,10,1471,27,1,3,0.1138,1.04,35849171,14709.248,1585549
node3.tardis-apia.ldos-ut-pg0.wisc.cloudlab.us,alibabaBlock_113,lruforgive,10,1471,27,1,1,0.1130,0.47,35849171,14709.248,1585549
node3.tardis-apia.ldos-ut-pg0.wisc.cloudlab.us,alibabaBlock_113,lruforgive,10,1471,27,1,2,0.1130,0.46,35849171,14709.248,1585549
node3.tardis-apia.ldos-ut-pg0.wisc.cloudlab.us,alibabaBlock_113,lruforgive,10,1471,27,1,3,0.1130,0.47,35849171,14709.248,1585549
node3.tardis-apia.ldos-ut-pg0.wisc.cloudlab.us,alibabaBlock_113,s3fifo,10,1471,27,1,1,0.1376,1.04,35849171,14709.248,1585549
node3.tardis-apia.ldos-ut-pg0.wisc.cloudlab.us,alibabaBlock_113,s3fifo,10,1471,27,1,2,0.1376,1.03,35849171,14709.248,1585549
node3.tardis-apia.ldos-ut-pg0.wisc.cloudlab.us,alibabaBlock_113,s3fifo,10,1471,27,1,3,0.1376,1.03,35849171,14709.248,1585549
node3.tardis-apia.ldos-ut-pg0.wisc.cloudlab.us,alibabaBlock_113,s3fifoforgive,10,1471,27,1,1,NA,NA,NA,14709.248,1585549
node3.tardis-apia.ldos-ut-pg0.wisc.cloudlab.us,alibabaBlock_113,s3fifoforgive,10,1471,27,1,2,NA,NA,NA,14709.248,1585549
node3.tardis-apia.ldos-ut-pg0.wisc.cloudlab.us,alibabaBlock_113,s3fifoforgive,10,1471,27,1,3,0.1375,0.51,35849171,14709.248,1585549
node3.tardis-apia.ldos-ut-pg0.wisc.cloudlab.us,alibabaBlock_113,lru,0.1,15,20,1,1,0.2357,2.88,35849171,14709.248,1585549
node3.tardis-apia.ldos-ut-pg0.wisc.cloudlab.us,alibabaBlock_113,lru,0.1,15,20,1,2,0.2357,2.85,35849171,14709.248,1585549
node3.tardis-apia.ldos-ut-pg0.wisc.cloudlab.us,alibabaBlock_113,lru,0.1,15,20,1,3,0.2357,2.84,35849171,14709.248,1585549
node3.tardis-apia.ldos-ut-pg0.wisc.cloudlab.us,alibabaBlock_113,lruforgive,0.1,15,20,1,1,0.2351,0.98,35849171,14709.248,1585549
node3.tardis-apia.ldos-ut-pg0.wisc.cloudlab.us,alibabaBlock_113,lruforgive,0.1,15,20,1,2,0.2351,0.98,35849171,14709.248,1585549
node3.tardis-apia.ldos-ut-pg0.wisc.cloudlab.us,alibabaBlock_113,lruforgive,0.1,15,20,1,3,0.2351,0.99,35849171,14709.248,1585549
node3.tardis-apia.ldos-ut-pg0.wisc.cloudlab.us,alibabaBlock_113,s3fifo,0.1,15,20,1,1,0.2314,2.98,35849171,14709.248,1585549
node3.tardis-apia.ldos-ut-pg0.wisc.cloudlab.us,alibabaBlock_113,s3fifo,0.1,15,20,1,2,0.2314,3.02,35849171,14709.248,1585549
node3.tardis-apia.ldos-ut-pg0.wisc.cloudlab.us,alibabaBlock_113,s3fifo,0.1,15,20,1,3,0.2314,3.01,35849171,14709.248,1585549
node3.tardis-apia.ldos-ut-pg0.wisc.cloudlab.us,alibabaBlock_113,s3fifoforgive,0.1,15,20,1,1,0.2312,1.03,35849171,14709.248,1585549
node3.tardis-apia.ldos-ut-pg0.wisc.cloudlab.us,alibabaBlock_113,s3fifoforgive,0.1,15,20,1,2,0.2312,1.04,35849171,14709.248,1585549
node3.tardis-apia.ldos-ut-pg0.wisc.cloudlab.us,alibabaBlock_113,s3fifoforgive,0.1,15,20,1,3,0.2312,1.04,35849171,14709.248,1585549
node3.tardis-apia.ldos-ut-pg0.wisc.cloudlab.us,alibabaBlock_115,lru,10,1591,27,1,1,0.1084,1.06,37668969,15912.6528,1722976
node3.tardis-apia.ldos-ut-pg0.wisc.cloudlab.us,alibabaBlock_115,lru,10,1591,27,1,2,0.1084,1.05,37668969,15912.6528,1722976
node3.tardis-apia.ldos-ut-pg0.wisc.cloudlab.us,alibabaBlock_115,lru,10,1591,27,1,3,0.1084,1.05,37668969,15912.6528,1722976
node3.tardis-apia.ldos-ut-pg0.wisc.cloudlab.us,alibabaBlock_115,lruforgive,10,1591,27,1,1,0.1078,0.46,37668969,15912.6528,1722976
node3.tardis-apia.ldos-ut-pg0.wisc.cloudlab.us,alibabaBlock_115,lruforgive,10,1591,27,1,2,0.1078,0.46,37668969,15912.6528,1722976
node3.tardis-apia.ldos-ut-pg0.wisc.cloudlab.us,alibabaBlock_115,lruforgive,10,1591,27,1,3,0.1078,0.46,37668969,15912.6528,1722976
node3.tardis-apia.ldos-ut-pg0.wisc.cloudlab.us,alibabaBlock_115,s3fifo,10,1591,27,1,1,NA,NA,NA,15912.6528,1722976
node3.tardis-apia.ldos-ut-pg0.wisc.cloudlab.us,alibabaBlock_115,s3fifo,10,1591,27,1,2,NA,NA,NA,15912.6528,1722976
node3.tardis-apia.ldos-ut-pg0.wisc.cloudlab.us,alibabaBlock_115,s3fifo,10,1591,27,1,3,NA,NA,NA,15912.6528,1722976
node3.tardis-apia.ldos-ut-pg0.wisc.cloudlab.us,alibabaBlock_115,s3fifoforgive,10,1591,27,1,1,NA,NA,NA,15912.6528,1722976
node3.tardis-apia.ldos-ut-pg0.wisc.cloudlab.us,alibabaBlock_115,s3fifoforgive,10,1591,27,1,2,NA,NA,NA,15912.6528,1722976
node3.tardis-apia.ldos-ut-pg0.wisc.cloudlab.us,alibabaBlock_115,s3fifoforgive,10,1591,27,1,3,0.1307,0.50,37668969,15912.6528,1722976
node3.tardis-apia.ldos-ut-pg0.wisc.cloudlab.us,alibabaBlock_115,lru,0.1,16,20,1,1,0.2348,3.36,37668969,15912.6528,1722976
node3.tardis-apia.ldos-ut-pg0.wisc.cloudlab.us,alibabaBlock_115,lru,0.1,16,20,1,2,0.2348,3.41,37668969,15912.6528,1722976
node3.tardis-apia.ldos-ut-pg0.wisc.cloudlab.us,alibabaBlock_115,lru,0.1,16,20,1,3,0.2348,3.40,37668969,15912.6528,1722976
node3.tardis-apia.ldos-ut-pg0.wisc.cloudlab.us,alibabaBlock_115,lruforgive,0.1,16,20,1,1,0.2340,1.09,37668969,15912.6528,1722976
node3.tardis-apia.ldos-ut-pg0.wisc.cloudlab.us,alibabaBlock_115,lruforgive,0.1,16,20,1,2,0.2340,1.09,37668969,15912.6528,1722976
node3.tardis-apia.ldos-ut-pg0.wisc.cloudlab.us,alibabaBlock_115,lruforgive,0.1,16,20,1,3,0.2340,1.09,37668969,15912.6528,1722976
node3.tardis-apia.ldos-ut-pg0.wisc.cloudlab.us,alibabaBlock_115,s3fifo,0.1,16,20,1,1,0.2320,3.61,37668969,15912.6528,1722976
node3.tardis-apia.ldos-ut-pg0.wisc.cloudlab.us,alibabaBlock_115,s3fifo,0.1,16,20,1,2,0.2320,3.63,37668969,15912.6528,1722976
node3.tardis-apia.ldos-ut-pg0.wisc.cloudlab.us,alibabaBlock_115,s3fifo,0.1,16,20,1,3,0.2320,3.67,37668969,15912.6528,1722976
node3.tardis-apia.ldos-ut-pg0.wisc.cloudlab.us,alibabaBlock_115,s3fifoforgive,0.1,16,20,1,1,0.2323,1.18,37668969,15912.6528,1722976
node3.tardis-apia.ldos-ut-pg0.wisc.cloudlab.us,alibabaBlock_115,s3fifoforgive,0.1,16,20,1,2,0.2321,1.18,37668969,15912.6528,1722976
node3.tardis-apia.ldos-ut-pg0.wisc.cloudlab.us,alibabaBlock_115,s3fifoforgive,0.1,16,20,1,3,0.2321,1.18,37668969,15912.6528,1722976
node3.tardis-apia.ldos-ut-pg0.wisc.cloudlab.us,alibabaBlock_116,lru,10,37214,27,1,1,0.7351,0.13,14455878,372141.9776,8750549
node3.tardis-apia.ldos-ut-pg0.wisc.cloudlab.us,alibabaBlock_116,lru,10,37214,27,1,2,0.7351,0.13,14455878,372141.9776,8750549
node3.tardis-apia.ldos-ut-pg0.wisc.cloudlab.us,alibabaBlock_116,lru,10,37214,27,1,3,0.7351,0.13,14455878,372141.9776,8750549
node3.tardis-apia.ldos-ut-pg0.wisc.cloudlab.us,alibabaBlock_116,lruforgive,10,37214,27,1,1,0.7348,0.13,14455878,372141.9776,8750549
node3.tardis-apia.ldos-ut-pg0.wisc.cloudlab.us,alibabaBlock_116,lruforgive,10,37214,27,1,2,0.7348,0.13,14455878,372141.9776,8750549
node3.tardis-apia.ldos-ut-pg0.wisc.cloudlab.us,alibabaBlock_116,lruforgive,10,37214,27,1,3,0.7348,0.13,14455878,372141.9776,8750549
node3.tardis-apia.ldos-ut-pg0.wisc.cloudlab.us,alibabaBlock_116,s3fifo,10,37214,27,1,1,0.7356,0.13,14455878,372141.9776,8750549
node3.tardis-apia.ldos-ut-pg0.wisc.cloudlab.us,alibabaBlock_116,s3fifo,10,37214,27,1,2,0.7356,0.13,14455878,372141.9776,8750549
node3.tardis-apia.ldos-ut-pg0.wisc.cloudlab.us,alibabaBlock_116,s3fifo,10,37214,27,1,3,0.7356,0.13,14455878,372141.9776,8750549
node3.tardis-apia.ldos-ut-pg0.wisc.cloudlab.us,alibabaBlock_116,s3fifoforgive,10,37214,27,1,1,0.7356,0.13,14455878,372141.9776,8750549
node3.tardis-apia.ldos-ut-pg0.wisc.cloudlab.us,alibabaBlock_116,s3fifoforgive,10,37214,27,1,2,0.7356,0.12,14455878,372141.9776,8750549
node3.tardis-apia.ldos-ut-pg0.wisc.cloudlab.us,alibabaBlock_116,s3fifoforgive,10,37214,27,1,3,0.7356,0.13,14455878,372141.9776,8750549
node3.tardis-apia.ldos-ut-pg0.wisc.cloudlab.us,alibabaBlock_116,lru,0.1,372,25,1,1,0.8183,0.21,14455878,372141.9776,8750549
node3.tardis-apia.ldos-ut-pg0.wisc.cloudlab.us,alibabaBlock_116,lru,0.1,372,25,1,2,0.8183,0.21,14455878,372141.9776,8750549
node3.tardis-apia.ldos-ut-pg0.wisc.cloudlab.us,alibabaBlock_116,lru,0.1,372,25,1,3,0.8183,0.21,14455878,372141.9776,8750549
node3.tardis-apia.ldos-ut-pg0.wisc.cloudlab.us,alibabaBlock_116,lruforgive,0.1,372,25,1,1,0.8180,0.20,14455878,372141.9776,8750549
node3.tardis-apia.ldos-ut-pg0.wisc.cloudlab.us,alibabaBlock_116,lruforgive,0.1,372,25,1,2,0.8180,0.20,14455878,372141.9776,8750549
node3.tardis-apia.ldos-ut-pg0.wisc.cloudlab.us,alibabaBlock_116,lruforgive,0.1,372,25,1,3,0.8180,0.20,14455878,372141.9776,8750549
node3.tardis-apia.ldos-ut-pg0.wisc.cloudlab.us,alibabaBlock_116,s3fifo,0.1,372,25,1,1,0.8211,0.23,14455878,372141.9776,8750549
node3.tardis-apia.ldos-ut-pg0.wisc.cloudlab.us,alibabaBlock_116,s3fifo,0.1,372,25,1,2,0.8211,0.23,14455878,372141.9776,8750549
node3.tardis-apia.ldos-ut-pg0.wisc.cloudlab.us,alibabaBlock_116,s3fifo,0.1,372,25,1,3,0.8211,0.23,14455878,372141.9776,8750549
node3.tardis-apia.ldos-ut-pg0.wisc.cloudlab.us,alibabaBlock_116,s3fifoforgive,0.1,372,25,1,1,0.8210,0.22,14455878,372141.9776,8750549
node3.tardis-apia.ldos-ut-pg0.wisc.cloudlab.us,alibabaBlock_116,s3fifoforgive,0.1,372,25,1,2,0.8210,0.22,14455878,372141.9776,8750549
node3.tardis-apia.ldos-ut-pg0.wisc.cloudlab.us,alibabaBlock_116,s3fifoforgive,0.1,372,25,1,3,0.8210,0.22,14455878,372141.9776,8750549
node3.tardis-apia.ldos-ut-pg0.wisc.cloudlab.us,alibabaBlock_117,lru,10,25692,27,1,1,0.5518,0.12,24201002,256922.0096,6291270
node3.tardis-apia.ldos-ut-pg0.wisc.cloudlab.us,alibabaBlock_117,lru,10,25692,27,1,2,0.5518,0.12,24201002,256922.0096,6291270
node3.tardis-apia.ldos-ut-pg0.wisc.cloudlab.us,alibabaBlock_117,lru,10,25692,27,1,3,0.5518,0.12,24201002,256922.0096,6291270
node3.tardis-apia.ldos-ut-pg0.wisc.cloudlab.us,alibabaBlock_117,lruforgive,10,25692,27,1,1,0.5478,0.11,24201002,256922.0096,6291270
node3.tardis-apia.ldos-ut-pg0.wisc.cloudlab.us,alibabaBlock_117,lruforgive,10,25692,27,1,2,0.5478,0.11,24201002,256922.0096,6291270
node3.tardis-apia.ldos-ut-pg0.wisc.cloudlab.us,alibabaBlock_117,lruforgive,10,25692,27,1,3,0.5478,0.11,24201002,256922.0096,6291270
node3.tardis-apia.ldos-ut-pg0.wisc.cloudlab.us,alibabaBlock_117,s3fifo,10,25692,27,1,1,0.5072,0.16,24201002,256922.0096,6291270
node3.tardis-apia.ldos-ut-pg0.wisc.cloudlab.us,alibabaBlock_117,s3fifo,10,25692,27,1,2,NA,NA,NA,256922.0096,6291270
node3.tardis-apia.ldos-ut-pg0.wisc.cloudlab.us,alibabaBlock_117,s3fifo,10,25692,27,1,3,0.5073,0.16,24201002,256922.0096,6291270
node3.tardis-apia.ldos-ut-pg0.wisc.cloudlab.us,alibabaBlock_117,s3fifoforgive,10,25692,27,1,1,0.5070,0.14,24201002,256922.0096,6291270
node3.tardis-apia.ldos-ut-pg0.wisc.cloudlab.us,alibabaBlock_117,s3fifoforgive,10,25692,27,1,2,0.5070,0.14,24201002,256922.0096,6291270
node3.tardis-apia.ldos-ut-pg0.wisc.cloudlab.us,alibabaBlock_117,s3fifoforgive,10,25692,27,1,3,0.5069,0.14,24201002,256922.0096,6291270
node3.tardis-apia.ldos-ut-pg0.wisc.cloudlab.us,alibabaBlock_117,lru,0.1,257,24,1,1,0.6923,0.24,24201002,256922.0096,6291270
node3.tardis-apia.ldos-ut-pg0.wisc.cloudlab.us,alibabaBlock_117,lru,0.1,257,24,1,2,0.6923,0.24,24201002,256922.0096,6291270
node3.tardis-apia.ldos-ut-pg0.wisc.cloudlab.us,alibabaBlock_117,lru,0.1,257,24,1,3,0.6923,0.24,24201002,256922.0096,6291270
node3.tardis-apia.ldos-ut-pg0.wisc.cloudlab.us,alibabaBlock_117,lruforgive,0.1,257,24,1,1,0.6825,0.21,24201002,256922.0096,6291270
node3.tardis-apia.ldos-ut-pg0.wisc.cloudlab.us,alibabaBlock_117,lruforgive,0.1,257,24,1,2,0.6825,0.21,24201002,256922.0096,6291270
node3.tardis-apia.ldos-ut-pg0.wisc.cloudlab.us,alibabaBlock_117,lruforgive,0.1,257,24,1,3,0.6824,0.21,24201002,256922.0096,6291270
node3.tardis-apia.ldos-ut-pg0.wisc.cloudlab.us,alibabaBlock_117,s3fifo,0.1,257,24,1,1,NA,NA,NA,256922.0096,6291270
node3.tardis-apia.ldos-ut-pg0.wisc.cloudlab.us,alibabaBlock_117,s3fifo,0.1,257,24,1,2,NA,NA,NA,256922.0096,6291270
node3.tardis-apia.ldos-ut-pg0.wisc.cloudlab.us,alibabaBlock_117,s3fifo,0.1,257,24,1,3,NA,NA,NA,256922.0096,6291270
node3.tardis-apia.ldos-ut-pg0.wisc.cloudlab.us,alibabaBlock_117,s3fifoforgive,0.1,257,24,1,1,0.6418,0.26,24201002,256922.0096,6291270
node3.tardis-apia.ldos-ut-pg0.wisc.cloudlab.us,alibabaBlock_117,s3fifoforgive,0.1,257,24,1,2,NA,0,15388155,256922.0096,6291270
node3.tardis-apia.ldos-ut-pg0.wisc.cloudlab.us,alibabaBlock_117,s3fifoforgive,0.1,257,24,1,3,0.6418,0.26,24201002,256922.0096,6291270
node3.tardis-apia.ldos-ut-pg0.wisc.cloudlab.us,alibabaBlock_12,lru,10,32230,27,1,1,0.4369,0.17,46269496,322295.5008,4567444
node3.tardis-apia.ldos-ut-pg0.wisc.cloudlab.us,alibabaBlock_12,lru,10,32230,27,1,2,0.4369,0.17,46269496,322295.5008,4567444
node3.tardis-apia.ldos-ut-pg0.wisc.cloudlab.us,alibabaBlock_12,lru,10,32230,27,1,3,0.4369,0.17,46269496,322295.5008,4567444
node3.tardis-apia.ldos-ut-pg0.wisc.cloudlab.us,alibabaBlock_12,lruforgive,10,32230,27,1,1,0.4320,0.16,46269496,322295.5008,4567444
node3.tardis-apia.ldos-ut-pg0.wisc.cloudlab.us,alibabaBlock_12,lruforgive,10,32230,27,1,2,0.4320,0.16,46269496,322295.5008,4567444
node3.tardis-apia.ldos-ut-pg0.wisc.cloudlab.us,alibabaBlock_12,lruforgive,10,32230,27,1,3,0.4320,0.16,46269496,322295.5008,4567444
node3.tardis-apia.ldos-ut-pg0.wisc.cloudlab.us,alibabaBlock_12,s3fifo,10,32230,27,1,1,NA,NA,NA,322295.5008,4567444
node3.tardis-apia.ldos-ut-pg0.wisc.cloudlab.us,alibabaBlock_12,s3fifo,10,32230,27,1,2,NA,NA,NA,322295.5008,4567444
node3.tardis-apia.ldos-ut-pg0.wisc.cloudlab.us,alibabaBlock_12,s3fifo,10,32230,27,1,3,0.3508,0.25,46269496,322295.5008,4567444
node3.tardis-apia.ldos-ut-pg0.wisc.cloudlab.us,alibabaBlock_12,s3fifoforgive,10,32230,27,1,1,0.3496,0.21,46269496,322295.5008,4567444
node3.tardis-apia.ldos-ut-pg0.wisc.cloudlab.us,alibabaBlock_12,s3fifoforgive,10,32230,27,1,2,0.3497,0.21,46269496,322295.5008,4567444
node3.tardis-apia.ldos-ut-pg0.wisc.cloudlab.us,alibabaBlock_12,s3fifoforgive,10,32230,27,1,3,0.3496,0.21,46269496,322295.5008,4567444
node3.tardis-apia.ldos-ut-pg0.wisc.cloudlab.us,alibabaBlock_12,lru,0.1,322,24,1,1,0.5149,0.21,46269496,322295.5008,4567444
node3.tardis-apia.ldos-ut-pg0.wisc.cloudlab.us,alibabaBlock_12,lru,0.1,322,24,1,2,0.5149,0.21,46269496,322295.5008,4567444
node3.tardis-apia.ldos-ut-pg0.wisc.cloudlab.us,alibabaBlock_12,lru,0.1,322,24,1,3,0.5149,0.21,46269496,322295.5008,4567444
node3.tardis-apia.ldos-ut-pg0.wisc.cloudlab.us,alibabaBlock_12,lruforgive,0.1,322,24,1,1,0.5143,0.19,46269496,322295.5008,4567444
node3.tardis-apia.ldos-ut-pg0.wisc.cloudlab.us,alibabaBlock_12,lruforgive,0.1,322,24,1,2,0.5143,0.19,46269496,322295.5008,4567444
node3.tardis-apia.ldos-ut-pg0.wisc.cloudlab.us,alibabaBlock_12,lruforgive,0.1,322,24,1,3,0.5143,0.19,46269496,322295.5008,4567444
node3.tardis-apia.ldos-ut-pg0.wisc.cloudlab.us,alibabaBlock_12,s3fifo,0.1,322,24,1,1,NA,NA,NA,322295.5008,4567444
node3.tardis-apia.ldos-ut-pg0.wisc.cloudlab.us,alibabaBlock_12,s3fifo,0.1,322,24,1,2,NA,NA,NA,322295.5008,4567444
node3.tardis-apia.ldos-ut-pg0.wisc.cloudlab.us,alibabaBlock_12,s3fifo,0.1,322,24,1,3,NA,NA,NA,322295.5008,4567444
node3.tardis-apia.ldos-ut-pg0.wisc.cloudlab.us,alibabaBlock_12,s3fifoforgive,0.1,322,24,1,1,NA,0.34,29119029,322295.5008,4567444
node3.tardis-apia.ldos-ut-pg0.wisc.cloudlab.us,alibabaBlock_12,s3fifoforgive,0.1,322,24,1,2,NA,0.33,29119029,322295.5008,4567444
node3.tardis-apia.ldos-ut-pg0.wisc.cloudlab.us,alibabaBlock_12,s3fifoforgive,0.1,322,24,1,3,0.5127,0.36,46269496,322295.5008,4567444
node3.tardis-apia.ldos-ut-pg0.wisc.cloudlab.us,alibabaBlock_121,lru,10,2119,27,1,1,0.0373,1.62,194473021,21188.3008,1958728
node3.tardis-apia.ldos-ut-pg0.wisc.cloudlab.us,alibabaBlock_121,lru,10,2119,27,1,2,0.0373,1.60,194473021,21188.3008,1958728
node3.tardis-apia.ldos-ut-pg0.wisc.cloudlab.us,alibabaBlock_121,lru,10,2119,27,1,3,0.0373,1.61,194473021,21188.3008,1958728
node3.tardis-apia.ldos-ut-pg0.wisc.cloudlab.us,alibabaBlock_121,lruforgive,10,2119,27,1,1,0.0373,0.50,194473021,21188.3008,1958728
node3.tardis-apia.ldos-ut-pg0.wisc.cloudlab.us,alibabaBlock_121,lruforgive,10,2119,27,1,2,0.0373,0.51,194473021,21188.3008,1958728
node3.tardis-apia.ldos-ut-pg0.wisc.cloudlab.us,alibabaBlock_121,lruforgive,10,2119,27,1,3,0.0373,0.51,194473021,21188.3008,1958728
node3.tardis-apia.ldos-ut-pg0.wisc.cloudlab.us,alibabaBlock_121,s3fifo,10,2119,27,1,1,0.0390,1.76,194473021,21188.3008,1958728
node3.tardis-apia.ldos-ut-pg0.wisc.cloudlab.us,alibabaBlock_121,s3fifo,10,2119,27,1,2,0.0390,1.76,194473021,21188.3008,1958728
node3.tardis-apia.ldos-ut-pg0.wisc.cloudlab.us,alibabaBlock_121,s3fifo,10,2119,27,1,3,0.0390,1.75,194473021,21188.3008,1958728
node3.tardis-apia.ldos-ut-pg0.wisc.cloudlab.us,alibabaBlock_121,s3fifoforgive,10,2119,27,1,1,NA,NA,NA,21188.3008,1958728
node3.tardis-apia.ldos-ut-pg0.wisc.cloudlab.us,alibabaBlock_121,s3fifoforgive,10,2119,27,1,2,NA,NA,NA,21188.3008,1958728
node3.tardis-apia.ldos-ut-pg0.wisc.cloudlab.us,alibabaBlock_121,s3fifoforgive,10,2119,27,1,3,0.0390,0.47,194473021,21188.3008,1958728
node3.tardis-apia.ldos-ut-pg0.wisc.cloudlab.us,alibabaBlock_121,lru,0.1,21,20,1,1,0.7325,1.83,194473021,21188.3008,1958728
node3.tardis-apia.ldos-ut-pg0.wisc.cloudlab.us,alibabaBlock_121,lru,0.1,21,20,1,2,0.7325,1.84,194473021,21188.3008,1958728
node3.tardis-apia.ldos-ut-pg0.wisc.cloudlab.us,alibabaBlock_121,lru,0.1,21,20,1,3,0.7325,1.82,194473021,21188.3008,1958728
node3.tardis-apia.ldos-ut-pg0.wisc.cloudlab.us,alibabaBlock_121,lruforgive,0.1,21,20,1,1,0.6641,0.65,194473021,21188.3008,1958728
node3.tardis-apia.ldos-ut-pg0.wisc.cloudlab.us,alibabaBlock_121,lruforgive,0.1,21,20,1,2,0.6641,0.65,194473021,21188.3008,1958728
node3.tardis-apia.ldos-ut-pg0.wisc.cloudlab.us,alibabaBlock_121,lruforgive,0.1,21,20,1,3,0.6641,0.65,194473021,21188.3008,1958728
node3.tardis-apia.ldos-ut-pg0.wisc.cloudlab.us,alibabaBlock_121,s3fifo,0.1,21,20,1,1,0.6049,2.12,194473021,21188.3008,1958728
node3.tardis-apia.ldos-ut-pg0.wisc.cloudlab.us,alibabaBlock_121,s3fifo,0.1,21,20,1,2,0.6049,1.99,194473021,21188.3008,1958728
node3.tardis-apia.ldos-ut-pg0.wisc.cloudlab.us,alibabaBlock_121,s3fifo,0.1,21,20,1,3,0.6049,2.10,194473021,21188.3008,1958728
node3.tardis-apia.ldos-ut-pg0.wisc.cloudlab.us,alibabaBlock_121,s3fifoforgive,0.1,21,20,1,1,0.6071,1.06,194473021,21188.3008,1958728
node3.tardis-apia.ldos-ut-pg0.wisc.cloudlab.us,alibabaBlock_121,s3fifoforgive,0.1,21,20,1,2,0.6071,1.05,194473021,21188.3008,1958728
node3.tardis-apia.ldos-ut-pg0.wisc.cloudlab.us,alibabaBlock_121,s3fifoforgive,0.1,21,20,1,3,0.6071,1.08,194473021,21188.3008,1958728
node3.tardis-apia.ldos-ut-pg0.wisc.cloudlab.us,alibabaBlock_122,lru,10,35170,27,1,1,0.1947,0.09,16739107,351699.456,1969008
node3.tardis-apia.ldos-ut-pg0.wisc.cloudlab.us,alibabaBlock_122,lru,10,35170,27,1,2,0.1947,0.09,16739107,351699.456,1969008
node3.tardis-apia.ldos-ut-pg0.wisc.cloudlab.us,alibabaBlock_122,lru,10,35170,27,1,3,0.1947,0.09,16739107,351699.456,1969008
node3.tardis-apia.ldos-ut-pg0.wisc.cloudlab.us,alibabaBlock_122,lruforgive,10,35170,27,1,1,0.1916,0.08,16739107,351699.456,1969008
node3.tardis-apia.ldos-ut-pg0.wisc.cloudlab.us,alibabaBlock_122,lruforgive,10,35170,27,1,2,0.1916,0.08,16739107,351699.456,1969008
node3.tardis-apia.ldos-ut-pg0.wisc.cloudlab.us,alibabaBlock_122,lruforgive,10,35170,27,1,3,0.1916,0.08,16739107,351699.456,1969008
node3.tardis-apia.ldos-ut-pg0.wisc.cloudlab.us,alibabaBlock_122,s3fifo,10,35170,27,1,1,NA,NA,NA,351699.456,1969008
node3.tardis-apia.ldos-ut-pg0.wisc.cloudlab.us,alibabaBlock_122,s3fifo,10,35170,27,1,2,NA,NA,NA,351699.456,1969008
node3.tardis-apia.ldos-ut-pg0.wisc.cloudlab.us,alibabaBlock_122,s3fifo,10,35170,27,1,3,NA,NA,NA,351699.456,1969008
node3.tardis-apia.ldos-ut-pg0.wisc.cloudlab.us,alibabaBlock_122,s3fifoforgive,10,35170,27,1,1,NA,NA,NA,351699.456,1969008
node3.tardis-apia.ldos-ut-pg0.wisc.cloudlab.us,alibabaBlock_122,s3fifoforgive,10,35170,27,1,2,0.1732,0.10,16739107,351699.456,1969008
node3.tardis-apia.ldos-ut-pg0.wisc.cloudlab.us,alibabaBlock_122,s3fifoforgive,10,35170,27,1,3,0.1733,0.10,16739107,351699.456,1969008
node3.tardis-apia.ldos-ut-pg0.wisc.cloudlab.us,alibabaBlock_122,lru,0.1,352,24,1,1,0.6510,0.12,16739107,351699.456,1969008
node3.tardis-apia.ldos-ut-pg0.wisc.cloudlab.us,alibabaBlock_122,lru,0.1,352,24,1,2,0.6510,0.12,16739107,351699.456,1969008
node3.tardis-apia.ldos-ut-pg0.wisc.cloudlab.us,alibabaBlock_122,lru,0.1,352,24,1,3,0.6510,0.12,16739107,351699.456,1969008
node3.tardis-apia.ldos-ut-pg0.wisc.cloudlab.us,alibabaBlock_122,lruforgive,0.1,352,24,1,1,0.6366,0.11,16739107,351699.456,1969008
node3.tardis-apia.ldos-ut-pg0.wisc.cloudlab.us,alibabaBlock_122,lruforgive,0.1,352,24,1,2,0.6366,0.11,16739107,351699.456,1969008
node3.tardis-apia.ldos-ut-pg0.wisc.cloudlab.us,alibabaBlock_122,lruforgive,0.1,352,24,1,3,0.6366,0.11,16739107,351699.456,1969008
node3.tardis-apia.ldos-ut-pg0.wisc.cloudlab.us,alibabaBlock_122,s3fifo,0.1,352,24,1,1,0.6080,0.21,16739107,351699.456,1969008
node3.tardis-apia.ldos-ut-pg0.wisc.cloudlab.us,alibabaBlock_122,s3fifo,0.1,352,24,1,2,NA,NA,NA,351699.456,1969008
node3.tardis-apia.ldos-ut-pg0.wisc.cloudlab.us,alibabaBlock_122,s3fifo,0.1,352,24,1,3,NA,NA,NA,351699.456,1969008
node3.tardis-apia.ldos-ut-pg0.wisc.cloudlab.us,alibabaBlock_122,s3fifoforgive,0.1,352,24,1,1,0.6059,0.19,16739107,351699.456,1969008
node3.tardis-apia.ldos-ut-pg0.wisc.cloudlab.us,alibabaBlock_122,s3fifoforgive,0.1,352,24,1,2,0.6060,0.19,16739107,351699.456,1969008
node3.tardis-apia.ldos-ut-pg0.wisc.cloudlab.us,alibabaBlock_122,s3fifoforgive,0.1,352,24,1,3,0.6060,0.18,16739107,351699.456,1969008
node3.tardis-apia.ldos-ut-pg0.wisc.cloudlab.us,alibabaBlock_123,lru,10,2776,27,1,1,0.1173,0.69,13999039,27760.9472,1386078
node3.tardis-apia.ldos-ut-pg0.wisc.cloudlab.us,alibabaBlock_123,lru,10,2776,27,1,2,0.1173,0.69,13999039,27760.9472,1386078
node3.tardis-apia.ldos-ut-pg0.wisc.cloudlab.us,alibabaBlock_123,lru,10,2776,27,1,3,0.1173,0.69,13999039,27760.9472,1386078
node3.tardis-apia.ldos-ut-pg0.wisc.cloudlab.us,alibabaBlock_123,lruforgive,10,2776,27,1,1,0.1160,0.38,13999039,27760.9472,1386078
node3.tardis-apia.ldos-ut-pg0.wisc.cloudlab.us,alibabaBlock_123,lruforgive,10,2776,27,1,2,0.1160,0.38,13999039,27760.9472,1386078
node3.tardis-apia.ldos-ut-pg0.wisc.cloudlab.us,alibabaBlock_123,lruforgive,10,2776,27,1,3,0.1160,0.38,13999039,27760.9472,1386078
node3.tardis-apia.ldos-ut-pg0.wisc.cloudlab.us,alibabaBlock_123,s3fifo,10,2776,27,1,1,NA,NA,NA,27760.9472,1386078
node3.tardis-apia.ldos-ut-pg0.wisc.cloudlab.us,alibabaBlock_123,s3fifo,10,2776,27,1,2,NA,NA,NA,27760.9472,1386078
node3.tardis-apia.ldos-ut-pg0.wisc.cloudlab.us,alibabaBlock_123,s3fifo,10,2776,27,1,3,NA,NA,NA,27760.9472,1386078
node3.tardis-apia.ldos-ut-pg0.wisc.cloudlab.us,alibabaBlock_123,s3fifoforgive,10,2776,27,1,1,NA,NA,8150624,27760.9472,1386078
node3.tardis-apia.ldos-ut-pg0.wisc.cloudlab.us,alibabaBlock_123,s3fifoforgive,10,2776,27,1,2,NA,NA,8150624,27760.9472,1386078
node3.tardis-apia.ldos-ut-pg0.wisc.cloudlab.us,alibabaBlock_123,s3fifoforgive,10,2776,27,1,3,NA,NA,8150624,27760.9472,1386078
node3.tardis-apia.ldos-ut-pg0.wisc.cloudlab.us,alibabaBlock_123,lru,0.1,28,21,1,1,0.3554,1.82,13999039,27760.9472,1386078
node3.tardis-apia.ldos-ut-pg0.wisc.cloudlab.us,alibabaBlock_123,lru,0.1,28,21,1,2,0.3554,1.79,13999039,27760.9472,1386078
node3.tardis-apia.ldos-ut-pg0.wisc.cloudlab.us,alibabaBlock_123,lru,0.1,28,21,1,3,0.3554,1.79,13999039,27760.9472,1386078
node3.tardis-apia.ldos-ut-pg0.wisc.cloudlab.us,alibabaBlock_123,lruforgive,0.1,28,21,1,1,0.3201,0.64,13999039,27760.9472,1386078
node3.tardis-apia.ldos-ut-pg0.wisc.cloudlab.us,alibabaBlock_123,lruforgive,0.1,28,21,1,2,0.3201,0.65,13999039,27760.9472,1386078
node3.tardis-apia.ldos-ut-pg0.wisc.cloudlab.us,alibabaBlock_123,lruforgive,0.1,28,21,1,3,0.3201,0.66,13999039,27760.9472,1386078
node3.tardis-apia.ldos-ut-pg0.wisc.cloudlab.us,alibabaBlock_123,s3fifo,0.1,28,21,1,1,0.3126,2.00,13999039,27760.9472,1386078
node3.tardis-apia.ldos-ut-pg0.wisc.cloudlab.us,alibabaBlock_123,s3fifo,0.1,28,21,1,2,0.3126,2.01,13999039,27760.9472,1386078
node3.tardis-apia.ldos-ut-pg0.wisc.cloudlab.us,alibabaBlock_123,s3fifo,0.1,28,21,1,3,0.3126,1.99,13999039,27760.9472,1386078
node3.tardis-apia.ldos-ut-pg0.wisc.cloudlab.us,alibabaBlock_123,s3fifoforgive,0.1,28,21,1,1,0.3100,0.85,13999039,27760.9472,1386078
node3.tardis-apia.ldos-ut-pg0.wisc.cloudlab.us,alibabaBlock_123,s3fifoforgive,0.1,28,21,1,2,0.3100,0.86,13999039,27760.9472,1386078
node3.tardis-apia.ldos-ut-pg0.wisc.cloudlab.us,alibabaBlock_123,s3fifoforgive,0.1,28,21,1,3,0.3100,0.85,13999039,27760.9472,1386078
node3.tardis-apia.ldos-ut-pg0.wisc.cloudlab.us,alibabaBlock_124,lru,10,49644,27,1,1,0.1815,0.33,525839188,496443.5968,16628516
node3.tardis-apia.ldos-ut-pg0.wisc.cloudlab.us,alibabaBlock_124,lru,10,49644,27,1,2,0.1815,0.33,525839188,496443.5968,16628516
node3.tardis-apia.ldos-ut-pg0.wisc.cloudlab.us,alibabaBlock_124,lru,10,49644,27,1,3,0.1815,0.33,525839188,496443.5968,16628516
node3.tardis-apia.ldos-ut-pg0.wisc.cloudlab.us,alibabaBlock_124,lruforgive,10,49644,27,1,1,NA,NA,NA,496443.5968,16628516
node3.tardis-apia.ldos-ut-pg0.wisc.cloudlab.us,alibabaBlock_124,lruforgive,10,49644,27,1,2,NA,NA,NA,496443.5968,16628516
node3.tardis-apia.ldos-ut-pg0.wisc.cloudlab.us,alibabaBlock_124,lruforgive,10,49644,27,1,3,NA,NA,NA,496443.5968,16628516
node3.tardis-apia.ldos-ut-pg0.wisc.cloudlab.us,alibabaBlock_124,s3fifo,10,49644,27,1,1,0.1577,0.41,525839188,496443.5968,16628516
node3.tardis-apia.ldos-ut-pg0.wisc.cloudlab.us,alibabaBlock_124,s3fifo,10,49644,27,1,2,0.1577,0.41,525839188,496443.5968,16628516
node3.tardis-apia.ldos-ut-pg0.wisc.cloudlab.us,alibabaBlock_124,s3fifo,10,49644,27,1,3,0.1577,0.41,525839188,496443.5968,16628516
node3.tardis-apia.ldos-ut-pg0.wisc.cloudlab.us,alibabaBlock_124,s3fifoforgive,10,49644,27,1,1,NA,NA,NA,496443.5968,16628516
node3.tardis-apia.ldos-ut-pg0.wisc.cloudlab.us,alibabaBlock_124,s3fifoforgive,10,49644,27,1,2,NA,NA,NA,496443.5968,16628516
node3.tardis-apia.ldos-ut-pg0.wisc.cloudlab.us,alibabaBlock_124,s3fifoforgive,10,49644,27,1,3,NA,NA,NA,496443.5968,16628516
node3.tardis-apia.ldos-ut-pg0.wisc.cloudlab.us,alibabaBlock_124,lru,0.1,496,25,1,1,NA,NA,NA,496443.5968,16628516
node3.tardis-apia.ldos-ut-pg0.wisc.cloudlab.us,alibabaBlock_124,lru,0.1,496,25,1,2,NA,NA,NA,496443.5968,16628516
node3.tardis-apia.ldos-ut-pg0.wisc.cloudlab.us,alibabaBlock_124,lru,0.1,496,25,1,3,NA,NA,NA,496443.5968,16628516
node3.tardis-apia.ldos-ut-pg0.wisc.cloudlab.us,alibabaBlock_124,lruforgive,0.1,496,25,1,1,NA,NA,NA,496443.5968,16628516
node3.tardis-apia.ldos-ut-pg0.wisc.cloudlab.us,alibabaBlock_124,lruforgive,0.1,496,25,1,2,NA,NA,NA,496443.5968,16628516
node3.tardis-apia.ldos-ut-pg0.wisc.cloudlab.us,alibabaBlock_124,lruforgive,0.1,496,25,1,3,NA,NA,NA,496443.5968,16628516
node3.tardis-apia.ldos-ut-pg0.wisc.cloudlab.us,alibabaBlock_124,s3fifo,0.1,496,25,1,1,NA,NA,NA,496443.5968,16628516
node3.tardis-apia.ldos-ut-pg0.wisc.cloudlab.us,alibabaBlock_124,s3fifo,0.1,496,25,1,2,NA,NA,NA,496443.5968,16628516
node3.tardis-apia.ldos-ut-pg0.wisc.cloudlab.us,alibabaBlock_124,s3fifo,0.1,496,25,1,3,NA,NA,NA,496443.5968,16628516
node3.tardis-apia.ldos-ut-pg0.wisc.cloudlab.us,alibabaBlock_124,s3fifoforgive,0.1,496,25,1,1,NA,NA,NA,496443.5968,16628516
node3.tardis-apia.ldos-ut-pg0.wisc.cloudlab.us,alibabaBlock_124,s3fifoforgive,0.1,496,25,1,2,0.9776,0.43,525839188,496443.5968,16628516
node3.tardis-apia.ldos-ut-pg0.wisc.cloudlab.us,alibabaBlock_124,s3fifoforgive,0.1,496,25,1,3,0.9776,0.44,525839188,496443.5968,16628516
node3.tardis-apia.ldos-ut-pg0.wisc.cloudlab.us,alibabaBlock_126,lru,10,10852,27,1,1,0.2123,0.30,21974015,108524.6464,2940375
node3.tardis-apia.ldos-ut-pg0.wisc.cloudlab.us,alibabaBlock_126,lru,10,10852,27,1,2,0.2122,0.30,21974015,108524.6464,2940375
node3.tardis-apia.ldos-ut-pg0.wisc.cloudlab.us,alibabaBlock_126,lru,10,10852,27,1,3,0.2123,0.30,21974015,108524.6464,2940375
node3.tardis-apia.ldos-ut-pg0.wisc.cloudlab.us,alibabaBlock_126,lruforgive,10,10852,27,1,1,0.2120,0.21,21974015,108524.6464,2940375
node3.tardis-apia.ldos-ut-pg0.wisc.cloudlab.us,alibabaBlock_126,lruforgive,10,10852,27,1,2,0.2120,0.21,21974015,108524.6464,2940375
node3.tardis-apia.ldos-ut-pg0.wisc.cloudlab.us,alibabaBlock_126,lruforgive,10,10852,27,1,3,0.2120,0.21,21974015,108524.6464,2940375
node3.tardis-apia.ldos-ut-pg0.wisc.cloudlab.us,alibabaBlock_126,s3fifo,10,10852,27,1,1,NA,NA,NA,108524.6464,2940375
node3.tardis-apia.ldos-ut-pg0.wisc.cloudlab.us,alibabaBlock_126,s3fifo,10,10852,27,1,2,NA,NA,NA,108524.6464,2940375
node3.tardis-apia.ldos-ut-pg0.wisc.cloudlab.us,alibabaBlock_126,s3fifo,10,10852,27,1,3,NA,NA,NA,108524.6464,2940375
node3.tardis-apia.ldos-ut-pg0.wisc.cloudlab.us,alibabaBlock_126,s3fifoforgive,10,10852,27,1,1,NA,NA,NA,108524.6464,2940375
node3.tardis-apia.ldos-ut-pg0.wisc.cloudlab.us,alibabaBlock_126,s3fifoforgive,10,10852,27,1,2,NA,NA,NA,108524.6464,2940375
node3.tardis-apia.ldos-ut-pg0.wisc.cloudlab.us,alibabaBlock_126,s3fifoforgive,10,10852,27,1,3,NA,NA,NA,108524.6464,2940375
node3.tardis-apia.ldos-ut-pg0.wisc.cloudlab.us,alibabaBlock_126,lru,0.1,109,23,1,1,0.6076,0.18,21974015,108524.6464,2940375
node3.tardis-apia.ldos-ut-pg0.wisc.cloudlab.us,alibabaBlock_126,lru,0.1,109,23,1,2,0.6076,0.18,21974015,108524.6464,2940375
node3.tardis-apia.ldos-ut-pg0.wisc.cloudlab.us,alibabaBlock_126,lru,0.1,109,23,1,3,0.6076,0.18,21974015,108524.6464,2940375
node3.tardis-apia.ldos-ut-pg0.wisc.cloudlab.us,alibabaBlock_126,lruforgive,0.1,109,23,1,1,0.6053,0.20,21974015,108524.6464,2940375
node3.tardis-apia.ldos-ut-pg0.wisc.cloudlab.us,alibabaBlock_126,lruforgive,0.1,109,23,1,2,0.6053,0.20,21974015,108524.6464,2940375
node3.tardis-apia.ldos-ut-pg0.wisc.cloudlab.us,alibabaBlock_126,lruforgive,0.1,109,23,1,3,0.6053,0.20,21974015,108524.6464,2940375
node3.tardis-apia.ldos-ut-pg0.wisc.cloudlab.us,alibabaBlock_126,s3fifo,0.1,109,23,1,1,NA,NA,NA,108524.6464,2940375
node3.tardis-apia.ldos-ut-pg0.wisc.cloudlab.us,alibabaBlock_126,s3fifo,0.1,109,23,1,2,NA,NA,NA,108524.6464,2940375
node3.tardis-apia.ldos-ut-pg0.wisc.cloudlab.us,alibabaBlock_126,s3fifo,0.1,109,23,1,3,NA,NA,NA,108524.6464,2940375
node3.tardis-apia.ldos-ut-pg0.wisc.cloudlab.us,alibabaBlock_126,s3fifoforgive,0.1,109,23,1,1,0.6038,0.30,21974015,108524.6464,2940375
node3.tardis-apia.ldos-ut-pg0.wisc.cloudlab.us,alibabaBlock_126,s3fifoforgive,0.1,109,23,1,2,0.6038,0.30,21974015,108524.6464,2940375
node3.tardis-apia.ldos-ut-pg0.wisc.cloudlab.us,alibabaBlock_126,s3fifoforgive,0.1,109,23,1,3,0.6038,0.30,21974015,108524.6464,2940375
node3.tardis-apia.ldos-ut-pg0.wisc.cloudlab.us,alibabaBlock_128,lru,10,1276,26,1,1,0.1066,1.22,34339340,12762.0096,1584990
node3.tardis-apia.ldos-ut-pg0.wisc.cloudlab.us,alibabaBlock_128,lru,10,1276,26,1,2,0.1066,1.22,34339340,12762.0096,1584990
node3.tardis-apia.ldos-ut-pg0.wisc.cloudlab.us,alibabaBlock_128,lru,10,1276,26,1,3,0.1066,1.22,34339340,12762.0096,1584990
node3.tardis-apia.ldos-ut-pg0.wisc.cloudlab.us,alibabaBlock_128,lruforgive,10,1276,26,1,1,0.1065,0.52,34339340,12762.0096,1584990
node3.tardis-apia.ldos-ut-pg0.wisc.cloudlab.us,alibabaBlock_128,lruforgive,10,1276,26,1,2,0.1065,0.52,34339340,12762.0096,1584990
node3.tardis-apia.ldos-ut-pg0.wisc.cloudlab.us,alibabaBlock_128,lruforgive,10,1276,26,1,3,0.1065,0.52,34339340,12762.0096,1584990
node3.tardis-apia.ldos-ut-pg0.wisc.cloudlab.us,alibabaBlock_128,s3fifo,10,1276,26,1,1,NA,NA,NA,12762.0096,1584990
node3.tardis-apia.ldos-ut-pg0.wisc.cloudlab.us,alibabaBlock_128,s3fifo,10,1276,26,1,2,NA,NA,NA,12762.0096,1584990
node3.tardis-apia.ldos-ut-pg0.wisc.cloudlab.us,alibabaBlock_128,s3fifo,10,1276,26,1,3,NA,NA,NA,12762.0096,1584990
node3.tardis-apia.ldos-ut-pg0.wisc.cloudlab.us,alibabaBlock_128,s3fifoforgive,10,1276,26,1,1,NA,NA,NA,12762.0096,1584990
node3.tardis-apia.ldos-ut-pg0.wisc.cloudlab.us,alibabaBlock_128,s3fifoforgive,10,1276,26,1,2,NA,NA,NA,12762.0096,1584990
node3.tardis-apia.ldos-ut-pg0.wisc.cloudlab.us,alibabaBlock_128,s3fifoforgive,10,1276,26,1,3,0.1326,0.56,34339340,12762.0096,1584990
node3.tardis-apia.ldos-ut-pg0.wisc.cloudlab.us,alibabaBlock_128,lru,0.1,13,20,1,1,0.1952,2.98,34339340,12762.0096,1584990
node3.tardis-apia.ldos-ut-pg0.wisc.cloudlab.us,alibabaBlock_128,lru,0.1,13,20,1,2,0.1952,2.97,34339340,12762.0096,1584990
node3.tardis-apia.ldos-ut-pg0.wisc.cloudlab.us,alibabaBlock_128,lru,0.1,13,20,1,3,0.1952,2.95,34339340,12762.0096,1584990
node3.tardis-apia.ldos-ut-pg0.wisc.cloudlab.us,alibabaBlock_128,lruforgive,0.1,13,20,1,1,0.1951,0.96,34339340,12762.0096,1584990
node3.tardis-apia.ldos-ut-pg0.wisc.cloudlab.us,alibabaBlock_128,lruforgive,0.1,13,20,1,2,0.1951,0.96,34339340,12762.0096,1584990
node3.tardis-apia.ldos-ut-pg0.wisc.cloudlab.us,alibabaBlock_128,lruforgive,0.1,13,20,1,3,0.1951,0.96,34339340,12762.0096,1584990
node3.tardis-apia.ldos-ut-pg0.wisc.cloudlab.us,alibabaBlock_128,s3fifo,0.1,13,20,1,1,0.1953,3.04,34339340,12762.0096,1584990
node3.tardis-apia.ldos-ut-pg0.wisc.cloudlab.us,alibabaBlock_128,s3fifo,0.1,13,20,1,2,0.1953,3.00,34339340,12762.0096,1584990
node3.tardis-apia.ldos-ut-pg0.wisc.cloudlab.us,alibabaBlock_128,s3fifo,0.1,13,20,1,3,0.1953,3.00,34339340,12762.0096,1584990
node3.tardis-apia.ldos-ut-pg0.wisc.cloudlab.us,alibabaBlock_128,s3fifoforgive,0.1,13,20,1,1,0.1953,1.02,34339340,12762.0096,1584990
node3.tardis-apia.ldos-ut-pg0.wisc.cloudlab.us,alibabaBlock_128,s3fifoforgive,0.1,13,20,1,2,0.1953,1.02,34339340,12762.0096,1584990
node3.tardis-apia.ldos-ut-pg0.wisc.cloudlab.us,alibabaBlock_128,s3fifoforgive,0.1,13,20,1,3,0.1953,1.02,34339340,12762.0096,1584990
node3.tardis-apia.ldos-ut-pg0.wisc.cloudlab.us,alibabaBlock_13,lru,10,36821,27,1,1,0.7389,0.13,14729511,368213.2992,8819642
node3.tardis-apia.ldos-ut-pg0.wisc.cloudlab.us,alibabaBlock_13,lru,10,36821,27,1,2,0.7389,0.13,14729511,368213.2992,8819642
node3.tardis-apia.ldos-ut-pg0.wisc.cloudlab.us,alibabaBlock_13,lru,10,36821,27,1,3,0.7389,0.13,14729511,368213.2992,8819642
node3.tardis-apia.ldos-ut-pg0.wisc.cloudlab.us,alibabaBlock_13,lruforgive,10,36821,27,1,1,0.7386,0.13,14729511,368213.2992,8819642
node3.tardis-apia.ldos-ut-pg0.wisc.cloudlab.us,alibabaBlock_13,lruforgive,10,36821,27,1,2,0.7386,0.13,14729511,368213.2992,8819642
node3.tardis-apia.ldos-ut-pg0.wisc.cloudlab.us,alibabaBlock_13,lruforgive,10,36821,27,1,3,0.7386,0.13,14729511,368213.2992,8819642
node3.tardis-apia.ldos-ut-pg0.wisc.cloudlab.us,alibabaBlock_13,s3fifo,10,36821,27,1,1,NA,NA,NA,368213.2992,8819642
node3.tardis-apia.ldos-ut-pg0.wisc.cloudlab.us,alibabaBlock_13,s3fifo,10,36821,27,1,2,NA,NA,NA,368213.2992,8819642
node3.tardis-apia.ldos-ut-pg0.wisc.cloudlab.us,alibabaBlock_13,s3fifo,10,36821,27,1,3,NA,NA,NA,368213.2992,8819642
node3.tardis-apia.ldos-ut-pg0.wisc.cloudlab.us,alibabaBlock_13,s3fifoforgive,10,36821,27,1,1,NA,NA,NA,368213.2992,8819642
node3.tardis-apia.ldos-ut-pg0.wisc.cloudlab.us,alibabaBlock_13,s3fifoforgive,10,36821,27,1,2,0.7393,0.13,14729511,368213.2992,8819642
node3.tardis-apia.ldos-ut-pg0.wisc.cloudlab.us,alibabaBlock_13,s3fifoforgive,10,36821,27,1,3,0.7393,0.13,14729511,368213.2992,8819642
node3.tardis-apia.ldos-ut-pg0.wisc.cloudlab.us,alibabaBlock_13,lru,0.1,368,25,1,1,0.8202,0.22,14729511,368213.2992,8819642
node3.tardis-apia.ldos-ut-pg0.wisc.cloudlab.us,alibabaBlock_13,lru,0.1,368,25,1,2,0.8202,0.21,14729511,368213.2992,8819642
node3.tardis-apia.ldos-ut-pg0.wisc.cloudlab.us,alibabaBlock_13,lru,0.1,368,25,1,3,0.8202,0.22,14729511,368213.2992,8819642
node3.tardis-apia.ldos-ut-pg0.wisc.cloudlab.us,alibabaBlock_13,lruforgive,0.1,368,25,1,1,0.8200,0.20,14729511,368213.2992,8819642
node3.tardis-apia.ldos-ut-pg0.wisc.cloudlab.us,alibabaBlock_13,lruforgive,0.1,368,25,1,2,0.8200,0.20,14729511,368213.2992,8819642
node3.tardis-apia.ldos-ut-pg0.wisc.cloudlab.us,alibabaBlock_13,lruforgive,0.1,368,25,1,3,0.8200,0.20,14729511,368213.2992,8819642
node3.tardis-apia.ldos-ut-pg0.wisc.cloudlab.us,alibabaBlock_13,s3fifo,0.1,368,25,1,1,0.8234,0.24,14729511,368213.2992,8819642
node3.tardis-apia.ldos-ut-pg0.wisc.cloudlab.us,alibabaBlock_13,s3fifo,0.1,368,25,1,2,0.8234,0.23,14729511,368213.2992,8819642
node3.tardis-apia.ldos-ut-pg0.wisc.cloudlab.us,alibabaBlock_13,s3fifo,0.1,368,25,1,3,0.8232,0.23,14729511,368213.2992,8819642
node3.tardis-apia.ldos-ut-pg0.wisc.cloudlab.us,alibabaBlock_13,s3fifoforgive,0.1,368,25,1,1,0.8231,0.22,14729511,368213.2992,8819642
node3.tardis-apia.ldos-ut-pg0.wisc.cloudlab.us,alibabaBlock_13,s3fifoforgive,0.1,368,25,1,2,0.8231,0.22,14729511,368213.2992,8819642
node3.tardis-apia.ldos-ut-pg0.wisc.cloudlab.us,alibabaBlock_13,s3fifoforgive,0.1,368,25,1,3,0.8233,0.22,14729511,368213.2992,8819642
node3.tardis-apia.ldos-ut-pg0.wisc.cloudlab.us,alibabaBlock_130,lru,10,36234,27,1,1,0.7336,0.14,14405135,362340.7616,8796666
node3.tardis-apia.ldos-ut-pg0.wisc.cloudlab.us,alibabaBlock_130,lru,10,36234,27,1,2,0.7336,0.13,14405135,362340.7616,8796666
node3.tardis-apia.ldos-ut-pg0.wisc.cloudlab.us,alibabaBlock_130,lru,10,36234,27,1,3,0.7336,0.14,14405135,362340.7616,8796666
node3.tardis-apia.ldos-ut-pg0.wisc.cloudlab.us,alibabaBlock_130,lruforgive,10,36234,27,1,1,0.7332,0.13,14405135,362340.7616,8796666
node3.tardis-apia.ldos-ut-pg0.wisc.cloudlab.us,alibabaBlock_130,lruforgive,10,36234,27,1,2,0.7332,0.13,14405135,362340.7616,8796666
node3.tardis-apia.ldos-ut-pg0.wisc.cloudlab.us,alibabaBlock_130,lruforgive,10,36234,27,1,3,0.7332,0.13,14405135,362340.7616,8796666
node3.tardis-apia.ldos-ut-pg0.wisc.cloudlab.us,alibabaBlock_130,s3fifo,10,36234,27,1,1,NA,NA,NA,362340.7616,8796666
node3.tardis-apia.ldos-ut-pg0.wisc.cloudlab.us,alibabaBlock_130,s3fifo,10,36234,27,1,2,NA,NA,NA,362340.7616,8796666
node3.tardis-apia.ldos-ut-pg0.wisc.cloudlab.us,alibabaBlock_130,s3fifo,10,36234,27,1,3,NA,NA,NA,362340.7616,8796666
node3.tardis-apia.ldos-ut-pg0.wisc.cloudlab.us,alibabaBlock_130,s3fifoforgive,10,36234,27,1,1,NA,NA,NA,362340.7616,8796666
node3.tardis-apia.ldos-ut-pg0.wisc.cloudlab.us,alibabaBlock_130,s3fifoforgive,10,36234,27,1,2,NA,NA,NA,362340.7616,8796666
node3.tardis-apia.ldos-ut-pg0.wisc.cloudlab.us,alibabaBlock_130,s3fifoforgive,10,36234,27,1,3,NA,NA,NA,362340.7616,8796666
node3.tardis-apia.ldos-ut-pg0.wisc.cloudlab.us,alibabaBlock_130,lru,0.1,362,25,1,1,0.8170,0.22,14405135,362340.7616,8796666
node3.tardis-apia.ldos-ut-pg0.wisc.cloudlab.us,alibabaBlock_130,lru,0.1,362,25,1,2,0.8170,0.22,14405135,362340.7616,8796666
node3.tardis-apia.ldos-ut-pg0.wisc.cloudlab.us,alibabaBlock_130,lru,0.1,362,25,1,3,0.8170,0.22,14405135,362340.7616,8796666
node3.tardis-apia.ldos-ut-pg0.wisc.cloudlab.us,alibabaBlock_130,lruforgive,0.1,362,25,1,1,0.8168,0.20,14405135,362340.7616,8796666
node3.tardis-apia.ldos-ut-pg0.wisc.cloudlab.us,alibabaBlock_130,lruforgive,0.1,362,25,1,2,0.8168,0.20,14405135,362340.7616,8796666
node3.tardis-apia.ldos-ut-pg0.wisc.cloudlab.us,alibabaBlock_130,lruforgive,0.1,362,25,1,3,0.8168,0.20,14405135,362340.7616,8796666
node3.tardis-apia.ldos-ut-pg0.wisc.cloudlab.us,alibabaBlock_130,s3fifo,0.1,362,25,1,1,0.8198,0.24,14405135,362340.7616,8796666
node3.tardis-apia.ldos-ut-pg0.wisc.cloudlab.us,alibabaBlock_130,s3fifo,0.1,362,25,1,2,0.8198,0.24,14405135,362340.7616,8796666
node3.tardis-apia.ldos-ut-pg0.wisc.cloudlab.us,alibabaBlock_130,s3fifo,0.1,362,25,1,3,0.8198,0.24,14405135,362340.7616,8796666
node3.tardis-apia.ldos-ut-pg0.wisc.cloudlab.us,alibabaBlock_130,s3fifoforgive,0.1,362,25,1,1,0.8196,0.23,14405135,362340.7616,8796666
node3.tardis-apia.ldos-ut-pg0.wisc.cloudlab.us,alibabaBlock_130,s3fifoforgive,0.1,362,25,1,2,0.8197,0.23,14405135,362340.7616,8796666
node3.tardis-apia.ldos-ut-pg0.wisc.cloudlab.us,alibabaBlock_130,s3fifoforgive,0.1,362,25,1,3,0.8197,0.23,14405135,362340.7616,8796666
node3.tardis-apia.ldos-ut-pg0.wisc.cloudlab.us,alibabaBlock_131,lru,10,1579,27,1,1,0.0968,1.10,44238210,15785.6768,1672853
node3.tardis-apia.ldos-ut-pg0.wisc.cloudlab.us,alibabaBlock_131,lru,10,1579,27,1,2,0.0968,1.09,44238210,15785.6768,1672853
node3.tardis-apia.ldos-ut-pg0.wisc.cloudlab.us,alibabaBlock_131,lru,10,1579,27,1,3,0.0968,1.11,44238210,15785.6768,1672853
node3.tardis-apia.ldos-ut-pg0.wisc.cloudlab.us,alibabaBlock_131,lruforgive,10,1579,27,1,1,0.0965,0.47,44238210,15785.6768,1672853
node3.tardis-apia.ldos-ut-pg0.wisc.cloudlab.us,alibabaBlock_131,lruforgive,10,1579,27,1,2,0.0965,0.47,44238210,15785.6768,1672853
node3.tardis-apia.ldos-ut-pg0.wisc.cloudlab.us,alibabaBlock_131,lruforgive,10,1579,27,1,3,0.0965,0.47,44238210,15785.6768,1672853
node3.tardis-apia.ldos-ut-pg0.wisc.cloudlab.us,alibabaBlock_131,s3fifo,10,1579,27,1,1,0.1166,1.10,44238210,15785.6768,1672853
node3.tardis-apia.ldos-ut-pg0.wisc.cloudlab.us,alibabaBlock_131,s3fifo,10,1579,27,1,2,0.1166,1.11,44238210,15785.6768,1672853
node3.tardis-apia.ldos-ut-pg0.wisc.cloudlab.us,alibabaBlock_131,s3fifo,10,1579,27,1,3,0.1166,1.10,44238210,15785.6768,1672853
node3.tardis-apia.ldos-ut-pg0.wisc.cloudlab.us,alibabaBlock_131,s3fifoforgive,10,1579,27,1,1,0.1166,0.51,44238210,15785.6768,1672853
node3.tardis-apia.ldos-ut-pg0.wisc.cloudlab.us,alibabaBlock_131,s3fifoforgive,10,1579,27,1,2,0.1166,0.51,44238210,15785.6768,1672853
node3.tardis-apia.ldos-ut-pg0.wisc.cloudlab.us,alibabaBlock_131,s3fifoforgive,10,1579,27,1,3,NA,NA,NA,15785.6768,1672853
node3.tardis-apia.ldos-ut-pg0.wisc.cloudlab.us,alibabaBlock_131,lru,0.1,16,20,1,1,0.2918,2.57,44238210,15785.6768,1672853
node3.tardis-apia.ldos-ut-pg0.wisc.cloudlab.us,alibabaBlock_131,lru,0.1,16,20,1,2,0.2918,2.54,44238210,15785.6768,1672853
node3.tardis-apia.ldos-ut-pg0.wisc.cloudlab.us,alibabaBlock_131,lru,0.1,16,20,1,3,0.2918,2.45,44238210,15785.6768,1672853
node3.tardis-apia.ldos-ut-pg0.wisc.cloudlab.us,alibabaBlock_131,lruforgive,0.1,16,20,1,1,0.2839,0.83,44238210,15785.6768,1672853
node3.tardis-apia.ldos-ut-pg0.wisc.cloudlab.us,alibabaBlock_131,lruforgive,0.1,16,20,1,2,0.2839,0.83,44238210,15785.6768,1672853
node3.tardis-apia.ldos-ut-pg0.wisc.cloudlab.us,alibabaBlock_131,lruforgive,0.1,16,20,1,3,0.2839,0.83,44238210,15785.6768,1672853
node3.tardis-apia.ldos-ut-pg0.wisc.cloudlab.us,alibabaBlock_131,s3fifo,0.1,16,20,1,1,0.2577,2.69,44238210,15785.6768,1672853
node3.tardis-apia.ldos-ut-pg0.wisc.cloudlab.us,alibabaBlock_131,s3fifo,0.1,16,20,1,2,0.2577,2.71,44238210,15785.6768,1672853
node3.tardis-apia.ldos-ut-pg0.wisc.cloudlab.us,alibabaBlock_131,s3fifo,0.1,16,20,1,3,0.2577,2.65,44238210,15785.6768,1672853
node3.tardis-apia.ldos-ut-pg0.wisc.cloudlab.us,alibabaBlock_131,s3fifoforgive,0.1,16,20,1,1,0.2573,0.90,44238210,15785.6768,1672853
node3.tardis-apia.ldos-ut-pg0.wisc.cloudlab.us,alibabaBlock_131,s3fifoforgive,0.1,16,20,1,2,0.2574,0.89,44238210,15785.6768,1672853
node3.tardis-apia.ldos-ut-pg0.wisc.cloudlab.us,alibabaBlock_131,s3fifoforgive,0.1,16,20,1,3,0.2573,0.91,44238210,15785.6768,1672853
node3.tardis-apia.ldos-ut-pg0.wisc.cloudlab.us,alibabaBlock_132,lru,10,49756,27,1,1,0.3661,0.04,13199243,497558.1184,2504897
node3.tardis-apia.ldos-ut-pg0.wisc.cloudlab.us,alibabaBlock_132,lru,10,49756,27,1,2,0.3661,0.04,13199243,497558.1184,2504897
node3.tardis-apia.ldos-ut-pg0.wisc.cloudlab.us,alibabaBlock_132,lru,10,49756,27,1,3,0.3661,0.04,13199243,497558.1184,2504897
node3.tardis-apia.ldos-ut-pg0.wisc.cloudlab.us,alibabaBlock_132,lruforgive,10,49756,27,1,1,0.3538,0.04,13199243,497558.1184,2504897
node3.tardis-apia.ldos-ut-pg0.wisc.cloudlab.us,alibabaBlock_132,lruforgive,10,49756,27,1,2,0.3538,0.04,13199243,497558.1184,2504897
node3.tardis-apia.ldos-ut-pg0.wisc.cloudlab.us,alibabaBlock_132,lruforgive,10,49756,27,1,3,0.3539,0.04,13199243,497558.1184,2504897
node3.tardis-apia.ldos-ut-pg0.wisc.cloudlab.us,alibabaBlock_132,s3fifo,10,49756,27,1,1,0.3036,0.05,13199243,497558.1184,2504897
node3.tardis-apia.ldos-ut-pg0.wisc.cloudlab.us,alibabaBlock_132,s3fifo,10,49756,27,1,2,NA,NA,NA,497558.1184,2504897
node3.tardis-apia.ldos-ut-pg0.wisc.cloudlab.us,alibabaBlock_132,s3fifo,10,49756,27,1,3,NA,NA,NA,497558.1184,2504897
node3.tardis-apia.ldos-ut-pg0.wisc.cloudlab.us,alibabaBlock_132,s3fifoforgive,10,49756,27,1,1,NA,NA,NA,497558.1184,2504897
node3.tardis-apia.ldos-ut-pg0.wisc.cloudlab.us,alibabaBlock_132,s3fifoforgive,10,49756,27,1,2,0.3042,0.05,13199243,497558.1184,2504897
node3.tardis-apia.ldos-ut-pg0.wisc.cloudlab.us,alibabaBlock_132,s3fifoforgive,10,49756,27,1,3,NA,NA,NA,497558.1184,2504897
node3.tardis-apia.ldos-ut-pg0.wisc.cloudlab.us,alibabaBlock_132,lru,0.1,498,25,1,1,0.6126,0.09,13199243,497558.1184,2504897
node3.tardis-apia.ldos-ut-pg0.wisc.cloudlab.us,alibabaBlock_132,lru,0.1,498,25,1,2,0.6156,0.09,13199243,497558.1184,2504897
node3.tardis-apia.ldos-ut-pg0.wisc.cloudlab.us,alibabaBlock_132,lru,0.1,498,25,1,3,0.6126,0.09,13199243,497558.1184,2504897
node3.tardis-apia.ldos-ut-pg0.wisc.cloudlab.us,alibabaBlock_132,lruforgive,0.1,498,25,1,1,0.5803,0.09,13199243,497558.1184,2504897
node3.tardis-apia.ldos-ut-pg0.wisc.cloudlab.us,alibabaBlock_132,lruforgive,0.1,498,25,1,2,0.5806,0.08,13199243,497558.1184,2504897
node3.tardis-apia.ldos-ut-pg0.wisc.cloudlab.us,alibabaBlock_132,lruforgive,0.1,498,25,1,3,0.5800,0.09,13199243,497558.1184,2504897
node3.tardis-apia.ldos-ut-pg0.wisc.cloudlab.us,alibabaBlock_132,s3fifo,0.1,498,25,1,1,0.5785,0.12,13199243,497558.1184,2504897
node3.tardis-apia.ldos-ut-pg0.wisc.cloudlab.us,alibabaBlock_132,s3fifo,0.1,498,25,1,2,NA,NA,NA,497558.1184,2504897
node3.tardis-apia.ldos-ut-pg0.wisc.cloudlab.us,alibabaBlock_132,s3fifo,0.1,498,25,1,3,0.5747,0.11,13199243,497558.1184,2504897
node3.tardis-apia.ldos-ut-pg0.wisc.cloudlab.us,alibabaBlock_132,s3fifoforgive,0.1,498,25,1,1,NA,0.10,7741112,497558.1184,2504897
node3.tardis-apia.ldos-ut-pg0.wisc.cloudlab.us,alibabaBlock_132,s3fifoforgive,0.1,498,25,1,2,0.5811,0.11,13199243,497558.1184,2504897
node3.tardis-apia.ldos-ut-pg0.wisc.cloudlab.us,alibabaBlock_132,s3fifoforgive,0.1,498,25,1,3,0.5804,0.11,13199243,497558.1184,2504897
node3.tardis-apia.ldos-ut-pg0.wisc.cloudlab.us,alibabaBlock_133,lru,10,36330,27,1,1,0.1064,0.13,18970894,363304.2432,1619368
node3.tardis-apia.ldos-ut-pg0.wisc.cloudlab.us,alibabaBlock_133,lru,10,36330,27,1,2,0.1064,0.13,18970894,363304.2432,1619368
node3.tardis-apia.ldos-ut-pg0.wisc.cloudlab.us,alibabaBlock_133,lru,10,36330,27,1,3,0.1064,0.13,18970894,363304.2432,1619368
node3.tardis-apia.ldos-ut-pg0.wisc.cloudlab.us,alibabaBlock_133,lruforgive,10,36330,27,1,1,0.1061,0.12,18970894,363304.2432,1619368
node3.tardis-apia.ldos-ut-pg0.wisc.cloudlab.us,alibabaBlock_133,lruforgive,10,36330,27,1,2,0.1061,0.12,18970894,363304.2432,1619368
node3.tardis-apia.ldos-ut-pg0.wisc.cloudlab.us,alibabaBlock_133,lruforgive,10,36330,27,1,3,0.1062,0.12,18970894,363304.2432,1619368
node3.tardis-apia.ldos-ut-pg0.wisc.cloudlab.us,alibabaBlock_133,s3fifo,10,36330,27,1,1,0.1041,0.13,18970894,363304.2432,1619368
node3.tardis-apia.ldos-ut-pg0.wisc.cloudlab.us,alibabaBlock_133,s3fifo,10,36330,27,1,2,0.1041,0.13,18970894,363304.2432,1619368
node3.tardis-apia.ldos-ut-pg0.wisc.cloudlab.us,alibabaBlock_133,s3fifo,10,36330,27,1,3,0.1041,0.13,18970894,363304.2432,1619368
node3.tardis-apia.ldos-ut-pg0.wisc.cloudlab.us,alibabaBlock_133,s3fifoforgive,10,36330,27,1,1,0.1041,0.13,18970894,363304.2432,1619368
node3.tardis-apia.ldos-ut-pg0.wisc.cloudlab.us,alibabaBlock_133,s3fifoforgive,10,36330,27,1,2,0.1041,0.12,18970894,363304.2432,1619368
node3.tardis-apia.ldos-ut-pg0.wisc.cloudlab.us,alibabaBlock_133,s3fifoforgive,10,36330,27,1,3,0.1041,0.12,18970894,363304.2432,1619368
node3.tardis-apia.ldos-ut-pg0.wisc.cloudlab.us,alibabaBlock_133,lru,0.1,363,25,1,1,0.1161,0.18,18970894,363304.2432,1619368
node3.tardis-apia.ldos-ut-pg0.wisc.cloudlab.us,alibabaBlock_133,lru,0.1,363,25,1,2,0.1161,0.18,18970894,363304.2432,1619368
node3.tardis-apia.ldos-ut-pg0.wisc.cloudlab.us,alibabaBlock_133,lru,0.1,363,25,1,3,0.1161,0.18,18970894,363304.2432,1619368
node3.tardis-apia.ldos-ut-pg0.wisc.cloudlab.us,alibabaBlock_133,lruforgive,0.1,363,25,1,1,0.1160,0.16,18970894,363304.2432,1619368
node3.tardis-apia.ldos-ut-pg0.wisc.cloudlab.us,alibabaBlock_133,lruforgive,0.1,363,25,1,2,0.1160,0.16,18970894,363304.2432,1619368
node3.tardis-apia.ldos-ut-pg0.wisc.cloudlab.us,alibabaBlock_133,lruforgive,0.1,363,25,1,3,0.1160,0.15,18970894,363304.2432,1619368
node3.tardis-apia.ldos-ut-pg0.wisc.cloudlab.us,alibabaBlock_133,s3fifo,0.1,363,25,1,1,NA,NA,NA,363304.2432,1619368
node3.tardis-apia.ldos-ut-pg0.wisc.cloudlab.us,alibabaBlock_133,s3fifo,0.1,363,25,1,2,NA,NA,NA,363304.2432,1619368
node3.tardis-apia.ldos-ut-pg0.wisc.cloudlab.us,alibabaBlock_133,s3fifo,0.1,363,25,1,3,NA,NA,NA,363304.2432,1619368
node3.tardis-apia.ldos-ut-pg0.wisc.cloudlab.us,alibabaBlock_133,s3fifoforgive,0.1,363,25,1,1,0.1148,0.15,18970894,363304.2432,1619368
node3.tardis-apia.ldos-ut-pg0.wisc.cloudlab.us,alibabaBlock_133,s3fifoforgive,0.1,363,25,1,2,0.1149,0.15,18970894,363304.2432,1619368
node3.tardis-apia.ldos-ut-pg0.wisc.cloudlab.us,alibabaBlock_133,s3fifoforgive,0.1,363,25,1,3,0.1148,0.15,18970894,363304.2432,1619368
node3.tardis-apia.ldos-ut-pg0.wisc.cloudlab.us,alibabaBlock_135,lru,10,1458,27,1,1,0.0975,1.19,36812677,14576.128,1660209
node3.tardis-apia.ldos-ut-pg0.wisc.cloudlab.us,alibabaBlock_135,lru,10,1458,27,1,2,0.0975,1.19,36812677,14576.128,1660209
node3.tardis-apia.ldos-ut-pg0.wisc.cloudlab.us,alibabaBlock_135,lru,10,1458,27,1,3,0.0975,1.19,36812677,14576.128,1660209
node3.tardis-apia.ldos-ut-pg0.wisc.cloudlab.us,alibabaBlock_135,lruforgive,10,1458,27,1,1,0.0975,0.50,36812677,14576.128,1660209
node3.tardis-apia.ldos-ut-pg0.wisc.cloudlab.us,alibabaBlock_135,lruforgive,10,1458,27,1,2,0.0975,0.50,36812677,14576.128,1660209
node3.tardis-apia.ldos-ut-pg0.wisc.cloudlab.us,alibabaBlock_135,lruforgive,10,1458,27,1,3,0.0975,0.50,36812677,14576.128,1660209
node3.tardis-apia.ldos-ut-pg0.wisc.cloudlab.us,alibabaBlock_135,s3fifo,10,1458,27,1,1,NA,NA,NA,14576.128,1660209
node3.tardis-apia.ldos-ut-pg0.wisc.cloudlab.us,alibabaBlock_135,s3fifo,10,1458,27,1,2,NA,NA,NA,14576.128,1660209
node3.tardis-apia.ldos-ut-pg0.wisc.cloudlab.us,alibabaBlock_135,s3fifo,10,1458,27,1,3,NA,NA,NA,14576.128,1660209
node3.tardis-apia.ldos-ut-pg0.wisc.cloudlab.us,alibabaBlock_135,s3fifoforgive,10,1458,27,1,1,0.1265,0.54,36812677,14576.128,1660209
node3.tardis-apia.ldos-ut-pg0.wisc.cloudlab.us,alibabaBlock_135,s3fifoforgive,10,1458,27,1,2,0.1265,0.54,36812677,14576.128,1660209
node3.tardis-apia.ldos-ut-pg0.wisc.cloudlab.us,alibabaBlock_135,s3fifoforgive,10,1458,27,1,3,0.1265,0.54,36812677,14576.128,1660209
node3.tardis-apia.ldos-ut-pg0.wisc.cloudlab.us,alibabaBlock_135,lru,0.1,15,20,1,1,0.1848,3.05,36812677,14576.128,1660209
node3.tardis-apia.ldos-ut-pg0.wisc.cloudlab.us,alibabaBlock_135,lru,0.1,15,20,1,2,0.1848,3.04,36812677,14576.128,1660209
node3.tardis-apia.ldos-ut-pg0.wisc.cloudlab.us,alibabaBlock_135,lru,0.1,15,20,1,3,0.1848,3.03,36812677,14576.128,1660209
node3.tardis-apia.ldos-ut-pg0.wisc.cloudlab.us,alibabaBlock_135,lruforgive,0.1,15,20,1,1,0.1847,0.97,36812677,14576.128,1660209
node3.tardis-apia.ldos-ut-pg0.wisc.cloudlab.us,alibabaBlock_135,lruforgive,0.1,15,20,1,2,0.1847,0.97,36812677,14576.128,1660209
node3.tardis-apia.ldos-ut-pg0.wisc.cloudlab.us,alibabaBlock_135,lruforgive,0.1,15,20,1,3,0.1847,0.97,36812677,14576.128,1660209
node3.tardis-apia.ldos-ut-pg0.wisc.cloudlab.us,alibabaBlock_135,s3fifo,0.1,15,20,1,1,0.1849,3.11,36812677,14576.128,1660209
node3.tardis-apia.ldos-ut-pg0.wisc.cloudlab.us,alibabaBlock_135,s3fifo,0.1,15,20,1,2,0.1849,3.16,36812677,14576.128,1660209
node3.tardis-apia.ldos-ut-pg0.wisc.cloudlab.us,alibabaBlock_135,s3fifo,0.1,15,20,1,3,0.1849,3.15,36812677,14576.128,1660209
node3.tardis-apia.ldos-ut-pg0.wisc.cloudlab.us,alibabaBlock_135,s3fifoforgive,0.1,15,20,1,1,0.1849,1.03,36812677,14576.128,1660209
node3.tardis-apia.ldos-ut-pg0.wisc.cloudlab.us,alibabaBlock_135,s3fifoforgive,0.1,15,20,1,2,0.1849,1.01,36812677,14576.128,1660209
node3.tardis-apia.ldos-ut-pg0.wisc.cloudlab.us,alibabaBlock_135,s3fifoforgive,0.1,15,20,1,3,0.1849,0.99,36812677,14576.128,1660209
node3.tardis-apia.ldos-ut-pg0.wisc.cloudlab.us,alibabaBlock_136,lru,10,37509,27,1,1,0.7434,0.13,14812790,375090.5856,9033776
node3.tardis-apia.ldos-ut-pg0.wisc.cloudlab.us,alibabaBlock_136,lru,10,37509,27,1,2,0.7434,0.13,14812790,375090.5856,9033776
node3.tardis-apia.ldos-ut-pg0.wisc.cloudlab.us,alibabaBlock_136,lru,10,37509,27,1,3,0.7434,0.13,14812790,375090.5856,9033776
node3.tardis-apia.ldos-ut-pg0.wisc.cloudlab.us,alibabaBlock_136,lruforgive,10,37509,27,1,1,0.7430,0.13,14812790,375090.5856,9033776
node3.tardis-apia.ldos-ut-pg0.wisc.cloudlab.us,alibabaBlock_136,lruforgive,10,37509,27,1,2,0.7430,0.13,14812790,375090.5856,9033776
node3.tardis-apia.ldos-ut-pg0.wisc.cloudlab.us,alibabaBlock_136,lruforgive,10,37509,27,1,3,0.7430,0.13,14812790,375090.5856,9033776
node3.tardis-apia.ldos-ut-pg0.wisc.cloudlab.us,alibabaBlock_136,s3fifo,10,37509,27,1,1,NA,NA,NA,375090.5856,9033776
node3.tardis-apia.ldos-ut-pg0.wisc.cloudlab.us,alibabaBlock_136,s3fifo,10,37509,27,1,2,NA,NA,NA,375090.5856,9033776
node3.tardis-apia.ldos-ut-pg0.wisc.cloudlab.us,alibabaBlock_136,s3fifo,10,37509,27,1,3,NA,NA,NA,375090.5856,9033776
node3.tardis-apia.ldos-ut-pg0.wisc.cloudlab.us,alibabaBlock_136,s3fifoforgive,10,37509,27,1,1,NA,NA,NA,375090.5856,9033776
node3.tardis-apia.ldos-ut-pg0.wisc.cloudlab.us,alibabaBlock_136,s3fifoforgive,10,37509,27,1,2,NA,NA,NA,375090.5856,9033776
node3.tardis-apia.ldos-ut-pg0.wisc.cloudlab.us,alibabaBlock_136,s3fifoforgive,10,37509,27,1,3,NA,NA,NA,375090.5856,9033776
node3.tardis-apia.ldos-ut-pg0.wisc.cloudlab.us,alibabaBlock_136,lru,0.1,375,25,1,1,0.8242,0.21,14812790,375090.5856,9033776
node3.tardis-apia.ldos-ut-pg0.wisc.cloudlab.us,alibabaBlock_136,lru,0.1,375,25,1,2,0.8242,0.21,14812790,375090.5856,9033776
node3.tardis-apia.ldos-ut-pg0.wisc.cloudlab.us,alibabaBlock_136,lru,0.1,375,25,1,3,0.8242,0.21,14812790,375090.5856,9033776
node3.tardis-apia.ldos-ut-pg0.wisc.cloudlab.us,alibabaBlock_136,lruforgive,0.1,375,25,1,1,0.8240,0.20,14812790,375090.5856,9033776
node3.tardis-apia.ldos-ut-pg0.wisc.cloudlab.us,alibabaBlock_136,lruforgive,0.1,375,25,1,2,0.8240,0.20,14812790,375090.5856,9033776
node3.tardis-apia.ldos-ut-pg0.wisc.cloudlab.us,alibabaBlock_136,lruforgive,0.1,375,25,1,3,0.8240,0.20,14812790,375090.5856,9033776
node3.tardis-apia.ldos-ut-pg0.wisc.cloudlab.us,alibabaBlock_136,s3fifo,0.1,375,25,1,1,0.8269,0.23,14812790,375090.5856,9033776
node3.tardis-apia.ldos-ut-pg0.wisc.cloudlab.us,alibabaBlock_136,s3fifo,0.1,375,25,1,2,0.8269,0.23,14812790,375090.5856,9033776
node3.tardis-apia.ldos-ut-pg0.wisc.cloudlab.us,alibabaBlock_136,s3fifo,0.1,375,25,1,3,0.8269,0.23,14812790,375090.5856,9033776
node3.tardis-apia.ldos-ut-pg0.wisc.cloudlab.us,alibabaBlock_136,s3fifoforgive,0.1,375,25,1,1,0.8268,0.22,14812790,375090.5856,9033776
node3.tardis-apia.ldos-ut-pg0.wisc.cloudlab.us,alibabaBlock_136,s3fifoforgive,0.1,375,25,1,2,0.8268,0.22,14812790,375090.5856,9033776
node3.tardis-apia.ldos-ut-pg0.wisc.cloudlab.us,alibabaBlock_136,s3fifoforgive,0.1,375,25,1,3,0.8268,0.22,14812790,375090.5856,9033776
node3.tardis-apia.ldos-ut-pg0.wisc.cloudlab.us,alibabaBlock_138,lru,10,36008,27,1,1,0.1068,0.13,18908233,360079.4624,1627896
node3.tardis-apia.ldos-ut-pg0.wisc.cloudlab.us,alibabaBlock_138,lru,10,36008,27,1,2,0.1068,0.13,18908233,360079.4624,1627896
node3.tardis-apia.ldos-ut-pg0.wisc.cloudlab.us,alibabaBlock_138,lru,10,36008,27,1,3,0.1068,0.13,18908233,360079.4624,1627896
node3.tardis-apia.ldos-ut-pg0.wisc.cloudlab.us,alibabaBlock_138,lruforgive,10,36008,27,1,1,0.1066,0.12,18908233,360079.4624,1627896
node3.tardis-apia.ldos-ut-pg0.wisc.cloudlab.us,alibabaBlock_138,lruforgive,10,36008,27,1,2,0.1066,0.12,18908233,360079.4624,1627896
node3.tardis-apia.ldos-ut-pg0.wisc.cloudlab.us,alibabaBlock_138,lruforgive,10,36008,27,1,3,0.1066,0.12,18908233,360079.4624,1627896
node3.tardis-apia.ldos-ut-pg0.wisc.cloudlab.us,alibabaBlock_138,s3fifo,10,36008,27,1,1,0.1049,0.13,18908233,360079.4624,1627896
node3.tardis-apia.ldos-ut-pg0.wisc.cloudlab.us,alibabaBlock_138,s3fifo,10,36008,27,1,2,0.1049,0.13,18908233,360079.4624,1627896
node3.tardis-apia.ldos-ut-pg0.wisc.cloudlab.us,alibabaBlock_138,s3fifo,10,36008,27,1,3,0.1049,0.13,18908233,360079.4624,1627896
node3.tardis-apia.ldos-ut-pg0.wisc.cloudlab.us,alibabaBlock_138,s3fifoforgive,10,36008,27,1,1,0.1049,0.12,18908233,360079.4624,1627896
node3.tardis-apia.ldos-ut-pg0.wisc.cloudlab.us,alibabaBlock_138,s3fifoforgive,10,36008,27,1,2,0.1049,0.12,18908233,360079.4624,1627896
node3.tardis-apia.ldos-ut-pg0.wisc.cloudlab.us,alibabaBlock_138,s3fifoforgive,10,36008,27,1,3,0.1049,0.12,18908233,360079.4624,1627896
node3.tardis-apia.ldos-ut-pg0.wisc.cloudlab.us,alibabaBlock_138,lru,0.1,360,24,1,1,0.1174,0.18,18908233,360079.4624,1627896
node3.tardis-apia.ldos-ut-pg0.wisc.cloudlab.us,alibabaBlock_138,lru,0.1,360,24,1,2,0.1174,0.18,18908233,360079.4624,1627896
node3.tardis-apia.ldos-ut-pg0.wisc.cloudlab.us,alibabaBlock_138,lru,0.1,360,24,1,3,0.1174,0.18,18908233,360079.4624,1627896
node3.tardis-apia.ldos-ut-pg0.wisc.cloudlab.us,alibabaBlock_138,lruforgive,0.1,360,24,1,1,0.1172,0.16,18908233,360079.4624,1627896
node3.tardis-apia.ldos-ut-pg0.wisc.cloudlab.us,alibabaBlock_138,lruforgive,0.1,360,24,1,2,0.1172,0.15,18908233,360079.4624,1627896
node3.tardis-apia.ldos-ut-pg0.wisc.cloudlab.us,alibabaBlock_138,lruforgive,0.1,360,24,1,3,0.1172,0.16,18908233,360079.4624,1627896
node3.tardis-apia.ldos-ut-pg0.wisc.cloudlab.us,alibabaBlock_138,s3fifo,0.1,360,24,1,1,NA,NA,NA,360079.4624,1627896
node3.tardis-apia.ldos-ut-pg0.wisc.cloudlab.us,alibabaBlock_138,s3fifo,0.1,360,24,1,2,NA,NA,NA,360079.4624,1627896
node3.tardis-apia.ldos-ut-pg0.wisc.cloudlab.us,alibabaBlock_138,s3fifo,0.1,360,24,1,3,NA,NA,NA,360079.4624,1627896
node3.tardis-apia.ldos-ut-pg0.wisc.cloudlab.us,alibabaBlock_138,s3fifoforgive,0.1,360,24,1,1,0.1152,0.16,18908233,360079.4624,1627896
node3.tardis-apia.ldos-ut-pg0.wisc.cloudlab.us,alibabaBlock_138,s3fifoforgive,0.1,360,24,1,2,0.1152,0.16,18908233,360079.4624,1627896
node3.tardis-apia.ldos-ut-pg0.wisc.cloudlab.us,alibabaBlock_138,s3fifoforgive,0.1,360,24,1,3,0.1152,0.16,18908233,360079.4624,1627896
node3.tardis-apia.ldos-ut-pg0.wisc.cloudlab.us,alibabaBlock_14,lru,10,16121,27,1,1,0.2375,0.16,12835276,161205.0432,2130978
node3.tardis-apia.ldos-ut-pg0.wisc.cloudlab.us,alibabaBlock_14,lru,10,16121,27,1,2,0.2375,0.16,12835276,161205.0432,2130978
node3.tardis-apia.ldos-ut-pg0.wisc.cloudlab.us,alibabaBlock_14,lru,10,16121,27,1,3,0.2375,0.16,12835276,161205.0432,2130978
node3.tardis-apia.ldos-ut-pg0.wisc.cloudlab.us,alibabaBlock_14,lruforgive,10,16121,27,1,1,0.2359,0.14,12835276,161205.0432,2130978
node3.tardis-apia.ldos-ut-pg0.wisc.cloudlab.us,alibabaBlock_14,lruforgive,10,16121,27,1,2,0.2359,0.14,12835276,161205.0432,2130978
node3.tardis-apia.ldos-ut-pg0.wisc.cloudlab.us,alibabaBlock_14,lruforgive,10,16121,27,1,3,0.2359,0.14,12835276,161205.0432,2130978
node3.tardis-apia.ldos-ut-pg0.wisc.cloudlab.us,alibabaBlock_14,s3fifo,10,16121,27,1,1,NA,NA,NA,161205.0432,2130978
node3.tardis-apia.ldos-ut-pg0.wisc.cloudlab.us,alibabaBlock_14,s3fifo,10,16121,27,1,2,NA,NA,NA,161205.0432,2130978
node3.tardis-apia.ldos-ut-pg0.wisc.cloudlab.us,alibabaBlock_14,s3fifo,10,16121,27,1,3,NA,NA,NA,161205.0432,2130978
node3.tardis-apia.ldos-ut-pg0.wisc.cloudlab.us,alibabaBlock_14,s3fifoforgive,10,16121,27,1,1,0.2308,0.15,12835276,161205.0432,2130978
node3.tardis-apia.ldos-ut-pg0.wisc.cloudlab.us,alibabaBlock_14,s3fifoforgive,10,16121,27,1,2,0.2308,0.16,12835276,161205.0432,2130978
node3.tardis-apia.ldos-ut-pg0.wisc.cloudlab.us,alibabaBlock_14,s3fifoforgive,10,16121,27,1,3,0.2309,0.15,12835276,161205.0432,2130978
node3.tardis-apia.ldos-ut-pg0.wisc.cloudlab.us,alibabaBlock_14,lru,0.1,161,23,1,1,0.6250,0.22,12835276,161205.0432,2130978
node3.tardis-apia.ldos-ut-pg0.wisc.cloudlab.us,alibabaBlock_14,lru,0.1,161,23,1,2,0.6250,0.22,12835276,161205.0432,2130978
node3.tardis-apia.ldos-ut-pg0.wisc.cloudlab.us,alibabaBlock_14,lru,0.1,161,23,1,3,0.6250,0.22,12835276,161205.0432,2130978
node3.tardis-apia.ldos-ut-pg0.wisc.cloudlab.us,alibabaBlock_14,lruforgive,0.1,161,23,1,1,0.5941,0.19,12835276,161205.0432,2130978
node3.tardis-apia.ldos-ut-pg0.wisc.cloudlab.us,alibabaBlock_14,lruforgive,0.1,161,23,1,2,0.5941,0.19,12835276,161205.0432,2130978
node3.tardis-apia.ldos-ut-pg0.wisc.cloudlab.us,alibabaBlock_14,lruforgive,0.1,161,23,1,3,0.5941,0.19,12835276,161205.0432,2130978
node3.tardis-apia.ldos-ut-pg0.wisc.cloudlab.us,alibabaBlock_14,s3fifo,0.1,161,23,1,1,NA,NA,NA,161205.0432,2130978
node3.tardis-apia.ldos-ut-pg0.wisc.cloudlab.us,alibabaBlock_14,s3fifo,0.1,161,23,1,2,NA,NA,NA,161205.0432,2130978
node3.tardis-apia.ldos-ut-pg0.wisc.cloudlab.us,alibabaBlock_14,s3fifo,0.1,161,23,1,3,NA,NA,NA,161205.0432,2130978
node3.tardis-apia.ldos-ut-pg0.wisc.cloudlab.us,alibabaBlock_14,s3fifoforgive,0.1,161,23,1,1,0.6055,0.21,7628554,161205.0432,2130978
node3.tardis-apia.ldos-ut-pg0.wisc.cloudlab.us,alibabaBlock_14,s3fifoforgive,0.1,161,23,1,2,0.5794,0.22,12835276,161205.0432,2130978
node3.tardis-apia.ldos-ut-pg0.wisc.cloudlab.us,alibabaBlock_14,s3fifoforgive,0.1,161,23,1,3,0.6055,0.21,7628554,161205.0432,2130978
node3.tardis-apia.ldos-ut-pg0.wisc.cloudlab.us,alibabaBlock_141,lru,10,283218,27,1,1,NA_TOOBIG,NA,NA,2832179.5072,61659125
node3.tardis-apia.ldos-ut-pg0.wisc.cloudlab.us,alibabaBlock_141,lru,10,283218,27,1,2,NA_TOOBIG,NA,NA,2832179.5072,61659125
node3.tardis-apia.ldos-ut-pg0.wisc.cloudlab.us,alibabaBlock_141,lru,10,283218,27,1,3,NA_TOOBIG,NA,NA,2832179.5072,61659125
node3.tardis-apia.ldos-ut-pg0.wisc.cloudlab.us,alibabaBlock_141,lruforgive,10,283218,27,1,1,NA_TOOBIG,NA,NA,2832179.5072,61659125
node3.tardis-apia.ldos-ut-pg0.wisc.cloudlab.us,alibabaBlock_141,lruforgive,10,283218,27,1,2,NA_TOOBIG,NA,NA,2832179.5072,61659125
node3.tardis-apia.ldos-ut-pg0.wisc.cloudlab.us,alibabaBlock_141,lruforgive,10,283218,27,1,3,NA_TOOBIG,NA,NA,2832179.5072,61659125
node3.tardis-apia.ldos-ut-pg0.wisc.cloudlab.us,alibabaBlock_141,s3fifo,10,283218,27,1,1,NA_TOOBIG,NA,NA,2832179.5072,61659125
node3.tardis-apia.ldos-ut-pg0.wisc.cloudlab.us,alibabaBlock_141,s3fifo,10,283218,27,1,2,NA_TOOBIG,NA,NA,2832179.5072,61659125
node3.tardis-apia.ldos-ut-pg0.wisc.cloudlab.us,alibabaBlock_141,s3fifo,10,283218,27,1,3,NA_TOOBIG,NA,NA,2832179.5072,61659125
node3.tardis-apia.ldos-ut-pg0.wisc.cloudlab.us,alibabaBlock_141,s3fifoforgive,10,283218,27,1,1,NA_TOOBIG,NA,NA,2832179.5072,61659125
node3.tardis-apia.ldos-ut-pg0.wisc.cloudlab.us,alibabaBlock_141,s3fifoforgive,10,283218,27,1,2,NA_TOOBIG,NA,NA,2832179.5072,61659125
node3.tardis-apia.ldos-ut-pg0.wisc.cloudlab.us,alibabaBlock_141,s3fifoforgive,10,283218,27,1,3,NA_TOOBIG,NA,NA,2832179.5072,61659125
node3.tardis-apia.ldos-ut-pg0.wisc.cloudlab.us,alibabaBlock_141,lru,0.1,2832,27,1,1,NA,NA,NA,2832179.5072,61659125
node3.tardis-apia.ldos-ut-pg0.wisc.cloudlab.us,alibabaBlock_141,lru,0.1,2832,27,1,2,NA,NA,NA,2832179.5072,61659125
node3.tardis-apia.ldos-ut-pg0.wisc.cloudlab.us,alibabaBlock_141,lru,0.1,2832,27,1,3,NA,NA,NA,2832179.5072,61659125
node3.tardis-apia.ldos-ut-pg0.wisc.cloudlab.us,alibabaBlock_141,lruforgive,0.1,2832,27,1,1,NA,NA,NA,2832179.5072,61659125
node3.tardis-apia.ldos-ut-pg0.wisc.cloudlab.us,alibabaBlock_141,lruforgive,0.1,2832,27,1,2,NA,NA,NA,2832179.5072,61659125
node3.tardis-apia.ldos-ut-pg0.wisc.cloudlab.us,alibabaBlock_141,lruforgive,0.1,2832,27,1,3,NA,NA,NA,2832179.5072,61659125
node3.tardis-apia.ldos-ut-pg0.wisc.cloudlab.us,alibabaBlock_141,s3fifo,0.1,2832,27,1,1,NA,NA,NA,2832179.5072,61659125
node3.tardis-apia.ldos-ut-pg0.wisc.cloudlab.us,alibabaBlock_141,s3fifo,0.1,2832,27,1,2,NA,NA,NA,2832179.5072,61659125
node3.tardis-apia.ldos-ut-pg0.wisc.cloudlab.us,alibabaBlock_141,s3fifo,0.1,2832,27,1,3,NA,NA,NA,2832179.5072,61659125
node3.tardis-apia.ldos-ut-pg0.wisc.cloudlab.us,alibabaBlock_141,s3fifoforgive,0.1,2832,27,1,1,NA,NA,NA,2832179.5072,61659125
node3.tardis-apia.ldos-ut-pg0.wisc.cloudlab.us,alibabaBlock_141,s3fifoforgive,0.1,2832,27,1,2,NA,NA,NA,2832179.5072,61659125
node3.tardis-apia.ldos-ut-pg0.wisc.cloudlab.us,alibabaBlock_141,s3fifoforgive,0.1,2832,27,1,3,NA,NA,NA,2832179.5072,61659125
node3.tardis-apia.ldos-ut-pg0.wisc.cloudlab.us,alibabaBlock_144,lru,10,319063,27,1,1,NA_TOOBIG,NA,NA,3190630.6048,67090355
node3.tardis-apia.ldos-ut-pg0.wisc.cloudlab.us,alibabaBlock_144,lru,10,319063,27,1,2,NA_TOOBIG,NA,NA,3190630.6048,67090355
node3.tardis-apia.ldos-ut-pg0.wisc.cloudlab.us,alibabaBlock_144,lru,10,319063,27,1,3,NA_TOOBIG,NA,NA,3190630.6048,67090355
node3.tardis-apia.ldos-ut-pg0.wisc.cloudlab.us,alibabaBlock_144,lruforgive,10,319063,27,1,1,NA_TOOBIG,NA,NA,3190630.6048,67090355
node3.tardis-apia.ldos-ut-pg0.wisc.cloudlab.us,alibabaBlock_144,lruforgive,10,319063,27,1,2,NA_TOOBIG,NA,NA,3190630.6048,67090355
node3.tardis-apia.ldos-ut-pg0.wisc.cloudlab.us,alibabaBlock_144,lruforgive,10,319063,27,1,3,NA_TOOBIG,NA,NA,3190630.6048,67090355
node3.tardis-apia.ldos-ut-pg0.wisc.cloudlab.us,alibabaBlock_144,s3fifo,10,319063,27,1,1,NA_TOOBIG,NA,NA,3190630.6048,67090355
node3.tardis-apia.ldos-ut-pg0.wisc.cloudlab.us,alibabaBlock_144,s3fifo,10,319063,27,1,2,NA_TOOBIG,NA,NA,3190630.6048,67090355
node3.tardis-apia.ldos-ut-pg0.wisc.cloudlab.us,alibabaBlock_144,s3fifo,10,319063,27,1,3,NA_TOOBIG,NA,NA,3190630.6048,67090355
node3.tardis-apia.ldos-ut-pg0.wisc.cloudlab.us,alibabaBlock_144,s3fifoforgive,10,319063,27,1,1,NA_TOOBIG,NA,NA,3190630.6048,67090355
node3.tardis-apia.ldos-ut-pg0.wisc.cloudlab.us,alibabaBlock_144,s3fifoforgive,10,319063,27,1,2,NA_TOOBIG,NA,NA,3190630.6048,67090355
node3.tardis-apia.ldos-ut-pg0.wisc.cloudlab.us,alibabaBlock_144,s3fifoforgive,10,319063,27,1,3,NA_TOOBIG,NA,NA,3190630.6048,67090355
node3.tardis-apia.ldos-ut-pg0.wisc.cloudlab.us,alibabaBlock_144,lru,0.1,3191,27,1,1,NA,NA,NA,3190630.6048,67090355
node3.tardis-apia.ldos-ut-pg0.wisc.cloudlab.us,alibabaBlock_144,lru,0.1,3191,27,1,2,NA,NA,NA,3190630.6048,67090355
node3.tardis-apia.ldos-ut-pg0.wisc.cloudlab.us,alibabaBlock_144,lru,0.1,3191,27,1,3,NA,NA,NA,3190630.6048,67090355
node3.tardis-apia.ldos-ut-pg0.wisc.cloudlab.us,alibabaBlock_144,lruforgive,0.1,3191,27,1,1,NA,NA,NA,3190630.6048,67090355
node3.tardis-apia.ldos-ut-pg0.wisc.cloudlab.us,alibabaBlock_144,lruforgive,0.1,3191,27,1,2,NA,NA,NA,3190630.6048,67090355
node3.tardis-apia.ldos-ut-pg0.wisc.cloudlab.us,alibabaBlock_144,lruforgive,0.1,3191,27,1,3,NA,NA,NA,3190630.6048,67090355
node3.tardis-apia.ldos-ut-pg0.wisc.cloudlab.us,alibabaBlock_144,s3fifo,0.1,3191,27,1,1,NA,NA,NA,3190630.6048,67090355
node3.tardis-apia.ldos-ut-pg0.wisc.cloudlab.us,alibabaBlock_144,s3fifo,0.1,3191,27,1,2,NA,NA,NA,3190630.6048,67090355
node3.tardis-apia.ldos-ut-pg0.wisc.cloudlab.us,alibabaBlock_144,s3fifo,0.1,3191,27,1,3,NA,NA,NA,3190630.6048,67090355
node3.tardis-apia.ldos-ut-pg0.wisc.cloudlab.us,alibabaBlock_144,s3fifoforgive,0.1,3191,27,1,1,NA,NA,NA,3190630.6048,67090355
node3.tardis-apia.ldos-ut-pg0.wisc.cloudlab.us,alibabaBlock_144,s3fifoforgive,0.1,3191,27,1,2,NA,NA,NA,3190630.6048,67090355
node3.tardis-apia.ldos-ut-pg0.wisc.cloudlab.us,alibabaBlock_144,s3fifoforgive,0.1,3191,27,1,3,NA,NA,NA,3190630.6048,67090355
node3.tardis-apia.ldos-ut-pg0.wisc.cloudlab.us,alibabaBlock_145,lru,10,36378,27,1,1,0.7350,0.13,14460119,363780.3008,8744711
node3.tardis-apia.ldos-ut-pg0.wisc.cloudlab.us,alibabaBlock_145,lru,10,36378,27,1,2,0.7350,0.13,14460119,363780.3008,8744711
node3.tardis-apia.ldos-ut-pg0.wisc.cloudlab.us,alibabaBlock_145,lru,10,36378,27,1,3,0.7350,0.13,14460119,363780.3008,8744711
node3.tardis-apia.ldos-ut-pg0.wisc.cloudlab.us,alibabaBlock_145,lruforgive,10,36378,27,1,1,0.7346,0.13,14460119,363780.3008,8744711
node3.tardis-apia.ldos-ut-pg0.wisc.cloudlab.us,alibabaBlock_145,lruforgive,10,36378,27,1,2,0.7346,0.13,14460119,363780.3008,8744711
node3.tardis-apia.ldos-ut-pg0.wisc.cloudlab.us,alibabaBlock_145,lruforgive,10,36378,27,1,3,0.7346,0.13,14460119,363780.3008,8744711
node3.tardis-apia.ldos-ut-pg0.wisc.cloudlab.us,alibabaBlock_145,s3fifo,10,36378,27,1,1,NA,NA,NA,363780.3008,8744711
node3.tardis-apia.ldos-ut-pg0.wisc.cloudlab.us,alibabaBlock_145,s3fifo,10,36378,27,1,2,0.7355,0.13,14460119,363780.3008,8744711
node3.tardis-apia.ldos-ut-pg0.wisc.cloudlab.us,alibabaBlock_145,s3fifo,10,36378,27,1,3,0.7355,0.13,14460119,363780.3008,8744711
node3.tardis-apia.ldos-ut-pg0.wisc.cloudlab.us,alibabaBlock_145,s3fifoforgive,10,36378,27,1,1,0.7355,0.13,14460119,363780.3008,8744711
node3.tardis-apia.ldos-ut-pg0.wisc.cloudlab.us,alibabaBlock_145,s3fifoforgive,10,36378,27,1,2,0.7355,0.13,14460119,363780.3008,8744711
node3.tardis-apia.ldos-ut-pg0.wisc.cloudlab.us,alibabaBlock_145,s3fifoforgive,10,36378,27,1,3,0.7355,0.13,14460119,363780.3008,8744711
node3.tardis-apia.ldos-ut-pg0.wisc.cloudlab.us,alibabaBlock_145,lru,0.1,364,25,1,1,0.8176,0.21,14460119,363780.3008,8744711
node3.tardis-apia.ldos-ut-pg0.wisc.cloudlab.us,alibabaBlock_145,lru,0.1,364,25,1,2,0.8176,0.20,14460119,363780.3008,8744711
node3.tardis-apia.ldos-ut-pg0.wisc.cloudlab.us,alibabaBlock_145,lru,0.1,364,25,1,3,0.8176,0.20,14460119,363780.3008,8744711
node3.tardis-apia.ldos-ut-pg0.wisc.cloudlab.us,alibabaBlock_145,lruforgive,0.1,364,25,1,1,0.8174,0.19,14460119,363780.3008,8744711
node3.tardis-apia.ldos-ut-pg0.wisc.cloudlab.us,alibabaBlock_145,lruforgive,0.1,364,25,1,2,0.8174,0.19,14460119,363780.3008,8744711
node3.tardis-apia.ldos-ut-pg0.wisc.cloudlab.us,alibabaBlock_145,lruforgive,0.1,364,25,1,3,0.8174,0.19,14460119,363780.3008,8744711
node3.tardis-apia.ldos-ut-pg0.wisc.cloudlab.us,alibabaBlock_145,s3fifo,0.1,364,25,1,1,0.8202,0.23,14460119,363780.3008,8744711
node3.tardis-apia.ldos-ut-pg0.wisc.cloudlab.us,alibabaBlock_145,s3fifo,0.1,364,25,1,2,0.8202,0.23,14460119,363780.3008,8744711
node3.tardis-apia.ldos-ut-pg0.wisc.cloudlab.us,alibabaBlock_145,s3fifo,0.1,364,25,1,3,0.8201,0.23,14460119,363780.3008,8744711
node3.tardis-apia.ldos-ut-pg0.wisc.cloudlab.us,alibabaBlock_145,s3fifoforgive,0.1,364,25,1,1,0.8200,0.22,14460119,363780.3008,8744711
node3.tardis-apia.ldos-ut-pg0.wisc.cloudlab.us,alibabaBlock_145,s3fifoforgive,0.1,364,25,1,2,0.8200,0.22,14460119,363780.3008,8744711
node3.tardis-apia.ldos-ut-pg0.wisc.cloudlab.us,alibabaBlock_145,s3fifoforgive,0.1,364,25,1,3,0.8200,0.22,14460119,363780.3008,8744711
node3.tardis-apia.ldos-ut-pg0.wisc.cloudlab.us,alibabaBlock_147,lru,10,1572,27,1,1,0.1081,1.07,37731972,15722.9056,1749006
node3.tardis-apia.ldos-ut-pg0.wisc.cloudlab.us,alibabaBlock_147,lru,10,1572,27,1,2,0.1081,1.07,37731972,15722.9056,1749006
node3.tardis-apia.ldos-ut-pg0.wisc.cloudlab.us,alibabaBlock_147,lru,10,1572,27,1,3,0.1081,1.07,37731972,15722.9056,1749006
node3.tardis-apia.ldos-ut-pg0.wisc.cloudlab.us,alibabaBlock_147,lruforgive,10,1572,27,1,1,0.1075,0.47,37731972,15722.9056,1749006
node3.tardis-apia.ldos-ut-pg0.wisc.cloudlab.us,alibabaBlock_147,lruforgive,10,1572,27,1,2,0.1075,0.47,37731972,15722.9056,1749006
node3.tardis-apia.ldos-ut-pg0.wisc.cloudlab.us,alibabaBlock_147,lruforgive,10,1572,27,1,3,0.1075,0.47,37731972,15722.9056,1749006
node3.tardis-apia.ldos-ut-pg0.wisc.cloudlab.us,alibabaBlock_147,s3fifo,10,1572,27,1,1,NA,NA,NA,15722.9056,1749006
node3.tardis-apia.ldos-ut-pg0.wisc.cloudlab.us,alibabaBlock_147,s3fifo,10,1572,27,1,2,NA,NA,NA,15722.9056,1749006
node3.tardis-apia.ldos-ut-pg0.wisc.cloudlab.us,alibabaBlock_147,s3fifo,10,1572,27,1,3,NA,NA,NA,15722.9056,1749006
node3.tardis-apia.ldos-ut-pg0.wisc.cloudlab.us,alibabaBlock_147,s3fifoforgive,10,1572,27,1,1,0.1304,0.51,37731972,15722.9056,1749006
node3.tardis-apia.ldos-ut-pg0.wisc.cloudlab.us,alibabaBlock_147,s3fifoforgive,10,1572,27,1,2,0.1304,0.51,37731972,15722.9056,1749006
node3.tardis-apia.ldos-ut-pg0.wisc.cloudlab.us,alibabaBlock_147,s3fifoforgive,10,1572,27,1,3,0.1304,0.50,37731972,15722.9056,1749006
node3.tardis-apia.ldos-ut-pg0.wisc.cloudlab.us,alibabaBlock_147,lru,0.1,16,20,1,1,0.2291,2.75,37731972,15722.9056,1749006
node3.tardis-apia.ldos-ut-pg0.wisc.cloudlab.us,alibabaBlock_147,lru,0.1,16,20,1,2,0.2291,2.75,37731972,15722.9056,1749006
node3.tardis-apia.ldos-ut-pg0.wisc.cloudlab.us,alibabaBlock_147,lru,0.1,16,20,1,3,0.2291,2.73,37731972,15722.9056,1749006
node3.tardis-apia.ldos-ut-pg0.wisc.cloudlab.us,alibabaBlock_147,lruforgive,0.1,16,20,1,1,0.2287,0.99,37731972,15722.9056,1749006
node3.tardis-apia.ldos-ut-pg0.wisc.cloudlab.us,alibabaBlock_147,lruforgive,0.1,16,20,1,2,0.2287,0.97,37731972,15722.9056,1749006
node3.tardis-apia.ldos-ut-pg0.wisc.cloudlab.us,alibabaBlock_147,lruforgive,0.1,16,20,1,3,0.2287,0.99,37731972,15722.9056,1749006
node3.tardis-apia.ldos-ut-pg0.wisc.cloudlab.us,alibabaBlock_147,s3fifo,0.1,16,20,1,1,0.2265,2.96,37731972,15722.9056,1749006
node3.tardis-apia.ldos-ut-pg0.wisc.cloudlab.us,alibabaBlock_147,s3fifo,0.1,16,20,1,2,0.2265,2.95,37731972,15722.9056,1749006
node3.tardis-apia.ldos-ut-pg0.wisc.cloudlab.us,alibabaBlock_147,s3fifo,0.1,16,20,1,3,0.2265,2.95,37731972,15722.9056,1749006
node3.tardis-apia.ldos-ut-pg0.wisc.cloudlab.us,alibabaBlock_147,s3fifoforgive,0.1,16,20,1,1,0.2264,1.06,37731972,15722.9056,1749006
node3.tardis-apia.ldos-ut-pg0.wisc.cloudlab.us,alibabaBlock_147,s3fifoforgive,0.1,16,20,1,2,0.2264,1.07,37731972,15722.9056,1749006
node3.tardis-apia.ldos-ut-pg0.wisc.cloudlab.us,alibabaBlock_147,s3fifoforgive,0.1,16,20,1,3,0.2264,1.07,37731972,15722.9056,1749006
node3.tardis-apia.ldos-ut-pg0.wisc.cloudlab.us,alibabaBlock_148,lru,10,6675,27,1,1,0.1910,0.87,92614641,66746.2656,7329347
node3.tardis-apia.ldos-ut-pg0.wisc.cloudlab.us,alibabaBlock_148,lru,10,6675,27,1,2,0.1910,0.86,92614641,66746.2656,7329347
node3.tardis-apia.ldos-ut-pg0.wisc.cloudlab.us,alibabaBlock_148,lru,10,6675,27,1,3,0.1910,0.88,92614641,66746.2656,7329347
node3.tardis-apia.ldos-ut-pg0.wisc.cloudlab.us,alibabaBlock_148,lruforgive,10,6675,27,1,1,0.1910,0.36,92614641,66746.2656,7329347
node3.tardis-apia.ldos-ut-pg0.wisc.cloudlab.us,alibabaBlock_148,lruforgive,10,6675,27,1,2,0.1910,0.37,92614641,66746.2656,7329347
node3.tardis-apia.ldos-ut-pg0.wisc.cloudlab.us,alibabaBlock_148,lruforgive,10,6675,27,1,3,0.1910,0.37,92614641,66746.2656,7329347
node3.tardis-apia.ldos-ut-pg0.wisc.cloudlab.us,alibabaBlock_148,s3fifo,10,6675,27,1,1,0.1926,0.83,92614641,66746.2656,7329347
node3.tardis-apia.ldos-ut-pg0.wisc.cloudlab.us,alibabaBlock_148,s3fifo,10,6675,27,1,2,0.1926,0.83,92614641,66746.2656,7329347
node3.tardis-apia.ldos-ut-pg0.wisc.cloudlab.us,alibabaBlock_148,s3fifo,10,6675,27,1,3,0.1926,0.83,92614641,66746.2656,7329347
node3.tardis-apia.ldos-ut-pg0.wisc.cloudlab.us,alibabaBlock_148,s3fifoforgive,10,6675,27,1,1,0.1926,0.37,92614641,66746.2656,7329347
node3.tardis-apia.ldos-ut-pg0.wisc.cloudlab.us,alibabaBlock_148,s3fifoforgive,10,6675,27,1,2,0.1926,0.37,92614641,66746.2656,7329347
node3.tardis-apia.ldos-ut-pg0.wisc.cloudlab.us,alibabaBlock_148,s3fifoforgive,10,6675,27,1,3,0.1926,0.37,92614641,66746.2656,7329347
node3.tardis-apia.ldos-ut-pg0.wisc.cloudlab.us,alibabaBlock_148,lru,0.1,67,22,1,1,0.5619,1.23,92614641,66746.2656,7329347
node3.tardis-apia.ldos-ut-pg0.wisc.cloudlab.us,alibabaBlock_148,lru,0.1,67,22,1,2,0.5619,1.22,92614641,66746.2656,7329347
node3.tardis-apia.ldos-ut-pg0.wisc.cloudlab.us,alibabaBlock_148,lru,0.1,67,22,1,3,0.5619,1.22,92614641,66746.2656,7329347
node3.tardis-apia.ldos-ut-pg0.wisc.cloudlab.us,alibabaBlock_148,lruforgive,0.1,67,22,1,1,0.5675,0.61,92614641,66746.2656,7329347
node3.tardis-apia.ldos-ut-pg0.wisc.cloudlab.us,alibabaBlock_148,lruforgive,0.1,67,22,1,2,0.5675,0.62,92614641,66746.2656,7329347
node3.tardis-apia.ldos-ut-pg0.wisc.cloudlab.us,alibabaBlock_148,lruforgive,0.1,67,22,1,3,0.5675,0.61,92614641,66746.2656,7329347
node3.tardis-apia.ldos-ut-pg0.wisc.cloudlab.us,alibabaBlock_148,s3fifo,0.1,67,22,1,1,0.6261,1.35,92614641,66746.2656,7329347
node3.tardis-apia.ldos-ut-pg0.wisc.cloudlab.us,alibabaBlock_148,s3fifo,0.1,67,22,1,2,0.6261,1.35,92614641,66746.2656,7329347
node3.tardis-apia.ldos-ut-pg0.wisc.cloudlab.us,alibabaBlock_148,s3fifo,0.1,67,22,1,3,0.6261,1.34,92614641,66746.2656,7329347
node3.tardis-apia.ldos-ut-pg0.wisc.cloudlab.us,alibabaBlock_148,s3fifoforgive,0.1,67,22,1,1,0.6257,0.93,92614641,66746.2656,7329347
node3.tardis-apia.ldos-ut-pg0.wisc.cloudlab.us,alibabaBlock_148,s3fifoforgive,0.1,67,22,1,2,0.6257,0.90,92614641,66746.2656,7329347
node3.tardis-apia.ldos-ut-pg0.wisc.cloudlab.us,alibabaBlock_148,s3fifoforgive,0.1,67,22,1,3,0.6257,0.91,92614641,66746.2656,7329347
node3.tardis-apia.ldos-ut-pg0.wisc.cloudlab.us,alibabaBlock_15,lru,10,6212,27,1,1,0.6144,0.36,10623009,62123.7248,4609953
node3.tardis-apia.ldos-ut-pg0.wisc.cloudlab.us,alibabaBlock_15,lru,10,6212,27,1,2,0.6144,0.35,10623009,62123.7248,4609953
node3.tardis-apia.ldos-ut-pg0.wisc.cloudlab.us,alibabaBlock_15,lru,10,6212,27,1,3,0.6144,0.36,10623009,62123.7248,4609953
node3.tardis-apia.ldos-ut-pg0.wisc.cloudlab.us,alibabaBlock_15,lruforgive,10,6212,27,1,1,0.6112,0.30,10623009,62123.7248,4609953
node3.tardis-apia.ldos-ut-pg0.wisc.cloudlab.us,alibabaBlock_15,lruforgive,10,6212,27,1,2,0.6112,0.30,10623009,62123.7248,4609953
node3.tardis-apia.ldos-ut-pg0.wisc.cloudlab.us,alibabaBlock_15,lruforgive,10,6212,27,1,3,0.6112,0.30,10623009,62123.7248,4609953
node3.tardis-apia.ldos-ut-pg0.wisc.cloudlab.us,alibabaBlock_15,s3fifo,10,6212,27,1,1,NA,NA,NA,62123.7248,4609953
node3.tardis-apia.ldos-ut-pg0.wisc.cloudlab.us,alibabaBlock_15,s3fifo,10,6212,27,1,2,0.6087,0.35,10623009,62123.7248,4609953
node3.tardis-apia.ldos-ut-pg0.wisc.cloudlab.us,alibabaBlock_15,s3fifo,10,6212,27,1,3,0.6087,0.35,10623009,62123.7248,4609953
node3.tardis-apia.ldos-ut-pg0.wisc.cloudlab.us,alibabaBlock_15,s3fifoforgive,10,6212,27,1,1,0.6083,0.30,10623009,62123.7248,4609953
node3.tardis-apia.ldos-ut-pg0.wisc.cloudlab.us,alibabaBlock_15,s3fifoforgive,10,6212,27,1,2,NA,0.30,6108520,62123.7248,4609953
node3.tardis-apia.ldos-ut-pg0.wisc.cloudlab.us,alibabaBlock_15,s3fifoforgive,10,6212,27,1,3,NA,0.31,6108520,62123.7248,4609953
node3.tardis-apia.ldos-ut-pg0.wisc.cloudlab.us,alibabaBlock_15,lru,0.1,62,22,1,1,0.7125,0.53,10623009,62123.7248,4609953
node3.tardis-apia.ldos-ut-pg0.wisc.cloudlab.us,alibabaBlock_15,lru,0.1,62,22,1,2,0.7125,0.53,10623009,62123.7248,4609953
node3.tardis-apia.ldos-ut-pg0.wisc.cloudlab.us,alibabaBlock_15,lru,0.1,62,22,1,3,0.7125,0.53,10623009,62123.7248,4609953
node3.tardis-apia.ldos-ut-pg0.wisc.cloudlab.us,alibabaBlock_15,lruforgive,0.1,62,22,1,1,0.7122,0.41,10623009,62123.7248,4609953
node3.tardis-apia.ldos-ut-pg0.wisc.cloudlab.us,alibabaBlock_15,lruforgive,0.1,62,22,1,2,0.7122,0.41,10623009,62123.7248,4609953
node3.tardis-apia.ldos-ut-pg0.wisc.cloudlab.us,alibabaBlock_15,lruforgive,0.1,62,22,1,3,0.7122,0.41,10623009,62123.7248,4609953
node3.tardis-apia.ldos-ut-pg0.wisc.cloudlab.us,alibabaBlock_15,s3fifo,0.1,62,22,1,1,0.7120,0.65,10623009,62123.7248,4609953
node3.tardis-apia.ldos-ut-pg0.wisc.cloudlab.us,alibabaBlock_15,s3fifo,0.1,62,22,1,2,0.7120,0.65,10623009,62123.7248,4609953
node3.tardis-apia.ldos-ut-pg0.wisc.cloudlab.us,alibabaBlock_15,s3fifo,0.1,62,22,1,3,0.7120,0.65,10623009,62123.7248,4609953
node3.tardis-apia.ldos-ut-pg0.wisc.cloudlab.us,alibabaBlock_15,s3fifoforgive,0.1,62,22,1,1,0.7120,0.51,10623009,62123.7248,4609953
node3.tardis-apia.ldos-ut-pg0.wisc.cloudlab.us,alibabaBlock_15,s3fifoforgive,0.1,62,22,1,2,0.7120,0.51,10623009,62123.7248,4609953
node3.tardis-apia.ldos-ut-pg0.wisc.cloudlab.us,alibabaBlock_15,s3fifoforgive,0.1,62,22,1,3,0.7120,0.51,10623009,62123.7248,4609953
node3.tardis-apia.ldos-ut-pg0.wisc.cloudlab.us,alibabaBlock_150,lru,10,27559,27,1,1,0.3052,0.05,4473142,275590.7584,1191361
node3.tardis-apia.ldos-ut-pg0.wisc.cloudlab.us,alibabaBlock_150,lru,10,27559,27,1,2,0.3052,0.05,4473142,275590.7584,1191361
node3.tardis-apia.ldos-ut-pg0.wisc.cloudlab.us,alibabaBlock_150,lru,10,27559,27,1,3,0.3052,0.05,4473142,275590.7584,1191361
node3.tardis-apia.ldos-ut-pg0.wisc.cloudlab.us,alibabaBlock_150,lruforgive,10,27559,27,1,1,0.3050,0.05,4473142,275590.7584,1191361
node3.tardis-apia.ldos-ut-pg0.wisc.cloudlab.us,alibabaBlock_150,lruforgive,10,27559,27,1,2,0.3050,0.05,4473142,275590.7584,1191361
node3.tardis-apia.ldos-ut-pg0.wisc.cloudlab.us,alibabaBlock_150,lruforgive,10,27559,27,1,3,0.3050,0.05,4473142,275590.7584,1191361
node3.tardis-apia.ldos-ut-pg0.wisc.cloudlab.us,alibabaBlock_150,s3fifo,10,27559,27,1,1,0.3026,0.05,4473142,275590.7584,1191361
node3.tardis-apia.ldos-ut-pg0.wisc.cloudlab.us,alibabaBlock_150,s3fifo,10,27559,27,1,2,0.3026,0.05,4473142,275590.7584,1191361
node3.tardis-apia.ldos-ut-pg0.wisc.cloudlab.us,alibabaBlock_150,s3fifo,10,27559,27,1,3,0.3027,0.05,4473142,275590.7584,1191361
node3.tardis-apia.ldos-ut-pg0.wisc.cloudlab.us,alibabaBlock_150,s3fifoforgive,10,27559,27,1,1,0.3026,0.05,4473142,275590.7584,1191361
node3.tardis-apia.ldos-ut-pg0.wisc.cloudlab.us,alibabaBlock_150,s3fifoforgive,10,27559,27,1,2,0.3026,0.05,4473142,275590.7584,1191361
node3.tardis-apia.ldos-ut-pg0.wisc.cloudlab.us,alibabaBlock_150,s3fifoforgive,10,27559,27,1,3,0.3026,0.05,4473142,275590.7584,1191361
node3.tardis-apia.ldos-ut-pg0.wisc.cloudlab.us,alibabaBlock_150,lru,0.1,276,24,1,1,0.5615,0.08,4473142,275590.7584,1191361
node3.tardis-apia.ldos-ut-pg0.wisc.cloudlab.us,alibabaBlock_150,lru,0.1,276,24,1,2,0.5615,0.08,4473142,275590.7584,1191361
node3.tardis-apia.ldos-ut-pg0.wisc.cloudlab.us,alibabaBlock_150,lru,0.1,276,24,1,3,0.5615,0.08,4473142,275590.7584,1191361
node3.tardis-apia.ldos-ut-pg0.wisc.cloudlab.us,alibabaBlock_150,lruforgive,0.1,276,24,1,1,0.5600,0.08,4473142,275590.7584,1191361
node3.tardis-apia.ldos-ut-pg0.wisc.cloudlab.us,alibabaBlock_150,lruforgive,0.1,276,24,1,2,0.5600,0.08,4473142,275590.7584,1191361
node3.tardis-apia.ldos-ut-pg0.wisc.cloudlab.us,alibabaBlock_150,lruforgive,0.1,276,24,1,3,0.5600,0.08,4473142,275590.7584,1191361
node3.tardis-apia.ldos-ut-pg0.wisc.cloudlab.us,alibabaBlock_150,s3fifo,0.1,276,24,1,1,NA,NA,NA,275590.7584,1191361
node3.tardis-apia.ldos-ut-pg0.wisc.cloudlab.us,alibabaBlock_150,s3fifo,0.1,276,24,1,2,NA,NA,NA,275590.7584,1191361
node3.tardis-apia.ldos-ut-pg0.wisc.cloudlab.us,alibabaBlock_150,s3fifo,0.1,276,24,1,3,NA,NA,NA,275590.7584,1191361
node3.tardis-apia.ldos-ut-pg0.wisc.cloudlab.us,alibabaBlock_150,s3fifoforgive,0.1,276,24,1,1,0.5516,0.09,4473142,275590.7584,1191361
node3.tardis-apia.ldos-ut-pg0.wisc.cloudlab.us,alibabaBlock_150,s3fifoforgive,0.1,276,24,1,2,0.5515,0.09,4473142,275590.7584,1191361
node3.tardis-apia.ldos-ut-pg0.wisc.cloudlab.us,alibabaBlock_150,s3fifoforgive,0.1,276,24,1,3,NA,0.08,2496773,275590.7584,1191361
node3.tardis-apia.ldos-ut-pg0.wisc.cloudlab.us,alibabaBlock_154,lru,10,1185,26,1,1,0.1196,1.12,36481804,11846.656,1453564
node3.tardis-apia.ldos-ut-pg0.wisc.cloudlab.us,alibabaBlock_154,lru,10,1185,26,1,2,0.1196,1.11,36481804,11846.656,1453564
node3.tardis-apia.ldos-ut-pg0.wisc.cloudlab.us,alibabaBlock_154,lru,10,1185,26,1,3,0.1196,1.11,36481804,11846.656,1453564
node3.tardis-apia.ldos-ut-pg0.wisc.cloudlab.us,alibabaBlock_154,lruforgive,10,1185,26,1,1,0.1191,0.51,36481804,11846.656,1453564
node3.tardis-apia.ldos-ut-pg0.wisc.cloudlab.us,alibabaBlock_154,lruforgive,10,1185,26,1,2,0.1191,0.51,36481804,11846.656,1453564
node3.tardis-apia.ldos-ut-pg0.wisc.cloudlab.us,alibabaBlock_154,lruforgive,10,1185,26,1,3,0.1191,0.51,36481804,11846.656,1453564
node3.tardis-apia.ldos-ut-pg0.wisc.cloudlab.us,alibabaBlock_154,s3fifo,10,1185,26,1,1,0.1205,1.27,36481804,11846.656,1453564
node3.tardis-apia.ldos-ut-pg0.wisc.cloudlab.us,alibabaBlock_154,s3fifo,10,1185,26,1,2,0.1205,1.28,36481804,11846.656,1453564
node3.tardis-apia.ldos-ut-pg0.wisc.cloudlab.us,alibabaBlock_154,s3fifo,10,1185,26,1,3,0.1209,1.25,36481804,11846.656,1453564
node3.tardis-apia.ldos-ut-pg0.wisc.cloudlab.us,alibabaBlock_154,s3fifoforgive,10,1185,26,1,1,NA,NA,NA,11846.656,1453564
node3.tardis-apia.ldos-ut-pg0.wisc.cloudlab.us,alibabaBlock_154,s3fifoforgive,10,1185,26,1,2,0.1210,0.57,36481804,11846.656,1453564
node3.tardis-apia.ldos-ut-pg0.wisc.cloudlab.us,alibabaBlock_154,s3fifoforgive,10,1185,26,1,3,0.1209,0.57,36481804,11846.656,1453564
node3.tardis-apia.ldos-ut-pg0.wisc.cloudlab.us,alibabaBlock_154,lru,0.1,12,20,1,1,0.2384,2.98,36481804,11846.656,1453564
node3.tardis-apia.ldos-ut-pg0.wisc.cloudlab.us,alibabaBlock_154,lru,0.1,12,20,1,2,0.2384,3.00,36481804,11846.656,1453564
node3.tardis-apia.ldos-ut-pg0.wisc.cloudlab.us,alibabaBlock_154,lru,0.1,12,20,1,3,0.2384,3.02,36481804,11846.656,1453564
node3.tardis-apia.ldos-ut-pg0.wisc.cloudlab.us,alibabaBlock_154,lruforgive,0.1,12,20,1,1,0.2342,1.00,36481804,11846.656,1453564
node3.tardis-apia.ldos-ut-pg0.wisc.cloudlab.us,alibabaBlock_154,lruforgive,0.1,12,20,1,2,0.2342,1.01,36481804,11846.656,1453564
node3.tardis-apia.ldos-ut-pg0.wisc.cloudlab.us,alibabaBlock_154,lruforgive,0.1,12,20,1,3,0.2342,1.00,36481804,11846.656,1453564
node3.tardis-apia.ldos-ut-pg0.wisc.cloudlab.us,alibabaBlock_154,s3fifo,0.1,12,20,1,1,0.2195,3.18,36481804,11846.656,1453564
node3.tardis-apia.ldos-ut-pg0.wisc.cloudlab.us,alibabaBlock_154,s3fifo,0.1,12,20,1,2,0.2196,3.20,36481804,11846.656,1453564
node3.tardis-apia.ldos-ut-pg0.wisc.cloudlab.us,alibabaBlock_154,s3fifo,0.1,12,20,1,3,0.2195,3.17,36481804,11846.656,1453564
node3.tardis-apia.ldos-ut-pg0.wisc.cloudlab.us,alibabaBlock_154,s3fifoforgive,0.1,12,20,1,1,0.2194,1.07,36481804,11846.656,1453564
node3.tardis-apia.ldos-ut-pg0.wisc.cloudlab.us,alibabaBlock_154,s3fifoforgive,0.1,12,20,1,2,0.2195,1.07,36481804,11846.656,1453564
node3.tardis-apia.ldos-ut-pg0.wisc.cloudlab.us,alibabaBlock_154,s3fifoforgive,0.1,12,20,1,3,0.2196,1.07,36481804,11846.656,1453564
node3.tardis-apia.ldos-ut-pg0.wisc.cloudlab.us,alibabaBlock_157,lru,10,1379,26,1,1,0.1226,1.05,37519540,13791.8464,1482922
node3.tardis-apia.ldos-ut-pg0.wisc.cloudlab.us,alibabaBlock_157,lru,10,1379,26,1,2,0.1226,1.03,37519540,13791.8464,1482922
node3.tardis-apia.ldos-ut-pg0.wisc.cloudlab.us,alibabaBlock_157,lru,10,1379,26,1,3,0.1226,1.04,37519540,13791.8464,1482922
node3.tardis-apia.ldos-ut-pg0.wisc.cloudlab.us,alibabaBlock_157,lruforgive,10,1379,26,1,1,0.1221,0.48,37519540,13791.8464,1482922
node3.tardis-apia.ldos-ut-pg0.wisc.cloudlab.us,alibabaBlock_157,lruforgive,10,1379,26,1,2,0.1221,0.47,37519540,13791.8464,1482922
node3.tardis-apia.ldos-ut-pg0.wisc.cloudlab.us,alibabaBlock_157,lruforgive,10,1379,26,1,3,0.1221,0.48,37519540,13791.8464,1482922
node3.tardis-apia.ldos-ut-pg0.wisc.cloudlab.us,alibabaBlock_157,s3fifo,10,1379,26,1,1,NA,NA,NA,13791.8464,1482922
node3.tardis-apia.ldos-ut-pg0.wisc.cloudlab.us,alibabaBlock_157,s3fifo,10,1379,26,1,2,NA,NA,NA,13791.8464,1482922
node3.tardis-apia.ldos-ut-pg0.wisc.cloudlab.us,alibabaBlock_157,s3fifo,10,1379,26,1,3,NA,NA,NA,13791.8464,1482922
node3.tardis-apia.ldos-ut-pg0.wisc.cloudlab.us,alibabaBlock_157,s3fifoforgive,10,1379,26,1,1,NA,NA,NA,13791.8464,1482922
node3.tardis-apia.ldos-ut-pg0.wisc.cloudlab.us,alibabaBlock_157,s3fifoforgive,10,1379,26,1,2,NA,NA,NA,13791.8464,1482922
node3.tardis-apia.ldos-ut-pg0.wisc.cloudlab.us,alibabaBlock_157,s3fifoforgive,10,1379,26,1,3,NA,NA,NA,13791.8464,1482922
node3.tardis-apia.ldos-ut-pg0.wisc.cloudlab.us,alibabaBlock_157,lru,0.1,14,20,1,1,0.2368,2.86,37519540,13791.8464,1482922
node3.tardis-apia.ldos-ut-pg0.wisc.cloudlab.us,alibabaBlock_157,lru,0.1,14,20,1,2,0.2368,2.87,37519540,13791.8464,1482922
node3.tardis-apia.ldos-ut-pg0.wisc.cloudlab.us,alibabaBlock_157,lru,0.1,14,20,1,3,0.2368,2.85,37519540,13791.8464,1482922
node3.tardis-apia.ldos-ut-pg0.wisc.cloudlab.us,alibabaBlock_157,lruforgive,0.1,14,20,1,1,0.2361,1.01,37519540,13791.8464,1482922
node3.tardis-apia.ldos-ut-pg0.wisc.cloudlab.us,alibabaBlock_157,lruforgive,0.1,14,20,1,2,0.2361,0.99,37519540,13791.8464,1482922
node3.tardis-apia.ldos-ut-pg0.wisc.cloudlab.us,alibabaBlock_157,lruforgive,0.1,14,20,1,3,0.2361,1.00,37519540,13791.8464,1482922
node3.tardis-apia.ldos-ut-pg0.wisc.cloudlab.us,alibabaBlock_157,s3fifo,0.1,14,20,1,1,0.2311,3.02,37519540,13791.8464,1482922
node3.tardis-apia.ldos-ut-pg0.wisc.cloudlab.us,alibabaBlock_157,s3fifo,0.1,14,20,1,2,0.2311,2.98,37519540,13791.8464,1482922
node3.tardis-apia.ldos-ut-pg0.wisc.cloudlab.us,alibabaBlock_157,s3fifo,0.1,14,20,1,3,0.2311,2.98,37519540,13791.8464,1482922
node3.tardis-apia.ldos-ut-pg0.wisc.cloudlab.us,alibabaBlock_157,s3fifoforgive,0.1,14,20,1,1,0.2309,1.07,37519540,13791.8464,1482922
node3.tardis-apia.ldos-ut-pg0.wisc.cloudlab.us,alibabaBlock_157,s3fifoforgive,0.1,14,20,1,2,0.2309,1.04,37519540,13791.8464,1482922
node3.tardis-apia.ldos-ut-pg0.wisc.cloudlab.us,alibabaBlock_157,s3fifoforgive,0.1,14,20,1,3,0.2309,1.08,37519540,13791.8464,1482922
node3.tardis-apia.ldos-ut-pg0.wisc.cloudlab.us,alibabaBlock_16,lru,10,37290,27,1,1,0.7414,0.13,14867654,372899.6352,8986192
node3.tardis-apia.ldos-ut-pg0.wisc.cloudlab.us,alibabaBlock_16,lru,10,37290,27,1,2,0.7414,0.13,14867654,372899.6352,8986192
node3.tardis-apia.ldos-ut-pg0.wisc.cloudlab.us,alibabaBlock_16,lru,10,37290,27,1,3,0.7414,0.13,14867654,372899.6352,8986192
node3.tardis-apia.ldos-ut-pg0.wisc.cloudlab.us,alibabaBlock_16,lruforgive,10,37290,27,1,1,0.7410,0.13,14867654,372899.6352,8986192
node3.tardis-apia.ldos-ut-pg0.wisc.cloudlab.us,alibabaBlock_16,lruforgive,10,37290,27,1,2,0.7410,0.13,14867654,372899.6352,8986192
node3.tardis-apia.ldos-ut-pg0.wisc.cloudlab.us,alibabaBlock_16,lruforgive,10,37290,27,1,3,0.7410,0.13,14867654,372899.6352,8986192
node3.tardis-apia.ldos-ut-pg0.wisc.cloudlab.us,alibabaBlock_16,s3fifo,10,37290,27,1,1,0.7418,0.13,14867654,372899.6352,8986192
node3.tardis-apia.ldos-ut-pg0.wisc.cloudlab.us,alibabaBlock_16,s3fifo,10,37290,27,1,2,0.7418,0.13,14867654,372899.6352,8986192
node3.tardis-apia.ldos-ut-pg0.wisc.cloudlab.us,alibabaBlock_16,s3fifo,10,37290,27,1,3,0.7418,0.13,14867654,372899.6352,8986192
node3.tardis-apia.ldos-ut-pg0.wisc.cloudlab.us,alibabaBlock_16,s3fifoforgive,10,37290,27,1,1,0.7418,0.13,14867654,372899.6352,8986192
node3.tardis-apia.ldos-ut-pg0.wisc.cloudlab.us,alibabaBlock_16,s3fifoforgive,10,37290,27,1,2,0.7418,0.13,14867654,372899.6352,8986192
node3.tardis-apia.ldos-ut-pg0.wisc.cloudlab.us,alibabaBlock_16,s3fifoforgive,10,37290,27,1,3,0.7418,0.13,14867654,372899.6352,8986192
node3.tardis-apia.ldos-ut-pg0.wisc.cloudlab.us,alibabaBlock_16,lru,0.1,373,25,1,1,0.8228,0.22,14867654,372899.6352,8986192
node3.tardis-apia.ldos-ut-pg0.wisc.cloudlab.us,alibabaBlock_16,lru,0.1,373,25,1,2,0.8228,0.21,14867654,372899.6352,8986192
node3.tardis-apia.ldos-ut-pg0.wisc.cloudlab.us,alibabaBlock_16,lru,0.1,373,25,1,3,0.8228,0.21,14867654,372899.6352,8986192
node3.tardis-apia.ldos-ut-pg0.wisc.cloudlab.us,alibabaBlock_16,lruforgive,0.1,373,25,1,1,0.8226,0.20,14867654,372899.6352,8986192
node3.tardis-apia.ldos-ut-pg0.wisc.cloudlab.us,alibabaBlock_16,lruforgive,0.1,373,25,1,2,0.8226,0.20,14867654,372899.6352,8986192
node3.tardis-apia.ldos-ut-pg0.wisc.cloudlab.us,alibabaBlock_16,lruforgive,0.1,373,25,1,3,0.8226,0.20,14867654,372899.6352,8986192
node3.tardis-apia.ldos-ut-pg0.wisc.cloudlab.us,alibabaBlock_16,s3fifo,0.1,373,25,1,1,NA,NA,NA,372899.6352,8986192
node3.tardis-apia.ldos-ut-pg0.wisc.cloudlab.us,alibabaBlock_16,s3fifo,0.1,373,25,1,2,NA,NA,NA,372899.6352,8986192
node3.tardis-apia.ldos-ut-pg0.wisc.cloudlab.us,alibabaBlock_16,s3fifo,0.1,373,25,1,3,NA,NA,NA,372899.6352,8986192
node3.tardis-apia.ldos-ut-pg0.wisc.cloudlab.us,alibabaBlock_16,s3fifoforgive,0.1,373,25,1,1,0.8339,0.21,8941760,372899.6352,8986192
node3.tardis-apia.ldos-ut-pg0.wisc.cloudlab.us,alibabaBlock_16,s3fifoforgive,0.1,373,25,1,2,0.8339,0.21,8941760,372899.6352,8986192
node3.tardis-apia.ldos-ut-pg0.wisc.cloudlab.us,alibabaBlock_16,s3fifoforgive,0.1,373,25,1,3,0.8339,0.21,8941760,372899.6352,8986192
node3.tardis-apia.ldos-ut-pg0.wisc.cloudlab.us,alibabaBlock_160,lru,10,2988,27,1,1,0.1235,0.75,18461927,29883.5968,2043440
node3.tardis-apia.ldos-ut-pg0.wisc.cloudlab.us,alibabaBlock_160,lru,10,2988,27,1,2,0.1235,0.75,18461927,29883.5968,2043440
node3.tardis-apia.ldos-ut-pg0.wisc.cloudlab.us,alibabaBlock_160,lru,10,2988,27,1,3,0.1235,0.76,18461927,29883.5968,2043440
node3.tardis-apia.ldos-ut-pg0.wisc.cloudlab.us,alibabaBlock_160,lruforgive,10,2988,27,1,1,0.1233,0.37,18461927,29883.5968,2043440
node3.tardis-apia.ldos-ut-pg0.wisc.cloudlab.us,alibabaBlock_160,lruforgive,10,2988,27,1,2,0.1233,0.37,18461927,29883.5968,2043440
node3.tardis-apia.ldos-ut-pg0.wisc.cloudlab.us,alibabaBlock_160,lruforgive,10,2988,27,1,3,0.1233,0.37,18461927,29883.5968,2043440
node3.tardis-apia.ldos-ut-pg0.wisc.cloudlab.us,alibabaBlock_160,s3fifo,10,2988,27,1,1,NA,NA,NA,29883.5968,2043440
node3.tardis-apia.ldos-ut-pg0.wisc.cloudlab.us,alibabaBlock_160,s3fifo,10,2988,27,1,2,NA,NA,NA,29883.5968,2043440
node3.tardis-apia.ldos-ut-pg0.wisc.cloudlab.us,alibabaBlock_160,s3fifo,10,2988,27,1,3,0.1431,0.82,18461927,29883.5968,2043440
node3.tardis-apia.ldos-ut-pg0.wisc.cloudlab.us,alibabaBlock_160,s3fifoforgive,10,2988,27,1,1,0.1429,0.41,18461927,29883.5968,2043440
node3.tardis-apia.ldos-ut-pg0.wisc.cloudlab.us,alibabaBlock_160,s3fifoforgive,10,2988,27,1,2,NA,NA,10715089,29883.5968,2043440
node3.tardis-apia.ldos-ut-pg0.wisc.cloudlab.us,alibabaBlock_160,s3fifoforgive,10,2988,27,1,3,0.1429,0.42,18461927,29883.5968,2043440
node3.tardis-apia.ldos-ut-pg0.wisc.cloudlab.us,alibabaBlock_160,lru,0.1,30,21,1,1,0.3628,1.74,18461927,29883.5968,2043440
node3.tardis-apia.ldos-ut-pg0.wisc.cloudlab.us,alibabaBlock_160,lru,0.1,30,21,1,2,0.3628,1.70,18461927,29883.5968,2043440
node3.tardis-apia.ldos-ut-pg0.wisc.cloudlab.us,alibabaBlock_160,lru,0.1,30,21,1,3,0.3628,1.72,18461927,29883.5968,2043440
node3.tardis-apia.ldos-ut-pg0.wisc.cloudlab.us,alibabaBlock_160,lruforgive,0.1,30,21,1,1,0.3335,0.58,18461927,29883.5968,2043440
node3.tardis-apia.ldos-ut-pg0.wisc.cloudlab.us,alibabaBlock_160,lruforgive,0.1,30,21,1,2,0.3335,0.58,18461927,29883.5968,2043440
node3.tardis-apia.ldos-ut-pg0.wisc.cloudlab.us,alibabaBlock_160,lruforgive,0.1,30,21,1,3,0.3335,0.59,18461927,29883.5968,2043440
node3.tardis-apia.ldos-ut-pg0.wisc.cloudlab.us,alibabaBlock_160,s3fifo,0.1,30,21,1,1,0.3348,1.90,18461927,29883.5968,2043440
node3.tardis-apia.ldos-ut-pg0.wisc.cloudlab.us,alibabaBlock_160,s3fifo,0.1,30,21,1,2,0.3348,1.90,18461927,29883.5968,2043440
node3.tardis-apia.ldos-ut-pg0.wisc.cloudlab.us,alibabaBlock_160,s3fifo,0.1,30,21,1,3,0.3348,1.90,18461927,29883.5968,2043440
node3.tardis-apia.ldos-ut-pg0.wisc.cloudlab.us,alibabaBlock_160,s3fifoforgive,0.1,30,21,1,1,0.3333,0.86,18461927,29883.5968,2043440
node3.tardis-apia.ldos-ut-pg0.wisc.cloudlab.us,alibabaBlock_160,s3fifoforgive,0.1,30,21,1,2,0.3333,0.85,18461927,29883.5968,2043440
node3.tardis-apia.ldos-ut-pg0.wisc.cloudlab.us,alibabaBlock_160,s3fifoforgive,0.1,30,21,1,3,0.3333,0.85,18461927,29883.5968,2043440
node3.tardis-apia.ldos-ut-pg0.wisc.cloudlab.us,alibabaBlock_161,lru,10,1505,27,1,1,0.1094,1.05,38528803,15049.5232,1607867
node3.tardis-apia.ldos-ut-pg0.wisc.cloudlab.us,alibabaBlock_161,lru,10,1505,27,1,2,0.1094,1.06,38528803,15049.5232,1607867
node3.tardis-apia.ldos-ut-pg0.wisc.cloudlab.us,alibabaBlock_161,lru,10,1505,27,1,3,0.1094,1.06,38528803,15049.5232,1607867
node3.tardis-apia.ldos-ut-pg0.wisc.cloudlab.us,alibabaBlock_161,lruforgive,10,1505,27,1,1,0.1088,0.47,38528803,15049.5232,1607867
node3.tardis-apia.ldos-ut-pg0.wisc.cloudlab.us,alibabaBlock_161,lruforgive,10,1505,27,1,2,0.1088,0.47,38528803,15049.5232,1607867
node3.tardis-apia.ldos-ut-pg0.wisc.cloudlab.us,alibabaBlock_161,lruforgive,10,1505,27,1,3,0.1088,0.47,38528803,15049.5232,1607867
node3.tardis-apia.ldos-ut-pg0.wisc.cloudlab.us,alibabaBlock_161,s3fifo,10,1505,27,1,1,NA,NA,NA,15049.5232,1607867
node3.tardis-apia.ldos-ut-pg0.wisc.cloudlab.us,alibabaBlock_161,s3fifo,10,1505,27,1,2,0.1314,1.04,38528803,15049.5232,1607867
node3.tardis-apia.ldos-ut-pg0.wisc.cloudlab.us,alibabaBlock_161,s3fifo,10,1505,27,1,3,0.1314,1.05,38528803,15049.5232,1607867
node3.tardis-apia.ldos-ut-pg0.wisc.cloudlab.us,alibabaBlock_161,s3fifoforgive,10,1505,27,1,1,NA,NA,NA,15049.5232,1607867
node3.tardis-apia.ldos-ut-pg0.wisc.cloudlab.us,alibabaBlock_161,s3fifoforgive,10,1505,27,1,2,0.1312,0.51,38528803,15049.5232,1607867
node3.tardis-apia.ldos-ut-pg0.wisc.cloudlab.us,alibabaBlock_161,s3fifoforgive,10,1505,27,1,3,NA,NA,NA,15049.5232,1607867
node3.tardis-apia.ldos-ut-pg0.wisc.cloudlab.us,alibabaBlock_161,lru,0.1,15,20,1,1,0.2523,3.11,38528803,15049.5232,1607867
node3.tardis-apia.ldos-ut-pg0.wisc.cloudlab.us,alibabaBlock_161,lru,0.1,15,20,1,2,0.2523,3.08,38528803,15049.5232,1607867
node3.tardis-apia.ldos-ut-pg0.wisc.cloudlab.us,alibabaBlock_161,lru,0.1,15,20,1,3,0.2523,3.11,38528803,15049.5232,1607867
node3.tardis-apia.ldos-ut-pg0.wisc.cloudlab.us,alibabaBlock_161,lruforgive,0.1,15,20,1,1,0.2502,1.04,38528803,15049.5232,1607867
node3.tardis-apia.ldos-ut-pg0.wisc.cloudlab.us,alibabaBlock_161,lruforgive,0.1,15,20,1,2,0.2502,1.05,38528803,15049.5232,1607867
node3.tardis-apia.ldos-ut-pg0.wisc.cloudlab.us,alibabaBlock_161,lruforgive,0.1,15,20,1,3,0.2502,1.05,38528803,15049.5232,1607867
node3.tardis-apia.ldos-ut-pg0.wisc.cloudlab.us,alibabaBlock_161,s3fifo,0.1,15,20,1,1,0.2416,3.32,38528803,15049.5232,1607867
node3.tardis-apia.ldos-ut-pg0.wisc.cloudlab.us,alibabaBlock_161,s3fifo,0.1,15,20,1,2,0.2416,3.28,38528803,15049.5232,1607867
node3.tardis-apia.ldos-ut-pg0.wisc.cloudlab.us,alibabaBlock_161,s3fifo,0.1,15,20,1,3,0.2416,3.35,38528803,15049.5232,1607867
node3.tardis-apia.ldos-ut-pg0.wisc.cloudlab.us,alibabaBlock_161,s3fifoforgive,0.1,15,20,1,1,0.2416,1.12,38528803,15049.5232,1607867
node3.tardis-apia.ldos-ut-pg0.wisc.cloudlab.us,alibabaBlock_161,s3fifoforgive,0.1,15,20,1,2,0.2416,1.11,38528803,15049.5232,1607867
node3.tardis-apia.ldos-ut-pg0.wisc.cloudlab.us,alibabaBlock_161,s3fifoforgive,0.1,15,20,1,3,0.2416,1.11,38528803,15049.5232,1607867
node3.tardis-apia.ldos-ut-pg0.wisc.cloudlab.us,alibabaBlock_163,lru,10,1295,26,1,1,0.0972,1.11,22450812,12952.064,1732839
node3.tardis-apia.ldos-ut-pg0.wisc.cloudlab.us,alibabaBlock_163,lru,10,1295,26,1,2,0.0972,1.12,22450812,12952.064,1732839
node3.tardis-apia.ldos-ut-pg0.wisc.cloudlab.us,alibabaBlock_163,lru,10,1295,26,1,3,0.0972,1.12,22450812,12952.064,1732839
node3.tardis-apia.ldos-ut-pg0.wisc.cloudlab.us,alibabaBlock_163,lruforgive,10,1295,26,1,1,0.0974,0.45,22450812,12952.064,1732839
node3.tardis-apia.ldos-ut-pg0.wisc.cloudlab.us,alibabaBlock_163,lruforgive,10,1295,26,1,2,0.0974,0.46,22450812,12952.064,1732839
node3.tardis-apia.ldos-ut-pg0.wisc.cloudlab.us,alibabaBlock_163,lruforgive,10,1295,26,1,3,0.0974,0.47,22450812,12952.064,1732839
node3.tardis-apia.ldos-ut-pg0.wisc.cloudlab.us,alibabaBlock_163,s3fifo,10,1295,26,1,1,0.1162,1.18,22450812,12952.064,1732839
node3.tardis-apia.ldos-ut-pg0.wisc.cloudlab.us,alibabaBlock_163,s3fifo,10,1295,26,1,2,0.1162,1.16,22450812,12952.064,1732839
node3.tardis-apia.ldos-ut-pg0.wisc.cloudlab.us,alibabaBlock_163,s3fifo,10,1295,26,1,3,0.1162,1.18,22450812,12952.064,1732839
node3.tardis-apia.ldos-ut-pg0.wisc.cloudlab.us,alibabaBlock_163,s3fifoforgive,10,1295,26,1,1,NA,NA,13030894,12952.064,1732839
node3.tardis-apia.ldos-ut-pg0.wisc.cloudlab.us,alibabaBlock_163,s3fifoforgive,10,1295,26,1,2,0.1161,0.51,22450812,12952.064,1732839
node3.tardis-apia.ldos-ut-pg0.wisc.cloudlab.us,alibabaBlock_163,s3fifoforgive,10,1295,26,1,3,NA,NA,13030894,12952.064,1732839
node3.tardis-apia.ldos-ut-pg0.wisc.cloudlab.us,alibabaBlock_163,lru,0.1,13,20,1,1,0.9891,4.81,22450812,12952.064,1732839
node3.tardis-apia.ldos-ut-pg0.wisc.cloudlab.us,alibabaBlock_163,lru,0.1,13,20,1,2,0.9891,4.71,22450812,12952.064,1732839
node3.tardis-apia.ldos-ut-pg0.wisc.cloudlab.us,alibabaBlock_163,lru,0.1,13,20,1,3,0.9891,4.87,22450812,12952.064,1732839
node3.tardis-apia.ldos-ut-pg0.wisc.cloudlab.us,alibabaBlock_163,lruforgive,0.1,13,20,1,1,0.9892,4.36,22450812,12952.064,1732839
node3.tardis-apia.ldos-ut-pg0.wisc.cloudlab.us,alibabaBlock_163,lruforgive,0.1,13,20,1,2,0.9892,4.43,22450812,12952.064,1732839
node3.tardis-apia.ldos-ut-pg0.wisc.cloudlab.us,alibabaBlock_163,lruforgive,0.1,13,20,1,3,0.9892,4.43,22450812,12952.064,1732839
node3.tardis-apia.ldos-ut-pg0.wisc.cloudlab.us,alibabaBlock_163,s3fifo,0.1,13,20,1,1,0.9900,5.48,22450812,12952.064,1732839
node3.tardis-apia.ldos-ut-pg0.wisc.cloudlab.us,alibabaBlock_163,s3fifo,0.1,13,20,1,2,0.9900,5.50,22450812,12952.064,1732839
node3.tardis-apia.ldos-ut-pg0.wisc.cloudlab.us,alibabaBlock_163,s3fifo,0.1,13,20,1,3,0.9900,5.50,22450812,12952.064,1732839
node3.tardis-apia.ldos-ut-pg0.wisc.cloudlab.us,alibabaBlock_163,s3fifoforgive,0.1,13,20,1,1,0.9900,5.20,22450812,12952.064,1732839
node3.tardis-apia.ldos-ut-pg0.wisc.cloudlab.us,alibabaBlock_163,s3fifoforgive,0.1,13,20,1,2,0.9900,5.13,22450812,12952.064,1732839
node3.tardis-apia.ldos-ut-pg0.wisc.cloudlab.us,alibabaBlock_163,s3fifoforgive,0.1,13,20,1,3,0.9900,5.16,22450812,12952.064,1732839
node3.tardis-apia.ldos-ut-pg0.wisc.cloudlab.us,alibabaBlock_165,lru,10,3366,27,1,1,0.1697,0.49,14629357,33663.1808,1141408
node3.tardis-apia.ldos-ut-pg0.wisc.cloudlab.us,alibabaBlock_165,lru,10,3366,27,1,2,0.1697,0.48,14629357,33663.1808,1141408
node3.tardis-apia.ldos-ut-pg0.wisc.cloudlab.us,alibabaBlock_165,lru,10,3366,27,1,3,0.1697,0.48,14629357,33663.1808,1141408
node3.tardis-apia.ldos-ut-pg0.wisc.cloudlab.us,alibabaBlock_165,lruforgive,10,3366,27,1,1,0.1688,0.34,14629357,33663.1808,1141408
node3.tardis-apia.ldos-ut-pg0.wisc.cloudlab.us,alibabaBlock_165,lruforgive,10,3366,27,1,2,0.1689,0.34,14629357,33663.1808,1141408
node3.tardis-apia.ldos-ut-pg0.wisc.cloudlab.us,alibabaBlock_165,lruforgive,10,3366,27,1,3,0.1688,0.34,14629357,33663.1808,1141408
node3.tardis-apia.ldos-ut-pg0.wisc.cloudlab.us,alibabaBlock_165,s3fifo,10,3366,27,1,1,NA,NA,NA,33663.1808,1141408
node3.tardis-apia.ldos-ut-pg0.wisc.cloudlab.us,alibabaBlock_165,s3fifo,10,3366,27,1,2,0.1639,0.57,14629357,33663.1808,1141408
node3.tardis-apia.ldos-ut-pg0.wisc.cloudlab.us,alibabaBlock_165,s3fifo,10,3366,27,1,3,NA,NA,NA,33663.1808,1141408
node3.tardis-apia.ldos-ut-pg0.wisc.cloudlab.us,alibabaBlock_165,s3fifoforgive,10,3366,27,1,1,NA,NA,8840636,33663.1808,1141408
node3.tardis-apia.ldos-ut-pg0.wisc.cloudlab.us,alibabaBlock_165,s3fifoforgive,10,3366,27,1,2,0.1641,0.36,14629357,33663.1808,1141408
node3.tardis-apia.ldos-ut-pg0.wisc.cloudlab.us,alibabaBlock_165,s3fifoforgive,10,3366,27,1,3,0.1638,0.37,14629357,33663.1808,1141408
node3.tardis-apia.ldos-ut-pg0.wisc.cloudlab.us,alibabaBlock_165,lru,0.1,34,21,1,1,0.4481,1.73,14629357,33663.1808,1141408
node3.tardis-apia.ldos-ut-pg0.wisc.cloudlab.us,alibabaBlock_165,lru,0.1,34,21,1,2,0.4481,1.72,14629357,33663.1808,1141408
node3.tardis-apia.ldos-ut-pg0.wisc.cloudlab.us,alibabaBlock_165,lru,0.1,34,21,1,3,0.4481,1.74,14629357,33663.1808,1141408
node3.tardis-apia.ldos-ut-pg0.wisc.cloudlab.us,alibabaBlock_165,lruforgive,0.1,34,21,1,1,0.4435,0.90,14629357,33663.1808,1141408
node3.tardis-apia.ldos-ut-pg0.wisc.cloudlab.us,alibabaBlock_165,lruforgive,0.1,34,21,1,2,0.4435,0.91,14629357,33663.1808,1141408
node3.tardis-apia.ldos-ut-pg0.wisc.cloudlab.us,alibabaBlock_165,lruforgive,0.1,34,21,1,3,0.4435,0.89,14629357,33663.1808,1141408
node3.tardis-apia.ldos-ut-pg0.wisc.cloudlab.us,alibabaBlock_165,s3fifo,0.1,34,21,1,1,0.4407,1.93,14629357,33663.1808,1141408
node3.tardis-apia.ldos-ut-pg0.wisc.cloudlab.us,alibabaBlock_165,s3fifo,0.1,34,21,1,2,0.4407,1.97,14629357,33663.1808,1141408
node3.tardis-apia.ldos-ut-pg0.wisc.cloudlab.us,alibabaBlock_165,s3fifo,0.1,34,21,1,3,0.4407,1.93,14629357,33663.1808,1141408
node3.tardis-apia.ldos-ut-pg0.wisc.cloudlab.us,alibabaBlock_165,s3fifoforgive,0.1,34,21,1,1,0.4402,1.05,14629357,33663.1808,1141408
node3.tardis-apia.ldos-ut-pg0.wisc.cloudlab.us,alibabaBlock_165,s3fifoforgive,0.1,34,21,1,2,0.4402,1.04,14629357,33663.1808,1141408
node3.tardis-apia.ldos-ut-pg0.wisc.cloudlab.us,alibabaBlock_165,s3fifoforgive,0.1,34,21,1,3,0.4402,1.04,14629357,33663.1808,1141408
node3.tardis-apia.ldos-ut-pg0.wisc.cloudlab.us,alibabaBlock_166,lru,10,37094,27,1,1,0.7389,0.13,14859142,370944.1024,8912819
node3.tardis-apia.ldos-ut-pg0.wisc.cloudlab.us,alibabaBlock_166,lru,10,37094,27,1,2,0.7389,0.13,14859142,370944.1024,8912819
node3.tardis-apia.ldos-ut-pg0.wisc.cloudlab.us,alibabaBlock_166,lru,10,37094,27,1,3,0.7389,0.13,14859142,370944.1024,8912819
node3.tardis-apia.ldos-ut-pg0.wisc.cloudlab.us,alibabaBlock_166,lruforgive,10,37094,27,1,1,0.7385,0.13,14859142,370944.1024,8912819
node3.tardis-apia.ldos-ut-pg0.wisc.cloudlab.us,alibabaBlock_166,lruforgive,10,37094,27,1,2,0.7385,0.13,14859142,370944.1024,8912819
node3.tardis-apia.ldos-ut-pg0.wisc.cloudlab.us,alibabaBlock_166,lruforgive,10,37094,27,1,3,0.7385,0.13,14859142,370944.1024,8912819
node3.tardis-apia.ldos-ut-pg0.wisc.cloudlab.us,alibabaBlock_166,s3fifo,10,37094,27,1,1,NA,NA,NA,370944.1024,8912819
node3.tardis-apia.ldos-ut-pg0.wisc.cloudlab.us,alibabaBlock_166,s3fifo,10,37094,27,1,2,NA,NA,NA,370944.1024,8912819
node3.tardis-apia.ldos-ut-pg0.wisc.cloudlab.us,alibabaBlock_166,s3fifo,10,37094,27,1,3,NA,NA,NA,370944.1024,8912819
node3.tardis-apia.ldos-ut-pg0.wisc.cloudlab.us,alibabaBlock_166,s3fifoforgive,10,37094,27,1,1,NA,NA,NA,370944.1024,8912819
node3.tardis-apia.ldos-ut-pg0.wisc.cloudlab.us,alibabaBlock_166,s3fifoforgive,10,37094,27,1,2,NA,NA,NA,370944.1024,8912819
node3.tardis-apia.ldos-ut-pg0.wisc.cloudlab.us,alibabaBlock_166,s3fifoforgive,10,37094,27,1,3,NA,NA,NA,370944.1024,8912819
node3.tardis-apia.ldos-ut-pg0.wisc.cloudlab.us,alibabaBlock_166,lru,0.1,371,25,1,1,0.8202,0.21,14859142,370944.1024,8912819
node3.tardis-apia.ldos-ut-pg0.wisc.cloudlab.us,alibabaBlock_166,lru,0.1,371,25,1,2,0.8202,0.21,14859142,370944.1024,8912819
node3.tardis-apia.ldos-ut-pg0.wisc.cloudlab.us,alibabaBlock_166,lru,0.1,371,25,1,3,0.8202,0.21,14859142,370944.1024,8912819
node3.tardis-apia.ldos-ut-pg0.wisc.cloudlab.us,alibabaBlock_166,lruforgive,0.1,371,25,1,1,0.8200,0.20,14859142,370944.1024,8912819
node3.tardis-apia.ldos-ut-pg0.wisc.cloudlab.us,alibabaBlock_166,lruforgive,0.1,371,25,1,2,0.8200,0.20,14859142,370944.1024,8912819
node3.tardis-apia.ldos-ut-pg0.wisc.cloudlab.us,alibabaBlock_166,lruforgive,0.1,371,25,1,3,0.8200,0.20,14859142,370944.1024,8912819
node3.tardis-apia.ldos-ut-pg0.wisc.cloudlab.us,alibabaBlock_166,s3fifo,0.1,371,25,1,1,0.8228,0.23,14859142,370944.1024,8912819
node3.tardis-apia.ldos-ut-pg0.wisc.cloudlab.us,alibabaBlock_166,s3fifo,0.1,371,25,1,2,0.8228,0.23,14859142,370944.1024,8912819
node3.tardis-apia.ldos-ut-pg0.wisc.cloudlab.us,alibabaBlock_166,s3fifo,0.1,371,25,1,3,0.8228,0.23,14859142,370944.1024,8912819
node3.tardis-apia.ldos-ut-pg0.wisc.cloudlab.us,alibabaBlock_166,s3fifoforgive,0.1,371,25,1,1,0.8226,0.22,14859142,370944.1024,8912819
node3.tardis-apia.ldos-ut-pg0.wisc.cloudlab.us,alibabaBlock_166,s3fifoforgive,0.1,371,25,1,2,0.8226,0.22,14859142,370944.1024,8912819
node3.tardis-apia.ldos-ut-pg0.wisc.cloudlab.us,alibabaBlock_166,s3fifoforgive,0.1,371,25,1,3,0.8226,0.22,14859142,370944.1024,8912819
node3.tardis-apia.ldos-ut-pg0.wisc.cloudlab.us,alibabaBlock_169,lru,10,35426,27,1,1,0.7507,0.15,16200778,354259.5584,9619629
node3.tardis-apia.ldos-ut-pg0.wisc.cloudlab.us,alibabaBlock_169,lru,10,35426,27,1,2,0.7507,0.15,16200778,354259.5584,9619629
node3.tardis-apia.ldos-ut-pg0.wisc.cloudlab.us,alibabaBlock_169,lru,10,35426,27,1,3,0.7507,0.15,16200778,354259.5584,9619629
node3.tardis-apia.ldos-ut-pg0.wisc.cloudlab.us,alibabaBlock_169,lruforgive,10,35426,27,1,1,0.7503,0.14,16200778,354259.5584,9619629
node3.tardis-apia.ldos-ut-pg0.wisc.cloudlab.us,alibabaBlock_169,lruforgive,10,35426,27,1,2,0.7503,0.14,16200778,354259.5584,9619629
node3.tardis-apia.ldos-ut-pg0.wisc.cloudlab.us,alibabaBlock_169,lruforgive,10,35426,27,1,3,0.7503,0.14,16200778,354259.5584,9619629
node3.tardis-apia.ldos-ut-pg0.wisc.cloudlab.us,alibabaBlock_169,s3fifo,10,35426,27,1,1,NA,NA,NA,354259.5584,9619629
node3.tardis-apia.ldos-ut-pg0.wisc.cloudlab.us,alibabaBlock_169,s3fifo,10,35426,27,1,2,NA,NA,NA,354259.5584,9619629
node3.tardis-apia.ldos-ut-pg0.wisc.cloudlab.us,alibabaBlock_169,s3fifo,10,35426,27,1,3,NA,NA,NA,354259.5584,9619629
node3.tardis-apia.ldos-ut-pg0.wisc.cloudlab.us,alibabaBlock_169,s3fifoforgive,10,35426,27,1,1,NA,NA,NA,354259.5584,9619629
node3.tardis-apia.ldos-ut-pg0.wisc.cloudlab.us,alibabaBlock_169,s3fifoforgive,10,35426,27,1,2,NA,NA,NA,354259.5584,9619629
node3.tardis-apia.ldos-ut-pg0.wisc.cloudlab.us,alibabaBlock_169,s3fifoforgive,10,35426,27,1,3,NA,NA,NA,354259.5584,9619629
node3.tardis-apia.ldos-ut-pg0.wisc.cloudlab.us,alibabaBlock_169,lru,0.1,354,24,1,1,0.8310,0.23,16200778,354259.5584,9619629
node3.tardis-apia.ldos-ut-pg0.wisc.cloudlab.us,alibabaBlock_169,lru,0.1,354,24,1,2,0.8310,0.24,16200778,354259.5584,9619629
node3.tardis-apia.ldos-ut-pg0.wisc.cloudlab.us,alibabaBlock_169,lru,0.1,354,24,1,3,0.8310,0.23,16200778,354259.5584,9619629
node3.tardis-apia.ldos-ut-pg0.wisc.cloudlab.us,alibabaBlock_169,lruforgive,0.1,354,24,1,1,0.8308,0.22,16200778,354259.5584,9619629
node3.tardis-apia.ldos-ut-pg0.wisc.cloudlab.us,alibabaBlock_169,lruforgive,0.1,354,24,1,2,0.8308,0.22,16200778,354259.5584,9619629
node3.tardis-apia.ldos-ut-pg0.wisc.cloudlab.us,alibabaBlock_169,lruforgive,0.1,354,24,1,3,0.8308,0.22,16200778,354259.5584,9619629
node3.tardis-apia.ldos-ut-pg0.wisc.cloudlab.us,alibabaBlock_169,s3fifo,0.1,354,24,1,1,0.8294,0.26,16200778,354259.5584,9619629
node3.tardis-apia.ldos-ut-pg0.wisc.cloudlab.us,alibabaBlock_169,s3fifo,0.1,354,24,1,2,0.8294,0.26,16200778,354259.5584,9619629
node3.tardis-apia.ldos-ut-pg0.wisc.cloudlab.us,alibabaBlock_169,s3fifo,0.1,354,24,1,3,0.8295,0.25,16200778,354259.5584,9619629
node3.tardis-apia.ldos-ut-pg0.wisc.cloudlab.us,alibabaBlock_169,s3fifoforgive,0.1,354,24,1,1,0.8293,0.24,16200778,354259.5584,9619629
node3.tardis-apia.ldos-ut-pg0.wisc.cloudlab.us,alibabaBlock_169,s3fifoforgive,0.1,354,24,1,2,0.8293,0.24,16200778,354259.5584,9619629
node3.tardis-apia.ldos-ut-pg0.wisc.cloudlab.us,alibabaBlock_169,s3fifoforgive,0.1,354,24,1,3,0.8293,0.24,16200778,354259.5584,9619629
node3.tardis-apia.ldos-ut-pg0.wisc.cloudlab.us,alibabaBlock_17,lru,10,757,26,1,1,0.2004,0.85,11733732,7574.7328,1217259
node3.tardis-apia.ldos-ut-pg0.wisc.cloudlab.us,alibabaBlock_17,lru,10,757,26,1,2,0.2004,0.85,11733732,7574.7328,1217259
node3.tardis-apia.ldos-ut-pg0.wisc.cloudlab.us,alibabaBlock_17,lru,10,757,26,1,3,0.2004,0.84,11733732,7574.7328,1217259
node3.tardis-apia.ldos-ut-pg0.wisc.cloudlab.us,alibabaBlock_17,lruforgive,10,757,26,1,1,0.2003,0.42,11733732,7574.7328,1217259
node3.tardis-apia.ldos-ut-pg0.wisc.cloudlab.us,alibabaBlock_17,lruforgive,10,757,26,1,2,0.2003,0.42,11733732,7574.7328,1217259
node3.tardis-apia.ldos-ut-pg0.wisc.cloudlab.us,alibabaBlock_17,lruforgive,10,757,26,1,3,0.2003,0.41,11733732,7574.7328,1217259
node3.tardis-apia.ldos-ut-pg0.wisc.cloudlab.us,alibabaBlock_17,s3fifo,10,757,26,1,1,0.2370,0.93,11733732,7574.7328,1217259
node3.tardis-apia.ldos-ut-pg0.wisc.cloudlab.us,alibabaBlock_17,s3fifo,10,757,26,1,2,0.2370,0.92,11733732,7574.7328,1217259
node3.tardis-apia.ldos-ut-pg0.wisc.cloudlab.us,alibabaBlock_17,s3fifo,10,757,26,1,3,0.2370,0.93,11733732,7574.7328,1217259
node3.tardis-apia.ldos-ut-pg0.wisc.cloudlab.us,alibabaBlock_17,s3fifoforgive,10,757,26,1,1,0.2368,0.47,11733732,7574.7328,1217259
node3.tardis-apia.ldos-ut-pg0.wisc.cloudlab.us,alibabaBlock_17,s3fifoforgive,10,757,26,1,2,0.2368,0.47,11733732,7574.7328,1217259
node3.tardis-apia.ldos-ut-pg0.wisc.cloudlab.us,alibabaBlock_17,s3fifoforgive,10,757,26,1,3,0.2368,0.47,11733732,7574.7328,1217259
node3.tardis-apia.ldos-ut-pg0.wisc.cloudlab.us,alibabaBlock_17,lru,0.1,8,19,1,1,0.6071,2.07,11733732,7574.7328,1217259
node3.tardis-apia.ldos-ut-pg0.wisc.cloudlab.us,alibabaBlock_17,lru,0.1,8,19,1,2,0.6071,2.06,11733732,7574.7328,1217259
node3.tardis-apia.ldos-ut-pg0.wisc.cloudlab.us,alibabaBlock_17,lru,0.1,8,19,1,3,0.6071,2.08,11733732,7574.7328,1217259
node3.tardis-apia.ldos-ut-pg0.wisc.cloudlab.us,alibabaBlock_17,lruforgive,0.1,8,19,1,1,0.6030,1.18,11733732,7574.7328,1217259
node3.tardis-apia.ldos-ut-pg0.wisc.cloudlab.us,alibabaBlock_17,lruforgive,0.1,8,19,1,2,0.6030,1.18,11733732,7574.7328,1217259
node3.tardis-apia.ldos-ut-pg0.wisc.cloudlab.us,alibabaBlock_17,lruforgive,0.1,8,19,1,3,0.6030,1.18,11733732,7574.7328,1217259
node3.tardis-apia.ldos-ut-pg0.wisc.cloudlab.us,alibabaBlock_17,s3fifo,0.1,8,19,1,1,0.5856,2.19,11733732,7574.7328,1217259
node3.tardis-apia.ldos-ut-pg0.wisc.cloudlab.us,alibabaBlock_17,s3fifo,0.1,8,19,1,2,0.5856,2.19,11733732,7574.7328,1217259
node3.tardis-apia.ldos-ut-pg0.wisc.cloudlab.us,alibabaBlock_17,s3fifo,0.1,8,19,1,3,0.5856,2.18,11733732,7574.7328,1217259
node3.tardis-apia.ldos-ut-pg0.wisc.cloudlab.us,alibabaBlock_17,s3fifoforgive,0.1,8,19,1,1,0.5854,1.25,11733732,7574.7328,1217259
node3.tardis-apia.ldos-ut-pg0.wisc.cloudlab.us,alibabaBlock_17,s3fifoforgive,0.1,8,19,1,2,0.5854,1.25,11733732,7574.7328,1217259
node3.tardis-apia.ldos-ut-pg0.wisc.cloudlab.us,alibabaBlock_17,s3fifoforgive,0.1,8,19,1,3,0.5854,1.26,11733732,7574.7328,1217259
node3.tardis-apia.ldos-ut-pg0.wisc.cloudlab.us,alibabaBlock_173,lru,10,1462,27,1,1,0.1135,1.03,37822558,14621.3888,1550077
node3.tardis-apia.ldos-ut-pg0.wisc.cloudlab.us,alibabaBlock_173,lru,10,1462,27,1,2,0.1135,1.03,37822558,14621.3888,1550077
node3.tardis-apia.ldos-ut-pg0.wisc.cloudlab.us,alibabaBlock_173,lru,10,1462,27,1,3,0.1135,1.03,37822558,14621.3888,1550077
node3.tardis-apia.ldos-ut-pg0.wisc.cloudlab.us,alibabaBlock_173,lruforgive,10,1462,27,1,1,0.1131,0.46,37822558,14621.3888,1550077
node3.tardis-apia.ldos-ut-pg0.wisc.cloudlab.us,alibabaBlock_173,lruforgive,10,1462,27,1,2,0.1131,0.46,37822558,14621.3888,1550077
node3.tardis-apia.ldos-ut-pg0.wisc.cloudlab.us,alibabaBlock_173,lruforgive,10,1462,27,1,3,0.1131,0.46,37822558,14621.3888,1550077
node3.tardis-apia.ldos-ut-pg0.wisc.cloudlab.us,alibabaBlock_173,s3fifo,10,1462,27,1,1,NA,NA,NA,14621.3888,1550077
node3.tardis-apia.ldos-ut-pg0.wisc.cloudlab.us,alibabaBlock_173,s3fifo,10,1462,27,1,2,NA,NA,NA,14621.3888,1550077
node3.tardis-apia.ldos-ut-pg0.wisc.cloudlab.us,alibabaBlock_173,s3fifo,10,1462,27,1,3,NA,NA,NA,14621.3888,1550077
node3.tardis-apia.ldos-ut-pg0.wisc.cloudlab.us,alibabaBlock_173,s3fifoforgive,10,1462,27,1,1,NA,NA,NA,14621.3888,1550077
node3.tardis-apia.ldos-ut-pg0.wisc.cloudlab.us,alibabaBlock_173,s3fifoforgive,10,1462,27,1,2,0.1345,0.50,37822558,14621.3888,1550077
node3.tardis-apia.ldos-ut-pg0.wisc.cloudlab.us,alibabaBlock_173,s3fifoforgive,10,1462,27,1,3,0.1346,0.50,37822558,14621.3888,1550077
node3.tardis-apia.ldos-ut-pg0.wisc.cloudlab.us,alibabaBlock_173,lru,0.1,15,20,1,1,0.2389,3.17,37822558,14621.3888,1550077
node3.tardis-apia.ldos-ut-pg0.wisc.cloudlab.us,alibabaBlock_173,lru,0.1,15,20,1,2,0.2389,3.18,37822558,14621.3888,1550077
node3.tardis-apia.ldos-ut-pg0.wisc.cloudlab.us,alibabaBlock_173,lru,0.1,15,20,1,3,0.2389,3.16,37822558,14621.3888,1550077
node3.tardis-apia.ldos-ut-pg0.wisc.cloudlab.us,alibabaBlock_173,lruforgive,0.1,15,20,1,1,0.2372,1.05,37822558,14621.3888,1550077
node3.tardis-apia.ldos-ut-pg0.wisc.cloudlab.us,alibabaBlock_173,lruforgive,0.1,15,20,1,2,0.2372,1.05,37822558,14621.3888,1550077
node3.tardis-apia.ldos-ut-pg0.wisc.cloudlab.us,alibabaBlock_173,lruforgive,0.1,15,20,1,3,0.2372,1.05,37822558,14621.3888,1550077
node3.tardis-apia.ldos-ut-pg0.wisc.cloudlab.us,alibabaBlock_173,s3fifo,0.1,15,20,1,1,0.2344,3.39,37822558,14621.3888,1550077
node3.tardis-apia.ldos-ut-pg0.wisc.cloudlab.us,alibabaBlock_173,s3fifo,0.1,15,20,1,2,0.2344,3.39,37822558,14621.3888,1550077
node3.tardis-apia.ldos-ut-pg0.wisc.cloudlab.us,alibabaBlock_173,s3fifo,0.1,15,20,1,3,0.2344,3.41,37822558,14621.3888,1550077
node3.tardis-apia.ldos-ut-pg0.wisc.cloudlab.us,alibabaBlock_173,s3fifoforgive,0.1,15,20,1,1,0.2343,1.13,37822558,14621.3888,1550077
node3.tardis-apia.ldos-ut-pg0.wisc.cloudlab.us,alibabaBlock_173,s3fifoforgive,0.1,15,20,1,2,0.2343,1.12,37822558,14621.3888,1550077
node3.tardis-apia.ldos-ut-pg0.wisc.cloudlab.us,alibabaBlock_173,s3fifoforgive,0.1,15,20,1,3,0.2343,1.12,37822558,14621.3888,1550077
node3.tardis-apia.ldos-ut-pg0.wisc.cloudlab.us,alibabaBlock_174,lru,10,1367,26,1,1,0.1066,1.10,40118663,13674.0864,1468708
node3.tardis-apia.ldos-ut-pg0.wisc.cloudlab.us,alibabaBlock_174,lru,10,1367,26,1,2,0.1066,1.08,40118663,13674.0864,1468708
node3.tardis-apia.ldos-ut-pg0.wisc.cloudlab.us,alibabaBlock_174,lru,10,1367,26,1,3,0.1066,1.07,40118663,13674.0864,1468708
node3.tardis-apia.ldos-ut-pg0.wisc.cloudlab.us,alibabaBlock_174,lruforgive,10,1367,26,1,1,0.1062,0.48,40118663,13674.0864,1468708
node3.tardis-apia.ldos-ut-pg0.wisc.cloudlab.us,alibabaBlock_174,lruforgive,10,1367,26,1,2,0.1062,0.48,40118663,13674.0864,1468708
node3.tardis-apia.ldos-ut-pg0.wisc.cloudlab.us,alibabaBlock_174,lruforgive,10,1367,26,1,3,0.1062,0.48,40118663,13674.0864,1468708
node3.tardis-apia.ldos-ut-pg0.wisc.cloudlab.us,alibabaBlock_174,s3fifo,10,1367,26,1,1,NA,NA,NA,13674.0864,1468708
node3.tardis-apia.ldos-ut-pg0.wisc.cloudlab.us,alibabaBlock_174,s3fifo,10,1367,26,1,2,NA,NA,NA,13674.0864,1468708
node3.tardis-apia.ldos-ut-pg0.wisc.cloudlab.us,alibabaBlock_174,s3fifo,10,1367,26,1,3,NA,NA,NA,13674.0864,1468708
node3.tardis-apia.ldos-ut-pg0.wisc.cloudlab.us,alibabaBlock_174,s3fifoforgive,10,1367,26,1,1,0.1290,0.52,40118663,13674.0864,1468708
node3.tardis-apia.ldos-ut-pg0.wisc.cloudlab.us,alibabaBlock_174,s3fifoforgive,10,1367,26,1,2,0.1290,0.52,40118663,13674.0864,1468708
node3.tardis-apia.ldos-ut-pg0.wisc.cloudlab.us,alibabaBlock_174,s3fifoforgive,10,1367,26,1,3,0.1290,0.52,40118663,13674.0864,1468708
node3.tardis-apia.ldos-ut-pg0.wisc.cloudlab.us,alibabaBlock_174,lru,0.1,14,20,1,1,0.2676,2.95,40118663,13674.0864,1468708
node3.tardis-apia.ldos-ut-pg0.wisc.cloudlab.us,alibabaBlock_174,lru,0.1,14,20,1,2,0.2676,2.94,40118663,13674.0864,1468708
node3.tardis-apia.ldos-ut-pg0.wisc.cloudlab.us,alibabaBlock_174,lru,0.1,14,20,1,3,0.2676,2.99,40118663,13674.0864,1468708
node3.tardis-apia.ldos-ut-pg0.wisc.cloudlab.us,alibabaBlock_174,lruforgive,0.1,14,20,1,1,0.2684,1.08,40118663,13674.0864,1468708
node3.tardis-apia.ldos-ut-pg0.wisc.cloudlab.us,alibabaBlock_174,lruforgive,0.1,14,20,1,2,0.2684,1.08,40118663,13674.0864,1468708
node3.tardis-apia.ldos-ut-pg0.wisc.cloudlab.us,alibabaBlock_174,lruforgive,0.1,14,20,1,3,0.2684,1.08,40118663,13674.0864,1468708
node3.tardis-apia.ldos-ut-pg0.wisc.cloudlab.us,alibabaBlock_174,s3fifo,0.1,14,20,1,1,0.2576,3.16,40118663,13674.0864,1468708
node3.tardis-apia.ldos-ut-pg0.wisc.cloudlab.us,alibabaBlock_174,s3fifo,0.1,14,20,1,2,0.2576,3.19,40118663,13674.0864,1468708
node3.tardis-apia.ldos-ut-pg0.wisc.cloudlab.us,alibabaBlock_174,s3fifo,0.1,14,20,1,3,0.2576,3.21,40118663,13674.0864,1468708
node3.tardis-apia.ldos-ut-pg0.wisc.cloudlab.us,alibabaBlock_174,s3fifoforgive,0.1,14,20,1,1,0.2578,1.16,40118663,13674.0864,1468708
node3.tardis-apia.ldos-ut-pg0.wisc.cloudlab.us,alibabaBlock_174,s3fifoforgive,0.1,14,20,1,2,0.2578,1.16,40118663,13674.0864,1468708
node3.tardis-apia.ldos-ut-pg0.wisc.cloudlab.us,alibabaBlock_174,s3fifoforgive,0.1,14,20,1,3,0.2578,1.15,40118663,13674.0864,1468708
node3.tardis-apia.ldos-ut-pg0.wisc.cloudlab.us,alibabaBlock_176,lru,10,36143,27,1,1,0.1062,0.13,18962677,361430.4256,1628238
node3.tardis-apia.ldos-ut-pg0.wisc.cloudlab.us,alibabaBlock_176,lru,10,36143,27,1,2,0.1062,0.13,18962677,361430.4256,1628238
node3.tardis-apia.ldos-ut-pg0.wisc.cloudlab.us,alibabaBlock_176,lru,10,36143,27,1,3,0.1062,0.13,18962677,361430.4256,1628238
node3.tardis-apia.ldos-ut-pg0.wisc.cloudlab.us,alibabaBlock_176,lruforgive,10,36143,27,1,1,0.1059,0.12,18962677,361430.4256,1628238
node3.tardis-apia.ldos-ut-pg0.wisc.cloudlab.us,alibabaBlock_176,lruforgive,10,36143,27,1,2,0.1059,0.12,18962677,361430.4256,1628238
node3.tardis-apia.ldos-ut-pg0.wisc.cloudlab.us,alibabaBlock_176,lruforgive,10,36143,27,1,3,0.1059,0.12,18962677,361430.4256,1628238
node3.tardis-apia.ldos-ut-pg0.wisc.cloudlab.us,alibabaBlock_176,s3fifo,10,36143,27,1,1,0.1045,0.13,18962677,361430.4256,1628238
node3.tardis-apia.ldos-ut-pg0.wisc.cloudlab.us,alibabaBlock_176,s3fifo,10,36143,27,1,2,0.1045,0.13,18962677,361430.4256,1628238
node3.tardis-apia.ldos-ut-pg0.wisc.cloudlab.us,alibabaBlock_176,s3fifo,10,36143,27,1,3,0.1045,0.13,18962677,361430.4256,1628238
node3.tardis-apia.ldos-ut-pg0.wisc.cloudlab.us,alibabaBlock_176,s3fifoforgive,10,36143,27,1,1,0.1045,0.12,18962677,361430.4256,1628238
node3.tardis-apia.ldos-ut-pg0.wisc.cloudlab.us,alibabaBlock_176,s3fifoforgive,10,36143,27,1,2,0.1045,0.12,18962677,361430.4256,1628238
node3.tardis-apia.ldos-ut-pg0.wisc.cloudlab.us,alibabaBlock_176,s3fifoforgive,10,36143,27,1,3,0.1045,0.12,18962677,361430.4256,1628238
node3.tardis-apia.ldos-ut-pg0.wisc.cloudlab.us,alibabaBlock_176,lru,0.1,361,24,1,1,0.1158,0.18,18962677,361430.4256,1628238
node3.tardis-apia.ldos-ut-pg0.wisc.cloudlab.us,alibabaBlock_176,lru,0.1,361,24,1,2,0.1158,0.18,18962677,361430.4256,1628238
node3.tardis-apia.ldos-ut-pg0.wisc.cloudlab.us,alibabaBlock_176,lru,0.1,361,24,1,3,0.1158,0.18,18962677,361430.4256,1628238
node3.tardis-apia.ldos-ut-pg0.wisc.cloudlab.us,alibabaBlock_176,lruforgive,0.1,361,24,1,1,0.1157,0.16,18962677,361430.4256,1628238
node3.tardis-apia.ldos-ut-pg0.wisc.cloudlab.us,alibabaBlock_176,lruforgive,0.1,361,24,1,2,0.1157,0.16,18962677,361430.4256,1628238
node3.tardis-apia.ldos-ut-pg0.wisc.cloudlab.us,alibabaBlock_176,lruforgive,0.1,361,24,1,3,0.1157,0.16,18962677,361430.4256,1628238
node3.tardis-apia.ldos-ut-pg0.wisc.cloudlab.us,alibabaBlock_176,s3fifo,0.1,361,24,1,1,NA,NA,NA,361430.4256,1628238
node3.tardis-apia.ldos-ut-pg0.wisc.cloudlab.us,alibabaBlock_176,s3fifo,0.1,361,24,1,2,0.1144,0.18,18962677,361430.4256,1628238
node3.tardis-apia.ldos-ut-pg0.wisc.cloudlab.us,alibabaBlock_176,s3fifo,0.1,361,24,1,3,0.1144,0.18,18962677,361430.4256,1628238
node3.tardis-apia.ldos-ut-pg0.wisc.cloudlab.us,alibabaBlock_176,s3fifoforgive,0.1,361,24,1,1,0.1144,0.16,18962677,361430.4256,1628238
node3.tardis-apia.ldos-ut-pg0.wisc.cloudlab.us,alibabaBlock_176,s3fifoforgive,0.1,361,24,1,2,0.1144,0.16,18962677,361430.4256,1628238
node3.tardis-apia.ldos-ut-pg0.wisc.cloudlab.us,alibabaBlock_176,s3fifoforgive,0.1,361,24,1,3,NA,0.16,11009478,361430.4256,1628238
node3.tardis-apia.ldos-ut-pg0.wisc.cloudlab.us,alibabaBlock_177,lru,10,61551,27,1,1,0.0768,0.52,361717172,615506.1248,16389384
node3.tardis-apia.ldos-ut-pg0.wisc.cloudlab.us,alibabaBlock_177,lru,10,61551,27,1,2,0.0768,0.51,361717172,615506.1248,16389384
node3.tardis-apia.ldos-ut-pg0.wisc.cloudlab.us,alibabaBlock_177,lru,10,61551,27,1,3,0.0768,0.52,361717172,615506.1248,16389384
node3.tardis-apia.ldos-ut-pg0.wisc.cloudlab.us,alibabaBlock_177,lruforgive,10,61551,27,1,1,0.0768,0.25,361717172,615506.1248,16389384
node3.tardis-apia.ldos-ut-pg0.wisc.cloudlab.us,alibabaBlock_177,lruforgive,10,61551,27,1,2,0.0768,0.24,361717172,615506.1248,16389384
node3.tardis-apia.ldos-ut-pg0.wisc.cloudlab.us,alibabaBlock_177,lruforgive,10,61551,27,1,3,0.0768,0.24,361717172,615506.1248,16389384
node3.tardis-apia.ldos-ut-pg0.wisc.cloudlab.us,alibabaBlock_177,s3fifo,10,61551,27,1,1,0.0814,0.63,361717172,615506.1248,16389384
node3.tardis-apia.ldos-ut-pg0.wisc.cloudlab.us,alibabaBlock_177,s3fifo,10,61551,27,1,2,0.0814,0.62,361717172,615506.1248,16389384
node3.tardis-apia.ldos-ut-pg0.wisc.cloudlab.us,alibabaBlock_177,s3fifo,10,61551,27,1,3,0.0814,0.62,361717172,615506.1248,16389384
node3.tardis-apia.ldos-ut-pg0.wisc.cloudlab.us,alibabaBlock_177,s3fifoforgive,10,61551,27,1,1,0.0814,0.29,361717172,615506.1248,16389384
node3.tardis-apia.ldos-ut-pg0.wisc.cloudlab.us,alibabaBlock_177,s3fifoforgive,10,61551,27,1,2,0.0814,0.29,361717172,615506.1248,16389384
node3.tardis-apia.ldos-ut-pg0.wisc.cloudlab.us,alibabaBlock_177,s3fifoforgive,10,61551,27,1,3,0.0814,0.29,361717172,615506.1248,16389384
node3.tardis-apia.ldos-ut-pg0.wisc.cloudlab.us,alibabaBlock_177,lru,0.1,616,25,1,1,0.3843,0.30,361717172,615506.1248,16389384
node3.tardis-apia.ldos-ut-pg0.wisc.cloudlab.us,alibabaBlock_177,lru,0.1,616,25,1,2,0.3843,0.29,361717172,615506.1248,16389384
node3.tardis-apia.ldos-ut-pg0.wisc.cloudlab.us,alibabaBlock_177,lru,0.1,616,25,1,3,0.3843,0.30,361717172,615506.1248,16389384
node3.tardis-apia.ldos-ut-pg0.wisc.cloudlab.us,alibabaBlock_177,lruforgive,0.1,616,25,1,1,NA,0.19,221583266,615506.1248,16389384
node3.tardis-apia.ldos-ut-pg0.wisc.cloudlab.us,alibabaBlock_177,lruforgive,0.1,616,25,1,2,NA,0.19,221583266,615506.1248,16389384
node3.tardis-apia.ldos-ut-pg0.wisc.cloudlab.us,alibabaBlock_177,lruforgive,0.1,616,25,1,3,NA,0.19,221583266,615506.1248,16389384
node3.tardis-apia.ldos-ut-pg0.wisc.cloudlab.us,alibabaBlock_177,s3fifo,0.1,616,25,1,1,0.3769,0.44,361717172,615506.1248,16389384
node3.tardis-apia.ldos-ut-pg0.wisc.cloudlab.us,alibabaBlock_177,s3fifo,0.1,616,25,1,2,0.3769,0.45,361717172,615506.1248,16389384
node3.tardis-apia.ldos-ut-pg0.wisc.cloudlab.us,alibabaBlock_177,s3fifo,0.1,616,25,1,3,0.3769,0.45,361717172,615506.1248,16389384
node3.tardis-apia.ldos-ut-pg0.wisc.cloudlab.us,alibabaBlock_177,s3fifoforgive,0.1,616,25,1,1,0.3768,0.29,361717172,615506.1248,16389384
node3.tardis-apia.ldos-ut-pg0.wisc.cloudlab.us,alibabaBlock_177,s3fifoforgive,0.1,616,25,1,2,0.3768,0.29,361717172,615506.1248,16389384
node3.tardis-apia.ldos-ut-pg0.wisc.cloudlab.us,alibabaBlock_177,s3fifoforgive,0.1,616,25,1,3,0.3768,0.29,361717172,615506.1248,16389384
node3.tardis-apia.ldos-ut-pg0.wisc.cloudlab.us,alibabaBlock_178,lru,10,249536,27,1,1,NA_TOOBIG,NA,NA,2495363.2768,59387580
node3.tardis-apia.ldos-ut-pg0.wisc.cloudlab.us,alibabaBlock_178,lru,10,249536,27,1,2,NA_TOOBIG,NA,NA,2495363.2768,59387580
node3.tardis-apia.ldos-ut-pg0.wisc.cloudlab.us,alibabaBlock_178,lru,10,249536,27,1,3,NA_TOOBIG,NA,NA,2495363.2768,59387580
node3.tardis-apia.ldos-ut-pg0.wisc.cloudlab.us,alibabaBlock_178,lruforgive,10,249536,27,1,1,NA_TOOBIG,NA,NA,2495363.2768,59387580
node3.tardis-apia.ldos-ut-pg0.wisc.cloudlab.us,alibabaBlock_178,lruforgive,10,249536,27,1,2,NA_TOOBIG,NA,NA,2495363.2768,59387580
node3.tardis-apia.ldos-ut-pg0.wisc.cloudlab.us,alibabaBlock_178,lruforgive,10,249536,27,1,3,NA_TOOBIG,NA,NA,2495363.2768,59387580
node3.tardis-apia.ldos-ut-pg0.wisc.cloudlab.us,alibabaBlock_178,s3fifo,10,249536,27,1,1,NA_TOOBIG,NA,NA,2495363.2768,59387580
node3.tardis-apia.ldos-ut-pg0.wisc.cloudlab.us,alibabaBlock_178,s3fifo,10,249536,27,1,2,NA_TOOBIG,NA,NA,2495363.2768,59387580
node3.tardis-apia.ldos-ut-pg0.wisc.cloudlab.us,alibabaBlock_178,s3fifo,10,249536,27,1,3,NA_TOOBIG,NA,NA,2495363.2768,59387580
node3.tardis-apia.ldos-ut-pg0.wisc.cloudlab.us,alibabaBlock_178,s3fifoforgive,10,249536,27,1,1,NA_TOOBIG,NA,NA,2495363.2768,59387580
node3.tardis-apia.ldos-ut-pg0.wisc.cloudlab.us,alibabaBlock_178,s3fifoforgive,10,249536,27,1,2,NA_TOOBIG,NA,NA,2495363.2768,59387580
node3.tardis-apia.ldos-ut-pg0.wisc.cloudlab.us,alibabaBlock_178,s3fifoforgive,10,249536,27,1,3,NA_TOOBIG,NA,NA,2495363.2768,59387580
node3.tardis-apia.ldos-ut-pg0.wisc.cloudlab.us,alibabaBlock_178,lru,0.1,2495,27,1,1,NA,NA,NA,2495363.2768,59387580
node3.tardis-apia.ldos-ut-pg0.wisc.cloudlab.us,alibabaBlock_178,lru,0.1,2495,27,1,2,NA,NA,NA,2495363.2768,59387580
node3.tardis-apia.ldos-ut-pg0.wisc.cloudlab.us,alibabaBlock_178,lru,0.1,2495,27,1,3,NA,NA,NA,2495363.2768,59387580
node3.tardis-apia.ldos-ut-pg0.wisc.cloudlab.us,alibabaBlock_178,lruforgive,0.1,2495,27,1,1,NA,NA,NA,2495363.2768,59387580
node3.tardis-apia.ldos-ut-pg0.wisc.cloudlab.us,alibabaBlock_178,lruforgive,0.1,2495,27,1,2,NA,NA,NA,2495363.2768,59387580
node3.tardis-apia.ldos-ut-pg0.wisc.cloudlab.us,alibabaBlock_178,lruforgive,0.1,2495,27,1,3,NA,NA,NA,2495363.2768,59387580
node3.tardis-apia.ldos-ut-pg0.wisc.cloudlab.us,alibabaBlock_178,s3fifo,0.1,2495,27,1,1,NA,NA,NA,2495363.2768,59387580
node3.tardis-apia.ldos-ut-pg0.wisc.cloudlab.us,alibabaBlock_178,s3fifo,0.1,2495,27,1,2,NA,NA,NA,2495363.2768,59387580
node3.tardis-apia.ldos-ut-pg0.wisc.cloudlab.us,alibabaBlock_178,s3fifo,0.1,2495,27,1,3,NA,NA,NA,2495363.2768,59387580
node3.tardis-apia.ldos-ut-pg0.wisc.cloudlab.us,alibabaBlock_178,s3fifoforgive,0.1,2495,27,1,1,NA,NA,NA,2495363.2768,59387580
node3.tardis-apia.ldos-ut-pg0.wisc.cloudlab.us,alibabaBlock_178,s3fifoforgive,0.1,2495,27,1,2,NA,NA,NA,2495363.2768,59387580
node3.tardis-apia.ldos-ut-pg0.wisc.cloudlab.us,alibabaBlock_178,s3fifoforgive,0.1,2495,27,1,3,NA,NA,NA,2495363.2768,59387580
node3.tardis-apia.ldos-ut-pg0.wisc.cloudlab.us,alibabaBlock_18,lru,10,35571,27,1,1,0.7299,0.14,14139816,355708.928,8530933
node3.tardis-apia.ldos-ut-pg0.wisc.cloudlab.us,alibabaBlock_18,lru,10,35571,27,1,2,0.7299,0.13,14139816,355708.928,8530933
node3.tardis-apia.ldos-ut-pg0.wisc.cloudlab.us,alibabaBlock_18,lru,10,35571,27,1,3,0.7299,0.13,14139816,355708.928,8530933
node3.tardis-apia.ldos-ut-pg0.wisc.cloudlab.us,alibabaBlock_18,lruforgive,10,35571,27,1,1,0.7295,0.13,14139816,355708.928,8530933
node3.tardis-apia.ldos-ut-pg0.wisc.cloudlab.us,alibabaBlock_18,lruforgive,10,35571,27,1,2,0.7295,0.13,14139816,355708.928,8530933
node3.tardis-apia.ldos-ut-pg0.wisc.cloudlab.us,alibabaBlock_18,lruforgive,10,35571,27,1,3,0.7295,0.13,14139816,355708.928,8530933
node3.tardis-apia.ldos-ut-pg0.wisc.cloudlab.us,alibabaBlock_18,s3fifo,10,35571,27,1,1,NA,NA,NA,355708.928,8530933
node3.tardis-apia.ldos-ut-pg0.wisc.cloudlab.us,alibabaBlock_18,s3fifo,10,35571,27,1,2,NA,NA,NA,355708.928,8530933
node3.tardis-apia.ldos-ut-pg0.wisc.cloudlab.us,alibabaBlock_18,s3fifo,10,35571,27,1,3,NA,NA,NA,355708.928,8530933
node3.tardis-apia.ldos-ut-pg0.wisc.cloudlab.us,alibabaBlock_18,s3fifoforgive,10,35571,27,1,1,NA,NA,8521384,355708.928,8530933
node3.tardis-apia.ldos-ut-pg0.wisc.cloudlab.us,alibabaBlock_18,s3fifoforgive,10,35571,27,1,2,NA,NA,8521384,355708.928,8530933
node3.tardis-apia.ldos-ut-pg0.wisc.cloudlab.us,alibabaBlock_18,s3fifoforgive,10,35571,27,1,3,NA,NA,8521384,355708.928,8530933
node3.tardis-apia.ldos-ut-pg0.wisc.cloudlab.us,alibabaBlock_18,lru,0.1,356,24,1,1,0.8140,0.22,14139816,355708.928,8530933
node3.tardis-apia.ldos-ut-pg0.wisc.cloudlab.us,alibabaBlock_18,lru,0.1,356,24,1,2,0.8140,0.22,14139816,355708.928,8530933
node3.tardis-apia.ldos-ut-pg0.wisc.cloudlab.us,alibabaBlock_18,lru,0.1,356,24,1,3,0.8140,0.22,14139816,355708.928,8530933
node3.tardis-apia.ldos-ut-pg0.wisc.cloudlab.us,alibabaBlock_18,lruforgive,0.1,356,24,1,1,0.8138,0.20,14139816,355708.928,8530933
node3.tardis-apia.ldos-ut-pg0.wisc.cloudlab.us,alibabaBlock_18,lruforgive,0.1,356,24,1,2,0.8138,0.20,14139816,355708.928,8530933
node3.tardis-apia.ldos-ut-pg0.wisc.cloudlab.us,alibabaBlock_18,lruforgive,0.1,356,24,1,3,0.8138,0.20,14139816,355708.928,8530933
node3.tardis-apia.ldos-ut-pg0.wisc.cloudlab.us,alibabaBlock_18,s3fifo,0.1,356,24,1,1,0.8169,0.24,14139816,355708.928,8530933
node3.tardis-apia.ldos-ut-pg0.wisc.cloudlab.us,alibabaBlock_18,s3fifo,0.1,356,24,1,2,0.8169,0.24,14139816,355708.928,8530933
node3.tardis-apia.ldos-ut-pg0.wisc.cloudlab.us,alibabaBlock_18,s3fifo,0.1,356,24,1,3,0.8169,0.24,14139816,355708.928,8530933
node3.tardis-apia.ldos-ut-pg0.wisc.cloudlab.us,alibabaBlock_18,s3fifoforgive,0.1,356,24,1,1,0.8168,0.23,14139816,355708.928,8530933
node3.tardis-apia.ldos-ut-pg0.wisc.cloudlab.us,alibabaBlock_18,s3fifoforgive,0.1,356,24,1,2,0.8168,0.23,14139816,355708.928,8530933
node3.tardis-apia.ldos-ut-pg0.wisc.cloudlab.us,alibabaBlock_18,s3fifoforgive,0.1,356,24,1,3,0.8168,0.23,14139816,355708.928,8530933
node3.tardis-apia.ldos-ut-pg0.wisc.cloudlab.us,alibabaBlock_181,lru,10,1342,26,1,1,0.0442,2.07,77288994,13420.2368,2330525
node3.tardis-apia.ldos-ut-pg0.wisc.cloudlab.us,alibabaBlock_181,lru,10,1342,26,1,2,0.0442,2.07,77288994,13420.2368,2330525
node3.tardis-apia.ldos-ut-pg0.wisc.cloudlab.us,alibabaBlock_181,lru,10,1342,26,1,3,0.0442,2.10,77288994,13420.2368,2330525
node3.tardis-apia.ldos-ut-pg0.wisc.cloudlab.us,alibabaBlock_181,lruforgive,10,1342,26,1,1,0.0442,0.67,77288994,13420.2368,2330525
node3.tardis-apia.ldos-ut-pg0.wisc.cloudlab.us,alibabaBlock_181,lruforgive,10,1342,26,1,2,0.0442,0.67,77288994,13420.2368,2330525
node3.tardis-apia.ldos-ut-pg0.wisc.cloudlab.us,alibabaBlock_181,lruforgive,10,1342,26,1,3,0.0442,0.66,77288994,13420.2368,2330525
node3.tardis-apia.ldos-ut-pg0.wisc.cloudlab.us,alibabaBlock_181,s3fifo,10,1342,26,1,1,NA,NA,NA,13420.2368,2330525
node3.tardis-apia.ldos-ut-pg0.wisc.cloudlab.us,alibabaBlock_181,s3fifo,10,1342,26,1,2,NA,NA,NA,13420.2368,2330525
node3.tardis-apia.ldos-ut-pg0.wisc.cloudlab.us,alibabaBlock_181,s3fifo,10,1342,26,1,3,NA,NA,NA,13420.2368,2330525
node3.tardis-apia.ldos-ut-pg0.wisc.cloudlab.us,alibabaBlock_181,s3fifoforgive,10,1342,26,1,1,NA,NA,NA,13420.2368,2330525
node3.tardis-apia.ldos-ut-pg0.wisc.cloudlab.us,alibabaBlock_181,s3fifoforgive,10,1342,26,1,2,0.0518,0.62,77288994,13420.2368,2330525
node3.tardis-apia.ldos-ut-pg0.wisc.cloudlab.us,alibabaBlock_181,s3fifoforgive,10,1342,26,1,3,0.0518,0.63,77288994,13420.2368,2330525
node3.tardis-apia.ldos-ut-pg0.wisc.cloudlab.us,alibabaBlock_181,lru,0.1,13,20,1,1,0.8972,5.53,77288994,13420.2368,2330525
node3.tardis-apia.ldos-ut-pg0.wisc.cloudlab.us,alibabaBlock_181,lru,0.1,13,20,1,2,0.8972,5.52,77288994,13420.2368,2330525
node3.tardis-apia.ldos-ut-pg0.wisc.cloudlab.us,alibabaBlock_181,lru,0.1,13,20,1,3,0.8972,5.41,77288994,13420.2368,2330525
node3.tardis-apia.ldos-ut-pg0.wisc.cloudlab.us,alibabaBlock_181,lruforgive,0.1,13,20,1,1,0.8860,4.13,77288994,13420.2368,2330525
node3.tardis-apia.ldos-ut-pg0.wisc.cloudlab.us,alibabaBlock_181,lruforgive,0.1,13,20,1,2,0.8860,4.09,77288994,13420.2368,2330525
node3.tardis-apia.ldos-ut-pg0.wisc.cloudlab.us,alibabaBlock_181,lruforgive,0.1,13,20,1,3,0.8860,4.08,77288994,13420.2368,2330525
node3.tardis-apia.ldos-ut-pg0.wisc.cloudlab.us,alibabaBlock_181,s3fifo,0.1,13,20,1,1,NA,NA,NA,13420.2368,2330525
node3.tardis-apia.ldos-ut-pg0.wisc.cloudlab.us,alibabaBlock_181,s3fifo,0.1,13,20,1,2,NA,NA,NA,13420.2368,2330525
node3.tardis-apia.ldos-ut-pg0.wisc.cloudlab.us,alibabaBlock_181,s3fifo,0.1,13,20,1,3,NA,NA,NA,13420.2368,2330525
node3.tardis-apia.ldos-ut-pg0.wisc.cloudlab.us,alibabaBlock_181,s3fifoforgive,0.1,13,20,1,1,0.8902,4.61,77288994,13420.2368,2330525
node3.tardis-apia.ldos-ut-pg0.wisc.cloudlab.us,alibabaBlock_181,s3fifoforgive,0.1,13,20,1,2,0.8902,4.59,77288994,13420.2368,2330525
node3.tardis-apia.ldos-ut-pg0.wisc.cloudlab.us,alibabaBlock_181,s3fifoforgive,0.1,13,20,1,3,0.8902,4.60,77288994,13420.2368,2330525
node3.tardis-apia.ldos-ut-pg0.wisc.cloudlab.us,alibabaBlock_187,lru,10,36429,27,1,1,0.7315,0.13,14170517,364289.536,8582959
node3.tardis-apia.ldos-ut-pg0.wisc.cloudlab.us,alibabaBlock_187,lru,10,36429,27,1,2,0.7315,0.13,14170517,364289.536,8582959
node3.tardis-apia.ldos-ut-pg0.wisc.cloudlab.us,alibabaBlock_187,lru,10,36429,27,1,3,0.7315,0.13,14170517,364289.536,8582959
node3.tardis-apia.ldos-ut-pg0.wisc.cloudlab.us,alibabaBlock_187,lruforgive,10,36429,27,1,1,0.7312,0.13,14170517,364289.536,8582959
node3.tardis-apia.ldos-ut-pg0.wisc.cloudlab.us,alibabaBlock_187,lruforgive,10,36429,27,1,2,0.7312,0.13,14170517,364289.536,8582959
node3.tardis-apia.ldos-ut-pg0.wisc.cloudlab.us,alibabaBlock_187,lruforgive,10,36429,27,1,3,0.7312,0.13,14170517,364289.536,8582959
node3.tardis-apia.ldos-ut-pg0.wisc.cloudlab.us,alibabaBlock_187,s3fifo,10,36429,27,1,1,NA,NA,NA,364289.536,8582959
node3.tardis-apia.ldos-ut-pg0.wisc.cloudlab.us,alibabaBlock_187,s3fifo,10,36429,27,1,2,NA,NA,NA,364289.536,8582959
node3.tardis-apia.ldos-ut-pg0.wisc.cloudlab.us,alibabaBlock_187,s3fifo,10,36429,27,1,3,NA,NA,NA,364289.536,8582959
node3.tardis-apia.ldos-ut-pg0.wisc.cloudlab.us,alibabaBlock_187,s3fifoforgive,10,36429,27,1,1,NA,NA,NA,364289.536,8582959
node3.tardis-apia.ldos-ut-pg0.wisc.cloudlab.us,alibabaBlock_187,s3fifoforgive,10,36429,27,1,2,NA,NA,NA,364289.536,8582959
node3.tardis-apia.ldos-ut-pg0.wisc.cloudlab.us,alibabaBlock_187,s3fifoforgive,10,36429,27,1,3,NA,NA,NA,364289.536,8582959
node3.tardis-apia.ldos-ut-pg0.wisc.cloudlab.us,alibabaBlock_187,lru,0.1,364,25,1,1,0.8160,0.21,14170517,364289.536,8582959
node3.tardis-apia.ldos-ut-pg0.wisc.cloudlab.us,alibabaBlock_187,lru,0.1,364,25,1,2,0.8160,0.22,14170517,364289.536,8582959
node3.tardis-apia.ldos-ut-pg0.wisc.cloudlab.us,alibabaBlock_187,lru,0.1,364,25,1,3,0.8160,0.21,14170517,364289.536,8582959
node3.tardis-apia.ldos-ut-pg0.wisc.cloudlab.us,alibabaBlock_187,lruforgive,0.1,364,25,1,1,0.8158,0.20,14170517,364289.536,8582959
node3.tardis-apia.ldos-ut-pg0.wisc.cloudlab.us,alibabaBlock_187,lruforgive,0.1,364,25,1,2,0.8158,0.20,14170517,364289.536,8582959
node3.tardis-apia.ldos-ut-pg0.wisc.cloudlab.us,alibabaBlock_187,lruforgive,0.1,364,25,1,3,0.8158,0.20,14170517,364289.536,8582959
node3.tardis-apia.ldos-ut-pg0.wisc.cloudlab.us,alibabaBlock_187,s3fifo,0.1,364,25,1,1,NA,NA,NA,364289.536,8582959
node3.tardis-apia.ldos-ut-pg0.wisc.cloudlab.us,alibabaBlock_187,s3fifo,0.1,364,25,1,2,NA,NA,NA,364289.536,8582959
node3.tardis-apia.ldos-ut-pg0.wisc.cloudlab.us,alibabaBlock_187,s3fifo,0.1,364,25,1,3,NA,NA,NA,364289.536,8582959
node3.tardis-apia.ldos-ut-pg0.wisc.cloudlab.us,alibabaBlock_187,s3fifoforgive,0.1,364,25,1,1,NA,0.21,8515499,364289.536,8582959
node3.tardis-apia.ldos-ut-pg0.wisc.cloudlab.us,alibabaBlock_187,s3fifoforgive,0.1,364,25,1,2,NA,0.21,8515499,364289.536,8582959
node3.tardis-apia.ldos-ut-pg0.wisc.cloudlab.us,alibabaBlock_187,s3fifoforgive,0.1,364,25,1,3,NA,0.21,8515499,364289.536,8582959
node3.tardis-apia.ldos-ut-pg0.wisc.cloudlab.us,alibabaBlock_188,lru,10,1983,27,1,1,0.0513,1.38,104284127,19833.2416,1735290
node3.tardis-apia.ldos-ut-pg0.wisc.cloudlab.us,alibabaBlock_188,lru,10,1983,27,1,2,0.0513,1.39,104284127,19833.2416,1735290
node3.tardis-apia.ldos-ut-pg0.wisc.cloudlab.us,alibabaBlock_188,lru,10,1983,27,1,3,0.0513,1.38,104284127,19833.2416,1735290
node3.tardis-apia.ldos-ut-pg0.wisc.cloudlab.us,alibabaBlock_188,lruforgive,10,1983,27,1,1,0.0511,0.50,104284127,19833.2416,1735290
node3.tardis-apia.ldos-ut-pg0.wisc.cloudlab.us,alibabaBlock_188,lruforgive,10,1983,27,1,2,0.0511,0.50,104284127,19833.2416,1735290
node3.tardis-apia.ldos-ut-pg0.wisc.cloudlab.us,alibabaBlock_188,lruforgive,10,1983,27,1,3,0.0511,0.50,104284127,19833.2416,1735290
node3.tardis-apia.ldos-ut-pg0.wisc.cloudlab.us,alibabaBlock_188,s3fifo,10,1983,27,1,1,NA,NA,NA,19833.2416,1735290
node3.tardis-apia.ldos-ut-pg0.wisc.cloudlab.us,alibabaBlock_188,s3fifo,10,1983,27,1,2,NA,NA,NA,19833.2416,1735290
node3.tardis-apia.ldos-ut-pg0.wisc.cloudlab.us,alibabaBlock_188,s3fifo,10,1983,27,1,3,0.0578,1.61,104284127,19833.2416,1735290
node3.tardis-apia.ldos-ut-pg0.wisc.cloudlab.us,alibabaBlock_188,s3fifoforgive,10,1983,27,1,1,0.0578,0.55,104284127,19833.2416,1735290
node3.tardis-apia.ldos-ut-pg0.wisc.cloudlab.us,alibabaBlock_188,s3fifoforgive,10,1983,27,1,2,0.0578,0.55,104284127,19833.2416,1735290
node3.tardis-apia.ldos-ut-pg0.wisc.cloudlab.us,alibabaBlock_188,s3fifoforgive,10,1983,27,1,3,0.0578,0.55,104284127,19833.2416,1735290
node3.tardis-apia.ldos-ut-pg0.wisc.cloudlab.us,alibabaBlock_188,lru,0.1,20,20,1,1,0.6447,1.81,104284127,19833.2416,1735290
node3.tardis-apia.ldos-ut-pg0.wisc.cloudlab.us,alibabaBlock_188,lru,0.1,20,20,1,2,0.6447,1.82,104284127,19833.2416,1735290
node3.tardis-apia.ldos-ut-pg0.wisc.cloudlab.us,alibabaBlock_188,lru,0.1,20,20,1,3,0.6447,1.80,104284127,19833.2416,1735290
node3.tardis-apia.ldos-ut-pg0.wisc.cloudlab.us,alibabaBlock_188,lruforgive,0.1,20,20,1,1,0.5642,0.68,104284127,19833.2416,1735290
node3.tardis-apia.ldos-ut-pg0.wisc.cloudlab.us,alibabaBlock_188,lruforgive,0.1,20,20,1,2,0.5642,0.68,104284127,19833.2416,1735290
node3.tardis-apia.ldos-ut-pg0.wisc.cloudlab.us,alibabaBlock_188,lruforgive,0.1,20,20,1,3,0.5642,0.68,104284127,19833.2416,1735290
node3.tardis-apia.ldos-ut-pg0.wisc.cloudlab.us,alibabaBlock_188,s3fifo,0.1,20,20,1,1,0.4820,2.09,104284127,19833.2416,1735290
node3.tardis-apia.ldos-ut-pg0.wisc.cloudlab.us,alibabaBlock_188,s3fifo,0.1,20,20,1,2,0.4820,2.09,104284127,19833.2416,1735290
node3.tardis-apia.ldos-ut-pg0.wisc.cloudlab.us,alibabaBlock_188,s3fifo,0.1,20,20,1,3,0.4820,2.09,104284127,19833.2416,1735290
node3.tardis-apia.ldos-ut-pg0.wisc.cloudlab.us,alibabaBlock_188,s3fifoforgive,0.1,20,20,1,1,0.4994,1.03,104284127,19833.2416,1735290
node3.tardis-apia.ldos-ut-pg0.wisc.cloudlab.us,alibabaBlock_188,s3fifoforgive,0.1,20,20,1,2,0.4994,1.02,104284127,19833.2416,1735290
node3.tardis-apia.ldos-ut-pg0.wisc.cloudlab.us,alibabaBlock_188,s3fifoforgive,0.1,20,20,1,3,0.4994,1.04,104284127,19833.2416,1735290
node3.tardis-apia.ldos-ut-pg0.wisc.cloudlab.us,alibabaBlock_189,lru,10,1174,26,1,1,0.2005,0.78,14148098,11740.4672,1676369
node3.tardis-apia.ldos-ut-pg0.wisc.cloudlab.us,alibabaBlock_189,lru,10,1174,26,1,2,0.2005,0.77,14148098,11740.4672,1676369
node3.tardis-apia.ldos-ut-pg0.wisc.cloudlab.us,alibabaBlock_189,lru,10,1174,26,1,3,0.2005,0.77,14148098,11740.4672,1676369
node3.tardis-apia.ldos-ut-pg0.wisc.cloudlab.us,alibabaBlock_189,lruforgive,10,1174,26,1,1,0.2003,0.43,14148098,11740.4672,1676369
node3.tardis-apia.ldos-ut-pg0.wisc.cloudlab.us,alibabaBlock_189,lruforgive,10,1174,26,1,2,0.2003,0.42,14148098,11740.4672,1676369
node3.tardis-apia.ldos-ut-pg0.wisc.cloudlab.us,alibabaBlock_189,lruforgive,10,1174,26,1,3,0.2003,0.42,14148098,11740.4672,1676369
node3.tardis-apia.ldos-ut-pg0.wisc.cloudlab.us,alibabaBlock_189,s3fifo,10,1174,26,1,1,NA,NA,NA,11740.4672,1676369
node3.tardis-apia.ldos-ut-pg0.wisc.cloudlab.us,alibabaBlock_189,s3fifo,10,1174,26,1,2,NA,NA,NA,11740.4672,1676369
node3.tardis-apia.ldos-ut-pg0.wisc.cloudlab.us,alibabaBlock_189,s3fifo,10,1174,26,1,3,0.2148,0.84,14148098,11740.4672,1676369
node3.tardis-apia.ldos-ut-pg0.wisc.cloudlab.us,alibabaBlock_189,s3fifoforgive,10,1174,26,1,1,NA,NA,8261823,11740.4672,1676369
node3.tardis-apia.ldos-ut-pg0.wisc.cloudlab.us,alibabaBlock_189,s3fifoforgive,10,1174,26,1,2,NA,NA,8261823,11740.4672,1676369
node3.tardis-apia.ldos-ut-pg0.wisc.cloudlab.us,alibabaBlock_189,s3fifoforgive,10,1174,26,1,3,0.2146,0.46,14148098,11740.4672,1676369
node3.tardis-apia.ldos-ut-pg0.wisc.cloudlab.us,alibabaBlock_189,lru,0.1,12,20,1,1,0.4074,2.19,14148098,11740.4672,1676369
node3.tardis-apia.ldos-ut-pg0.wisc.cloudlab.us,alibabaBlock_189,lru,0.1,12,20,1,2,0.4074,2.16,14148098,11740.4672,1676369
node3.tardis-apia.ldos-ut-pg0.wisc.cloudlab.us,alibabaBlock_189,lru,0.1,12,20,1,3,0.4074,2.15,14148098,11740.4672,1676369
node3.tardis-apia.ldos-ut-pg0.wisc.cloudlab.us,alibabaBlock_189,lruforgive,0.1,12,20,1,1,0.3862,0.86,14148098,11740.4672,1676369
node3.tardis-apia.ldos-ut-pg0.wisc.cloudlab.us,alibabaBlock_189,lruforgive,0.1,12,20,1,2,0.3862,0.86,14148098,11740.4672,1676369
node3.tardis-apia.ldos-ut-pg0.wisc.cloudlab.us,alibabaBlock_189,lruforgive,0.1,12,20,1,3,0.3862,0.86,14148098,11740.4672,1676369
node3.tardis-apia.ldos-ut-pg0.wisc.cloudlab.us,alibabaBlock_189,s3fifo,0.1,12,20,1,1,0.3803,2.30,14148098,11740.4672,1676369
node3.tardis-apia.ldos-ut-pg0.wisc.cloudlab.us,alibabaBlock_189,s3fifo,0.1,12,20,1,2,0.3803,2.32,14148098,11740.4672,1676369
node3.tardis-apia.ldos-ut-pg0.wisc.cloudlab.us,alibabaBlock_189,s3fifo,0.1,12,20,1,3,0.3803,2.33,14148098,11740.4672,1676369
node3.tardis-apia.ldos-ut-pg0.wisc.cloudlab.us,alibabaBlock_189,s3fifoforgive,0.1,12,20,1,1,0.3793,0.99,14148098,11740.4672,1676369
node3.tardis-apia.ldos-ut-pg0.wisc.cloudlab.us,alibabaBlock_189,s3fifoforgive,0.1,12,20,1,2,0.3793,1.00,14148098,11740.4672,1676369
node3.tardis-apia.ldos-ut-pg0.wisc.cloudlab.us,alibabaBlock_189,s3fifoforgive,0.1,12,20,1,3,0.3793,1.00,14148098,11740.4672,1676369
node3.tardis-apia.ldos-ut-pg0.wisc.cloudlab.us,alibabaBlock_19,lru,10,1439,26,1,1,0.1089,1.08,35895602,14391.6032,1543849
node3.tardis-apia.ldos-ut-pg0.wisc.cloudlab.us,alibabaBlock_19,lru,10,1439,26,1,2,0.1089,1.09,35895602,14391.6032,1543849
node3.tardis-apia.ldos-ut-pg0.wisc.cloudlab.us,alibabaBlock_19,lru,10,1439,26,1,3,0.1089,1.09,35895602,14391.6032,1543849
node3.tardis-apia.ldos-ut-pg0.wisc.cloudlab.us,alibabaBlock_19,lruforgive,10,1439,26,1,1,0.1083,0.48,35895602,14391.6032,1543849
node3.tardis-apia.ldos-ut-pg0.wisc.cloudlab.us,alibabaBlock_19,lruforgive,10,1439,26,1,2,0.1083,0.48,35895602,14391.6032,1543849
node3.tardis-apia.ldos-ut-pg0.wisc.cloudlab.us,alibabaBlock_19,lruforgive,10,1439,26,1,3,0.1083,0.48,35895602,14391.6032,1543849
node3.tardis-apia.ldos-ut-pg0.wisc.cloudlab.us,alibabaBlock_19,s3fifo,10,1439,26,1,1,NA,NA,NA,14391.6032,1543849
node3.tardis-apia.ldos-ut-pg0.wisc.cloudlab.us,alibabaBlock_19,s3fifo,10,1439,26,1,2,NA,NA,NA,14391.6032,1543849
node3.tardis-apia.ldos-ut-pg0.wisc.cloudlab.us,alibabaBlock_19,s3fifo,10,1439,26,1,3,NA,NA,NA,14391.6032,1543849
node3.tardis-apia.ldos-ut-pg0.wisc.cloudlab.us,alibabaBlock_19,s3fifoforgive,10,1439,26,1,1,0.1298,0.53,35895602,14391.6032,1543849
node3.tardis-apia.ldos-ut-pg0.wisc.cloudlab.us,alibabaBlock_19,s3fifoforgive,10,1439,26,1,2,0.1297,0.52,35895602,14391.6032,1543849
node3.tardis-apia.ldos-ut-pg0.wisc.cloudlab.us,alibabaBlock_19,s3fifoforgive,10,1439,26,1,3,0.1298,0.53,35895602,14391.6032,1543849
node3.tardis-apia.ldos-ut-pg0.wisc.cloudlab.us,alibabaBlock_19,lru,0.1,14,20,1,1,0.9930,5.46,35895602,14391.6032,1543849
node3.tardis-apia.ldos-ut-pg0.wisc.cloudlab.us,alibabaBlock_19,lru,0.1,14,20,1,2,0.9930,5.40,35895602,14391.6032,1543849
node3.tardis-apia.ldos-ut-pg0.wisc.cloudlab.us,alibabaBlock_19,lru,0.1,14,20,1,3,0.9930,5.34,35895602,14391.6032,1543849
node3.tardis-apia.ldos-ut-pg0.wisc.cloudlab.us,alibabaBlock_19,lruforgive,0.1,14,20,1,1,0.9917,5.09,35895602,14391.6032,1543849
node3.tardis-apia.ldos-ut-pg0.wisc.cloudlab.us,alibabaBlock_19,lruforgive,0.1,14,20,1,2,0.9917,5.10,35895602,14391.6032,1543849
node3.tardis-apia.ldos-ut-pg0.wisc.cloudlab.us,alibabaBlock_19,lruforgive,0.1,14,20,1,3,0.9917,4.87,35895602,14391.6032,1543849
node3.tardis-apia.ldos-ut-pg0.wisc.cloudlab.us,alibabaBlock_19,s3fifo,0.1,14,20,1,1,0.9915,6.26,35895602,14391.6032,1543849
node3.tardis-apia.ldos-ut-pg0.wisc.cloudlab.us,alibabaBlock_19,s3fifo,0.1,14,20,1,2,0.9915,6.25,35895602,14391.6032,1543849
node3.tardis-apia.ldos-ut-pg0.wisc.cloudlab.us,alibabaBlock_19,s3fifo,0.1,14,20,1,3,0.9915,6.28,35895602,14391.6032,1543849
node3.tardis-apia.ldos-ut-pg0.wisc.cloudlab.us,alibabaBlock_19,s3fifoforgive,0.1,14,20,1,1,0.9916,5.95,35895602,14391.6032,1543849
node3.tardis-apia.ldos-ut-pg0.wisc.cloudlab.us,alibabaBlock_19,s3fifoforgive,0.1,14,20,1,2,0.9916,5.99,35895602,14391.6032,1543849
node3.tardis-apia.ldos-ut-pg0.wisc.cloudlab.us,alibabaBlock_19,s3fifoforgive,0.1,14,20,1,3,0.9916,6.02,35895602,14391.6032,1543849
node3.tardis-apia.ldos-ut-pg0.wisc.cloudlab.us,alibabaBlock_190,lru,10,22450,27,1,1,0.1144,0.32,37670725,224503.7056,3755636
node3.tardis-apia.ldos-ut-pg0.wisc.cloudlab.us,alibabaBlock_190,lru,10,22450,27,1,2,0.1144,0.32,37670725,224503.7056,3755636
node3.tardis-apia.ldos-ut-pg0.wisc.cloudlab.us,alibabaBlock_190,lru,10,22450,27,1,3,0.1144,0.31,37670725,224503.7056,3755636
node3.tardis-apia.ldos-ut-pg0.wisc.cloudlab.us,alibabaBlock_190,lruforgive,10,22450,27,1,1,0.1143,0.21,37670725,224503.7056,3755636
node3.tardis-apia.ldos-ut-pg0.wisc.cloudlab.us,alibabaBlock_190,lruforgive,10,22450,27,1,2,0.1143,0.21,37670725,224503.7056,3755636
node3.tardis-apia.ldos-ut-pg0.wisc.cloudlab.us,alibabaBlock_190,lruforgive,10,22450,27,1,3,0.1143,0.21,37670725,224503.7056,3755636
node3.tardis-apia.ldos-ut-pg0.wisc.cloudlab.us,alibabaBlock_190,s3fifo,10,22450,27,1,1,NA,NA,NA,224503.7056,3755636
node3.tardis-apia.ldos-ut-pg0.wisc.cloudlab.us,alibabaBlock_190,s3fifo,10,22450,27,1,2,NA,NA,NA,224503.7056,3755636
node3.tardis-apia.ldos-ut-pg0.wisc.cloudlab.us,alibabaBlock_190,s3fifo,10,22450,27,1,3,NA,NA,NA,224503.7056,3755636
node3.tardis-apia.ldos-ut-pg0.wisc.cloudlab.us,alibabaBlock_190,s3fifoforgive,10,22450,27,1,1,0.1151,0.24,37670725,224503.7056,3755636
node3.tardis-apia.ldos-ut-pg0.wisc.cloudlab.us,alibabaBlock_190,s3fifoforgive,10,22450,27,1,2,0.1152,0.24,37670725,224503.7056,3755636
node3.tardis-apia.ldos-ut-pg0.wisc.cloudlab.us,alibabaBlock_190,s3fifoforgive,10,22450,27,1,3,0.1152,0.23,37670725,224503.7056,3755636
node3.tardis-apia.ldos-ut-pg0.wisc.cloudlab.us,alibabaBlock_190,lru,0.1,225,24,1,1,0.2111,0.42,37670725,224503.7056,3755636
node3.tardis-apia.ldos-ut-pg0.wisc.cloudlab.us,alibabaBlock_190,lru,0.1,225,24,1,2,0.2111,0.42,37670725,224503.7056,3755636
node3.tardis-apia.ldos-ut-pg0.wisc.cloudlab.us,alibabaBlock_190,lru,0.1,225,24,1,3,0.2111,0.42,37670725,224503.7056,3755636
node3.tardis-apia.ldos-ut-pg0.wisc.cloudlab.us,alibabaBlock_190,lruforgive,0.1,225,24,1,1,0.2119,0.28,37670725,224503.7056,3755636
node3.tardis-apia.ldos-ut-pg0.wisc.cloudlab.us,alibabaBlock_190,lruforgive,0.1,225,24,1,2,0.2119,0.28,37670725,224503.7056,3755636
node3.tardis-apia.ldos-ut-pg0.wisc.cloudlab.us,alibabaBlock_190,lruforgive,0.1,225,24,1,3,0.2119,0.28,37670725,224503.7056,3755636
node3.tardis-apia.ldos-ut-pg0.wisc.cloudlab.us,alibabaBlock_190,s3fifo,0.1,225,24,1,1,0.2371,0.78,37670725,224503.7056,3755636
node3.tardis-apia.ldos-ut-pg0.wisc.cloudlab.us,alibabaBlock_190,s3fifo,0.1,225,24,1,2,0.2371,0.79,37670725,224503.7056,3755636
node3.tardis-apia.ldos-ut-pg0.wisc.cloudlab.us,alibabaBlock_190,s3fifo,0.1,225,24,1,3,0.2371,0.78,37670725,224503.7056,3755636
node3.tardis-apia.ldos-ut-pg0.wisc.cloudlab.us,alibabaBlock_190,s3fifoforgive,0.1,225,24,1,1,0.2370,0.46,37670725,224503.7056,3755636
node3.tardis-apia.ldos-ut-pg0.wisc.cloudlab.us,alibabaBlock_190,s3fifoforgive,0.1,225,24,1,2,0.2370,0.46,37670725,224503.7056,3755636
node3.tardis-apia.ldos-ut-pg0.wisc.cloudlab.us,alibabaBlock_190,s3fifoforgive,0.1,225,24,1,3,0.2370,0.45,37670725,224503.7056,3755636
node3.tardis-apia.ldos-ut-pg0.wisc.cloudlab.us,alibabaBlock_191,lru,10,759,26,1,1,0.1988,0.85,11796502,7589.7856,1220340
node3.tardis-apia.ldos-ut-pg0.wisc.cloudlab.us,alibabaBlock_191,lru,10,759,26,1,2,0.1988,0.84,11796502,7589.7856,1220340
node3.tardis-apia.ldos-ut-pg0.wisc.cloudlab.us,alibabaBlock_191,lru,10,759,26,1,3,0.1988,0.84,11796502,7589.7856,1220340
node3.tardis-apia.ldos-ut-pg0.wisc.cloudlab.us,alibabaBlock_191,lruforgive,10,759,26,1,1,0.1986,0.41,11796502,7589.7856,1220340
node3.tardis-apia.ldos-ut-pg0.wisc.cloudlab.us,alibabaBlock_191,lruforgive,10,759,26,1,2,0.1986,0.42,11796502,7589.7856,1220340
node3.tardis-apia.ldos-ut-pg0.wisc.cloudlab.us,alibabaBlock_191,lruforgive,10,759,26,1,3,0.1986,0.42,11796502,7589.7856,1220340
node3.tardis-apia.ldos-ut-pg0.wisc.cloudlab.us,alibabaBlock_191,s3fifo,10,759,26,1,1,NA,NA,NA,7589.7856,1220340
node3.tardis-apia.ldos-ut-pg0.wisc.cloudlab.us,alibabaBlock_191,s3fifo,10,759,26,1,2,NA,NA,NA,7589.7856,1220340
node3.tardis-apia.ldos-ut-pg0.wisc.cloudlab.us,alibabaBlock_191,s3fifo,10,759,26,1,3,NA,NA,NA,7589.7856,1220340
node3.tardis-apia.ldos-ut-pg0.wisc.cloudlab.us,alibabaBlock_191,s3fifoforgive,10,759,26,1,1,0.2321,0.47,11796502,7589.7856,1220340
node3.tardis-apia.ldos-ut-pg0.wisc.cloudlab.us,alibabaBlock_191,s3fifoforgive,10,759,26,1,2,NA,0.48,6868986,7589.7856,1220340
node3.tardis-apia.ldos-ut-pg0.wisc.cloudlab.us,alibabaBlock_191,s3fifoforgive,10,759,26,1,3,0.2321,0.47,11796502,7589.7856,1220340
node3.tardis-apia.ldos-ut-pg0.wisc.cloudlab.us,alibabaBlock_191,lru,0.1,8,19,1,1,0.6044,2.08,11796502,7589.7856,1220340
node3.tardis-apia.ldos-ut-pg0.wisc.cloudlab.us,alibabaBlock_191,lru,0.1,8,19,1,2,0.6044,2.06,11796502,7589.7856,1220340
node3.tardis-apia.ldos-ut-pg0.wisc.cloudlab.us,alibabaBlock_191,lru,0.1,8,19,1,3,0.6044,2.06,11796502,7589.7856,1220340
node3.tardis-apia.ldos-ut-pg0.wisc.cloudlab.us,alibabaBlock_191,lruforgive,0.1,8,19,1,1,0.6004,1.17,11796502,7589.7856,1220340
node3.tardis-apia.ldos-ut-pg0.wisc.cloudlab.us,alibabaBlock_191,lruforgive,0.1,8,19,1,2,0.6004,1.17,11796502,7589.7856,1220340
node3.tardis-apia.ldos-ut-pg0.wisc.cloudlab.us,alibabaBlock_191,lruforgive,0.1,8,19,1,3,0.6004,1.17,11796502,7589.7856,1220340
node3.tardis-apia.ldos-ut-pg0.wisc.cloudlab.us,alibabaBlock_191,s3fifo,0.1,8,19,1,1,0.5831,2.19,11796502,7589.7856,1220340
node3.tardis-apia.ldos-ut-pg0.wisc.cloudlab.us,alibabaBlock_191,s3fifo,0.1,8,19,1,2,0.5831,2.16,11796502,7589.7856,1220340
node3.tardis-apia.ldos-ut-pg0.wisc.cloudlab.us,alibabaBlock_191,s3fifo,0.1,8,19,1,3,0.5831,2.18,11796502,7589.7856,1220340
node3.tardis-apia.ldos-ut-pg0.wisc.cloudlab.us,alibabaBlock_191,s3fifoforgive,0.1,8,19,1,1,0.5829,1.27,11796502,7589.7856,1220340
node3.tardis-apia.ldos-ut-pg0.wisc.cloudlab.us,alibabaBlock_191,s3fifoforgive,0.1,8,19,1,2,0.5829,1.25,11796502,7589.7856,1220340
node3.tardis-apia.ldos-ut-pg0.wisc.cloudlab.us,alibabaBlock_191,s3fifoforgive,0.1,8,19,1,3,0.5829,1.23,11796502,7589.7856,1220340
node3.tardis-apia.ldos-ut-pg0.wisc.cloudlab.us,alibabaBlock_192,lru,10,1166,26,1,1,0.1085,1.20,35611238,11658.3424,1399501
node3.tardis-apia.ldos-ut-pg0.wisc.cloudlab.us,alibabaBlock_192,lru,10,1166,26,1,2,0.1085,1.20,35611238,11658.3424,1399501
node3.tardis-apia.ldos-ut-pg0.wisc.cloudlab.us,alibabaBlock_192,lru,10,1166,26,1,3,0.1085,1.18,35611238,11658.3424,1399501
node3.tardis-apia.ldos-ut-pg0.wisc.cloudlab.us,alibabaBlock_192,lruforgive,10,1166,26,1,1,0.1084,0.52,35611238,11658.3424,1399501
node3.tardis-apia.ldos-ut-pg0.wisc.cloudlab.us,alibabaBlock_192,lruforgive,10,1166,26,1,2,0.1084,0.52,35611238,11658.3424,1399501
node3.tardis-apia.ldos-ut-pg0.wisc.cloudlab.us,alibabaBlock_192,lruforgive,10,1166,26,1,3,0.1084,0.52,35611238,11658.3424,1399501
node3.tardis-apia.ldos-ut-pg0.wisc.cloudlab.us,alibabaBlock_192,s3fifo,10,1166,26,1,1,NA,NA,NA,11658.3424,1399501
node3.tardis-apia.ldos-ut-pg0.wisc.cloudlab.us,alibabaBlock_192,s3fifo,10,1166,26,1,2,NA,NA,NA,11658.3424,1399501
node3.tardis-apia.ldos-ut-pg0.wisc.cloudlab.us,alibabaBlock_192,s3fifo,10,1166,26,1,3,NA,NA,NA,11658.3424,1399501
node3.tardis-apia.ldos-ut-pg0.wisc.cloudlab.us,alibabaBlock_192,s3fifoforgive,10,1166,26,1,1,NA,NA,NA,11658.3424,1399501
node3.tardis-apia.ldos-ut-pg0.wisc.cloudlab.us,alibabaBlock_192,s3fifoforgive,10,1166,26,1,2,0.1320,0.56,35611238,11658.3424,1399501
node3.tardis-apia.ldos-ut-pg0.wisc.cloudlab.us,alibabaBlock_192,s3fifoforgive,10,1166,26,1,3,NA,NA,NA,11658.3424,1399501
node3.tardis-apia.ldos-ut-pg0.wisc.cloudlab.us,alibabaBlock_192,lru,0.1,12,20,1,1,0.1876,3.01,35611238,11658.3424,1399501
node3.tardis-apia.ldos-ut-pg0.wisc.cloudlab.us,alibabaBlock_192,lru,0.1,12,20,1,2,0.1876,2.94,35611238,11658.3424,1399501
node3.tardis-apia.ldos-ut-pg0.wisc.cloudlab.us,alibabaBlock_192,lru,0.1,12,20,1,3,0.1876,2.98,35611238,11658.3424,1399501
node3.tardis-apia.ldos-ut-pg0.wisc.cloudlab.us,alibabaBlock_192,lruforgive,0.1,12,20,1,1,0.1875,0.99,35611238,11658.3424,1399501
node3.tardis-apia.ldos-ut-pg0.wisc.cloudlab.us,alibabaBlock_192,lruforgive,0.1,12,20,1,2,0.1875,0.97,35611238,11658.3424,1399501
node3.tardis-apia.ldos-ut-pg0.wisc.cloudlab.us,alibabaBlock_192,lruforgive,0.1,12,20,1,3,0.1875,0.98,35611238,11658.3424,1399501
node3.tardis-apia.ldos-ut-pg0.wisc.cloudlab.us,alibabaBlock_192,s3fifo,0.1,12,20,1,1,0.1876,3.06,35611238,11658.3424,1399501
node3.tardis-apia.ldos-ut-pg0.wisc.cloudlab.us,alibabaBlock_192,s3fifo,0.1,12,20,1,2,0.1876,3.01,35611238,11658.3424,1399501
node3.tardis-apia.ldos-ut-pg0.wisc.cloudlab.us,alibabaBlock_192,s3fifo,0.1,12,20,1,3,0.1876,3.08,35611238,11658.3424,1399501
node3.tardis-apia.ldos-ut-pg0.wisc.cloudlab.us,alibabaBlock_192,s3fifoforgive,0.1,12,20,1,1,0.1876,1.03,35611238,11658.3424,1399501
node3.tardis-apia.ldos-ut-pg0.wisc.cloudlab.us,alibabaBlock_192,s3fifoforgive,0.1,12,20,1,2,0.1876,1.03,35611238,11658.3424,1399501
node3.tardis-apia.ldos-ut-pg0.wisc.cloudlab.us,alibabaBlock_192,s3fifoforgive,0.1,12,20,1,3,0.1876,1.03,35611238,11658.3424,1399501
node3.tardis-apia.ldos-ut-pg0.wisc.cloudlab.us,alibabaBlock_193,lru,10,1258,26,1,1,0.1114,1.19,34509266,12584.6528,1504023
node3.tardis-apia.ldos-ut-pg0.wisc.cloudlab.us,alibabaBlock_193,lru,10,1258,26,1,2,0.1114,1.19,34509266,12584.6528,1504023
node3.tardis-apia.ldos-ut-pg0.wisc.cloudlab.us,alibabaBlock_193,lru,10,1258,26,1,3,0.1114,1.18,34509266,12584.6528,1504023
node3.tardis-apia.ldos-ut-pg0.wisc.cloudlab.us,alibabaBlock_193,lruforgive,10,1258,26,1,1,0.1112,0.51,34509266,12584.6528,1504023
node3.tardis-apia.ldos-ut-pg0.wisc.cloudlab.us,alibabaBlock_193,lruforgive,10,1258,26,1,2,0.1112,0.51,34509266,12584.6528,1504023
node3.tardis-apia.ldos-ut-pg0.wisc.cloudlab.us,alibabaBlock_193,lruforgive,10,1258,26,1,3,0.1112,0.51,34509266,12584.6528,1504023
node3.tardis-apia.ldos-ut-pg0.wisc.cloudlab.us,alibabaBlock_193,s3fifo,10,1258,26,1,1,0.1351,1.14,34509266,12584.6528,1504023
node3.tardis-apia.ldos-ut-pg0.wisc.cloudlab.us,alibabaBlock_193,s3fifo,10,1258,26,1,2,0.1351,1.14,34509266,12584.6528,1504023
node3.tardis-apia.ldos-ut-pg0.wisc.cloudlab.us,alibabaBlock_193,s3fifo,10,1258,26,1,3,0.1351,1.13,34509266,12584.6528,1504023
node3.tardis-apia.ldos-ut-pg0.wisc.cloudlab.us,alibabaBlock_193,s3fifoforgive,10,1258,26,1,1,NA,NA,NA,12584.6528,1504023
node3.tardis-apia.ldos-ut-pg0.wisc.cloudlab.us,alibabaBlock_193,s3fifoforgive,10,1258,26,1,2,NA,NA,NA,12584.6528,1504023
node3.tardis-apia.ldos-ut-pg0.wisc.cloudlab.us,alibabaBlock_193,s3fifoforgive,10,1258,26,1,3,0.1351,0.55,34509266,12584.6528,1504023
node3.tardis-apia.ldos-ut-pg0.wisc.cloudlab.us,alibabaBlock_193,lru,0.1,13,20,1,1,0.1975,3.20,34509266,12584.6528,1504023
node3.tardis-apia.ldos-ut-pg0.wisc.cloudlab.us,alibabaBlock_193,lru,0.1,13,20,1,2,0.1975,3.14,34509266,12584.6528,1504023
node3.tardis-apia.ldos-ut-pg0.wisc.cloudlab.us,alibabaBlock_193,lru,0.1,13,20,1,3,0.1975,3.17,34509266,12584.6528,1504023
node3.tardis-apia.ldos-ut-pg0.wisc.cloudlab.us,alibabaBlock_193,lruforgive,0.1,13,20,1,1,0.1975,1.02,34509266,12584.6528,1504023
node3.tardis-apia.ldos-ut-pg0.wisc.cloudlab.us,alibabaBlock_193,lruforgive,0.1,13,20,1,2,0.1975,1.01,34509266,12584.6528,1504023
node3.tardis-apia.ldos-ut-pg0.wisc.cloudlab.us,alibabaBlock_193,lruforgive,0.1,13,20,1,3,0.1975,1.01,34509266,12584.6528,1504023
node3.tardis-apia.ldos-ut-pg0.wisc.cloudlab.us,alibabaBlock_193,s3fifo,0.1,13,20,1,1,0.1979,3.39,34509266,12584.6528,1504023
node3.tardis-apia.ldos-ut-pg0.wisc.cloudlab.us,alibabaBlock_193,s3fifo,0.1,13,20,1,2,0.1979,3.34,34509266,12584.6528,1504023
node3.tardis-apia.ldos-ut-pg0.wisc.cloudlab.us,alibabaBlock_193,s3fifo,0.1,13,20,1,3,0.1979,3.34,34509266,12584.6528,1504023
node3.tardis-apia.ldos-ut-pg0.wisc.cloudlab.us,alibabaBlock_193,s3fifoforgive,0.1,13,20,1,1,0.1979,0.95,34509266,12584.6528,1504023
node3.tardis-apia.ldos-ut-pg0.wisc.cloudlab.us,alibabaBlock_193,s3fifoforgive,0.1,13,20,1,2,0.1979,0.92,34509266,12584.6528,1504023
node3.tardis-apia.ldos-ut-pg0.wisc.cloudlab.us,alibabaBlock_193,s3fifoforgive,0.1,13,20,1,3,0.1979,0.93,34509266,12584.6528,1504023
node3.tardis-apia.ldos-ut-pg0.wisc.cloudlab.us,alibabaBlock_195,lru,10,3015,27,1,1,0.0844,1.18,45915346,30148.4032,3445798
node3.tardis-apia.ldos-ut-pg0.wisc.cloudlab.us,alibabaBlock_195,lru,10,3015,27,1,2,0.0844,1.16,45915346,30148.4032,3445798
node3.tardis-apia.ldos-ut-pg0.wisc.cloudlab.us,alibabaBlock_195,lru,10,3015,27,1,3,0.0844,1.17,45915346,30148.4032,3445798
node3.tardis-apia.ldos-ut-pg0.wisc.cloudlab.us,alibabaBlock_195,lruforgive,10,3015,27,1,1,0.0844,0.44,45915346,30148.4032,3445798
node3.tardis-apia.ldos-ut-pg0.wisc.cloudlab.us,alibabaBlock_195,lruforgive,10,3015,27,1,2,0.0844,0.44,45915346,30148.4032,3445798
node3.tardis-apia.ldos-ut-pg0.wisc.cloudlab.us,alibabaBlock_195,lruforgive,10,3015,27,1,3,0.0844,0.44,45915346,30148.4032,3445798
node3.tardis-apia.ldos-ut-pg0.wisc.cloudlab.us,alibabaBlock_195,s3fifo,10,3015,27,1,1,NA,NA,NA,30148.4032,3445798
node3.tardis-apia.ldos-ut-pg0.wisc.cloudlab.us,alibabaBlock_195,s3fifo,10,3015,27,1,2,0.0865,1.26,45915346,30148.4032,3445798
node3.tardis-apia.ldos-ut-pg0.wisc.cloudlab.us,alibabaBlock_195,s3fifo,10,3015,27,1,3,0.0865,1.27,45915346,30148.4032,3445798
node3.tardis-apia.ldos-ut-pg0.wisc.cloudlab.us,alibabaBlock_195,s3fifoforgive,10,3015,27,1,1,0.0865,0.49,45915346,30148.4032,3445798
node3.tardis-apia.ldos-ut-pg0.wisc.cloudlab.us,alibabaBlock_195,s3fifoforgive,10,3015,27,1,2,0.0865,0.48,45915346,30148.4032,3445798
node3.tardis-apia.ldos-ut-pg0.wisc.cloudlab.us,alibabaBlock_195,s3fifoforgive,10,3015,27,1,3,0.0865,0.48,45915346,30148.4032,3445798
node3.tardis-apia.ldos-ut-pg0.wisc.cloudlab.us,alibabaBlock_195,lru,0.1,30,21,1,1,0.2856,1.98,45915346,30148.4032,3445798
node3.tardis-apia.ldos-ut-pg0.wisc.cloudlab.us,alibabaBlock_195,lru,0.1,30,21,1,2,0.2856,1.98,45915346,30148.4032,3445798
node3.tardis-apia.ldos-ut-pg0.wisc.cloudlab.us,alibabaBlock_195,lru,0.1,30,21,1,3,0.2856,2.02,45915346,30148.4032,3445798
node3.tardis-apia.ldos-ut-pg0.wisc.cloudlab.us,alibabaBlock_195,lruforgive,0.1,30,21,1,1,0.2638,0.65,45915346,30148.4032,3445798
node3.tardis-apia.ldos-ut-pg0.wisc.cloudlab.us,alibabaBlock_195,lruforgive,0.1,30,21,1,2,0.2638,0.65,45915346,30148.4032,3445798
node3.tardis-apia.ldos-ut-pg0.wisc.cloudlab.us,alibabaBlock_195,lruforgive,0.1,30,21,1,3,0.2638,0.64,45915346,30148.4032,3445798
node3.tardis-apia.ldos-ut-pg0.wisc.cloudlab.us,alibabaBlock_195,s3fifo,0.1,30,21,1,1,0.2661,2.16,45915346,30148.4032,3445798
node3.tardis-apia.ldos-ut-pg0.wisc.cloudlab.us,alibabaBlock_195,s3fifo,0.1,30,21,1,2,0.2661,2.16,45915346,30148.4032,3445798
node3.tardis-apia.ldos-ut-pg0.wisc.cloudlab.us,alibabaBlock_195,s3fifo,0.1,30,21,1,3,0.2661,2.16,45915346,30148.4032,3445798
node3.tardis-apia.ldos-ut-pg0.wisc.cloudlab.us,alibabaBlock_195,s3fifoforgive,0.1,30,21,1,1,0.2653,0.85,45915346,30148.4032,3445798
node3.tardis-apia.ldos-ut-pg0.wisc.cloudlab.us,alibabaBlock_195,s3fifoforgive,0.1,30,21,1,2,0.2653,0.87,45915346,30148.4032,3445798
node3.tardis-apia.ldos-ut-pg0.wisc.cloudlab.us,alibabaBlock_195,s3fifoforgive,0.1,30,21,1,3,0.2653,0.84,45915346,30148.4032,3445798
node3.tardis-apia.ldos-ut-pg0.wisc.cloudlab.us,alibabaBlock_197,lru,10,2771,27,1,1,0.1352,0.90,19630787,27709.7472,2351223
node3.tardis-apia.ldos-ut-pg0.wisc.cloudlab.us,alibabaBlock_197,lru,10,2771,27,1,2,0.1352,0.89,19630787,27709.7472,2351223
node3.tardis-apia.ldos-ut-pg0.wisc.cloudlab.us,alibabaBlock_197,lru,10,2771,27,1,3,0.1352,0.88,19630787,27709.7472,2351223
node3.tardis-apia.ldos-ut-pg0.wisc.cloudlab.us,alibabaBlock_197,lruforgive,10,2771,27,1,1,0.1352,0.48,19630787,27709.7472,2351223
node3.tardis-apia.ldos-ut-pg0.wisc.cloudlab.us,alibabaBlock_197,lruforgive,10,2771,27,1,2,0.1352,0.48,19630787,27709.7472,2351223
node3.tardis-apia.ldos-ut-pg0.wisc.cloudlab.us,alibabaBlock_197,lruforgive,10,2771,27,1,3,0.1352,0.48,19630787,27709.7472,2351223
node3.tardis-apia.ldos-ut-pg0.wisc.cloudlab.us,alibabaBlock_197,s3fifo,10,2771,27,1,1,0.1457,0.94,19630787,27709.7472,2351223
node3.tardis-apia.ldos-ut-pg0.wisc.cloudlab.us,alibabaBlock_197,s3fifo,10,2771,27,1,2,0.1457,0.95,19630787,27709.7472,2351223
node3.tardis-apia.ldos-ut-pg0.wisc.cloudlab.us,alibabaBlock_197,s3fifo,10,2771,27,1,3,0.1457,0.94,19630787,27709.7472,2351223
node3.tardis-apia.ldos-ut-pg0.wisc.cloudlab.us,alibabaBlock_197,s3fifoforgive,10,2771,27,1,1,0.1453,0.50,19630787,27709.7472,2351223
node3.tardis-apia.ldos-ut-pg0.wisc.cloudlab.us,alibabaBlock_197,s3fifoforgive,10,2771,27,1,2,NA,NA,11387000,27709.7472,2351223
node3.tardis-apia.ldos-ut-pg0.wisc.cloudlab.us,alibabaBlock_197,s3fifoforgive,10,2771,27,1,3,NA,NA,11387000,27709.7472,2351223
node3.tardis-apia.ldos-ut-pg0.wisc.cloudlab.us,alibabaBlock_197,lru,0.1,28,21,1,1,0.3498,1.63,19630787,27709.7472,2351223
node3.tardis-apia.ldos-ut-pg0.wisc.cloudlab.us,alibabaBlock_197,lru,0.1,28,21,1,2,0.3498,1.65,19630787,27709.7472,2351223
node3.tardis-apia.ldos-ut-pg0.wisc.cloudlab.us,alibabaBlock_197,lru,0.1,28,21,1,3,0.3498,1.65,19630787,27709.7472,2351223
node3.tardis-apia.ldos-ut-pg0.wisc.cloudlab.us,alibabaBlock_197,lruforgive,0.1,28,21,1,1,0.3500,0.82,19630787,27709.7472,2351223
node3.tardis-apia.ldos-ut-pg0.wisc.cloudlab.us,alibabaBlock_197,lruforgive,0.1,28,21,1,2,0.3500,0.82,19630787,27709.7472,2351223
node3.tardis-apia.ldos-ut-pg0.wisc.cloudlab.us,alibabaBlock_197,lruforgive,0.1,28,21,1,3,0.3500,0.83,19630787,27709.7472,2351223
node3.tardis-apia.ldos-ut-pg0.wisc.cloudlab.us,alibabaBlock_197,s3fifo,0.1,28,21,1,1,0.3568,1.76,19630787,27709.7472,2351223
node3.tardis-apia.ldos-ut-pg0.wisc.cloudlab.us,alibabaBlock_197,s3fifo,0.1,28,21,1,2,0.3568,1.75,19630787,27709.7472,2351223
node3.tardis-apia.ldos-ut-pg0.wisc.cloudlab.us,alibabaBlock_197,s3fifo,0.1,28,21,1,3,0.3568,1.78,19630787,27709.7472,2351223
node3.tardis-apia.ldos-ut-pg0.wisc.cloudlab.us,alibabaBlock_197,s3fifoforgive,0.1,28,21,1,1,0.3560,0.92,19630787,27709.7472,2351223
node3.tardis-apia.ldos-ut-pg0.wisc.cloudlab.us,alibabaBlock_197,s3fifoforgive,0.1,28,21,1,2,0.3560,0.93,19630787,27709.7472,2351223
node3.tardis-apia.ldos-ut-pg0.wisc.cloudlab.us,alibabaBlock_197,s3fifoforgive,0.1,28,21,1,3,0.3560,0.92,19630787,27709.7472,2351223
node3.tardis-apia.ldos-ut-pg0.wisc.cloudlab.us,alibabaBlock_198,lru,10,35961,27,1,1,0.1067,0.13,18958084,359610.368,1633091
node3.tardis-apia.ldos-ut-pg0.wisc.cloudlab.us,alibabaBlock_198,lru,10,35961,27,1,2,0.1067,0.13,18958084,359610.368,1633091
node3.tardis-apia.ldos-ut-pg0.wisc.cloudlab.us,alibabaBlock_198,lru,10,35961,27,1,3,0.1067,0.13,18958084,359610.368,1633091
node3.tardis-apia.ldos-ut-pg0.wisc.cloudlab.us,alibabaBlock_198,lruforgive,10,35961,27,1,1,0.1064,0.12,18958084,359610.368,1633091
node3.tardis-apia.ldos-ut-pg0.wisc.cloudlab.us,alibabaBlock_198,lruforgive,10,35961,27,1,2,0.1064,0.12,18958084,359610.368,1633091
node3.tardis-apia.ldos-ut-pg0.wisc.cloudlab.us,alibabaBlock_198,lruforgive,10,35961,27,1,3,0.1064,0.12,18958084,359610.368,1633091
node3.tardis-apia.ldos-ut-pg0.wisc.cloudlab.us,alibabaBlock_198,s3fifo,10,35961,27,1,1,0.1045,0.13,18958084,359610.368,1633091
node3.tardis-apia.ldos-ut-pg0.wisc.cloudlab.us,alibabaBlock_198,s3fifo,10,35961,27,1,2,0.1045,0.13,18958084,359610.368,1633091
node3.tardis-apia.ldos-ut-pg0.wisc.cloudlab.us,alibabaBlock_198,s3fifo,10,35961,27,1,3,0.1045,0.13,18958084,359610.368,1633091
node3.tardis-apia.ldos-ut-pg0.wisc.cloudlab.us,alibabaBlock_198,s3fifoforgive,10,35961,27,1,1,0.1044,0.13,18958084,359610.368,1633091
node3.tardis-apia.ldos-ut-pg0.wisc.cloudlab.us,alibabaBlock_198,s3fifoforgive,10,35961,27,1,2,0.1044,0.12,18958084,359610.368,1633091
node3.tardis-apia.ldos-ut-pg0.wisc.cloudlab.us,alibabaBlock_198,s3fifoforgive,10,35961,27,1,3,0.1045,0.12,18958084,359610.368,1633091
node3.tardis-apia.ldos-ut-pg0.wisc.cloudlab.us,alibabaBlock_198,lru,0.1,360,24,1,1,0.1154,0.18,18958084,359610.368,1633091
node3.tardis-apia.ldos-ut-pg0.wisc.cloudlab.us,alibabaBlock_198,lru,0.1,360,24,1,2,0.1154,0.18,18958084,359610.368,1633091
node3.tardis-apia.ldos-ut-pg0.wisc.cloudlab.us,alibabaBlock_198,lru,0.1,360,24,1,3,0.1154,0.18,18958084,359610.368,1633091
node3.tardis-apia.ldos-ut-pg0.wisc.cloudlab.us,alibabaBlock_198,lruforgive,0.1,360,24,1,1,0.1155,0.15,18958084,359610.368,1633091
node3.tardis-apia.ldos-ut-pg0.wisc.cloudlab.us,alibabaBlock_198,lruforgive,0.1,360,24,1,2,0.1155,0.15,18958084,359610.368,1633091
node3.tardis-apia.ldos-ut-pg0.wisc.cloudlab.us,alibabaBlock_198,lruforgive,0.1,360,24,1,3,0.1155,0.15,18958084,359610.368,1633091
node3.tardis-apia.ldos-ut-pg0.wisc.cloudlab.us,alibabaBlock_198,s3fifo,0.1,360,24,1,1,0.1142,0.18,18958084,359610.368,1633091
node3.tardis-apia.ldos-ut-pg0.wisc.cloudlab.us,alibabaBlock_198,s3fifo,0.1,360,24,1,2,0.1142,0.18,18958084,359610.368,1633091
node3.tardis-apia.ldos-ut-pg0.wisc.cloudlab.us,alibabaBlock_198,s3fifo,0.1,360,24,1,3,0.1142,0.18,18958084,359610.368,1633091
node3.tardis-apia.ldos-ut-pg0.wisc.cloudlab.us,alibabaBlock_198,s3fifoforgive,0.1,360,24,1,1,0.1142,0.15,18958084,359610.368,1633091
node3.tardis-apia.ldos-ut-pg0.wisc.cloudlab.us,alibabaBlock_198,s3fifoforgive,0.1,360,24,1,2,0.1142,0.15,18958084,359610.368,1633091
node3.tardis-apia.ldos-ut-pg0.wisc.cloudlab.us,alibabaBlock_198,s3fifoforgive,0.1,360,24,1,3,0.1142,0.15,18958084,359610.368,1633091
node3.tardis-apia.ldos-ut-pg0.wisc.cloudlab.us,alibabaBlock_2,lru,10,4112,27,1,1,0.1811,0.56,25735855,41122.816,1606584
node3.tardis-apia.ldos-ut-pg0.wisc.cloudlab.us,alibabaBlock_2,lru,10,4112,27,1,2,0.1811,0.57,25735855,41122.816,1606584
node3.tardis-apia.ldos-ut-pg0.wisc.cloudlab.us,alibabaBlock_2,lru,10,4112,27,1,3,0.1811,0.56,25735855,41122.816,1606584
node3.tardis-apia.ldos-ut-pg0.wisc.cloudlab.us,alibabaBlock_2,lruforgive,10,4112,27,1,1,0.1807,0.34,25735855,41122.816,1606584
node3.tardis-apia.ldos-ut-pg0.wisc.cloudlab.us,alibabaBlock_2,lruforgive,10,4112,27,1,2,0.1807,0.34,25735855,41122.816,1606584
node3.tardis-apia.ldos-ut-pg0.wisc.cloudlab.us,alibabaBlock_2,lruforgive,10,4112,27,1,3,0.1807,0.34,25735855,41122.816,1606584
node3.tardis-apia.ldos-ut-pg0.wisc.cloudlab.us,alibabaBlock_2,s3fifo,10,4112,27,1,1,NA,NA,NA,41122.816,1606584
node3.tardis-apia.ldos-ut-pg0.wisc.cloudlab.us,alibabaBlock_2,s3fifo,10,4112,27,1,2,0.1773,0.63,25735855,41122.816,1606584
node3.tardis-apia.ldos-ut-pg0.wisc.cloudlab.us,alibabaBlock_2,s3fifo,10,4112,27,1,3,0.1773,0.63,25735855,41122.816,1606584
node3.tardis-apia.ldos-ut-pg0.wisc.cloudlab.us,alibabaBlock_2,s3fifoforgive,10,4112,27,1,1,NA,0.38,18844711,41122.816,1606584
node3.tardis-apia.ldos-ut-pg0.wisc.cloudlab.us,alibabaBlock_2,s3fifoforgive,10,4112,27,1,2,NA,0.38,18844711,41122.816,1606584
node3.tardis-apia.ldos-ut-pg0.wisc.cloudlab.us,alibabaBlock_2,s3fifoforgive,10,4112,27,1,3,0.1772,0.38,25735855,41122.816,1606584
node3.tardis-apia.ldos-ut-pg0.wisc.cloudlab.us,alibabaBlock_2,lru,0.1,41,21,1,1,0.4323,1.20,25735855,41122.816,1606584
node3.tardis-apia.ldos-ut-pg0.wisc.cloudlab.us,alibabaBlock_2,lru,0.1,41,21,1,2,0.4323,1.19,25735855,41122.816,1606584
node3.tardis-apia.ldos-ut-pg0.wisc.cloudlab.us,alibabaBlock_2,lru,0.1,41,21,1,3,0.4323,1.18,25735855,41122.816,1606584
node3.tardis-apia.ldos-ut-pg0.wisc.cloudlab.us,alibabaBlock_2,lruforgive,0.1,41,21,1,1,0.4279,0.65,25735855,41122.816,1606584
node3.tardis-apia.ldos-ut-pg0.wisc.cloudlab.us,alibabaBlock_2,lruforgive,0.1,41,21,1,2,0.4279,0.65,25735855,41122.816,1606584
node3.tardis-apia.ldos-ut-pg0.wisc.cloudlab.us,alibabaBlock_2,lruforgive,0.1,41,21,1,3,0.4279,0.66,25735855,41122.816,1606584
node3.tardis-apia.ldos-ut-pg0.wisc.cloudlab.us,alibabaBlock_2,s3fifo,0.1,41,21,1,1,0.4289,1.46,25735855,41122.816,1606584
node3.tardis-apia.ldos-ut-pg0.wisc.cloudlab.us,alibabaBlock_2,s3fifo,0.1,41,21,1,2,0.4289,1.43,25735855,41122.816,1606584
node3.tardis-apia.ldos-ut-pg0.wisc.cloudlab.us,alibabaBlock_2,s3fifo,0.1,41,21,1,3,0.4289,1.42,25735855,41122.816,1606584
node3.tardis-apia.ldos-ut-pg0.wisc.cloudlab.us,alibabaBlock_2,s3fifoforgive,0.1,41,21,1,1,0.4271,0.83,25735855,41122.816,1606584
node3.tardis-apia.ldos-ut-pg0.wisc.cloudlab.us,alibabaBlock_2,s3fifoforgive,0.1,41,21,1,2,0.4271,0.83,25735855,41122.816,1606584
node3.tardis-apia.ldos-ut-pg0.wisc.cloudlab.us,alibabaBlock_2,s3fifoforgive,0.1,41,21,1,3,0.4271,0.80,25735855,41122.816,1606584
node3.tardis-apia.ldos-ut-pg0.wisc.cloudlab.us,alibabaBlock_20,lru,10,36538,27,1,1,0.7364,0.13,14547146,365380.5056,8780713
node3.tardis-apia.ldos-ut-pg0.wisc.cloudlab.us,alibabaBlock_20,lru,10,36538,27,1,2,0.7364,0.13,14547146,365380.5056,8780713
node3.tardis-apia.ldos-ut-pg0.wisc.cloudlab.us,alibabaBlock_20,lru,10,36538,27,1,3,0.7364,0.13,14547146,365380.5056,8780713
node3.tardis-apia.ldos-ut-pg0.wisc.cloudlab.us,alibabaBlock_20,lruforgive,10,36538,27,1,1,0.7360,0.13,14547146,365380.5056,8780713
node3.tardis-apia.ldos-ut-pg0.wisc.cloudlab.us,alibabaBlock_20,lruforgive,10,36538,27,1,2,0.7360,0.13,14547146,365380.5056,8780713
node3.tardis-apia.ldos-ut-pg0.wisc.cloudlab.us,alibabaBlock_20,lruforgive,10,36538,27,1,3,0.7360,0.13,14547146,365380.5056,8780713
node3.tardis-apia.ldos-ut-pg0.wisc.cloudlab.us,alibabaBlock_20,s3fifo,10,36538,27,1,1,0.7368,0.13,14547146,365380.5056,8780713
node3.tardis-apia.ldos-ut-pg0.wisc.cloudlab.us,alibabaBlock_20,s3fifo,10,36538,27,1,2,0.7368,0.13,14547146,365380.5056,8780713
node3.tardis-apia.ldos-ut-pg0.wisc.cloudlab.us,alibabaBlock_20,s3fifo,10,36538,27,1,3,0.7368,0.13,14547146,365380.5056,8780713
node3.tardis-apia.ldos-ut-pg0.wisc.cloudlab.us,alibabaBlock_20,s3fifoforgive,10,36538,27,1,1,0.7368,0.13,14547146,365380.5056,8780713
node3.tardis-apia.ldos-ut-pg0.wisc.cloudlab.us,alibabaBlock_20,s3fifoforgive,10,36538,27,1,2,0.7368,0.13,14547146,365380.5056,8780713
node3.tardis-apia.ldos-ut-pg0.wisc.cloudlab.us,alibabaBlock_20,s3fifoforgive,10,36538,27,1,3,0.7368,0.13,14547146,365380.5056,8780713
node3.tardis-apia.ldos-ut-pg0.wisc.cloudlab.us,alibabaBlock_20,lru,0.1,365,25,1,1,0.8183,0.21,14547146,365380.5056,8780713
node3.tardis-apia.ldos-ut-pg0.wisc.cloudlab.us,alibabaBlock_20,lru,0.1,365,25,1,2,0.8189,0.21,14547146,365380.5056,8780713
node3.tardis-apia.ldos-ut-pg0.wisc.cloudlab.us,alibabaBlock_20,lru,0.1,365,25,1,3,0.8189,0.21,14547146,365380.5056,8780713
node3.tardis-apia.ldos-ut-pg0.wisc.cloudlab.us,alibabaBlock_20,lruforgive,0.1,365,25,1,1,0.8181,0.20,14547146,365380.5056,8780713
node3.tardis-apia.ldos-ut-pg0.wisc.cloudlab.us,alibabaBlock_20,lruforgive,0.1,365,25,1,2,0.8181,0.20,14547146,365380.5056,8780713
node3.tardis-apia.ldos-ut-pg0.wisc.cloudlab.us,alibabaBlock_20,lruforgive,0.1,365,25,1,3,0.8181,0.20,14547146,365380.5056,8780713
node3.tardis-apia.ldos-ut-pg0.wisc.cloudlab.us,alibabaBlock_20,s3fifo,0.1,365,25,1,1,0.8213,0.22,14547146,365380.5056,8780713
node3.tardis-apia.ldos-ut-pg0.wisc.cloudlab.us,alibabaBlock_20,s3fifo,0.1,365,25,1,2,0.8213,0.22,14547146,365380.5056,8780713
node3.tardis-apia.ldos-ut-pg0.wisc.cloudlab.us,alibabaBlock_20,s3fifo,0.1,365,25,1,3,0.8213,0.22,14547146,365380.5056,8780713
node3.tardis-apia.ldos-ut-pg0.wisc.cloudlab.us,alibabaBlock_20,s3fifoforgive,0.1,365,25,1,1,0.8212,0.21,14547146,365380.5056,8780713
node3.tardis-apia.ldos-ut-pg0.wisc.cloudlab.us,alibabaBlock_20,s3fifoforgive,0.1,365,25,1,2,0.8212,0.21,14547146,365380.5056,8780713
node3.tardis-apia.ldos-ut-pg0.wisc.cloudlab.us,alibabaBlock_20,s3fifoforgive,0.1,365,25,1,3,0.8211,0.21,14547146,365380.5056,8780713
node3.tardis-apia.ldos-ut-pg0.wisc.cloudlab.us,alibabaBlock_200,lru,10,35700,27,1,1,0.7371,0.14,14565357,356998.5536,8810506
node3.tardis-apia.ldos-ut-pg0.wisc.cloudlab.us,alibabaBlock_200,lru,10,35700,27,1,2,0.7371,0.14,14565357,356998.5536,8810506
node3.tardis-apia.ldos-ut-pg0.wisc.cloudlab.us,alibabaBlock_200,lru,10,35700,27,1,3,0.7371,0.14,14565357,356998.5536,8810506
node3.tardis-apia.ldos-ut-pg0.wisc.cloudlab.us,alibabaBlock_200,lruforgive,10,35700,27,1,1,0.7367,0.13,14565357,356998.5536,8810506
node3.tardis-apia.ldos-ut-pg0.wisc.cloudlab.us,alibabaBlock_200,lruforgive,10,35700,27,1,2,0.7367,0.13,14565357,356998.5536,8810506
node3.tardis-apia.ldos-ut-pg0.wisc.cloudlab.us,alibabaBlock_200,lruforgive,10,35700,27,1,3,0.7367,0.13,14565357,356998.5536,8810506
node3.tardis-apia.ldos-ut-pg0.wisc.cloudlab.us,alibabaBlock_200,s3fifo,10,35700,27,1,1,NA,NA,NA,356998.5536,8810506
node3.tardis-apia.ldos-ut-pg0.wisc.cloudlab.us,alibabaBlock_200,s3fifo,10,35700,27,1,2,NA,NA,NA,356998.5536,8810506
node3.tardis-apia.ldos-ut-pg0.wisc.cloudlab.us,alibabaBlock_200,s3fifo,10,35700,27,1,3,NA,NA,NA,356998.5536,8810506
node3.tardis-apia.ldos-ut-pg0.wisc.cloudlab.us,alibabaBlock_200,s3fifoforgive,10,35700,27,1,1,NA,NA,NA,356998.5536,8810506
node3.tardis-apia.ldos-ut-pg0.wisc.cloudlab.us,alibabaBlock_200,s3fifoforgive,10,35700,27,1,2,NA,NA,NA,356998.5536,8810506
node3.tardis-apia.ldos-ut-pg0.wisc.cloudlab.us,alibabaBlock_200,s3fifoforgive,10,35700,27,1,3,NA,NA,NA,356998.5536,8810506
node3.tardis-apia.ldos-ut-pg0.wisc.cloudlab.us,alibabaBlock_200,lru,0.1,357,24,1,1,0.8196,0.23,14565357,356998.5536,8810506
node3.tardis-apia.ldos-ut-pg0.wisc.cloudlab.us,alibabaBlock_200,lru,0.1,357,24,1,2,0.8196,0.22,14565357,356998.5536,8810506
node3.tardis-apia.ldos-ut-pg0.wisc.cloudlab.us,alibabaBlock_200,lru,0.1,357,24,1,3,0.8196,0.23,14565357,356998.5536,8810506
node3.tardis-apia.ldos-ut-pg0.wisc.cloudlab.us,alibabaBlock_200,lruforgive,0.1,357,24,1,1,0.8194,0.21,14565357,356998.5536,8810506
node3.tardis-apia.ldos-ut-pg0.wisc.cloudlab.us,alibabaBlock_200,lruforgive,0.1,357,24,1,2,0.8194,0.21,14565357,356998.5536,8810506
node3.tardis-apia.ldos-ut-pg0.wisc.cloudlab.us,alibabaBlock_200,lruforgive,0.1,357,24,1,3,0.8194,0.21,14565357,356998.5536,8810506
node3.tardis-apia.ldos-ut-pg0.wisc.cloudlab.us,alibabaBlock_200,s3fifo,0.1,357,24,1,1,0.8220,0.25,14565357,356998.5536,8810506
node3.tardis-apia.ldos-ut-pg0.wisc.cloudlab.us,alibabaBlock_200,s3fifo,0.1,357,24,1,2,0.8221,0.24,14565357,356998.5536,8810506
node3.tardis-apia.ldos-ut-pg0.wisc.cloudlab.us,alibabaBlock_200,s3fifo,0.1,357,24,1,3,0.8220,0.24,14565357,356998.5536,8810506
node3.tardis-apia.ldos-ut-pg0.wisc.cloudlab.us,alibabaBlock_200,s3fifoforgive,0.1,357,24,1,1,0.8220,0.23,14565357,356998.5536,8810506
node3.tardis-apia.ldos-ut-pg0.wisc.cloudlab.us,alibabaBlock_200,s3fifoforgive,0.1,357,24,1,2,0.8219,0.23,14565357,356998.5536,8810506
node3.tardis-apia.ldos-ut-pg0.wisc.cloudlab.us,alibabaBlock_200,s3fifoforgive,0.1,357,24,1,3,0.8219,0.23,14565357,356998.5536,8810506
node3.tardis-apia.ldos-ut-pg0.wisc.cloudlab.us,alibabaBlock_201,lru,10,37114,27,1,1,0.7354,0.13,14570878,371141.9392,8796515
node3.tardis-apia.ldos-ut-pg0.wisc.cloudlab.us,alibabaBlock_201,lru,10,37114,27,1,2,0.7354,0.13,14570878,371141.9392,8796515
node3.tardis-apia.ldos-ut-pg0.wisc.cloudlab.us,alibabaBlock_201,lru,10,37114,27,1,3,0.7354,0.13,14570878,371141.9392,8796515
node3.tardis-apia.ldos-ut-pg0.wisc.cloudlab.us,alibabaBlock_201,lruforgive,10,37114,27,1,1,0.7350,0.13,14570878,371141.9392,8796515
node3.tardis-apia.ldos-ut-pg0.wisc.cloudlab.us,alibabaBlock_201,lruforgive,10,37114,27,1,2,0.7350,0.13,14570878,371141.9392,8796515
node3.tardis-apia.ldos-ut-pg0.wisc.cloudlab.us,alibabaBlock_201,lruforgive,10,37114,27,1,3,0.7350,0.13,14570878,371141.9392,8796515
node3.tardis-apia.ldos-ut-pg0.wisc.cloudlab.us,alibabaBlock_201,s3fifo,10,37114,27,1,1,NA,NA,NA,371141.9392,8796515
node3.tardis-apia.ldos-ut-pg0.wisc.cloudlab.us,alibabaBlock_201,s3fifo,10,37114,27,1,2,NA,NA,NA,371141.9392,8796515
node3.tardis-apia.ldos-ut-pg0.wisc.cloudlab.us,alibabaBlock_201,s3fifo,10,37114,27,1,3,NA,NA,NA,371141.9392,8796515
node3.tardis-apia.ldos-ut-pg0.wisc.cloudlab.us,alibabaBlock_201,s3fifoforgive,10,37114,27,1,1,NA,NA,NA,371141.9392,8796515
node3.tardis-apia.ldos-ut-pg0.wisc.cloudlab.us,alibabaBlock_201,s3fifoforgive,10,37114,27,1,2,NA,NA,NA,371141.9392,8796515
node3.tardis-apia.ldos-ut-pg0.wisc.cloudlab.us,alibabaBlock_201,s3fifoforgive,10,37114,27,1,3,NA,NA,NA,371141.9392,8796515
node3.tardis-apia.ldos-ut-pg0.wisc.cloudlab.us,alibabaBlock_201,lru,0.1,371,25,1,1,0.8181,0.21,14570878,371141.9392,8796515
node3.tardis-apia.ldos-ut-pg0.wisc.cloudlab.us,alibabaBlock_201,lru,0.1,371,25,1,2,0.8181,0.21,14570878,371141.9392,8796515
node3.tardis-apia.ldos-ut-pg0.wisc.cloudlab.us,alibabaBlock_201,lru,0.1,371,25,1,3,0.8181,0.21,14570878,371141.9392,8796515
node3.tardis-apia.ldos-ut-pg0.wisc.cloudlab.us,alibabaBlock_201,lruforgive,0.1,371,25,1,1,0.8178,0.20,14570878,371141.9392,8796515
node3.tardis-apia.ldos-ut-pg0.wisc.cloudlab.us,alibabaBlock_201,lruforgive,0.1,371,25,1,2,0.8178,0.20,14570878,371141.9392,8796515
node3.tardis-apia.ldos-ut-pg0.wisc.cloudlab.us,alibabaBlock_201,lruforgive,0.1,371,25,1,3,0.8178,0.20,14570878,371141.9392,8796515
node3.tardis-apia.ldos-ut-pg0.wisc.cloudlab.us,alibabaBlock_201,s3fifo,0.1,371,25,1,1,0.8209,0.23,14570878,371141.9392,8796515
node3.tardis-apia.ldos-ut-pg0.wisc.cloudlab.us,alibabaBlock_201,s3fifo,0.1,371,25,1,2,0.8209,0.23,14570878,371141.9392,8796515
node3.tardis-apia.ldos-ut-pg0.wisc.cloudlab.us,alibabaBlock_201,s3fifo,0.1,371,25,1,3,0.8209,0.23,14570878,371141.9392,8796515
node3.tardis-apia.ldos-ut-pg0.wisc.cloudlab.us,alibabaBlock_201,s3fifoforgive,0.1,371,25,1,1,0.8208,0.21,14570878,371141.9392,8796515
node3.tardis-apia.ldos-ut-pg0.wisc.cloudlab.us,alibabaBlock_201,s3fifoforgive,0.1,371,25,1,2,0.8208,0.22,14570878,371141.9392,8796515
node3.tardis-apia.ldos-ut-pg0.wisc.cloudlab.us,alibabaBlock_201,s3fifoforgive,0.1,371,25,1,3,0.8208,0.22,14570878,371141.9392,8796515
node3.tardis-apia.ldos-ut-pg0.wisc.cloudlab.us,alibabaBlock_202,lru,10,43501,27,1,1,0.7055,0.02,7989764,435008.2048,1323951
node3.tardis-apia.ldos-ut-pg0.wisc.cloudlab.us,alibabaBlock_202,lru,10,43501,27,1,2,0.7055,0.02,7989764,435008.2048,1323951
node3.tardis-apia.ldos-ut-pg0.wisc.cloudlab.us,alibabaBlock_202,lru,10,43501,27,1,3,0.7055,0.02,7989764,435008.2048,1323951
node3.tardis-apia.ldos-ut-pg0.wisc.cloudlab.us,alibabaBlock_202,lruforgive,10,43501,27,1,1,0.7011,0.02,7989764,435008.2048,1323951
node3.tardis-apia.ldos-ut-pg0.wisc.cloudlab.us,alibabaBlock_202,lruforgive,10,43501,27,1,2,0.7011,0.02,7989764,435008.2048,1323951
node3.tardis-apia.ldos-ut-pg0.wisc.cloudlab.us,alibabaBlock_202,lruforgive,10,43501,27,1,3,0.7012,0.02,7989764,435008.2048,1323951
node3.tardis-apia.ldos-ut-pg0.wisc.cloudlab.us,alibabaBlock_202,s3fifo,10,43501,27,1,1,NA,NA,NA,435008.2048,1323951
node3.tardis-apia.ldos-ut-pg0.wisc.cloudlab.us,alibabaBlock_202,s3fifo,10,43501,27,1,2,NA,NA,NA,435008.2048,1323951
node3.tardis-apia.ldos-ut-pg0.wisc.cloudlab.us,alibabaBlock_202,s3fifo,10,43501,27,1,3,NA,NA,NA,435008.2048,1323951
node3.tardis-apia.ldos-ut-pg0.wisc.cloudlab.us,alibabaBlock_202,s3fifoforgive,10,43501,27,1,1,0.5566,0.03,7989764,435008.2048,1323951
node3.tardis-apia.ldos-ut-pg0.wisc.cloudlab.us,alibabaBlock_202,s3fifoforgive,10,43501,27,1,2,0.5547,0.03,7989764,435008.2048,1323951
node3.tardis-apia.ldos-ut-pg0.wisc.cloudlab.us,alibabaBlock_202,s3fifoforgive,10,43501,27,1,3,0.5541,0.03,7989764,435008.2048,1323951
node3.tardis-apia.ldos-ut-pg0.wisc.cloudlab.us,alibabaBlock_202,lru,0.1,435,25,1,1,0.8684,0.03,7989764,435008.2048,1323951
node3.tardis-apia.ldos-ut-pg0.wisc.cloudlab.us,alibabaBlock_202,lru,0.1,435,25,1,2,0.8684,0.03,7989764,435008.2048,1323951
node3.tardis-apia.ldos-ut-pg0.wisc.cloudlab.us,alibabaBlock_202,lru,0.1,435,25,1,3,0.8684,0.03,7989764,435008.2048,1323951
node3.tardis-apia.ldos-ut-pg0.wisc.cloudlab.us,alibabaBlock_202,lruforgive,0.1,435,25,1,1,0.8677,0.03,7989764,435008.2048,1323951
node3.tardis-apia.ldos-ut-pg0.wisc.cloudlab.us,alibabaBlock_202,lruforgive,0.1,435,25,1,2,0.8677,0.03,7989764,435008.2048,1323951
node3.tardis-apia.ldos-ut-pg0.wisc.cloudlab.us,alibabaBlock_202,lruforgive,0.1,435,25,1,3,0.8677,0.03,7989764,435008.2048,1323951
node3.tardis-apia.ldos-ut-pg0.wisc.cloudlab.us,alibabaBlock_202,s3fifo,0.1,435,25,1,1,NA,NA,NA,435008.2048,1323951
node3.tardis-apia.ldos-ut-pg0.wisc.cloudlab.us,alibabaBlock_202,s3fifo,0.1,435,25,1,2,NA,NA,NA,435008.2048,1323951
node3.tardis-apia.ldos-ut-pg0.wisc.cloudlab.us,alibabaBlock_202,s3fifo,0.1,435,25,1,3,NA,NA,NA,435008.2048,1323951
node3.tardis-apia.ldos-ut-pg0.wisc.cloudlab.us,alibabaBlock_202,s3fifoforgive,0.1,435,25,1,1,NA,NA,4152709,435008.2048,1323951
node3.tardis-apia.ldos-ut-pg0.wisc.cloudlab.us,alibabaBlock_202,s3fifoforgive,0.1,435,25,1,2,NA,NA,4152709,435008.2048,1323951
node3.tardis-apia.ldos-ut-pg0.wisc.cloudlab.us,alibabaBlock_202,s3fifoforgive,0.1,435,25,1,3,NA,NA,4152709,435008.2048,1323951
node3.tardis-apia.ldos-ut-pg0.wisc.cloudlab.us,alibabaBlock_205,lru,10,3008,27,1,1,0.2312,0.58,19638733,30077.6448,2063236
node3.tardis-apia.ldos-ut-pg0.wisc.cloudlab.us,alibabaBlock_205,lru,10,3008,27,1,2,0.2312,0.58,19638733,30077.6448,2063236
node3.tardis-apia.ldos-ut-pg0.wisc.cloudlab.us,alibabaBlock_205,lru,10,3008,27,1,3,0.2312,0.58,19638733,30077.6448,2063236
node3.tardis-apia.ldos-ut-pg0.wisc.cloudlab.us,alibabaBlock_205,lruforgive,10,3008,27,1,1,0.2299,0.32,19638733,30077.6448,2063236
node3.tardis-apia.ldos-ut-pg0.wisc.cloudlab.us,alibabaBlock_205,lruforgive,10,3008,27,1,2,0.2299,0.32,19638733,30077.6448,2063236
node3.tardis-apia.ldos-ut-pg0.wisc.cloudlab.us,alibabaBlock_205,lruforgive,10,3008,27,1,3,0.2299,0.32,19638733,30077.6448,2063236
node3.tardis-apia.ldos-ut-pg0.wisc.cloudlab.us,alibabaBlock_205,s3fifo,10,3008,27,1,1,0.2416,0.61,19638733,30077.6448,2063236
node3.tardis-apia.ldos-ut-pg0.wisc.cloudlab.us,alibabaBlock_205,s3fifo,10,3008,27,1,2,0.2414,0.61,19638733,30077.6448,2063236
node3.tardis-apia.ldos-ut-pg0.wisc.cloudlab.us,alibabaBlock_205,s3fifo,10,3008,27,1,3,0.2415,0.61,19638733,30077.6448,2063236
node3.tardis-apia.ldos-ut-pg0.wisc.cloudlab.us,alibabaBlock_205,s3fifoforgive,10,3008,27,1,1,0.2413,0.35,19638733,30077.6448,2063236
node3.tardis-apia.ldos-ut-pg0.wisc.cloudlab.us,alibabaBlock_205,s3fifoforgive,10,3008,27,1,2,0.2413,0.35,19638733,30077.6448,2063236
node3.tardis-apia.ldos-ut-pg0.wisc.cloudlab.us,alibabaBlock_205,s3fifoforgive,10,3008,27,1,3,0.2413,0.35,19638733,30077.6448,2063236
node3.tardis-apia.ldos-ut-pg0.wisc.cloudlab.us,alibabaBlock_205,lru,0.1,30,21,1,1,0.6176,0.99,19638733,30077.6448,2063236
node3.tardis-apia.ldos-ut-pg0.wisc.cloudlab.us,alibabaBlock_205,lru,0.1,30,21,1,2,0.6176,0.99,19638733,30077.6448,2063236
node3.tardis-apia.ldos-ut-pg0.wisc.cloudlab.us,alibabaBlock_205,lru,0.1,30,21,1,3,0.6176,1.00,19638733,30077.6448,2063236
node3.tardis-apia.ldos-ut-pg0.wisc.cloudlab.us,alibabaBlock_205,lruforgive,0.1,30,21,1,1,0.6117,0.65,19638733,30077.6448,2063236
node3.tardis-apia.ldos-ut-pg0.wisc.cloudlab.us,alibabaBlock_205,lruforgive,0.1,30,21,1,2,0.6117,0.64,19638733,30077.6448,2063236
node3.tardis-apia.ldos-ut-pg0.wisc.cloudlab.us,alibabaBlock_205,lruforgive,0.1,30,21,1,3,0.6117,0.63,19638733,30077.6448,2063236
node3.tardis-apia.ldos-ut-pg0.wisc.cloudlab.us,alibabaBlock_205,s3fifo,0.1,30,21,1,1,0.6135,1.14,19638733,30077.6448,2063236
node3.tardis-apia.ldos-ut-pg0.wisc.cloudlab.us,alibabaBlock_205,s3fifo,0.1,30,21,1,2,0.6135,1.14,19638733,30077.6448,2063236
node3.tardis-apia.ldos-ut-pg0.wisc.cloudlab.us,alibabaBlock_205,s3fifo,0.1,30,21,1,3,0.6135,1.13,19638733,30077.6448,2063236
node3.tardis-apia.ldos-ut-pg0.wisc.cloudlab.us,alibabaBlock_205,s3fifoforgive,0.1,30,21,1,1,0.6133,0.79,19638733,30077.6448,2063236
node3.tardis-apia.ldos-ut-pg0.wisc.cloudlab.us,alibabaBlock_205,s3fifoforgive,0.1,30,21,1,2,0.6133,0.78,19638733,30077.6448,2063236
node3.tardis-apia.ldos-ut-pg0.wisc.cloudlab.us,alibabaBlock_205,s3fifoforgive,0.1,30,21,1,3,0.6133,0.78,19638733,30077.6448,2063236
node3.tardis-apia.ldos-ut-pg0.wisc.cloudlab.us,alibabaBlock_206,lru,10,19700,27,1,1,0.0263,0.65,465536754,196995.2768,4312543
node3.tardis-apia.ldos-ut-pg0.wisc.cloudlab.us,alibabaBlock_206,lru,10,19700,27,1,2,0.0263,0.65,465536754,196995.2768,4312543
node3.tardis-apia.ldos-ut-pg0.wisc.cloudlab.us,alibabaBlock_206,lru,10,19700,27,1,3,0.0263,0.64,465536754,196995.2768,4312543
node3.tardis-apia.ldos-ut-pg0.wisc.cloudlab.us,alibabaBlock_206,lruforgive,10,19700,27,1,1,0.0263,0.27,465536754,196995.2768,4312543
node3.tardis-apia.ldos-ut-pg0.wisc.cloudlab.us,alibabaBlock_206,lruforgive,10,19700,27,1,2,0.0263,0.27,465536754,196995.2768,4312543
node3.tardis-apia.ldos-ut-pg0.wisc.cloudlab.us,alibabaBlock_206,lruforgive,10,19700,27,1,3,0.0263,0.27,465536754,196995.2768,4312543
node3.tardis-apia.ldos-ut-pg0.wisc.cloudlab.us,alibabaBlock_206,s3fifo,10,19700,27,1,1,0.0249,0.75,465536754,196995.2768,4312543
node3.tardis-apia.ldos-ut-pg0.wisc.cloudlab.us,alibabaBlock_206,s3fifo,10,19700,27,1,2,0.0249,0.74,465536754,196995.2768,4312543
node3.tardis-apia.ldos-ut-pg0.wisc.cloudlab.us,alibabaBlock_206,s3fifo,10,19700,27,1,3,0.0250,0.74,465536754,196995.2768,4312543
node3.tardis-apia.ldos-ut-pg0.wisc.cloudlab.us,alibabaBlock_206,s3fifoforgive,10,19700,27,1,1,0.0250,0.29,465536754,196995.2768,4312543
node3.tardis-apia.ldos-ut-pg0.wisc.cloudlab.us,alibabaBlock_206,s3fifoforgive,10,19700,27,1,2,0.0249,0.29,465536754,196995.2768,4312543
node3.tardis-apia.ldos-ut-pg0.wisc.cloudlab.us,alibabaBlock_206,s3fifoforgive,10,19700,27,1,3,0.0249,0.29,465536754,196995.2768,4312543
node3.tardis-apia.ldos-ut-pg0.wisc.cloudlab.us,alibabaBlock_206,lru,0.1,197,24,1,1,NA,NA,NA,196995.2768,4312543
node3.tardis-apia.ldos-ut-pg0.wisc.cloudlab.us,alibabaBlock_206,lru,0.1,197,24,1,2,NA,NA,NA,196995.2768,4312543
node3.tardis-apia.ldos-ut-pg0.wisc.cloudlab.us,alibabaBlock_206,lru,0.1,197,24,1,3,NA,NA,NA,196995.2768,4312543
node3.tardis-apia.ldos-ut-pg0.wisc.cloudlab.us,alibabaBlock_206,lruforgive,0.1,197,24,1,1,NA,NA,NA,196995.2768,4312543
node3.tardis-apia.ldos-ut-pg0.wisc.cloudlab.us,alibabaBlock_206,lruforgive,0.1,197,24,1,2,NA,NA,NA,196995.2768,4312543
node3.tardis-apia.ldos-ut-pg0.wisc.cloudlab.us,alibabaBlock_206,lruforgive,0.1,197,24,1,3,NA,NA,NA,196995.2768,4312543
node3.tardis-apia.ldos-ut-pg0.wisc.cloudlab.us,alibabaBlock_206,s3fifo,0.1,197,24,1,1,NA,NA,NA,196995.2768,4312543
node3.tardis-apia.ldos-ut-pg0.wisc.cloudlab.us,alibabaBlock_206,s3fifo,0.1,197,24,1,2,NA,NA,NA,196995.2768,4312543
node3.tardis-apia.ldos-ut-pg0.wisc.cloudlab.us,alibabaBlock_206,s3fifo,0.1,197,24,1,3,NA,NA,NA,196995.2768,4312543
node3.tardis-apia.ldos-ut-pg0.wisc.cloudlab.us,alibabaBlock_206,s3fifoforgive,0.1,197,24,1,1,NA,NA,NA,196995.2768,4312543
node3.tardis-apia.ldos-ut-pg0.wisc.cloudlab.us,alibabaBlock_206,s3fifoforgive,0.1,197,24,1,2,NA,NA,NA,196995.2768,4312543
node3.tardis-apia.ldos-ut-pg0.wisc.cloudlab.us,alibabaBlock_206,s3fifoforgive,0.1,197,24,1,3,NA,NA,NA,196995.2768,4312543
node3.tardis-apia.ldos-ut-pg0.wisc.cloudlab.us,alibabaBlock_207,lru,10,619448,27,1,1,NA_TOOBIG,NA,NA,6194476.3392,23722112
node3.tardis-apia.ldos-ut-pg0.wisc.cloudlab.us,alibabaBlock_207,lru,10,619448,27,1,2,NA_TOOBIG,NA,NA,6194476.3392,23722112
node3.tardis-apia.ldos-ut-pg0.wisc.cloudlab.us,alibabaBlock_207,lru,10,619448,27,1,3,NA_TOOBIG,NA,NA,6194476.3392,23722112
node3.tardis-apia.ldos-ut-pg0.wisc.cloudlab.us,alibabaBlock_207,lruforgive,10,619448,27,1,1,NA_TOOBIG,NA,NA,6194476.3392,23722112
node3.tardis-apia.ldos-ut-pg0.wisc.cloudlab.us,alibabaBlock_207,lruforgive,10,619448,27,1,2,NA_TOOBIG,NA,NA,6194476.3392,23722112
node3.tardis-apia.ldos-ut-pg0.wisc.cloudlab.us,alibabaBlock_207,lruforgive,10,619448,27,1,3,NA_TOOBIG,NA,NA,6194476.3392,23722112
node3.tardis-apia.ldos-ut-pg0.wisc.cloudlab.us,alibabaBlock_207,s3fifo,10,619448,27,1,1,NA_TOOBIG,NA,NA,6194476.3392,23722112
node3.tardis-apia.ldos-ut-pg0.wisc.cloudlab.us,alibabaBlock_207,s3fifo,10,619448,27,1,2,NA_TOOBIG,NA,NA,6194476.3392,23722112
node3.tardis-apia.ldos-ut-pg0.wisc.cloudlab.us,alibabaBlock_207,s3fifo,10,619448,27,1,3,NA_TOOBIG,NA,NA,6194476.3392,23722112
node3.tardis-apia.ldos-ut-pg0.wisc.cloudlab.us,alibabaBlock_207,s3fifoforgive,10,619448,27,1,1,NA_TOOBIG,NA,NA,6194476.3392,23722112
node3.tardis-apia.ldos-ut-pg0.wisc.cloudlab.us,alibabaBlock_207,s3fifoforgive,10,619448,27,1,2,NA_TOOBIG,NA,NA,6194476.3392,23722112
node3.tardis-apia.ldos-ut-pg0.wisc.cloudlab.us,alibabaBlock_207,s3fifoforgive,10,619448,27,1,3,NA_TOOBIG,NA,NA,6194476.3392,23722112
node3.tardis-apia.ldos-ut-pg0.wisc.cloudlab.us,alibabaBlock_207,lru,0.1,6194,27,1,1,NA,NA,NA,6194476.3392,23722112
node3.tardis-apia.ldos-ut-pg0.wisc.cloudlab.us,alibabaBlock_207,lru,0.1,6194,27,1,2,NA,NA,NA,6194476.3392,23722112
node3.tardis-apia.ldos-ut-pg0.wisc.cloudlab.us,alibabaBlock_207,lru,0.1,6194,27,1,3,NA,NA,NA,6194476.3392,23722112
node3.tardis-apia.ldos-ut-pg0.wisc.cloudlab.us,alibabaBlock_207,lruforgive,0.1,6194,27,1,1,NA,0.04,34813212,6194476.3392,23722112
node3.tardis-apia.ldos-ut-pg0.wisc.cloudlab.us,alibabaBlock_207,lruforgive,0.1,6194,27,1,2,NA,0.04,34813212,6194476.3392,23722112
node3.tardis-apia.ldos-ut-pg0.wisc.cloudlab.us,alibabaBlock_207,lruforgive,0.1,6194,27,1,3,NA,0.04,34813212,6194476.3392,23722112
node3.tardis-apia.ldos-ut-pg0.wisc.cloudlab.us,alibabaBlock_207,s3fifo,0.1,6194,27,1,1,NA,NA,NA,6194476.3392,23722112
node3.tardis-apia.ldos-ut-pg0.wisc.cloudlab.us,alibabaBlock_207,s3fifo,0.1,6194,27,1,2,NA,NA,NA,6194476.3392,23722112
node3.tardis-apia.ldos-ut-pg0.wisc.cloudlab.us,alibabaBlock_207,s3fifo,0.1,6194,27,1,3,NA,NA,NA,6194476.3392,23722112
node3.tardis-apia.ldos-ut-pg0.wisc.cloudlab.us,alibabaBlock_207,s3fifoforgive,0.1,6194,27,1,1,NA,NA,NA,6194476.3392,23722112
node3.tardis-apia.ldos-ut-pg0.wisc.cloudlab.us,alibabaBlock_207,s3fifoforgive,0.1,6194,27,1,2,NA,NA,NA,6194476.3392,23722112
node3.tardis-apia.ldos-ut-pg0.wisc.cloudlab.us,alibabaBlock_207,s3fifoforgive,0.1,6194,27,1,3,NA,NA,NA,6194476.3392,23722112
node3.tardis-apia.ldos-ut-pg0.wisc.cloudlab.us,alibabaBlock_208,lru,10,36598,27,1,1,0.1069,0.13,18994070,365979.5456,1632537
node3.tardis-apia.ldos-ut-pg0.wisc.cloudlab.us,alibabaBlock_208,lru,10,36598,27,1,2,0.1069,0.12,18994070,365979.5456,1632537
node3.tardis-apia.ldos-ut-pg0.wisc.cloudlab.us,alibabaBlock_208,lru,10,36598,27,1,3,0.1069,0.12,18994070,365979.5456,1632537
node3.tardis-apia.ldos-ut-pg0.wisc.cloudlab.us,alibabaBlock_208,lruforgive,10,36598,27,1,1,0.1066,0.12,18994070,365979.5456,1632537
node3.tardis-apia.ldos-ut-pg0.wisc.cloudlab.us,alibabaBlock_208,lruforgive,10,36598,27,1,2,0.1066,0.12,18994070,365979.5456,1632537
node3.tardis-apia.ldos-ut-pg0.wisc.cloudlab.us,alibabaBlock_208,lruforgive,10,36598,27,1,3,0.1066,0.12,18994070,365979.5456,1632537
node3.tardis-apia.ldos-ut-pg0.wisc.cloudlab.us,alibabaBlock_208,s3fifo,10,36598,27,1,1,0.1047,0.13,18994070,365979.5456,1632537
node3.tardis-apia.ldos-ut-pg0.wisc.cloudlab.us,alibabaBlock_208,s3fifo,10,36598,27,1,2,0.1047,0.13,18994070,365979.5456,1632537
node3.tardis-apia.ldos-ut-pg0.wisc.cloudlab.us,alibabaBlock_208,s3fifo,10,36598,27,1,3,0.1047,0.13,18994070,365979.5456,1632537
node3.tardis-apia.ldos-ut-pg0.wisc.cloudlab.us,alibabaBlock_208,s3fifoforgive,10,36598,27,1,1,0.1047,0.12,18994070,365979.5456,1632537
node3.tardis-apia.ldos-ut-pg0.wisc.cloudlab.us,alibabaBlock_208,s3fifoforgive,10,36598,27,1,2,0.1047,0.12,18994070,365979.5456,1632537
node3.tardis-apia.ldos-ut-pg0.wisc.cloudlab.us,alibabaBlock_208,s3fifoforgive,10,36598,27,1,3,0.1047,0.12,18994070,365979.5456,1632537
node3.tardis-apia.ldos-ut-pg0.wisc.cloudlab.us,alibabaBlock_208,lru,0.1,366,25,1,1,0.1163,0.18,18994070,365979.5456,1632537
node3.tardis-apia.ldos-ut-pg0.wisc.cloudlab.us,alibabaBlock_208,lru,0.1,366,25,1,2,0.1163,0.18,18994070,365979.5456,1632537
node3.tardis-apia.ldos-ut-pg0.wisc.cloudlab.us,alibabaBlock_208,lru,0.1,366,25,1,3,0.1163,0.17,18994070,365979.5456,1632537
node3.tardis-apia.ldos-ut-pg0.wisc.cloudlab.us,alibabaBlock_208,lruforgive,0.1,366,25,1,1,0.1161,0.15,18994070,365979.5456,1632537
node3.tardis-apia.ldos-ut-pg0.wisc.cloudlab.us,alibabaBlock_208,lruforgive,0.1,366,25,1,2,0.1161,0.15,18994070,365979.5456,1632537
node3.tardis-apia.ldos-ut-pg0.wisc.cloudlab.us,alibabaBlock_208,lruforgive,0.1,366,25,1,3,0.1161,0.15,18994070,365979.5456,1632537
node3.tardis-apia.ldos-ut-pg0.wisc.cloudlab.us,alibabaBlock_208,s3fifo,0.1,366,25,1,1,NA,NA,NA,365979.5456,1632537
node3.tardis-apia.ldos-ut-pg0.wisc.cloudlab.us,alibabaBlock_208,s3fifo,0.1,366,25,1,2,NA,NA,NA,365979.5456,1632537
node3.tardis-apia.ldos-ut-pg0.wisc.cloudlab.us,alibabaBlock_208,s3fifo,0.1,366,25,1,3,NA,NA,NA,365979.5456,1632537
node3.tardis-apia.ldos-ut-pg0.wisc.cloudlab.us,alibabaBlock_208,s3fifoforgive,0.1,366,25,1,1,0.1150,0.16,18994070,365979.5456,1632537
node3.tardis-apia.ldos-ut-pg0.wisc.cloudlab.us,alibabaBlock_208,s3fifoforgive,0.1,366,25,1,2,0.1150,0.16,18994070,365979.5456,1632537
node3.tardis-apia.ldos-ut-pg0.wisc.cloudlab.us,alibabaBlock_208,s3fifoforgive,0.1,366,25,1,3,0.1150,0.16,18994070,365979.5456,1632537
node3.tardis-apia.ldos-ut-pg0.wisc.cloudlab.us,alibabaBlock_209,lru,10,40239,27,1,1,0.5703,0.03,3988977,402392.8832,1540144
node3.tardis-apia.ldos-ut-pg0.wisc.cloudlab.us,alibabaBlock_209,lru,10,40239,27,1,2,0.5703,0.03,3988977,402392.8832,1540144
node3.tardis-apia.ldos-ut-pg0.wisc.cloudlab.us,alibabaBlock_209,lru,10,40239,27,1,3,0.5703,0.03,3988977,402392.8832,1540144
node3.tardis-apia.ldos-ut-pg0.wisc.cloudlab.us,alibabaBlock_209,lruforgive,10,40239,27,1,1,0.5673,0.03,3988977,402392.8832,1540144
node3.tardis-apia.ldos-ut-pg0.wisc.cloudlab.us,alibabaBlock_209,lruforgive,10,40239,27,1,2,0.5673,0.03,3988977,402392.8832,1540144
node3.tardis-apia.ldos-ut-pg0.wisc.cloudlab.us,alibabaBlock_209,lruforgive,10,40239,27,1,3,0.5672,0.03,3988977,402392.8832,1540144
node3.tardis-apia.ldos-ut-pg0.wisc.cloudlab.us,alibabaBlock_209,s3fifo,10,40239,27,1,1,0.5342,0.03,3988977,402392.8832,1540144
node3.tardis-apia.ldos-ut-pg0.wisc.cloudlab.us,alibabaBlock_209,s3fifo,10,40239,27,1,2,0.5341,0.03,3988977,402392.8832,1540144
node3.tardis-apia.ldos-ut-pg0.wisc.cloudlab.us,alibabaBlock_209,s3fifo,10,40239,27,1,3,NA,NA,NA,402392.8832,1540144
node3.tardis-apia.ldos-ut-pg0.wisc.cloudlab.us,alibabaBlock_209,s3fifoforgive,10,40239,27,1,1,0.5337,0.03,3988977,402392.8832,1540144
node3.tardis-apia.ldos-ut-pg0.wisc.cloudlab.us,alibabaBlock_209,s3fifoforgive,10,40239,27,1,2,NA,NA,NA,402392.8832,1540144
node3.tardis-apia.ldos-ut-pg0.wisc.cloudlab.us,alibabaBlock_209,s3fifoforgive,10,40239,27,1,3,0.5335,0.03,3988977,402392.8832,1540144
node3.tardis-apia.ldos-ut-pg0.wisc.cloudlab.us,alibabaBlock_209,lru,0.1,402,25,1,1,0.8663,0.04,3988977,402392.8832,1540144
node3.tardis-apia.ldos-ut-pg0.wisc.cloudlab.us,alibabaBlock_209,lru,0.1,402,25,1,2,0.8663,0.04,3988977,402392.8832,1540144
node3.tardis-apia.ldos-ut-pg0.wisc.cloudlab.us,alibabaBlock_209,lru,0.1,402,25,1,3,0.8663,0.04,3988977,402392.8832,1540144
node3.tardis-apia.ldos-ut-pg0.wisc.cloudlab.us,alibabaBlock_209,lruforgive,0.1,402,25,1,1,0.8656,0.04,3988977,402392.8832,1540144
node3.tardis-apia.ldos-ut-pg0.wisc.cloudlab.us,alibabaBlock_209,lruforgive,0.1,402,25,1,2,0.8656,0.04,3988977,402392.8832,1540144
node3.tardis-apia.ldos-ut-pg0.wisc.cloudlab.us,alibabaBlock_209,lruforgive,0.1,402,25,1,3,0.8656,0.04,3988977,402392.8832,1540144
node3.tardis-apia.ldos-ut-pg0.wisc.cloudlab.us,alibabaBlock_209,s3fifo,0.1,402,25,1,1,0.8620,0.04,3988977,402392.8832,1540144
node3.tardis-apia.ldos-ut-pg0.wisc.cloudlab.us,alibabaBlock_209,s3fifo,0.1,402,25,1,2,0.8620,0.04,3988977,402392.8832,1540144
node3.tardis-apia.ldos-ut-pg0.wisc.cloudlab.us,alibabaBlock_209,s3fifo,0.1,402,25,1,3,0.8620,0.04,3988977,402392.8832,1540144
node3.tardis-apia.ldos-ut-pg0.wisc.cloudlab.us,alibabaBlock_209,s3fifoforgive,0.1,402,25,1,1,0.8619,0.04,3988977,402392.8832,1540144
node3.tardis-apia.ldos-ut-pg0.wisc.cloudlab.us,alibabaBlock_209,s3fifoforgive,0.1,402,25,1,2,0.8619,0.04,3988977,402392.8832,1540144
node3.tardis-apia.ldos-ut-pg0.wisc.cloudlab.us,alibabaBlock_209,s3fifoforgive,0.1,402,25,1,3,0.8619,0.04,3988977,402392.8832,1540144
node3.tardis-apia.ldos-ut-pg0.wisc.cloudlab.us,alibabaBlock_210,lru,10,1140,26,1,1,0.2898,0.75,11742719,11399.9872,2213816
node3.tardis-apia.ldos-ut-pg0.wisc.cloudlab.us,alibabaBlock_210,lru,10,1140,26,1,2,0.2898,0.75,11742719,11399.9872,2213816
node3.tardis-apia.ldos-ut-pg0.wisc.cloudlab.us,alibabaBlock_210,lru,10,1140,26,1,3,0.2898,0.75,11742719,11399.9872,2213816
node3.tardis-apia.ldos-ut-pg0.wisc.cloudlab.us,alibabaBlock_210,lruforgive,10,1140,26,1,1,0.2893,0.44,11742719,11399.9872,2213816
node3.tardis-apia.ldos-ut-pg0.wisc.cloudlab.us,alibabaBlock_210,lruforgive,10,1140,26,1,2,0.2893,0.44,11742719,11399.9872,2213816
node3.tardis-apia.ldos-ut-pg0.wisc.cloudlab.us,alibabaBlock_210,lruforgive,10,1140,26,1,3,0.2893,0.44,11742719,11399.9872,2213816
node3.tardis-apia.ldos-ut-pg0.wisc.cloudlab.us,alibabaBlock_210,s3fifo,10,1140,26,1,1,0.3374,0.84,11742719,11399.9872,2213816
node3.tardis-apia.ldos-ut-pg0.wisc.cloudlab.us,alibabaBlock_210,s3fifo,10,1140,26,1,2,0.3374,0.84,11742719,11399.9872,2213816
node3.tardis-apia.ldos-ut-pg0.wisc.cloudlab.us,alibabaBlock_210,s3fifo,10,1140,26,1,3,NA,NA,NA,11399.9872,2213816
node3.tardis-apia.ldos-ut-pg0.wisc.cloudlab.us,alibabaBlock_210,s3fifoforgive,10,1140,26,1,1,0.3374,0.50,11742719,11399.9872,2213816
node3.tardis-apia.ldos-ut-pg0.wisc.cloudlab.us,alibabaBlock_210,s3fifoforgive,10,1140,26,1,2,NA,NA,6813728,11399.9872,2213816
node3.tardis-apia.ldos-ut-pg0.wisc.cloudlab.us,alibabaBlock_210,s3fifoforgive,10,1140,26,1,3,0.3374,0.50,11742719,11399.9872,2213816
node3.tardis-apia.ldos-ut-pg0.wisc.cloudlab.us,alibabaBlock_210,lru,0.1,11,20,1,1,0.6096,2.04,11742719,11399.9872,2213816
node3.tardis-apia.ldos-ut-pg0.wisc.cloudlab.us,alibabaBlock_210,lru,0.1,11,20,1,2,0.6096,2.03,11742719,11399.9872,2213816
node3.tardis-apia.ldos-ut-pg0.wisc.cloudlab.us,alibabaBlock_210,lru,0.1,11,20,1,3,0.6096,2.03,11742719,11399.9872,2213816
node3.tardis-apia.ldos-ut-pg0.wisc.cloudlab.us,alibabaBlock_210,lruforgive,0.1,11,20,1,1,0.6034,1.12,11742719,11399.9872,2213816
node3.tardis-apia.ldos-ut-pg0.wisc.cloudlab.us,alibabaBlock_210,lruforgive,0.1,11,20,1,2,0.6034,1.12,11742719,11399.9872,2213816
node3.tardis-apia.ldos-ut-pg0.wisc.cloudlab.us,alibabaBlock_210,lruforgive,0.1,11,20,1,3,0.6034,1.13,11742719,11399.9872,2213816
node3.tardis-apia.ldos-ut-pg0.wisc.cloudlab.us,alibabaBlock_210,s3fifo,0.1,11,20,1,1,0.5896,2.17,11742719,11399.9872,2213816
node3.tardis-apia.ldos-ut-pg0.wisc.cloudlab.us,alibabaBlock_210,s3fifo,0.1,11,20,1,2,0.5896,2.16,11742719,11399.9872,2213816
node3.tardis-apia.ldos-ut-pg0.wisc.cloudlab.us,alibabaBlock_210,s3fifo,0.1,11,20,1,3,0.5896,2.14,11742719,11399.9872,2213816
node3.tardis-apia.ldos-ut-pg0.wisc.cloudlab.us,alibabaBlock_210,s3fifoforgive,0.1,11,20,1,1,0.5907,1.23,11742719,11399.9872,2213816
node3.tardis-apia.ldos-ut-pg0.wisc.cloudlab.us,alibabaBlock_210,s3fifoforgive,0.1,11,20,1,2,0.5907,1.24,11742719,11399.9872,2213816
node3.tardis-apia.ldos-ut-pg0.wisc.cloudlab.us,alibabaBlock_210,s3fifoforgive,0.1,11,20,1,3,0.5907,1.20,11742719,11399.9872,2213816
node3.tardis-apia.ldos-ut-pg0.wisc.cloudlab.us,alibabaBlock_211,lru,10,1799,27,1,1,0.1195,0.92,14391517,17994.9568,1567597
node3.tardis-apia.ldos-ut-pg0.wisc.cloudlab.us,alibabaBlock_211,lru,10,1799,27,1,2,0.1195,0.91,14391517,17994.9568,1567597
node3.tardis-apia.ldos-ut-pg0.wisc.cloudlab.us,alibabaBlock_211,lru,10,1799,27,1,3,0.1195,0.91,14391517,17994.9568,1567597
node3.tardis-apia.ldos-ut-pg0.wisc.cloudlab.us,alibabaBlock_211,lruforgive,10,1799,27,1,1,0.1192,0.42,14391517,17994.9568,1567597
node3.tardis-apia.ldos-ut-pg0.wisc.cloudlab.us,alibabaBlock_211,lruforgive,10,1799,27,1,2,0.1192,0.41,14391517,17994.9568,1567597
node3.tardis-apia.ldos-ut-pg0.wisc.cloudlab.us,alibabaBlock_211,lruforgive,10,1799,27,1,3,0.1193,0.42,14391517,17994.9568,1567597
node3.tardis-apia.ldos-ut-pg0.wisc.cloudlab.us,alibabaBlock_211,s3fifo,10,1799,27,1,1,0.1330,1.02,14391517,17994.9568,1567597
node3.tardis-apia.ldos-ut-pg0.wisc.cloudlab.us,alibabaBlock_211,s3fifo,10,1799,27,1,2,0.1330,1.02,14391517,17994.9568,1567597
node3.tardis-apia.ldos-ut-pg0.wisc.cloudlab.us,alibabaBlock_211,s3fifo,10,1799,27,1,3,0.1330,1.03,14391517,17994.9568,1567597
node3.tardis-apia.ldos-ut-pg0.wisc.cloudlab.us,alibabaBlock_211,s3fifoforgive,10,1799,27,1,1,NA,NA,8579830,17994.9568,1567597
node3.tardis-apia.ldos-ut-pg0.wisc.cloudlab.us,alibabaBlock_211,s3fifoforgive,10,1799,27,1,2,NA,NA,8579830,17994.9568,1567597
node3.tardis-apia.ldos-ut-pg0.wisc.cloudlab.us,alibabaBlock_211,s3fifoforgive,10,1799,27,1,3,NA,NA,8579830,17994.9568,1567597
node3.tardis-apia.ldos-ut-pg0.wisc.cloudlab.us,alibabaBlock_211,lru,0.1,18,20,1,1,0.3868,2.08,14391517,17994.9568,1567597
node3.tardis-apia.ldos-ut-pg0.wisc.cloudlab.us,alibabaBlock_211,lru,0.1,18,20,1,2,0.3868,2.09,14391517,17994.9568,1567597
node3.tardis-apia.ldos-ut-pg0.wisc.cloudlab.us,alibabaBlock_211,lru,0.1,18,20,1,3,0.3868,2.12,14391517,17994.9568,1567597
node3.tardis-apia.ldos-ut-pg0.wisc.cloudlab.us,alibabaBlock_211,lruforgive,0.1,18,20,1,1,0.3622,0.71,14391517,17994.9568,1567597
node3.tardis-apia.ldos-ut-pg0.wisc.cloudlab.us,alibabaBlock_211,lruforgive,0.1,18,20,1,2,0.3622,0.73,14391517,17994.9568,1567597
node3.tardis-apia.ldos-ut-pg0.wisc.cloudlab.us,alibabaBlock_211,lruforgive,0.1,18,20,1,3,0.3622,0.72,14391517,17994.9568,1567597
node3.tardis-apia.ldos-ut-pg0.wisc.cloudlab.us,alibabaBlock_211,s3fifo,0.1,18,20,1,1,0.3474,2.27,14391517,17994.9568,1567597
node3.tardis-apia.ldos-ut-pg0.wisc.cloudlab.us,alibabaBlock_211,s3fifo,0.1,18,20,1,2,0.3474,2.34,14391517,17994.9568,1567597
node3.tardis-apia.ldos-ut-pg0.wisc.cloudlab.us,alibabaBlock_211,s3fifo,0.1,18,20,1,3,0.3474,2.33,14391517,17994.9568,1567597
node3.tardis-apia.ldos-ut-pg0.wisc.cloudlab.us,alibabaBlock_211,s3fifoforgive,0.1,18,20,1,1,0.3456,0.98,14391517,17994.9568,1567597
node3.tardis-apia.ldos-ut-pg0.wisc.cloudlab.us,alibabaBlock_211,s3fifoforgive,0.1,18,20,1,2,0.3456,0.84,14391517,17994.9568,1567597
node3.tardis-apia.ldos-ut-pg0.wisc.cloudlab.us,alibabaBlock_211,s3fifoforgive,0.1,18,20,1,3,0.3456,0.83,14391517,17994.9568,1567597
node3.tardis-apia.ldos-ut-pg0.wisc.cloudlab.us,alibabaBlock_212,lru,10,23071,27,1,1,0.5381,0.05,3486441,230709.9648,1557106
node3.tardis-apia.ldos-ut-pg0.wisc.cloudlab.us,alibabaBlock_212,lru,10,23071,27,1,2,0.5381,0.05,3486441,230709.9648,1557106
node3.tardis-apia.ldos-ut-pg0.wisc.cloudlab.us,alibabaBlock_212,lru,10,23071,27,1,3,0.5381,0.05,3486441,230709.9648,1557106
node3.tardis-apia.ldos-ut-pg0.wisc.cloudlab.us,alibabaBlock_212,lruforgive,10,23071,27,1,1,0.5328,0.05,3486441,230709.9648,1557106
node3.tardis-apia.ldos-ut-pg0.wisc.cloudlab.us,alibabaBlock_212,lruforgive,10,23071,27,1,2,0.5328,0.05,3486441,230709.9648,1557106
node3.tardis-apia.ldos-ut-pg0.wisc.cloudlab.us,alibabaBlock_212,lruforgive,10,23071,27,1,3,0.5327,0.05,3486441,230709.9648,1557106
node3.tardis-apia.ldos-ut-pg0.wisc.cloudlab.us,alibabaBlock_212,s3fifo,10,23071,27,1,1,0.5224,0.05,3486441,230709.9648,1557106
node3.tardis-apia.ldos-ut-pg0.wisc.cloudlab.us,alibabaBlock_212,s3fifo,10,23071,27,1,2,0.5241,0.05,3486441,230709.9648,1557106
node3.tardis-apia.ldos-ut-pg0.wisc.cloudlab.us,alibabaBlock_212,s3fifo,10,23071,27,1,3,0.5242,0.05,3486441,230709.9648,1557106
node3.tardis-apia.ldos-ut-pg0.wisc.cloudlab.us,alibabaBlock_212,s3fifoforgive,10,23071,27,1,1,0.5255,0.05,3486441,230709.9648,1557106
node3.tardis-apia.ldos-ut-pg0.wisc.cloudlab.us,alibabaBlock_212,s3fifoforgive,10,23071,27,1,2,0.5256,0.05,3486441,230709.9648,1557106
node3.tardis-apia.ldos-ut-pg0.wisc.cloudlab.us,alibabaBlock_212,s3fifoforgive,10,23071,27,1,3,0.5262,0.05,3486441,230709.9648,1557106
node3.tardis-apia.ldos-ut-pg0.wisc.cloudlab.us,alibabaBlock_212,lru,0.1,231,24,1,1,0.8544,0.08,3486441,230709.9648,1557106
node3.tardis-apia.ldos-ut-pg0.wisc.cloudlab.us,alibabaBlock_212,lru,0.1,231,24,1,2,0.8544,0.08,3486441,230709.9648,1557106
node3.tardis-apia.ldos-ut-pg0.wisc.cloudlab.us,alibabaBlock_212,lru,0.1,231,24,1,3,0.8544,0.08,3486441,230709.9648,1557106
node3.tardis-apia.ldos-ut-pg0.wisc.cloudlab.us,alibabaBlock_212,lruforgive,0.1,231,24,1,1,0.8519,0.08,3486441,230709.9648,1557106
node3.tardis-apia.ldos-ut-pg0.wisc.cloudlab.us,alibabaBlock_212,lruforgive,0.1,231,24,1,2,0.8519,0.08,3486441,230709.9648,1557106
node3.tardis-apia.ldos-ut-pg0.wisc.cloudlab.us,alibabaBlock_212,lruforgive,0.1,231,24,1,3,0.8519,0.08,3486441,230709.9648,1557106
node3.tardis-apia.ldos-ut-pg0.wisc.cloudlab.us,alibabaBlock_212,s3fifo,0.1,231,24,1,1,0.8509,0.08,3486441,230709.9648,1557106
node3.tardis-apia.ldos-ut-pg0.wisc.cloudlab.us,alibabaBlock_212,s3fifo,0.1,231,24,1,2,0.8509,0.08,3486441,230709.9648,1557106
node3.tardis-apia.ldos-ut-pg0.wisc.cloudlab.us,alibabaBlock_212,s3fifo,0.1,231,24,1,3,0.8509,0.08,3486441,230709.9648,1557106
node3.tardis-apia.ldos-ut-pg0.wisc.cloudlab.us,alibabaBlock_212,s3fifoforgive,0.1,231,24,1,1,0.8505,0.08,3486441,230709.9648,1557106
node3.tardis-apia.ldos-ut-pg0.wisc.cloudlab.us,alibabaBlock_212,s3fifoforgive,0.1,231,24,1,2,NA,0.08,2144093,230709.9648,1557106
node3.tardis-apia.ldos-ut-pg0.wisc.cloudlab.us,alibabaBlock_212,s3fifoforgive,0.1,231,24,1,3,0.8507,0.08,3486441,230709.9648,1557106
node3.tardis-apia.ldos-ut-pg0.wisc.cloudlab.us,alibabaBlock_213,lru,10,37309,27,1,1,0.7349,0.13,14330013,373086.9248,8831325
node3.tardis-apia.ldos-ut-pg0.wisc.cloudlab.us,alibabaBlock_213,lru,10,37309,27,1,2,0.7349,0.13,14330013,373086.9248,8831325
node3.tardis-apia.ldos-ut-pg0.wisc.cloudlab.us,alibabaBlock_213,lru,10,37309,27,1,3,0.7349,0.13,14330013,373086.9248,8831325
node3.tardis-apia.ldos-ut-pg0.wisc.cloudlab.us,alibabaBlock_213,lruforgive,10,37309,27,1,1,0.7345,0.13,14330013,373086.9248,8831325
node3.tardis-apia.ldos-ut-pg0.wisc.cloudlab.us,alibabaBlock_213,lruforgive,10,37309,27,1,2,0.7345,0.13,14330013,373086.9248,8831325
node3.tardis-apia.ldos-ut-pg0.wisc.cloudlab.us,alibabaBlock_213,lruforgive,10,37309,27,1,3,0.7345,0.13,14330013,373086.9248,8831325
node3.tardis-apia.ldos-ut-pg0.wisc.cloudlab.us,alibabaBlock_213,s3fifo,10,37309,27,1,1,NA,NA,NA,373086.9248,8831325
node3.tardis-apia.ldos-ut-pg0.wisc.cloudlab.us,alibabaBlock_213,s3fifo,10,37309,27,1,2,NA,NA,NA,373086.9248,8831325
node3.tardis-apia.ldos-ut-pg0.wisc.cloudlab.us,alibabaBlock_213,s3fifo,10,37309,27,1,3,NA,NA,NA,373086.9248,8831325
node3.tardis-apia.ldos-ut-pg0.wisc.cloudlab.us,alibabaBlock_213,s3fifoforgive,10,37309,27,1,1,NA,NA,NA,373086.9248,8831325
node3.tardis-apia.ldos-ut-pg0.wisc.cloudlab.us,alibabaBlock_213,s3fifoforgive,10,37309,27,1,2,NA,NA,NA,373086.9248,8831325
node3.tardis-apia.ldos-ut-pg0.wisc.cloudlab.us,alibabaBlock_213,s3fifoforgive,10,37309,27,1,3,NA,NA,NA,373086.9248,8831325
node3.tardis-apia.ldos-ut-pg0.wisc.cloudlab.us,alibabaBlock_213,lru,0.1,373,25,1,1,0.8195,0.21,14330013,373086.9248,8831325
node3.tardis-apia.ldos-ut-pg0.wisc.cloudlab.us,alibabaBlock_213,lru,0.1,373,25,1,2,0.8194,0.21,14330013,373086.9248,8831325
node3.tardis-apia.ldos-ut-pg0.wisc.cloudlab.us,alibabaBlock_213,lru,0.1,373,25,1,3,0.8194,0.21,14330013,373086.9248,8831325
node3.tardis-apia.ldos-ut-pg0.wisc.cloudlab.us,alibabaBlock_213,lruforgive,0.1,373,25,1,1,0.8192,0.20,14330013,373086.9248,8831325
node3.tardis-apia.ldos-ut-pg0.wisc.cloudlab.us,alibabaBlock_213,lruforgive,0.1,373,25,1,2,0.8192,0.20,14330013,373086.9248,8831325
node3.tardis-apia.ldos-ut-pg0.wisc.cloudlab.us,alibabaBlock_213,lruforgive,0.1,373,25,1,3,0.8192,0.20,14330013,373086.9248,8831325
node3.tardis-apia.ldos-ut-pg0.wisc.cloudlab.us,alibabaBlock_213,s3fifo,0.1,373,25,1,1,NA,NA,NA,373086.9248,8831325
node3.tardis-apia.ldos-ut-pg0.wisc.cloudlab.us,alibabaBlock_213,s3fifo,0.1,373,25,1,2,NA,NA,NA,373086.9248,8831325
node3.tardis-apia.ldos-ut-pg0.wisc.cloudlab.us,alibabaBlock_213,s3fifo,0.1,373,25,1,3,NA,NA,NA,373086.9248,8831325
node3.tardis-apia.ldos-ut-pg0.wisc.cloudlab.us,alibabaBlock_213,s3fifoforgive,0.1,373,25,1,1,NA,0.21,8581365,373086.9248,8831325
node3.tardis-apia.ldos-ut-pg0.wisc.cloudlab.us,alibabaBlock_213,s3fifoforgive,0.1,373,25,1,2,NA,0.21,8581365,373086.9248,8831325
node3.tardis-apia.ldos-ut-pg0.wisc.cloudlab.us,alibabaBlock_213,s3fifoforgive,0.1,373,25,1,3,NA,0.21,8581365,373086.9248,8831325
node3.tardis-apia.ldos-ut-pg0.wisc.cloudlab.us,alibabaBlock_219,lru,10,2524,27,1,1,0.0976,1.10,35607446,25239.1424,3089500
node3.tardis-apia.ldos-ut-pg0.wisc.cloudlab.us,alibabaBlock_219,lru,10,2524,27,1,2,0.0976,1.11,35607446,25239.1424,3089500
node3.tardis-apia.ldos-ut-pg0.wisc.cloudlab.us,alibabaBlock_219,lru,10,2524,27,1,3,0.0976,1.10,35607446,25239.1424,3089500
node3.tardis-apia.ldos-ut-pg0.wisc.cloudlab.us,alibabaBlock_219,lruforgive,10,2524,27,1,1,0.0975,0.43,35607446,25239.1424,3089500
node3.tardis-apia.ldos-ut-pg0.wisc.cloudlab.us,alibabaBlock_219,lruforgive,10,2524,27,1,2,0.0975,0.43,35607446,25239.1424,3089500
node3.tardis-apia.ldos-ut-pg0.wisc.cloudlab.us,alibabaBlock_219,lruforgive,10,2524,27,1,3,0.0975,0.43,35607446,25239.1424,3089500
node3.tardis-apia.ldos-ut-pg0.wisc.cloudlab.us,alibabaBlock_219,s3fifo,10,2524,27,1,1,NA,NA,NA,25239.1424,3089500
node3.tardis-apia.ldos-ut-pg0.wisc.cloudlab.us,alibabaBlock_219,s3fifo,10,2524,27,1,2,0.1000,1.22,35607446,25239.1424,3089500
node3.tardis-apia.ldos-ut-pg0.wisc.cloudlab.us,alibabaBlock_219,s3fifo,10,2524,27,1,3,NA,NA,NA,25239.1424,3089500
node3.tardis-apia.ldos-ut-pg0.wisc.cloudlab.us,alibabaBlock_219,s3fifoforgive,10,2524,27,1,1,0.1001,0.47,35607446,25239.1424,3089500
node3.tardis-apia.ldos-ut-pg0.wisc.cloudlab.us,alibabaBlock_219,s3fifoforgive,10,2524,27,1,2,0.1000,0.47,35607446,25239.1424,3089500
node3.tardis-apia.ldos-ut-pg0.wisc.cloudlab.us,alibabaBlock_219,s3fifoforgive,10,2524,27,1,3,0.1000,0.47,35607446,25239.1424,3089500
node3.tardis-apia.ldos-ut-pg0.wisc.cloudlab.us,alibabaBlock_219,lru,0.1,25,21,1,1,0.3354,1.76,35607446,25239.1424,3089500
node3.tardis-apia.ldos-ut-pg0.wisc.cloudlab.us,alibabaBlock_219,lru,0.1,25,21,1,2,0.3354,1.81,35607446,25239.1424,3089500
node3.tardis-apia.ldos-ut-pg0.wisc.cloudlab.us,alibabaBlock_219,lru,0.1,25,21,1,3,0.3354,1.80,35607446,25239.1424,3089500
node3.tardis-apia.ldos-ut-pg0.wisc.cloudlab.us,alibabaBlock_219,lruforgive,0.1,25,21,1,1,0.3158,0.66,35607446,25239.1424,3089500
node3.tardis-apia.ldos-ut-pg0.wisc.cloudlab.us,alibabaBlock_219,lruforgive,0.1,25,21,1,2,0.3158,0.66,35607446,25239.1424,3089500
node3.tardis-apia.ldos-ut-pg0.wisc.cloudlab.us,alibabaBlock_219,lruforgive,0.1,25,21,1,3,0.3158,0.67,35607446,25239.1424,3089500
node3.tardis-apia.ldos-ut-pg0.wisc.cloudlab.us,alibabaBlock_219,s3fifo,0.1,25,21,1,1,0.3288,1.90,35607446,25239.1424,3089500
node3.tardis-apia.ldos-ut-pg0.wisc.cloudlab.us,alibabaBlock_219,s3fifo,0.1,25,21,1,2,0.3288,1.90,35607446,25239.1424,3089500
node3.tardis-apia.ldos-ut-pg0.wisc.cloudlab.us,alibabaBlock_219,s3fifo,0.1,25,21,1,3,0.3288,1.90,35607446,25239.1424,3089500
node3.tardis-apia.ldos-ut-pg0.wisc.cloudlab.us,alibabaBlock_219,s3fifoforgive,0.1,25,21,1,1,0.3285,0.86,35607446,25239.1424,3089500
node3.tardis-apia.ldos-ut-pg0.wisc.cloudlab.us,alibabaBlock_219,s3fifoforgive,0.1,25,21,1,2,0.3285,0.86,35607446,25239.1424,3089500
node3.tardis-apia.ldos-ut-pg0.wisc.cloudlab.us,alibabaBlock_219,s3fifoforgive,0.1,25,21,1,3,0.3285,0.86,35607446,25239.1424,3089500
node3.tardis-apia.ldos-ut-pg0.wisc.cloudlab.us,alibabaBlock_22,lru,10,36785,27,1,1,0.7372,0.13,14638746,367854.7968,8800245
node3.tardis-apia.ldos-ut-pg0.wisc.cloudlab.us,alibabaBlock_22,lru,10,36785,27,1,2,0.7372,0.13,14638746,367854.7968,8800245
node3.tardis-apia.ldos-ut-pg0.wisc.cloudlab.us,alibabaBlock_22,lru,10,36785,27,1,3,0.7372,0.13,14638746,367854.7968,8800245
node3.tardis-apia.ldos-ut-pg0.wisc.cloudlab.us,alibabaBlock_22,lruforgive,10,36785,27,1,1,0.7369,0.13,14638746,367854.7968,8800245
node3.tardis-apia.ldos-ut-pg0.wisc.cloudlab.us,alibabaBlock_22,lruforgive,10,36785,27,1,2,0.7369,0.13,14638746,367854.7968,8800245
node3.tardis-apia.ldos-ut-pg0.wisc.cloudlab.us,alibabaBlock_22,lruforgive,10,36785,27,1,3,0.7369,0.13,14638746,367854.7968,8800245
node3.tardis-apia.ldos-ut-pg0.wisc.cloudlab.us,alibabaBlock_22,s3fifo,10,36785,27,1,1,0.7378,0.13,14638746,367854.7968,8800245
node3.tardis-apia.ldos-ut-pg0.wisc.cloudlab.us,alibabaBlock_22,s3fifo,10,36785,27,1,2,0.7378,0.13,14638746,367854.7968,8800245
node3.tardis-apia.ldos-ut-pg0.wisc.cloudlab.us,alibabaBlock_22,s3fifo,10,36785,27,1,3,0.7378,0.13,14638746,367854.7968,8800245
node3.tardis-apia.ldos-ut-pg0.wisc.cloudlab.us,alibabaBlock_22,s3fifoforgive,10,36785,27,1,1,0.7378,0.13,14638746,367854.7968,8800245
node3.tardis-apia.ldos-ut-pg0.wisc.cloudlab.us,alibabaBlock_22,s3fifoforgive,10,36785,27,1,2,0.7378,0.13,14638746,367854.7968,8800245
node3.tardis-apia.ldos-ut-pg0.wisc.cloudlab.us,alibabaBlock_22,s3fifoforgive,10,36785,27,1,3,0.7378,0.13,14638746,367854.7968,8800245
node3.tardis-apia.ldos-ut-pg0.wisc.cloudlab.us,alibabaBlock_22,lru,0.1,368,25,1,1,0.8196,0.21,14638746,367854.7968,8800245
node3.tardis-apia.ldos-ut-pg0.wisc.cloudlab.us,alibabaBlock_22,lru,0.1,368,25,1,2,0.8196,0.21,14638746,367854.7968,8800245
node3.tardis-apia.ldos-ut-pg0.wisc.cloudlab.us,alibabaBlock_22,lru,0.1,368,25,1,3,0.8196,0.21,14638746,367854.7968,8800245
node3.tardis-apia.ldos-ut-pg0.wisc.cloudlab.us,alibabaBlock_22,lruforgive,0.1,368,25,1,1,0.8193,0.20,14638746,367854.7968,8800245
node3.tardis-apia.ldos-ut-pg0.wisc.cloudlab.us,alibabaBlock_22,lruforgive,0.1,368,25,1,2,0.8193,0.20,14638746,367854.7968,8800245
node3.tardis-apia.ldos-ut-pg0.wisc.cloudlab.us,alibabaBlock_22,lruforgive,0.1,368,25,1,3,0.8193,0.20,14638746,367854.7968,8800245
node3.tardis-apia.ldos-ut-pg0.wisc.cloudlab.us,alibabaBlock_22,s3fifo,0.1,368,25,1,1,0.8227,0.23,14638746,367854.7968,8800245
node3.tardis-apia.ldos-ut-pg0.wisc.cloudlab.us,alibabaBlock_22,s3fifo,0.1,368,25,1,2,0.8227,0.23,14638746,367854.7968,8800245
node3.tardis-apia.ldos-ut-pg0.wisc.cloudlab.us,alibabaBlock_22,s3fifo,0.1,368,25,1,3,0.8227,0.24,14638746,367854.7968,8800245
node3.tardis-apia.ldos-ut-pg0.wisc.cloudlab.us,alibabaBlock_22,s3fifoforgive,0.1,368,25,1,1,0.8225,0.22,14638746,367854.7968,8800245
node3.tardis-apia.ldos-ut-pg0.wisc.cloudlab.us,alibabaBlock_22,s3fifoforgive,0.1,368,25,1,2,0.8225,0.22,14638746,367854.7968,8800245
node3.tardis-apia.ldos-ut-pg0.wisc.cloudlab.us,alibabaBlock_22,s3fifoforgive,0.1,368,25,1,3,0.8225,0.22,14638746,367854.7968,8800245
node3.tardis-apia.ldos-ut-pg0.wisc.cloudlab.us,alibabaBlock_220,lru,10,73110,27,1,1,0.7104,0.03,7580589,731098.624,3618810
node3.tardis-apia.ldos-ut-pg0.wisc.cloudlab.us,alibabaBlock_220,lru,10,73110,27,1,2,0.7104,0.04,7580589,731098.624,3618810
node3.tardis-apia.ldos-ut-pg0.wisc.cloudlab.us,alibabaBlock_220,lru,10,73110,27,1,3,0.7104,0.03,7580589,731098.624,3618810
node3.tardis-apia.ldos-ut-pg0.wisc.cloudlab.us,alibabaBlock_220,lruforgive,10,73110,27,1,1,0.7086,0.04,7580589,731098.624,3618810
node3.tardis-apia.ldos-ut-pg0.wisc.cloudlab.us,alibabaBlock_220,lruforgive,10,73110,27,1,2,0.7086,0.04,7580589,731098.624,3618810
node3.tardis-apia.ldos-ut-pg0.wisc.cloudlab.us,alibabaBlock_220,lruforgive,10,73110,27,1,3,0.7086,0.04,7580589,731098.624,3618810
node3.tardis-apia.ldos-ut-pg0.wisc.cloudlab.us,alibabaBlock_220,s3fifo,10,73110,27,1,1,0.6964,0.04,7580589,731098.624,3618810
node3.tardis-apia.ldos-ut-pg0.wisc.cloudlab.us,alibabaBlock_220,s3fifo,10,73110,27,1,2,0.6964,0.04,7580589,731098.624,3618810
node3.tardis-apia.ldos-ut-pg0.wisc.cloudlab.us,alibabaBlock_220,s3fifo,10,73110,27,1,3,0.6964,0.04,7580589,731098.624,3618810
node3.tardis-apia.ldos-ut-pg0.wisc.cloudlab.us,alibabaBlock_220,s3fifoforgive,10,73110,27,1,1,0.6964,0.04,7580589,731098.624,3618810
node3.tardis-apia.ldos-ut-pg0.wisc.cloudlab.us,alibabaBlock_220,s3fifoforgive,10,73110,27,1,2,0.6964,0.04,7580589,731098.624,3618810
node3.tardis-apia.ldos-ut-pg0.wisc.cloudlab.us,alibabaBlock_220,s3fifoforgive,10,73110,27,1,3,0.6964,0.04,7580589,731098.624,3618810
node3.tardis-apia.ldos-ut-pg0.wisc.cloudlab.us,alibabaBlock_220,lru,0.1,731,26,1,1,0.9557,0.05,7580589,731098.624,3618810
node3.tardis-apia.ldos-ut-pg0.wisc.cloudlab.us,alibabaBlock_220,lru,0.1,731,26,1,2,0.9557,0.05,7580589,731098.624,3618810
node3.tardis-apia.ldos-ut-pg0.wisc.cloudlab.us,alibabaBlock_220,lru,0.1,731,26,1,3,0.9557,0.05,7580589,731098.624,3618810
node3.tardis-apia.ldos-ut-pg0.wisc.cloudlab.us,alibabaBlock_220,lruforgive,0.1,731,26,1,1,0.9553,0.05,7580589,731098.624,3618810
node3.tardis-apia.ldos-ut-pg0.wisc.cloudlab.us,alibabaBlock_220,lruforgive,0.1,731,26,1,2,0.9553,0.05,7580589,731098.624,3618810
node3.tardis-apia.ldos-ut-pg0.wisc.cloudlab.us,alibabaBlock_220,lruforgive,0.1,731,26,1,3,0.9553,0.05,7580589,731098.624,3618810
node3.tardis-apia.ldos-ut-pg0.wisc.cloudlab.us,alibabaBlock_220,s3fifo,0.1,731,26,1,1,0.9538,0.05,7580589,731098.624,3618810
node3.tardis-apia.ldos-ut-pg0.wisc.cloudlab.us,alibabaBlock_220,s3fifo,0.1,731,26,1,2,0.9538,0.05,7580589,731098.624,3618810
node3.tardis-apia.ldos-ut-pg0.wisc.cloudlab.us,alibabaBlock_220,s3fifo,0.1,731,26,1,3,0.9538,0.05,7580589,731098.624,3618810
node3.tardis-apia.ldos-ut-pg0.wisc.cloudlab.us,alibabaBlock_220,s3fifoforgive,0.1,731,26,1,1,0.9538,0.05,7580589,731098.624,3618810
node3.tardis-apia.ldos-ut-pg0.wisc.cloudlab.us,alibabaBlock_220,s3fifoforgive,0.1,731,26,1,2,0.9538,0.05,7580589,731098.624,3618810
node3.tardis-apia.ldos-ut-pg0.wisc.cloudlab.us,alibabaBlock_220,s3fifoforgive,0.1,731,26,1,3,0.9538,0.05,7580589,731098.624,3618810
node3.tardis-apia.ldos-ut-pg0.wisc.cloudlab.us,alibabaBlock_221,lru,10,245534,27,1,1,NA_TOOBIG,NA,NA,2455340.6464,6375156
node3.tardis-apia.ldos-ut-pg0.wisc.cloudlab.us,alibabaBlock_221,lru,10,245534,27,1,2,NA_TOOBIG,NA,NA,2455340.6464,6375156
node3.tardis-apia.ldos-ut-pg0.wisc.cloudlab.us,alibabaBlock_221,lru,10,245534,27,1,3,NA_TOOBIG,NA,NA,2455340.6464,6375156
node3.tardis-apia.ldos-ut-pg0.wisc.cloudlab.us,alibabaBlock_221,lruforgive,10,245534,27,1,1,NA_TOOBIG,NA,NA,2455340.6464,6375156
node3.tardis-apia.ldos-ut-pg0.wisc.cloudlab.us,alibabaBlock_221,lruforgive,10,245534,27,1,2,NA_TOOBIG,NA,NA,2455340.6464,6375156
node3.tardis-apia.ldos-ut-pg0.wisc.cloudlab.us,alibabaBlock_221,lruforgive,10,245534,27,1,3,NA_TOOBIG,NA,NA,2455340.6464,6375156
node3.tardis-apia.ldos-ut-pg0.wisc.cloudlab.us,alibabaBlock_221,s3fifo,10,245534,27,1,1,NA_TOOBIG,NA,NA,2455340.6464,6375156
node3.tardis-apia.ldos-ut-pg0.wisc.cloudlab.us,alibabaBlock_221,s3fifo,10,245534,27,1,2,NA_TOOBIG,NA,NA,2455340.6464,6375156
node3.tardis-apia.ldos-ut-pg0.wisc.cloudlab.us,alibabaBlock_221,s3fifo,10,245534,27,1,3,NA_TOOBIG,NA,NA,2455340.6464,6375156
node3.tardis-apia.ldos-ut-pg0.wisc.cloudlab.us,alibabaBlock_221,s3fifoforgive,10,245534,27,1,1,NA_TOOBIG,NA,NA,2455340.6464,6375156
node3.tardis-apia.ldos-ut-pg0.wisc.cloudlab.us,alibabaBlock_221,s3fifoforgive,10,245534,27,1,2,NA_TOOBIG,NA,NA,2455340.6464,6375156
node3.tardis-apia.ldos-ut-pg0.wisc.cloudlab.us,alibabaBlock_221,s3fifoforgive,10,245534,27,1,3,NA_TOOBIG,NA,NA,2455340.6464,6375156
node3.tardis-apia.ldos-ut-pg0.wisc.cloudlab.us,alibabaBlock_221,lru,0.1,2455,27,1,1,0.9616,0.02,14242691,2455340.6464,6375156
node3.tardis-apia.ldos-ut-pg0.wisc.cloudlab.us,alibabaBlock_221,lru,0.1,2455,27,1,2,0.9616,0.02,14242691,2455340.6464,6375156
node3.tardis-apia.ldos-ut-pg0.wisc.cloudlab.us,alibabaBlock_221,lru,0.1,2455,27,1,3,0.9616,0.02,14242691,2455340.6464,6375156
node3.tardis-apia.ldos-ut-pg0.wisc.cloudlab.us,alibabaBlock_221,lruforgive,0.1,2455,27,1,1,0.9607,0.02,14242691,2455340.6464,6375156
node3.tardis-apia.ldos-ut-pg0.wisc.cloudlab.us,alibabaBlock_221,lruforgive,0.1,2455,27,1,2,0.9607,0.02,14242691,2455340.6464,6375156
node3.tardis-apia.ldos-ut-pg0.wisc.cloudlab.us,alibabaBlock_221,lruforgive,0.1,2455,27,1,3,0.9607,0.02,14242691,2455340.6464,6375156
node3.tardis-apia.ldos-ut-pg0.wisc.cloudlab.us,alibabaBlock_221,s3fifo,0.1,2455,27,1,1,0.9582,0.02,14242691,2455340.6464,6375156
node3.tardis-apia.ldos-ut-pg0.wisc.cloudlab.us,alibabaBlock_221,s3fifo,0.1,2455,27,1,2,0.9582,0.02,14242691,2455340.6464,6375156
node3.tardis-apia.ldos-ut-pg0.wisc.cloudlab.us,alibabaBlock_221,s3fifo,0.1,2455,27,1,3,0.9582,0.02,14242691,2455340.6464,6375156
node3.tardis-apia.ldos-ut-pg0.wisc.cloudlab.us,alibabaBlock_221,s3fifoforgive,0.1,2455,27,1,1,NA,NA,NA,2455340.6464,6375156
node3.tardis-apia.ldos-ut-pg0.wisc.cloudlab.us,alibabaBlock_221,s3fifoforgive,0.1,2455,27,1,2,NA,NA,NA,2455340.6464,6375156
node3.tardis-apia.ldos-ut-pg0.wisc.cloudlab.us,alibabaBlock_221,s3fifoforgive,0.1,2455,27,1,3,NA,NA,NA,2455340.6464,6375156
node3.tardis-apia.ldos-ut-pg0.wisc.cloudlab.us,alibabaBlock_223,lru,10,31413,27,1,1,0.2658,0.06,13317829,314134.9376,1365065
node3.tardis-apia.ldos-ut-pg0.wisc.cloudlab.us,alibabaBlock_223,lru,10,31413,27,1,2,0.2658,0.06,13317829,314134.9376,1365065
node3.tardis-apia.ldos-ut-pg0.wisc.cloudlab.us,alibabaBlock_223,lru,10,31413,27,1,3,0.2658,0.06,13317829,314134.9376,1365065
node3.tardis-apia.ldos-ut-pg0.wisc.cloudlab.us,alibabaBlock_223,lruforgive,10,31413,27,1,1,0.2564,0.06,13317829,314134.9376,1365065
node3.tardis-apia.ldos-ut-pg0.wisc.cloudlab.us,alibabaBlock_223,lruforgive,10,31413,27,1,2,0.2566,0.06,13317829,314134.9376,1365065
node3.tardis-apia.ldos-ut-pg0.wisc.cloudlab.us,alibabaBlock_223,lruforgive,10,31413,27,1,3,0.2567,0.06,13317829,314134.9376,1365065
node3.tardis-apia.ldos-ut-pg0.wisc.cloudlab.us,alibabaBlock_223,s3fifo,10,31413,27,1,1,NA,NA,NA,314134.9376,1365065
node3.tardis-apia.ldos-ut-pg0.wisc.cloudlab.us,alibabaBlock_223,s3fifo,10,31413,27,1,2,NA,NA,NA,314134.9376,1365065
node3.tardis-apia.ldos-ut-pg0.wisc.cloudlab.us,alibabaBlock_223,s3fifo,10,31413,27,1,3,NA,NA,NA,314134.9376,1365065
node3.tardis-apia.ldos-ut-pg0.wisc.cloudlab.us,alibabaBlock_223,s3fifoforgive,10,31413,27,1,1,NA,NA,NA,314134.9376,1365065
node3.tardis-apia.ldos-ut-pg0.wisc.cloudlab.us,alibabaBlock_223,s3fifoforgive,10,31413,27,1,2,0.1915,0.09,13317829,314134.9376,1365065
node3.tardis-apia.ldos-ut-pg0.wisc.cloudlab.us,alibabaBlock_223,s3fifoforgive,10,31413,27,1,3,NA,NA,NA,314134.9376,1365065
node3.tardis-apia.ldos-ut-pg0.wisc.cloudlab.us,alibabaBlock_223,lru,0.1,314,24,1,1,0.5524,0.05,13317829,314134.9376,1365065
node3.tardis-apia.ldos-ut-pg0.wisc.cloudlab.us,alibabaBlock_223,lru,0.1,314,24,1,2,0.5524,0.05,13317829,314134.9376,1365065
node3.tardis-apia.ldos-ut-pg0.wisc.cloudlab.us,alibabaBlock_223,lru,0.1,314,24,1,3,0.5524,0.05,13317829,314134.9376,1365065
node3.tardis-apia.ldos-ut-pg0.wisc.cloudlab.us,alibabaBlock_223,lruforgive,0.1,314,24,1,1,0.5386,0.05,13317829,314134.9376,1365065
node3.tardis-apia.ldos-ut-pg0.wisc.cloudlab.us,alibabaBlock_223,lruforgive,0.1,314,24,1,2,0.5386,0.05,13317829,314134.9376,1365065
node3.tardis-apia.ldos-ut-pg0.wisc.cloudlab.us,alibabaBlock_223,lruforgive,0.1,314,24,1,3,0.5386,0.05,13317829,314134.9376,1365065
node3.tardis-apia.ldos-ut-pg0.wisc.cloudlab.us,alibabaBlock_223,s3fifo,0.1,314,24,1,1,NA,NA,NA,314134.9376,1365065
node3.tardis-apia.ldos-ut-pg0.wisc.cloudlab.us,alibabaBlock_223,s3fifo,0.1,314,24,1,2,NA,NA,NA,314134.9376,1365065
node3.tardis-apia.ldos-ut-pg0.wisc.cloudlab.us,alibabaBlock_223,s3fifo,0.1,314,24,1,3,NA,NA,NA,314134.9376,1365065
node3.tardis-apia.ldos-ut-pg0.wisc.cloudlab.us,alibabaBlock_223,s3fifoforgive,0.1,314,24,1,1,0.5201,0.11,13317829,314134.9376,1365065
node3.tardis-apia.ldos-ut-pg0.wisc.cloudlab.us,alibabaBlock_223,s3fifoforgive,0.1,314,24,1,2,0.5200,0.11,13317829,314134.9376,1365065
node3.tardis-apia.ldos-ut-pg0.wisc.cloudlab.us,alibabaBlock_223,s3fifoforgive,0.1,314,24,1,3,0.5200,0.11,13317829,314134.9376,1365065
node3.tardis-apia.ldos-ut-pg0.wisc.cloudlab.us,alibabaBlock_225,lru,10,347076,27,1,1,NA_TOOBIG,NA,NA,3470757.7856,80624394
node3.tardis-apia.ldos-ut-pg0.wisc.cloudlab.us,alibabaBlock_225,lru,10,347076,27,1,2,NA_TOOBIG,NA,NA,3470757.7856,80624394
node3.tardis-apia.ldos-ut-pg0.wisc.cloudlab.us,alibabaBlock_225,lru,10,347076,27,1,3,NA_TOOBIG,NA,NA,3470757.7856,80624394
node3.tardis-apia.ldos-ut-pg0.wisc.cloudlab.us,alibabaBlock_225,lruforgive,10,347076,27,1,1,NA_TOOBIG,NA,NA,3470757.7856,80624394
node3.tardis-apia.ldos-ut-pg0.wisc.cloudlab.us,alibabaBlock_225,lruforgive,10,347076,27,1,2,NA_TOOBIG,NA,NA,3470757.7856,80624394
node3.tardis-apia.ldos-ut-pg0.wisc.cloudlab.us,alibabaBlock_225,lruforgive,10,347076,27,1,3,NA_TOOBIG,NA,NA,3470757.7856,80624394
node3.tardis-apia.ldos-ut-pg0.wisc.cloudlab.us,alibabaBlock_225,s3fifo,10,347076,27,1,1,NA_TOOBIG,NA,NA,3470757.7856,80624394
node3.tardis-apia.ldos-ut-pg0.wisc.cloudlab.us,alibabaBlock_225,s3fifo,10,347076,27,1,2,NA_TOOBIG,NA,NA,3470757.7856,80624394
node3.tardis-apia.ldos-ut-pg0.wisc.cloudlab.us,alibabaBlock_225,s3fifo,10,347076,27,1,3,NA_TOOBIG,NA,NA,3470757.7856,80624394
node3.tardis-apia.ldos-ut-pg0.wisc.cloudlab.us,alibabaBlock_225,s3fifoforgive,10,347076,27,1,1,NA_TOOBIG,NA,NA,3470757.7856,80624394
node3.tardis-apia.ldos-ut-pg0.wisc.cloudlab.us,alibabaBlock_225,s3fifoforgive,10,347076,27,1,2,NA_TOOBIG,NA,NA,3470757.7856,80624394
node3.tardis-apia.ldos-ut-pg0.wisc.cloudlab.us,alibabaBlock_225,s3fifoforgive,10,347076,27,1,3,NA_TOOBIG,NA,NA,3470757.7856,80624394
node3.tardis-apia.ldos-ut-pg0.wisc.cloudlab.us,alibabaBlock_225,lru,0.1,3471,27,1,1,NA,NA,NA,3470757.7856,80624394
node3.tardis-apia.ldos-ut-pg0.wisc.cloudlab.us,alibabaBlock_225,lru,0.1,3471,27,1,2,NA,NA,NA,3470757.7856,80624394
node3.tardis-apia.ldos-ut-pg0.wisc.cloudlab.us,alibabaBlock_225,lru,0.1,3471,27,1,3,NA,NA,NA,3470757.7856,80624394
node3.tardis-apia.ldos-ut-pg0.wisc.cloudlab.us,alibabaBlock_225,lruforgive,0.1,3471,27,1,1,NA,NA,NA,3470757.7856,80624394
node3.tardis-apia.ldos-ut-pg0.wisc.cloudlab.us,alibabaBlock_225,lruforgive,0.1,3471,27,1,2,NA,NA,NA,3470757.7856,80624394
node3.tardis-apia.ldos-ut-pg0.wisc.cloudlab.us,alibabaBlock_225,lruforgive,0.1,3471,27,1,3,NA,NA,NA,3470757.7856,80624394
node3.tardis-apia.ldos-ut-pg0.wisc.cloudlab.us,alibabaBlock_225,s3fifo,0.1,3471,27,1,1,NA,NA,NA,3470757.7856,80624394
node3.tardis-apia.ldos-ut-pg0.wisc.cloudlab.us,alibabaBlock_225,s3fifo,0.1,3471,27,1,2,NA,NA,NA,3470757.7856,80624394
node3.tardis-apia.ldos-ut-pg0.wisc.cloudlab.us,alibabaBlock_225,s3fifo,0.1,3471,27,1,3,NA,NA,NA,3470757.7856,80624394
node3.tardis-apia.ldos-ut-pg0.wisc.cloudlab.us,alibabaBlock_225,s3fifoforgive,0.1,3471,27,1,1,NA,NA,NA,3470757.7856,80624394
node3.tardis-apia.ldos-ut-pg0.wisc.cloudlab.us,alibabaBlock_225,s3fifoforgive,0.1,3471,27,1,2,NA,NA,NA,3470757.7856,80624394
node3.tardis-apia.ldos-ut-pg0.wisc.cloudlab.us,alibabaBlock_225,s3fifoforgive,0.1,3471,27,1,3,NA,NA,NA,3470757.7856,80624394
node3.tardis-apia.ldos-ut-pg0.wisc.cloudlab.us,alibabaBlock_226,lru,10,4681,27,1,1,0.0866,0.60,20650523,46813.7984,1322074
node3.tardis-apia.ldos-ut-pg0.wisc.cloudlab.us,alibabaBlock_226,lru,10,4681,27,1,2,0.0866,0.61,20650523,46813.7984,1322074
node3.tardis-apia.ldos-ut-pg0.wisc.cloudlab.us,alibabaBlock_226,lru,10,4681,27,1,3,0.0866,0.61,20650523,46813.7984,1322074
node3.tardis-apia.ldos-ut-pg0.wisc.cloudlab.us,alibabaBlock_226,lruforgive,10,4681,27,1,1,0.0864,0.34,20650523,46813.7984,1322074
node3.tardis-apia.ldos-ut-pg0.wisc.cloudlab.us,alibabaBlock_226,lruforgive,10,4681,27,1,2,0.0864,0.34,20650523,46813.7984,1322074
node3.tardis-apia.ldos-ut-pg0.wisc.cloudlab.us,alibabaBlock_226,lruforgive,10,4681,27,1,3,0.0864,0.34,20650523,46813.7984,1322074
node3.tardis-apia.ldos-ut-pg0.wisc.cloudlab.us,alibabaBlock_226,s3fifo,10,4681,27,1,1,NA,NA,NA,46813.7984,1322074
node3.tardis-apia.ldos-ut-pg0.wisc.cloudlab.us,alibabaBlock_226,s3fifo,10,4681,27,1,2,NA,NA,NA,46813.7984,1322074
node3.tardis-apia.ldos-ut-pg0.wisc.cloudlab.us,alibabaBlock_226,s3fifo,10,4681,27,1,3,NA,NA,NA,46813.7984,1322074
node3.tardis-apia.ldos-ut-pg0.wisc.cloudlab.us,alibabaBlock_226,s3fifoforgive,10,4681,27,1,1,NA,NA,11821095,46813.7984,1322074
node3.tardis-apia.ldos-ut-pg0.wisc.cloudlab.us,alibabaBlock_226,s3fifoforgive,10,4681,27,1,2,0.0911,0.37,20650523,46813.7984,1322074
node3.tardis-apia.ldos-ut-pg0.wisc.cloudlab.us,alibabaBlock_226,s3fifoforgive,10,4681,27,1,3,0.0911,0.37,20650523,46813.7984,1322074
node3.tardis-apia.ldos-ut-pg0.wisc.cloudlab.us,alibabaBlock_226,lru,0.1,47,22,1,1,0.3373,1.24,20650523,46813.7984,1322074
node3.tardis-apia.ldos-ut-pg0.wisc.cloudlab.us,alibabaBlock_226,lru,0.1,47,22,1,2,0.3373,1.29,20650523,46813.7984,1322074
node3.tardis-apia.ldos-ut-pg0.wisc.cloudlab.us,alibabaBlock_226,lru,0.1,47,22,1,3,0.3373,1.29,20650523,46813.7984,1322074
node3.tardis-apia.ldos-ut-pg0.wisc.cloudlab.us,alibabaBlock_226,lruforgive,0.1,47,22,1,1,0.3183,0.62,20650523,46813.7984,1322074
node3.tardis-apia.ldos-ut-pg0.wisc.cloudlab.us,alibabaBlock_226,lruforgive,0.1,47,22,1,2,0.3183,0.61,20650523,46813.7984,1322074
node3.tardis-apia.ldos-ut-pg0.wisc.cloudlab.us,alibabaBlock_226,lruforgive,0.1,47,22,1,3,0.3183,0.62,20650523,46813.7984,1322074
node3.tardis-apia.ldos-ut-pg0.wisc.cloudlab.us,alibabaBlock_226,s3fifo,0.1,47,22,1,1,NA,NA,NA,46813.7984,1322074
node3.tardis-apia.ldos-ut-pg0.wisc.cloudlab.us,alibabaBlock_226,s3fifo,0.1,47,22,1,2,NA,NA,NA,46813.7984,1322074
node3.tardis-apia.ldos-ut-pg0.wisc.cloudlab.us,alibabaBlock_226,s3fifo,0.1,47,22,1,3,NA,NA,NA,46813.7984,1322074
node3.tardis-apia.ldos-ut-pg0.wisc.cloudlab.us,alibabaBlock_226,s3fifoforgive,0.1,47,22,1,1,0.3074,0.76,20650523,46813.7984,1322074
node3.tardis-apia.ldos-ut-pg0.wisc.cloudlab.us,alibabaBlock_226,s3fifoforgive,0.1,47,22,1,2,0.3074,0.75,20650523,46813.7984,1322074
node3.tardis-apia.ldos-ut-pg0.wisc.cloudlab.us,alibabaBlock_226,s3fifoforgive,0.1,47,22,1,3,0.3074,0.75,20650523,46813.7984,1322074
node3.tardis-apia.ldos-ut-pg0.wisc.cloudlab.us,alibabaBlock_227,lru,10,16572,27,1,1,0.1518,0.16,11728492,165722.9312,1480688
node3.tardis-apia.ldos-ut-pg0.wisc.cloudlab.us,alibabaBlock_227,lru,10,16572,27,1,2,0.1518,0.16,11728492,165722.9312,1480688
node3.tardis-apia.ldos-ut-pg0.wisc.cloudlab.us,alibabaBlock_227,lru,10,16572,27,1,3,0.1518,0.16,11728492,165722.9312,1480688
node3.tardis-apia.ldos-ut-pg0.wisc.cloudlab.us,alibabaBlock_227,lruforgive,10,16572,27,1,1,0.1506,0.14,11728492,165722.9312,1480688
node3.tardis-apia.ldos-ut-pg0.wisc.cloudlab.us,alibabaBlock_227,lruforgive,10,16572,27,1,2,0.1506,0.14,11728492,165722.9312,1480688
node3.tardis-apia.ldos-ut-pg0.wisc.cloudlab.us,alibabaBlock_227,lruforgive,10,16572,27,1,3,0.1506,0.14,11728492,165722.9312,1480688
node3.tardis-apia.ldos-ut-pg0.wisc.cloudlab.us,alibabaBlock_227,s3fifo,10,16572,27,1,1,NA,NA,NA,165722.9312,1480688
node3.tardis-apia.ldos-ut-pg0.wisc.cloudlab.us,alibabaBlock_227,s3fifo,10,16572,27,1,2,NA,NA,NA,165722.9312,1480688
node3.tardis-apia.ldos-ut-pg0.wisc.cloudlab.us,alibabaBlock_227,s3fifo,10,16572,27,1,3,NA,NA,NA,165722.9312,1480688
node3.tardis-apia.ldos-ut-pg0.wisc.cloudlab.us,alibabaBlock_227,s3fifoforgive,10,16572,27,1,1,0.1467,0.15,11728492,165722.9312,1480688
node3.tardis-apia.ldos-ut-pg0.wisc.cloudlab.us,alibabaBlock_227,s3fifoforgive,10,16572,27,1,2,0.1465,0.16,11728492,165722.9312,1480688
node3.tardis-apia.ldos-ut-pg0.wisc.cloudlab.us,alibabaBlock_227,s3fifoforgive,10,16572,27,1,3,0.1465,0.16,11728492,165722.9312,1480688
node3.tardis-apia.ldos-ut-pg0.wisc.cloudlab.us,alibabaBlock_227,lru,0.1,166,23,1,1,0.2501,0.23,11728492,165722.9312,1480688
node3.tardis-apia.ldos-ut-pg0.wisc.cloudlab.us,alibabaBlock_227,lru,0.1,166,23,1,2,0.2501,0.23,11728492,165722.9312,1480688
node3.tardis-apia.ldos-ut-pg0.wisc.cloudlab.us,alibabaBlock_227,lru,0.1,166,23,1,3,0.2501,0.23,11728492,165722.9312,1480688
node3.tardis-apia.ldos-ut-pg0.wisc.cloudlab.us,alibabaBlock_227,lruforgive,0.1,166,23,1,1,0.2499,0.19,11728492,165722.9312,1480688
node3.tardis-apia.ldos-ut-pg0.wisc.cloudlab.us,alibabaBlock_227,lruforgive,0.1,166,23,1,2,0.2499,0.19,11728492,165722.9312,1480688
node3.tardis-apia.ldos-ut-pg0.wisc.cloudlab.us,alibabaBlock_227,lruforgive,0.1,166,23,1,3,0.2499,0.19,11728492,165722.9312,1480688
node3.tardis-apia.ldos-ut-pg0.wisc.cloudlab.us,alibabaBlock_227,s3fifo,0.1,166,23,1,1,NA,NA,NA,165722.9312,1480688
node3.tardis-apia.ldos-ut-pg0.wisc.cloudlab.us,alibabaBlock_227,s3fifo,0.1,166,23,1,2,NA,NA,NA,165722.9312,1480688
node3.tardis-apia.ldos-ut-pg0.wisc.cloudlab.us,alibabaBlock_227,s3fifo,0.1,166,23,1,3,NA,NA,NA,165722.9312,1480688
node3.tardis-apia.ldos-ut-pg0.wisc.cloudlab.us,alibabaBlock_227,s3fifoforgive,0.1,166,23,1,1,NA,0.20,6827882,165722.9312,1480688
node3.tardis-apia.ldos-ut-pg0.wisc.cloudlab.us,alibabaBlock_227,s3fifoforgive,0.1,166,23,1,2,NA,0.20,6827882,165722.9312,1480688
node3.tardis-apia.ldos-ut-pg0.wisc.cloudlab.us,alibabaBlock_227,s3fifoforgive,0.1,166,23,1,3,NA,0.20,6827882,165722.9312,1480688
node3.tardis-apia.ldos-ut-pg0.wisc.cloudlab.us,alibabaBlock_228,lru,10,6089,27,1,1,0.0430,1.23,104498730,60889.6,2595145
node3.tardis-apia.ldos-ut-pg0.wisc.cloudlab.us,alibabaBlock_228,lru,10,6089,27,1,2,0.0430,1.25,104498730,60889.6,2595145
node3.tardis-apia.ldos-ut-pg0.wisc.cloudlab.us,alibabaBlock_228,lru,10,6089,27,1,3,0.0430,1.24,104498730,60889.6,2595145
node3.tardis-apia.ldos-ut-pg0.wisc.cloudlab.us,alibabaBlock_228,lruforgive,10,6089,27,1,1,0.0429,0.47,104498730,60889.6,2595145
node3.tardis-apia.ldos-ut-pg0.wisc.cloudlab.us,alibabaBlock_228,lruforgive,10,6089,27,1,2,0.0429,0.48,104498730,60889.6,2595145
node3.tardis-apia.ldos-ut-pg0.wisc.cloudlab.us,alibabaBlock_228,lruforgive,10,6089,27,1,3,0.0429,0.48,104498730,60889.6,2595145
node3.tardis-apia.ldos-ut-pg0.wisc.cloudlab.us,alibabaBlock_228,s3fifo,10,6089,27,1,1,0.0433,1.37,104498730,60889.6,2595145
node3.tardis-apia.ldos-ut-pg0.wisc.cloudlab.us,alibabaBlock_228,s3fifo,10,6089,27,1,2,0.0433,1.37,104498730,60889.6,2595145
node3.tardis-apia.ldos-ut-pg0.wisc.cloudlab.us,alibabaBlock_228,s3fifo,10,6089,27,1,3,0.0433,1.36,104498730,60889.6,2595145
node3.tardis-apia.ldos-ut-pg0.wisc.cloudlab.us,alibabaBlock_228,s3fifoforgive,10,6089,27,1,1,0.0433,0.49,104498730,60889.6,2595145
node3.tardis-apia.ldos-ut-pg0.wisc.cloudlab.us,alibabaBlock_228,s3fifoforgive,10,6089,27,1,2,0.0433,0.49,104498730,60889.6,2595145
node3.tardis-apia.ldos-ut-pg0.wisc.cloudlab.us,alibabaBlock_228,s3fifoforgive,10,6089,27,1,3,0.0433,0.49,104498730,60889.6,2595145
node3.tardis-apia.ldos-ut-pg0.wisc.cloudlab.us,alibabaBlock_228,lru,0.1,61,22,1,1,0.1807,1.67,104498730,60889.6,2595145
node3.tardis-apia.ldos-ut-pg0.wisc.cloudlab.us,alibabaBlock_228,lru,0.1,61,22,1,2,0.1807,1.65,104498730,60889.6,2595145
node3.tardis-apia.ldos-ut-pg0.wisc.cloudlab.us,alibabaBlock_228,lru,0.1,61,22,1,3,0.1807,1.71,104498730,60889.6,2595145
node3.tardis-apia.ldos-ut-pg0.wisc.cloudlab.us,alibabaBlock_228,lruforgive,0.1,61,22,1,1,0.1779,0.70,104498730,60889.6,2595145
node3.tardis-apia.ldos-ut-pg0.wisc.cloudlab.us,alibabaBlock_228,lruforgive,0.1,61,22,1,2,0.1779,0.70,104498730,60889.6,2595145
node3.tardis-apia.ldos-ut-pg0.wisc.cloudlab.us,alibabaBlock_228,lruforgive,0.1,61,22,1,3,0.1779,0.68,104498730,60889.6,2595145
node3.tardis-apia.ldos-ut-pg0.wisc.cloudlab.us,alibabaBlock_228,s3fifo,0.1,61,22,1,1,0.1869,1.78,104498730,60889.6,2595145
node3.tardis-apia.ldos-ut-pg0.wisc.cloudlab.us,alibabaBlock_228,s3fifo,0.1,61,22,1,2,0.1869,1.78,104498730,60889.6,2595145
node3.tardis-apia.ldos-ut-pg0.wisc.cloudlab.us,alibabaBlock_228,s3fifo,0.1,61,22,1,3,0.1869,1.77,104498730,60889.6,2595145
node3.tardis-apia.ldos-ut-pg0.wisc.cloudlab.us,alibabaBlock_228,s3fifoforgive,0.1,61,22,1,1,0.1869,0.75,104498730,60889.6,2595145
node3.tardis-apia.ldos-ut-pg0.wisc.cloudlab.us,alibabaBlock_228,s3fifoforgive,0.1,61,22,1,2,0.1869,0.73,104498730,60889.6,2595145
node3.tardis-apia.ldos-ut-pg0.wisc.cloudlab.us,alibabaBlock_228,s3fifoforgive,0.1,61,22,1,3,0.1869,0.74,104498730,60889.6,2595145
node3.tardis-apia.ldos-ut-pg0.wisc.cloudlab.us,alibabaBlock_23,lru,10,2495,27,1,1,0.1036,1.06,36946191,24949.4528,2944389
node3.tardis-apia.ldos-ut-pg0.wisc.cloudlab.us,alibabaBlock_23,lru,10,2495,27,1,2,0.1036,1.06,36946191,24949.4528,2944389
node3.tardis-apia.ldos-ut-pg0.wisc.cloudlab.us,alibabaBlock_23,lru,10,2495,27,1,3,0.1036,1.07,36946191,24949.4528,2944389
node3.tardis-apia.ldos-ut-pg0.wisc.cloudlab.us,alibabaBlock_23,lruforgive,10,2495,27,1,1,0.1035,0.43,36946191,24949.4528,2944389
node3.tardis-apia.ldos-ut-pg0.wisc.cloudlab.us,alibabaBlock_23,lruforgive,10,2495,27,1,2,0.1035,0.44,36946191,24949.4528,2944389
node3.tardis-apia.ldos-ut-pg0.wisc.cloudlab.us,alibabaBlock_23,lruforgive,10,2495,27,1,3,0.1035,0.43,36946191,24949.4528,2944389
node3.tardis-apia.ldos-ut-pg0.wisc.cloudlab.us,alibabaBlock_23,s3fifo,10,2495,27,1,1,0.1081,1.14,36946191,24949.4528,2944389
node3.tardis-apia.ldos-ut-pg0.wisc.cloudlab.us,alibabaBlock_23,s3fifo,10,2495,27,1,2,NA,NA,NA,24949.4528,2944389
node3.tardis-apia.ldos-ut-pg0.wisc.cloudlab.us,alibabaBlock_23,s3fifo,10,2495,27,1,3,0.1081,1.12,36946191,24949.4528,2944389
node3.tardis-apia.ldos-ut-pg0.wisc.cloudlab.us,alibabaBlock_23,s3fifoforgive,10,2495,27,1,1,0.1082,0.47,36946191,24949.4528,2944389
node3.tardis-apia.ldos-ut-pg0.wisc.cloudlab.us,alibabaBlock_23,s3fifoforgive,10,2495,27,1,2,NA,NA,21500299,24949.4528,2944389
node3.tardis-apia.ldos-ut-pg0.wisc.cloudlab.us,alibabaBlock_23,s3fifoforgive,10,2495,27,1,3,0.1082,0.47,36946191,24949.4528,2944389
node3.tardis-apia.ldos-ut-pg0.wisc.cloudlab.us,alibabaBlock_23,lru,0.1,25,21,1,1,0.3372,1.83,36946191,24949.4528,2944389
node3.tardis-apia.ldos-ut-pg0.wisc.cloudlab.us,alibabaBlock_23,lru,0.1,25,21,1,2,0.3372,1.83,36946191,24949.4528,2944389
node3.tardis-apia.ldos-ut-pg0.wisc.cloudlab.us,alibabaBlock_23,lru,0.1,25,21,1,3,0.3372,1.85,36946191,24949.4528,2944389
node3.tardis-apia.ldos-ut-pg0.wisc.cloudlab.us,alibabaBlock_23,lruforgive,0.1,25,21,1,1,0.3105,0.66,36946191,24949.4528,2944389
node3.tardis-apia.ldos-ut-pg0.wisc.cloudlab.us,alibabaBlock_23,lruforgive,0.1,25,21,1,2,0.3105,0.67,36946191,24949.4528,2944389
node3.tardis-apia.ldos-ut-pg0.wisc.cloudlab.us,alibabaBlock_23,lruforgive,0.1,25,21,1,3,0.3105,0.66,36946191,24949.4528,2944389
node3.tardis-apia.ldos-ut-pg0.wisc.cloudlab.us,alibabaBlock_23,s3fifo,0.1,25,21,1,1,0.3219,1.98,36946191,24949.4528,2944389
node3.tardis-apia.ldos-ut-pg0.wisc.cloudlab.us,alibabaBlock_23,s3fifo,0.1,25,21,1,2,0.3219,1.97,36946191,24949.4528,2944389
node3.tardis-apia.ldos-ut-pg0.wisc.cloudlab.us,alibabaBlock_23,s3fifo,0.1,25,21,1,3,0.3219,2.01,36946191,24949.4528,2944389
node3.tardis-apia.ldos-ut-pg0.wisc.cloudlab.us,alibabaBlock_23,s3fifoforgive,0.1,25,21,1,1,0.3213,0.87,36946191,24949.4528,2944389
node3.tardis-apia.ldos-ut-pg0.wisc.cloudlab.us,alibabaBlock_23,s3fifoforgive,0.1,25,21,1,2,0.3213,0.86,36946191,24949.4528,2944389
node3.tardis-apia.ldos-ut-pg0.wisc.cloudlab.us,alibabaBlock_23,s3fifoforgive,0.1,25,21,1,3,0.3213,0.88,36946191,24949.4528,2944389
node3.tardis-apia.ldos-ut-pg0.wisc.cloudlab.us,alibabaBlock_231,lru,10,36572,27,1,1,0.7361,0.14,14511161,365721.8048,8799787
node3.tardis-apia.ldos-ut-pg0.wisc.cloudlab.us,alibabaBlock_231,lru,10,36572,27,1,2,0.7361,0.13,14511161,365721.8048,8799787
node3.tardis-apia.ldos-ut-pg0.wisc.cloudlab.us,alibabaBlock_231,lru,10,36572,27,1,3,0.7361,0.13,14511161,365721.8048,8799787
node3.tardis-apia.ldos-ut-pg0.wisc.cloudlab.us,alibabaBlock_231,lruforgive,10,36572,27,1,1,0.7357,0.13,14511161,365721.8048,8799787
node3.tardis-apia.ldos-ut-pg0.wisc.cloudlab.us,alibabaBlock_231,lruforgive,10,36572,27,1,2,0.7357,0.13,14511161,365721.8048,8799787
node3.tardis-apia.ldos-ut-pg0.wisc.cloudlab.us,alibabaBlock_231,lruforgive,10,36572,27,1,3,0.7357,0.13,14511161,365721.8048,8799787
node3.tardis-apia.ldos-ut-pg0.wisc.cloudlab.us,alibabaBlock_231,s3fifo,10,36572,27,1,1,0.7365,0.13,14511161,365721.8048,8799787
node3.tardis-apia.ldos-ut-pg0.wisc.cloudlab.us,alibabaBlock_231,s3fifo,10,36572,27,1,2,0.7365,0.13,14511161,365721.8048,8799787
node3.tardis-apia.ldos-ut-pg0.wisc.cloudlab.us,alibabaBlock_231,s3fifo,10,36572,27,1,3,0.7365,0.13,14511161,365721.8048,8799787
node3.tardis-apia.ldos-ut-pg0.wisc.cloudlab.us,alibabaBlock_231,s3fifoforgive,10,36572,27,1,1,0.7365,0.13,14511161,365721.8048,8799787
node3.tardis-apia.ldos-ut-pg0.wisc.cloudlab.us,alibabaBlock_231,s3fifoforgive,10,36572,27,1,2,0.7365,0.13,14511161,365721.8048,8799787
node3.tardis-apia.ldos-ut-pg0.wisc.cloudlab.us,alibabaBlock_231,s3fifoforgive,10,36572,27,1,3,0.7365,0.13,14511161,365721.8048,8799787
node3.tardis-apia.ldos-ut-pg0.wisc.cloudlab.us,alibabaBlock_231,lru,0.1,366,25,1,1,0.8181,0.21,14511161,365721.8048,8799787
node3.tardis-apia.ldos-ut-pg0.wisc.cloudlab.us,alibabaBlock_231,lru,0.1,366,25,1,2,0.8181,0.22,14511161,365721.8048,8799787
node3.tardis-apia.ldos-ut-pg0.wisc.cloudlab.us,alibabaBlock_231,lru,0.1,366,25,1,3,0.8181,0.22,14511161,365721.8048,8799787
node3.tardis-apia.ldos-ut-pg0.wisc.cloudlab.us,alibabaBlock_231,lruforgive,0.1,366,25,1,1,0.8178,0.20,14511161,365721.8048,8799787
node3.tardis-apia.ldos-ut-pg0.wisc.cloudlab.us,alibabaBlock_231,lruforgive,0.1,366,25,1,2,0.8178,0.20,14511161,365721.8048,8799787
node3.tardis-apia.ldos-ut-pg0.wisc.cloudlab.us,alibabaBlock_231,lruforgive,0.1,366,25,1,3,0.8178,0.20,14511161,365721.8048,8799787
node3.tardis-apia.ldos-ut-pg0.wisc.cloudlab.us,alibabaBlock_231,s3fifo,0.1,366,25,1,1,0.8210,0.24,14511161,365721.8048,8799787
node3.tardis-apia.ldos-ut-pg0.wisc.cloudlab.us,alibabaBlock_231,s3fifo,0.1,366,25,1,2,0.8210,0.24,14511161,365721.8048,8799787
node3.tardis-apia.ldos-ut-pg0.wisc.cloudlab.us,alibabaBlock_231,s3fifo,0.1,366,25,1,3,0.8210,0.23,14511161,365721.8048,8799787
node3.tardis-apia.ldos-ut-pg0.wisc.cloudlab.us,alibabaBlock_231,s3fifoforgive,0.1,366,25,1,1,0.8209,0.22,14511161,365721.8048,8799787
node3.tardis-apia.ldos-ut-pg0.wisc.cloudlab.us,alibabaBlock_231,s3fifoforgive,0.1,366,25,1,2,0.8209,0.22,14511161,365721.8048,8799787
node3.tardis-apia.ldos-ut-pg0.wisc.cloudlab.us,alibabaBlock_231,s3fifoforgive,0.1,366,25,1,3,0.8209,0.22,14511161,365721.8048,8799787
node3.tardis-apia.ldos-ut-pg0.wisc.cloudlab.us,alibabaBlock_232,lru,10,36458,27,1,1,0.1077,0.13,18968418,364581.9904,1648247
node3.tardis-apia.ldos-ut-pg0.wisc.cloudlab.us,alibabaBlock_232,lru,10,36458,27,1,2,0.1077,0.13,18968418,364581.9904,1648247
node3.tardis-apia.ldos-ut-pg0.wisc.cloudlab.us,alibabaBlock_232,lru,10,36458,27,1,3,0.1077,0.13,18968418,364581.9904,1648247
node3.tardis-apia.ldos-ut-pg0.wisc.cloudlab.us,alibabaBlock_232,lruforgive,10,36458,27,1,1,0.1075,0.12,18968418,364581.9904,1648247
node3.tardis-apia.ldos-ut-pg0.wisc.cloudlab.us,alibabaBlock_232,lruforgive,10,36458,27,1,2,0.1075,0.12,18968418,364581.9904,1648247
node3.tardis-apia.ldos-ut-pg0.wisc.cloudlab.us,alibabaBlock_232,lruforgive,10,36458,27,1,3,0.1075,0.12,18968418,364581.9904,1648247
node3.tardis-apia.ldos-ut-pg0.wisc.cloudlab.us,alibabaBlock_232,s3fifo,10,36458,27,1,1,0.1057,0.13,18968418,364581.9904,1648247
node3.tardis-apia.ldos-ut-pg0.wisc.cloudlab.us,alibabaBlock_232,s3fifo,10,36458,27,1,2,0.1057,0.13,18968418,364581.9904,1648247
node3.tardis-apia.ldos-ut-pg0.wisc.cloudlab.us,alibabaBlock_232,s3fifo,10,36458,27,1,3,0.1057,0.13,18968418,364581.9904,1648247
node3.tardis-apia.ldos-ut-pg0.wisc.cloudlab.us,alibabaBlock_232,s3fifoforgive,10,36458,27,1,1,0.1057,0.12,18968418,364581.9904,1648247
node3.tardis-apia.ldos-ut-pg0.wisc.cloudlab.us,alibabaBlock_232,s3fifoforgive,10,36458,27,1,2,0.1057,0.12,18968418,364581.9904,1648247
node3.tardis-apia.ldos-ut-pg0.wisc.cloudlab.us,alibabaBlock_232,s3fifoforgive,10,36458,27,1,3,0.1057,0.12,18968418,364581.9904,1648247
node3.tardis-apia.ldos-ut-pg0.wisc.cloudlab.us,alibabaBlock_232,lru,0.1,365,25,1,1,0.1171,0.17,18968418,364581.9904,1648247
node3.tardis-apia.ldos-ut-pg0.wisc.cloudlab.us,alibabaBlock_232,lru,0.1,365,25,1,2,0.1171,0.17,18968418,364581.9904,1648247
node3.tardis-apia.ldos-ut-pg0.wisc.cloudlab.us,alibabaBlock_232,lru,0.1,365,25,1,3,0.1171,0.17,18968418,364581.9904,1648247
node3.tardis-apia.ldos-ut-pg0.wisc.cloudlab.us,alibabaBlock_232,lruforgive,0.1,365,25,1,1,0.1170,0.15,18968418,364581.9904,1648247
node3.tardis-apia.ldos-ut-pg0.wisc.cloudlab.us,alibabaBlock_232,lruforgive,0.1,365,25,1,2,0.1170,0.15,18968418,364581.9904,1648247
node3.tardis-apia.ldos-ut-pg0.wisc.cloudlab.us,alibabaBlock_232,lruforgive,0.1,365,25,1,3,0.1170,0.15,18968418,364581.9904,1648247
node3.tardis-apia.ldos-ut-pg0.wisc.cloudlab.us,alibabaBlock_232,s3fifo,0.1,365,25,1,1,0.1157,0.18,18968418,364581.9904,1648247
node3.tardis-apia.ldos-ut-pg0.wisc.cloudlab.us,alibabaBlock_232,s3fifo,0.1,365,25,1,2,0.1157,0.17,18968418,364581.9904,1648247
node3.tardis-apia.ldos-ut-pg0.wisc.cloudlab.us,alibabaBlock_232,s3fifo,0.1,365,25,1,3,0.1157,0.18,18968418,364581.9904,1648247
node3.tardis-apia.ldos-ut-pg0.wisc.cloudlab.us,alibabaBlock_232,s3fifoforgive,0.1,365,25,1,1,0.1157,0.15,18968418,364581.9904,1648247
node3.tardis-apia.ldos-ut-pg0.wisc.cloudlab.us,alibabaBlock_232,s3fifoforgive,0.1,365,25,1,2,0.1157,0.15,18968418,364581.9904,1648247
node3.tardis-apia.ldos-ut-pg0.wisc.cloudlab.us,alibabaBlock_232,s3fifoforgive,0.1,365,25,1,3,0.1157,0.15,18968418,364581.9904,1648247
node3.tardis-apia.ldos-ut-pg0.wisc.cloudlab.us,alibabaBlock_236,lru,10,1246,26,1,1,0.1094,1.10,35574107,12461.7728,1463890
node3.tardis-apia.ldos-ut-pg0.wisc.cloudlab.us,alibabaBlock_236,lru,10,1246,26,1,2,0.1094,1.09,35574107,12461.7728,1463890
node3.tardis-apia.ldos-ut-pg0.wisc.cloudlab.us,alibabaBlock_236,lru,10,1246,26,1,3,0.1094,1.09,35574107,12461.7728,1463890
node3.tardis-apia.ldos-ut-pg0.wisc.cloudlab.us,alibabaBlock_236,lruforgive,10,1246,26,1,1,0.1092,0.46,35574107,12461.7728,1463890
node3.tardis-apia.ldos-ut-pg0.wisc.cloudlab.us,alibabaBlock_236,lruforgive,10,1246,26,1,2,0.1092,0.46,35574107,12461.7728,1463890
node3.tardis-apia.ldos-ut-pg0.wisc.cloudlab.us,alibabaBlock_236,lruforgive,10,1246,26,1,3,0.1092,0.46,35574107,12461.7728,1463890
node3.tardis-apia.ldos-ut-pg0.wisc.cloudlab.us,alibabaBlock_236,s3fifo,10,1246,26,1,1,0.1353,1.13,35574107,12461.7728,1463890
node3.tardis-apia.ldos-ut-pg0.wisc.cloudlab.us,alibabaBlock_236,s3fifo,10,1246,26,1,2,0.1353,1.13,35574107,12461.7728,1463890
node3.tardis-apia.ldos-ut-pg0.wisc.cloudlab.us,alibabaBlock_236,s3fifo,10,1246,26,1,3,0.1353,1.14,35574107,12461.7728,1463890
node3.tardis-apia.ldos-ut-pg0.wisc.cloudlab.us,alibabaBlock_236,s3fifoforgive,10,1246,26,1,1,NA,NA,NA,12461.7728,1463890
node3.tardis-apia.ldos-ut-pg0.wisc.cloudlab.us,alibabaBlock_236,s3fifoforgive,10,1246,26,1,2,NA,NA,NA,12461.7728,1463890
node3.tardis-apia.ldos-ut-pg0.wisc.cloudlab.us,alibabaBlock_236,s3fifoforgive,10,1246,26,1,3,0.1352,0.56,35574107,12461.7728,1463890
node3.tardis-apia.ldos-ut-pg0.wisc.cloudlab.us,alibabaBlock_236,lru,0.1,12,20,1,1,0.1919,3.25,35574107,12461.7728,1463890
node3.tardis-apia.ldos-ut-pg0.wisc.cloudlab.us,alibabaBlock_236,lru,0.1,12,20,1,2,0.1919,3.27,35574107,12461.7728,1463890
node3.tardis-apia.ldos-ut-pg0.wisc.cloudlab.us,alibabaBlock_236,lru,0.1,12,20,1,3,0.1919,3.25,35574107,12461.7728,1463890
node3.tardis-apia.ldos-ut-pg0.wisc.cloudlab.us,alibabaBlock_236,lruforgive,0.1,12,20,1,1,0.1918,1.03,35574107,12461.7728,1463890
node3.tardis-apia.ldos-ut-pg0.wisc.cloudlab.us,alibabaBlock_236,lruforgive,0.1,12,20,1,2,0.1918,1.03,35574107,12461.7728,1463890
node3.tardis-apia.ldos-ut-pg0.wisc.cloudlab.us,alibabaBlock_236,lruforgive,0.1,12,20,1,3,0.1918,1.03,35574107,12461.7728,1463890
node3.tardis-apia.ldos-ut-pg0.wisc.cloudlab.us,alibabaBlock_236,s3fifo,0.1,12,20,1,1,0.1922,3.44,35574107,12461.7728,1463890
node3.tardis-apia.ldos-ut-pg0.wisc.cloudlab.us,alibabaBlock_236,s3fifo,0.1,12,20,1,2,0.1922,3.39,35574107,12461.7728,1463890
node3.tardis-apia.ldos-ut-pg0.wisc.cloudlab.us,alibabaBlock_236,s3fifo,0.1,12,20,1,3,0.1922,3.44,35574107,12461.7728,1463890
node3.tardis-apia.ldos-ut-pg0.wisc.cloudlab.us,alibabaBlock_236,s3fifoforgive,0.1,12,20,1,1,0.1922,1.09,35574107,12461.7728,1463890
node3.tardis-apia.ldos-ut-pg0.wisc.cloudlab.us,alibabaBlock_236,s3fifoforgive,0.1,12,20,1,2,0.1922,1.09,35574107,12461.7728,1463890
node3.tardis-apia.ldos-ut-pg0.wisc.cloudlab.us,alibabaBlock_236,s3fifoforgive,0.1,12,20,1,3,0.1922,1.08,35574107,12461.7728,1463890
node3.tardis-apia.ldos-ut-pg0.wisc.cloudlab.us,alibabaBlock_237,lru,10,1726,27,1,1,0.2298,0.59,12583872,17259.008,1472682
node3.tardis-apia.ldos-ut-pg0.wisc.cloudlab.us,alibabaBlock_237,lru,10,1726,27,1,2,0.2298,0.58,12583872,17259.008,1472682
node3.tardis-apia.ldos-ut-pg0.wisc.cloudlab.us,alibabaBlock_237,lru,10,1726,27,1,3,0.2298,0.58,12583872,17259.008,1472682
node3.tardis-apia.ldos-ut-pg0.wisc.cloudlab.us,alibabaBlock_237,lruforgive,10,1726,27,1,1,0.2304,0.34,12583872,17259.008,1472682
node3.tardis-apia.ldos-ut-pg0.wisc.cloudlab.us,alibabaBlock_237,lruforgive,10,1726,27,1,2,0.2304,0.34,12583872,17259.008,1472682
node3.tardis-apia.ldos-ut-pg0.wisc.cloudlab.us,alibabaBlock_237,lruforgive,10,1726,27,1,3,0.2304,0.34,12583872,17259.008,1472682
node3.tardis-apia.ldos-ut-pg0.wisc.cloudlab.us,alibabaBlock_237,s3fifo,10,1726,27,1,1,0.2667,0.57,12583872,17259.008,1472682
node3.tardis-apia.ldos-ut-pg0.wisc.cloudlab.us,alibabaBlock_237,s3fifo,10,1726,27,1,2,NA,NA,NA,17259.008,1472682
node3.tardis-apia.ldos-ut-pg0.wisc.cloudlab.us,alibabaBlock_237,s3fifo,10,1726,27,1,3,0.2664,0.57,12583872,17259.008,1472682
node3.tardis-apia.ldos-ut-pg0.wisc.cloudlab.us,alibabaBlock_237,s3fifoforgive,10,1726,27,1,1,0.2663,0.37,12583872,17259.008,1472682
node3.tardis-apia.ldos-ut-pg0.wisc.cloudlab.us,alibabaBlock_237,s3fifoforgive,10,1726,27,1,2,0.2655,0.37,12583872,17259.008,1472682
node3.tardis-apia.ldos-ut-pg0.wisc.cloudlab.us,alibabaBlock_237,s3fifoforgive,10,1726,27,1,3,0.2654,0.37,12583872,17259.008,1472682
node3.tardis-apia.ldos-ut-pg0.wisc.cloudlab.us,alibabaBlock_237,lru,0.1,17,20,1,1,0.3482,2.43,12583872,17259.008,1472682
node3.tardis-apia.ldos-ut-pg0.wisc.cloudlab.us,alibabaBlock_237,lru,0.1,17,20,1,2,0.3482,2.42,12583872,17259.008,1472682
node3.tardis-apia.ldos-ut-pg0.wisc.cloudlab.us,alibabaBlock_237,lru,0.1,17,20,1,3,0.3482,2.44,12583872,17259.008,1472682
node3.tardis-apia.ldos-ut-pg0.wisc.cloudlab.us,alibabaBlock_237,lruforgive,0.1,17,20,1,1,0.3471,0.84,12583872,17259.008,1472682
node3.tardis-apia.ldos-ut-pg0.wisc.cloudlab.us,alibabaBlock_237,lruforgive,0.1,17,20,1,2,0.3471,0.85,12583872,17259.008,1472682
node3.tardis-apia.ldos-ut-pg0.wisc.cloudlab.us,alibabaBlock_237,lruforgive,0.1,17,20,1,3,0.3471,0.85,12583872,17259.008,1472682
node3.tardis-apia.ldos-ut-pg0.wisc.cloudlab.us,alibabaBlock_237,s3fifo,0.1,17,20,1,1,0.3489,2.54,12583872,17259.008,1472682
node3.tardis-apia.ldos-ut-pg0.wisc.cloudlab.us,alibabaBlock_237,s3fifo,0.1,17,20,1,2,0.3489,2.51,12583872,17259.008,1472682
node3.tardis-apia.ldos-ut-pg0.wisc.cloudlab.us,alibabaBlock_237,s3fifo,0.1,17,20,1,3,0.3489,2.53,12583872,17259.008,1472682
node3.tardis-apia.ldos-ut-pg0.wisc.cloudlab.us,alibabaBlock_237,s3fifoforgive,0.1,17,20,1,1,0.3489,0.96,12583872,17259.008,1472682
node3.tardis-apia.ldos-ut-pg0.wisc.cloudlab.us,alibabaBlock_237,s3fifoforgive,0.1,17,20,1,2,0.3490,0.96,12583872,17259.008,1472682
node3.tardis-apia.ldos-ut-pg0.wisc.cloudlab.us,alibabaBlock_237,s3fifoforgive,0.1,17,20,1,3,0.3489,0.95,12583872,17259.008,1472682
node3.tardis-apia.ldos-ut-pg0.wisc.cloudlab.us,alibabaBlock_239,lru,10,1544,27,1,1,0.1053,1.07,39839860,15440.6912,1622815
node3.tardis-apia.ldos-ut-pg0.wisc.cloudlab.us,alibabaBlock_239,lru,10,1544,27,1,2,0.1053,1.07,39839860,15440.6912,1622815
node3.tardis-apia.ldos-ut-pg0.wisc.cloudlab.us,alibabaBlock_239,lru,10,1544,27,1,3,0.1053,1.05,39839860,15440.6912,1622815
node3.tardis-apia.ldos-ut-pg0.wisc.cloudlab.us,alibabaBlock_239,lruforgive,10,1544,27,1,1,0.1049,0.46,39839860,15440.6912,1622815
node3.tardis-apia.ldos-ut-pg0.wisc.cloudlab.us,alibabaBlock_239,lruforgive,10,1544,27,1,2,0.1049,0.47,39839860,15440.6912,1622815
node3.tardis-apia.ldos-ut-pg0.wisc.cloudlab.us,alibabaBlock_239,lruforgive,10,1544,27,1,3,0.1049,0.47,39839860,15440.6912,1622815
node3.tardis-apia.ldos-ut-pg0.wisc.cloudlab.us,alibabaBlock_239,s3fifo,10,1544,27,1,1,0.1267,1.06,39839860,15440.6912,1622815
node3.tardis-apia.ldos-ut-pg0.wisc.cloudlab.us,alibabaBlock_239,s3fifo,10,1544,27,1,2,0.1267,1.05,39839860,15440.6912,1622815
node3.tardis-apia.ldos-ut-pg0.wisc.cloudlab.us,alibabaBlock_239,s3fifo,10,1544,27,1,3,0.1267,1.06,39839860,15440.6912,1622815
node3.tardis-apia.ldos-ut-pg0.wisc.cloudlab.us,alibabaBlock_239,s3fifoforgive,10,1544,27,1,1,0.1268,0.50,39839860,15440.6912,1622815
node3.tardis-apia.ldos-ut-pg0.wisc.cloudlab.us,alibabaBlock_239,s3fifoforgive,10,1544,27,1,2,0.1268,0.51,39839860,15440.6912,1622815
node3.tardis-apia.ldos-ut-pg0.wisc.cloudlab.us,alibabaBlock_239,s3fifoforgive,10,1544,27,1,3,0.1268,0.51,39839860,15440.6912,1622815
node3.tardis-apia.ldos-ut-pg0.wisc.cloudlab.us,alibabaBlock_239,lru,0.1,15,20,1,1,0.2596,3.13,39839860,15440.6912,1622815
node3.tardis-apia.ldos-ut-pg0.wisc.cloudlab.us,alibabaBlock_239,lru,0.1,15,20,1,2,0.2596,3.10,39839860,15440.6912,1622815
node3.tardis-apia.ldos-ut-pg0.wisc.cloudlab.us,alibabaBlock_239,lru,0.1,15,20,1,3,0.2596,3.15,39839860,15440.6912,1622815
node3.tardis-apia.ldos-ut-pg0.wisc.cloudlab.us,alibabaBlock_239,lruforgive,0.1,15,20,1,1,0.2574,1.06,39839860,15440.6912,1622815
node3.tardis-apia.ldos-ut-pg0.wisc.cloudlab.us,alibabaBlock_239,lruforgive,0.1,15,20,1,2,0.2574,1.06,39839860,15440.6912,1622815
node3.tardis-apia.ldos-ut-pg0.wisc.cloudlab.us,alibabaBlock_239,lruforgive,0.1,15,20,1,3,0.2574,1.05,39839860,15440.6912,1622815
node3.tardis-apia.ldos-ut-pg0.wisc.cloudlab.us,alibabaBlock_239,s3fifo,0.1,15,20,1,1,0.2443,3.35,39839860,15440.6912,1622815
node3.tardis-apia.ldos-ut-pg0.wisc.cloudlab.us,alibabaBlock_239,s3fifo,0.1,15,20,1,2,0.2443,3.36,39839860,15440.6912,1622815
node3.tardis-apia.ldos-ut-pg0.wisc.cloudlab.us,alibabaBlock_239,s3fifo,0.1,15,20,1,3,0.2443,3.37,39839860,15440.6912,1622815
node3.tardis-apia.ldos-ut-pg0.wisc.cloudlab.us,alibabaBlock_239,s3fifoforgive,0.1,15,20,1,1,0.2440,1.14,39839860,15440.6912,1622815
node3.tardis-apia.ldos-ut-pg0.wisc.cloudlab.us,alibabaBlock_239,s3fifoforgive,0.1,15,20,1,2,0.2441,1.13,39839860,15440.6912,1622815
node3.tardis-apia.ldos-ut-pg0.wisc.cloudlab.us,alibabaBlock_239,s3fifoforgive,0.1,15,20,1,3,0.2440,1.13,39839860,15440.6912,1622815
node3.tardis-apia.ldos-ut-pg0.wisc.cloudlab.us,alibabaBlock_24,lru,10,1360,26,1,1,0.1105,1.08,37176281,13597.5936,1454189
node3.tardis-apia.ldos-ut-pg0.wisc.cloudlab.us,alibabaBlock_24,lru,10,1360,26,1,2,0.1105,1.06,37176281,13597.5936,1454189
node3.tardis-apia.ldos-ut-pg0.wisc.cloudlab.us,alibabaBlock_24,lru,10,1360,26,1,3,0.1105,1.07,37176281,13597.5936,1454189
node3.tardis-apia.ldos-ut-pg0.wisc.cloudlab.us,alibabaBlock_24,lruforgive,10,1360,26,1,1,0.1096,0.48,37176281,13597.5936,1454189
node3.tardis-apia.ldos-ut-pg0.wisc.cloudlab.us,alibabaBlock_24,lruforgive,10,1360,26,1,2,0.1096,0.48,37176281,13597.5936,1454189
node3.tardis-apia.ldos-ut-pg0.wisc.cloudlab.us,alibabaBlock_24,lruforgive,10,1360,26,1,3,0.1096,0.48,37176281,13597.5936,1454189
node3.tardis-apia.ldos-ut-pg0.wisc.cloudlab.us,alibabaBlock_24,s3fifo,10,1360,26,1,1,0.1316,1.07,37176281,13597.5936,1454189
node3.tardis-apia.ldos-ut-pg0.wisc.cloudlab.us,alibabaBlock_24,s3fifo,10,1360,26,1,2,NA,NA,NA,13597.5936,1454189
node3.tardis-apia.ldos-ut-pg0.wisc.cloudlab.us,alibabaBlock_24,s3fifo,10,1360,26,1,3,0.1316,1.07,37176281,13597.5936,1454189
node3.tardis-apia.ldos-ut-pg0.wisc.cloudlab.us,alibabaBlock_24,s3fifoforgive,10,1360,26,1,1,0.1315,0.52,37176281,13597.5936,1454189
node3.tardis-apia.ldos-ut-pg0.wisc.cloudlab.us,alibabaBlock_24,s3fifoforgive,10,1360,26,1,2,0.1315,0.52,37176281,13597.5936,1454189
node3.tardis-apia.ldos-ut-pg0.wisc.cloudlab.us,alibabaBlock_24,s3fifoforgive,10,1360,26,1,3,0.1315,0.52,37176281,13597.5936,1454189
node3.tardis-apia.ldos-ut-pg0.wisc.cloudlab.us,alibabaBlock_24,lru,0.1,14,20,1,1,0.2363,2.92,37176281,13597.5936,1454189
node3.tardis-apia.ldos-ut-pg0.wisc.cloudlab.us,alibabaBlock_24,lru,0.1,14,20,1,2,0.2363,2.89,37176281,13597.5936,1454189
node3.tardis-apia.ldos-ut-pg0.wisc.cloudlab.us,alibabaBlock_24,lru,0.1,14,20,1,3,0.2363,2.90,37176281,13597.5936,1454189
node3.tardis-apia.ldos-ut-pg0.wisc.cloudlab.us,alibabaBlock_24,lruforgive,0.1,14,20,1,1,0.2359,1.00,37176281,13597.5936,1454189
node3.tardis-apia.ldos-ut-pg0.wisc.cloudlab.us,alibabaBlock_24,lruforgive,0.1,14,20,1,2,0.2359,1.01,37176281,13597.5936,1454189
node3.tardis-apia.ldos-ut-pg0.wisc.cloudlab.us,alibabaBlock_24,lruforgive,0.1,14,20,1,3,0.2359,1.00,37176281,13597.5936,1454189
node3.tardis-apia.ldos-ut-pg0.wisc.cloudlab.us,alibabaBlock_24,s3fifo,0.1,14,20,1,1,0.2319,2.97,37176281,13597.5936,1454189
node3.tardis-apia.ldos-ut-pg0.wisc.cloudlab.us,alibabaBlock_24,s3fifo,0.1,14,20,1,2,0.2319,3.00,37176281,13597.5936,1454189
node3.tardis-apia.ldos-ut-pg0.wisc.cloudlab.us,alibabaBlock_24,s3fifo,0.1,14,20,1,3,0.2319,2.83,37176281,13597.5936,1454189
node3.tardis-apia.ldos-ut-pg0.wisc.cloudlab.us,alibabaBlock_24,s3fifoforgive,0.1,14,20,1,1,0.2316,1.07,37176281,13597.5936,1454189
node3.tardis-apia.ldos-ut-pg0.wisc.cloudlab.us,alibabaBlock_24,s3fifoforgive,0.1,14,20,1,2,0.2316,1.06,37176281,13597.5936,1454189
node3.tardis-apia.ldos-ut-pg0.wisc.cloudlab.us,alibabaBlock_24,s3fifoforgive,0.1,14,20,1,3,0.2316,1.07,37176281,13597.5936,1454189
node3.tardis-apia.ldos-ut-pg0.wisc.cloudlab.us,alibabaBlock_241,lru,10,1502,27,1,1,0.1040,1.05,37542391,15015.1168,2063101
node3.tardis-apia.ldos-ut-pg0.wisc.cloudlab.us,alibabaBlock_241,lru,10,1502,27,1,2,0.1040,1.04,37542391,15015.1168,2063101
node3.tardis-apia.ldos-ut-pg0.wisc.cloudlab.us,alibabaBlock_241,lru,10,1502,27,1,3,0.1040,1.03,37542391,15015.1168,2063101
node3.tardis-apia.ldos-ut-pg0.wisc.cloudlab.us,alibabaBlock_241,lruforgive,10,1502,27,1,1,0.1044,0.45,37542391,15015.1168,2063101
node3.tardis-apia.ldos-ut-pg0.wisc.cloudlab.us,alibabaBlock_241,lruforgive,10,1502,27,1,2,0.1044,0.45,37542391,15015.1168,2063101
node3.tardis-apia.ldos-ut-pg0.wisc.cloudlab.us,alibabaBlock_241,lruforgive,10,1502,27,1,3,0.1044,0.45,37542391,15015.1168,2063101
node3.tardis-apia.ldos-ut-pg0.wisc.cloudlab.us,alibabaBlock_241,s3fifo,10,1502,27,1,1,0.1212,1.03,37542391,15015.1168,2063101
node3.tardis-apia.ldos-ut-pg0.wisc.cloudlab.us,alibabaBlock_241,s3fifo,10,1502,27,1,2,0.1212,1.03,37542391,15015.1168,2063101
node3.tardis-apia.ldos-ut-pg0.wisc.cloudlab.us,alibabaBlock_241,s3fifo,10,1502,27,1,3,0.1212,1.03,37542391,15015.1168,2063101
node3.tardis-apia.ldos-ut-pg0.wisc.cloudlab.us,alibabaBlock_241,s3fifoforgive,10,1502,27,1,1,0.1211,0.48,37542391,15015.1168,2063101
node3.tardis-apia.ldos-ut-pg0.wisc.cloudlab.us,alibabaBlock_241,s3fifoforgive,10,1502,27,1,2,0.1211,0.43,37542391,15015.1168,2063101
node3.tardis-apia.ldos-ut-pg0.wisc.cloudlab.us,alibabaBlock_241,s3fifoforgive,10,1502,27,1,3,0.1211,0.43,37542391,15015.1168,2063101
node3.tardis-apia.ldos-ut-pg0.wisc.cloudlab.us,alibabaBlock_241,lru,0.1,15,20,1,1,0.5329,2.06,37542391,15015.1168,2063101
node3.tardis-apia.ldos-ut-pg0.wisc.cloudlab.us,alibabaBlock_241,lru,0.1,15,20,1,2,0.5329,2.06,37542391,15015.1168,2063101
node3.tardis-apia.ldos-ut-pg0.wisc.cloudlab.us,alibabaBlock_241,lru,0.1,15,20,1,3,0.5329,2.08,37542391,15015.1168,2063101
node3.tardis-apia.ldos-ut-pg0.wisc.cloudlab.us,alibabaBlock_241,lruforgive,0.1,15,20,1,1,0.4843,0.48,37542391,15015.1168,2063101
node3.tardis-apia.ldos-ut-pg0.wisc.cloudlab.us,alibabaBlock_241,lruforgive,0.1,15,20,1,2,0.4843,0.48,37542391,15015.1168,2063101
node3.tardis-apia.ldos-ut-pg0.wisc.cloudlab.us,alibabaBlock_241,lruforgive,0.1,15,20,1,3,0.4843,0.48,37542391,15015.1168,2063101
node3.tardis-apia.ldos-ut-pg0.wisc.cloudlab.us,alibabaBlock_241,s3fifo,0.1,15,20,1,1,0.4347,2.20,37542391,15015.1168,2063101
node3.tardis-apia.ldos-ut-pg0.wisc.cloudlab.us,alibabaBlock_241,s3fifo,0.1,15,20,1,2,0.4347,2.19,37542391,15015.1168,2063101
node3.tardis-apia.ldos-ut-pg0.wisc.cloudlab.us,alibabaBlock_241,s3fifo,0.1,15,20,1,3,0.4347,2.18,37542391,15015.1168,2063101
node3.tardis-apia.ldos-ut-pg0.wisc.cloudlab.us,alibabaBlock_241,s3fifoforgive,0.1,15,20,1,1,0.4214,0.94,37542391,15015.1168,2063101
node3.tardis-apia.ldos-ut-pg0.wisc.cloudlab.us,alibabaBlock_241,s3fifoforgive,0.1,15,20,1,2,0.4214,0.99,37542391,15015.1168,2063101
node3.tardis-apia.ldos-ut-pg0.wisc.cloudlab.us,alibabaBlock_241,s3fifoforgive,0.1,15,20,1,3,0.4214,0.98,37542391,15015.1168,2063101
node3.tardis-apia.ldos-ut-pg0.wisc.cloudlab.us,alibabaBlock_242,lru,10,3377,27,1,1,0.1187,0.72,19570945,33767.3216,2065603
node3.tardis-apia.ldos-ut-pg0.wisc.cloudlab.us,alibabaBlock_242,lru,10,3377,27,1,2,0.1187,0.72,19570945,33767.3216,2065603
node3.tardis-apia.ldos-ut-pg0.wisc.cloudlab.us,alibabaBlock_242,lru,10,3377,27,1,3,0.1187,0.71,19570945,33767.3216,2065603
node3.tardis-apia.ldos-ut-pg0.wisc.cloudlab.us,alibabaBlock_242,lruforgive,10,3377,27,1,1,0.1186,0.35,19570945,33767.3216,2065603
node3.tardis-apia.ldos-ut-pg0.wisc.cloudlab.us,alibabaBlock_242,lruforgive,10,3377,27,1,2,0.1186,0.35,19570945,33767.3216,2065603
node3.tardis-apia.ldos-ut-pg0.wisc.cloudlab.us,alibabaBlock_242,lruforgive,10,3377,27,1,3,0.1186,0.35,19570945,33767.3216,2065603
node3.tardis-apia.ldos-ut-pg0.wisc.cloudlab.us,alibabaBlock_242,s3fifo,10,3377,27,1,1,NA,NA,NA,33767.3216,2065603
node3.tardis-apia.ldos-ut-pg0.wisc.cloudlab.us,alibabaBlock_242,s3fifo,10,3377,27,1,2,0.1373,0.76,19570945,33767.3216,2065603
node3.tardis-apia.ldos-ut-pg0.wisc.cloudlab.us,alibabaBlock_242,s3fifo,10,3377,27,1,3,NA,NA,NA,33767.3216,2065603
node3.tardis-apia.ldos-ut-pg0.wisc.cloudlab.us,alibabaBlock_242,s3fifoforgive,10,3377,27,1,1,NA,NA,11074778,33767.3216,2065603
node3.tardis-apia.ldos-ut-pg0.wisc.cloudlab.us,alibabaBlock_242,s3fifoforgive,10,3377,27,1,2,NA,NA,11074778,33767.3216,2065603
node3.tardis-apia.ldos-ut-pg0.wisc.cloudlab.us,alibabaBlock_242,s3fifoforgive,10,3377,27,1,3,0.1372,0.39,19570945,33767.3216,2065603
node3.tardis-apia.ldos-ut-pg0.wisc.cloudlab.us,alibabaBlock_242,lru,0.1,34,21,1,1,0.4265,1.57,19570945,33767.3216,2065603
node3.tardis-apia.ldos-ut-pg0.wisc.cloudlab.us,alibabaBlock_242,lru,0.1,34,21,1,2,0.4265,1.57,19570945,33767.3216,2065603
node3.tardis-apia.ldos-ut-pg0.wisc.cloudlab.us,alibabaBlock_242,lru,0.1,34,21,1,3,0.4265,1.53,19570945,33767.3216,2065603
node3.tardis-apia.ldos-ut-pg0.wisc.cloudlab.us,alibabaBlock_242,lruforgive,0.1,34,21,1,1,0.3855,0.57,19570945,33767.3216,2065603
node3.tardis-apia.ldos-ut-pg0.wisc.cloudlab.us,alibabaBlock_242,lruforgive,0.1,34,21,1,2,0.3855,0.57,19570945,33767.3216,2065603
node3.tardis-apia.ldos-ut-pg0.wisc.cloudlab.us,alibabaBlock_242,lruforgive,0.1,34,21,1,3,0.3855,0.57,19570945,33767.3216,2065603
node3.tardis-apia.ldos-ut-pg0.wisc.cloudlab.us,alibabaBlock_242,s3fifo,0.1,34,21,1,1,0.3852,1.77,19570945,33767.3216,2065603
node3.tardis-apia.ldos-ut-pg0.wisc.cloudlab.us,alibabaBlock_242,s3fifo,0.1,34,21,1,2,0.3852,1.79,19570945,33767.3216,2065603
node3.tardis-apia.ldos-ut-pg0.wisc.cloudlab.us,alibabaBlock_242,s3fifo,0.1,34,21,1,3,0.3852,1.78,19570945,33767.3216,2065603
node3.tardis-apia.ldos-ut-pg0.wisc.cloudlab.us,alibabaBlock_242,s3fifoforgive,0.1,34,21,1,1,0.3834,0.85,19570945,33767.3216,2065603
node3.tardis-apia.ldos-ut-pg0.wisc.cloudlab.us,alibabaBlock_242,s3fifoforgive,0.1,34,21,1,2,0.3834,0.86,19570945,33767.3216,2065603
node3.tardis-apia.ldos-ut-pg0.wisc.cloudlab.us,alibabaBlock_242,s3fifoforgive,0.1,34,21,1,3,0.3834,0.86,19570945,33767.3216,2065603
node3.tardis-apia.ldos-ut-pg0.wisc.cloudlab.us,alibabaBlock_248,lru,10,37082,27,1,1,0.7329,0.13,14395112,370816.4096,8615741
node3.tardis-apia.ldos-ut-pg0.wisc.cloudlab.us,alibabaBlock_248,lru,10,37082,27,1,2,0.7329,0.13,14395112,370816.4096,8615741
node3.tardis-apia.ldos-ut-pg0.wisc.cloudlab.us,alibabaBlock_248,lru,10,37082,27,1,3,0.7329,0.13,14395112,370816.4096,8615741
node3.tardis-apia.ldos-ut-pg0.wisc.cloudlab.us,alibabaBlock_248,lruforgive,10,37082,27,1,1,0.7326,0.13,14395112,370816.4096,8615741
node3.tardis-apia.ldos-ut-pg0.wisc.cloudlab.us,alibabaBlock_248,lruforgive,10,37082,27,1,2,0.7326,0.13,14395112,370816.4096,8615741
node3.tardis-apia.ldos-ut-pg0.wisc.cloudlab.us,alibabaBlock_248,lruforgive,10,37082,27,1,3,0.7326,0.12,14395112,370816.4096,8615741
node3.tardis-apia.ldos-ut-pg0.wisc.cloudlab.us,alibabaBlock_248,s3fifo,10,37082,27,1,1,NA,NA,NA,370816.4096,8615741
node3.tardis-apia.ldos-ut-pg0.wisc.cloudlab.us,alibabaBlock_248,s3fifo,10,37082,27,1,2,NA,NA,NA,370816.4096,8615741
node3.tardis-apia.ldos-ut-pg0.wisc.cloudlab.us,alibabaBlock_248,s3fifo,10,37082,27,1,3,NA,NA,NA,370816.4096,8615741
node3.tardis-apia.ldos-ut-pg0.wisc.cloudlab.us,alibabaBlock_248,s3fifoforgive,10,37082,27,1,1,NA,NA,NA,370816.4096,8615741
node3.tardis-apia.ldos-ut-pg0.wisc.cloudlab.us,alibabaBlock_248,s3fifoforgive,10,37082,27,1,2,NA,NA,NA,370816.4096,8615741
node3.tardis-apia.ldos-ut-pg0.wisc.cloudlab.us,alibabaBlock_248,s3fifoforgive,10,37082,27,1,3,NA,NA,NA,370816.4096,8615741
node3.tardis-apia.ldos-ut-pg0.wisc.cloudlab.us,alibabaBlock_248,lru,0.1,371,25,1,1,0.8166,0.21,14395112,370816.4096,8615741
node3.tardis-apia.ldos-ut-pg0.wisc.cloudlab.us,alibabaBlock_248,lru,0.1,371,25,1,2,0.8166,0.21,14395112,370816.4096,8615741
node3.tardis-apia.ldos-ut-pg0.wisc.cloudlab.us,alibabaBlock_248,lru,0.1,371,25,1,3,0.8166,0.21,14395112,370816.4096,8615741
node3.tardis-apia.ldos-ut-pg0.wisc.cloudlab.us,alibabaBlock_248,lruforgive,0.1,371,25,1,1,0.8163,0.20,14395112,370816.4096,8615741
node3.tardis-apia.ldos-ut-pg0.wisc.cloudlab.us,alibabaBlock_248,lruforgive,0.1,371,25,1,2,0.8163,0.20,14395112,370816.4096,8615741
node3.tardis-apia.ldos-ut-pg0.wisc.cloudlab.us,alibabaBlock_248,lruforgive,0.1,371,25,1,3,0.8163,0.20,14395112,370816.4096,8615741
node3.tardis-apia.ldos-ut-pg0.wisc.cloudlab.us,alibabaBlock_248,s3fifo,0.1,371,25,1,1,NA,NA,NA,370816.4096,8615741
node3.tardis-apia.ldos-ut-pg0.wisc.cloudlab.us,alibabaBlock_248,s3fifo,0.1,371,25,1,2,NA,NA,NA,370816.4096,8615741
node3.tardis-apia.ldos-ut-pg0.wisc.cloudlab.us,alibabaBlock_248,s3fifo,0.1,371,25,1,3,NA,NA,NA,370816.4096,8615741
node3.tardis-apia.ldos-ut-pg0.wisc.cloudlab.us,alibabaBlock_248,s3fifoforgive,0.1,371,25,1,1,NA,0.20,8646909,370816.4096,8615741
node3.tardis-apia.ldos-ut-pg0.wisc.cloudlab.us,alibabaBlock_248,s3fifoforgive,0.1,371,25,1,2,NA,0.20,8646909,370816.4096,8615741
node3.tardis-apia.ldos-ut-pg0.wisc.cloudlab.us,alibabaBlock_248,s3fifoforgive,0.1,371,25,1,3,NA,0.20,8646909,370816.4096,8615741
node3.tardis-apia.ldos-ut-pg0.wisc.cloudlab.us,alibabaBlock_25,lru,10,6057,27,1,1,0.6067,0.35,10295133,60574.8224,4378573
node3.tardis-apia.ldos-ut-pg0.wisc.cloudlab.us,alibabaBlock_25,lru,10,6057,27,1,2,0.6067,0.35,10295133,60574.8224,4378573
node3.tardis-apia.ldos-ut-pg0.wisc.cloudlab.us,alibabaBlock_25,lru,10,6057,27,1,3,0.6067,0.35,10295133,60574.8224,4378573
node3.tardis-apia.ldos-ut-pg0.wisc.cloudlab.us,alibabaBlock_25,lruforgive,10,6057,27,1,1,0.6033,0.30,10295133,60574.8224,4378573
node3.tardis-apia.ldos-ut-pg0.wisc.cloudlab.us,alibabaBlock_25,lruforgive,10,6057,27,1,2,0.6033,0.30,10295133,60574.8224,4378573
node3.tardis-apia.ldos-ut-pg0.wisc.cloudlab.us,alibabaBlock_25,lruforgive,10,6057,27,1,3,0.6033,0.30,10295133,60574.8224,4378573
node3.tardis-apia.ldos-ut-pg0.wisc.cloudlab.us,alibabaBlock_25,s3fifo,10,6057,27,1,1,0.6010,0.34,10295133,60574.8224,4378573
node3.tardis-apia.ldos-ut-pg0.wisc.cloudlab.us,alibabaBlock_25,s3fifo,10,6057,27,1,2,0.6010,0.34,10295133,60574.8224,4378573
node3.tardis-apia.ldos-ut-pg0.wisc.cloudlab.us,alibabaBlock_25,s3fifo,10,6057,27,1,3,0.6010,0.34,10295133,60574.8224,4378573
node3.tardis-apia.ldos-ut-pg0.wisc.cloudlab.us,alibabaBlock_25,s3fifoforgive,10,6057,27,1,1,0.6020,0.30,10295133,60574.8224,4378573
node3.tardis-apia.ldos-ut-pg0.wisc.cloudlab.us,alibabaBlock_25,s3fifoforgive,10,6057,27,1,2,0.6020,0.30,10295133,60574.8224,4378573
node3.tardis-apia.ldos-ut-pg0.wisc.cloudlab.us,alibabaBlock_25,s3fifoforgive,10,6057,27,1,3,0.6020,0.30,10295133,60574.8224,4378573
node3.tardis-apia.ldos-ut-pg0.wisc.cloudlab.us,alibabaBlock_25,lru,0.1,61,22,1,1,0.7073,0.52,10295133,60574.8224,4378573
node3.tardis-apia.ldos-ut-pg0.wisc.cloudlab.us,alibabaBlock_25,lru,0.1,61,22,1,2,0.7073,0.52,10295133,60574.8224,4378573
node3.tardis-apia.ldos-ut-pg0.wisc.cloudlab.us,alibabaBlock_25,lru,0.1,61,22,1,3,0.7073,0.52,10295133,60574.8224,4378573
node3.tardis-apia.ldos-ut-pg0.wisc.cloudlab.us,alibabaBlock_25,lruforgive,0.1,61,22,1,1,0.7068,0.41,10295133,60574.8224,4378573
node3.tardis-apia.ldos-ut-pg0.wisc.cloudlab.us,alibabaBlock_25,lruforgive,0.1,61,22,1,2,0.7068,0.41,10295133,60574.8224,4378573
node3.tardis-apia.ldos-ut-pg0.wisc.cloudlab.us,alibabaBlock_25,lruforgive,0.1,61,22,1,3,0.7068,0.41,10295133,60574.8224,4378573
node3.tardis-apia.ldos-ut-pg0.wisc.cloudlab.us,alibabaBlock_25,s3fifo,0.1,61,22,1,1,0.7065,0.60,10295133,60574.8224,4378573
node3.tardis-apia.ldos-ut-pg0.wisc.cloudlab.us,alibabaBlock_25,s3fifo,0.1,61,22,1,2,0.7065,0.60,10295133,60574.8224,4378573
node3.tardis-apia.ldos-ut-pg0.wisc.cloudlab.us,alibabaBlock_25,s3fifo,0.1,61,22,1,3,0.7065,0.60,10295133,60574.8224,4378573
node3.tardis-apia.ldos-ut-pg0.wisc.cloudlab.us,alibabaBlock_25,s3fifoforgive,0.1,61,22,1,1,0.7064,0.47,10295133,60574.8224,4378573
node3.tardis-apia.ldos-ut-pg0.wisc.cloudlab.us,alibabaBlock_25,s3fifoforgive,0.1,61,22,1,2,0.7064,0.47,10295133,60574.8224,4378573
node3.tardis-apia.ldos-ut-pg0.wisc.cloudlab.us,alibabaBlock_25,s3fifoforgive,0.1,61,22,1,3,0.7064,0.47,10295133,60574.8224,4378573
node3.tardis-apia.ldos-ut-pg0.wisc.cloudlab.us,alibabaBlock_251,lru,10,1429,26,1,1,0.0986,1.13,43506627,14292.3776,1461469
node3.tardis-apia.ldos-ut-pg0.wisc.cloudlab.us,alibabaBlock_251,lru,10,1429,26,1,2,0.0986,1.12,43506627,14292.3776,1461469
node3.tardis-apia.ldos-ut-pg0.wisc.cloudlab.us,alibabaBlock_251,lru,10,1429,26,1,3,0.0986,1.12,43506627,14292.3776,1461469
node3.tardis-apia.ldos-ut-pg0.wisc.cloudlab.us,alibabaBlock_251,lruforgive,10,1429,26,1,1,0.0981,0.48,43506627,14292.3776,1461469
node3.tardis-apia.ldos-ut-pg0.wisc.cloudlab.us,alibabaBlock_251,lruforgive,10,1429,26,1,2,0.0981,0.48,43506627,14292.3776,1461469
node3.tardis-apia.ldos-ut-pg0.wisc.cloudlab.us,alibabaBlock_251,lruforgive,10,1429,26,1,3,0.0981,0.49,43506627,14292.3776,1461469
node3.tardis-apia.ldos-ut-pg0.wisc.cloudlab.us,alibabaBlock_251,s3fifo,10,1429,26,1,1,NA,NA,NA,14292.3776,1461469
node3.tardis-apia.ldos-ut-pg0.wisc.cloudlab.us,alibabaBlock_251,s3fifo,10,1429,26,1,2,NA,NA,NA,14292.3776,1461469
node3.tardis-apia.ldos-ut-pg0.wisc.cloudlab.us,alibabaBlock_251,s3fifo,10,1429,26,1,3,NA,NA,NA,14292.3776,1461469
node3.tardis-apia.ldos-ut-pg0.wisc.cloudlab.us,alibabaBlock_251,s3fifoforgive,10,1429,26,1,1,0.1181,0.53,43506627,14292.3776,1461469
node3.tardis-apia.ldos-ut-pg0.wisc.cloudlab.us,alibabaBlock_251,s3fifoforgive,10,1429,26,1,2,0.1181,0.52,43506627,14292.3776,1461469
node3.tardis-apia.ldos-ut-pg0.wisc.cloudlab.us,alibabaBlock_251,s3fifoforgive,10,1429,26,1,3,0.1181,0.53,43506627,14292.3776,1461469
node3.tardis-apia.ldos-ut-pg0.wisc.cloudlab.us,alibabaBlock_251,lru,0.1,14,20,1,1,0.3025,3.12,43506627,14292.3776,1461469
node3.tardis-apia.ldos-ut-pg0.wisc.cloudlab.us,alibabaBlock_251,lru,0.1,14,20,1,2,0.3025,3.09,43506627,14292.3776,1461469
node3.tardis-apia.ldos-ut-pg0.wisc.cloudlab.us,alibabaBlock_251,lru,0.1,14,20,1,3,0.3025,3.10,43506627,14292.3776,1461469
node3.tardis-apia.ldos-ut-pg0.wisc.cloudlab.us,alibabaBlock_251,lruforgive,0.1,14,20,1,1,0.2998,1.12,43506627,14292.3776,1461469
node3.tardis-apia.ldos-ut-pg0.wisc.cloudlab.us,alibabaBlock_251,lruforgive,0.1,14,20,1,2,0.2998,1.11,43506627,14292.3776,1461469
node3.tardis-apia.ldos-ut-pg0.wisc.cloudlab.us,alibabaBlock_251,lruforgive,0.1,14,20,1,3,0.2998,1.11,43506627,14292.3776,1461469
node3.tardis-apia.ldos-ut-pg0.wisc.cloudlab.us,alibabaBlock_251,s3fifo,0.1,14,20,1,1,0.2774,3.33,43506627,14292.3776,1461469
node3.tardis-apia.ldos-ut-pg0.wisc.cloudlab.us,alibabaBlock_251,s3fifo,0.1,14,20,1,2,0.2774,3.34,43506627,14292.3776,1461469
node3.tardis-apia.ldos-ut-pg0.wisc.cloudlab.us,alibabaBlock_251,s3fifo,0.1,14,20,1,3,0.2774,3.35,43506627,14292.3776,1461469
node3.tardis-apia.ldos-ut-pg0.wisc.cloudlab.us,alibabaBlock_251,s3fifoforgive,0.1,14,20,1,1,0.2771,1.18,43506627,14292.3776,1461469
node3.tardis-apia.ldos-ut-pg0.wisc.cloudlab.us,alibabaBlock_251,s3fifoforgive,0.1,14,20,1,2,0.2771,1.19,43506627,14292.3776,1461469
node3.tardis-apia.ldos-ut-pg0.wisc.cloudlab.us,alibabaBlock_251,s3fifoforgive,0.1,14,20,1,3,0.2771,1.18,43506627,14292.3776,1461469
node3.tardis-apia.ldos-ut-pg0.wisc.cloudlab.us,alibabaBlock_254,lru,10,36601,27,1,1,0.7530,0.15,16296392,366006.6816,9843210
node3.tardis-apia.ldos-ut-pg0.wisc.cloudlab.us,alibabaBlock_254,lru,10,36601,27,1,2,0.7530,0.15,16296392,366006.6816,9843210
node3.tardis-apia.ldos-ut-pg0.wisc.cloudlab.us,alibabaBlock_254,lru,10,36601,27,1,3,0.7530,0.15,16296392,366006.6816,9843210
node3.tardis-apia.ldos-ut-pg0.wisc.cloudlab.us,alibabaBlock_254,lruforgive,10,36601,27,1,1,0.7527,0.14,16296392,366006.6816,9843210
node3.tardis-apia.ldos-ut-pg0.wisc.cloudlab.us,alibabaBlock_254,lruforgive,10,36601,27,1,2,0.7527,0.14,16296392,366006.6816,9843210
node3.tardis-apia.ldos-ut-pg0.wisc.cloudlab.us,alibabaBlock_254,lruforgive,10,36601,27,1,3,0.7527,0.14,16296392,366006.6816,9843210
node3.tardis-apia.ldos-ut-pg0.wisc.cloudlab.us,alibabaBlock_254,s3fifo,10,36601,27,1,1,NA,NA,NA,366006.6816,9843210
node3.tardis-apia.ldos-ut-pg0.wisc.cloudlab.us,alibabaBlock_254,s3fifo,10,36601,27,1,2,NA,NA,NA,366006.6816,9843210
node3.tardis-apia.ldos-ut-pg0.wisc.cloudlab.us,alibabaBlock_254,s3fifo,10,36601,27,1,3,NA,NA,NA,366006.6816,9843210
node3.tardis-apia.ldos-ut-pg0.wisc.cloudlab.us,alibabaBlock_254,s3fifoforgive,10,36601,27,1,1,NA,NA,NA,366006.6816,9843210
node3.tardis-apia.ldos-ut-pg0.wisc.cloudlab.us,alibabaBlock_254,s3fifoforgive,10,36601,27,1,2,NA,NA,NA,366006.6816,9843210
node3.tardis-apia.ldos-ut-pg0.wisc.cloudlab.us,alibabaBlock_254,s3fifoforgive,10,36601,27,1,3,NA,NA,NA,366006.6816,9843210
node3.tardis-apia.ldos-ut-pg0.wisc.cloudlab.us,alibabaBlock_254,lru,0.1,366,25,1,1,0.8324,0.23,16296392,366006.6816,9843210
node3.tardis-apia.ldos-ut-pg0.wisc.cloudlab.us,alibabaBlock_254,lru,0.1,366,25,1,2,0.8324,0.23,16296392,366006.6816,9843210
node3.tardis-apia.ldos-ut-pg0.wisc.cloudlab.us,alibabaBlock_254,lru,0.1,366,25,1,3,0.8324,0.23,16296392,366006.6816,9843210
node3.tardis-apia.ldos-ut-pg0.wisc.cloudlab.us,alibabaBlock_254,lruforgive,0.1,366,25,1,1,0.8322,0.21,16296392,366006.6816,9843210
node3.tardis-apia.ldos-ut-pg0.wisc.cloudlab.us,alibabaBlock_254,lruforgive,0.1,366,25,1,2,0.8322,0.22,16296392,366006.6816,9843210
node3.tardis-apia.ldos-ut-pg0.wisc.cloudlab.us,alibabaBlock_254,lruforgive,0.1,366,25,1,3,0.8322,0.22,16296392,366006.6816,9843210
node3.tardis-apia.ldos-ut-pg0.wisc.cloudlab.us,alibabaBlock_254,s3fifo,0.1,366,25,1,1,0.8321,0.25,16296392,366006.6816,9843210
node3.tardis-apia.ldos-ut-pg0.wisc.cloudlab.us,alibabaBlock_254,s3fifo,0.1,366,25,1,2,0.8321,0.25,16296392,366006.6816,9843210
node3.tardis-apia.ldos-ut-pg0.wisc.cloudlab.us,alibabaBlock_254,s3fifo,0.1,366,25,1,3,0.8321,0.25,16296392,366006.6816,9843210
node3.tardis-apia.ldos-ut-pg0.wisc.cloudlab.us,alibabaBlock_254,s3fifoforgive,0.1,366,25,1,1,0.8320,0.24,16296392,366006.6816,9843210
node3.tardis-apia.ldos-ut-pg0.wisc.cloudlab.us,alibabaBlock_254,s3fifoforgive,0.1,366,25,1,2,0.8320,0.24,16296392,366006.6816,9843210
node3.tardis-apia.ldos-ut-pg0.wisc.cloudlab.us,alibabaBlock_254,s3fifoforgive,0.1,366,25,1,3,0.8320,0.24,16296392,366006.6816,9843210
node3.tardis-apia.ldos-ut-pg0.wisc.cloudlab.us,alibabaBlock_256,lru,10,14332,27,1,1,0.1237,0.42,97851059,143317.8112,7125508
node3.tardis-apia.ldos-ut-pg0.wisc.cloudlab.us,alibabaBlock_256,lru,10,14332,27,1,2,0.1237,0.42,97851059,143317.8112,7125508
node3.tardis-apia.ldos-ut-pg0.wisc.cloudlab.us,alibabaBlock_256,lru,10,14332,27,1,3,0.1237,0.42,97851059,143317.8112,7125508
node3.tardis-apia.ldos-ut-pg0.wisc.cloudlab.us,alibabaBlock_256,lruforgive,10,14332,27,1,1,0.1221,0.26,97851059,143317.8112,7125508
node3.tardis-apia.ldos-ut-pg0.wisc.cloudlab.us,alibabaBlock_256,lruforgive,10,14332,27,1,2,0.1221,0.26,97851059,143317.8112,7125508
node3.tardis-apia.ldos-ut-pg0.wisc.cloudlab.us,alibabaBlock_256,lruforgive,10,14332,27,1,3,0.1221,0.26,97851059,143317.8112,7125508
node3.tardis-apia.ldos-ut-pg0.wisc.cloudlab.us,alibabaBlock_256,s3fifo,10,14332,27,1,1,NA,NA,NA,143317.8112,7125508
node3.tardis-apia.ldos-ut-pg0.wisc.cloudlab.us,alibabaBlock_256,s3fifo,10,14332,27,1,2,NA,NA,NA,143317.8112,7125508
node3.tardis-apia.ldos-ut-pg0.wisc.cloudlab.us,alibabaBlock_256,s3fifo,10,14332,27,1,3,NA,NA,NA,143317.8112,7125508
node3.tardis-apia.ldos-ut-pg0.wisc.cloudlab.us,alibabaBlock_256,s3fifoforgive,10,14332,27,1,1,0.1349,0.30,97851059,143317.8112,7125508
node3.tardis-apia.ldos-ut-pg0.wisc.cloudlab.us,alibabaBlock_256,s3fifoforgive,10,14332,27,1,2,0.1349,0.30,97851059,143317.8112,7125508
node3.tardis-apia.ldos-ut-pg0.wisc.cloudlab.us,alibabaBlock_256,s3fifoforgive,10,14332,27,1,3,0.1349,0.29,97851059,143317.8112,7125508
node3.tardis-apia.ldos-ut-pg0.wisc.cloudlab.us,alibabaBlock_256,lru,0.1,143,23,1,1,0.2247,0.75,97851059,143317.8112,7125508
node3.tardis-apia.ldos-ut-pg0.wisc.cloudlab.us,alibabaBlock_256,lru,0.1,143,23,1,2,0.2248,0.75,97851059,143317.8112,7125508
node3.tardis-apia.ldos-ut-pg0.wisc.cloudlab.us,alibabaBlock_256,lru,0.1,143,23,1,3,0.2248,0.75,97851059,143317.8112,7125508
node3.tardis-apia.ldos-ut-pg0.wisc.cloudlab.us,alibabaBlock_256,lruforgive,0.1,143,23,1,1,0.2209,0.43,97851059,143317.8112,7125508
node3.tardis-apia.ldos-ut-pg0.wisc.cloudlab.us,alibabaBlock_256,lruforgive,0.1,143,23,1,2,0.2208,0.43,97851059,143317.8112,7125508
node3.tardis-apia.ldos-ut-pg0.wisc.cloudlab.us,alibabaBlock_256,lruforgive,0.1,143,23,1,3,0.2209,0.43,97851059,143317.8112,7125508
node3.tardis-apia.ldos-ut-pg0.wisc.cloudlab.us,alibabaBlock_256,s3fifo,0.1,143,23,1,1,0.2238,0.99,97851059,143317.8112,7125508
node3.tardis-apia.ldos-ut-pg0.wisc.cloudlab.us,alibabaBlock_256,s3fifo,0.1,143,23,1,2,0.2237,0.99,97851059,143317.8112,7125508
node3.tardis-apia.ldos-ut-pg0.wisc.cloudlab.us,alibabaBlock_256,s3fifo,0.1,143,23,1,3,NA,NA,NA,143317.8112,7125508
node3.tardis-apia.ldos-ut-pg0.wisc.cloudlab.us,alibabaBlock_256,s3fifoforgive,0.1,143,23,1,1,0.2238,0.54,97851059,143317.8112,7125508
node3.tardis-apia.ldos-ut-pg0.wisc.cloudlab.us,alibabaBlock_256,s3fifoforgive,0.1,143,23,1,2,NA,NA,57217260,143317.8112,7125508
node3.tardis-apia.ldos-ut-pg0.wisc.cloudlab.us,alibabaBlock_256,s3fifoforgive,0.1,143,23,1,3,0.2241,0.54,97851059,143317.8112,7125508
node3.tardis-apia.ldos-ut-pg0.wisc.cloudlab.us,alibabaBlock_26,lru,10,43868,27,1,1,0.5892,0.10,21531845,438675.5584,5769222
node3.tardis-apia.ldos-ut-pg0.wisc.cloudlab.us,alibabaBlock_26,lru,10,43868,27,1,2,0.5892,0.10,21531845,438675.5584,5769222
node3.tardis-apia.ldos-ut-pg0.wisc.cloudlab.us,alibabaBlock_26,lru,10,43868,27,1,3,0.5892,0.10,21531845,438675.5584,5769222
node3.tardis-apia.ldos-ut-pg0.wisc.cloudlab.us,alibabaBlock_26,lruforgive,10,43868,27,1,1,0.5855,0.10,21531845,438675.5584,5769222
node3.tardis-apia.ldos-ut-pg0.wisc.cloudlab.us,alibabaBlock_26,lruforgive,10,43868,27,1,2,0.5855,0.10,21531845,438675.5584,5769222
node3.tardis-apia.ldos-ut-pg0.wisc.cloudlab.us,alibabaBlock_26,lruforgive,10,43868,27,1,3,0.5855,0.10,21531845,438675.5584,5769222
node3.tardis-apia.ldos-ut-pg0.wisc.cloudlab.us,alibabaBlock_26,s3fifo,10,43868,27,1,1,0.5582,0.11,21531845,438675.5584,5769222
node3.tardis-apia.ldos-ut-pg0.wisc.cloudlab.us,alibabaBlock_26,s3fifo,10,43868,27,1,2,0.5584,0.11,21531845,438675.5584,5769222
node3.tardis-apia.ldos-ut-pg0.wisc.cloudlab.us,alibabaBlock_26,s3fifo,10,43868,27,1,3,0.5582,0.11,21531845,438675.5584,5769222
node3.tardis-apia.ldos-ut-pg0.wisc.cloudlab.us,alibabaBlock_26,s3fifoforgive,10,43868,27,1,1,0.5581,0.10,21531845,438675.5584,5769222
node3.tardis-apia.ldos-ut-pg0.wisc.cloudlab.us,alibabaBlock_26,s3fifoforgive,10,43868,27,1,2,0.5580,0.10,21531845,438675.5584,5769222
node3.tardis-apia.ldos-ut-pg0.wisc.cloudlab.us,alibabaBlock_26,s3fifoforgive,10,43868,27,1,3,0.5581,0.11,21531845,438675.5584,5769222
node3.tardis-apia.ldos-ut-pg0.wisc.cloudlab.us,alibabaBlock_26,lru,0.1,439,25,1,1,0.6894,0.15,21531845,438675.5584,5769222
node3.tardis-apia.ldos-ut-pg0.wisc.cloudlab.us,alibabaBlock_26,lru,0.1,439,25,1,2,0.6894,0.15,21531845,438675.5584,5769222
node3.tardis-apia.ldos-ut-pg0.wisc.cloudlab.us,alibabaBlock_26,lru,0.1,439,25,1,3,0.6894,0.15,21531845,438675.5584,5769222
node3.tardis-apia.ldos-ut-pg0.wisc.cloudlab.us,alibabaBlock_26,lruforgive,0.1,439,25,1,1,0.6832,0.14,21531845,438675.5584,5769222
node3.tardis-apia.ldos-ut-pg0.wisc.cloudlab.us,alibabaBlock_26,lruforgive,0.1,439,25,1,2,0.6832,0.14,21531845,438675.5584,5769222
node3.tardis-apia.ldos-ut-pg0.wisc.cloudlab.us,alibabaBlock_26,lruforgive,0.1,439,25,1,3,0.6832,0.14,21531845,438675.5584,5769222
node3.tardis-apia.ldos-ut-pg0.wisc.cloudlab.us,alibabaBlock_26,s3fifo,0.1,439,25,1,1,0.6715,0.17,21531845,438675.5584,5769222
node3.tardis-apia.ldos-ut-pg0.wisc.cloudlab.us,alibabaBlock_26,s3fifo,0.1,439,25,1,2,0.6714,0.17,21531845,438675.5584,5769222
node3.tardis-apia.ldos-ut-pg0.wisc.cloudlab.us,alibabaBlock_26,s3fifo,0.1,439,25,1,3,0.6712,0.17,21531845,438675.5584,5769222
node3.tardis-apia.ldos-ut-pg0.wisc.cloudlab.us,alibabaBlock_26,s3fifoforgive,0.1,439,25,1,1,0.6710,0.15,21531845,438675.5584,5769222
node3.tardis-apia.ldos-ut-pg0.wisc.cloudlab.us,alibabaBlock_26,s3fifoforgive,0.1,439,25,1,2,0.6710,0.15,21531845,438675.5584,5769222
node3.tardis-apia.ldos-ut-pg0.wisc.cloudlab.us,alibabaBlock_26,s3fifoforgive,0.1,439,25,1,3,0.6710,0.16,21531845,438675.5584,5769222
node3.tardis-apia.ldos-ut-pg0.wisc.cloudlab.us,alibabaBlock_261,lru,10,81484,27,1,1,0.7205,0.02,7832701,814843.6992,3210380
node3.tardis-apia.ldos-ut-pg0.wisc.cloudlab.us,alibabaBlock_261,lru,10,81484,27,1,2,0.7205,0.02,7832701,814843.6992,3210380
node3.tardis-apia.ldos-ut-pg0.wisc.cloudlab.us,alibabaBlock_261,lru,10,81484,27,1,3,0.7205,0.02,7832701,814843.6992,3210380
node3.tardis-apia.ldos-ut-pg0.wisc.cloudlab.us,alibabaBlock_261,lruforgive,10,81484,27,1,1,0.7132,0.02,7832701,814843.6992,3210380
node3.tardis-apia.ldos-ut-pg0.wisc.cloudlab.us,alibabaBlock_261,lruforgive,10,81484,27,1,2,0.7132,0.02,7832701,814843.6992,3210380
node3.tardis-apia.ldos-ut-pg0.wisc.cloudlab.us,alibabaBlock_261,lruforgive,10,81484,27,1,3,0.7132,0.02,7832701,814843.6992,3210380
node3.tardis-apia.ldos-ut-pg0.wisc.cloudlab.us,alibabaBlock_261,s3fifo,10,81484,27,1,1,NA,NA,NA,814843.6992,3210380
node3.tardis-apia.ldos-ut-pg0.wisc.cloudlab.us,alibabaBlock_261,s3fifo,10,81484,27,1,2,NA,NA,NA,814843.6992,3210380
node3.tardis-apia.ldos-ut-pg0.wisc.cloudlab.us,alibabaBlock_261,s3fifo,10,81484,27,1,3,NA,NA,NA,814843.6992,3210380
node3.tardis-apia.ldos-ut-pg0.wisc.cloudlab.us,alibabaBlock_261,s3fifoforgive,10,81484,27,1,1,0.6400,0.03,7832701,814843.6992,3210380
node3.tardis-apia.ldos-ut-pg0.wisc.cloudlab.us,alibabaBlock_261,s3fifoforgive,10,81484,27,1,2,0.6398,0.03,7832701,814843.6992,3210380
node3.tardis-apia.ldos-ut-pg0.wisc.cloudlab.us,alibabaBlock_261,s3fifoforgive,10,81484,27,1,3,0.6394,0.03,7832701,814843.6992,3210380
node3.tardis-apia.ldos-ut-pg0.wisc.cloudlab.us,alibabaBlock_261,lru,0.1,815,26,1,1,0.8799,0.03,7832701,814843.6992,3210380
node3.tardis-apia.ldos-ut-pg0.wisc.cloudlab.us,alibabaBlock_261,lru,0.1,815,26,1,2,0.8799,0.03,7832701,814843.6992,3210380
node3.tardis-apia.ldos-ut-pg0.wisc.cloudlab.us,alibabaBlock_261,lru,0.1,815,26,1,3,0.8799,0.03,7832701,814843.6992,3210380
node3.tardis-apia.ldos-ut-pg0.wisc.cloudlab.us,alibabaBlock_261,lruforgive,0.1,815,26,1,1,0.8793,0.03,7832701,814843.6992,3210380
node3.tardis-apia.ldos-ut-pg0.wisc.cloudlab.us,alibabaBlock_261,lruforgive,0.1,815,26,1,2,0.8793,0.03,7832701,814843.6992,3210380
node3.tardis-apia.ldos-ut-pg0.wisc.cloudlab.us,alibabaBlock_261,lruforgive,0.1,815,26,1,3,0.8793,0.03,7832701,814843.6992,3210380
node3.tardis-apia.ldos-ut-pg0.wisc.cloudlab.us,alibabaBlock_261,s3fifo,0.1,815,26,1,1,0.8783,0.03,7832701,814843.6992,3210380
node3.tardis-apia.ldos-ut-pg0.wisc.cloudlab.us,alibabaBlock_261,s3fifo,0.1,815,26,1,2,0.8783,0.03,7832701,814843.6992,3210380
node3.tardis-apia.ldos-ut-pg0.wisc.cloudlab.us,alibabaBlock_261,s3fifo,0.1,815,26,1,3,0.8784,0.03,7832701,814843.6992,3210380
node3.tardis-apia.ldos-ut-pg0.wisc.cloudlab.us,alibabaBlock_261,s3fifoforgive,0.1,815,26,1,1,0.8784,0.03,7832701,814843.6992,3210380
node3.tardis-apia.ldos-ut-pg0.wisc.cloudlab.us,alibabaBlock_261,s3fifoforgive,0.1,815,26,1,2,0.8784,0.03,7832701,814843.6992,3210380
node3.tardis-apia.ldos-ut-pg0.wisc.cloudlab.us,alibabaBlock_261,s3fifoforgive,0.1,815,26,1,3,0.8784,0.03,7832701,814843.6992,3210380
node3.tardis-apia.ldos-ut-pg0.wisc.cloudlab.us,alibabaBlock_262,lru,10,1421,26,1,1,0.0474,2.10,78873686,14210.8672,2514868
node3.tardis-apia.ldos-ut-pg0.wisc.cloudlab.us,alibabaBlock_262,lru,10,1421,26,1,2,0.0474,2.05,78873686,14210.8672,2514868
node3.tardis-apia.ldos-ut-pg0.wisc.cloudlab.us,alibabaBlock_262,lru,10,1421,26,1,3,0.0474,2.05,78873686,14210.8672,2514868
node3.tardis-apia.ldos-ut-pg0.wisc.cloudlab.us,alibabaBlock_262,lruforgive,10,1421,26,1,1,0.0474,0.65,78873686,14210.8672,2514868
node3.tardis-apia.ldos-ut-pg0.wisc.cloudlab.us,alibabaBlock_262,lruforgive,10,1421,26,1,2,0.0474,0.66,78873686,14210.8672,2514868
node3.tardis-apia.ldos-ut-pg0.wisc.cloudlab.us,alibabaBlock_262,lruforgive,10,1421,26,1,3,0.0474,0.66,78873686,14210.8672,2514868
node3.tardis-apia.ldos-ut-pg0.wisc.cloudlab.us,alibabaBlock_262,s3fifo,10,1421,26,1,1,0.0552,2.18,78873686,14210.8672,2514868
node3.tardis-apia.ldos-ut-pg0.wisc.cloudlab.us,alibabaBlock_262,s3fifo,10,1421,26,1,2,0.0552,2.15,78873686,14210.8672,2514868
node3.tardis-apia.ldos-ut-pg0.wisc.cloudlab.us,alibabaBlock_262,s3fifo,10,1421,26,1,3,NA,NA,NA,14210.8672,2514868
node3.tardis-apia.ldos-ut-pg0.wisc.cloudlab.us,alibabaBlock_262,s3fifoforgive,10,1421,26,1,1,0.0552,0.72,78873686,14210.8672,2514868
node3.tardis-apia.ldos-ut-pg0.wisc.cloudlab.us,alibabaBlock_262,s3fifoforgive,10,1421,26,1,2,0.0552,0.71,78873686,14210.8672,2514868
node3.tardis-apia.ldos-ut-pg0.wisc.cloudlab.us,alibabaBlock_262,s3fifoforgive,10,1421,26,1,3,NA,NA,NA,14210.8672,2514868
node3.tardis-apia.ldos-ut-pg0.wisc.cloudlab.us,alibabaBlock_262,lru,0.1,14,20,1,1,0.1676,3.14,78873686,14210.8672,2514868
node3.tardis-apia.ldos-ut-pg0.wisc.cloudlab.us,alibabaBlock_262,lru,0.1,14,20,1,2,0.1676,3.11,78873686,14210.8672,2514868
node3.tardis-apia.ldos-ut-pg0.wisc.cloudlab.us,alibabaBlock_262,lru,0.1,14,20,1,3,0.1676,3.06,78873686,14210.8672,2514868
node3.tardis-apia.ldos-ut-pg0.wisc.cloudlab.us,alibabaBlock_262,lruforgive,0.1,14,20,1,1,0.1659,0.81,78873686,14210.8672,2514868
node3.tardis-apia.ldos-ut-pg0.wisc.cloudlab.us,alibabaBlock_262,lruforgive,0.1,14,20,1,2,0.1659,0.80,78873686,14210.8672,2514868
node3.tardis-apia.ldos-ut-pg0.wisc.cloudlab.us,alibabaBlock_262,lruforgive,0.1,14,20,1,3,0.1659,0.81,78873686,14210.8672,2514868
node3.tardis-apia.ldos-ut-pg0.wisc.cloudlab.us,alibabaBlock_262,s3fifo,0.1,14,20,1,1,0.1621,3.25,78873686,14210.8672,2514868
node3.tardis-apia.ldos-ut-pg0.wisc.cloudlab.us,alibabaBlock_262,s3fifo,0.1,14,20,1,2,0.1621,3.24,78873686,14210.8672,2514868
node3.tardis-apia.ldos-ut-pg0.wisc.cloudlab.us,alibabaBlock_262,s3fifo,0.1,14,20,1,3,0.1621,3.28,78873686,14210.8672,2514868
node3.tardis-apia.ldos-ut-pg0.wisc.cloudlab.us,alibabaBlock_262,s3fifoforgive,0.1,14,20,1,1,0.1617,0.89,78873686,14210.8672,2514868
node3.tardis-apia.ldos-ut-pg0.wisc.cloudlab.us,alibabaBlock_262,s3fifoforgive,0.1,14,20,1,2,0.1617,0.87,78873686,14210.8672,2514868
node3.tardis-apia.ldos-ut-pg0.wisc.cloudlab.us,alibabaBlock_262,s3fifoforgive,0.1,14,20,1,3,0.1617,0.87,78873686,14210.8672,2514868
node3.tardis-apia.ldos-ut-pg0.wisc.cloudlab.us,alibabaBlock_263,lru,10,2800,27,1,1,0.0948,1.01,29939902,28002.5088,2583912
node3.tardis-apia.ldos-ut-pg0.wisc.cloudlab.us,alibabaBlock_263,lru,10,2800,27,1,2,0.0948,1.01,29939902,28002.5088,2583912
node3.tardis-apia.ldos-ut-pg0.wisc.cloudlab.us,alibabaBlock_263,lru,10,2800,27,1,3,0.0948,1.01,29939902,28002.5088,2583912
node3.tardis-apia.ldos-ut-pg0.wisc.cloudlab.us,alibabaBlock_263,lruforgive,10,2800,27,1,1,0.0948,0.41,29939902,28002.5088,2583912
node3.tardis-apia.ldos-ut-pg0.wisc.cloudlab.us,alibabaBlock_263,lruforgive,10,2800,27,1,2,0.0948,0.41,29939902,28002.5088,2583912
node3.tardis-apia.ldos-ut-pg0.wisc.cloudlab.us,alibabaBlock_263,lruforgive,10,2800,27,1,3,0.0948,0.41,29939902,28002.5088,2583912
node3.tardis-apia.ldos-ut-pg0.wisc.cloudlab.us,alibabaBlock_263,s3fifo,10,2800,27,1,1,NA,NA,NA,28002.5088,2583912
node3.tardis-apia.ldos-ut-pg0.wisc.cloudlab.us,alibabaBlock_263,s3fifo,10,2800,27,1,2,NA,NA,NA,28002.5088,2583912
node3.tardis-apia.ldos-ut-pg0.wisc.cloudlab.us,alibabaBlock_263,s3fifo,10,2800,27,1,3,NA,NA,NA,28002.5088,2583912
node3.tardis-apia.ldos-ut-pg0.wisc.cloudlab.us,alibabaBlock_263,s3fifoforgive,10,2800,27,1,1,NA,NA,16404525,28002.5088,2583912
node3.tardis-apia.ldos-ut-pg0.wisc.cloudlab.us,alibabaBlock_263,s3fifoforgive,10,2800,27,1,2,0.1064,0.44,29939902,28002.5088,2583912
node3.tardis-apia.ldos-ut-pg0.wisc.cloudlab.us,alibabaBlock_263,s3fifoforgive,10,2800,27,1,3,0.1064,0.44,29939902,28002.5088,2583912
node3.tardis-apia.ldos-ut-pg0.wisc.cloudlab.us,alibabaBlock_263,lru,0.1,28,21,1,1,0.4836,1.45,29939902,28002.5088,2583912
node3.tardis-apia.ldos-ut-pg0.wisc.cloudlab.us,alibabaBlock_263,lru,0.1,28,21,1,2,0.4836,1.49,29939902,28002.5088,2583912
node3.tardis-apia.ldos-ut-pg0.wisc.cloudlab.us,alibabaBlock_263,lru,0.1,28,21,1,3,0.4836,1.50,29939902,28002.5088,2583912
node3.tardis-apia.ldos-ut-pg0.wisc.cloudlab.us,alibabaBlock_263,lruforgive,0.1,28,21,1,1,0.4629,0.76,29939902,28002.5088,2583912
node3.tardis-apia.ldos-ut-pg0.wisc.cloudlab.us,alibabaBlock_263,lruforgive,0.1,28,21,1,2,0.4629,0.75,29939902,28002.5088,2583912
node3.tardis-apia.ldos-ut-pg0.wisc.cloudlab.us,alibabaBlock_263,lruforgive,0.1,28,21,1,3,0.4629,0.76,29939902,28002.5088,2583912
node3.tardis-apia.ldos-ut-pg0.wisc.cloudlab.us,alibabaBlock_263,s3fifo,0.1,28,21,1,1,0.4524,1.62,29939902,28002.5088,2583912
node3.tardis-apia.ldos-ut-pg0.wisc.cloudlab.us,alibabaBlock_263,s3fifo,0.1,28,21,1,2,0.4525,1.62,29939902,28002.5088,2583912
node3.tardis-apia.ldos-ut-pg0.wisc.cloudlab.us,alibabaBlock_263,s3fifo,0.1,28,21,1,3,0.4525,1.61,29939902,28002.5088,2583912
node3.tardis-apia.ldos-ut-pg0.wisc.cloudlab.us,alibabaBlock_263,s3fifoforgive,0.1,28,21,1,1,0.4511,0.88,29939902,28002.5088,2583912
node3.tardis-apia.ldos-ut-pg0.wisc.cloudlab.us,alibabaBlock_263,s3fifoforgive,0.1,28,21,1,2,0.4511,0.87,29939902,28002.5088,2583912
node3.tardis-apia.ldos-ut-pg0.wisc.cloudlab.us,alibabaBlock_263,s3fifoforgive,0.1,28,21,1,3,0.4511,0.88,29939902,28002.5088,2583912
node3.tardis-apia.ldos-ut-pg0.wisc.cloudlab.us,alibabaBlock_264,lru,10,2648,27,1,1,0.1309,0.73,19053075,26483.2,1799035
node3.tardis-apia.ldos-ut-pg0.wisc.cloudlab.us,alibabaBlock_264,lru,10,2648,27,1,2,0.1309,0.73,19053075,26483.2,1799035
node3.tardis-apia.ldos-ut-pg0.wisc.cloudlab.us,alibabaBlock_264,lru,10,2648,27,1,3,0.1309,0.72,19053075,26483.2,1799035
node3.tardis-apia.ldos-ut-pg0.wisc.cloudlab.us,alibabaBlock_264,lruforgive,10,2648,27,1,1,0.1309,0.37,19053075,26483.2,1799035
node3.tardis-apia.ldos-ut-pg0.wisc.cloudlab.us,alibabaBlock_264,lruforgive,10,2648,27,1,2,0.1309,0.37,19053075,26483.2,1799035
node3.tardis-apia.ldos-ut-pg0.wisc.cloudlab.us,alibabaBlock_264,lruforgive,10,2648,27,1,3,0.1309,0.37,19053075,26483.2,1799035
node3.tardis-apia.ldos-ut-pg0.wisc.cloudlab.us,alibabaBlock_264,s3fifo,10,2648,27,1,1,NA,NA,NA,26483.2,1799035
node3.tardis-apia.ldos-ut-pg0.wisc.cloudlab.us,alibabaBlock_264,s3fifo,10,2648,27,1,2,0.1585,0.79,19053075,26483.2,1799035
node3.tardis-apia.ldos-ut-pg0.wisc.cloudlab.us,alibabaBlock_264,s3fifo,10,2648,27,1,3,0.1585,0.78,19053075,26483.2,1799035
node3.tardis-apia.ldos-ut-pg0.wisc.cloudlab.us,alibabaBlock_264,s3fifoforgive,10,2648,27,1,1,0.1579,0.41,19053075,26483.2,1799035
node3.tardis-apia.ldos-ut-pg0.wisc.cloudlab.us,alibabaBlock_264,s3fifoforgive,10,2648,27,1,2,NA,NA,10920923,26483.2,1799035
node3.tardis-apia.ldos-ut-pg0.wisc.cloudlab.us,alibabaBlock_264,s3fifoforgive,10,2648,27,1,3,NA,NA,10920923,26483.2,1799035
node3.tardis-apia.ldos-ut-pg0.wisc.cloudlab.us,alibabaBlock_264,lru,0.1,26,21,1,1,0.4214,1.87,19053075,26483.2,1799035
node3.tardis-apia.ldos-ut-pg0.wisc.cloudlab.us,alibabaBlock_264,lru,0.1,26,21,1,2,0.4214,1.86,19053075,26483.2,1799035
node3.tardis-apia.ldos-ut-pg0.wisc.cloudlab.us,alibabaBlock_264,lru,0.1,26,21,1,3,0.4214,1.88,19053075,26483.2,1799035
node3.tardis-apia.ldos-ut-pg0.wisc.cloudlab.us,alibabaBlock_264,lruforgive,0.1,26,21,1,1,0.3802,0.60,19053075,26483.2,1799035
node3.tardis-apia.ldos-ut-pg0.wisc.cloudlab.us,alibabaBlock_264,lruforgive,0.1,26,21,1,2,0.3802,0.59,19053075,26483.2,1799035
node3.tardis-apia.ldos-ut-pg0.wisc.cloudlab.us,alibabaBlock_264,lruforgive,0.1,26,21,1,3,0.3802,0.58,19053075,26483.2,1799035
node3.tardis-apia.ldos-ut-pg0.wisc.cloudlab.us,alibabaBlock_264,s3fifo,0.1,26,21,1,1,0.3644,2.00,19053075,26483.2,1799035
node3.tardis-apia.ldos-ut-pg0.wisc.cloudlab.us,alibabaBlock_264,s3fifo,0.1,26,21,1,2,0.3644,2.04,19053075,26483.2,1799035
node3.tardis-apia.ldos-ut-pg0.wisc.cloudlab.us,alibabaBlock_264,s3fifo,0.1,26,21,1,3,0.3644,2.04,19053075,26483.2,1799035
node3.tardis-apia.ldos-ut-pg0.wisc.cloudlab.us,alibabaBlock_264,s3fifoforgive,0.1,26,21,1,1,0.3621,0.78,19053075,26483.2,1799035
node3.tardis-apia.ldos-ut-pg0.wisc.cloudlab.us,alibabaBlock_264,s3fifoforgive,0.1,26,21,1,2,0.3621,0.79,19053075,26483.2,1799035
node3.tardis-apia.ldos-ut-pg0.wisc.cloudlab.us,alibabaBlock_264,s3fifoforgive,0.1,26,21,1,3,0.3621,0.77,19053075,26483.2,1799035
node3.tardis-apia.ldos-ut-pg0.wisc.cloudlab.us,alibabaBlock_269,lru,10,2859,27,1,1,0.2985,0.60,10577934,28588.4416,2625943
node3.tardis-apia.ldos-ut-pg0.wisc.cloudlab.us,alibabaBlock_269,lru,10,2859,27,1,2,0.2985,0.60,10577934,28588.4416,2625943
node3.tardis-apia.ldos-ut-pg0.wisc.cloudlab.us,alibabaBlock_269,lru,10,2859,27,1,3,0.2985,0.60,10577934,28588.4416,2625943
node3.tardis-apia.ldos-ut-pg0.wisc.cloudlab.us,alibabaBlock_269,lruforgive,10,2859,27,1,1,0.2982,0.45,10577934,28588.4416,2625943
node3.tardis-apia.ldos-ut-pg0.wisc.cloudlab.us,alibabaBlock_269,lruforgive,10,2859,27,1,2,0.2981,0.45,10577934,28588.4416,2625943
node3.tardis-apia.ldos-ut-pg0.wisc.cloudlab.us,alibabaBlock_269,lruforgive,10,2859,27,1,3,0.2982,0.45,10577934,28588.4416,2625943
node3.tardis-apia.ldos-ut-pg0.wisc.cloudlab.us,alibabaBlock_269,s3fifo,10,2859,27,1,1,0.2949,0.62,10577934,28588.4416,2625943
node3.tardis-apia.ldos-ut-pg0.wisc.cloudlab.us,alibabaBlock_269,s3fifo,10,2859,27,1,2,0.2949,0.62,10577934,28588.4416,2625943
node3.tardis-apia.ldos-ut-pg0.wisc.cloudlab.us,alibabaBlock_269,s3fifo,10,2859,27,1,3,0.2949,0.62,10577934,28588.4416,2625943
node3.tardis-apia.ldos-ut-pg0.wisc.cloudlab.us,alibabaBlock_269,s3fifoforgive,10,2859,27,1,1,0.2944,0.45,10577934,28588.4416,2625943
node3.tardis-apia.ldos-ut-pg0.wisc.cloudlab.us,alibabaBlock_269,s3fifoforgive,10,2859,27,1,2,0.2944,0.45,10577934,28588.4416,2625943
node3.tardis-apia.ldos-ut-pg0.wisc.cloudlab.us,alibabaBlock_269,s3fifoforgive,10,2859,27,1,3,0.2944,0.45,10577934,28588.4416,2625943
node3.tardis-apia.ldos-ut-pg0.wisc.cloudlab.us,alibabaBlock_269,lru,0.1,29,21,1,1,0.6609,3.71,10577934,28588.4416,2625943
node3.tardis-apia.ldos-ut-pg0.wisc.cloudlab.us,alibabaBlock_269,lru,0.1,29,21,1,2,0.6609,3.75,10577934,28588.4416,2625943
node3.tardis-apia.ldos-ut-pg0.wisc.cloudlab.us,alibabaBlock_269,lru,0.1,29,21,1,3,0.6609,3.79,10577934,28588.4416,2625943
node3.tardis-apia.ldos-ut-pg0.wisc.cloudlab.us,alibabaBlock_269,lruforgive,0.1,29,21,1,1,0.6603,2.11,10577934,28588.4416,2625943
node3.tardis-apia.ldos-ut-pg0.wisc.cloudlab.us,alibabaBlock_269,lruforgive,0.1,29,21,1,2,0.6603,2.15,10577934,28588.4416,2625943
node3.tardis-apia.ldos-ut-pg0.wisc.cloudlab.us,alibabaBlock_269,lruforgive,0.1,29,21,1,3,0.6603,2.10,10577934,28588.4416,2625943
node3.tardis-apia.ldos-ut-pg0.wisc.cloudlab.us,alibabaBlock_269,s3fifo,0.1,29,21,1,1,0.6598,4.39,10577934,28588.4416,2625943
node3.tardis-apia.ldos-ut-pg0.wisc.cloudlab.us,alibabaBlock_269,s3fifo,0.1,29,21,1,2,0.6598,4.35,10577934,28588.4416,2625943
node3.tardis-apia.ldos-ut-pg0.wisc.cloudlab.us,alibabaBlock_269,s3fifo,0.1,29,21,1,3,0.6598,4.36,10577934,28588.4416,2625943
node3.tardis-apia.ldos-ut-pg0.wisc.cloudlab.us,alibabaBlock_269,s3fifoforgive,0.1,29,21,1,1,0.6632,2.35,10577934,28588.4416,2625943
node3.tardis-apia.ldos-ut-pg0.wisc.cloudlab.us,alibabaBlock_269,s3fifoforgive,0.1,29,21,1,2,0.6632,2.29,10577934,28588.4416,2625943
node3.tardis-apia.ldos-ut-pg0.wisc.cloudlab.us,alibabaBlock_269,s3fifoforgive,0.1,29,21,1,3,0.6632,2.32,10577934,28588.4416,2625943
node3.tardis-apia.ldos-ut-pg0.wisc.cloudlab.us,alibabaBlock_27,lru,10,37805,27,1,1,0.7338,0.13,14271133,378049.7408,8838749
node3.tardis-apia.ldos-ut-pg0.wisc.cloudlab.us,alibabaBlock_27,lru,10,37805,27,1,2,0.7338,0.13,14271133,378049.7408,8838749
node3.tardis-apia.ldos-ut-pg0.wisc.cloudlab.us,alibabaBlock_27,lru,10,37805,27,1,3,0.7338,0.13,14271133,378049.7408,8838749
node3.tardis-apia.ldos-ut-pg0.wisc.cloudlab.us,alibabaBlock_27,lruforgive,10,37805,27,1,1,0.7335,0.13,14271133,378049.7408,8838749
node3.tardis-apia.ldos-ut-pg0.wisc.cloudlab.us,alibabaBlock_27,lruforgive,10,37805,27,1,2,0.7335,0.13,14271133,378049.7408,8838749
node3.tardis-apia.ldos-ut-pg0.wisc.cloudlab.us,alibabaBlock_27,lruforgive,10,37805,27,1,3,0.7335,0.13,14271133,378049.7408,8838749
node3.tardis-apia.ldos-ut-pg0.wisc.cloudlab.us,alibabaBlock_27,s3fifo,10,37805,27,1,1,0.7345,0.13,14271133,378049.7408,8838749
node3.tardis-apia.ldos-ut-pg0.wisc.cloudlab.us,alibabaBlock_27,s3fifo,10,37805,27,1,2,0.7345,0.13,14271133,378049.7408,8838749
node3.tardis-apia.ldos-ut-pg0.wisc.cloudlab.us,alibabaBlock_27,s3fifo,10,37805,27,1,3,0.7345,0.13,14271133,378049.7408,8838749
node3.tardis-apia.ldos-ut-pg0.wisc.cloudlab.us,alibabaBlock_27,s3fifoforgive,10,37805,27,1,1,0.7345,0.12,14271133,378049.7408,8838749
node3.tardis-apia.ldos-ut-pg0.wisc.cloudlab.us,alibabaBlock_27,s3fifoforgive,10,37805,27,1,2,0.7345,0.12,14271133,378049.7408,8838749
node3.tardis-apia.ldos-ut-pg0.wisc.cloudlab.us,alibabaBlock_27,s3fifoforgive,10,37805,27,1,3,0.7345,0.12,14271133,378049.7408,8838749
node3.tardis-apia.ldos-ut-pg0.wisc.cloudlab.us,alibabaBlock_27,lru,0.1,378,25,1,1,0.8174,0.21,14271133,378049.7408,8838749
node3.tardis-apia.ldos-ut-pg0.wisc.cloudlab.us,alibabaBlock_27,lru,0.1,378,25,1,2,0.8174,0.21,14271133,378049.7408,8838749
node3.tardis-apia.ldos-ut-pg0.wisc.cloudlab.us,alibabaBlock_27,lru,0.1,378,25,1,3,0.8174,0.21,14271133,378049.7408,8838749
node3.tardis-apia.ldos-ut-pg0.wisc.cloudlab.us,alibabaBlock_27,lruforgive,0.1,378,25,1,1,0.8171,0.20,14271133,378049.7408,8838749
node3.tardis-apia.ldos-ut-pg0.wisc.cloudlab.us,alibabaBlock_27,lruforgive,0.1,378,25,1,2,0.8171,0.20,14271133,378049.7408,8838749
node3.tardis-apia.ldos-ut-pg0.wisc.cloudlab.us,alibabaBlock_27,lruforgive,0.1,378,25,1,3,0.8171,0.20,14271133,378049.7408,8838749
node3.tardis-apia.ldos-ut-pg0.wisc.cloudlab.us,alibabaBlock_27,s3fifo,0.1,378,25,1,1,0.8202,0.23,14271133,378049.7408,8838749
node3.tardis-apia.ldos-ut-pg0.wisc.cloudlab.us,alibabaBlock_27,s3fifo,0.1,378,25,1,2,0.8201,0.23,14271133,378049.7408,8838749
node3.tardis-apia.ldos-ut-pg0.wisc.cloudlab.us,alibabaBlock_27,s3fifo,0.1,378,25,1,3,0.8202,0.23,14271133,378049.7408,8838749
node3.tardis-apia.ldos-ut-pg0.wisc.cloudlab.us,alibabaBlock_27,s3fifoforgive,0.1,378,25,1,1,0.8201,0.22,14271133,378049.7408,8838749
node3.tardis-apia.ldos-ut-pg0.wisc.cloudlab.us,alibabaBlock_27,s3fifoforgive,0.1,378,25,1,2,0.8200,0.22,14271133,378049.7408,8838749
node3.tardis-apia.ldos-ut-pg0.wisc.cloudlab.us,alibabaBlock_27,s3fifoforgive,0.1,378,25,1,3,0.8200,0.22,14271133,378049.7408,8838749
node3.tardis-apia.ldos-ut-pg0.wisc.cloudlab.us,alibabaBlock_273,lru,10,758,26,1,1,0.1981,0.84,11839436,7581.184,1223837
node3.tardis-apia.ldos-ut-pg0.wisc.cloudlab.us,alibabaBlock_273,lru,10,758,26,1,2,0.1981,0.84,11839436,7581.184,1223837
node3.tardis-apia.ldos-ut-pg0.wisc.cloudlab.us,alibabaBlock_273,lru,10,758,26,1,3,0.1981,0.84,11839436,7581.184,1223837
node3.tardis-apia.ldos-ut-pg0.wisc.cloudlab.us,alibabaBlock_273,lruforgive,10,758,26,1,1,0.1979,0.41,11839436,7581.184,1223837
node3.tardis-apia.ldos-ut-pg0.wisc.cloudlab.us,alibabaBlock_273,lruforgive,10,758,26,1,2,0.1979,0.41,11839436,7581.184,1223837
node3.tardis-apia.ldos-ut-pg0.wisc.cloudlab.us,alibabaBlock_273,lruforgive,10,758,26,1,3,0.1979,0.41,11839436,7581.184,1223837
node3.tardis-apia.ldos-ut-pg0.wisc.cloudlab.us,alibabaBlock_273,s3fifo,10,758,26,1,1,0.2313,0.93,11839436,7581.184,1223837
node3.tardis-apia.ldos-ut-pg0.wisc.cloudlab.us,alibabaBlock_273,s3fifo,10,758,26,1,2,0.2313,0.92,11839436,7581.184,1223837
node3.tardis-apia.ldos-ut-pg0.wisc.cloudlab.us,alibabaBlock_273,s3fifo,10,758,26,1,3,0.2313,0.92,11839436,7581.184,1223837
node3.tardis-apia.ldos-ut-pg0.wisc.cloudlab.us,alibabaBlock_273,s3fifoforgive,10,758,26,1,1,0.2310,0.46,11839436,7581.184,1223837
node3.tardis-apia.ldos-ut-pg0.wisc.cloudlab.us,alibabaBlock_273,s3fifoforgive,10,758,26,1,2,0.2310,0.46,11839436,7581.184,1223837
node3.tardis-apia.ldos-ut-pg0.wisc.cloudlab.us,alibabaBlock_273,s3fifoforgive,10,758,26,1,3,0.2311,0.47,11839436,7581.184,1223837
node3.tardis-apia.ldos-ut-pg0.wisc.cloudlab.us,alibabaBlock_273,lru,0.1,8,19,1,1,0.6032,2.06,11839436,7581.184,1223837
node3.tardis-apia.ldos-ut-pg0.wisc.cloudlab.us,alibabaBlock_273,lru,0.1,8,19,1,2,0.6032,2.07,11839436,7581.184,1223837
node3.tardis-apia.ldos-ut-pg0.wisc.cloudlab.us,alibabaBlock_273,lru,0.1,8,19,1,3,0.6032,2.08,11839436,7581.184,1223837
node3.tardis-apia.ldos-ut-pg0.wisc.cloudlab.us,alibabaBlock_273,lruforgive,0.1,8,19,1,1,0.5988,1.16,11839436,7581.184,1223837
node3.tardis-apia.ldos-ut-pg0.wisc.cloudlab.us,alibabaBlock_273,lruforgive,0.1,8,19,1,2,0.5988,1.17,11839436,7581.184,1223837
node3.tardis-apia.ldos-ut-pg0.wisc.cloudlab.us,alibabaBlock_273,lruforgive,0.1,8,19,1,3,0.5988,1.16,11839436,7581.184,1223837
node3.tardis-apia.ldos-ut-pg0.wisc.cloudlab.us,alibabaBlock_273,s3fifo,0.1,8,19,1,1,NA,NA,NA,7581.184,1223837
node3.tardis-apia.ldos-ut-pg0.wisc.cloudlab.us,alibabaBlock_273,s3fifo,0.1,8,19,1,2,NA,NA,NA,7581.184,1223837
node3.tardis-apia.ldos-ut-pg0.wisc.cloudlab.us,alibabaBlock_273,s3fifo,0.1,8,19,1,3,NA,NA,NA,7581.184,1223837
node3.tardis-apia.ldos-ut-pg0.wisc.cloudlab.us,alibabaBlock_273,s3fifoforgive,0.1,8,19,1,1,0.5818,1.26,11839436,7581.184,1223837
node3.tardis-apia.ldos-ut-pg0.wisc.cloudlab.us,alibabaBlock_273,s3fifoforgive,0.1,8,19,1,2,0.5818,1.26,11839436,7581.184,1223837
node3.tardis-apia.ldos-ut-pg0.wisc.cloudlab.us,alibabaBlock_273,s3fifoforgive,0.1,8,19,1,3,0.5818,1.26,11839436,7581.184,1223837
node3.tardis-apia.ldos-ut-pg0.wisc.cloudlab.us,alibabaBlock_275,lru,10,239807,27,1,1,NA_TOOBIG,NA,NA,2398070.272,6228930
node3.tardis-apia.ldos-ut-pg0.wisc.cloudlab.us,alibabaBlock_275,lru,10,239807,27,1,2,NA_TOOBIG,NA,NA,2398070.272,6228930
node3.tardis-apia.ldos-ut-pg0.wisc.cloudlab.us,alibabaBlock_275,lru,10,239807,27,1,3,NA_TOOBIG,NA,NA,2398070.272,6228930
node3.tardis-apia.ldos-ut-pg0.wisc.cloudlab.us,alibabaBlock_275,lruforgive,10,239807,27,1,1,NA_TOOBIG,NA,NA,2398070.272,6228930
node3.tardis-apia.ldos-ut-pg0.wisc.cloudlab.us,alibabaBlock_275,lruforgive,10,239807,27,1,2,NA_TOOBIG,NA,NA,2398070.272,6228930
node3.tardis-apia.ldos-ut-pg0.wisc.cloudlab.us,alibabaBlock_275,lruforgive,10,239807,27,1,3,NA_TOOBIG,NA,NA,2398070.272,6228930
node3.tardis-apia.ldos-ut-pg0.wisc.cloudlab.us,alibabaBlock_275,s3fifo,10,239807,27,1,1,NA_TOOBIG,NA,NA,2398070.272,6228930
node3.tardis-apia.ldos-ut-pg0.wisc.cloudlab.us,alibabaBlock_275,s3fifo,10,239807,27,1,2,NA_TOOBIG,NA,NA,2398070.272,6228930
node3.tardis-apia.ldos-ut-pg0.wisc.cloudlab.us,alibabaBlock_275,s3fifo,10,239807,27,1,3,NA_TOOBIG,NA,NA,2398070.272,6228930
node3.tardis-apia.ldos-ut-pg0.wisc.cloudlab.us,alibabaBlock_275,s3fifoforgive,10,239807,27,1,1,NA_TOOBIG,NA,NA,2398070.272,6228930
node3.tardis-apia.ldos-ut-pg0.wisc.cloudlab.us,alibabaBlock_275,s3fifoforgive,10,239807,27,1,2,NA_TOOBIG,NA,NA,2398070.272,6228930
node3.tardis-apia.ldos-ut-pg0.wisc.cloudlab.us,alibabaBlock_275,s3fifoforgive,10,239807,27,1,3,NA_TOOBIG,NA,NA,2398070.272,6228930
node3.tardis-apia.ldos-ut-pg0.wisc.cloudlab.us,alibabaBlock_275,lru,0.1,2398,27,1,1,0.9613,0.02,13806344,2398070.272,6228930
node3.tardis-apia.ldos-ut-pg0.wisc.cloudlab.us,alibabaBlock_275,lru,0.1,2398,27,1,2,0.9613,0.02,13806344,2398070.272,6228930
node3.tardis-apia.ldos-ut-pg0.wisc.cloudlab.us,alibabaBlock_275,lru,0.1,2398,27,1,3,0.9613,0.02,13806344,2398070.272,6228930
node3.tardis-apia.ldos-ut-pg0.wisc.cloudlab.us,alibabaBlock_275,lruforgive,0.1,2398,27,1,1,0.9604,0.02,13806344,2398070.272,6228930
node3.tardis-apia.ldos-ut-pg0.wisc.cloudlab.us,alibabaBlock_275,lruforgive,0.1,2398,27,1,2,0.9604,0.02,13806344,2398070.272,6228930
node3.tardis-apia.ldos-ut-pg0.wisc.cloudlab.us,alibabaBlock_275,lruforgive,0.1,2398,27,1,3,0.9604,0.02,13806344,2398070.272,6228930
node3.tardis-apia.ldos-ut-pg0.wisc.cloudlab.us,alibabaBlock_275,s3fifo,0.1,2398,27,1,1,0.9573,0.02,13806344,2398070.272,6228930
