node,trace,policy,cache_pct,size_mb,hp,threads,rep,miss,tp,requests,footprint_mb,n_objects
node7.tardis-apia.ldos-ut-pg0.wisc.cloudlab.us,cluster1,lru,10,1,16,1,1,NA,NA,NA,1.2288,12393
node7.tardis-apia.ldos-ut-pg0.wisc.cloudlab.us,cluster1,lru,10,1,16,1,2,NA,NA,NA,1.2288,12393
node7.tardis-apia.ldos-ut-pg0.wisc.cloudlab.us,cluster1,lru,10,1,16,1,3,NA,NA,NA,1.2288,12393
node7.tardis-apia.ldos-ut-pg0.wisc.cloudlab.us,cluster1,lruforgive,10,1,16,1,1,NA,NA,NA,1.2288,12393
node7.tardis-apia.ldos-ut-pg0.wisc.cloudlab.us,cluster1,lruforgive,10,1,16,1,2,NA,NA,NA,1.2288,12393
node7.tardis-apia.ldos-ut-pg0.wisc.cloudlab.us,cluster1,lruforgive,10,1,16,1,3,NA,NA,NA,1.2288,12393
node7.tardis-apia.ldos-ut-pg0.wisc.cloudlab.us,cluster1,s3fifo,10,1,16,1,1,NA,NA,NA,1.2288,12393
node7.tardis-apia.ldos-ut-pg0.wisc.cloudlab.us,cluster1,s3fifo,10,1,16,1,2,NA,NA,NA,1.2288,12393
node7.tardis-apia.ldos-ut-pg0.wisc.cloudlab.us,cluster1,s3fifo,10,1,16,1,3,NA,NA,NA,1.2288,12393
node7.tardis-apia.ldos-ut-pg0.wisc.cloudlab.us,cluster1,s3fifoforgive,10,1,16,1,1,NA,NA,NA,1.2288,12393
node7.tardis-apia.ldos-ut-pg0.wisc.cloudlab.us,cluster1,s3fifoforgive,10,1,16,1,2,NA,NA,NA,1.2288,12393
node7.tardis-apia.ldos-ut-pg0.wisc.cloudlab.us,cluster1,s3fifoforgive,10,1,16,1,3,NA,NA,NA,1.2288,12393
node7.tardis-apia.ldos-ut-pg0.wisc.cloudlab.us,cluster10,lru,10,15,20,1,1,0.4999,2.64,13916364,146.0224,6956791
node7.tardis-apia.ldos-ut-pg0.wisc.cloudlab.us,cluster10,lru,10,15,20,1,2,0.4999,2.62,13916364,146.0224,6956791
node7.tardis-apia.ldos-ut-pg0.wisc.cloudlab.us,cluster10,lru,10,15,20,1,3,0.4999,2.63,13916364,146.0224,6956791
node7.tardis-apia.ldos-ut-pg0.wisc.cloudlab.us,cluster10,lruforgive,10,15,20,1,1,0.4999,1.09,13916364,146.0224,6956791
node7.tardis-apia.ldos-ut-pg0.wisc.cloudlab.us,cluster10,lruforgive,10,15,20,1,2,0.4999,1.09,13916364,146.0224,6956791
node7.tardis-apia.ldos-ut-pg0.wisc.cloudlab.us,cluster10,lruforgive,10,15,20,1,3,0.4999,1.09,13916364,146.0224,6956791
node7.tardis-apia.ldos-ut-pg0.wisc.cloudlab.us,cluster10,s3fifo,10,15,20,1,1,0.4999,2.49,13916364,146.0224,6956791
node7.tardis-apia.ldos-ut-pg0.wisc.cloudlab.us,cluster10,s3fifo,10,15,20,1,2,0.4999,2.48,13916364,146.0224,6956791
node7.tardis-apia.ldos-ut-pg0.wisc.cloudlab.us,cluster10,s3fifo,10,15,20,1,3,0.4999,2.48,13916364,146.0224,6956791
node7.tardis-apia.ldos-ut-pg0.wisc.cloudlab.us,cluster10,s3fifoforgive,10,15,20,1,1,0.4999,1.19,13916364,146.0224,6956791
node7.tardis-apia.ldos-ut-pg0.wisc.cloudlab.us,cluster10,s3fifoforgive,10,15,20,1,2,0.4999,1.17,13916364,146.0224,6956791
node7.tardis-apia.ldos-ut-pg0.wisc.cloudlab.us,cluster10,s3fifoforgive,10,15,20,1,3,0.4999,1.19,13916364,146.0224,6956791
node7.tardis-apia.ldos-ut-pg0.wisc.cloudlab.us,cluster10,lru,0.1,1,16,1,1,NA,NA,NA,146.0224,6956791
node7.tardis-apia.ldos-ut-pg0.wisc.cloudlab.us,cluster10,lru,0.1,1,16,1,2,NA,NA,NA,146.0224,6956791
node7.tardis-apia.ldos-ut-pg0.wisc.cloudlab.us,cluster10,lru,0.1,1,16,1,3,NA,NA,NA,146.0224,6956791
node7.tardis-apia.ldos-ut-pg0.wisc.cloudlab.us,cluster10,lruforgive,0.1,1,16,1,1,NA,NA,NA,146.0224,6956791
node7.tardis-apia.ldos-ut-pg0.wisc.cloudlab.us,cluster10,lruforgive,0.1,1,16,1,2,NA,NA,NA,146.0224,6956791
node7.tardis-apia.ldos-ut-pg0.wisc.cloudlab.us,cluster10,lruforgive,0.1,1,16,1,3,NA,NA,NA,146.0224,6956791
node7.tardis-apia.ldos-ut-pg0.wisc.cloudlab.us,cluster10,s3fifo,0.1,1,16,1,1,NA,NA,NA,146.0224,6956791
node7.tardis-apia.ldos-ut-pg0.wisc.cloudlab.us,cluster10,s3fifo,0.1,1,16,1,2,NA,NA,NA,146.0224,6956791
node7.tardis-apia.ldos-ut-pg0.wisc.cloudlab.us,cluster10,s3fifo,0.1,1,16,1,3,NA,NA,NA,146.0224,6956791
node7.tardis-apia.ldos-ut-pg0.wisc.cloudlab.us,cluster10,s3fifoforgive,0.1,1,16,1,1,NA,NA,NA,146.0224,6956791
node7.tardis-apia.ldos-ut-pg0.wisc.cloudlab.us,cluster10,s3fifoforgive,0.1,1,16,1,2,NA,NA,NA,146.0224,6956791
node7.tardis-apia.ldos-ut-pg0.wisc.cloudlab.us,cluster10,s3fifoforgive,0.1,1,16,1,3,NA,NA,NA,146.0224,6956791
node7.tardis-apia.ldos-ut-pg0.wisc.cloudlab.us,cluster11,lru,10,41,21,1,1,0.3256,2.34,272048217,405.2992,2661010
node7.tardis-apia.ldos-ut-pg0.wisc.cloudlab.us,cluster11,lru,10,41,21,1,2,0.3256,2.35,272048217,405.2992,2661010
node7.tardis-apia.ldos-ut-pg0.wisc.cloudlab.us,cluster11,lru,10,41,21,1,3,0.3256,2.33,272048217,405.2992,2661010
node7.tardis-apia.ldos-ut-pg0.wisc.cloudlab.us,cluster11,lruforgive,10,41,21,1,1,0.3253,0.88,272048217,405.2992,2661010
node7.tardis-apia.ldos-ut-pg0.wisc.cloudlab.us,cluster11,lruforgive,10,41,21,1,2,0.3253,0.90,272048217,405.2992,2661010
node7.tardis-apia.ldos-ut-pg0.wisc.cloudlab.us,cluster11,lruforgive,10,41,21,1,3,0.3253,0.90,272048217,405.2992,2661010
node7.tardis-apia.ldos-ut-pg0.wisc.cloudlab.us,cluster11,s3fifo,10,41,21,1,1,0.2822,2.69,272048217,405.2992,2661010
node7.tardis-apia.ldos-ut-pg0.wisc.cloudlab.us,cluster11,s3fifo,10,41,21,1,2,0.2822,2.69,272048217,405.2992,2661010
node7.tardis-apia.ldos-ut-pg0.wisc.cloudlab.us,cluster11,s3fifo,10,41,21,1,3,0.2822,2.68,272048217,405.2992,2661010
node7.tardis-apia.ldos-ut-pg0.wisc.cloudlab.us,cluster11,s3fifoforgive,10,41,21,1,1,0.2822,0.96,272048217,405.2992,2661010
node7.tardis-apia.ldos-ut-pg0.wisc.cloudlab.us,cluster11,s3fifoforgive,10,41,21,1,2,0.2822,0.96,272048217,405.2992,2661010
node7.tardis-apia.ldos-ut-pg0.wisc.cloudlab.us,cluster11,s3fifoforgive,10,41,21,1,3,0.2822,0.96,272048217,405.2992,2661010
node7.tardis-apia.ldos-ut-pg0.wisc.cloudlab.us,cluster11,lru,0.1,1,16,1,1,NA,NA,NA,405.2992,2661010
node7.tardis-apia.ldos-ut-pg0.wisc.cloudlab.us,cluster11,lru,0.1,1,16,1,2,NA,NA,NA,405.2992,2661010
node7.tardis-apia.ldos-ut-pg0.wisc.cloudlab.us,cluster11,lru,0.1,1,16,1,3,NA,NA,NA,405.2992,2661010
node7.tardis-apia.ldos-ut-pg0.wisc.cloudlab.us,cluster11,lruforgive,0.1,1,16,1,1,NA,NA,NA,405.2992,2661010
node7.tardis-apia.ldos-ut-pg0.wisc.cloudlab.us,cluster11,lruforgive,0.1,1,16,1,2,NA,NA,NA,405.2992,2661010
node7.tardis-apia.ldos-ut-pg0.wisc.cloudlab.us,cluster11,lruforgive,0.1,1,16,1,3,NA,NA,NA,405.2992,2661010
node7.tardis-apia.ldos-ut-pg0.wisc.cloudlab.us,cluster11,s3fifo,0.1,1,16,1,1,NA,NA,NA,405.2992,2661010
node7.tardis-apia.ldos-ut-pg0.wisc.cloudlab.us,cluster11,s3fifo,0.1,1,16,1,2,NA,NA,NA,405.2992,2661010
node7.tardis-apia.ldos-ut-pg0.wisc.cloudlab.us,cluster11,s3fifo,0.1,1,16,1,3,NA,NA,NA,405.2992,2661010
node7.tardis-apia.ldos-ut-pg0.wisc.cloudlab.us,cluster11,s3fifoforgive,0.1,1,16,1,1,NA,NA,NA,405.2992,2661010
node7.tardis-apia.ldos-ut-pg0.wisc.cloudlab.us,cluster11,s3fifoforgive,0.1,1,16,1,2,NA,NA,NA,405.2992,2661010
node7.tardis-apia.ldos-ut-pg0.wisc.cloudlab.us,cluster11,s3fifoforgive,0.1,1,16,1,3,NA,NA,NA,405.2992,2661010
node7.tardis-apia.ldos-ut-pg0.wisc.cloudlab.us,cluster12,lru,10,21272,27,1,1,0.7875,1.05,264985046,212719.2064,209477915
node7.tardis-apia.ldos-ut-pg0.wisc.cloudlab.us,cluster12,lru,10,21272,27,1,2,0.7875,1.05,264985046,212719.2064,209477915
node7.tardis-apia.ldos-ut-pg0.wisc.cloudlab.us,cluster12,lru,10,21272,27,1,3,0.7875,0.99,264985046,212719.2064,209477915
node7.tardis-apia.ldos-ut-pg0.wisc.cloudlab.us,cluster12,lruforgive,10,21272,27,1,1,0.7875,0.60,264985046,212719.2064,209477915
node7.tardis-apia.ldos-ut-pg0.wisc.cloudlab.us,cluster12,lruforgive,10,21272,27,1,2,0.7875,0.60,264985046,212719.2064,209477915
node7.tardis-apia.ldos-ut-pg0.wisc.cloudlab.us,cluster12,lruforgive,10,21272,27,1,3,0.7875,0.60,264985046,212719.2064,209477915
node7.tardis-apia.ldos-ut-pg0.wisc.cloudlab.us,cluster12,s3fifo,10,21272,27,1,1,0.7875,0.86,264985046,212719.2064,209477915
node7.tardis-apia.ldos-ut-pg0.wisc.cloudlab.us,cluster12,s3fifo,10,21272,27,1,2,0.7875,0.85,264985046,212719.2064,209477915
node7.tardis-apia.ldos-ut-pg0.wisc.cloudlab.us,cluster12,s3fifo,10,21272,27,1,3,0.7875,0.84,264985046,212719.2064,209477915
node7.tardis-apia.ldos-ut-pg0.wisc.cloudlab.us,cluster12,s3fifoforgive,10,21272,27,1,1,0.7875,0.56,264985046,212719.2064,209477915
node7.tardis-apia.ldos-ut-pg0.wisc.cloudlab.us,cluster12,s3fifoforgive,10,21272,27,1,2,0.7875,0.56,264985046,212719.2064,209477915
node7.tardis-apia.ldos-ut-pg0.wisc.cloudlab.us,cluster12,s3fifoforgive,10,21272,27,1,3,0.7875,0.56,264985046,212719.2064,209477915
node7.tardis-apia.ldos-ut-pg0.wisc.cloudlab.us,cluster12,lru,0.1,213,24,1,1,0.7909,1.16,264985046,212719.2064,209477915
node7.tardis-apia.ldos-ut-pg0.wisc.cloudlab.us,cluster12,lru,0.1,213,24,1,2,0.7909,1.16,264985046,212719.2064,209477915
node7.tardis-apia.ldos-ut-pg0.wisc.cloudlab.us,cluster12,lru,0.1,213,24,1,3,0.7909,1.17,264985046,212719.2064,209477915
node7.tardis-apia.ldos-ut-pg0.wisc.cloudlab.us,cluster12,lruforgive,0.1,213,24,1,1,0.7909,0.70,264985046,212719.2064,209477915
node7.tardis-apia.ldos-ut-pg0.wisc.cloudlab.us,cluster12,lruforgive,0.1,213,24,1,2,0.7909,0.70,264985046,212719.2064,209477915
node7.tardis-apia.ldos-ut-pg0.wisc.cloudlab.us,cluster12,lruforgive,0.1,213,24,1,3,0.7909,0.70,264985046,212719.2064,209477915
node7.tardis-apia.ldos-ut-pg0.wisc.cloudlab.us,cluster12,s3fifo,0.1,213,24,1,1,0.7983,1.38,264985046,212719.2064,209477915
node7.tardis-apia.ldos-ut-pg0.wisc.cloudlab.us,cluster12,s3fifo,0.1,213,24,1,2,0.7982,1.39,264985046,212719.2064,209477915
node7.tardis-apia.ldos-ut-pg0.wisc.cloudlab.us,cluster12,s3fifo,0.1,213,24,1,3,0.7982,1.38,264985046,212719.2064,209477915
node7.tardis-apia.ldos-ut-pg0.wisc.cloudlab.us,cluster12,s3fifoforgive,0.1,213,24,1,1,0.7983,0.81,264985046,212719.2064,209477915
node7.tardis-apia.ldos-ut-pg0.wisc.cloudlab.us,cluster12,s3fifoforgive,0.1,213,24,1,2,0.7982,0.82,264985046,212719.2064,209477915
node7.tardis-apia.ldos-ut-pg0.wisc.cloudlab.us,cluster12,s3fifoforgive,0.1,213,24,1,3,0.7982,0.82,264985046,212719.2064,209477915
node7.tardis-apia.ldos-ut-pg0.wisc.cloudlab.us,cluster13,lru,10,14373,27,1,1,0.6273,0.85,82546106,143725.9776,51828191
node7.tardis-apia.ldos-ut-pg0.wisc.cloudlab.us,cluster13,lru,10,14373,27,1,2,0.6273,0.87,82546106,143725.9776,51828191
node7.tardis-apia.ldos-ut-pg0.wisc.cloudlab.us,cluster13,lru,10,14373,27,1,3,0.6273,0.85,82546106,143725.9776,51828191
node7.tardis-apia.ldos-ut-pg0.wisc.cloudlab.us,cluster13,lruforgive,10,14373,27,1,1,0.6273,0.50,82546106,143725.9776,51828191
node7.tardis-apia.ldos-ut-pg0.wisc.cloudlab.us,cluster13,lruforgive,10,14373,27,1,2,0.6273,0.49,82546106,143725.9776,51828191
node7.tardis-apia.ldos-ut-pg0.wisc.cloudlab.us,cluster13,lruforgive,10,14373,27,1,3,0.6273,0.50,82546106,143725.9776,51828191
node7.tardis-apia.ldos-ut-pg0.wisc.cloudlab.us,cluster13,s3fifo,10,14373,27,1,1,0.6273,0.83,82546106,143725.9776,51828191
node7.tardis-apia.ldos-ut-pg0.wisc.cloudlab.us,cluster13,s3fifo,10,14373,27,1,2,0.6273,0.83,82546106,143725.9776,51828191
node7.tardis-apia.ldos-ut-pg0.wisc.cloudlab.us,cluster13,s3fifo,10,14373,27,1,3,0.6273,0.83,82546106,143725.9776,51828191
node7.tardis-apia.ldos-ut-pg0.wisc.cloudlab.us,cluster13,s3fifoforgive,10,14373,27,1,1,0.6273,0.51,82546106,143725.9776,51828191
node7.tardis-apia.ldos-ut-pg0.wisc.cloudlab.us,cluster13,s3fifoforgive,10,14373,27,1,2,0.6273,0.51,82546106,143725.9776,51828191
node7.tardis-apia.ldos-ut-pg0.wisc.cloudlab.us,cluster13,s3fifoforgive,10,14373,27,1,3,0.6273,0.51,82546106,143725.9776,51828191
node7.tardis-apia.ldos-ut-pg0.wisc.cloudlab.us,cluster13,lru,0.1,144,23,1,1,0.6281,1.13,82546106,143725.9776,51828191
node7.tardis-apia.ldos-ut-pg0.wisc.cloudlab.us,cluster13,lru,0.1,144,23,1,2,0.6281,1.13,82546106,143725.9776,51828191
node7.tardis-apia.ldos-ut-pg0.wisc.cloudlab.us,cluster13,lru,0.1,144,23,1,3,0.6281,1.06,82546106,143725.9776,51828191
node7.tardis-apia.ldos-ut-pg0.wisc.cloudlab.us,cluster13,lruforgive,0.1,144,23,1,1,0.6281,0.57,82546106,143725.9776,51828191
node7.tardis-apia.ldos-ut-pg0.wisc.cloudlab.us,cluster13,lruforgive,0.1,144,23,1,2,0.6281,0.58,82546106,143725.9776,51828191
node7.tardis-apia.ldos-ut-pg0.wisc.cloudlab.us,cluster13,lruforgive,0.1,144,23,1,3,0.6281,0.58,82546106,143725.9776,51828191
node7.tardis-apia.ldos-ut-pg0.wisc.cloudlab.us,cluster13,s3fifo,0.1,144,23,1,1,0.6301,1.40,82546106,143725.9776,51828191
node7.tardis-apia.ldos-ut-pg0.wisc.cloudlab.us,cluster13,s3fifo,0.1,144,23,1,2,0.6301,1.39,82546106,143725.9776,51828191
node7.tardis-apia.ldos-ut-pg0.wisc.cloudlab.us,cluster13,s3fifo,0.1,144,23,1,3,0.6301,1.39,82546106,143725.9776,51828191
node7.tardis-apia.ldos-ut-pg0.wisc.cloudlab.us,cluster13,s3fifoforgive,0.1,144,23,1,1,0.6301,0.72,82546106,143725.9776,51828191
node7.tardis-apia.ldos-ut-pg0.wisc.cloudlab.us,cluster13,s3fifoforgive,0.1,144,23,1,2,0.6301,0.72,82546106,143725.9776,51828191
node7.tardis-apia.ldos-ut-pg0.wisc.cloudlab.us,cluster13,s3fifoforgive,0.1,144,23,1,3,0.6301,0.74,82546106,143725.9776,51828191
node7.tardis-apia.ldos-ut-pg0.wisc.cloudlab.us,cluster14,lru,10,67,22,1,1,0.2235,3.03,310715659,671.4368,6943992
node7.tardis-apia.ldos-ut-pg0.wisc.cloudlab.us,cluster14,lru,10,67,22,1,2,0.2235,3.01,310715659,671.4368,6943992
node7.tardis-apia.ldos-ut-pg0.wisc.cloudlab.us,cluster14,lru,10,67,22,1,3,0.2235,3.01,310715659,671.4368,6943992
node7.tardis-apia.ldos-ut-pg0.wisc.cloudlab.us,cluster14,lruforgive,10,67,22,1,1,0.2235,0.87,310715659,671.4368,6943992
node7.tardis-apia.ldos-ut-pg0.wisc.cloudlab.us,cluster14,lruforgive,10,67,22,1,2,0.2235,0.88,310715659,671.4368,6943992
node7.tardis-apia.ldos-ut-pg0.wisc.cloudlab.us,cluster14,lruforgive,10,67,22,1,3,0.2235,0.88,310715659,671.4368,6943992
node7.tardis-apia.ldos-ut-pg0.wisc.cloudlab.us,cluster14,s3fifo,10,67,22,1,1,0.1915,3.01,310715659,671.4368,6943992
node7.tardis-apia.ldos-ut-pg0.wisc.cloudlab.us,cluster14,s3fifo,10,67,22,1,2,0.1915,3.00,310715659,671.4368,6943992
node7.tardis-apia.ldos-ut-pg0.wisc.cloudlab.us,cluster14,s3fifo,10,67,22,1,3,0.1915,3.02,310715659,671.4368,6943992
node7.tardis-apia.ldos-ut-pg0.wisc.cloudlab.us,cluster14,s3fifoforgive,10,67,22,1,1,0.1915,0.90,310715659,671.4368,6943992
node7.tardis-apia.ldos-ut-pg0.wisc.cloudlab.us,cluster14,s3fifoforgive,10,67,22,1,2,0.1915,0.90,310715659,671.4368,6943992
node7.tardis-apia.ldos-ut-pg0.wisc.cloudlab.us,cluster14,s3fifoforgive,10,67,22,1,3,0.1915,0.89,310715659,671.4368,6943992
node7.tardis-apia.ldos-ut-pg0.wisc.cloudlab.us,cluster14,lru,0.1,1,16,1,1,NA,NA,NA,671.4368,6943992
node7.tardis-apia.ldos-ut-pg0.wisc.cloudlab.us,cluster14,lru,0.1,1,16,1,2,NA,NA,NA,671.4368,6943992
node7.tardis-apia.ldos-ut-pg0.wisc.cloudlab.us,cluster14,lru,0.1,1,16,1,3,NA,NA,NA,671.4368,6943992
node7.tardis-apia.ldos-ut-pg0.wisc.cloudlab.us,cluster14,lruforgive,0.1,1,16,1,1,NA,NA,NA,671.4368,6943992
node7.tardis-apia.ldos-ut-pg0.wisc.cloudlab.us,cluster14,lruforgive,0.1,1,16,1,2,NA,NA,NA,671.4368,6943992
node7.tardis-apia.ldos-ut-pg0.wisc.cloudlab.us,cluster14,lruforgive,0.1,1,16,1,3,NA,NA,NA,671.4368,6943992
node7.tardis-apia.ldos-ut-pg0.wisc.cloudlab.us,cluster14,s3fifo,0.1,1,16,1,1,NA,NA,NA,671.4368,6943992
node7.tardis-apia.ldos-ut-pg0.wisc.cloudlab.us,cluster14,s3fifo,0.1,1,16,1,2,NA,NA,NA,671.4368,6943992
node7.tardis-apia.ldos-ut-pg0.wisc.cloudlab.us,cluster14,s3fifo,0.1,1,16,1,3,NA,NA,NA,671.4368,6943992
node7.tardis-apia.ldos-ut-pg0.wisc.cloudlab.us,cluster14,s3fifoforgive,0.1,1,16,1,1,NA,NA,NA,671.4368,6943992
node7.tardis-apia.ldos-ut-pg0.wisc.cloudlab.us,cluster14,s3fifoforgive,0.1,1,16,1,2,NA,NA,NA,671.4368,6943992
node7.tardis-apia.ldos-ut-pg0.wisc.cloudlab.us,cluster14,s3fifoforgive,0.1,1,16,1,3,NA,NA,NA,671.4368,6943992
node7.tardis-apia.ldos-ut-pg0.wisc.cloudlab.us,cluster15,lru,10,5986,27,1,1,0.9839,1.20,526407308,59856.2816,521766236
node7.tardis-apia.ldos-ut-pg0.wisc.cloudlab.us,cluster15,lru,10,5986,27,1,2,0.9839,1.18,526407308,59856.2816,521766236
node7.tardis-apia.ldos-ut-pg0.wisc.cloudlab.us,cluster15,lru,10,5986,27,1,3,0.9839,1.19,526407308,59856.2816,521766236
node7.tardis-apia.ldos-ut-pg0.wisc.cloudlab.us,cluster15,lruforgive,10,5986,27,1,1,0.9839,0.95,526407308,59856.2816,521766236
node7.tardis-apia.ldos-ut-pg0.wisc.cloudlab.us,cluster15,lruforgive,10,5986,27,1,2,0.9839,0.95,526407308,59856.2816,521766236
node7.tardis-apia.ldos-ut-pg0.wisc.cloudlab.us,cluster15,lruforgive,10,5986,27,1,3,0.9839,0.96,526407308,59856.2816,521766236
node7.tardis-apia.ldos-ut-pg0.wisc.cloudlab.us,cluster15,s3fifo,10,5986,27,1,1,0.9839,0.99,526407308,59856.2816,521766236
node7.tardis-apia.ldos-ut-pg0.wisc.cloudlab.us,cluster15,s3fifo,10,5986,27,1,2,0.9839,0.99,526407308,59856.2816,521766236
node7.tardis-apia.ldos-ut-pg0.wisc.cloudlab.us,cluster15,s3fifo,10,5986,27,1,3,0.9839,0.99,526407308,59856.2816,521766236
node7.tardis-apia.ldos-ut-pg0.wisc.cloudlab.us,cluster15,s3fifoforgive,10,5986,27,1,1,0.9839,0.82,526407308,59856.2816,521766236
node7.tardis-apia.ldos-ut-pg0.wisc.cloudlab.us,cluster15,s3fifoforgive,10,5986,27,1,2,0.9839,0.82,526407308,59856.2816,521766236
node7.tardis-apia.ldos-ut-pg0.wisc.cloudlab.us,cluster15,s3fifoforgive,10,5986,27,1,3,0.9839,0.82,526407308,59856.2816,521766236
node7.tardis-apia.ldos-ut-pg0.wisc.cloudlab.us,cluster15,lru,0.1,60,22,1,1,0.9914,1.48,526407308,59856.2816,521766236
node7.tardis-apia.ldos-ut-pg0.wisc.cloudlab.us,cluster15,lru,0.1,60,22,1,2,0.9914,1.48,526407308,59856.2816,521766236
node7.tardis-apia.ldos-ut-pg0.wisc.cloudlab.us,cluster15,lru,0.1,60,22,1,3,0.9914,1.47,526407308,59856.2816,521766236
node7.tardis-apia.ldos-ut-pg0.wisc.cloudlab.us,cluster15,lruforgive,0.1,60,22,1,1,0.9914,1.18,526407308,59856.2816,521766236
node7.tardis-apia.ldos-ut-pg0.wisc.cloudlab.us,cluster15,lruforgive,0.1,60,22,1,2,0.9914,1.17,526407308,59856.2816,521766236
node7.tardis-apia.ldos-ut-pg0.wisc.cloudlab.us,cluster15,lruforgive,0.1,60,22,1,3,0.9914,1.17,526407308,59856.2816,521766236
node7.tardis-apia.ldos-ut-pg0.wisc.cloudlab.us,cluster15,s3fifo,0.1,60,22,1,1,0.9914,1.65,526407308,59856.2816,521766236
node7.tardis-apia.ldos-ut-pg0.wisc.cloudlab.us,cluster15,s3fifo,0.1,60,22,1,2,0.9914,1.65,526407308,59856.2816,521766236
node7.tardis-apia.ldos-ut-pg0.wisc.cloudlab.us,cluster15,s3fifo,0.1,60,22,1,3,0.9914,1.65,526407308,59856.2816,521766236
node7.tardis-apia.ldos-ut-pg0.wisc.cloudlab.us,cluster15,s3fifoforgive,0.1,60,22,1,1,0.9914,1.25,526407308,59856.2816,521766236
node7.tardis-apia.ldos-ut-pg0.wisc.cloudlab.us,cluster15,s3fifoforgive,0.1,60,22,1,2,0.9914,1.21,526407308,59856.2816,521766236
node7.tardis-apia.ldos-ut-pg0.wisc.cloudlab.us,cluster15,s3fifoforgive,0.1,60,22,1,3,0.9914,1.24,526407308,59856.2816,521766236
node7.tardis-apia.ldos-ut-pg0.wisc.cloudlab.us,cluster16,lru,10,6,19,1,1,NA,NA,NA,60.928,1462469
node7.tardis-apia.ldos-ut-pg0.wisc.cloudlab.us,cluster16,lru,10,6,19,1,2,NA,NA,NA,60.928,1462469
node7.tardis-apia.ldos-ut-pg0.wisc.cloudlab.us,cluster16,lru,10,6,19,1,3,NA,NA,NA,60.928,1462469
node7.tardis-apia.ldos-ut-pg0.wisc.cloudlab.us,cluster16,lruforgive,10,6,19,1,1,NA,NA,NA,60.928,1462469
node7.tardis-apia.ldos-ut-pg0.wisc.cloudlab.us,cluster16,lruforgive,10,6,19,1,2,NA,NA,NA,60.928,1462469
node7.tardis-apia.ldos-ut-pg0.wisc.cloudlab.us,cluster16,lruforgive,10,6,19,1,3,NA,NA,NA,60.928,1462469
node7.tardis-apia.ldos-ut-pg0.wisc.cloudlab.us,cluster16,s3fifo,10,6,19,1,1,NA,NA,NA,60.928,1462469
node7.tardis-apia.ldos-ut-pg0.wisc.cloudlab.us,cluster16,s3fifo,10,6,19,1,2,NA,NA,NA,60.928,1462469
node7.tardis-apia.ldos-ut-pg0.wisc.cloudlab.us,cluster16,s3fifo,10,6,19,1,3,NA,NA,NA,60.928,1462469
node7.tardis-apia.ldos-ut-pg0.wisc.cloudlab.us,cluster16,s3fifoforgive,10,6,19,1,1,NA,NA,NA,60.928,1462469
node7.tardis-apia.ldos-ut-pg0.wisc.cloudlab.us,cluster16,s3fifoforgive,10,6,19,1,2,NA,NA,NA,60.928,1462469
node7.tardis-apia.ldos-ut-pg0.wisc.cloudlab.us,cluster16,s3fifoforgive,10,6,19,1,3,NA,NA,NA,60.928,1462469
node7.tardis-apia.ldos-ut-pg0.wisc.cloudlab.us,cluster16,lru,0.1,1,16,1,1,NA,NA,NA,60.928,1462469
node7.tardis-apia.ldos-ut-pg0.wisc.cloudlab.us,cluster16,lru,0.1,1,16,1,2,NA,NA,NA,60.928,1462469
node7.tardis-apia.ldos-ut-pg0.wisc.cloudlab.us,cluster16,lru,0.1,1,16,1,3,NA,NA,NA,60.928,1462469
node7.tardis-apia.ldos-ut-pg0.wisc.cloudlab.us,cluster16,lruforgive,0.1,1,16,1,1,NA,NA,NA,60.928,1462469
node7.tardis-apia.ldos-ut-pg0.wisc.cloudlab.us,cluster16,lruforgive,0.1,1,16,1,2,NA,NA,NA,60.928,1462469
node7.tardis-apia.ldos-ut-pg0.wisc.cloudlab.us,cluster16,lruforgive,0.1,1,16,1,3,NA,NA,NA,60.928,1462469
node7.tardis-apia.ldos-ut-pg0.wisc.cloudlab.us,cluster16,s3fifo,0.1,1,16,1,1,NA,NA,NA,60.928,1462469
node7.tardis-apia.ldos-ut-pg0.wisc.cloudlab.us,cluster16,s3fifo,0.1,1,16,1,2,NA,NA,NA,60.928,1462469
node7.tardis-apia.ldos-ut-pg0.wisc.cloudlab.us,cluster16,s3fifo,0.1,1,16,1,3,NA,NA,NA,60.928,1462469
node7.tardis-apia.ldos-ut-pg0.wisc.cloudlab.us,cluster16,s3fifoforgive,0.1,1,16,1,1,NA,NA,NA,60.928,1462469
node7.tardis-apia.ldos-ut-pg0.wisc.cloudlab.us,cluster16,s3fifoforgive,0.1,1,16,1,2,NA,NA,NA,60.928,1462469
node7.tardis-apia.ldos-ut-pg0.wisc.cloudlab.us,cluster16,s3fifoforgive,0.1,1,16,1,3,NA,NA,NA,60.928,1462469
node7.tardis-apia.ldos-ut-pg0.wisc.cloudlab.us,cluster17,lru,10,13,20,1,1,0.4378,4.87,883047505,125.7472,677707
node7.tardis-apia.ldos-ut-pg0.wisc.cloudlab.us,cluster17,lru,10,13,20,1,2,0.4378,4.89,883047505,125.7472,677707
node7.tardis-apia.ldos-ut-pg0.wisc.cloudlab.us,cluster17,lru,10,13,20,1,3,0.4378,4.82,883047505,125.7472,677707
node7.tardis-apia.ldos-ut-pg0.wisc.cloudlab.us,cluster17,lruforgive,10,13,20,1,1,0.4378,1.92,883047505,125.7472,677707
node7.tardis-apia.ldos-ut-pg0.wisc.cloudlab.us,cluster17,lruforgive,10,13,20,1,2,0.4378,1.92,883047505,125.7472,677707
node7.tardis-apia.ldos-ut-pg0.wisc.cloudlab.us,cluster17,lruforgive,10,13,20,1,3,0.4378,1.90,883047505,125.7472,677707
node7.tardis-apia.ldos-ut-pg0.wisc.cloudlab.us,cluster17,s3fifo,10,13,20,1,1,0.4357,5.59,883047505,125.7472,677707
node7.tardis-apia.ldos-ut-pg0.wisc.cloudlab.us,cluster17,s3fifo,10,13,20,1,2,0.4357,5.54,883047505,125.7472,677707
node7.tardis-apia.ldos-ut-pg0.wisc.cloudlab.us,cluster17,s3fifo,10,13,20,1,3,0.4357,5.62,883047505,125.7472,677707
node7.tardis-apia.ldos-ut-pg0.wisc.cloudlab.us,cluster17,s3fifoforgive,10,13,20,1,1,0.4357,1.98,883047505,125.7472,677707
node7.tardis-apia.ldos-ut-pg0.wisc.cloudlab.us,cluster17,s3fifoforgive,10,13,20,1,2,0.4357,1.97,883047505,125.7472,677707
node7.tardis-apia.ldos-ut-pg0.wisc.cloudlab.us,cluster17,s3fifoforgive,10,13,20,1,3,0.4357,1.96,883047505,125.7472,677707
node7.tardis-apia.ldos-ut-pg0.wisc.cloudlab.us,cluster18,lru,10,3,18,1,1,NA,NA,NA,28.3648,1146662
node7.tardis-apia.ldos-ut-pg0.wisc.cloudlab.us,cluster18,lru,10,3,18,1,2,NA,NA,NA,28.3648,1146662
node7.tardis-apia.ldos-ut-pg0.wisc.cloudlab.us,cluster18,lru,10,3,18,1,3,NA,NA,NA,28.3648,1146662
node7.tardis-apia.ldos-ut-pg0.wisc.cloudlab.us,cluster18,lruforgive,10,3,18,1,1,NA,NA,NA,28.3648,1146662
node7.tardis-apia.ldos-ut-pg0.wisc.cloudlab.us,cluster18,lruforgive,10,3,18,1,2,NA,NA,NA,28.3648,1146662
node7.tardis-apia.ldos-ut-pg0.wisc.cloudlab.us,cluster18,lruforgive,10,3,18,1,3,NA,NA,NA,28.3648,1146662
node7.tardis-apia.ldos-ut-pg0.wisc.cloudlab.us,cluster18,s3fifo,10,3,18,1,1,NA,NA,NA,28.3648,1146662
node7.tardis-apia.ldos-ut-pg0.wisc.cloudlab.us,cluster18,s3fifo,10,3,18,1,2,NA,NA,NA,28.3648,1146662
node7.tardis-apia.ldos-ut-pg0.wisc.cloudlab.us,cluster18,s3fifo,10,3,18,1,3,NA,NA,NA,28.3648,1146662
node7.tardis-apia.ldos-ut-pg0.wisc.cloudlab.us,cluster18,s3fifoforgive,10,3,18,1,1,NA,NA,NA,28.3648,1146662
node7.tardis-apia.ldos-ut-pg0.wisc.cloudlab.us,cluster18,s3fifoforgive,10,3,18,1,2,NA,NA,NA,28.3648,1146662
node7.tardis-apia.ldos-ut-pg0.wisc.cloudlab.us,cluster18,s3fifoforgive,10,3,18,1,3,NA,NA,NA,28.3648,1146662
node7.tardis-apia.ldos-ut-pg0.wisc.cloudlab.us,cluster18,lru,0.1,1,16,1,1,NA,NA,NA,28.3648,1146662
node7.tardis-apia.ldos-ut-pg0.wisc.cloudlab.us,cluster18,lru,0.1,1,16,1,2,NA,NA,NA,28.3648,1146662
node7.tardis-apia.ldos-ut-pg0.wisc.cloudlab.us,cluster18,lru,0.1,1,16,1,3,NA,NA,NA,28.3648,1146662
node7.tardis-apia.ldos-ut-pg0.wisc.cloudlab.us,cluster18,lruforgive,0.1,1,16,1,1,NA,NA,NA,28.3648,1146662
node7.tardis-apia.ldos-ut-pg0.wisc.cloudlab.us,cluster18,lruforgive,0.1,1,16,1,2,NA,NA,NA,28.3648,1146662
node7.tardis-apia.ldos-ut-pg0.wisc.cloudlab.us,cluster18,lruforgive,0.1,1,16,1,3,NA,NA,NA,28.3648,1146662
node7.tardis-apia.ldos-ut-pg0.wisc.cloudlab.us,cluster18,s3fifo,0.1,1,16,1,1,NA,NA,NA,28.3648,1146662
node7.tardis-apia.ldos-ut-pg0.wisc.cloudlab.us,cluster18,s3fifo,0.1,1,16,1,2,NA,NA,NA,28.3648,1146662
node7.tardis-apia.ldos-ut-pg0.wisc.cloudlab.us,cluster18,s3fifo,0.1,1,16,1,3,NA,NA,NA,28.3648,1146662
node7.tardis-apia.ldos-ut-pg0.wisc.cloudlab.us,cluster18,s3fifoforgive,0.1,1,16,1,1,NA,NA,NA,28.3648,1146662
node7.tardis-apia.ldos-ut-pg0.wisc.cloudlab.us,cluster18,s3fifoforgive,0.1,1,16,1,2,NA,NA,NA,28.3648,1146662
node7.tardis-apia.ldos-ut-pg0.wisc.cloudlab.us,cluster18,s3fifoforgive,0.1,1,16,1,3,NA,NA,NA,28.3648,1146662
node7.tardis-apia.ldos-ut-pg0.wisc.cloudlab.us,cluster19,lru,10,136,23,1,1,0.3580,1.62,200696849,1363.968,32847507
node7.tardis-apia.ldos-ut-pg0.wisc.cloudlab.us,cluster19,lru,10,136,23,1,2,0.3580,1.60,200696849,1363.968,32847507
node7.tardis-apia.ldos-ut-pg0.wisc.cloudlab.us,cluster19,lru,10,136,23,1,3,0.3580,1.61,200696849,1363.968,32847507
node7.tardis-apia.ldos-ut-pg0.wisc.cloudlab.us,cluster19,lruforgive,10,136,23,1,1,0.3580,0.61,200696849,1363.968,32847507
node7.tardis-apia.ldos-ut-pg0.wisc.cloudlab.us,cluster19,lruforgive,10,136,23,1,2,0.3580,0.61,200696849,1363.968,32847507
node7.tardis-apia.ldos-ut-pg0.wisc.cloudlab.us,cluster19,lruforgive,10,136,23,1,3,0.3580,0.60,200696849,1363.968,32847507
node7.tardis-apia.ldos-ut-pg0.wisc.cloudlab.us,cluster19,s3fifo,10,136,23,1,1,0.3588,1.58,200696849,1363.968,32847507
node7.tardis-apia.ldos-ut-pg0.wisc.cloudlab.us,cluster19,s3fifo,10,136,23,1,2,0.3588,1.59,200696849,1363.968,32847507
node7.tardis-apia.ldos-ut-pg0.wisc.cloudlab.us,cluster19,s3fifo,10,136,23,1,3,0.3588,1.58,200696849,1363.968,32847507
node7.tardis-apia.ldos-ut-pg0.wisc.cloudlab.us,cluster19,s3fifoforgive,10,136,23,1,1,0.3588,0.63,200696849,1363.968,32847507
node7.tardis-apia.ldos-ut-pg0.wisc.cloudlab.us,cluster19,s3fifoforgive,10,136,23,1,2,0.3588,0.62,200696849,1363.968,32847507
node7.tardis-apia.ldos-ut-pg0.wisc.cloudlab.us,cluster19,s3fifoforgive,10,136,23,1,3,0.3588,0.62,200696849,1363.968,32847507
node7.tardis-apia.ldos-ut-pg0.wisc.cloudlab.us,cluster19,lru,0.1,1,16,1,1,NA,NA,NA,1363.968,32847507
node7.tardis-apia.ldos-ut-pg0.wisc.cloudlab.us,cluster19,lru,0.1,1,16,1,2,NA,NA,NA,1363.968,32847507
node7.tardis-apia.ldos-ut-pg0.wisc.cloudlab.us,cluster19,lru,0.1,1,16,1,3,NA,NA,NA,1363.968,32847507
node7.tardis-apia.ldos-ut-pg0.wisc.cloudlab.us,cluster19,lruforgive,0.1,1,16,1,1,NA,NA,NA,1363.968,32847507
node7.tardis-apia.ldos-ut-pg0.wisc.cloudlab.us,cluster19,lruforgive,0.1,1,16,1,2,NA,NA,NA,1363.968,32847507
node7.tardis-apia.ldos-ut-pg0.wisc.cloudlab.us,cluster19,lruforgive,0.1,1,16,1,3,NA,NA,NA,1363.968,32847507
node7.tardis-apia.ldos-ut-pg0.wisc.cloudlab.us,cluster19,s3fifo,0.1,1,16,1,1,NA,NA,NA,1363.968,32847507
node7.tardis-apia.ldos-ut-pg0.wisc.cloudlab.us,cluster19,s3fifo,0.1,1,16,1,2,NA,NA,NA,1363.968,32847507
node7.tardis-apia.ldos-ut-pg0.wisc.cloudlab.us,cluster19,s3fifo,0.1,1,16,1,3,NA,NA,NA,1363.968,32847507
node7.tardis-apia.ldos-ut-pg0.wisc.cloudlab.us,cluster19,s3fifoforgive,0.1,1,16,1,1,NA,NA,NA,1363.968,32847507
node7.tardis-apia.ldos-ut-pg0.wisc.cloudlab.us,cluster19,s3fifoforgive,0.1,1,16,1,2,NA,NA,NA,1363.968,32847507
node7.tardis-apia.ldos-ut-pg0.wisc.cloudlab.us,cluster19,s3fifoforgive,0.1,1,16,1,3,NA,NA,NA,1363.968,32847507
node7.tardis-apia.ldos-ut-pg0.wisc.cloudlab.us,cluster2,lru,10,1,16,1,1,NA,NA,NA,13.9264,357879
node7.tardis-apia.ldos-ut-pg0.wisc.cloudlab.us,cluster2,lru,10,1,16,1,2,NA,NA,NA,13.9264,357879
node7.tardis-apia.ldos-ut-pg0.wisc.cloudlab.us,cluster2,lru,10,1,16,1,3,NA,NA,NA,13.9264,357879
node7.tardis-apia.ldos-ut-pg0.wisc.cloudlab.us,cluster2,lruforgive,10,1,16,1,1,NA,NA,NA,13.9264,357879
node7.tardis-apia.ldos-ut-pg0.wisc.cloudlab.us,cluster2,lruforgive,10,1,16,1,2,NA,NA,NA,13.9264,357879
node7.tardis-apia.ldos-ut-pg0.wisc.cloudlab.us,cluster2,lruforgive,10,1,16,1,3,NA,NA,NA,13.9264,357879
node7.tardis-apia.ldos-ut-pg0.wisc.cloudlab.us,cluster2,s3fifo,10,1,16,1,1,NA,NA,NA,13.9264,357879
node7.tardis-apia.ldos-ut-pg0.wisc.cloudlab.us,cluster2,s3fifo,10,1,16,1,2,NA,NA,NA,13.9264,357879
node7.tardis-apia.ldos-ut-pg0.wisc.cloudlab.us,cluster2,s3fifo,10,1,16,1,3,NA,NA,NA,13.9264,357879
node7.tardis-apia.ldos-ut-pg0.wisc.cloudlab.us,cluster2,s3fifoforgive,10,1,16,1,1,NA,NA,NA,13.9264,357879
node7.tardis-apia.ldos-ut-pg0.wisc.cloudlab.us,cluster2,s3fifoforgive,10,1,16,1,2,NA,NA,NA,13.9264,357879
node7.tardis-apia.ldos-ut-pg0.wisc.cloudlab.us,cluster2,s3fifoforgive,10,1,16,1,3,NA,NA,NA,13.9264,357879
node7.tardis-apia.ldos-ut-pg0.wisc.cloudlab.us,cluster20,lru,10,62,22,1,1,0.0636,3.68,322149747,624.5376,8973673
node7.tardis-apia.ldos-ut-pg0.wisc.cloudlab.us,cluster20,lru,10,62,22,1,2,0.0636,3.66,322149747,624.5376,8973673
node7.tardis-apia.ldos-ut-pg0.wisc.cloudlab.us,cluster20,lru,10,62,22,1,3,0.0636,3.65,322149747,624.5376,8973673
node7.tardis-apia.ldos-ut-pg0.wisc.cloudlab.us,cluster20,lruforgive,10,62,22,1,1,0.0636,1.13,322149747,624.5376,8973673
node7.tardis-apia.ldos-ut-pg0.wisc.cloudlab.us,cluster20,lruforgive,10,62,22,1,2,0.0636,1.13,322149747,624.5376,8973673
node7.tardis-apia.ldos-ut-pg0.wisc.cloudlab.us,cluster20,lruforgive,10,62,22,1,3,0.0636,1.13,322149747,624.5376,8973673
node7.tardis-apia.ldos-ut-pg0.wisc.cloudlab.us,cluster20,s3fifo,10,62,22,1,1,0.0564,4.11,322149747,624.5376,8973673
node7.tardis-apia.ldos-ut-pg0.wisc.cloudlab.us,cluster20,s3fifo,10,62,22,1,2,0.0564,4.09,322149747,624.5376,8973673
node7.tardis-apia.ldos-ut-pg0.wisc.cloudlab.us,cluster20,s3fifo,10,62,22,1,3,NA,NA,NA,624.5376,8973673
node7.tardis-apia.ldos-ut-pg0.wisc.cloudlab.us,cluster20,s3fifoforgive,10,62,22,1,1,NA,NA,NA,624.5376,8973673
node7.tardis-apia.ldos-ut-pg0.wisc.cloudlab.us,cluster20,s3fifoforgive,10,62,22,1,2,0.0564,1.12,322149747,624.5376,8973673
node7.tardis-apia.ldos-ut-pg0.wisc.cloudlab.us,cluster20,s3fifoforgive,10,62,22,1,3,0.0564,1.11,322149747,624.5376,8973673
node7.tardis-apia.ldos-ut-pg0.wisc.cloudlab.us,cluster20,lru,0.1,1,16,1,1,NA,NA,NA,624.5376,8973673
node7.tardis-apia.ldos-ut-pg0.wisc.cloudlab.us,cluster20,lru,0.1,1,16,1,2,NA,NA,NA,624.5376,8973673
node7.tardis-apia.ldos-ut-pg0.wisc.cloudlab.us,cluster20,lru,0.1,1,16,1,3,NA,NA,NA,624.5376,8973673
node7.tardis-apia.ldos-ut-pg0.wisc.cloudlab.us,cluster20,lruforgive,0.1,1,16,1,1,NA,NA,NA,624.5376,8973673
node7.tardis-apia.ldos-ut-pg0.wisc.cloudlab.us,cluster20,lruforgive,0.1,1,16,1,2,NA,NA,NA,624.5376,8973673
node7.tardis-apia.ldos-ut-pg0.wisc.cloudlab.us,cluster20,lruforgive,0.1,1,16,1,3,NA,NA,NA,624.5376,8973673
node7.tardis-apia.ldos-ut-pg0.wisc.cloudlab.us,cluster20,s3fifo,0.1,1,16,1,1,NA,NA,NA,624.5376,8973673
node7.tardis-apia.ldos-ut-pg0.wisc.cloudlab.us,cluster20,s3fifo,0.1,1,16,1,2,NA,NA,NA,624.5376,8973673
node7.tardis-apia.ldos-ut-pg0.wisc.cloudlab.us,cluster20,s3fifo,0.1,1,16,1,3,NA,NA,NA,624.5376,8973673
node7.tardis-apia.ldos-ut-pg0.wisc.cloudlab.us,cluster20,s3fifoforgive,0.1,1,16,1,1,NA,NA,NA,624.5376,8973673
node7.tardis-apia.ldos-ut-pg0.wisc.cloudlab.us,cluster20,s3fifoforgive,0.1,1,16,1,2,NA,NA,NA,624.5376,8973673
node7.tardis-apia.ldos-ut-pg0.wisc.cloudlab.us,cluster20,s3fifoforgive,0.1,1,16,1,3,NA,NA,NA,624.5376,8973673
node7.tardis-apia.ldos-ut-pg0.wisc.cloudlab.us,cluster21,lru,10,361,24,1,1,0.9404,1.43,155071900,3613.5936,145317523
node7.tardis-apia.ldos-ut-pg0.wisc.cloudlab.us,cluster21,lru,10,361,24,1,2,0.9404,1.41,155071900,3613.5936,145317523
node7.tardis-apia.ldos-ut-pg0.wisc.cloudlab.us,cluster21,lru,10,361,24,1,3,0.9404,1.42,155071900,3613.5936,145317523
node7.tardis-apia.ldos-ut-pg0.wisc.cloudlab.us,cluster21,lruforgive,10,361,24,1,1,0.9404,1.09,155071900,3613.5936,145317523
node7.tardis-apia.ldos-ut-pg0.wisc.cloudlab.us,cluster21,lruforgive,10,361,24,1,2,0.9404,1.08,155071900,3613.5936,145317523
node7.tardis-apia.ldos-ut-pg0.wisc.cloudlab.us,cluster21,lruforgive,10,361,24,1,3,0.9404,1.07,155071900,3613.5936,145317523
node7.tardis-apia.ldos-ut-pg0.wisc.cloudlab.us,cluster21,s3fifo,10,361,24,1,1,0.9389,1.15,155071900,3613.5936,145317523
node7.tardis-apia.ldos-ut-pg0.wisc.cloudlab.us,cluster21,s3fifo,10,361,24,1,2,0.9389,1.15,155071900,3613.5936,145317523
node7.tardis-apia.ldos-ut-pg0.wisc.cloudlab.us,cluster21,s3fifo,10,361,24,1,3,0.9389,1.16,155071900,3613.5936,145317523
node7.tardis-apia.ldos-ut-pg0.wisc.cloudlab.us,cluster21,s3fifoforgive,10,361,24,1,1,0.9389,0.92,155071900,3613.5936,145317523
node7.tardis-apia.ldos-ut-pg0.wisc.cloudlab.us,cluster21,s3fifoforgive,10,361,24,1,2,0.9389,0.89,155071900,3613.5936,145317523
node7.tardis-apia.ldos-ut-pg0.wisc.cloudlab.us,cluster21,s3fifoforgive,10,361,24,1,3,0.9389,0.92,155071900,3613.5936,145317523
node7.tardis-apia.ldos-ut-pg0.wisc.cloudlab.us,cluster21,lru,0.1,4,18,1,1,NA,NA,NA,3613.5936,145317523
node7.tardis-apia.ldos-ut-pg0.wisc.cloudlab.us,cluster21,lru,0.1,4,18,1,2,NA,NA,NA,3613.5936,145317523
node7.tardis-apia.ldos-ut-pg0.wisc.cloudlab.us,cluster21,lru,0.1,4,18,1,3,NA,NA,NA,3613.5936,145317523
node7.tardis-apia.ldos-ut-pg0.wisc.cloudlab.us,cluster21,lruforgive,0.1,4,18,1,1,NA,NA,NA,3613.5936,145317523
node7.tardis-apia.ldos-ut-pg0.wisc.cloudlab.us,cluster21,lruforgive,0.1,4,18,1,2,NA,NA,NA,3613.5936,145317523
node7.tardis-apia.ldos-ut-pg0.wisc.cloudlab.us,cluster21,lruforgive,0.1,4,18,1,3,NA,NA,NA,3613.5936,145317523
node7.tardis-apia.ldos-ut-pg0.wisc.cloudlab.us,cluster21,s3fifo,0.1,4,18,1,1,NA,NA,NA,3613.5936,145317523
node7.tardis-apia.ldos-ut-pg0.wisc.cloudlab.us,cluster21,s3fifo,0.1,4,18,1,2,NA,NA,NA,3613.5936,145317523
node7.tardis-apia.ldos-ut-pg0.wisc.cloudlab.us,cluster21,s3fifo,0.1,4,18,1,3,NA,NA,NA,3613.5936,145317523
node7.tardis-apia.ldos-ut-pg0.wisc.cloudlab.us,cluster21,s3fifoforgive,0.1,4,18,1,1,NA,NA,NA,3613.5936,145317523
node7.tardis-apia.ldos-ut-pg0.wisc.cloudlab.us,cluster21,s3fifoforgive,0.1,4,18,1,2,NA,NA,NA,3613.5936,145317523
node7.tardis-apia.ldos-ut-pg0.wisc.cloudlab.us,cluster21,s3fifoforgive,0.1,4,18,1,3,NA,NA,NA,3613.5936,145317523
node7.tardis-apia.ldos-ut-pg0.wisc.cloudlab.us,cluster22,lru,10,215,24,1,1,0.2735,1.91,203024790,2150.5024,40359842
node7.tardis-apia.ldos-ut-pg0.wisc.cloudlab.us,cluster22,lru,10,215,24,1,2,0.2735,1.89,203024790,2150.5024,40359842
node7.tardis-apia.ldos-ut-pg0.wisc.cloudlab.us,cluster22,lru,10,215,24,1,3,0.2735,1.90,203024790,2150.5024,40359842
node7.tardis-apia.ldos-ut-pg0.wisc.cloudlab.us,cluster22,lruforgive,10,215,24,1,1,0.2735,0.75,203024790,2150.5024,40359842
node7.tardis-apia.ldos-ut-pg0.wisc.cloudlab.us,cluster22,lruforgive,10,215,24,1,2,0.2735,0.75,203024790,2150.5024,40359842
node7.tardis-apia.ldos-ut-pg0.wisc.cloudlab.us,cluster22,lruforgive,10,215,24,1,3,0.2735,0.75,203024790,2150.5024,40359842
node7.tardis-apia.ldos-ut-pg0.wisc.cloudlab.us,cluster22,s3fifo,10,215,24,1,1,0.2594,1.85,203024790,2150.5024,40359842
node7.tardis-apia.ldos-ut-pg0.wisc.cloudlab.us,cluster22,s3fifo,10,215,24,1,2,0.2594,1.84,203024790,2150.5024,40359842
node7.tardis-apia.ldos-ut-pg0.wisc.cloudlab.us,cluster22,s3fifo,10,215,24,1,3,0.2594,1.86,203024790,2150.5024,40359842
node7.tardis-apia.ldos-ut-pg0.wisc.cloudlab.us,cluster22,s3fifoforgive,10,215,24,1,1,0.2594,0.75,203024790,2150.5024,40359842
node7.tardis-apia.ldos-ut-pg0.wisc.cloudlab.us,cluster22,s3fifoforgive,10,215,24,1,2,0.2594,0.76,203024790,2150.5024,40359842
node7.tardis-apia.ldos-ut-pg0.wisc.cloudlab.us,cluster22,s3fifoforgive,10,215,24,1,3,0.2594,0.75,203024790,2150.5024,40359842
node7.tardis-apia.ldos-ut-pg0.wisc.cloudlab.us,cluster22,lru,0.1,2,17,1,1,NA,NA,NA,2150.5024,40359842
node7.tardis-apia.ldos-ut-pg0.wisc.cloudlab.us,cluster22,lru,0.1,2,17,1,2,NA,NA,NA,2150.5024,40359842
node7.tardis-apia.ldos-ut-pg0.wisc.cloudlab.us,cluster22,lru,0.1,2,17,1,3,NA,NA,NA,2150.5024,40359842
node7.tardis-apia.ldos-ut-pg0.wisc.cloudlab.us,cluster22,lruforgive,0.1,2,17,1,1,NA,NA,NA,2150.5024,40359842
node7.tardis-apia.ldos-ut-pg0.wisc.cloudlab.us,cluster22,lruforgive,0.1,2,17,1,2,NA,NA,NA,2150.5024,40359842
node7.tardis-apia.ldos-ut-pg0.wisc.cloudlab.us,cluster22,lruforgive,0.1,2,17,1,3,NA,NA,NA,2150.5024,40359842
node7.tardis-apia.ldos-ut-pg0.wisc.cloudlab.us,cluster22,s3fifo,0.1,2,17,1,1,NA,NA,NA,2150.5024,40359842
node7.tardis-apia.ldos-ut-pg0.wisc.cloudlab.us,cluster22,s3fifo,0.1,2,17,1,2,NA,NA,NA,2150.5024,40359842
node7.tardis-apia.ldos-ut-pg0.wisc.cloudlab.us,cluster22,s3fifo,0.1,2,17,1,3,NA,NA,NA,2150.5024,40359842
node7.tardis-apia.ldos-ut-pg0.wisc.cloudlab.us,cluster22,s3fifoforgive,0.1,2,17,1,1,NA,NA,NA,2150.5024,40359842
node7.tardis-apia.ldos-ut-pg0.wisc.cloudlab.us,cluster22,s3fifoforgive,0.1,2,17,1,2,NA,NA,NA,2150.5024,40359842
node7.tardis-apia.ldos-ut-pg0.wisc.cloudlab.us,cluster22,s3fifoforgive,0.1,2,17,1,3,NA,NA,NA,2150.5024,40359842
node7.tardis-apia.ldos-ut-pg0.wisc.cloudlab.us,cluster23,lru,10,3417,27,1,1,0.3809,1.64,378395762,34168.0128,144167100
node7.tardis-apia.ldos-ut-pg0.wisc.cloudlab.us,cluster23,lru,10,3417,27,1,2,0.3809,1.64,378395762,34168.0128,144167100
node7.tardis-apia.ldos-ut-pg0.wisc.cloudlab.us,cluster23,lru,10,3417,27,1,3,0.3809,1.64,378395762,34168.0128,144167100
node7.tardis-apia.ldos-ut-pg0.wisc.cloudlab.us,cluster23,lruforgive,10,3417,27,1,1,0.3809,0.59,378395762,34168.0128,144167100
node7.tardis-apia.ldos-ut-pg0.wisc.cloudlab.us,cluster23,lruforgive,10,3417,27,1,2,0.3809,0.59,378395762,34168.0128,144167100
node7.tardis-apia.ldos-ut-pg0.wisc.cloudlab.us,cluster23,lruforgive,10,3417,27,1,3,0.3809,0.59,378395762,34168.0128,144167100
node7.tardis-apia.ldos-ut-pg0.wisc.cloudlab.us,cluster23,s3fifo,10,3417,27,1,1,0.3811,1.49,378395762,34168.0128,144167100
node7.tardis-apia.ldos-ut-pg0.wisc.cloudlab.us,cluster23,s3fifo,10,3417,27,1,2,0.3811,1.48,378395762,34168.0128,144167100
node7.tardis-apia.ldos-ut-pg0.wisc.cloudlab.us,cluster23,s3fifo,10,3417,27,1,3,0.3811,1.48,378395762,34168.0128,144167100
node7.tardis-apia.ldos-ut-pg0.wisc.cloudlab.us,cluster23,s3fifoforgive,10,3417,27,1,1,0.3811,0.63,378395762,34168.0128,144167100
node7.tardis-apia.ldos-ut-pg0.wisc.cloudlab.us,cluster23,s3fifoforgive,10,3417,27,1,2,0.3811,0.63,378395762,34168.0128,144167100
node7.tardis-apia.ldos-ut-pg0.wisc.cloudlab.us,cluster23,s3fifoforgive,10,3417,27,1,3,0.3811,0.62,378395762,34168.0128,144167100
node7.tardis-apia.ldos-ut-pg0.wisc.cloudlab.us,cluster23,lru,0.1,34,21,1,1,0.5607,2.59,378395762,34168.0128,144167100
node7.tardis-apia.ldos-ut-pg0.wisc.cloudlab.us,cluster23,lru,0.1,34,21,1,2,0.5607,2.57,378395762,34168.0128,144167100
node7.tardis-apia.ldos-ut-pg0.wisc.cloudlab.us,cluster23,lru,0.1,34,21,1,3,0.5607,2.58,378395762,34168.0128,144167100
node7.tardis-apia.ldos-ut-pg0.wisc.cloudlab.us,cluster23,lruforgive,0.1,34,21,1,1,0.5607,1.02,378395762,34168.0128,144167100
node7.tardis-apia.ldos-ut-pg0.wisc.cloudlab.us,cluster23,lruforgive,0.1,34,21,1,2,0.5607,1.02,378395762,34168.0128,144167100
node7.tardis-apia.ldos-ut-pg0.wisc.cloudlab.us,cluster23,lruforgive,0.1,34,21,1,3,0.5607,1.02,378395762,34168.0128,144167100
node7.tardis-apia.ldos-ut-pg0.wisc.cloudlab.us,cluster23,s3fifo,0.1,34,21,1,1,0.5685,2.62,378395762,34168.0128,144167100
node7.tardis-apia.ldos-ut-pg0.wisc.cloudlab.us,cluster23,s3fifo,0.1,34,21,1,2,0.5685,2.61,378395762,34168.0128,144167100
node7.tardis-apia.ldos-ut-pg0.wisc.cloudlab.us,cluster23,s3fifo,0.1,34,21,1,3,0.5685,2.60,378395762,34168.0128,144167100
node7.tardis-apia.ldos-ut-pg0.wisc.cloudlab.us,cluster23,s3fifoforgive,0.1,34,21,1,1,0.5685,1.13,378395762,34168.0128,144167100
node7.tardis-apia.ldos-ut-pg0.wisc.cloudlab.us,cluster23,s3fifoforgive,0.1,34,21,1,2,0.5685,1.12,378395762,34168.0128,144167100
node7.tardis-apia.ldos-ut-pg0.wisc.cloudlab.us,cluster23,s3fifoforgive,0.1,34,21,1,3,0.5685,1.14,378395762,34168.0128,144167100
node7.tardis-apia.ldos-ut-pg0.wisc.cloudlab.us,cluster24,lru,10,24,21,1,1,0.2100,4.12,328062778,240.0256,1218190
node7.tardis-apia.ldos-ut-pg0.wisc.cloudlab.us,cluster24,lru,10,24,21,1,2,0.2100,4.17,328062778,240.0256,1218190
node7.tardis-apia.ldos-ut-pg0.wisc.cloudlab.us,cluster24,lru,10,24,21,1,3,0.2100,4.18,328062778,240.0256,1218190
node7.tardis-apia.ldos-ut-pg0.wisc.cloudlab.us,cluster24,lruforgive,10,24,21,1,1,0.2100,1.15,328062778,240.0256,1218190
node7.tardis-apia.ldos-ut-pg0.wisc.cloudlab.us,cluster24,lruforgive,10,24,21,1,2,0.2100,1.11,328062778,240.0256,1218190
node7.tardis-apia.ldos-ut-pg0.wisc.cloudlab.us,cluster24,lruforgive,10,24,21,1,3,0.2100,1.11,328062778,240.0256,1218190
node7.tardis-apia.ldos-ut-pg0.wisc.cloudlab.us,cluster24,s3fifo,10,24,21,1,1,0.2079,4.85,328062778,240.0256,1218190
node7.tardis-apia.ldos-ut-pg0.wisc.cloudlab.us,cluster24,s3fifo,10,24,21,1,2,0.2079,4.82,328062778,240.0256,1218190
node7.tardis-apia.ldos-ut-pg0.wisc.cloudlab.us,cluster24,s3fifo,10,24,21,1,3,0.2079,4.88,328062778,240.0256,1218190
node7.tardis-apia.ldos-ut-pg0.wisc.cloudlab.us,cluster24,s3fifoforgive,10,24,21,1,1,0.2079,1.15,328062778,240.0256,1218190
node7.tardis-apia.ldos-ut-pg0.wisc.cloudlab.us,cluster24,s3fifoforgive,10,24,21,1,2,0.2079,1.14,328062778,240.0256,1218190
node7.tardis-apia.ldos-ut-pg0.wisc.cloudlab.us,cluster24,s3fifoforgive,10,24,21,1,3,0.2079,1.15,328062778,240.0256,1218190
node7.tardis-apia.ldos-ut-pg0.wisc.cloudlab.us,cluster24,lru,0.1,1,16,1,1,NA,NA,NA,240.0256,1218190
node7.tardis-apia.ldos-ut-pg0.wisc.cloudlab.us,cluster24,lru,0.1,1,16,1,2,NA,NA,NA,240.0256,1218190
node7.tardis-apia.ldos-ut-pg0.wisc.cloudlab.us,cluster24,lru,0.1,1,16,1,3,NA,NA,NA,240.0256,1218190
node7.tardis-apia.ldos-ut-pg0.wisc.cloudlab.us,cluster24,lruforgive,0.1,1,16,1,1,NA,NA,NA,240.0256,1218190
node7.tardis-apia.ldos-ut-pg0.wisc.cloudlab.us,cluster24,lruforgive,0.1,1,16,1,2,NA,NA,NA,240.0256,1218190
node7.tardis-apia.ldos-ut-pg0.wisc.cloudlab.us,cluster24,lruforgive,0.1,1,16,1,3,NA,NA,NA,240.0256,1218190
node7.tardis-apia.ldos-ut-pg0.wisc.cloudlab.us,cluster24,s3fifo,0.1,1,16,1,1,NA,NA,NA,240.0256,1218190
node7.tardis-apia.ldos-ut-pg0.wisc.cloudlab.us,cluster24,s3fifo,0.1,1,16,1,2,NA,NA,NA,240.0256,1218190
node7.tardis-apia.ldos-ut-pg0.wisc.cloudlab.us,cluster24,s3fifo,0.1,1,16,1,3,NA,NA,NA,240.0256,1218190
node7.tardis-apia.ldos-ut-pg0.wisc.cloudlab.us,cluster24,s3fifoforgive,0.1,1,16,1,1,NA,NA,NA,240.0256,1218190
node7.tardis-apia.ldos-ut-pg0.wisc.cloudlab.us,cluster24,s3fifoforgive,0.1,1,16,1,2,NA,NA,NA,240.0256,1218190
node7.tardis-apia.ldos-ut-pg0.wisc.cloudlab.us,cluster24,s3fifoforgive,0.1,1,16,1,3,NA,NA,NA,240.0256,1218190
node7.tardis-apia.ldos-ut-pg0.wisc.cloudlab.us,cluster25,lru,10,4,18,1,1,NA,NA,NA,43.1104,629348
node7.tardis-apia.ldos-ut-pg0.wisc.cloudlab.us,cluster25,lru,10,4,18,1,2,NA,NA,NA,43.1104,629348
node7.tardis-apia.ldos-ut-pg0.wisc.cloudlab.us,cluster25,lru,10,4,18,1,3,NA,NA,NA,43.1104,629348
node7.tardis-apia.ldos-ut-pg0.wisc.cloudlab.us,cluster25,lruforgive,10,4,18,1,1,NA,NA,NA,43.1104,629348
node7.tardis-apia.ldos-ut-pg0.wisc.cloudlab.us,cluster25,lruforgive,10,4,18,1,2,NA,NA,NA,43.1104,629348
node7.tardis-apia.ldos-ut-pg0.wisc.cloudlab.us,cluster25,lruforgive,10,4,18,1,3,NA,NA,NA,43.1104,629348
node7.tardis-apia.ldos-ut-pg0.wisc.cloudlab.us,cluster25,s3fifo,10,4,18,1,1,NA,NA,NA,43.1104,629348
node7.tardis-apia.ldos-ut-pg0.wisc.cloudlab.us,cluster25,s3fifo,10,4,18,1,2,NA,NA,NA,43.1104,629348
node7.tardis-apia.ldos-ut-pg0.wisc.cloudlab.us,cluster25,s3fifo,10,4,18,1,3,NA,NA,NA,43.1104,629348
node7.tardis-apia.ldos-ut-pg0.wisc.cloudlab.us,cluster25,s3fifoforgive,10,4,18,1,1,NA,NA,NA,43.1104,629348
node7.tardis-apia.ldos-ut-pg0.wisc.cloudlab.us,cluster25,s3fifoforgive,10,4,18,1,2,NA,NA,NA,43.1104,629348
node7.tardis-apia.ldos-ut-pg0.wisc.cloudlab.us,cluster25,s3fifoforgive,10,4,18,1,3,NA,NA,NA,43.1104,629348
node7.tardis-apia.ldos-ut-pg0.wisc.cloudlab.us,cluster26,lru,10,15,20,1,1,0.4593,4.24,15519096,150.016,1223790
node7.tardis-apia.ldos-ut-pg0.wisc.cloudlab.us,cluster26,lru,10,15,20,1,2,0.4593,4.25,15519096,150.016,1223790
node7.tardis-apia.ldos-ut-pg0.wisc.cloudlab.us,cluster26,lru,10,15,20,1,3,0.4593,4.27,15519096,150.016,1223790
node7.tardis-apia.ldos-ut-pg0.wisc.cloudlab.us,cluster26,lruforgive,10,15,20,1,1,0.4593,1.46,15519096,150.016,1223790
node7.tardis-apia.ldos-ut-pg0.wisc.cloudlab.us,cluster26,lruforgive,10,15,20,1,2,0.4593,1.45,15519096,150.016,1223790
node7.tardis-apia.ldos-ut-pg0.wisc.cloudlab.us,cluster26,lruforgive,10,15,20,1,3,0.4593,1.48,15519096,150.016,1223790
node7.tardis-apia.ldos-ut-pg0.wisc.cloudlab.us,cluster26,s3fifo,10,15,20,1,1,0.4593,5.02,15519096,150.016,1223790
node7.tardis-apia.ldos-ut-pg0.wisc.cloudlab.us,cluster26,s3fifo,10,15,20,1,2,0.4593,4.96,15519096,150.016,1223790
node7.tardis-apia.ldos-ut-pg0.wisc.cloudlab.us,cluster26,s3fifo,10,15,20,1,3,0.4593,5.13,15519096,150.016,1223790
node7.tardis-apia.ldos-ut-pg0.wisc.cloudlab.us,cluster26,s3fifoforgive,10,15,20,1,1,0.4593,1.54,15519096,150.016,1223790
node7.tardis-apia.ldos-ut-pg0.wisc.cloudlab.us,cluster26,s3fifoforgive,10,15,20,1,2,0.4593,1.57,15519096,150.016,1223790
node7.tardis-apia.ldos-ut-pg0.wisc.cloudlab.us,cluster26,s3fifoforgive,10,15,20,1,3,0.4593,1.56,15519096,150.016,1223790
node7.tardis-apia.ldos-ut-pg0.wisc.cloudlab.us,cluster26,lru,0.1,1,16,1,1,NA,NA,NA,150.016,1223790
node7.tardis-apia.ldos-ut-pg0.wisc.cloudlab.us,cluster26,lru,0.1,1,16,1,2,NA,NA,NA,150.016,1223790
node7.tardis-apia.ldos-ut-pg0.wisc.cloudlab.us,cluster26,lru,0.1,1,16,1,3,NA,NA,NA,150.016,1223790
node7.tardis-apia.ldos-ut-pg0.wisc.cloudlab.us,cluster26,lruforgive,0.1,1,16,1,1,NA,NA,NA,150.016,1223790
node7.tardis-apia.ldos-ut-pg0.wisc.cloudlab.us,cluster26,lruforgive,0.1,1,16,1,2,NA,NA,NA,150.016,1223790
node7.tardis-apia.ldos-ut-pg0.wisc.cloudlab.us,cluster26,lruforgive,0.1,1,16,1,3,NA,NA,NA,150.016,1223790
node7.tardis-apia.ldos-ut-pg0.wisc.cloudlab.us,cluster26,s3fifo,0.1,1,16,1,1,NA,NA,NA,150.016,1223790
node7.tardis-apia.ldos-ut-pg0.wisc.cloudlab.us,cluster26,s3fifo,0.1,1,16,1,2,NA,NA,NA,150.016,1223790
node7.tardis-apia.ldos-ut-pg0.wisc.cloudlab.us,cluster26,s3fifo,0.1,1,16,1,3,NA,NA,NA,150.016,1223790
node7.tardis-apia.ldos-ut-pg0.wisc.cloudlab.us,cluster26,s3fifoforgive,0.1,1,16,1,1,NA,NA,NA,150.016,1223790
node7.tardis-apia.ldos-ut-pg0.wisc.cloudlab.us,cluster26,s3fifoforgive,0.1,1,16,1,2,NA,NA,NA,150.016,1223790
node7.tardis-apia.ldos-ut-pg0.wisc.cloudlab.us,cluster26,s3fifoforgive,0.1,1,16,1,3,NA,NA,NA,150.016,1223790
node7.tardis-apia.ldos-ut-pg0.wisc.cloudlab.us,cluster27,lru,10,355,24,1,1,0.5738,1.36,1207748022,3548.0576,70496923
node7.tardis-apia.ldos-ut-pg0.wisc.cloudlab.us,cluster27,lru,10,355,24,1,2,0.5738,1.36,1207748022,3548.0576,70496923
node7.tardis-apia.ldos-ut-pg0.wisc.cloudlab.us,cluster27,lru,10,355,24,1,3,0.5738,1.36,1207748022,3548.0576,70496923
node7.tardis-apia.ldos-ut-pg0.wisc.cloudlab.us,cluster27,lruforgive,10,355,24,1,1,NA,NA,NA,3548.0576,70496923
node7.tardis-apia.ldos-ut-pg0.wisc.cloudlab.us,cluster27,lruforgive,10,355,24,1,2,NA,NA,NA,3548.0576,70496923
node7.tardis-apia.ldos-ut-pg0.wisc.cloudlab.us,cluster27,lruforgive,10,355,24,1,3,NA,NA,NA,3548.0576,70496923
node7.tardis-apia.ldos-ut-pg0.wisc.cloudlab.us,cluster27,s3fifo,10,355,24,1,1,0.5138,1.23,1207748022,3548.0576,70496923
node7.tardis-apia.ldos-ut-pg0.wisc.cloudlab.us,cluster27,s3fifo,10,355,24,1,2,0.5138,1.24,1207748022,3548.0576,70496923
node7.tardis-apia.ldos-ut-pg0.wisc.cloudlab.us,cluster27,s3fifo,10,355,24,1,3,0.5138,1.20,1207748022,3548.0576,70496923
node7.tardis-apia.ldos-ut-pg0.wisc.cloudlab.us,cluster27,s3fifoforgive,10,355,24,1,1,NA,NA,NA,3548.0576,70496923
node7.tardis-apia.ldos-ut-pg0.wisc.cloudlab.us,cluster27,s3fifoforgive,10,355,24,1,2,NA,NA,NA,3548.0576,70496923
node7.tardis-apia.ldos-ut-pg0.wisc.cloudlab.us,cluster27,s3fifoforgive,10,355,24,1,3,NA,NA,NA,3548.0576,70496923
node7.tardis-apia.ldos-ut-pg0.wisc.cloudlab.us,cluster27,lru,0.1,4,18,1,1,NA,NA,NA,3548.0576,70496923
node7.tardis-apia.ldos-ut-pg0.wisc.cloudlab.us,cluster27,lru,0.1,4,18,1,2,NA,NA,NA,3548.0576,70496923
node7.tardis-apia.ldos-ut-pg0.wisc.cloudlab.us,cluster27,lru,0.1,4,18,1,3,NA,NA,NA,3548.0576,70496923
node7.tardis-apia.ldos-ut-pg0.wisc.cloudlab.us,cluster27,lruforgive,0.1,4,18,1,1,NA,NA,NA,3548.0576,70496923
node7.tardis-apia.ldos-ut-pg0.wisc.cloudlab.us,cluster27,lruforgive,0.1,4,18,1,2,NA,NA,NA,3548.0576,70496923
node7.tardis-apia.ldos-ut-pg0.wisc.cloudlab.us,cluster27,lruforgive,0.1,4,18,1,3,NA,NA,NA,3548.0576,70496923
node7.tardis-apia.ldos-ut-pg0.wisc.cloudlab.us,cluster27,s3fifo,0.1,4,18,1,1,NA,NA,NA,3548.0576,70496923
node7.tardis-apia.ldos-ut-pg0.wisc.cloudlab.us,cluster27,s3fifo,0.1,4,18,1,2,NA,NA,NA,3548.0576,70496923
node7.tardis-apia.ldos-ut-pg0.wisc.cloudlab.us,cluster27,s3fifo,0.1,4,18,1,3,NA,NA,NA,3548.0576,70496923
node7.tardis-apia.ldos-ut-pg0.wisc.cloudlab.us,cluster27,s3fifoforgive,0.1,4,18,1,1,NA,NA,NA,3548.0576,70496923
node7.tardis-apia.ldos-ut-pg0.wisc.cloudlab.us,cluster27,s3fifoforgive,0.1,4,18,1,2,NA,NA,NA,3548.0576,70496923
node7.tardis-apia.ldos-ut-pg0.wisc.cloudlab.us,cluster27,s3fifoforgive,0.1,4,18,1,3,NA,NA,NA,3548.0576,70496923
node7.tardis-apia.ldos-ut-pg0.wisc.cloudlab.us,cluster28,lru,10,60,22,1,1,0.0325,3.73,547922219,596.3776,6207103
node7.tardis-apia.ldos-ut-pg0.wisc.cloudlab.us,cluster28,lru,10,60,22,1,2,0.0325,3.83,547922219,596.3776,6207103
node7.tardis-apia.ldos-ut-pg0.wisc.cloudlab.us,cluster28,lru,10,60,22,1,3,0.0325,3.90,547922219,596.3776,6207103
node7.tardis-apia.ldos-ut-pg0.wisc.cloudlab.us,cluster28,lruforgive,10,60,22,1,1,0.0325,0.96,547922219,596.3776,6207103
node7.tardis-apia.ldos-ut-pg0.wisc.cloudlab.us,cluster28,lruforgive,10,60,22,1,2,0.0325,0.98,547922219,596.3776,6207103
node7.tardis-apia.ldos-ut-pg0.wisc.cloudlab.us,cluster28,lruforgive,10,60,22,1,3,0.0325,0.98,547922219,596.3776,6207103
node7.tardis-apia.ldos-ut-pg0.wisc.cloudlab.us,cluster28,s3fifo,10,60,22,1,1,0.0316,4.22,547922219,596.3776,6207103
node7.tardis-apia.ldos-ut-pg0.wisc.cloudlab.us,cluster28,s3fifo,10,60,22,1,2,0.0316,4.18,547922219,596.3776,6207103
node7.tardis-apia.ldos-ut-pg0.wisc.cloudlab.us,cluster28,s3fifo,10,60,22,1,3,0.0316,4.20,547922219,596.3776,6207103
node7.tardis-apia.ldos-ut-pg0.wisc.cloudlab.us,cluster28,s3fifoforgive,10,60,22,1,1,0.0316,0.98,547922219,596.3776,6207103
node7.tardis-apia.ldos-ut-pg0.wisc.cloudlab.us,cluster28,s3fifoforgive,10,60,22,1,2,0.0316,0.99,547922219,596.3776,6207103
node7.tardis-apia.ldos-ut-pg0.wisc.cloudlab.us,cluster28,s3fifoforgive,10,60,22,1,3,0.0316,0.98,547922219,596.3776,6207103
node7.tardis-apia.ldos-ut-pg0.wisc.cloudlab.us,cluster28,lru,0.1,1,16,1,1,NA,NA,NA,596.3776,6207103
node7.tardis-apia.ldos-ut-pg0.wisc.cloudlab.us,cluster28,lru,0.1,1,16,1,2,NA,NA,NA,596.3776,6207103
node7.tardis-apia.ldos-ut-pg0.wisc.cloudlab.us,cluster28,lru,0.1,1,16,1,3,NA,NA,NA,596.3776,6207103
node7.tardis-apia.ldos-ut-pg0.wisc.cloudlab.us,cluster28,lruforgive,0.1,1,16,1,1,NA,NA,NA,596.3776,6207103
node7.tardis-apia.ldos-ut-pg0.wisc.cloudlab.us,cluster28,lruforgive,0.1,1,16,1,2,NA,NA,NA,596.3776,6207103
node7.tardis-apia.ldos-ut-pg0.wisc.cloudlab.us,cluster28,lruforgive,0.1,1,16,1,3,NA,NA,NA,596.3776,6207103
node7.tardis-apia.ldos-ut-pg0.wisc.cloudlab.us,cluster28,s3fifo,0.1,1,16,1,1,NA,NA,NA,596.3776,6207103
node7.tardis-apia.ldos-ut-pg0.wisc.cloudlab.us,cluster28,s3fifo,0.1,1,16,1,2,NA,NA,NA,596.3776,6207103
node7.tardis-apia.ldos-ut-pg0.wisc.cloudlab.us,cluster28,s3fifo,0.1,1,16,1,3,NA,NA,NA,596.3776,6207103
node7.tardis-apia.ldos-ut-pg0.wisc.cloudlab.us,cluster28,s3fifoforgive,0.1,1,16,1,1,NA,NA,NA,596.3776,6207103
node7.tardis-apia.ldos-ut-pg0.wisc.cloudlab.us,cluster28,s3fifoforgive,0.1,1,16,1,2,NA,NA,NA,596.3776,6207103
node7.tardis-apia.ldos-ut-pg0.wisc.cloudlab.us,cluster28,s3fifoforgive,0.1,1,16,1,3,NA,NA,NA,596.3776,6207103
node7.tardis-apia.ldos-ut-pg0.wisc.cloudlab.us,cluster29,lru,10,664,25,1,1,0.0511,2.64,698889959,6642.688,25247062
node7.tardis-apia.ldos-ut-pg0.wisc.cloudlab.us,cluster29,lru,10,664,25,1,2,0.0510,2.65,698889959,6642.688,25247062
node7.tardis-apia.ldos-ut-pg0.wisc.cloudlab.us,cluster29,lru,10,664,25,1,3,0.0510,2.65,698889959,6642.688,25247062
node7.tardis-apia.ldos-ut-pg0.wisc.cloudlab.us,cluster29,lruforgive,10,664,25,1,1,0.0515,0.63,698889959,6642.688,25247062
node7.tardis-apia.ldos-ut-pg0.wisc.cloudlab.us,cluster29,lruforgive,10,664,25,1,2,0.0515,0.63,698889959,6642.688,25247062
node7.tardis-apia.ldos-ut-pg0.wisc.cloudlab.us,cluster29,lruforgive,10,664,25,1,3,0.0515,0.62,698889959,6642.688,25247062
node7.tardis-apia.ldos-ut-pg0.wisc.cloudlab.us,cluster29,s3fifo,10,664,25,1,1,0.0497,3.04,698889959,6642.688,25247062
node7.tardis-apia.ldos-ut-pg0.wisc.cloudlab.us,cluster29,s3fifo,10,664,25,1,2,0.0497,3.01,698889959,6642.688,25247062
node7.tardis-apia.ldos-ut-pg0.wisc.cloudlab.us,cluster29,s3fifo,10,664,25,1,3,0.0497,3.03,698889959,6642.688,25247062
node7.tardis-apia.ldos-ut-pg0.wisc.cloudlab.us,cluster29,s3fifoforgive,10,664,25,1,1,0.0498,0.65,698889959,6642.688,25247062
node7.tardis-apia.ldos-ut-pg0.wisc.cloudlab.us,cluster29,s3fifoforgive,10,664,25,1,2,0.0498,0.65,698889959,6642.688,25247062
node7.tardis-apia.ldos-ut-pg0.wisc.cloudlab.us,cluster29,s3fifoforgive,10,664,25,1,3,0.0498,0.66,698889959,6642.688,25247062
node7.tardis-apia.ldos-ut-pg0.wisc.cloudlab.us,cluster29,lru,0.1,7,19,1,1,NA,NA,NA,6642.688,25247062
node7.tardis-apia.ldos-ut-pg0.wisc.cloudlab.us,cluster29,lru,0.1,7,19,1,2,NA,NA,NA,6642.688,25247062
node7.tardis-apia.ldos-ut-pg0.wisc.cloudlab.us,cluster29,lru,0.1,7,19,1,3,NA,NA,NA,6642.688,25247062
node7.tardis-apia.ldos-ut-pg0.wisc.cloudlab.us,cluster29,lruforgive,0.1,7,19,1,1,NA,NA,NA,6642.688,25247062
node7.tardis-apia.ldos-ut-pg0.wisc.cloudlab.us,cluster29,lruforgive,0.1,7,19,1,2,NA,NA,NA,6642.688,25247062
node7.tardis-apia.ldos-ut-pg0.wisc.cloudlab.us,cluster29,lruforgive,0.1,7,19,1,3,NA,NA,NA,6642.688,25247062
node7.tardis-apia.ldos-ut-pg0.wisc.cloudlab.us,cluster29,s3fifo,0.1,7,19,1,1,NA,NA,NA,6642.688,25247062
node7.tardis-apia.ldos-ut-pg0.wisc.cloudlab.us,cluster29,s3fifo,0.1,7,19,1,2,NA,NA,NA,6642.688,25247062
node7.tardis-apia.ldos-ut-pg0.wisc.cloudlab.us,cluster29,s3fifo,0.1,7,19,1,3,NA,NA,NA,6642.688,25247062
node7.tardis-apia.ldos-ut-pg0.wisc.cloudlab.us,cluster29,s3fifoforgive,0.1,7,19,1,1,NA,NA,NA,6642.688,25247062
node7.tardis-apia.ldos-ut-pg0.wisc.cloudlab.us,cluster29,s3fifoforgive,0.1,7,19,1,2,NA,NA,NA,6642.688,25247062
node7.tardis-apia.ldos-ut-pg0.wisc.cloudlab.us,cluster29,s3fifoforgive,0.1,7,19,1,3,NA,NA,NA,6642.688,25247062
node7.tardis-apia.ldos-ut-pg0.wisc.cloudlab.us,cluster3,lru,10,4,18,1,1,NA,NA,NA,44.2368,627782
node7.tardis-apia.ldos-ut-pg0.wisc.cloudlab.us,cluster3,lru,10,4,18,1,2,NA,NA,NA,44.2368,627782
node7.tardis-apia.ldos-ut-pg0.wisc.cloudlab.us,cluster3,lru,10,4,18,1,3,NA,NA,NA,44.2368,627782
node7.tardis-apia.ldos-ut-pg0.wisc.cloudlab.us,cluster3,lruforgive,10,4,18,1,1,NA,NA,NA,44.2368,627782
node7.tardis-apia.ldos-ut-pg0.wisc.cloudlab.us,cluster3,lruforgive,10,4,18,1,2,NA,NA,NA,44.2368,627782
node7.tardis-apia.ldos-ut-pg0.wisc.cloudlab.us,cluster3,lruforgive,10,4,18,1,3,NA,NA,NA,44.2368,627782
node7.tardis-apia.ldos-ut-pg0.wisc.cloudlab.us,cluster3,s3fifo,10,4,18,1,1,NA,NA,NA,44.2368,627782
node7.tardis-apia.ldos-ut-pg0.wisc.cloudlab.us,cluster3,s3fifo,10,4,18,1,2,NA,NA,NA,44.2368,627782
node7.tardis-apia.ldos-ut-pg0.wisc.cloudlab.us,cluster3,s3fifo,10,4,18,1,3,NA,NA,NA,44.2368,627782
node7.tardis-apia.ldos-ut-pg0.wisc.cloudlab.us,cluster3,s3fifoforgive,10,4,18,1,1,NA,NA,NA,44.2368,627782
node7.tardis-apia.ldos-ut-pg0.wisc.cloudlab.us,cluster3,s3fifoforgive,10,4,18,1,2,NA,NA,NA,44.2368,627782
node7.tardis-apia.ldos-ut-pg0.wisc.cloudlab.us,cluster3,s3fifoforgive,10,4,18,1,3,NA,NA,NA,44.2368,627782
node7.tardis-apia.ldos-ut-pg0.wisc.cloudlab.us,cluster30,lru,10,8,19,1,1,0.9634,5.85,239772076,77.5168,1299703
node7.tardis-apia.ldos-ut-pg0.wisc.cloudlab.us,cluster30,lru,10,8,19,1,2,0.9634,6.04,239772076,77.5168,1299703
node7.tardis-apia.ldos-ut-pg0.wisc.cloudlab.us,cluster30,lru,10,8,19,1,3,0.9634,5.87,239772076,77.5168,1299703
node7.tardis-apia.ldos-ut-pg0.wisc.cloudlab.us,cluster30,lruforgive,10,8,19,1,1,0.9634,5.36,239772076,77.5168,1299703
node7.tardis-apia.ldos-ut-pg0.wisc.cloudlab.us,cluster30,lruforgive,10,8,19,1,2,0.9634,5.26,239772076,77.5168,1299703
node7.tardis-apia.ldos-ut-pg0.wisc.cloudlab.us,cluster30,lruforgive,10,8,19,1,3,0.9634,5.35,239772076,77.5168,1299703
node7.tardis-apia.ldos-ut-pg0.wisc.cloudlab.us,cluster30,s3fifo,10,8,19,1,1,0.9634,7.10,239772076,77.5168,1299703
node7.tardis-apia.ldos-ut-pg0.wisc.cloudlab.us,cluster30,s3fifo,10,8,19,1,2,0.9634,6.85,239772076,77.5168,1299703
node7.tardis-apia.ldos-ut-pg0.wisc.cloudlab.us,cluster30,s3fifo,10,8,19,1,3,0.9634,7.09,239772076,77.5168,1299703
node7.tardis-apia.ldos-ut-pg0.wisc.cloudlab.us,cluster30,s3fifoforgive,10,8,19,1,1,0.9634,6.16,239772076,77.5168,1299703
node7.tardis-apia.ldos-ut-pg0.wisc.cloudlab.us,cluster30,s3fifoforgive,10,8,19,1,2,0.9634,6.16,239772076,77.5168,1299703
node7.tardis-apia.ldos-ut-pg0.wisc.cloudlab.us,cluster30,s3fifoforgive,10,8,19,1,3,0.9634,6.09,239772076,77.5168,1299703
node7.tardis-apia.ldos-ut-pg0.wisc.cloudlab.us,cluster30,lru,0.1,1,16,1,1,NA,NA,NA,77.5168,1299703
node7.tardis-apia.ldos-ut-pg0.wisc.cloudlab.us,cluster30,lru,0.1,1,16,1,2,NA,NA,NA,77.5168,1299703
node7.tardis-apia.ldos-ut-pg0.wisc.cloudlab.us,cluster30,lru,0.1,1,16,1,3,NA,NA,NA,77.5168,1299703
node7.tardis-apia.ldos-ut-pg0.wisc.cloudlab.us,cluster30,lruforgive,0.1,1,16,1,1,NA,NA,NA,77.5168,1299703
node7.tardis-apia.ldos-ut-pg0.wisc.cloudlab.us,cluster30,lruforgive,0.1,1,16,1,2,NA,NA,NA,77.5168,1299703
node7.tardis-apia.ldos-ut-pg0.wisc.cloudlab.us,cluster30,lruforgive,0.1,1,16,1,3,NA,NA,NA,77.5168,1299703
node7.tardis-apia.ldos-ut-pg0.wisc.cloudlab.us,cluster30,s3fifo,0.1,1,16,1,1,NA,NA,NA,77.5168,1299703
node7.tardis-apia.ldos-ut-pg0.wisc.cloudlab.us,cluster30,s3fifo,0.1,1,16,1,2,NA,NA,NA,77.5168,1299703
node7.tardis-apia.ldos-ut-pg0.wisc.cloudlab.us,cluster30,s3fifo,0.1,1,16,1,3,NA,NA,NA,77.5168,1299703
node7.tardis-apia.ldos-ut-pg0.wisc.cloudlab.us,cluster30,s3fifoforgive,0.1,1,16,1,1,NA,NA,NA,77.5168,1299703
node7.tardis-apia.ldos-ut-pg0.wisc.cloudlab.us,cluster30,s3fifoforgive,0.1,1,16,1,2,NA,NA,NA,77.5168,1299703
node7.tardis-apia.ldos-ut-pg0.wisc.cloudlab.us,cluster30,s3fifoforgive,0.1,1,16,1,3,NA,NA,NA,77.5168,1299703
node7.tardis-apia.ldos-ut-pg0.wisc.cloudlab.us,cluster31,lru,10,671,25,1,1,0.9368,1.39,134116133,6711.0912,125839586
node7.tardis-apia.ldos-ut-pg0.wisc.cloudlab.us,cluster31,lru,10,671,25,1,2,0.9368,1.39,134116133,6711.0912,125839586
node7.tardis-apia.ldos-ut-pg0.wisc.cloudlab.us,cluster31,lru,10,671,25,1,3,0.9368,1.38,134116133,6711.0912,125839586
node7.tardis-apia.ldos-ut-pg0.wisc.cloudlab.us,cluster31,lruforgive,10,671,25,1,1,0.9368,1.05,134116133,6711.0912,125839586
node7.tardis-apia.ldos-ut-pg0.wisc.cloudlab.us,cluster31,lruforgive,10,671,25,1,2,0.9368,1.06,134116133,6711.0912,125839586
node7.tardis-apia.ldos-ut-pg0.wisc.cloudlab.us,cluster31,lruforgive,10,671,25,1,3,0.9368,1.06,134116133,6711.0912,125839586
node7.tardis-apia.ldos-ut-pg0.wisc.cloudlab.us,cluster31,s3fifo,10,671,25,1,1,0.9368,1.13,134116133,6711.0912,125839586
node7.tardis-apia.ldos-ut-pg0.wisc.cloudlab.us,cluster31,s3fifo,10,671,25,1,2,0.9368,1.11,134116133,6711.0912,125839586
node7.tardis-apia.ldos-ut-pg0.wisc.cloudlab.us,cluster31,s3fifo,10,671,25,1,3,0.9368,1.11,134116133,6711.0912,125839586
node7.tardis-apia.ldos-ut-pg0.wisc.cloudlab.us,cluster31,s3fifoforgive,10,671,25,1,1,0.9368,0.90,134116133,6711.0912,125839586
node7.tardis-apia.ldos-ut-pg0.wisc.cloudlab.us,cluster31,s3fifoforgive,10,671,25,1,2,0.9368,0.90,134116133,6711.0912,125839586
node7.tardis-apia.ldos-ut-pg0.wisc.cloudlab.us,cluster31,s3fifoforgive,10,671,25,1,3,0.9368,0.89,134116133,6711.0912,125839586
node7.tardis-apia.ldos-ut-pg0.wisc.cloudlab.us,cluster31,lru,0.1,7,19,1,1,NA,NA,NA,6711.0912,125839586
node7.tardis-apia.ldos-ut-pg0.wisc.cloudlab.us,cluster31,lru,0.1,7,19,1,2,NA,NA,NA,6711.0912,125839586
node7.tardis-apia.ldos-ut-pg0.wisc.cloudlab.us,cluster31,lru,0.1,7,19,1,3,NA,NA,NA,6711.0912,125839586
node7.tardis-apia.ldos-ut-pg0.wisc.cloudlab.us,cluster31,lruforgive,0.1,7,19,1,1,NA,NA,NA,6711.0912,125839586
node7.tardis-apia.ldos-ut-pg0.wisc.cloudlab.us,cluster31,lruforgive,0.1,7,19,1,2,NA,NA,NA,6711.0912,125839586
node7.tardis-apia.ldos-ut-pg0.wisc.cloudlab.us,cluster31,lruforgive,0.1,7,19,1,3,NA,NA,NA,6711.0912,125839586
node7.tardis-apia.ldos-ut-pg0.wisc.cloudlab.us,cluster31,s3fifo,0.1,7,19,1,1,NA,NA,NA,6711.0912,125839586
node7.tardis-apia.ldos-ut-pg0.wisc.cloudlab.us,cluster31,s3fifo,0.1,7,19,1,2,NA,NA,NA,6711.0912,125839586
node7.tardis-apia.ldos-ut-pg0.wisc.cloudlab.us,cluster31,s3fifo,0.1,7,19,1,3,NA,NA,NA,6711.0912,125839586
node7.tardis-apia.ldos-ut-pg0.wisc.cloudlab.us,cluster31,s3fifoforgive,0.1,7,19,1,1,NA,NA,NA,6711.0912,125839586
node7.tardis-apia.ldos-ut-pg0.wisc.cloudlab.us,cluster31,s3fifoforgive,0.1,7,19,1,2,NA,NA,NA,6711.0912,125839586
node7.tardis-apia.ldos-ut-pg0.wisc.cloudlab.us,cluster31,s3fifoforgive,0.1,7,19,1,3,NA,NA,NA,6711.0912,125839586
node7.tardis-apia.ldos-ut-pg0.wisc.cloudlab.us,cluster32,lru,10,6094,27,1,1,0.9644,1.20,366744479,60936.4992,355744445
node7.tardis-apia.ldos-ut-pg0.wisc.cloudlab.us,cluster32,lru,10,6094,27,1,2,0.9644,1.19,366744479,60936.4992,355744445
node7.tardis-apia.ldos-ut-pg0.wisc.cloudlab.us,cluster32,lru,10,6094,27,1,3,0.9644,1.20,366744479,60936.4992,355744445
node7.tardis-apia.ldos-ut-pg0.wisc.cloudlab.us,cluster32,lruforgive,10,6094,27,1,1,0.9644,0.92,366744479,60936.4992,355744445
node7.tardis-apia.ldos-ut-pg0.wisc.cloudlab.us,cluster32,lruforgive,10,6094,27,1,2,0.9644,0.93,366744479,60936.4992,355744445
node7.tardis-apia.ldos-ut-pg0.wisc.cloudlab.us,cluster32,lruforgive,10,6094,27,1,3,0.9644,0.93,366744479,60936.4992,355744445
node7.tardis-apia.ldos-ut-pg0.wisc.cloudlab.us,cluster32,s3fifo,10,6094,27,1,1,0.9644,0.98,366744479,60936.4992,355744445
node7.tardis-apia.ldos-ut-pg0.wisc.cloudlab.us,cluster32,s3fifo,10,6094,27,1,2,0.9644,0.98,366744479,60936.4992,355744445
node7.tardis-apia.ldos-ut-pg0.wisc.cloudlab.us,cluster32,s3fifo,10,6094,27,1,3,0.9644,0.98,366744479,60936.4992,355744445
node7.tardis-apia.ldos-ut-pg0.wisc.cloudlab.us,cluster32,s3fifoforgive,10,6094,27,1,1,0.9644,0.76,366744479,60936.4992,355744445
node7.tardis-apia.ldos-ut-pg0.wisc.cloudlab.us,cluster32,s3fifoforgive,10,6094,27,1,2,0.9644,0.76,366744479,60936.4992,355744445
node7.tardis-apia.ldos-ut-pg0.wisc.cloudlab.us,cluster32,s3fifoforgive,10,6094,27,1,3,0.9644,0.76,366744479,60936.4992,355744445
node7.tardis-apia.ldos-ut-pg0.wisc.cloudlab.us,cluster32,lru,0.1,61,22,1,1,0.9700,1.31,366744479,60936.4992,355744445
node7.tardis-apia.ldos-ut-pg0.wisc.cloudlab.us,cluster32,lru,0.1,61,22,1,2,0.9700,1.32,366744479,60936.4992,355744445
node7.tardis-apia.ldos-ut-pg0.wisc.cloudlab.us,cluster32,lru,0.1,61,22,1,3,0.9700,1.31,366744479,60936.4992,355744445
node7.tardis-apia.ldos-ut-pg0.wisc.cloudlab.us,cluster32,lruforgive,0.1,61,22,1,1,0.9700,1.00,366744479,60936.4992,355744445
node7.tardis-apia.ldos-ut-pg0.wisc.cloudlab.us,cluster32,lruforgive,0.1,61,22,1,2,0.9700,1.00,366744479,60936.4992,355744445
node7.tardis-apia.ldos-ut-pg0.wisc.cloudlab.us,cluster32,lruforgive,0.1,61,22,1,3,0.9700,0.98,366744479,60936.4992,355744445
node7.tardis-apia.ldos-ut-pg0.wisc.cloudlab.us,cluster32,s3fifo,0.1,61,22,1,1,0.9700,1.58,366744479,60936.4992,355744445
node7.tardis-apia.ldos-ut-pg0.wisc.cloudlab.us,cluster32,s3fifo,0.1,61,22,1,2,0.9700,1.57,366744479,60936.4992,355744445
node7.tardis-apia.ldos-ut-pg0.wisc.cloudlab.us,cluster32,s3fifo,0.1,61,22,1,3,0.9700,1.54,366744479,60936.4992,355744445
node7.tardis-apia.ldos-ut-pg0.wisc.cloudlab.us,cluster32,s3fifoforgive,0.1,61,22,1,1,0.9700,1.10,366744479,60936.4992,355744445
node7.tardis-apia.ldos-ut-pg0.wisc.cloudlab.us,cluster32,s3fifoforgive,0.1,61,22,1,2,0.9700,1.10,366744479,60936.4992,355744445
node7.tardis-apia.ldos-ut-pg0.wisc.cloudlab.us,cluster32,s3fifoforgive,0.1,61,22,1,3,0.9700,1.11,366744479,60936.4992,355744445
node7.tardis-apia.ldos-ut-pg0.wisc.cloudlab.us,cluster33,lru,10,18,20,1,1,0.9768,6.01,696618129,179.6096,1907377
node7.tardis-apia.ldos-ut-pg0.wisc.cloudlab.us,cluster33,lru,10,18,20,1,2,0.9768,6.04,696618129,179.6096,1907377
node7.tardis-apia.ldos-ut-pg0.wisc.cloudlab.us,cluster33,lru,10,18,20,1,3,0.9768,6.13,696618129,179.6096,1907377
node7.tardis-apia.ldos-ut-pg0.wisc.cloudlab.us,cluster33,lruforgive,10,18,20,1,1,0.9768,5.53,696618129,179.6096,1907377
node7.tardis-apia.ldos-ut-pg0.wisc.cloudlab.us,cluster33,lruforgive,10,18,20,1,2,0.9768,5.52,696618129,179.6096,1907377
node7.tardis-apia.ldos-ut-pg0.wisc.cloudlab.us,cluster33,lruforgive,10,18,20,1,3,0.9768,5.45,696618129,179.6096,1907377
node7.tardis-apia.ldos-ut-pg0.wisc.cloudlab.us,cluster33,s3fifo,10,18,20,1,1,0.9768,7.02,696618129,179.6096,1907377
node7.tardis-apia.ldos-ut-pg0.wisc.cloudlab.us,cluster33,s3fifo,10,18,20,1,2,0.9768,7.24,696618129,179.6096,1907377
node7.tardis-apia.ldos-ut-pg0.wisc.cloudlab.us,cluster33,s3fifo,10,18,20,1,3,0.9768,7.16,696618129,179.6096,1907377
node7.tardis-apia.ldos-ut-pg0.wisc.cloudlab.us,cluster33,s3fifoforgive,10,18,20,1,1,0.9768,6.37,696618129,179.6096,1907377
node7.tardis-apia.ldos-ut-pg0.wisc.cloudlab.us,cluster33,s3fifoforgive,10,18,20,1,2,0.9768,6.49,696618129,179.6096,1907377
node7.tardis-apia.ldos-ut-pg0.wisc.cloudlab.us,cluster33,s3fifoforgive,10,18,20,1,3,0.9768,6.49,696618129,179.6096,1907377
node7.tardis-apia.ldos-ut-pg0.wisc.cloudlab.us,cluster33,lru,0.1,1,16,1,1,NA,NA,NA,179.6096,1907377
node7.tardis-apia.ldos-ut-pg0.wisc.cloudlab.us,cluster33,lru,0.1,1,16,1,2,NA,NA,NA,179.6096,1907377
node7.tardis-apia.ldos-ut-pg0.wisc.cloudlab.us,cluster33,lru,0.1,1,16,1,3,NA,NA,NA,179.6096,1907377
node7.tardis-apia.ldos-ut-pg0.wisc.cloudlab.us,cluster33,lruforgive,0.1,1,16,1,1,NA,NA,NA,179.6096,1907377
node7.tardis-apia.ldos-ut-pg0.wisc.cloudlab.us,cluster33,lruforgive,0.1,1,16,1,2,NA,NA,NA,179.6096,1907377
node7.tardis-apia.ldos-ut-pg0.wisc.cloudlab.us,cluster33,lruforgive,0.1,1,16,1,3,NA,NA,NA,179.6096,1907377
node7.tardis-apia.ldos-ut-pg0.wisc.cloudlab.us,cluster33,s3fifo,0.1,1,16,1,1,NA,NA,NA,179.6096,1907377
node7.tardis-apia.ldos-ut-pg0.wisc.cloudlab.us,cluster33,s3fifo,0.1,1,16,1,2,NA,NA,NA,179.6096,1907377
node7.tardis-apia.ldos-ut-pg0.wisc.cloudlab.us,cluster33,s3fifo,0.1,1,16,1,3,NA,NA,NA,179.6096,1907377
node7.tardis-apia.ldos-ut-pg0.wisc.cloudlab.us,cluster33,s3fifoforgive,0.1,1,16,1,1,NA,NA,NA,179.6096,1907377
node7.tardis-apia.ldos-ut-pg0.wisc.cloudlab.us,cluster33,s3fifoforgive,0.1,1,16,1,2,NA,NA,NA,179.6096,1907377
node7.tardis-apia.ldos-ut-pg0.wisc.cloudlab.us,cluster33,s3fifoforgive,0.1,1,16,1,3,NA,NA,NA,179.6096,1907377
node7.tardis-apia.ldos-ut-pg0.wisc.cloudlab.us,cluster34,lru,10,26,21,1,1,0.4412,2.64,236077507,264.9088,1424796
node7.tardis-apia.ldos-ut-pg0.wisc.cloudlab.us,cluster34,lru,10,26,21,1,2,0.4412,2.62,236077507,264.9088,1424796
node7.tardis-apia.ldos-ut-pg0.wisc.cloudlab.us,cluster34,lru,10,26,21,1,3,0.4412,2.64,236077507,264.9088,1424796
node7.tardis-apia.ldos-ut-pg0.wisc.cloudlab.us,cluster34,lruforgive,10,26,21,1,1,0.4412,1.04,236077507,264.9088,1424796
node7.tardis-apia.ldos-ut-pg0.wisc.cloudlab.us,cluster34,lruforgive,10,26,21,1,2,0.4412,1.05,236077507,264.9088,1424796
node7.tardis-apia.ldos-ut-pg0.wisc.cloudlab.us,cluster34,lruforgive,10,26,21,1,3,0.4412,1.04,236077507,264.9088,1424796
node7.tardis-apia.ldos-ut-pg0.wisc.cloudlab.us,cluster34,s3fifo,10,26,21,1,1,0.3906,2.73,236077507,264.9088,1424796
node7.tardis-apia.ldos-ut-pg0.wisc.cloudlab.us,cluster34,s3fifo,10,26,21,1,2,0.3906,2.72,236077507,264.9088,1424796
node7.tardis-apia.ldos-ut-pg0.wisc.cloudlab.us,cluster34,s3fifo,10,26,21,1,3,0.3906,2.73,236077507,264.9088,1424796
node7.tardis-apia.ldos-ut-pg0.wisc.cloudlab.us,cluster34,s3fifoforgive,10,26,21,1,1,0.3906,1.09,236077507,264.9088,1424796
node7.tardis-apia.ldos-ut-pg0.wisc.cloudlab.us,cluster34,s3fifoforgive,10,26,21,1,2,0.3906,1.09,236077507,264.9088,1424796
node7.tardis-apia.ldos-ut-pg0.wisc.cloudlab.us,cluster34,s3fifoforgive,10,26,21,1,3,0.3906,1.09,236077507,264.9088,1424796
node7.tardis-apia.ldos-ut-pg0.wisc.cloudlab.us,cluster34,lru,0.1,1,16,1,1,NA,NA,NA,264.9088,1424796
node7.tardis-apia.ldos-ut-pg0.wisc.cloudlab.us,cluster34,lru,0.1,1,16,1,2,NA,NA,NA,264.9088,1424796
node7.tardis-apia.ldos-ut-pg0.wisc.cloudlab.us,cluster34,lru,0.1,1,16,1,3,NA,NA,NA,264.9088,1424796
node7.tardis-apia.ldos-ut-pg0.wisc.cloudlab.us,cluster34,lruforgive,0.1,1,16,1,1,NA,NA,NA,264.9088,1424796
node7.tardis-apia.ldos-ut-pg0.wisc.cloudlab.us,cluster34,lruforgive,0.1,1,16,1,2,NA,NA,NA,264.9088,1424796
node7.tardis-apia.ldos-ut-pg0.wisc.cloudlab.us,cluster34,lruforgive,0.1,1,16,1,3,NA,NA,NA,264.9088,1424796
node7.tardis-apia.ldos-ut-pg0.wisc.cloudlab.us,cluster34,s3fifo,0.1,1,16,1,1,NA,NA,NA,264.9088,1424796
node7.tardis-apia.ldos-ut-pg0.wisc.cloudlab.us,cluster34,s3fifo,0.1,1,16,1,2,NA,NA,NA,264.9088,1424796
node7.tardis-apia.ldos-ut-pg0.wisc.cloudlab.us,cluster34,s3fifo,0.1,1,16,1,3,NA,NA,NA,264.9088,1424796
node7.tardis-apia.ldos-ut-pg0.wisc.cloudlab.us,cluster34,s3fifoforgive,0.1,1,16,1,1,NA,NA,NA,264.9088,1424796
node7.tardis-apia.ldos-ut-pg0.wisc.cloudlab.us,cluster34,s3fifoforgive,0.1,1,16,1,2,NA,NA,NA,264.9088,1424796
node7.tardis-apia.ldos-ut-pg0.wisc.cloudlab.us,cluster34,s3fifoforgive,0.1,1,16,1,3,NA,NA,NA,264.9088,1424796
node7.tardis-apia.ldos-ut-pg0.wisc.cloudlab.us,cluster35,lru,10,1321,26,1,1,0.0700,3.64,182860374,13208.9856,12794894
node7.tardis-apia.ldos-ut-pg0.wisc.cloudlab.us,cluster35,lru,10,1321,26,1,2,0.0700,3.67,182860374,13208.9856,12794894
node7.tardis-apia.ldos-ut-pg0.wisc.cloudlab.us,cluster35,lru,10,1321,26,1,3,0.0700,3.68,182860374,13208.9856,12794894
node7.tardis-apia.ldos-ut-pg0.wisc.cloudlab.us,cluster35,lruforgive,10,1321,26,1,1,0.0700,0.78,182860374,13208.9856,12794894
node7.tardis-apia.ldos-ut-pg0.wisc.cloudlab.us,cluster35,lruforgive,10,1321,26,1,2,0.0700,0.77,182860374,13208.9856,12794894
node7.tardis-apia.ldos-ut-pg0.wisc.cloudlab.us,cluster35,lruforgive,10,1321,26,1,3,0.0700,0.77,182860374,13208.9856,12794894
node7.tardis-apia.ldos-ut-pg0.wisc.cloudlab.us,cluster35,s3fifo,10,1321,26,1,1,0.0700,3.39,182860374,13208.9856,12794894
node7.tardis-apia.ldos-ut-pg0.wisc.cloudlab.us,cluster35,s3fifo,10,1321,26,1,2,0.0700,3.42,182860374,13208.9856,12794894
node7.tardis-apia.ldos-ut-pg0.wisc.cloudlab.us,cluster35,s3fifo,10,1321,26,1,3,0.0700,3.44,182860374,13208.9856,12794894
node7.tardis-apia.ldos-ut-pg0.wisc.cloudlab.us,cluster35,s3fifoforgive,10,1321,26,1,1,0.0700,0.79,182860374,13208.9856,12794894
node7.tardis-apia.ldos-ut-pg0.wisc.cloudlab.us,cluster35,s3fifoforgive,10,1321,26,1,2,0.0700,0.79,182860374,13208.9856,12794894
node7.tardis-apia.ldos-ut-pg0.wisc.cloudlab.us,cluster35,s3fifoforgive,10,1321,26,1,3,0.0700,0.79,182860374,13208.9856,12794894
node7.tardis-apia.ldos-ut-pg0.wisc.cloudlab.us,cluster35,lru,0.1,13,20,1,1,0.6749,5.41,182860374,13208.9856,12794894
node7.tardis-apia.ldos-ut-pg0.wisc.cloudlab.us,cluster35,lru,0.1,13,20,1,2,0.6749,5.36,182860374,13208.9856,12794894
node7.tardis-apia.ldos-ut-pg0.wisc.cloudlab.us,cluster35,lru,0.1,13,20,1,3,0.6749,5.41,182860374,13208.9856,12794894
node7.tardis-apia.ldos-ut-pg0.wisc.cloudlab.us,cluster35,lruforgive,0.1,13,20,1,1,0.6749,2.41,182860374,13208.9856,12794894
node7.tardis-apia.ldos-ut-pg0.wisc.cloudlab.us,cluster35,lruforgive,0.1,13,20,1,2,0.6749,2.42,182860374,13208.9856,12794894
node7.tardis-apia.ldos-ut-pg0.wisc.cloudlab.us,cluster35,lruforgive,0.1,13,20,1,3,0.6749,2.38,182860374,13208.9856,12794894
node7.tardis-apia.ldos-ut-pg0.wisc.cloudlab.us,cluster35,s3fifo,0.1,13,20,1,1,0.6749,6.14,182860374,13208.9856,12794894
node7.tardis-apia.ldos-ut-pg0.wisc.cloudlab.us,cluster35,s3fifo,0.1,13,20,1,2,0.6749,6.21,182860374,13208.9856,12794894
node7.tardis-apia.ldos-ut-pg0.wisc.cloudlab.us,cluster35,s3fifo,0.1,13,20,1,3,0.6749,6.08,182860374,13208.9856,12794894
node7.tardis-apia.ldos-ut-pg0.wisc.cloudlab.us,cluster35,s3fifoforgive,0.1,13,20,1,1,0.6749,2.55,182860374,13208.9856,12794894
node7.tardis-apia.ldos-ut-pg0.wisc.cloudlab.us,cluster35,s3fifoforgive,0.1,13,20,1,2,0.6749,2.52,182860374,13208.9856,12794894
node7.tardis-apia.ldos-ut-pg0.wisc.cloudlab.us,cluster35,s3fifoforgive,0.1,13,20,1,3,0.6749,2.53,182860374,13208.9856,12794894
node7.tardis-apia.ldos-ut-pg0.wisc.cloudlab.us,cluster36,lru,10,22,20,1,1,0.7836,5.00,541003153,216.576,7102308
node7.tardis-apia.ldos-ut-pg0.wisc.cloudlab.us,cluster36,lru,10,22,20,1,2,0.7836,5.03,541003153,216.576,7102308
node7.tardis-apia.ldos-ut-pg0.wisc.cloudlab.us,cluster36,lru,10,22,20,1,3,0.7836,5.08,541003153,216.576,7102308
node7.tardis-apia.ldos-ut-pg0.wisc.cloudlab.us,cluster36,lruforgive,10,22,20,1,1,0.7836,3.02,541003153,216.576,7102308
node7.tardis-apia.ldos-ut-pg0.wisc.cloudlab.us,cluster36,lruforgive,10,22,20,1,2,0.7836,3.03,541003153,216.576,7102308
node7.tardis-apia.ldos-ut-pg0.wisc.cloudlab.us,cluster36,lruforgive,10,22,20,1,3,0.7836,3.13,541003153,216.576,7102308
node7.tardis-apia.ldos-ut-pg0.wisc.cloudlab.us,cluster36,s3fifo,10,22,20,1,1,0.7829,5.78,541003153,216.576,7102308
node7.tardis-apia.ldos-ut-pg0.wisc.cloudlab.us,cluster36,s3fifo,10,22,20,1,2,0.7829,5.57,541003153,216.576,7102308
node7.tardis-apia.ldos-ut-pg0.wisc.cloudlab.us,cluster36,s3fifo,10,22,20,1,3,0.7829,5.47,541003153,216.576,7102308
node7.tardis-apia.ldos-ut-pg0.wisc.cloudlab.us,cluster36,s3fifoforgive,10,22,20,1,1,0.7829,3.37,541003153,216.576,7102308
node7.tardis-apia.ldos-ut-pg0.wisc.cloudlab.us,cluster36,s3fifoforgive,10,22,20,1,2,0.7829,3.34,541003153,216.576,7102308
node7.tardis-apia.ldos-ut-pg0.wisc.cloudlab.us,cluster36,s3fifoforgive,10,22,20,1,3,0.7829,3.35,541003153,216.576,7102308
node7.tardis-apia.ldos-ut-pg0.wisc.cloudlab.us,cluster36,lru,0.1,1,16,1,1,NA,NA,NA,216.576,7102308
node7.tardis-apia.ldos-ut-pg0.wisc.cloudlab.us,cluster36,lru,0.1,1,16,1,2,NA,NA,NA,216.576,7102308
node7.tardis-apia.ldos-ut-pg0.wisc.cloudlab.us,cluster36,lru,0.1,1,16,1,3,NA,NA,NA,216.576,7102308
node7.tardis-apia.ldos-ut-pg0.wisc.cloudlab.us,cluster36,lruforgive,0.1,1,16,1,1,NA,NA,NA,216.576,7102308
node7.tardis-apia.ldos-ut-pg0.wisc.cloudlab.us,cluster36,lruforgive,0.1,1,16,1,2,NA,NA,NA,216.576,7102308
node7.tardis-apia.ldos-ut-pg0.wisc.cloudlab.us,cluster36,lruforgive,0.1,1,16,1,3,NA,NA,NA,216.576,7102308
node7.tardis-apia.ldos-ut-pg0.wisc.cloudlab.us,cluster36,s3fifo,0.1,1,16,1,1,NA,NA,NA,216.576,7102308
node7.tardis-apia.ldos-ut-pg0.wisc.cloudlab.us,cluster36,s3fifo,0.1,1,16,1,2,NA,NA,NA,216.576,7102308
node7.tardis-apia.ldos-ut-pg0.wisc.cloudlab.us,cluster36,s3fifo,0.1,1,16,1,3,NA,NA,NA,216.576,7102308
node7.tardis-apia.ldos-ut-pg0.wisc.cloudlab.us,cluster36,s3fifoforgive,0.1,1,16,1,1,NA,NA,NA,216.576,7102308
node7.tardis-apia.ldos-ut-pg0.wisc.cloudlab.us,cluster36,s3fifoforgive,0.1,1,16,1,2,NA,NA,NA,216.576,7102308
node7.tardis-apia.ldos-ut-pg0.wisc.cloudlab.us,cluster36,s3fifoforgive,0.1,1,16,1,3,NA,NA,NA,216.576,7102308
node7.tardis-apia.ldos-ut-pg0.wisc.cloudlab.us,cluster37,lru,10,1599,27,1,1,0.2243,2.04,315586775,15989.9648,69711003
node7.tardis-apia.ldos-ut-pg0.wisc.cloudlab.us,cluster37,lru,10,1599,27,1,2,0.2243,2.10,315586775,15989.9648,69711003
node7.tardis-apia.ldos-ut-pg0.wisc.cloudlab.us,cluster37,lru,10,1599,27,1,3,0.2243,2.05,315586775,15989.9648,69711003
node7.tardis-apia.ldos-ut-pg0.wisc.cloudlab.us,cluster37,lruforgive,10,1599,27,1,1,0.2243,0.69,315586775,15989.9648,69711003
node7.tardis-apia.ldos-ut-pg0.wisc.cloudlab.us,cluster37,lruforgive,10,1599,27,1,2,0.2243,0.69,315586775,15989.9648,69711003
node7.tardis-apia.ldos-ut-pg0.wisc.cloudlab.us,cluster37,lruforgive,10,1599,27,1,3,0.2243,0.70,315586775,15989.9648,69711003
node7.tardis-apia.ldos-ut-pg0.wisc.cloudlab.us,cluster37,s3fifo,10,1599,27,1,1,0.2238,1.91,315586775,15989.9648,69711003
node7.tardis-apia.ldos-ut-pg0.wisc.cloudlab.us,cluster37,s3fifo,10,1599,27,1,2,0.2238,1.90,315586775,15989.9648,69711003
node7.tardis-apia.ldos-ut-pg0.wisc.cloudlab.us,cluster37,s3fifo,10,1599,27,1,3,0.2238,1.91,315586775,15989.9648,69711003
node7.tardis-apia.ldos-ut-pg0.wisc.cloudlab.us,cluster37,s3fifoforgive,10,1599,27,1,1,0.2238,0.70,315586775,15989.9648,69711003
node7.tardis-apia.ldos-ut-pg0.wisc.cloudlab.us,cluster37,s3fifoforgive,10,1599,27,1,2,0.2238,0.70,315586775,15989.9648,69711003
node7.tardis-apia.ldos-ut-pg0.wisc.cloudlab.us,cluster37,s3fifoforgive,10,1599,27,1,3,0.2238,0.70,315586775,15989.9648,69711003
node7.tardis-apia.ldos-ut-pg0.wisc.cloudlab.us,cluster37,lru,0.1,16,20,1,1,0.9977,5.82,315586775,15989.9648,69711003
node7.tardis-apia.ldos-ut-pg0.wisc.cloudlab.us,cluster37,lru,0.1,16,20,1,2,0.9977,5.70,315586775,15989.9648,69711003
node7.tardis-apia.ldos-ut-pg0.wisc.cloudlab.us,cluster37,lru,0.1,16,20,1,3,0.9977,5.89,315586775,15989.9648,69711003
node7.tardis-apia.ldos-ut-pg0.wisc.cloudlab.us,cluster37,lruforgive,0.1,16,20,1,1,0.9977,5.75,315586775,15989.9648,69711003
node7.tardis-apia.ldos-ut-pg0.wisc.cloudlab.us,cluster37,lruforgive,0.1,16,20,1,2,0.9977,5.83,315586775,15989.9648,69711003
node7.tardis-apia.ldos-ut-pg0.wisc.cloudlab.us,cluster37,lruforgive,0.1,16,20,1,3,0.9977,5.74,315586775,15989.9648,69711003
node7.tardis-apia.ldos-ut-pg0.wisc.cloudlab.us,cluster37,s3fifo,0.1,16,20,1,1,0.9977,7.04,315586775,15989.9648,69711003
node7.tardis-apia.ldos-ut-pg0.wisc.cloudlab.us,cluster37,s3fifo,0.1,16,20,1,2,0.9977,6.88,315586775,15989.9648,69711003
node7.tardis-apia.ldos-ut-pg0.wisc.cloudlab.us,cluster37,s3fifo,0.1,16,20,1,3,0.9977,7.07,315586775,15989.9648,69711003
node7.tardis-apia.ldos-ut-pg0.wisc.cloudlab.us,cluster37,s3fifoforgive,0.1,16,20,1,1,0.9977,6.59,315586775,15989.9648,69711003
node7.tardis-apia.ldos-ut-pg0.wisc.cloudlab.us,cluster37,s3fifoforgive,0.1,16,20,1,2,0.9977,6.62,315586775,15989.9648,69711003
node7.tardis-apia.ldos-ut-pg0.wisc.cloudlab.us,cluster37,s3fifoforgive,0.1,16,20,1,3,0.9977,6.45,315586775,15989.9648,69711003
node7.tardis-apia.ldos-ut-pg0.wisc.cloudlab.us,cluster38,lru,10,2734,27,1,1,0.9362,1.23,134246912,27337.216,125958249
node7.tardis-apia.ldos-ut-pg0.wisc.cloudlab.us,cluster38,lru,10,2734,27,1,2,0.9362,1.23,134246912,27337.216,125958249
node7.tardis-apia.ldos-ut-pg0.wisc.cloudlab.us,cluster38,lru,10,2734,27,1,3,0.9362,1.23,134246912,27337.216,125958249
node7.tardis-apia.ldos-ut-pg0.wisc.cloudlab.us,cluster38,lruforgive,10,2734,27,1,1,0.9362,0.95,134246912,27337.216,125958249
node7.tardis-apia.ldos-ut-pg0.wisc.cloudlab.us,cluster38,lruforgive,10,2734,27,1,2,0.9362,0.95,134246912,27337.216,125958249
node7.tardis-apia.ldos-ut-pg0.wisc.cloudlab.us,cluster38,lruforgive,10,2734,27,1,3,0.9362,0.95,134246912,27337.216,125958249
node7.tardis-apia.ldos-ut-pg0.wisc.cloudlab.us,cluster38,s3fifo,10,2734,27,1,1,0.9362,1.01,134246912,27337.216,125958249
node7.tardis-apia.ldos-ut-pg0.wisc.cloudlab.us,cluster38,s3fifo,10,2734,27,1,2,0.9362,1.02,134246912,27337.216,125958249
node7.tardis-apia.ldos-ut-pg0.wisc.cloudlab.us,cluster38,s3fifo,10,2734,27,1,3,0.9362,1.02,134246912,27337.216,125958249
node7.tardis-apia.ldos-ut-pg0.wisc.cloudlab.us,cluster38,s3fifoforgive,10,2734,27,1,1,0.9362,0.82,134246912,27337.216,125958249
node7.tardis-apia.ldos-ut-pg0.wisc.cloudlab.us,cluster38,s3fifoforgive,10,2734,27,1,2,0.9362,0.82,134246912,27337.216,125958249
node7.tardis-apia.ldos-ut-pg0.wisc.cloudlab.us,cluster38,s3fifoforgive,10,2734,27,1,3,0.9362,0.83,134246912,27337.216,125958249
node7.tardis-apia.ldos-ut-pg0.wisc.cloudlab.us,cluster38,lru,0.1,27,21,1,1,0.9487,1.77,134246912,27337.216,125958249
node7.tardis-apia.ldos-ut-pg0.wisc.cloudlab.us,cluster38,lru,0.1,27,21,1,2,0.9487,1.76,134246912,27337.216,125958249
node7.tardis-apia.ldos-ut-pg0.wisc.cloudlab.us,cluster38,lru,0.1,27,21,1,3,0.9487,1.76,134246912,27337.216,125958249
node7.tardis-apia.ldos-ut-pg0.wisc.cloudlab.us,cluster38,lruforgive,0.1,27,21,1,1,0.9487,1.24,134246912,27337.216,125958249
node7.tardis-apia.ldos-ut-pg0.wisc.cloudlab.us,cluster38,lruforgive,0.1,27,21,1,2,0.9487,1.24,134246912,27337.216,125958249
node7.tardis-apia.ldos-ut-pg0.wisc.cloudlab.us,cluster38,lruforgive,0.1,27,21,1,3,0.9487,1.24,134246912,27337.216,125958249
node7.tardis-apia.ldos-ut-pg0.wisc.cloudlab.us,cluster38,s3fifo,0.1,27,21,1,1,0.9487,1.94,134246912,27337.216,125958249
node7.tardis-apia.ldos-ut-pg0.wisc.cloudlab.us,cluster38,s3fifo,0.1,27,21,1,2,0.9487,1.94,134246912,27337.216,125958249
node7.tardis-apia.ldos-ut-pg0.wisc.cloudlab.us,cluster38,s3fifo,0.1,27,21,1,3,0.9487,1.96,134246912,27337.216,125958249
node7.tardis-apia.ldos-ut-pg0.wisc.cloudlab.us,cluster38,s3fifoforgive,0.1,27,21,1,1,0.9487,1.36,134246912,27337.216,125958249
node7.tardis-apia.ldos-ut-pg0.wisc.cloudlab.us,cluster38,s3fifoforgive,0.1,27,21,1,2,0.9487,1.36,134246912,27337.216,125958249
node7.tardis-apia.ldos-ut-pg0.wisc.cloudlab.us,cluster38,s3fifoforgive,0.1,27,21,1,3,0.9487,1.36,134246912,27337.216,125958249
node7.tardis-apia.ldos-ut-pg0.wisc.cloudlab.us,cluster39,lru,10,1427,26,1,1,0.9366,1.29,132922574,14265.0368,124726088
node7.tardis-apia.ldos-ut-pg0.wisc.cloudlab.us,cluster39,lru,10,1427,26,1,2,0.9366,1.28,132922574,14265.0368,124726088
node7.tardis-apia.ldos-ut-pg0.wisc.cloudlab.us,cluster39,lru,10,1427,26,1,3,0.9366,1.29,132922574,14265.0368,124726088
node7.tardis-apia.ldos-ut-pg0.wisc.cloudlab.us,cluster39,lruforgive,10,1427,26,1,1,0.9366,1.01,132922574,14265.0368,124726088
node7.tardis-apia.ldos-ut-pg0.wisc.cloudlab.us,cluster39,lruforgive,10,1427,26,1,2,0.9366,1.01,132922574,14265.0368,124726088
node7.tardis-apia.ldos-ut-pg0.wisc.cloudlab.us,cluster39,lruforgive,10,1427,26,1,3,0.9366,1.00,132922574,14265.0368,124726088
node7.tardis-apia.ldos-ut-pg0.wisc.cloudlab.us,cluster39,s3fifo,10,1427,26,1,1,0.9366,1.06,132922574,14265.0368,124726088
node7.tardis-apia.ldos-ut-pg0.wisc.cloudlab.us,cluster39,s3fifo,10,1427,26,1,2,0.9366,1.05,132922574,14265.0368,124726088
node7.tardis-apia.ldos-ut-pg0.wisc.cloudlab.us,cluster39,s3fifo,10,1427,26,1,3,0.9366,0.99,132922574,14265.0368,124726088
node7.tardis-apia.ldos-ut-pg0.wisc.cloudlab.us,cluster39,s3fifoforgive,10,1427,26,1,1,0.9366,0.81,132922574,14265.0368,124726088
node7.tardis-apia.ldos-ut-pg0.wisc.cloudlab.us,cluster39,s3fifoforgive,10,1427,26,1,2,0.9366,0.82,132922574,14265.0368,124726088
node7.tardis-apia.ldos-ut-pg0.wisc.cloudlab.us,cluster39,s3fifoforgive,10,1427,26,1,3,0.9366,0.82,132922574,14265.0368,124726088
node7.tardis-apia.ldos-ut-pg0.wisc.cloudlab.us,cluster39,lru,0.1,14,20,1,1,0.9688,2.92,132922574,14265.0368,124726088
node7.tardis-apia.ldos-ut-pg0.wisc.cloudlab.us,cluster39,lru,0.1,14,20,1,2,0.9688,2.93,132922574,14265.0368,124726088
node7.tardis-apia.ldos-ut-pg0.wisc.cloudlab.us,cluster39,lru,0.1,14,20,1,3,0.9688,2.95,132922574,14265.0368,124726088
node7.tardis-apia.ldos-ut-pg0.wisc.cloudlab.us,cluster39,lruforgive,0.1,14,20,1,1,0.9688,2.07,132922574,14265.0368,124726088
node7.tardis-apia.ldos-ut-pg0.wisc.cloudlab.us,cluster39,lruforgive,0.1,14,20,1,2,0.9688,2.02,132922574,14265.0368,124726088
node7.tardis-apia.ldos-ut-pg0.wisc.cloudlab.us,cluster39,lruforgive,0.1,14,20,1,3,0.9688,2.05,132922574,14265.0368,124726088
node7.tardis-apia.ldos-ut-pg0.wisc.cloudlab.us,cluster39,s3fifo,0.1,14,20,1,1,0.9688,2.79,132922574,14265.0368,124726088
node7.tardis-apia.ldos-ut-pg0.wisc.cloudlab.us,cluster39,s3fifo,0.1,14,20,1,2,0.9688,2.75,132922574,14265.0368,124726088
node7.tardis-apia.ldos-ut-pg0.wisc.cloudlab.us,cluster39,s3fifo,0.1,14,20,1,3,0.9688,2.78,132922574,14265.0368,124726088
node7.tardis-apia.ldos-ut-pg0.wisc.cloudlab.us,cluster39,s3fifoforgive,0.1,14,20,1,1,0.9688,2.01,132922574,14265.0368,124726088
node7.tardis-apia.ldos-ut-pg0.wisc.cloudlab.us,cluster39,s3fifoforgive,0.1,14,20,1,2,0.9688,2.05,132922574,14265.0368,124726088
node7.tardis-apia.ldos-ut-pg0.wisc.cloudlab.us,cluster39,s3fifoforgive,0.1,14,20,1,3,0.9688,2.05,132922574,14265.0368,124726088
node7.tardis-apia.ldos-ut-pg0.wisc.cloudlab.us,cluster4,lru,10,140,23,1,1,0.0582,3.01,338164834,1399.0912,10656714
node7.tardis-apia.ldos-ut-pg0.wisc.cloudlab.us,cluster4,lru,10,140,23,1,2,0.0582,3.04,338164834,1399.0912,10656714
node7.tardis-apia.ldos-ut-pg0.wisc.cloudlab.us,cluster4,lru,10,140,23,1,3,0.0582,3.01,338164834,1399.0912,10656714
node7.tardis-apia.ldos-ut-pg0.wisc.cloudlab.us,cluster4,lruforgive,10,140,23,1,1,0.0582,0.81,338164834,1399.0912,10656714
node7.tardis-apia.ldos-ut-pg0.wisc.cloudlab.us,cluster4,lruforgive,10,140,23,1,2,0.0582,0.81,338164834,1399.0912,10656714
node7.tardis-apia.ldos-ut-pg0.wisc.cloudlab.us,cluster4,lruforgive,10,140,23,1,3,0.0582,0.81,338164834,1399.0912,10656714
node7.tardis-apia.ldos-ut-pg0.wisc.cloudlab.us,cluster4,s3fifo,10,140,23,1,1,0.0571,3.42,338164834,1399.0912,10656714
node7.tardis-apia.ldos-ut-pg0.wisc.cloudlab.us,cluster4,s3fifo,10,140,23,1,2,0.0571,3.43,338164834,1399.0912,10656714
node7.tardis-apia.ldos-ut-pg0.wisc.cloudlab.us,cluster4,s3fifo,10,140,23,1,3,0.0571,3.40,338164834,1399.0912,10656714
node7.tardis-apia.ldos-ut-pg0.wisc.cloudlab.us,cluster4,s3fifoforgive,10,140,23,1,1,0.0571,0.83,338164834,1399.0912,10656714
node7.tardis-apia.ldos-ut-pg0.wisc.cloudlab.us,cluster4,s3fifoforgive,10,140,23,1,2,0.0571,0.82,338164834,1399.0912,10656714
node7.tardis-apia.ldos-ut-pg0.wisc.cloudlab.us,cluster4,s3fifoforgive,10,140,23,1,3,0.0571,0.83,338164834,1399.0912,10656714
node7.tardis-apia.ldos-ut-pg0.wisc.cloudlab.us,cluster4,lru,0.1,1,16,1,1,NA,NA,NA,1399.0912,10656714
node7.tardis-apia.ldos-ut-pg0.wisc.cloudlab.us,cluster4,lru,0.1,1,16,1,2,NA,NA,NA,1399.0912,10656714
node7.tardis-apia.ldos-ut-pg0.wisc.cloudlab.us,cluster4,lru,0.1,1,16,1,3,NA,NA,NA,1399.0912,10656714
node7.tardis-apia.ldos-ut-pg0.wisc.cloudlab.us,cluster4,lruforgive,0.1,1,16,1,1,NA,NA,NA,1399.0912,10656714
node7.tardis-apia.ldos-ut-pg0.wisc.cloudlab.us,cluster4,lruforgive,0.1,1,16,1,2,NA,NA,NA,1399.0912,10656714
node7.tardis-apia.ldos-ut-pg0.wisc.cloudlab.us,cluster4,lruforgive,0.1,1,16,1,3,NA,NA,NA,1399.0912,10656714
node7.tardis-apia.ldos-ut-pg0.wisc.cloudlab.us,cluster4,s3fifo,0.1,1,16,1,1,NA,NA,NA,1399.0912,10656714
node7.tardis-apia.ldos-ut-pg0.wisc.cloudlab.us,cluster4,s3fifo,0.1,1,16,1,2,NA,NA,NA,1399.0912,10656714
node7.tardis-apia.ldos-ut-pg0.wisc.cloudlab.us,cluster4,s3fifo,0.1,1,16,1,3,NA,NA,NA,1399.0912,10656714
node7.tardis-apia.ldos-ut-pg0.wisc.cloudlab.us,cluster4,s3fifoforgive,0.1,1,16,1,1,NA,NA,NA,1399.0912,10656714
node7.tardis-apia.ldos-ut-pg0.wisc.cloudlab.us,cluster4,s3fifoforgive,0.1,1,16,1,2,NA,NA,NA,1399.0912,10656714
node7.tardis-apia.ldos-ut-pg0.wisc.cloudlab.us,cluster4,s3fifoforgive,0.1,1,16,1,3,NA,NA,NA,1399.0912,10656714
node7.tardis-apia.ldos-ut-pg0.wisc.cloudlab.us,cluster40,lru,10,131,23,1,1,0.1496,2.53,378303088,1310.8224,30148161
node7.tardis-apia.ldos-ut-pg0.wisc.cloudlab.us,cluster40,lru,10,131,23,1,2,0.1496,2.53,378303088,1310.8224,30148161
node7.tardis-apia.ldos-ut-pg0.wisc.cloudlab.us,cluster40,lru,10,131,23,1,3,0.1496,2.54,378303088,1310.8224,30148161
node7.tardis-apia.ldos-ut-pg0.wisc.cloudlab.us,cluster40,lruforgive,10,131,23,1,1,0.1496,0.73,378303088,1310.8224,30148161
node7.tardis-apia.ldos-ut-pg0.wisc.cloudlab.us,cluster40,lruforgive,10,131,23,1,2,0.1496,0.73,378303088,1310.8224,30148161
node7.tardis-apia.ldos-ut-pg0.wisc.cloudlab.us,cluster40,lruforgive,10,131,23,1,3,0.1496,0.72,378303088,1310.8224,30148161
node7.tardis-apia.ldos-ut-pg0.wisc.cloudlab.us,cluster40,s3fifo,10,131,23,1,1,0.1466,2.65,378303088,1310.8224,30148161
node7.tardis-apia.ldos-ut-pg0.wisc.cloudlab.us,cluster40,s3fifo,10,131,23,1,2,0.1466,2.64,378303088,1310.8224,30148161
node7.tardis-apia.ldos-ut-pg0.wisc.cloudlab.us,cluster40,s3fifo,10,131,23,1,3,0.1466,2.68,378303088,1310.8224,30148161
node7.tardis-apia.ldos-ut-pg0.wisc.cloudlab.us,cluster40,s3fifoforgive,10,131,23,1,1,0.1466,0.73,378303088,1310.8224,30148161
node7.tardis-apia.ldos-ut-pg0.wisc.cloudlab.us,cluster40,s3fifoforgive,10,131,23,1,2,0.1466,0.71,378303088,1310.8224,30148161
node7.tardis-apia.ldos-ut-pg0.wisc.cloudlab.us,cluster40,s3fifoforgive,10,131,23,1,3,0.1466,0.71,378303088,1310.8224,30148161
node7.tardis-apia.ldos-ut-pg0.wisc.cloudlab.us,cluster40,lru,0.1,1,16,1,1,NA,NA,NA,1310.8224,30148161
node7.tardis-apia.ldos-ut-pg0.wisc.cloudlab.us,cluster40,lru,0.1,1,16,1,2,NA,NA,NA,1310.8224,30148161
node7.tardis-apia.ldos-ut-pg0.wisc.cloudlab.us,cluster40,lru,0.1,1,16,1,3,NA,NA,NA,1310.8224,30148161
node7.tardis-apia.ldos-ut-pg0.wisc.cloudlab.us,cluster40,lruforgive,0.1,1,16,1,1,NA,NA,NA,1310.8224,30148161
node7.tardis-apia.ldos-ut-pg0.wisc.cloudlab.us,cluster40,lruforgive,0.1,1,16,1,2,NA,NA,NA,1310.8224,30148161
node7.tardis-apia.ldos-ut-pg0.wisc.cloudlab.us,cluster40,lruforgive,0.1,1,16,1,3,NA,NA,NA,1310.8224,30148161
node7.tardis-apia.ldos-ut-pg0.wisc.cloudlab.us,cluster40,s3fifo,0.1,1,16,1,1,NA,NA,NA,1310.8224,30148161
node7.tardis-apia.ldos-ut-pg0.wisc.cloudlab.us,cluster40,s3fifo,0.1,1,16,1,2,NA,NA,NA,1310.8224,30148161
node7.tardis-apia.ldos-ut-pg0.wisc.cloudlab.us,cluster40,s3fifo,0.1,1,16,1,3,NA,NA,NA,1310.8224,30148161
node7.tardis-apia.ldos-ut-pg0.wisc.cloudlab.us,cluster40,s3fifoforgive,0.1,1,16,1,1,NA,NA,NA,1310.8224,30148161
node7.tardis-apia.ldos-ut-pg0.wisc.cloudlab.us,cluster40,s3fifoforgive,0.1,1,16,1,2,NA,NA,NA,1310.8224,30148161
node7.tardis-apia.ldos-ut-pg0.wisc.cloudlab.us,cluster40,s3fifoforgive,0.1,1,16,1,3,NA,NA,NA,1310.8224,30148161
node7.tardis-apia.ldos-ut-pg0.wisc.cloudlab.us,cluster41,lru,10,110,23,1,1,0.2009,2.84,320359607,1099.6736,25181895
node7.tardis-apia.ldos-ut-pg0.wisc.cloudlab.us,cluster41,lru,10,110,23,1,2,0.2009,2.94,320359607,1099.6736,25181895
node7.tardis-apia.ldos-ut-pg0.wisc.cloudlab.us,cluster41,lru,10,110,23,1,3,0.2009,2.85,320359607,1099.6736,25181895
node7.tardis-apia.ldos-ut-pg0.wisc.cloudlab.us,cluster41,lruforgive,10,110,23,1,1,0.2009,0.75,320359607,1099.6736,25181895
node7.tardis-apia.ldos-ut-pg0.wisc.cloudlab.us,cluster41,lruforgive,10,110,23,1,2,0.2009,0.74,320359607,1099.6736,25181895
node7.tardis-apia.ldos-ut-pg0.wisc.cloudlab.us,cluster41,lruforgive,10,110,23,1,3,0.2009,0.74,320359607,1099.6736,25181895
node7.tardis-apia.ldos-ut-pg0.wisc.cloudlab.us,cluster41,s3fifo,10,110,23,1,1,0.1960,2.93,320359607,1099.6736,25181895
node7.tardis-apia.ldos-ut-pg0.wisc.cloudlab.us,cluster41,s3fifo,10,110,23,1,2,0.1960,2.88,320359607,1099.6736,25181895
node7.tardis-apia.ldos-ut-pg0.wisc.cloudlab.us,cluster41,s3fifo,10,110,23,1,3,0.1960,2.89,320359607,1099.6736,25181895
node7.tardis-apia.ldos-ut-pg0.wisc.cloudlab.us,cluster41,s3fifoforgive,10,110,23,1,1,0.1960,0.83,320359607,1099.6736,25181895
node7.tardis-apia.ldos-ut-pg0.wisc.cloudlab.us,cluster41,s3fifoforgive,10,110,23,1,2,0.1960,0.83,320359607,1099.6736,25181895
node7.tardis-apia.ldos-ut-pg0.wisc.cloudlab.us,cluster41,s3fifoforgive,10,110,23,1,3,0.1960,0.82,320359607,1099.6736,25181895
node7.tardis-apia.ldos-ut-pg0.wisc.cloudlab.us,cluster41,lru,0.1,1,16,1,1,NA,NA,NA,1099.6736,25181895
node7.tardis-apia.ldos-ut-pg0.wisc.cloudlab.us,cluster41,lru,0.1,1,16,1,2,NA,NA,NA,1099.6736,25181895
node7.tardis-apia.ldos-ut-pg0.wisc.cloudlab.us,cluster41,lru,0.1,1,16,1,3,NA,NA,NA,1099.6736,25181895
node7.tardis-apia.ldos-ut-pg0.wisc.cloudlab.us,cluster41,lruforgive,0.1,1,16,1,1,NA,NA,NA,1099.6736,25181895
node7.tardis-apia.ldos-ut-pg0.wisc.cloudlab.us,cluster41,lruforgive,0.1,1,16,1,2,NA,NA,NA,1099.6736,25181895
node7.tardis-apia.ldos-ut-pg0.wisc.cloudlab.us,cluster41,lruforgive,0.1,1,16,1,3,NA,NA,NA,1099.6736,25181895
node7.tardis-apia.ldos-ut-pg0.wisc.cloudlab.us,cluster41,s3fifo,0.1,1,16,1,1,NA,NA,NA,1099.6736,25181895
node7.tardis-apia.ldos-ut-pg0.wisc.cloudlab.us,cluster41,s3fifo,0.1,1,16,1,2,NA,NA,NA,1099.6736,25181895
node7.tardis-apia.ldos-ut-pg0.wisc.cloudlab.us,cluster41,s3fifo,0.1,1,16,1,3,NA,NA,NA,1099.6736,25181895
node7.tardis-apia.ldos-ut-pg0.wisc.cloudlab.us,cluster41,s3fifoforgive,0.1,1,16,1,1,NA,NA,NA,1099.6736,25181895
node7.tardis-apia.ldos-ut-pg0.wisc.cloudlab.us,cluster41,s3fifoforgive,0.1,1,16,1,2,NA,NA,NA,1099.6736,25181895
node7.tardis-apia.ldos-ut-pg0.wisc.cloudlab.us,cluster41,s3fifoforgive,0.1,1,16,1,3,NA,NA,NA,1099.6736,25181895
node7.tardis-apia.ldos-ut-pg0.wisc.cloudlab.us,cluster42,lru,10,10,19,1,1,0.9991,5.47,350666602,98.304,1338280
node7.tardis-apia.ldos-ut-pg0.wisc.cloudlab.us,cluster42,lru,10,10,19,1,2,0.9991,6.07,350666602,98.304,1338280
node7.tardis-apia.ldos-ut-pg0.wisc.cloudlab.us,cluster42,lru,10,10,19,1,3,0.9991,5.86,350666602,98.304,1338280
node7.tardis-apia.ldos-ut-pg0.wisc.cloudlab.us,cluster42,lruforgive,10,10,19,1,1,0.9991,5.81,350666602,98.304,1338280
node7.tardis-apia.ldos-ut-pg0.wisc.cloudlab.us,cluster42,lruforgive,10,10,19,1,2,0.9991,5.76,350666602,98.304,1338280
node7.tardis-apia.ldos-ut-pg0.wisc.cloudlab.us,cluster42,lruforgive,10,10,19,1,3,0.9991,5.88,350666602,98.304,1338280
node7.tardis-apia.ldos-ut-pg0.wisc.cloudlab.us,cluster42,s3fifo,10,10,19,1,1,0.9991,7.00,350666602,98.304,1338280
node7.tardis-apia.ldos-ut-pg0.wisc.cloudlab.us,cluster42,s3fifo,10,10,19,1,2,0.9991,7.24,350666602,98.304,1338280
node7.tardis-apia.ldos-ut-pg0.wisc.cloudlab.us,cluster42,s3fifo,10,10,19,1,3,0.9991,7.07,350666602,98.304,1338280
node7.tardis-apia.ldos-ut-pg0.wisc.cloudlab.us,cluster42,s3fifoforgive,10,10,19,1,1,0.9991,6.94,350666602,98.304,1338280
node7.tardis-apia.ldos-ut-pg0.wisc.cloudlab.us,cluster42,s3fifoforgive,10,10,19,1,2,0.9991,6.86,350666602,98.304,1338280
node7.tardis-apia.ldos-ut-pg0.wisc.cloudlab.us,cluster42,s3fifoforgive,10,10,19,1,3,0.9991,6.94,350666602,98.304,1338280
node7.tardis-apia.ldos-ut-pg0.wisc.cloudlab.us,cluster42,lru,0.1,1,16,1,1,NA,NA,NA,98.304,1338280
node7.tardis-apia.ldos-ut-pg0.wisc.cloudlab.us,cluster42,lru,0.1,1,16,1,2,NA,NA,NA,98.304,1338280
node7.tardis-apia.ldos-ut-pg0.wisc.cloudlab.us,cluster42,lru,0.1,1,16,1,3,NA,NA,NA,98.304,1338280
node7.tardis-apia.ldos-ut-pg0.wisc.cloudlab.us,cluster42,lruforgive,0.1,1,16,1,1,NA,NA,NA,98.304,1338280
node7.tardis-apia.ldos-ut-pg0.wisc.cloudlab.us,cluster42,lruforgive,0.1,1,16,1,2,NA,NA,NA,98.304,1338280
node7.tardis-apia.ldos-ut-pg0.wisc.cloudlab.us,cluster42,lruforgive,0.1,1,16,1,3,NA,NA,NA,98.304,1338280
node7.tardis-apia.ldos-ut-pg0.wisc.cloudlab.us,cluster42,s3fifo,0.1,1,16,1,1,NA,NA,NA,98.304,1338280
node7.tardis-apia.ldos-ut-pg0.wisc.cloudlab.us,cluster42,s3fifo,0.1,1,16,1,2,NA,NA,NA,98.304,1338280
node7.tardis-apia.ldos-ut-pg0.wisc.cloudlab.us,cluster42,s3fifo,0.1,1,16,1,3,NA,NA,NA,98.304,1338280
node7.tardis-apia.ldos-ut-pg0.wisc.cloudlab.us,cluster42,s3fifoforgive,0.1,1,16,1,1,NA,NA,NA,98.304,1338280
node7.tardis-apia.ldos-ut-pg0.wisc.cloudlab.us,cluster42,s3fifoforgive,0.1,1,16,1,2,NA,NA,NA,98.304,1338280
node7.tardis-apia.ldos-ut-pg0.wisc.cloudlab.us,cluster42,s3fifoforgive,0.1,1,16,1,3,NA,NA,NA,98.304,1338280
node7.tardis-apia.ldos-ut-pg0.wisc.cloudlab.us,cluster43,lru,10,199,24,1,1,0.1226,2.38,905365673,1989.5296,43250720
node7.tardis-apia.ldos-ut-pg0.wisc.cloudlab.us,cluster43,lru,10,199,24,1,2,0.1226,2.39,905365673,1989.5296,43250720
node7.tardis-apia.ldos-ut-pg0.wisc.cloudlab.us,cluster43,lru,10,199,24,1,3,0.1226,2.39,905365673,1989.5296,43250720
node7.tardis-apia.ldos-ut-pg0.wisc.cloudlab.us,cluster43,lruforgive,10,199,24,1,1,0.1226,0.61,905365673,1989.5296,43250720
node7.tardis-apia.ldos-ut-pg0.wisc.cloudlab.us,cluster43,lruforgive,10,199,24,1,2,0.1226,0.60,905365673,1989.5296,43250720
node7.tardis-apia.ldos-ut-pg0.wisc.cloudlab.us,cluster43,lruforgive,10,199,24,1,3,0.1226,0.62,905365673,1989.5296,43250720
node7.tardis-apia.ldos-ut-pg0.wisc.cloudlab.us,cluster43,s3fifo,10,199,24,1,1,0.1198,2.50,905365673,1989.5296,43250720
node7.tardis-apia.ldos-ut-pg0.wisc.cloudlab.us,cluster43,s3fifo,10,199,24,1,2,0.1198,2.50,905365673,1989.5296,43250720
node7.tardis-apia.ldos-ut-pg0.wisc.cloudlab.us,cluster43,s3fifo,10,199,24,1,3,0.1198,2.55,905365673,1989.5296,43250720
node7.tardis-apia.ldos-ut-pg0.wisc.cloudlab.us,cluster43,s3fifoforgive,10,199,24,1,1,0.1198,0.65,905365673,1989.5296,43250720
node7.tardis-apia.ldos-ut-pg0.wisc.cloudlab.us,cluster43,s3fifoforgive,10,199,24,1,2,0.1198,0.58,905365673,1989.5296,43250720
node7.tardis-apia.ldos-ut-pg0.wisc.cloudlab.us,cluster43,s3fifoforgive,10,199,24,1,3,0.1198,0.60,905365673,1989.5296,43250720
node7.tardis-apia.ldos-ut-pg0.wisc.cloudlab.us,cluster43,lru,0.1,2,17,1,1,NA,NA,NA,1989.5296,43250720
node7.tardis-apia.ldos-ut-pg0.wisc.cloudlab.us,cluster43,lru,0.1,2,17,1,2,NA,NA,NA,1989.5296,43250720
node7.tardis-apia.ldos-ut-pg0.wisc.cloudlab.us,cluster43,lru,0.1,2,17,1,3,NA,NA,NA,1989.5296,43250720
node7.tardis-apia.ldos-ut-pg0.wisc.cloudlab.us,cluster43,lruforgive,0.1,2,17,1,1,NA,NA,NA,1989.5296,43250720
node7.tardis-apia.ldos-ut-pg0.wisc.cloudlab.us,cluster43,lruforgive,0.1,2,17,1,2,NA,NA,NA,1989.5296,43250720
node7.tardis-apia.ldos-ut-pg0.wisc.cloudlab.us,cluster43,lruforgive,0.1,2,17,1,3,NA,NA,NA,1989.5296,43250720
node7.tardis-apia.ldos-ut-pg0.wisc.cloudlab.us,cluster43,s3fifo,0.1,2,17,1,1,NA,NA,NA,1989.5296,43250720
node7.tardis-apia.ldos-ut-pg0.wisc.cloudlab.us,cluster43,s3fifo,0.1,2,17,1,2,NA,NA,NA,1989.5296,43250720
node7.tardis-apia.ldos-ut-pg0.wisc.cloudlab.us,cluster43,s3fifo,0.1,2,17,1,3,NA,NA,NA,1989.5296,43250720
node7.tardis-apia.ldos-ut-pg0.wisc.cloudlab.us,cluster43,s3fifoforgive,0.1,2,17,1,1,NA,NA,NA,1989.5296,43250720
node7.tardis-apia.ldos-ut-pg0.wisc.cloudlab.us,cluster43,s3fifoforgive,0.1,2,17,1,2,NA,NA,NA,1989.5296,43250720
node7.tardis-apia.ldos-ut-pg0.wisc.cloudlab.us,cluster43,s3fifoforgive,0.1,2,17,1,3,NA,NA,NA,1989.5296,43250720
node7.tardis-apia.ldos-ut-pg0.wisc.cloudlab.us,cluster44,lru,10,20,20,1,1,0.0615,3.36,548789524,202.3424,5803081
node7.tardis-apia.ldos-ut-pg0.wisc.cloudlab.us,cluster44,lru,10,20,20,1,2,0.0615,3.43,548789524,202.3424,5803081
node7.tardis-apia.ldos-ut-pg0.wisc.cloudlab.us,cluster44,lru,10,20,20,1,3,0.0615,3.40,548789524,202.3424,5803081
node7.tardis-apia.ldos-ut-pg0.wisc.cloudlab.us,cluster44,lruforgive,10,20,20,1,1,0.0615,0.91,548789524,202.3424,5803081
node7.tardis-apia.ldos-ut-pg0.wisc.cloudlab.us,cluster44,lruforgive,10,20,20,1,2,0.0615,0.90,548789524,202.3424,5803081
node7.tardis-apia.ldos-ut-pg0.wisc.cloudlab.us,cluster44,lruforgive,10,20,20,1,3,0.0615,0.90,548789524,202.3424,5803081
node7.tardis-apia.ldos-ut-pg0.wisc.cloudlab.us,cluster44,s3fifo,10,20,20,1,1,0.0556,3.89,548789524,202.3424,5803081
node7.tardis-apia.ldos-ut-pg0.wisc.cloudlab.us,cluster44,s3fifo,10,20,20,1,2,0.0556,3.84,548789524,202.3424,5803081
node7.tardis-apia.ldos-ut-pg0.wisc.cloudlab.us,cluster44,s3fifo,10,20,20,1,3,0.0556,3.95,548789524,202.3424,5803081
node7.tardis-apia.ldos-ut-pg0.wisc.cloudlab.us,cluster44,s3fifoforgive,10,20,20,1,1,0.0556,0.92,548789524,202.3424,5803081
node7.tardis-apia.ldos-ut-pg0.wisc.cloudlab.us,cluster44,s3fifoforgive,10,20,20,1,2,0.0556,0.93,548789524,202.3424,5803081
node7.tardis-apia.ldos-ut-pg0.wisc.cloudlab.us,cluster44,s3fifoforgive,10,20,20,1,3,0.0556,0.93,548789524,202.3424,5803081
node7.tardis-apia.ldos-ut-pg0.wisc.cloudlab.us,cluster44,lru,0.1,1,16,1,1,NA,NA,NA,202.3424,5803081
node7.tardis-apia.ldos-ut-pg0.wisc.cloudlab.us,cluster44,lru,0.1,1,16,1,2,NA,NA,NA,202.3424,5803081
node7.tardis-apia.ldos-ut-pg0.wisc.cloudlab.us,cluster44,lru,0.1,1,16,1,3,NA,NA,NA,202.3424,5803081
node7.tardis-apia.ldos-ut-pg0.wisc.cloudlab.us,cluster44,lruforgive,0.1,1,16,1,1,NA,NA,NA,202.3424,5803081
node7.tardis-apia.ldos-ut-pg0.wisc.cloudlab.us,cluster44,lruforgive,0.1,1,16,1,2,NA,NA,NA,202.3424,5803081
node7.tardis-apia.ldos-ut-pg0.wisc.cloudlab.us,cluster44,lruforgive,0.1,1,16,1,3,NA,NA,NA,202.3424,5803081
node7.tardis-apia.ldos-ut-pg0.wisc.cloudlab.us,cluster44,s3fifo,0.1,1,16,1,1,NA,NA,NA,202.3424,5803081
node7.tardis-apia.ldos-ut-pg0.wisc.cloudlab.us,cluster44,s3fifo,0.1,1,16,1,2,NA,NA,NA,202.3424,5803081
node7.tardis-apia.ldos-ut-pg0.wisc.cloudlab.us,cluster44,s3fifo,0.1,1,16,1,3,NA,NA,NA,202.3424,5803081
node7.tardis-apia.ldos-ut-pg0.wisc.cloudlab.us,cluster44,s3fifoforgive,0.1,1,16,1,1,NA,NA,NA,202.3424,5803081
node7.tardis-apia.ldos-ut-pg0.wisc.cloudlab.us,cluster44,s3fifoforgive,0.1,1,16,1,2,NA,NA,NA,202.3424,5803081
node7.tardis-apia.ldos-ut-pg0.wisc.cloudlab.us,cluster44,s3fifoforgive,0.1,1,16,1,3,NA,NA,NA,202.3424,5803081
node7.tardis-apia.ldos-ut-pg0.wisc.cloudlab.us,cluster45,lru,10,27,21,1,1,0.4226,2.28,22288115,271.36,6548645
node7.tardis-apia.ldos-ut-pg0.wisc.cloudlab.us,cluster45,lru,10,27,21,1,2,0.4226,2.24,22288115,271.36,6548645
node7.tardis-apia.ldos-ut-pg0.wisc.cloudlab.us,cluster45,lru,10,27,21,1,3,0.4226,2.29,22288115,271.36,6548645
node7.tardis-apia.ldos-ut-pg0.wisc.cloudlab.us,cluster45,lruforgive,10,27,21,1,1,0.4226,0.85,22288115,271.36,6548645
node7.tardis-apia.ldos-ut-pg0.wisc.cloudlab.us,cluster45,lruforgive,10,27,21,1,2,0.4226,0.85,22288115,271.36,6548645
node7.tardis-apia.ldos-ut-pg0.wisc.cloudlab.us,cluster45,lruforgive,10,27,21,1,3,0.4226,0.84,22288115,271.36,6548645
node7.tardis-apia.ldos-ut-pg0.wisc.cloudlab.us,cluster45,s3fifo,10,27,21,1,1,0.4186,2.25,22288115,271.36,6548645
node7.tardis-apia.ldos-ut-pg0.wisc.cloudlab.us,cluster45,s3fifo,10,27,21,1,2,0.4186,2.26,22288115,271.36,6548645
node7.tardis-apia.ldos-ut-pg0.wisc.cloudlab.us,cluster45,s3fifo,10,27,21,1,3,0.4186,2.26,22288115,271.36,6548645
node7.tardis-apia.ldos-ut-pg0.wisc.cloudlab.us,cluster45,s3fifoforgive,10,27,21,1,1,0.4186,0.91,22288115,271.36,6548645
node7.tardis-apia.ldos-ut-pg0.wisc.cloudlab.us,cluster45,s3fifoforgive,10,27,21,1,2,0.4186,0.90,22288115,271.36,6548645
node7.tardis-apia.ldos-ut-pg0.wisc.cloudlab.us,cluster45,s3fifoforgive,10,27,21,1,3,0.4186,0.89,22288115,271.36,6548645
node7.tardis-apia.ldos-ut-pg0.wisc.cloudlab.us,cluster45,lru,0.1,1,16,1,1,NA,NA,NA,271.36,6548645
node7.tardis-apia.ldos-ut-pg0.wisc.cloudlab.us,cluster45,lru,0.1,1,16,1,2,NA,NA,NA,271.36,6548645
node7.tardis-apia.ldos-ut-pg0.wisc.cloudlab.us,cluster45,lru,0.1,1,16,1,3,NA,NA,NA,271.36,6548645
node7.tardis-apia.ldos-ut-pg0.wisc.cloudlab.us,cluster45,lruforgive,0.1,1,16,1,1,NA,NA,NA,271.36,6548645
node7.tardis-apia.ldos-ut-pg0.wisc.cloudlab.us,cluster45,lruforgive,0.1,1,16,1,2,NA,NA,NA,271.36,6548645
node7.tardis-apia.ldos-ut-pg0.wisc.cloudlab.us,cluster45,lruforgive,0.1,1,16,1,3,NA,NA,NA,271.36,6548645
node7.tardis-apia.ldos-ut-pg0.wisc.cloudlab.us,cluster45,s3fifo,0.1,1,16,1,1,NA,NA,NA,271.36,6548645
node7.tardis-apia.ldos-ut-pg0.wisc.cloudlab.us,cluster45,s3fifo,0.1,1,16,1,2,NA,NA,NA,271.36,6548645
node7.tardis-apia.ldos-ut-pg0.wisc.cloudlab.us,cluster45,s3fifo,0.1,1,16,1,3,NA,NA,NA,271.36,6548645
node7.tardis-apia.ldos-ut-pg0.wisc.cloudlab.us,cluster45,s3fifoforgive,0.1,1,16,1,1,NA,NA,NA,271.36,6548645
node7.tardis-apia.ldos-ut-pg0.wisc.cloudlab.us,cluster45,s3fifoforgive,0.1,1,16,1,2,NA,NA,NA,271.36,6548645
node7.tardis-apia.ldos-ut-pg0.wisc.cloudlab.us,cluster45,s3fifoforgive,0.1,1,16,1,3,NA,NA,NA,271.36,6548645
node7.tardis-apia.ldos-ut-pg0.wisc.cloudlab.us,cluster46,lru,10,493,25,1,1,0.1978,2.22,676371274,4930.8672,115852392
node7.tardis-apia.ldos-ut-pg0.wisc.cloudlab.us,cluster46,lru,10,493,25,1,2,0.1978,2.22,676371274,4930.8672,115852392
node7.tardis-apia.ldos-ut-pg0.wisc.cloudlab.us,cluster46,lru,10,493,25,1,3,0.1978,2.23,676371274,4930.8672,115852392
node7.tardis-apia.ldos-ut-pg0.wisc.cloudlab.us,cluster46,lruforgive,10,493,25,1,1,0.1978,0.50,676371274,4930.8672,115852392
node7.tardis-apia.ldos-ut-pg0.wisc.cloudlab.us,cluster46,lruforgive,10,493,25,1,2,0.1978,0.51,676371274,4930.8672,115852392
node7.tardis-apia.ldos-ut-pg0.wisc.cloudlab.us,cluster46,lruforgive,10,493,25,1,3,0.1978,0.51,676371274,4930.8672,115852392
node7.tardis-apia.ldos-ut-pg0.wisc.cloudlab.us,cluster46,s3fifo,10,493,25,1,1,0.1970,2.15,676371274,4930.8672,115852392
node7.tardis-apia.ldos-ut-pg0.wisc.cloudlab.us,cluster46,s3fifo,10,493,25,1,2,0.1970,2.18,676371274,4930.8672,115852392
node7.tardis-apia.ldos-ut-pg0.wisc.cloudlab.us,cluster46,s3fifo,10,493,25,1,3,0.1970,2.18,676371274,4930.8672,115852392
node7.tardis-apia.ldos-ut-pg0.wisc.cloudlab.us,cluster46,s3fifoforgive,10,493,25,1,1,0.1970,0.53,676371274,4930.8672,115852392
node7.tardis-apia.ldos-ut-pg0.wisc.cloudlab.us,cluster46,s3fifoforgive,10,493,25,1,2,0.1970,0.53,676371274,4930.8672,115852392
node7.tardis-apia.ldos-ut-pg0.wisc.cloudlab.us,cluster46,s3fifoforgive,10,493,25,1,3,0.1970,0.52,676371274,4930.8672,115852392
node7.tardis-apia.ldos-ut-pg0.wisc.cloudlab.us,cluster46,lru,0.1,5,18,1,1,NA,NA,NA,4930.8672,115852392
node7.tardis-apia.ldos-ut-pg0.wisc.cloudlab.us,cluster46,lru,0.1,5,18,1,2,NA,NA,NA,4930.8672,115852392
node7.tardis-apia.ldos-ut-pg0.wisc.cloudlab.us,cluster46,lru,0.1,5,18,1,3,NA,NA,NA,4930.8672,115852392
node7.tardis-apia.ldos-ut-pg0.wisc.cloudlab.us,cluster46,lruforgive,0.1,5,18,1,1,NA,NA,NA,4930.8672,115852392
node7.tardis-apia.ldos-ut-pg0.wisc.cloudlab.us,cluster46,lruforgive,0.1,5,18,1,2,NA,NA,NA,4930.8672,115852392
node7.tardis-apia.ldos-ut-pg0.wisc.cloudlab.us,cluster46,lruforgive,0.1,5,18,1,3,NA,NA,NA,4930.8672,115852392
node7.tardis-apia.ldos-ut-pg0.wisc.cloudlab.us,cluster46,s3fifo,0.1,5,18,1,1,NA,NA,NA,4930.8672,115852392
node7.tardis-apia.ldos-ut-pg0.wisc.cloudlab.us,cluster46,s3fifo,0.1,5,18,1,2,NA,NA,NA,4930.8672,115852392
node7.tardis-apia.ldos-ut-pg0.wisc.cloudlab.us,cluster46,s3fifo,0.1,5,18,1,3,NA,NA,NA,4930.8672,115852392
node7.tardis-apia.ldos-ut-pg0.wisc.cloudlab.us,cluster46,s3fifoforgive,0.1,5,18,1,1,NA,NA,NA,4930.8672,115852392
node7.tardis-apia.ldos-ut-pg0.wisc.cloudlab.us,cluster46,s3fifoforgive,0.1,5,18,1,2,NA,NA,NA,4930.8672,115852392
node7.tardis-apia.ldos-ut-pg0.wisc.cloudlab.us,cluster46,s3fifoforgive,0.1,5,18,1,3,NA,NA,NA,4930.8672,115852392
node7.tardis-apia.ldos-ut-pg0.wisc.cloudlab.us,cluster47,lru,10,4,18,1,1,NA,NA,NA,36.2496,516949
node7.tardis-apia.ldos-ut-pg0.wisc.cloudlab.us,cluster47,lru,10,4,18,1,2,NA,NA,NA,36.2496,516949
node7.tardis-apia.ldos-ut-pg0.wisc.cloudlab.us,cluster47,lru,10,4,18,1,3,NA,NA,NA,36.2496,516949
node7.tardis-apia.ldos-ut-pg0.wisc.cloudlab.us,cluster47,lruforgive,10,4,18,1,1,NA,NA,NA,36.2496,516949
node7.tardis-apia.ldos-ut-pg0.wisc.cloudlab.us,cluster47,lruforgive,10,4,18,1,2,NA,NA,NA,36.2496,516949
node7.tardis-apia.ldos-ut-pg0.wisc.cloudlab.us,cluster47,lruforgive,10,4,18,1,3,NA,NA,NA,36.2496,516949
node7.tardis-apia.ldos-ut-pg0.wisc.cloudlab.us,cluster47,s3fifo,10,4,18,1,1,NA,NA,NA,36.2496,516949
node7.tardis-apia.ldos-ut-pg0.wisc.cloudlab.us,cluster47,s3fifo,10,4,18,1,2,NA,NA,NA,36.2496,516949
node7.tardis-apia.ldos-ut-pg0.wisc.cloudlab.us,cluster47,s3fifo,10,4,18,1,3,NA,NA,NA,36.2496,516949
node7.tardis-apia.ldos-ut-pg0.wisc.cloudlab.us,cluster47,s3fifoforgive,10,4,18,1,1,NA,NA,NA,36.2496,516949
node7.tardis-apia.ldos-ut-pg0.wisc.cloudlab.us,cluster47,s3fifoforgive,10,4,18,1,2,NA,NA,NA,36.2496,516949
node7.tardis-apia.ldos-ut-pg0.wisc.cloudlab.us,cluster47,s3fifoforgive,10,4,18,1,3,NA,NA,NA,36.2496,516949
node7.tardis-apia.ldos-ut-pg0.wisc.cloudlab.us,cluster48,lru,10,181,24,1,1,0.4287,1.50,112941895,1811.456,22312241
node7.tardis-apia.ldos-ut-pg0.wisc.cloudlab.us,cluster48,lru,10,181,24,1,2,0.4287,1.50,112941895,1811.456,22312241
node7.tardis-apia.ldos-ut-pg0.wisc.cloudlab.us,cluster48,lru,10,181,24,1,3,0.4287,1.50,112941895,1811.456,22312241
node7.tardis-apia.ldos-ut-pg0.wisc.cloudlab.us,cluster48,lruforgive,10,181,24,1,1,0.4286,0.68,112941895,1811.456,22312241
node7.tardis-apia.ldos-ut-pg0.wisc.cloudlab.us,cluster48,lruforgive,10,181,24,1,2,0.4286,0.68,112941895,1811.456,22312241
node7.tardis-apia.ldos-ut-pg0.wisc.cloudlab.us,cluster48,lruforgive,10,181,24,1,3,0.4286,0.68,112941895,1811.456,22312241
node7.tardis-apia.ldos-ut-pg0.wisc.cloudlab.us,cluster48,s3fifo,10,181,24,1,1,0.4170,1.46,112941895,1811.456,22312241
node7.tardis-apia.ldos-ut-pg0.wisc.cloudlab.us,cluster48,s3fifo,10,181,24,1,2,0.4170,1.45,112941895,1811.456,22312241
node7.tardis-apia.ldos-ut-pg0.wisc.cloudlab.us,cluster48,s3fifo,10,181,24,1,3,0.4170,1.47,112941895,1811.456,22312241
node7.tardis-apia.ldos-ut-pg0.wisc.cloudlab.us,cluster48,s3fifoforgive,10,181,24,1,1,0.4170,0.68,112941895,1811.456,22312241
node7.tardis-apia.ldos-ut-pg0.wisc.cloudlab.us,cluster48,s3fifoforgive,10,181,24,1,2,0.4170,0.68,112941895,1811.456,22312241
node7.tardis-apia.ldos-ut-pg0.wisc.cloudlab.us,cluster48,s3fifoforgive,10,181,24,1,3,0.4170,0.68,112941895,1811.456,22312241
node7.tardis-apia.ldos-ut-pg0.wisc.cloudlab.us,cluster48,lru,0.1,2,17,1,1,NA,NA,NA,1811.456,22312241
node7.tardis-apia.ldos-ut-pg0.wisc.cloudlab.us,cluster48,lru,0.1,2,17,1,2,NA,NA,NA,1811.456,22312241
node7.tardis-apia.ldos-ut-pg0.wisc.cloudlab.us,cluster48,lru,0.1,2,17,1,3,NA,NA,NA,1811.456,22312241
node7.tardis-apia.ldos-ut-pg0.wisc.cloudlab.us,cluster48,lruforgive,0.1,2,17,1,1,NA,NA,NA,1811.456,22312241
node7.tardis-apia.ldos-ut-pg0.wisc.cloudlab.us,cluster48,lruforgive,0.1,2,17,1,2,NA,NA,NA,1811.456,22312241
node7.tardis-apia.ldos-ut-pg0.wisc.cloudlab.us,cluster48,lruforgive,0.1,2,17,1,3,NA,NA,NA,1811.456,22312241
node7.tardis-apia.ldos-ut-pg0.wisc.cloudlab.us,cluster48,s3fifo,0.1,2,17,1,1,NA,NA,NA,1811.456,22312241
node7.tardis-apia.ldos-ut-pg0.wisc.cloudlab.us,cluster48,s3fifo,0.1,2,17,1,2,NA,NA,NA,1811.456,22312241
node7.tardis-apia.ldos-ut-pg0.wisc.cloudlab.us,cluster48,s3fifo,0.1,2,17,1,3,NA,NA,NA,1811.456,22312241
node7.tardis-apia.ldos-ut-pg0.wisc.cloudlab.us,cluster48,s3fifoforgive,0.1,2,17,1,1,NA,NA,NA,1811.456,22312241
node7.tardis-apia.ldos-ut-pg0.wisc.cloudlab.us,cluster48,s3fifoforgive,0.1,2,17,1,2,NA,NA,NA,1811.456,22312241
node7.tardis-apia.ldos-ut-pg0.wisc.cloudlab.us,cluster48,s3fifoforgive,0.1,2,17,1,3,NA,NA,NA,1811.456,22312241
node7.tardis-apia.ldos-ut-pg0.wisc.cloudlab.us,cluster49,lru,10,52,22,1,1,0.3142,1.75,80629859,524.1856,159726
node7.tardis-apia.ldos-ut-pg0.wisc.cloudlab.us,cluster49,lru,10,52,22,1,2,0.3142,1.76,80629859,524.1856,159726
node7.tardis-apia.ldos-ut-pg0.wisc.cloudlab.us,cluster49,lru,10,52,22,1,3,0.3142,1.75,80629859,524.1856,159726
node7.tardis-apia.ldos-ut-pg0.wisc.cloudlab.us,cluster49,lruforgive,10,52,22,1,1,0.3248,0.55,80629859,524.1856,159726
node7.tardis-apia.ldos-ut-pg0.wisc.cloudlab.us,cluster49,lruforgive,10,52,22,1,2,0.3248,0.55,80629859,524.1856,159726
node7.tardis-apia.ldos-ut-pg0.wisc.cloudlab.us,cluster49,lruforgive,10,52,22,1,3,0.3248,0.55,80629859,524.1856,159726
node7.tardis-apia.ldos-ut-pg0.wisc.cloudlab.us,cluster49,s3fifo,10,52,22,1,1,0.3238,1.77,80629859,524.1856,159726
node7.tardis-apia.ldos-ut-pg0.wisc.cloudlab.us,cluster49,s3fifo,10,52,22,1,2,0.3238,1.78,80629859,524.1856,159726
node7.tardis-apia.ldos-ut-pg0.wisc.cloudlab.us,cluster49,s3fifo,10,52,22,1,3,0.3238,1.79,80629859,524.1856,159726
node7.tardis-apia.ldos-ut-pg0.wisc.cloudlab.us,cluster49,s3fifoforgive,10,52,22,1,1,0.3100,0.84,80629859,524.1856,159726
node7.tardis-apia.ldos-ut-pg0.wisc.cloudlab.us,cluster49,s3fifoforgive,10,52,22,1,2,0.3100,0.86,80629859,524.1856,159726
node7.tardis-apia.ldos-ut-pg0.wisc.cloudlab.us,cluster49,s3fifoforgive,10,52,22,1,3,0.3100,0.85,80629859,524.1856,159726
node7.tardis-apia.ldos-ut-pg0.wisc.cloudlab.us,cluster5,lru,10,676,25,1,1,0.2165,1.98,1033274894,6763.008,207457640
node7.tardis-apia.ldos-ut-pg0.wisc.cloudlab.us,cluster5,lru,10,676,25,1,2,0.2165,1.98,1033274894,6763.008,207457640
node7.tardis-apia.ldos-ut-pg0.wisc.cloudlab.us,cluster5,lru,10,676,25,1,3,0.2165,1.99,1033274894,6763.008,207457640
node7.tardis-apia.ldos-ut-pg0.wisc.cloudlab.us,cluster5,lruforgive,10,676,25,1,1,0.2165,0.61,1033274894,6763.008,207457640
node7.tardis-apia.ldos-ut-pg0.wisc.cloudlab.us,cluster5,lruforgive,10,676,25,1,2,0.2165,0.61,1033274894,6763.008,207457640
node7.tardis-apia.ldos-ut-pg0.wisc.cloudlab.us,cluster5,lruforgive,10,676,25,1,3,0.2165,0.61,1033274894,6763.008,207457640
node7.tardis-apia.ldos-ut-pg0.wisc.cloudlab.us,cluster5,s3fifo,10,676,25,1,1,0.2157,1.96,1033274894,6763.008,207457640
node7.tardis-apia.ldos-ut-pg0.wisc.cloudlab.us,cluster5,s3fifo,10,676,25,1,2,0.2157,1.95,1033274894,6763.008,207457640
node7.tardis-apia.ldos-ut-pg0.wisc.cloudlab.us,cluster5,s3fifo,10,676,25,1,3,0.2157,1.95,1033274894,6763.008,207457640
node7.tardis-apia.ldos-ut-pg0.wisc.cloudlab.us,cluster5,s3fifoforgive,10,676,25,1,1,0.2157,0.64,1033274894,6763.008,207457640
node7.tardis-apia.ldos-ut-pg0.wisc.cloudlab.us,cluster5,s3fifoforgive,10,676,25,1,2,0.2157,0.64,1033274894,6763.008,207457640
node7.tardis-apia.ldos-ut-pg0.wisc.cloudlab.us,cluster5,s3fifoforgive,10,676,25,1,3,0.2157,0.63,1033274894,6763.008,207457640
node7.tardis-apia.ldos-ut-pg0.wisc.cloudlab.us,cluster5,lru,0.1,7,19,1,1,NA,NA,NA,6763.008,207457640
node7.tardis-apia.ldos-ut-pg0.wisc.cloudlab.us,cluster5,lru,0.1,7,19,1,2,NA,NA,NA,6763.008,207457640
node7.tardis-apia.ldos-ut-pg0.wisc.cloudlab.us,cluster5,lru,0.1,7,19,1,3,NA,NA,NA,6763.008,207457640
node7.tardis-apia.ldos-ut-pg0.wisc.cloudlab.us,cluster5,lruforgive,0.1,7,19,1,1,NA,NA,NA,6763.008,207457640
node7.tardis-apia.ldos-ut-pg0.wisc.cloudlab.us,cluster5,lruforgive,0.1,7,19,1,2,NA,NA,NA,6763.008,207457640
node7.tardis-apia.ldos-ut-pg0.wisc.cloudlab.us,cluster5,lruforgive,0.1,7,19,1,3,NA,NA,NA,6763.008,207457640
node7.tardis-apia.ldos-ut-pg0.wisc.cloudlab.us,cluster5,s3fifo,0.1,7,19,1,1,NA,NA,NA,6763.008,207457640
node7.tardis-apia.ldos-ut-pg0.wisc.cloudlab.us,cluster5,s3fifo,0.1,7,19,1,2,NA,NA,NA,6763.008,207457640
node7.tardis-apia.ldos-ut-pg0.wisc.cloudlab.us,cluster5,s3fifo,0.1,7,19,1,3,NA,NA,NA,6763.008,207457640
node7.tardis-apia.ldos-ut-pg0.wisc.cloudlab.us,cluster5,s3fifoforgive,0.1,7,19,1,1,NA,NA,NA,6763.008,207457640
node7.tardis-apia.ldos-ut-pg0.wisc.cloudlab.us,cluster5,s3fifoforgive,0.1,7,19,1,2,NA,NA,NA,6763.008,207457640
node7.tardis-apia.ldos-ut-pg0.wisc.cloudlab.us,cluster5,s3fifoforgive,0.1,7,19,1,3,NA,NA,NA,6763.008,207457640
node7.tardis-apia.ldos-ut-pg0.wisc.cloudlab.us,cluster50,lru,10,413,25,1,1,0.1567,0.56,13983363,4125.2864,265490
node7.tardis-apia.ldos-ut-pg0.wisc.cloudlab.us,cluster50,lru,10,413,25,1,2,0.1567,0.55,13983363,4125.2864,265490
node7.tardis-apia.ldos-ut-pg0.wisc.cloudlab.us,cluster50,lru,10,413,25,1,3,0.1567,0.55,13983363,4125.2864,265490
node7.tardis-apia.ldos-ut-pg0.wisc.cloudlab.us,cluster50,lruforgive,10,413,25,1,1,0.1749,0.25,13983363,4125.2864,265490
node7.tardis-apia.ldos-ut-pg0.wisc.cloudlab.us,cluster50,lruforgive,10,413,25,1,2,0.1749,0.25,13983363,4125.2864,265490
node7.tardis-apia.ldos-ut-pg0.wisc.cloudlab.us,cluster50,lruforgive,10,413,25,1,3,0.1749,0.25,13983363,4125.2864,265490
node7.tardis-apia.ldos-ut-pg0.wisc.cloudlab.us,cluster50,s3fifo,10,413,25,1,1,0.1614,0.70,13983363,4125.2864,265490
node7.tardis-apia.ldos-ut-pg0.wisc.cloudlab.us,cluster50,s3fifo,10,413,25,1,2,0.1614,0.71,13983363,4125.2864,265490
node7.tardis-apia.ldos-ut-pg0.wisc.cloudlab.us,cluster50,s3fifo,10,413,25,1,3,0.1614,0.70,13983363,4125.2864,265490
node7.tardis-apia.ldos-ut-pg0.wisc.cloudlab.us,cluster50,s3fifoforgive,10,413,25,1,1,0.1563,0.35,13983363,4125.2864,265490
node7.tardis-apia.ldos-ut-pg0.wisc.cloudlab.us,cluster50,s3fifoforgive,10,413,25,1,2,0.1563,0.35,13983363,4125.2864,265490
node7.tardis-apia.ldos-ut-pg0.wisc.cloudlab.us,cluster50,s3fifoforgive,10,413,25,1,3,0.1563,0.35,13983363,4125.2864,265490
node7.tardis-apia.ldos-ut-pg0.wisc.cloudlab.us,cluster51,lru,10,4,18,1,1,NA,NA,NA,36.7616,499559
node7.tardis-apia.ldos-ut-pg0.wisc.cloudlab.us,cluster51,lru,10,4,18,1,2,NA,NA,NA,36.7616,499559
node7.tardis-apia.ldos-ut-pg0.wisc.cloudlab.us,cluster51,lru,10,4,18,1,3,NA,NA,NA,36.7616,499559
node7.tardis-apia.ldos-ut-pg0.wisc.cloudlab.us,cluster51,lruforgive,10,4,18,1,1,NA,NA,NA,36.7616,499559
node7.tardis-apia.ldos-ut-pg0.wisc.cloudlab.us,cluster51,lruforgive,10,4,18,1,2,NA,NA,NA,36.7616,499559
node7.tardis-apia.ldos-ut-pg0.wisc.cloudlab.us,cluster51,lruforgive,10,4,18,1,3,NA,NA,NA,36.7616,499559
node7.tardis-apia.ldos-ut-pg0.wisc.cloudlab.us,cluster51,s3fifo,10,4,18,1,1,NA,NA,NA,36.7616,499559
node7.tardis-apia.ldos-ut-pg0.wisc.cloudlab.us,cluster51,s3fifo,10,4,18,1,2,NA,NA,NA,36.7616,499559
node7.tardis-apia.ldos-ut-pg0.wisc.cloudlab.us,cluster51,s3fifo,10,4,18,1,3,NA,NA,NA,36.7616,499559
node7.tardis-apia.ldos-ut-pg0.wisc.cloudlab.us,cluster51,s3fifoforgive,10,4,18,1,1,NA,NA,NA,36.7616,499559
node7.tardis-apia.ldos-ut-pg0.wisc.cloudlab.us,cluster51,s3fifoforgive,10,4,18,1,2,NA,NA,NA,36.7616,499559
node7.tardis-apia.ldos-ut-pg0.wisc.cloudlab.us,cluster51,s3fifoforgive,10,4,18,1,3,NA,NA,NA,36.7616,499559
node7.tardis-apia.ldos-ut-pg0.wisc.cloudlab.us,cluster52,lru,10,235,24,1,1,0.0744,2.58,1343968422,2349.4656,25183876
node7.tardis-apia.ldos-ut-pg0.wisc.cloudlab.us,cluster52,lru,10,235,24,1,2,0.0744,2.60,1343968422,2349.4656,25183876
node7.tardis-apia.ldos-ut-pg0.wisc.cloudlab.us,cluster52,lru,10,235,24,1,3,0.0744,2.59,1343968422,2349.4656,25183876
node7.tardis-apia.ldos-ut-pg0.wisc.cloudlab.us,cluster52,lruforgive,10,235,24,1,1,0.0744,0.65,1343968422,2349.4656,25183876
node7.tardis-apia.ldos-ut-pg0.wisc.cloudlab.us,cluster52,lruforgive,10,235,24,1,2,0.0744,0.65,1343968422,2349.4656,25183876
node7.tardis-apia.ldos-ut-pg0.wisc.cloudlab.us,cluster52,lruforgive,10,235,24,1,3,0.0744,0.65,1343968422,2349.4656,25183876
node7.tardis-apia.ldos-ut-pg0.wisc.cloudlab.us,cluster52,s3fifo,10,235,24,1,1,0.0727,2.75,1343968422,2349.4656,25183876
node7.tardis-apia.ldos-ut-pg0.wisc.cloudlab.us,cluster52,s3fifo,10,235,24,1,2,0.0727,2.79,1343968422,2349.4656,25183876
node7.tardis-apia.ldos-ut-pg0.wisc.cloudlab.us,cluster52,s3fifo,10,235,24,1,3,0.0727,2.74,1343968422,2349.4656,25183876
node7.tardis-apia.ldos-ut-pg0.wisc.cloudlab.us,cluster52,s3fifoforgive,10,235,24,1,1,NA,NA,NA,2349.4656,25183876
node7.tardis-apia.ldos-ut-pg0.wisc.cloudlab.us,cluster52,s3fifoforgive,10,235,24,1,2,0.0727,0.67,1343968422,2349.4656,25183876
node7.tardis-apia.ldos-ut-pg0.wisc.cloudlab.us,cluster52,s3fifoforgive,10,235,24,1,3,0.0727,0.67,1343968422,2349.4656,25183876
node7.tardis-apia.ldos-ut-pg0.wisc.cloudlab.us,cluster52,lru,0.1,2,17,1,1,NA,NA,NA,2349.4656,25183876
node7.tardis-apia.ldos-ut-pg0.wisc.cloudlab.us,cluster52,lru,0.1,2,17,1,2,NA,NA,NA,2349.4656,25183876
node7.tardis-apia.ldos-ut-pg0.wisc.cloudlab.us,cluster52,lru,0.1,2,17,1,3,NA,NA,NA,2349.4656,25183876
node7.tardis-apia.ldos-ut-pg0.wisc.cloudlab.us,cluster52,lruforgive,0.1,2,17,1,1,NA,NA,NA,2349.4656,25183876
node7.tardis-apia.ldos-ut-pg0.wisc.cloudlab.us,cluster52,lruforgive,0.1,2,17,1,2,NA,NA,NA,2349.4656,25183876
node7.tardis-apia.ldos-ut-pg0.wisc.cloudlab.us,cluster52,lruforgive,0.1,2,17,1,3,NA,NA,NA,2349.4656,25183876
node7.tardis-apia.ldos-ut-pg0.wisc.cloudlab.us,cluster52,s3fifo,0.1,2,17,1,1,NA,NA,NA,2349.4656,25183876
node7.tardis-apia.ldos-ut-pg0.wisc.cloudlab.us,cluster52,s3fifo,0.1,2,17,1,2,NA,NA,NA,2349.4656,25183876
node7.tardis-apia.ldos-ut-pg0.wisc.cloudlab.us,cluster52,s3fifo,0.1,2,17,1,3,NA,NA,NA,2349.4656,25183876
node7.tardis-apia.ldos-ut-pg0.wisc.cloudlab.us,cluster52,s3fifoforgive,0.1,2,17,1,1,NA,NA,NA,2349.4656,25183876
node7.tardis-apia.ldos-ut-pg0.wisc.cloudlab.us,cluster52,s3fifoforgive,0.1,2,17,1,2,NA,NA,NA,2349.4656,25183876
node7.tardis-apia.ldos-ut-pg0.wisc.cloudlab.us,cluster52,s3fifoforgive,0.1,2,17,1,3,NA,NA,NA,2349.4656,25183876
node7.tardis-apia.ldos-ut-pg0.wisc.cloudlab.us,cluster53,lru,10,103,23,1,1,0.1061,2.00,26142188,1028.608,726445
node7.tardis-apia.ldos-ut-pg0.wisc.cloudlab.us,cluster53,lru,10,103,23,1,2,0.1061,2.02,26142188,1028.608,726445
node7.tardis-apia.ldos-ut-pg0.wisc.cloudlab.us,cluster53,lru,10,103,23,1,3,0.1061,2.02,26142188,1028.608,726445
node7.tardis-apia.ldos-ut-pg0.wisc.cloudlab.us,cluster53,lruforgive,10,103,23,1,1,0.1031,0.53,26142188,1028.608,726445
node7.tardis-apia.ldos-ut-pg0.wisc.cloudlab.us,cluster53,lruforgive,10,103,23,1,2,0.1031,0.53,26142188,1028.608,726445
node7.tardis-apia.ldos-ut-pg0.wisc.cloudlab.us,cluster53,lruforgive,10,103,23,1,3,0.1031,0.53,26142188,1028.608,726445
node7.tardis-apia.ldos-ut-pg0.wisc.cloudlab.us,cluster53,s3fifo,10,103,23,1,1,0.1000,2.30,26142188,1028.608,726445
node7.tardis-apia.ldos-ut-pg0.wisc.cloudlab.us,cluster53,s3fifo,10,103,23,1,2,0.1000,2.33,26142188,1028.608,726445
node7.tardis-apia.ldos-ut-pg0.wisc.cloudlab.us,cluster53,s3fifo,10,103,23,1,3,0.1000,2.25,26142188,1028.608,726445
node7.tardis-apia.ldos-ut-pg0.wisc.cloudlab.us,cluster53,s3fifoforgive,10,103,23,1,1,0.0982,0.66,26142188,1028.608,726445
node7.tardis-apia.ldos-ut-pg0.wisc.cloudlab.us,cluster53,s3fifoforgive,10,103,23,1,2,0.0982,0.67,26142188,1028.608,726445
node7.tardis-apia.ldos-ut-pg0.wisc.cloudlab.us,cluster53,s3fifoforgive,10,103,23,1,3,0.0982,0.66,26142188,1028.608,726445
node7.tardis-apia.ldos-ut-pg0.wisc.cloudlab.us,cluster54,lru,10,41,21,1,1,0.4220,2.27,1185708762,407.04,5163055
node7.tardis-apia.ldos-ut-pg0.wisc.cloudlab.us,cluster54,lru,10,41,21,1,2,0.4220,2.31,1185708762,407.04,5163055
node7.tardis-apia.ldos-ut-pg0.wisc.cloudlab.us,cluster54,lru,10,41,21,1,3,0.4220,2.28,1185708762,407.04,5163055
node7.tardis-apia.ldos-ut-pg0.wisc.cloudlab.us,cluster54,lruforgive,10,41,21,1,1,0.3906,0.79,1185708762,407.04,5163055
node7.tardis-apia.ldos-ut-pg0.wisc.cloudlab.us,cluster54,lruforgive,10,41,21,1,2,0.3906,0.79,1185708762,407.04,5163055
node7.tardis-apia.ldos-ut-pg0.wisc.cloudlab.us,cluster54,lruforgive,10,41,21,1,3,0.3906,0.79,1185708762,407.04,5163055
node7.tardis-apia.ldos-ut-pg0.wisc.cloudlab.us,cluster54,s3fifo,10,41,21,1,1,0.3492,2.27,1185708762,407.04,5163055
node7.tardis-apia.ldos-ut-pg0.wisc.cloudlab.us,cluster54,s3fifo,10,41,21,1,2,0.3492,2.27,1185708762,407.04,5163055
node7.tardis-apia.ldos-ut-pg0.wisc.cloudlab.us,cluster54,s3fifo,10,41,21,1,3,0.3492,2.28,1185708762,407.04,5163055
node7.tardis-apia.ldos-ut-pg0.wisc.cloudlab.us,cluster54,s3fifoforgive,10,41,21,1,1,0.3491,0.83,1185708762,407.04,5163055
node7.tardis-apia.ldos-ut-pg0.wisc.cloudlab.us,cluster54,s3fifoforgive,10,41,21,1,2,0.3491,0.83,1185708762,407.04,5163055
node7.tardis-apia.ldos-ut-pg0.wisc.cloudlab.us,cluster54,s3fifoforgive,10,41,21,1,3,0.3491,0.83,1185708762,407.04,5163055
node7.tardis-apia.ldos-ut-pg0.wisc.cloudlab.us,cluster54,lru,0.1,1,16,1,1,NA,NA,NA,407.04,5163055
node7.tardis-apia.ldos-ut-pg0.wisc.cloudlab.us,cluster54,lru,0.1,1,16,1,2,NA,NA,NA,407.04,5163055
node7.tardis-apia.ldos-ut-pg0.wisc.cloudlab.us,cluster54,lru,0.1,1,16,1,3,NA,NA,NA,407.04,5163055
node7.tardis-apia.ldos-ut-pg0.wisc.cloudlab.us,cluster54,lruforgive,0.1,1,16,1,1,NA,NA,NA,407.04,5163055
node7.tardis-apia.ldos-ut-pg0.wisc.cloudlab.us,cluster54,lruforgive,0.1,1,16,1,2,NA,NA,NA,407.04,5163055
node7.tardis-apia.ldos-ut-pg0.wisc.cloudlab.us,cluster54,lruforgive,0.1,1,16,1,3,NA,NA,NA,407.04,5163055
node7.tardis-apia.ldos-ut-pg0.wisc.cloudlab.us,cluster54,s3fifo,0.1,1,16,1,1,NA,NA,NA,407.04,5163055
node7.tardis-apia.ldos-ut-pg0.wisc.cloudlab.us,cluster54,s3fifo,0.1,1,16,1,2,NA,NA,NA,407.04,5163055
node7.tardis-apia.ldos-ut-pg0.wisc.cloudlab.us,cluster54,s3fifo,0.1,1,16,1,3,NA,NA,NA,407.04,5163055
node7.tardis-apia.ldos-ut-pg0.wisc.cloudlab.us,cluster54,s3fifoforgive,0.1,1,16,1,1,NA,NA,NA,407.04,5163055
node7.tardis-apia.ldos-ut-pg0.wisc.cloudlab.us,cluster54,s3fifoforgive,0.1,1,16,1,2,NA,NA,NA,407.04,5163055
node7.tardis-apia.ldos-ut-pg0.wisc.cloudlab.us,cluster54,s3fifoforgive,0.1,1,16,1,3,NA,NA,NA,407.04,5163055
node7.tardis-apia.ldos-ut-pg0.wisc.cloudlab.us,cluster6,lru,10,9,19,1,1,0.9966,5.56,823684756,91.7504,2138207
node7.tardis-apia.ldos-ut-pg0.wisc.cloudlab.us,cluster6,lru,10,9,19,1,2,0.9966,5.83,823684756,91.7504,2138207
node7.tardis-apia.ldos-ut-pg0.wisc.cloudlab.us,cluster6,lru,10,9,19,1,3,0.9966,5.45,823684756,91.7504,2138207
node7.tardis-apia.ldos-ut-pg0.wisc.cloudlab.us,cluster6,lruforgive,10,9,19,1,1,0.9966,5.52,823684756,91.7504,2138207
node7.tardis-apia.ldos-ut-pg0.wisc.cloudlab.us,cluster6,lruforgive,10,9,19,1,2,0.9966,5.57,823684756,91.7504,2138207
node7.tardis-apia.ldos-ut-pg0.wisc.cloudlab.us,cluster6,lruforgive,10,9,19,1,3,0.9966,5.51,823684756,91.7504,2138207
node7.tardis-apia.ldos-ut-pg0.wisc.cloudlab.us,cluster6,s3fifo,10,9,19,1,1,0.9966,6.86,823684756,91.7504,2138207
node7.tardis-apia.ldos-ut-pg0.wisc.cloudlab.us,cluster6,s3fifo,10,9,19,1,2,0.9966,6.87,823684756,91.7504,2138207
node7.tardis-apia.ldos-ut-pg0.wisc.cloudlab.us,cluster6,s3fifo,10,9,19,1,3,0.9966,6.47,823684756,91.7504,2138207
node7.tardis-apia.ldos-ut-pg0.wisc.cloudlab.us,cluster6,s3fifoforgive,10,9,19,1,1,0.9966,6.26,823684756,91.7504,2138207
node7.tardis-apia.ldos-ut-pg0.wisc.cloudlab.us,cluster6,s3fifoforgive,10,9,19,1,2,0.9966,6.22,823684756,91.7504,2138207
node7.tardis-apia.ldos-ut-pg0.wisc.cloudlab.us,cluster6,s3fifoforgive,10,9,19,1,3,0.9966,6.17,823684756,91.7504,2138207
node7.tardis-apia.ldos-ut-pg0.wisc.cloudlab.us,cluster6,lru,0.1,1,16,1,1,NA,NA,NA,91.7504,2138207
node7.tardis-apia.ldos-ut-pg0.wisc.cloudlab.us,cluster6,lru,0.1,1,16,1,2,NA,NA,NA,91.7504,2138207
node7.tardis-apia.ldos-ut-pg0.wisc.cloudlab.us,cluster6,lru,0.1,1,16,1,3,NA,NA,NA,91.7504,2138207
node7.tardis-apia.ldos-ut-pg0.wisc.cloudlab.us,cluster6,lruforgive,0.1,1,16,1,1,NA,NA,NA,91.7504,2138207
node7.tardis-apia.ldos-ut-pg0.wisc.cloudlab.us,cluster6,lruforgive,0.1,1,16,1,2,NA,NA,NA,91.7504,2138207
node7.tardis-apia.ldos-ut-pg0.wisc.cloudlab.us,cluster6,lruforgive,0.1,1,16,1,3,NA,NA,NA,91.7504,2138207
node7.tardis-apia.ldos-ut-pg0.wisc.cloudlab.us,cluster6,s3fifo,0.1,1,16,1,1,NA,NA,NA,91.7504,2138207
node7.tardis-apia.ldos-ut-pg0.wisc.cloudlab.us,cluster6,s3fifo,0.1,1,16,1,2,NA,NA,NA,91.7504,2138207
node7.tardis-apia.ldos-ut-pg0.wisc.cloudlab.us,cluster6,s3fifo,0.1,1,16,1,3,NA,NA,NA,91.7504,2138207
node7.tardis-apia.ldos-ut-pg0.wisc.cloudlab.us,cluster6,s3fifoforgive,0.1,1,16,1,1,NA,NA,NA,91.7504,2138207
node7.tardis-apia.ldos-ut-pg0.wisc.cloudlab.us,cluster6,s3fifoforgive,0.1,1,16,1,2,NA,NA,NA,91.7504,2138207
node7.tardis-apia.ldos-ut-pg0.wisc.cloudlab.us,cluster6,s3fifoforgive,0.1,1,16,1,3,NA,NA,NA,91.7504,2138207
node7.tardis-apia.ldos-ut-pg0.wisc.cloudlab.us,cluster7,lru,10,6,19,1,1,NA,NA,NA,59.0848,447342
node7.tardis-apia.ldos-ut-pg0.wisc.cloudlab.us,cluster7,lru,10,6,19,1,2,NA,NA,NA,59.0848,447342
node7.tardis-apia.ldos-ut-pg0.wisc.cloudlab.us,cluster7,lru,10,6,19,1,3,NA,NA,NA,59.0848,447342
node7.tardis-apia.ldos-ut-pg0.wisc.cloudlab.us,cluster7,lruforgive,10,6,19,1,1,NA,NA,NA,59.0848,447342
node7.tardis-apia.ldos-ut-pg0.wisc.cloudlab.us,cluster7,lruforgive,10,6,19,1,2,NA,NA,NA,59.0848,447342
node7.tardis-apia.ldos-ut-pg0.wisc.cloudlab.us,cluster7,lruforgive,10,6,19,1,3,NA,NA,NA,59.0848,447342
node7.tardis-apia.ldos-ut-pg0.wisc.cloudlab.us,cluster7,s3fifo,10,6,19,1,1,NA,NA,NA,59.0848,447342
node7.tardis-apia.ldos-ut-pg0.wisc.cloudlab.us,cluster7,s3fifo,10,6,19,1,2,NA,NA,NA,59.0848,447342
node7.tardis-apia.ldos-ut-pg0.wisc.cloudlab.us,cluster7,s3fifo,10,6,19,1,3,NA,NA,NA,59.0848,447342
node7.tardis-apia.ldos-ut-pg0.wisc.cloudlab.us,cluster7,s3fifoforgive,10,6,19,1,1,NA,NA,NA,59.0848,447342
node7.tardis-apia.ldos-ut-pg0.wisc.cloudlab.us,cluster7,s3fifoforgive,10,6,19,1,2,NA,NA,NA,59.0848,447342
node7.tardis-apia.ldos-ut-pg0.wisc.cloudlab.us,cluster7,s3fifoforgive,10,6,19,1,3,NA,NA,NA,59.0848,447342
node7.tardis-apia.ldos-ut-pg0.wisc.cloudlab.us,cluster8,lru,10,10,19,1,1,0.9753,4.76,130366284,104.3456,26786
node7.tardis-apia.ldos-ut-pg0.wisc.cloudlab.us,cluster8,lru,10,10,19,1,2,0.9753,4.89,130366284,104.3456,26786
node7.tardis-apia.ldos-ut-pg0.wisc.cloudlab.us,cluster8,lru,10,10,19,1,3,0.9753,5.03,130366284,104.3456,26786
node7.tardis-apia.ldos-ut-pg0.wisc.cloudlab.us,cluster8,lruforgive,10,10,19,1,1,0.9748,3.99,130366284,104.3456,26786
node7.tardis-apia.ldos-ut-pg0.wisc.cloudlab.us,cluster8,lruforgive,10,10,19,1,2,0.9748,3.96,130366284,104.3456,26786
node7.tardis-apia.ldos-ut-pg0.wisc.cloudlab.us,cluster8,lruforgive,10,10,19,1,3,0.9748,3.96,130366284,104.3456,26786
node7.tardis-apia.ldos-ut-pg0.wisc.cloudlab.us,cluster8,s3fifo,10,10,19,1,1,0.9752,5.73,130366284,104.3456,26786
node7.tardis-apia.ldos-ut-pg0.wisc.cloudlab.us,cluster8,s3fifo,10,10,19,1,2,0.9752,5.77,130366284,104.3456,26786
node7.tardis-apia.ldos-ut-pg0.wisc.cloudlab.us,cluster8,s3fifo,10,10,19,1,3,0.9752,5.75,130366284,104.3456,26786
node7.tardis-apia.ldos-ut-pg0.wisc.cloudlab.us,cluster8,s3fifoforgive,10,10,19,1,1,0.9752,5.09,130366284,104.3456,26786
node7.tardis-apia.ldos-ut-pg0.wisc.cloudlab.us,cluster8,s3fifoforgive,10,10,19,1,2,0.9752,5.13,130366284,104.3456,26786
node7.tardis-apia.ldos-ut-pg0.wisc.cloudlab.us,cluster8,s3fifoforgive,10,10,19,1,3,0.9752,5.11,130366284,104.3456,26786
node7.tardis-apia.ldos-ut-pg0.wisc.cloudlab.us,cluster9,lru,10,5,18,1,1,NA,NA,NA,49.152,1510009
node7.tardis-apia.ldos-ut-pg0.wisc.cloudlab.us,cluster9,lru,10,5,18,1,2,NA,NA,NA,49.152,1510009
node7.tardis-apia.ldos-ut-pg0.wisc.cloudlab.us,cluster9,lru,10,5,18,1,3,NA,NA,NA,49.152,1510009
node7.tardis-apia.ldos-ut-pg0.wisc.cloudlab.us,cluster9,lruforgive,10,5,18,1,1,NA,NA,NA,49.152,1510009
node7.tardis-apia.ldos-ut-pg0.wisc.cloudlab.us,cluster9,lruforgive,10,5,18,1,2,NA,NA,NA,49.152,1510009
node7.tardis-apia.ldos-ut-pg0.wisc.cloudlab.us,cluster9,lruforgive,10,5,18,1,3,NA,NA,NA,49.152,1510009
node7.tardis-apia.ldos-ut-pg0.wisc.cloudlab.us,cluster9,s3fifo,10,5,18,1,1,NA,NA,NA,49.152,1510009
node7.tardis-apia.ldos-ut-pg0.wisc.cloudlab.us,cluster9,s3fifo,10,5,18,1,2,NA,NA,NA,49.152,1510009
node7.tardis-apia.ldos-ut-pg0.wisc.cloudlab.us,cluster9,s3fifo,10,5,18,1,3,NA,NA,NA,49.152,1510009
node7.tardis-apia.ldos-ut-pg0.wisc.cloudlab.us,cluster9,s3fifoforgive,10,5,18,1,1,NA,NA,NA,49.152,1510009
node7.tardis-apia.ldos-ut-pg0.wisc.cloudlab.us,cluster9,s3fifoforgive,10,5,18,1,2,NA,NA,NA,49.152,1510009
node7.tardis-apia.ldos-ut-pg0.wisc.cloudlab.us,cluster9,s3fifoforgive,10,5,18,1,3,NA,NA,NA,49.152,1510009
node7.tardis-apia.ldos-ut-pg0.wisc.cloudlab.us,cluster9,lru,0.1,1,16,1,1,NA,NA,NA,49.152,1510009
node7.tardis-apia.ldos-ut-pg0.wisc.cloudlab.us,cluster9,lru,0.1,1,16,1,2,NA,NA,NA,49.152,1510009
node7.tardis-apia.ldos-ut-pg0.wisc.cloudlab.us,cluster9,lru,0.1,1,16,1,3,NA,NA,NA,49.152,1510009
node7.tardis-apia.ldos-ut-pg0.wisc.cloudlab.us,cluster9,lruforgive,0.1,1,16,1,1,NA,NA,NA,49.152,1510009
node7.tardis-apia.ldos-ut-pg0.wisc.cloudlab.us,cluster9,lruforgive,0.1,1,16,1,2,NA,NA,NA,49.152,1510009
node7.tardis-apia.ldos-ut-pg0.wisc.cloudlab.us,cluster9,lruforgive,0.1,1,16,1,3,NA,NA,NA,49.152,1510009
node7.tardis-apia.ldos-ut-pg0.wisc.cloudlab.us,cluster9,s3fifo,0.1,1,16,1,1,NA,NA,NA,49.152,1510009
node7.tardis-apia.ldos-ut-pg0.wisc.cloudlab.us,cluster9,s3fifo,0.1,1,16,1,2,NA,NA,NA,49.152,1510009
node7.tardis-apia.ldos-ut-pg0.wisc.cloudlab.us,cluster9,s3fifo,0.1,1,16,1,3,NA,NA,NA,49.152,1510009
node7.tardis-apia.ldos-ut-pg0.wisc.cloudlab.us,cluster9,s3fifoforgive,0.1,1,16,1,1,NA,NA,NA,49.152,1510009
node7.tardis-apia.ldos-ut-pg0.wisc.cloudlab.us,cluster9,s3fifoforgive,0.1,1,16,1,2,NA,NA,NA,49.152,1510009
node7.tardis-apia.ldos-ut-pg0.wisc.cloudlab.us,cluster9,s3fifoforgive,0.1,1,16,1,3,NA,NA,NA,49.152,1510009
node7.tardis-apia.ldos-ut-pg0.wisc.cloudlab.us,msr_hm_0,lru,10,537,25,1,1,0.3105,0.68,3993315,5366.8864,439187
node7.tardis-apia.ldos-ut-pg0.wisc.cloudlab.us,msr_hm_0,lru,10,537,25,1,2,0.3105,0.69,3993315,5366.8864,439187
node7.tardis-apia.ldos-ut-pg0.wisc.cloudlab.us,msr_hm_0,lru,10,537,25,1,3,0.3105,0.69,3993315,5366.8864,439187
node7.tardis-apia.ldos-ut-pg0.wisc.cloudlab.us,msr_hm_0,lruforgive,10,537,25,1,1,0.3092,0.46,3993315,5366.8864,439187
node7.tardis-apia.ldos-ut-pg0.wisc.cloudlab.us,msr_hm_0,lruforgive,10,537,25,1,2,0.3092,0.46,3993315,5366.8864,439187
node7.tardis-apia.ldos-ut-pg0.wisc.cloudlab.us,msr_hm_0,lruforgive,10,537,25,1,3,0.3092,0.46,3993315,5366.8864,439187
node7.tardis-apia.ldos-ut-pg0.wisc.cloudlab.us,msr_hm_0,s3fifo,10,537,25,1,1,0.2870,0.98,3993315,5366.8864,439187
node7.tardis-apia.ldos-ut-pg0.wisc.cloudlab.us,msr_hm_0,s3fifo,10,537,25,1,2,0.2870,0.98,3993315,5366.8864,439187
node7.tardis-apia.ldos-ut-pg0.wisc.cloudlab.us,msr_hm_0,s3fifo,10,537,25,1,3,0.2870,0.99,3993315,5366.8864,439187
node7.tardis-apia.ldos-ut-pg0.wisc.cloudlab.us,msr_hm_0,s3fifoforgive,10,537,25,1,1,0.2866,0.60,3993315,5366.8864,439187
node7.tardis-apia.ldos-ut-pg0.wisc.cloudlab.us,msr_hm_0,s3fifoforgive,10,537,25,1,2,0.2866,0.58,3993315,5366.8864,439187
node7.tardis-apia.ldos-ut-pg0.wisc.cloudlab.us,msr_hm_0,s3fifoforgive,10,537,25,1,3,0.2866,0.60,3993315,5366.8864,439187
node7.tardis-apia.ldos-ut-pg0.wisc.cloudlab.us,msr_prn_0,lru,10,2094,27,1,1,0.2315,0.46,5585885,20937.4208,711385
node7.tardis-apia.ldos-ut-pg0.wisc.cloudlab.us,msr_prn_0,lru,10,2094,27,1,2,0.2315,0.46,5585885,20937.4208,711385
node7.tardis-apia.ldos-ut-pg0.wisc.cloudlab.us,msr_prn_0,lru,10,2094,27,1,3,0.2315,0.46,5585885,20937.4208,711385
node7.tardis-apia.ldos-ut-pg0.wisc.cloudlab.us,msr_prn_0,lruforgive,10,2094,27,1,1,0.2291,0.35,5585885,20937.4208,711385
node7.tardis-apia.ldos-ut-pg0.wisc.cloudlab.us,msr_prn_0,lruforgive,10,2094,27,1,2,0.2292,0.35,5585885,20937.4208,711385
node7.tardis-apia.ldos-ut-pg0.wisc.cloudlab.us,msr_prn_0,lruforgive,10,2094,27,1,3,0.2292,0.35,5585885,20937.4208,711385
node7.tardis-apia.ldos-ut-pg0.wisc.cloudlab.us,msr_prn_0,s3fifo,10,2094,27,1,1,0.2072,0.53,5585885,20937.4208,711385
node7.tardis-apia.ldos-ut-pg0.wisc.cloudlab.us,msr_prn_0,s3fifo,10,2094,27,1,2,0.2072,0.53,5585885,20937.4208,711385
node7.tardis-apia.ldos-ut-pg0.wisc.cloudlab.us,msr_prn_0,s3fifo,10,2094,27,1,3,0.2072,0.53,5585885,20937.4208,711385
node7.tardis-apia.ldos-ut-pg0.wisc.cloudlab.us,msr_prn_0,s3fifoforgive,10,2094,27,1,1,0.2072,0.38,5585885,20937.4208,711385
node7.tardis-apia.ldos-ut-pg0.wisc.cloudlab.us,msr_prn_0,s3fifoforgive,10,2094,27,1,2,0.2071,0.38,5585885,20937.4208,711385
node7.tardis-apia.ldos-ut-pg0.wisc.cloudlab.us,msr_prn_0,s3fifoforgive,10,2094,27,1,3,0.2072,0.38,5585885,20937.4208,711385
node7.tardis-apia.ldos-ut-pg0.wisc.cloudlab.us,msr_prn_1,lru,10,8834,27,1,1,0.3004,0.27,11233410,88343.4496,2173575
node7.tardis-apia.ldos-ut-pg0.wisc.cloudlab.us,msr_prn_1,lru,10,8834,27,1,2,0.3004,0.27,11233410,88343.4496,2173575
node7.tardis-apia.ldos-ut-pg0.wisc.cloudlab.us,msr_prn_1,lru,10,8834,27,1,3,0.3004,0.27,11233410,88343.4496,2173575
node7.tardis-apia.ldos-ut-pg0.wisc.cloudlab.us,msr_prn_1,lruforgive,10,8834,27,1,1,0.2996,0.22,11233410,88343.4496,2173575
node7.tardis-apia.ldos-ut-pg0.wisc.cloudlab.us,msr_prn_1,lruforgive,10,8834,27,1,2,0.2996,0.22,11233410,88343.4496,2173575
node7.tardis-apia.ldos-ut-pg0.wisc.cloudlab.us,msr_prn_1,lruforgive,10,8834,27,1,3,0.2996,0.22,11233410,88343.4496,2173575
node7.tardis-apia.ldos-ut-pg0.wisc.cloudlab.us,msr_prn_1,s3fifo,10,8834,27,1,1,0.2412,0.31,11233410,88343.4496,2173575
node7.tardis-apia.ldos-ut-pg0.wisc.cloudlab.us,msr_prn_1,s3fifo,10,8834,27,1,2,0.2412,0.31,11233410,88343.4496,2173575
node7.tardis-apia.ldos-ut-pg0.wisc.cloudlab.us,msr_prn_1,s3fifo,10,8834,27,1,3,0.2411,0.31,11233410,88343.4496,2173575
node7.tardis-apia.ldos-ut-pg0.wisc.cloudlab.us,msr_prn_1,s3fifoforgive,10,8834,27,1,1,0.2411,0.24,11233410,88343.4496,2173575
node7.tardis-apia.ldos-ut-pg0.wisc.cloudlab.us,msr_prn_1,s3fifoforgive,10,8834,27,1,2,0.2411,0.24,11233410,88343.4496,2173575
node7.tardis-apia.ldos-ut-pg0.wisc.cloudlab.us,msr_prn_1,s3fifoforgive,10,8834,27,1,3,0.2411,0.24,11233410,88343.4496,2173575
node7.tardis-apia.ldos-ut-pg0.wisc.cloudlab.us,msr_prn_1,lru,0.1,88,22,1,1,0.8070,0.82,11233410,88343.4496,2173575
node7.tardis-apia.ldos-ut-pg0.wisc.cloudlab.us,msr_prn_1,lru,0.1,88,22,1,2,0.8070,0.82,11233410,88343.4496,2173575
node7.tardis-apia.ldos-ut-pg0.wisc.cloudlab.us,msr_prn_1,lru,0.1,88,22,1,3,0.8070,0.82,11233410,88343.4496,2173575
node7.tardis-apia.ldos-ut-pg0.wisc.cloudlab.us,msr_prn_1,lruforgive,0.1,88,22,1,1,0.8056,0.51,11233410,88343.4496,2173575
node7.tardis-apia.ldos-ut-pg0.wisc.cloudlab.us,msr_prn_1,lruforgive,0.1,88,22,1,2,0.8057,0.51,11233410,88343.4496,2173575
node7.tardis-apia.ldos-ut-pg0.wisc.cloudlab.us,msr_prn_1,lruforgive,0.1,88,22,1,3,0.8056,0.51,11233410,88343.4496,2173575
node7.tardis-apia.ldos-ut-pg0.wisc.cloudlab.us,msr_prn_1,s3fifo,0.1,88,22,1,1,0.8422,0.91,11233410,88343.4496,2173575
node7.tardis-apia.ldos-ut-pg0.wisc.cloudlab.us,msr_prn_1,s3fifo,0.1,88,22,1,2,0.8422,0.91,11233410,88343.4496,2173575
node7.tardis-apia.ldos-ut-pg0.wisc.cloudlab.us,msr_prn_1,s3fifo,0.1,88,22,1,3,0.8422,0.90,11233410,88343.4496,2173575
node7.tardis-apia.ldos-ut-pg0.wisc.cloudlab.us,msr_prn_1,s3fifoforgive,0.1,88,22,1,1,0.8372,0.70,11233410,88343.4496,2173575
node7.tardis-apia.ldos-ut-pg0.wisc.cloudlab.us,msr_prn_1,s3fifoforgive,0.1,88,22,1,2,NA,NA,NA,88343.4496,2173575
node7.tardis-apia.ldos-ut-pg0.wisc.cloudlab.us,msr_prn_1,s3fifoforgive,0.1,88,22,1,3,0.8370,0.69,11233410,88343.4496,2173575
node7.tardis-apia.ldos-ut-pg0.wisc.cloudlab.us,msr_proj_0,lru,10,1117,26,1,1,0.2645,0.28,4224523,11172.0448,286228
node7.tardis-apia.ldos-ut-pg0.wisc.cloudlab.us,msr_proj_0,lru,10,1117,26,1,2,0.2645,0.28,4224523,11172.0448,286228
node7.tardis-apia.ldos-ut-pg0.wisc.cloudlab.us,msr_proj_0,lru,10,1117,26,1,3,0.2645,0.28,4224523,11172.0448,286228
node7.tardis-apia.ldos-ut-pg0.wisc.cloudlab.us,msr_proj_0,lruforgive,10,1117,26,1,1,0.2586,0.23,4224523,11172.0448,286228
node7.tardis-apia.ldos-ut-pg0.wisc.cloudlab.us,msr_proj_0,lruforgive,10,1117,26,1,2,0.2587,0.23,4224523,11172.0448,286228
node7.tardis-apia.ldos-ut-pg0.wisc.cloudlab.us,msr_proj_0,lruforgive,10,1117,26,1,3,0.2588,0.23,4224523,11172.0448,286228
node7.tardis-apia.ldos-ut-pg0.wisc.cloudlab.us,msr_proj_0,s3fifo,10,1117,26,1,1,0.2378,0.32,4224523,11172.0448,286228
node7.tardis-apia.ldos-ut-pg0.wisc.cloudlab.us,msr_proj_0,s3fifo,10,1117,26,1,2,0.2378,0.32,4224523,11172.0448,286228
node7.tardis-apia.ldos-ut-pg0.wisc.cloudlab.us,msr_proj_0,s3fifo,10,1117,26,1,3,0.2378,0.32,4224523,11172.0448,286228
node7.tardis-apia.ldos-ut-pg0.wisc.cloudlab.us,msr_proj_0,s3fifoforgive,10,1117,26,1,1,0.2375,0.26,4224523,11172.0448,286228
node7.tardis-apia.ldos-ut-pg0.wisc.cloudlab.us,msr_proj_0,s3fifoforgive,10,1117,26,1,2,0.2376,0.26,4224523,11172.0448,286228
node7.tardis-apia.ldos-ut-pg0.wisc.cloudlab.us,msr_proj_0,s3fifoforgive,10,1117,26,1,3,0.2375,0.26,4224523,11172.0448,286228
node7.tardis-apia.ldos-ut-pg0.wisc.cloudlab.us,msr_proj_1,lru,10,71955,27,1,1,0.8179,0.11,23639741,719549.7472,15452001
node7.tardis-apia.ldos-ut-pg0.wisc.cloudlab.us,msr_proj_1,lru,10,71955,27,1,2,0.8179,0.11,23639741,719549.7472,15452001
node7.tardis-apia.ldos-ut-pg0.wisc.cloudlab.us,msr_proj_1,lru,10,71955,27,1,3,0.8179,0.11,23639741,719549.7472,15452001
node7.tardis-apia.ldos-ut-pg0.wisc.cloudlab.us,msr_proj_1,lruforgive,10,71955,27,1,1,0.8178,0.10,23639741,719549.7472,15452001
node7.tardis-apia.ldos-ut-pg0.wisc.cloudlab.us,msr_proj_1,lruforgive,10,71955,27,1,2,0.8178,0.10,23639741,719549.7472,15452001
node7.tardis-apia.ldos-ut-pg0.wisc.cloudlab.us,msr_proj_1,lruforgive,10,71955,27,1,3,0.8178,0.10,23639741,719549.7472,15452001
node7.tardis-apia.ldos-ut-pg0.wisc.cloudlab.us,msr_proj_1,s3fifo,10,71955,27,1,1,0.8082,0.11,23639741,719549.7472,15452001
node7.tardis-apia.ldos-ut-pg0.wisc.cloudlab.us,msr_proj_1,s3fifo,10,71955,27,1,2,0.8082,0.11,23639741,719549.7472,15452001
node7.tardis-apia.ldos-ut-pg0.wisc.cloudlab.us,msr_proj_1,s3fifo,10,71955,27,1,3,0.8082,0.11,23639741,719549.7472,15452001
node7.tardis-apia.ldos-ut-pg0.wisc.cloudlab.us,msr_proj_1,s3fifoforgive,10,71955,27,1,1,0.8081,0.11,23639741,719549.7472,15452001
node7.tardis-apia.ldos-ut-pg0.wisc.cloudlab.us,msr_proj_1,s3fifoforgive,10,71955,27,1,2,0.8081,0.11,23639741,719549.7472,15452001
node7.tardis-apia.ldos-ut-pg0.wisc.cloudlab.us,msr_proj_1,s3fifoforgive,10,71955,27,1,3,0.8081,0.11,23639741,719549.7472,15452001
node7.tardis-apia.ldos-ut-pg0.wisc.cloudlab.us,msr_proj_1,lru,0.1,720,25,1,1,0.9196,0.21,23639741,719549.7472,15452001
node7.tardis-apia.ldos-ut-pg0.wisc.cloudlab.us,msr_proj_1,lru,0.1,720,25,1,2,0.9196,0.21,23639741,719549.7472,15452001
node7.tardis-apia.ldos-ut-pg0.wisc.cloudlab.us,msr_proj_1,lru,0.1,720,25,1,3,0.9196,0.21,23639741,719549.7472,15452001
node7.tardis-apia.ldos-ut-pg0.wisc.cloudlab.us,msr_proj_1,lruforgive,0.1,720,25,1,1,0.9182,0.19,23639741,719549.7472,15452001
node7.tardis-apia.ldos-ut-pg0.wisc.cloudlab.us,msr_proj_1,lruforgive,0.1,720,25,1,2,0.9182,0.20,23639741,719549.7472,15452001
node7.tardis-apia.ldos-ut-pg0.wisc.cloudlab.us,msr_proj_1,lruforgive,0.1,720,25,1,3,0.9182,0.19,23639741,719549.7472,15452001
node7.tardis-apia.ldos-ut-pg0.wisc.cloudlab.us,msr_proj_1,s3fifo,0.1,720,25,1,1,0.9521,0.28,23639741,719549.7472,15452001
node7.tardis-apia.ldos-ut-pg0.wisc.cloudlab.us,msr_proj_1,s3fifo,0.1,720,25,1,2,0.9521,0.28,23639741,719549.7472,15452001
node7.tardis-apia.ldos-ut-pg0.wisc.cloudlab.us,msr_proj_1,s3fifo,0.1,720,25,1,3,0.9521,0.28,23639741,719549.7472,15452001
node7.tardis-apia.ldos-ut-pg0.wisc.cloudlab.us,msr_proj_1,s3fifoforgive,0.1,720,25,1,1,0.9505,0.26,23639741,719549.7472,15452001
node7.tardis-apia.ldos-ut-pg0.wisc.cloudlab.us,msr_proj_1,s3fifoforgive,0.1,720,25,1,2,0.9505,0.26,23639741,719549.7472,15452001
node7.tardis-apia.ldos-ut-pg0.wisc.cloudlab.us,msr_proj_1,s3fifoforgive,0.1,720,25,1,3,0.9505,0.26,23639741,719549.7472,15452001
node7.tardis-apia.ldos-ut-pg0.wisc.cloudlab.us,msr_proj_2,lru,10,69241,27,1,1,0.9338,0.10,29266481,692407.9104,16180242
node7.tardis-apia.ldos-ut-pg0.wisc.cloudlab.us,msr_proj_2,lru,10,69241,27,1,2,0.9338,0.10,29266481,692407.9104,16180242
node7.tardis-apia.ldos-ut-pg0.wisc.cloudlab.us,msr_proj_2,lru,10,69241,27,1,3,0.9338,0.10,29266481,692407.9104,16180242
node7.tardis-apia.ldos-ut-pg0.wisc.cloudlab.us,msr_proj_2,lruforgive,10,69241,27,1,1,0.9329,0.10,29266481,692407.9104,16180242
node7.tardis-apia.ldos-ut-pg0.wisc.cloudlab.us,msr_proj_2,lruforgive,10,69241,27,1,2,0.9329,0.10,29266481,692407.9104,16180242
node7.tardis-apia.ldos-ut-pg0.wisc.cloudlab.us,msr_proj_2,lruforgive,10,69241,27,1,3,0.9329,0.10,29266481,692407.9104,16180242
node7.tardis-apia.ldos-ut-pg0.wisc.cloudlab.us,msr_proj_2,s3fifo,10,69241,27,1,1,0.9106,0.11,29266481,692407.9104,16180242
node7.tardis-apia.ldos-ut-pg0.wisc.cloudlab.us,msr_proj_2,s3fifo,10,69241,27,1,2,0.9107,0.12,29266481,692407.9104,16180242
node7.tardis-apia.ldos-ut-pg0.wisc.cloudlab.us,msr_proj_2,s3fifo,10,69241,27,1,3,0.9107,0.11,29266481,692407.9104,16180242
node7.tardis-apia.ldos-ut-pg0.wisc.cloudlab.us,msr_proj_2,s3fifoforgive,10,69241,27,1,1,0.9091,0.12,29266481,692407.9104,16180242
node7.tardis-apia.ldos-ut-pg0.wisc.cloudlab.us,msr_proj_2,s3fifoforgive,10,69241,27,1,2,0.9091,0.12,29266481,692407.9104,16180242
node7.tardis-apia.ldos-ut-pg0.wisc.cloudlab.us,msr_proj_2,s3fifoforgive,10,69241,27,1,3,0.9091,0.12,29266481,692407.9104,16180242
node7.tardis-apia.ldos-ut-pg0.wisc.cloudlab.us,msr_proj_2,lru,0.1,692,25,1,1,0.9869,0.18,29266481,692407.9104,16180242
node7.tardis-apia.ldos-ut-pg0.wisc.cloudlab.us,msr_proj_2,lru,0.1,692,25,1,2,0.9869,0.18,29266481,692407.9104,16180242
node7.tardis-apia.ldos-ut-pg0.wisc.cloudlab.us,msr_proj_2,lru,0.1,692,25,1,3,0.9869,0.18,29266481,692407.9104,16180242
node7.tardis-apia.ldos-ut-pg0.wisc.cloudlab.us,msr_proj_2,lruforgive,0.1,692,25,1,1,0.9866,0.17,29266481,692407.9104,16180242
node7.tardis-apia.ldos-ut-pg0.wisc.cloudlab.us,msr_proj_2,lruforgive,0.1,692,25,1,2,0.9866,0.17,29266481,692407.9104,16180242
node7.tardis-apia.ldos-ut-pg0.wisc.cloudlab.us,msr_proj_2,lruforgive,0.1,692,25,1,3,0.9866,0.17,29266481,692407.9104,16180242
node7.tardis-apia.ldos-ut-pg0.wisc.cloudlab.us,msr_proj_2,s3fifo,0.1,692,25,1,1,0.9903,0.20,29266481,692407.9104,16180242
node7.tardis-apia.ldos-ut-pg0.wisc.cloudlab.us,msr_proj_2,s3fifo,0.1,692,25,1,2,0.9903,0.19,29266481,692407.9104,16180242
node7.tardis-apia.ldos-ut-pg0.wisc.cloudlab.us,msr_proj_2,s3fifo,0.1,692,25,1,3,0.9903,0.20,29266481,692407.9104,16180242
node7.tardis-apia.ldos-ut-pg0.wisc.cloudlab.us,msr_proj_2,s3fifoforgive,0.1,692,25,1,1,0.9898,0.19,29266481,692407.9104,16180242
node7.tardis-apia.ldos-ut-pg0.wisc.cloudlab.us,msr_proj_2,s3fifoforgive,0.1,692,25,1,2,0.9898,0.19,29266481,692407.9104,16180242
node7.tardis-apia.ldos-ut-pg0.wisc.cloudlab.us,msr_proj_2,s3fifoforgive,0.1,692,25,1,3,0.9898,0.19,29266481,692407.9104,16180242
node7.tardis-apia.ldos-ut-pg0.wisc.cloudlab.us,msr_proj_4,lru,10,12750,27,1,1,0.4851,0.17,6465638,127500.5952,3002525
node7.tardis-apia.ldos-ut-pg0.wisc.cloudlab.us,msr_proj_4,lru,10,12750,27,1,2,0.4851,0.17,6465638,127500.5952,3002525
node7.tardis-apia.ldos-ut-pg0.wisc.cloudlab.us,msr_proj_4,lru,10,12750,27,1,3,0.4851,0.17,6465638,127500.5952,3002525
node7.tardis-apia.ldos-ut-pg0.wisc.cloudlab.us,msr_proj_4,lruforgive,10,12750,27,1,1,0.4849,0.16,6465638,127500.5952,3002525
node7.tardis-apia.ldos-ut-pg0.wisc.cloudlab.us,msr_proj_4,lruforgive,10,12750,27,1,2,0.4849,0.16,6465638,127500.5952,3002525
node7.tardis-apia.ldos-ut-pg0.wisc.cloudlab.us,msr_proj_4,lruforgive,10,12750,27,1,3,0.4849,0.16,6465638,127500.5952,3002525
node7.tardis-apia.ldos-ut-pg0.wisc.cloudlab.us,msr_proj_4,s3fifo,10,12750,27,1,1,0.4659,0.18,6465638,127500.5952,3002525
node7.tardis-apia.ldos-ut-pg0.wisc.cloudlab.us,msr_proj_4,s3fifo,10,12750,27,1,2,0.4659,0.18,6465638,127500.5952,3002525
node7.tardis-apia.ldos-ut-pg0.wisc.cloudlab.us,msr_proj_4,s3fifo,10,12750,27,1,3,0.4659,0.18,6465638,127500.5952,3002525
node7.tardis-apia.ldos-ut-pg0.wisc.cloudlab.us,msr_proj_4,s3fifoforgive,10,12750,27,1,1,0.4659,0.17,6465638,127500.5952,3002525
node7.tardis-apia.ldos-ut-pg0.wisc.cloudlab.us,msr_proj_4,s3fifoforgive,10,12750,27,1,2,0.4659,0.16,6465638,127500.5952,3002525
node7.tardis-apia.ldos-ut-pg0.wisc.cloudlab.us,msr_proj_4,s3fifoforgive,10,12750,27,1,3,0.4659,0.17,6465638,127500.5952,3002525
node7.tardis-apia.ldos-ut-pg0.wisc.cloudlab.us,msr_proj_4,lru,0.1,128,23,1,1,0.9848,0.61,6465638,127500.5952,3002525
node7.tardis-apia.ldos-ut-pg0.wisc.cloudlab.us,msr_proj_4,lru,0.1,128,23,1,2,0.9848,0.61,6465638,127500.5952,3002525
node7.tardis-apia.ldos-ut-pg0.wisc.cloudlab.us,msr_proj_4,lru,0.1,128,23,1,3,0.9848,0.61,6465638,127500.5952,3002525
node7.tardis-apia.ldos-ut-pg0.wisc.cloudlab.us,msr_proj_4,lruforgive,0.1,128,23,1,1,0.9835,0.56,6465638,127500.5952,3002525
node7.tardis-apia.ldos-ut-pg0.wisc.cloudlab.us,msr_proj_4,lruforgive,0.1,128,23,1,2,0.9835,0.57,6465638,127500.5952,3002525
node7.tardis-apia.ldos-ut-pg0.wisc.cloudlab.us,msr_proj_4,lruforgive,0.1,128,23,1,3,0.9836,0.56,6465638,127500.5952,3002525
node7.tardis-apia.ldos-ut-pg0.wisc.cloudlab.us,msr_proj_4,s3fifo,0.1,128,23,1,1,0.9789,0.70,6465638,127500.5952,3002525
node7.tardis-apia.ldos-ut-pg0.wisc.cloudlab.us,msr_proj_4,s3fifo,0.1,128,23,1,2,NA,NA,NA,127500.5952,3002525
node7.tardis-apia.ldos-ut-pg0.wisc.cloudlab.us,msr_proj_4,s3fifo,0.1,128,23,1,3,0.9789,0.71,6465638,127500.5952,3002525
node7.tardis-apia.ldos-ut-pg0.wisc.cloudlab.us,msr_proj_4,s3fifoforgive,0.1,128,23,1,1,0.9778,0.67,6465638,127500.5952,3002525
node7.tardis-apia.ldos-ut-pg0.wisc.cloudlab.us,msr_proj_4,s3fifoforgive,0.1,128,23,1,2,0.9777,0.65,6465638,127500.5952,3002525
node7.tardis-apia.ldos-ut-pg0.wisc.cloudlab.us,msr_proj_4,s3fifoforgive,0.1,128,23,1,3,0.9778,0.67,6465638,127500.5952,3002525
node7.tardis-apia.ldos-ut-pg0.wisc.cloudlab.us,msr_prxy_0,lru,10,208,24,1,1,0.0547,1.62,12518967,2080.4608,155681
node7.tardis-apia.ldos-ut-pg0.wisc.cloudlab.us,msr_prxy_0,lru,10,208,24,1,2,0.0548,1.63,12518967,2080.4608,155681
node7.tardis-apia.ldos-ut-pg0.wisc.cloudlab.us,msr_prxy_0,lru,10,208,24,1,3,0.0547,1.62,12518967,2080.4608,155681
node7.tardis-apia.ldos-ut-pg0.wisc.cloudlab.us,msr_prxy_0,lruforgive,10,208,24,1,1,0.0536,0.62,12518967,2080.4608,155681
node7.tardis-apia.ldos-ut-pg0.wisc.cloudlab.us,msr_prxy_0,lruforgive,10,208,24,1,2,0.0536,0.62,12518967,2080.4608,155681
node7.tardis-apia.ldos-ut-pg0.wisc.cloudlab.us,msr_prxy_0,lruforgive,10,208,24,1,3,0.0536,0.62,12518967,2080.4608,155681
node7.tardis-apia.ldos-ut-pg0.wisc.cloudlab.us,msr_prxy_0,s3fifo,10,208,24,1,1,0.0525,2.38,12518967,2080.4608,155681
node7.tardis-apia.ldos-ut-pg0.wisc.cloudlab.us,msr_prxy_0,s3fifo,10,208,24,1,2,0.0525,2.39,12518967,2080.4608,155681
node7.tardis-apia.ldos-ut-pg0.wisc.cloudlab.us,msr_prxy_0,s3fifo,10,208,24,1,3,NA,NA,NA,2080.4608,155681
node7.tardis-apia.ldos-ut-pg0.wisc.cloudlab.us,msr_prxy_0,s3fifoforgive,10,208,24,1,1,0.0521,0.74,12518967,2080.4608,155681
node7.tardis-apia.ldos-ut-pg0.wisc.cloudlab.us,msr_prxy_0,s3fifoforgive,10,208,24,1,2,0.0521,0.74,12518967,2080.4608,155681
node7.tardis-apia.ldos-ut-pg0.wisc.cloudlab.us,msr_prxy_0,s3fifoforgive,10,208,24,1,3,0.0521,0.73,12518967,2080.4608,155681
node7.tardis-apia.ldos-ut-pg0.wisc.cloudlab.us,msr_prxy_1,lru,10,1572,27,1,1,0.0027,2.69,168638963,15718.7072,390226
node7.tardis-apia.ldos-ut-pg0.wisc.cloudlab.us,msr_prxy_1,lru,10,1572,27,1,2,0.0027,2.74,168638963,15718.7072,390226
node7.tardis-apia.ldos-ut-pg0.wisc.cloudlab.us,msr_prxy_1,lru,10,1572,27,1,3,0.0027,2.90,168638963,15718.7072,390226
node7.tardis-apia.ldos-ut-pg0.wisc.cloudlab.us,msr_prxy_1,lruforgive,10,1572,27,1,1,0.0026,0.78,168638963,15718.7072,390226
node7.tardis-apia.ldos-ut-pg0.wisc.cloudlab.us,msr_prxy_1,lruforgive,10,1572,27,1,2,0.0026,0.78,168638963,15718.7072,390226
node7.tardis-apia.ldos-ut-pg0.wisc.cloudlab.us,msr_prxy_1,lruforgive,10,1572,27,1,3,0.0026,0.78,168638963,15718.7072,390226
node7.tardis-apia.ldos-ut-pg0.wisc.cloudlab.us,msr_prxy_1,s3fifo,10,1572,27,1,1,0.0025,3.42,168638963,15718.7072,390226
node7.tardis-apia.ldos-ut-pg0.wisc.cloudlab.us,msr_prxy_1,s3fifo,10,1572,27,1,2,0.0025,3.50,168638963,15718.7072,390226
node7.tardis-apia.ldos-ut-pg0.wisc.cloudlab.us,msr_prxy_1,s3fifo,10,1572,27,1,3,0.0025,3.46,168638963,15718.7072,390226
node7.tardis-apia.ldos-ut-pg0.wisc.cloudlab.us,msr_prxy_1,s3fifoforgive,10,1572,27,1,1,0.0025,0.82,168638963,15718.7072,390226
node7.tardis-apia.ldos-ut-pg0.wisc.cloudlab.us,msr_prxy_1,s3fifoforgive,10,1572,27,1,2,0.0025,0.83,168638963,15718.7072,390226
node7.tardis-apia.ldos-ut-pg0.wisc.cloudlab.us,msr_prxy_1,s3fifoforgive,10,1572,27,1,3,0.0025,0.82,168638963,15718.7072,390226
node7.tardis-apia.ldos-ut-pg0.wisc.cloudlab.us,msr_src1_0,lru,10,15727,27,1,1,0.9226,0.15,37415612,157271.04,5659341
node7.tardis-apia.ldos-ut-pg0.wisc.cloudlab.us,msr_src1_0,lru,10,15727,27,1,2,0.9226,0.15,37415612,157271.04,5659341
node7.tardis-apia.ldos-ut-pg0.wisc.cloudlab.us,msr_src1_0,lru,10,15727,27,1,3,0.9226,0.15,37415612,157271.04,5659341
node7.tardis-apia.ldos-ut-pg0.wisc.cloudlab.us,msr_src1_0,lruforgive,10,15727,27,1,1,0.9212,0.14,37415612,157271.04,5659341
node7.tardis-apia.ldos-ut-pg0.wisc.cloudlab.us,msr_src1_0,lruforgive,10,15727,27,1,2,0.9212,0.14,37415612,157271.04,5659341
node7.tardis-apia.ldos-ut-pg0.wisc.cloudlab.us,msr_src1_0,lruforgive,10,15727,27,1,3,0.9212,0.14,37415612,157271.04,5659341
node7.tardis-apia.ldos-ut-pg0.wisc.cloudlab.us,msr_src1_0,s3fifo,10,15727,27,1,1,0.8761,0.16,37415612,157271.04,5659341
node7.tardis-apia.ldos-ut-pg0.wisc.cloudlab.us,msr_src1_0,s3fifo,10,15727,27,1,2,0.8761,0.16,37415612,157271.04,5659341
node7.tardis-apia.ldos-ut-pg0.wisc.cloudlab.us,msr_src1_0,s3fifo,10,15727,27,1,3,0.8761,0.16,37415612,157271.04,5659341
node7.tardis-apia.ldos-ut-pg0.wisc.cloudlab.us,msr_src1_0,s3fifoforgive,10,15727,27,1,1,0.8754,0.15,37415612,157271.04,5659341
node7.tardis-apia.ldos-ut-pg0.wisc.cloudlab.us,msr_src1_0,s3fifoforgive,10,15727,27,1,2,0.8754,0.15,37415612,157271.04,5659341
node7.tardis-apia.ldos-ut-pg0.wisc.cloudlab.us,msr_src1_0,s3fifoforgive,10,15727,27,1,3,0.8754,0.15,37415612,157271.04,5659341
node7.tardis-apia.ldos-ut-pg0.wisc.cloudlab.us,msr_src1_0,lru,0.1,157,23,1,1,0.9661,0.27,37415612,157271.04,5659341
node7.tardis-apia.ldos-ut-pg0.wisc.cloudlab.us,msr_src1_0,lru,0.1,157,23,1,2,0.9661,0.27,37415612,157271.04,5659341
node7.tardis-apia.ldos-ut-pg0.wisc.cloudlab.us,msr_src1_0,lru,0.1,157,23,1,3,0.9661,0.27,37415612,157271.04,5659341
node7.tardis-apia.ldos-ut-pg0.wisc.cloudlab.us,msr_src1_0,lruforgive,0.1,157,23,1,1,0.9654,0.26,37415612,157271.04,5659341
node7.tardis-apia.ldos-ut-pg0.wisc.cloudlab.us,msr_src1_0,lruforgive,0.1,157,23,1,2,0.9654,0.25,37415612,157271.04,5659341
node7.tardis-apia.ldos-ut-pg0.wisc.cloudlab.us,msr_src1_0,lruforgive,0.1,157,23,1,3,0.9654,0.26,37415612,157271.04,5659341
node7.tardis-apia.ldos-ut-pg0.wisc.cloudlab.us,msr_src1_0,s3fifo,0.1,157,23,1,1,0.9730,0.48,37415612,157271.04,5659341
node7.tardis-apia.ldos-ut-pg0.wisc.cloudlab.us,msr_src1_0,s3fifo,0.1,157,23,1,2,0.9730,0.49,37415612,157271.04,5659341
node7.tardis-apia.ldos-ut-pg0.wisc.cloudlab.us,msr_src1_0,s3fifo,0.1,157,23,1,3,0.9723,0.47,37415612,157271.04,5659341
node7.tardis-apia.ldos-ut-pg0.wisc.cloudlab.us,msr_src1_0,s3fifoforgive,0.1,157,23,1,1,0.9723,0.44,37415612,157271.04,5659341
node7.tardis-apia.ldos-ut-pg0.wisc.cloudlab.us,msr_src1_0,s3fifoforgive,0.1,157,23,1,2,0.9722,0.45,37415612,157271.04,5659341
node7.tardis-apia.ldos-ut-pg0.wisc.cloudlab.us,msr_src1_0,s3fifoforgive,0.1,157,23,1,3,0.9722,0.45,37415612,157271.04,5659341
node7.tardis-apia.ldos-ut-pg0.wisc.cloudlab.us,msr_src1_1,lru,10,18876,27,1,1,0.8357,0.19,45746221,188762.112,6170590
node7.tardis-apia.ldos-ut-pg0.wisc.cloudlab.us,msr_src1_1,lru,10,18876,27,1,2,0.8357,0.19,45746221,188762.112,6170590
node7.tardis-apia.ldos-ut-pg0.wisc.cloudlab.us,msr_src1_1,lru,10,18876,27,1,3,0.8357,0.19,45746221,188762.112,6170590
node7.tardis-apia.ldos-ut-pg0.wisc.cloudlab.us,msr_src1_1,lruforgive,10,18876,27,1,1,0.8347,0.18,45746221,188762.112,6170590
node7.tardis-apia.ldos-ut-pg0.wisc.cloudlab.us,msr_src1_1,lruforgive,10,18876,27,1,2,0.8347,0.18,45746221,188762.112,6170590
node7.tardis-apia.ldos-ut-pg0.wisc.cloudlab.us,msr_src1_1,lruforgive,10,18876,27,1,3,0.8347,0.18,45746221,188762.112,6170590
node7.tardis-apia.ldos-ut-pg0.wisc.cloudlab.us,msr_src1_1,s3fifo,10,18876,27,1,1,0.8000,0.19,45746221,188762.112,6170590
node7.tardis-apia.ldos-ut-pg0.wisc.cloudlab.us,msr_src1_1,s3fifo,10,18876,27,1,2,0.8000,0.19,45746221,188762.112,6170590
node7.tardis-apia.ldos-ut-pg0.wisc.cloudlab.us,msr_src1_1,s3fifo,10,18876,27,1,3,0.8000,0.19,45746221,188762.112,6170590
node7.tardis-apia.ldos-ut-pg0.wisc.cloudlab.us,msr_src1_1,s3fifoforgive,10,18876,27,1,1,0.7999,0.18,45746221,188762.112,6170590
node7.tardis-apia.ldos-ut-pg0.wisc.cloudlab.us,msr_src1_1,s3fifoforgive,10,18876,27,1,2,0.7999,0.18,45746221,188762.112,6170590
node7.tardis-apia.ldos-ut-pg0.wisc.cloudlab.us,msr_src1_1,s3fifoforgive,10,18876,27,1,3,0.7999,0.18,45746221,188762.112,6170590
node7.tardis-apia.ldos-ut-pg0.wisc.cloudlab.us,msr_src1_1,lru,0.1,189,24,1,1,0.9681,0.34,45746221,188762.112,6170590
node7.tardis-apia.ldos-ut-pg0.wisc.cloudlab.us,msr_src1_1,lru,0.1,189,24,1,2,0.9681,0.34,45746221,188762.112,6170590
node7.tardis-apia.ldos-ut-pg0.wisc.cloudlab.us,msr_src1_1,lru,0.1,189,24,1,3,0.9681,0.34,45746221,188762.112,6170590
node7.tardis-apia.ldos-ut-pg0.wisc.cloudlab.us,msr_src1_1,lruforgive,0.1,189,24,1,1,0.9672,0.27,45746221,188762.112,6170590
node7.tardis-apia.ldos-ut-pg0.wisc.cloudlab.us,msr_src1_1,lruforgive,0.1,189,24,1,2,0.9672,0.27,45746221,188762.112,6170590
node7.tardis-apia.ldos-ut-pg0.wisc.cloudlab.us,msr_src1_1,lruforgive,0.1,189,24,1,3,0.9672,0.27,45746221,188762.112,6170590
node7.tardis-apia.ldos-ut-pg0.wisc.cloudlab.us,msr_src1_1,s3fifo,0.1,189,24,1,1,0.9817,0.56,45746221,188762.112,6170590
node7.tardis-apia.ldos-ut-pg0.wisc.cloudlab.us,msr_src1_1,s3fifo,0.1,189,24,1,2,0.9817,0.56,45746221,188762.112,6170590
node7.tardis-apia.ldos-ut-pg0.wisc.cloudlab.us,msr_src1_1,s3fifo,0.1,189,24,1,3,0.9817,0.56,45746221,188762.112,6170590
node7.tardis-apia.ldos-ut-pg0.wisc.cloudlab.us,msr_src1_1,s3fifoforgive,0.1,189,24,1,1,0.9808,0.52,45746221,188762.112,6170590
node7.tardis-apia.ldos-ut-pg0.wisc.cloudlab.us,msr_src1_1,s3fifoforgive,0.1,189,24,1,2,0.9808,0.52,45746221,188762.112,6170590
node7.tardis-apia.ldos-ut-pg0.wisc.cloudlab.us,msr_src1_1,s3fifoforgive,0.1,189,24,1,3,0.9808,0.52,45746221,188762.112,6170590
node7.tardis-apia.ldos-ut-pg0.wisc.cloudlab.us,msr_usr_1,lru,10,69667,27,1,1,0.4203,0.15,45283979,696667.3408,13966057
node7.tardis-apia.ldos-ut-pg0.wisc.cloudlab.us,msr_usr_1,lru,10,69667,27,1,2,0.4203,0.15,45283979,696667.3408,13966057
node7.tardis-apia.ldos-ut-pg0.wisc.cloudlab.us,msr_usr_1,lru,10,69667,27,1,3,0.4203,0.15,45283979,696667.3408,13966057
node7.tardis-apia.ldos-ut-pg0.wisc.cloudlab.us,msr_usr_1,lruforgive,10,69667,27,1,1,0.4197,0.14,45283979,696667.3408,13966057
node7.tardis-apia.ldos-ut-pg0.wisc.cloudlab.us,msr_usr_1,lruforgive,10,69667,27,1,2,0.4197,0.13,45283979,696667.3408,13966057
node7.tardis-apia.ldos-ut-pg0.wisc.cloudlab.us,msr_usr_1,lruforgive,10,69667,27,1,3,0.4197,0.13,45283979,696667.3408,13966057
node7.tardis-apia.ldos-ut-pg0.wisc.cloudlab.us,msr_usr_1,s3fifo,10,69667,27,1,1,0.3782,0.17,45283979,696667.3408,13966057
node7.tardis-apia.ldos-ut-pg0.wisc.cloudlab.us,msr_usr_1,s3fifo,10,69667,27,1,2,0.3782,0.17,45283979,696667.3408,13966057
node7.tardis-apia.ldos-ut-pg0.wisc.cloudlab.us,msr_usr_1,s3fifo,10,69667,27,1,3,0.3782,0.17,45283979,696667.3408,13966057
node7.tardis-apia.ldos-ut-pg0.wisc.cloudlab.us,msr_usr_1,s3fifoforgive,10,69667,27,1,1,0.3782,0.16,45283979,696667.3408,13966057
node7.tardis-apia.ldos-ut-pg0.wisc.cloudlab.us,msr_usr_1,s3fifoforgive,10,69667,27,1,2,0.3782,0.16,45283979,696667.3408,13966057
node7.tardis-apia.ldos-ut-pg0.wisc.cloudlab.us,msr_usr_1,s3fifoforgive,10,69667,27,1,3,0.3782,0.16,45283979,696667.3408,13966057
node7.tardis-apia.ldos-ut-pg0.wisc.cloudlab.us,msr_usr_1,lru,0.1,697,25,1,1,0.9072,0.21,45283979,696667.3408,13966057
node7.tardis-apia.ldos-ut-pg0.wisc.cloudlab.us,msr_usr_1,lru,0.1,697,25,1,2,0.9072,0.21,45283979,696667.3408,13966057
node7.tardis-apia.ldos-ut-pg0.wisc.cloudlab.us,msr_usr_1,lru,0.1,697,25,1,3,0.9072,0.21,45283979,696667.3408,13966057
node7.tardis-apia.ldos-ut-pg0.wisc.cloudlab.us,msr_usr_1,lruforgive,0.1,697,25,1,1,0.8927,0.19,45283979,696667.3408,13966057
node7.tardis-apia.ldos-ut-pg0.wisc.cloudlab.us,msr_usr_1,lruforgive,0.1,697,25,1,2,0.8927,0.19,45283979,696667.3408,13966057
node7.tardis-apia.ldos-ut-pg0.wisc.cloudlab.us,msr_usr_1,lruforgive,0.1,697,25,1,3,0.8927,0.19,45283979,696667.3408,13966057
node7.tardis-apia.ldos-ut-pg0.wisc.cloudlab.us,msr_usr_1,s3fifo,0.1,697,25,1,1,0.8972,0.29,45283979,696667.3408,13966057
node7.tardis-apia.ldos-ut-pg0.wisc.cloudlab.us,msr_usr_1,s3fifo,0.1,697,25,1,2,0.8972,0.29,45283979,696667.3408,13966057
node7.tardis-apia.ldos-ut-pg0.wisc.cloudlab.us,msr_usr_1,s3fifo,0.1,697,25,1,3,0.8972,0.29,45283979,696667.3408,13966057
node7.tardis-apia.ldos-ut-pg0.wisc.cloudlab.us,msr_usr_1,s3fifoforgive,0.1,697,25,1,1,0.8833,0.27,45283979,696667.3408,13966057
node7.tardis-apia.ldos-ut-pg0.wisc.cloudlab.us,msr_usr_1,s3fifoforgive,0.1,697,25,1,2,0.8833,0.27,45283979,696667.3408,13966057
node7.tardis-apia.ldos-ut-pg0.wisc.cloudlab.us,msr_usr_1,s3fifoforgive,0.1,697,25,1,3,0.8836,0.26,45283979,696667.3408,13966057
node7.tardis-apia.ldos-ut-pg0.wisc.cloudlab.us,msr_usr_2,lru,10,40188,27,1,1,0.7473,0.10,10570045,401878.2208,7374757
node7.tardis-apia.ldos-ut-pg0.wisc.cloudlab.us,msr_usr_2,lru,10,40188,27,1,2,0.7473,0.10,10570045,401878.2208,7374757
node7.tardis-apia.ldos-ut-pg0.wisc.cloudlab.us,msr_usr_2,lru,10,40188,27,1,3,0.7473,0.10,10570045,401878.2208,7374757
node7.tardis-apia.ldos-ut-pg0.wisc.cloudlab.us,msr_usr_2,lruforgive,10,40188,27,1,1,0.7471,0.10,10570045,401878.2208,7374757
node7.tardis-apia.ldos-ut-pg0.wisc.cloudlab.us,msr_usr_2,lruforgive,10,40188,27,1,2,0.7471,0.10,10570045,401878.2208,7374757
node7.tardis-apia.ldos-ut-pg0.wisc.cloudlab.us,msr_usr_2,lruforgive,10,40188,27,1,3,0.7471,0.10,10570045,401878.2208,7374757
node7.tardis-apia.ldos-ut-pg0.wisc.cloudlab.us,msr_usr_2,s3fifo,10,40188,27,1,1,0.7217,0.11,10570045,401878.2208,7374757
node7.tardis-apia.ldos-ut-pg0.wisc.cloudlab.us,msr_usr_2,s3fifo,10,40188,27,1,2,0.7217,0.11,10570045,401878.2208,7374757
node7.tardis-apia.ldos-ut-pg0.wisc.cloudlab.us,msr_usr_2,s3fifo,10,40188,27,1,3,0.7217,0.11,10570045,401878.2208,7374757
node7.tardis-apia.ldos-ut-pg0.wisc.cloudlab.us,msr_usr_2,s3fifoforgive,10,40188,27,1,1,0.7217,0.11,10570045,401878.2208,7374757
node7.tardis-apia.ldos-ut-pg0.wisc.cloudlab.us,msr_usr_2,s3fifoforgive,10,40188,27,1,2,0.7217,0.11,10570045,401878.2208,7374757
node7.tardis-apia.ldos-ut-pg0.wisc.cloudlab.us,msr_usr_2,s3fifoforgive,10,40188,27,1,3,0.7217,0.11,10570045,401878.2208,7374757
node7.tardis-apia.ldos-ut-pg0.wisc.cloudlab.us,msr_usr_2,lru,0.1,402,25,1,1,0.8490,0.16,10570045,401878.2208,7374757
node7.tardis-apia.ldos-ut-pg0.wisc.cloudlab.us,msr_usr_2,lru,0.1,402,25,1,2,0.8490,0.16,10570045,401878.2208,7374757
node7.tardis-apia.ldos-ut-pg0.wisc.cloudlab.us,msr_usr_2,lru,0.1,402,25,1,3,0.8490,0.16,10570045,401878.2208,7374757
node7.tardis-apia.ldos-ut-pg0.wisc.cloudlab.us,msr_usr_2,lruforgive,0.1,402,25,1,1,0.8466,0.16,10570045,401878.2208,7374757
node7.tardis-apia.ldos-ut-pg0.wisc.cloudlab.us,msr_usr_2,lruforgive,0.1,402,25,1,2,0.8466,0.16,10570045,401878.2208,7374757
node7.tardis-apia.ldos-ut-pg0.wisc.cloudlab.us,msr_usr_2,lruforgive,0.1,402,25,1,3,0.8466,0.16,10570045,401878.2208,7374757
node7.tardis-apia.ldos-ut-pg0.wisc.cloudlab.us,msr_usr_2,s3fifo,0.1,402,25,1,1,0.8498,0.23,10570045,401878.2208,7374757
node7.tardis-apia.ldos-ut-pg0.wisc.cloudlab.us,msr_usr_2,s3fifo,0.1,402,25,1,2,0.8498,0.23,10570045,401878.2208,7374757
node7.tardis-apia.ldos-ut-pg0.wisc.cloudlab.us,msr_usr_2,s3fifo,0.1,402,25,1,3,0.8498,0.23,10570045,401878.2208,7374757
node7.tardis-apia.ldos-ut-pg0.wisc.cloudlab.us,msr_usr_2,s3fifoforgive,0.1,402,25,1,1,0.8488,0.22,10570045,401878.2208,7374757
node7.tardis-apia.ldos-ut-pg0.wisc.cloudlab.us,msr_usr_2,s3fifoforgive,0.1,402,25,1,2,0.8488,0.22,10570045,401878.2208,7374757
node7.tardis-apia.ldos-ut-pg0.wisc.cloudlab.us,msr_usr_2,s3fifoforgive,0.1,402,25,1,3,0.8488,0.22,10570045,401878.2208,7374757
node7.tardis-apia.ldos-ut-pg0.wisc.cloudlab.us,msr_web_2,lru,10,6818,27,1,1,0.9950,0.12,5175367,68184.3712,1321270
node7.tardis-apia.ldos-ut-pg0.wisc.cloudlab.us,msr_web_2,lru,10,6818,27,1,2,0.9950,0.12,5175367,68184.3712,1321270
node7.tardis-apia.ldos-ut-pg0.wisc.cloudlab.us,msr_web_2,lru,10,6818,27,1,3,0.9950,0.12,5175367,68184.3712,1321270
node7.tardis-apia.ldos-ut-pg0.wisc.cloudlab.us,msr_web_2,lruforgive,10,6818,27,1,1,0.9949,0.13,5175367,68184.3712,1321270
node7.tardis-apia.ldos-ut-pg0.wisc.cloudlab.us,msr_web_2,lruforgive,10,6818,27,1,2,0.9949,0.13,5175367,68184.3712,1321270
node7.tardis-apia.ldos-ut-pg0.wisc.cloudlab.us,msr_web_2,lruforgive,10,6818,27,1,3,0.9949,0.13,5175367,68184.3712,1321270
node7.tardis-apia.ldos-ut-pg0.wisc.cloudlab.us,msr_web_2,s3fifo,10,6818,27,1,1,0.9945,0.12,5175367,68184.3712,1321270
node7.tardis-apia.ldos-ut-pg0.wisc.cloudlab.us,msr_web_2,s3fifo,10,6818,27,1,2,0.9945,0.12,5175367,68184.3712,1321270
node7.tardis-apia.ldos-ut-pg0.wisc.cloudlab.us,msr_web_2,s3fifo,10,6818,27,1,3,0.9945,0.12,5175367,68184.3712,1321270
node7.tardis-apia.ldos-ut-pg0.wisc.cloudlab.us,msr_web_2,s3fifoforgive,10,6818,27,1,1,0.9945,0.13,5175367,68184.3712,1321270
node7.tardis-apia.ldos-ut-pg0.wisc.cloudlab.us,msr_web_2,s3fifoforgive,10,6818,27,1,2,0.9945,0.13,5175367,68184.3712,1321270
node7.tardis-apia.ldos-ut-pg0.wisc.cloudlab.us,msr_web_2,s3fifoforgive,10,6818,27,1,3,0.9945,0.13,5175367,68184.3712,1321270
node7.tardis-apia.ldos-ut-pg0.wisc.cloudlab.us,msr_web_2,lru,0.1,68,22,1,1,0.9955,0.44,5175367,68184.3712,1321270
node7.tardis-apia.ldos-ut-pg0.wisc.cloudlab.us,msr_web_2,lru,0.1,68,22,1,2,0.9955,0.44,5175367,68184.3712,1321270
node7.tardis-apia.ldos-ut-pg0.wisc.cloudlab.us,msr_web_2,lru,0.1,68,22,1,3,0.9955,0.44,5175367,68184.3712,1321270
node7.tardis-apia.ldos-ut-pg0.wisc.cloudlab.us,msr_web_2,lruforgive,0.1,68,22,1,1,0.9954,0.43,5175367,68184.3712,1321270
node7.tardis-apia.ldos-ut-pg0.wisc.cloudlab.us,msr_web_2,lruforgive,0.1,68,22,1,2,0.9954,0.44,5175367,68184.3712,1321270
node7.tardis-apia.ldos-ut-pg0.wisc.cloudlab.us,msr_web_2,lruforgive,0.1,68,22,1,3,0.9954,0.43,5175367,68184.3712,1321270
node7.tardis-apia.ldos-ut-pg0.wisc.cloudlab.us,msr_web_2,s3fifo,0.1,68,22,1,1,0.9950,0.44,5175367,68184.3712,1321270
node7.tardis-apia.ldos-ut-pg0.wisc.cloudlab.us,msr_web_2,s3fifo,0.1,68,22,1,2,0.9950,0.43,5175367,68184.3712,1321270
node7.tardis-apia.ldos-ut-pg0.wisc.cloudlab.us,msr_web_2,s3fifo,0.1,68,22,1,3,0.9950,0.44,5175367,68184.3712,1321270
node7.tardis-apia.ldos-ut-pg0.wisc.cloudlab.us,msr_web_2,s3fifoforgive,0.1,68,22,1,1,0.9950,0.43,5175367,68184.3712,1321270
node7.tardis-apia.ldos-ut-pg0.wisc.cloudlab.us,msr_web_2,s3fifoforgive,0.1,68,22,1,2,0.9950,0.43,5175367,68184.3712,1321270
node7.tardis-apia.ldos-ut-pg0.wisc.cloudlab.us,msr_web_2,s3fifoforgive,0.1,68,22,1,3,0.9950,0.43,5175367,68184.3712,1321270
node7.tardis-apia.ldos-ut-pg0.wisc.cloudlab.us,fiu_casa-110108-112108,lru,10,1,16,1,1,NA,NA,NA,3.072,325844
node7.tardis-apia.ldos-ut-pg0.wisc.cloudlab.us,fiu_casa-110108-112108,lru,10,1,16,1,2,NA,NA,NA,3.072,325844
node7.tardis-apia.ldos-ut-pg0.wisc.cloudlab.us,fiu_casa-110108-112108,lru,10,1,16,1,3,NA,NA,NA,3.072,325844
node7.tardis-apia.ldos-ut-pg0.wisc.cloudlab.us,fiu_casa-110108-112108,lruforgive,10,1,16,1,1,NA,NA,NA,3.072,325844
node7.tardis-apia.ldos-ut-pg0.wisc.cloudlab.us,fiu_casa-110108-112108,lruforgive,10,1,16,1,2,NA,NA,NA,3.072,325844
node7.tardis-apia.ldos-ut-pg0.wisc.cloudlab.us,fiu_casa-110108-112108,lruforgive,10,1,16,1,3,NA,NA,NA,3.072,325844
node7.tardis-apia.ldos-ut-pg0.wisc.cloudlab.us,fiu_casa-110108-112108,s3fifo,10,1,16,1,1,NA,NA,NA,3.072,325844
node7.tardis-apia.ldos-ut-pg0.wisc.cloudlab.us,fiu_casa-110108-112108,s3fifo,10,1,16,1,2,NA,NA,NA,3.072,325844
node7.tardis-apia.ldos-ut-pg0.wisc.cloudlab.us,fiu_casa-110108-112108,s3fifo,10,1,16,1,3,NA,NA,NA,3.072,325844
node7.tardis-apia.ldos-ut-pg0.wisc.cloudlab.us,fiu_casa-110108-112108,s3fifoforgive,10,1,16,1,1,NA,NA,NA,3.072,325844
node7.tardis-apia.ldos-ut-pg0.wisc.cloudlab.us,fiu_casa-110108-112108,s3fifoforgive,10,1,16,1,2,NA,NA,NA,3.072,325844
node7.tardis-apia.ldos-ut-pg0.wisc.cloudlab.us,fiu_casa-110108-112108,s3fifoforgive,10,1,16,1,3,NA,NA,NA,3.072,325844
node7.tardis-apia.ldos-ut-pg0.wisc.cloudlab.us,fiu_cheetah.cs.fiu.edu-110108-113008,lru,10,5824,27,1,1,0.1007,1.41,442393091,58243.584,14910346
node7.tardis-apia.ldos-ut-pg0.wisc.cloudlab.us,fiu_cheetah.cs.fiu.edu-110108-113008,lru,10,5824,27,1,2,0.1007,1.41,442393091,58243.584,14910346
node7.tardis-apia.ldos-ut-pg0.wisc.cloudlab.us,fiu_cheetah.cs.fiu.edu-110108-113008,lru,10,5824,27,1,3,0.1007,1.39,442393091,58243.584,14910346
node7.tardis-apia.ldos-ut-pg0.wisc.cloudlab.us,fiu_cheetah.cs.fiu.edu-110108-113008,lruforgive,10,5824,27,1,1,0.1006,0.44,442393091,58243.584,14910346
node7.tardis-apia.ldos-ut-pg0.wisc.cloudlab.us,fiu_cheetah.cs.fiu.edu-110108-113008,lruforgive,10,5824,27,1,2,0.1006,0.44,442393091,58243.584,14910346
node7.tardis-apia.ldos-ut-pg0.wisc.cloudlab.us,fiu_cheetah.cs.fiu.edu-110108-113008,lruforgive,10,5824,27,1,3,0.1006,0.44,442393091,58243.584,14910346
node7.tardis-apia.ldos-ut-pg0.wisc.cloudlab.us,fiu_cheetah.cs.fiu.edu-110108-113008,s3fifo,10,5824,27,1,1,0.0887,1.57,442393091,58243.584,14910346
node7.tardis-apia.ldos-ut-pg0.wisc.cloudlab.us,fiu_cheetah.cs.fiu.edu-110108-113008,s3fifo,10,5824,27,1,2,0.0887,1.56,442393091,58243.584,14910346
node7.tardis-apia.ldos-ut-pg0.wisc.cloudlab.us,fiu_cheetah.cs.fiu.edu-110108-113008,s3fifo,10,5824,27,1,3,0.0887,1.58,442393091,58243.584,14910346
node7.tardis-apia.ldos-ut-pg0.wisc.cloudlab.us,fiu_cheetah.cs.fiu.edu-110108-113008,s3fifoforgive,10,5824,27,1,1,0.0887,0.45,442393091,58243.584,14910346
node7.tardis-apia.ldos-ut-pg0.wisc.cloudlab.us,fiu_cheetah.cs.fiu.edu-110108-113008,s3fifoforgive,10,5824,27,1,2,0.0887,0.46,442393091,58243.584,14910346
node7.tardis-apia.ldos-ut-pg0.wisc.cloudlab.us,fiu_cheetah.cs.fiu.edu-110108-113008,s3fifoforgive,10,5824,27,1,3,0.0887,0.45,442393091,58243.584,14910346
node7.tardis-apia.ldos-ut-pg0.wisc.cloudlab.us,fiu_cheetah.cs.fiu.edu-110108-113008,lru,0.1,58,22,1,1,0.9423,0.94,442393091,58243.584,14910346
node7.tardis-apia.ldos-ut-pg0.wisc.cloudlab.us,fiu_cheetah.cs.fiu.edu-110108-113008,lru,0.1,58,22,1,2,0.9423,0.94,442393091,58243.584,14910346
node7.tardis-apia.ldos-ut-pg0.wisc.cloudlab.us,fiu_cheetah.cs.fiu.edu-110108-113008,lru,0.1,58,22,1,3,0.9423,0.94,442393091,58243.584,14910346
node7.tardis-apia.ldos-ut-pg0.wisc.cloudlab.us,fiu_cheetah.cs.fiu.edu-110108-113008,lruforgive,0.1,58,22,1,1,0.9421,0.71,442393091,58243.584,14910346
node7.tardis-apia.ldos-ut-pg0.wisc.cloudlab.us,fiu_cheetah.cs.fiu.edu-110108-113008,lruforgive,0.1,58,22,1,2,0.9421,0.71,442393091,58243.584,14910346
node7.tardis-apia.ldos-ut-pg0.wisc.cloudlab.us,fiu_cheetah.cs.fiu.edu-110108-113008,lruforgive,0.1,58,22,1,3,0.9421,0.70,442393091,58243.584,14910346
node7.tardis-apia.ldos-ut-pg0.wisc.cloudlab.us,fiu_cheetah.cs.fiu.edu-110108-113008,s3fifo,0.1,58,22,1,1,0.9092,1.43,442393091,58243.584,14910346
node7.tardis-apia.ldos-ut-pg0.wisc.cloudlab.us,fiu_cheetah.cs.fiu.edu-110108-113008,s3fifo,0.1,58,22,1,2,0.9092,1.42,442393091,58243.584,14910346
node7.tardis-apia.ldos-ut-pg0.wisc.cloudlab.us,fiu_cheetah.cs.fiu.edu-110108-113008,s3fifo,0.1,58,22,1,3,0.9092,1.43,442393091,58243.584,14910346
node7.tardis-apia.ldos-ut-pg0.wisc.cloudlab.us,fiu_cheetah.cs.fiu.edu-110108-113008,s3fifoforgive,0.1,58,22,1,1,0.9086,0.99,442393091,58243.584,14910346
node7.tardis-apia.ldos-ut-pg0.wisc.cloudlab.us,fiu_cheetah.cs.fiu.edu-110108-113008,s3fifoforgive,0.1,58,22,1,2,0.9086,0.97,442393091,58243.584,14910346
node7.tardis-apia.ldos-ut-pg0.wisc.cloudlab.us,fiu_cheetah.cs.fiu.edu-110108-113008,s3fifoforgive,0.1,58,22,1,3,0.9086,1.00,442393091,58243.584,14910346
node7.tardis-apia.ldos-ut-pg0.wisc.cloudlab.us,fiu_homes-110108-112108,lru,10,4,18,1,1,NA,NA,NA,35.5328,1684407
node7.tardis-apia.ldos-ut-pg0.wisc.cloudlab.us,fiu_homes-110108-112108,lru,10,4,18,1,2,NA,NA,NA,35.5328,1684407
node7.tardis-apia.ldos-ut-pg0.wisc.cloudlab.us,fiu_homes-110108-112108,lru,10,4,18,1,3,NA,NA,NA,35.5328,1684407
node7.tardis-apia.ldos-ut-pg0.wisc.cloudlab.us,fiu_homes-110108-112108,lruforgive,10,4,18,1,1,NA,NA,NA,35.5328,1684407
node7.tardis-apia.ldos-ut-pg0.wisc.cloudlab.us,fiu_homes-110108-112108,lruforgive,10,4,18,1,2,NA,NA,NA,35.5328,1684407
node7.tardis-apia.ldos-ut-pg0.wisc.cloudlab.us,fiu_homes-110108-112108,lruforgive,10,4,18,1,3,NA,NA,NA,35.5328,1684407
node7.tardis-apia.ldos-ut-pg0.wisc.cloudlab.us,fiu_homes-110108-112108,s3fifo,10,4,18,1,1,NA,NA,NA,35.5328,1684407
node7.tardis-apia.ldos-ut-pg0.wisc.cloudlab.us,fiu_homes-110108-112108,s3fifo,10,4,18,1,2,NA,NA,NA,35.5328,1684407
node7.tardis-apia.ldos-ut-pg0.wisc.cloudlab.us,fiu_homes-110108-112108,s3fifo,10,4,18,1,3,NA,NA,NA,35.5328,1684407
node7.tardis-apia.ldos-ut-pg0.wisc.cloudlab.us,fiu_homes-110108-112108,s3fifoforgive,10,4,18,1,1,NA,NA,NA,35.5328,1684407
node7.tardis-apia.ldos-ut-pg0.wisc.cloudlab.us,fiu_homes-110108-112108,s3fifoforgive,10,4,18,1,2,NA,NA,NA,35.5328,1684407
node7.tardis-apia.ldos-ut-pg0.wisc.cloudlab.us,fiu_homes-110108-112108,s3fifoforgive,10,4,18,1,3,NA,NA,NA,35.5328,1684407
node7.tardis-apia.ldos-ut-pg0.wisc.cloudlab.us,fiu_homes-110108-112108,lru,0.1,1,16,1,1,NA,NA,NA,35.5328,1684407
node7.tardis-apia.ldos-ut-pg0.wisc.cloudlab.us,fiu_homes-110108-112108,lru,0.1,1,16,1,2,NA,NA,NA,35.5328,1684407
node7.tardis-apia.ldos-ut-pg0.wisc.cloudlab.us,fiu_homes-110108-112108,lru,0.1,1,16,1,3,NA,NA,NA,35.5328,1684407
node7.tardis-apia.ldos-ut-pg0.wisc.cloudlab.us,fiu_homes-110108-112108,lruforgive,0.1,1,16,1,1,NA,NA,NA,35.5328,1684407
node7.tardis-apia.ldos-ut-pg0.wisc.cloudlab.us,fiu_homes-110108-112108,lruforgive,0.1,1,16,1,2,NA,NA,NA,35.5328,1684407
node7.tardis-apia.ldos-ut-pg0.wisc.cloudlab.us,fiu_homes-110108-112108,lruforgive,0.1,1,16,1,3,NA,NA,NA,35.5328,1684407
node7.tardis-apia.ldos-ut-pg0.wisc.cloudlab.us,fiu_homes-110108-112108,s3fifo,0.1,1,16,1,1,NA,NA,NA,35.5328,1684407
node7.tardis-apia.ldos-ut-pg0.wisc.cloudlab.us,fiu_homes-110108-112108,s3fifo,0.1,1,16,1,2,NA,NA,NA,35.5328,1684407
node7.tardis-apia.ldos-ut-pg0.wisc.cloudlab.us,fiu_homes-110108-112108,s3fifo,0.1,1,16,1,3,NA,NA,NA,35.5328,1684407
node7.tardis-apia.ldos-ut-pg0.wisc.cloudlab.us,fiu_homes-110108-112108,s3fifoforgive,0.1,1,16,1,1,NA,NA,NA,35.5328,1684407
node7.tardis-apia.ldos-ut-pg0.wisc.cloudlab.us,fiu_homes-110108-112108,s3fifoforgive,0.1,1,16,1,2,NA,NA,NA,35.5328,1684407
node7.tardis-apia.ldos-ut-pg0.wisc.cloudlab.us,fiu_homes-110108-112108,s3fifoforgive,0.1,1,16,1,3,NA,NA,NA,35.5328,1684407
node7.tardis-apia.ldos-ut-pg0.wisc.cloudlab.us,fiu_ikki-110108-112108,lru,10,1,17,1,1,NA,NA,NA,14.6432,948257
node7.tardis-apia.ldos-ut-pg0.wisc.cloudlab.us,fiu_ikki-110108-112108,lru,10,1,17,1,2,NA,NA,NA,14.6432,948257
node7.tardis-apia.ldos-ut-pg0.wisc.cloudlab.us,fiu_ikki-110108-112108,lru,10,1,17,1,3,NA,NA,NA,14.6432,948257
node7.tardis-apia.ldos-ut-pg0.wisc.cloudlab.us,fiu_ikki-110108-112108,lruforgive,10,1,17,1,1,NA,NA,NA,14.6432,948257
node7.tardis-apia.ldos-ut-pg0.wisc.cloudlab.us,fiu_ikki-110108-112108,lruforgive,10,1,17,1,2,NA,NA,NA,14.6432,948257
node7.tardis-apia.ldos-ut-pg0.wisc.cloudlab.us,fiu_ikki-110108-112108,lruforgive,10,1,17,1,3,NA,NA,NA,14.6432,948257
node7.tardis-apia.ldos-ut-pg0.wisc.cloudlab.us,fiu_ikki-110108-112108,s3fifo,10,1,17,1,1,NA,NA,NA,14.6432,948257
node7.tardis-apia.ldos-ut-pg0.wisc.cloudlab.us,fiu_ikki-110108-112108,s3fifo,10,1,17,1,2,NA,NA,NA,14.6432,948257
node7.tardis-apia.ldos-ut-pg0.wisc.cloudlab.us,fiu_ikki-110108-112108,s3fifo,10,1,17,1,3,NA,NA,NA,14.6432,948257
node7.tardis-apia.ldos-ut-pg0.wisc.cloudlab.us,fiu_ikki-110108-112108,s3fifoforgive,10,1,17,1,1,NA,NA,NA,14.6432,948257
node7.tardis-apia.ldos-ut-pg0.wisc.cloudlab.us,fiu_ikki-110108-112108,s3fifoforgive,10,1,17,1,2,NA,NA,NA,14.6432,948257
node7.tardis-apia.ldos-ut-pg0.wisc.cloudlab.us,fiu_ikki-110108-112108,s3fifoforgive,10,1,17,1,3,NA,NA,NA,14.6432,948257
node7.tardis-apia.ldos-ut-pg0.wisc.cloudlab.us,fiu_madmax-110108-112108,lru,10,1,16,1,1,NA,NA,NA,0.6144,69967
node7.tardis-apia.ldos-ut-pg0.wisc.cloudlab.us,fiu_madmax-110108-112108,lru,10,1,16,1,2,NA,NA,NA,0.6144,69967
node7.tardis-apia.ldos-ut-pg0.wisc.cloudlab.us,fiu_madmax-110108-112108,lru,10,1,16,1,3,NA,NA,NA,0.6144,69967
node7.tardis-apia.ldos-ut-pg0.wisc.cloudlab.us,fiu_madmax-110108-112108,lruforgive,10,1,16,1,1,NA,NA,NA,0.6144,69967
node7.tardis-apia.ldos-ut-pg0.wisc.cloudlab.us,fiu_madmax-110108-112108,lruforgive,10,1,16,1,2,NA,NA,NA,0.6144,69967
node7.tardis-apia.ldos-ut-pg0.wisc.cloudlab.us,fiu_madmax-110108-112108,lruforgive,10,1,16,1,3,NA,NA,NA,0.6144,69967
node7.tardis-apia.ldos-ut-pg0.wisc.cloudlab.us,fiu_madmax-110108-112108,s3fifo,10,1,16,1,1,NA,NA,NA,0.6144,69967
node7.tardis-apia.ldos-ut-pg0.wisc.cloudlab.us,fiu_madmax-110108-112108,s3fifo,10,1,16,1,2,NA,NA,NA,0.6144,69967
node7.tardis-apia.ldos-ut-pg0.wisc.cloudlab.us,fiu_madmax-110108-112108,s3fifo,10,1,16,1,3,NA,NA,NA,0.6144,69967
node7.tardis-apia.ldos-ut-pg0.wisc.cloudlab.us,fiu_madmax-110108-112108,s3fifoforgive,10,1,16,1,1,NA,NA,NA,0.6144,69967
node7.tardis-apia.ldos-ut-pg0.wisc.cloudlab.us,fiu_madmax-110108-112108,s3fifoforgive,10,1,16,1,2,NA,NA,NA,0.6144,69967
node7.tardis-apia.ldos-ut-pg0.wisc.cloudlab.us,fiu_madmax-110108-112108,s3fifoforgive,10,1,16,1,3,NA,NA,NA,0.6144,69967
node7.tardis-apia.ldos-ut-pg0.wisc.cloudlab.us,fiu_online.cs.fiu.edu-110108-113008,lru,10,1,16,1,1,NA,NA,NA,1.536,196811
node7.tardis-apia.ldos-ut-pg0.wisc.cloudlab.us,fiu_online.cs.fiu.edu-110108-113008,lru,10,1,16,1,2,NA,NA,NA,1.536,196811
node7.tardis-apia.ldos-ut-pg0.wisc.cloudlab.us,fiu_online.cs.fiu.edu-110108-113008,lru,10,1,16,1,3,NA,NA,NA,1.536,196811
node7.tardis-apia.ldos-ut-pg0.wisc.cloudlab.us,fiu_online.cs.fiu.edu-110108-113008,lruforgive,10,1,16,1,1,NA,NA,NA,1.536,196811
node7.tardis-apia.ldos-ut-pg0.wisc.cloudlab.us,fiu_online.cs.fiu.edu-110108-113008,lruforgive,10,1,16,1,2,NA,NA,NA,1.536,196811
node7.tardis-apia.ldos-ut-pg0.wisc.cloudlab.us,fiu_online.cs.fiu.edu-110108-113008,lruforgive,10,1,16,1,3,NA,NA,NA,1.536,196811
node7.tardis-apia.ldos-ut-pg0.wisc.cloudlab.us,fiu_online.cs.fiu.edu-110108-113008,s3fifo,10,1,16,1,1,NA,NA,NA,1.536,196811
node7.tardis-apia.ldos-ut-pg0.wisc.cloudlab.us,fiu_online.cs.fiu.edu-110108-113008,s3fifo,10,1,16,1,2,NA,NA,NA,1.536,196811
node7.tardis-apia.ldos-ut-pg0.wisc.cloudlab.us,fiu_online.cs.fiu.edu-110108-113008,s3fifo,10,1,16,1,3,NA,NA,NA,1.536,196811
node7.tardis-apia.ldos-ut-pg0.wisc.cloudlab.us,fiu_online.cs.fiu.edu-110108-113008,s3fifoforgive,10,1,16,1,1,NA,NA,NA,1.536,196811
node7.tardis-apia.ldos-ut-pg0.wisc.cloudlab.us,fiu_online.cs.fiu.edu-110108-113008,s3fifoforgive,10,1,16,1,2,NA,NA,NA,1.536,196811
node7.tardis-apia.ldos-ut-pg0.wisc.cloudlab.us,fiu_online.cs.fiu.edu-110108-113008,s3fifoforgive,10,1,16,1,3,NA,NA,NA,1.536,196811
node7.tardis-apia.ldos-ut-pg0.wisc.cloudlab.us,fiu_webmail+online.cs.fiu.edu-110108-113008,lru,10,1,16,1,1,NA,NA,NA,4.1984,549174
node7.tardis-apia.ldos-ut-pg0.wisc.cloudlab.us,fiu_webmail+online.cs.fiu.edu-110108-113008,lru,10,1,16,1,2,NA,NA,NA,4.1984,549174
node7.tardis-apia.ldos-ut-pg0.wisc.cloudlab.us,fiu_webmail+online.cs.fiu.edu-110108-113008,lru,10,1,16,1,3,NA,NA,NA,4.1984,549174
node7.tardis-apia.ldos-ut-pg0.wisc.cloudlab.us,fiu_webmail+online.cs.fiu.edu-110108-113008,lruforgive,10,1,16,1,1,NA,NA,NA,4.1984,549174
node7.tardis-apia.ldos-ut-pg0.wisc.cloudlab.us,fiu_webmail+online.cs.fiu.edu-110108-113008,lruforgive,10,1,16,1,2,NA,NA,NA,4.1984,549174
node7.tardis-apia.ldos-ut-pg0.wisc.cloudlab.us,fiu_webmail+online.cs.fiu.edu-110108-113008,lruforgive,10,1,16,1,3,NA,NA,NA,4.1984,549174
node7.tardis-apia.ldos-ut-pg0.wisc.cloudlab.us,fiu_webmail+online.cs.fiu.edu-110108-113008,s3fifo,10,1,16,1,1,NA,NA,NA,4.1984,549174
node7.tardis-apia.ldos-ut-pg0.wisc.cloudlab.us,fiu_webmail+online.cs.fiu.edu-110108-113008,s3fifo,10,1,16,1,2,NA,NA,NA,4.1984,549174
node7.tardis-apia.ldos-ut-pg0.wisc.cloudlab.us,fiu_webmail+online.cs.fiu.edu-110108-113008,s3fifo,10,1,16,1,3,NA,NA,NA,4.1984,549174
node7.tardis-apia.ldos-ut-pg0.wisc.cloudlab.us,fiu_webmail+online.cs.fiu.edu-110108-113008,s3fifoforgive,10,1,16,1,1,NA,NA,NA,4.1984,549174
node7.tardis-apia.ldos-ut-pg0.wisc.cloudlab.us,fiu_webmail+online.cs.fiu.edu-110108-113008,s3fifoforgive,10,1,16,1,2,NA,NA,NA,4.1984,549174
node7.tardis-apia.ldos-ut-pg0.wisc.cloudlab.us,fiu_webmail+online.cs.fiu.edu-110108-113008,s3fifoforgive,10,1,16,1,3,NA,NA,NA,4.1984,549174
node7.tardis-apia.ldos-ut-pg0.wisc.cloudlab.us,fiu_webmail.cs.fiu.edu-110108-113008,lru,10,1,16,1,1,NA,NA,NA,3.6864,488667
node7.tardis-apia.ldos-ut-pg0.wisc.cloudlab.us,fiu_webmail.cs.fiu.edu-110108-113008,lru,10,1,16,1,2,NA,NA,NA,3.6864,488667
node7.tardis-apia.ldos-ut-pg0.wisc.cloudlab.us,fiu_webmail.cs.fiu.edu-110108-113008,lru,10,1,16,1,3,NA,NA,NA,3.6864,488667
node7.tardis-apia.ldos-ut-pg0.wisc.cloudlab.us,fiu_webmail.cs.fiu.edu-110108-113008,lruforgive,10,1,16,1,1,NA,NA,NA,3.6864,488667
node7.tardis-apia.ldos-ut-pg0.wisc.cloudlab.us,fiu_webmail.cs.fiu.edu-110108-113008,lruforgive,10,1,16,1,2,NA,NA,NA,3.6864,488667
node7.tardis-apia.ldos-ut-pg0.wisc.cloudlab.us,fiu_webmail.cs.fiu.edu-110108-113008,lruforgive,10,1,16,1,3,NA,NA,NA,3.6864,488667
node7.tardis-apia.ldos-ut-pg0.wisc.cloudlab.us,fiu_webmail.cs.fiu.edu-110108-113008,s3fifo,10,1,16,1,1,NA,NA,NA,3.6864,488667
node7.tardis-apia.ldos-ut-pg0.wisc.cloudlab.us,fiu_webmail.cs.fiu.edu-110108-113008,s3fifo,10,1,16,1,2,NA,NA,NA,3.6864,488667
node7.tardis-apia.ldos-ut-pg0.wisc.cloudlab.us,fiu_webmail.cs.fiu.edu-110108-113008,s3fifo,10,1,16,1,3,NA,NA,NA,3.6864,488667
node7.tardis-apia.ldos-ut-pg0.wisc.cloudlab.us,fiu_webmail.cs.fiu.edu-110108-113008,s3fifoforgive,10,1,16,1,1,NA,NA,NA,3.6864,488667
node7.tardis-apia.ldos-ut-pg0.wisc.cloudlab.us,fiu_webmail.cs.fiu.edu-110108-113008,s3fifoforgive,10,1,16,1,2,NA,NA,NA,3.6864,488667
node7.tardis-apia.ldos-ut-pg0.wisc.cloudlab.us,fiu_webmail.cs.fiu.edu-110108-113008,s3fifoforgive,10,1,16,1,3,NA,NA,NA,3.6864,488667
node7.tardis-apia.ldos-ut-pg0.wisc.cloudlab.us,fiu_webresearch-030409-033109,lru,10,1,16,1,1,NA,NA,NA,0.3072,45383
node7.tardis-apia.ldos-ut-pg0.wisc.cloudlab.us,fiu_webresearch-030409-033109,lru,10,1,16,1,2,NA,NA,NA,0.3072,45383
node7.tardis-apia.ldos-ut-pg0.wisc.cloudlab.us,fiu_webresearch-030409-033109,lru,10,1,16,1,3,NA,NA,NA,0.3072,45383
node7.tardis-apia.ldos-ut-pg0.wisc.cloudlab.us,fiu_webresearch-030409-033109,lruforgive,10,1,16,1,1,NA,NA,NA,0.3072,45383
node7.tardis-apia.ldos-ut-pg0.wisc.cloudlab.us,fiu_webresearch-030409-033109,lruforgive,10,1,16,1,2,NA,NA,NA,0.3072,45383
node7.tardis-apia.ldos-ut-pg0.wisc.cloudlab.us,fiu_webresearch-030409-033109,lruforgive,10,1,16,1,3,NA,NA,NA,0.3072,45383
node7.tardis-apia.ldos-ut-pg0.wisc.cloudlab.us,fiu_webresearch-030409-033109,s3fifo,10,1,16,1,1,NA,NA,NA,0.3072,45383
node7.tardis-apia.ldos-ut-pg0.wisc.cloudlab.us,fiu_webresearch-030409-033109,s3fifo,10,1,16,1,2,NA,NA,NA,0.3072,45383
node7.tardis-apia.ldos-ut-pg0.wisc.cloudlab.us,fiu_webresearch-030409-033109,s3fifo,10,1,16,1,3,NA,NA,NA,0.3072,45383
node7.tardis-apia.ldos-ut-pg0.wisc.cloudlab.us,fiu_webresearch-030409-033109,s3fifoforgive,10,1,16,1,1,NA,NA,NA,0.3072,45383
node7.tardis-apia.ldos-ut-pg0.wisc.cloudlab.us,fiu_webresearch-030409-033109,s3fifoforgive,10,1,16,1,2,NA,NA,NA,0.3072,45383
node7.tardis-apia.ldos-ut-pg0.wisc.cloudlab.us,fiu_webresearch-030409-033109,s3fifoforgive,10,1,16,1,3,NA,NA,NA,0.3072,45383
node7.tardis-apia.ldos-ut-pg0.wisc.cloudlab.us,fiu_webusers-030409-033109,lru,10,1,16,1,1,NA,NA,NA,1.3312,93874
node7.tardis-apia.ldos-ut-pg0.wisc.cloudlab.us,fiu_webusers-030409-033109,lru,10,1,16,1,2,NA,NA,NA,1.3312,93874
node7.tardis-apia.ldos-ut-pg0.wisc.cloudlab.us,fiu_webusers-030409-033109,lru,10,1,16,1,3,NA,NA,NA,1.3312,93874
node7.tardis-apia.ldos-ut-pg0.wisc.cloudlab.us,fiu_webusers-030409-033109,lruforgive,10,1,16,1,1,NA,NA,NA,1.3312,93874
node7.tardis-apia.ldos-ut-pg0.wisc.cloudlab.us,fiu_webusers-030409-033109,lruforgive,10,1,16,1,2,NA,NA,NA,1.3312,93874
node7.tardis-apia.ldos-ut-pg0.wisc.cloudlab.us,fiu_webusers-030409-033109,lruforgive,10,1,16,1,3,NA,NA,NA,1.3312,93874
node7.tardis-apia.ldos-ut-pg0.wisc.cloudlab.us,fiu_webusers-030409-033109,s3fifo,10,1,16,1,1,NA,NA,NA,1.3312,93874
node7.tardis-apia.ldos-ut-pg0.wisc.cloudlab.us,fiu_webusers-030409-033109,s3fifo,10,1,16,1,2,NA,NA,NA,1.3312,93874
node7.tardis-apia.ldos-ut-pg0.wisc.cloudlab.us,fiu_webusers-030409-033109,s3fifo,10,1,16,1,3,NA,NA,NA,1.3312,93874
node7.tardis-apia.ldos-ut-pg0.wisc.cloudlab.us,fiu_webusers-030409-033109,s3fifoforgive,10,1,16,1,1,NA,NA,NA,1.3312,93874
node7.tardis-apia.ldos-ut-pg0.wisc.cloudlab.us,fiu_webusers-030409-033109,s3fifoforgive,10,1,16,1,2,NA,NA,NA,1.3312,93874
node7.tardis-apia.ldos-ut-pg0.wisc.cloudlab.us,fiu_webusers-030409-033109,s3fifoforgive,10,1,16,1,3,NA,NA,NA,1.3312,93874
node7.tardis-apia.ldos-ut-pg0.wisc.cloudlab.us,2016_LUN0,lru,10,231098,27,1,1,NA_TOOBIG,NA,NA,2310981.12,64550858
node7.tardis-apia.ldos-ut-pg0.wisc.cloudlab.us,2016_LUN0,lru,10,231098,27,1,2,NA_TOOBIG,NA,NA,2310981.12,64550858
node7.tardis-apia.ldos-ut-pg0.wisc.cloudlab.us,2016_LUN0,lru,10,231098,27,1,3,NA_TOOBIG,NA,NA,2310981.12,64550858
node7.tardis-apia.ldos-ut-pg0.wisc.cloudlab.us,2016_LUN0,lruforgive,10,231098,27,1,1,NA_TOOBIG,NA,NA,2310981.12,64550858
node7.tardis-apia.ldos-ut-pg0.wisc.cloudlab.us,2016_LUN0,lruforgive,10,231098,27,1,2,NA_TOOBIG,NA,NA,2310981.12,64550858
node7.tardis-apia.ldos-ut-pg0.wisc.cloudlab.us,2016_LUN0,lruforgive,10,231098,27,1,3,NA_TOOBIG,NA,NA,2310981.12,64550858
node7.tardis-apia.ldos-ut-pg0.wisc.cloudlab.us,2016_LUN0,s3fifo,10,231098,27,1,1,NA_TOOBIG,NA,NA,2310981.12,64550858
node7.tardis-apia.ldos-ut-pg0.wisc.cloudlab.us,2016_LUN0,s3fifo,10,231098,27,1,2,NA_TOOBIG,NA,NA,2310981.12,64550858
node7.tardis-apia.ldos-ut-pg0.wisc.cloudlab.us,2016_LUN0,s3fifo,10,231098,27,1,3,NA_TOOBIG,NA,NA,2310981.12,64550858
node7.tardis-apia.ldos-ut-pg0.wisc.cloudlab.us,2016_LUN0,s3fifoforgive,10,231098,27,1,1,NA_TOOBIG,NA,NA,2310981.12,64550858
node7.tardis-apia.ldos-ut-pg0.wisc.cloudlab.us,2016_LUN0,s3fifoforgive,10,231098,27,1,2,NA_TOOBIG,NA,NA,2310981.12,64550858
node7.tardis-apia.ldos-ut-pg0.wisc.cloudlab.us,2016_LUN0,s3fifoforgive,10,231098,27,1,3,NA_TOOBIG,NA,NA,2310981.12,64550858
node7.tardis-apia.ldos-ut-pg0.wisc.cloudlab.us,2016_LUN0,lru,0.1,2311,27,1,1,NA,NA,NA,2310981.12,64550858
node7.tardis-apia.ldos-ut-pg0.wisc.cloudlab.us,2016_LUN0,lru,0.1,2311,27,1,2,NA,NA,NA,2310981.12,64550858
node7.tardis-apia.ldos-ut-pg0.wisc.cloudlab.us,2016_LUN0,lru,0.1,2311,27,1,3,NA,NA,NA,2310981.12,64550858
node7.tardis-apia.ldos-ut-pg0.wisc.cloudlab.us,2016_LUN0,lruforgive,0.1,2311,27,1,1,NA,NA,NA,2310981.12,64550858
node7.tardis-apia.ldos-ut-pg0.wisc.cloudlab.us,2016_LUN0,lruforgive,0.1,2311,27,1,2,NA,NA,NA,2310981.12,64550858
node7.tardis-apia.ldos-ut-pg0.wisc.cloudlab.us,2016_LUN0,lruforgive,0.1,2311,27,1,3,NA,NA,NA,2310981.12,64550858
node7.tardis-apia.ldos-ut-pg0.wisc.cloudlab.us,2016_LUN0,s3fifo,0.1,2311,27,1,1,NA,NA,NA,2310981.12,64550858
node7.tardis-apia.ldos-ut-pg0.wisc.cloudlab.us,2016_LUN0,s3fifo,0.1,2311,27,1,2,NA,NA,NA,2310981.12,64550858
node7.tardis-apia.ldos-ut-pg0.wisc.cloudlab.us,2016_LUN0,s3fifo,0.1,2311,27,1,3,NA,NA,NA,2310981.12,64550858
node7.tardis-apia.ldos-ut-pg0.wisc.cloudlab.us,2016_LUN0,s3fifoforgive,0.1,2311,27,1,1,NA,NA,NA,2310981.12,64550858
node7.tardis-apia.ldos-ut-pg0.wisc.cloudlab.us,2016_LUN0,s3fifoforgive,0.1,2311,27,1,2,NA,NA,NA,2310981.12,64550858
node7.tardis-apia.ldos-ut-pg0.wisc.cloudlab.us,2016_LUN0,s3fifoforgive,0.1,2311,27,1,3,NA,NA,NA,2310981.12,64550858
node7.tardis-apia.ldos-ut-pg0.wisc.cloudlab.us,2016_LUN1,lru,10,228865,27,1,1,NA_TOOBIG,NA,NA,2288646.7584,60235554
node7.tardis-apia.ldos-ut-pg0.wisc.cloudlab.us,2016_LUN1,lru,10,228865,27,1,2,NA_TOOBIG,NA,NA,2288646.7584,60235554
node7.tardis-apia.ldos-ut-pg0.wisc.cloudlab.us,2016_LUN1,lru,10,228865,27,1,3,NA_TOOBIG,NA,NA,2288646.7584,60235554
node7.tardis-apia.ldos-ut-pg0.wisc.cloudlab.us,2016_LUN1,lruforgive,10,228865,27,1,1,NA_TOOBIG,NA,NA,2288646.7584,60235554
node7.tardis-apia.ldos-ut-pg0.wisc.cloudlab.us,2016_LUN1,lruforgive,10,228865,27,1,2,NA_TOOBIG,NA,NA,2288646.7584,60235554
node7.tardis-apia.ldos-ut-pg0.wisc.cloudlab.us,2016_LUN1,lruforgive,10,228865,27,1,3,NA_TOOBIG,NA,NA,2288646.7584,60235554
node7.tardis-apia.ldos-ut-pg0.wisc.cloudlab.us,2016_LUN1,s3fifo,10,228865,27,1,1,NA_TOOBIG,NA,NA,2288646.7584,60235554
node7.tardis-apia.ldos-ut-pg0.wisc.cloudlab.us,2016_LUN1,s3fifo,10,228865,27,1,2,NA_TOOBIG,NA,NA,2288646.7584,60235554
node7.tardis-apia.ldos-ut-pg0.wisc.cloudlab.us,2016_LUN1,s3fifo,10,228865,27,1,3,NA_TOOBIG,NA,NA,2288646.7584,60235554
node7.tardis-apia.ldos-ut-pg0.wisc.cloudlab.us,2016_LUN1,s3fifoforgive,10,228865,27,1,1,NA_TOOBIG,NA,NA,2288646.7584,60235554
node7.tardis-apia.ldos-ut-pg0.wisc.cloudlab.us,2016_LUN1,s3fifoforgive,10,228865,27,1,2,NA_TOOBIG,NA,NA,2288646.7584,60235554
node7.tardis-apia.ldos-ut-pg0.wisc.cloudlab.us,2016_LUN1,s3fifoforgive,10,228865,27,1,3,NA_TOOBIG,NA,NA,2288646.7584,60235554
node7.tardis-apia.ldos-ut-pg0.wisc.cloudlab.us,2016_LUN1,lru,0.1,2289,27,1,1,NA,NA,NA,2288646.7584,60235554
node7.tardis-apia.ldos-ut-pg0.wisc.cloudlab.us,2016_LUN1,lru,0.1,2289,27,1,2,NA,NA,NA,2288646.7584,60235554
node7.tardis-apia.ldos-ut-pg0.wisc.cloudlab.us,2016_LUN1,lru,0.1,2289,27,1,3,NA,NA,NA,2288646.7584,60235554
node7.tardis-apia.ldos-ut-pg0.wisc.cloudlab.us,2016_LUN1,lruforgive,0.1,2289,27,1,1,NA,NA,NA,2288646.7584,60235554
node7.tardis-apia.ldos-ut-pg0.wisc.cloudlab.us,2016_LUN1,lruforgive,0.1,2289,27,1,2,NA,NA,NA,2288646.7584,60235554
node7.tardis-apia.ldos-ut-pg0.wisc.cloudlab.us,2016_LUN1,lruforgive,0.1,2289,27,1,3,NA,NA,NA,2288646.7584,60235554
node7.tardis-apia.ldos-ut-pg0.wisc.cloudlab.us,2016_LUN1,s3fifo,0.1,2289,27,1,1,NA,NA,NA,2288646.7584,60235554
node7.tardis-apia.ldos-ut-pg0.wisc.cloudlab.us,2016_LUN1,s3fifo,0.1,2289,27,1,2,NA,NA,NA,2288646.7584,60235554
node7.tardis-apia.ldos-ut-pg0.wisc.cloudlab.us,2016_LUN1,s3fifo,0.1,2289,27,1,3,NA,NA,NA,2288646.7584,60235554
node7.tardis-apia.ldos-ut-pg0.wisc.cloudlab.us,2016_LUN1,s3fifoforgive,0.1,2289,27,1,1,NA,NA,NA,2288646.7584,60235554
node7.tardis-apia.ldos-ut-pg0.wisc.cloudlab.us,2016_LUN1,s3fifoforgive,0.1,2289,27,1,2,NA,NA,NA,2288646.7584,60235554
node7.tardis-apia.ldos-ut-pg0.wisc.cloudlab.us,2016_LUN1,s3fifoforgive,0.1,2289,27,1,3,NA,NA,NA,2288646.7584,60235554
node7.tardis-apia.ldos-ut-pg0.wisc.cloudlab.us,2016_LUN2,lru,10,242673,27,1,1,NA_TOOBIG,NA,NA,2426730.3936,71322702
node7.tardis-apia.ldos-ut-pg0.wisc.cloudlab.us,2016_LUN2,lru,10,242673,27,1,2,NA_TOOBIG,NA,NA,2426730.3936,71322702
node7.tardis-apia.ldos-ut-pg0.wisc.cloudlab.us,2016_LUN2,lru,10,242673,27,1,3,NA_TOOBIG,NA,NA,2426730.3936,71322702
node7.tardis-apia.ldos-ut-pg0.wisc.cloudlab.us,2016_LUN2,lruforgive,10,242673,27,1,1,NA_TOOBIG,NA,NA,2426730.3936,71322702
node7.tardis-apia.ldos-ut-pg0.wisc.cloudlab.us,2016_LUN2,lruforgive,10,242673,27,1,2,NA_TOOBIG,NA,NA,2426730.3936,71322702
node7.tardis-apia.ldos-ut-pg0.wisc.cloudlab.us,2016_LUN2,lruforgive,10,242673,27,1,3,NA_TOOBIG,NA,NA,2426730.3936,71322702
node7.tardis-apia.ldos-ut-pg0.wisc.cloudlab.us,2016_LUN2,s3fifo,10,242673,27,1,1,NA_TOOBIG,NA,NA,2426730.3936,71322702
node7.tardis-apia.ldos-ut-pg0.wisc.cloudlab.us,2016_LUN2,s3fifo,10,242673,27,1,2,NA_TOOBIG,NA,NA,2426730.3936,71322702
node7.tardis-apia.ldos-ut-pg0.wisc.cloudlab.us,2016_LUN2,s3fifo,10,242673,27,1,3,NA_TOOBIG,NA,NA,2426730.3936,71322702
node7.tardis-apia.ldos-ut-pg0.wisc.cloudlab.us,2016_LUN2,s3fifoforgive,10,242673,27,1,1,NA_TOOBIG,NA,NA,2426730.3936,71322702
node7.tardis-apia.ldos-ut-pg0.wisc.cloudlab.us,2016_LUN2,s3fifoforgive,10,242673,27,1,2,NA_TOOBIG,NA,NA,2426730.3936,71322702
node7.tardis-apia.ldos-ut-pg0.wisc.cloudlab.us,2016_LUN2,s3fifoforgive,10,242673,27,1,3,NA_TOOBIG,NA,NA,2426730.3936,71322702
node7.tardis-apia.ldos-ut-pg0.wisc.cloudlab.us,2016_LUN2,lru,0.1,2427,27,1,1,NA,NA,NA,2426730.3936,71322702
node7.tardis-apia.ldos-ut-pg0.wisc.cloudlab.us,2016_LUN2,lru,0.1,2427,27,1,2,NA,NA,NA,2426730.3936,71322702
node7.tardis-apia.ldos-ut-pg0.wisc.cloudlab.us,2016_LUN2,lru,0.1,2427,27,1,3,NA,NA,NA,2426730.3936,71322702
node7.tardis-apia.ldos-ut-pg0.wisc.cloudlab.us,2016_LUN2,lruforgive,0.1,2427,27,1,1,NA,NA,NA,2426730.3936,71322702
node7.tardis-apia.ldos-ut-pg0.wisc.cloudlab.us,2016_LUN2,lruforgive,0.1,2427,27,1,2,NA,NA,NA,2426730.3936,71322702
node7.tardis-apia.ldos-ut-pg0.wisc.cloudlab.us,2016_LUN2,lruforgive,0.1,2427,27,1,3,NA,NA,NA,2426730.3936,71322702
node7.tardis-apia.ldos-ut-pg0.wisc.cloudlab.us,2016_LUN2,s3fifo,0.1,2427,27,1,1,NA,NA,NA,2426730.3936,71322702
node7.tardis-apia.ldos-ut-pg0.wisc.cloudlab.us,2016_LUN2,s3fifo,0.1,2427,27,1,2,NA,NA,NA,2426730.3936,71322702
node7.tardis-apia.ldos-ut-pg0.wisc.cloudlab.us,2016_LUN2,s3fifo,0.1,2427,27,1,3,NA,NA,NA,2426730.3936,71322702
node7.tardis-apia.ldos-ut-pg0.wisc.cloudlab.us,2016_LUN2,s3fifoforgive,0.1,2427,27,1,1,NA,NA,NA,2426730.3936,71322702
node7.tardis-apia.ldos-ut-pg0.wisc.cloudlab.us,2016_LUN2,s3fifoforgive,0.1,2427,27,1,2,NA,NA,NA,2426730.3936,71322702
node7.tardis-apia.ldos-ut-pg0.wisc.cloudlab.us,2016_LUN2,s3fifoforgive,0.1,2427,27,1,3,NA,NA,NA,2426730.3936,71322702
node7.tardis-apia.ldos-ut-pg0.wisc.cloudlab.us,2016_LUN3,lru,10,273527,27,1,1,NA_TOOBIG,NA,NA,2735273.0624,79054751
node7.tardis-apia.ldos-ut-pg0.wisc.cloudlab.us,2016_LUN3,lru,10,273527,27,1,2,NA_TOOBIG,NA,NA,2735273.0624,79054751
node7.tardis-apia.ldos-ut-pg0.wisc.cloudlab.us,2016_LUN3,lru,10,273527,27,1,3,NA_TOOBIG,NA,NA,2735273.0624,79054751
node7.tardis-apia.ldos-ut-pg0.wisc.cloudlab.us,2016_LUN3,lruforgive,10,273527,27,1,1,NA_TOOBIG,NA,NA,2735273.0624,79054751
node7.tardis-apia.ldos-ut-pg0.wisc.cloudlab.us,2016_LUN3,lruforgive,10,273527,27,1,2,NA_TOOBIG,NA,NA,2735273.0624,79054751
node7.tardis-apia.ldos-ut-pg0.wisc.cloudlab.us,2016_LUN3,lruforgive,10,273527,27,1,3,NA_TOOBIG,NA,NA,2735273.0624,79054751
node7.tardis-apia.ldos-ut-pg0.wisc.cloudlab.us,2016_LUN3,s3fifo,10,273527,27,1,1,NA_TOOBIG,NA,NA,2735273.0624,79054751
node7.tardis-apia.ldos-ut-pg0.wisc.cloudlab.us,2016_LUN3,s3fifo,10,273527,27,1,2,NA_TOOBIG,NA,NA,2735273.0624,79054751
node7.tardis-apia.ldos-ut-pg0.wisc.cloudlab.us,2016_LUN3,s3fifo,10,273527,27,1,3,NA_TOOBIG,NA,NA,2735273.0624,79054751
node7.tardis-apia.ldos-ut-pg0.wisc.cloudlab.us,2016_LUN3,s3fifoforgive,10,273527,27,1,1,NA_TOOBIG,NA,NA,2735273.0624,79054751
node7.tardis-apia.ldos-ut-pg0.wisc.cloudlab.us,2016_LUN3,s3fifoforgive,10,273527,27,1,2,NA_TOOBIG,NA,NA,2735273.0624,79054751
node7.tardis-apia.ldos-ut-pg0.wisc.cloudlab.us,2016_LUN3,s3fifoforgive,10,273527,27,1,3,NA_TOOBIG,NA,NA,2735273.0624,79054751
node7.tardis-apia.ldos-ut-pg0.wisc.cloudlab.us,2016_LUN3,lru,0.1,2735,27,1,1,NA,NA,NA,2735273.0624,79054751
node7.tardis-apia.ldos-ut-pg0.wisc.cloudlab.us,2016_LUN3,lru,0.1,2735,27,1,2,NA,NA,NA,2735273.0624,79054751
node7.tardis-apia.ldos-ut-pg0.wisc.cloudlab.us,2016_LUN3,lru,0.1,2735,27,1,3,NA,NA,NA,2735273.0624,79054751
node7.tardis-apia.ldos-ut-pg0.wisc.cloudlab.us,2016_LUN3,lruforgive,0.1,2735,27,1,1,NA,NA,NA,2735273.0624,79054751
node7.tardis-apia.ldos-ut-pg0.wisc.cloudlab.us,2016_LUN3,lruforgive,0.1,2735,27,1,2,NA,NA,NA,2735273.0624,79054751
node7.tardis-apia.ldos-ut-pg0.wisc.cloudlab.us,2016_LUN3,lruforgive,0.1,2735,27,1,3,NA,NA,NA,2735273.0624,79054751
node7.tardis-apia.ldos-ut-pg0.wisc.cloudlab.us,2016_LUN3,s3fifo,0.1,2735,27,1,1,NA,NA,NA,2735273.0624,79054751
node7.tardis-apia.ldos-ut-pg0.wisc.cloudlab.us,2016_LUN3,s3fifo,0.1,2735,27,1,2,NA,NA,NA,2735273.0624,79054751
node7.tardis-apia.ldos-ut-pg0.wisc.cloudlab.us,2016_LUN3,s3fifo,0.1,2735,27,1,3,NA,NA,NA,2735273.0624,79054751
node7.tardis-apia.ldos-ut-pg0.wisc.cloudlab.us,2016_LUN3,s3fifoforgive,0.1,2735,27,1,1,NA,NA,NA,2735273.0624,79054751
node7.tardis-apia.ldos-ut-pg0.wisc.cloudlab.us,2016_LUN3,s3fifoforgive,0.1,2735,27,1,2,NA,NA,NA,2735273.0624,79054751
node7.tardis-apia.ldos-ut-pg0.wisc.cloudlab.us,2016_LUN3,s3fifoforgive,0.1,2735,27,1,3,NA,NA,NA,2735273.0624,79054751
node7.tardis-apia.ldos-ut-pg0.wisc.cloudlab.us,2016_LUN4,lru,10,248605,27,1,1,NA_TOOBIG,NA,NA,2486046.4128,61208652
node7.tardis-apia.ldos-ut-pg0.wisc.cloudlab.us,2016_LUN4,lru,10,248605,27,1,2,NA_TOOBIG,NA,NA,2486046.4128,61208652
node7.tardis-apia.ldos-ut-pg0.wisc.cloudlab.us,2016_LUN4,lru,10,248605,27,1,3,NA_TOOBIG,NA,NA,2486046.4128,61208652
node7.tardis-apia.ldos-ut-pg0.wisc.cloudlab.us,2016_LUN4,lruforgive,10,248605,27,1,1,NA_TOOBIG,NA,NA,2486046.4128,61208652
node7.tardis-apia.ldos-ut-pg0.wisc.cloudlab.us,2016_LUN4,lruforgive,10,248605,27,1,2,NA_TOOBIG,NA,NA,2486046.4128,61208652
node7.tardis-apia.ldos-ut-pg0.wisc.cloudlab.us,2016_LUN4,lruforgive,10,248605,27,1,3,NA_TOOBIG,NA,NA,2486046.4128,61208652
node7.tardis-apia.ldos-ut-pg0.wisc.cloudlab.us,2016_LUN4,s3fifo,10,248605,27,1,1,NA_TOOBIG,NA,NA,2486046.4128,61208652
node7.tardis-apia.ldos-ut-pg0.wisc.cloudlab.us,2016_LUN4,s3fifo,10,248605,27,1,2,NA_TOOBIG,NA,NA,2486046.4128,61208652
node7.tardis-apia.ldos-ut-pg0.wisc.cloudlab.us,2016_LUN4,s3fifo,10,248605,27,1,3,NA_TOOBIG,NA,NA,2486046.4128,61208652
node7.tardis-apia.ldos-ut-pg0.wisc.cloudlab.us,2016_LUN4,s3fifoforgive,10,248605,27,1,1,NA_TOOBIG,NA,NA,2486046.4128,61208652
node7.tardis-apia.ldos-ut-pg0.wisc.cloudlab.us,2016_LUN4,s3fifoforgive,10,248605,27,1,2,NA_TOOBIG,NA,NA,2486046.4128,61208652
node7.tardis-apia.ldos-ut-pg0.wisc.cloudlab.us,2016_LUN4,s3fifoforgive,10,248605,27,1,3,NA_TOOBIG,NA,NA,2486046.4128,61208652
node7.tardis-apia.ldos-ut-pg0.wisc.cloudlab.us,2016_LUN4,lru,0.1,2486,27,1,1,NA,NA,NA,2486046.4128,61208652
node7.tardis-apia.ldos-ut-pg0.wisc.cloudlab.us,2016_LUN4,lru,0.1,2486,27,1,2,NA,NA,NA,2486046.4128,61208652
node7.tardis-apia.ldos-ut-pg0.wisc.cloudlab.us,2016_LUN4,lru,0.1,2486,27,1,3,NA,NA,NA,2486046.4128,61208652
node7.tardis-apia.ldos-ut-pg0.wisc.cloudlab.us,2016_LUN4,lruforgive,0.1,2486,27,1,1,NA,NA,NA,2486046.4128,61208652
node7.tardis-apia.ldos-ut-pg0.wisc.cloudlab.us,2016_LUN4,lruforgive,0.1,2486,27,1,2,NA,NA,NA,2486046.4128,61208652
node7.tardis-apia.ldos-ut-pg0.wisc.cloudlab.us,2016_LUN4,lruforgive,0.1,2486,27,1,3,NA,NA,NA,2486046.4128,61208652
node7.tardis-apia.ldos-ut-pg0.wisc.cloudlab.us,2016_LUN4,s3fifo,0.1,2486,27,1,1,NA,NA,NA,2486046.4128,61208652
node7.tardis-apia.ldos-ut-pg0.wisc.cloudlab.us,2016_LUN4,s3fifo,0.1,2486,27,1,2,NA,NA,NA,2486046.4128,61208652
node7.tardis-apia.ldos-ut-pg0.wisc.cloudlab.us,2016_LUN4,s3fifo,0.1,2486,27,1,3,NA,NA,NA,2486046.4128,61208652
node7.tardis-apia.ldos-ut-pg0.wisc.cloudlab.us,2016_LUN4,s3fifoforgive,0.1,2486,27,1,1,NA,NA,NA,2486046.4128,61208652
node7.tardis-apia.ldos-ut-pg0.wisc.cloudlab.us,2016_LUN4,s3fifoforgive,0.1,2486,27,1,2,NA,NA,NA,2486046.4128,61208652
node7.tardis-apia.ldos-ut-pg0.wisc.cloudlab.us,2016_LUN4,s3fifoforgive,0.1,2486,27,1,3,NA,NA,NA,2486046.4128,61208652
node7.tardis-apia.ldos-ut-pg0.wisc.cloudlab.us,2016_LUN6,lru,10,248424,27,1,1,NA_TOOBIG,NA,NA,2484238.5408,72411837
node7.tardis-apia.ldos-ut-pg0.wisc.cloudlab.us,2016_LUN6,lru,10,248424,27,1,2,NA_TOOBIG,NA,NA,2484238.5408,72411837
node7.tardis-apia.ldos-ut-pg0.wisc.cloudlab.us,2016_LUN6,lru,10,248424,27,1,3,NA_TOOBIG,NA,NA,2484238.5408,72411837
node7.tardis-apia.ldos-ut-pg0.wisc.cloudlab.us,2016_LUN6,lruforgive,10,248424,27,1,1,NA_TOOBIG,NA,NA,2484238.5408,72411837
node7.tardis-apia.ldos-ut-pg0.wisc.cloudlab.us,2016_LUN6,lruforgive,10,248424,27,1,2,NA_TOOBIG,NA,NA,2484238.5408,72411837
node7.tardis-apia.ldos-ut-pg0.wisc.cloudlab.us,2016_LUN6,lruforgive,10,248424,27,1,3,NA_TOOBIG,NA,NA,2484238.5408,72411837
node7.tardis-apia.ldos-ut-pg0.wisc.cloudlab.us,2016_LUN6,s3fifo,10,248424,27,1,1,NA_TOOBIG,NA,NA,2484238.5408,72411837
node7.tardis-apia.ldos-ut-pg0.wisc.cloudlab.us,2016_LUN6,s3fifo,10,248424,27,1,2,NA_TOOBIG,NA,NA,2484238.5408,72411837
node7.tardis-apia.ldos-ut-pg0.wisc.cloudlab.us,2016_LUN6,s3fifo,10,248424,27,1,3,NA_TOOBIG,NA,NA,2484238.5408,72411837
node7.tardis-apia.ldos-ut-pg0.wisc.cloudlab.us,2016_LUN6,s3fifoforgive,10,248424,27,1,1,NA_TOOBIG,NA,NA,2484238.5408,72411837
node7.tardis-apia.ldos-ut-pg0.wisc.cloudlab.us,2016_LUN6,s3fifoforgive,10,248424,27,1,2,NA_TOOBIG,NA,NA,2484238.5408,72411837
node7.tardis-apia.ldos-ut-pg0.wisc.cloudlab.us,2016_LUN6,s3fifoforgive,10,248424,27,1,3,NA_TOOBIG,NA,NA,2484238.5408,72411837
node7.tardis-apia.ldos-ut-pg0.wisc.cloudlab.us,2016_LUN6,lru,0.1,2484,27,1,1,NA,NA,NA,2484238.5408,72411837
node7.tardis-apia.ldos-ut-pg0.wisc.cloudlab.us,2016_LUN6,lru,0.1,2484,27,1,2,NA,NA,NA,2484238.5408,72411837
node7.tardis-apia.ldos-ut-pg0.wisc.cloudlab.us,2016_LUN6,lru,0.1,2484,27,1,3,NA,NA,NA,2484238.5408,72411837
node7.tardis-apia.ldos-ut-pg0.wisc.cloudlab.us,2016_LUN6,lruforgive,0.1,2484,27,1,1,NA,NA,NA,2484238.5408,72411837
node7.tardis-apia.ldos-ut-pg0.wisc.cloudlab.us,2016_LUN6,lruforgive,0.1,2484,27,1,2,NA,NA,NA,2484238.5408,72411837
node7.tardis-apia.ldos-ut-pg0.wisc.cloudlab.us,2016_LUN6,lruforgive,0.1,2484,27,1,3,NA,NA,NA,2484238.5408,72411837
node7.tardis-apia.ldos-ut-pg0.wisc.cloudlab.us,2016_LUN6,s3fifo,0.1,2484,27,1,1,NA,NA,NA,2484238.5408,72411837
node7.tardis-apia.ldos-ut-pg0.wisc.cloudlab.us,2016_LUN6,s3fifo,0.1,2484,27,1,2,NA,NA,NA,2484238.5408,72411837
node7.tardis-apia.ldos-ut-pg0.wisc.cloudlab.us,2016_LUN6,s3fifo,0.1,2484,27,1,3,NA,NA,NA,2484238.5408,72411837
node7.tardis-apia.ldos-ut-pg0.wisc.cloudlab.us,2016_LUN6,s3fifoforgive,0.1,2484,27,1,1,NA,NA,NA,2484238.5408,72411837
node7.tardis-apia.ldos-ut-pg0.wisc.cloudlab.us,2016_LUN6,s3fifoforgive,0.1,2484,27,1,2,NA,NA,NA,2484238.5408,72411837
node7.tardis-apia.ldos-ut-pg0.wisc.cloudlab.us,2016_LUN6,s3fifoforgive,0.1,2484,27,1,3,NA,NA,NA,2484238.5408,72411837
node7.tardis-apia.ldos-ut-pg0.wisc.cloudlab.us,block_traces_1,lru,10,2540981,27,1,1,NA_TOOBIG,NA,NA,25409811.5584,6014438
node7.tardis-apia.ldos-ut-pg0.wisc.cloudlab.us,block_traces_1,lru,10,2540981,27,1,2,NA_TOOBIG,NA,NA,25409811.5584,6014438
node7.tardis-apia.ldos-ut-pg0.wisc.cloudlab.us,block_traces_1,lru,10,2540981,27,1,3,NA_TOOBIG,NA,NA,25409811.5584,6014438
node7.tardis-apia.ldos-ut-pg0.wisc.cloudlab.us,block_traces_1,lruforgive,10,2540981,27,1,1,NA_TOOBIG,NA,NA,25409811.5584,6014438
node7.tardis-apia.ldos-ut-pg0.wisc.cloudlab.us,block_traces_1,lruforgive,10,2540981,27,1,2,NA_TOOBIG,NA,NA,25409811.5584,6014438
node7.tardis-apia.ldos-ut-pg0.wisc.cloudlab.us,block_traces_1,lruforgive,10,2540981,27,1,3,NA_TOOBIG,NA,NA,25409811.5584,6014438
node7.tardis-apia.ldos-ut-pg0.wisc.cloudlab.us,block_traces_1,s3fifo,10,2540981,27,1,1,NA_TOOBIG,NA,NA,25409811.5584,6014438
node7.tardis-apia.ldos-ut-pg0.wisc.cloudlab.us,block_traces_1,s3fifo,10,2540981,27,1,2,NA_TOOBIG,NA,NA,25409811.5584,6014438
node7.tardis-apia.ldos-ut-pg0.wisc.cloudlab.us,block_traces_1,s3fifo,10,2540981,27,1,3,NA_TOOBIG,NA,NA,25409811.5584,6014438
node7.tardis-apia.ldos-ut-pg0.wisc.cloudlab.us,block_traces_1,s3fifoforgive,10,2540981,27,1,1,NA_TOOBIG,NA,NA,25409811.5584,6014438
node7.tardis-apia.ldos-ut-pg0.wisc.cloudlab.us,block_traces_1,s3fifoforgive,10,2540981,27,1,2,NA_TOOBIG,NA,NA,25409811.5584,6014438
node7.tardis-apia.ldos-ut-pg0.wisc.cloudlab.us,block_traces_1,s3fifoforgive,10,2540981,27,1,3,NA_TOOBIG,NA,NA,25409811.5584,6014438
node7.tardis-apia.ldos-ut-pg0.wisc.cloudlab.us,block_traces_1,lru,0.1,25410,27,1,1,0.4888,0.03,13245185,25409811.5584,6014438
node7.tardis-apia.ldos-ut-pg0.wisc.cloudlab.us,block_traces_1,lru,0.1,25410,27,1,2,0.4888,0.03,13245185,25409811.5584,6014438
node7.tardis-apia.ldos-ut-pg0.wisc.cloudlab.us,block_traces_1,lru,0.1,25410,27,1,3,0.4888,0.03,13245185,25409811.5584,6014438
node7.tardis-apia.ldos-ut-pg0.wisc.cloudlab.us,block_traces_1,lruforgive,0.1,25410,27,1,1,0.4909,0.03,13245185,25409811.5584,6014438
node7.tardis-apia.ldos-ut-pg0.wisc.cloudlab.us,block_traces_1,lruforgive,0.1,25410,27,1,2,0.4909,0.03,13245185,25409811.5584,6014438
node7.tardis-apia.ldos-ut-pg0.wisc.cloudlab.us,block_traces_1,lruforgive,0.1,25410,27,1,3,0.4909,0.03,13245185,25409811.5584,6014438
node7.tardis-apia.ldos-ut-pg0.wisc.cloudlab.us,block_traces_1,s3fifo,0.1,25410,27,1,1,0.5191,0.03,13245185,25409811.5584,6014438
node7.tardis-apia.ldos-ut-pg0.wisc.cloudlab.us,block_traces_1,s3fifo,0.1,25410,27,1,2,0.5191,0.03,13245185,25409811.5584,6014438
node7.tardis-apia.ldos-ut-pg0.wisc.cloudlab.us,block_traces_1,s3fifo,0.1,25410,27,1,3,0.5191,0.03,13245185,25409811.5584,6014438
node7.tardis-apia.ldos-ut-pg0.wisc.cloudlab.us,block_traces_1,s3fifoforgive,0.1,25410,27,1,1,0.5191,0.03,13245185,25409811.5584,6014438
node7.tardis-apia.ldos-ut-pg0.wisc.cloudlab.us,block_traces_1,s3fifoforgive,0.1,25410,27,1,2,0.5191,0.03,13245185,25409811.5584,6014438
node7.tardis-apia.ldos-ut-pg0.wisc.cloudlab.us,block_traces_1,s3fifoforgive,0.1,25410,27,1,3,0.5191,0.03,13245185,25409811.5584,6014438
node7.tardis-apia.ldos-ut-pg0.wisc.cloudlab.us,block_traces_2,lru,10,2745013,27,1,1,NA_TOOBIG,NA,NA,27450125.9264,6174083
node7.tardis-apia.ldos-ut-pg0.wisc.cloudlab.us,block_traces_2,lru,10,2745013,27,1,2,NA_TOOBIG,NA,NA,27450125.9264,6174083
node7.tardis-apia.ldos-ut-pg0.wisc.cloudlab.us,block_traces_2,lru,10,2745013,27,1,3,NA_TOOBIG,NA,NA,27450125.9264,6174083
node7.tardis-apia.ldos-ut-pg0.wisc.cloudlab.us,block_traces_2,lruforgive,10,2745013,27,1,1,NA_TOOBIG,NA,NA,27450125.9264,6174083
node7.tardis-apia.ldos-ut-pg0.wisc.cloudlab.us,block_traces_2,lruforgive,10,2745013,27,1,2,NA_TOOBIG,NA,NA,27450125.9264,6174083
node7.tardis-apia.ldos-ut-pg0.wisc.cloudlab.us,block_traces_2,lruforgive,10,2745013,27,1,3,NA_TOOBIG,NA,NA,27450125.9264,6174083
node7.tardis-apia.ldos-ut-pg0.wisc.cloudlab.us,block_traces_2,s3fifo,10,2745013,27,1,1,NA_TOOBIG,NA,NA,27450125.9264,6174083
node7.tardis-apia.ldos-ut-pg0.wisc.cloudlab.us,block_traces_2,s3fifo,10,2745013,27,1,2,NA_TOOBIG,NA,NA,27450125.9264,6174083
node7.tardis-apia.ldos-ut-pg0.wisc.cloudlab.us,block_traces_2,s3fifo,10,2745013,27,1,3,NA_TOOBIG,NA,NA,27450125.9264,6174083
node7.tardis-apia.ldos-ut-pg0.wisc.cloudlab.us,block_traces_2,s3fifoforgive,10,2745013,27,1,1,NA_TOOBIG,NA,NA,27450125.9264,6174083
node7.tardis-apia.ldos-ut-pg0.wisc.cloudlab.us,block_traces_2,s3fifoforgive,10,2745013,27,1,2,NA_TOOBIG,NA,NA,27450125.9264,6174083
node7.tardis-apia.ldos-ut-pg0.wisc.cloudlab.us,block_traces_2,s3fifoforgive,10,2745013,27,1,3,NA_TOOBIG,NA,NA,27450125.9264,6174083
node7.tardis-apia.ldos-ut-pg0.wisc.cloudlab.us,block_traces_2,lru,0.1,27450,27,1,1,0.4965,0.03,13452065,27450125.9264,6174083
node7.tardis-apia.ldos-ut-pg0.wisc.cloudlab.us,block_traces_2,lru,0.1,27450,27,1,2,0.4965,0.03,13452065,27450125.9264,6174083
node7.tardis-apia.ldos-ut-pg0.wisc.cloudlab.us,block_traces_2,lru,0.1,27450,27,1,3,0.4965,0.03,13452065,27450125.9264,6174083
node7.tardis-apia.ldos-ut-pg0.wisc.cloudlab.us,block_traces_2,lruforgive,0.1,27450,27,1,1,0.4982,0.03,13452065,27450125.9264,6174083
node7.tardis-apia.ldos-ut-pg0.wisc.cloudlab.us,block_traces_2,lruforgive,0.1,27450,27,1,2,0.4982,0.03,13452065,27450125.9264,6174083
node7.tardis-apia.ldos-ut-pg0.wisc.cloudlab.us,block_traces_2,lruforgive,0.1,27450,27,1,3,0.4982,0.03,13452065,27450125.9264,6174083
node7.tardis-apia.ldos-ut-pg0.wisc.cloudlab.us,block_traces_2,s3fifo,0.1,27450,27,1,1,0.5231,0.03,13452065,27450125.9264,6174083
node7.tardis-apia.ldos-ut-pg0.wisc.cloudlab.us,block_traces_2,s3fifo,0.1,27450,27,1,2,0.5231,0.03,13452065,27450125.9264,6174083
node7.tardis-apia.ldos-ut-pg0.wisc.cloudlab.us,block_traces_2,s3fifo,0.1,27450,27,1,3,0.5231,0.03,13452065,27450125.9264,6174083
node7.tardis-apia.ldos-ut-pg0.wisc.cloudlab.us,block_traces_2,s3fifoforgive,0.1,27450,27,1,1,0.5231,0.03,13452065,27450125.9264,6174083
node7.tardis-apia.ldos-ut-pg0.wisc.cloudlab.us,block_traces_2,s3fifoforgive,0.1,27450,27,1,2,0.5231,0.03,13452065,27450125.9264,6174083
node7.tardis-apia.ldos-ut-pg0.wisc.cloudlab.us,block_traces_2,s3fifoforgive,0.1,27450,27,1,3,0.5231,0.03,13452065,27450125.9264,6174083
node7.tardis-apia.ldos-ut-pg0.wisc.cloudlab.us,block_traces_3,lru,10,3004767,27,1,1,NA_TOOBIG,NA,NA,30047674.0608,6763511
node7.tardis-apia.ldos-ut-pg0.wisc.cloudlab.us,block_traces_3,lru,10,3004767,27,1,2,NA_TOOBIG,NA,NA,30047674.0608,6763511
node7.tardis-apia.ldos-ut-pg0.wisc.cloudlab.us,block_traces_3,lru,10,3004767,27,1,3,NA_TOOBIG,NA,NA,30047674.0608,6763511
node7.tardis-apia.ldos-ut-pg0.wisc.cloudlab.us,block_traces_3,lruforgive,10,3004767,27,1,1,NA_TOOBIG,NA,NA,30047674.0608,6763511
node7.tardis-apia.ldos-ut-pg0.wisc.cloudlab.us,block_traces_3,lruforgive,10,3004767,27,1,2,NA_TOOBIG,NA,NA,30047674.0608,6763511
node7.tardis-apia.ldos-ut-pg0.wisc.cloudlab.us,block_traces_3,lruforgive,10,3004767,27,1,3,NA_TOOBIG,NA,NA,30047674.0608,6763511
node7.tardis-apia.ldos-ut-pg0.wisc.cloudlab.us,block_traces_3,s3fifo,10,3004767,27,1,1,NA_TOOBIG,NA,NA,30047674.0608,6763511
node7.tardis-apia.ldos-ut-pg0.wisc.cloudlab.us,block_traces_3,s3fifo,10,3004767,27,1,2,NA_TOOBIG,NA,NA,30047674.0608,6763511
node7.tardis-apia.ldos-ut-pg0.wisc.cloudlab.us,block_traces_3,s3fifo,10,3004767,27,1,3,NA_TOOBIG,NA,NA,30047674.0608,6763511
node7.tardis-apia.ldos-ut-pg0.wisc.cloudlab.us,block_traces_3,s3fifoforgive,10,3004767,27,1,1,NA_TOOBIG,NA,NA,30047674.0608,6763511
node7.tardis-apia.ldos-ut-pg0.wisc.cloudlab.us,block_traces_3,s3fifoforgive,10,3004767,27,1,2,NA_TOOBIG,NA,NA,30047674.0608,6763511
node7.tardis-apia.ldos-ut-pg0.wisc.cloudlab.us,block_traces_3,s3fifoforgive,10,3004767,27,1,3,NA_TOOBIG,NA,NA,30047674.0608,6763511
node7.tardis-apia.ldos-ut-pg0.wisc.cloudlab.us,block_traces_3,lru,0.1,30048,27,1,1,0.5129,0.03,13956156,30047674.0608,6763511
node7.tardis-apia.ldos-ut-pg0.wisc.cloudlab.us,block_traces_3,lru,0.1,30048,27,1,2,0.5129,0.03,13956156,30047674.0608,6763511
node7.tardis-apia.ldos-ut-pg0.wisc.cloudlab.us,block_traces_3,lru,0.1,30048,27,1,3,0.5129,0.03,13956156,30047674.0608,6763511
node7.tardis-apia.ldos-ut-pg0.wisc.cloudlab.us,block_traces_3,lruforgive,0.1,30048,27,1,1,0.5144,0.03,13956156,30047674.0608,6763511
node7.tardis-apia.ldos-ut-pg0.wisc.cloudlab.us,block_traces_3,lruforgive,0.1,30048,27,1,2,0.5144,0.03,13956156,30047674.0608,6763511
node7.tardis-apia.ldos-ut-pg0.wisc.cloudlab.us,block_traces_3,lruforgive,0.1,30048,27,1,3,0.5144,0.03,13956156,30047674.0608,6763511
node7.tardis-apia.ldos-ut-pg0.wisc.cloudlab.us,block_traces_3,s3fifo,0.1,30048,27,1,1,0.5381,0.03,13956156,30047674.0608,6763511
node7.tardis-apia.ldos-ut-pg0.wisc.cloudlab.us,block_traces_3,s3fifo,0.1,30048,27,1,2,0.5381,0.03,13956156,30047674.0608,6763511
node7.tardis-apia.ldos-ut-pg0.wisc.cloudlab.us,block_traces_3,s3fifo,0.1,30048,27,1,3,0.5381,0.03,13956156,30047674.0608,6763511
node7.tardis-apia.ldos-ut-pg0.wisc.cloudlab.us,block_traces_3,s3fifoforgive,0.1,30048,27,1,1,0.5381,0.03,13956156,30047674.0608,6763511
node7.tardis-apia.ldos-ut-pg0.wisc.cloudlab.us,block_traces_3,s3fifoforgive,0.1,30048,27,1,2,0.5381,0.03,13956156,30047674.0608,6763511
node7.tardis-apia.ldos-ut-pg0.wisc.cloudlab.us,block_traces_3,s3fifoforgive,0.1,30048,27,1,3,0.5381,0.03,13956156,30047674.0608,6763511
node7.tardis-apia.ldos-ut-pg0.wisc.cloudlab.us,block_traces_4,lru,10,3000680,27,1,1,NA_TOOBIG,NA,NA,30006804.5824,6815503
node7.tardis-apia.ldos-ut-pg0.wisc.cloudlab.us,block_traces_4,lru,10,3000680,27,1,2,NA_TOOBIG,NA,NA,30006804.5824,6815503
node7.tardis-apia.ldos-ut-pg0.wisc.cloudlab.us,block_traces_4,lru,10,3000680,27,1,3,NA_TOOBIG,NA,NA,30006804.5824,6815503
node7.tardis-apia.ldos-ut-pg0.wisc.cloudlab.us,block_traces_4,lruforgive,10,3000680,27,1,1,NA_TOOBIG,NA,NA,30006804.5824,6815503
node7.tardis-apia.ldos-ut-pg0.wisc.cloudlab.us,block_traces_4,lruforgive,10,3000680,27,1,2,NA_TOOBIG,NA,NA,30006804.5824,6815503
node7.tardis-apia.ldos-ut-pg0.wisc.cloudlab.us,block_traces_4,lruforgive,10,3000680,27,1,3,NA_TOOBIG,NA,NA,30006804.5824,6815503
node7.tardis-apia.ldos-ut-pg0.wisc.cloudlab.us,block_traces_4,s3fifo,10,3000680,27,1,1,NA_TOOBIG,NA,NA,30006804.5824,6815503
node7.tardis-apia.ldos-ut-pg0.wisc.cloudlab.us,block_traces_4,s3fifo,10,3000680,27,1,2,NA_TOOBIG,NA,NA,30006804.5824,6815503
node7.tardis-apia.ldos-ut-pg0.wisc.cloudlab.us,block_traces_4,s3fifo,10,3000680,27,1,3,NA_TOOBIG,NA,NA,30006804.5824,6815503
node7.tardis-apia.ldos-ut-pg0.wisc.cloudlab.us,block_traces_4,s3fifoforgive,10,3000680,27,1,1,NA_TOOBIG,NA,NA,30006804.5824,6815503
node7.tardis-apia.ldos-ut-pg0.wisc.cloudlab.us,block_traces_4,s3fifoforgive,10,3000680,27,1,2,NA_TOOBIG,NA,NA,30006804.5824,6815503
node7.tardis-apia.ldos-ut-pg0.wisc.cloudlab.us,block_traces_4,s3fifoforgive,10,3000680,27,1,3,NA_TOOBIG,NA,NA,30006804.5824,6815503
node7.tardis-apia.ldos-ut-pg0.wisc.cloudlab.us,block_traces_4,lru,0.1,30007,27,1,1,0.5063,0.03,14262405,30006804.5824,6815503
node7.tardis-apia.ldos-ut-pg0.wisc.cloudlab.us,block_traces_4,lru,0.1,30007,27,1,2,0.5063,0.03,14262405,30006804.5824,6815503
node7.tardis-apia.ldos-ut-pg0.wisc.cloudlab.us,block_traces_4,lru,0.1,30007,27,1,3,0.5063,0.03,14262405,30006804.5824,6815503
node7.tardis-apia.ldos-ut-pg0.wisc.cloudlab.us,block_traces_4,lruforgive,0.1,30007,27,1,1,0.5077,0.03,14262405,30006804.5824,6815503
node7.tardis-apia.ldos-ut-pg0.wisc.cloudlab.us,block_traces_4,lruforgive,0.1,30007,27,1,2,0.5077,0.03,14262405,30006804.5824,6815503
node7.tardis-apia.ldos-ut-pg0.wisc.cloudlab.us,block_traces_4,lruforgive,0.1,30007,27,1,3,0.5077,0.03,14262405,30006804.5824,6815503
node7.tardis-apia.ldos-ut-pg0.wisc.cloudlab.us,block_traces_4,s3fifo,0.1,30007,27,1,1,0.5343,0.03,14262405,30006804.5824,6815503
node7.tardis-apia.ldos-ut-pg0.wisc.cloudlab.us,block_traces_4,s3fifo,0.1,30007,27,1,2,0.5343,0.03,14262405,30006804.5824,6815503
node7.tardis-apia.ldos-ut-pg0.wisc.cloudlab.us,block_traces_4,s3fifo,0.1,30007,27,1,3,0.5343,0.03,14262405,30006804.5824,6815503
node7.tardis-apia.ldos-ut-pg0.wisc.cloudlab.us,block_traces_4,s3fifoforgive,0.1,30007,27,1,1,0.5343,0.03,14262405,30006804.5824,6815503
node7.tardis-apia.ldos-ut-pg0.wisc.cloudlab.us,block_traces_4,s3fifoforgive,0.1,30007,27,1,2,0.5343,0.03,14262405,30006804.5824,6815503
node7.tardis-apia.ldos-ut-pg0.wisc.cloudlab.us,block_traces_4,s3fifoforgive,0.1,30007,27,1,3,0.5343,0.03,14262405,30006804.5824,6815503
node7.tardis-apia.ldos-ut-pg0.wisc.cloudlab.us,block_traces_5,lru,10,3134978,27,1,1,NA_TOOBIG,NA,NA,31349783.552,7110414
node7.tardis-apia.ldos-ut-pg0.wisc.cloudlab.us,block_traces_5,lru,10,3134978,27,1,2,NA_TOOBIG,NA,NA,31349783.552,7110414
node7.tardis-apia.ldos-ut-pg0.wisc.cloudlab.us,block_traces_5,lru,10,3134978,27,1,3,NA_TOOBIG,NA,NA,31349783.552,7110414
node7.tardis-apia.ldos-ut-pg0.wisc.cloudlab.us,block_traces_5,lruforgive,10,3134978,27,1,1,NA_TOOBIG,NA,NA,31349783.552,7110414
node7.tardis-apia.ldos-ut-pg0.wisc.cloudlab.us,block_traces_5,lruforgive,10,3134978,27,1,2,NA_TOOBIG,NA,NA,31349783.552,7110414
node7.tardis-apia.ldos-ut-pg0.wisc.cloudlab.us,block_traces_5,lruforgive,10,3134978,27,1,3,NA_TOOBIG,NA,NA,31349783.552,7110414
node7.tardis-apia.ldos-ut-pg0.wisc.cloudlab.us,block_traces_5,s3fifo,10,3134978,27,1,1,NA_TOOBIG,NA,NA,31349783.552,7110414
node7.tardis-apia.ldos-ut-pg0.wisc.cloudlab.us,block_traces_5,s3fifo,10,3134978,27,1,2,NA_TOOBIG,NA,NA,31349783.552,7110414
node7.tardis-apia.ldos-ut-pg0.wisc.cloudlab.us,block_traces_5,s3fifo,10,3134978,27,1,3,NA_TOOBIG,NA,NA,31349783.552,7110414
node7.tardis-apia.ldos-ut-pg0.wisc.cloudlab.us,block_traces_5,s3fifoforgive,10,3134978,27,1,1,NA_TOOBIG,NA,NA,31349783.552,7110414
node7.tardis-apia.ldos-ut-pg0.wisc.cloudlab.us,block_traces_5,s3fifoforgive,10,3134978,27,1,2,NA_TOOBIG,NA,NA,31349783.552,7110414
node7.tardis-apia.ldos-ut-pg0.wisc.cloudlab.us,block_traces_5,s3fifoforgive,10,3134978,27,1,3,NA_TOOBIG,NA,NA,31349783.552,7110414
node7.tardis-apia.ldos-ut-pg0.wisc.cloudlab.us,block_traces_5,lru,0.1,31350,27,1,1,0.5175,0.03,14556171,31349783.552,7110414
node7.tardis-apia.ldos-ut-pg0.wisc.cloudlab.us,block_traces_5,lru,0.1,31350,27,1,2,0.5175,0.03,14556171,31349783.552,7110414
node7.tardis-apia.ldos-ut-pg0.wisc.cloudlab.us,block_traces_5,lru,0.1,31350,27,1,3,0.5175,0.03,14556171,31349783.552,7110414
node7.tardis-apia.ldos-ut-pg0.wisc.cloudlab.us,block_traces_5,lruforgive,0.1,31350,27,1,1,0.5188,0.03,14556171,31349783.552,7110414
node7.tardis-apia.ldos-ut-pg0.wisc.cloudlab.us,block_traces_5,lruforgive,0.1,31350,27,1,2,0.5188,0.03,14556171,31349783.552,7110414
node7.tardis-apia.ldos-ut-pg0.wisc.cloudlab.us,block_traces_5,lruforgive,0.1,31350,27,1,3,0.5188,0.03,14556171,31349783.552,7110414
node7.tardis-apia.ldos-ut-pg0.wisc.cloudlab.us,block_traces_5,s3fifo,0.1,31350,27,1,1,0.5440,0.03,14556171,31349783.552,7110414
node7.tardis-apia.ldos-ut-pg0.wisc.cloudlab.us,block_traces_5,s3fifo,0.1,31350,27,1,2,0.5440,0.03,14556171,31349783.552,7110414
node7.tardis-apia.ldos-ut-pg0.wisc.cloudlab.us,block_traces_5,s3fifo,0.1,31350,27,1,3,0.5440,0.03,14556171,31349783.552,7110414
node7.tardis-apia.ldos-ut-pg0.wisc.cloudlab.us,block_traces_5,s3fifoforgive,0.1,31350,27,1,1,0.5439,0.03,14556171,31349783.552,7110414
node7.tardis-apia.ldos-ut-pg0.wisc.cloudlab.us,block_traces_5,s3fifoforgive,0.1,31350,27,1,2,0.5439,0.03,14556171,31349783.552,7110414
node7.tardis-apia.ldos-ut-pg0.wisc.cloudlab.us,block_traces_5,s3fifoforgive,0.1,31350,27,1,3,0.5439,0.03,14556171,31349783.552,7110414
node7.tardis-apia.ldos-ut-pg0.wisc.cloudlab.us,202206_kv_traces_all.csv,lru,10,6165,27,1,1,0.0599,2.48,1665685868,61650.8416,52005744
node7.tardis-apia.ldos-ut-pg0.wisc.cloudlab.us,202206_kv_traces_all.csv,lru,10,6165,27,1,2,0.0599,2.49,1665685868,61650.8416,52005744
node7.tardis-apia.ldos-ut-pg0.wisc.cloudlab.us,202206_kv_traces_all.csv,lru,10,6165,27,1,3,0.0599,2.47,1665685868,61650.8416,52005744
node7.tardis-apia.ldos-ut-pg0.wisc.cloudlab.us,202206_kv_traces_all.csv,lruforgive,10,6165,27,1,1,NA,NA,NA,61650.8416,52005744
node7.tardis-apia.ldos-ut-pg0.wisc.cloudlab.us,202206_kv_traces_all.csv,lruforgive,10,6165,27,1,2,NA,NA,NA,61650.8416,52005744
node7.tardis-apia.ldos-ut-pg0.wisc.cloudlab.us,202206_kv_traces_all.csv,lruforgive,10,6165,27,1,3,NA,NA,NA,61650.8416,52005744
node7.tardis-apia.ldos-ut-pg0.wisc.cloudlab.us,202206_kv_traces_all.csv,s3fifo,10,6165,27,1,1,0.0493,2.59,1665685868,61650.8416,52005744
node7.tardis-apia.ldos-ut-pg0.wisc.cloudlab.us,202206_kv_traces_all.csv,s3fifo,10,6165,27,1,2,0.0493,2.60,1665685868,61650.8416,52005744
node7.tardis-apia.ldos-ut-pg0.wisc.cloudlab.us,202206_kv_traces_all.csv,s3fifo,10,6165,27,1,3,0.0493,2.57,1665685868,61650.8416,52005744
node7.tardis-apia.ldos-ut-pg0.wisc.cloudlab.us,202206_kv_traces_all.csv,s3fifoforgive,10,6165,27,1,1,NA,NA,NA,61650.8416,52005744
node7.tardis-apia.ldos-ut-pg0.wisc.cloudlab.us,202206_kv_traces_all.csv,s3fifoforgive,10,6165,27,1,2,NA,NA,NA,61650.8416,52005744
node7.tardis-apia.ldos-ut-pg0.wisc.cloudlab.us,202206_kv_traces_all.csv,s3fifoforgive,10,6165,27,1,3,NA,NA,NA,61650.8416,52005744
node7.tardis-apia.ldos-ut-pg0.wisc.cloudlab.us,202206_kv_traces_all.csv,lru,0.1,62,22,1,1,0.2575,2.57,1665685868,61650.8416,52005744
node7.tardis-apia.ldos-ut-pg0.wisc.cloudlab.us,202206_kv_traces_all.csv,lru,0.1,62,22,1,2,0.2575,2.55,1665685868,61650.8416,52005744
node7.tardis-apia.ldos-ut-pg0.wisc.cloudlab.us,202206_kv_traces_all.csv,lru,0.1,62,22,1,3,0.2575,2.59,1665685868,61650.8416,52005744
node7.tardis-apia.ldos-ut-pg0.wisc.cloudlab.us,202206_kv_traces_all.csv,lruforgive,0.1,62,22,1,1,0.2534,0.89,1665685868,61650.8416,52005744
node7.tardis-apia.ldos-ut-pg0.wisc.cloudlab.us,202206_kv_traces_all.csv,lruforgive,0.1,62,22,1,2,0.2534,0.90,1665685868,61650.8416,52005744
node7.tardis-apia.ldos-ut-pg0.wisc.cloudlab.us,202206_kv_traces_all.csv,lruforgive,0.1,62,22,1,3,0.2534,0.90,1665685868,61650.8416,52005744
node7.tardis-apia.ldos-ut-pg0.wisc.cloudlab.us,202206_kv_traces_all.csv,s3fifo,0.1,62,22,1,1,0.2151,2.85,1665685868,61650.8416,52005744
node7.tardis-apia.ldos-ut-pg0.wisc.cloudlab.us,202206_kv_traces_all.csv,s3fifo,0.1,62,22,1,2,0.2151,2.84,1665685868,61650.8416,52005744
node7.tardis-apia.ldos-ut-pg0.wisc.cloudlab.us,202206_kv_traces_all.csv,s3fifo,0.1,62,22,1,3,0.2151,2.82,1665685868,61650.8416,52005744
node7.tardis-apia.ldos-ut-pg0.wisc.cloudlab.us,202206_kv_traces_all.csv,s3fifoforgive,0.1,62,22,1,1,0.2151,0.93,1665685868,61650.8416,52005744
node7.tardis-apia.ldos-ut-pg0.wisc.cloudlab.us,202206_kv_traces_all.csv,s3fifoforgive,0.1,62,22,1,2,0.2151,0.92,1665685868,61650.8416,52005744
node7.tardis-apia.ldos-ut-pg0.wisc.cloudlab.us,202206_kv_traces_all.csv,s3fifoforgive,0.1,62,22,1,3,0.2151,0.93,1665685868,61650.8416,52005744
node7.tardis-apia.ldos-ut-pg0.wisc.cloudlab.us,202210_kv_traces_all_sort.csv,lru,10,8531,27,1,1,0.0540,2.21,1496890674,85308.1088,48009053
node7.tardis-apia.ldos-ut-pg0.wisc.cloudlab.us,202210_kv_traces_all_sort.csv,lru,10,8531,27,1,2,0.0540,2.22,1496890674,85308.1088,48009053
node7.tardis-apia.ldos-ut-pg0.wisc.cloudlab.us,202210_kv_traces_all_sort.csv,lru,10,8531,27,1,3,0.0540,2.24,1496890674,85308.1088,48009053
node7.tardis-apia.ldos-ut-pg0.wisc.cloudlab.us,202210_kv_traces_all_sort.csv,lruforgive,10,8531,27,1,1,NA,NA,NA,85308.1088,48009053
node7.tardis-apia.ldos-ut-pg0.wisc.cloudlab.us,202210_kv_traces_all_sort.csv,lruforgive,10,8531,27,1,2,NA,NA,NA,85308.1088,48009053
node7.tardis-apia.ldos-ut-pg0.wisc.cloudlab.us,202210_kv_traces_all_sort.csv,lruforgive,10,8531,27,1,3,NA,NA,NA,85308.1088,48009053
node7.tardis-apia.ldos-ut-pg0.wisc.cloudlab.us,202210_kv_traces_all_sort.csv,s3fifo,10,8531,27,1,1,0.0494,2.60,1496890674,85308.1088,48009053
node7.tardis-apia.ldos-ut-pg0.wisc.cloudlab.us,202210_kv_traces_all_sort.csv,s3fifo,10,8531,27,1,2,0.0494,2.62,1496890674,85308.1088,48009053
node7.tardis-apia.ldos-ut-pg0.wisc.cloudlab.us,202210_kv_traces_all_sort.csv,s3fifo,10,8531,27,1,3,0.0494,2.64,1496890674,85308.1088,48009053
node7.tardis-apia.ldos-ut-pg0.wisc.cloudlab.us,202210_kv_traces_all_sort.csv,s3fifoforgive,10,8531,27,1,1,NA,NA,NA,85308.1088,48009053
node7.tardis-apia.ldos-ut-pg0.wisc.cloudlab.us,202210_kv_traces_all_sort.csv,s3fifoforgive,10,8531,27,1,2,NA,NA,NA,85308.1088,48009053
node7.tardis-apia.ldos-ut-pg0.wisc.cloudlab.us,202210_kv_traces_all_sort.csv,s3fifoforgive,10,8531,27,1,3,NA,NA,NA,85308.1088,48009053
node7.tardis-apia.ldos-ut-pg0.wisc.cloudlab.us,202210_kv_traces_all_sort.csv,lru,0.1,85,22,1,1,0.1791,2.55,1496890674,85308.1088,48009053
node7.tardis-apia.ldos-ut-pg0.wisc.cloudlab.us,202210_kv_traces_all_sort.csv,lru,0.1,85,22,1,2,0.1791,2.53,1496890674,85308.1088,48009053
node7.tardis-apia.ldos-ut-pg0.wisc.cloudlab.us,202210_kv_traces_all_sort.csv,lru,0.1,85,22,1,3,0.1791,2.56,1496890674,85308.1088,48009053
node7.tardis-apia.ldos-ut-pg0.wisc.cloudlab.us,202210_kv_traces_all_sort.csv,lruforgive,0.1,85,22,1,1,0.1790,0.83,1496890674,85308.1088,48009053
node7.tardis-apia.ldos-ut-pg0.wisc.cloudlab.us,202210_kv_traces_all_sort.csv,lruforgive,0.1,85,22,1,2,0.1790,0.84,1496890674,85308.1088,48009053
node7.tardis-apia.ldos-ut-pg0.wisc.cloudlab.us,202210_kv_traces_all_sort.csv,lruforgive,0.1,85,22,1,3,0.1790,0.83,1496890674,85308.1088,48009053
node7.tardis-apia.ldos-ut-pg0.wisc.cloudlab.us,202210_kv_traces_all_sort.csv,s3fifo,0.1,85,22,1,1,0.1624,2.79,1496890674,85308.1088,48009053
node7.tardis-apia.ldos-ut-pg0.wisc.cloudlab.us,202210_kv_traces_all_sort.csv,s3fifo,0.1,85,22,1,2,0.1624,2.78,1496890674,85308.1088,48009053
node7.tardis-apia.ldos-ut-pg0.wisc.cloudlab.us,202210_kv_traces_all_sort.csv,s3fifo,0.1,85,22,1,3,0.1624,2.81,1496890674,85308.1088,48009053
node7.tardis-apia.ldos-ut-pg0.wisc.cloudlab.us,202210_kv_traces_all_sort.csv,s3fifoforgive,0.1,85,22,1,1,0.1624,0.86,1496890674,85308.1088,48009053
node7.tardis-apia.ldos-ut-pg0.wisc.cloudlab.us,202210_kv_traces_all_sort.csv,s3fifoforgive,0.1,85,22,1,2,0.1624,0.86,1496890674,85308.1088,48009053
node7.tardis-apia.ldos-ut-pg0.wisc.cloudlab.us,202210_kv_traces_all_sort.csv,s3fifoforgive,0.1,85,22,1,3,0.1624,0.86,1496890674,85308.1088,48009053
node7.tardis-apia.ldos-ut-pg0.wisc.cloudlab.us,202401_kv_traces_all_sort.csv,lru,10,4389,27,1,1,0.0780,2.17,1214738095,43887.9232,55250833
node7.tardis-apia.ldos-ut-pg0.wisc.cloudlab.us,202401_kv_traces_all_sort.csv,lru,10,4389,27,1,2,0.0780,2.17,1214738095,43887.9232,55250833
node7.tardis-apia.ldos-ut-pg0.wisc.cloudlab.us,202401_kv_traces_all_sort.csv,lru,10,4389,27,1,3,0.0780,2.18,1214738095,43887.9232,55250833
node7.tardis-apia.ldos-ut-pg0.wisc.cloudlab.us,202401_kv_traces_all_sort.csv,lruforgive,10,4389,27,1,1,0.0780,0.55,1214738095,43887.9232,55250833
node7.tardis-apia.ldos-ut-pg0.wisc.cloudlab.us,202401_kv_traces_all_sort.csv,lruforgive,10,4389,27,1,2,NA,NA,NA,43887.9232,55250833
node7.tardis-apia.ldos-ut-pg0.wisc.cloudlab.us,202401_kv_traces_all_sort.csv,lruforgive,10,4389,27,1,3,NA,NA,NA,43887.9232,55250833
node7.tardis-apia.ldos-ut-pg0.wisc.cloudlab.us,202401_kv_traces_all_sort.csv,s3fifo,10,4389,27,1,1,0.0745,2.27,1214738095,43887.9232,55250833
node7.tardis-apia.ldos-ut-pg0.wisc.cloudlab.us,202401_kv_traces_all_sort.csv,s3fifo,10,4389,27,1,2,0.0745,2.42,1214738095,43887.9232,55250833
node7.tardis-apia.ldos-ut-pg0.wisc.cloudlab.us,202401_kv_traces_all_sort.csv,s3fifo,10,4389,27,1,3,0.0745,2.42,1214738095,43887.9232,55250833
node7.tardis-apia.ldos-ut-pg0.wisc.cloudlab.us,202401_kv_traces_all_sort.csv,s3fifoforgive,10,4389,27,1,1,0.0745,0.55,1214738095,43887.9232,55250833
node7.tardis-apia.ldos-ut-pg0.wisc.cloudlab.us,202401_kv_traces_all_sort.csv,s3fifoforgive,10,4389,27,1,2,0.0745,0.55,1214738095,43887.9232,55250833
node7.tardis-apia.ldos-ut-pg0.wisc.cloudlab.us,202401_kv_traces_all_sort.csv,s3fifoforgive,10,4389,27,1,3,0.0745,0.55,1214738095,43887.9232,55250833
node7.tardis-apia.ldos-ut-pg0.wisc.cloudlab.us,202401_kv_traces_all_sort.csv,lru,0.1,44,21,1,1,0.3501,2.99,1214738095,43887.9232,55250833
node7.tardis-apia.ldos-ut-pg0.wisc.cloudlab.us,202401_kv_traces_all_sort.csv,lru,0.1,44,21,1,2,0.3501,3.02,1214738095,43887.9232,55250833
node7.tardis-apia.ldos-ut-pg0.wisc.cloudlab.us,202401_kv_traces_all_sort.csv,lru,0.1,44,21,1,3,0.3501,3.03,1214738095,43887.9232,55250833
node7.tardis-apia.ldos-ut-pg0.wisc.cloudlab.us,202401_kv_traces_all_sort.csv,lruforgive,0.1,44,21,1,1,0.3496,1.15,1214738095,43887.9232,55250833
node7.tardis-apia.ldos-ut-pg0.wisc.cloudlab.us,202401_kv_traces_all_sort.csv,lruforgive,0.1,44,21,1,2,0.3496,1.15,1214738095,43887.9232,55250833
node7.tardis-apia.ldos-ut-pg0.wisc.cloudlab.us,202401_kv_traces_all_sort.csv,lruforgive,0.1,44,21,1,3,0.3496,1.14,1214738095,43887.9232,55250833
node7.tardis-apia.ldos-ut-pg0.wisc.cloudlab.us,202401_kv_traces_all_sort.csv,s3fifo,0.1,44,21,1,1,0.3169,3.23,1214738095,43887.9232,55250833
node7.tardis-apia.ldos-ut-pg0.wisc.cloudlab.us,202401_kv_traces_all_sort.csv,s3fifo,0.1,44,21,1,2,0.3169,3.25,1214738095,43887.9232,55250833
node7.tardis-apia.ldos-ut-pg0.wisc.cloudlab.us,202401_kv_traces_all_sort.csv,s3fifo,0.1,44,21,1,3,0.3169,3.25,1214738095,43887.9232,55250833
node7.tardis-apia.ldos-ut-pg0.wisc.cloudlab.us,202401_kv_traces_all_sort.csv,s3fifoforgive,0.1,44,21,1,1,0.3170,1.18,1214738095,43887.9232,55250833
node7.tardis-apia.ldos-ut-pg0.wisc.cloudlab.us,202401_kv_traces_all_sort.csv,s3fifoforgive,0.1,44,21,1,2,0.3170,1.18,1214738095,43887.9232,55250833
node7.tardis-apia.ldos-ut-pg0.wisc.cloudlab.us,202401_kv_traces_all_sort.csv,s3fifoforgive,0.1,44,21,1,3,0.3170,1.18,1214738095,43887.9232,55250833
node7.tardis-apia.ldos-ut-pg0.wisc.cloudlab.us,meta_reag,lru,10,17278215,27,1,1,NA_TOOBIG,NA,NA,172782147.7888,12262537
node7.tardis-apia.ldos-ut-pg0.wisc.cloudlab.us,meta_reag,lru,10,17278215,27,1,2,NA_TOOBIG,NA,NA,172782147.7888,12262537
node7.tardis-apia.ldos-ut-pg0.wisc.cloudlab.us,meta_reag,lru,10,17278215,27,1,3,NA_TOOBIG,NA,NA,172782147.7888,12262537
node7.tardis-apia.ldos-ut-pg0.wisc.cloudlab.us,meta_reag,lruforgive,10,17278215,27,1,1,NA_TOOBIG,NA,NA,172782147.7888,12262537
node7.tardis-apia.ldos-ut-pg0.wisc.cloudlab.us,meta_reag,lruforgive,10,17278215,27,1,2,NA_TOOBIG,NA,NA,172782147.7888,12262537
node7.tardis-apia.ldos-ut-pg0.wisc.cloudlab.us,meta_reag,lruforgive,10,17278215,27,1,3,NA_TOOBIG,NA,NA,172782147.7888,12262537
node7.tardis-apia.ldos-ut-pg0.wisc.cloudlab.us,meta_reag,s3fifo,10,17278215,27,1,1,NA_TOOBIG,NA,NA,172782147.7888,12262537
node7.tardis-apia.ldos-ut-pg0.wisc.cloudlab.us,meta_reag,s3fifo,10,17278215,27,1,2,NA_TOOBIG,NA,NA,172782147.7888,12262537
node7.tardis-apia.ldos-ut-pg0.wisc.cloudlab.us,meta_reag,s3fifo,10,17278215,27,1,3,NA_TOOBIG,NA,NA,172782147.7888,12262537
node7.tardis-apia.ldos-ut-pg0.wisc.cloudlab.us,meta_reag,s3fifoforgive,10,17278215,27,1,1,NA_TOOBIG,NA,NA,172782147.7888,12262537
node7.tardis-apia.ldos-ut-pg0.wisc.cloudlab.us,meta_reag,s3fifoforgive,10,17278215,27,1,2,NA_TOOBIG,NA,NA,172782147.7888,12262537
node7.tardis-apia.ldos-ut-pg0.wisc.cloudlab.us,meta_reag,s3fifoforgive,10,17278215,27,1,3,NA_TOOBIG,NA,NA,172782147.7888,12262537
node7.tardis-apia.ldos-ut-pg0.wisc.cloudlab.us,meta_reag,lru,0.1,172782,27,1,1,NA_TOOBIG,NA,NA,172782147.7888,12262537
node7.tardis-apia.ldos-ut-pg0.wisc.cloudlab.us,meta_reag,lru,0.1,172782,27,1,2,NA_TOOBIG,NA,NA,172782147.7888,12262537
node7.tardis-apia.ldos-ut-pg0.wisc.cloudlab.us,meta_reag,lru,0.1,172782,27,1,3,NA_TOOBIG,NA,NA,172782147.7888,12262537
node7.tardis-apia.ldos-ut-pg0.wisc.cloudlab.us,meta_reag,lruforgive,0.1,172782,27,1,1,NA_TOOBIG,NA,NA,172782147.7888,12262537
node7.tardis-apia.ldos-ut-pg0.wisc.cloudlab.us,meta_reag,lruforgive,0.1,172782,27,1,2,NA_TOOBIG,NA,NA,172782147.7888,12262537
node7.tardis-apia.ldos-ut-pg0.wisc.cloudlab.us,meta_reag,lruforgive,0.1,172782,27,1,3,NA_TOOBIG,NA,NA,172782147.7888,12262537
node7.tardis-apia.ldos-ut-pg0.wisc.cloudlab.us,meta_reag,s3fifo,0.1,172782,27,1,1,NA_TOOBIG,NA,NA,172782147.7888,12262537
node7.tardis-apia.ldos-ut-pg0.wisc.cloudlab.us,meta_reag,s3fifo,0.1,172782,27,1,2,NA_TOOBIG,NA,NA,172782147.7888,12262537
node7.tardis-apia.ldos-ut-pg0.wisc.cloudlab.us,meta_reag,s3fifo,0.1,172782,27,1,3,NA_TOOBIG,NA,NA,172782147.7888,12262537
node7.tardis-apia.ldos-ut-pg0.wisc.cloudlab.us,meta_reag,s3fifoforgive,0.1,172782,27,1,1,NA_TOOBIG,NA,NA,172782147.7888,12262537
node7.tardis-apia.ldos-ut-pg0.wisc.cloudlab.us,meta_reag,s3fifoforgive,0.1,172782,27,1,2,NA_TOOBIG,NA,NA,172782147.7888,12262537
node7.tardis-apia.ldos-ut-pg0.wisc.cloudlab.us,meta_reag,s3fifoforgive,0.1,172782,27,1,3,NA_TOOBIG,NA,NA,172782147.7888,12262537
node7.tardis-apia.ldos-ut-pg0.wisc.cloudlab.us,meta_rnha,lru,10,72926529,27,1,1,NA_TOOBIG,NA,NA,729265290.5472,35040280
node7.tardis-apia.ldos-ut-pg0.wisc.cloudlab.us,meta_rnha,lru,10,72926529,27,1,2,NA_TOOBIG,NA,NA,729265290.5472,35040280
node7.tardis-apia.ldos-ut-pg0.wisc.cloudlab.us,meta_rnha,lru,10,72926529,27,1,3,NA_TOOBIG,NA,NA,729265290.5472,35040280
node7.tardis-apia.ldos-ut-pg0.wisc.cloudlab.us,meta_rnha,lruforgive,10,72926529,27,1,1,NA_TOOBIG,NA,NA,729265290.5472,35040280
node7.tardis-apia.ldos-ut-pg0.wisc.cloudlab.us,meta_rnha,lruforgive,10,72926529,27,1,2,NA_TOOBIG,NA,NA,729265290.5472,35040280
node7.tardis-apia.ldos-ut-pg0.wisc.cloudlab.us,meta_rnha,lruforgive,10,72926529,27,1,3,NA_TOOBIG,NA,NA,729265290.5472,35040280
node7.tardis-apia.ldos-ut-pg0.wisc.cloudlab.us,meta_rnha,s3fifo,10,72926529,27,1,1,NA_TOOBIG,NA,NA,729265290.5472,35040280
node7.tardis-apia.ldos-ut-pg0.wisc.cloudlab.us,meta_rnha,s3fifo,10,72926529,27,1,2,NA_TOOBIG,NA,NA,729265290.5472,35040280
node7.tardis-apia.ldos-ut-pg0.wisc.cloudlab.us,meta_rnha,s3fifo,10,72926529,27,1,3,NA_TOOBIG,NA,NA,729265290.5472,35040280
node7.tardis-apia.ldos-ut-pg0.wisc.cloudlab.us,meta_rnha,s3fifoforgive,10,72926529,27,1,1,NA_TOOBIG,NA,NA,729265290.5472,35040280
node7.tardis-apia.ldos-ut-pg0.wisc.cloudlab.us,meta_rnha,s3fifoforgive,10,72926529,27,1,2,NA_TOOBIG,NA,NA,729265290.5472,35040280
node7.tardis-apia.ldos-ut-pg0.wisc.cloudlab.us,meta_rnha,s3fifoforgive,10,72926529,27,1,3,NA_TOOBIG,NA,NA,729265290.5472,35040280
node7.tardis-apia.ldos-ut-pg0.wisc.cloudlab.us,meta_rnha,lru,0.1,729265,27,1,1,NA_TOOBIG,NA,NA,729265290.5472,35040280
node7.tardis-apia.ldos-ut-pg0.wisc.cloudlab.us,meta_rnha,lru,0.1,729265,27,1,2,NA_TOOBIG,NA,NA,729265290.5472,35040280
node7.tardis-apia.ldos-ut-pg0.wisc.cloudlab.us,meta_rnha,lru,0.1,729265,27,1,3,NA_TOOBIG,NA,NA,729265290.5472,35040280
node7.tardis-apia.ldos-ut-pg0.wisc.cloudlab.us,meta_rnha,lruforgive,0.1,729265,27,1,1,NA_TOOBIG,NA,NA,729265290.5472,35040280
node7.tardis-apia.ldos-ut-pg0.wisc.cloudlab.us,meta_rnha,lruforgive,0.1,729265,27,1,2,NA_TOOBIG,NA,NA,729265290.5472,35040280
node7.tardis-apia.ldos-ut-pg0.wisc.cloudlab.us,meta_rnha,lruforgive,0.1,729265,27,1,3,NA_TOOBIG,NA,NA,729265290.5472,35040280
node7.tardis-apia.ldos-ut-pg0.wisc.cloudlab.us,meta_rnha,s3fifo,0.1,729265,27,1,1,NA_TOOBIG,NA,NA,729265290.5472,35040280
node7.tardis-apia.ldos-ut-pg0.wisc.cloudlab.us,meta_rnha,s3fifo,0.1,729265,27,1,2,NA_TOOBIG,NA,NA,729265290.5472,35040280
node7.tardis-apia.ldos-ut-pg0.wisc.cloudlab.us,meta_rnha,s3fifo,0.1,729265,27,1,3,NA_TOOBIG,NA,NA,729265290.5472,35040280
node7.tardis-apia.ldos-ut-pg0.wisc.cloudlab.us,meta_rnha,s3fifoforgive,0.1,729265,27,1,1,NA_TOOBIG,NA,NA,729265290.5472,35040280
node7.tardis-apia.ldos-ut-pg0.wisc.cloudlab.us,meta_rnha,s3fifoforgive,0.1,729265,27,1,2,NA_TOOBIG,NA,NA,729265290.5472,35040280
node7.tardis-apia.ldos-ut-pg0.wisc.cloudlab.us,meta_rnha,s3fifoforgive,0.1,729265,27,1,3,NA_TOOBIG,NA,NA,729265290.5472,35040280
node7.tardis-apia.ldos-ut-pg0.wisc.cloudlab.us,meta_rprn,lru,10,69867588,27,1,1,NA_TOOBIG,NA,NA,698675883.3152,29030282
node7.tardis-apia.ldos-ut-pg0.wisc.cloudlab.us,meta_rprn,lru,10,69867588,27,1,2,NA_TOOBIG,NA,NA,698675883.3152,29030282
node7.tardis-apia.ldos-ut-pg0.wisc.cloudlab.us,meta_rprn,lru,10,69867588,27,1,3,NA_TOOBIG,NA,NA,698675883.3152,29030282
node7.tardis-apia.ldos-ut-pg0.wisc.cloudlab.us,meta_rprn,lruforgive,10,69867588,27,1,1,NA_TOOBIG,NA,NA,698675883.3152,29030282
node7.tardis-apia.ldos-ut-pg0.wisc.cloudlab.us,meta_rprn,lruforgive,10,69867588,27,1,2,NA_TOOBIG,NA,NA,698675883.3152,29030282
node7.tardis-apia.ldos-ut-pg0.wisc.cloudlab.us,meta_rprn,lruforgive,10,69867588,27,1,3,NA_TOOBIG,NA,NA,698675883.3152,29030282
node7.tardis-apia.ldos-ut-pg0.wisc.cloudlab.us,meta_rprn,s3fifo,10,69867588,27,1,1,NA_TOOBIG,NA,NA,698675883.3152,29030282
node7.tardis-apia.ldos-ut-pg0.wisc.cloudlab.us,meta_rprn,s3fifo,10,69867588,27,1,2,NA_TOOBIG,NA,NA,698675883.3152,29030282
node7.tardis-apia.ldos-ut-pg0.wisc.cloudlab.us,meta_rprn,s3fifo,10,69867588,27,1,3,NA_TOOBIG,NA,NA,698675883.3152,29030282
node7.tardis-apia.ldos-ut-pg0.wisc.cloudlab.us,meta_rprn,s3fifoforgive,10,69867588,27,1,1,NA_TOOBIG,NA,NA,698675883.3152,29030282
node7.tardis-apia.ldos-ut-pg0.wisc.cloudlab.us,meta_rprn,s3fifoforgive,10,69867588,27,1,2,NA_TOOBIG,NA,NA,698675883.3152,29030282
node7.tardis-apia.ldos-ut-pg0.wisc.cloudlab.us,meta_rprn,s3fifoforgive,10,69867588,27,1,3,NA_TOOBIG,NA,NA,698675883.3152,29030282
node7.tardis-apia.ldos-ut-pg0.wisc.cloudlab.us,meta_rprn,lru,0.1,698676,27,1,1,NA_TOOBIG,NA,NA,698675883.3152,29030282
node7.tardis-apia.ldos-ut-pg0.wisc.cloudlab.us,meta_rprn,lru,0.1,698676,27,1,2,NA_TOOBIG,NA,NA,698675883.3152,29030282
node7.tardis-apia.ldos-ut-pg0.wisc.cloudlab.us,meta_rprn,lru,0.1,698676,27,1,3,NA_TOOBIG,NA,NA,698675883.3152,29030282
node7.tardis-apia.ldos-ut-pg0.wisc.cloudlab.us,meta_rprn,lruforgive,0.1,698676,27,1,1,NA_TOOBIG,NA,NA,698675883.3152,29030282
node7.tardis-apia.ldos-ut-pg0.wisc.cloudlab.us,meta_rprn,lruforgive,0.1,698676,27,1,2,NA_TOOBIG,NA,NA,698675883.3152,29030282
node7.tardis-apia.ldos-ut-pg0.wisc.cloudlab.us,meta_rprn,lruforgive,0.1,698676,27,1,3,NA_TOOBIG,NA,NA,698675883.3152,29030282
node7.tardis-apia.ldos-ut-pg0.wisc.cloudlab.us,meta_rprn,s3fifo,0.1,698676,27,1,1,NA_TOOBIG,NA,NA,698675883.3152,29030282
node7.tardis-apia.ldos-ut-pg0.wisc.cloudlab.us,meta_rprn,s3fifo,0.1,698676,27,1,2,NA_TOOBIG,NA,NA,698675883.3152,29030282
node7.tardis-apia.ldos-ut-pg0.wisc.cloudlab.us,meta_rprn,s3fifo,0.1,698676,27,1,3,NA_TOOBIG,NA,NA,698675883.3152,29030282
node7.tardis-apia.ldos-ut-pg0.wisc.cloudlab.us,meta_rprn,s3fifoforgive,0.1,698676,27,1,1,NA_TOOBIG,NA,NA,698675883.3152,29030282
node7.tardis-apia.ldos-ut-pg0.wisc.cloudlab.us,meta_rprn,s3fifoforgive,0.1,698676,27,1,2,NA_TOOBIG,NA,NA,698675883.3152,29030282
node7.tardis-apia.ldos-ut-pg0.wisc.cloudlab.us,meta_rprn,s3fifoforgive,0.1,698676,27,1,3,NA_TOOBIG,NA,NA,698675883.3152,29030282
node7.tardis-apia.ldos-ut-pg0.wisc.cloudlab.us,wiki_2016u,lru,10,553062,27,1,1,NA_TOOBIG,NA,NA,5530624.1024,37197832
node7.tardis-apia.ldos-ut-pg0.wisc.cloudlab.us,wiki_2016u,lru,10,553062,27,1,2,NA_TOOBIG,NA,NA,5530624.1024,37197832
node7.tardis-apia.ldos-ut-pg0.wisc.cloudlab.us,wiki_2016u,lru,10,553062,27,1,3,NA_TOOBIG,NA,NA,5530624.1024,37197832
node7.tardis-apia.ldos-ut-pg0.wisc.cloudlab.us,wiki_2016u,lruforgive,10,553062,27,1,1,NA_TOOBIG,NA,NA,5530624.1024,37197832
node7.tardis-apia.ldos-ut-pg0.wisc.cloudlab.us,wiki_2016u,lruforgive,10,553062,27,1,2,NA_TOOBIG,NA,NA,5530624.1024,37197832
node7.tardis-apia.ldos-ut-pg0.wisc.cloudlab.us,wiki_2016u,lruforgive,10,553062,27,1,3,NA_TOOBIG,NA,NA,5530624.1024,37197832
node7.tardis-apia.ldos-ut-pg0.wisc.cloudlab.us,wiki_2016u,s3fifo,10,553062,27,1,1,NA_TOOBIG,NA,NA,5530624.1024,37197832
node7.tardis-apia.ldos-ut-pg0.wisc.cloudlab.us,wiki_2016u,s3fifo,10,553062,27,1,2,NA_TOOBIG,NA,NA,5530624.1024,37197832
node7.tardis-apia.ldos-ut-pg0.wisc.cloudlab.us,wiki_2016u,s3fifo,10,553062,27,1,3,NA_TOOBIG,NA,NA,5530624.1024,37197832
node7.tardis-apia.ldos-ut-pg0.wisc.cloudlab.us,wiki_2016u,s3fifoforgive,10,553062,27,1,1,NA_TOOBIG,NA,NA,5530624.1024,37197832
node7.tardis-apia.ldos-ut-pg0.wisc.cloudlab.us,wiki_2016u,s3fifoforgive,10,553062,27,1,2,NA_TOOBIG,NA,NA,5530624.1024,37197832
node7.tardis-apia.ldos-ut-pg0.wisc.cloudlab.us,wiki_2016u,s3fifoforgive,10,553062,27,1,3,NA_TOOBIG,NA,NA,5530624.1024,37197832
node7.tardis-apia.ldos-ut-pg0.wisc.cloudlab.us,wiki_2016u,lru,0.1,5531,27,1,1,NA,NA,NA,5530624.1024,37197832
node7.tardis-apia.ldos-ut-pg0.wisc.cloudlab.us,wiki_2016u,lru,0.1,5531,27,1,2,NA,NA,NA,5530624.1024,37197832
node7.tardis-apia.ldos-ut-pg0.wisc.cloudlab.us,wiki_2016u,lru,0.1,5531,27,1,3,NA,NA,NA,5530624.1024,37197832
node7.tardis-apia.ldos-ut-pg0.wisc.cloudlab.us,wiki_2016u,lruforgive,0.1,5531,27,1,1,NA,NA,NA,5530624.1024,37197832
node7.tardis-apia.ldos-ut-pg0.wisc.cloudlab.us,wiki_2016u,lruforgive,0.1,5531,27,1,2,NA,NA,NA,5530624.1024,37197832
node7.tardis-apia.ldos-ut-pg0.wisc.cloudlab.us,wiki_2016u,lruforgive,0.1,5531,27,1,3,NA,NA,NA,5530624.1024,37197832
node7.tardis-apia.ldos-ut-pg0.wisc.cloudlab.us,wiki_2016u,s3fifo,0.1,5531,27,1,1,NA,NA,NA,5530624.1024,37197832
node7.tardis-apia.ldos-ut-pg0.wisc.cloudlab.us,wiki_2016u,s3fifo,0.1,5531,27,1,2,NA,NA,NA,5530624.1024,37197832
node7.tardis-apia.ldos-ut-pg0.wisc.cloudlab.us,wiki_2016u,s3fifo,0.1,5531,27,1,3,NA,NA,NA,5530624.1024,37197832
node7.tardis-apia.ldos-ut-pg0.wisc.cloudlab.us,wiki_2016u,s3fifoforgive,0.1,5531,27,1,1,NA,NA,NA,5530624.1024,37197832
node7.tardis-apia.ldos-ut-pg0.wisc.cloudlab.us,wiki_2016u,s3fifoforgive,0.1,5531,27,1,2,NA,NA,NA,5530624.1024,37197832
node7.tardis-apia.ldos-ut-pg0.wisc.cloudlab.us,wiki_2016u,s3fifoforgive,0.1,5531,27,1,3,NA,NA,NA,5530624.1024,37197832
node7.tardis-apia.ldos-ut-pg0.wisc.cloudlab.us,wiki_2019t,lru,10,41000,27,1,1,0.2448,0.36,207646001,409995.3664,18394481
node7.tardis-apia.ldos-ut-pg0.wisc.cloudlab.us,wiki_2019t,lru,10,41000,27,1,2,0.2448,0.36,207646001,409995.3664,18394481
node7.tardis-apia.ldos-ut-pg0.wisc.cloudlab.us,wiki_2019t,lru,10,41000,27,1,3,0.2448,0.35,207646001,409995.3664,18394481
node7.tardis-apia.ldos-ut-pg0.wisc.cloudlab.us,wiki_2019t,lruforgive,10,41000,27,1,1,0.2446,0.20,207646001,409995.3664,18394481
node7.tardis-apia.ldos-ut-pg0.wisc.cloudlab.us,wiki_2019t,lruforgive,10,41000,27,1,2,0.2446,0.20,207646001,409995.3664,18394481
node7.tardis-apia.ldos-ut-pg0.wisc.cloudlab.us,wiki_2019t,lruforgive,10,41000,27,1,3,0.2446,0.20,207646001,409995.3664,18394481
node7.tardis-apia.ldos-ut-pg0.wisc.cloudlab.us,wiki_2019t,s3fifo,10,41000,27,1,1,0.2016,0.47,207646001,409995.3664,18394481
node7.tardis-apia.ldos-ut-pg0.wisc.cloudlab.us,wiki_2019t,s3fifo,10,41000,27,1,2,0.2016,0.47,207646001,409995.3664,18394481
node7.tardis-apia.ldos-ut-pg0.wisc.cloudlab.us,wiki_2019t,s3fifo,10,41000,27,1,3,0.2016,0.47,207646001,409995.3664,18394481
node7.tardis-apia.ldos-ut-pg0.wisc.cloudlab.us,wiki_2019t,s3fifoforgive,10,41000,27,1,1,0.2016,0.24,207646001,409995.3664,18394481
node7.tardis-apia.ldos-ut-pg0.wisc.cloudlab.us,wiki_2019t,s3fifoforgive,10,41000,27,1,2,0.2016,0.24,207646001,409995.3664,18394481
node7.tardis-apia.ldos-ut-pg0.wisc.cloudlab.us,wiki_2019t,s3fifoforgive,10,41000,27,1,3,0.2016,0.24,207646001,409995.3664,18394481
node7.tardis-apia.ldos-ut-pg0.wisc.cloudlab.us,wiki_2019t,lru,0.1,410,25,1,1,0.8546,0.24,207646001,409995.3664,18394481
node7.tardis-apia.ldos-ut-pg0.wisc.cloudlab.us,wiki_2019t,lru,0.1,410,25,1,2,0.8546,0.24,207646001,409995.3664,18394481
node7.tardis-apia.ldos-ut-pg0.wisc.cloudlab.us,wiki_2019t,lru,0.1,410,25,1,3,0.8546,0.24,207646001,409995.3664,18394481
node7.tardis-apia.ldos-ut-pg0.wisc.cloudlab.us,wiki_2019t,lruforgive,0.1,410,25,1,1,NA,NA,NA,409995.3664,18394481
node7.tardis-apia.ldos-ut-pg0.wisc.cloudlab.us,wiki_2019t,lruforgive,0.1,410,25,1,2,NA,NA,NA,409995.3664,18394481
node7.tardis-apia.ldos-ut-pg0.wisc.cloudlab.us,wiki_2019t,lruforgive,0.1,410,25,1,3,NA,NA,NA,409995.3664,18394481
node7.tardis-apia.ldos-ut-pg0.wisc.cloudlab.us,wiki_2019t,s3fifo,0.1,410,25,1,1,NA,NA,NA,409995.3664,18394481
node7.tardis-apia.ldos-ut-pg0.wisc.cloudlab.us,wiki_2019t,s3fifo,0.1,410,25,1,2,NA,NA,NA,409995.3664,18394481
node7.tardis-apia.ldos-ut-pg0.wisc.cloudlab.us,wiki_2019t,s3fifo,0.1,410,25,1,3,0.7923,0.54,207646001,409995.3664,18394481
node7.tardis-apia.ldos-ut-pg0.wisc.cloudlab.us,wiki_2019t,s3fifoforgive,0.1,410,25,1,1,NA,NA,NA,409995.3664,18394481
node7.tardis-apia.ldos-ut-pg0.wisc.cloudlab.us,wiki_2019t,s3fifoforgive,0.1,410,25,1,2,0.7841,0.34,207646001,409995.3664,18394481
node7.tardis-apia.ldos-ut-pg0.wisc.cloudlab.us,wiki_2019t,s3fifoforgive,0.1,410,25,1,3,0.7840,0.34,207646001,409995.3664,18394481
node7.tardis-apia.ldos-ut-pg0.wisc.cloudlab.us,wiki_2019u,lru,10,784285,27,1,1,NA_TOOBIG,NA,NA,7842845.5936,49707463
node7.tardis-apia.ldos-ut-pg0.wisc.cloudlab.us,wiki_2019u,lru,10,784285,27,1,2,NA_TOOBIG,NA,NA,7842845.5936,49707463
node7.tardis-apia.ldos-ut-pg0.wisc.cloudlab.us,wiki_2019u,lru,10,784285,27,1,3,NA_TOOBIG,NA,NA,7842845.5936,49707463
node7.tardis-apia.ldos-ut-pg0.wisc.cloudlab.us,wiki_2019u,lruforgive,10,784285,27,1,1,NA_TOOBIG,NA,NA,7842845.5936,49707463
node7.tardis-apia.ldos-ut-pg0.wisc.cloudlab.us,wiki_2019u,lruforgive,10,784285,27,1,2,NA_TOOBIG,NA,NA,7842845.5936,49707463
node7.tardis-apia.ldos-ut-pg0.wisc.cloudlab.us,wiki_2019u,lruforgive,10,784285,27,1,3,NA_TOOBIG,NA,NA,7842845.5936,49707463
node7.tardis-apia.ldos-ut-pg0.wisc.cloudlab.us,wiki_2019u,s3fifo,10,784285,27,1,1,NA_TOOBIG,NA,NA,7842845.5936,49707463
node7.tardis-apia.ldos-ut-pg0.wisc.cloudlab.us,wiki_2019u,s3fifo,10,784285,27,1,2,NA_TOOBIG,NA,NA,7842845.5936,49707463
node7.tardis-apia.ldos-ut-pg0.wisc.cloudlab.us,wiki_2019u,s3fifo,10,784285,27,1,3,NA_TOOBIG,NA,NA,7842845.5936,49707463
node7.tardis-apia.ldos-ut-pg0.wisc.cloudlab.us,wiki_2019u,s3fifoforgive,10,784285,27,1,1,NA_TOOBIG,NA,NA,7842845.5936,49707463
node7.tardis-apia.ldos-ut-pg0.wisc.cloudlab.us,wiki_2019u,s3fifoforgive,10,784285,27,1,2,NA_TOOBIG,NA,NA,7842845.5936,49707463
node7.tardis-apia.ldos-ut-pg0.wisc.cloudlab.us,wiki_2019u,s3fifoforgive,10,784285,27,1,3,NA_TOOBIG,NA,NA,7842845.5936,49707463
node7.tardis-apia.ldos-ut-pg0.wisc.cloudlab.us,wiki_2019u,lru,0.1,7843,27,1,1,NA,NA,NA,7842845.5936,49707463
node7.tardis-apia.ldos-ut-pg0.wisc.cloudlab.us,wiki_2019u,lru,0.1,7843,27,1,2,NA,NA,NA,7842845.5936,49707463
node7.tardis-apia.ldos-ut-pg0.wisc.cloudlab.us,wiki_2019u,lru,0.1,7843,27,1,3,NA,NA,NA,7842845.5936,49707463
node7.tardis-apia.ldos-ut-pg0.wisc.cloudlab.us,wiki_2019u,lruforgive,0.1,7843,27,1,1,NA,NA,NA,7842845.5936,49707463
node7.tardis-apia.ldos-ut-pg0.wisc.cloudlab.us,wiki_2019u,lruforgive,0.1,7843,27,1,2,NA,NA,NA,7842845.5936,49707463
