node,trace,policy,cache_pct,size_mb,hp,threads,rep,miss,tp,requests,footprint_mb,n_objects
node1.tardis-apia.ldos-ut-pg0.wisc.cloudlab.us,tencentBlock_16868,lru,10,2886,27,1,1,0.2140,0.39,8660692,28859.4944,1000215
node1.tardis-apia.ldos-ut-pg0.wisc.cloudlab.us,tencentBlock_16868,lru,10,2886,27,1,2,0.2140,0.39,8660692,28859.4944,1000215
node1.tardis-apia.ldos-ut-pg0.wisc.cloudlab.us,tencentBlock_16868,lru,10,2886,27,1,3,0.2140,0.40,8660692,28859.4944,1000215
node1.tardis-apia.ldos-ut-pg0.wisc.cloudlab.us,tencentBlock_16868,lruforgive,10,2886,27,1,1,0.2140,0.28,8660692,28859.4944,1000215
node1.tardis-apia.ldos-ut-pg0.wisc.cloudlab.us,tencentBlock_16868,lruforgive,10,2886,27,1,2,0.2140,0.28,8660692,28859.4944,1000215
node1.tardis-apia.ldos-ut-pg0.wisc.cloudlab.us,tencentBlock_16868,lruforgive,10,2886,27,1,3,0.2140,0.28,8660692,28859.4944,1000215
node1.tardis-apia.ldos-ut-pg0.wisc.cloudlab.us,tencentBlock_16868,s3fifo,10,2886,27,1,1,0.2230,0.43,8660692,28859.4944,1000215
node1.tardis-apia.ldos-ut-pg0.wisc.cloudlab.us,tencentBlock_16868,s3fifo,10,2886,27,1,2,0.2230,0.43,8660692,28859.4944,1000215
node1.tardis-apia.ldos-ut-pg0.wisc.cloudlab.us,tencentBlock_16868,s3fifo,10,2886,27,1,3,0.2230,0.43,8660692,28859.4944,1000215
node1.tardis-apia.ldos-ut-pg0.wisc.cloudlab.us,tencentBlock_16868,s3fifoforgive,10,2886,27,1,1,0.2229,0.30,8660692,28859.4944,1000215
node1.tardis-apia.ldos-ut-pg0.wisc.cloudlab.us,tencentBlock_16868,s3fifoforgive,10,2886,27,1,2,0.2229,0.30,8660692,28859.4944,1000215
node1.tardis-apia.ldos-ut-pg0.wisc.cloudlab.us,tencentBlock_16868,s3fifoforgive,10,2886,27,1,3,0.2229,0.30,8660692,28859.4944,1000215
node1.tardis-apia.ldos-ut-pg0.wisc.cloudlab.us,tencentBlock_16868,lru,0.1,29,21,1,1,0.5244,2.01,8660692,28859.4944,1000215
node1.tardis-apia.ldos-ut-pg0.wisc.cloudlab.us,tencentBlock_16868,lru,0.1,29,21,1,2,0.5244,2.11,8660692,28859.4944,1000215
node1.tardis-apia.ldos-ut-pg0.wisc.cloudlab.us,tencentBlock_16868,lru,0.1,29,21,1,3,0.5244,2.13,8660692,28859.4944,1000215
node1.tardis-apia.ldos-ut-pg0.wisc.cloudlab.us,tencentBlock_16868,lruforgive,0.1,29,21,1,1,0.5160,0.97,8660692,28859.4944,1000215
node1.tardis-apia.ldos-ut-pg0.wisc.cloudlab.us,tencentBlock_16868,lruforgive,0.1,29,21,1,2,0.5160,0.97,8660692,28859.4944,1000215
node1.tardis-apia.ldos-ut-pg0.wisc.cloudlab.us,tencentBlock_16868,lruforgive,0.1,29,21,1,3,0.5160,0.94,8660692,28859.4944,1000215
node1.tardis-apia.ldos-ut-pg0.wisc.cloudlab.us,tencentBlock_16868,s3fifo,0.1,29,21,1,1,0.5065,2.29,8660692,28859.4944,1000215
node1.tardis-apia.ldos-ut-pg0.wisc.cloudlab.us,tencentBlock_16868,s3fifo,0.1,29,21,1,2,0.5065,2.30,8660692,28859.4944,1000215
node1.tardis-apia.ldos-ut-pg0.wisc.cloudlab.us,tencentBlock_16868,s3fifo,0.1,29,21,1,3,0.5065,2.28,8660692,28859.4944,1000215
node1.tardis-apia.ldos-ut-pg0.wisc.cloudlab.us,tencentBlock_16868,s3fifoforgive,0.1,29,21,1,1,0.5059,1.15,8660692,28859.4944,1000215
node1.tardis-apia.ldos-ut-pg0.wisc.cloudlab.us,tencentBlock_16868,s3fifoforgive,0.1,29,21,1,2,0.5059,1.17,8660692,28859.4944,1000215
node1.tardis-apia.ldos-ut-pg0.wisc.cloudlab.us,tencentBlock_16868,s3fifoforgive,0.1,29,21,1,3,0.5059,1.17,8660692,28859.4944,1000215
node1.tardis-apia.ldos-ut-pg0.wisc.cloudlab.us,tencentBlock_16918,lru,10,4858,27,1,1,0.2787,0.42,56997688,48583.3728,2562974
node1.tardis-apia.ldos-ut-pg0.wisc.cloudlab.us,tencentBlock_16918,lru,10,4858,27,1,2,0.2787,0.43,56997688,48583.3728,2562974
node1.tardis-apia.ldos-ut-pg0.wisc.cloudlab.us,tencentBlock_16918,lru,10,4858,27,1,3,0.2787,0.43,56997688,48583.3728,2562974
node1.tardis-apia.ldos-ut-pg0.wisc.cloudlab.us,tencentBlock_16918,lruforgive,10,4858,27,1,1,0.2774,0.24,56997688,48583.3728,2562974
node1.tardis-apia.ldos-ut-pg0.wisc.cloudlab.us,tencentBlock_16918,lruforgive,10,4858,27,1,2,0.2774,0.24,56997688,48583.3728,2562974
node1.tardis-apia.ldos-ut-pg0.wisc.cloudlab.us,tencentBlock_16918,lruforgive,10,4858,27,1,3,0.2774,0.24,56997688,48583.3728,2562974
node1.tardis-apia.ldos-ut-pg0.wisc.cloudlab.us,tencentBlock_16918,s3fifo,10,4858,27,1,1,0.2605,0.46,56997688,48583.3728,2562974
node1.tardis-apia.ldos-ut-pg0.wisc.cloudlab.us,tencentBlock_16918,s3fifo,10,4858,27,1,2,0.2605,0.46,56997688,48583.3728,2562974
node1.tardis-apia.ldos-ut-pg0.wisc.cloudlab.us,tencentBlock_16918,s3fifo,10,4858,27,1,3,0.2605,0.46,56997688,48583.3728,2562974
node1.tardis-apia.ldos-ut-pg0.wisc.cloudlab.us,tencentBlock_16918,s3fifoforgive,10,4858,27,1,1,0.2604,0.26,56997688,48583.3728,2562974
node1.tardis-apia.ldos-ut-pg0.wisc.cloudlab.us,tencentBlock_16918,s3fifoforgive,10,4858,27,1,2,0.2604,0.26,56997688,48583.3728,2562974
node1.tardis-apia.ldos-ut-pg0.wisc.cloudlab.us,tencentBlock_16918,s3fifoforgive,10,4858,27,1,3,0.2604,0.27,56997688,48583.3728,2562974
node1.tardis-apia.ldos-ut-pg0.wisc.cloudlab.us,tencentBlock_16918,lru,0.1,49,22,1,1,0.7764,0.91,56997688,48583.3728,2562974
node1.tardis-apia.ldos-ut-pg0.wisc.cloudlab.us,tencentBlock_16918,lru,0.1,49,22,1,2,0.7764,0.92,56997688,48583.3728,2562974
node1.tardis-apia.ldos-ut-pg0.wisc.cloudlab.us,tencentBlock_16918,lru,0.1,49,22,1,3,0.7764,0.94,56997688,48583.3728,2562974
node1.tardis-apia.ldos-ut-pg0.wisc.cloudlab.us,tencentBlock_16918,lruforgive,0.1,49,22,1,1,0.7676,0.58,56997688,48583.3728,2562974
node1.tardis-apia.ldos-ut-pg0.wisc.cloudlab.us,tencentBlock_16918,lruforgive,0.1,49,22,1,2,0.7676,0.58,56997688,48583.3728,2562974
node1.tardis-apia.ldos-ut-pg0.wisc.cloudlab.us,tencentBlock_16918,lruforgive,0.1,49,22,1,3,0.7676,0.58,56997688,48583.3728,2562974
node1.tardis-apia.ldos-ut-pg0.wisc.cloudlab.us,tencentBlock_16918,s3fifo,0.1,49,22,1,1,0.7897,1.26,56997688,48583.3728,2562974
node1.tardis-apia.ldos-ut-pg0.wisc.cloudlab.us,tencentBlock_16918,s3fifo,0.1,49,22,1,2,0.7897,1.15,56997688,48583.3728,2562974
node1.tardis-apia.ldos-ut-pg0.wisc.cloudlab.us,tencentBlock_16918,s3fifo,0.1,49,22,1,3,0.7897,1.16,56997688,48583.3728,2562974
node1.tardis-apia.ldos-ut-pg0.wisc.cloudlab.us,tencentBlock_16918,s3fifoforgive,0.1,49,22,1,1,0.7855,0.76,56997688,48583.3728,2562974
node1.tardis-apia.ldos-ut-pg0.wisc.cloudlab.us,tencentBlock_16918,s3fifoforgive,0.1,49,22,1,2,0.7855,0.76,56997688,48583.3728,2562974
node1.tardis-apia.ldos-ut-pg0.wisc.cloudlab.us,tencentBlock_16918,s3fifoforgive,0.1,49,22,1,3,0.7855,0.74,56997688,48583.3728,2562974
node1.tardis-apia.ldos-ut-pg0.wisc.cloudlab.us,tencentBlock_16923,lru,10,4577,27,1,1,0.6657,0.14,3462739,45765.7344,1021631
node1.tardis-apia.ldos-ut-pg0.wisc.cloudlab.us,tencentBlock_16923,lru,10,4577,27,1,2,0.6657,0.14,3462739,45765.7344,1021631
node1.tardis-apia.ldos-ut-pg0.wisc.cloudlab.us,tencentBlock_16923,lru,10,4577,27,1,3,0.6657,0.14,3462739,45765.7344,1021631
node1.tardis-apia.ldos-ut-pg0.wisc.cloudlab.us,tencentBlock_16923,lruforgive,10,4577,27,1,1,0.6646,0.15,3462739,45765.7344,1021631
node1.tardis-apia.ldos-ut-pg0.wisc.cloudlab.us,tencentBlock_16923,lruforgive,10,4577,27,1,2,0.6646,0.15,3462739,45765.7344,1021631
node1.tardis-apia.ldos-ut-pg0.wisc.cloudlab.us,tencentBlock_16923,lruforgive,10,4577,27,1,3,0.6645,0.15,3462739,45765.7344,1021631
node1.tardis-apia.ldos-ut-pg0.wisc.cloudlab.us,tencentBlock_16923,s3fifo,10,4577,27,1,1,0.6750,0.15,3462739,45765.7344,1021631
node1.tardis-apia.ldos-ut-pg0.wisc.cloudlab.us,tencentBlock_16923,s3fifo,10,4577,27,1,2,0.6750,0.15,3462739,45765.7344,1021631
node1.tardis-apia.ldos-ut-pg0.wisc.cloudlab.us,tencentBlock_16923,s3fifo,10,4577,27,1,3,0.6750,0.15,3462739,45765.7344,1021631
node1.tardis-apia.ldos-ut-pg0.wisc.cloudlab.us,tencentBlock_16923,s3fifoforgive,10,4577,27,1,1,0.6750,0.16,3462739,45765.7344,1021631
node1.tardis-apia.ldos-ut-pg0.wisc.cloudlab.us,tencentBlock_16923,s3fifoforgive,10,4577,27,1,2,0.6750,0.16,3462739,45765.7344,1021631
node1.tardis-apia.ldos-ut-pg0.wisc.cloudlab.us,tencentBlock_16923,s3fifoforgive,10,4577,27,1,3,0.6750,0.16,3462739,45765.7344,1021631
node1.tardis-apia.ldos-ut-pg0.wisc.cloudlab.us,tencentBlock_16923,lru,0.1,46,22,1,1,0.7991,0.64,3462739,45765.7344,1021631
node1.tardis-apia.ldos-ut-pg0.wisc.cloudlab.us,tencentBlock_16923,lru,0.1,46,22,1,2,0.7991,0.64,3462739,45765.7344,1021631
node1.tardis-apia.ldos-ut-pg0.wisc.cloudlab.us,tencentBlock_16923,lru,0.1,46,22,1,3,0.7991,0.64,3462739,45765.7344,1021631
node1.tardis-apia.ldos-ut-pg0.wisc.cloudlab.us,tencentBlock_16923,lruforgive,0.1,46,22,1,1,0.7869,0.45,3462739,45765.7344,1021631
node1.tardis-apia.ldos-ut-pg0.wisc.cloudlab.us,tencentBlock_16923,lruforgive,0.1,46,22,1,2,0.7869,0.45,3462739,45765.7344,1021631
node1.tardis-apia.ldos-ut-pg0.wisc.cloudlab.us,tencentBlock_16923,lruforgive,0.1,46,22,1,3,0.7869,0.44,3462739,45765.7344,1021631
node1.tardis-apia.ldos-ut-pg0.wisc.cloudlab.us,tencentBlock_16923,s3fifo,0.1,46,22,1,1,0.7836,0.84,3462739,45765.7344,1021631
node1.tardis-apia.ldos-ut-pg0.wisc.cloudlab.us,tencentBlock_16923,s3fifo,0.1,46,22,1,2,0.7836,0.84,3462739,45765.7344,1021631
node1.tardis-apia.ldos-ut-pg0.wisc.cloudlab.us,tencentBlock_16923,s3fifo,0.1,46,22,1,3,0.7836,0.84,3462739,45765.7344,1021631
node1.tardis-apia.ldos-ut-pg0.wisc.cloudlab.us,tencentBlock_16923,s3fifoforgive,0.1,46,22,1,1,0.7838,0.69,3462739,45765.7344,1021631
node1.tardis-apia.ldos-ut-pg0.wisc.cloudlab.us,tencentBlock_16923,s3fifoforgive,0.1,46,22,1,2,0.7838,0.71,3462739,45765.7344,1021631
node1.tardis-apia.ldos-ut-pg0.wisc.cloudlab.us,tencentBlock_16923,s3fifoforgive,0.1,46,22,1,3,0.7838,0.71,3462739,45765.7344,1021631
node1.tardis-apia.ldos-ut-pg0.wisc.cloudlab.us,tencentBlock_1699,lru,10,2754,27,1,1,0.3274,0.38,44738800,27543.8592,2182273
node1.tardis-apia.ldos-ut-pg0.wisc.cloudlab.us,tencentBlock_1699,lru,10,2754,27,1,2,0.3274,0.37,44738800,27543.8592,2182273
node1.tardis-apia.ldos-ut-pg0.wisc.cloudlab.us,tencentBlock_1699,lru,10,2754,27,1,3,0.3274,0.37,44738800,27543.8592,2182273
node1.tardis-apia.ldos-ut-pg0.wisc.cloudlab.us,tencentBlock_1699,lruforgive,10,2754,27,1,1,0.3243,0.23,44738800,27543.8592,2182273
node1.tardis-apia.ldos-ut-pg0.wisc.cloudlab.us,tencentBlock_1699,lruforgive,10,2754,27,1,2,0.3243,0.23,44738800,27543.8592,2182273
node1.tardis-apia.ldos-ut-pg0.wisc.cloudlab.us,tencentBlock_1699,lruforgive,10,2754,27,1,3,0.3243,0.23,44738800,27543.8592,2182273
node1.tardis-apia.ldos-ut-pg0.wisc.cloudlab.us,tencentBlock_1699,s3fifo,10,2754,27,1,1,0.3195,0.39,44738800,27543.8592,2182273
node1.tardis-apia.ldos-ut-pg0.wisc.cloudlab.us,tencentBlock_1699,s3fifo,10,2754,27,1,2,0.3195,0.39,44738800,27543.8592,2182273
node1.tardis-apia.ldos-ut-pg0.wisc.cloudlab.us,tencentBlock_1699,s3fifo,10,2754,27,1,3,0.3195,0.38,44738800,27543.8592,2182273
node1.tardis-apia.ldos-ut-pg0.wisc.cloudlab.us,tencentBlock_1699,s3fifoforgive,10,2754,27,1,1,0.3192,0.25,44738800,27543.8592,2182273
node1.tardis-apia.ldos-ut-pg0.wisc.cloudlab.us,tencentBlock_1699,s3fifoforgive,10,2754,27,1,2,0.3192,0.25,44738800,27543.8592,2182273
node1.tardis-apia.ldos-ut-pg0.wisc.cloudlab.us,tencentBlock_1699,s3fifoforgive,10,2754,27,1,3,0.3192,0.25,44738800,27543.8592,2182273
node1.tardis-apia.ldos-ut-pg0.wisc.cloudlab.us,tencentBlock_1699,lru,0.1,28,21,1,1,0.7842,1.56,44738800,27543.8592,2182273
node1.tardis-apia.ldos-ut-pg0.wisc.cloudlab.us,tencentBlock_1699,lru,0.1,28,21,1,2,0.7842,1.47,44738800,27543.8592,2182273
node1.tardis-apia.ldos-ut-pg0.wisc.cloudlab.us,tencentBlock_1699,lru,0.1,28,21,1,3,0.7842,1.47,44738800,27543.8592,2182273
node1.tardis-apia.ldos-ut-pg0.wisc.cloudlab.us,tencentBlock_1699,lruforgive,0.1,28,21,1,1,0.7770,0.73,44738800,27543.8592,2182273
node1.tardis-apia.ldos-ut-pg0.wisc.cloudlab.us,tencentBlock_1699,lruforgive,0.1,28,21,1,2,0.7770,0.73,44738800,27543.8592,2182273
node1.tardis-apia.ldos-ut-pg0.wisc.cloudlab.us,tencentBlock_1699,lruforgive,0.1,28,21,1,3,0.7770,0.73,44738800,27543.8592,2182273
node1.tardis-apia.ldos-ut-pg0.wisc.cloudlab.us,tencentBlock_1699,s3fifo,0.1,28,21,1,1,0.7926,1.51,44738800,27543.8592,2182273
node1.tardis-apia.ldos-ut-pg0.wisc.cloudlab.us,tencentBlock_1699,s3fifo,0.1,28,21,1,2,0.7926,1.51,44738800,27543.8592,2182273
node1.tardis-apia.ldos-ut-pg0.wisc.cloudlab.us,tencentBlock_1699,s3fifo,0.1,28,21,1,3,0.7926,1.51,44738800,27543.8592,2182273
node1.tardis-apia.ldos-ut-pg0.wisc.cloudlab.us,tencentBlock_1699,s3fifoforgive,0.1,28,21,1,1,0.7903,0.92,44738800,27543.8592,2182273
node1.tardis-apia.ldos-ut-pg0.wisc.cloudlab.us,tencentBlock_1699,s3fifoforgive,0.1,28,21,1,2,0.7903,0.92,44738800,27543.8592,2182273
node1.tardis-apia.ldos-ut-pg0.wisc.cloudlab.us,tencentBlock_1699,s3fifoforgive,0.1,28,21,1,3,0.7903,0.95,44738800,27543.8592,2182273
node1.tardis-apia.ldos-ut-pg0.wisc.cloudlab.us,tencentBlock_17009,lru,10,9040,27,1,1,0.7005,0.10,3178793,90399.9488,1236215
node1.tardis-apia.ldos-ut-pg0.wisc.cloudlab.us,tencentBlock_17009,lru,10,9040,27,1,2,0.7005,0.10,3178793,90399.9488,1236215
node1.tardis-apia.ldos-ut-pg0.wisc.cloudlab.us,tencentBlock_17009,lru,10,9040,27,1,3,0.7005,0.10,3178793,90399.9488,1236215
node1.tardis-apia.ldos-ut-pg0.wisc.cloudlab.us,tencentBlock_17009,lruforgive,10,9040,27,1,1,0.6986,0.11,3178793,90399.9488,1236215
node1.tardis-apia.ldos-ut-pg0.wisc.cloudlab.us,tencentBlock_17009,lruforgive,10,9040,27,1,2,0.6986,0.11,3178793,90399.9488,1236215
node1.tardis-apia.ldos-ut-pg0.wisc.cloudlab.us,tencentBlock_17009,lruforgive,10,9040,27,1,3,0.6986,0.11,3178793,90399.9488,1236215
node1.tardis-apia.ldos-ut-pg0.wisc.cloudlab.us,tencentBlock_17009,s3fifo,10,9040,27,1,1,0.6744,0.11,3178793,90399.9488,1236215
node1.tardis-apia.ldos-ut-pg0.wisc.cloudlab.us,tencentBlock_17009,s3fifo,10,9040,27,1,2,0.6744,0.11,3178793,90399.9488,1236215
node1.tardis-apia.ldos-ut-pg0.wisc.cloudlab.us,tencentBlock_17009,s3fifo,10,9040,27,1,3,0.6744,0.11,3178793,90399.9488,1236215
node1.tardis-apia.ldos-ut-pg0.wisc.cloudlab.us,tencentBlock_17009,s3fifoforgive,10,9040,27,1,1,0.6744,0.11,3178793,90399.9488,1236215
node1.tardis-apia.ldos-ut-pg0.wisc.cloudlab.us,tencentBlock_17009,s3fifoforgive,10,9040,27,1,2,0.6744,0.11,3178793,90399.9488,1236215
node1.tardis-apia.ldos-ut-pg0.wisc.cloudlab.us,tencentBlock_17009,s3fifoforgive,10,9040,27,1,3,0.6744,0.11,3178793,90399.9488,1236215
node1.tardis-apia.ldos-ut-pg0.wisc.cloudlab.us,tencentBlock_17009,lru,0.1,90,22,1,1,0.7998,0.20,3178793,90399.9488,1236215
node1.tardis-apia.ldos-ut-pg0.wisc.cloudlab.us,tencentBlock_17009,lru,0.1,90,22,1,2,0.7998,0.20,3178793,90399.9488,1236215
node1.tardis-apia.ldos-ut-pg0.wisc.cloudlab.us,tencentBlock_17009,lru,0.1,90,22,1,3,0.7998,0.20,3178793,90399.9488,1236215
node1.tardis-apia.ldos-ut-pg0.wisc.cloudlab.us,tencentBlock_17009,lruforgive,0.1,90,22,1,1,0.7966,0.18,3178793,90399.9488,1236215
node1.tardis-apia.ldos-ut-pg0.wisc.cloudlab.us,tencentBlock_17009,lruforgive,0.1,90,22,1,2,0.7966,0.18,3178793,90399.9488,1236215
node1.tardis-apia.ldos-ut-pg0.wisc.cloudlab.us,tencentBlock_17009,lruforgive,0.1,90,22,1,3,0.7966,0.18,3178793,90399.9488,1236215
node1.tardis-apia.ldos-ut-pg0.wisc.cloudlab.us,tencentBlock_17009,s3fifo,0.1,90,22,1,1,0.7972,0.21,3178793,90399.9488,1236215
node1.tardis-apia.ldos-ut-pg0.wisc.cloudlab.us,tencentBlock_17009,s3fifo,0.1,90,22,1,2,0.7972,0.21,3178793,90399.9488,1236215
node1.tardis-apia.ldos-ut-pg0.wisc.cloudlab.us,tencentBlock_17009,s3fifo,0.1,90,22,1,3,0.7972,0.21,3178793,90399.9488,1236215
node1.tardis-apia.ldos-ut-pg0.wisc.cloudlab.us,tencentBlock_17009,s3fifoforgive,0.1,90,22,1,1,0.7971,0.19,3178793,90399.9488,1236215
node1.tardis-apia.ldos-ut-pg0.wisc.cloudlab.us,tencentBlock_17009,s3fifoforgive,0.1,90,22,1,2,0.7972,0.20,3178793,90399.9488,1236215
node1.tardis-apia.ldos-ut-pg0.wisc.cloudlab.us,tencentBlock_17009,s3fifoforgive,0.1,90,22,1,3,0.7972,0.19,3178793,90399.9488,1236215
node1.tardis-apia.ldos-ut-pg0.wisc.cloudlab.us,tencentBlock_17010,lru,10,1634,27,1,1,0.2055,0.71,10595454,16336.9984,1498518
node1.tardis-apia.ldos-ut-pg0.wisc.cloudlab.us,tencentBlock_17010,lru,10,1634,27,1,2,0.2055,0.72,10595454,16336.9984,1498518
node1.tardis-apia.ldos-ut-pg0.wisc.cloudlab.us,tencentBlock_17010,lru,10,1634,27,1,3,0.2055,0.71,10595454,16336.9984,1498518
node1.tardis-apia.ldos-ut-pg0.wisc.cloudlab.us,tencentBlock_17010,lruforgive,10,1634,27,1,1,0.2051,0.39,10595454,16336.9984,1498518
node1.tardis-apia.ldos-ut-pg0.wisc.cloudlab.us,tencentBlock_17010,lruforgive,10,1634,27,1,2,0.2051,0.40,10595454,16336.9984,1498518
node1.tardis-apia.ldos-ut-pg0.wisc.cloudlab.us,tencentBlock_17010,lruforgive,10,1634,27,1,3,0.2051,0.40,10595454,16336.9984,1498518
node1.tardis-apia.ldos-ut-pg0.wisc.cloudlab.us,tencentBlock_17010,s3fifo,10,1634,27,1,1,0.2207,0.78,10595454,16336.9984,1498518
node1.tardis-apia.ldos-ut-pg0.wisc.cloudlab.us,tencentBlock_17010,s3fifo,10,1634,27,1,2,0.2207,0.77,10595454,16336.9984,1498518
node1.tardis-apia.ldos-ut-pg0.wisc.cloudlab.us,tencentBlock_17010,s3fifo,10,1634,27,1,3,0.2207,0.77,10595454,16336.9984,1498518
node1.tardis-apia.ldos-ut-pg0.wisc.cloudlab.us,tencentBlock_17010,s3fifoforgive,10,1634,27,1,1,0.2207,0.44,10595454,16336.9984,1498518
node1.tardis-apia.ldos-ut-pg0.wisc.cloudlab.us,tencentBlock_17010,s3fifoforgive,10,1634,27,1,2,0.2207,0.45,10595454,16336.9984,1498518
node1.tardis-apia.ldos-ut-pg0.wisc.cloudlab.us,tencentBlock_17010,s3fifoforgive,10,1634,27,1,3,0.2207,0.45,10595454,16336.9984,1498518
node1.tardis-apia.ldos-ut-pg0.wisc.cloudlab.us,tencentBlock_17010,lru,0.1,16,20,1,1,0.5460,1.85,10595454,16336.9984,1498518
node1.tardis-apia.ldos-ut-pg0.wisc.cloudlab.us,tencentBlock_17010,lru,0.1,16,20,1,2,0.5460,1.85,10595454,16336.9984,1498518
node1.tardis-apia.ldos-ut-pg0.wisc.cloudlab.us,tencentBlock_17010,lru,0.1,16,20,1,3,0.5460,1.89,10595454,16336.9984,1498518
node1.tardis-apia.ldos-ut-pg0.wisc.cloudlab.us,tencentBlock_17010,lruforgive,0.1,16,20,1,1,0.4617,0.55,10595454,16336.9984,1498518
node1.tardis-apia.ldos-ut-pg0.wisc.cloudlab.us,tencentBlock_17010,lruforgive,0.1,16,20,1,2,0.4617,0.56,10595454,16336.9984,1498518
node1.tardis-apia.ldos-ut-pg0.wisc.cloudlab.us,tencentBlock_17010,lruforgive,0.1,16,20,1,3,0.4617,0.56,10595454,16336.9984,1498518
node1.tardis-apia.ldos-ut-pg0.wisc.cloudlab.us,tencentBlock_17010,s3fifo,0.1,16,20,1,1,0.4542,1.95,10595454,16336.9984,1498518
node1.tardis-apia.ldos-ut-pg0.wisc.cloudlab.us,tencentBlock_17010,s3fifo,0.1,16,20,1,2,0.4542,1.99,10595454,16336.9984,1498518
node1.tardis-apia.ldos-ut-pg0.wisc.cloudlab.us,tencentBlock_17010,s3fifo,0.1,16,20,1,3,0.4542,1.83,10595454,16336.9984,1498518
node1.tardis-apia.ldos-ut-pg0.wisc.cloudlab.us,tencentBlock_17010,s3fifoforgive,0.1,16,20,1,1,0.4491,0.95,10595454,16336.9984,1498518
node1.tardis-apia.ldos-ut-pg0.wisc.cloudlab.us,tencentBlock_17010,s3fifoforgive,0.1,16,20,1,2,0.4491,0.96,10595454,16336.9984,1498518
node1.tardis-apia.ldos-ut-pg0.wisc.cloudlab.us,tencentBlock_17010,s3fifoforgive,0.1,16,20,1,3,0.4491,0.97,10595454,16336.9984,1498518
node1.tardis-apia.ldos-ut-pg0.wisc.cloudlab.us,tencentBlock_17173,lru,10,1639,27,1,1,0.1967,0.73,10476499,16387.6864,1498340
node1.tardis-apia.ldos-ut-pg0.wisc.cloudlab.us,tencentBlock_17173,lru,10,1639,27,1,2,0.1967,0.74,10476499,16387.6864,1498340
node1.tardis-apia.ldos-ut-pg0.wisc.cloudlab.us,tencentBlock_17173,lru,10,1639,27,1,3,0.1967,0.73,10476499,16387.6864,1498340
node1.tardis-apia.ldos-ut-pg0.wisc.cloudlab.us,tencentBlock_17173,lruforgive,10,1639,27,1,1,0.1962,0.40,10476499,16387.6864,1498340
node1.tardis-apia.ldos-ut-pg0.wisc.cloudlab.us,tencentBlock_17173,lruforgive,10,1639,27,1,2,0.1962,0.40,10476499,16387.6864,1498340
node1.tardis-apia.ldos-ut-pg0.wisc.cloudlab.us,tencentBlock_17173,lruforgive,10,1639,27,1,3,0.1961,0.40,10476499,16387.6864,1498340
node1.tardis-apia.ldos-ut-pg0.wisc.cloudlab.us,tencentBlock_17173,s3fifo,10,1639,27,1,1,0.2111,0.79,10476499,16387.6864,1498340
node1.tardis-apia.ldos-ut-pg0.wisc.cloudlab.us,tencentBlock_17173,s3fifo,10,1639,27,1,2,0.2111,0.79,10476499,16387.6864,1498340
node1.tardis-apia.ldos-ut-pg0.wisc.cloudlab.us,tencentBlock_17173,s3fifo,10,1639,27,1,3,0.2111,0.79,10476499,16387.6864,1498340
node1.tardis-apia.ldos-ut-pg0.wisc.cloudlab.us,tencentBlock_17173,s3fifoforgive,10,1639,27,1,1,0.2110,0.45,10476499,16387.6864,1498340
node1.tardis-apia.ldos-ut-pg0.wisc.cloudlab.us,tencentBlock_17173,s3fifoforgive,10,1639,27,1,2,0.2111,0.45,10476499,16387.6864,1498340
node1.tardis-apia.ldos-ut-pg0.wisc.cloudlab.us,tencentBlock_17173,s3fifoforgive,10,1639,27,1,3,0.2110,0.45,10476499,16387.6864,1498340
node1.tardis-apia.ldos-ut-pg0.wisc.cloudlab.us,tencentBlock_17173,lru,0.1,16,20,1,1,0.6468,1.98,10476499,16387.6864,1498340
node1.tardis-apia.ldos-ut-pg0.wisc.cloudlab.us,tencentBlock_17173,lru,0.1,16,20,1,2,0.6468,2.03,10476499,16387.6864,1498340
node1.tardis-apia.ldos-ut-pg0.wisc.cloudlab.us,tencentBlock_17173,lru,0.1,16,20,1,3,0.6468,2.04,10476499,16387.6864,1498340
node1.tardis-apia.ldos-ut-pg0.wisc.cloudlab.us,tencentBlock_17173,lruforgive,0.1,16,20,1,1,0.5843,0.50,10476499,16387.6864,1498340
node1.tardis-apia.ldos-ut-pg0.wisc.cloudlab.us,tencentBlock_17173,lruforgive,0.1,16,20,1,2,0.5843,0.51,10476499,16387.6864,1498340
node1.tardis-apia.ldos-ut-pg0.wisc.cloudlab.us,tencentBlock_17173,lruforgive,0.1,16,20,1,3,0.5843,0.51,10476499,16387.6864,1498340
node1.tardis-apia.ldos-ut-pg0.wisc.cloudlab.us,tencentBlock_17173,s3fifo,0.1,16,20,1,1,0.5674,2.09,10476499,16387.6864,1498340
node1.tardis-apia.ldos-ut-pg0.wisc.cloudlab.us,tencentBlock_17173,s3fifo,0.1,16,20,1,2,0.5674,2.11,10476499,16387.6864,1498340
node1.tardis-apia.ldos-ut-pg0.wisc.cloudlab.us,tencentBlock_17173,s3fifo,0.1,16,20,1,3,0.5674,2.05,10476499,16387.6864,1498340
node1.tardis-apia.ldos-ut-pg0.wisc.cloudlab.us,tencentBlock_17173,s3fifoforgive,0.1,16,20,1,1,0.5499,1.06,10476499,16387.6864,1498340
node1.tardis-apia.ldos-ut-pg0.wisc.cloudlab.us,tencentBlock_17173,s3fifoforgive,0.1,16,20,1,2,0.5499,1.06,10476499,16387.6864,1498340
node1.tardis-apia.ldos-ut-pg0.wisc.cloudlab.us,tencentBlock_17173,s3fifoforgive,0.1,16,20,1,3,0.5499,1.06,10476499,16387.6864,1498340
node1.tardis-apia.ldos-ut-pg0.wisc.cloudlab.us,tencentBlock_1730,lru,10,204482,27,1,1,NA_TOOBIG,NA,NA,2044816.384,7810914
node1.tardis-apia.ldos-ut-pg0.wisc.cloudlab.us,tencentBlock_1730,lru,10,204482,27,1,2,NA_TOOBIG,NA,NA,2044816.384,7810914
node1.tardis-apia.ldos-ut-pg0.wisc.cloudlab.us,tencentBlock_1730,lru,10,204482,27,1,3,NA_TOOBIG,NA,NA,2044816.384,7810914
node1.tardis-apia.ldos-ut-pg0.wisc.cloudlab.us,tencentBlock_1730,lruforgive,10,204482,27,1,1,NA_TOOBIG,NA,NA,2044816.384,7810914
node1.tardis-apia.ldos-ut-pg0.wisc.cloudlab.us,tencentBlock_1730,lruforgive,10,204482,27,1,2,NA_TOOBIG,NA,NA,2044816.384,7810914
node1.tardis-apia.ldos-ut-pg0.wisc.cloudlab.us,tencentBlock_1730,lruforgive,10,204482,27,1,3,NA_TOOBIG,NA,NA,2044816.384,7810914
node1.tardis-apia.ldos-ut-pg0.wisc.cloudlab.us,tencentBlock_1730,s3fifo,10,204482,27,1,1,NA_TOOBIG,NA,NA,2044816.384,7810914
node1.tardis-apia.ldos-ut-pg0.wisc.cloudlab.us,tencentBlock_1730,s3fifo,10,204482,27,1,2,NA_TOOBIG,NA,NA,2044816.384,7810914
node1.tardis-apia.ldos-ut-pg0.wisc.cloudlab.us,tencentBlock_1730,s3fifo,10,204482,27,1,3,NA_TOOBIG,NA,NA,2044816.384,7810914
node1.tardis-apia.ldos-ut-pg0.wisc.cloudlab.us,tencentBlock_1730,s3fifoforgive,10,204482,27,1,1,NA_TOOBIG,NA,NA,2044816.384,7810914
node1.tardis-apia.ldos-ut-pg0.wisc.cloudlab.us,tencentBlock_1730,s3fifoforgive,10,204482,27,1,2,NA_TOOBIG,NA,NA,2044816.384,7810914
node1.tardis-apia.ldos-ut-pg0.wisc.cloudlab.us,tencentBlock_1730,s3fifoforgive,10,204482,27,1,3,NA_TOOBIG,NA,NA,2044816.384,7810914
node1.tardis-apia.ldos-ut-pg0.wisc.cloudlab.us,tencentBlock_1730,lru,0.1,2045,27,1,1,0.7589,0.11,129624109,2044816.384,7810914
node1.tardis-apia.ldos-ut-pg0.wisc.cloudlab.us,tencentBlock_1730,lru,0.1,2045,27,1,2,0.7589,0.11,129624109,2044816.384,7810914
node1.tardis-apia.ldos-ut-pg0.wisc.cloudlab.us,tencentBlock_1730,lru,0.1,2045,27,1,3,0.7589,0.11,129624109,2044816.384,7810914
node1.tardis-apia.ldos-ut-pg0.wisc.cloudlab.us,tencentBlock_1730,lruforgive,0.1,2045,27,1,1,0.7458,0.10,129624109,2044816.384,7810914
node1.tardis-apia.ldos-ut-pg0.wisc.cloudlab.us,tencentBlock_1730,lruforgive,0.1,2045,27,1,2,0.7458,0.10,129624109,2044816.384,7810914
node1.tardis-apia.ldos-ut-pg0.wisc.cloudlab.us,tencentBlock_1730,lruforgive,0.1,2045,27,1,3,0.7458,0.10,129624109,2044816.384,7810914
node1.tardis-apia.ldos-ut-pg0.wisc.cloudlab.us,tencentBlock_1730,s3fifo,0.1,2045,27,1,1,0.7318,0.13,129624109,2044816.384,7810914
node1.tardis-apia.ldos-ut-pg0.wisc.cloudlab.us,tencentBlock_1730,s3fifo,0.1,2045,27,1,2,0.7318,0.13,129624109,2044816.384,7810914
node1.tardis-apia.ldos-ut-pg0.wisc.cloudlab.us,tencentBlock_1730,s3fifo,0.1,2045,27,1,3,0.7318,0.13,129624109,2044816.384,7810914
node1.tardis-apia.ldos-ut-pg0.wisc.cloudlab.us,tencentBlock_1730,s3fifoforgive,0.1,2045,27,1,1,0.7233,0.11,129624109,2044816.384,7810914
node1.tardis-apia.ldos-ut-pg0.wisc.cloudlab.us,tencentBlock_1730,s3fifoforgive,0.1,2045,27,1,2,0.7233,0.12,129624109,2044816.384,7810914
node1.tardis-apia.ldos-ut-pg0.wisc.cloudlab.us,tencentBlock_1730,s3fifoforgive,0.1,2045,27,1,3,0.7233,0.11,129624109,2044816.384,7810914
node1.tardis-apia.ldos-ut-pg0.wisc.cloudlab.us,tencentBlock_17389,lru,10,2230,27,1,1,0.2343,0.65,15218992,22296.9856,1949633
node1.tardis-apia.ldos-ut-pg0.wisc.cloudlab.us,tencentBlock_17389,lru,10,2230,27,1,2,0.2343,0.65,15218992,22296.9856,1949633
node1.tardis-apia.ldos-ut-pg0.wisc.cloudlab.us,tencentBlock_17389,lru,10,2230,27,1,3,0.2343,0.64,15218992,22296.9856,1949633
node1.tardis-apia.ldos-ut-pg0.wisc.cloudlab.us,tencentBlock_17389,lruforgive,10,2230,27,1,1,0.2338,0.36,15218992,22296.9856,1949633
node1.tardis-apia.ldos-ut-pg0.wisc.cloudlab.us,tencentBlock_17389,lruforgive,10,2230,27,1,2,0.2338,0.37,15218992,22296.9856,1949633
node1.tardis-apia.ldos-ut-pg0.wisc.cloudlab.us,tencentBlock_17389,lruforgive,10,2230,27,1,3,0.2338,0.36,15218992,22296.9856,1949633
node1.tardis-apia.ldos-ut-pg0.wisc.cloudlab.us,tencentBlock_17389,s3fifo,10,2230,27,1,1,0.2453,0.70,15218992,22296.9856,1949633
node1.tardis-apia.ldos-ut-pg0.wisc.cloudlab.us,tencentBlock_17389,s3fifo,10,2230,27,1,2,0.2453,0.71,15218992,22296.9856,1949633
node1.tardis-apia.ldos-ut-pg0.wisc.cloudlab.us,tencentBlock_17389,s3fifo,10,2230,27,1,3,0.2453,0.71,15218992,22296.9856,1949633
node1.tardis-apia.ldos-ut-pg0.wisc.cloudlab.us,tencentBlock_17389,s3fifoforgive,10,2230,27,1,1,0.2453,0.41,15218992,22296.9856,1949633
node1.tardis-apia.ldos-ut-pg0.wisc.cloudlab.us,tencentBlock_17389,s3fifoforgive,10,2230,27,1,2,0.2453,0.41,15218992,22296.9856,1949633
node1.tardis-apia.ldos-ut-pg0.wisc.cloudlab.us,tencentBlock_17389,s3fifoforgive,10,2230,27,1,3,0.2453,0.41,15218992,22296.9856,1949633
node1.tardis-apia.ldos-ut-pg0.wisc.cloudlab.us,tencentBlock_17389,lru,0.1,22,20,1,1,0.5940,1.83,15218992,22296.9856,1949633
node1.tardis-apia.ldos-ut-pg0.wisc.cloudlab.us,tencentBlock_17389,lru,0.1,22,20,1,2,0.5940,1.85,15218992,22296.9856,1949633
node1.tardis-apia.ldos-ut-pg0.wisc.cloudlab.us,tencentBlock_17389,lru,0.1,22,20,1,3,0.5940,1.88,15218992,22296.9856,1949633
node1.tardis-apia.ldos-ut-pg0.wisc.cloudlab.us,tencentBlock_17389,lruforgive,0.1,22,20,1,1,0.5432,0.61,15218992,22296.9856,1949633
node1.tardis-apia.ldos-ut-pg0.wisc.cloudlab.us,tencentBlock_17389,lruforgive,0.1,22,20,1,2,0.5432,0.61,15218992,22296.9856,1949633
node1.tardis-apia.ldos-ut-pg0.wisc.cloudlab.us,tencentBlock_17389,lruforgive,0.1,22,20,1,3,0.5432,0.62,15218992,22296.9856,1949633
node1.tardis-apia.ldos-ut-pg0.wisc.cloudlab.us,tencentBlock_17389,s3fifo,0.1,22,20,1,1,0.5376,1.92,15218992,22296.9856,1949633
node1.tardis-apia.ldos-ut-pg0.wisc.cloudlab.us,tencentBlock_17389,s3fifo,0.1,22,20,1,2,0.5376,1.94,15218992,22296.9856,1949633
node1.tardis-apia.ldos-ut-pg0.wisc.cloudlab.us,tencentBlock_17389,s3fifo,0.1,22,20,1,3,0.5376,1.94,15218992,22296.9856,1949633
node1.tardis-apia.ldos-ut-pg0.wisc.cloudlab.us,tencentBlock_17389,s3fifoforgive,0.1,22,20,1,1,0.5293,0.98,15218992,22296.9856,1949633
node1.tardis-apia.ldos-ut-pg0.wisc.cloudlab.us,tencentBlock_17389,s3fifoforgive,0.1,22,20,1,2,0.5293,0.99,15218992,22296.9856,1949633
node1.tardis-apia.ldos-ut-pg0.wisc.cloudlab.us,tencentBlock_17389,s3fifoforgive,0.1,22,20,1,3,0.5293,1.00,15218992,22296.9856,1949633
node1.tardis-apia.ldos-ut-pg0.wisc.cloudlab.us,tencentBlock_17393,lru,10,3948,27,1,1,0.3661,0.30,6638026,39478.6816,1184934
node1.tardis-apia.ldos-ut-pg0.wisc.cloudlab.us,tencentBlock_17393,lru,10,3948,27,1,2,0.3660,0.30,6638026,39478.6816,1184934
node1.tardis-apia.ldos-ut-pg0.wisc.cloudlab.us,tencentBlock_17393,lru,10,3948,27,1,3,0.3660,0.30,6638026,39478.6816,1184934
node1.tardis-apia.ldos-ut-pg0.wisc.cloudlab.us,tencentBlock_17393,lruforgive,10,3948,27,1,1,0.3658,0.26,6638026,39478.6816,1184934
node1.tardis-apia.ldos-ut-pg0.wisc.cloudlab.us,tencentBlock_17393,lruforgive,10,3948,27,1,2,0.3658,0.26,6638026,39478.6816,1184934
node1.tardis-apia.ldos-ut-pg0.wisc.cloudlab.us,tencentBlock_17393,lruforgive,10,3948,27,1,3,0.3658,0.26,6638026,39478.6816,1184934
node1.tardis-apia.ldos-ut-pg0.wisc.cloudlab.us,tencentBlock_17393,s3fifo,10,3948,27,1,1,0.3464,0.35,6638026,39478.6816,1184934
node1.tardis-apia.ldos-ut-pg0.wisc.cloudlab.us,tencentBlock_17393,s3fifo,10,3948,27,1,2,0.3464,0.35,6638026,39478.6816,1184934
node1.tardis-apia.ldos-ut-pg0.wisc.cloudlab.us,tencentBlock_17393,s3fifo,10,3948,27,1,3,0.3464,0.35,6638026,39478.6816,1184934
node1.tardis-apia.ldos-ut-pg0.wisc.cloudlab.us,tencentBlock_17393,s3fifoforgive,10,3948,27,1,1,0.3464,0.29,6638026,39478.6816,1184934
node1.tardis-apia.ldos-ut-pg0.wisc.cloudlab.us,tencentBlock_17393,s3fifoforgive,10,3948,27,1,2,0.3465,0.29,6638026,39478.6816,1184934
node1.tardis-apia.ldos-ut-pg0.wisc.cloudlab.us,tencentBlock_17393,s3fifoforgive,10,3948,27,1,3,0.3464,0.29,6638026,39478.6816,1184934
node1.tardis-apia.ldos-ut-pg0.wisc.cloudlab.us,tencentBlock_17393,lru,0.1,39,21,1,1,0.6143,1.37,6638026,39478.6816,1184934
node1.tardis-apia.ldos-ut-pg0.wisc.cloudlab.us,tencentBlock_17393,lru,0.1,39,21,1,2,0.6143,1.35,6638026,39478.6816,1184934
node1.tardis-apia.ldos-ut-pg0.wisc.cloudlab.us,tencentBlock_17393,lru,0.1,39,21,1,3,0.6143,1.35,6638026,39478.6816,1184934
node1.tardis-apia.ldos-ut-pg0.wisc.cloudlab.us,tencentBlock_17393,lruforgive,0.1,39,21,1,1,0.5894,0.70,6638026,39478.6816,1184934
node1.tardis-apia.ldos-ut-pg0.wisc.cloudlab.us,tencentBlock_17393,lruforgive,0.1,39,21,1,2,0.5894,0.71,6638026,39478.6816,1184934
node1.tardis-apia.ldos-ut-pg0.wisc.cloudlab.us,tencentBlock_17393,lruforgive,0.1,39,21,1,3,0.5894,0.71,6638026,39478.6816,1184934
node1.tardis-apia.ldos-ut-pg0.wisc.cloudlab.us,tencentBlock_17393,s3fifo,0.1,39,21,1,1,0.5832,1.59,6638026,39478.6816,1184934
node1.tardis-apia.ldos-ut-pg0.wisc.cloudlab.us,tencentBlock_17393,s3fifo,0.1,39,21,1,2,0.5832,1.58,6638026,39478.6816,1184934
node1.tardis-apia.ldos-ut-pg0.wisc.cloudlab.us,tencentBlock_17393,s3fifo,0.1,39,21,1,3,0.5832,1.64,6638026,39478.6816,1184934
node1.tardis-apia.ldos-ut-pg0.wisc.cloudlab.us,tencentBlock_17393,s3fifoforgive,0.1,39,21,1,1,0.5815,0.95,6638026,39478.6816,1184934
node1.tardis-apia.ldos-ut-pg0.wisc.cloudlab.us,tencentBlock_17393,s3fifoforgive,0.1,39,21,1,2,0.5815,0.95,6638026,39478.6816,1184934
node1.tardis-apia.ldos-ut-pg0.wisc.cloudlab.us,tencentBlock_17393,s3fifoforgive,0.1,39,21,1,3,0.5815,0.94,6638026,39478.6816,1184934
node1.tardis-apia.ldos-ut-pg0.wisc.cloudlab.us,tencentBlock_17513,lru,10,2673,27,1,1,0.2859,0.41,52688824,26726.7072,2077333
node1.tardis-apia.ldos-ut-pg0.wisc.cloudlab.us,tencentBlock_17513,lru,10,2673,27,1,2,0.2859,0.42,52688824,26726.7072,2077333
node1.tardis-apia.ldos-ut-pg0.wisc.cloudlab.us,tencentBlock_17513,lru,10,2673,27,1,3,0.2859,0.42,52688824,26726.7072,2077333
node1.tardis-apia.ldos-ut-pg0.wisc.cloudlab.us,tencentBlock_17513,lruforgive,10,2673,27,1,1,0.2839,0.23,52688824,26726.7072,2077333
node1.tardis-apia.ldos-ut-pg0.wisc.cloudlab.us,tencentBlock_17513,lruforgive,10,2673,27,1,2,0.2839,0.24,52688824,26726.7072,2077333
node1.tardis-apia.ldos-ut-pg0.wisc.cloudlab.us,tencentBlock_17513,lruforgive,10,2673,27,1,3,0.2839,0.24,52688824,26726.7072,2077333
node1.tardis-apia.ldos-ut-pg0.wisc.cloudlab.us,tencentBlock_17513,s3fifo,10,2673,27,1,1,0.2782,0.46,52688824,26726.7072,2077333
node1.tardis-apia.ldos-ut-pg0.wisc.cloudlab.us,tencentBlock_17513,s3fifo,10,2673,27,1,2,0.2782,0.46,52688824,26726.7072,2077333
node1.tardis-apia.ldos-ut-pg0.wisc.cloudlab.us,tencentBlock_17513,s3fifo,10,2673,27,1,3,0.2782,0.46,52688824,26726.7072,2077333
node1.tardis-apia.ldos-ut-pg0.wisc.cloudlab.us,tencentBlock_17513,s3fifoforgive,10,2673,27,1,1,0.2776,0.27,52688824,26726.7072,2077333
node1.tardis-apia.ldos-ut-pg0.wisc.cloudlab.us,tencentBlock_17513,s3fifoforgive,10,2673,27,1,2,0.2776,0.27,52688824,26726.7072,2077333
node1.tardis-apia.ldos-ut-pg0.wisc.cloudlab.us,tencentBlock_17513,s3fifoforgive,10,2673,27,1,3,0.2776,0.27,52688824,26726.7072,2077333
node1.tardis-apia.ldos-ut-pg0.wisc.cloudlab.us,tencentBlock_17513,lru,0.1,27,21,1,1,0.8463,1.95,52688824,26726.7072,2077333
node1.tardis-apia.ldos-ut-pg0.wisc.cloudlab.us,tencentBlock_17513,lru,0.1,27,21,1,2,0.8463,1.97,52688824,26726.7072,2077333
node1.tardis-apia.ldos-ut-pg0.wisc.cloudlab.us,tencentBlock_17513,lru,0.1,27,21,1,3,0.8463,1.98,52688824,26726.7072,2077333
node1.tardis-apia.ldos-ut-pg0.wisc.cloudlab.us,tencentBlock_17513,lruforgive,0.1,27,21,1,1,0.8445,1.12,52688824,26726.7072,2077333
node1.tardis-apia.ldos-ut-pg0.wisc.cloudlab.us,tencentBlock_17513,lruforgive,0.1,27,21,1,2,0.8445,1.09,52688824,26726.7072,2077333
node1.tardis-apia.ldos-ut-pg0.wisc.cloudlab.us,tencentBlock_17513,lruforgive,0.1,27,21,1,3,0.8445,1.12,52688824,26726.7072,2077333
node1.tardis-apia.ldos-ut-pg0.wisc.cloudlab.us,tencentBlock_17513,s3fifo,0.1,27,21,1,1,0.8653,1.96,52688824,26726.7072,2077333
node1.tardis-apia.ldos-ut-pg0.wisc.cloudlab.us,tencentBlock_17513,s3fifo,0.1,27,21,1,2,0.8653,1.99,52688824,26726.7072,2077333
node1.tardis-apia.ldos-ut-pg0.wisc.cloudlab.us,tencentBlock_17513,s3fifo,0.1,27,21,1,3,0.8653,1.99,52688824,26726.7072,2077333
node1.tardis-apia.ldos-ut-pg0.wisc.cloudlab.us,tencentBlock_17513,s3fifoforgive,0.1,27,21,1,1,0.8634,1.33,52688824,26726.7072,2077333
node1.tardis-apia.ldos-ut-pg0.wisc.cloudlab.us,tencentBlock_17513,s3fifoforgive,0.1,27,21,1,2,0.8634,1.38,52688824,26726.7072,2077333
node1.tardis-apia.ldos-ut-pg0.wisc.cloudlab.us,tencentBlock_17513,s3fifoforgive,0.1,27,21,1,3,0.8634,1.38,52688824,26726.7072,2077333
node1.tardis-apia.ldos-ut-pg0.wisc.cloudlab.us,tencentBlock_1757,lru,10,2016,27,1,1,0.2503,0.68,15848476,20158.464,1351578
node1.tardis-apia.ldos-ut-pg0.wisc.cloudlab.us,tencentBlock_1757,lru,10,2016,27,1,2,0.2503,0.69,15848476,20158.464,1351578
node1.tardis-apia.ldos-ut-pg0.wisc.cloudlab.us,tencentBlock_1757,lru,10,2016,27,1,3,0.2503,0.69,15848476,20158.464,1351578
node1.tardis-apia.ldos-ut-pg0.wisc.cloudlab.us,tencentBlock_1757,lruforgive,10,2016,27,1,1,0.2495,0.47,15848476,20158.464,1351578
node1.tardis-apia.ldos-ut-pg0.wisc.cloudlab.us,tencentBlock_1757,lruforgive,10,2016,27,1,2,0.2495,0.48,15848476,20158.464,1351578
node1.tardis-apia.ldos-ut-pg0.wisc.cloudlab.us,tencentBlock_1757,lruforgive,10,2016,27,1,3,0.2495,0.48,15848476,20158.464,1351578
node1.tardis-apia.ldos-ut-pg0.wisc.cloudlab.us,tencentBlock_1757,s3fifo,10,2016,27,1,1,0.2514,0.88,15848476,20158.464,1351578
node1.tardis-apia.ldos-ut-pg0.wisc.cloudlab.us,tencentBlock_1757,s3fifo,10,2016,27,1,2,0.2514,0.88,15848476,20158.464,1351578
node1.tardis-apia.ldos-ut-pg0.wisc.cloudlab.us,tencentBlock_1757,s3fifo,10,2016,27,1,3,0.2514,0.87,15848476,20158.464,1351578
node1.tardis-apia.ldos-ut-pg0.wisc.cloudlab.us,tencentBlock_1757,s3fifoforgive,10,2016,27,1,1,0.2511,0.52,15848476,20158.464,1351578
node1.tardis-apia.ldos-ut-pg0.wisc.cloudlab.us,tencentBlock_1757,s3fifoforgive,10,2016,27,1,2,0.2511,0.53,15848476,20158.464,1351578
node1.tardis-apia.ldos-ut-pg0.wisc.cloudlab.us,tencentBlock_1757,s3fifoforgive,10,2016,27,1,3,0.2511,0.53,15848476,20158.464,1351578
node1.tardis-apia.ldos-ut-pg0.wisc.cloudlab.us,tencentBlock_1757,lru,0.1,20,20,1,1,0.9639,3.69,15848476,20158.464,1351578
node1.tardis-apia.ldos-ut-pg0.wisc.cloudlab.us,tencentBlock_1757,lru,0.1,20,20,1,2,0.9639,3.65,15848476,20158.464,1351578
node1.tardis-apia.ldos-ut-pg0.wisc.cloudlab.us,tencentBlock_1757,lru,0.1,20,20,1,3,0.9639,3.69,15848476,20158.464,1351578
node1.tardis-apia.ldos-ut-pg0.wisc.cloudlab.us,tencentBlock_1757,lruforgive,0.1,20,20,1,1,0.9489,2.49,15848476,20158.464,1351578
node1.tardis-apia.ldos-ut-pg0.wisc.cloudlab.us,tencentBlock_1757,lruforgive,0.1,20,20,1,2,0.9489,2.52,15848476,20158.464,1351578
node1.tardis-apia.ldos-ut-pg0.wisc.cloudlab.us,tencentBlock_1757,lruforgive,0.1,20,20,1,3,0.9489,2.53,15848476,20158.464,1351578
node1.tardis-apia.ldos-ut-pg0.wisc.cloudlab.us,tencentBlock_1757,s3fifo,0.1,20,20,1,1,0.9480,4.36,15848476,20158.464,1351578
node1.tardis-apia.ldos-ut-pg0.wisc.cloudlab.us,tencentBlock_1757,s3fifo,0.1,20,20,1,2,0.9480,4.25,15848476,20158.464,1351578
node1.tardis-apia.ldos-ut-pg0.wisc.cloudlab.us,tencentBlock_1757,s3fifo,0.1,20,20,1,3,0.9480,4.28,15848476,20158.464,1351578
node1.tardis-apia.ldos-ut-pg0.wisc.cloudlab.us,tencentBlock_1757,s3fifoforgive,0.1,20,20,1,1,0.9391,3.45,15848476,20158.464,1351578
node1.tardis-apia.ldos-ut-pg0.wisc.cloudlab.us,tencentBlock_1757,s3fifoforgive,0.1,20,20,1,2,0.9391,3.46,15848476,20158.464,1351578
node1.tardis-apia.ldos-ut-pg0.wisc.cloudlab.us,tencentBlock_1757,s3fifoforgive,0.1,20,20,1,3,0.9391,3.38,15848476,20158.464,1351578
node1.tardis-apia.ldos-ut-pg0.wisc.cloudlab.us,tencentBlock_17644,lru,10,2597,27,1,1,0.3007,0.59,31330053,25969.2544,2597724
node1.tardis-apia.ldos-ut-pg0.wisc.cloudlab.us,tencentBlock_17644,lru,10,2597,27,1,2,0.3007,0.59,31330053,25969.2544,2597724
node1.tardis-apia.ldos-ut-pg0.wisc.cloudlab.us,tencentBlock_17644,lru,10,2597,27,1,3,0.3007,0.59,31330053,25969.2544,2597724
node1.tardis-apia.ldos-ut-pg0.wisc.cloudlab.us,tencentBlock_17644,lruforgive,10,2597,27,1,1,0.2985,0.30,31330053,25969.2544,2597724
node1.tardis-apia.ldos-ut-pg0.wisc.cloudlab.us,tencentBlock_17644,lruforgive,10,2597,27,1,2,0.2985,0.31,31330053,25969.2544,2597724
node1.tardis-apia.ldos-ut-pg0.wisc.cloudlab.us,tencentBlock_17644,lruforgive,10,2597,27,1,3,0.2985,0.31,31330053,25969.2544,2597724
node1.tardis-apia.ldos-ut-pg0.wisc.cloudlab.us,tencentBlock_17644,s3fifo,10,2597,27,1,1,0.2837,0.61,31330053,25969.2544,2597724
node1.tardis-apia.ldos-ut-pg0.wisc.cloudlab.us,tencentBlock_17644,s3fifo,10,2597,27,1,2,0.2837,0.61,31330053,25969.2544,2597724
node1.tardis-apia.ldos-ut-pg0.wisc.cloudlab.us,tencentBlock_17644,s3fifo,10,2597,27,1,3,0.2837,0.61,31330053,25969.2544,2597724
node1.tardis-apia.ldos-ut-pg0.wisc.cloudlab.us,tencentBlock_17644,s3fifoforgive,10,2597,27,1,1,0.2836,0.34,31330053,25969.2544,2597724
node1.tardis-apia.ldos-ut-pg0.wisc.cloudlab.us,tencentBlock_17644,s3fifoforgive,10,2597,27,1,2,0.2836,0.34,31330053,25969.2544,2597724
node1.tardis-apia.ldos-ut-pg0.wisc.cloudlab.us,tencentBlock_17644,s3fifoforgive,10,2597,27,1,3,0.2836,0.34,31330053,25969.2544,2597724
node1.tardis-apia.ldos-ut-pg0.wisc.cloudlab.us,tencentBlock_17644,lru,0.1,26,21,1,1,0.7959,1.99,31330053,25969.2544,2597724
node1.tardis-apia.ldos-ut-pg0.wisc.cloudlab.us,tencentBlock_17644,lru,0.1,26,21,1,2,0.7959,1.97,31330053,25969.2544,2597724
node1.tardis-apia.ldos-ut-pg0.wisc.cloudlab.us,tencentBlock_17644,lru,0.1,26,21,1,3,0.7959,1.98,31330053,25969.2544,2597724
node1.tardis-apia.ldos-ut-pg0.wisc.cloudlab.us,tencentBlock_17644,lruforgive,0.1,26,21,1,1,0.7845,1.07,31330053,25969.2544,2597724
node1.tardis-apia.ldos-ut-pg0.wisc.cloudlab.us,tencentBlock_17644,lruforgive,0.1,26,21,1,2,0.7845,1.07,31330053,25969.2544,2597724
node1.tardis-apia.ldos-ut-pg0.wisc.cloudlab.us,tencentBlock_17644,lruforgive,0.1,26,21,1,3,0.7845,1.07,31330053,25969.2544,2597724
node1.tardis-apia.ldos-ut-pg0.wisc.cloudlab.us,tencentBlock_17644,s3fifo,0.1,26,21,1,1,0.8180,1.99,31330053,25969.2544,2597724
node1.tardis-apia.ldos-ut-pg0.wisc.cloudlab.us,tencentBlock_17644,s3fifo,0.1,26,21,1,2,0.8180,2.01,31330053,25969.2544,2597724
node1.tardis-apia.ldos-ut-pg0.wisc.cloudlab.us,tencentBlock_17644,s3fifo,0.1,26,21,1,3,0.8180,2.01,31330053,25969.2544,2597724
node1.tardis-apia.ldos-ut-pg0.wisc.cloudlab.us,tencentBlock_17644,s3fifoforgive,0.1,26,21,1,1,0.8147,1.35,31330053,25969.2544,2597724
node1.tardis-apia.ldos-ut-pg0.wisc.cloudlab.us,tencentBlock_17644,s3fifoforgive,0.1,26,21,1,2,0.8147,1.34,31330053,25969.2544,2597724
node1.tardis-apia.ldos-ut-pg0.wisc.cloudlab.us,tencentBlock_17644,s3fifoforgive,0.1,26,21,1,3,0.8147,1.35,31330053,25969.2544,2597724
node1.tardis-apia.ldos-ut-pg0.wisc.cloudlab.us,tencentBlock_17742,lru,10,9037,27,1,1,0.7050,0.10,3126025,90365.44,1236909
node1.tardis-apia.ldos-ut-pg0.wisc.cloudlab.us,tencentBlock_17742,lru,10,9037,27,1,2,0.7050,0.10,3126025,90365.44,1236909
node1.tardis-apia.ldos-ut-pg0.wisc.cloudlab.us,tencentBlock_17742,lru,10,9037,27,1,3,0.7050,0.10,3126025,90365.44,1236909
node1.tardis-apia.ldos-ut-pg0.wisc.cloudlab.us,tencentBlock_17742,lruforgive,10,9037,27,1,1,0.7037,0.11,3126025,90365.44,1236909
node1.tardis-apia.ldos-ut-pg0.wisc.cloudlab.us,tencentBlock_17742,lruforgive,10,9037,27,1,2,0.7037,0.11,3126025,90365.44,1236909
node1.tardis-apia.ldos-ut-pg0.wisc.cloudlab.us,tencentBlock_17742,lruforgive,10,9037,27,1,3,0.7037,0.11,3126025,90365.44,1236909
node1.tardis-apia.ldos-ut-pg0.wisc.cloudlab.us,tencentBlock_17742,s3fifo,10,9037,27,1,1,0.6869,0.11,3126025,90365.44,1236909
node1.tardis-apia.ldos-ut-pg0.wisc.cloudlab.us,tencentBlock_17742,s3fifo,10,9037,27,1,2,0.6869,0.11,3126025,90365.44,1236909
node1.tardis-apia.ldos-ut-pg0.wisc.cloudlab.us,tencentBlock_17742,s3fifo,10,9037,27,1,3,0.6869,0.11,3126025,90365.44,1236909
node1.tardis-apia.ldos-ut-pg0.wisc.cloudlab.us,tencentBlock_17742,s3fifoforgive,10,9037,27,1,1,0.6869,0.11,3126025,90365.44,1236909
node1.tardis-apia.ldos-ut-pg0.wisc.cloudlab.us,tencentBlock_17742,s3fifoforgive,10,9037,27,1,2,0.6869,0.11,3126025,90365.44,1236909
node1.tardis-apia.ldos-ut-pg0.wisc.cloudlab.us,tencentBlock_17742,s3fifoforgive,10,9037,27,1,3,0.6869,0.11,3126025,90365.44,1236909
node1.tardis-apia.ldos-ut-pg0.wisc.cloudlab.us,tencentBlock_17742,lru,0.1,90,22,1,1,0.7990,0.20,3126025,90365.44,1236909
node1.tardis-apia.ldos-ut-pg0.wisc.cloudlab.us,tencentBlock_17742,lru,0.1,90,22,1,2,0.7990,0.20,3126025,90365.44,1236909
node1.tardis-apia.ldos-ut-pg0.wisc.cloudlab.us,tencentBlock_17742,lru,0.1,90,22,1,3,0.7990,0.20,3126025,90365.44,1236909
node1.tardis-apia.ldos-ut-pg0.wisc.cloudlab.us,tencentBlock_17742,lruforgive,0.1,90,22,1,1,0.7959,0.18,3126025,90365.44,1236909
node1.tardis-apia.ldos-ut-pg0.wisc.cloudlab.us,tencentBlock_17742,lruforgive,0.1,90,22,1,2,0.7959,0.18,3126025,90365.44,1236909
node1.tardis-apia.ldos-ut-pg0.wisc.cloudlab.us,tencentBlock_17742,lruforgive,0.1,90,22,1,3,0.7958,0.18,3126025,90365.44,1236909
node1.tardis-apia.ldos-ut-pg0.wisc.cloudlab.us,tencentBlock_17742,s3fifo,0.1,90,22,1,1,0.7969,0.20,3126025,90365.44,1236909
node1.tardis-apia.ldos-ut-pg0.wisc.cloudlab.us,tencentBlock_17742,s3fifo,0.1,90,22,1,2,0.7969,0.20,3126025,90365.44,1236909
node1.tardis-apia.ldos-ut-pg0.wisc.cloudlab.us,tencentBlock_17742,s3fifo,0.1,90,22,1,3,0.7969,0.20,3126025,90365.44,1236909
node1.tardis-apia.ldos-ut-pg0.wisc.cloudlab.us,tencentBlock_17742,s3fifoforgive,0.1,90,22,1,1,0.7968,0.19,3126025,90365.44,1236909
node1.tardis-apia.ldos-ut-pg0.wisc.cloudlab.us,tencentBlock_17742,s3fifoforgive,0.1,90,22,1,2,0.7968,0.19,3126025,90365.44,1236909
node1.tardis-apia.ldos-ut-pg0.wisc.cloudlab.us,tencentBlock_17742,s3fifoforgive,0.1,90,22,1,3,0.7968,0.19,3126025,90365.44,1236909
node1.tardis-apia.ldos-ut-pg0.wisc.cloudlab.us,tencentBlock_17792,lru,10,89269,27,1,1,0.6165,0.02,4939171,892691.456,2993929
node1.tardis-apia.ldos-ut-pg0.wisc.cloudlab.us,tencentBlock_17792,lru,10,89269,27,1,2,0.6165,0.02,4939171,892691.456,2993929
node1.tardis-apia.ldos-ut-pg0.wisc.cloudlab.us,tencentBlock_17792,lru,10,89269,27,1,3,0.6165,0.02,4939171,892691.456,2993929
node1.tardis-apia.ldos-ut-pg0.wisc.cloudlab.us,tencentBlock_17792,lruforgive,10,89269,27,1,1,0.6164,0.02,4939171,892691.456,2993929
node1.tardis-apia.ldos-ut-pg0.wisc.cloudlab.us,tencentBlock_17792,lruforgive,10,89269,27,1,2,0.6164,0.02,4939171,892691.456,2993929
node1.tardis-apia.ldos-ut-pg0.wisc.cloudlab.us,tencentBlock_17792,lruforgive,10,89269,27,1,3,0.6164,0.02,4939171,892691.456,2993929
node1.tardis-apia.ldos-ut-pg0.wisc.cloudlab.us,tencentBlock_17792,s3fifo,10,89269,27,1,1,0.6188,0.02,4939171,892691.456,2993929
node1.tardis-apia.ldos-ut-pg0.wisc.cloudlab.us,tencentBlock_17792,s3fifo,10,89269,27,1,2,0.6188,0.02,4939171,892691.456,2993929
node1.tardis-apia.ldos-ut-pg0.wisc.cloudlab.us,tencentBlock_17792,s3fifo,10,89269,27,1,3,0.6188,0.02,4939171,892691.456,2993929
node1.tardis-apia.ldos-ut-pg0.wisc.cloudlab.us,tencentBlock_17792,s3fifoforgive,10,89269,27,1,1,0.6188,0.02,4939171,892691.456,2993929
node1.tardis-apia.ldos-ut-pg0.wisc.cloudlab.us,tencentBlock_17792,s3fifoforgive,10,89269,27,1,2,0.6188,0.02,4939171,892691.456,2993929
node1.tardis-apia.ldos-ut-pg0.wisc.cloudlab.us,tencentBlock_17792,s3fifoforgive,10,89269,27,1,3,0.6188,0.02,4939171,892691.456,2993929
node1.tardis-apia.ldos-ut-pg0.wisc.cloudlab.us,tencentBlock_17792,lru,0.1,893,26,1,1,0.7965,0.04,4939171,892691.456,2993929
node1.tardis-apia.ldos-ut-pg0.wisc.cloudlab.us,tencentBlock_17792,lru,0.1,893,26,1,2,0.7965,0.04,4939171,892691.456,2993929
node1.tardis-apia.ldos-ut-pg0.wisc.cloudlab.us,tencentBlock_17792,lru,0.1,893,26,1,3,0.7965,0.04,4939171,892691.456,2993929
node1.tardis-apia.ldos-ut-pg0.wisc.cloudlab.us,tencentBlock_17792,lruforgive,0.1,893,26,1,1,0.7919,0.04,4939171,892691.456,2993929
node1.tardis-apia.ldos-ut-pg0.wisc.cloudlab.us,tencentBlock_17792,lruforgive,0.1,893,26,1,2,0.7919,0.04,4939171,892691.456,2993929
node1.tardis-apia.ldos-ut-pg0.wisc.cloudlab.us,tencentBlock_17792,lruforgive,0.1,893,26,1,3,0.7919,0.04,4939171,892691.456,2993929
node1.tardis-apia.ldos-ut-pg0.wisc.cloudlab.us,tencentBlock_17792,s3fifo,0.1,893,26,1,1,0.7781,0.04,4939171,892691.456,2993929
node1.tardis-apia.ldos-ut-pg0.wisc.cloudlab.us,tencentBlock_17792,s3fifo,0.1,893,26,1,2,0.7781,0.04,4939171,892691.456,2993929
node1.tardis-apia.ldos-ut-pg0.wisc.cloudlab.us,tencentBlock_17792,s3fifo,0.1,893,26,1,3,0.7781,0.04,4939171,892691.456,2993929
node1.tardis-apia.ldos-ut-pg0.wisc.cloudlab.us,tencentBlock_17792,s3fifoforgive,0.1,893,26,1,1,0.7774,0.04,4939171,892691.456,2993929
node1.tardis-apia.ldos-ut-pg0.wisc.cloudlab.us,tencentBlock_17792,s3fifoforgive,0.1,893,26,1,2,0.7774,0.04,4939171,892691.456,2993929
node1.tardis-apia.ldos-ut-pg0.wisc.cloudlab.us,tencentBlock_17792,s3fifoforgive,0.1,893,26,1,3,0.7774,0.04,4939171,892691.456,2993929
node1.tardis-apia.ldos-ut-pg0.wisc.cloudlab.us,tencentBlock_17837,lru,10,3143,27,1,1,0.2859,0.42,60329542,31431.3728,2311593
node1.tardis-apia.ldos-ut-pg0.wisc.cloudlab.us,tencentBlock_17837,lru,10,3143,27,1,2,0.2859,0.42,60329542,31431.3728,2311593
node1.tardis-apia.ldos-ut-pg0.wisc.cloudlab.us,tencentBlock_17837,lru,10,3143,27,1,3,0.2859,0.42,60329542,31431.3728,2311593
node1.tardis-apia.ldos-ut-pg0.wisc.cloudlab.us,tencentBlock_17837,lruforgive,10,3143,27,1,1,0.2841,0.24,60329542,31431.3728,2311593
node1.tardis-apia.ldos-ut-pg0.wisc.cloudlab.us,tencentBlock_17837,lruforgive,10,3143,27,1,2,0.2841,0.24,60329542,31431.3728,2311593
node1.tardis-apia.ldos-ut-pg0.wisc.cloudlab.us,tencentBlock_17837,lruforgive,10,3143,27,1,3,0.2841,0.24,60329542,31431.3728,2311593
node1.tardis-apia.ldos-ut-pg0.wisc.cloudlab.us,tencentBlock_17837,s3fifo,10,3143,27,1,1,0.2736,0.43,60329542,31431.3728,2311593
node1.tardis-apia.ldos-ut-pg0.wisc.cloudlab.us,tencentBlock_17837,s3fifo,10,3143,27,1,2,0.2736,0.43,60329542,31431.3728,2311593
node1.tardis-apia.ldos-ut-pg0.wisc.cloudlab.us,tencentBlock_17837,s3fifo,10,3143,27,1,3,0.2736,0.42,60329542,31431.3728,2311593
node1.tardis-apia.ldos-ut-pg0.wisc.cloudlab.us,tencentBlock_17837,s3fifoforgive,10,3143,27,1,1,0.2734,0.26,60329542,31431.3728,2311593
node1.tardis-apia.ldos-ut-pg0.wisc.cloudlab.us,tencentBlock_17837,s3fifoforgive,10,3143,27,1,2,0.2734,0.26,60329542,31431.3728,2311593
node1.tardis-apia.ldos-ut-pg0.wisc.cloudlab.us,tencentBlock_17837,s3fifoforgive,10,3143,27,1,3,0.2734,0.26,60329542,31431.3728,2311593
node1.tardis-apia.ldos-ut-pg0.wisc.cloudlab.us,tencentBlock_17837,lru,0.1,31,21,1,1,0.8330,1.84,60329542,31431.3728,2311593
node1.tardis-apia.ldos-ut-pg0.wisc.cloudlab.us,tencentBlock_17837,lru,0.1,31,21,1,2,0.8330,1.86,60329542,31431.3728,2311593
node1.tardis-apia.ldos-ut-pg0.wisc.cloudlab.us,tencentBlock_17837,lru,0.1,31,21,1,3,0.8330,1.84,60329542,31431.3728,2311593
node1.tardis-apia.ldos-ut-pg0.wisc.cloudlab.us,tencentBlock_17837,lruforgive,0.1,31,21,1,1,0.8224,0.99,60329542,31431.3728,2311593
node1.tardis-apia.ldos-ut-pg0.wisc.cloudlab.us,tencentBlock_17837,lruforgive,0.1,31,21,1,2,0.8224,1.01,60329542,31431.3728,2311593
node1.tardis-apia.ldos-ut-pg0.wisc.cloudlab.us,tencentBlock_17837,lruforgive,0.1,31,21,1,3,0.8224,1.00,60329542,31431.3728,2311593
node1.tardis-apia.ldos-ut-pg0.wisc.cloudlab.us,tencentBlock_17837,s3fifo,0.1,31,21,1,1,0.8337,1.93,60329542,31431.3728,2311593
node1.tardis-apia.ldos-ut-pg0.wisc.cloudlab.us,tencentBlock_17837,s3fifo,0.1,31,21,1,2,0.8337,1.93,60329542,31431.3728,2311593
node1.tardis-apia.ldos-ut-pg0.wisc.cloudlab.us,tencentBlock_17837,s3fifo,0.1,31,21,1,3,0.8337,1.97,60329542,31431.3728,2311593
node1.tardis-apia.ldos-ut-pg0.wisc.cloudlab.us,tencentBlock_17837,s3fifoforgive,0.1,31,21,1,1,0.8309,1.23,60329542,31431.3728,2311593
node1.tardis-apia.ldos-ut-pg0.wisc.cloudlab.us,tencentBlock_17837,s3fifoforgive,0.1,31,21,1,2,0.8309,1.25,60329542,31431.3728,2311593
node1.tardis-apia.ldos-ut-pg0.wisc.cloudlab.us,tencentBlock_17837,s3fifoforgive,0.1,31,21,1,3,0.8309,1.26,60329542,31431.3728,2311593
node1.tardis-apia.ldos-ut-pg0.wisc.cloudlab.us,tencentBlock_1791,lru,10,1601,27,1,1,0.3552,0.46,9391699,16010.5472,1447842
node1.tardis-apia.ldos-ut-pg0.wisc.cloudlab.us,tencentBlock_1791,lru,10,1601,27,1,2,0.3552,0.46,9391699,16010.5472,1447842
node1.tardis-apia.ldos-ut-pg0.wisc.cloudlab.us,tencentBlock_1791,lru,10,1601,27,1,3,0.3552,0.46,9391699,16010.5472,1447842
node1.tardis-apia.ldos-ut-pg0.wisc.cloudlab.us,tencentBlock_1791,lruforgive,10,1601,27,1,1,0.3542,0.34,9391699,16010.5472,1447842
node1.tardis-apia.ldos-ut-pg0.wisc.cloudlab.us,tencentBlock_1791,lruforgive,10,1601,27,1,2,0.3543,0.34,9391699,16010.5472,1447842
node1.tardis-apia.ldos-ut-pg0.wisc.cloudlab.us,tencentBlock_1791,lruforgive,10,1601,27,1,3,0.3543,0.34,9391699,16010.5472,1447842
node1.tardis-apia.ldos-ut-pg0.wisc.cloudlab.us,tencentBlock_1791,s3fifo,10,1601,27,1,1,0.3555,0.53,9391699,16010.5472,1447842
node1.tardis-apia.ldos-ut-pg0.wisc.cloudlab.us,tencentBlock_1791,s3fifo,10,1601,27,1,2,0.3556,0.52,9391699,16010.5472,1447842
node1.tardis-apia.ldos-ut-pg0.wisc.cloudlab.us,tencentBlock_1791,s3fifo,10,1601,27,1,3,0.3555,0.52,9391699,16010.5472,1447842
node1.tardis-apia.ldos-ut-pg0.wisc.cloudlab.us,tencentBlock_1791,s3fifoforgive,10,1601,27,1,1,0.3555,0.37,9391699,16010.5472,1447842
node1.tardis-apia.ldos-ut-pg0.wisc.cloudlab.us,tencentBlock_1791,s3fifoforgive,10,1601,27,1,2,0.3555,0.36,9391699,16010.5472,1447842
node1.tardis-apia.ldos-ut-pg0.wisc.cloudlab.us,tencentBlock_1791,s3fifoforgive,10,1601,27,1,3,0.3555,0.37,9391699,16010.5472,1447842
node1.tardis-apia.ldos-ut-pg0.wisc.cloudlab.us,tencentBlock_1791,lru,0.1,16,20,1,1,0.5846,1.99,9391699,16010.5472,1447842
node1.tardis-apia.ldos-ut-pg0.wisc.cloudlab.us,tencentBlock_1791,lru,0.1,16,20,1,2,0.5846,1.96,9391699,16010.5472,1447842
node1.tardis-apia.ldos-ut-pg0.wisc.cloudlab.us,tencentBlock_1791,lru,0.1,16,20,1,3,0.5846,2.01,9391699,16010.5472,1447842
node1.tardis-apia.ldos-ut-pg0.wisc.cloudlab.us,tencentBlock_1791,lruforgive,0.1,16,20,1,1,0.5689,0.80,9391699,16010.5472,1447842
node1.tardis-apia.ldos-ut-pg0.wisc.cloudlab.us,tencentBlock_1791,lruforgive,0.1,16,20,1,2,0.5689,0.79,9391699,16010.5472,1447842
node1.tardis-apia.ldos-ut-pg0.wisc.cloudlab.us,tencentBlock_1791,lruforgive,0.1,16,20,1,3,0.5689,0.79,9391699,16010.5472,1447842
node1.tardis-apia.ldos-ut-pg0.wisc.cloudlab.us,tencentBlock_1791,s3fifo,0.1,16,20,1,1,0.5693,2.07,9391699,16010.5472,1447842
node1.tardis-apia.ldos-ut-pg0.wisc.cloudlab.us,tencentBlock_1791,s3fifo,0.1,16,20,1,2,0.5693,2.05,9391699,16010.5472,1447842
node1.tardis-apia.ldos-ut-pg0.wisc.cloudlab.us,tencentBlock_1791,s3fifo,0.1,16,20,1,3,0.5693,2.06,9391699,16010.5472,1447842
node1.tardis-apia.ldos-ut-pg0.wisc.cloudlab.us,tencentBlock_1791,s3fifoforgive,0.1,16,20,1,1,0.5666,0.97,9391699,16010.5472,1447842
node1.tardis-apia.ldos-ut-pg0.wisc.cloudlab.us,tencentBlock_1791,s3fifoforgive,0.1,16,20,1,2,0.5666,0.97,9391699,16010.5472,1447842
node1.tardis-apia.ldos-ut-pg0.wisc.cloudlab.us,tencentBlock_1791,s3fifoforgive,0.1,16,20,1,3,0.5666,0.98,9391699,16010.5472,1447842
node1.tardis-apia.ldos-ut-pg0.wisc.cloudlab.us,tencentBlock_17998,lru,10,2415,27,1,1,0.5415,0.35,8795018,24153.1904,1385651
node1.tardis-apia.ldos-ut-pg0.wisc.cloudlab.us,tencentBlock_17998,lru,10,2415,27,1,2,0.5415,0.35,8795018,24153.1904,1385651
node1.tardis-apia.ldos-ut-pg0.wisc.cloudlab.us,tencentBlock_17998,lru,10,2415,27,1,3,0.5415,0.35,8795018,24153.1904,1385651
node1.tardis-apia.ldos-ut-pg0.wisc.cloudlab.us,tencentBlock_17998,lruforgive,10,2415,27,1,1,0.5422,0.27,8795018,24153.1904,1385651
node1.tardis-apia.ldos-ut-pg0.wisc.cloudlab.us,tencentBlock_17998,lruforgive,10,2415,27,1,2,0.5422,0.26,8795018,24153.1904,1385651
node1.tardis-apia.ldos-ut-pg0.wisc.cloudlab.us,tencentBlock_17998,lruforgive,10,2415,27,1,3,0.5422,0.27,8795018,24153.1904,1385651
node1.tardis-apia.ldos-ut-pg0.wisc.cloudlab.us,tencentBlock_17998,s3fifo,10,2415,27,1,1,0.5374,0.34,8795018,24153.1904,1385651
node1.tardis-apia.ldos-ut-pg0.wisc.cloudlab.us,tencentBlock_17998,s3fifo,10,2415,27,1,2,0.5374,0.34,8795018,24153.1904,1385651
node1.tardis-apia.ldos-ut-pg0.wisc.cloudlab.us,tencentBlock_17998,s3fifo,10,2415,27,1,3,0.5374,0.34,8795018,24153.1904,1385651
node1.tardis-apia.ldos-ut-pg0.wisc.cloudlab.us,tencentBlock_17998,s3fifoforgive,10,2415,27,1,1,0.5374,0.28,8795018,24153.1904,1385651
node1.tardis-apia.ldos-ut-pg0.wisc.cloudlab.us,tencentBlock_17998,s3fifoforgive,10,2415,27,1,2,0.5374,0.28,8795018,24153.1904,1385651
node1.tardis-apia.ldos-ut-pg0.wisc.cloudlab.us,tencentBlock_17998,s3fifoforgive,10,2415,27,1,3,0.5374,0.28,8795018,24153.1904,1385651
node1.tardis-apia.ldos-ut-pg0.wisc.cloudlab.us,tencentBlock_17998,lru,0.1,24,21,1,1,0.6122,1.69,8795018,24153.1904,1385651
node1.tardis-apia.ldos-ut-pg0.wisc.cloudlab.us,tencentBlock_17998,lru,0.1,24,21,1,2,0.6122,1.66,8795018,24153.1904,1385651
node1.tardis-apia.ldos-ut-pg0.wisc.cloudlab.us,tencentBlock_17998,lru,0.1,24,21,1,3,0.6122,1.68,8795018,24153.1904,1385651
node1.tardis-apia.ldos-ut-pg0.wisc.cloudlab.us,tencentBlock_17998,lruforgive,0.1,24,21,1,1,0.6115,0.77,8795018,24153.1904,1385651
node1.tardis-apia.ldos-ut-pg0.wisc.cloudlab.us,tencentBlock_17998,lruforgive,0.1,24,21,1,2,0.6115,0.77,8795018,24153.1904,1385651
node1.tardis-apia.ldos-ut-pg0.wisc.cloudlab.us,tencentBlock_17998,lruforgive,0.1,24,21,1,3,0.6115,0.76,8795018,24153.1904,1385651
node1.tardis-apia.ldos-ut-pg0.wisc.cloudlab.us,tencentBlock_17998,s3fifo,0.1,24,21,1,1,0.6134,1.71,8795018,24153.1904,1385651
node1.tardis-apia.ldos-ut-pg0.wisc.cloudlab.us,tencentBlock_17998,s3fifo,0.1,24,21,1,2,0.6134,1.71,8795018,24153.1904,1385651
node1.tardis-apia.ldos-ut-pg0.wisc.cloudlab.us,tencentBlock_17998,s3fifo,0.1,24,21,1,3,0.6134,1.71,8795018,24153.1904,1385651
node1.tardis-apia.ldos-ut-pg0.wisc.cloudlab.us,tencentBlock_17998,s3fifoforgive,0.1,24,21,1,1,0.6132,0.89,8795018,24153.1904,1385651
node1.tardis-apia.ldos-ut-pg0.wisc.cloudlab.us,tencentBlock_17998,s3fifoforgive,0.1,24,21,1,2,0.6132,0.88,8795018,24153.1904,1385651
node1.tardis-apia.ldos-ut-pg0.wisc.cloudlab.us,tencentBlock_17998,s3fifoforgive,0.1,24,21,1,3,0.6132,0.88,8795018,24153.1904,1385651
node1.tardis-apia.ldos-ut-pg0.wisc.cloudlab.us,tencentBlock_1802,lru,10,2917,27,1,1,0.3356,0.41,54971779,29166.8992,2251981
node1.tardis-apia.ldos-ut-pg0.wisc.cloudlab.us,tencentBlock_1802,lru,10,2917,27,1,2,0.3356,0.41,54971779,29166.8992,2251981
node1.tardis-apia.ldos-ut-pg0.wisc.cloudlab.us,tencentBlock_1802,lru,10,2917,27,1,3,0.3356,0.41,54971779,29166.8992,2251981
node1.tardis-apia.ldos-ut-pg0.wisc.cloudlab.us,tencentBlock_1802,lruforgive,10,2917,27,1,1,0.3333,0.24,54971779,29166.8992,2251981
node1.tardis-apia.ldos-ut-pg0.wisc.cloudlab.us,tencentBlock_1802,lruforgive,10,2917,27,1,2,0.3333,0.24,54971779,29166.8992,2251981
node1.tardis-apia.ldos-ut-pg0.wisc.cloudlab.us,tencentBlock_1802,lruforgive,10,2917,27,1,3,0.3333,0.24,54971779,29166.8992,2251981
node1.tardis-apia.ldos-ut-pg0.wisc.cloudlab.us,tencentBlock_1802,s3fifo,10,2917,27,1,1,0.3205,0.42,54971779,29166.8992,2251981
node1.tardis-apia.ldos-ut-pg0.wisc.cloudlab.us,tencentBlock_1802,s3fifo,10,2917,27,1,2,0.3205,0.42,54971779,29166.8992,2251981
node1.tardis-apia.ldos-ut-pg0.wisc.cloudlab.us,tencentBlock_1802,s3fifo,10,2917,27,1,3,0.3205,0.42,54971779,29166.8992,2251981
node1.tardis-apia.ldos-ut-pg0.wisc.cloudlab.us,tencentBlock_1802,s3fifoforgive,10,2917,27,1,1,0.3201,0.26,54971779,29166.8992,2251981
node1.tardis-apia.ldos-ut-pg0.wisc.cloudlab.us,tencentBlock_1802,s3fifoforgive,10,2917,27,1,2,0.3201,0.26,54971779,29166.8992,2251981
node1.tardis-apia.ldos-ut-pg0.wisc.cloudlab.us,tencentBlock_1802,s3fifoforgive,10,2917,27,1,3,0.3201,0.26,54971779,29166.8992,2251981
node1.tardis-apia.ldos-ut-pg0.wisc.cloudlab.us,tencentBlock_1802,lru,0.1,29,21,1,1,0.8502,1.65,54971779,29166.8992,2251981
node1.tardis-apia.ldos-ut-pg0.wisc.cloudlab.us,tencentBlock_1802,lru,0.1,29,21,1,2,0.8502,1.63,54971779,29166.8992,2251981
node1.tardis-apia.ldos-ut-pg0.wisc.cloudlab.us,tencentBlock_1802,lru,0.1,29,21,1,3,0.8502,1.63,54971779,29166.8992,2251981
node1.tardis-apia.ldos-ut-pg0.wisc.cloudlab.us,tencentBlock_1802,lruforgive,0.1,29,21,1,1,0.8471,0.93,54971779,29166.8992,2251981
node1.tardis-apia.ldos-ut-pg0.wisc.cloudlab.us,tencentBlock_1802,lruforgive,0.1,29,21,1,2,0.8471,0.93,54971779,29166.8992,2251981
node1.tardis-apia.ldos-ut-pg0.wisc.cloudlab.us,tencentBlock_1802,lruforgive,0.1,29,21,1,3,0.8471,0.93,54971779,29166.8992,2251981
node1.tardis-apia.ldos-ut-pg0.wisc.cloudlab.us,tencentBlock_1802,s3fifo,0.1,29,21,1,1,0.8685,1.76,54971779,29166.8992,2251981
node1.tardis-apia.ldos-ut-pg0.wisc.cloudlab.us,tencentBlock_1802,s3fifo,0.1,29,21,1,2,0.8685,1.72,54971779,29166.8992,2251981
node1.tardis-apia.ldos-ut-pg0.wisc.cloudlab.us,tencentBlock_1802,s3fifo,0.1,29,21,1,3,0.8685,1.74,54971779,29166.8992,2251981
node1.tardis-apia.ldos-ut-pg0.wisc.cloudlab.us,tencentBlock_1802,s3fifoforgive,0.1,29,21,1,1,0.8665,1.21,54971779,29166.8992,2251981
node1.tardis-apia.ldos-ut-pg0.wisc.cloudlab.us,tencentBlock_1802,s3fifoforgive,0.1,29,21,1,2,0.8665,1.23,54971779,29166.8992,2251981
node1.tardis-apia.ldos-ut-pg0.wisc.cloudlab.us,tencentBlock_1802,s3fifoforgive,0.1,29,21,1,3,0.8665,1.21,54971779,29166.8992,2251981
node1.tardis-apia.ldos-ut-pg0.wisc.cloudlab.us,tencentBlock_18133,lru,10,1377,26,1,1,0.4461,0.76,146471960,13774.848,1061604
node1.tardis-apia.ldos-ut-pg0.wisc.cloudlab.us,tencentBlock_18133,lru,10,1377,26,1,2,0.4461,0.75,146471960,13774.848,1061604
node1.tardis-apia.ldos-ut-pg0.wisc.cloudlab.us,tencentBlock_18133,lru,10,1377,26,1,3,0.4461,0.76,146471960,13774.848,1061604
node1.tardis-apia.ldos-ut-pg0.wisc.cloudlab.us,tencentBlock_18133,lruforgive,10,1377,26,1,1,0.4326,0.35,146471960,13774.848,1061604
node1.tardis-apia.ldos-ut-pg0.wisc.cloudlab.us,tencentBlock_18133,lruforgive,10,1377,26,1,2,0.4326,0.35,146471960,13774.848,1061604
node1.tardis-apia.ldos-ut-pg0.wisc.cloudlab.us,tencentBlock_18133,lruforgive,10,1377,26,1,3,0.4326,0.35,146471960,13774.848,1061604
node1.tardis-apia.ldos-ut-pg0.wisc.cloudlab.us,tencentBlock_18133,s3fifo,10,1377,26,1,1,0.3272,0.98,146471960,13774.848,1061604
node1.tardis-apia.ldos-ut-pg0.wisc.cloudlab.us,tencentBlock_18133,s3fifo,10,1377,26,1,2,0.3272,0.97,146471960,13774.848,1061604
node1.tardis-apia.ldos-ut-pg0.wisc.cloudlab.us,tencentBlock_18133,s3fifo,10,1377,26,1,3,0.3272,0.98,146471960,13774.848,1061604
node1.tardis-apia.ldos-ut-pg0.wisc.cloudlab.us,tencentBlock_18133,s3fifoforgive,10,1377,26,1,1,0.3277,0.41,146471960,13774.848,1061604
node1.tardis-apia.ldos-ut-pg0.wisc.cloudlab.us,tencentBlock_18133,s3fifoforgive,10,1377,26,1,2,0.3277,0.40,146471960,13774.848,1061604
node1.tardis-apia.ldos-ut-pg0.wisc.cloudlab.us,tencentBlock_18133,s3fifoforgive,10,1377,26,1,3,0.3277,0.40,146471960,13774.848,1061604
node1.tardis-apia.ldos-ut-pg0.wisc.cloudlab.us,tencentBlock_18133,lru,0.1,14,20,1,1,0.9821,2.15,146471960,13774.848,1061604
node1.tardis-apia.ldos-ut-pg0.wisc.cloudlab.us,tencentBlock_18133,lru,0.1,14,20,1,2,0.9821,2.13,146471960,13774.848,1061604
node1.tardis-apia.ldos-ut-pg0.wisc.cloudlab.us,tencentBlock_18133,lru,0.1,14,20,1,3,0.9821,2.15,146471960,13774.848,1061604
node1.tardis-apia.ldos-ut-pg0.wisc.cloudlab.us,tencentBlock_18133,lruforgive,0.1,14,20,1,1,0.9742,1.61,146471960,13774.848,1061604
node1.tardis-apia.ldos-ut-pg0.wisc.cloudlab.us,tencentBlock_18133,lruforgive,0.1,14,20,1,2,0.9742,1.61,146471960,13774.848,1061604
node1.tardis-apia.ldos-ut-pg0.wisc.cloudlab.us,tencentBlock_18133,lruforgive,0.1,14,20,1,3,0.9742,1.60,146471960,13774.848,1061604
node1.tardis-apia.ldos-ut-pg0.wisc.cloudlab.us,tencentBlock_18133,s3fifo,0.1,14,20,1,1,0.9596,2.14,146471960,13774.848,1061604
node1.tardis-apia.ldos-ut-pg0.wisc.cloudlab.us,tencentBlock_18133,s3fifo,0.1,14,20,1,2,0.9596,2.14,146471960,13774.848,1061604
node1.tardis-apia.ldos-ut-pg0.wisc.cloudlab.us,tencentBlock_18133,s3fifo,0.1,14,20,1,3,0.9596,2.15,146471960,13774.848,1061604
node1.tardis-apia.ldos-ut-pg0.wisc.cloudlab.us,tencentBlock_18133,s3fifoforgive,0.1,14,20,1,1,0.9593,1.79,146471960,13774.848,1061604
node1.tardis-apia.ldos-ut-pg0.wisc.cloudlab.us,tencentBlock_18133,s3fifoforgive,0.1,14,20,1,2,0.9593,1.78,146471960,13774.848,1061604
node1.tardis-apia.ldos-ut-pg0.wisc.cloudlab.us,tencentBlock_18133,s3fifoforgive,0.1,14,20,1,3,0.9593,1.79,146471960,13774.848,1061604
node1.tardis-apia.ldos-ut-pg0.wisc.cloudlab.us,tencentBlock_18292,lru,10,13964,27,1,1,0.0257,0.67,82696877,139644.5184,1355940
node1.tardis-apia.ldos-ut-pg0.wisc.cloudlab.us,tencentBlock_18292,lru,10,13964,27,1,2,0.0257,0.67,82696877,139644.5184,1355940
node1.tardis-apia.ldos-ut-pg0.wisc.cloudlab.us,tencentBlock_18292,lru,10,13964,27,1,3,0.0257,0.66,82696877,139644.5184,1355940
node1.tardis-apia.ldos-ut-pg0.wisc.cloudlab.us,tencentBlock_18292,lruforgive,10,13964,27,1,1,0.0257,0.31,82696877,139644.5184,1355940
node1.tardis-apia.ldos-ut-pg0.wisc.cloudlab.us,tencentBlock_18292,lruforgive,10,13964,27,1,2,0.0257,0.31,82696877,139644.5184,1355940
node1.tardis-apia.ldos-ut-pg0.wisc.cloudlab.us,tencentBlock_18292,lruforgive,10,13964,27,1,3,0.0257,0.31,82696877,139644.5184,1355940
node1.tardis-apia.ldos-ut-pg0.wisc.cloudlab.us,tencentBlock_18292,s3fifo,10,13964,27,1,1,0.0258,0.70,82696877,139644.5184,1355940
node1.tardis-apia.ldos-ut-pg0.wisc.cloudlab.us,tencentBlock_18292,s3fifo,10,13964,27,1,2,0.0258,0.71,82696877,139644.5184,1355940
node1.tardis-apia.ldos-ut-pg0.wisc.cloudlab.us,tencentBlock_18292,s3fifo,10,13964,27,1,3,0.0258,0.70,82696877,139644.5184,1355940
node1.tardis-apia.ldos-ut-pg0.wisc.cloudlab.us,tencentBlock_18292,s3fifoforgive,10,13964,27,1,1,0.0258,0.33,82696877,139644.5184,1355940
node1.tardis-apia.ldos-ut-pg0.wisc.cloudlab.us,tencentBlock_18292,s3fifoforgive,10,13964,27,1,2,0.0258,0.32,82696877,139644.5184,1355940
node1.tardis-apia.ldos-ut-pg0.wisc.cloudlab.us,tencentBlock_18292,s3fifoforgive,10,13964,27,1,3,0.0258,0.33,82696877,139644.5184,1355940
node1.tardis-apia.ldos-ut-pg0.wisc.cloudlab.us,tencentBlock_18292,lru,0.1,140,23,1,1,0.7516,0.13,82696877,139644.5184,1355940
node1.tardis-apia.ldos-ut-pg0.wisc.cloudlab.us,tencentBlock_18292,lru,0.1,140,23,1,2,0.7520,0.14,82696877,139644.5184,1355940
node1.tardis-apia.ldos-ut-pg0.wisc.cloudlab.us,tencentBlock_18292,lru,0.1,140,23,1,3,0.7520,0.14,82696877,139644.5184,1355940
node1.tardis-apia.ldos-ut-pg0.wisc.cloudlab.us,tencentBlock_18292,lruforgive,0.1,140,23,1,1,0.7069,0.12,82696877,139644.5184,1355940
node1.tardis-apia.ldos-ut-pg0.wisc.cloudlab.us,tencentBlock_18292,lruforgive,0.1,140,23,1,2,0.7069,0.12,82696877,139644.5184,1355940
node1.tardis-apia.ldos-ut-pg0.wisc.cloudlab.us,tencentBlock_18292,lruforgive,0.1,140,23,1,3,0.7070,0.12,82696877,139644.5184,1355940
node1.tardis-apia.ldos-ut-pg0.wisc.cloudlab.us,tencentBlock_18292,s3fifo,0.1,140,23,1,1,0.7099,0.27,82696877,139644.5184,1355940
node1.tardis-apia.ldos-ut-pg0.wisc.cloudlab.us,tencentBlock_18292,s3fifo,0.1,140,23,1,2,NA,NA,NA,139644.5184,1355940
node1.tardis-apia.ldos-ut-pg0.wisc.cloudlab.us,tencentBlock_18292,s3fifo,0.1,140,23,1,3,NA,NA,NA,139644.5184,1355940
node1.tardis-apia.ldos-ut-pg0.wisc.cloudlab.us,tencentBlock_18292,s3fifoforgive,0.1,140,23,1,1,NA,NA,NA,139644.5184,1355940
node1.tardis-apia.ldos-ut-pg0.wisc.cloudlab.us,tencentBlock_18292,s3fifoforgive,0.1,140,23,1,2,0.7409,0.15,82696877,139644.5184,1355940
node1.tardis-apia.ldos-ut-pg0.wisc.cloudlab.us,tencentBlock_18292,s3fifoforgive,0.1,140,23,1,3,NA,NA,NA,139644.5184,1355940
node1.tardis-apia.ldos-ut-pg0.wisc.cloudlab.us,tencentBlock_18324,lru,10,631,25,1,1,0.4792,0.73,7413146,6311.424,1041524
node1.tardis-apia.ldos-ut-pg0.wisc.cloudlab.us,tencentBlock_18324,lru,10,631,25,1,2,0.4792,0.74,7413146,6311.424,1041524
node1.tardis-apia.ldos-ut-pg0.wisc.cloudlab.us,tencentBlock_18324,lru,10,631,25,1,3,0.4792,0.73,7413146,6311.424,1041524
node1.tardis-apia.ldos-ut-pg0.wisc.cloudlab.us,tencentBlock_18324,lruforgive,10,631,25,1,1,0.4791,0.51,7413146,6311.424,1041524
node1.tardis-apia.ldos-ut-pg0.wisc.cloudlab.us,tencentBlock_18324,lruforgive,10,631,25,1,2,0.4790,0.51,7413146,6311.424,1041524
node1.tardis-apia.ldos-ut-pg0.wisc.cloudlab.us,tencentBlock_18324,lruforgive,10,631,25,1,3,0.4790,0.51,7413146,6311.424,1041524
node1.tardis-apia.ldos-ut-pg0.wisc.cloudlab.us,tencentBlock_18324,s3fifo,10,631,25,1,1,0.4637,0.96,7413146,6311.424,1041524
node1.tardis-apia.ldos-ut-pg0.wisc.cloudlab.us,tencentBlock_18324,s3fifo,10,631,25,1,2,0.4637,0.96,7413146,6311.424,1041524
node1.tardis-apia.ldos-ut-pg0.wisc.cloudlab.us,tencentBlock_18324,s3fifo,10,631,25,1,3,0.4639,0.96,7413146,6311.424,1041524
node1.tardis-apia.ldos-ut-pg0.wisc.cloudlab.us,tencentBlock_18324,s3fifoforgive,10,631,25,1,1,0.4637,0.61,7413146,6311.424,1041524
node1.tardis-apia.ldos-ut-pg0.wisc.cloudlab.us,tencentBlock_18324,s3fifoforgive,10,631,25,1,2,NA,NA,NA,6311.424,1041524
node1.tardis-apia.ldos-ut-pg0.wisc.cloudlab.us,tencentBlock_18324,s3fifoforgive,10,631,25,1,3,0.4637,0.62,7413146,6311.424,1041524
node1.tardis-apia.ldos-ut-pg0.wisc.cloudlab.us,tencentBlock_18324,lru,0.1,6,19,1,1,NA,NA,NA,6311.424,1041524
node1.tardis-apia.ldos-ut-pg0.wisc.cloudlab.us,tencentBlock_18324,lru,0.1,6,19,1,2,NA,NA,NA,6311.424,1041524
node1.tardis-apia.ldos-ut-pg0.wisc.cloudlab.us,tencentBlock_18324,lru,0.1,6,19,1,3,NA,NA,NA,6311.424,1041524
node1.tardis-apia.ldos-ut-pg0.wisc.cloudlab.us,tencentBlock_18324,lruforgive,0.1,6,19,1,1,NA,NA,NA,6311.424,1041524
node1.tardis-apia.ldos-ut-pg0.wisc.cloudlab.us,tencentBlock_18324,lruforgive,0.1,6,19,1,2,NA,NA,NA,6311.424,1041524
node1.tardis-apia.ldos-ut-pg0.wisc.cloudlab.us,tencentBlock_18324,lruforgive,0.1,6,19,1,3,NA,NA,NA,6311.424,1041524
node1.tardis-apia.ldos-ut-pg0.wisc.cloudlab.us,tencentBlock_18324,s3fifo,0.1,6,19,1,1,NA,NA,NA,6311.424,1041524
node1.tardis-apia.ldos-ut-pg0.wisc.cloudlab.us,tencentBlock_18324,s3fifo,0.1,6,19,1,2,NA,NA,NA,6311.424,1041524
node1.tardis-apia.ldos-ut-pg0.wisc.cloudlab.us,tencentBlock_18324,s3fifo,0.1,6,19,1,3,NA,NA,NA,6311.424,1041524
node1.tardis-apia.ldos-ut-pg0.wisc.cloudlab.us,tencentBlock_18324,s3fifoforgive,0.1,6,19,1,1,NA,NA,NA,6311.424,1041524
node1.tardis-apia.ldos-ut-pg0.wisc.cloudlab.us,tencentBlock_18324,s3fifoforgive,0.1,6,19,1,2,NA,NA,NA,6311.424,1041524
node1.tardis-apia.ldos-ut-pg0.wisc.cloudlab.us,tencentBlock_18324,s3fifoforgive,0.1,6,19,1,3,NA,NA,NA,6311.424,1041524
node1.tardis-apia.ldos-ut-pg0.wisc.cloudlab.us,tencentBlock_18417,lru,10,14226,27,1,1,0.1514,0.20,12830904,142258.688,1270083
node1.tardis-apia.ldos-ut-pg0.wisc.cloudlab.us,tencentBlock_18417,lru,10,14226,27,1,2,0.1514,0.20,12830904,142258.688,1270083
node1.tardis-apia.ldos-ut-pg0.wisc.cloudlab.us,tencentBlock_18417,lru,10,14226,27,1,3,0.1514,0.20,12830904,142258.688,1270083
node1.tardis-apia.ldos-ut-pg0.wisc.cloudlab.us,tencentBlock_18417,lruforgive,10,14226,27,1,1,0.1509,0.16,12830904,142258.688,1270083
node1.tardis-apia.ldos-ut-pg0.wisc.cloudlab.us,tencentBlock_18417,lruforgive,10,14226,27,1,2,0.1509,0.16,12830904,142258.688,1270083
node1.tardis-apia.ldos-ut-pg0.wisc.cloudlab.us,tencentBlock_18417,lruforgive,10,14226,27,1,3,0.1509,0.16,12830904,142258.688,1270083
node1.tardis-apia.ldos-ut-pg0.wisc.cloudlab.us,tencentBlock_18417,s3fifo,10,14226,27,1,1,0.1481,0.21,12830904,142258.688,1270083
node1.tardis-apia.ldos-ut-pg0.wisc.cloudlab.us,tencentBlock_18417,s3fifo,10,14226,27,1,2,0.1481,0.21,12830904,142258.688,1270083
node1.tardis-apia.ldos-ut-pg0.wisc.cloudlab.us,tencentBlock_18417,s3fifo,10,14226,27,1,3,0.1481,0.21,12830904,142258.688,1270083
node1.tardis-apia.ldos-ut-pg0.wisc.cloudlab.us,tencentBlock_18417,s3fifoforgive,10,14226,27,1,1,0.1481,0.17,12830904,142258.688,1270083
node1.tardis-apia.ldos-ut-pg0.wisc.cloudlab.us,tencentBlock_18417,s3fifoforgive,10,14226,27,1,2,0.1481,0.17,12830904,142258.688,1270083
node1.tardis-apia.ldos-ut-pg0.wisc.cloudlab.us,tencentBlock_18417,s3fifoforgive,10,14226,27,1,3,0.1481,0.17,12830904,142258.688,1270083
node1.tardis-apia.ldos-ut-pg0.wisc.cloudlab.us,tencentBlock_18417,lru,0.1,142,23,1,1,0.5243,0.22,12830904,142258.688,1270083
node1.tardis-apia.ldos-ut-pg0.wisc.cloudlab.us,tencentBlock_18417,lru,0.1,142,23,1,2,0.5243,0.22,12830904,142258.688,1270083
node1.tardis-apia.ldos-ut-pg0.wisc.cloudlab.us,tencentBlock_18417,lru,0.1,142,23,1,3,0.5243,0.22,12830904,142258.688,1270083
node1.tardis-apia.ldos-ut-pg0.wisc.cloudlab.us,tencentBlock_18417,lruforgive,0.1,142,23,1,1,0.5106,0.22,12830904,142258.688,1270083
node1.tardis-apia.ldos-ut-pg0.wisc.cloudlab.us,tencentBlock_18417,lruforgive,0.1,142,23,1,2,0.5107,0.22,12830904,142258.688,1270083
node1.tardis-apia.ldos-ut-pg0.wisc.cloudlab.us,tencentBlock_18417,lruforgive,0.1,142,23,1,3,0.5106,0.22,12830904,142258.688,1270083
node1.tardis-apia.ldos-ut-pg0.wisc.cloudlab.us,tencentBlock_18417,s3fifo,0.1,142,23,1,1,0.5088,0.47,12830904,142258.688,1270083
node1.tardis-apia.ldos-ut-pg0.wisc.cloudlab.us,tencentBlock_18417,s3fifo,0.1,142,23,1,2,NA,NA,NA,142258.688,1270083
node1.tardis-apia.ldos-ut-pg0.wisc.cloudlab.us,tencentBlock_18417,s3fifo,0.1,142,23,1,3,0.5088,0.48,12830904,142258.688,1270083
node1.tardis-apia.ldos-ut-pg0.wisc.cloudlab.us,tencentBlock_18417,s3fifoforgive,0.1,142,23,1,1,NA,NA,NA,142258.688,1270083
node1.tardis-apia.ldos-ut-pg0.wisc.cloudlab.us,tencentBlock_18417,s3fifoforgive,0.1,142,23,1,2,0.5083,0.37,12830904,142258.688,1270083
node1.tardis-apia.ldos-ut-pg0.wisc.cloudlab.us,tencentBlock_18417,s3fifoforgive,0.1,142,23,1,3,0.5083,0.37,12830904,142258.688,1270083
node1.tardis-apia.ldos-ut-pg0.wisc.cloudlab.us,tencentBlock_18464,lru,10,2176,27,1,1,0.2130,0.71,20495016,21758.6688,1874059
node1.tardis-apia.ldos-ut-pg0.wisc.cloudlab.us,tencentBlock_18464,lru,10,2176,27,1,2,0.2130,0.71,20495016,21758.6688,1874059
node1.tardis-apia.ldos-ut-pg0.wisc.cloudlab.us,tencentBlock_18464,lru,10,2176,27,1,3,0.2130,0.71,20495016,21758.6688,1874059
node1.tardis-apia.ldos-ut-pg0.wisc.cloudlab.us,tencentBlock_18464,lruforgive,10,2176,27,1,1,0.2133,0.39,20495016,21758.6688,1874059
node1.tardis-apia.ldos-ut-pg0.wisc.cloudlab.us,tencentBlock_18464,lruforgive,10,2176,27,1,2,0.2133,0.40,20495016,21758.6688,1874059
node1.tardis-apia.ldos-ut-pg0.wisc.cloudlab.us,tencentBlock_18464,lruforgive,10,2176,27,1,3,0.2133,0.39,20495016,21758.6688,1874059
node1.tardis-apia.ldos-ut-pg0.wisc.cloudlab.us,tencentBlock_18464,s3fifo,10,2176,27,1,1,0.2349,0.70,20495016,21758.6688,1874059
node1.tardis-apia.ldos-ut-pg0.wisc.cloudlab.us,tencentBlock_18464,s3fifo,10,2176,27,1,2,0.2349,0.70,20495016,21758.6688,1874059
node1.tardis-apia.ldos-ut-pg0.wisc.cloudlab.us,tencentBlock_18464,s3fifo,10,2176,27,1,3,0.2349,0.70,20495016,21758.6688,1874059
node1.tardis-apia.ldos-ut-pg0.wisc.cloudlab.us,tencentBlock_18464,s3fifoforgive,10,2176,27,1,1,0.2349,0.43,20495016,21758.6688,1874059
node1.tardis-apia.ldos-ut-pg0.wisc.cloudlab.us,tencentBlock_18464,s3fifoforgive,10,2176,27,1,2,0.2349,0.42,20495016,21758.6688,1874059
node1.tardis-apia.ldos-ut-pg0.wisc.cloudlab.us,tencentBlock_18464,s3fifoforgive,10,2176,27,1,3,0.2349,0.43,20495016,21758.6688,1874059
node1.tardis-apia.ldos-ut-pg0.wisc.cloudlab.us,tencentBlock_18464,lru,0.1,22,20,1,1,0.4501,1.79,20495016,21758.6688,1874059
node1.tardis-apia.ldos-ut-pg0.wisc.cloudlab.us,tencentBlock_18464,lru,0.1,22,20,1,2,0.4501,1.78,20495016,21758.6688,1874059
node1.tardis-apia.ldos-ut-pg0.wisc.cloudlab.us,tencentBlock_18464,lru,0.1,22,20,1,3,0.4501,1.78,20495016,21758.6688,1874059
node1.tardis-apia.ldos-ut-pg0.wisc.cloudlab.us,tencentBlock_18464,lruforgive,0.1,22,20,1,1,0.3912,0.64,20495016,21758.6688,1874059
node1.tardis-apia.ldos-ut-pg0.wisc.cloudlab.us,tencentBlock_18464,lruforgive,0.1,22,20,1,2,0.3912,0.63,20495016,21758.6688,1874059
node1.tardis-apia.ldos-ut-pg0.wisc.cloudlab.us,tencentBlock_18464,lruforgive,0.1,22,20,1,3,0.3912,0.64,20495016,21758.6688,1874059
node1.tardis-apia.ldos-ut-pg0.wisc.cloudlab.us,tencentBlock_18464,s3fifo,0.1,22,20,1,1,0.3799,1.88,20495016,21758.6688,1874059
node1.tardis-apia.ldos-ut-pg0.wisc.cloudlab.us,tencentBlock_18464,s3fifo,0.1,22,20,1,2,0.3799,1.87,20495016,21758.6688,1874059
node1.tardis-apia.ldos-ut-pg0.wisc.cloudlab.us,tencentBlock_18464,s3fifo,0.1,22,20,1,3,0.3799,1.88,20495016,21758.6688,1874059
node1.tardis-apia.ldos-ut-pg0.wisc.cloudlab.us,tencentBlock_18464,s3fifoforgive,0.1,22,20,1,1,0.3781,0.93,20495016,21758.6688,1874059
node1.tardis-apia.ldos-ut-pg0.wisc.cloudlab.us,tencentBlock_18464,s3fifoforgive,0.1,22,20,1,2,0.3781,0.92,20495016,21758.6688,1874059
node1.tardis-apia.ldos-ut-pg0.wisc.cloudlab.us,tencentBlock_18464,s3fifoforgive,0.1,22,20,1,3,0.3781,0.92,20495016,21758.6688,1874059
node1.tardis-apia.ldos-ut-pg0.wisc.cloudlab.us,tencentBlock_1847,lru,10,31577,27,1,1,0.8413,0.07,5514628,315770.1632,4189799
node1.tardis-apia.ldos-ut-pg0.wisc.cloudlab.us,tencentBlock_1847,lru,10,31577,27,1,2,0.8413,0.07,5514628,315770.1632,4189799
node1.tardis-apia.ldos-ut-pg0.wisc.cloudlab.us,tencentBlock_1847,lru,10,31577,27,1,3,0.8413,0.07,5514628,315770.1632,4189799
node1.tardis-apia.ldos-ut-pg0.wisc.cloudlab.us,tencentBlock_1847,lruforgive,10,31577,27,1,1,0.8406,0.07,5514628,315770.1632,4189799
node1.tardis-apia.ldos-ut-pg0.wisc.cloudlab.us,tencentBlock_1847,lruforgive,10,31577,27,1,2,0.8406,0.07,5514628,315770.1632,4189799
node1.tardis-apia.ldos-ut-pg0.wisc.cloudlab.us,tencentBlock_1847,lruforgive,10,31577,27,1,3,0.8406,0.07,5514628,315770.1632,4189799
node1.tardis-apia.ldos-ut-pg0.wisc.cloudlab.us,tencentBlock_1847,s3fifo,10,31577,27,1,1,0.8362,0.08,5514628,315770.1632,4189799
node1.tardis-apia.ldos-ut-pg0.wisc.cloudlab.us,tencentBlock_1847,s3fifo,10,31577,27,1,2,0.8362,0.08,5514628,315770.1632,4189799
node1.tardis-apia.ldos-ut-pg0.wisc.cloudlab.us,tencentBlock_1847,s3fifo,10,31577,27,1,3,0.8362,0.08,5514628,315770.1632,4189799
node1.tardis-apia.ldos-ut-pg0.wisc.cloudlab.us,tencentBlock_1847,s3fifoforgive,10,31577,27,1,1,0.8362,0.08,5514628,315770.1632,4189799
node1.tardis-apia.ldos-ut-pg0.wisc.cloudlab.us,tencentBlock_1847,s3fifoforgive,10,31577,27,1,2,0.8362,0.08,5514628,315770.1632,4189799
node1.tardis-apia.ldos-ut-pg0.wisc.cloudlab.us,tencentBlock_1847,s3fifoforgive,10,31577,27,1,3,0.8362,0.08,5514628,315770.1632,4189799
node1.tardis-apia.ldos-ut-pg0.wisc.cloudlab.us,tencentBlock_1847,lru,0.1,316,24,1,1,0.9003,0.11,5514628,315770.1632,4189799
node1.tardis-apia.ldos-ut-pg0.wisc.cloudlab.us,tencentBlock_1847,lru,0.1,316,24,1,2,0.9003,0.11,5514628,315770.1632,4189799
node1.tardis-apia.ldos-ut-pg0.wisc.cloudlab.us,tencentBlock_1847,lru,0.1,316,24,1,3,0.9003,0.11,5514628,315770.1632,4189799
node1.tardis-apia.ldos-ut-pg0.wisc.cloudlab.us,tencentBlock_1847,lruforgive,0.1,316,24,1,1,0.9000,0.10,5514628,315770.1632,4189799
node1.tardis-apia.ldos-ut-pg0.wisc.cloudlab.us,tencentBlock_1847,lruforgive,0.1,316,24,1,2,0.9000,0.10,5514628,315770.1632,4189799
node1.tardis-apia.ldos-ut-pg0.wisc.cloudlab.us,tencentBlock_1847,lruforgive,0.1,316,24,1,3,0.9000,0.10,5514628,315770.1632,4189799
node1.tardis-apia.ldos-ut-pg0.wisc.cloudlab.us,tencentBlock_1847,s3fifo,0.1,316,24,1,1,0.8996,0.10,5514628,315770.1632,4189799
node1.tardis-apia.ldos-ut-pg0.wisc.cloudlab.us,tencentBlock_1847,s3fifo,0.1,316,24,1,2,0.8996,0.10,5514628,315770.1632,4189799
node1.tardis-apia.ldos-ut-pg0.wisc.cloudlab.us,tencentBlock_1847,s3fifo,0.1,316,24,1,3,0.8996,0.10,5514628,315770.1632,4189799
node1.tardis-apia.ldos-ut-pg0.wisc.cloudlab.us,tencentBlock_1847,s3fifoforgive,0.1,316,24,1,1,0.8996,0.11,5514628,315770.1632,4189799
node1.tardis-apia.ldos-ut-pg0.wisc.cloudlab.us,tencentBlock_1847,s3fifoforgive,0.1,316,24,1,2,0.8996,0.11,5514628,315770.1632,4189799
node1.tardis-apia.ldos-ut-pg0.wisc.cloudlab.us,tencentBlock_1847,s3fifoforgive,0.1,316,24,1,3,0.8996,0.11,5514628,315770.1632,4189799
node1.tardis-apia.ldos-ut-pg0.wisc.cloudlab.us,tencentBlock_18605,lru,10,2894,27,1,1,0.2759,0.50,8122272,28937.216,1317932
node1.tardis-apia.ldos-ut-pg0.wisc.cloudlab.us,tencentBlock_18605,lru,10,2894,27,1,2,0.2759,0.50,8122272,28937.216,1317932
node1.tardis-apia.ldos-ut-pg0.wisc.cloudlab.us,tencentBlock_18605,lru,10,2894,27,1,3,0.2759,0.50,8122272,28937.216,1317932
node1.tardis-apia.ldos-ut-pg0.wisc.cloudlab.us,tencentBlock_18605,lruforgive,10,2894,27,1,1,0.2752,0.33,8122272,28937.216,1317932
node1.tardis-apia.ldos-ut-pg0.wisc.cloudlab.us,tencentBlock_18605,lruforgive,10,2894,27,1,2,0.2752,0.33,8122272,28937.216,1317932
node1.tardis-apia.ldos-ut-pg0.wisc.cloudlab.us,tencentBlock_18605,lruforgive,10,2894,27,1,3,0.2752,0.33,8122272,28937.216,1317932
node1.tardis-apia.ldos-ut-pg0.wisc.cloudlab.us,tencentBlock_18605,s3fifo,10,2894,27,1,1,0.2787,0.55,8122272,28937.216,1317932
node1.tardis-apia.ldos-ut-pg0.wisc.cloudlab.us,tencentBlock_18605,s3fifo,10,2894,27,1,2,0.2787,0.54,8122272,28937.216,1317932
node1.tardis-apia.ldos-ut-pg0.wisc.cloudlab.us,tencentBlock_18605,s3fifo,10,2894,27,1,3,0.2787,0.54,8122272,28937.216,1317932
node1.tardis-apia.ldos-ut-pg0.wisc.cloudlab.us,tencentBlock_18605,s3fifoforgive,10,2894,27,1,1,0.2787,0.37,8122272,28937.216,1317932
node1.tardis-apia.ldos-ut-pg0.wisc.cloudlab.us,tencentBlock_18605,s3fifoforgive,10,2894,27,1,2,0.2787,0.36,8122272,28937.216,1317932
node1.tardis-apia.ldos-ut-pg0.wisc.cloudlab.us,tencentBlock_18605,s3fifoforgive,10,2894,27,1,3,0.2787,0.36,8122272,28937.216,1317932
node1.tardis-apia.ldos-ut-pg0.wisc.cloudlab.us,tencentBlock_18605,lru,0.1,29,21,1,1,0.7067,1.89,8122272,28937.216,1317932
node1.tardis-apia.ldos-ut-pg0.wisc.cloudlab.us,tencentBlock_18605,lru,0.1,29,21,1,2,0.7067,1.88,8122272,28937.216,1317932
node1.tardis-apia.ldos-ut-pg0.wisc.cloudlab.us,tencentBlock_18605,lru,0.1,29,21,1,3,0.7067,1.88,8122272,28937.216,1317932
node1.tardis-apia.ldos-ut-pg0.wisc.cloudlab.us,tencentBlock_18605,lruforgive,0.1,29,21,1,1,0.7001,1.14,8122272,28937.216,1317932
node1.tardis-apia.ldos-ut-pg0.wisc.cloudlab.us,tencentBlock_18605,lruforgive,0.1,29,21,1,2,0.7001,1.15,8122272,28937.216,1317932
node1.tardis-apia.ldos-ut-pg0.wisc.cloudlab.us,tencentBlock_18605,lruforgive,0.1,29,21,1,3,0.7001,1.14,8122272,28937.216,1317932
node1.tardis-apia.ldos-ut-pg0.wisc.cloudlab.us,tencentBlock_18605,s3fifo,0.1,29,21,1,1,0.6937,2.16,8122272,28937.216,1317932
node1.tardis-apia.ldos-ut-pg0.wisc.cloudlab.us,tencentBlock_18605,s3fifo,0.1,29,21,1,2,0.6937,2.14,8122272,28937.216,1317932
node1.tardis-apia.ldos-ut-pg0.wisc.cloudlab.us,tencentBlock_18605,s3fifo,0.1,29,21,1,3,0.6937,2.13,8122272,28937.216,1317932
node1.tardis-apia.ldos-ut-pg0.wisc.cloudlab.us,tencentBlock_18605,s3fifoforgive,0.1,29,21,1,1,0.6937,1.36,8122272,28937.216,1317932
node1.tardis-apia.ldos-ut-pg0.wisc.cloudlab.us,tencentBlock_18605,s3fifoforgive,0.1,29,21,1,2,0.6937,1.40,8122272,28937.216,1317932
node1.tardis-apia.ldos-ut-pg0.wisc.cloudlab.us,tencentBlock_18605,s3fifoforgive,0.1,29,21,1,3,0.6937,1.22,8122272,28937.216,1317932
node1.tardis-apia.ldos-ut-pg0.wisc.cloudlab.us,tencentBlock_18797,lru,10,1647,27,1,1,0.2059,0.71,10476637,16467.3536,1509537
node1.tardis-apia.ldos-ut-pg0.wisc.cloudlab.us,tencentBlock_18797,lru,10,1647,27,1,2,0.2059,0.71,10476637,16467.3536,1509537
node1.tardis-apia.ldos-ut-pg0.wisc.cloudlab.us,tencentBlock_18797,lru,10,1647,27,1,3,0.2059,0.70,10476637,16467.3536,1509537
node1.tardis-apia.ldos-ut-pg0.wisc.cloudlab.us,tencentBlock_18797,lruforgive,10,1647,27,1,1,0.2056,0.39,10476637,16467.3536,1509537
node1.tardis-apia.ldos-ut-pg0.wisc.cloudlab.us,tencentBlock_18797,lruforgive,10,1647,27,1,2,0.2056,0.40,10476637,16467.3536,1509537
node1.tardis-apia.ldos-ut-pg0.wisc.cloudlab.us,tencentBlock_18797,lruforgive,10,1647,27,1,3,0.2056,0.40,10476637,16467.3536,1509537
node1.tardis-apia.ldos-ut-pg0.wisc.cloudlab.us,tencentBlock_18797,s3fifo,10,1647,27,1,1,0.2195,0.77,10476637,16467.3536,1509537
node1.tardis-apia.ldos-ut-pg0.wisc.cloudlab.us,tencentBlock_18797,s3fifo,10,1647,27,1,2,0.2195,0.77,10476637,16467.3536,1509537
node1.tardis-apia.ldos-ut-pg0.wisc.cloudlab.us,tencentBlock_18797,s3fifo,10,1647,27,1,3,0.2195,0.77,10476637,16467.3536,1509537
node1.tardis-apia.ldos-ut-pg0.wisc.cloudlab.us,tencentBlock_18797,s3fifoforgive,10,1647,27,1,1,0.2195,0.44,10476637,16467.3536,1509537
node1.tardis-apia.ldos-ut-pg0.wisc.cloudlab.us,tencentBlock_18797,s3fifoforgive,10,1647,27,1,2,0.2195,0.44,10476637,16467.3536,1509537
node1.tardis-apia.ldos-ut-pg0.wisc.cloudlab.us,tencentBlock_18797,s3fifoforgive,10,1647,27,1,3,0.2195,0.45,10476637,16467.3536,1509537
node1.tardis-apia.ldos-ut-pg0.wisc.cloudlab.us,tencentBlock_18797,lru,0.1,16,20,1,1,0.8016,3.16,10476637,16467.3536,1509537
node1.tardis-apia.ldos-ut-pg0.wisc.cloudlab.us,tencentBlock_18797,lru,0.1,16,20,1,2,0.8016,3.13,10476637,16467.3536,1509537
node1.tardis-apia.ldos-ut-pg0.wisc.cloudlab.us,tencentBlock_18797,lru,0.1,16,20,1,3,0.8016,3.15,10476637,16467.3536,1509537
node1.tardis-apia.ldos-ut-pg0.wisc.cloudlab.us,tencentBlock_18797,lruforgive,0.1,16,20,1,1,0.7398,1.44,10476637,16467.3536,1509537
node1.tardis-apia.ldos-ut-pg0.wisc.cloudlab.us,tencentBlock_18797,lruforgive,0.1,16,20,1,2,0.7398,1.45,10476637,16467.3536,1509537
node1.tardis-apia.ldos-ut-pg0.wisc.cloudlab.us,tencentBlock_18797,lruforgive,0.1,16,20,1,3,0.7398,1.45,10476637,16467.3536,1509537
node1.tardis-apia.ldos-ut-pg0.wisc.cloudlab.us,tencentBlock_18797,s3fifo,0.1,16,20,1,1,0.7401,3.31,10476637,16467.3536,1509537
node1.tardis-apia.ldos-ut-pg0.wisc.cloudlab.us,tencentBlock_18797,s3fifo,0.1,16,20,1,2,0.7401,3.47,10476637,16467.3536,1509537
node1.tardis-apia.ldos-ut-pg0.wisc.cloudlab.us,tencentBlock_18797,s3fifo,0.1,16,20,1,3,0.7401,3.44,10476637,16467.3536,1509537
node1.tardis-apia.ldos-ut-pg0.wisc.cloudlab.us,tencentBlock_18797,s3fifoforgive,0.1,16,20,1,1,0.7357,2.05,10476637,16467.3536,1509537
node1.tardis-apia.ldos-ut-pg0.wisc.cloudlab.us,tencentBlock_18797,s3fifoforgive,0.1,16,20,1,2,0.7357,2.06,10476637,16467.3536,1509537
node1.tardis-apia.ldos-ut-pg0.wisc.cloudlab.us,tencentBlock_18797,s3fifoforgive,0.1,16,20,1,3,0.7357,2.09,10476637,16467.3536,1509537
node1.tardis-apia.ldos-ut-pg0.wisc.cloudlab.us,tencentBlock_1894,lru,10,4068,27,1,1,0.4919,0.52,11661330,40675.4304,5138208
node1.tardis-apia.ldos-ut-pg0.wisc.cloudlab.us,tencentBlock_1894,lru,10,4068,27,1,2,0.4919,0.51,11661330,40675.4304,5138208
node1.tardis-apia.ldos-ut-pg0.wisc.cloudlab.us,tencentBlock_1894,lru,10,4068,27,1,3,0.4919,0.52,11661330,40675.4304,5138208
node1.tardis-apia.ldos-ut-pg0.wisc.cloudlab.us,tencentBlock_1894,lruforgive,10,4068,27,1,1,0.4915,0.39,11661330,40675.4304,5138208
node1.tardis-apia.ldos-ut-pg0.wisc.cloudlab.us,tencentBlock_1894,lruforgive,10,4068,27,1,2,0.4915,0.39,11661330,40675.4304,5138208
node1.tardis-apia.ldos-ut-pg0.wisc.cloudlab.us,tencentBlock_1894,lruforgive,10,4068,27,1,3,0.4915,0.39,11661330,40675.4304,5138208
node1.tardis-apia.ldos-ut-pg0.wisc.cloudlab.us,tencentBlock_1894,s3fifo,10,4068,27,1,1,0.4967,0.53,11661330,40675.4304,5138208
node1.tardis-apia.ldos-ut-pg0.wisc.cloudlab.us,tencentBlock_1894,s3fifo,10,4068,27,1,2,0.4967,0.52,11661330,40675.4304,5138208
node1.tardis-apia.ldos-ut-pg0.wisc.cloudlab.us,tencentBlock_1894,s3fifo,10,4068,27,1,3,0.4967,0.52,11661330,40675.4304,5138208
node1.tardis-apia.ldos-ut-pg0.wisc.cloudlab.us,tencentBlock_1894,s3fifoforgive,10,4068,27,1,1,0.4967,0.40,11661330,40675.4304,5138208
node1.tardis-apia.ldos-ut-pg0.wisc.cloudlab.us,tencentBlock_1894,s3fifoforgive,10,4068,27,1,2,0.4967,0.40,11661330,40675.4304,5138208
node1.tardis-apia.ldos-ut-pg0.wisc.cloudlab.us,tencentBlock_1894,s3fifoforgive,10,4068,27,1,3,0.4967,0.37,11661330,40675.4304,5138208
node1.tardis-apia.ldos-ut-pg0.wisc.cloudlab.us,tencentBlock_1894,lru,0.1,41,21,1,1,0.6425,1.38,11661330,40675.4304,5138208
node1.tardis-apia.ldos-ut-pg0.wisc.cloudlab.us,tencentBlock_1894,lru,0.1,41,21,1,2,0.6425,1.37,11661330,40675.4304,5138208
node1.tardis-apia.ldos-ut-pg0.wisc.cloudlab.us,tencentBlock_1894,lru,0.1,41,21,1,3,0.6425,1.35,11661330,40675.4304,5138208
node1.tardis-apia.ldos-ut-pg0.wisc.cloudlab.us,tencentBlock_1894,lruforgive,0.1,41,21,1,1,0.6227,0.73,11661330,40675.4304,5138208
node1.tardis-apia.ldos-ut-pg0.wisc.cloudlab.us,tencentBlock_1894,lruforgive,0.1,41,21,1,2,0.6227,0.73,11661330,40675.4304,5138208
node1.tardis-apia.ldos-ut-pg0.wisc.cloudlab.us,tencentBlock_1894,lruforgive,0.1,41,21,1,3,0.6227,0.73,11661330,40675.4304,5138208
node1.tardis-apia.ldos-ut-pg0.wisc.cloudlab.us,tencentBlock_1894,s3fifo,0.1,41,21,1,1,0.6245,1.53,11661330,40675.4304,5138208
node1.tardis-apia.ldos-ut-pg0.wisc.cloudlab.us,tencentBlock_1894,s3fifo,0.1,41,21,1,2,0.6245,1.51,11661330,40675.4304,5138208
node1.tardis-apia.ldos-ut-pg0.wisc.cloudlab.us,tencentBlock_1894,s3fifo,0.1,41,21,1,3,0.6245,1.51,11661330,40675.4304,5138208
node1.tardis-apia.ldos-ut-pg0.wisc.cloudlab.us,tencentBlock_1894,s3fifoforgive,0.1,41,21,1,1,0.6243,0.88,11661330,40675.4304,5138208
node1.tardis-apia.ldos-ut-pg0.wisc.cloudlab.us,tencentBlock_1894,s3fifoforgive,0.1,41,21,1,2,0.6243,0.87,11661330,40675.4304,5138208
node1.tardis-apia.ldos-ut-pg0.wisc.cloudlab.us,tencentBlock_1894,s3fifoforgive,0.1,41,21,1,3,0.6243,0.87,11661330,40675.4304,5138208
node1.tardis-apia.ldos-ut-pg0.wisc.cloudlab.us,tencentBlock_18961,lru,10,1096,26,1,1,0.3430,0.66,6716770,10958.2336,1614432
node1.tardis-apia.ldos-ut-pg0.wisc.cloudlab.us,tencentBlock_18961,lru,10,1096,26,1,2,0.3430,0.66,6716770,10958.2336,1614432
node1.tardis-apia.ldos-ut-pg0.wisc.cloudlab.us,tencentBlock_18961,lru,10,1096,26,1,3,0.3430,0.65,6716770,10958.2336,1614432
node1.tardis-apia.ldos-ut-pg0.wisc.cloudlab.us,tencentBlock_18961,lruforgive,10,1096,26,1,1,0.3426,0.45,6716770,10958.2336,1614432
node1.tardis-apia.ldos-ut-pg0.wisc.cloudlab.us,tencentBlock_18961,lruforgive,10,1096,26,1,2,0.3426,0.45,6716770,10958.2336,1614432
node1.tardis-apia.ldos-ut-pg0.wisc.cloudlab.us,tencentBlock_18961,lruforgive,10,1096,26,1,3,0.3426,0.45,6716770,10958.2336,1614432
node1.tardis-apia.ldos-ut-pg0.wisc.cloudlab.us,tencentBlock_18961,s3fifo,10,1096,26,1,1,0.3362,0.70,6716770,10958.2336,1614432
node1.tardis-apia.ldos-ut-pg0.wisc.cloudlab.us,tencentBlock_18961,s3fifo,10,1096,26,1,2,0.3362,0.69,6716770,10958.2336,1614432
node1.tardis-apia.ldos-ut-pg0.wisc.cloudlab.us,tencentBlock_18961,s3fifo,10,1096,26,1,3,0.3362,0.70,6716770,10958.2336,1614432
node1.tardis-apia.ldos-ut-pg0.wisc.cloudlab.us,tencentBlock_18961,s3fifoforgive,10,1096,26,1,1,0.3362,0.46,6716770,10958.2336,1614432
node1.tardis-apia.ldos-ut-pg0.wisc.cloudlab.us,tencentBlock_18961,s3fifoforgive,10,1096,26,1,2,0.3362,0.46,6716770,10958.2336,1614432
node1.tardis-apia.ldos-ut-pg0.wisc.cloudlab.us,tencentBlock_18961,s3fifoforgive,10,1096,26,1,3,0.3362,0.46,6716770,10958.2336,1614432
node1.tardis-apia.ldos-ut-pg0.wisc.cloudlab.us,tencentBlock_18961,lru,0.1,11,19,1,1,0.5062,2.42,6716770,10958.2336,1614432
node1.tardis-apia.ldos-ut-pg0.wisc.cloudlab.us,tencentBlock_18961,lru,0.1,11,19,1,2,0.5062,2.51,6716770,10958.2336,1614432
node1.tardis-apia.ldos-ut-pg0.wisc.cloudlab.us,tencentBlock_18961,lru,0.1,11,19,1,3,0.5062,2.48,6716770,10958.2336,1614432
node1.tardis-apia.ldos-ut-pg0.wisc.cloudlab.us,tencentBlock_18961,lruforgive,0.1,11,19,1,1,0.5032,1.00,6716770,10958.2336,1614432
node1.tardis-apia.ldos-ut-pg0.wisc.cloudlab.us,tencentBlock_18961,lruforgive,0.1,11,19,1,2,0.5032,1.00,6716770,10958.2336,1614432
node1.tardis-apia.ldos-ut-pg0.wisc.cloudlab.us,tencentBlock_18961,lruforgive,0.1,11,19,1,3,0.5032,0.99,6716770,10958.2336,1614432
node1.tardis-apia.ldos-ut-pg0.wisc.cloudlab.us,tencentBlock_18961,s3fifo,0.1,11,19,1,1,0.5103,2.58,6716770,10958.2336,1614432
node1.tardis-apia.ldos-ut-pg0.wisc.cloudlab.us,tencentBlock_18961,s3fifo,0.1,11,19,1,2,0.5103,2.68,6716770,10958.2336,1614432
node1.tardis-apia.ldos-ut-pg0.wisc.cloudlab.us,tencentBlock_18961,s3fifo,0.1,11,19,1,3,0.5103,2.52,6716770,10958.2336,1614432
node1.tardis-apia.ldos-ut-pg0.wisc.cloudlab.us,tencentBlock_18961,s3fifoforgive,0.1,11,19,1,1,0.5103,1.10,6716770,10958.2336,1614432
node1.tardis-apia.ldos-ut-pg0.wisc.cloudlab.us,tencentBlock_18961,s3fifoforgive,0.1,11,19,1,2,0.5103,1.30,6716770,10958.2336,1614432
node1.tardis-apia.ldos-ut-pg0.wisc.cloudlab.us,tencentBlock_18961,s3fifoforgive,0.1,11,19,1,3,0.5103,1.29,6716770,10958.2336,1614432
node1.tardis-apia.ldos-ut-pg0.wisc.cloudlab.us,tencentBlock_1900,lru,10,2433,27,1,1,0.5441,0.35,9099110,24326.3488,1390313
node1.tardis-apia.ldos-ut-pg0.wisc.cloudlab.us,tencentBlock_1900,lru,10,2433,27,1,2,0.5441,0.35,9099110,24326.3488,1390313
node1.tardis-apia.ldos-ut-pg0.wisc.cloudlab.us,tencentBlock_1900,lru,10,2433,27,1,3,0.5441,0.34,9099110,24326.3488,1390313
node1.tardis-apia.ldos-ut-pg0.wisc.cloudlab.us,tencentBlock_1900,lruforgive,10,2433,27,1,1,0.5442,0.26,9099110,24326.3488,1390313
node1.tardis-apia.ldos-ut-pg0.wisc.cloudlab.us,tencentBlock_1900,lruforgive,10,2433,27,1,2,0.5442,0.26,9099110,24326.3488,1390313
node1.tardis-apia.ldos-ut-pg0.wisc.cloudlab.us,tencentBlock_1900,lruforgive,10,2433,27,1,3,0.5442,0.26,9099110,24326.3488,1390313
node1.tardis-apia.ldos-ut-pg0.wisc.cloudlab.us,tencentBlock_1900,s3fifo,10,2433,27,1,1,0.5362,0.34,9099110,24326.3488,1390313
node1.tardis-apia.ldos-ut-pg0.wisc.cloudlab.us,tencentBlock_1900,s3fifo,10,2433,27,1,2,0.5362,0.34,9099110,24326.3488,1390313
node1.tardis-apia.ldos-ut-pg0.wisc.cloudlab.us,tencentBlock_1900,s3fifo,10,2433,27,1,3,0.5362,0.34,9099110,24326.3488,1390313
node1.tardis-apia.ldos-ut-pg0.wisc.cloudlab.us,tencentBlock_1900,s3fifoforgive,10,2433,27,1,1,0.5362,0.28,9099110,24326.3488,1390313
node1.tardis-apia.ldos-ut-pg0.wisc.cloudlab.us,tencentBlock_1900,s3fifoforgive,10,2433,27,1,2,0.5362,0.28,9099110,24326.3488,1390313
node1.tardis-apia.ldos-ut-pg0.wisc.cloudlab.us,tencentBlock_1900,s3fifoforgive,10,2433,27,1,3,0.5362,0.28,9099110,24326.3488,1390313
node1.tardis-apia.ldos-ut-pg0.wisc.cloudlab.us,tencentBlock_1900,lru,0.1,24,21,1,1,0.6166,1.73,9099110,24326.3488,1390313
node1.tardis-apia.ldos-ut-pg0.wisc.cloudlab.us,tencentBlock_1900,lru,0.1,24,21,1,2,0.6166,1.70,9099110,24326.3488,1390313
node1.tardis-apia.ldos-ut-pg0.wisc.cloudlab.us,tencentBlock_1900,lru,0.1,24,21,1,3,0.6166,1.72,9099110,24326.3488,1390313
node1.tardis-apia.ldos-ut-pg0.wisc.cloudlab.us,tencentBlock_1900,lruforgive,0.1,24,21,1,1,0.6162,0.79,9099110,24326.3488,1390313
node1.tardis-apia.ldos-ut-pg0.wisc.cloudlab.us,tencentBlock_1900,lruforgive,0.1,24,21,1,2,0.6162,0.79,9099110,24326.3488,1390313
node1.tardis-apia.ldos-ut-pg0.wisc.cloudlab.us,tencentBlock_1900,lruforgive,0.1,24,21,1,3,0.6162,0.77,9099110,24326.3488,1390313
node1.tardis-apia.ldos-ut-pg0.wisc.cloudlab.us,tencentBlock_1900,s3fifo,0.1,24,21,1,1,0.6180,1.76,9099110,24326.3488,1390313
node1.tardis-apia.ldos-ut-pg0.wisc.cloudlab.us,tencentBlock_1900,s3fifo,0.1,24,21,1,2,0.6180,1.75,9099110,24326.3488,1390313
node1.tardis-apia.ldos-ut-pg0.wisc.cloudlab.us,tencentBlock_1900,s3fifo,0.1,24,21,1,3,0.6180,1.75,9099110,24326.3488,1390313
node1.tardis-apia.ldos-ut-pg0.wisc.cloudlab.us,tencentBlock_1900,s3fifoforgive,0.1,24,21,1,1,0.6179,0.90,9099110,24326.3488,1390313
node1.tardis-apia.ldos-ut-pg0.wisc.cloudlab.us,tencentBlock_1900,s3fifoforgive,0.1,24,21,1,2,0.6179,0.90,9099110,24326.3488,1390313
node1.tardis-apia.ldos-ut-pg0.wisc.cloudlab.us,tencentBlock_1900,s3fifoforgive,0.1,24,21,1,3,0.6179,0.89,9099110,24326.3488,1390313
node1.tardis-apia.ldos-ut-pg0.wisc.cloudlab.us,tencentBlock_1911,lru,10,13977,27,1,1,0.9966,0.08,3049148,139773.5424,2236444
node1.tardis-apia.ldos-ut-pg0.wisc.cloudlab.us,tencentBlock_1911,lru,10,13977,27,1,2,0.9966,0.08,3049148,139773.5424,2236444
node1.tardis-apia.ldos-ut-pg0.wisc.cloudlab.us,tencentBlock_1911,lru,10,13977,27,1,3,0.9966,0.08,3049148,139773.5424,2236444
node1.tardis-apia.ldos-ut-pg0.wisc.cloudlab.us,tencentBlock_1911,lruforgive,10,13977,27,1,1,0.9966,0.09,3049148,139773.5424,2236444
node1.tardis-apia.ldos-ut-pg0.wisc.cloudlab.us,tencentBlock_1911,lruforgive,10,13977,27,1,2,0.9966,0.09,3049148,139773.5424,2236444
node1.tardis-apia.ldos-ut-pg0.wisc.cloudlab.us,tencentBlock_1911,lruforgive,10,13977,27,1,3,0.9966,0.09,3049148,139773.5424,2236444
node1.tardis-apia.ldos-ut-pg0.wisc.cloudlab.us,tencentBlock_1911,s3fifo,10,13977,27,1,1,0.9948,0.08,3049148,139773.5424,2236444
node1.tardis-apia.ldos-ut-pg0.wisc.cloudlab.us,tencentBlock_1911,s3fifo,10,13977,27,1,2,0.9948,0.08,3049148,139773.5424,2236444
node1.tardis-apia.ldos-ut-pg0.wisc.cloudlab.us,tencentBlock_1911,s3fifo,10,13977,27,1,3,0.9948,0.08,3049148,139773.5424,2236444
node1.tardis-apia.ldos-ut-pg0.wisc.cloudlab.us,tencentBlock_1911,s3fifoforgive,10,13977,27,1,1,0.9948,0.09,3049148,139773.5424,2236444
node1.tardis-apia.ldos-ut-pg0.wisc.cloudlab.us,tencentBlock_1911,s3fifoforgive,10,13977,27,1,2,0.9948,0.09,3049148,139773.5424,2236444
node1.tardis-apia.ldos-ut-pg0.wisc.cloudlab.us,tencentBlock_1911,s3fifoforgive,10,13977,27,1,3,0.9948,0.09,3049148,139773.5424,2236444
node1.tardis-apia.ldos-ut-pg0.wisc.cloudlab.us,tencentBlock_1911,lru,0.1,140,23,1,1,0.9999,0.13,3049148,139773.5424,2236444
node1.tardis-apia.ldos-ut-pg0.wisc.cloudlab.us,tencentBlock_1911,lru,0.1,140,23,1,2,0.9999,0.13,3049148,139773.5424,2236444
node1.tardis-apia.ldos-ut-pg0.wisc.cloudlab.us,tencentBlock_1911,lru,0.1,140,23,1,3,0.9999,0.13,3049148,139773.5424,2236444
node1.tardis-apia.ldos-ut-pg0.wisc.cloudlab.us,tencentBlock_1911,lruforgive,0.1,140,23,1,1,0.9999,0.13,3049148,139773.5424,2236444
node1.tardis-apia.ldos-ut-pg0.wisc.cloudlab.us,tencentBlock_1911,lruforgive,0.1,140,23,1,2,0.9999,0.13,3049148,139773.5424,2236444
node1.tardis-apia.ldos-ut-pg0.wisc.cloudlab.us,tencentBlock_1911,lruforgive,0.1,140,23,1,3,0.9999,0.13,3049148,139773.5424,2236444
node1.tardis-apia.ldos-ut-pg0.wisc.cloudlab.us,tencentBlock_1911,s3fifo,0.1,140,23,1,1,0.9999,0.12,3049148,139773.5424,2236444
node1.tardis-apia.ldos-ut-pg0.wisc.cloudlab.us,tencentBlock_1911,s3fifo,0.1,140,23,1,2,0.9999,0.12,3049148,139773.5424,2236444
node1.tardis-apia.ldos-ut-pg0.wisc.cloudlab.us,tencentBlock_1911,s3fifo,0.1,140,23,1,3,0.9999,0.12,3049148,139773.5424,2236444
node1.tardis-apia.ldos-ut-pg0.wisc.cloudlab.us,tencentBlock_1911,s3fifoforgive,0.1,140,23,1,1,0.9999,0.13,3049148,139773.5424,2236444
node1.tardis-apia.ldos-ut-pg0.wisc.cloudlab.us,tencentBlock_1911,s3fifoforgive,0.1,140,23,1,2,0.9999,0.13,3049148,139773.5424,2236444
node1.tardis-apia.ldos-ut-pg0.wisc.cloudlab.us,tencentBlock_1911,s3fifoforgive,0.1,140,23,1,3,0.9999,0.13,3049148,139773.5424,2236444
node1.tardis-apia.ldos-ut-pg0.wisc.cloudlab.us,tencentBlock_19120,lru,10,9174,27,1,1,0.6738,0.13,4062356,91743.4368,1917121
node1.tardis-apia.ldos-ut-pg0.wisc.cloudlab.us,tencentBlock_19120,lru,10,9174,27,1,2,0.6738,0.13,4062356,91743.4368,1917121
node1.tardis-apia.ldos-ut-pg0.wisc.cloudlab.us,tencentBlock_19120,lru,10,9174,27,1,3,0.6738,0.13,4062356,91743.4368,1917121
node1.tardis-apia.ldos-ut-pg0.wisc.cloudlab.us,tencentBlock_19120,lruforgive,10,9174,27,1,1,0.6723,0.14,4062356,91743.4368,1917121
node1.tardis-apia.ldos-ut-pg0.wisc.cloudlab.us,tencentBlock_19120,lruforgive,10,9174,27,1,2,0.6724,0.14,4062356,91743.4368,1917121
node1.tardis-apia.ldos-ut-pg0.wisc.cloudlab.us,tencentBlock_19120,lruforgive,10,9174,27,1,3,0.6724,0.14,4062356,91743.4368,1917121
node1.tardis-apia.ldos-ut-pg0.wisc.cloudlab.us,tencentBlock_19120,s3fifo,10,9174,27,1,1,0.6306,0.14,4062356,91743.4368,1917121
node1.tardis-apia.ldos-ut-pg0.wisc.cloudlab.us,tencentBlock_19120,s3fifo,10,9174,27,1,2,0.6306,0.14,4062356,91743.4368,1917121
node1.tardis-apia.ldos-ut-pg0.wisc.cloudlab.us,tencentBlock_19120,s3fifo,10,9174,27,1,3,0.6306,0.14,4062356,91743.4368,1917121
node1.tardis-apia.ldos-ut-pg0.wisc.cloudlab.us,tencentBlock_19120,s3fifoforgive,10,9174,27,1,1,0.6306,0.15,4062356,91743.4368,1917121
node1.tardis-apia.ldos-ut-pg0.wisc.cloudlab.us,tencentBlock_19120,s3fifoforgive,10,9174,27,1,2,0.6306,0.15,4062356,91743.4368,1917121
node1.tardis-apia.ldos-ut-pg0.wisc.cloudlab.us,tencentBlock_19120,s3fifoforgive,10,9174,27,1,3,0.6306,0.15,4062356,91743.4368,1917121
node1.tardis-apia.ldos-ut-pg0.wisc.cloudlab.us,tencentBlock_19120,lru,0.1,92,23,1,1,0.7484,0.26,4062356,91743.4368,1917121
node1.tardis-apia.ldos-ut-pg0.wisc.cloudlab.us,tencentBlock_19120,lru,0.1,92,23,1,2,0.7484,0.26,4062356,91743.4368,1917121
node1.tardis-apia.ldos-ut-pg0.wisc.cloudlab.us,tencentBlock_19120,lru,0.1,92,23,1,3,0.7484,0.26,4062356,91743.4368,1917121
node1.tardis-apia.ldos-ut-pg0.wisc.cloudlab.us,tencentBlock_19120,lruforgive,0.1,92,23,1,1,0.7450,0.24,4062356,91743.4368,1917121
node1.tardis-apia.ldos-ut-pg0.wisc.cloudlab.us,tencentBlock_19120,lruforgive,0.1,92,23,1,2,0.7450,0.24,4062356,91743.4368,1917121
node1.tardis-apia.ldos-ut-pg0.wisc.cloudlab.us,tencentBlock_19120,lruforgive,0.1,92,23,1,3,0.7450,0.24,4062356,91743.4368,1917121
node1.tardis-apia.ldos-ut-pg0.wisc.cloudlab.us,tencentBlock_19120,s3fifo,0.1,92,23,1,1,0.7445,0.37,4062356,91743.4368,1917121
node1.tardis-apia.ldos-ut-pg0.wisc.cloudlab.us,tencentBlock_19120,s3fifo,0.1,92,23,1,2,0.7445,0.37,4062356,91743.4368,1917121
node1.tardis-apia.ldos-ut-pg0.wisc.cloudlab.us,tencentBlock_19120,s3fifo,0.1,92,23,1,3,0.7445,0.37,4062356,91743.4368,1917121
node1.tardis-apia.ldos-ut-pg0.wisc.cloudlab.us,tencentBlock_19120,s3fifoforgive,0.1,92,23,1,1,0.7444,0.34,4062356,91743.4368,1917121
node1.tardis-apia.ldos-ut-pg0.wisc.cloudlab.us,tencentBlock_19120,s3fifoforgive,0.1,92,23,1,2,0.7444,0.33,4062356,91743.4368,1917121
node1.tardis-apia.ldos-ut-pg0.wisc.cloudlab.us,tencentBlock_19120,s3fifoforgive,0.1,92,23,1,3,0.7444,0.33,4062356,91743.4368,1917121
node1.tardis-apia.ldos-ut-pg0.wisc.cloudlab.us,tencentBlock_19202,lru,10,2560,27,1,1,0.2387,0.59,16602828,25596.2112,2003386
node1.tardis-apia.ldos-ut-pg0.wisc.cloudlab.us,tencentBlock_19202,lru,10,2560,27,1,2,0.2387,0.59,16602828,25596.2112,2003386
node1.tardis-apia.ldos-ut-pg0.wisc.cloudlab.us,tencentBlock_19202,lru,10,2560,27,1,3,0.2387,0.58,16602828,25596.2112,2003386
node1.tardis-apia.ldos-ut-pg0.wisc.cloudlab.us,tencentBlock_19202,lruforgive,10,2560,27,1,1,0.2388,0.34,16602828,25596.2112,2003386
node1.tardis-apia.ldos-ut-pg0.wisc.cloudlab.us,tencentBlock_19202,lruforgive,10,2560,27,1,2,0.2388,0.34,16602828,25596.2112,2003386
node1.tardis-apia.ldos-ut-pg0.wisc.cloudlab.us,tencentBlock_19202,lruforgive,10,2560,27,1,3,0.2388,0.34,16602828,25596.2112,2003386
node1.tardis-apia.ldos-ut-pg0.wisc.cloudlab.us,tencentBlock_19202,s3fifo,10,2560,27,1,1,0.2705,0.58,16602828,25596.2112,2003386
node1.tardis-apia.ldos-ut-pg0.wisc.cloudlab.us,tencentBlock_19202,s3fifo,10,2560,27,1,2,0.2705,0.58,16602828,25596.2112,2003386
node1.tardis-apia.ldos-ut-pg0.wisc.cloudlab.us,tencentBlock_19202,s3fifo,10,2560,27,1,3,0.2705,0.58,16602828,25596.2112,2003386
node1.tardis-apia.ldos-ut-pg0.wisc.cloudlab.us,tencentBlock_19202,s3fifoforgive,10,2560,27,1,1,0.2705,0.37,16602828,25596.2112,2003386
node1.tardis-apia.ldos-ut-pg0.wisc.cloudlab.us,tencentBlock_19202,s3fifoforgive,10,2560,27,1,2,0.2705,0.37,16602828,25596.2112,2003386
node1.tardis-apia.ldos-ut-pg0.wisc.cloudlab.us,tencentBlock_19202,s3fifoforgive,10,2560,27,1,3,0.2705,0.37,16602828,25596.2112,2003386
node1.tardis-apia.ldos-ut-pg0.wisc.cloudlab.us,tencentBlock_19202,lru,0.1,26,21,1,1,0.5320,1.60,16602828,25596.2112,2003386
node1.tardis-apia.ldos-ut-pg0.wisc.cloudlab.us,tencentBlock_19202,lru,0.1,26,21,1,2,0.5320,1.58,16602828,25596.2112,2003386
node1.tardis-apia.ldos-ut-pg0.wisc.cloudlab.us,tencentBlock_19202,lru,0.1,26,21,1,3,0.5320,1.59,16602828,25596.2112,2003386
node1.tardis-apia.ldos-ut-pg0.wisc.cloudlab.us,tencentBlock_19202,lruforgive,0.1,26,21,1,1,0.4708,0.59,16602828,25596.2112,2003386
node1.tardis-apia.ldos-ut-pg0.wisc.cloudlab.us,tencentBlock_19202,lruforgive,0.1,26,21,1,2,0.4708,0.59,16602828,25596.2112,2003386
node1.tardis-apia.ldos-ut-pg0.wisc.cloudlab.us,tencentBlock_19202,lruforgive,0.1,26,21,1,3,0.4708,0.59,16602828,25596.2112,2003386
node1.tardis-apia.ldos-ut-pg0.wisc.cloudlab.us,tencentBlock_19202,s3fifo,0.1,26,21,1,1,0.4690,1.72,16602828,25596.2112,2003386
node1.tardis-apia.ldos-ut-pg0.wisc.cloudlab.us,tencentBlock_19202,s3fifo,0.1,26,21,1,2,0.4690,1.70,16602828,25596.2112,2003386
node1.tardis-apia.ldos-ut-pg0.wisc.cloudlab.us,tencentBlock_19202,s3fifo,0.1,26,21,1,3,0.4690,1.72,16602828,25596.2112,2003386
node1.tardis-apia.ldos-ut-pg0.wisc.cloudlab.us,tencentBlock_19202,s3fifoforgive,0.1,26,21,1,1,0.4670,0.91,16602828,25596.2112,2003386
node1.tardis-apia.ldos-ut-pg0.wisc.cloudlab.us,tencentBlock_19202,s3fifoforgive,0.1,26,21,1,2,0.4670,0.91,16602828,25596.2112,2003386
node1.tardis-apia.ldos-ut-pg0.wisc.cloudlab.us,tencentBlock_19202,s3fifoforgive,0.1,26,21,1,3,0.4670,0.91,16602828,25596.2112,2003386
node1.tardis-apia.ldos-ut-pg0.wisc.cloudlab.us,tencentBlock_19220,lru,10,1627,27,1,1,0.1955,0.74,10788057,16273.8176,1503564
node1.tardis-apia.ldos-ut-pg0.wisc.cloudlab.us,tencentBlock_19220,lru,10,1627,27,1,2,0.1955,0.74,10788057,16273.8176,1503564
node1.tardis-apia.ldos-ut-pg0.wisc.cloudlab.us,tencentBlock_19220,lru,10,1627,27,1,3,0.1955,0.73,10788057,16273.8176,1503564
node1.tardis-apia.ldos-ut-pg0.wisc.cloudlab.us,tencentBlock_19220,lruforgive,10,1627,27,1,1,0.1951,0.40,10788057,16273.8176,1503564
node1.tardis-apia.ldos-ut-pg0.wisc.cloudlab.us,tencentBlock_19220,lruforgive,10,1627,27,1,2,0.1951,0.40,10788057,16273.8176,1503564
node1.tardis-apia.ldos-ut-pg0.wisc.cloudlab.us,tencentBlock_19220,lruforgive,10,1627,27,1,3,0.1951,0.40,10788057,16273.8176,1503564
node1.tardis-apia.ldos-ut-pg0.wisc.cloudlab.us,tencentBlock_19220,s3fifo,10,1627,27,1,1,0.2087,0.81,10788057,16273.8176,1503564
node1.tardis-apia.ldos-ut-pg0.wisc.cloudlab.us,tencentBlock_19220,s3fifo,10,1627,27,1,2,0.2087,0.80,10788057,16273.8176,1503564
node1.tardis-apia.ldos-ut-pg0.wisc.cloudlab.us,tencentBlock_19220,s3fifo,10,1627,27,1,3,0.2087,0.80,10788057,16273.8176,1503564
node1.tardis-apia.ldos-ut-pg0.wisc.cloudlab.us,tencentBlock_19220,s3fifoforgive,10,1627,27,1,1,0.2087,0.45,10788057,16273.8176,1503564
node1.tardis-apia.ldos-ut-pg0.wisc.cloudlab.us,tencentBlock_19220,s3fifoforgive,10,1627,27,1,2,0.2087,0.45,10788057,16273.8176,1503564
node1.tardis-apia.ldos-ut-pg0.wisc.cloudlab.us,tencentBlock_19220,s3fifoforgive,10,1627,27,1,3,0.2087,0.45,10788057,16273.8176,1503564
node1.tardis-apia.ldos-ut-pg0.wisc.cloudlab.us,tencentBlock_19220,lru,0.1,16,20,1,1,0.8522,3.28,10788057,16273.8176,1503564
node1.tardis-apia.ldos-ut-pg0.wisc.cloudlab.us,tencentBlock_19220,lru,0.1,16,20,1,2,0.8522,3.26,10788057,16273.8176,1503564
node1.tardis-apia.ldos-ut-pg0.wisc.cloudlab.us,tencentBlock_19220,lru,0.1,16,20,1,3,0.8522,3.26,10788057,16273.8176,1503564
node1.tardis-apia.ldos-ut-pg0.wisc.cloudlab.us,tencentBlock_19220,lruforgive,0.1,16,20,1,1,0.8008,1.48,10788057,16273.8176,1503564
node1.tardis-apia.ldos-ut-pg0.wisc.cloudlab.us,tencentBlock_19220,lruforgive,0.1,16,20,1,2,0.8008,1.49,10788057,16273.8176,1503564
node1.tardis-apia.ldos-ut-pg0.wisc.cloudlab.us,tencentBlock_19220,lruforgive,0.1,16,20,1,3,0.8008,1.50,10788057,16273.8176,1503564
node1.tardis-apia.ldos-ut-pg0.wisc.cloudlab.us,tencentBlock_19220,s3fifo,0.1,16,20,1,1,0.8002,3.59,10788057,16273.8176,1503564
node1.tardis-apia.ldos-ut-pg0.wisc.cloudlab.us,tencentBlock_19220,s3fifo,0.1,16,20,1,2,0.8002,3.50,10788057,16273.8176,1503564
node1.tardis-apia.ldos-ut-pg0.wisc.cloudlab.us,tencentBlock_19220,s3fifo,0.1,16,20,1,3,0.8002,3.55,10788057,16273.8176,1503564
node1.tardis-apia.ldos-ut-pg0.wisc.cloudlab.us,tencentBlock_19220,s3fifoforgive,0.1,16,20,1,1,0.7962,2.37,10788057,16273.8176,1503564
node1.tardis-apia.ldos-ut-pg0.wisc.cloudlab.us,tencentBlock_19220,s3fifoforgive,0.1,16,20,1,2,0.7962,2.31,10788057,16273.8176,1503564
node1.tardis-apia.ldos-ut-pg0.wisc.cloudlab.us,tencentBlock_19220,s3fifoforgive,0.1,16,20,1,3,0.7962,2.27,10788057,16273.8176,1503564
node1.tardis-apia.ldos-ut-pg0.wisc.cloudlab.us,tencentBlock_19260,lru,10,1729,27,1,1,0.2176,0.68,11090627,17285.3248,1545000
node1.tardis-apia.ldos-ut-pg0.wisc.cloudlab.us,tencentBlock_19260,lru,10,1729,27,1,2,0.2176,0.67,11090627,17285.3248,1545000
node1.tardis-apia.ldos-ut-pg0.wisc.cloudlab.us,tencentBlock_19260,lru,10,1729,27,1,3,0.2176,0.66,11090627,17285.3248,1545000
node1.tardis-apia.ldos-ut-pg0.wisc.cloudlab.us,tencentBlock_19260,lruforgive,10,1729,27,1,1,0.2177,0.38,11090627,17285.3248,1545000
node1.tardis-apia.ldos-ut-pg0.wisc.cloudlab.us,tencentBlock_19260,lruforgive,10,1729,27,1,2,0.2177,0.37,11090627,17285.3248,1545000
node1.tardis-apia.ldos-ut-pg0.wisc.cloudlab.us,tencentBlock_19260,lruforgive,10,1729,27,1,3,0.2177,0.38,11090627,17285.3248,1545000
node1.tardis-apia.ldos-ut-pg0.wisc.cloudlab.us,tencentBlock_19260,s3fifo,10,1729,27,1,1,0.2285,0.74,11090627,17285.3248,1545000
node1.tardis-apia.ldos-ut-pg0.wisc.cloudlab.us,tencentBlock_19260,s3fifo,10,1729,27,1,2,0.2285,0.73,11090627,17285.3248,1545000
node1.tardis-apia.ldos-ut-pg0.wisc.cloudlab.us,tencentBlock_19260,s3fifo,10,1729,27,1,3,0.2285,0.74,11090627,17285.3248,1545000
node1.tardis-apia.ldos-ut-pg0.wisc.cloudlab.us,tencentBlock_19260,s3fifoforgive,10,1729,27,1,1,0.2284,0.43,11090627,17285.3248,1545000
node1.tardis-apia.ldos-ut-pg0.wisc.cloudlab.us,tencentBlock_19260,s3fifoforgive,10,1729,27,1,2,0.2284,0.43,11090627,17285.3248,1545000
node1.tardis-apia.ldos-ut-pg0.wisc.cloudlab.us,tencentBlock_19260,s3fifoforgive,10,1729,27,1,3,0.2284,0.43,11090627,17285.3248,1545000
node1.tardis-apia.ldos-ut-pg0.wisc.cloudlab.us,tencentBlock_19260,lru,0.1,17,20,1,1,0.5807,1.87,11090627,17285.3248,1545000
node1.tardis-apia.ldos-ut-pg0.wisc.cloudlab.us,tencentBlock_19260,lru,0.1,17,20,1,2,0.5807,1.84,11090627,17285.3248,1545000
node1.tardis-apia.ldos-ut-pg0.wisc.cloudlab.us,tencentBlock_19260,lru,0.1,17,20,1,3,0.5807,1.83,11090627,17285.3248,1545000
node1.tardis-apia.ldos-ut-pg0.wisc.cloudlab.us,tencentBlock_19260,lruforgive,0.1,17,20,1,1,0.4988,0.56,11090627,17285.3248,1545000
node1.tardis-apia.ldos-ut-pg0.wisc.cloudlab.us,tencentBlock_19260,lruforgive,0.1,17,20,1,2,0.4988,0.57,11090627,17285.3248,1545000
node1.tardis-apia.ldos-ut-pg0.wisc.cloudlab.us,tencentBlock_19260,lruforgive,0.1,17,20,1,3,0.4988,0.55,11090627,17285.3248,1545000
node1.tardis-apia.ldos-ut-pg0.wisc.cloudlab.us,tencentBlock_19260,s3fifo,0.1,17,20,1,1,0.4908,1.92,11090627,17285.3248,1545000
node1.tardis-apia.ldos-ut-pg0.wisc.cloudlab.us,tencentBlock_19260,s3fifo,0.1,17,20,1,2,0.4908,1.94,11090627,17285.3248,1545000
node1.tardis-apia.ldos-ut-pg0.wisc.cloudlab.us,tencentBlock_19260,s3fifo,0.1,17,20,1,3,0.4908,1.94,11090627,17285.3248,1545000
node1.tardis-apia.ldos-ut-pg0.wisc.cloudlab.us,tencentBlock_19260,s3fifoforgive,0.1,17,20,1,1,0.4855,0.98,11090627,17285.3248,1545000
node1.tardis-apia.ldos-ut-pg0.wisc.cloudlab.us,tencentBlock_19260,s3fifoforgive,0.1,17,20,1,2,0.4855,0.99,11090627,17285.3248,1545000
node1.tardis-apia.ldos-ut-pg0.wisc.cloudlab.us,tencentBlock_19260,s3fifoforgive,0.1,17,20,1,3,0.4855,0.98,11090627,17285.3248,1545000
node1.tardis-apia.ldos-ut-pg0.wisc.cloudlab.us,tencentBlock_19265,lru,10,1630,27,1,1,0.1920,0.75,10752568,16296.6528,1502016
node1.tardis-apia.ldos-ut-pg0.wisc.cloudlab.us,tencentBlock_19265,lru,10,1630,27,1,2,0.1920,0.74,10752568,16296.6528,1502016
node1.tardis-apia.ldos-ut-pg0.wisc.cloudlab.us,tencentBlock_19265,lru,10,1630,27,1,3,0.1920,0.74,10752568,16296.6528,1502016
node1.tardis-apia.ldos-ut-pg0.wisc.cloudlab.us,tencentBlock_19265,lruforgive,10,1630,27,1,1,0.1916,0.41,10752568,16296.6528,1502016
node1.tardis-apia.ldos-ut-pg0.wisc.cloudlab.us,tencentBlock_19265,lruforgive,10,1630,27,1,2,0.1916,0.40,10752568,16296.6528,1502016
node1.tardis-apia.ldos-ut-pg0.wisc.cloudlab.us,tencentBlock_19265,lruforgive,10,1630,27,1,3,0.1916,0.40,10752568,16296.6528,1502016
node1.tardis-apia.ldos-ut-pg0.wisc.cloudlab.us,tencentBlock_19265,s3fifo,10,1630,27,1,1,0.2068,0.81,10752568,16296.6528,1502016
node1.tardis-apia.ldos-ut-pg0.wisc.cloudlab.us,tencentBlock_19265,s3fifo,10,1630,27,1,2,0.2068,0.80,10752568,16296.6528,1502016
node1.tardis-apia.ldos-ut-pg0.wisc.cloudlab.us,tencentBlock_19265,s3fifo,10,1630,27,1,3,0.2068,0.80,10752568,16296.6528,1502016
node1.tardis-apia.ldos-ut-pg0.wisc.cloudlab.us,tencentBlock_19265,s3fifoforgive,10,1630,27,1,1,0.2068,0.45,10752568,16296.6528,1502016
node1.tardis-apia.ldos-ut-pg0.wisc.cloudlab.us,tencentBlock_19265,s3fifoforgive,10,1630,27,1,2,0.2068,0.45,10752568,16296.6528,1502016
node1.tardis-apia.ldos-ut-pg0.wisc.cloudlab.us,tencentBlock_19265,s3fifoforgive,10,1630,27,1,3,0.2068,0.45,10752568,16296.6528,1502016
node1.tardis-apia.ldos-ut-pg0.wisc.cloudlab.us,tencentBlock_19265,lru,0.1,16,20,1,1,0.5597,1.91,10752568,16296.6528,1502016
node1.tardis-apia.ldos-ut-pg0.wisc.cloudlab.us,tencentBlock_19265,lru,0.1,16,20,1,2,0.5597,1.91,10752568,16296.6528,1502016
node1.tardis-apia.ldos-ut-pg0.wisc.cloudlab.us,tencentBlock_19265,lru,0.1,16,20,1,3,0.5597,1.93,10752568,16296.6528,1502016
node1.tardis-apia.ldos-ut-pg0.wisc.cloudlab.us,tencentBlock_19265,lruforgive,0.1,16,20,1,1,0.4793,0.58,10752568,16296.6528,1502016
node1.tardis-apia.ldos-ut-pg0.wisc.cloudlab.us,tencentBlock_19265,lruforgive,0.1,16,20,1,2,0.4793,0.57,10752568,16296.6528,1502016
node1.tardis-apia.ldos-ut-pg0.wisc.cloudlab.us,tencentBlock_19265,lruforgive,0.1,16,20,1,3,0.4793,0.57,10752568,16296.6528,1502016
node1.tardis-apia.ldos-ut-pg0.wisc.cloudlab.us,tencentBlock_19265,s3fifo,0.1,16,20,1,1,0.4709,2.01,10752568,16296.6528,1502016
node1.tardis-apia.ldos-ut-pg0.wisc.cloudlab.us,tencentBlock_19265,s3fifo,0.1,16,20,1,2,0.4709,2.01,10752568,16296.6528,1502016
node1.tardis-apia.ldos-ut-pg0.wisc.cloudlab.us,tencentBlock_19265,s3fifo,0.1,16,20,1,3,0.4709,2.03,10752568,16296.6528,1502016
node1.tardis-apia.ldos-ut-pg0.wisc.cloudlab.us,tencentBlock_19265,s3fifoforgive,0.1,16,20,1,1,0.4659,1.00,10752568,16296.6528,1502016
node1.tardis-apia.ldos-ut-pg0.wisc.cloudlab.us,tencentBlock_19265,s3fifoforgive,0.1,16,20,1,2,0.4659,0.99,10752568,16296.6528,1502016
node1.tardis-apia.ldos-ut-pg0.wisc.cloudlab.us,tencentBlock_19265,s3fifoforgive,0.1,16,20,1,3,0.4659,0.98,10752568,16296.6528,1502016
node1.tardis-apia.ldos-ut-pg0.wisc.cloudlab.us,tencentBlock_19271,lru,10,2503,27,1,1,0.5085,0.37,10157063,25030.5536,1490201
node1.tardis-apia.ldos-ut-pg0.wisc.cloudlab.us,tencentBlock_19271,lru,10,2503,27,1,2,0.5085,0.36,10157063,25030.5536,1490201
node1.tardis-apia.ldos-ut-pg0.wisc.cloudlab.us,tencentBlock_19271,lru,10,2503,27,1,3,0.5085,0.36,10157063,25030.5536,1490201
node1.tardis-apia.ldos-ut-pg0.wisc.cloudlab.us,tencentBlock_19271,lruforgive,10,2503,27,1,1,0.5091,0.27,10157063,25030.5536,1490201
node1.tardis-apia.ldos-ut-pg0.wisc.cloudlab.us,tencentBlock_19271,lruforgive,10,2503,27,1,2,0.5091,0.27,10157063,25030.5536,1490201
node1.tardis-apia.ldos-ut-pg0.wisc.cloudlab.us,tencentBlock_19271,lruforgive,10,2503,27,1,3,0.5091,0.27,10157063,25030.5536,1490201
node1.tardis-apia.ldos-ut-pg0.wisc.cloudlab.us,tencentBlock_19271,s3fifo,10,2503,27,1,1,0.5137,0.37,10157063,25030.5536,1490201
node1.tardis-apia.ldos-ut-pg0.wisc.cloudlab.us,tencentBlock_19271,s3fifo,10,2503,27,1,2,0.5137,0.37,10157063,25030.5536,1490201
node1.tardis-apia.ldos-ut-pg0.wisc.cloudlab.us,tencentBlock_19271,s3fifo,10,2503,27,1,3,0.5137,0.37,10157063,25030.5536,1490201
node1.tardis-apia.ldos-ut-pg0.wisc.cloudlab.us,tencentBlock_19271,s3fifoforgive,10,2503,27,1,1,0.5137,0.29,10157063,25030.5536,1490201
node1.tardis-apia.ldos-ut-pg0.wisc.cloudlab.us,tencentBlock_19271,s3fifoforgive,10,2503,27,1,2,0.5137,0.29,10157063,25030.5536,1490201
node1.tardis-apia.ldos-ut-pg0.wisc.cloudlab.us,tencentBlock_19271,s3fifoforgive,10,2503,27,1,3,0.5137,0.29,10157063,25030.5536,1490201
node1.tardis-apia.ldos-ut-pg0.wisc.cloudlab.us,tencentBlock_19271,lru,0.1,25,21,1,1,0.6035,2.00,10157063,25030.5536,1490201
node1.tardis-apia.ldos-ut-pg0.wisc.cloudlab.us,tencentBlock_19271,lru,0.1,25,21,1,2,0.6035,1.97,10157063,25030.5536,1490201
node1.tardis-apia.ldos-ut-pg0.wisc.cloudlab.us,tencentBlock_19271,lru,0.1,25,21,1,3,0.6035,1.96,10157063,25030.5536,1490201
node1.tardis-apia.ldos-ut-pg0.wisc.cloudlab.us,tencentBlock_19271,lruforgive,0.1,25,21,1,1,0.6026,0.86,10157063,25030.5536,1490201
node1.tardis-apia.ldos-ut-pg0.wisc.cloudlab.us,tencentBlock_19271,lruforgive,0.1,25,21,1,2,0.6026,0.86,10157063,25030.5536,1490201
node1.tardis-apia.ldos-ut-pg0.wisc.cloudlab.us,tencentBlock_19271,lruforgive,0.1,25,21,1,3,0.6026,0.86,10157063,25030.5536,1490201
node1.tardis-apia.ldos-ut-pg0.wisc.cloudlab.us,tencentBlock_19271,s3fifo,0.1,25,21,1,1,0.6037,2.04,10157063,25030.5536,1490201
node1.tardis-apia.ldos-ut-pg0.wisc.cloudlab.us,tencentBlock_19271,s3fifo,0.1,25,21,1,2,0.6037,2.04,10157063,25030.5536,1490201
node1.tardis-apia.ldos-ut-pg0.wisc.cloudlab.us,tencentBlock_19271,s3fifo,0.1,25,21,1,3,0.6037,2.05,10157063,25030.5536,1490201
node1.tardis-apia.ldos-ut-pg0.wisc.cloudlab.us,tencentBlock_19271,s3fifoforgive,0.1,25,21,1,1,0.6036,1.00,10157063,25030.5536,1490201
node1.tardis-apia.ldos-ut-pg0.wisc.cloudlab.us,tencentBlock_19271,s3fifoforgive,0.1,25,21,1,2,0.6036,1.00,10157063,25030.5536,1490201
node1.tardis-apia.ldos-ut-pg0.wisc.cloudlab.us,tencentBlock_19271,s3fifoforgive,0.1,25,21,1,3,0.6036,1.01,10157063,25030.5536,1490201
node1.tardis-apia.ldos-ut-pg0.wisc.cloudlab.us,tencentBlock_1933,lru,10,3284,27,1,1,0.3178,0.40,57097819,32838.9632,2385107
node1.tardis-apia.ldos-ut-pg0.wisc.cloudlab.us,tencentBlock_1933,lru,10,3284,27,1,2,0.3178,0.40,57097819,32838.9632,2385107
node1.tardis-apia.ldos-ut-pg0.wisc.cloudlab.us,tencentBlock_1933,lru,10,3284,27,1,3,0.3178,0.40,57097819,32838.9632,2385107
node1.tardis-apia.ldos-ut-pg0.wisc.cloudlab.us,tencentBlock_1933,lruforgive,10,3284,27,1,1,0.3153,0.23,57097819,32838.9632,2385107
node1.tardis-apia.ldos-ut-pg0.wisc.cloudlab.us,tencentBlock_1933,lruforgive,10,3284,27,1,2,0.3153,0.23,57097819,32838.9632,2385107
node1.tardis-apia.ldos-ut-pg0.wisc.cloudlab.us,tencentBlock_1933,lruforgive,10,3284,27,1,3,0.3153,0.23,57097819,32838.9632,2385107
node1.tardis-apia.ldos-ut-pg0.wisc.cloudlab.us,tencentBlock_1933,s3fifo,10,3284,27,1,1,0.3073,0.42,57097819,32838.9632,2385107
node1.tardis-apia.ldos-ut-pg0.wisc.cloudlab.us,tencentBlock_1933,s3fifo,10,3284,27,1,2,0.3073,0.42,57097819,32838.9632,2385107
node1.tardis-apia.ldos-ut-pg0.wisc.cloudlab.us,tencentBlock_1933,s3fifo,10,3284,27,1,3,0.3073,0.42,57097819,32838.9632,2385107
node1.tardis-apia.ldos-ut-pg0.wisc.cloudlab.us,tencentBlock_1933,s3fifoforgive,10,3284,27,1,1,0.3071,0.26,57097819,32838.9632,2385107
node1.tardis-apia.ldos-ut-pg0.wisc.cloudlab.us,tencentBlock_1933,s3fifoforgive,10,3284,27,1,2,0.3071,0.25,57097819,32838.9632,2385107
node1.tardis-apia.ldos-ut-pg0.wisc.cloudlab.us,tencentBlock_1933,s3fifoforgive,10,3284,27,1,3,0.3071,0.26,57097819,32838.9632,2385107
node1.tardis-apia.ldos-ut-pg0.wisc.cloudlab.us,tencentBlock_1933,lru,0.1,33,21,1,1,0.8366,1.17,57097819,32838.9632,2385107
node1.tardis-apia.ldos-ut-pg0.wisc.cloudlab.us,tencentBlock_1933,lru,0.1,33,21,1,2,0.8366,1.15,57097819,32838.9632,2385107
node1.tardis-apia.ldos-ut-pg0.wisc.cloudlab.us,tencentBlock_1933,lru,0.1,33,21,1,3,0.8366,1.15,57097819,32838.9632,2385107
node1.tardis-apia.ldos-ut-pg0.wisc.cloudlab.us,tencentBlock_1933,lruforgive,0.1,33,21,1,1,0.8355,0.74,57097819,32838.9632,2385107
node1.tardis-apia.ldos-ut-pg0.wisc.cloudlab.us,tencentBlock_1933,lruforgive,0.1,33,21,1,2,0.8355,0.74,57097819,32838.9632,2385107
node1.tardis-apia.ldos-ut-pg0.wisc.cloudlab.us,tencentBlock_1933,lruforgive,0.1,33,21,1,3,0.8355,0.73,57097819,32838.9632,2385107
node1.tardis-apia.ldos-ut-pg0.wisc.cloudlab.us,tencentBlock_1933,s3fifo,0.1,33,21,1,1,0.8621,1.42,57097819,32838.9632,2385107
node1.tardis-apia.ldos-ut-pg0.wisc.cloudlab.us,tencentBlock_1933,s3fifo,0.1,33,21,1,2,0.8621,1.42,57097819,32838.9632,2385107
node1.tardis-apia.ldos-ut-pg0.wisc.cloudlab.us,tencentBlock_1933,s3fifo,0.1,33,21,1,3,0.8621,1.41,57097819,32838.9632,2385107
node1.tardis-apia.ldos-ut-pg0.wisc.cloudlab.us,tencentBlock_1933,s3fifoforgive,0.1,33,21,1,1,0.8587,1.01,57097819,32838.9632,2385107
node1.tardis-apia.ldos-ut-pg0.wisc.cloudlab.us,tencentBlock_1933,s3fifoforgive,0.1,33,21,1,2,0.8587,1.01,57097819,32838.9632,2385107
node1.tardis-apia.ldos-ut-pg0.wisc.cloudlab.us,tencentBlock_1933,s3fifoforgive,0.1,33,21,1,3,0.8587,0.98,57097819,32838.9632,2385107
node1.tardis-apia.ldos-ut-pg0.wisc.cloudlab.us,tencentBlock_19985,lru,10,3555,27,1,1,0.2803,0.50,45254618,35545.7024,2857970
node1.tardis-apia.ldos-ut-pg0.wisc.cloudlab.us,tencentBlock_19985,lru,10,3555,27,1,2,0.2803,0.50,45254618,35545.7024,2857970
node1.tardis-apia.ldos-ut-pg0.wisc.cloudlab.us,tencentBlock_19985,lru,10,3555,27,1,3,0.2803,0.50,45254618,35545.7024,2857970
node1.tardis-apia.ldos-ut-pg0.wisc.cloudlab.us,tencentBlock_19985,lruforgive,10,3555,27,1,1,0.2784,0.27,45254618,35545.7024,2857970
node1.tardis-apia.ldos-ut-pg0.wisc.cloudlab.us,tencentBlock_19985,lruforgive,10,3555,27,1,2,0.2784,0.27,45254618,35545.7024,2857970
node1.tardis-apia.ldos-ut-pg0.wisc.cloudlab.us,tencentBlock_19985,lruforgive,10,3555,27,1,3,0.2784,0.27,45254618,35545.7024,2857970
node1.tardis-apia.ldos-ut-pg0.wisc.cloudlab.us,tencentBlock_19985,s3fifo,10,3555,27,1,1,0.2672,0.51,45254618,35545.7024,2857970
node1.tardis-apia.ldos-ut-pg0.wisc.cloudlab.us,tencentBlock_19985,s3fifo,10,3555,27,1,2,0.2672,0.51,45254618,35545.7024,2857970
node1.tardis-apia.ldos-ut-pg0.wisc.cloudlab.us,tencentBlock_19985,s3fifo,10,3555,27,1,3,0.2672,0.51,45254618,35545.7024,2857970
node1.tardis-apia.ldos-ut-pg0.wisc.cloudlab.us,tencentBlock_19985,s3fifoforgive,10,3555,27,1,1,0.2670,0.29,45254618,35545.7024,2857970
node1.tardis-apia.ldos-ut-pg0.wisc.cloudlab.us,tencentBlock_19985,s3fifoforgive,10,3555,27,1,2,0.2670,0.29,45254618,35545.7024,2857970
node1.tardis-apia.ldos-ut-pg0.wisc.cloudlab.us,tencentBlock_19985,s3fifoforgive,10,3555,27,1,3,0.2670,0.29,45254618,35545.7024,2857970
node1.tardis-apia.ldos-ut-pg0.wisc.cloudlab.us,tencentBlock_19985,lru,0.1,36,21,1,1,0.8070,1.50,45254618,35545.7024,2857970
node1.tardis-apia.ldos-ut-pg0.wisc.cloudlab.us,tencentBlock_19985,lru,0.1,36,21,1,2,0.8070,1.45,45254618,35545.7024,2857970
node1.tardis-apia.ldos-ut-pg0.wisc.cloudlab.us,tencentBlock_19985,lru,0.1,36,21,1,3,0.8070,1.50,45254618,35545.7024,2857970
node1.tardis-apia.ldos-ut-pg0.wisc.cloudlab.us,tencentBlock_19985,lruforgive,0.1,36,21,1,1,0.7951,0.84,45254618,35545.7024,2857970
node1.tardis-apia.ldos-ut-pg0.wisc.cloudlab.us,tencentBlock_19985,lruforgive,0.1,36,21,1,2,0.7951,0.83,45254618,35545.7024,2857970
node1.tardis-apia.ldos-ut-pg0.wisc.cloudlab.us,tencentBlock_19985,lruforgive,0.1,36,21,1,3,0.7951,0.77,45254618,35545.7024,2857970
node1.tardis-apia.ldos-ut-pg0.wisc.cloudlab.us,tencentBlock_19985,s3fifo,0.1,36,21,1,1,0.8262,1.54,45254618,35545.7024,2857970
node1.tardis-apia.ldos-ut-pg0.wisc.cloudlab.us,tencentBlock_19985,s3fifo,0.1,36,21,1,2,0.8262,1.69,45254618,35545.7024,2857970
node1.tardis-apia.ldos-ut-pg0.wisc.cloudlab.us,tencentBlock_19985,s3fifo,0.1,36,21,1,3,0.8262,1.65,45254618,35545.7024,2857970
node1.tardis-apia.ldos-ut-pg0.wisc.cloudlab.us,tencentBlock_19985,s3fifoforgive,0.1,36,21,1,1,0.8239,1.12,45254618,35545.7024,2857970
node1.tardis-apia.ldos-ut-pg0.wisc.cloudlab.us,tencentBlock_19985,s3fifoforgive,0.1,36,21,1,2,0.8239,1.12,45254618,35545.7024,2857970
node1.tardis-apia.ldos-ut-pg0.wisc.cloudlab.us,tencentBlock_19985,s3fifoforgive,0.1,36,21,1,3,0.8239,1.14,45254618,35545.7024,2857970
node1.tardis-apia.ldos-ut-pg0.wisc.cloudlab.us,tencentBlock_1999,lru,10,2786,27,1,1,0.3431,0.45,63604670,27859.7632,2174901
node1.tardis-apia.ldos-ut-pg0.wisc.cloudlab.us,tencentBlock_1999,lru,10,2786,27,1,2,0.3431,0.45,63604670,27859.7632,2174901
node1.tardis-apia.ldos-ut-pg0.wisc.cloudlab.us,tencentBlock_1999,lru,10,2786,27,1,3,0.3431,0.45,63604670,27859.7632,2174901
node1.tardis-apia.ldos-ut-pg0.wisc.cloudlab.us,tencentBlock_1999,lruforgive,10,2786,27,1,1,0.3403,0.26,63604670,27859.7632,2174901
node1.tardis-apia.ldos-ut-pg0.wisc.cloudlab.us,tencentBlock_1999,lruforgive,10,2786,27,1,2,0.3403,0.26,63604670,27859.7632,2174901
node1.tardis-apia.ldos-ut-pg0.wisc.cloudlab.us,tencentBlock_1999,lruforgive,10,2786,27,1,3,0.3403,0.26,63604670,27859.7632,2174901
node1.tardis-apia.ldos-ut-pg0.wisc.cloudlab.us,tencentBlock_1999,s3fifo,10,2786,27,1,1,0.3256,0.47,63604670,27859.7632,2174901
node1.tardis-apia.ldos-ut-pg0.wisc.cloudlab.us,tencentBlock_1999,s3fifo,10,2786,27,1,2,0.3256,0.48,63604670,27859.7632,2174901
node1.tardis-apia.ldos-ut-pg0.wisc.cloudlab.us,tencentBlock_1999,s3fifo,10,2786,27,1,3,0.3256,0.47,63604670,27859.7632,2174901
node1.tardis-apia.ldos-ut-pg0.wisc.cloudlab.us,tencentBlock_1999,s3fifoforgive,10,2786,27,1,1,0.3252,0.28,63604670,27859.7632,2174901
node1.tardis-apia.ldos-ut-pg0.wisc.cloudlab.us,tencentBlock_1999,s3fifoforgive,10,2786,27,1,2,0.3252,0.28,63604670,27859.7632,2174901
node1.tardis-apia.ldos-ut-pg0.wisc.cloudlab.us,tencentBlock_1999,s3fifoforgive,10,2786,27,1,3,0.3252,0.28,63604670,27859.7632,2174901
node1.tardis-apia.ldos-ut-pg0.wisc.cloudlab.us,tencentBlock_1999,lru,0.1,28,21,1,1,0.8360,1.57,63604670,27859.7632,2174901
node1.tardis-apia.ldos-ut-pg0.wisc.cloudlab.us,tencentBlock_1999,lru,0.1,28,21,1,2,0.8360,1.56,63604670,27859.7632,2174901
node1.tardis-apia.ldos-ut-pg0.wisc.cloudlab.us,tencentBlock_1999,lru,0.1,28,21,1,3,0.8360,1.58,63604670,27859.7632,2174901
node1.tardis-apia.ldos-ut-pg0.wisc.cloudlab.us,tencentBlock_1999,lruforgive,0.1,28,21,1,1,0.8283,0.85,63604670,27859.7632,2174901
node1.tardis-apia.ldos-ut-pg0.wisc.cloudlab.us,tencentBlock_1999,lruforgive,0.1,28,21,1,2,0.8283,0.84,63604670,27859.7632,2174901
node1.tardis-apia.ldos-ut-pg0.wisc.cloudlab.us,tencentBlock_1999,lruforgive,0.1,28,21,1,3,0.8283,0.84,63604670,27859.7632,2174901
node1.tardis-apia.ldos-ut-pg0.wisc.cloudlab.us,tencentBlock_1999,s3fifo,0.1,28,21,1,1,0.8382,1.66,63604670,27859.7632,2174901
node1.tardis-apia.ldos-ut-pg0.wisc.cloudlab.us,tencentBlock_1999,s3fifo,0.1,28,21,1,2,0.8382,1.65,63604670,27859.7632,2174901
node1.tardis-apia.ldos-ut-pg0.wisc.cloudlab.us,tencentBlock_1999,s3fifo,0.1,28,21,1,3,0.8382,1.66,63604670,27859.7632,2174901
node1.tardis-apia.ldos-ut-pg0.wisc.cloudlab.us,tencentBlock_1999,s3fifoforgive,0.1,28,21,1,1,0.8358,1.13,63604670,27859.7632,2174901
node1.tardis-apia.ldos-ut-pg0.wisc.cloudlab.us,tencentBlock_1999,s3fifoforgive,0.1,28,21,1,2,0.8358,1.13,63604670,27859.7632,2174901
node1.tardis-apia.ldos-ut-pg0.wisc.cloudlab.us,tencentBlock_1999,s3fifoforgive,0.1,28,21,1,3,0.8358,1.13,63604670,27859.7632,2174901
node1.tardis-apia.ldos-ut-pg0.wisc.cloudlab.us,tencentBlock_20042,lru,10,3400,27,1,1,0.4683,0.27,4780483,34003.7632,1027696
node1.tardis-apia.ldos-ut-pg0.wisc.cloudlab.us,tencentBlock_20042,lru,10,3400,27,1,2,0.4683,0.27,4780483,34003.7632,1027696
node1.tardis-apia.ldos-ut-pg0.wisc.cloudlab.us,tencentBlock_20042,lru,10,3400,27,1,3,0.4683,0.27,4780483,34003.7632,1027696
node1.tardis-apia.ldos-ut-pg0.wisc.cloudlab.us,tencentBlock_20042,lruforgive,10,3400,27,1,1,0.4636,0.26,4780483,34003.7632,1027696
node1.tardis-apia.ldos-ut-pg0.wisc.cloudlab.us,tencentBlock_20042,lruforgive,10,3400,27,1,2,0.4636,0.26,4780483,34003.7632,1027696
node1.tardis-apia.ldos-ut-pg0.wisc.cloudlab.us,tencentBlock_20042,lruforgive,10,3400,27,1,3,0.4636,0.26,4780483,34003.7632,1027696
node1.tardis-apia.ldos-ut-pg0.wisc.cloudlab.us,tencentBlock_20042,s3fifo,10,3400,27,1,1,0.4472,0.29,4780483,34003.7632,1027696
node1.tardis-apia.ldos-ut-pg0.wisc.cloudlab.us,tencentBlock_20042,s3fifo,10,3400,27,1,2,0.4470,0.29,4780483,34003.7632,1027696
node1.tardis-apia.ldos-ut-pg0.wisc.cloudlab.us,tencentBlock_20042,s3fifo,10,3400,27,1,3,0.4471,0.29,4780483,34003.7632,1027696
node1.tardis-apia.ldos-ut-pg0.wisc.cloudlab.us,tencentBlock_20042,s3fifoforgive,10,3400,27,1,1,0.4471,0.27,4780483,34003.7632,1027696
node1.tardis-apia.ldos-ut-pg0.wisc.cloudlab.us,tencentBlock_20042,s3fifoforgive,10,3400,27,1,2,0.4472,0.27,4780483,34003.7632,1027696
node1.tardis-apia.ldos-ut-pg0.wisc.cloudlab.us,tencentBlock_20042,s3fifoforgive,10,3400,27,1,3,0.4472,0.28,4780483,34003.7632,1027696
node1.tardis-apia.ldos-ut-pg0.wisc.cloudlab.us,tencentBlock_20042,lru,0.1,34,21,1,1,0.6559,1.18,4780483,34003.7632,1027696
node1.tardis-apia.ldos-ut-pg0.wisc.cloudlab.us,tencentBlock_20042,lru,0.1,34,21,1,2,0.6559,1.17,4780483,34003.7632,1027696
node1.tardis-apia.ldos-ut-pg0.wisc.cloudlab.us,tencentBlock_20042,lru,0.1,34,21,1,3,0.6559,1.18,4780483,34003.7632,1027696
node1.tardis-apia.ldos-ut-pg0.wisc.cloudlab.us,tencentBlock_20042,lruforgive,0.1,34,21,1,1,0.6507,0.77,4780483,34003.7632,1027696
node1.tardis-apia.ldos-ut-pg0.wisc.cloudlab.us,tencentBlock_20042,lruforgive,0.1,34,21,1,2,0.6507,0.77,4780483,34003.7632,1027696
node1.tardis-apia.ldos-ut-pg0.wisc.cloudlab.us,tencentBlock_20042,lruforgive,0.1,34,21,1,3,0.6507,0.78,4780483,34003.7632,1027696
node1.tardis-apia.ldos-ut-pg0.wisc.cloudlab.us,tencentBlock_20042,s3fifo,0.1,34,21,1,1,0.6481,1.39,4780483,34003.7632,1027696
node1.tardis-apia.ldos-ut-pg0.wisc.cloudlab.us,tencentBlock_20042,s3fifo,0.1,34,21,1,2,0.6481,1.39,4780483,34003.7632,1027696
node1.tardis-apia.ldos-ut-pg0.wisc.cloudlab.us,tencentBlock_20042,s3fifo,0.1,34,21,1,3,0.6481,1.38,4780483,34003.7632,1027696
node1.tardis-apia.ldos-ut-pg0.wisc.cloudlab.us,tencentBlock_20042,s3fifoforgive,0.1,34,21,1,1,0.6480,0.96,4780483,34003.7632,1027696
node1.tardis-apia.ldos-ut-pg0.wisc.cloudlab.us,tencentBlock_20042,s3fifoforgive,0.1,34,21,1,2,0.6480,0.96,4780483,34003.7632,1027696
node1.tardis-apia.ldos-ut-pg0.wisc.cloudlab.us,tencentBlock_20042,s3fifoforgive,0.1,34,21,1,3,0.6480,0.94,4780483,34003.7632,1027696
node1.tardis-apia.ldos-ut-pg0.wisc.cloudlab.us,tencentBlock_20052,lru,10,2894,27,1,1,0.3382,0.41,57558525,28941.2096,2202241
node1.tardis-apia.ldos-ut-pg0.wisc.cloudlab.us,tencentBlock_20052,lru,10,2894,27,1,2,0.3382,0.40,57558525,28941.2096,2202241
node1.tardis-apia.ldos-ut-pg0.wisc.cloudlab.us,tencentBlock_20052,lru,10,2894,27,1,3,0.3382,0.40,57558525,28941.2096,2202241
node1.tardis-apia.ldos-ut-pg0.wisc.cloudlab.us,tencentBlock_20052,lruforgive,10,2894,27,1,1,0.3357,0.23,57558525,28941.2096,2202241
node1.tardis-apia.ldos-ut-pg0.wisc.cloudlab.us,tencentBlock_20052,lruforgive,10,2894,27,1,2,0.3357,0.23,57558525,28941.2096,2202241
node1.tardis-apia.ldos-ut-pg0.wisc.cloudlab.us,tencentBlock_20052,lruforgive,10,2894,27,1,3,0.3357,0.24,57558525,28941.2096,2202241
node1.tardis-apia.ldos-ut-pg0.wisc.cloudlab.us,tencentBlock_20052,s3fifo,10,2894,27,1,1,0.3260,0.42,57558525,28941.2096,2202241
node1.tardis-apia.ldos-ut-pg0.wisc.cloudlab.us,tencentBlock_20052,s3fifo,10,2894,27,1,2,0.3260,0.43,57558525,28941.2096,2202241
node1.tardis-apia.ldos-ut-pg0.wisc.cloudlab.us,tencentBlock_20052,s3fifo,10,2894,27,1,3,0.3260,0.42,57558525,28941.2096,2202241
node1.tardis-apia.ldos-ut-pg0.wisc.cloudlab.us,tencentBlock_20052,s3fifoforgive,10,2894,27,1,1,0.3256,0.26,57558525,28941.2096,2202241
node1.tardis-apia.ldos-ut-pg0.wisc.cloudlab.us,tencentBlock_20052,s3fifoforgive,10,2894,27,1,2,0.3256,0.26,57558525,28941.2096,2202241
node1.tardis-apia.ldos-ut-pg0.wisc.cloudlab.us,tencentBlock_20052,s3fifoforgive,10,2894,27,1,3,0.3256,0.26,57558525,28941.2096,2202241
node1.tardis-apia.ldos-ut-pg0.wisc.cloudlab.us,tencentBlock_20052,lru,0.1,29,21,1,1,0.8440,1.35,57558525,28941.2096,2202241
node1.tardis-apia.ldos-ut-pg0.wisc.cloudlab.us,tencentBlock_20052,lru,0.1,29,21,1,2,0.8440,1.36,57558525,28941.2096,2202241
node1.tardis-apia.ldos-ut-pg0.wisc.cloudlab.us,tencentBlock_20052,lru,0.1,29,21,1,3,0.8440,1.34,57558525,28941.2096,2202241
node1.tardis-apia.ldos-ut-pg0.wisc.cloudlab.us,tencentBlock_20052,lruforgive,0.1,29,21,1,1,0.8409,0.76,57558525,28941.2096,2202241
node1.tardis-apia.ldos-ut-pg0.wisc.cloudlab.us,tencentBlock_20052,lruforgive,0.1,29,21,1,2,0.8409,0.76,57558525,28941.2096,2202241
node1.tardis-apia.ldos-ut-pg0.wisc.cloudlab.us,tencentBlock_20052,lruforgive,0.1,29,21,1,3,0.8409,0.77,57558525,28941.2096,2202241
node1.tardis-apia.ldos-ut-pg0.wisc.cloudlab.us,tencentBlock_20052,s3fifo,0.1,29,21,1,1,0.8608,1.46,57558525,28941.2096,2202241
node1.tardis-apia.ldos-ut-pg0.wisc.cloudlab.us,tencentBlock_20052,s3fifo,0.1,29,21,1,2,0.8608,1.45,57558525,28941.2096,2202241
node1.tardis-apia.ldos-ut-pg0.wisc.cloudlab.us,tencentBlock_20052,s3fifo,0.1,29,21,1,3,0.8608,1.45,57558525,28941.2096,2202241
node1.tardis-apia.ldos-ut-pg0.wisc.cloudlab.us,tencentBlock_20052,s3fifoforgive,0.1,29,21,1,1,0.8584,1.02,57558525,28941.2096,2202241
node1.tardis-apia.ldos-ut-pg0.wisc.cloudlab.us,tencentBlock_20052,s3fifoforgive,0.1,29,21,1,2,0.8584,1.03,57558525,28941.2096,2202241
node1.tardis-apia.ldos-ut-pg0.wisc.cloudlab.us,tencentBlock_20052,s3fifoforgive,0.1,29,21,1,3,0.8584,1.01,57558525,28941.2096,2202241
node1.tardis-apia.ldos-ut-pg0.wisc.cloudlab.us,tencentBlock_2009,lru,10,6899,27,1,1,0.8140,0.20,18918361,68991.2832,2252822
node1.tardis-apia.ldos-ut-pg0.wisc.cloudlab.us,tencentBlock_2009,lru,10,6899,27,1,2,0.8140,0.20,18918361,68991.2832,2252822
node1.tardis-apia.ldos-ut-pg0.wisc.cloudlab.us,tencentBlock_2009,lru,10,6899,27,1,3,0.8140,0.20,18918361,68991.2832,2252822
node1.tardis-apia.ldos-ut-pg0.wisc.cloudlab.us,tencentBlock_2009,lruforgive,10,6899,27,1,1,0.8124,0.19,18918361,68991.2832,2252822
node1.tardis-apia.ldos-ut-pg0.wisc.cloudlab.us,tencentBlock_2009,lruforgive,10,6899,27,1,2,0.8124,0.19,18918361,68991.2832,2252822
node1.tardis-apia.ldos-ut-pg0.wisc.cloudlab.us,tencentBlock_2009,lruforgive,10,6899,27,1,3,0.8124,0.19,18918361,68991.2832,2252822
node1.tardis-apia.ldos-ut-pg0.wisc.cloudlab.us,tencentBlock_2009,s3fifo,10,6899,27,1,1,0.8047,0.20,18918361,68991.2832,2252822
node1.tardis-apia.ldos-ut-pg0.wisc.cloudlab.us,tencentBlock_2009,s3fifo,10,6899,27,1,2,0.8047,0.20,18918361,68991.2832,2252822
node1.tardis-apia.ldos-ut-pg0.wisc.cloudlab.us,tencentBlock_2009,s3fifo,10,6899,27,1,3,0.8047,0.20,18918361,68991.2832,2252822
node1.tardis-apia.ldos-ut-pg0.wisc.cloudlab.us,tencentBlock_2009,s3fifoforgive,10,6899,27,1,1,0.8041,0.19,18918361,68991.2832,2252822
node1.tardis-apia.ldos-ut-pg0.wisc.cloudlab.us,tencentBlock_2009,s3fifoforgive,10,6899,27,1,2,0.8041,0.19,18918361,68991.2832,2252822
node1.tardis-apia.ldos-ut-pg0.wisc.cloudlab.us,tencentBlock_2009,s3fifoforgive,10,6899,27,1,3,0.8041,0.19,18918361,68991.2832,2252822
node1.tardis-apia.ldos-ut-pg0.wisc.cloudlab.us,tencentBlock_2009,lru,0.1,69,22,1,1,0.9241,0.69,18918361,68991.2832,2252822
node1.tardis-apia.ldos-ut-pg0.wisc.cloudlab.us,tencentBlock_2009,lru,0.1,69,22,1,2,0.9241,0.69,18918361,68991.2832,2252822
node1.tardis-apia.ldos-ut-pg0.wisc.cloudlab.us,tencentBlock_2009,lru,0.1,69,22,1,3,0.9241,0.70,18918361,68991.2832,2252822
node1.tardis-apia.ldos-ut-pg0.wisc.cloudlab.us,tencentBlock_2009,lruforgive,0.1,69,22,1,1,0.9235,0.60,18918361,68991.2832,2252822
node1.tardis-apia.ldos-ut-pg0.wisc.cloudlab.us,tencentBlock_2009,lruforgive,0.1,69,22,1,2,0.9235,0.60,18918361,68991.2832,2252822
node1.tardis-apia.ldos-ut-pg0.wisc.cloudlab.us,tencentBlock_2009,lruforgive,0.1,69,22,1,3,0.9235,0.60,18918361,68991.2832,2252822
node1.tardis-apia.ldos-ut-pg0.wisc.cloudlab.us,tencentBlock_2009,s3fifo,0.1,69,22,1,1,0.9265,0.88,18918361,68991.2832,2252822
node1.tardis-apia.ldos-ut-pg0.wisc.cloudlab.us,tencentBlock_2009,s3fifo,0.1,69,22,1,2,0.9265,0.87,18918361,68991.2832,2252822
node1.tardis-apia.ldos-ut-pg0.wisc.cloudlab.us,tencentBlock_2009,s3fifo,0.1,69,22,1,3,0.9265,0.88,18918361,68991.2832,2252822
node1.tardis-apia.ldos-ut-pg0.wisc.cloudlab.us,tencentBlock_2009,s3fifoforgive,0.1,69,22,1,1,0.9264,0.79,18918361,68991.2832,2252822
node1.tardis-apia.ldos-ut-pg0.wisc.cloudlab.us,tencentBlock_2009,s3fifoforgive,0.1,69,22,1,2,0.9264,0.79,18918361,68991.2832,2252822
node1.tardis-apia.ldos-ut-pg0.wisc.cloudlab.us,tencentBlock_2009,s3fifoforgive,0.1,69,22,1,3,0.9264,0.80,18918361,68991.2832,2252822
node1.tardis-apia.ldos-ut-pg0.wisc.cloudlab.us,tencentBlock_20095,lru,10,3721,27,1,1,0.2407,0.32,7124071,37212.0576,1060344
node1.tardis-apia.ldos-ut-pg0.wisc.cloudlab.us,tencentBlock_20095,lru,10,3721,27,1,2,0.2407,0.32,7124071,37212.0576,1060344
node1.tardis-apia.ldos-ut-pg0.wisc.cloudlab.us,tencentBlock_20095,lru,10,3721,27,1,3,0.2407,0.33,7124071,37212.0576,1060344
node1.tardis-apia.ldos-ut-pg0.wisc.cloudlab.us,tencentBlock_20095,lruforgive,10,3721,27,1,1,0.2386,0.27,7124071,37212.0576,1060344
node1.tardis-apia.ldos-ut-pg0.wisc.cloudlab.us,tencentBlock_20095,lruforgive,10,3721,27,1,2,0.2386,0.27,7124071,37212.0576,1060344
node1.tardis-apia.ldos-ut-pg0.wisc.cloudlab.us,tencentBlock_20095,lruforgive,10,3721,27,1,3,0.2386,0.26,7124071,37212.0576,1060344
node1.tardis-apia.ldos-ut-pg0.wisc.cloudlab.us,tencentBlock_20095,s3fifo,10,3721,27,1,1,0.2345,0.33,7124071,37212.0576,1060344
node1.tardis-apia.ldos-ut-pg0.wisc.cloudlab.us,tencentBlock_20095,s3fifo,10,3721,27,1,2,0.2345,0.33,7124071,37212.0576,1060344
node1.tardis-apia.ldos-ut-pg0.wisc.cloudlab.us,tencentBlock_20095,s3fifo,10,3721,27,1,3,0.2345,0.33,7124071,37212.0576,1060344
node1.tardis-apia.ldos-ut-pg0.wisc.cloudlab.us,tencentBlock_20095,s3fifoforgive,10,3721,27,1,1,0.2343,0.27,7124071,37212.0576,1060344
node1.tardis-apia.ldos-ut-pg0.wisc.cloudlab.us,tencentBlock_20095,s3fifoforgive,10,3721,27,1,2,0.2343,0.27,7124071,37212.0576,1060344
node1.tardis-apia.ldos-ut-pg0.wisc.cloudlab.us,tencentBlock_20095,s3fifoforgive,10,3721,27,1,3,0.2343,0.27,7124071,37212.0576,1060344
node1.tardis-apia.ldos-ut-pg0.wisc.cloudlab.us,tencentBlock_20095,lru,0.1,37,21,1,1,0.5631,1.56,7124071,37212.0576,1060344
node1.tardis-apia.ldos-ut-pg0.wisc.cloudlab.us,tencentBlock_20095,lru,0.1,37,21,1,2,0.5631,1.55,7124071,37212.0576,1060344
node1.tardis-apia.ldos-ut-pg0.wisc.cloudlab.us,tencentBlock_20095,lru,0.1,37,21,1,3,0.5631,1.55,7124071,37212.0576,1060344
node1.tardis-apia.ldos-ut-pg0.wisc.cloudlab.us,tencentBlock_20095,lruforgive,0.1,37,21,1,1,0.5534,0.83,7124071,37212.0576,1060344
node1.tardis-apia.ldos-ut-pg0.wisc.cloudlab.us,tencentBlock_20095,lruforgive,0.1,37,21,1,2,0.5534,0.83,7124071,37212.0576,1060344
node1.tardis-apia.ldos-ut-pg0.wisc.cloudlab.us,tencentBlock_20095,lruforgive,0.1,37,21,1,3,0.5534,0.84,7124071,37212.0576,1060344
node1.tardis-apia.ldos-ut-pg0.wisc.cloudlab.us,tencentBlock_20095,s3fifo,0.1,37,21,1,1,0.5462,1.74,7124071,37212.0576,1060344
node1.tardis-apia.ldos-ut-pg0.wisc.cloudlab.us,tencentBlock_20095,s3fifo,0.1,37,21,1,2,0.5462,1.68,7124071,37212.0576,1060344
node1.tardis-apia.ldos-ut-pg0.wisc.cloudlab.us,tencentBlock_20095,s3fifo,0.1,37,21,1,3,0.5462,1.73,7124071,37212.0576,1060344
node1.tardis-apia.ldos-ut-pg0.wisc.cloudlab.us,tencentBlock_20095,s3fifoforgive,0.1,37,21,1,1,0.5455,1.02,7124071,37212.0576,1060344
node1.tardis-apia.ldos-ut-pg0.wisc.cloudlab.us,tencentBlock_20095,s3fifoforgive,0.1,37,21,1,2,0.5455,1.02,7124071,37212.0576,1060344
node1.tardis-apia.ldos-ut-pg0.wisc.cloudlab.us,tencentBlock_20095,s3fifoforgive,0.1,37,21,1,3,0.5455,1.03,7124071,37212.0576,1060344
node1.tardis-apia.ldos-ut-pg0.wisc.cloudlab.us,tencentBlock_20128,lru,10,3506,27,1,1,0.3018,0.49,46512101,35063.7056,2801611
node1.tardis-apia.ldos-ut-pg0.wisc.cloudlab.us,tencentBlock_20128,lru,10,3506,27,1,2,0.3018,0.48,46512101,35063.7056,2801611
node1.tardis-apia.ldos-ut-pg0.wisc.cloudlab.us,tencentBlock_20128,lru,10,3506,27,1,3,0.3018,0.49,46512101,35063.7056,2801611
node1.tardis-apia.ldos-ut-pg0.wisc.cloudlab.us,tencentBlock_20128,lruforgive,10,3506,27,1,1,0.3001,0.26,46512101,35063.7056,2801611
node1.tardis-apia.ldos-ut-pg0.wisc.cloudlab.us,tencentBlock_20128,lruforgive,10,3506,27,1,2,0.3001,0.26,46512101,35063.7056,2801611
node1.tardis-apia.ldos-ut-pg0.wisc.cloudlab.us,tencentBlock_20128,lruforgive,10,3506,27,1,3,0.3001,0.26,46512101,35063.7056,2801611
node1.tardis-apia.ldos-ut-pg0.wisc.cloudlab.us,tencentBlock_20128,s3fifo,10,3506,27,1,1,0.2882,0.49,46512101,35063.7056,2801611
node1.tardis-apia.ldos-ut-pg0.wisc.cloudlab.us,tencentBlock_20128,s3fifo,10,3506,27,1,2,0.2882,0.49,46512101,35063.7056,2801611
node1.tardis-apia.ldos-ut-pg0.wisc.cloudlab.us,tencentBlock_20128,s3fifo,10,3506,27,1,3,0.2882,0.49,46512101,35063.7056,2801611
node1.tardis-apia.ldos-ut-pg0.wisc.cloudlab.us,tencentBlock_20128,s3fifoforgive,10,3506,27,1,1,0.2880,0.29,46512101,35063.7056,2801611
node1.tardis-apia.ldos-ut-pg0.wisc.cloudlab.us,tencentBlock_20128,s3fifoforgive,10,3506,27,1,2,0.2880,0.29,46512101,35063.7056,2801611
node1.tardis-apia.ldos-ut-pg0.wisc.cloudlab.us,tencentBlock_20128,s3fifoforgive,10,3506,27,1,3,0.2880,0.29,46512101,35063.7056,2801611
node1.tardis-apia.ldos-ut-pg0.wisc.cloudlab.us,tencentBlock_20128,lru,0.1,35,21,1,1,0.8741,1.20,46512101,35063.7056,2801611
node1.tardis-apia.ldos-ut-pg0.wisc.cloudlab.us,tencentBlock_20128,lru,0.1,35,21,1,2,0.8741,1.18,46512101,35063.7056,2801611
node1.tardis-apia.ldos-ut-pg0.wisc.cloudlab.us,tencentBlock_20128,lru,0.1,35,21,1,3,0.8741,1.18,46512101,35063.7056,2801611
node1.tardis-apia.ldos-ut-pg0.wisc.cloudlab.us,tencentBlock_20128,lruforgive,0.1,35,21,1,1,0.8607,0.89,46512101,35063.7056,2801611
node1.tardis-apia.ldos-ut-pg0.wisc.cloudlab.us,tencentBlock_20128,lruforgive,0.1,35,21,1,2,0.8607,0.89,46512101,35063.7056,2801611
node1.tardis-apia.ldos-ut-pg0.wisc.cloudlab.us,tencentBlock_20128,lruforgive,0.1,35,21,1,3,0.8607,0.88,46512101,35063.7056,2801611
node1.tardis-apia.ldos-ut-pg0.wisc.cloudlab.us,tencentBlock_20128,s3fifo,0.1,35,21,1,1,0.8854,1.40,46512101,35063.7056,2801611
node1.tardis-apia.ldos-ut-pg0.wisc.cloudlab.us,tencentBlock_20128,s3fifo,0.1,35,21,1,2,0.8854,1.37,46512101,35063.7056,2801611
node1.tardis-apia.ldos-ut-pg0.wisc.cloudlab.us,tencentBlock_20128,s3fifo,0.1,35,21,1,3,0.8854,1.40,46512101,35063.7056,2801611
node1.tardis-apia.ldos-ut-pg0.wisc.cloudlab.us,tencentBlock_20128,s3fifoforgive,0.1,35,21,1,1,0.8815,1.08,46512101,35063.7056,2801611
node1.tardis-apia.ldos-ut-pg0.wisc.cloudlab.us,tencentBlock_20128,s3fifoforgive,0.1,35,21,1,2,0.8815,1.08,46512101,35063.7056,2801611
node1.tardis-apia.ldos-ut-pg0.wisc.cloudlab.us,tencentBlock_20128,s3fifoforgive,0.1,35,21,1,3,0.8815,1.09,46512101,35063.7056,2801611
node1.tardis-apia.ldos-ut-pg0.wisc.cloudlab.us,tencentBlock_2017,lru,10,3317,27,1,1,0.2845,0.52,49361086,33165.2096,2793211
node1.tardis-apia.ldos-ut-pg0.wisc.cloudlab.us,tencentBlock_2017,lru,10,3317,27,1,2,0.2845,0.52,49361086,33165.2096,2793211
node1.tardis-apia.ldos-ut-pg0.wisc.cloudlab.us,tencentBlock_2017,lru,10,3317,27,1,3,0.2845,0.52,49361086,33165.2096,2793211
node1.tardis-apia.ldos-ut-pg0.wisc.cloudlab.us,tencentBlock_2017,lruforgive,10,3317,27,1,1,0.2830,0.27,49361086,33165.2096,2793211
node1.tardis-apia.ldos-ut-pg0.wisc.cloudlab.us,tencentBlock_2017,lruforgive,10,3317,27,1,2,0.2830,0.27,49361086,33165.2096,2793211
node1.tardis-apia.ldos-ut-pg0.wisc.cloudlab.us,tencentBlock_2017,lruforgive,10,3317,27,1,3,0.2830,0.27,49361086,33165.2096,2793211
node1.tardis-apia.ldos-ut-pg0.wisc.cloudlab.us,tencentBlock_2017,s3fifo,10,3317,27,1,1,0.2737,0.53,49361086,33165.2096,2793211
node1.tardis-apia.ldos-ut-pg0.wisc.cloudlab.us,tencentBlock_2017,s3fifo,10,3317,27,1,2,0.2737,0.52,49361086,33165.2096,2793211
node1.tardis-apia.ldos-ut-pg0.wisc.cloudlab.us,tencentBlock_2017,s3fifo,10,3317,27,1,3,0.2737,0.52,49361086,33165.2096,2793211
node1.tardis-apia.ldos-ut-pg0.wisc.cloudlab.us,tencentBlock_2017,s3fifoforgive,10,3317,27,1,1,0.2735,0.29,49361086,33165.2096,2793211
node1.tardis-apia.ldos-ut-pg0.wisc.cloudlab.us,tencentBlock_2017,s3fifoforgive,10,3317,27,1,2,0.2735,0.30,49361086,33165.2096,2793211
node1.tardis-apia.ldos-ut-pg0.wisc.cloudlab.us,tencentBlock_2017,s3fifoforgive,10,3317,27,1,3,0.2735,0.29,49361086,33165.2096,2793211
node1.tardis-apia.ldos-ut-pg0.wisc.cloudlab.us,tencentBlock_2017,lru,0.1,33,21,1,1,0.8320,1.30,49361086,33165.2096,2793211
node1.tardis-apia.ldos-ut-pg0.wisc.cloudlab.us,tencentBlock_2017,lru,0.1,33,21,1,2,0.8320,1.31,49361086,33165.2096,2793211
node1.tardis-apia.ldos-ut-pg0.wisc.cloudlab.us,tencentBlock_2017,lru,0.1,33,21,1,3,0.8320,1.29,49361086,33165.2096,2793211
node1.tardis-apia.ldos-ut-pg0.wisc.cloudlab.us,tencentBlock_2017,lruforgive,0.1,33,21,1,1,0.8232,0.74,49361086,33165.2096,2793211
node1.tardis-apia.ldos-ut-pg0.wisc.cloudlab.us,tencentBlock_2017,lruforgive,0.1,33,21,1,2,0.8232,0.75,49361086,33165.2096,2793211
node1.tardis-apia.ldos-ut-pg0.wisc.cloudlab.us,tencentBlock_2017,lruforgive,0.1,33,21,1,3,0.8232,0.75,49361086,33165.2096,2793211
node1.tardis-apia.ldos-ut-pg0.wisc.cloudlab.us,tencentBlock_2017,s3fifo,0.1,33,21,1,1,0.8531,1.45,49361086,33165.2096,2793211
node1.tardis-apia.ldos-ut-pg0.wisc.cloudlab.us,tencentBlock_2017,s3fifo,0.1,33,21,1,2,0.8531,1.46,49361086,33165.2096,2793211
node1.tardis-apia.ldos-ut-pg0.wisc.cloudlab.us,tencentBlock_2017,s3fifo,0.1,33,21,1,3,0.8531,1.43,49361086,33165.2096,2793211
node1.tardis-apia.ldos-ut-pg0.wisc.cloudlab.us,tencentBlock_2017,s3fifoforgive,0.1,33,21,1,1,0.8480,1.01,49361086,33165.2096,2793211
node1.tardis-apia.ldos-ut-pg0.wisc.cloudlab.us,tencentBlock_2017,s3fifoforgive,0.1,33,21,1,2,0.8480,1.03,49361086,33165.2096,2793211
node1.tardis-apia.ldos-ut-pg0.wisc.cloudlab.us,tencentBlock_2017,s3fifoforgive,0.1,33,21,1,3,0.8480,1.02,49361086,33165.2096,2793211
node1.tardis-apia.ldos-ut-pg0.wisc.cloudlab.us,tencentBlock_20291,lru,10,2831,27,1,1,0.5468,0.32,4104772,28306.7392,1712637
node1.tardis-apia.ldos-ut-pg0.wisc.cloudlab.us,tencentBlock_20291,lru,10,2831,27,1,2,0.5468,0.32,4104772,28306.7392,1712637
node1.tardis-apia.ldos-ut-pg0.wisc.cloudlab.us,tencentBlock_20291,lru,10,2831,27,1,3,0.5468,0.32,4104772,28306.7392,1712637
node1.tardis-apia.ldos-ut-pg0.wisc.cloudlab.us,tencentBlock_20291,lruforgive,10,2831,27,1,1,0.5442,0.31,4104772,28306.7392,1712637
node1.tardis-apia.ldos-ut-pg0.wisc.cloudlab.us,tencentBlock_20291,lruforgive,10,2831,27,1,2,0.5442,0.31,4104772,28306.7392,1712637
node1.tardis-apia.ldos-ut-pg0.wisc.cloudlab.us,tencentBlock_20291,lruforgive,10,2831,27,1,3,0.5442,0.31,4104772,28306.7392,1712637
node1.tardis-apia.ldos-ut-pg0.wisc.cloudlab.us,tencentBlock_20291,s3fifo,10,2831,27,1,1,0.5373,0.33,4104772,28306.7392,1712637
node1.tardis-apia.ldos-ut-pg0.wisc.cloudlab.us,tencentBlock_20291,s3fifo,10,2831,27,1,2,0.5373,0.33,4104772,28306.7392,1712637
node1.tardis-apia.ldos-ut-pg0.wisc.cloudlab.us,tencentBlock_20291,s3fifo,10,2831,27,1,3,0.5373,0.33,4104772,28306.7392,1712637
node1.tardis-apia.ldos-ut-pg0.wisc.cloudlab.us,tencentBlock_20291,s3fifoforgive,10,2831,27,1,1,0.5373,0.32,4104772,28306.7392,1712637
node1.tardis-apia.ldos-ut-pg0.wisc.cloudlab.us,tencentBlock_20291,s3fifoforgive,10,2831,27,1,2,0.5373,0.32,4104772,28306.7392,1712637
node1.tardis-apia.ldos-ut-pg0.wisc.cloudlab.us,tencentBlock_20291,s3fifoforgive,10,2831,27,1,3,0.5373,0.32,4104772,28306.7392,1712637
node1.tardis-apia.ldos-ut-pg0.wisc.cloudlab.us,tencentBlock_20291,lru,0.1,28,21,1,1,0.5926,1.46,4104772,28306.7392,1712637
node1.tardis-apia.ldos-ut-pg0.wisc.cloudlab.us,tencentBlock_20291,lru,0.1,28,21,1,2,0.5926,1.46,4104772,28306.7392,1712637
node1.tardis-apia.ldos-ut-pg0.wisc.cloudlab.us,tencentBlock_20291,lru,0.1,28,21,1,3,0.5926,1.48,4104772,28306.7392,1712637
node1.tardis-apia.ldos-ut-pg0.wisc.cloudlab.us,tencentBlock_20291,lruforgive,0.1,28,21,1,1,0.5919,0.80,4104772,28306.7392,1712637
node1.tardis-apia.ldos-ut-pg0.wisc.cloudlab.us,tencentBlock_20291,lruforgive,0.1,28,21,1,2,0.5919,0.79,4104772,28306.7392,1712637
node1.tardis-apia.ldos-ut-pg0.wisc.cloudlab.us,tencentBlock_20291,lruforgive,0.1,28,21,1,3,0.5919,0.80,4104772,28306.7392,1712637
node1.tardis-apia.ldos-ut-pg0.wisc.cloudlab.us,tencentBlock_20291,s3fifo,0.1,28,21,1,1,0.5938,1.51,4104772,28306.7392,1712637
node1.tardis-apia.ldos-ut-pg0.wisc.cloudlab.us,tencentBlock_20291,s3fifo,0.1,28,21,1,2,0.5938,1.51,4104772,28306.7392,1712637
node1.tardis-apia.ldos-ut-pg0.wisc.cloudlab.us,tencentBlock_20291,s3fifo,0.1,28,21,1,3,0.5938,1.53,4104772,28306.7392,1712637
node1.tardis-apia.ldos-ut-pg0.wisc.cloudlab.us,tencentBlock_20291,s3fifoforgive,0.1,28,21,1,1,0.5938,0.91,4104772,28306.7392,1712637
node1.tardis-apia.ldos-ut-pg0.wisc.cloudlab.us,tencentBlock_20291,s3fifoforgive,0.1,28,21,1,2,0.5938,0.90,4104772,28306.7392,1712637
node1.tardis-apia.ldos-ut-pg0.wisc.cloudlab.us,tencentBlock_20291,s3fifoforgive,0.1,28,21,1,3,0.5938,0.88,4104772,28306.7392,1712637
node1.tardis-apia.ldos-ut-pg0.wisc.cloudlab.us,tencentBlock_2030,lru,10,42283,27,1,1,0.2601,0.16,28615262,422831.2064,5627344
node1.tardis-apia.ldos-ut-pg0.wisc.cloudlab.us,tencentBlock_2030,lru,10,42283,27,1,2,0.2601,0.16,28615262,422831.2064,5627344
node1.tardis-apia.ldos-ut-pg0.wisc.cloudlab.us,tencentBlock_2030,lru,10,42283,27,1,3,0.2601,0.16,28615262,422831.2064,5627344
node1.tardis-apia.ldos-ut-pg0.wisc.cloudlab.us,tencentBlock_2030,lruforgive,10,42283,27,1,1,0.2593,0.13,28615262,422831.2064,5627344
node1.tardis-apia.ldos-ut-pg0.wisc.cloudlab.us,tencentBlock_2030,lruforgive,10,42283,27,1,2,0.2593,0.13,28615262,422831.2064,5627344
node1.tardis-apia.ldos-ut-pg0.wisc.cloudlab.us,tencentBlock_2030,lruforgive,10,42283,27,1,3,0.2593,0.13,28615262,422831.2064,5627344
node1.tardis-apia.ldos-ut-pg0.wisc.cloudlab.us,tencentBlock_2030,s3fifo,10,42283,27,1,1,0.2566,0.18,28615262,422831.2064,5627344
node1.tardis-apia.ldos-ut-pg0.wisc.cloudlab.us,tencentBlock_2030,s3fifo,10,42283,27,1,2,0.2566,0.18,28615262,422831.2064,5627344
node1.tardis-apia.ldos-ut-pg0.wisc.cloudlab.us,tencentBlock_2030,s3fifo,10,42283,27,1,3,0.2566,0.18,28615262,422831.2064,5627344
node1.tardis-apia.ldos-ut-pg0.wisc.cloudlab.us,tencentBlock_2030,s3fifoforgive,10,42283,27,1,1,0.2566,0.15,28615262,422831.2064,5627344
node1.tardis-apia.ldos-ut-pg0.wisc.cloudlab.us,tencentBlock_2030,s3fifoforgive,10,42283,27,1,2,0.2566,0.15,28615262,422831.2064,5627344
node1.tardis-apia.ldos-ut-pg0.wisc.cloudlab.us,tencentBlock_2030,s3fifoforgive,10,42283,27,1,3,0.2566,0.15,28615262,422831.2064,5627344
node1.tardis-apia.ldos-ut-pg0.wisc.cloudlab.us,tencentBlock_2030,lru,0.1,423,25,1,1,0.5327,0.16,28615262,422831.2064,5627344
node1.tardis-apia.ldos-ut-pg0.wisc.cloudlab.us,tencentBlock_2030,lru,0.1,423,25,1,2,0.5327,0.16,28615262,422831.2064,5627344
node1.tardis-apia.ldos-ut-pg0.wisc.cloudlab.us,tencentBlock_2030,lru,0.1,423,25,1,3,0.5327,0.16,28615262,422831.2064,5627344
node1.tardis-apia.ldos-ut-pg0.wisc.cloudlab.us,tencentBlock_2030,lruforgive,0.1,423,25,1,1,0.5228,0.13,28615262,422831.2064,5627344
node1.tardis-apia.ldos-ut-pg0.wisc.cloudlab.us,tencentBlock_2030,lruforgive,0.1,423,25,1,2,0.5228,0.13,28615262,422831.2064,5627344
node1.tardis-apia.ldos-ut-pg0.wisc.cloudlab.us,tencentBlock_2030,lruforgive,0.1,423,25,1,3,0.5228,0.13,28615262,422831.2064,5627344
node1.tardis-apia.ldos-ut-pg0.wisc.cloudlab.us,tencentBlock_2030,s3fifo,0.1,423,25,1,1,0.5252,0.34,28615262,422831.2064,5627344
node1.tardis-apia.ldos-ut-pg0.wisc.cloudlab.us,tencentBlock_2030,s3fifo,0.1,423,25,1,2,0.5252,0.33,28615262,422831.2064,5627344
node1.tardis-apia.ldos-ut-pg0.wisc.cloudlab.us,tencentBlock_2030,s3fifo,0.1,423,25,1,3,0.5252,0.34,28615262,422831.2064,5627344
node1.tardis-apia.ldos-ut-pg0.wisc.cloudlab.us,tencentBlock_2030,s3fifoforgive,0.1,423,25,1,1,0.5243,0.28,28615262,422831.2064,5627344
node1.tardis-apia.ldos-ut-pg0.wisc.cloudlab.us,tencentBlock_2030,s3fifoforgive,0.1,423,25,1,2,0.5243,0.27,28615262,422831.2064,5627344
node1.tardis-apia.ldos-ut-pg0.wisc.cloudlab.us,tencentBlock_2030,s3fifoforgive,0.1,423,25,1,3,0.5243,0.26,28615262,422831.2064,5627344
node1.tardis-apia.ldos-ut-pg0.wisc.cloudlab.us,tencentBlock_2035,lru,10,6977,27,1,1,0.8963,0.12,2082391,69768.2944,1595568
node1.tardis-apia.ldos-ut-pg0.wisc.cloudlab.us,tencentBlock_2035,lru,10,6977,27,1,2,0.8963,0.12,2082391,69768.2944,1595568
node1.tardis-apia.ldos-ut-pg0.wisc.cloudlab.us,tencentBlock_2035,lru,10,6977,27,1,3,0.8963,0.12,2082391,69768.2944,1595568
node1.tardis-apia.ldos-ut-pg0.wisc.cloudlab.us,tencentBlock_2035,lruforgive,10,6977,27,1,1,0.8963,0.14,2082391,69768.2944,1595568
node1.tardis-apia.ldos-ut-pg0.wisc.cloudlab.us,tencentBlock_2035,lruforgive,10,6977,27,1,2,0.8963,0.14,2082391,69768.2944,1595568
node1.tardis-apia.ldos-ut-pg0.wisc.cloudlab.us,tencentBlock_2035,lruforgive,10,6977,27,1,3,0.8963,0.14,2082391,69768.2944,1595568
node1.tardis-apia.ldos-ut-pg0.wisc.cloudlab.us,tencentBlock_2035,s3fifo,10,6977,27,1,1,0.9244,0.13,2082391,69768.2944,1595568
node1.tardis-apia.ldos-ut-pg0.wisc.cloudlab.us,tencentBlock_2035,s3fifo,10,6977,27,1,2,0.9244,0.12,2082391,69768.2944,1595568
node1.tardis-apia.ldos-ut-pg0.wisc.cloudlab.us,tencentBlock_2035,s3fifo,10,6977,27,1,3,0.9244,0.12,2082391,69768.2944,1595568
node1.tardis-apia.ldos-ut-pg0.wisc.cloudlab.us,tencentBlock_2035,s3fifoforgive,10,6977,27,1,1,0.9244,0.14,2082391,69768.2944,1595568
node1.tardis-apia.ldos-ut-pg0.wisc.cloudlab.us,tencentBlock_2035,s3fifoforgive,10,6977,27,1,2,0.9244,0.14,2082391,69768.2944,1595568
node1.tardis-apia.ldos-ut-pg0.wisc.cloudlab.us,tencentBlock_2035,s3fifoforgive,10,6977,27,1,3,0.9244,0.14,2082391,69768.2944,1595568
node1.tardis-apia.ldos-ut-pg0.wisc.cloudlab.us,tencentBlock_2035,lru,0.1,70,22,1,1,0.9776,0.39,2082391,69768.2944,1595568
node1.tardis-apia.ldos-ut-pg0.wisc.cloudlab.us,tencentBlock_2035,lru,0.1,70,22,1,2,0.9776,0.39,2082391,69768.2944,1595568
node1.tardis-apia.ldos-ut-pg0.wisc.cloudlab.us,tencentBlock_2035,lru,0.1,70,22,1,3,0.9776,0.40,2082391,69768.2944,1595568
node1.tardis-apia.ldos-ut-pg0.wisc.cloudlab.us,tencentBlock_2035,lruforgive,0.1,70,22,1,1,0.9776,0.39,2082391,69768.2944,1595568
node1.tardis-apia.ldos-ut-pg0.wisc.cloudlab.us,tencentBlock_2035,lruforgive,0.1,70,22,1,2,0.9776,0.37,2082391,69768.2944,1595568
node1.tardis-apia.ldos-ut-pg0.wisc.cloudlab.us,tencentBlock_2035,lruforgive,0.1,70,22,1,3,0.9776,0.38,2082391,69768.2944,1595568
node1.tardis-apia.ldos-ut-pg0.wisc.cloudlab.us,tencentBlock_2035,s3fifo,0.1,70,22,1,1,0.9774,0.39,2082391,69768.2944,1595568
node1.tardis-apia.ldos-ut-pg0.wisc.cloudlab.us,tencentBlock_2035,s3fifo,0.1,70,22,1,2,0.9774,0.38,2082391,69768.2944,1595568
node1.tardis-apia.ldos-ut-pg0.wisc.cloudlab.us,tencentBlock_2035,s3fifo,0.1,70,22,1,3,0.9774,0.36,2082391,69768.2944,1595568
node1.tardis-apia.ldos-ut-pg0.wisc.cloudlab.us,tencentBlock_2035,s3fifoforgive,0.1,70,22,1,1,0.9774,0.37,2082391,69768.2944,1595568
node1.tardis-apia.ldos-ut-pg0.wisc.cloudlab.us,tencentBlock_2035,s3fifoforgive,0.1,70,22,1,2,0.9774,0.37,2082391,69768.2944,1595568
node1.tardis-apia.ldos-ut-pg0.wisc.cloudlab.us,tencentBlock_2035,s3fifoforgive,0.1,70,22,1,3,0.9774,0.37,2082391,69768.2944,1595568
node1.tardis-apia.ldos-ut-pg0.wisc.cloudlab.us,tencentBlock_20627,lru,10,10167,27,1,1,0.5473,0.28,18611632,101672.3456,3703791
node1.tardis-apia.ldos-ut-pg0.wisc.cloudlab.us,tencentBlock_20627,lru,10,10167,27,1,2,0.5473,0.28,18611632,101672.3456,3703791
node1.tardis-apia.ldos-ut-pg0.wisc.cloudlab.us,tencentBlock_20627,lru,10,10167,27,1,3,0.5473,0.28,18611632,101672.3456,3703791
node1.tardis-apia.ldos-ut-pg0.wisc.cloudlab.us,tencentBlock_20627,lruforgive,10,10167,27,1,1,0.5461,0.22,18611632,101672.3456,3703791
node1.tardis-apia.ldos-ut-pg0.wisc.cloudlab.us,tencentBlock_20627,lruforgive,10,10167,27,1,2,0.5461,0.22,18611632,101672.3456,3703791
node1.tardis-apia.ldos-ut-pg0.wisc.cloudlab.us,tencentBlock_20627,lruforgive,10,10167,27,1,3,0.5461,0.22,18611632,101672.3456,3703791
node1.tardis-apia.ldos-ut-pg0.wisc.cloudlab.us,tencentBlock_20627,s3fifo,10,10167,27,1,1,0.5505,0.30,18611632,101672.3456,3703791
node1.tardis-apia.ldos-ut-pg0.wisc.cloudlab.us,tencentBlock_20627,s3fifo,10,10167,27,1,2,0.5505,0.29,18611632,101672.3456,3703791
node1.tardis-apia.ldos-ut-pg0.wisc.cloudlab.us,tencentBlock_20627,s3fifo,10,10167,27,1,3,0.5505,0.29,18611632,101672.3456,3703791
node1.tardis-apia.ldos-ut-pg0.wisc.cloudlab.us,tencentBlock_20627,s3fifoforgive,10,10167,27,1,1,0.5505,0.24,18611632,101672.3456,3703791
node1.tardis-apia.ldos-ut-pg0.wisc.cloudlab.us,tencentBlock_20627,s3fifoforgive,10,10167,27,1,2,0.5505,0.24,18611632,101672.3456,3703791
node1.tardis-apia.ldos-ut-pg0.wisc.cloudlab.us,tencentBlock_20627,s3fifoforgive,10,10167,27,1,3,0.5505,0.24,18611632,101672.3456,3703791
node1.tardis-apia.ldos-ut-pg0.wisc.cloudlab.us,tencentBlock_20627,lru,0.1,102,23,1,1,0.8439,0.34,18611632,101672.3456,3703791
node1.tardis-apia.ldos-ut-pg0.wisc.cloudlab.us,tencentBlock_20627,lru,0.1,102,23,1,2,0.8439,0.34,18611632,101672.3456,3703791
node1.tardis-apia.ldos-ut-pg0.wisc.cloudlab.us,tencentBlock_20627,lru,0.1,102,23,1,3,0.8439,0.34,18611632,101672.3456,3703791
node1.tardis-apia.ldos-ut-pg0.wisc.cloudlab.us,tencentBlock_20627,lruforgive,0.1,102,23,1,1,0.8290,0.32,18611632,101672.3456,3703791
node1.tardis-apia.ldos-ut-pg0.wisc.cloudlab.us,tencentBlock_20627,lruforgive,0.1,102,23,1,2,0.8290,0.32,18611632,101672.3456,3703791
node1.tardis-apia.ldos-ut-pg0.wisc.cloudlab.us,tencentBlock_20627,lruforgive,0.1,102,23,1,3,0.8290,0.32,18611632,101672.3456,3703791
node1.tardis-apia.ldos-ut-pg0.wisc.cloudlab.us,tencentBlock_20627,s3fifo,0.1,102,23,1,1,0.8272,0.69,18611632,101672.3456,3703791
node1.tardis-apia.ldos-ut-pg0.wisc.cloudlab.us,tencentBlock_20627,s3fifo,0.1,102,23,1,2,0.8270,0.69,18611632,101672.3456,3703791
node1.tardis-apia.ldos-ut-pg0.wisc.cloudlab.us,tencentBlock_20627,s3fifo,0.1,102,23,1,3,0.8268,0.69,18611632,101672.3456,3703791
node1.tardis-apia.ldos-ut-pg0.wisc.cloudlab.us,tencentBlock_20627,s3fifoforgive,0.1,102,23,1,1,0.8252,0.56,18611632,101672.3456,3703791
node1.tardis-apia.ldos-ut-pg0.wisc.cloudlab.us,tencentBlock_20627,s3fifoforgive,0.1,102,23,1,2,0.8253,0.57,18611632,101672.3456,3703791
node1.tardis-apia.ldos-ut-pg0.wisc.cloudlab.us,tencentBlock_20627,s3fifoforgive,0.1,102,23,1,3,0.8253,0.55,18611632,101672.3456,3703791
node1.tardis-apia.ldos-ut-pg0.wisc.cloudlab.us,tencentBlock_2067,lru,10,4385,27,1,1,0.3006,0.38,52039247,43853.312,2782414
node1.tardis-apia.ldos-ut-pg0.wisc.cloudlab.us,tencentBlock_2067,lru,10,4385,27,1,2,0.3006,0.39,52039247,43853.312,2782414
node1.tardis-apia.ldos-ut-pg0.wisc.cloudlab.us,tencentBlock_2067,lru,10,4385,27,1,3,0.3006,0.39,52039247,43853.312,2782414
node1.tardis-apia.ldos-ut-pg0.wisc.cloudlab.us,tencentBlock_2067,lruforgive,10,4385,27,1,1,0.2995,0.22,52039247,43853.312,2782414
node1.tardis-apia.ldos-ut-pg0.wisc.cloudlab.us,tencentBlock_2067,lruforgive,10,4385,27,1,2,0.2995,0.23,52039247,43853.312,2782414
node1.tardis-apia.ldos-ut-pg0.wisc.cloudlab.us,tencentBlock_2067,lruforgive,10,4385,27,1,3,0.2995,0.23,52039247,43853.312,2782414
node1.tardis-apia.ldos-ut-pg0.wisc.cloudlab.us,tencentBlock_2067,s3fifo,10,4385,27,1,1,0.2991,0.38,52039247,43853.312,2782414
node1.tardis-apia.ldos-ut-pg0.wisc.cloudlab.us,tencentBlock_2067,s3fifo,10,4385,27,1,2,0.2991,0.38,52039247,43853.312,2782414
node1.tardis-apia.ldos-ut-pg0.wisc.cloudlab.us,tencentBlock_2067,s3fifo,10,4385,27,1,3,0.2991,0.38,52039247,43853.312,2782414
node1.tardis-apia.ldos-ut-pg0.wisc.cloudlab.us,tencentBlock_2067,s3fifoforgive,10,4385,27,1,1,0.2988,0.24,52039247,43853.312,2782414
node1.tardis-apia.ldos-ut-pg0.wisc.cloudlab.us,tencentBlock_2067,s3fifoforgive,10,4385,27,1,2,0.2988,0.24,52039247,43853.312,2782414
node1.tardis-apia.ldos-ut-pg0.wisc.cloudlab.us,tencentBlock_2067,s3fifoforgive,10,4385,27,1,3,0.2988,0.25,52039247,43853.312,2782414
node1.tardis-apia.ldos-ut-pg0.wisc.cloudlab.us,tencentBlock_2067,lru,0.1,44,21,1,1,0.7546,0.79,52039247,43853.312,2782414
node1.tardis-apia.ldos-ut-pg0.wisc.cloudlab.us,tencentBlock_2067,lru,0.1,44,21,1,2,0.7546,0.81,52039247,43853.312,2782414
node1.tardis-apia.ldos-ut-pg0.wisc.cloudlab.us,tencentBlock_2067,lru,0.1,44,21,1,3,0.7546,0.79,52039247,43853.312,2782414
node1.tardis-apia.ldos-ut-pg0.wisc.cloudlab.us,tencentBlock_2067,lruforgive,0.1,44,21,1,1,0.7534,0.57,52039247,43853.312,2782414
node1.tardis-apia.ldos-ut-pg0.wisc.cloudlab.us,tencentBlock_2067,lruforgive,0.1,44,21,1,2,0.7534,0.57,52039247,43853.312,2782414
node1.tardis-apia.ldos-ut-pg0.wisc.cloudlab.us,tencentBlock_2067,lruforgive,0.1,44,21,1,3,0.7534,0.57,52039247,43853.312,2782414
node1.tardis-apia.ldos-ut-pg0.wisc.cloudlab.us,tencentBlock_2067,s3fifo,0.1,44,21,1,1,0.7875,0.99,52039247,43853.312,2782414
node1.tardis-apia.ldos-ut-pg0.wisc.cloudlab.us,tencentBlock_2067,s3fifo,0.1,44,21,1,2,0.7875,0.99,52039247,43853.312,2782414
node1.tardis-apia.ldos-ut-pg0.wisc.cloudlab.us,tencentBlock_2067,s3fifo,0.1,44,21,1,3,0.7875,0.99,52039247,43853.312,2782414
node1.tardis-apia.ldos-ut-pg0.wisc.cloudlab.us,tencentBlock_2067,s3fifoforgive,0.1,44,21,1,1,0.7844,0.73,52039247,43853.312,2782414
node1.tardis-apia.ldos-ut-pg0.wisc.cloudlab.us,tencentBlock_2067,s3fifoforgive,0.1,44,21,1,2,0.7844,0.69,52039247,43853.312,2782414
node1.tardis-apia.ldos-ut-pg0.wisc.cloudlab.us,tencentBlock_2067,s3fifoforgive,0.1,44,21,1,3,0.7844,0.73,52039247,43853.312,2782414
node1.tardis-apia.ldos-ut-pg0.wisc.cloudlab.us,tencentBlock_20699,lru,10,6224,27,1,1,0.2986,0.45,26074679,62240.5632,3418923
node1.tardis-apia.ldos-ut-pg0.wisc.cloudlab.us,tencentBlock_20699,lru,10,6224,27,1,2,0.2986,0.45,26074679,62240.5632,3418923
node1.tardis-apia.ldos-ut-pg0.wisc.cloudlab.us,tencentBlock_20699,lru,10,6224,27,1,3,0.2986,0.45,26074679,62240.5632,3418923
node1.tardis-apia.ldos-ut-pg0.wisc.cloudlab.us,tencentBlock_20699,lruforgive,10,6224,27,1,1,0.2985,0.28,26074679,62240.5632,3418923
node1.tardis-apia.ldos-ut-pg0.wisc.cloudlab.us,tencentBlock_20699,lruforgive,10,6224,27,1,2,0.2985,0.28,26074679,62240.5632,3418923
node1.tardis-apia.ldos-ut-pg0.wisc.cloudlab.us,tencentBlock_20699,lruforgive,10,6224,27,1,3,0.2985,0.29,26074679,62240.5632,3418923
node1.tardis-apia.ldos-ut-pg0.wisc.cloudlab.us,tencentBlock_20699,s3fifo,10,6224,27,1,1,0.3031,0.47,26074679,62240.5632,3418923
node1.tardis-apia.ldos-ut-pg0.wisc.cloudlab.us,tencentBlock_20699,s3fifo,10,6224,27,1,2,0.3031,0.46,26074679,62240.5632,3418923
node1.tardis-apia.ldos-ut-pg0.wisc.cloudlab.us,tencentBlock_20699,s3fifo,10,6224,27,1,3,0.3031,0.47,26074679,62240.5632,3418923
node1.tardis-apia.ldos-ut-pg0.wisc.cloudlab.us,tencentBlock_20699,s3fifoforgive,10,6224,27,1,1,0.3031,0.30,26074679,62240.5632,3418923
node1.tardis-apia.ldos-ut-pg0.wisc.cloudlab.us,tencentBlock_20699,s3fifoforgive,10,6224,27,1,2,0.3031,0.30,26074679,62240.5632,3418923
node1.tardis-apia.ldos-ut-pg0.wisc.cloudlab.us,tencentBlock_20699,s3fifoforgive,10,6224,27,1,3,0.3031,0.30,26074679,62240.5632,3418923
node1.tardis-apia.ldos-ut-pg0.wisc.cloudlab.us,tencentBlock_20699,lru,0.1,62,22,1,1,0.5935,0.86,26074679,62240.5632,3418923
node1.tardis-apia.ldos-ut-pg0.wisc.cloudlab.us,tencentBlock_20699,lru,0.1,62,22,1,2,0.5935,0.87,26074679,62240.5632,3418923
node1.tardis-apia.ldos-ut-pg0.wisc.cloudlab.us,tencentBlock_20699,lru,0.1,62,22,1,3,0.5935,0.88,26074679,62240.5632,3418923
node1.tardis-apia.ldos-ut-pg0.wisc.cloudlab.us,tencentBlock_20699,lruforgive,0.1,62,22,1,1,0.5713,0.47,26074679,62240.5632,3418923
node1.tardis-apia.ldos-ut-pg0.wisc.cloudlab.us,tencentBlock_20699,lruforgive,0.1,62,22,1,2,0.5713,0.47,26074679,62240.5632,3418923
node1.tardis-apia.ldos-ut-pg0.wisc.cloudlab.us,tencentBlock_20699,lruforgive,0.1,62,22,1,3,0.5713,0.47,26074679,62240.5632,3418923
node1.tardis-apia.ldos-ut-pg0.wisc.cloudlab.us,tencentBlock_20699,s3fifo,0.1,62,22,1,1,0.5867,1.16,26074679,62240.5632,3418923
node1.tardis-apia.ldos-ut-pg0.wisc.cloudlab.us,tencentBlock_20699,s3fifo,0.1,62,22,1,2,0.5867,1.16,26074679,62240.5632,3418923
node1.tardis-apia.ldos-ut-pg0.wisc.cloudlab.us,tencentBlock_20699,s3fifo,0.1,62,22,1,3,0.5867,1.16,26074679,62240.5632,3418923
node1.tardis-apia.ldos-ut-pg0.wisc.cloudlab.us,tencentBlock_20699,s3fifoforgive,0.1,62,22,1,1,0.5845,0.72,26074679,62240.5632,3418923
node1.tardis-apia.ldos-ut-pg0.wisc.cloudlab.us,tencentBlock_20699,s3fifoforgive,0.1,62,22,1,2,0.5845,0.74,26074679,62240.5632,3418923
node1.tardis-apia.ldos-ut-pg0.wisc.cloudlab.us,tencentBlock_20699,s3fifoforgive,0.1,62,22,1,3,0.5845,0.74,26074679,62240.5632,3418923
node1.tardis-apia.ldos-ut-pg0.wisc.cloudlab.us,tencentBlock_2075,lru,10,3038,27,1,1,0.3187,0.40,53308801,30380.544,2188427
node1.tardis-apia.ldos-ut-pg0.wisc.cloudlab.us,tencentBlock_2075,lru,10,3038,27,1,2,0.3187,0.40,53308801,30380.544,2188427
node1.tardis-apia.ldos-ut-pg0.wisc.cloudlab.us,tencentBlock_2075,lru,10,3038,27,1,3,0.3187,0.40,53308801,30380.544,2188427
node1.tardis-apia.ldos-ut-pg0.wisc.cloudlab.us,tencentBlock_2075,lruforgive,10,3038,27,1,1,0.3164,0.24,53308801,30380.544,2188427
node1.tardis-apia.ldos-ut-pg0.wisc.cloudlab.us,tencentBlock_2075,lruforgive,10,3038,27,1,2,0.3164,0.24,53308801,30380.544,2188427
node1.tardis-apia.ldos-ut-pg0.wisc.cloudlab.us,tencentBlock_2075,lruforgive,10,3038,27,1,3,0.3164,0.24,53308801,30380.544,2188427
node1.tardis-apia.ldos-ut-pg0.wisc.cloudlab.us,tencentBlock_2075,s3fifo,10,3038,27,1,1,0.3048,0.42,53308801,30380.544,2188427
node1.tardis-apia.ldos-ut-pg0.wisc.cloudlab.us,tencentBlock_2075,s3fifo,10,3038,27,1,2,0.3048,0.42,53308801,30380.544,2188427
node1.tardis-apia.ldos-ut-pg0.wisc.cloudlab.us,tencentBlock_2075,s3fifo,10,3038,27,1,3,0.3048,0.42,53308801,30380.544,2188427
node1.tardis-apia.ldos-ut-pg0.wisc.cloudlab.us,tencentBlock_2075,s3fifoforgive,10,3038,27,1,1,0.3045,0.26,53308801,30380.544,2188427
node1.tardis-apia.ldos-ut-pg0.wisc.cloudlab.us,tencentBlock_2075,s3fifoforgive,10,3038,27,1,2,0.3045,0.26,53308801,30380.544,2188427
node1.tardis-apia.ldos-ut-pg0.wisc.cloudlab.us,tencentBlock_2075,s3fifoforgive,10,3038,27,1,3,0.3045,0.26,53308801,30380.544,2188427
node1.tardis-apia.ldos-ut-pg0.wisc.cloudlab.us,tencentBlock_2075,lru,0.1,30,21,1,1,0.8386,1.93,53308801,30380.544,2188427
node1.tardis-apia.ldos-ut-pg0.wisc.cloudlab.us,tencentBlock_2075,lru,0.1,30,21,1,2,0.8386,1.91,53308801,30380.544,2188427
node1.tardis-apia.ldos-ut-pg0.wisc.cloudlab.us,tencentBlock_2075,lru,0.1,30,21,1,3,0.8386,1.96,53308801,30380.544,2188427
node1.tardis-apia.ldos-ut-pg0.wisc.cloudlab.us,tencentBlock_2075,lruforgive,0.1,30,21,1,1,0.8372,1.09,53308801,30380.544,2188427
node1.tardis-apia.ldos-ut-pg0.wisc.cloudlab.us,tencentBlock_2075,lruforgive,0.1,30,21,1,2,0.8372,1.08,53308801,30380.544,2188427
node1.tardis-apia.ldos-ut-pg0.wisc.cloudlab.us,tencentBlock_2075,lruforgive,0.1,30,21,1,3,0.8372,1.09,53308801,30380.544,2188427
node1.tardis-apia.ldos-ut-pg0.wisc.cloudlab.us,tencentBlock_2075,s3fifo,0.1,30,21,1,1,0.8618,1.94,53308801,30380.544,2188427
node1.tardis-apia.ldos-ut-pg0.wisc.cloudlab.us,tencentBlock_2075,s3fifo,0.1,30,21,1,2,0.8618,1.95,53308801,30380.544,2188427
node1.tardis-apia.ldos-ut-pg0.wisc.cloudlab.us,tencentBlock_2075,s3fifo,0.1,30,21,1,3,0.8618,1.97,53308801,30380.544,2188427
node1.tardis-apia.ldos-ut-pg0.wisc.cloudlab.us,tencentBlock_2075,s3fifoforgive,0.1,30,21,1,1,0.8595,1.35,53308801,30380.544,2188427
node1.tardis-apia.ldos-ut-pg0.wisc.cloudlab.us,tencentBlock_2075,s3fifoforgive,0.1,30,21,1,2,0.8595,1.30,53308801,30380.544,2188427
node1.tardis-apia.ldos-ut-pg0.wisc.cloudlab.us,tencentBlock_2075,s3fifoforgive,0.1,30,21,1,3,0.8595,1.35,53308801,30380.544,2188427
node1.tardis-apia.ldos-ut-pg0.wisc.cloudlab.us,tencentBlock_2079,lru,10,46023,27,1,1,0.1579,0.33,85128824,460233.6256,10055022
node1.tardis-apia.ldos-ut-pg0.wisc.cloudlab.us,tencentBlock_2079,lru,10,46023,27,1,2,0.1579,0.32,85128824,460233.6256,10055022
node1.tardis-apia.ldos-ut-pg0.wisc.cloudlab.us,tencentBlock_2079,lru,10,46023,27,1,3,0.1579,0.33,85128824,460233.6256,10055022
node1.tardis-apia.ldos-ut-pg0.wisc.cloudlab.us,tencentBlock_2079,lruforgive,10,46023,27,1,1,0.1579,0.21,85128824,460233.6256,10055022
node1.tardis-apia.ldos-ut-pg0.wisc.cloudlab.us,tencentBlock_2079,lruforgive,10,46023,27,1,2,0.1579,0.21,85128824,460233.6256,10055022
node1.tardis-apia.ldos-ut-pg0.wisc.cloudlab.us,tencentBlock_2079,lruforgive,10,46023,27,1,3,0.1579,0.21,85128824,460233.6256,10055022
node1.tardis-apia.ldos-ut-pg0.wisc.cloudlab.us,tencentBlock_2079,s3fifo,10,46023,27,1,1,0.1638,0.36,85128824,460233.6256,10055022
node1.tardis-apia.ldos-ut-pg0.wisc.cloudlab.us,tencentBlock_2079,s3fifo,10,46023,27,1,2,0.1638,0.35,85128824,460233.6256,10055022
node1.tardis-apia.ldos-ut-pg0.wisc.cloudlab.us,tencentBlock_2079,s3fifo,10,46023,27,1,3,0.1638,0.36,85128824,460233.6256,10055022
node1.tardis-apia.ldos-ut-pg0.wisc.cloudlab.us,tencentBlock_2079,s3fifoforgive,10,46023,27,1,1,0.1638,0.23,85128824,460233.6256,10055022
node1.tardis-apia.ldos-ut-pg0.wisc.cloudlab.us,tencentBlock_2079,s3fifoforgive,10,46023,27,1,2,0.1638,0.23,85128824,460233.6256,10055022
node1.tardis-apia.ldos-ut-pg0.wisc.cloudlab.us,tencentBlock_2079,s3fifoforgive,10,46023,27,1,3,0.1638,0.23,85128824,460233.6256,10055022
node1.tardis-apia.ldos-ut-pg0.wisc.cloudlab.us,tencentBlock_2079,lru,0.1,460,25,1,1,0.6555,0.30,85128824,460233.6256,10055022
node1.tardis-apia.ldos-ut-pg0.wisc.cloudlab.us,tencentBlock_2079,lru,0.1,460,25,1,2,0.6555,0.30,85128824,460233.6256,10055022
node1.tardis-apia.ldos-ut-pg0.wisc.cloudlab.us,tencentBlock_2079,lru,0.1,460,25,1,3,0.6555,0.30,85128824,460233.6256,10055022
node1.tardis-apia.ldos-ut-pg0.wisc.cloudlab.us,tencentBlock_2079,lruforgive,0.1,460,25,1,1,0.6312,0.23,85128824,460233.6256,10055022
node1.tardis-apia.ldos-ut-pg0.wisc.cloudlab.us,tencentBlock_2079,lruforgive,0.1,460,25,1,2,0.6312,0.23,85128824,460233.6256,10055022
node1.tardis-apia.ldos-ut-pg0.wisc.cloudlab.us,tencentBlock_2079,lruforgive,0.1,460,25,1,3,0.6312,0.23,85128824,460233.6256,10055022
node1.tardis-apia.ldos-ut-pg0.wisc.cloudlab.us,tencentBlock_2079,s3fifo,0.1,460,25,1,1,0.5674,0.55,85128824,460233.6256,10055022
node1.tardis-apia.ldos-ut-pg0.wisc.cloudlab.us,tencentBlock_2079,s3fifo,0.1,460,25,1,2,0.5674,0.55,85128824,460233.6256,10055022
node1.tardis-apia.ldos-ut-pg0.wisc.cloudlab.us,tencentBlock_2079,s3fifo,0.1,460,25,1,3,0.5674,0.55,85128824,460233.6256,10055022
node1.tardis-apia.ldos-ut-pg0.wisc.cloudlab.us,tencentBlock_2079,s3fifoforgive,0.1,460,25,1,1,0.5642,0.39,85128824,460233.6256,10055022
node1.tardis-apia.ldos-ut-pg0.wisc.cloudlab.us,tencentBlock_2079,s3fifoforgive,0.1,460,25,1,2,0.5642,0.39,85128824,460233.6256,10055022
node1.tardis-apia.ldos-ut-pg0.wisc.cloudlab.us,tencentBlock_2079,s3fifoforgive,0.1,460,25,1,3,0.5642,0.38,85128824,460233.6256,10055022
node1.tardis-apia.ldos-ut-pg0.wisc.cloudlab.us,tencentBlock_20979,lru,10,1840,27,1,1,0.3085,0.60,25317690,18403.7376,2040618
node1.tardis-apia.ldos-ut-pg0.wisc.cloudlab.us,tencentBlock_20979,lru,10,1840,27,1,2,0.3085,0.60,25317690,18403.7376,2040618
node1.tardis-apia.ldos-ut-pg0.wisc.cloudlab.us,tencentBlock_20979,lru,10,1840,27,1,3,0.3085,0.60,25317690,18403.7376,2040618
node1.tardis-apia.ldos-ut-pg0.wisc.cloudlab.us,tencentBlock_20979,lruforgive,10,1840,27,1,1,0.3067,0.31,25317690,18403.7376,2040618
node1.tardis-apia.ldos-ut-pg0.wisc.cloudlab.us,tencentBlock_20979,lruforgive,10,1840,27,1,2,0.3067,0.32,25317690,18403.7376,2040618
node1.tardis-apia.ldos-ut-pg0.wisc.cloudlab.us,tencentBlock_20979,lruforgive,10,1840,27,1,3,0.3067,0.32,25317690,18403.7376,2040618
node1.tardis-apia.ldos-ut-pg0.wisc.cloudlab.us,tencentBlock_20979,s3fifo,10,1840,27,1,1,0.2830,0.66,25317690,18403.7376,2040618
node1.tardis-apia.ldos-ut-pg0.wisc.cloudlab.us,tencentBlock_20979,s3fifo,10,1840,27,1,2,0.2830,0.65,25317690,18403.7376,2040618
node1.tardis-apia.ldos-ut-pg0.wisc.cloudlab.us,tencentBlock_20979,s3fifo,10,1840,27,1,3,0.2830,0.66,25317690,18403.7376,2040618
node1.tardis-apia.ldos-ut-pg0.wisc.cloudlab.us,tencentBlock_20979,s3fifoforgive,10,1840,27,1,1,0.2828,0.36,25317690,18403.7376,2040618
node1.tardis-apia.ldos-ut-pg0.wisc.cloudlab.us,tencentBlock_20979,s3fifoforgive,10,1840,27,1,2,0.2828,0.36,25317690,18403.7376,2040618
node1.tardis-apia.ldos-ut-pg0.wisc.cloudlab.us,tencentBlock_20979,s3fifoforgive,10,1840,27,1,3,0.2828,0.36,25317690,18403.7376,2040618
node1.tardis-apia.ldos-ut-pg0.wisc.cloudlab.us,tencentBlock_20979,lru,0.1,18,20,1,1,0.8230,2.54,25317690,18403.7376,2040618
node1.tardis-apia.ldos-ut-pg0.wisc.cloudlab.us,tencentBlock_20979,lru,0.1,18,20,1,2,0.8230,2.52,25317690,18403.7376,2040618
node1.tardis-apia.ldos-ut-pg0.wisc.cloudlab.us,tencentBlock_20979,lru,0.1,18,20,1,3,0.8230,2.57,25317690,18403.7376,2040618
node1.tardis-apia.ldos-ut-pg0.wisc.cloudlab.us,tencentBlock_20979,lruforgive,0.1,18,20,1,1,0.8108,1.42,25317690,18403.7376,2040618
node1.tardis-apia.ldos-ut-pg0.wisc.cloudlab.us,tencentBlock_20979,lruforgive,0.1,18,20,1,2,0.8108,1.44,25317690,18403.7376,2040618
node1.tardis-apia.ldos-ut-pg0.wisc.cloudlab.us,tencentBlock_20979,lruforgive,0.1,18,20,1,3,0.8108,1.44,25317690,18403.7376,2040618
node1.tardis-apia.ldos-ut-pg0.wisc.cloudlab.us,tencentBlock_20979,s3fifo,0.1,18,20,1,1,0.8297,2.62,25317690,18403.7376,2040618
node1.tardis-apia.ldos-ut-pg0.wisc.cloudlab.us,tencentBlock_20979,s3fifo,0.1,18,20,1,2,0.8297,2.64,25317690,18403.7376,2040618
node1.tardis-apia.ldos-ut-pg0.wisc.cloudlab.us,tencentBlock_20979,s3fifo,0.1,18,20,1,3,0.8297,2.59,25317690,18403.7376,2040618
node1.tardis-apia.ldos-ut-pg0.wisc.cloudlab.us,tencentBlock_20979,s3fifoforgive,0.1,18,20,1,1,0.8276,1.75,25317690,18403.7376,2040618
node1.tardis-apia.ldos-ut-pg0.wisc.cloudlab.us,tencentBlock_20979,s3fifoforgive,0.1,18,20,1,2,0.8276,1.78,25317690,18403.7376,2040618
node1.tardis-apia.ldos-ut-pg0.wisc.cloudlab.us,tencentBlock_20979,s3fifoforgive,0.1,18,20,1,3,0.8276,1.77,25317690,18403.7376,2040618
node1.tardis-apia.ldos-ut-pg0.wisc.cloudlab.us,tencentBlock_21031,lru,10,1531,27,1,1,0.2194,0.83,8890668,15305.3184,1818136
node1.tardis-apia.ldos-ut-pg0.wisc.cloudlab.us,tencentBlock_21031,lru,10,1531,27,1,2,0.2194,0.83,8890668,15305.3184,1818136
node1.tardis-apia.ldos-ut-pg0.wisc.cloudlab.us,tencentBlock_21031,lru,10,1531,27,1,3,0.2194,0.82,8890668,15305.3184,1818136
node1.tardis-apia.ldos-ut-pg0.wisc.cloudlab.us,tencentBlock_21031,lruforgive,10,1531,27,1,1,0.2174,0.42,8890668,15305.3184,1818136
node1.tardis-apia.ldos-ut-pg0.wisc.cloudlab.us,tencentBlock_21031,lruforgive,10,1531,27,1,2,0.2174,0.41,8890668,15305.3184,1818136
node1.tardis-apia.ldos-ut-pg0.wisc.cloudlab.us,tencentBlock_21031,lruforgive,10,1531,27,1,3,0.2174,0.41,8890668,15305.3184,1818136
node1.tardis-apia.ldos-ut-pg0.wisc.cloudlab.us,tencentBlock_21031,s3fifo,10,1531,27,1,1,0.2121,0.92,8890668,15305.3184,1818136
node1.tardis-apia.ldos-ut-pg0.wisc.cloudlab.us,tencentBlock_21031,s3fifo,10,1531,27,1,2,0.2121,0.93,8890668,15305.3184,1818136
node1.tardis-apia.ldos-ut-pg0.wisc.cloudlab.us,tencentBlock_21031,s3fifo,10,1531,27,1,3,0.2121,0.91,8890668,15305.3184,1818136
node1.tardis-apia.ldos-ut-pg0.wisc.cloudlab.us,tencentBlock_21031,s3fifoforgive,10,1531,27,1,1,0.2121,0.47,8890668,15305.3184,1818136
node1.tardis-apia.ldos-ut-pg0.wisc.cloudlab.us,tencentBlock_21031,s3fifoforgive,10,1531,27,1,2,0.2121,0.46,8890668,15305.3184,1818136
node1.tardis-apia.ldos-ut-pg0.wisc.cloudlab.us,tencentBlock_21031,s3fifoforgive,10,1531,27,1,3,0.2121,0.47,8890668,15305.3184,1818136
node1.tardis-apia.ldos-ut-pg0.wisc.cloudlab.us,tencentBlock_21031,lru,0.1,15,20,1,1,0.3755,2.27,8890668,15305.3184,1818136
node1.tardis-apia.ldos-ut-pg0.wisc.cloudlab.us,tencentBlock_21031,lru,0.1,15,20,1,2,0.3755,2.23,8890668,15305.3184,1818136
node1.tardis-apia.ldos-ut-pg0.wisc.cloudlab.us,tencentBlock_21031,lru,0.1,15,20,1,3,0.3755,2.26,8890668,15305.3184,1818136
node1.tardis-apia.ldos-ut-pg0.wisc.cloudlab.us,tencentBlock_21031,lruforgive,0.1,15,20,1,1,0.3758,0.77,8890668,15305.3184,1818136
node1.tardis-apia.ldos-ut-pg0.wisc.cloudlab.us,tencentBlock_21031,lruforgive,0.1,15,20,1,2,0.3758,0.77,8890668,15305.3184,1818136
node1.tardis-apia.ldos-ut-pg0.wisc.cloudlab.us,tencentBlock_21031,lruforgive,0.1,15,20,1,3,0.3758,0.77,8890668,15305.3184,1818136
node1.tardis-apia.ldos-ut-pg0.wisc.cloudlab.us,tencentBlock_21031,s3fifo,0.1,15,20,1,1,0.3768,2.23,8890668,15305.3184,1818136
node1.tardis-apia.ldos-ut-pg0.wisc.cloudlab.us,tencentBlock_21031,s3fifo,0.1,15,20,1,2,0.3768,2.22,8890668,15305.3184,1818136
node1.tardis-apia.ldos-ut-pg0.wisc.cloudlab.us,tencentBlock_21031,s3fifo,0.1,15,20,1,3,0.3768,2.27,8890668,15305.3184,1818136
node1.tardis-apia.ldos-ut-pg0.wisc.cloudlab.us,tencentBlock_21031,s3fifoforgive,0.1,15,20,1,1,0.3768,0.88,8890668,15305.3184,1818136
node1.tardis-apia.ldos-ut-pg0.wisc.cloudlab.us,tencentBlock_21031,s3fifoforgive,0.1,15,20,1,2,0.3768,0.89,8890668,15305.3184,1818136
node1.tardis-apia.ldos-ut-pg0.wisc.cloudlab.us,tencentBlock_21031,s3fifoforgive,0.1,15,20,1,3,0.3768,0.89,8890668,15305.3184,1818136
node1.tardis-apia.ldos-ut-pg0.wisc.cloudlab.us,tencentBlock_21054,lru,10,3501,27,1,1,0.3290,0.40,56928889,35009.1264,2299661
node1.tardis-apia.ldos-ut-pg0.wisc.cloudlab.us,tencentBlock_21054,lru,10,3501,27,1,2,0.3290,0.40,56928889,35009.1264,2299661
node1.tardis-apia.ldos-ut-pg0.wisc.cloudlab.us,tencentBlock_21054,lru,10,3501,27,1,3,0.3290,0.40,56928889,35009.1264,2299661
node1.tardis-apia.ldos-ut-pg0.wisc.cloudlab.us,tencentBlock_21054,lruforgive,10,3501,27,1,1,0.3264,0.23,56928889,35009.1264,2299661
node1.tardis-apia.ldos-ut-pg0.wisc.cloudlab.us,tencentBlock_21054,lruforgive,10,3501,27,1,2,0.3264,0.23,56928889,35009.1264,2299661
node1.tardis-apia.ldos-ut-pg0.wisc.cloudlab.us,tencentBlock_21054,lruforgive,10,3501,27,1,3,0.3264,0.23,56928889,35009.1264,2299661
node1.tardis-apia.ldos-ut-pg0.wisc.cloudlab.us,tencentBlock_21054,s3fifo,10,3501,27,1,1,0.3130,0.41,56928889,35009.1264,2299661
node1.tardis-apia.ldos-ut-pg0.wisc.cloudlab.us,tencentBlock_21054,s3fifo,10,3501,27,1,2,0.3130,0.41,56928889,35009.1264,2299661
node1.tardis-apia.ldos-ut-pg0.wisc.cloudlab.us,tencentBlock_21054,s3fifo,10,3501,27,1,3,0.3130,0.41,56928889,35009.1264,2299661
node1.tardis-apia.ldos-ut-pg0.wisc.cloudlab.us,tencentBlock_21054,s3fifoforgive,10,3501,27,1,1,0.3127,0.26,56928889,35009.1264,2299661
node1.tardis-apia.ldos-ut-pg0.wisc.cloudlab.us,tencentBlock_21054,s3fifoforgive,10,3501,27,1,2,0.3127,0.26,56928889,35009.1264,2299661
node1.tardis-apia.ldos-ut-pg0.wisc.cloudlab.us,tencentBlock_21054,s3fifoforgive,10,3501,27,1,3,0.3127,0.26,56928889,35009.1264,2299661
node1.tardis-apia.ldos-ut-pg0.wisc.cloudlab.us,tencentBlock_21054,lru,0.1,35,21,1,1,0.8415,1.41,56928889,35009.1264,2299661
node1.tardis-apia.ldos-ut-pg0.wisc.cloudlab.us,tencentBlock_21054,lru,0.1,35,21,1,2,0.8415,1.41,56928889,35009.1264,2299661
node1.tardis-apia.ldos-ut-pg0.wisc.cloudlab.us,tencentBlock_21054,lru,0.1,35,21,1,3,0.8415,1.43,56928889,35009.1264,2299661
node1.tardis-apia.ldos-ut-pg0.wisc.cloudlab.us,tencentBlock_21054,lruforgive,0.1,35,21,1,1,0.8370,0.82,56928889,35009.1264,2299661
node1.tardis-apia.ldos-ut-pg0.wisc.cloudlab.us,tencentBlock_21054,lruforgive,0.1,35,21,1,2,0.8370,0.81,56928889,35009.1264,2299661
node1.tardis-apia.ldos-ut-pg0.wisc.cloudlab.us,tencentBlock_21054,lruforgive,0.1,35,21,1,3,0.8370,0.82,56928889,35009.1264,2299661
node1.tardis-apia.ldos-ut-pg0.wisc.cloudlab.us,tencentBlock_21054,s3fifo,0.1,35,21,1,1,0.8610,1.52,56928889,35009.1264,2299661
node1.tardis-apia.ldos-ut-pg0.wisc.cloudlab.us,tencentBlock_21054,s3fifo,0.1,35,21,1,2,0.8610,1.51,56928889,35009.1264,2299661
node1.tardis-apia.ldos-ut-pg0.wisc.cloudlab.us,tencentBlock_21054,s3fifo,0.1,35,21,1,3,0.8610,1.38,56928889,35009.1264,2299661
node1.tardis-apia.ldos-ut-pg0.wisc.cloudlab.us,tencentBlock_21054,s3fifoforgive,0.1,35,21,1,1,0.8577,0.95,56928889,35009.1264,2299661
node1.tardis-apia.ldos-ut-pg0.wisc.cloudlab.us,tencentBlock_21054,s3fifoforgive,0.1,35,21,1,2,0.8577,0.94,56928889,35009.1264,2299661
node1.tardis-apia.ldos-ut-pg0.wisc.cloudlab.us,tencentBlock_21054,s3fifoforgive,0.1,35,21,1,3,0.8577,0.96,56928889,35009.1264,2299661
node1.tardis-apia.ldos-ut-pg0.wisc.cloudlab.us,tencentBlock_2109,lru,10,2989,27,1,1,0.3288,0.40,56844955,29888.4096,2250010
node1.tardis-apia.ldos-ut-pg0.wisc.cloudlab.us,tencentBlock_2109,lru,10,2989,27,1,2,0.3288,0.40,56844955,29888.4096,2250010
node1.tardis-apia.ldos-ut-pg0.wisc.cloudlab.us,tencentBlock_2109,lru,10,2989,27,1,3,0.3288,0.41,56844955,29888.4096,2250010
node1.tardis-apia.ldos-ut-pg0.wisc.cloudlab.us,tencentBlock_2109,lruforgive,10,2989,27,1,1,0.3267,0.24,56844955,29888.4096,2250010
node1.tardis-apia.ldos-ut-pg0.wisc.cloudlab.us,tencentBlock_2109,lruforgive,10,2989,27,1,2,0.3267,0.24,56844955,29888.4096,2250010
node1.tardis-apia.ldos-ut-pg0.wisc.cloudlab.us,tencentBlock_2109,lruforgive,10,2989,27,1,3,0.3267,0.23,56844955,29888.4096,2250010
node1.tardis-apia.ldos-ut-pg0.wisc.cloudlab.us,tencentBlock_2109,s3fifo,10,2989,27,1,1,0.3170,0.43,56844955,29888.4096,2250010
node1.tardis-apia.ldos-ut-pg0.wisc.cloudlab.us,tencentBlock_2109,s3fifo,10,2989,27,1,2,0.3170,0.43,56844955,29888.4096,2250010
node1.tardis-apia.ldos-ut-pg0.wisc.cloudlab.us,tencentBlock_2109,s3fifo,10,2989,27,1,3,0.3170,0.43,56844955,29888.4096,2250010
node1.tardis-apia.ldos-ut-pg0.wisc.cloudlab.us,tencentBlock_2109,s3fifoforgive,10,2989,27,1,1,0.3168,0.26,56844955,29888.4096,2250010
node1.tardis-apia.ldos-ut-pg0.wisc.cloudlab.us,tencentBlock_2109,s3fifoforgive,10,2989,27,1,2,0.3168,0.26,56844955,29888.4096,2250010
node1.tardis-apia.ldos-ut-pg0.wisc.cloudlab.us,tencentBlock_2109,s3fifoforgive,10,2989,27,1,3,0.3168,0.26,56844955,29888.4096,2250010
node1.tardis-apia.ldos-ut-pg0.wisc.cloudlab.us,tencentBlock_2109,lru,0.1,30,21,1,1,0.8447,1.37,56844955,29888.4096,2250010
node1.tardis-apia.ldos-ut-pg0.wisc.cloudlab.us,tencentBlock_2109,lru,0.1,30,21,1,2,0.8447,1.39,56844955,29888.4096,2250010
node1.tardis-apia.ldos-ut-pg0.wisc.cloudlab.us,tencentBlock_2109,lru,0.1,30,21,1,3,0.8447,1.39,56844955,29888.4096,2250010
node1.tardis-apia.ldos-ut-pg0.wisc.cloudlab.us,tencentBlock_2109,lruforgive,0.1,30,21,1,1,0.8425,0.83,56844955,29888.4096,2250010
node1.tardis-apia.ldos-ut-pg0.wisc.cloudlab.us,tencentBlock_2109,lruforgive,0.1,30,21,1,2,0.8425,0.85,56844955,29888.4096,2250010
node1.tardis-apia.ldos-ut-pg0.wisc.cloudlab.us,tencentBlock_2109,lruforgive,0.1,30,21,1,3,0.8425,0.84,56844955,29888.4096,2250010
node1.tardis-apia.ldos-ut-pg0.wisc.cloudlab.us,tencentBlock_2109,s3fifo,0.1,30,21,1,1,0.8679,1.52,56844955,29888.4096,2250010
node1.tardis-apia.ldos-ut-pg0.wisc.cloudlab.us,tencentBlock_2109,s3fifo,0.1,30,21,1,2,0.8679,1.52,56844955,29888.4096,2250010
node1.tardis-apia.ldos-ut-pg0.wisc.cloudlab.us,tencentBlock_2109,s3fifo,0.1,30,21,1,3,0.8679,1.56,56844955,29888.4096,2250010
node1.tardis-apia.ldos-ut-pg0.wisc.cloudlab.us,tencentBlock_2109,s3fifoforgive,0.1,30,21,1,1,0.8649,1.08,56844955,29888.4096,2250010
node1.tardis-apia.ldos-ut-pg0.wisc.cloudlab.us,tencentBlock_2109,s3fifoforgive,0.1,30,21,1,2,0.8649,1.10,56844955,29888.4096,2250010
node1.tardis-apia.ldos-ut-pg0.wisc.cloudlab.us,tencentBlock_2109,s3fifoforgive,0.1,30,21,1,3,0.8649,1.06,56844955,29888.4096,2250010
node1.tardis-apia.ldos-ut-pg0.wisc.cloudlab.us,tencentBlock_2127,lru,10,4362,27,1,1,0.2438,0.53,21783252,43616.3584,1532599
node1.tardis-apia.ldos-ut-pg0.wisc.cloudlab.us,tencentBlock_2127,lru,10,4362,27,1,2,0.2438,0.52,21783252,43616.3584,1532599
node1.tardis-apia.ldos-ut-pg0.wisc.cloudlab.us,tencentBlock_2127,lru,10,4362,27,1,3,0.2438,0.52,21783252,43616.3584,1532599
node1.tardis-apia.ldos-ut-pg0.wisc.cloudlab.us,tencentBlock_2127,lruforgive,10,4362,27,1,1,0.2413,0.31,21783252,43616.3584,1532599
node1.tardis-apia.ldos-ut-pg0.wisc.cloudlab.us,tencentBlock_2127,lruforgive,10,4362,27,1,2,0.2413,0.31,21783252,43616.3584,1532599
node1.tardis-apia.ldos-ut-pg0.wisc.cloudlab.us,tencentBlock_2127,lruforgive,10,4362,27,1,3,0.2413,0.31,21783252,43616.3584,1532599
node1.tardis-apia.ldos-ut-pg0.wisc.cloudlab.us,tencentBlock_2127,s3fifo,10,4362,27,1,1,0.2526,0.57,21783252,43616.3584,1532599
node1.tardis-apia.ldos-ut-pg0.wisc.cloudlab.us,tencentBlock_2127,s3fifo,10,4362,27,1,2,0.2526,0.57,21783252,43616.3584,1532599
node1.tardis-apia.ldos-ut-pg0.wisc.cloudlab.us,tencentBlock_2127,s3fifo,10,4362,27,1,3,0.2526,0.57,21783252,43616.3584,1532599
node1.tardis-apia.ldos-ut-pg0.wisc.cloudlab.us,tencentBlock_2127,s3fifoforgive,10,4362,27,1,1,0.2525,0.34,21783252,43616.3584,1532599
node1.tardis-apia.ldos-ut-pg0.wisc.cloudlab.us,tencentBlock_2127,s3fifoforgive,10,4362,27,1,2,0.2525,0.34,21783252,43616.3584,1532599
node1.tardis-apia.ldos-ut-pg0.wisc.cloudlab.us,tencentBlock_2127,s3fifoforgive,10,4362,27,1,3,0.2525,0.34,21783252,43616.3584,1532599
node1.tardis-apia.ldos-ut-pg0.wisc.cloudlab.us,tencentBlock_2127,lru,0.1,44,21,1,1,0.7158,1.09,21783252,43616.3584,1532599
node1.tardis-apia.ldos-ut-pg0.wisc.cloudlab.us,tencentBlock_2127,lru,0.1,44,21,1,2,0.7158,1.11,21783252,43616.3584,1532599
node1.tardis-apia.ldos-ut-pg0.wisc.cloudlab.us,tencentBlock_2127,lru,0.1,44,21,1,3,0.7158,1.11,21783252,43616.3584,1532599
node1.tardis-apia.ldos-ut-pg0.wisc.cloudlab.us,tencentBlock_2127,lruforgive,0.1,44,21,1,1,0.6776,0.55,21783252,43616.3584,1532599
node1.tardis-apia.ldos-ut-pg0.wisc.cloudlab.us,tencentBlock_2127,lruforgive,0.1,44,21,1,2,0.6776,0.55,21783252,43616.3584,1532599
node1.tardis-apia.ldos-ut-pg0.wisc.cloudlab.us,tencentBlock_2127,lruforgive,0.1,44,21,1,3,0.6776,0.55,21783252,43616.3584,1532599
node1.tardis-apia.ldos-ut-pg0.wisc.cloudlab.us,tencentBlock_2127,s3fifo,0.1,44,21,1,1,0.6559,1.25,21783252,43616.3584,1532599
node1.tardis-apia.ldos-ut-pg0.wisc.cloudlab.us,tencentBlock_2127,s3fifo,0.1,44,21,1,2,0.6559,1.25,21783252,43616.3584,1532599
node1.tardis-apia.ldos-ut-pg0.wisc.cloudlab.us,tencentBlock_2127,s3fifo,0.1,44,21,1,3,0.6559,1.25,21783252,43616.3584,1532599
node1.tardis-apia.ldos-ut-pg0.wisc.cloudlab.us,tencentBlock_2127,s3fifoforgive,0.1,44,21,1,1,0.6496,0.85,21783252,43616.3584,1532599
node1.tardis-apia.ldos-ut-pg0.wisc.cloudlab.us,tencentBlock_2127,s3fifoforgive,0.1,44,21,1,2,0.6496,0.84,21783252,43616.3584,1532599
node1.tardis-apia.ldos-ut-pg0.wisc.cloudlab.us,tencentBlock_2127,s3fifoforgive,0.1,44,21,1,3,0.6496,0.84,21783252,43616.3584,1532599
node1.tardis-apia.ldos-ut-pg0.wisc.cloudlab.us,tencentBlock_21346,lru,10,3145,27,1,1,0.3428,0.39,56456553,31452.8768,2264047
node1.tardis-apia.ldos-ut-pg0.wisc.cloudlab.us,tencentBlock_21346,lru,10,3145,27,1,2,0.3428,0.39,56456553,31452.8768,2264047
node1.tardis-apia.ldos-ut-pg0.wisc.cloudlab.us,tencentBlock_21346,lru,10,3145,27,1,3,0.3428,0.39,56456553,31452.8768,2264047
node1.tardis-apia.ldos-ut-pg0.wisc.cloudlab.us,tencentBlock_21346,lruforgive,10,3145,27,1,1,0.3404,0.23,56456553,31452.8768,2264047
node1.tardis-apia.ldos-ut-pg0.wisc.cloudlab.us,tencentBlock_21346,lruforgive,10,3145,27,1,2,0.3404,0.23,56456553,31452.8768,2264047
node1.tardis-apia.ldos-ut-pg0.wisc.cloudlab.us,tencentBlock_21346,lruforgive,10,3145,27,1,3,0.3404,0.23,56456553,31452.8768,2264047
node1.tardis-apia.ldos-ut-pg0.wisc.cloudlab.us,tencentBlock_21346,s3fifo,10,3145,27,1,1,0.3283,0.41,56456553,31452.8768,2264047
node1.tardis-apia.ldos-ut-pg0.wisc.cloudlab.us,tencentBlock_21346,s3fifo,10,3145,27,1,2,0.3283,0.41,56456553,31452.8768,2264047
node1.tardis-apia.ldos-ut-pg0.wisc.cloudlab.us,tencentBlock_21346,s3fifo,10,3145,27,1,3,0.3283,0.41,56456553,31452.8768,2264047
node1.tardis-apia.ldos-ut-pg0.wisc.cloudlab.us,tencentBlock_21346,s3fifoforgive,10,3145,27,1,1,0.3278,0.26,56456553,31452.8768,2264047
node1.tardis-apia.ldos-ut-pg0.wisc.cloudlab.us,tencentBlock_21346,s3fifoforgive,10,3145,27,1,2,0.3278,0.26,56456553,31452.8768,2264047
node1.tardis-apia.ldos-ut-pg0.wisc.cloudlab.us,tencentBlock_21346,s3fifoforgive,10,3145,27,1,3,0.3278,0.26,56456553,31452.8768,2264047
node1.tardis-apia.ldos-ut-pg0.wisc.cloudlab.us,tencentBlock_21346,lru,0.1,31,21,1,1,0.8458,1.62,56456553,31452.8768,2264047
node1.tardis-apia.ldos-ut-pg0.wisc.cloudlab.us,tencentBlock_21346,lru,0.1,31,21,1,2,0.8458,1.62,56456553,31452.8768,2264047
node1.tardis-apia.ldos-ut-pg0.wisc.cloudlab.us,tencentBlock_21346,lru,0.1,31,21,1,3,0.8458,1.62,56456553,31452.8768,2264047
node1.tardis-apia.ldos-ut-pg0.wisc.cloudlab.us,tencentBlock_21346,lruforgive,0.1,31,21,1,1,0.8431,0.90,56456553,31452.8768,2264047
node1.tardis-apia.ldos-ut-pg0.wisc.cloudlab.us,tencentBlock_21346,lruforgive,0.1,31,21,1,2,0.8431,0.91,56456553,31452.8768,2264047
node1.tardis-apia.ldos-ut-pg0.wisc.cloudlab.us,tencentBlock_21346,lruforgive,0.1,31,21,1,3,0.8431,0.91,56456553,31452.8768,2264047
node1.tardis-apia.ldos-ut-pg0.wisc.cloudlab.us,tencentBlock_21346,s3fifo,0.1,31,21,1,1,0.8658,1.69,56456553,31452.8768,2264047
node1.tardis-apia.ldos-ut-pg0.wisc.cloudlab.us,tencentBlock_21346,s3fifo,0.1,31,21,1,2,0.8658,1.71,56456553,31452.8768,2264047
node1.tardis-apia.ldos-ut-pg0.wisc.cloudlab.us,tencentBlock_21346,s3fifo,0.1,31,21,1,3,0.8658,1.64,56456553,31452.8768,2264047
node1.tardis-apia.ldos-ut-pg0.wisc.cloudlab.us,tencentBlock_21346,s3fifoforgive,0.1,31,21,1,1,0.8635,1.18,56456553,31452.8768,2264047
node1.tardis-apia.ldos-ut-pg0.wisc.cloudlab.us,tencentBlock_21346,s3fifoforgive,0.1,31,21,1,2,0.8635,1.19,56456553,31452.8768,2264047
node1.tardis-apia.ldos-ut-pg0.wisc.cloudlab.us,tencentBlock_21346,s3fifoforgive,0.1,31,21,1,3,0.8635,1.19,56456553,31452.8768,2264047
node1.tardis-apia.ldos-ut-pg0.wisc.cloudlab.us,tencentBlock_21369,lru,10,129656,27,1,1,NA_TOOBIG,NA,NA,1296556.3392,2799636
node1.tardis-apia.ldos-ut-pg0.wisc.cloudlab.us,tencentBlock_21369,lru,10,129656,27,1,2,NA_TOOBIG,NA,NA,1296556.3392,2799636
node1.tardis-apia.ldos-ut-pg0.wisc.cloudlab.us,tencentBlock_21369,lru,10,129656,27,1,3,NA_TOOBIG,NA,NA,1296556.3392,2799636
node1.tardis-apia.ldos-ut-pg0.wisc.cloudlab.us,tencentBlock_21369,lruforgive,10,129656,27,1,1,NA_TOOBIG,NA,NA,1296556.3392,2799636
node1.tardis-apia.ldos-ut-pg0.wisc.cloudlab.us,tencentBlock_21369,lruforgive,10,129656,27,1,2,NA_TOOBIG,NA,NA,1296556.3392,2799636
node1.tardis-apia.ldos-ut-pg0.wisc.cloudlab.us,tencentBlock_21369,lruforgive,10,129656,27,1,3,NA_TOOBIG,NA,NA,1296556.3392,2799636
node1.tardis-apia.ldos-ut-pg0.wisc.cloudlab.us,tencentBlock_21369,s3fifo,10,129656,27,1,1,NA_TOOBIG,NA,NA,1296556.3392,2799636
node1.tardis-apia.ldos-ut-pg0.wisc.cloudlab.us,tencentBlock_21369,s3fifo,10,129656,27,1,2,NA_TOOBIG,NA,NA,1296556.3392,2799636
node1.tardis-apia.ldos-ut-pg0.wisc.cloudlab.us,tencentBlock_21369,s3fifo,10,129656,27,1,3,NA_TOOBIG,NA,NA,1296556.3392,2799636
node1.tardis-apia.ldos-ut-pg0.wisc.cloudlab.us,tencentBlock_21369,s3fifoforgive,10,129656,27,1,1,NA_TOOBIG,NA,NA,1296556.3392,2799636
node1.tardis-apia.ldos-ut-pg0.wisc.cloudlab.us,tencentBlock_21369,s3fifoforgive,10,129656,27,1,2,NA_TOOBIG,NA,NA,1296556.3392,2799636
node1.tardis-apia.ldos-ut-pg0.wisc.cloudlab.us,tencentBlock_21369,s3fifoforgive,10,129656,27,1,3,NA_TOOBIG,NA,NA,1296556.3392,2799636
node1.tardis-apia.ldos-ut-pg0.wisc.cloudlab.us,tencentBlock_21369,lru,0.1,1297,26,1,1,0.9250,0.02,3162670,1296556.3392,2799636
node1.tardis-apia.ldos-ut-pg0.wisc.cloudlab.us,tencentBlock_21369,lru,0.1,1297,26,1,2,0.9250,0.02,3162670,1296556.3392,2799636
node1.tardis-apia.ldos-ut-pg0.wisc.cloudlab.us,tencentBlock_21369,lru,0.1,1297,26,1,3,0.9250,0.02,3162670,1296556.3392,2799636
node1.tardis-apia.ldos-ut-pg0.wisc.cloudlab.us,tencentBlock_21369,lruforgive,0.1,1297,26,1,1,0.9249,0.02,3162670,1296556.3392,2799636
node1.tardis-apia.ldos-ut-pg0.wisc.cloudlab.us,tencentBlock_21369,lruforgive,0.1,1297,26,1,2,0.9249,0.02,3162670,1296556.3392,2799636
node1.tardis-apia.ldos-ut-pg0.wisc.cloudlab.us,tencentBlock_21369,lruforgive,0.1,1297,26,1,3,0.9249,0.02,3162670,1296556.3392,2799636
node1.tardis-apia.ldos-ut-pg0.wisc.cloudlab.us,tencentBlock_21369,s3fifo,0.1,1297,26,1,1,0.9274,0.02,3162670,1296556.3392,2799636
node1.tardis-apia.ldos-ut-pg0.wisc.cloudlab.us,tencentBlock_21369,s3fifo,0.1,1297,26,1,2,0.9274,0.02,3162670,1296556.3392,2799636
node1.tardis-apia.ldos-ut-pg0.wisc.cloudlab.us,tencentBlock_21369,s3fifo,0.1,1297,26,1,3,0.9274,0.02,3162670,1296556.3392,2799636
node1.tardis-apia.ldos-ut-pg0.wisc.cloudlab.us,tencentBlock_21369,s3fifoforgive,0.1,1297,26,1,1,0.9274,0.02,3162670,1296556.3392,2799636
node1.tardis-apia.ldos-ut-pg0.wisc.cloudlab.us,tencentBlock_21369,s3fifoforgive,0.1,1297,26,1,2,0.9274,0.02,3162670,1296556.3392,2799636
node1.tardis-apia.ldos-ut-pg0.wisc.cloudlab.us,tencentBlock_21369,s3fifoforgive,0.1,1297,26,1,3,0.9274,0.02,3162670,1296556.3392,2799636
node1.tardis-apia.ldos-ut-pg0.wisc.cloudlab.us,tencentBlock_21390,lru,10,7522,27,1,1,0.5296,0.14,3282998,75224.064,1082569
node1.tardis-apia.ldos-ut-pg0.wisc.cloudlab.us,tencentBlock_21390,lru,10,7522,27,1,2,0.5296,0.14,3282998,75224.064,1082569
node1.tardis-apia.ldos-ut-pg0.wisc.cloudlab.us,tencentBlock_21390,lru,10,7522,27,1,3,0.5296,0.14,3282998,75224.064,1082569
node1.tardis-apia.ldos-ut-pg0.wisc.cloudlab.us,tencentBlock_21390,lruforgive,10,7522,27,1,1,0.5281,0.15,3282998,75224.064,1082569
node1.tardis-apia.ldos-ut-pg0.wisc.cloudlab.us,tencentBlock_21390,lruforgive,10,7522,27,1,2,0.5281,0.15,3282998,75224.064,1082569
node1.tardis-apia.ldos-ut-pg0.wisc.cloudlab.us,tencentBlock_21390,lruforgive,10,7522,27,1,3,0.5281,0.15,3282998,75224.064,1082569
node1.tardis-apia.ldos-ut-pg0.wisc.cloudlab.us,tencentBlock_21390,s3fifo,10,7522,27,1,1,0.5237,0.14,3282998,75224.064,1082569
node1.tardis-apia.ldos-ut-pg0.wisc.cloudlab.us,tencentBlock_21390,s3fifo,10,7522,27,1,2,0.5237,0.14,3282998,75224.064,1082569
node1.tardis-apia.ldos-ut-pg0.wisc.cloudlab.us,tencentBlock_21390,s3fifo,10,7522,27,1,3,0.5237,0.14,3282998,75224.064,1082569
node1.tardis-apia.ldos-ut-pg0.wisc.cloudlab.us,tencentBlock_21390,s3fifoforgive,10,7522,27,1,1,0.5237,0.15,3282998,75224.064,1082569
node1.tardis-apia.ldos-ut-pg0.wisc.cloudlab.us,tencentBlock_21390,s3fifoforgive,10,7522,27,1,2,0.5237,0.15,3282998,75224.064,1082569
node1.tardis-apia.ldos-ut-pg0.wisc.cloudlab.us,tencentBlock_21390,s3fifoforgive,10,7522,27,1,3,0.5237,0.15,3282998,75224.064,1082569
node1.tardis-apia.ldos-ut-pg0.wisc.cloudlab.us,tencentBlock_21390,lru,0.1,75,22,1,1,0.6005,0.37,3282998,75224.064,1082569
node1.tardis-apia.ldos-ut-pg0.wisc.cloudlab.us,tencentBlock_21390,lru,0.1,75,22,1,2,0.6005,0.37,3282998,75224.064,1082569
node1.tardis-apia.ldos-ut-pg0.wisc.cloudlab.us,tencentBlock_21390,lru,0.1,75,22,1,3,0.6005,0.37,3282998,75224.064,1082569
node1.tardis-apia.ldos-ut-pg0.wisc.cloudlab.us,tencentBlock_21390,lruforgive,0.1,75,22,1,1,0.5971,0.31,3282998,75224.064,1082569
node1.tardis-apia.ldos-ut-pg0.wisc.cloudlab.us,tencentBlock_21390,lruforgive,0.1,75,22,1,2,0.5971,0.31,3282998,75224.064,1082569
node1.tardis-apia.ldos-ut-pg0.wisc.cloudlab.us,tencentBlock_21390,lruforgive,0.1,75,22,1,3,0.5971,0.30,3282998,75224.064,1082569
node1.tardis-apia.ldos-ut-pg0.wisc.cloudlab.us,tencentBlock_21390,s3fifo,0.1,75,22,1,1,0.5954,0.44,3282998,75224.064,1082569
node1.tardis-apia.ldos-ut-pg0.wisc.cloudlab.us,tencentBlock_21390,s3fifo,0.1,75,22,1,2,0.5954,0.44,3282998,75224.064,1082569
node1.tardis-apia.ldos-ut-pg0.wisc.cloudlab.us,tencentBlock_21390,s3fifo,0.1,75,22,1,3,0.5954,0.43,3282998,75224.064,1082569
node1.tardis-apia.ldos-ut-pg0.wisc.cloudlab.us,tencentBlock_21390,s3fifoforgive,0.1,75,22,1,1,0.5954,0.37,3282998,75224.064,1082569
node1.tardis-apia.ldos-ut-pg0.wisc.cloudlab.us,tencentBlock_21390,s3fifoforgive,0.1,75,22,1,2,0.5954,0.37,3282998,75224.064,1082569
node1.tardis-apia.ldos-ut-pg0.wisc.cloudlab.us,tencentBlock_21390,s3fifoforgive,0.1,75,22,1,3,0.5954,0.36,3282998,75224.064,1082569
node1.tardis-apia.ldos-ut-pg0.wisc.cloudlab.us,tencentBlock_2145,lru,10,4789,27,1,1,0.3892,0.22,5368411,47888.2816,1084134
node1.tardis-apia.ldos-ut-pg0.wisc.cloudlab.us,tencentBlock_2145,lru,10,4789,27,1,2,0.3892,0.22,5368411,47888.2816,1084134
node1.tardis-apia.ldos-ut-pg0.wisc.cloudlab.us,tencentBlock_2145,lru,10,4789,27,1,3,0.3892,0.22,5368411,47888.2816,1084134
node1.tardis-apia.ldos-ut-pg0.wisc.cloudlab.us,tencentBlock_2145,lruforgive,10,4789,27,1,1,0.3862,0.19,5368411,47888.2816,1084134
node1.tardis-apia.ldos-ut-pg0.wisc.cloudlab.us,tencentBlock_2145,lruforgive,10,4789,27,1,2,0.3862,0.19,5368411,47888.2816,1084134
node1.tardis-apia.ldos-ut-pg0.wisc.cloudlab.us,tencentBlock_2145,lruforgive,10,4789,27,1,3,0.3862,0.19,5368411,47888.2816,1084134
node1.tardis-apia.ldos-ut-pg0.wisc.cloudlab.us,tencentBlock_2145,s3fifo,10,4789,27,1,1,0.3560,0.24,5368411,47888.2816,1084134
node1.tardis-apia.ldos-ut-pg0.wisc.cloudlab.us,tencentBlock_2145,s3fifo,10,4789,27,1,2,0.3560,0.24,5368411,47888.2816,1084134
node1.tardis-apia.ldos-ut-pg0.wisc.cloudlab.us,tencentBlock_2145,s3fifo,10,4789,27,1,3,0.3560,0.25,5368411,47888.2816,1084134
node1.tardis-apia.ldos-ut-pg0.wisc.cloudlab.us,tencentBlock_2145,s3fifoforgive,10,4789,27,1,1,0.3559,0.21,5368411,47888.2816,1084134
node1.tardis-apia.ldos-ut-pg0.wisc.cloudlab.us,tencentBlock_2145,s3fifoforgive,10,4789,27,1,2,0.3559,0.20,5368411,47888.2816,1084134
node1.tardis-apia.ldos-ut-pg0.wisc.cloudlab.us,tencentBlock_2145,s3fifoforgive,10,4789,27,1,3,0.3559,0.20,5368411,47888.2816,1084134
node1.tardis-apia.ldos-ut-pg0.wisc.cloudlab.us,tencentBlock_2145,lru,0.1,48,22,1,1,0.7583,0.85,5368411,47888.2816,1084134
node1.tardis-apia.ldos-ut-pg0.wisc.cloudlab.us,tencentBlock_2145,lru,0.1,48,22,1,2,0.7583,0.84,5368411,47888.2816,1084134
node1.tardis-apia.ldos-ut-pg0.wisc.cloudlab.us,tencentBlock_2145,lru,0.1,48,22,1,3,0.7583,0.84,5368411,47888.2816,1084134
node1.tardis-apia.ldos-ut-pg0.wisc.cloudlab.us,tencentBlock_2145,lruforgive,0.1,48,22,1,1,0.7562,0.59,5368411,47888.2816,1084134
node1.tardis-apia.ldos-ut-pg0.wisc.cloudlab.us,tencentBlock_2145,lruforgive,0.1,48,22,1,2,0.7562,0.60,5368411,47888.2816,1084134
node1.tardis-apia.ldos-ut-pg0.wisc.cloudlab.us,tencentBlock_2145,lruforgive,0.1,48,22,1,3,0.7562,0.60,5368411,47888.2816,1084134
node1.tardis-apia.ldos-ut-pg0.wisc.cloudlab.us,tencentBlock_2145,s3fifo,0.1,48,22,1,1,0.7559,1.16,5368411,47888.2816,1084134
node1.tardis-apia.ldos-ut-pg0.wisc.cloudlab.us,tencentBlock_2145,s3fifo,0.1,48,22,1,2,0.7559,1.15,5368411,47888.2816,1084134
node1.tardis-apia.ldos-ut-pg0.wisc.cloudlab.us,tencentBlock_2145,s3fifo,0.1,48,22,1,3,0.7559,1.15,5368411,47888.2816,1084134
node1.tardis-apia.ldos-ut-pg0.wisc.cloudlab.us,tencentBlock_2145,s3fifoforgive,0.1,48,22,1,1,0.7559,0.80,5368411,47888.2816,1084134
node1.tardis-apia.ldos-ut-pg0.wisc.cloudlab.us,tencentBlock_2145,s3fifoforgive,0.1,48,22,1,2,0.7559,0.81,5368411,47888.2816,1084134
node1.tardis-apia.ldos-ut-pg0.wisc.cloudlab.us,tencentBlock_2145,s3fifoforgive,0.1,48,22,1,3,0.7559,0.80,5368411,47888.2816,1084134
node1.tardis-apia.ldos-ut-pg0.wisc.cloudlab.us,tencentBlock_21564,lru,10,3066,27,1,1,0.3101,0.41,59644045,30656.7168,2238854
node1.tardis-apia.ldos-ut-pg0.wisc.cloudlab.us,tencentBlock_21564,lru,10,3066,27,1,2,0.3101,0.41,59644045,30656.7168,2238854
node1.tardis-apia.ldos-ut-pg0.wisc.cloudlab.us,tencentBlock_21564,lru,10,3066,27,1,3,0.3101,0.41,59644045,30656.7168,2238854
node1.tardis-apia.ldos-ut-pg0.wisc.cloudlab.us,tencentBlock_21564,lruforgive,10,3066,27,1,1,0.3080,0.24,59644045,30656.7168,2238854
node1.tardis-apia.ldos-ut-pg0.wisc.cloudlab.us,tencentBlock_21564,lruforgive,10,3066,27,1,2,0.3080,0.23,59644045,30656.7168,2238854
node1.tardis-apia.ldos-ut-pg0.wisc.cloudlab.us,tencentBlock_21564,lruforgive,10,3066,27,1,3,0.3080,0.23,59644045,30656.7168,2238854
node1.tardis-apia.ldos-ut-pg0.wisc.cloudlab.us,tencentBlock_21564,s3fifo,10,3066,27,1,1,0.2988,0.43,59644045,30656.7168,2238854
node1.tardis-apia.ldos-ut-pg0.wisc.cloudlab.us,tencentBlock_21564,s3fifo,10,3066,27,1,2,0.2988,0.43,59644045,30656.7168,2238854
node1.tardis-apia.ldos-ut-pg0.wisc.cloudlab.us,tencentBlock_21564,s3fifo,10,3066,27,1,3,0.2988,0.42,59644045,30656.7168,2238854
node1.tardis-apia.ldos-ut-pg0.wisc.cloudlab.us,tencentBlock_21564,s3fifoforgive,10,3066,27,1,1,0.2985,0.26,59644045,30656.7168,2238854
node1.tardis-apia.ldos-ut-pg0.wisc.cloudlab.us,tencentBlock_21564,s3fifoforgive,10,3066,27,1,2,0.2985,0.26,59644045,30656.7168,2238854
node1.tardis-apia.ldos-ut-pg0.wisc.cloudlab.us,tencentBlock_21564,s3fifoforgive,10,3066,27,1,3,0.2985,0.26,59644045,30656.7168,2238854
node1.tardis-apia.ldos-ut-pg0.wisc.cloudlab.us,tencentBlock_21564,lru,0.1,31,21,1,1,0.9364,2.42,59644045,30656.7168,2238854
node1.tardis-apia.ldos-ut-pg0.wisc.cloudlab.us,tencentBlock_21564,lru,0.1,31,21,1,2,0.9364,2.38,59644045,30656.7168,2238854
node1.tardis-apia.ldos-ut-pg0.wisc.cloudlab.us,tencentBlock_21564,lru,0.1,31,21,1,3,0.9364,2.41,59644045,30656.7168,2238854
node1.tardis-apia.ldos-ut-pg0.wisc.cloudlab.us,tencentBlock_21564,lruforgive,0.1,31,21,1,1,0.9316,1.51,59644045,30656.7168,2238854
node1.tardis-apia.ldos-ut-pg0.wisc.cloudlab.us,tencentBlock_21564,lruforgive,0.1,31,21,1,2,0.9316,1.49,59644045,30656.7168,2238854
node1.tardis-apia.ldos-ut-pg0.wisc.cloudlab.us,tencentBlock_21564,lruforgive,0.1,31,21,1,3,0.9316,1.50,59644045,30656.7168,2238854
node1.tardis-apia.ldos-ut-pg0.wisc.cloudlab.us,tencentBlock_21564,s3fifo,0.1,31,21,1,1,0.9365,2.60,59644045,30656.7168,2238854
node1.tardis-apia.ldos-ut-pg0.wisc.cloudlab.us,tencentBlock_21564,s3fifo,0.1,31,21,1,2,0.9365,2.61,59644045,30656.7168,2238854
node1.tardis-apia.ldos-ut-pg0.wisc.cloudlab.us,tencentBlock_21564,s3fifo,0.1,31,21,1,3,0.9365,2.62,59644045,30656.7168,2238854
node1.tardis-apia.ldos-ut-pg0.wisc.cloudlab.us,tencentBlock_21564,s3fifoforgive,0.1,31,21,1,1,0.9352,2.07,59644045,30656.7168,2238854
node1.tardis-apia.ldos-ut-pg0.wisc.cloudlab.us,tencentBlock_21564,s3fifoforgive,0.1,31,21,1,2,0.9352,2.07,59644045,30656.7168,2238854
node1.tardis-apia.ldos-ut-pg0.wisc.cloudlab.us,tencentBlock_21564,s3fifoforgive,0.1,31,21,1,3,0.9352,2.06,59644045,30656.7168,2238854
node1.tardis-apia.ldos-ut-pg0.wisc.cloudlab.us,tencentBlock_21795,lru,10,6583,27,1,1,0.3206,0.23,5968737,65827.0208,1608933
node1.tardis-apia.ldos-ut-pg0.wisc.cloudlab.us,tencentBlock_21795,lru,10,6583,27,1,2,0.3206,0.23,5968737,65827.0208,1608933
node1.tardis-apia.ldos-ut-pg0.wisc.cloudlab.us,tencentBlock_21795,lru,10,6583,27,1,3,0.3206,0.23,5968737,65827.0208,1608933
node1.tardis-apia.ldos-ut-pg0.wisc.cloudlab.us,tencentBlock_21795,lruforgive,10,6583,27,1,1,0.3205,0.21,5968737,65827.0208,1608933
node1.tardis-apia.ldos-ut-pg0.wisc.cloudlab.us,tencentBlock_21795,lruforgive,10,6583,27,1,2,0.3205,0.21,5968737,65827.0208,1608933
node1.tardis-apia.ldos-ut-pg0.wisc.cloudlab.us,tencentBlock_21795,lruforgive,10,6583,27,1,3,0.3205,0.21,5968737,65827.0208,1608933
node1.tardis-apia.ldos-ut-pg0.wisc.cloudlab.us,tencentBlock_21795,s3fifo,10,6583,27,1,1,0.3344,0.28,5968737,65827.0208,1608933
node1.tardis-apia.ldos-ut-pg0.wisc.cloudlab.us,tencentBlock_21795,s3fifo,10,6583,27,1,2,0.3344,0.28,5968737,65827.0208,1608933
node1.tardis-apia.ldos-ut-pg0.wisc.cloudlab.us,tencentBlock_21795,s3fifo,10,6583,27,1,3,0.3344,0.28,5968737,65827.0208,1608933
node1.tardis-apia.ldos-ut-pg0.wisc.cloudlab.us,tencentBlock_21795,s3fifoforgive,10,6583,27,1,1,0.3344,0.24,5968737,65827.0208,1608933
node1.tardis-apia.ldos-ut-pg0.wisc.cloudlab.us,tencentBlock_21795,s3fifoforgive,10,6583,27,1,2,0.3344,0.24,5968737,65827.0208,1608933
node1.tardis-apia.ldos-ut-pg0.wisc.cloudlab.us,tencentBlock_21795,s3fifoforgive,10,6583,27,1,3,0.3344,0.24,5968737,65827.0208,1608933
node1.tardis-apia.ldos-ut-pg0.wisc.cloudlab.us,tencentBlock_21795,lru,0.1,66,22,1,1,0.5969,0.71,5968737,65827.0208,1608933
node1.tardis-apia.ldos-ut-pg0.wisc.cloudlab.us,tencentBlock_21795,lru,0.1,66,22,1,2,0.5969,0.70,5968737,65827.0208,1608933
node1.tardis-apia.ldos-ut-pg0.wisc.cloudlab.us,tencentBlock_21795,lru,0.1,66,22,1,3,0.5969,0.70,5968737,65827.0208,1608933
node1.tardis-apia.ldos-ut-pg0.wisc.cloudlab.us,tencentBlock_21795,lruforgive,0.1,66,22,1,1,0.5803,0.49,5968737,65827.0208,1608933
node1.tardis-apia.ldos-ut-pg0.wisc.cloudlab.us,tencentBlock_21795,lruforgive,0.1,66,22,1,2,0.5802,0.49,5968737,65827.0208,1608933
node1.tardis-apia.ldos-ut-pg0.wisc.cloudlab.us,tencentBlock_21795,lruforgive,0.1,66,22,1,3,0.5804,0.49,5968737,65827.0208,1608933
node1.tardis-apia.ldos-ut-pg0.wisc.cloudlab.us,tencentBlock_21795,s3fifo,0.1,66,22,1,1,0.5818,0.91,5968737,65827.0208,1608933
node1.tardis-apia.ldos-ut-pg0.wisc.cloudlab.us,tencentBlock_21795,s3fifo,0.1,66,22,1,2,0.5818,0.92,5968737,65827.0208,1608933
node1.tardis-apia.ldos-ut-pg0.wisc.cloudlab.us,tencentBlock_21795,s3fifo,0.1,66,22,1,3,0.5818,0.91,5968737,65827.0208,1608933
node1.tardis-apia.ldos-ut-pg0.wisc.cloudlab.us,tencentBlock_21795,s3fifoforgive,0.1,66,22,1,1,0.5791,0.67,5968737,65827.0208,1608933
node1.tardis-apia.ldos-ut-pg0.wisc.cloudlab.us,tencentBlock_21795,s3fifoforgive,0.1,66,22,1,2,0.5791,0.66,5968737,65827.0208,1608933
node1.tardis-apia.ldos-ut-pg0.wisc.cloudlab.us,tencentBlock_21795,s3fifoforgive,0.1,66,22,1,3,0.5791,0.67,5968737,65827.0208,1608933
node1.tardis-apia.ldos-ut-pg0.wisc.cloudlab.us,tencentBlock_21805,lru,10,12296,27,1,1,0.5824,0.12,9614565,122957.9264,1898066
node1.tardis-apia.ldos-ut-pg0.wisc.cloudlab.us,tencentBlock_21805,lru,10,12296,27,1,2,0.5824,0.12,9614565,122957.9264,1898066
node1.tardis-apia.ldos-ut-pg0.wisc.cloudlab.us,tencentBlock_21805,lru,10,12296,27,1,3,0.5824,0.12,9614565,122957.9264,1898066
node1.tardis-apia.ldos-ut-pg0.wisc.cloudlab.us,tencentBlock_21805,lruforgive,10,12296,27,1,1,0.5751,0.12,9614565,122957.9264,1898066
node1.tardis-apia.ldos-ut-pg0.wisc.cloudlab.us,tencentBlock_21805,lruforgive,10,12296,27,1,2,0.5751,0.11,9614565,122957.9264,1898066
node1.tardis-apia.ldos-ut-pg0.wisc.cloudlab.us,tencentBlock_21805,lruforgive,10,12296,27,1,3,0.5755,0.11,9614565,122957.9264,1898066
node1.tardis-apia.ldos-ut-pg0.wisc.cloudlab.us,tencentBlock_21805,s3fifo,10,12296,27,1,1,0.4353,0.14,9614565,122957.9264,1898066
node1.tardis-apia.ldos-ut-pg0.wisc.cloudlab.us,tencentBlock_21805,s3fifo,10,12296,27,1,2,0.4353,0.14,9614565,122957.9264,1898066
node1.tardis-apia.ldos-ut-pg0.wisc.cloudlab.us,tencentBlock_21805,s3fifo,10,12296,27,1,3,0.4353,0.14,9614565,122957.9264,1898066
node1.tardis-apia.ldos-ut-pg0.wisc.cloudlab.us,tencentBlock_21805,s3fifoforgive,10,12296,27,1,1,0.4352,0.13,9614565,122957.9264,1898066
node1.tardis-apia.ldos-ut-pg0.wisc.cloudlab.us,tencentBlock_21805,s3fifoforgive,10,12296,27,1,2,0.4352,0.13,9614565,122957.9264,1898066
node1.tardis-apia.ldos-ut-pg0.wisc.cloudlab.us,tencentBlock_21805,s3fifoforgive,10,12296,27,1,3,0.4352,0.13,9614565,122957.9264,1898066
node1.tardis-apia.ldos-ut-pg0.wisc.cloudlab.us,tencentBlock_21805,lru,0.1,123,23,1,1,0.7513,0.17,9614565,122957.9264,1898066
node1.tardis-apia.ldos-ut-pg0.wisc.cloudlab.us,tencentBlock_21805,lru,0.1,123,23,1,2,0.7513,0.18,9614565,122957.9264,1898066
node1.tardis-apia.ldos-ut-pg0.wisc.cloudlab.us,tencentBlock_21805,lru,0.1,123,23,1,3,0.7513,0.18,9614565,122957.9264,1898066
node1.tardis-apia.ldos-ut-pg0.wisc.cloudlab.us,tencentBlock_21805,lruforgive,0.1,123,23,1,1,0.7242,0.16,9614565,122957.9264,1898066
node1.tardis-apia.ldos-ut-pg0.wisc.cloudlab.us,tencentBlock_21805,lruforgive,0.1,123,23,1,2,0.7242,0.16,9614565,122957.9264,1898066
node1.tardis-apia.ldos-ut-pg0.wisc.cloudlab.us,tencentBlock_21805,lruforgive,0.1,123,23,1,3,0.7242,0.16,9614565,122957.9264,1898066
node1.tardis-apia.ldos-ut-pg0.wisc.cloudlab.us,tencentBlock_21805,s3fifo,0.1,123,23,1,1,NA,NA,NA,122957.9264,1898066
node1.tardis-apia.ldos-ut-pg0.wisc.cloudlab.us,tencentBlock_21805,s3fifo,0.1,123,23,1,2,NA,NA,NA,122957.9264,1898066
node1.tardis-apia.ldos-ut-pg0.wisc.cloudlab.us,tencentBlock_21805,s3fifo,0.1,123,23,1,3,NA,NA,NA,122957.9264,1898066
node1.tardis-apia.ldos-ut-pg0.wisc.cloudlab.us,tencentBlock_21805,s3fifoforgive,0.1,123,23,1,1,NA,NA,NA,122957.9264,1898066
node1.tardis-apia.ldos-ut-pg0.wisc.cloudlab.us,tencentBlock_21805,s3fifoforgive,0.1,123,23,1,2,NA,NA,NA,122957.9264,1898066
node1.tardis-apia.ldos-ut-pg0.wisc.cloudlab.us,tencentBlock_21805,s3fifoforgive,0.1,123,23,1,3,0.7199,0.33,9614565,122957.9264,1898066
node1.tardis-apia.ldos-ut-pg0.wisc.cloudlab.us,tencentBlock_2212,lru,10,133122,27,1,1,NA_TOOBIG,NA,NA,1331222.1184,5123003
node1.tardis-apia.ldos-ut-pg0.wisc.cloudlab.us,tencentBlock_2212,lru,10,133122,27,1,2,NA_TOOBIG,NA,NA,1331222.1184,5123003
node1.tardis-apia.ldos-ut-pg0.wisc.cloudlab.us,tencentBlock_2212,lru,10,133122,27,1,3,NA_TOOBIG,NA,NA,1331222.1184,5123003
node1.tardis-apia.ldos-ut-pg0.wisc.cloudlab.us,tencentBlock_2212,lruforgive,10,133122,27,1,1,NA_TOOBIG,NA,NA,1331222.1184,5123003
node1.tardis-apia.ldos-ut-pg0.wisc.cloudlab.us,tencentBlock_2212,lruforgive,10,133122,27,1,2,NA_TOOBIG,NA,NA,1331222.1184,5123003
node1.tardis-apia.ldos-ut-pg0.wisc.cloudlab.us,tencentBlock_2212,lruforgive,10,133122,27,1,3,NA_TOOBIG,NA,NA,1331222.1184,5123003
node1.tardis-apia.ldos-ut-pg0.wisc.cloudlab.us,tencentBlock_2212,s3fifo,10,133122,27,1,1,NA_TOOBIG,NA,NA,1331222.1184,5123003
node1.tardis-apia.ldos-ut-pg0.wisc.cloudlab.us,tencentBlock_2212,s3fifo,10,133122,27,1,2,NA_TOOBIG,NA,NA,1331222.1184,5123003
node1.tardis-apia.ldos-ut-pg0.wisc.cloudlab.us,tencentBlock_2212,s3fifo,10,133122,27,1,3,NA_TOOBIG,NA,NA,1331222.1184,5123003
node1.tardis-apia.ldos-ut-pg0.wisc.cloudlab.us,tencentBlock_2212,s3fifoforgive,10,133122,27,1,1,NA_TOOBIG,NA,NA,1331222.1184,5123003
node1.tardis-apia.ldos-ut-pg0.wisc.cloudlab.us,tencentBlock_2212,s3fifoforgive,10,133122,27,1,2,NA_TOOBIG,NA,NA,1331222.1184,5123003
node1.tardis-apia.ldos-ut-pg0.wisc.cloudlab.us,tencentBlock_2212,s3fifoforgive,10,133122,27,1,3,NA_TOOBIG,NA,NA,1331222.1184,5123003
node1.tardis-apia.ldos-ut-pg0.wisc.cloudlab.us,tencentBlock_2212,lru,0.1,1331,26,1,1,0.4403,0.08,33935176,1331222.1184,5123003
node1.tardis-apia.ldos-ut-pg0.wisc.cloudlab.us,tencentBlock_2212,lru,0.1,1331,26,1,2,0.4403,0.08,33935176,1331222.1184,5123003
node1.tardis-apia.ldos-ut-pg0.wisc.cloudlab.us,tencentBlock_2212,lru,0.1,1331,26,1,3,0.4403,0.08,33935176,1331222.1184,5123003
node1.tardis-apia.ldos-ut-pg0.wisc.cloudlab.us,tencentBlock_2212,lruforgive,0.1,1331,26,1,1,0.4294,0.07,33935176,1331222.1184,5123003
node1.tardis-apia.ldos-ut-pg0.wisc.cloudlab.us,tencentBlock_2212,lruforgive,0.1,1331,26,1,2,0.4294,0.07,33935176,1331222.1184,5123003
node1.tardis-apia.ldos-ut-pg0.wisc.cloudlab.us,tencentBlock_2212,lruforgive,0.1,1331,26,1,3,0.4294,0.07,33935176,1331222.1184,5123003
node1.tardis-apia.ldos-ut-pg0.wisc.cloudlab.us,tencentBlock_2212,s3fifo,0.1,1331,26,1,1,0.4169,0.09,33935176,1331222.1184,5123003
node1.tardis-apia.ldos-ut-pg0.wisc.cloudlab.us,tencentBlock_2212,s3fifo,0.1,1331,26,1,2,0.4169,0.09,33935176,1331222.1184,5123003
node1.tardis-apia.ldos-ut-pg0.wisc.cloudlab.us,tencentBlock_2212,s3fifo,0.1,1331,26,1,3,0.4169,0.09,33935176,1331222.1184,5123003
node1.tardis-apia.ldos-ut-pg0.wisc.cloudlab.us,tencentBlock_2212,s3fifoforgive,0.1,1331,26,1,1,0.4167,0.08,33935176,1331222.1184,5123003
node1.tardis-apia.ldos-ut-pg0.wisc.cloudlab.us,tencentBlock_2212,s3fifoforgive,0.1,1331,26,1,2,0.4167,0.08,33935176,1331222.1184,5123003
node1.tardis-apia.ldos-ut-pg0.wisc.cloudlab.us,tencentBlock_2212,s3fifoforgive,0.1,1331,26,1,3,0.4167,0.08,33935176,1331222.1184,5123003
node1.tardis-apia.ldos-ut-pg0.wisc.cloudlab.us,tencentBlock_2216,lru,10,2749,27,1,1,0.2921,0.40,49119670,27490.2016,1929392
node1.tardis-apia.ldos-ut-pg0.wisc.cloudlab.us,tencentBlock_2216,lru,10,2749,27,1,2,0.2921,0.40,49119670,27490.2016,1929392
node1.tardis-apia.ldos-ut-pg0.wisc.cloudlab.us,tencentBlock_2216,lru,10,2749,27,1,3,0.2921,0.40,49119670,27490.2016,1929392
node1.tardis-apia.ldos-ut-pg0.wisc.cloudlab.us,tencentBlock_2216,lruforgive,10,2749,27,1,1,0.2896,0.23,49119670,27490.2016,1929392
node1.tardis-apia.ldos-ut-pg0.wisc.cloudlab.us,tencentBlock_2216,lruforgive,10,2749,27,1,2,0.2896,0.23,49119670,27490.2016,1929392
node1.tardis-apia.ldos-ut-pg0.wisc.cloudlab.us,tencentBlock_2216,lruforgive,10,2749,27,1,3,0.2896,0.23,49119670,27490.2016,1929392
node1.tardis-apia.ldos-ut-pg0.wisc.cloudlab.us,tencentBlock_2216,s3fifo,10,2749,27,1,1,0.2853,0.44,49119670,27490.2016,1929392
node1.tardis-apia.ldos-ut-pg0.wisc.cloudlab.us,tencentBlock_2216,s3fifo,10,2749,27,1,2,0.2853,0.44,49119670,27490.2016,1929392
node1.tardis-apia.ldos-ut-pg0.wisc.cloudlab.us,tencentBlock_2216,s3fifo,10,2749,27,1,3,0.2853,0.44,49119670,27490.2016,1929392
node1.tardis-apia.ldos-ut-pg0.wisc.cloudlab.us,tencentBlock_2216,s3fifoforgive,10,2749,27,1,1,0.2848,0.27,49119670,27490.2016,1929392
node1.tardis-apia.ldos-ut-pg0.wisc.cloudlab.us,tencentBlock_2216,s3fifoforgive,10,2749,27,1,2,0.2848,0.27,49119670,27490.2016,1929392
node1.tardis-apia.ldos-ut-pg0.wisc.cloudlab.us,tencentBlock_2216,s3fifoforgive,10,2749,27,1,3,0.2848,0.27,49119670,27490.2016,1929392
node1.tardis-apia.ldos-ut-pg0.wisc.cloudlab.us,tencentBlock_2216,lru,0.1,27,21,1,1,0.8591,2.04,49119670,27490.2016,1929392
node1.tardis-apia.ldos-ut-pg0.wisc.cloudlab.us,tencentBlock_2216,lru,0.1,27,21,1,2,0.8591,2.00,49119670,27490.2016,1929392
node1.tardis-apia.ldos-ut-pg0.wisc.cloudlab.us,tencentBlock_2216,lru,0.1,27,21,1,3,0.8591,2.02,49119670,27490.2016,1929392
node1.tardis-apia.ldos-ut-pg0.wisc.cloudlab.us,tencentBlock_2216,lruforgive,0.1,27,21,1,1,0.8556,1.18,49119670,27490.2016,1929392
node1.tardis-apia.ldos-ut-pg0.wisc.cloudlab.us,tencentBlock_2216,lruforgive,0.1,27,21,1,2,0.8556,1.17,49119670,27490.2016,1929392
node1.tardis-apia.ldos-ut-pg0.wisc.cloudlab.us,tencentBlock_2216,lruforgive,0.1,27,21,1,3,0.8556,1.18,49119670,27490.2016,1929392
node1.tardis-apia.ldos-ut-pg0.wisc.cloudlab.us,tencentBlock_2216,s3fifo,0.1,27,21,1,1,0.8742,2.05,49119670,27490.2016,1929392
node1.tardis-apia.ldos-ut-pg0.wisc.cloudlab.us,tencentBlock_2216,s3fifo,0.1,27,21,1,2,0.8742,2.07,49119670,27490.2016,1929392
node1.tardis-apia.ldos-ut-pg0.wisc.cloudlab.us,tencentBlock_2216,s3fifo,0.1,27,21,1,3,0.8742,2.06,49119670,27490.2016,1929392
node1.tardis-apia.ldos-ut-pg0.wisc.cloudlab.us,tencentBlock_2216,s3fifoforgive,0.1,27,21,1,1,0.8719,1.43,49119670,27490.2016,1929392
node1.tardis-apia.ldos-ut-pg0.wisc.cloudlab.us,tencentBlock_2216,s3fifoforgive,0.1,27,21,1,2,0.8719,1.44,49119670,27490.2016,1929392
node1.tardis-apia.ldos-ut-pg0.wisc.cloudlab.us,tencentBlock_2216,s3fifoforgive,0.1,27,21,1,3,0.8719,1.45,49119670,27490.2016,1929392
node1.tardis-apia.ldos-ut-pg0.wisc.cloudlab.us,tencentBlock_2219,lru,10,2889,27,1,1,0.3531,0.40,56215892,28888.4736,2264059
node1.tardis-apia.ldos-ut-pg0.wisc.cloudlab.us,tencentBlock_2219,lru,10,2889,27,1,2,0.3531,0.40,56215892,28888.4736,2264059
node1.tardis-apia.ldos-ut-pg0.wisc.cloudlab.us,tencentBlock_2219,lru,10,2889,27,1,3,0.3531,0.40,56215892,28888.4736,2264059
node1.tardis-apia.ldos-ut-pg0.wisc.cloudlab.us,tencentBlock_2219,lruforgive,10,2889,27,1,1,0.3505,0.24,56215892,28888.4736,2264059
node1.tardis-apia.ldos-ut-pg0.wisc.cloudlab.us,tencentBlock_2219,lruforgive,10,2889,27,1,2,0.3505,0.23,56215892,28888.4736,2264059
node1.tardis-apia.ldos-ut-pg0.wisc.cloudlab.us,tencentBlock_2219,lruforgive,10,2889,27,1,3,0.3505,0.24,56215892,28888.4736,2264059
node1.tardis-apia.ldos-ut-pg0.wisc.cloudlab.us,tencentBlock_2219,s3fifo,10,2889,27,1,1,0.3385,0.41,56215892,28888.4736,2264059
node1.tardis-apia.ldos-ut-pg0.wisc.cloudlab.us,tencentBlock_2219,s3fifo,10,2889,27,1,2,0.3385,0.41,56215892,28888.4736,2264059
node1.tardis-apia.ldos-ut-pg0.wisc.cloudlab.us,tencentBlock_2219,s3fifo,10,2889,27,1,3,0.3385,0.41,56215892,28888.4736,2264059
node1.tardis-apia.ldos-ut-pg0.wisc.cloudlab.us,tencentBlock_2219,s3fifoforgive,10,2889,27,1,1,0.3380,0.26,56215892,28888.4736,2264059
node1.tardis-apia.ldos-ut-pg0.wisc.cloudlab.us,tencentBlock_2219,s3fifoforgive,10,2889,27,1,2,0.3380,0.26,56215892,28888.4736,2264059
node1.tardis-apia.ldos-ut-pg0.wisc.cloudlab.us,tencentBlock_2219,s3fifoforgive,10,2889,27,1,3,0.3380,0.26,56215892,28888.4736,2264059
node1.tardis-apia.ldos-ut-pg0.wisc.cloudlab.us,tencentBlock_2219,lru,0.1,29,21,1,1,0.8061,1.46,56215892,28888.4736,2264059
node1.tardis-apia.ldos-ut-pg0.wisc.cloudlab.us,tencentBlock_2219,lru,0.1,29,21,1,2,0.8061,1.44,56215892,28888.4736,2264059
node1.tardis-apia.ldos-ut-pg0.wisc.cloudlab.us,tencentBlock_2219,lru,0.1,29,21,1,3,0.8061,1.44,56215892,28888.4736,2264059
node1.tardis-apia.ldos-ut-pg0.wisc.cloudlab.us,tencentBlock_2219,lruforgive,0.1,29,21,1,1,0.8034,0.80,56215892,28888.4736,2264059
node1.tardis-apia.ldos-ut-pg0.wisc.cloudlab.us,tencentBlock_2219,lruforgive,0.1,29,21,1,2,0.8034,0.80,56215892,28888.4736,2264059
node1.tardis-apia.ldos-ut-pg0.wisc.cloudlab.us,tencentBlock_2219,lruforgive,0.1,29,21,1,3,0.8034,0.80,56215892,28888.4736,2264059
node1.tardis-apia.ldos-ut-pg0.wisc.cloudlab.us,tencentBlock_2219,s3fifo,0.1,29,21,1,1,0.8260,1.51,56215892,28888.4736,2264059
node1.tardis-apia.ldos-ut-pg0.wisc.cloudlab.us,tencentBlock_2219,s3fifo,0.1,29,21,1,2,0.8260,1.50,56215892,28888.4736,2264059
node1.tardis-apia.ldos-ut-pg0.wisc.cloudlab.us,tencentBlock_2219,s3fifo,0.1,29,21,1,3,0.8260,1.50,56215892,28888.4736,2264059
node1.tardis-apia.ldos-ut-pg0.wisc.cloudlab.us,tencentBlock_2219,s3fifoforgive,0.1,29,21,1,1,0.8232,1.00,56215892,28888.4736,2264059
node1.tardis-apia.ldos-ut-pg0.wisc.cloudlab.us,tencentBlock_2219,s3fifoforgive,0.1,29,21,1,2,0.8232,1.01,56215892,28888.4736,2264059
node1.tardis-apia.ldos-ut-pg0.wisc.cloudlab.us,tencentBlock_2219,s3fifoforgive,0.1,29,21,1,3,0.8232,1.01,56215892,28888.4736,2264059
node1.tardis-apia.ldos-ut-pg0.wisc.cloudlab.us,tencentBlock_2230,lru,10,68389,27,1,1,0.5889,0.03,29603964,683886.8992,5352816
node1.tardis-apia.ldos-ut-pg0.wisc.cloudlab.us,tencentBlock_2230,lru,10,68389,27,1,2,0.5889,0.03,29603964,683886.8992,5352816
node1.tardis-apia.ldos-ut-pg0.wisc.cloudlab.us,tencentBlock_2230,lru,10,68389,27,1,3,0.5889,0.03,29603964,683886.8992,5352816
node1.tardis-apia.ldos-ut-pg0.wisc.cloudlab.us,tencentBlock_2230,lruforgive,10,68389,27,1,1,0.5866,0.03,29603964,683886.8992,5352816
node1.tardis-apia.ldos-ut-pg0.wisc.cloudlab.us,tencentBlock_2230,lruforgive,10,68389,27,1,2,0.5866,0.03,29603964,683886.8992,5352816
node1.tardis-apia.ldos-ut-pg0.wisc.cloudlab.us,tencentBlock_2230,lruforgive,10,68389,27,1,3,0.5866,0.03,29603964,683886.8992,5352816
node1.tardis-apia.ldos-ut-pg0.wisc.cloudlab.us,tencentBlock_2230,s3fifo,10,68389,27,1,1,0.5727,0.04,29603964,683886.8992,5352816
node1.tardis-apia.ldos-ut-pg0.wisc.cloudlab.us,tencentBlock_2230,s3fifo,10,68389,27,1,2,0.5727,0.04,29603964,683886.8992,5352816
node1.tardis-apia.ldos-ut-pg0.wisc.cloudlab.us,tencentBlock_2230,s3fifo,10,68389,27,1,3,0.5727,0.04,29603964,683886.8992,5352816
node1.tardis-apia.ldos-ut-pg0.wisc.cloudlab.us,tencentBlock_2230,s3fifoforgive,10,68389,27,1,1,0.5727,0.04,29603964,683886.8992,5352816
node1.tardis-apia.ldos-ut-pg0.wisc.cloudlab.us,tencentBlock_2230,s3fifoforgive,10,68389,27,1,2,0.5727,0.04,29603964,683886.8992,5352816
node1.tardis-apia.ldos-ut-pg0.wisc.cloudlab.us,tencentBlock_2230,s3fifoforgive,10,68389,27,1,3,0.5727,0.04,29603964,683886.8992,5352816
node1.tardis-apia.ldos-ut-pg0.wisc.cloudlab.us,tencentBlock_2230,lru,0.1,684,25,1,1,0.7563,0.04,29603964,683886.8992,5352816
node1.tardis-apia.ldos-ut-pg0.wisc.cloudlab.us,tencentBlock_2230,lru,0.1,684,25,1,2,0.7563,0.04,29603964,683886.8992,5352816
node1.tardis-apia.ldos-ut-pg0.wisc.cloudlab.us,tencentBlock_2230,lru,0.1,684,25,1,3,0.7563,0.04,29603964,683886.8992,5352816
node1.tardis-apia.ldos-ut-pg0.wisc.cloudlab.us,tencentBlock_2230,lruforgive,0.1,684,25,1,1,0.7470,0.04,29603964,683886.8992,5352816
node1.tardis-apia.ldos-ut-pg0.wisc.cloudlab.us,tencentBlock_2230,lruforgive,0.1,684,25,1,2,0.7470,0.04,29603964,683886.8992,5352816
node1.tardis-apia.ldos-ut-pg0.wisc.cloudlab.us,tencentBlock_2230,lruforgive,0.1,684,25,1,3,0.7470,0.04,29603964,683886.8992,5352816
node1.tardis-apia.ldos-ut-pg0.wisc.cloudlab.us,tencentBlock_2230,s3fifo,0.1,684,25,1,1,0.7482,0.04,29603964,683886.8992,5352816
node1.tardis-apia.ldos-ut-pg0.wisc.cloudlab.us,tencentBlock_2230,s3fifo,0.1,684,25,1,2,0.7482,0.04,29603964,683886.8992,5352816
node1.tardis-apia.ldos-ut-pg0.wisc.cloudlab.us,tencentBlock_2230,s3fifo,0.1,684,25,1,3,0.7482,0.04,29603964,683886.8992,5352816
node1.tardis-apia.ldos-ut-pg0.wisc.cloudlab.us,tencentBlock_2230,s3fifoforgive,0.1,684,25,1,1,0.7474,0.04,29603964,683886.8992,5352816
node1.tardis-apia.ldos-ut-pg0.wisc.cloudlab.us,tencentBlock_2230,s3fifoforgive,0.1,684,25,1,2,0.7474,0.04,29603964,683886.8992,5352816
node1.tardis-apia.ldos-ut-pg0.wisc.cloudlab.us,tencentBlock_2230,s3fifoforgive,0.1,684,25,1,3,0.7474,0.04,29603964,683886.8992,5352816
node1.tardis-apia.ldos-ut-pg0.wisc.cloudlab.us,tencentBlock_2275,lru,10,239393,27,1,1,NA_TOOBIG,NA,NA,2393926.2464,23256868
node1.tardis-apia.ldos-ut-pg0.wisc.cloudlab.us,tencentBlock_2275,lru,10,239393,27,1,2,NA_TOOBIG,NA,NA,2393926.2464,23256868
node1.tardis-apia.ldos-ut-pg0.wisc.cloudlab.us,tencentBlock_2275,lru,10,239393,27,1,3,NA_TOOBIG,NA,NA,2393926.2464,23256868
node1.tardis-apia.ldos-ut-pg0.wisc.cloudlab.us,tencentBlock_2275,lruforgive,10,239393,27,1,1,NA_TOOBIG,NA,NA,2393926.2464,23256868
node1.tardis-apia.ldos-ut-pg0.wisc.cloudlab.us,tencentBlock_2275,lruforgive,10,239393,27,1,2,NA_TOOBIG,NA,NA,2393926.2464,23256868
node1.tardis-apia.ldos-ut-pg0.wisc.cloudlab.us,tencentBlock_2275,lruforgive,10,239393,27,1,3,NA_TOOBIG,NA,NA,2393926.2464,23256868
node1.tardis-apia.ldos-ut-pg0.wisc.cloudlab.us,tencentBlock_2275,s3fifo,10,239393,27,1,1,NA_TOOBIG,NA,NA,2393926.2464,23256868
node1.tardis-apia.ldos-ut-pg0.wisc.cloudlab.us,tencentBlock_2275,s3fifo,10,239393,27,1,2,NA_TOOBIG,NA,NA,2393926.2464,23256868
node1.tardis-apia.ldos-ut-pg0.wisc.cloudlab.us,tencentBlock_2275,s3fifo,10,239393,27,1,3,NA_TOOBIG,NA,NA,2393926.2464,23256868
node1.tardis-apia.ldos-ut-pg0.wisc.cloudlab.us,tencentBlock_2275,s3fifoforgive,10,239393,27,1,1,NA_TOOBIG,NA,NA,2393926.2464,23256868
node1.tardis-apia.ldos-ut-pg0.wisc.cloudlab.us,tencentBlock_2275,s3fifoforgive,10,239393,27,1,2,NA_TOOBIG,NA,NA,2393926.2464,23256868
node1.tardis-apia.ldos-ut-pg0.wisc.cloudlab.us,tencentBlock_2275,s3fifoforgive,10,239393,27,1,3,NA_TOOBIG,NA,NA,2393926.2464,23256868
node1.tardis-apia.ldos-ut-pg0.wisc.cloudlab.us,tencentBlock_2275,lru,0.1,2394,27,1,1,0.9177,0.08,34535200,2393926.2464,23256868
node1.tardis-apia.ldos-ut-pg0.wisc.cloudlab.us,tencentBlock_2275,lru,0.1,2394,27,1,2,0.9177,0.08,34535200,2393926.2464,23256868
node1.tardis-apia.ldos-ut-pg0.wisc.cloudlab.us,tencentBlock_2275,lru,0.1,2394,27,1,3,0.9177,0.08,34535200,2393926.2464,23256868
node1.tardis-apia.ldos-ut-pg0.wisc.cloudlab.us,tencentBlock_2275,lruforgive,0.1,2394,27,1,1,0.9175,0.08,34535200,2393926.2464,23256868
node1.tardis-apia.ldos-ut-pg0.wisc.cloudlab.us,tencentBlock_2275,lruforgive,0.1,2394,27,1,2,0.9175,0.08,34535200,2393926.2464,23256868
node1.tardis-apia.ldos-ut-pg0.wisc.cloudlab.us,tencentBlock_2275,lruforgive,0.1,2394,27,1,3,0.9175,0.08,34535200,2393926.2464,23256868
node1.tardis-apia.ldos-ut-pg0.wisc.cloudlab.us,tencentBlock_2275,s3fifo,0.1,2394,27,1,1,0.9169,0.09,34535200,2393926.2464,23256868
node1.tardis-apia.ldos-ut-pg0.wisc.cloudlab.us,tencentBlock_2275,s3fifo,0.1,2394,27,1,2,0.9169,0.09,34535200,2393926.2464,23256868
node1.tardis-apia.ldos-ut-pg0.wisc.cloudlab.us,tencentBlock_2275,s3fifo,0.1,2394,27,1,3,0.9169,0.09,34535200,2393926.2464,23256868
node1.tardis-apia.ldos-ut-pg0.wisc.cloudlab.us,tencentBlock_2275,s3fifoforgive,0.1,2394,27,1,1,0.9169,0.09,34535200,2393926.2464,23256868
node1.tardis-apia.ldos-ut-pg0.wisc.cloudlab.us,tencentBlock_2275,s3fifoforgive,0.1,2394,27,1,2,0.9169,0.09,34535200,2393926.2464,23256868
node1.tardis-apia.ldos-ut-pg0.wisc.cloudlab.us,tencentBlock_2275,s3fifoforgive,0.1,2394,27,1,3,0.9169,0.09,34535200,2393926.2464,23256868
node1.tardis-apia.ldos-ut-pg0.wisc.cloudlab.us,tencentBlock_2286,lru,10,8765,27,1,1,0.1237,0.33,15907006,87649.8944,1274094
node1.tardis-apia.ldos-ut-pg0.wisc.cloudlab.us,tencentBlock_2286,lru,10,8765,27,1,2,0.1237,0.33,15907006,87649.8944,1274094
node1.tardis-apia.ldos-ut-pg0.wisc.cloudlab.us,tencentBlock_2286,lru,10,8765,27,1,3,0.1237,0.33,15907006,87649.8944,1274094
node1.tardis-apia.ldos-ut-pg0.wisc.cloudlab.us,tencentBlock_2286,lruforgive,10,8765,27,1,1,0.1233,0.23,15907006,87649.8944,1274094
node1.tardis-apia.ldos-ut-pg0.wisc.cloudlab.us,tencentBlock_2286,lruforgive,10,8765,27,1,2,0.1233,0.24,15907006,87649.8944,1274094
node1.tardis-apia.ldos-ut-pg0.wisc.cloudlab.us,tencentBlock_2286,lruforgive,10,8765,27,1,3,0.1233,0.24,15907006,87649.8944,1274094
node1.tardis-apia.ldos-ut-pg0.wisc.cloudlab.us,tencentBlock_2286,s3fifo,10,8765,27,1,1,0.1129,0.39,15907006,87649.8944,1274094
node1.tardis-apia.ldos-ut-pg0.wisc.cloudlab.us,tencentBlock_2286,s3fifo,10,8765,27,1,2,0.1129,0.38,15907006,87649.8944,1274094
node1.tardis-apia.ldos-ut-pg0.wisc.cloudlab.us,tencentBlock_2286,s3fifo,10,8765,27,1,3,0.1129,0.39,15907006,87649.8944,1274094
node1.tardis-apia.ldos-ut-pg0.wisc.cloudlab.us,tencentBlock_2286,s3fifoforgive,10,8765,27,1,1,0.1129,0.27,15907006,87649.8944,1274094
node1.tardis-apia.ldos-ut-pg0.wisc.cloudlab.us,tencentBlock_2286,s3fifoforgive,10,8765,27,1,2,0.1129,0.27,15907006,87649.8944,1274094
node1.tardis-apia.ldos-ut-pg0.wisc.cloudlab.us,tencentBlock_2286,s3fifoforgive,10,8765,27,1,3,0.1129,0.26,15907006,87649.8944,1274094
node1.tardis-apia.ldos-ut-pg0.wisc.cloudlab.us,tencentBlock_2286,lru,0.1,88,22,1,1,0.5153,0.70,15907006,87649.8944,1274094
node1.tardis-apia.ldos-ut-pg0.wisc.cloudlab.us,tencentBlock_2286,lru,0.1,88,22,1,2,0.5153,0.71,15907006,87649.8944,1274094
node1.tardis-apia.ldos-ut-pg0.wisc.cloudlab.us,tencentBlock_2286,lru,0.1,88,22,1,3,0.5153,0.72,15907006,87649.8944,1274094
node1.tardis-apia.ldos-ut-pg0.wisc.cloudlab.us,tencentBlock_2286,lruforgive,0.1,88,22,1,1,0.5199,0.39,15907006,87649.8944,1274094
node1.tardis-apia.ldos-ut-pg0.wisc.cloudlab.us,tencentBlock_2286,lruforgive,0.1,88,22,1,2,0.5199,0.38,15907006,87649.8944,1274094
node1.tardis-apia.ldos-ut-pg0.wisc.cloudlab.us,tencentBlock_2286,lruforgive,0.1,88,22,1,3,0.5199,0.39,15907006,87649.8944,1274094
node1.tardis-apia.ldos-ut-pg0.wisc.cloudlab.us,tencentBlock_2286,s3fifo,0.1,88,22,1,1,0.4189,0.92,15907006,87649.8944,1274094
node1.tardis-apia.ldos-ut-pg0.wisc.cloudlab.us,tencentBlock_2286,s3fifo,0.1,88,22,1,2,0.4189,0.92,15907006,87649.8944,1274094
node1.tardis-apia.ldos-ut-pg0.wisc.cloudlab.us,tencentBlock_2286,s3fifo,0.1,88,22,1,3,0.4189,0.95,15907006,87649.8944,1274094
node1.tardis-apia.ldos-ut-pg0.wisc.cloudlab.us,tencentBlock_2286,s3fifoforgive,0.1,88,22,1,1,0.4137,0.55,15907006,87649.8944,1274094
node1.tardis-apia.ldos-ut-pg0.wisc.cloudlab.us,tencentBlock_2286,s3fifoforgive,0.1,88,22,1,2,0.4137,0.56,15907006,87649.8944,1274094
node1.tardis-apia.ldos-ut-pg0.wisc.cloudlab.us,tencentBlock_2286,s3fifoforgive,0.1,88,22,1,3,0.4137,0.55,15907006,87649.8944,1274094
node1.tardis-apia.ldos-ut-pg0.wisc.cloudlab.us,tencentBlock_22923,lru,10,566718,27,1,1,NA_TOOBIG,NA,NA,5667184.64,16043882
node1.tardis-apia.ldos-ut-pg0.wisc.cloudlab.us,tencentBlock_22923,lru,10,566718,27,1,2,NA_TOOBIG,NA,NA,5667184.64,16043882
node1.tardis-apia.ldos-ut-pg0.wisc.cloudlab.us,tencentBlock_22923,lru,10,566718,27,1,3,NA_TOOBIG,NA,NA,5667184.64,16043882
node1.tardis-apia.ldos-ut-pg0.wisc.cloudlab.us,tencentBlock_22923,lruforgive,10,566718,27,1,1,NA_TOOBIG,NA,NA,5667184.64,16043882
node1.tardis-apia.ldos-ut-pg0.wisc.cloudlab.us,tencentBlock_22923,lruforgive,10,566718,27,1,2,NA_TOOBIG,NA,NA,5667184.64,16043882
node1.tardis-apia.ldos-ut-pg0.wisc.cloudlab.us,tencentBlock_22923,lruforgive,10,566718,27,1,3,NA_TOOBIG,NA,NA,5667184.64,16043882
node1.tardis-apia.ldos-ut-pg0.wisc.cloudlab.us,tencentBlock_22923,s3fifo,10,566718,27,1,1,NA_TOOBIG,NA,NA,5667184.64,16043882
node1.tardis-apia.ldos-ut-pg0.wisc.cloudlab.us,tencentBlock_22923,s3fifo,10,566718,27,1,2,NA_TOOBIG,NA,NA,5667184.64,16043882
node1.tardis-apia.ldos-ut-pg0.wisc.cloudlab.us,tencentBlock_22923,s3fifo,10,566718,27,1,3,NA_TOOBIG,NA,NA,5667184.64,16043882
node1.tardis-apia.ldos-ut-pg0.wisc.cloudlab.us,tencentBlock_22923,s3fifoforgive,10,566718,27,1,1,NA_TOOBIG,NA,NA,5667184.64,16043882
node1.tardis-apia.ldos-ut-pg0.wisc.cloudlab.us,tencentBlock_22923,s3fifoforgive,10,566718,27,1,2,NA_TOOBIG,NA,NA,5667184.64,16043882
node1.tardis-apia.ldos-ut-pg0.wisc.cloudlab.us,tencentBlock_22923,s3fifoforgive,10,566718,27,1,3,NA_TOOBIG,NA,NA,5667184.64,16043882
node1.tardis-apia.ldos-ut-pg0.wisc.cloudlab.us,tencentBlock_22923,lru,0.1,5667,27,1,1,0.6572,0.06,79152381,5667184.64,16043882
node1.tardis-apia.ldos-ut-pg0.wisc.cloudlab.us,tencentBlock_22923,lru,0.1,5667,27,1,2,0.6572,0.06,79152381,5667184.64,16043882
node1.tardis-apia.ldos-ut-pg0.wisc.cloudlab.us,tencentBlock_22923,lru,0.1,5667,27,1,3,0.6572,0.06,79152381,5667184.64,16043882
node1.tardis-apia.ldos-ut-pg0.wisc.cloudlab.us,tencentBlock_22923,lruforgive,0.1,5667,27,1,1,0.5799,0.05,79152381,5667184.64,16043882
node1.tardis-apia.ldos-ut-pg0.wisc.cloudlab.us,tencentBlock_22923,lruforgive,0.1,5667,27,1,2,0.5799,0.05,79152381,5667184.64,16043882
node1.tardis-apia.ldos-ut-pg0.wisc.cloudlab.us,tencentBlock_22923,lruforgive,0.1,5667,27,1,3,0.5799,0.05,79152381,5667184.64,16043882
node1.tardis-apia.ldos-ut-pg0.wisc.cloudlab.us,tencentBlock_22923,s3fifo,0.1,5667,27,1,1,0.5527,0.06,79152381,5667184.64,16043882
node1.tardis-apia.ldos-ut-pg0.wisc.cloudlab.us,tencentBlock_22923,s3fifo,0.1,5667,27,1,2,0.5527,0.06,79152381,5667184.64,16043882
node1.tardis-apia.ldos-ut-pg0.wisc.cloudlab.us,tencentBlock_22923,s3fifo,0.1,5667,27,1,3,0.5527,0.06,79152381,5667184.64,16043882
node1.tardis-apia.ldos-ut-pg0.wisc.cloudlab.us,tencentBlock_22923,s3fifoforgive,0.1,5667,27,1,1,0.5487,0.06,79152381,5667184.64,16043882
node1.tardis-apia.ldos-ut-pg0.wisc.cloudlab.us,tencentBlock_22923,s3fifoforgive,0.1,5667,27,1,2,0.5487,0.06,79152381,5667184.64,16043882
node1.tardis-apia.ldos-ut-pg0.wisc.cloudlab.us,tencentBlock_22923,s3fifoforgive,0.1,5667,27,1,3,0.5487,0.06,79152381,5667184.64,16043882
node1.tardis-apia.ldos-ut-pg0.wisc.cloudlab.us,tencentBlock_2308,lru,10,2546,27,1,1,0.0988,1.21,61432219,25464.7296,2078357
node1.tardis-apia.ldos-ut-pg0.wisc.cloudlab.us,tencentBlock_2308,lru,10,2546,27,1,2,0.0988,1.22,61432219,25464.7296,2078357
node1.tardis-apia.ldos-ut-pg0.wisc.cloudlab.us,tencentBlock_2308,lru,10,2546,27,1,3,0.0988,1.21,61432219,25464.7296,2078357
node1.tardis-apia.ldos-ut-pg0.wisc.cloudlab.us,tencentBlock_2308,lruforgive,10,2546,27,1,1,0.0980,0.48,61432219,25464.7296,2078357
node1.tardis-apia.ldos-ut-pg0.wisc.cloudlab.us,tencentBlock_2308,lruforgive,10,2546,27,1,2,0.0980,0.48,61432219,25464.7296,2078357
node1.tardis-apia.ldos-ut-pg0.wisc.cloudlab.us,tencentBlock_2308,lruforgive,10,2546,27,1,3,0.0980,0.48,61432219,25464.7296,2078357
node1.tardis-apia.ldos-ut-pg0.wisc.cloudlab.us,tencentBlock_2308,s3fifo,10,2546,27,1,1,0.0939,1.47,61432219,25464.7296,2078357
node1.tardis-apia.ldos-ut-pg0.wisc.cloudlab.us,tencentBlock_2308,s3fifo,10,2546,27,1,2,0.0939,1.46,61432219,25464.7296,2078357
node1.tardis-apia.ldos-ut-pg0.wisc.cloudlab.us,tencentBlock_2308,s3fifo,10,2546,27,1,3,0.0939,1.46,61432219,25464.7296,2078357
node1.tardis-apia.ldos-ut-pg0.wisc.cloudlab.us,tencentBlock_2308,s3fifoforgive,10,2546,27,1,1,0.0939,0.52,61432219,25464.7296,2078357
node1.tardis-apia.ldos-ut-pg0.wisc.cloudlab.us,tencentBlock_2308,s3fifoforgive,10,2546,27,1,2,0.0939,0.53,61432219,25464.7296,2078357
node1.tardis-apia.ldos-ut-pg0.wisc.cloudlab.us,tencentBlock_2308,s3fifoforgive,10,2546,27,1,3,0.0939,0.53,61432219,25464.7296,2078357
node1.tardis-apia.ldos-ut-pg0.wisc.cloudlab.us,tencentBlock_2308,lru,0.1,25,21,1,1,0.4806,2.46,61432219,25464.7296,2078357
node1.tardis-apia.ldos-ut-pg0.wisc.cloudlab.us,tencentBlock_2308,lru,0.1,25,21,1,2,0.4806,2.52,61432219,25464.7296,2078357
node1.tardis-apia.ldos-ut-pg0.wisc.cloudlab.us,tencentBlock_2308,lru,0.1,25,21,1,3,0.4806,2.51,61432219,25464.7296,2078357
node1.tardis-apia.ldos-ut-pg0.wisc.cloudlab.us,tencentBlock_2308,lruforgive,0.1,25,21,1,1,0.4590,0.96,61432219,25464.7296,2078357
node1.tardis-apia.ldos-ut-pg0.wisc.cloudlab.us,tencentBlock_2308,lruforgive,0.1,25,21,1,2,0.4590,0.97,61432219,25464.7296,2078357
node1.tardis-apia.ldos-ut-pg0.wisc.cloudlab.us,tencentBlock_2308,lruforgive,0.1,25,21,1,3,0.4590,0.97,61432219,25464.7296,2078357
node1.tardis-apia.ldos-ut-pg0.wisc.cloudlab.us,tencentBlock_2308,s3fifo,0.1,25,21,1,1,0.4065,2.60,61432219,25464.7296,2078357
node1.tardis-apia.ldos-ut-pg0.wisc.cloudlab.us,tencentBlock_2308,s3fifo,0.1,25,21,1,2,0.4065,2.66,61432219,25464.7296,2078357
node1.tardis-apia.ldos-ut-pg0.wisc.cloudlab.us,tencentBlock_2308,s3fifo,0.1,25,21,1,3,0.4065,2.60,61432219,25464.7296,2078357
node1.tardis-apia.ldos-ut-pg0.wisc.cloudlab.us,tencentBlock_2308,s3fifoforgive,0.1,25,21,1,1,0.4057,1.13,61432219,25464.7296,2078357
node1.tardis-apia.ldos-ut-pg0.wisc.cloudlab.us,tencentBlock_2308,s3fifoforgive,0.1,25,21,1,2,0.4057,1.15,61432219,25464.7296,2078357
node1.tardis-apia.ldos-ut-pg0.wisc.cloudlab.us,tencentBlock_2308,s3fifoforgive,0.1,25,21,1,3,0.4057,1.13,61432219,25464.7296,2078357
node1.tardis-apia.ldos-ut-pg0.wisc.cloudlab.us,tencentBlock_2313,lru,10,337543,27,1,1,NA_TOOBIG,NA,NA,3375431.4752,16838253
node1.tardis-apia.ldos-ut-pg0.wisc.cloudlab.us,tencentBlock_2313,lru,10,337543,27,1,2,NA_TOOBIG,NA,NA,3375431.4752,16838253
node1.tardis-apia.ldos-ut-pg0.wisc.cloudlab.us,tencentBlock_2313,lru,10,337543,27,1,3,NA_TOOBIG,NA,NA,3375431.4752,16838253
node1.tardis-apia.ldos-ut-pg0.wisc.cloudlab.us,tencentBlock_2313,lruforgive,10,337543,27,1,1,NA_TOOBIG,NA,NA,3375431.4752,16838253
node1.tardis-apia.ldos-ut-pg0.wisc.cloudlab.us,tencentBlock_2313,lruforgive,10,337543,27,1,2,NA_TOOBIG,NA,NA,3375431.4752,16838253
node1.tardis-apia.ldos-ut-pg0.wisc.cloudlab.us,tencentBlock_2313,lruforgive,10,337543,27,1,3,NA_TOOBIG,NA,NA,3375431.4752,16838253
node1.tardis-apia.ldos-ut-pg0.wisc.cloudlab.us,tencentBlock_2313,s3fifo,10,337543,27,1,1,NA_TOOBIG,NA,NA,3375431.4752,16838253
node1.tardis-apia.ldos-ut-pg0.wisc.cloudlab.us,tencentBlock_2313,s3fifo,10,337543,27,1,2,NA_TOOBIG,NA,NA,3375431.4752,16838253
node1.tardis-apia.ldos-ut-pg0.wisc.cloudlab.us,tencentBlock_2313,s3fifo,10,337543,27,1,3,NA_TOOBIG,NA,NA,3375431.4752,16838253
node1.tardis-apia.ldos-ut-pg0.wisc.cloudlab.us,tencentBlock_2313,s3fifoforgive,10,337543,27,1,1,NA_TOOBIG,NA,NA,3375431.4752,16838253
node1.tardis-apia.ldos-ut-pg0.wisc.cloudlab.us,tencentBlock_2313,s3fifoforgive,10,337543,27,1,2,NA_TOOBIG,NA,NA,3375431.4752,16838253
node1.tardis-apia.ldos-ut-pg0.wisc.cloudlab.us,tencentBlock_2313,s3fifoforgive,10,337543,27,1,3,NA_TOOBIG,NA,NA,3375431.4752,16838253
node1.tardis-apia.ldos-ut-pg0.wisc.cloudlab.us,tencentBlock_2313,lru,0.1,3375,27,1,1,0.8428,0.11,98013164,3375431.4752,16838253
node1.tardis-apia.ldos-ut-pg0.wisc.cloudlab.us,tencentBlock_2313,lru,0.1,3375,27,1,2,0.8428,0.11,98013164,3375431.4752,16838253
node1.tardis-apia.ldos-ut-pg0.wisc.cloudlab.us,tencentBlock_2313,lru,0.1,3375,27,1,3,0.8428,0.12,98013164,3375431.4752,16838253
node1.tardis-apia.ldos-ut-pg0.wisc.cloudlab.us,tencentBlock_2313,lruforgive,0.1,3375,27,1,1,0.8128,0.10,98013164,3375431.4752,16838253
node1.tardis-apia.ldos-ut-pg0.wisc.cloudlab.us,tencentBlock_2313,lruforgive,0.1,3375,27,1,2,0.8128,0.10,98013164,3375431.4752,16838253
node1.tardis-apia.ldos-ut-pg0.wisc.cloudlab.us,tencentBlock_2313,lruforgive,0.1,3375,27,1,3,0.8128,0.10,98013164,3375431.4752,16838253
node1.tardis-apia.ldos-ut-pg0.wisc.cloudlab.us,tencentBlock_2313,s3fifo,0.1,3375,27,1,1,0.7945,0.12,98013164,3375431.4752,16838253
node1.tardis-apia.ldos-ut-pg0.wisc.cloudlab.us,tencentBlock_2313,s3fifo,0.1,3375,27,1,2,0.7945,0.12,98013164,3375431.4752,16838253
node1.tardis-apia.ldos-ut-pg0.wisc.cloudlab.us,tencentBlock_2313,s3fifo,0.1,3375,27,1,3,0.7945,0.12,98013164,3375431.4752,16838253
node1.tardis-apia.ldos-ut-pg0.wisc.cloudlab.us,tencentBlock_2313,s3fifoforgive,0.1,3375,27,1,1,0.7913,0.11,98013164,3375431.4752,16838253
node1.tardis-apia.ldos-ut-pg0.wisc.cloudlab.us,tencentBlock_2313,s3fifoforgive,0.1,3375,27,1,2,0.7913,0.11,98013164,3375431.4752,16838253
node1.tardis-apia.ldos-ut-pg0.wisc.cloudlab.us,tencentBlock_2313,s3fifoforgive,0.1,3375,27,1,3,0.7913,0.11,98013164,3375431.4752,16838253
node1.tardis-apia.ldos-ut-pg0.wisc.cloudlab.us,tencentBlock_23299,lru,10,1923,27,1,1,0.9418,0.60,5853021,19228.7744,3540399
node1.tardis-apia.ldos-ut-pg0.wisc.cloudlab.us,tencentBlock_23299,lru,10,1923,27,1,2,0.9418,0.60,5853021,19228.7744,3540399
node1.tardis-apia.ldos-ut-pg0.wisc.cloudlab.us,tencentBlock_23299,lru,10,1923,27,1,3,0.9418,0.60,5853021,19228.7744,3540399
node1.tardis-apia.ldos-ut-pg0.wisc.cloudlab.us,tencentBlock_23299,lruforgive,10,1923,27,1,1,0.9416,0.65,5853021,19228.7744,3540399
node1.tardis-apia.ldos-ut-pg0.wisc.cloudlab.us,tencentBlock_23299,lruforgive,10,1923,27,1,2,0.9416,0.65,5853021,19228.7744,3540399
node1.tardis-apia.ldos-ut-pg0.wisc.cloudlab.us,tencentBlock_23299,lruforgive,10,1923,27,1,3,0.9416,0.66,5853021,19228.7744,3540399
node1.tardis-apia.ldos-ut-pg0.wisc.cloudlab.us,tencentBlock_23299,s3fifo,10,1923,27,1,1,0.9385,0.58,5853021,19228.7744,3540399
node1.tardis-apia.ldos-ut-pg0.wisc.cloudlab.us,tencentBlock_23299,s3fifo,10,1923,27,1,2,0.9385,0.58,5853021,19228.7744,3540399
node1.tardis-apia.ldos-ut-pg0.wisc.cloudlab.us,tencentBlock_23299,s3fifo,10,1923,27,1,3,0.9384,0.59,5853021,19228.7744,3540399
node1.tardis-apia.ldos-ut-pg0.wisc.cloudlab.us,tencentBlock_23299,s3fifoforgive,10,1923,27,1,1,0.9383,0.63,5853021,19228.7744,3540399
node1.tardis-apia.ldos-ut-pg0.wisc.cloudlab.us,tencentBlock_23299,s3fifoforgive,10,1923,27,1,2,0.9384,0.64,5853021,19228.7744,3540399
node1.tardis-apia.ldos-ut-pg0.wisc.cloudlab.us,tencentBlock_23299,s3fifoforgive,10,1923,27,1,3,0.9383,0.64,5853021,19228.7744,3540399
node1.tardis-apia.ldos-ut-pg0.wisc.cloudlab.us,tencentBlock_23299,lru,0.1,19,20,1,1,0.9772,1.74,5853021,19228.7744,3540399
node1.tardis-apia.ldos-ut-pg0.wisc.cloudlab.us,tencentBlock_23299,lru,0.1,19,20,1,2,0.9772,1.76,5853021,19228.7744,3540399
node1.tardis-apia.ldos-ut-pg0.wisc.cloudlab.us,tencentBlock_23299,lru,0.1,19,20,1,3,0.9772,1.77,5853021,19228.7744,3540399
node1.tardis-apia.ldos-ut-pg0.wisc.cloudlab.us,tencentBlock_23299,lruforgive,0.1,19,20,1,1,0.9770,1.51,5853021,19228.7744,3540399
node1.tardis-apia.ldos-ut-pg0.wisc.cloudlab.us,tencentBlock_23299,lruforgive,0.1,19,20,1,2,0.9770,1.51,5853021,19228.7744,3540399
node1.tardis-apia.ldos-ut-pg0.wisc.cloudlab.us,tencentBlock_23299,lruforgive,0.1,19,20,1,3,0.9770,1.48,5853021,19228.7744,3540399
node1.tardis-apia.ldos-ut-pg0.wisc.cloudlab.us,tencentBlock_23299,s3fifo,0.1,19,20,1,1,0.9828,1.72,5853021,19228.7744,3540399
node1.tardis-apia.ldos-ut-pg0.wisc.cloudlab.us,tencentBlock_23299,s3fifo,0.1,19,20,1,2,0.9828,1.73,5853021,19228.7744,3540399
node1.tardis-apia.ldos-ut-pg0.wisc.cloudlab.us,tencentBlock_23299,s3fifo,0.1,19,20,1,3,0.9828,1.74,5853021,19228.7744,3540399
node1.tardis-apia.ldos-ut-pg0.wisc.cloudlab.us,tencentBlock_23299,s3fifoforgive,0.1,19,20,1,1,0.9828,1.55,5853021,19228.7744,3540399
node1.tardis-apia.ldos-ut-pg0.wisc.cloudlab.us,tencentBlock_23299,s3fifoforgive,0.1,19,20,1,2,0.9828,1.48,5853021,19228.7744,3540399
node1.tardis-apia.ldos-ut-pg0.wisc.cloudlab.us,tencentBlock_23299,s3fifoforgive,0.1,19,20,1,3,0.9828,1.52,5853021,19228.7744,3540399
node1.tardis-apia.ldos-ut-pg0.wisc.cloudlab.us,tencentBlock_2337,lru,10,3680,27,1,1,0.2639,0.50,46746366,36799.7952,2870398
node1.tardis-apia.ldos-ut-pg0.wisc.cloudlab.us,tencentBlock_2337,lru,10,3680,27,1,2,0.2639,0.51,46746366,36799.7952,2870398
node1.tardis-apia.ldos-ut-pg0.wisc.cloudlab.us,tencentBlock_2337,lru,10,3680,27,1,3,0.2639,0.51,46746366,36799.7952,2870398
node1.tardis-apia.ldos-ut-pg0.wisc.cloudlab.us,tencentBlock_2337,lruforgive,10,3680,27,1,1,0.2630,0.27,46746366,36799.7952,2870398
node1.tardis-apia.ldos-ut-pg0.wisc.cloudlab.us,tencentBlock_2337,lruforgive,10,3680,27,1,2,0.2630,0.27,46746366,36799.7952,2870398
node1.tardis-apia.ldos-ut-pg0.wisc.cloudlab.us,tencentBlock_2337,lruforgive,10,3680,27,1,3,0.2630,0.27,46746366,36799.7952,2870398
node1.tardis-apia.ldos-ut-pg0.wisc.cloudlab.us,tencentBlock_2337,s3fifo,10,3680,27,1,1,0.2576,0.52,46746366,36799.7952,2870398
node1.tardis-apia.ldos-ut-pg0.wisc.cloudlab.us,tencentBlock_2337,s3fifo,10,3680,27,1,2,0.2576,0.52,46746366,36799.7952,2870398
node1.tardis-apia.ldos-ut-pg0.wisc.cloudlab.us,tencentBlock_2337,s3fifo,10,3680,27,1,3,0.2576,0.52,46746366,36799.7952,2870398
node1.tardis-apia.ldos-ut-pg0.wisc.cloudlab.us,tencentBlock_2337,s3fifoforgive,10,3680,27,1,1,0.2574,0.29,46746366,36799.7952,2870398
node1.tardis-apia.ldos-ut-pg0.wisc.cloudlab.us,tencentBlock_2337,s3fifoforgive,10,3680,27,1,2,0.2574,0.29,46746366,36799.7952,2870398
node1.tardis-apia.ldos-ut-pg0.wisc.cloudlab.us,tencentBlock_2337,s3fifoforgive,10,3680,27,1,3,0.2574,0.29,46746366,36799.7952,2870398
node1.tardis-apia.ldos-ut-pg0.wisc.cloudlab.us,tencentBlock_2337,lru,0.1,37,21,1,1,0.7694,1.25,46746366,36799.7952,2870398
node1.tardis-apia.ldos-ut-pg0.wisc.cloudlab.us,tencentBlock_2337,lru,0.1,37,21,1,2,0.7694,1.27,46746366,36799.7952,2870398
node1.tardis-apia.ldos-ut-pg0.wisc.cloudlab.us,tencentBlock_2337,lru,0.1,37,21,1,3,0.7694,1.28,46746366,36799.7952,2870398
node1.tardis-apia.ldos-ut-pg0.wisc.cloudlab.us,tencentBlock_2337,lruforgive,0.1,37,21,1,1,0.7583,0.65,46746366,36799.7952,2870398
node1.tardis-apia.ldos-ut-pg0.wisc.cloudlab.us,tencentBlock_2337,lruforgive,0.1,37,21,1,2,0.7583,0.66,46746366,36799.7952,2870398
node1.tardis-apia.ldos-ut-pg0.wisc.cloudlab.us,tencentBlock_2337,lruforgive,0.1,37,21,1,3,0.7583,0.66,46746366,36799.7952,2870398
node1.tardis-apia.ldos-ut-pg0.wisc.cloudlab.us,tencentBlock_2337,s3fifo,0.1,37,21,1,1,0.7846,1.37,46746366,36799.7952,2870398
node1.tardis-apia.ldos-ut-pg0.wisc.cloudlab.us,tencentBlock_2337,s3fifo,0.1,37,21,1,2,0.7846,1.34,46746366,36799.7952,2870398
node1.tardis-apia.ldos-ut-pg0.wisc.cloudlab.us,tencentBlock_2337,s3fifo,0.1,37,21,1,3,0.7846,1.35,46746366,36799.7952,2870398
node1.tardis-apia.ldos-ut-pg0.wisc.cloudlab.us,tencentBlock_2337,s3fifoforgive,0.1,37,21,1,1,0.7797,0.80,46746366,36799.7952,2870398
node1.tardis-apia.ldos-ut-pg0.wisc.cloudlab.us,tencentBlock_2337,s3fifoforgive,0.1,37,21,1,2,0.7797,0.79,46746366,36799.7952,2870398
node1.tardis-apia.ldos-ut-pg0.wisc.cloudlab.us,tencentBlock_2337,s3fifoforgive,0.1,37,21,1,3,0.7797,0.79,46746366,36799.7952,2870398
node1.tardis-apia.ldos-ut-pg0.wisc.cloudlab.us,tencentBlock_23374,lru,10,4695,27,1,1,0.3858,0.24,3325967,46951.7312,1152246
node1.tardis-apia.ldos-ut-pg0.wisc.cloudlab.us,tencentBlock_23374,lru,10,4695,27,1,2,0.3858,0.24,3325967,46951.7312,1152246
node1.tardis-apia.ldos-ut-pg0.wisc.cloudlab.us,tencentBlock_23374,lru,10,4695,27,1,3,0.3858,0.24,3325967,46951.7312,1152246
node1.tardis-apia.ldos-ut-pg0.wisc.cloudlab.us,tencentBlock_23374,lruforgive,10,4695,27,1,1,0.3847,0.24,3325967,46951.7312,1152246
node1.tardis-apia.ldos-ut-pg0.wisc.cloudlab.us,tencentBlock_23374,lruforgive,10,4695,27,1,2,0.3847,0.23,3325967,46951.7312,1152246
node1.tardis-apia.ldos-ut-pg0.wisc.cloudlab.us,tencentBlock_23374,lruforgive,10,4695,27,1,3,0.3847,0.24,3325967,46951.7312,1152246
node1.tardis-apia.ldos-ut-pg0.wisc.cloudlab.us,tencentBlock_23374,s3fifo,10,4695,27,1,1,0.4876,0.28,3325967,46951.7312,1152246
node1.tardis-apia.ldos-ut-pg0.wisc.cloudlab.us,tencentBlock_23374,s3fifo,10,4695,27,1,2,0.4876,0.28,3325967,46951.7312,1152246
node1.tardis-apia.ldos-ut-pg0.wisc.cloudlab.us,tencentBlock_23374,s3fifo,10,4695,27,1,3,0.4876,0.28,3325967,46951.7312,1152246
node1.tardis-apia.ldos-ut-pg0.wisc.cloudlab.us,tencentBlock_23374,s3fifoforgive,10,4695,27,1,1,0.4875,0.29,3325967,46951.7312,1152246
node1.tardis-apia.ldos-ut-pg0.wisc.cloudlab.us,tencentBlock_23374,s3fifoforgive,10,4695,27,1,2,0.4875,0.29,3325967,46951.7312,1152246
node1.tardis-apia.ldos-ut-pg0.wisc.cloudlab.us,tencentBlock_23374,s3fifoforgive,10,4695,27,1,3,0.4875,0.29,3325967,46951.7312,1152246
node1.tardis-apia.ldos-ut-pg0.wisc.cloudlab.us,tencentBlock_23374,lru,0.1,47,22,1,1,0.5826,1.39,3325967,46951.7312,1152246
node1.tardis-apia.ldos-ut-pg0.wisc.cloudlab.us,tencentBlock_23374,lru,0.1,47,22,1,2,0.5826,1.37,3325967,46951.7312,1152246
node1.tardis-apia.ldos-ut-pg0.wisc.cloudlab.us,tencentBlock_23374,lru,0.1,47,22,1,3,0.5826,1.39,3325967,46951.7312,1152246
node1.tardis-apia.ldos-ut-pg0.wisc.cloudlab.us,tencentBlock_23374,lruforgive,0.1,47,22,1,1,0.5804,0.91,3325967,46951.7312,1152246
node1.tardis-apia.ldos-ut-pg0.wisc.cloudlab.us,tencentBlock_23374,lruforgive,0.1,47,22,1,2,0.5804,0.92,3325967,46951.7312,1152246
node1.tardis-apia.ldos-ut-pg0.wisc.cloudlab.us,tencentBlock_23374,lruforgive,0.1,47,22,1,3,0.5804,0.92,3325967,46951.7312,1152246
node1.tardis-apia.ldos-ut-pg0.wisc.cloudlab.us,tencentBlock_23374,s3fifo,0.1,47,22,1,1,0.6001,1.60,3325967,46951.7312,1152246
node1.tardis-apia.ldos-ut-pg0.wisc.cloudlab.us,tencentBlock_23374,s3fifo,0.1,47,22,1,2,0.6001,1.60,3325967,46951.7312,1152246
node1.tardis-apia.ldos-ut-pg0.wisc.cloudlab.us,tencentBlock_23374,s3fifo,0.1,47,22,1,3,0.6001,1.57,3325967,46951.7312,1152246
node1.tardis-apia.ldos-ut-pg0.wisc.cloudlab.us,tencentBlock_23374,s3fifoforgive,0.1,47,22,1,1,0.5989,1.10,3325967,46951.7312,1152246
node1.tardis-apia.ldos-ut-pg0.wisc.cloudlab.us,tencentBlock_23374,s3fifoforgive,0.1,47,22,1,2,0.5989,1.10,3325967,46951.7312,1152246
node1.tardis-apia.ldos-ut-pg0.wisc.cloudlab.us,tencentBlock_23374,s3fifoforgive,0.1,47,22,1,3,0.5989,1.09,3325967,46951.7312,1152246
node1.tardis-apia.ldos-ut-pg0.wisc.cloudlab.us,tencentBlock_23429,lru,10,2668,27,1,1,0.0770,0.84,24597749,26683.0848,1259265
node1.tardis-apia.ldos-ut-pg0.wisc.cloudlab.us,tencentBlock_23429,lru,10,2668,27,1,2,0.0770,0.82,24597749,26683.0848,1259265
node1.tardis-apia.ldos-ut-pg0.wisc.cloudlab.us,tencentBlock_23429,lru,10,2668,27,1,3,0.0770,0.82,24597749,26683.0848,1259265
node1.tardis-apia.ldos-ut-pg0.wisc.cloudlab.us,tencentBlock_23429,lruforgive,10,2668,27,1,1,0.0769,0.39,24597749,26683.0848,1259265
node1.tardis-apia.ldos-ut-pg0.wisc.cloudlab.us,tencentBlock_23429,lruforgive,10,2668,27,1,2,0.0769,0.39,24597749,26683.0848,1259265
node1.tardis-apia.ldos-ut-pg0.wisc.cloudlab.us,tencentBlock_23429,lruforgive,10,2668,27,1,3,0.0769,0.39,24597749,26683.0848,1259265
node1.tardis-apia.ldos-ut-pg0.wisc.cloudlab.us,tencentBlock_23429,s3fifo,10,2668,27,1,1,0.0865,0.84,24597749,26683.0848,1259265
node1.tardis-apia.ldos-ut-pg0.wisc.cloudlab.us,tencentBlock_23429,s3fifo,10,2668,27,1,2,0.0865,0.84,24597749,26683.0848,1259265
node1.tardis-apia.ldos-ut-pg0.wisc.cloudlab.us,tencentBlock_23429,s3fifo,10,2668,27,1,3,0.0865,0.85,24597749,26683.0848,1259265
node1.tardis-apia.ldos-ut-pg0.wisc.cloudlab.us,tencentBlock_23429,s3fifoforgive,10,2668,27,1,1,0.0862,0.40,24597749,26683.0848,1259265
node1.tardis-apia.ldos-ut-pg0.wisc.cloudlab.us,tencentBlock_23429,s3fifoforgive,10,2668,27,1,2,0.0862,0.37,24597749,26683.0848,1259265
node1.tardis-apia.ldos-ut-pg0.wisc.cloudlab.us,tencentBlock_23429,s3fifoforgive,10,2668,27,1,3,0.0862,0.37,24597749,26683.0848,1259265
node1.tardis-apia.ldos-ut-pg0.wisc.cloudlab.us,tencentBlock_23429,lru,0.1,27,21,1,1,0.6986,1.73,24597749,26683.0848,1259265
node1.tardis-apia.ldos-ut-pg0.wisc.cloudlab.us,tencentBlock_23429,lru,0.1,27,21,1,2,0.6986,1.71,24597749,26683.0848,1259265
node1.tardis-apia.ldos-ut-pg0.wisc.cloudlab.us,tencentBlock_23429,lru,0.1,27,21,1,3,0.6986,1.74,24597749,26683.0848,1259265
node1.tardis-apia.ldos-ut-pg0.wisc.cloudlab.us,tencentBlock_23429,lruforgive,0.1,27,21,1,1,0.6356,0.65,24597749,26683.0848,1259265
node1.tardis-apia.ldos-ut-pg0.wisc.cloudlab.us,tencentBlock_23429,lruforgive,0.1,27,21,1,2,0.6356,0.64,24597749,26683.0848,1259265
node1.tardis-apia.ldos-ut-pg0.wisc.cloudlab.us,tencentBlock_23429,lruforgive,0.1,27,21,1,3,0.6356,0.64,24597749,26683.0848,1259265
node1.tardis-apia.ldos-ut-pg0.wisc.cloudlab.us,tencentBlock_23429,s3fifo,0.1,27,21,1,1,0.5779,1.96,24597749,26683.0848,1259265
node1.tardis-apia.ldos-ut-pg0.wisc.cloudlab.us,tencentBlock_23429,s3fifo,0.1,27,21,1,2,0.5779,1.93,24597749,26683.0848,1259265
node1.tardis-apia.ldos-ut-pg0.wisc.cloudlab.us,tencentBlock_23429,s3fifo,0.1,27,21,1,3,0.5779,1.98,24597749,26683.0848,1259265
node1.tardis-apia.ldos-ut-pg0.wisc.cloudlab.us,tencentBlock_23429,s3fifoforgive,0.1,27,21,1,1,0.5806,1.01,24597749,26683.0848,1259265
node1.tardis-apia.ldos-ut-pg0.wisc.cloudlab.us,tencentBlock_23429,s3fifoforgive,0.1,27,21,1,2,0.5806,0.99,24597749,26683.0848,1259265
node1.tardis-apia.ldos-ut-pg0.wisc.cloudlab.us,tencentBlock_23429,s3fifoforgive,0.1,27,21,1,3,0.5806,0.98,24597749,26683.0848,1259265
node1.tardis-apia.ldos-ut-pg0.wisc.cloudlab.us,tencentBlock_2362,lru,10,2887,27,1,1,0.2470,0.53,30340925,28867.3792,2150332
node1.tardis-apia.ldos-ut-pg0.wisc.cloudlab.us,tencentBlock_2362,lru,10,2887,27,1,2,0.2470,0.53,30340925,28867.3792,2150332
node1.tardis-apia.ldos-ut-pg0.wisc.cloudlab.us,tencentBlock_2362,lru,10,2887,27,1,3,0.2470,0.53,30340925,28867.3792,2150332
node1.tardis-apia.ldos-ut-pg0.wisc.cloudlab.us,tencentBlock_2362,lruforgive,10,2887,27,1,1,0.2446,0.29,30340925,28867.3792,2150332
node1.tardis-apia.ldos-ut-pg0.wisc.cloudlab.us,tencentBlock_2362,lruforgive,10,2887,27,1,2,0.2446,0.29,30340925,28867.3792,2150332
node1.tardis-apia.ldos-ut-pg0.wisc.cloudlab.us,tencentBlock_2362,lruforgive,10,2887,27,1,3,0.2446,0.29,30340925,28867.3792,2150332
node1.tardis-apia.ldos-ut-pg0.wisc.cloudlab.us,tencentBlock_2362,s3fifo,10,2887,27,1,1,0.2480,0.55,30340925,28867.3792,2150332
node1.tardis-apia.ldos-ut-pg0.wisc.cloudlab.us,tencentBlock_2362,s3fifo,10,2887,27,1,2,0.2480,0.54,30340925,28867.3792,2150332
node1.tardis-apia.ldos-ut-pg0.wisc.cloudlab.us,tencentBlock_2362,s3fifo,10,2887,27,1,3,0.2480,0.55,30340925,28867.3792,2150332
node1.tardis-apia.ldos-ut-pg0.wisc.cloudlab.us,tencentBlock_2362,s3fifoforgive,10,2887,27,1,1,0.2479,0.32,30340925,28867.3792,2150332
node1.tardis-apia.ldos-ut-pg0.wisc.cloudlab.us,tencentBlock_2362,s3fifoforgive,10,2887,27,1,2,0.2479,0.32,30340925,28867.3792,2150332
node1.tardis-apia.ldos-ut-pg0.wisc.cloudlab.us,tencentBlock_2362,s3fifoforgive,10,2887,27,1,3,0.2479,0.31,30340925,28867.3792,2150332
node1.tardis-apia.ldos-ut-pg0.wisc.cloudlab.us,tencentBlock_2362,lru,0.1,29,21,1,1,0.7703,1.28,30340925,28867.3792,2150332
node1.tardis-apia.ldos-ut-pg0.wisc.cloudlab.us,tencentBlock_2362,lru,0.1,29,21,1,2,0.7703,1.26,30340925,28867.3792,2150332
node1.tardis-apia.ldos-ut-pg0.wisc.cloudlab.us,tencentBlock_2362,lru,0.1,29,21,1,3,0.7703,1.25,30340925,28867.3792,2150332
node1.tardis-apia.ldos-ut-pg0.wisc.cloudlab.us,tencentBlock_2362,lruforgive,0.1,29,21,1,1,0.7549,0.83,30340925,28867.3792,2150332
node1.tardis-apia.ldos-ut-pg0.wisc.cloudlab.us,tencentBlock_2362,lruforgive,0.1,29,21,1,2,0.7549,0.84,30340925,28867.3792,2150332
node1.tardis-apia.ldos-ut-pg0.wisc.cloudlab.us,tencentBlock_2362,lruforgive,0.1,29,21,1,3,0.7549,0.83,30340925,28867.3792,2150332
node1.tardis-apia.ldos-ut-pg0.wisc.cloudlab.us,tencentBlock_2362,s3fifo,0.1,29,21,1,1,0.7627,1.31,30340925,28867.3792,2150332
node1.tardis-apia.ldos-ut-pg0.wisc.cloudlab.us,tencentBlock_2362,s3fifo,0.1,29,21,1,2,0.7627,1.31,30340925,28867.3792,2150332
node1.tardis-apia.ldos-ut-pg0.wisc.cloudlab.us,tencentBlock_2362,s3fifo,0.1,29,21,1,3,0.7627,1.34,30340925,28867.3792,2150332
node1.tardis-apia.ldos-ut-pg0.wisc.cloudlab.us,tencentBlock_2362,s3fifoforgive,0.1,29,21,1,1,0.7612,0.99,30340925,28867.3792,2150332
node1.tardis-apia.ldos-ut-pg0.wisc.cloudlab.us,tencentBlock_2362,s3fifoforgive,0.1,29,21,1,2,0.7612,0.96,30340925,28867.3792,2150332
node1.tardis-apia.ldos-ut-pg0.wisc.cloudlab.us,tencentBlock_2362,s3fifoforgive,0.1,29,21,1,3,0.7612,0.99,30340925,28867.3792,2150332
node1.tardis-apia.ldos-ut-pg0.wisc.cloudlab.us,tencentBlock_23689,lru,10,70941,27,1,1,0.3337,0.07,14503138,709412.864,3609131
node1.tardis-apia.ldos-ut-pg0.wisc.cloudlab.us,tencentBlock_23689,lru,10,70941,27,1,2,0.3337,0.07,14503138,709412.864,3609131
node1.tardis-apia.ldos-ut-pg0.wisc.cloudlab.us,tencentBlock_23689,lru,10,70941,27,1,3,0.3337,0.07,14503138,709412.864,3609131
node1.tardis-apia.ldos-ut-pg0.wisc.cloudlab.us,tencentBlock_23689,lruforgive,10,70941,27,1,1,0.3305,0.06,14503138,709412.864,3609131
node1.tardis-apia.ldos-ut-pg0.wisc.cloudlab.us,tencentBlock_23689,lruforgive,10,70941,27,1,2,0.3305,0.06,14503138,709412.864,3609131
node1.tardis-apia.ldos-ut-pg0.wisc.cloudlab.us,tencentBlock_23689,lruforgive,10,70941,27,1,3,0.3305,0.06,14503138,709412.864,3609131
node1.tardis-apia.ldos-ut-pg0.wisc.cloudlab.us,tencentBlock_23689,s3fifo,10,70941,27,1,1,0.3348,0.07,14503138,709412.864,3609131
node1.tardis-apia.ldos-ut-pg0.wisc.cloudlab.us,tencentBlock_23689,s3fifo,10,70941,27,1,2,0.3348,0.07,14503138,709412.864,3609131
node1.tardis-apia.ldos-ut-pg0.wisc.cloudlab.us,tencentBlock_23689,s3fifo,10,70941,27,1,3,0.3348,0.07,14503138,709412.864,3609131
node1.tardis-apia.ldos-ut-pg0.wisc.cloudlab.us,tencentBlock_23689,s3fifoforgive,10,70941,27,1,1,0.3349,0.07,14503138,709412.864,3609131
node1.tardis-apia.ldos-ut-pg0.wisc.cloudlab.us,tencentBlock_23689,s3fifoforgive,10,70941,27,1,2,0.3349,0.07,14503138,709412.864,3609131
node1.tardis-apia.ldos-ut-pg0.wisc.cloudlab.us,tencentBlock_23689,s3fifoforgive,10,70941,27,1,3,0.3349,0.07,14503138,709412.864,3609131
node1.tardis-apia.ldos-ut-pg0.wisc.cloudlab.us,tencentBlock_23689,lru,0.1,709,25,1,1,0.3950,0.12,14503138,709412.864,3609131
node1.tardis-apia.ldos-ut-pg0.wisc.cloudlab.us,tencentBlock_23689,lru,0.1,709,25,1,2,0.3950,0.12,14503138,709412.864,3609131
node1.tardis-apia.ldos-ut-pg0.wisc.cloudlab.us,tencentBlock_23689,lru,0.1,709,25,1,3,0.3950,0.12,14503138,709412.864,3609131
node1.tardis-apia.ldos-ut-pg0.wisc.cloudlab.us,tencentBlock_23689,lruforgive,0.1,709,25,1,1,0.3914,0.11,14503138,709412.864,3609131
node1.tardis-apia.ldos-ut-pg0.wisc.cloudlab.us,tencentBlock_23689,lruforgive,0.1,709,25,1,2,0.3914,0.11,14503138,709412.864,3609131
node1.tardis-apia.ldos-ut-pg0.wisc.cloudlab.us,tencentBlock_23689,lruforgive,0.1,709,25,1,3,0.3914,0.11,14503138,709412.864,3609131
node1.tardis-apia.ldos-ut-pg0.wisc.cloudlab.us,tencentBlock_23689,s3fifo,0.1,709,25,1,1,0.3831,0.16,14503138,709412.864,3609131
node1.tardis-apia.ldos-ut-pg0.wisc.cloudlab.us,tencentBlock_23689,s3fifo,0.1,709,25,1,2,0.3831,0.16,14503138,709412.864,3609131
node1.tardis-apia.ldos-ut-pg0.wisc.cloudlab.us,tencentBlock_23689,s3fifo,0.1,709,25,1,3,0.3831,0.17,14503138,709412.864,3609131
node1.tardis-apia.ldos-ut-pg0.wisc.cloudlab.us,tencentBlock_23689,s3fifoforgive,0.1,709,25,1,1,0.3827,0.14,14503138,709412.864,3609131
node1.tardis-apia.ldos-ut-pg0.wisc.cloudlab.us,tencentBlock_23689,s3fifoforgive,0.1,709,25,1,2,0.3827,0.14,14503138,709412.864,3609131
node1.tardis-apia.ldos-ut-pg0.wisc.cloudlab.us,tencentBlock_23689,s3fifoforgive,0.1,709,25,1,3,0.3827,0.14,14503138,709412.864,3609131
node1.tardis-apia.ldos-ut-pg0.wisc.cloudlab.us,tencentBlock_23707,lru,10,1462,27,1,1,0.3126,0.52,5213614,14616.4736,1175701
node1.tardis-apia.ldos-ut-pg0.wisc.cloudlab.us,tencentBlock_23707,lru,10,1462,27,1,2,0.3126,0.52,5213614,14616.4736,1175701
node1.tardis-apia.ldos-ut-pg0.wisc.cloudlab.us,tencentBlock_23707,lru,10,1462,27,1,3,0.3126,0.52,5213614,14616.4736,1175701
node1.tardis-apia.ldos-ut-pg0.wisc.cloudlab.us,tencentBlock_23707,lruforgive,10,1462,27,1,1,0.3123,0.39,5213614,14616.4736,1175701
node1.tardis-apia.ldos-ut-pg0.wisc.cloudlab.us,tencentBlock_23707,lruforgive,10,1462,27,1,2,0.3123,0.39,5213614,14616.4736,1175701
node1.tardis-apia.ldos-ut-pg0.wisc.cloudlab.us,tencentBlock_23707,lruforgive,10,1462,27,1,3,0.3123,0.38,5213614,14616.4736,1175701
node1.tardis-apia.ldos-ut-pg0.wisc.cloudlab.us,tencentBlock_23707,s3fifo,10,1462,27,1,1,0.3231,0.55,5213614,14616.4736,1175701
node1.tardis-apia.ldos-ut-pg0.wisc.cloudlab.us,tencentBlock_23707,s3fifo,10,1462,27,1,2,0.3231,0.54,5213614,14616.4736,1175701
node1.tardis-apia.ldos-ut-pg0.wisc.cloudlab.us,tencentBlock_23707,s3fifo,10,1462,27,1,3,0.3231,0.54,5213614,14616.4736,1175701
node1.tardis-apia.ldos-ut-pg0.wisc.cloudlab.us,tencentBlock_23707,s3fifoforgive,10,1462,27,1,1,0.3231,0.41,5213614,14616.4736,1175701
node1.tardis-apia.ldos-ut-pg0.wisc.cloudlab.us,tencentBlock_23707,s3fifoforgive,10,1462,27,1,2,0.3231,0.41,5213614,14616.4736,1175701
node1.tardis-apia.ldos-ut-pg0.wisc.cloudlab.us,tencentBlock_23707,s3fifoforgive,10,1462,27,1,3,0.3231,0.41,5213614,14616.4736,1175701
node1.tardis-apia.ldos-ut-pg0.wisc.cloudlab.us,tencentBlock_23707,lru,0.1,15,20,1,1,0.5419,2.34,5213614,14616.4736,1175701
node1.tardis-apia.ldos-ut-pg0.wisc.cloudlab.us,tencentBlock_23707,lru,0.1,15,20,1,2,0.5419,2.34,5213614,14616.4736,1175701
node1.tardis-apia.ldos-ut-pg0.wisc.cloudlab.us,tencentBlock_23707,lru,0.1,15,20,1,3,0.5419,2.37,5213614,14616.4736,1175701
node1.tardis-apia.ldos-ut-pg0.wisc.cloudlab.us,tencentBlock_23707,lruforgive,0.1,15,20,1,1,0.5448,0.93,5213614,14616.4736,1175701
node1.tardis-apia.ldos-ut-pg0.wisc.cloudlab.us,tencentBlock_23707,lruforgive,0.1,15,20,1,2,0.5448,0.93,5213614,14616.4736,1175701
node1.tardis-apia.ldos-ut-pg0.wisc.cloudlab.us,tencentBlock_23707,lruforgive,0.1,15,20,1,3,0.5448,0.93,5213614,14616.4736,1175701
node1.tardis-apia.ldos-ut-pg0.wisc.cloudlab.us,tencentBlock_23707,s3fifo,0.1,15,20,1,1,0.5454,2.42,5213614,14616.4736,1175701
node1.tardis-apia.ldos-ut-pg0.wisc.cloudlab.us,tencentBlock_23707,s3fifo,0.1,15,20,1,2,0.5454,2.42,5213614,14616.4736,1175701
node1.tardis-apia.ldos-ut-pg0.wisc.cloudlab.us,tencentBlock_23707,s3fifo,0.1,15,20,1,3,0.5454,2.35,5213614,14616.4736,1175701
node1.tardis-apia.ldos-ut-pg0.wisc.cloudlab.us,tencentBlock_23707,s3fifoforgive,0.1,15,20,1,1,0.5439,1.01,5213614,14616.4736,1175701
node1.tardis-apia.ldos-ut-pg0.wisc.cloudlab.us,tencentBlock_23707,s3fifoforgive,0.1,15,20,1,2,0.5439,1.01,5213614,14616.4736,1175701
node1.tardis-apia.ldos-ut-pg0.wisc.cloudlab.us,tencentBlock_23707,s3fifoforgive,0.1,15,20,1,3,0.5439,1.00,5213614,14616.4736,1175701
node1.tardis-apia.ldos-ut-pg0.wisc.cloudlab.us,tencentBlock_2376,lru,10,3009,27,1,1,0.3230,0.42,60202759,30086.7584,2256401
node1.tardis-apia.ldos-ut-pg0.wisc.cloudlab.us,tencentBlock_2376,lru,10,3009,27,1,2,0.3230,0.42,60202759,30086.7584,2256401
node1.tardis-apia.ldos-ut-pg0.wisc.cloudlab.us,tencentBlock_2376,lru,10,3009,27,1,3,0.3230,0.42,60202759,30086.7584,2256401
node1.tardis-apia.ldos-ut-pg0.wisc.cloudlab.us,tencentBlock_2376,lruforgive,10,3009,27,1,1,0.3206,0.24,60202759,30086.7584,2256401
node1.tardis-apia.ldos-ut-pg0.wisc.cloudlab.us,tencentBlock_2376,lruforgive,10,3009,27,1,2,0.3206,0.24,60202759,30086.7584,2256401
node1.tardis-apia.ldos-ut-pg0.wisc.cloudlab.us,tencentBlock_2376,lruforgive,10,3009,27,1,3,0.3206,0.24,60202759,30086.7584,2256401
node1.tardis-apia.ldos-ut-pg0.wisc.cloudlab.us,tencentBlock_2376,s3fifo,10,3009,27,1,1,0.3113,0.44,60202759,30086.7584,2256401
node1.tardis-apia.ldos-ut-pg0.wisc.cloudlab.us,tencentBlock_2376,s3fifo,10,3009,27,1,2,0.3113,0.44,60202759,30086.7584,2256401
node1.tardis-apia.ldos-ut-pg0.wisc.cloudlab.us,tencentBlock_2376,s3fifo,10,3009,27,1,3,0.3113,0.44,60202759,30086.7584,2256401
node1.tardis-apia.ldos-ut-pg0.wisc.cloudlab.us,tencentBlock_2376,s3fifoforgive,10,3009,27,1,1,0.3110,0.27,60202759,30086.7584,2256401
node1.tardis-apia.ldos-ut-pg0.wisc.cloudlab.us,tencentBlock_2376,s3fifoforgive,10,3009,27,1,2,0.3110,0.27,60202759,30086.7584,2256401
node1.tardis-apia.ldos-ut-pg0.wisc.cloudlab.us,tencentBlock_2376,s3fifoforgive,10,3009,27,1,3,0.3110,0.25,60202759,30086.7584,2256401
node1.tardis-apia.ldos-ut-pg0.wisc.cloudlab.us,tencentBlock_2376,lru,0.1,30,21,1,1,0.8558,1.87,60202759,30086.7584,2256401
node1.tardis-apia.ldos-ut-pg0.wisc.cloudlab.us,tencentBlock_2376,lru,0.1,30,21,1,2,0.8558,1.88,60202759,30086.7584,2256401
node1.tardis-apia.ldos-ut-pg0.wisc.cloudlab.us,tencentBlock_2376,lru,0.1,30,21,1,3,0.8558,1.88,60202759,30086.7584,2256401
node1.tardis-apia.ldos-ut-pg0.wisc.cloudlab.us,tencentBlock_2376,lruforgive,0.1,30,21,1,1,0.8530,1.05,60202759,30086.7584,2256401
node1.tardis-apia.ldos-ut-pg0.wisc.cloudlab.us,tencentBlock_2376,lruforgive,0.1,30,21,1,2,0.8530,1.04,60202759,30086.7584,2256401
node1.tardis-apia.ldos-ut-pg0.wisc.cloudlab.us,tencentBlock_2376,lruforgive,0.1,30,21,1,3,0.8530,1.04,60202759,30086.7584,2256401
node1.tardis-apia.ldos-ut-pg0.wisc.cloudlab.us,tencentBlock_2376,s3fifo,0.1,30,21,1,1,0.8728,1.89,60202759,30086.7584,2256401
node1.tardis-apia.ldos-ut-pg0.wisc.cloudlab.us,tencentBlock_2376,s3fifo,0.1,30,21,1,2,0.8728,1.89,60202759,30086.7584,2256401
node1.tardis-apia.ldos-ut-pg0.wisc.cloudlab.us,tencentBlock_2376,s3fifo,0.1,30,21,1,3,0.8728,1.87,60202759,30086.7584,2256401
node1.tardis-apia.ldos-ut-pg0.wisc.cloudlab.us,tencentBlock_2376,s3fifoforgive,0.1,30,21,1,1,0.8708,1.22,60202759,30086.7584,2256401
node1.tardis-apia.ldos-ut-pg0.wisc.cloudlab.us,tencentBlock_2376,s3fifoforgive,0.1,30,21,1,2,0.8708,1.23,60202759,30086.7584,2256401
node1.tardis-apia.ldos-ut-pg0.wisc.cloudlab.us,tencentBlock_2376,s3fifoforgive,0.1,30,21,1,3,0.8708,1.22,60202759,30086.7584,2256401
node1.tardis-apia.ldos-ut-pg0.wisc.cloudlab.us,tencentBlock_24190,lru,10,27134,27,1,1,0.1878,0.18,40368212,271339.008,3593392
node1.tardis-apia.ldos-ut-pg0.wisc.cloudlab.us,tencentBlock_24190,lru,10,27134,27,1,2,0.1878,0.18,40368212,271339.008,3593392
node1.tardis-apia.ldos-ut-pg0.wisc.cloudlab.us,tencentBlock_24190,lru,10,27134,27,1,3,0.1878,0.18,40368212,271339.008,3593392
node1.tardis-apia.ldos-ut-pg0.wisc.cloudlab.us,tencentBlock_24190,lruforgive,10,27134,27,1,1,0.1872,0.14,40368212,271339.008,3593392
node1.tardis-apia.ldos-ut-pg0.wisc.cloudlab.us,tencentBlock_24190,lruforgive,10,27134,27,1,2,0.1872,0.14,40368212,271339.008,3593392
node1.tardis-apia.ldos-ut-pg0.wisc.cloudlab.us,tencentBlock_24190,lruforgive,10,27134,27,1,3,0.1872,0.14,40368212,271339.008,3593392
node1.tardis-apia.ldos-ut-pg0.wisc.cloudlab.us,tencentBlock_24190,s3fifo,10,27134,27,1,1,0.1852,0.19,40368212,271339.008,3593392
node1.tardis-apia.ldos-ut-pg0.wisc.cloudlab.us,tencentBlock_24190,s3fifo,10,27134,27,1,2,0.1852,0.19,40368212,271339.008,3593392
node1.tardis-apia.ldos-ut-pg0.wisc.cloudlab.us,tencentBlock_24190,s3fifo,10,27134,27,1,3,0.1852,0.19,40368212,271339.008,3593392
node1.tardis-apia.ldos-ut-pg0.wisc.cloudlab.us,tencentBlock_24190,s3fifoforgive,10,27134,27,1,1,0.1851,0.15,40368212,271339.008,3593392
node1.tardis-apia.ldos-ut-pg0.wisc.cloudlab.us,tencentBlock_24190,s3fifoforgive,10,27134,27,1,2,0.1851,0.15,40368212,271339.008,3593392
node1.tardis-apia.ldos-ut-pg0.wisc.cloudlab.us,tencentBlock_24190,s3fifoforgive,10,27134,27,1,3,0.1851,0.15,40368212,271339.008,3593392
node1.tardis-apia.ldos-ut-pg0.wisc.cloudlab.us,tencentBlock_24190,lru,0.1,271,24,1,1,0.7318,0.19,40368212,271339.008,3593392
node1.tardis-apia.ldos-ut-pg0.wisc.cloudlab.us,tencentBlock_24190,lru,0.1,271,24,1,2,0.7318,0.19,40368212,271339.008,3593392
node1.tardis-apia.ldos-ut-pg0.wisc.cloudlab.us,tencentBlock_24190,lru,0.1,271,24,1,3,0.7318,0.18,40368212,271339.008,3593392
node1.tardis-apia.ldos-ut-pg0.wisc.cloudlab.us,tencentBlock_24190,lruforgive,0.1,271,24,1,1,0.6702,0.19,40368212,271339.008,3593392
node1.tardis-apia.ldos-ut-pg0.wisc.cloudlab.us,tencentBlock_24190,lruforgive,0.1,271,24,1,2,0.6723,0.19,40368212,271339.008,3593392
node1.tardis-apia.ldos-ut-pg0.wisc.cloudlab.us,tencentBlock_24190,lruforgive,0.1,271,24,1,3,0.6702,0.19,40368212,271339.008,3593392
node1.tardis-apia.ldos-ut-pg0.wisc.cloudlab.us,tencentBlock_24190,s3fifo,0.1,271,24,1,1,0.5789,0.39,40368212,271339.008,3593392
node1.tardis-apia.ldos-ut-pg0.wisc.cloudlab.us,tencentBlock_24190,s3fifo,0.1,271,24,1,2,0.5784,0.39,40368212,271339.008,3593392
node1.tardis-apia.ldos-ut-pg0.wisc.cloudlab.us,tencentBlock_24190,s3fifo,0.1,271,24,1,3,0.5789,0.39,40368212,271339.008,3593392
node1.tardis-apia.ldos-ut-pg0.wisc.cloudlab.us,tencentBlock_24190,s3fifoforgive,0.1,271,24,1,1,0.5915,0.29,40368212,271339.008,3593392
node1.tardis-apia.ldos-ut-pg0.wisc.cloudlab.us,tencentBlock_24190,s3fifoforgive,0.1,271,24,1,2,0.5943,0.29,40368212,271339.008,3593392
node1.tardis-apia.ldos-ut-pg0.wisc.cloudlab.us,tencentBlock_24190,s3fifoforgive,0.1,271,24,1,3,0.5920,0.29,40368212,271339.008,3593392
node1.tardis-apia.ldos-ut-pg0.wisc.cloudlab.us,tencentBlock_24332,lru,10,7468,27,1,1,0.5276,0.24,9723008,74678.8864,2456292
node1.tardis-apia.ldos-ut-pg0.wisc.cloudlab.us,tencentBlock_24332,lru,10,7468,27,1,2,0.5276,0.24,9723008,74678.8864,2456292
node1.tardis-apia.ldos-ut-pg0.wisc.cloudlab.us,tencentBlock_24332,lru,10,7468,27,1,3,0.5276,0.25,9723008,74678.8864,2456292
node1.tardis-apia.ldos-ut-pg0.wisc.cloudlab.us,tencentBlock_24332,lruforgive,10,7468,27,1,1,0.5274,0.23,9723008,74678.8864,2456292
node1.tardis-apia.ldos-ut-pg0.wisc.cloudlab.us,tencentBlock_24332,lruforgive,10,7468,27,1,2,0.5274,0.23,9723008,74678.8864,2456292
node1.tardis-apia.ldos-ut-pg0.wisc.cloudlab.us,tencentBlock_24332,lruforgive,10,7468,27,1,3,0.5274,0.23,9723008,74678.8864,2456292
node1.tardis-apia.ldos-ut-pg0.wisc.cloudlab.us,tencentBlock_24332,s3fifo,10,7468,27,1,1,0.5069,0.27,9723008,74678.8864,2456292
node1.tardis-apia.ldos-ut-pg0.wisc.cloudlab.us,tencentBlock_24332,s3fifo,10,7468,27,1,2,0.5069,0.27,9723008,74678.8864,2456292
node1.tardis-apia.ldos-ut-pg0.wisc.cloudlab.us,tencentBlock_24332,s3fifo,10,7468,27,1,3,0.5069,0.26,9723008,74678.8864,2456292
node1.tardis-apia.ldos-ut-pg0.wisc.cloudlab.us,tencentBlock_24332,s3fifoforgive,10,7468,27,1,1,0.5069,0.25,9723008,74678.8864,2456292
node1.tardis-apia.ldos-ut-pg0.wisc.cloudlab.us,tencentBlock_24332,s3fifoforgive,10,7468,27,1,2,0.5069,0.25,9723008,74678.8864,2456292
node1.tardis-apia.ldos-ut-pg0.wisc.cloudlab.us,tencentBlock_24332,s3fifoforgive,10,7468,27,1,3,0.5069,0.25,9723008,74678.8864,2456292
node1.tardis-apia.ldos-ut-pg0.wisc.cloudlab.us,tencentBlock_24332,lru,0.1,75,22,1,1,0.5552,0.56,9723008,74678.8864,2456292
node1.tardis-apia.ldos-ut-pg0.wisc.cloudlab.us,tencentBlock_24332,lru,0.1,75,22,1,2,0.5552,0.56,9723008,74678.8864,2456292
node1.tardis-apia.ldos-ut-pg0.wisc.cloudlab.us,tencentBlock_24332,lru,0.1,75,22,1,3,0.5552,0.56,9723008,74678.8864,2456292
node1.tardis-apia.ldos-ut-pg0.wisc.cloudlab.us,tencentBlock_24332,lruforgive,0.1,75,22,1,1,0.5494,0.42,9723008,74678.8864,2456292
node1.tardis-apia.ldos-ut-pg0.wisc.cloudlab.us,tencentBlock_24332,lruforgive,0.1,75,22,1,2,0.5494,0.42,9723008,74678.8864,2456292
node1.tardis-apia.ldos-ut-pg0.wisc.cloudlab.us,tencentBlock_24332,lruforgive,0.1,75,22,1,3,0.5494,0.41,9723008,74678.8864,2456292
node1.tardis-apia.ldos-ut-pg0.wisc.cloudlab.us,tencentBlock_24332,s3fifo,0.1,75,22,1,1,0.5509,0.67,9723008,74678.8864,2456292
node1.tardis-apia.ldos-ut-pg0.wisc.cloudlab.us,tencentBlock_24332,s3fifo,0.1,75,22,1,2,0.5509,0.66,9723008,74678.8864,2456292
node1.tardis-apia.ldos-ut-pg0.wisc.cloudlab.us,tencentBlock_24332,s3fifo,0.1,75,22,1,3,0.5509,0.67,9723008,74678.8864,2456292
node1.tardis-apia.ldos-ut-pg0.wisc.cloudlab.us,tencentBlock_24332,s3fifoforgive,0.1,75,22,1,1,0.5509,0.50,9723008,74678.8864,2456292
node1.tardis-apia.ldos-ut-pg0.wisc.cloudlab.us,tencentBlock_24332,s3fifoforgive,0.1,75,22,1,2,0.5509,0.49,9723008,74678.8864,2456292
node1.tardis-apia.ldos-ut-pg0.wisc.cloudlab.us,tencentBlock_24332,s3fifoforgive,0.1,75,22,1,3,0.5509,0.50,9723008,74678.8864,2456292
node1.tardis-apia.ldos-ut-pg0.wisc.cloudlab.us,tencentBlock_2438,lru,10,16937,27,1,1,0.4944,0.08,10250986,169372.16,2611719
node1.tardis-apia.ldos-ut-pg0.wisc.cloudlab.us,tencentBlock_2438,lru,10,16937,27,1,2,0.4944,0.08,10250986,169372.16,2611719
node1.tardis-apia.ldos-ut-pg0.wisc.cloudlab.us,tencentBlock_2438,lru,10,16937,27,1,3,0.4944,0.08,10250986,169372.16,2611719
node1.tardis-apia.ldos-ut-pg0.wisc.cloudlab.us,tencentBlock_2438,lruforgive,10,16937,27,1,1,0.4909,0.07,10250986,169372.16,2611719
node1.tardis-apia.ldos-ut-pg0.wisc.cloudlab.us,tencentBlock_2438,lruforgive,10,16937,27,1,2,0.4909,0.07,10250986,169372.16,2611719
node1.tardis-apia.ldos-ut-pg0.wisc.cloudlab.us,tencentBlock_2438,lruforgive,10,16937,27,1,3,0.4909,0.07,10250986,169372.16,2611719
node1.tardis-apia.ldos-ut-pg0.wisc.cloudlab.us,tencentBlock_2438,s3fifo,10,16937,27,1,1,0.4550,0.08,10250986,169372.16,2611719
node1.tardis-apia.ldos-ut-pg0.wisc.cloudlab.us,tencentBlock_2438,s3fifo,10,16937,27,1,2,0.4550,0.08,10250986,169372.16,2611719
node1.tardis-apia.ldos-ut-pg0.wisc.cloudlab.us,tencentBlock_2438,s3fifo,10,16937,27,1,3,0.4550,0.08,10250986,169372.16,2611719
node1.tardis-apia.ldos-ut-pg0.wisc.cloudlab.us,tencentBlock_2438,s3fifoforgive,10,16937,27,1,1,0.4550,0.08,10250986,169372.16,2611719
node1.tardis-apia.ldos-ut-pg0.wisc.cloudlab.us,tencentBlock_2438,s3fifoforgive,10,16937,27,1,2,0.4550,0.08,10250986,169372.16,2611719
node1.tardis-apia.ldos-ut-pg0.wisc.cloudlab.us,tencentBlock_2438,s3fifoforgive,10,16937,27,1,3,0.4550,0.08,10250986,169372.16,2611719
node1.tardis-apia.ldos-ut-pg0.wisc.cloudlab.us,tencentBlock_2438,lru,0.1,169,23,1,1,0.6719,0.10,10250986,169372.16,2611719
node1.tardis-apia.ldos-ut-pg0.wisc.cloudlab.us,tencentBlock_2438,lru,0.1,169,23,1,2,0.6719,0.09,10250986,169372.16,2611719
node1.tardis-apia.ldos-ut-pg0.wisc.cloudlab.us,tencentBlock_2438,lru,0.1,169,23,1,3,0.6719,0.09,10250986,169372.16,2611719
node1.tardis-apia.ldos-ut-pg0.wisc.cloudlab.us,tencentBlock_2438,lruforgive,0.1,169,23,1,1,0.6584,0.09,10250986,169372.16,2611719
node1.tardis-apia.ldos-ut-pg0.wisc.cloudlab.us,tencentBlock_2438,lruforgive,0.1,169,23,1,2,0.6584,0.09,10250986,169372.16,2611719
node1.tardis-apia.ldos-ut-pg0.wisc.cloudlab.us,tencentBlock_2438,lruforgive,0.1,169,23,1,3,0.6583,0.09,10250986,169372.16,2611719
node1.tardis-apia.ldos-ut-pg0.wisc.cloudlab.us,tencentBlock_2438,s3fifo,0.1,169,23,1,1,0.6525,0.18,10250986,169372.16,2611719
node1.tardis-apia.ldos-ut-pg0.wisc.cloudlab.us,tencentBlock_2438,s3fifo,0.1,169,23,1,2,0.6525,0.19,10250986,169372.16,2611719
node1.tardis-apia.ldos-ut-pg0.wisc.cloudlab.us,tencentBlock_2438,s3fifo,0.1,169,23,1,3,0.6525,0.19,10250986,169372.16,2611719
node1.tardis-apia.ldos-ut-pg0.wisc.cloudlab.us,tencentBlock_2438,s3fifoforgive,0.1,169,23,1,1,0.6485,0.17,10250986,169372.16,2611719
node1.tardis-apia.ldos-ut-pg0.wisc.cloudlab.us,tencentBlock_2438,s3fifoforgive,0.1,169,23,1,2,0.6485,0.16,10250986,169372.16,2611719
node1.tardis-apia.ldos-ut-pg0.wisc.cloudlab.us,tencentBlock_2438,s3fifoforgive,0.1,169,23,1,3,0.6485,0.17,10250986,169372.16,2611719
node1.tardis-apia.ldos-ut-pg0.wisc.cloudlab.us,tencentBlock_2534,lru,10,1203,26,1,1,0.2076,0.70,9848141,12026.1632,1277681
node1.tardis-apia.ldos-ut-pg0.wisc.cloudlab.us,tencentBlock_2534,lru,10,1203,26,1,2,0.2076,0.72,9848141,12026.1632,1277681
node1.tardis-apia.ldos-ut-pg0.wisc.cloudlab.us,tencentBlock_2534,lru,10,1203,26,1,3,0.2076,0.72,9848141,12026.1632,1277681
node1.tardis-apia.ldos-ut-pg0.wisc.cloudlab.us,tencentBlock_2534,lruforgive,10,1203,26,1,1,0.2077,0.42,9848141,12026.1632,1277681
node1.tardis-apia.ldos-ut-pg0.wisc.cloudlab.us,tencentBlock_2534,lruforgive,10,1203,26,1,2,0.2077,0.42,9848141,12026.1632,1277681
node1.tardis-apia.ldos-ut-pg0.wisc.cloudlab.us,tencentBlock_2534,lruforgive,10,1203,26,1,3,0.2077,0.40,9848141,12026.1632,1277681
node1.tardis-apia.ldos-ut-pg0.wisc.cloudlab.us,tencentBlock_2534,s3fifo,10,1203,26,1,1,0.2210,0.74,9848141,12026.1632,1277681
node1.tardis-apia.ldos-ut-pg0.wisc.cloudlab.us,tencentBlock_2534,s3fifo,10,1203,26,1,2,0.2210,0.73,9848141,12026.1632,1277681
node1.tardis-apia.ldos-ut-pg0.wisc.cloudlab.us,tencentBlock_2534,s3fifo,10,1203,26,1,3,0.2210,0.74,9848141,12026.1632,1277681
node1.tardis-apia.ldos-ut-pg0.wisc.cloudlab.us,tencentBlock_2534,s3fifoforgive,10,1203,26,1,1,0.2210,0.44,9848141,12026.1632,1277681
node1.tardis-apia.ldos-ut-pg0.wisc.cloudlab.us,tencentBlock_2534,s3fifoforgive,10,1203,26,1,2,0.2210,0.45,9848141,12026.1632,1277681
node1.tardis-apia.ldos-ut-pg0.wisc.cloudlab.us,tencentBlock_2534,s3fifoforgive,10,1203,26,1,3,0.2210,0.44,9848141,12026.1632,1277681
node1.tardis-apia.ldos-ut-pg0.wisc.cloudlab.us,tencentBlock_2534,lru,0.1,12,20,1,1,0.4114,2.38,9848141,12026.1632,1277681
node1.tardis-apia.ldos-ut-pg0.wisc.cloudlab.us,tencentBlock_2534,lru,0.1,12,20,1,2,0.4114,2.34,9848141,12026.1632,1277681
node1.tardis-apia.ldos-ut-pg0.wisc.cloudlab.us,tencentBlock_2534,lru,0.1,12,20,1,3,0.4114,2.41,9848141,12026.1632,1277681
node1.tardis-apia.ldos-ut-pg0.wisc.cloudlab.us,tencentBlock_2534,lruforgive,0.1,12,20,1,1,0.4048,0.91,9848141,12026.1632,1277681
node1.tardis-apia.ldos-ut-pg0.wisc.cloudlab.us,tencentBlock_2534,lruforgive,0.1,12,20,1,2,0.4048,0.90,9848141,12026.1632,1277681
node1.tardis-apia.ldos-ut-pg0.wisc.cloudlab.us,tencentBlock_2534,lruforgive,0.1,12,20,1,3,0.4048,0.89,9848141,12026.1632,1277681
node1.tardis-apia.ldos-ut-pg0.wisc.cloudlab.us,tencentBlock_2534,s3fifo,0.1,12,20,1,1,0.4030,2.47,9848141,12026.1632,1277681
node1.tardis-apia.ldos-ut-pg0.wisc.cloudlab.us,tencentBlock_2534,s3fifo,0.1,12,20,1,2,0.4030,2.49,9848141,12026.1632,1277681
node1.tardis-apia.ldos-ut-pg0.wisc.cloudlab.us,tencentBlock_2534,s3fifo,0.1,12,20,1,3,0.4030,2.39,9848141,12026.1632,1277681
node1.tardis-apia.ldos-ut-pg0.wisc.cloudlab.us,tencentBlock_2534,s3fifoforgive,0.1,12,20,1,1,0.4023,0.88,9848141,12026.1632,1277681
node1.tardis-apia.ldos-ut-pg0.wisc.cloudlab.us,tencentBlock_2534,s3fifoforgive,0.1,12,20,1,2,0.4023,0.89,9848141,12026.1632,1277681
node1.tardis-apia.ldos-ut-pg0.wisc.cloudlab.us,tencentBlock_2534,s3fifoforgive,0.1,12,20,1,3,0.4023,0.89,9848141,12026.1632,1277681
node1.tardis-apia.ldos-ut-pg0.wisc.cloudlab.us,tencentBlock_25411,lru,10,3498,27,1,1,0.2171,0.41,8327679,34976.4608,1145676
node1.tardis-apia.ldos-ut-pg0.wisc.cloudlab.us,tencentBlock_25411,lru,10,3498,27,1,2,0.2171,0.41,8327679,34976.4608,1145676
node1.tardis-apia.ldos-ut-pg0.wisc.cloudlab.us,tencentBlock_25411,lru,10,3498,27,1,3,0.2171,0.41,8327679,34976.4608,1145676
node1.tardis-apia.ldos-ut-pg0.wisc.cloudlab.us,tencentBlock_25411,lruforgive,10,3498,27,1,1,0.2170,0.32,8327679,34976.4608,1145676
node1.tardis-apia.ldos-ut-pg0.wisc.cloudlab.us,tencentBlock_25411,lruforgive,10,3498,27,1,2,0.2170,0.32,8327679,34976.4608,1145676
node1.tardis-apia.ldos-ut-pg0.wisc.cloudlab.us,tencentBlock_25411,lruforgive,10,3498,27,1,3,0.2170,0.32,8327679,34976.4608,1145676
node1.tardis-apia.ldos-ut-pg0.wisc.cloudlab.us,tencentBlock_25411,s3fifo,10,3498,27,1,1,0.2305,0.49,8327679,34976.4608,1145676
node1.tardis-apia.ldos-ut-pg0.wisc.cloudlab.us,tencentBlock_25411,s3fifo,10,3498,27,1,2,0.2305,0.49,8327679,34976.4608,1145676
node1.tardis-apia.ldos-ut-pg0.wisc.cloudlab.us,tencentBlock_25411,s3fifo,10,3498,27,1,3,0.2305,0.49,8327679,34976.4608,1145676
node1.tardis-apia.ldos-ut-pg0.wisc.cloudlab.us,tencentBlock_25411,s3fifoforgive,10,3498,27,1,1,0.2305,0.36,8327679,34976.4608,1145676
node1.tardis-apia.ldos-ut-pg0.wisc.cloudlab.us,tencentBlock_25411,s3fifoforgive,10,3498,27,1,2,0.2305,0.36,8327679,34976.4608,1145676
node1.tardis-apia.ldos-ut-pg0.wisc.cloudlab.us,tencentBlock_25411,s3fifoforgive,10,3498,27,1,3,0.2305,0.36,8327679,34976.4608,1145676
node1.tardis-apia.ldos-ut-pg0.wisc.cloudlab.us,tencentBlock_25411,lru,0.1,35,21,1,1,0.4689,1.40,8327679,34976.4608,1145676
node1.tardis-apia.ldos-ut-pg0.wisc.cloudlab.us,tencentBlock_25411,lru,0.1,35,21,1,2,0.4689,1.39,8327679,34976.4608,1145676
node1.tardis-apia.ldos-ut-pg0.wisc.cloudlab.us,tencentBlock_25411,lru,0.1,35,21,1,3,0.4689,1.42,8327679,34976.4608,1145676
node1.tardis-apia.ldos-ut-pg0.wisc.cloudlab.us,tencentBlock_25411,lruforgive,0.1,35,21,1,1,0.4888,0.79,8327679,34976.4608,1145676
node1.tardis-apia.ldos-ut-pg0.wisc.cloudlab.us,tencentBlock_25411,lruforgive,0.1,35,21,1,2,0.4888,0.79,8327679,34976.4608,1145676
node1.tardis-apia.ldos-ut-pg0.wisc.cloudlab.us,tencentBlock_25411,lruforgive,0.1,35,21,1,3,0.4888,0.78,8327679,34976.4608,1145676
node1.tardis-apia.ldos-ut-pg0.wisc.cloudlab.us,tencentBlock_25411,s3fifo,0.1,35,21,1,1,0.4434,1.52,8327679,34976.4608,1145676
node1.tardis-apia.ldos-ut-pg0.wisc.cloudlab.us,tencentBlock_25411,s3fifo,0.1,35,21,1,2,NA,NA,NA,34976.4608,1145676
node1.tardis-apia.ldos-ut-pg0.wisc.cloudlab.us,tencentBlock_25411,s3fifo,0.1,35,21,1,3,NA,NA,NA,34976.4608,1145676
node1.tardis-apia.ldos-ut-pg0.wisc.cloudlab.us,tencentBlock_25411,s3fifoforgive,0.1,35,21,1,1,0.4771,0.94,8327679,34976.4608,1145676
node1.tardis-apia.ldos-ut-pg0.wisc.cloudlab.us,tencentBlock_25411,s3fifoforgive,0.1,35,21,1,2,0.4771,0.95,8327679,34976.4608,1145676
node1.tardis-apia.ldos-ut-pg0.wisc.cloudlab.us,tencentBlock_25411,s3fifoforgive,0.1,35,21,1,3,NA,NA,NA,34976.4608,1145676
node1.tardis-apia.ldos-ut-pg0.wisc.cloudlab.us,tencentBlock_25669,lru,10,31576,27,1,1,0.9083,0.25,23473947,315760.64,9723430
node1.tardis-apia.ldos-ut-pg0.wisc.cloudlab.us,tencentBlock_25669,lru,10,31576,27,1,2,0.9083,0.25,23473947,315760.64,9723430
node1.tardis-apia.ldos-ut-pg0.wisc.cloudlab.us,tencentBlock_25669,lru,10,31576,27,1,3,0.9083,0.25,23473947,315760.64,9723430
node1.tardis-apia.ldos-ut-pg0.wisc.cloudlab.us,tencentBlock_25669,lruforgive,10,31576,27,1,1,0.9031,0.24,23473947,315760.64,9723430
node1.tardis-apia.ldos-ut-pg0.wisc.cloudlab.us,tencentBlock_25669,lruforgive,10,31576,27,1,2,0.9027,0.24,23473947,315760.64,9723430
node1.tardis-apia.ldos-ut-pg0.wisc.cloudlab.us,tencentBlock_25669,lruforgive,10,31576,27,1,3,0.9037,0.25,23473947,315760.64,9723430
node1.tardis-apia.ldos-ut-pg0.wisc.cloudlab.us,tencentBlock_25669,s3fifo,10,31576,27,1,1,0.9368,0.35,23473947,315760.64,9723430
node1.tardis-apia.ldos-ut-pg0.wisc.cloudlab.us,tencentBlock_25669,s3fifo,10,31576,27,1,2,0.9368,0.34,23473947,315760.64,9723430
node1.tardis-apia.ldos-ut-pg0.wisc.cloudlab.us,tencentBlock_25669,s3fifo,10,31576,27,1,3,0.9351,0.33,23473947,315760.64,9723430
node1.tardis-apia.ldos-ut-pg0.wisc.cloudlab.us,tencentBlock_25669,s3fifoforgive,10,31576,27,1,1,0.9335,0.33,23473947,315760.64,9723430
node1.tardis-apia.ldos-ut-pg0.wisc.cloudlab.us,tencentBlock_25669,s3fifoforgive,10,31576,27,1,2,0.9336,0.33,23473947,315760.64,9723430
node1.tardis-apia.ldos-ut-pg0.wisc.cloudlab.us,tencentBlock_25669,s3fifoforgive,10,31576,27,1,3,0.9336,0.34,23473947,315760.64,9723430
node1.tardis-apia.ldos-ut-pg0.wisc.cloudlab.us,tencentBlock_25669,lru,0.1,316,24,1,1,0.9206,0.28,23473947,315760.64,9723430
node1.tardis-apia.ldos-ut-pg0.wisc.cloudlab.us,tencentBlock_25669,lru,0.1,316,24,1,2,0.9205,0.28,23473947,315760.64,9723430
node1.tardis-apia.ldos-ut-pg0.wisc.cloudlab.us,tencentBlock_25669,lru,0.1,316,24,1,3,0.9222,0.28,23473947,315760.64,9723430
node1.tardis-apia.ldos-ut-pg0.wisc.cloudlab.us,tencentBlock_25669,lruforgive,0.1,316,24,1,1,0.9169,0.27,23473947,315760.64,9723430
node1.tardis-apia.ldos-ut-pg0.wisc.cloudlab.us,tencentBlock_25669,lruforgive,0.1,316,24,1,2,0.9164,0.27,23473947,315760.64,9723430
node1.tardis-apia.ldos-ut-pg0.wisc.cloudlab.us,tencentBlock_25669,lruforgive,0.1,316,24,1,3,0.9163,0.27,23473947,315760.64,9723430
node1.tardis-apia.ldos-ut-pg0.wisc.cloudlab.us,tencentBlock_25669,s3fifo,0.1,316,24,1,1,NA,NA,NA,315760.64,9723430
node1.tardis-apia.ldos-ut-pg0.wisc.cloudlab.us,tencentBlock_25669,s3fifo,0.1,316,24,1,2,0.9482,0.48,23473947,315760.64,9723430
node1.tardis-apia.ldos-ut-pg0.wisc.cloudlab.us,tencentBlock_25669,s3fifo,0.1,316,24,1,3,0.9487,0.48,23473947,315760.64,9723430
node1.tardis-apia.ldos-ut-pg0.wisc.cloudlab.us,tencentBlock_25669,s3fifoforgive,0.1,316,24,1,1,0.9470,0.44,23473947,315760.64,9723430
node1.tardis-apia.ldos-ut-pg0.wisc.cloudlab.us,tencentBlock_25669,s3fifoforgive,0.1,316,24,1,2,0.9470,0.45,23473947,315760.64,9723430
node1.tardis-apia.ldos-ut-pg0.wisc.cloudlab.us,tencentBlock_25669,s3fifoforgive,0.1,316,24,1,3,0.9470,0.43,23473947,315760.64,9723430
node1.tardis-apia.ldos-ut-pg0.wisc.cloudlab.us,tencentBlock_25697,lru,10,6979,27,1,1,0.5339,0.14,3150042,69785.1904,1325569
node1.tardis-apia.ldos-ut-pg0.wisc.cloudlab.us,tencentBlock_25697,lru,10,6979,27,1,2,0.5339,0.14,3150042,69785.1904,1325569
node1.tardis-apia.ldos-ut-pg0.wisc.cloudlab.us,tencentBlock_25697,lru,10,6979,27,1,3,0.5339,0.14,3150042,69785.1904,1325569
node1.tardis-apia.ldos-ut-pg0.wisc.cloudlab.us,tencentBlock_25697,lruforgive,10,6979,27,1,1,0.5334,0.15,3150042,69785.1904,1325569
node1.tardis-apia.ldos-ut-pg0.wisc.cloudlab.us,tencentBlock_25697,lruforgive,10,6979,27,1,2,0.5334,0.15,3150042,69785.1904,1325569
node1.tardis-apia.ldos-ut-pg0.wisc.cloudlab.us,tencentBlock_25697,lruforgive,10,6979,27,1,3,0.5334,0.15,3150042,69785.1904,1325569
node1.tardis-apia.ldos-ut-pg0.wisc.cloudlab.us,tencentBlock_25697,s3fifo,10,6979,27,1,1,0.5268,0.18,3150042,69785.1904,1325569
node1.tardis-apia.ldos-ut-pg0.wisc.cloudlab.us,tencentBlock_25697,s3fifo,10,6979,27,1,2,0.5268,0.18,3150042,69785.1904,1325569
node1.tardis-apia.ldos-ut-pg0.wisc.cloudlab.us,tencentBlock_25697,s3fifo,10,6979,27,1,3,0.5268,0.18,3150042,69785.1904,1325569
node1.tardis-apia.ldos-ut-pg0.wisc.cloudlab.us,tencentBlock_25697,s3fifoforgive,10,6979,27,1,1,0.5268,0.18,3150042,69785.1904,1325569
node1.tardis-apia.ldos-ut-pg0.wisc.cloudlab.us,tencentBlock_25697,s3fifoforgive,10,6979,27,1,2,0.5268,0.19,3150042,69785.1904,1325569
node1.tardis-apia.ldos-ut-pg0.wisc.cloudlab.us,tencentBlock_25697,s3fifoforgive,10,6979,27,1,3,0.5268,0.19,3150042,69785.1904,1325569
node1.tardis-apia.ldos-ut-pg0.wisc.cloudlab.us,tencentBlock_25697,lru,0.1,70,22,1,1,0.6877,0.67,3150042,69785.1904,1325569
node1.tardis-apia.ldos-ut-pg0.wisc.cloudlab.us,tencentBlock_25697,lru,0.1,70,22,1,2,0.6851,0.67,3150042,69785.1904,1325569
node1.tardis-apia.ldos-ut-pg0.wisc.cloudlab.us,tencentBlock_25697,lru,0.1,70,22,1,3,0.6480,0.64,3150042,69785.1904,1325569
node1.tardis-apia.ldos-ut-pg0.wisc.cloudlab.us,tencentBlock_25697,lruforgive,0.1,70,22,1,1,0.6737,0.46,3150042,69785.1904,1325569
node1.tardis-apia.ldos-ut-pg0.wisc.cloudlab.us,tencentBlock_25697,lruforgive,0.1,70,22,1,2,0.6740,0.46,3150042,69785.1904,1325569
node1.tardis-apia.ldos-ut-pg0.wisc.cloudlab.us,tencentBlock_25697,lruforgive,0.1,70,22,1,3,0.6740,0.46,3150042,69785.1904,1325569
node1.tardis-apia.ldos-ut-pg0.wisc.cloudlab.us,tencentBlock_25697,s3fifo,0.1,70,22,1,1,NA,NA,NA,69785.1904,1325569
node1.tardis-apia.ldos-ut-pg0.wisc.cloudlab.us,tencentBlock_25697,s3fifo,0.1,70,22,1,2,NA,NA,NA,69785.1904,1325569
node1.tardis-apia.ldos-ut-pg0.wisc.cloudlab.us,tencentBlock_25697,s3fifo,0.1,70,22,1,3,NA,NA,NA,69785.1904,1325569
node1.tardis-apia.ldos-ut-pg0.wisc.cloudlab.us,tencentBlock_25697,s3fifoforgive,0.1,70,22,1,1,NA,NA,NA,69785.1904,1325569
node1.tardis-apia.ldos-ut-pg0.wisc.cloudlab.us,tencentBlock_25697,s3fifoforgive,0.1,70,22,1,2,0.6580,0.61,3150042,69785.1904,1325569
node1.tardis-apia.ldos-ut-pg0.wisc.cloudlab.us,tencentBlock_25697,s3fifoforgive,0.1,70,22,1,3,0.6576,0.60,3150042,69785.1904,1325569
node1.tardis-apia.ldos-ut-pg0.wisc.cloudlab.us,tencentBlock_2583,lru,10,3504,27,1,1,0.0537,0.91,116501487,35043.84,1226812
node1.tardis-apia.ldos-ut-pg0.wisc.cloudlab.us,tencentBlock_2583,lru,10,3504,27,1,2,0.0537,0.92,116501487,35043.84,1226812
node1.tardis-apia.ldos-ut-pg0.wisc.cloudlab.us,tencentBlock_2583,lru,10,3504,27,1,3,0.0537,0.92,116501487,35043.84,1226812
node1.tardis-apia.ldos-ut-pg0.wisc.cloudlab.us,tencentBlock_2583,lruforgive,10,3504,27,1,1,0.0522,0.33,116501487,35043.84,1226812
node1.tardis-apia.ldos-ut-pg0.wisc.cloudlab.us,tencentBlock_2583,lruforgive,10,3504,27,1,2,0.0522,0.33,116501487,35043.84,1226812
node1.tardis-apia.ldos-ut-pg0.wisc.cloudlab.us,tencentBlock_2583,lruforgive,10,3504,27,1,3,0.0522,0.33,116501487,35043.84,1226812
node1.tardis-apia.ldos-ut-pg0.wisc.cloudlab.us,tencentBlock_2583,s3fifo,10,3504,27,1,1,0.0395,1.16,116501487,35043.84,1226812
node1.tardis-apia.ldos-ut-pg0.wisc.cloudlab.us,tencentBlock_2583,s3fifo,10,3504,27,1,2,0.0395,1.14,116501487,35043.84,1226812
node1.tardis-apia.ldos-ut-pg0.wisc.cloudlab.us,tencentBlock_2583,s3fifo,10,3504,27,1,3,0.0395,1.16,116501487,35043.84,1226812
node1.tardis-apia.ldos-ut-pg0.wisc.cloudlab.us,tencentBlock_2583,s3fifoforgive,10,3504,27,1,1,0.0396,0.36,116501487,35043.84,1226812
node1.tardis-apia.ldos-ut-pg0.wisc.cloudlab.us,tencentBlock_2583,s3fifoforgive,10,3504,27,1,2,0.0396,0.36,116501487,35043.84,1226812
node1.tardis-apia.ldos-ut-pg0.wisc.cloudlab.us,tencentBlock_2583,s3fifoforgive,10,3504,27,1,3,0.0396,0.36,116501487,35043.84,1226812
node1.tardis-apia.ldos-ut-pg0.wisc.cloudlab.us,tencentBlock_2583,lru,0.1,35,21,1,1,0.8619,1.07,116501487,35043.84,1226812
node1.tardis-apia.ldos-ut-pg0.wisc.cloudlab.us,tencentBlock_2583,lru,0.1,35,21,1,2,0.8619,1.03,116501487,35043.84,1226812
node1.tardis-apia.ldos-ut-pg0.wisc.cloudlab.us,tencentBlock_2583,lru,0.1,35,21,1,3,0.8619,1.05,116501487,35043.84,1226812
node1.tardis-apia.ldos-ut-pg0.wisc.cloudlab.us,tencentBlock_2583,lruforgive,0.1,35,21,1,1,0.8551,0.62,116501487,35043.84,1226812
node1.tardis-apia.ldos-ut-pg0.wisc.cloudlab.us,tencentBlock_2583,lruforgive,0.1,35,21,1,2,0.8551,0.62,116501487,35043.84,1226812
node1.tardis-apia.ldos-ut-pg0.wisc.cloudlab.us,tencentBlock_2583,lruforgive,0.1,35,21,1,3,0.8551,0.63,116501487,35043.84,1226812
node1.tardis-apia.ldos-ut-pg0.wisc.cloudlab.us,tencentBlock_2583,s3fifo,0.1,35,21,1,1,0.8509,1.16,116501487,35043.84,1226812
node1.tardis-apia.ldos-ut-pg0.wisc.cloudlab.us,tencentBlock_2583,s3fifo,0.1,35,21,1,2,0.8509,1.16,116501487,35043.84,1226812
node1.tardis-apia.ldos-ut-pg0.wisc.cloudlab.us,tencentBlock_2583,s3fifo,0.1,35,21,1,3,0.8509,1.14,116501487,35043.84,1226812
node1.tardis-apia.ldos-ut-pg0.wisc.cloudlab.us,tencentBlock_2583,s3fifoforgive,0.1,35,21,1,1,0.8506,0.95,116501487,35043.84,1226812
node1.tardis-apia.ldos-ut-pg0.wisc.cloudlab.us,tencentBlock_2583,s3fifoforgive,0.1,35,21,1,2,0.8506,0.93,116501487,35043.84,1226812
node1.tardis-apia.ldos-ut-pg0.wisc.cloudlab.us,tencentBlock_2583,s3fifoforgive,0.1,35,21,1,3,0.8506,0.95,116501487,35043.84,1226812
node1.tardis-apia.ldos-ut-pg0.wisc.cloudlab.us,tencentBlock_2627,lru,10,212846,27,1,1,NA_TOOBIG,NA,NA,2128460.8,7142374
node1.tardis-apia.ldos-ut-pg0.wisc.cloudlab.us,tencentBlock_2627,lru,10,212846,27,1,2,NA_TOOBIG,NA,NA,2128460.8,7142374
node1.tardis-apia.ldos-ut-pg0.wisc.cloudlab.us,tencentBlock_2627,lru,10,212846,27,1,3,NA_TOOBIG,NA,NA,2128460.8,7142374
node1.tardis-apia.ldos-ut-pg0.wisc.cloudlab.us,tencentBlock_2627,lruforgive,10,212846,27,1,1,NA_TOOBIG,NA,NA,2128460.8,7142374
node1.tardis-apia.ldos-ut-pg0.wisc.cloudlab.us,tencentBlock_2627,lruforgive,10,212846,27,1,2,NA_TOOBIG,NA,NA,2128460.8,7142374
node1.tardis-apia.ldos-ut-pg0.wisc.cloudlab.us,tencentBlock_2627,lruforgive,10,212846,27,1,3,NA_TOOBIG,NA,NA,2128460.8,7142374
node1.tardis-apia.ldos-ut-pg0.wisc.cloudlab.us,tencentBlock_2627,s3fifo,10,212846,27,1,1,NA_TOOBIG,NA,NA,2128460.8,7142374
node1.tardis-apia.ldos-ut-pg0.wisc.cloudlab.us,tencentBlock_2627,s3fifo,10,212846,27,1,2,NA_TOOBIG,NA,NA,2128460.8,7142374
node1.tardis-apia.ldos-ut-pg0.wisc.cloudlab.us,tencentBlock_2627,s3fifo,10,212846,27,1,3,NA_TOOBIG,NA,NA,2128460.8,7142374
node1.tardis-apia.ldos-ut-pg0.wisc.cloudlab.us,tencentBlock_2627,s3fifoforgive,10,212846,27,1,1,NA_TOOBIG,NA,NA,2128460.8,7142374
node1.tardis-apia.ldos-ut-pg0.wisc.cloudlab.us,tencentBlock_2627,s3fifoforgive,10,212846,27,1,2,NA_TOOBIG,NA,NA,2128460.8,7142374
node1.tardis-apia.ldos-ut-pg0.wisc.cloudlab.us,tencentBlock_2627,s3fifoforgive,10,212846,27,1,3,NA_TOOBIG,NA,NA,2128460.8,7142374
node1.tardis-apia.ldos-ut-pg0.wisc.cloudlab.us,tencentBlock_2627,lru,0.1,2128,27,1,1,0.4374,0.07,41465885,2128460.8,7142374
node1.tardis-apia.ldos-ut-pg0.wisc.cloudlab.us,tencentBlock_2627,lru,0.1,2128,27,1,2,0.4374,0.06,41465885,2128460.8,7142374
node1.tardis-apia.ldos-ut-pg0.wisc.cloudlab.us,tencentBlock_2627,lru,0.1,2128,27,1,3,0.4374,0.06,41465885,2128460.8,7142374
node1.tardis-apia.ldos-ut-pg0.wisc.cloudlab.us,tencentBlock_2627,lruforgive,0.1,2128,27,1,1,0.4233,0.06,41465885,2128460.8,7142374
node1.tardis-apia.ldos-ut-pg0.wisc.cloudlab.us,tencentBlock_2627,lruforgive,0.1,2128,27,1,2,0.4233,0.06,41465885,2128460.8,7142374
node1.tardis-apia.ldos-ut-pg0.wisc.cloudlab.us,tencentBlock_2627,lruforgive,0.1,2128,27,1,3,0.4233,0.06,41465885,2128460.8,7142374
node1.tardis-apia.ldos-ut-pg0.wisc.cloudlab.us,tencentBlock_2627,s3fifo,0.1,2128,27,1,1,0.4123,0.07,41465885,2128460.8,7142374
node1.tardis-apia.ldos-ut-pg0.wisc.cloudlab.us,tencentBlock_2627,s3fifo,0.1,2128,27,1,2,0.4123,0.07,41465885,2128460.8,7142374
node1.tardis-apia.ldos-ut-pg0.wisc.cloudlab.us,tencentBlock_2627,s3fifo,0.1,2128,27,1,3,0.4123,0.07,41465885,2128460.8,7142374
node1.tardis-apia.ldos-ut-pg0.wisc.cloudlab.us,tencentBlock_2627,s3fifoforgive,0.1,2128,27,1,1,0.4120,0.06,41465885,2128460.8,7142374
node1.tardis-apia.ldos-ut-pg0.wisc.cloudlab.us,tencentBlock_2627,s3fifoforgive,0.1,2128,27,1,2,0.4120,0.06,41465885,2128460.8,7142374
node1.tardis-apia.ldos-ut-pg0.wisc.cloudlab.us,tencentBlock_2627,s3fifoforgive,0.1,2128,27,1,3,0.4120,0.06,41465885,2128460.8,7142374
node1.tardis-apia.ldos-ut-pg0.wisc.cloudlab.us,tencentBlock_2690,lru,10,2841,27,1,1,0.3049,0.38,44305974,28407.296,2271830
node1.tardis-apia.ldos-ut-pg0.wisc.cloudlab.us,tencentBlock_2690,lru,10,2841,27,1,2,0.3049,0.38,44305974,28407.296,2271830
node1.tardis-apia.ldos-ut-pg0.wisc.cloudlab.us,tencentBlock_2690,lru,10,2841,27,1,3,0.3049,0.38,44305974,28407.296,2271830
node1.tardis-apia.ldos-ut-pg0.wisc.cloudlab.us,tencentBlock_2690,lruforgive,10,2841,27,1,1,0.3020,0.23,44305974,28407.296,2271830
node1.tardis-apia.ldos-ut-pg0.wisc.cloudlab.us,tencentBlock_2690,lruforgive,10,2841,27,1,2,0.3020,0.23,44305974,28407.296,2271830
node1.tardis-apia.ldos-ut-pg0.wisc.cloudlab.us,tencentBlock_2690,lruforgive,10,2841,27,1,3,0.3020,0.23,44305974,28407.296,2271830
node1.tardis-apia.ldos-ut-pg0.wisc.cloudlab.us,tencentBlock_2690,s3fifo,10,2841,27,1,1,0.2969,0.39,44305974,28407.296,2271830
node1.tardis-apia.ldos-ut-pg0.wisc.cloudlab.us,tencentBlock_2690,s3fifo,10,2841,27,1,2,0.2969,0.39,44305974,28407.296,2271830
node1.tardis-apia.ldos-ut-pg0.wisc.cloudlab.us,tencentBlock_2690,s3fifo,10,2841,27,1,3,0.2969,0.39,44305974,28407.296,2271830
node1.tardis-apia.ldos-ut-pg0.wisc.cloudlab.us,tencentBlock_2690,s3fifoforgive,10,2841,27,1,1,0.2966,0.25,44305974,28407.296,2271830
node1.tardis-apia.ldos-ut-pg0.wisc.cloudlab.us,tencentBlock_2690,s3fifoforgive,10,2841,27,1,2,0.2966,0.25,44305974,28407.296,2271830
node1.tardis-apia.ldos-ut-pg0.wisc.cloudlab.us,tencentBlock_2690,s3fifoforgive,10,2841,27,1,3,0.2966,0.25,44305974,28407.296,2271830
node1.tardis-apia.ldos-ut-pg0.wisc.cloudlab.us,tencentBlock_2690,lru,0.1,28,21,1,1,0.8352,1.18,44305974,28407.296,2271830
node1.tardis-apia.ldos-ut-pg0.wisc.cloudlab.us,tencentBlock_2690,lru,0.1,28,21,1,2,0.8352,1.21,44305974,28407.296,2271830
node1.tardis-apia.ldos-ut-pg0.wisc.cloudlab.us,tencentBlock_2690,lru,0.1,28,21,1,3,0.8352,1.19,44305974,28407.296,2271830
node1.tardis-apia.ldos-ut-pg0.wisc.cloudlab.us,tencentBlock_2690,lruforgive,0.1,28,21,1,1,0.8276,0.70,44305974,28407.296,2271830
node1.tardis-apia.ldos-ut-pg0.wisc.cloudlab.us,tencentBlock_2690,lruforgive,0.1,28,21,1,2,0.8276,0.70,44305974,28407.296,2271830
node1.tardis-apia.ldos-ut-pg0.wisc.cloudlab.us,tencentBlock_2690,lruforgive,0.1,28,21,1,3,0.8276,0.70,44305974,28407.296,2271830
node1.tardis-apia.ldos-ut-pg0.wisc.cloudlab.us,tencentBlock_2690,s3fifo,0.1,28,21,1,1,0.8451,1.41,44305974,28407.296,2271830
node1.tardis-apia.ldos-ut-pg0.wisc.cloudlab.us,tencentBlock_2690,s3fifo,0.1,28,21,1,2,0.8451,1.40,44305974,28407.296,2271830
node1.tardis-apia.ldos-ut-pg0.wisc.cloudlab.us,tencentBlock_2690,s3fifo,0.1,28,21,1,3,0.8451,1.40,44305974,28407.296,2271830
node1.tardis-apia.ldos-ut-pg0.wisc.cloudlab.us,tencentBlock_2690,s3fifoforgive,0.1,28,21,1,1,0.8423,1.00,44305974,28407.296,2271830
node1.tardis-apia.ldos-ut-pg0.wisc.cloudlab.us,tencentBlock_2690,s3fifoforgive,0.1,28,21,1,2,0.8423,1.00,44305974,28407.296,2271830
node1.tardis-apia.ldos-ut-pg0.wisc.cloudlab.us,tencentBlock_2690,s3fifoforgive,0.1,28,21,1,3,0.8423,1.00,44305974,28407.296,2271830
node1.tardis-apia.ldos-ut-pg0.wisc.cloudlab.us,tencentBlock_2706,lru,10,1681,27,1,1,0.2117,0.69,10659333,16805.9904,1520923
node1.tardis-apia.ldos-ut-pg0.wisc.cloudlab.us,tencentBlock_2706,lru,10,1681,27,1,2,0.2117,0.68,10659333,16805.9904,1520923
node1.tardis-apia.ldos-ut-pg0.wisc.cloudlab.us,tencentBlock_2706,lru,10,1681,27,1,3,0.2117,0.68,10659333,16805.9904,1520923
node1.tardis-apia.ldos-ut-pg0.wisc.cloudlab.us,tencentBlock_2706,lruforgive,10,1681,27,1,1,0.2110,0.39,10659333,16805.9904,1520923
node1.tardis-apia.ldos-ut-pg0.wisc.cloudlab.us,tencentBlock_2706,lruforgive,10,1681,27,1,2,0.2110,0.39,10659333,16805.9904,1520923
node1.tardis-apia.ldos-ut-pg0.wisc.cloudlab.us,tencentBlock_2706,lruforgive,10,1681,27,1,3,0.2110,0.39,10659333,16805.9904,1520923
node1.tardis-apia.ldos-ut-pg0.wisc.cloudlab.us,tencentBlock_2706,s3fifo,10,1681,27,1,1,0.2246,0.76,10659333,16805.9904,1520923
node1.tardis-apia.ldos-ut-pg0.wisc.cloudlab.us,tencentBlock_2706,s3fifo,10,1681,27,1,2,0.2246,0.75,10659333,16805.9904,1520923
node1.tardis-apia.ldos-ut-pg0.wisc.cloudlab.us,tencentBlock_2706,s3fifo,10,1681,27,1,3,0.2246,0.76,10659333,16805.9904,1520923
node1.tardis-apia.ldos-ut-pg0.wisc.cloudlab.us,tencentBlock_2706,s3fifoforgive,10,1681,27,1,1,0.2246,0.44,10659333,16805.9904,1520923
node1.tardis-apia.ldos-ut-pg0.wisc.cloudlab.us,tencentBlock_2706,s3fifoforgive,10,1681,27,1,2,0.2246,0.44,10659333,16805.9904,1520923
node1.tardis-apia.ldos-ut-pg0.wisc.cloudlab.us,tencentBlock_2706,s3fifoforgive,10,1681,27,1,3,0.2246,0.44,10659333,16805.9904,1520923
node1.tardis-apia.ldos-ut-pg0.wisc.cloudlab.us,tencentBlock_2706,lru,0.1,17,20,1,1,0.5473,1.87,10659333,16805.9904,1520923
node1.tardis-apia.ldos-ut-pg0.wisc.cloudlab.us,tencentBlock_2706,lru,0.1,17,20,1,2,0.5473,1.88,10659333,16805.9904,1520923
node1.tardis-apia.ldos-ut-pg0.wisc.cloudlab.us,tencentBlock_2706,lru,0.1,17,20,1,3,0.5473,1.88,10659333,16805.9904,1520923
node1.tardis-apia.ldos-ut-pg0.wisc.cloudlab.us,tencentBlock_2706,lruforgive,0.1,17,20,1,1,0.4644,0.57,10659333,16805.9904,1520923
node1.tardis-apia.ldos-ut-pg0.wisc.cloudlab.us,tencentBlock_2706,lruforgive,0.1,17,20,1,2,0.4644,0.57,10659333,16805.9904,1520923
node1.tardis-apia.ldos-ut-pg0.wisc.cloudlab.us,tencentBlock_2706,lruforgive,0.1,17,20,1,3,0.4644,0.56,10659333,16805.9904,1520923
node1.tardis-apia.ldos-ut-pg0.wisc.cloudlab.us,tencentBlock_2706,s3fifo,0.1,17,20,1,1,0.4571,1.96,10659333,16805.9904,1520923
node1.tardis-apia.ldos-ut-pg0.wisc.cloudlab.us,tencentBlock_2706,s3fifo,0.1,17,20,1,2,0.4571,1.93,10659333,16805.9904,1520923
node1.tardis-apia.ldos-ut-pg0.wisc.cloudlab.us,tencentBlock_2706,s3fifo,0.1,17,20,1,3,0.4571,1.98,10659333,16805.9904,1520923
node1.tardis-apia.ldos-ut-pg0.wisc.cloudlab.us,tencentBlock_2706,s3fifoforgive,0.1,17,20,1,1,0.4523,0.97,10659333,16805.9904,1520923
node1.tardis-apia.ldos-ut-pg0.wisc.cloudlab.us,tencentBlock_2706,s3fifoforgive,0.1,17,20,1,2,0.4523,0.96,10659333,16805.9904,1520923
node1.tardis-apia.ldos-ut-pg0.wisc.cloudlab.us,tencentBlock_2706,s3fifoforgive,0.1,17,20,1,3,0.4523,0.94,10659333,16805.9904,1520923
node1.tardis-apia.ldos-ut-pg0.wisc.cloudlab.us,tencentBlock_2761,lru,10,66989,27,1,1,0.1318,0.06,15062438,669894.5536,1665009
node1.tardis-apia.ldos-ut-pg0.wisc.cloudlab.us,tencentBlock_2761,lru,10,66989,27,1,2,0.1318,0.06,15062438,669894.5536,1665009
node1.tardis-apia.ldos-ut-pg0.wisc.cloudlab.us,tencentBlock_2761,lru,10,66989,27,1,3,0.1318,0.06,15062438,669894.5536,1665009
node1.tardis-apia.ldos-ut-pg0.wisc.cloudlab.us,tencentBlock_2761,lruforgive,10,66989,27,1,1,0.1315,0.05,15062438,669894.5536,1665009
node1.tardis-apia.ldos-ut-pg0.wisc.cloudlab.us,tencentBlock_2761,lruforgive,10,66989,27,1,2,0.1315,0.05,15062438,669894.5536,1665009
node1.tardis-apia.ldos-ut-pg0.wisc.cloudlab.us,tencentBlock_2761,lruforgive,10,66989,27,1,3,0.1315,0.05,15062438,669894.5536,1665009
node1.tardis-apia.ldos-ut-pg0.wisc.cloudlab.us,tencentBlock_2761,s3fifo,10,66989,27,1,1,0.1301,0.06,15062438,669894.5536,1665009
node1.tardis-apia.ldos-ut-pg0.wisc.cloudlab.us,tencentBlock_2761,s3fifo,10,66989,27,1,2,0.1301,0.06,15062438,669894.5536,1665009
node1.tardis-apia.ldos-ut-pg0.wisc.cloudlab.us,tencentBlock_2761,s3fifo,10,66989,27,1,3,0.1301,0.06,15062438,669894.5536,1665009
node1.tardis-apia.ldos-ut-pg0.wisc.cloudlab.us,tencentBlock_2761,s3fifoforgive,10,66989,27,1,1,0.1301,0.05,15062438,669894.5536,1665009
node1.tardis-apia.ldos-ut-pg0.wisc.cloudlab.us,tencentBlock_2761,s3fifoforgive,10,66989,27,1,2,0.1301,0.05,15062438,669894.5536,1665009
node1.tardis-apia.ldos-ut-pg0.wisc.cloudlab.us,tencentBlock_2761,s3fifoforgive,10,66989,27,1,3,0.1301,0.05,15062438,669894.5536,1665009
node1.tardis-apia.ldos-ut-pg0.wisc.cloudlab.us,tencentBlock_2761,lru,0.1,670,25,1,1,0.9086,0.13,15062438,669894.5536,1665009
node1.tardis-apia.ldos-ut-pg0.wisc.cloudlab.us,tencentBlock_2761,lru,0.1,670,25,1,2,0.9086,0.13,15062438,669894.5536,1665009
node1.tardis-apia.ldos-ut-pg0.wisc.cloudlab.us,tencentBlock_2761,lru,0.1,670,25,1,3,0.9086,0.13,15062438,669894.5536,1665009
node1.tardis-apia.ldos-ut-pg0.wisc.cloudlab.us,tencentBlock_2761,lruforgive,0.1,670,25,1,1,0.9072,0.12,15062438,669894.5536,1665009
node1.tardis-apia.ldos-ut-pg0.wisc.cloudlab.us,tencentBlock_2761,lruforgive,0.1,670,25,1,2,0.9072,0.12,15062438,669894.5536,1665009
node1.tardis-apia.ldos-ut-pg0.wisc.cloudlab.us,tencentBlock_2761,lruforgive,0.1,670,25,1,3,0.9072,0.12,15062438,669894.5536,1665009
node1.tardis-apia.ldos-ut-pg0.wisc.cloudlab.us,tencentBlock_2761,s3fifo,0.1,670,25,1,1,0.8955,0.13,15062438,669894.5536,1665009
node1.tardis-apia.ldos-ut-pg0.wisc.cloudlab.us,tencentBlock_2761,s3fifo,0.1,670,25,1,2,0.8955,0.13,15062438,669894.5536,1665009
node1.tardis-apia.ldos-ut-pg0.wisc.cloudlab.us,tencentBlock_2761,s3fifo,0.1,670,25,1,3,0.8955,0.13,15062438,669894.5536,1665009
node1.tardis-apia.ldos-ut-pg0.wisc.cloudlab.us,tencentBlock_2761,s3fifoforgive,0.1,670,25,1,1,0.8956,0.12,15062438,669894.5536,1665009
node1.tardis-apia.ldos-ut-pg0.wisc.cloudlab.us,tencentBlock_2761,s3fifoforgive,0.1,670,25,1,2,0.8956,0.12,15062438,669894.5536,1665009
node1.tardis-apia.ldos-ut-pg0.wisc.cloudlab.us,tencentBlock_2761,s3fifoforgive,0.1,670,25,1,3,0.8956,0.12,15062438,669894.5536,1665009
node1.tardis-apia.ldos-ut-pg0.wisc.cloudlab.us,tencentBlock_2771,lru,10,5422,27,1,1,0.1951,0.52,22902639,54219.3664,3699992
node1.tardis-apia.ldos-ut-pg0.wisc.cloudlab.us,tencentBlock_2771,lru,10,5422,27,1,2,0.1951,0.52,22902639,54219.3664,3699992
node1.tardis-apia.ldos-ut-pg0.wisc.cloudlab.us,tencentBlock_2771,lru,10,5422,27,1,3,0.1951,0.52,22902639,54219.3664,3699992
node1.tardis-apia.ldos-ut-pg0.wisc.cloudlab.us,tencentBlock_2771,lruforgive,10,5422,27,1,1,0.1950,0.33,22902639,54219.3664,3699992
node1.tardis-apia.ldos-ut-pg0.wisc.cloudlab.us,tencentBlock_2771,lruforgive,10,5422,27,1,2,0.1950,0.32,22902639,54219.3664,3699992
node1.tardis-apia.ldos-ut-pg0.wisc.cloudlab.us,tencentBlock_2771,lruforgive,10,5422,27,1,3,0.1950,0.32,22902639,54219.3664,3699992
node1.tardis-apia.ldos-ut-pg0.wisc.cloudlab.us,tencentBlock_2771,s3fifo,10,5422,27,1,1,0.1919,0.57,22902639,54219.3664,3699992
node1.tardis-apia.ldos-ut-pg0.wisc.cloudlab.us,tencentBlock_2771,s3fifo,10,5422,27,1,2,0.1919,0.57,22902639,54219.3664,3699992
node1.tardis-apia.ldos-ut-pg0.wisc.cloudlab.us,tencentBlock_2771,s3fifo,10,5422,27,1,3,0.1919,0.57,22902639,54219.3664,3699992
node1.tardis-apia.ldos-ut-pg0.wisc.cloudlab.us,tencentBlock_2771,s3fifoforgive,10,5422,27,1,1,0.1919,0.35,22902639,54219.3664,3699992
node1.tardis-apia.ldos-ut-pg0.wisc.cloudlab.us,tencentBlock_2771,s3fifoforgive,10,5422,27,1,2,0.1919,0.35,22902639,54219.3664,3699992
node1.tardis-apia.ldos-ut-pg0.wisc.cloudlab.us,tencentBlock_2771,s3fifoforgive,10,5422,27,1,3,0.1919,0.35,22902639,54219.3664,3699992
node1.tardis-apia.ldos-ut-pg0.wisc.cloudlab.us,tencentBlock_2771,lru,0.1,54,22,1,1,0.4851,1.15,22902639,54219.3664,3699992
node1.tardis-apia.ldos-ut-pg0.wisc.cloudlab.us,tencentBlock_2771,lru,0.1,54,22,1,2,0.4851,1.14,22902639,54219.3664,3699992
node1.tardis-apia.ldos-ut-pg0.wisc.cloudlab.us,tencentBlock_2771,lru,0.1,54,22,1,3,0.4851,1.14,22902639,54219.3664,3699992
node1.tardis-apia.ldos-ut-pg0.wisc.cloudlab.us,tencentBlock_2771,lruforgive,0.1,54,22,1,1,0.4786,0.48,22902639,54219.3664,3699992
node1.tardis-apia.ldos-ut-pg0.wisc.cloudlab.us,tencentBlock_2771,lruforgive,0.1,54,22,1,2,0.4786,0.48,22902639,54219.3664,3699992
node1.tardis-apia.ldos-ut-pg0.wisc.cloudlab.us,tencentBlock_2771,lruforgive,0.1,54,22,1,3,0.4786,0.48,22902639,54219.3664,3699992
node1.tardis-apia.ldos-ut-pg0.wisc.cloudlab.us,tencentBlock_2771,s3fifo,0.1,54,22,1,1,0.4412,1.30,22902639,54219.3664,3699992
node1.tardis-apia.ldos-ut-pg0.wisc.cloudlab.us,tencentBlock_2771,s3fifo,0.1,54,22,1,2,0.4412,1.28,22902639,54219.3664,3699992
node1.tardis-apia.ldos-ut-pg0.wisc.cloudlab.us,tencentBlock_2771,s3fifo,0.1,54,22,1,3,0.4412,1.28,22902639,54219.3664,3699992
node1.tardis-apia.ldos-ut-pg0.wisc.cloudlab.us,tencentBlock_2771,s3fifoforgive,0.1,54,22,1,1,0.4383,0.71,22902639,54219.3664,3699992
node1.tardis-apia.ldos-ut-pg0.wisc.cloudlab.us,tencentBlock_2771,s3fifoforgive,0.1,54,22,1,2,0.4383,0.72,22902639,54219.3664,3699992
node1.tardis-apia.ldos-ut-pg0.wisc.cloudlab.us,tencentBlock_2771,s3fifoforgive,0.1,54,22,1,3,0.4383,0.72,22902639,54219.3664,3699992
node1.tardis-apia.ldos-ut-pg0.wisc.cloudlab.us,tencentBlock_2911,lru,10,847,26,1,1,0.0813,2.03,24461152,8474.112,1896131
node1.tardis-apia.ldos-ut-pg0.wisc.cloudlab.us,tencentBlock_2911,lru,10,847,26,1,2,0.0813,1.98,24461152,8474.112,1896131
node1.tardis-apia.ldos-ut-pg0.wisc.cloudlab.us,tencentBlock_2911,lru,10,847,26,1,3,0.0813,2.01,24461152,8474.112,1896131
node1.tardis-apia.ldos-ut-pg0.wisc.cloudlab.us,tencentBlock_2911,lruforgive,10,847,26,1,1,0.0812,0.56,24461152,8474.112,1896131
node1.tardis-apia.ldos-ut-pg0.wisc.cloudlab.us,tencentBlock_2911,lruforgive,10,847,26,1,2,0.0812,0.55,24461152,8474.112,1896131
node1.tardis-apia.ldos-ut-pg0.wisc.cloudlab.us,tencentBlock_2911,lruforgive,10,847,26,1,3,0.0812,0.55,24461152,8474.112,1896131
node1.tardis-apia.ldos-ut-pg0.wisc.cloudlab.us,tencentBlock_2911,s3fifo,10,847,26,1,1,0.0812,2.09,24461152,8474.112,1896131
node1.tardis-apia.ldos-ut-pg0.wisc.cloudlab.us,tencentBlock_2911,s3fifo,10,847,26,1,2,0.0812,2.07,24461152,8474.112,1896131
node1.tardis-apia.ldos-ut-pg0.wisc.cloudlab.us,tencentBlock_2911,s3fifo,10,847,26,1,3,0.0812,2.06,24461152,8474.112,1896131
node1.tardis-apia.ldos-ut-pg0.wisc.cloudlab.us,tencentBlock_2911,s3fifoforgive,10,847,26,1,1,0.0812,0.60,24461152,8474.112,1896131
node1.tardis-apia.ldos-ut-pg0.wisc.cloudlab.us,tencentBlock_2911,s3fifoforgive,10,847,26,1,2,0.0812,0.60,24461152,8474.112,1896131
node1.tardis-apia.ldos-ut-pg0.wisc.cloudlab.us,tencentBlock_2911,s3fifoforgive,10,847,26,1,3,0.0812,0.61,24461152,8474.112,1896131
node1.tardis-apia.ldos-ut-pg0.wisc.cloudlab.us,tencentBlock_2911,lru,0.1,8,19,1,1,0.5559,4.58,24461152,8474.112,1896131
node1.tardis-apia.ldos-ut-pg0.wisc.cloudlab.us,tencentBlock_2911,lru,0.1,8,19,1,2,0.5559,4.63,24461152,8474.112,1896131
node1.tardis-apia.ldos-ut-pg0.wisc.cloudlab.us,tencentBlock_2911,lru,0.1,8,19,1,3,0.5559,4.58,24461152,8474.112,1896131
node1.tardis-apia.ldos-ut-pg0.wisc.cloudlab.us,tencentBlock_2911,lruforgive,0.1,8,19,1,1,0.5610,1.87,24461152,8474.112,1896131
node1.tardis-apia.ldos-ut-pg0.wisc.cloudlab.us,tencentBlock_2911,lruforgive,0.1,8,19,1,2,0.5610,1.81,24461152,8474.112,1896131
node1.tardis-apia.ldos-ut-pg0.wisc.cloudlab.us,tencentBlock_2911,lruforgive,0.1,8,19,1,3,0.5610,1.85,24461152,8474.112,1896131
node1.tardis-apia.ldos-ut-pg0.wisc.cloudlab.us,tencentBlock_2911,s3fifo,0.1,8,19,1,1,0.5506,5.24,24461152,8474.112,1896131
node1.tardis-apia.ldos-ut-pg0.wisc.cloudlab.us,tencentBlock_2911,s3fifo,0.1,8,19,1,2,0.5506,5.16,24461152,8474.112,1896131
node1.tardis-apia.ldos-ut-pg0.wisc.cloudlab.us,tencentBlock_2911,s3fifo,0.1,8,19,1,3,0.5506,5.25,24461152,8474.112,1896131
node1.tardis-apia.ldos-ut-pg0.wisc.cloudlab.us,tencentBlock_2911,s3fifoforgive,0.1,8,19,1,1,0.5506,2.00,24461152,8474.112,1896131
node1.tardis-apia.ldos-ut-pg0.wisc.cloudlab.us,tencentBlock_2911,s3fifoforgive,0.1,8,19,1,2,0.5506,2.02,24461152,8474.112,1896131
node1.tardis-apia.ldos-ut-pg0.wisc.cloudlab.us,tencentBlock_2911,s3fifoforgive,0.1,8,19,1,3,0.5506,2.02,24461152,8474.112,1896131
node1.tardis-apia.ldos-ut-pg0.wisc.cloudlab.us,tencentBlock_2932,lru,10,2651,27,1,1,0.3056,0.39,49574280,26507.3664,2038634
node1.tardis-apia.ldos-ut-pg0.wisc.cloudlab.us,tencentBlock_2932,lru,10,2651,27,1,2,0.3056,0.39,49574280,26507.3664,2038634
node1.tardis-apia.ldos-ut-pg0.wisc.cloudlab.us,tencentBlock_2932,lru,10,2651,27,1,3,0.3056,0.39,49574280,26507.3664,2038634
node1.tardis-apia.ldos-ut-pg0.wisc.cloudlab.us,tencentBlock_2932,lruforgive,10,2651,27,1,1,0.3027,0.23,49574280,26507.3664,2038634
node1.tardis-apia.ldos-ut-pg0.wisc.cloudlab.us,tencentBlock_2932,lruforgive,10,2651,27,1,2,0.3027,0.22,49574280,26507.3664,2038634
node1.tardis-apia.ldos-ut-pg0.wisc.cloudlab.us,tencentBlock_2932,lruforgive,10,2651,27,1,3,0.3027,0.22,49574280,26507.3664,2038634
node1.tardis-apia.ldos-ut-pg0.wisc.cloudlab.us,tencentBlock_2932,s3fifo,10,2651,27,1,1,0.3004,0.39,49574280,26507.3664,2038634
node1.tardis-apia.ldos-ut-pg0.wisc.cloudlab.us,tencentBlock_2932,s3fifo,10,2651,27,1,2,0.3004,0.40,49574280,26507.3664,2038634
node1.tardis-apia.ldos-ut-pg0.wisc.cloudlab.us,tencentBlock_2932,s3fifo,10,2651,27,1,3,0.3004,0.39,49574280,26507.3664,2038634
node1.tardis-apia.ldos-ut-pg0.wisc.cloudlab.us,tencentBlock_2932,s3fifoforgive,10,2651,27,1,1,0.2999,0.24,49574280,26507.3664,2038634
node1.tardis-apia.ldos-ut-pg0.wisc.cloudlab.us,tencentBlock_2932,s3fifoforgive,10,2651,27,1,2,0.2999,0.24,49574280,26507.3664,2038634
node1.tardis-apia.ldos-ut-pg0.wisc.cloudlab.us,tencentBlock_2932,s3fifoforgive,10,2651,27,1,3,0.2999,0.24,49574280,26507.3664,2038634
node1.tardis-apia.ldos-ut-pg0.wisc.cloudlab.us,tencentBlock_2932,lru,0.1,27,21,1,1,0.8203,2.31,49574280,26507.3664,2038634
node1.tardis-apia.ldos-ut-pg0.wisc.cloudlab.us,tencentBlock_2932,lru,0.1,27,21,1,2,0.8203,2.28,49574280,26507.3664,2038634
node1.tardis-apia.ldos-ut-pg0.wisc.cloudlab.us,tencentBlock_2932,lru,0.1,27,21,1,3,0.8203,2.31,49574280,26507.3664,2038634
node1.tardis-apia.ldos-ut-pg0.wisc.cloudlab.us,tencentBlock_2932,lruforgive,0.1,27,21,1,1,0.8151,1.14,49574280,26507.3664,2038634
node1.tardis-apia.ldos-ut-pg0.wisc.cloudlab.us,tencentBlock_2932,lruforgive,0.1,27,21,1,2,0.8151,1.14,49574280,26507.3664,2038634
node1.tardis-apia.ldos-ut-pg0.wisc.cloudlab.us,tencentBlock_2932,lruforgive,0.1,27,21,1,3,0.8151,1.15,49574280,26507.3664,2038634
node1.tardis-apia.ldos-ut-pg0.wisc.cloudlab.us,tencentBlock_2932,s3fifo,0.1,27,21,1,1,0.8246,2.36,49574280,26507.3664,2038634
node1.tardis-apia.ldos-ut-pg0.wisc.cloudlab.us,tencentBlock_2932,s3fifo,0.1,27,21,1,2,0.8246,2.35,49574280,26507.3664,2038634
node1.tardis-apia.ldos-ut-pg0.wisc.cloudlab.us,tencentBlock_2932,s3fifo,0.1,27,21,1,3,0.8246,2.33,49574280,26507.3664,2038634
node1.tardis-apia.ldos-ut-pg0.wisc.cloudlab.us,tencentBlock_2932,s3fifoforgive,0.1,27,21,1,1,0.8233,1.35,49574280,26507.3664,2038634
node1.tardis-apia.ldos-ut-pg0.wisc.cloudlab.us,tencentBlock_2932,s3fifoforgive,0.1,27,21,1,2,0.8233,1.34,49574280,26507.3664,2038634
node1.tardis-apia.ldos-ut-pg0.wisc.cloudlab.us,tencentBlock_2932,s3fifoforgive,0.1,27,21,1,3,0.8233,1.35,49574280,26507.3664,2038634
node1.tardis-apia.ldos-ut-pg0.wisc.cloudlab.us,tencentBlock_2982,lru,10,350250,27,1,1,NA_TOOBIG,NA,NA,3502499.328,13723819
node1.tardis-apia.ldos-ut-pg0.wisc.cloudlab.us,tencentBlock_2982,lru,10,350250,27,1,2,NA_TOOBIG,NA,NA,3502499.328,13723819
node1.tardis-apia.ldos-ut-pg0.wisc.cloudlab.us,tencentBlock_2982,lru,10,350250,27,1,3,NA_TOOBIG,NA,NA,3502499.328,13723819
node1.tardis-apia.ldos-ut-pg0.wisc.cloudlab.us,tencentBlock_2982,lruforgive,10,350250,27,1,1,NA_TOOBIG,NA,NA,3502499.328,13723819
node1.tardis-apia.ldos-ut-pg0.wisc.cloudlab.us,tencentBlock_2982,lruforgive,10,350250,27,1,2,NA_TOOBIG,NA,NA,3502499.328,13723819
node1.tardis-apia.ldos-ut-pg0.wisc.cloudlab.us,tencentBlock_2982,lruforgive,10,350250,27,1,3,NA_TOOBIG,NA,NA,3502499.328,13723819
node1.tardis-apia.ldos-ut-pg0.wisc.cloudlab.us,tencentBlock_2982,s3fifo,10,350250,27,1,1,NA_TOOBIG,NA,NA,3502499.328,13723819
node1.tardis-apia.ldos-ut-pg0.wisc.cloudlab.us,tencentBlock_2982,s3fifo,10,350250,27,1,2,NA_TOOBIG,NA,NA,3502499.328,13723819
node1.tardis-apia.ldos-ut-pg0.wisc.cloudlab.us,tencentBlock_2982,s3fifo,10,350250,27,1,3,NA_TOOBIG,NA,NA,3502499.328,13723819
node1.tardis-apia.ldos-ut-pg0.wisc.cloudlab.us,tencentBlock_2982,s3fifoforgive,10,350250,27,1,1,NA_TOOBIG,NA,NA,3502499.328,13723819
node1.tardis-apia.ldos-ut-pg0.wisc.cloudlab.us,tencentBlock_2982,s3fifoforgive,10,350250,27,1,2,NA_TOOBIG,NA,NA,3502499.328,13723819
node1.tardis-apia.ldos-ut-pg0.wisc.cloudlab.us,tencentBlock_2982,s3fifoforgive,10,350250,27,1,3,NA_TOOBIG,NA,NA,3502499.328,13723819
node1.tardis-apia.ldos-ut-pg0.wisc.cloudlab.us,tencentBlock_2982,lru,0.1,3502,27,1,1,0.2007,0.12,169624718,3502499.328,13723819
node1.tardis-apia.ldos-ut-pg0.wisc.cloudlab.us,tencentBlock_2982,lru,0.1,3502,27,1,2,0.2007,0.12,169624718,3502499.328,13723819
node1.tardis-apia.ldos-ut-pg0.wisc.cloudlab.us,tencentBlock_2982,lru,0.1,3502,27,1,3,0.2007,0.12,169624718,3502499.328,13723819
node1.tardis-apia.ldos-ut-pg0.wisc.cloudlab.us,tencentBlock_2982,lruforgive,0.1,3502,27,1,1,0.1969,0.11,169624718,3502499.328,13723819
node1.tardis-apia.ldos-ut-pg0.wisc.cloudlab.us,tencentBlock_2982,lruforgive,0.1,3502,27,1,2,0.1969,0.11,169624718,3502499.328,13723819
node1.tardis-apia.ldos-ut-pg0.wisc.cloudlab.us,tencentBlock_2982,lruforgive,0.1,3502,27,1,3,0.1969,0.11,169624718,3502499.328,13723819
node1.tardis-apia.ldos-ut-pg0.wisc.cloudlab.us,tencentBlock_2982,s3fifo,0.1,3502,27,1,1,0.1799,0.13,169624718,3502499.328,13723819
node1.tardis-apia.ldos-ut-pg0.wisc.cloudlab.us,tencentBlock_2982,s3fifo,0.1,3502,27,1,2,0.1799,0.13,169624718,3502499.328,13723819
node1.tardis-apia.ldos-ut-pg0.wisc.cloudlab.us,tencentBlock_2982,s3fifo,0.1,3502,27,1,3,0.1799,0.13,169624718,3502499.328,13723819
node1.tardis-apia.ldos-ut-pg0.wisc.cloudlab.us,tencentBlock_2982,s3fifoforgive,0.1,3502,27,1,1,0.1798,0.12,169624718,3502499.328,13723819
node1.tardis-apia.ldos-ut-pg0.wisc.cloudlab.us,tencentBlock_2982,s3fifoforgive,0.1,3502,27,1,2,0.1798,0.12,169624718,3502499.328,13723819
node1.tardis-apia.ldos-ut-pg0.wisc.cloudlab.us,tencentBlock_2982,s3fifoforgive,0.1,3502,27,1,3,0.1798,0.12,169624718,3502499.328,13723819
node1.tardis-apia.ldos-ut-pg0.wisc.cloudlab.us,tencentBlock_3021,lru,10,2926,27,1,1,0.2811,0.41,45909001,29264.896,2325574
node1.tardis-apia.ldos-ut-pg0.wisc.cloudlab.us,tencentBlock_3021,lru,10,2926,27,1,2,0.2811,0.41,45909001,29264.896,2325574
node1.tardis-apia.ldos-ut-pg0.wisc.cloudlab.us,tencentBlock_3021,lru,10,2926,27,1,3,0.2811,0.41,45909001,29264.896,2325574
node1.tardis-apia.ldos-ut-pg0.wisc.cloudlab.us,tencentBlock_3021,lruforgive,10,2926,27,1,1,0.2792,0.24,45909001,29264.896,2325574
node1.tardis-apia.ldos-ut-pg0.wisc.cloudlab.us,tencentBlock_3021,lruforgive,10,2926,27,1,2,0.2792,0.24,45909001,29264.896,2325574
node1.tardis-apia.ldos-ut-pg0.wisc.cloudlab.us,tencentBlock_3021,lruforgive,10,2926,27,1,3,0.2792,0.24,45909001,29264.896,2325574
node1.tardis-apia.ldos-ut-pg0.wisc.cloudlab.us,tencentBlock_3021,s3fifo,10,2926,27,1,1,0.2743,0.43,45909001,29264.896,2325574
node1.tardis-apia.ldos-ut-pg0.wisc.cloudlab.us,tencentBlock_3021,s3fifo,10,2926,27,1,2,0.2743,0.44,45909001,29264.896,2325574
node1.tardis-apia.ldos-ut-pg0.wisc.cloudlab.us,tencentBlock_3021,s3fifo,10,2926,27,1,3,0.2743,0.44,45909001,29264.896,2325574
node1.tardis-apia.ldos-ut-pg0.wisc.cloudlab.us,tencentBlock_3021,s3fifoforgive,10,2926,27,1,1,0.2740,0.26,45909001,29264.896,2325574
node1.tardis-apia.ldos-ut-pg0.wisc.cloudlab.us,tencentBlock_3021,s3fifoforgive,10,2926,27,1,2,0.2740,0.26,45909001,29264.896,2325574
node1.tardis-apia.ldos-ut-pg0.wisc.cloudlab.us,tencentBlock_3021,s3fifoforgive,10,2926,27,1,3,0.2740,0.26,45909001,29264.896,2325574
node1.tardis-apia.ldos-ut-pg0.wisc.cloudlab.us,tencentBlock_3021,lru,0.1,29,21,1,1,0.7730,1.85,45909001,29264.896,2325574
node1.tardis-apia.ldos-ut-pg0.wisc.cloudlab.us,tencentBlock_3021,lru,0.1,29,21,1,2,0.7730,1.85,45909001,29264.896,2325574
node1.tardis-apia.ldos-ut-pg0.wisc.cloudlab.us,tencentBlock_3021,lru,0.1,29,21,1,3,0.7730,1.83,45909001,29264.896,2325574
node1.tardis-apia.ldos-ut-pg0.wisc.cloudlab.us,tencentBlock_3021,lruforgive,0.1,29,21,1,1,0.7701,0.94,45909001,29264.896,2325574
node1.tardis-apia.ldos-ut-pg0.wisc.cloudlab.us,tencentBlock_3021,lruforgive,0.1,29,21,1,2,0.7701,0.94,45909001,29264.896,2325574
node1.tardis-apia.ldos-ut-pg0.wisc.cloudlab.us,tencentBlock_3021,lruforgive,0.1,29,21,1,3,0.7701,0.94,45909001,29264.896,2325574
node1.tardis-apia.ldos-ut-pg0.wisc.cloudlab.us,tencentBlock_3021,s3fifo,0.1,29,21,1,1,0.7896,1.82,45909001,29264.896,2325574
node1.tardis-apia.ldos-ut-pg0.wisc.cloudlab.us,tencentBlock_3021,s3fifo,0.1,29,21,1,2,0.7896,1.83,45909001,29264.896,2325574
node1.tardis-apia.ldos-ut-pg0.wisc.cloudlab.us,tencentBlock_3021,s3fifo,0.1,29,21,1,3,0.7896,1.84,45909001,29264.896,2325574
node1.tardis-apia.ldos-ut-pg0.wisc.cloudlab.us,tencentBlock_3021,s3fifoforgive,0.1,29,21,1,1,0.7876,1.17,45909001,29264.896,2325574
node1.tardis-apia.ldos-ut-pg0.wisc.cloudlab.us,tencentBlock_3021,s3fifoforgive,0.1,29,21,1,2,0.7876,1.17,45909001,29264.896,2325574
node1.tardis-apia.ldos-ut-pg0.wisc.cloudlab.us,tencentBlock_3021,s3fifoforgive,0.1,29,21,1,3,0.7876,1.14,45909001,29264.896,2325574
node1.tardis-apia.ldos-ut-pg0.wisc.cloudlab.us,tencentBlock_3027,lru,10,2942,27,1,1,0.2926,0.40,50848775,29421.2608,2358761
node1.tardis-apia.ldos-ut-pg0.wisc.cloudlab.us,tencentBlock_3027,lru,10,2942,27,1,2,0.2926,0.40,50848775,29421.2608,2358761
node1.tardis-apia.ldos-ut-pg0.wisc.cloudlab.us,tencentBlock_3027,lru,10,2942,27,1,3,0.2926,0.40,50848775,29421.2608,2358761
node1.tardis-apia.ldos-ut-pg0.wisc.cloudlab.us,tencentBlock_3027,lruforgive,10,2942,27,1,1,0.2899,0.23,50848775,29421.2608,2358761
node1.tardis-apia.ldos-ut-pg0.wisc.cloudlab.us,tencentBlock_3027,lruforgive,10,2942,27,1,2,0.2899,0.23,50848775,29421.2608,2358761
node1.tardis-apia.ldos-ut-pg0.wisc.cloudlab.us,tencentBlock_3027,lruforgive,10,2942,27,1,3,0.2899,0.23,50848775,29421.2608,2358761
node1.tardis-apia.ldos-ut-pg0.wisc.cloudlab.us,tencentBlock_3027,s3fifo,10,2942,27,1,1,0.2826,0.43,50848775,29421.2608,2358761
node1.tardis-apia.ldos-ut-pg0.wisc.cloudlab.us,tencentBlock_3027,s3fifo,10,2942,27,1,2,0.2826,0.42,50848775,29421.2608,2358761
node1.tardis-apia.ldos-ut-pg0.wisc.cloudlab.us,tencentBlock_3027,s3fifo,10,2942,27,1,3,0.2826,0.43,50848775,29421.2608,2358761
node1.tardis-apia.ldos-ut-pg0.wisc.cloudlab.us,tencentBlock_3027,s3fifoforgive,10,2942,27,1,1,0.2823,0.26,50848775,29421.2608,2358761
node1.tardis-apia.ldos-ut-pg0.wisc.cloudlab.us,tencentBlock_3027,s3fifoforgive,10,2942,27,1,2,0.2823,0.26,50848775,29421.2608,2358761
node1.tardis-apia.ldos-ut-pg0.wisc.cloudlab.us,tencentBlock_3027,s3fifoforgive,10,2942,27,1,3,0.2823,0.26,50848775,29421.2608,2358761
node1.tardis-apia.ldos-ut-pg0.wisc.cloudlab.us,tencentBlock_3027,lru,0.1,29,21,1,1,0.7974,2.06,50848775,29421.2608,2358761
node1.tardis-apia.ldos-ut-pg0.wisc.cloudlab.us,tencentBlock_3027,lru,0.1,29,21,1,2,0.7974,2.07,50848775,29421.2608,2358761
node1.tardis-apia.ldos-ut-pg0.wisc.cloudlab.us,tencentBlock_3027,lru,0.1,29,21,1,3,0.7974,2.01,50848775,29421.2608,2358761
node1.tardis-apia.ldos-ut-pg0.wisc.cloudlab.us,tencentBlock_3027,lruforgive,0.1,29,21,1,1,0.7937,1.06,50848775,29421.2608,2358761
node1.tardis-apia.ldos-ut-pg0.wisc.cloudlab.us,tencentBlock_3027,lruforgive,0.1,29,21,1,2,0.7937,1.07,50848775,29421.2608,2358761
node1.tardis-apia.ldos-ut-pg0.wisc.cloudlab.us,tencentBlock_3027,lruforgive,0.1,29,21,1,3,0.7937,1.07,50848775,29421.2608,2358761
node1.tardis-apia.ldos-ut-pg0.wisc.cloudlab.us,tencentBlock_3027,s3fifo,0.1,29,21,1,1,0.8103,2.05,50848775,29421.2608,2358761
node1.tardis-apia.ldos-ut-pg0.wisc.cloudlab.us,tencentBlock_3027,s3fifo,0.1,29,21,1,2,0.8103,2.03,50848775,29421.2608,2358761
node1.tardis-apia.ldos-ut-pg0.wisc.cloudlab.us,tencentBlock_3027,s3fifo,0.1,29,21,1,3,0.8103,2.02,50848775,29421.2608,2358761
node1.tardis-apia.ldos-ut-pg0.wisc.cloudlab.us,tencentBlock_3027,s3fifoforgive,0.1,29,21,1,1,0.8081,1.30,50848775,29421.2608,2358761
node1.tardis-apia.ldos-ut-pg0.wisc.cloudlab.us,tencentBlock_3027,s3fifoforgive,0.1,29,21,1,2,0.8081,1.29,50848775,29421.2608,2358761
node1.tardis-apia.ldos-ut-pg0.wisc.cloudlab.us,tencentBlock_3027,s3fifoforgive,0.1,29,21,1,3,0.8081,1.28,50848775,29421.2608,2358761
node1.tardis-apia.ldos-ut-pg0.wisc.cloudlab.us,tencentBlock_3036,lru,10,3518,27,1,1,0.2959,0.36,6966373,35184.2304,1484875
node1.tardis-apia.ldos-ut-pg0.wisc.cloudlab.us,tencentBlock_3036,lru,10,3518,27,1,2,0.2959,0.36,6966373,35184.2304,1484875
node1.tardis-apia.ldos-ut-pg0.wisc.cloudlab.us,tencentBlock_3036,lru,10,3518,27,1,3,0.2959,0.36,6966373,35184.2304,1484875
node1.tardis-apia.ldos-ut-pg0.wisc.cloudlab.us,tencentBlock_3036,lruforgive,10,3518,27,1,1,0.2916,0.29,6966373,35184.2304,1484875
node1.tardis-apia.ldos-ut-pg0.wisc.cloudlab.us,tencentBlock_3036,lruforgive,10,3518,27,1,2,0.2916,0.29,6966373,35184.2304,1484875
node1.tardis-apia.ldos-ut-pg0.wisc.cloudlab.us,tencentBlock_3036,lruforgive,10,3518,27,1,3,0.2916,0.29,6966373,35184.2304,1484875
node1.tardis-apia.ldos-ut-pg0.wisc.cloudlab.us,tencentBlock_3036,s3fifo,10,3518,27,1,1,0.2821,0.40,6966373,35184.2304,1484875
node1.tardis-apia.ldos-ut-pg0.wisc.cloudlab.us,tencentBlock_3036,s3fifo,10,3518,27,1,2,0.2821,0.40,6966373,35184.2304,1484875
node1.tardis-apia.ldos-ut-pg0.wisc.cloudlab.us,tencentBlock_3036,s3fifo,10,3518,27,1,3,0.2821,0.40,6966373,35184.2304,1484875
node1.tardis-apia.ldos-ut-pg0.wisc.cloudlab.us,tencentBlock_3036,s3fifoforgive,10,3518,27,1,1,0.2821,0.30,6966373,35184.2304,1484875
node1.tardis-apia.ldos-ut-pg0.wisc.cloudlab.us,tencentBlock_3036,s3fifoforgive,10,3518,27,1,2,0.2821,0.30,6966373,35184.2304,1484875
node1.tardis-apia.ldos-ut-pg0.wisc.cloudlab.us,tencentBlock_3036,s3fifoforgive,10,3518,27,1,3,0.2821,0.31,6966373,35184.2304,1484875
node1.tardis-apia.ldos-ut-pg0.wisc.cloudlab.us,tencentBlock_3036,lru,0.1,35,21,1,1,0.8002,1.16,6966373,35184.2304,1484875
node1.tardis-apia.ldos-ut-pg0.wisc.cloudlab.us,tencentBlock_3036,lru,0.1,35,21,1,2,0.8002,1.17,6966373,35184.2304,1484875
node1.tardis-apia.ldos-ut-pg0.wisc.cloudlab.us,tencentBlock_3036,lru,0.1,35,21,1,3,0.8002,1.05,6966373,35184.2304,1484875
node1.tardis-apia.ldos-ut-pg0.wisc.cloudlab.us,tencentBlock_3036,lruforgive,0.1,35,21,1,1,0.7744,0.63,6966373,35184.2304,1484875
node1.tardis-apia.ldos-ut-pg0.wisc.cloudlab.us,tencentBlock_3036,lruforgive,0.1,35,21,1,2,0.7744,0.64,6966373,35184.2304,1484875
node1.tardis-apia.ldos-ut-pg0.wisc.cloudlab.us,tencentBlock_3036,lruforgive,0.1,35,21,1,3,0.7744,0.63,6966373,35184.2304,1484875
node1.tardis-apia.ldos-ut-pg0.wisc.cloudlab.us,tencentBlock_3036,s3fifo,0.1,35,21,1,1,0.7483,1.23,6966373,35184.2304,1484875
node1.tardis-apia.ldos-ut-pg0.wisc.cloudlab.us,tencentBlock_3036,s3fifo,0.1,35,21,1,2,0.7483,1.22,6966373,35184.2304,1484875
node1.tardis-apia.ldos-ut-pg0.wisc.cloudlab.us,tencentBlock_3036,s3fifo,0.1,35,21,1,3,0.7483,1.20,6966373,35184.2304,1484875
node1.tardis-apia.ldos-ut-pg0.wisc.cloudlab.us,tencentBlock_3036,s3fifoforgive,0.1,35,21,1,1,0.7456,0.90,6966373,35184.2304,1484875
node1.tardis-apia.ldos-ut-pg0.wisc.cloudlab.us,tencentBlock_3036,s3fifoforgive,0.1,35,21,1,2,0.7456,0.90,6966373,35184.2304,1484875
node1.tardis-apia.ldos-ut-pg0.wisc.cloudlab.us,tencentBlock_3036,s3fifoforgive,0.1,35,21,1,3,0.7456,0.88,6966373,35184.2304,1484875
node1.tardis-apia.ldos-ut-pg0.wisc.cloudlab.us,tencentBlock_3084,lru,10,4784,27,1,1,0.2016,0.50,28730014,47838.5152,1670022
node1.tardis-apia.ldos-ut-pg0.wisc.cloudlab.us,tencentBlock_3084,lru,10,4784,27,1,2,0.2016,0.50,28730014,47838.5152,1670022
node1.tardis-apia.ldos-ut-pg0.wisc.cloudlab.us,tencentBlock_3084,lru,10,4784,27,1,3,0.2016,0.51,28730014,47838.5152,1670022
node1.tardis-apia.ldos-ut-pg0.wisc.cloudlab.us,tencentBlock_3084,lruforgive,10,4784,27,1,1,0.2012,0.29,28730014,47838.5152,1670022
node1.tardis-apia.ldos-ut-pg0.wisc.cloudlab.us,tencentBlock_3084,lruforgive,10,4784,27,1,2,0.2012,0.28,28730014,47838.5152,1670022
node1.tardis-apia.ldos-ut-pg0.wisc.cloudlab.us,tencentBlock_3084,lruforgive,10,4784,27,1,3,0.2012,0.28,28730014,47838.5152,1670022
node1.tardis-apia.ldos-ut-pg0.wisc.cloudlab.us,tencentBlock_3084,s3fifo,10,4784,27,1,1,0.2031,0.55,28730014,47838.5152,1670022
node1.tardis-apia.ldos-ut-pg0.wisc.cloudlab.us,tencentBlock_3084,s3fifo,10,4784,27,1,2,0.2031,0.56,28730014,47838.5152,1670022
node1.tardis-apia.ldos-ut-pg0.wisc.cloudlab.us,tencentBlock_3084,s3fifo,10,4784,27,1,3,0.2031,0.56,28730014,47838.5152,1670022
node1.tardis-apia.ldos-ut-pg0.wisc.cloudlab.us,tencentBlock_3084,s3fifoforgive,10,4784,27,1,1,0.2031,0.31,28730014,47838.5152,1670022
node1.tardis-apia.ldos-ut-pg0.wisc.cloudlab.us,tencentBlock_3084,s3fifoforgive,10,4784,27,1,2,0.2031,0.31,28730014,47838.5152,1670022
node1.tardis-apia.ldos-ut-pg0.wisc.cloudlab.us,tencentBlock_3084,s3fifoforgive,10,4784,27,1,3,0.2031,0.32,28730014,47838.5152,1670022
node1.tardis-apia.ldos-ut-pg0.wisc.cloudlab.us,tencentBlock_3084,lru,0.1,48,22,1,1,0.5303,0.94,28730014,47838.5152,1670022
node1.tardis-apia.ldos-ut-pg0.wisc.cloudlab.us,tencentBlock_3084,lru,0.1,48,22,1,2,0.5303,0.96,28730014,47838.5152,1670022
node1.tardis-apia.ldos-ut-pg0.wisc.cloudlab.us,tencentBlock_3084,lru,0.1,48,22,1,3,0.5303,0.96,28730014,47838.5152,1670022
node1.tardis-apia.ldos-ut-pg0.wisc.cloudlab.us,tencentBlock_3084,lruforgive,0.1,48,22,1,1,0.5036,0.51,28730014,47838.5152,1670022
node1.tardis-apia.ldos-ut-pg0.wisc.cloudlab.us,tencentBlock_3084,lruforgive,0.1,48,22,1,2,0.5036,0.52,28730014,47838.5152,1670022
node1.tardis-apia.ldos-ut-pg0.wisc.cloudlab.us,tencentBlock_3084,lruforgive,0.1,48,22,1,3,0.5036,0.52,28730014,47838.5152,1670022
node1.tardis-apia.ldos-ut-pg0.wisc.cloudlab.us,tencentBlock_3084,s3fifo,0.1,48,22,1,1,0.4918,1.27,28730014,47838.5152,1670022
node1.tardis-apia.ldos-ut-pg0.wisc.cloudlab.us,tencentBlock_3084,s3fifo,0.1,48,22,1,2,0.4918,1.30,28730014,47838.5152,1670022
node1.tardis-apia.ldos-ut-pg0.wisc.cloudlab.us,tencentBlock_3084,s3fifo,0.1,48,22,1,3,0.4918,1.32,28730014,47838.5152,1670022
node1.tardis-apia.ldos-ut-pg0.wisc.cloudlab.us,tencentBlock_3084,s3fifoforgive,0.1,48,22,1,1,0.4901,0.80,28730014,47838.5152,1670022
node1.tardis-apia.ldos-ut-pg0.wisc.cloudlab.us,tencentBlock_3084,s3fifoforgive,0.1,48,22,1,2,0.4901,0.79,28730014,47838.5152,1670022
node1.tardis-apia.ldos-ut-pg0.wisc.cloudlab.us,tencentBlock_3084,s3fifoforgive,0.1,48,22,1,3,0.4901,0.81,28730014,47838.5152,1670022
node1.tardis-apia.ldos-ut-pg0.wisc.cloudlab.us,tencentBlock_3104,lru,10,3153,27,1,1,0.3615,0.40,57982357,31533.056,2349527
node1.tardis-apia.ldos-ut-pg0.wisc.cloudlab.us,tencentBlock_3104,lru,10,3153,27,1,2,0.3615,0.39,57982357,31533.056,2349527
node1.tardis-apia.ldos-ut-pg0.wisc.cloudlab.us,tencentBlock_3104,lru,10,3153,27,1,3,0.3615,0.40,57982357,31533.056,2349527
node1.tardis-apia.ldos-ut-pg0.wisc.cloudlab.us,tencentBlock_3104,lruforgive,10,3153,27,1,1,0.3587,0.23,57982357,31533.056,2349527
node1.tardis-apia.ldos-ut-pg0.wisc.cloudlab.us,tencentBlock_3104,lruforgive,10,3153,27,1,2,0.3587,0.24,57982357,31533.056,2349527
node1.tardis-apia.ldos-ut-pg0.wisc.cloudlab.us,tencentBlock_3104,lruforgive,10,3153,27,1,3,0.3587,0.24,57982357,31533.056,2349527
node1.tardis-apia.ldos-ut-pg0.wisc.cloudlab.us,tencentBlock_3104,s3fifo,10,3153,27,1,1,0.3445,0.41,57982357,31533.056,2349527
node1.tardis-apia.ldos-ut-pg0.wisc.cloudlab.us,tencentBlock_3104,s3fifo,10,3153,27,1,2,0.3445,0.42,57982357,31533.056,2349527
node1.tardis-apia.ldos-ut-pg0.wisc.cloudlab.us,tencentBlock_3104,s3fifo,10,3153,27,1,3,0.3445,0.41,57982357,31533.056,2349527
node1.tardis-apia.ldos-ut-pg0.wisc.cloudlab.us,tencentBlock_3104,s3fifoforgive,10,3153,27,1,1,0.3442,0.26,57982357,31533.056,2349527
node1.tardis-apia.ldos-ut-pg0.wisc.cloudlab.us,tencentBlock_3104,s3fifoforgive,10,3153,27,1,2,0.3442,0.26,57982357,31533.056,2349527
node1.tardis-apia.ldos-ut-pg0.wisc.cloudlab.us,tencentBlock_3104,s3fifoforgive,10,3153,27,1,3,0.3442,0.26,57982357,31533.056,2349527
node1.tardis-apia.ldos-ut-pg0.wisc.cloudlab.us,tencentBlock_3104,lru,0.1,32,21,1,1,0.8519,1.43,57982357,31533.056,2349527
node1.tardis-apia.ldos-ut-pg0.wisc.cloudlab.us,tencentBlock_3104,lru,0.1,32,21,1,2,0.8519,1.42,57982357,31533.056,2349527
node1.tardis-apia.ldos-ut-pg0.wisc.cloudlab.us,tencentBlock_3104,lru,0.1,32,21,1,3,0.8519,1.46,57982357,31533.056,2349527
node1.tardis-apia.ldos-ut-pg0.wisc.cloudlab.us,tencentBlock_3104,lruforgive,0.1,32,21,1,1,0.8488,0.86,57982357,31533.056,2349527
node1.tardis-apia.ldos-ut-pg0.wisc.cloudlab.us,tencentBlock_3104,lruforgive,0.1,32,21,1,2,0.8488,0.86,57982357,31533.056,2349527
node1.tardis-apia.ldos-ut-pg0.wisc.cloudlab.us,tencentBlock_3104,lruforgive,0.1,32,21,1,3,0.8488,0.86,57982357,31533.056,2349527
node1.tardis-apia.ldos-ut-pg0.wisc.cloudlab.us,tencentBlock_3104,s3fifo,0.1,32,21,1,1,0.8721,1.51,57982357,31533.056,2349527
node1.tardis-apia.ldos-ut-pg0.wisc.cloudlab.us,tencentBlock_3104,s3fifo,0.1,32,21,1,2,0.8721,1.51,57982357,31533.056,2349527
node1.tardis-apia.ldos-ut-pg0.wisc.cloudlab.us,tencentBlock_3104,s3fifo,0.1,32,21,1,3,0.8721,1.52,57982357,31533.056,2349527
node1.tardis-apia.ldos-ut-pg0.wisc.cloudlab.us,tencentBlock_3104,s3fifoforgive,0.1,32,21,1,1,0.8695,1.03,57982357,31533.056,2349527
node1.tardis-apia.ldos-ut-pg0.wisc.cloudlab.us,tencentBlock_3104,s3fifoforgive,0.1,32,21,1,2,0.8695,1.04,57982357,31533.056,2349527
node1.tardis-apia.ldos-ut-pg0.wisc.cloudlab.us,tencentBlock_3104,s3fifoforgive,0.1,32,21,1,3,0.8695,1.04,57982357,31533.056,2349527
node1.tardis-apia.ldos-ut-pg0.wisc.cloudlab.us,tencentBlock_3109,lru,10,3495,27,1,1,0.2603,0.48,45155227,34948.7104,2683559
node1.tardis-apia.ldos-ut-pg0.wisc.cloudlab.us,tencentBlock_3109,lru,10,3495,27,1,2,0.2603,0.49,45155227,34948.7104,2683559
node1.tardis-apia.ldos-ut-pg0.wisc.cloudlab.us,tencentBlock_3109,lru,10,3495,27,1,3,0.2603,0.50,45155227,34948.7104,2683559
node1.tardis-apia.ldos-ut-pg0.wisc.cloudlab.us,tencentBlock_3109,lruforgive,10,3495,27,1,1,0.2587,0.27,45155227,34948.7104,2683559
node1.tardis-apia.ldos-ut-pg0.wisc.cloudlab.us,tencentBlock_3109,lruforgive,10,3495,27,1,2,0.2587,0.27,45155227,34948.7104,2683559
node1.tardis-apia.ldos-ut-pg0.wisc.cloudlab.us,tencentBlock_3109,lruforgive,10,3495,27,1,3,0.2587,0.27,45155227,34948.7104,2683559
node1.tardis-apia.ldos-ut-pg0.wisc.cloudlab.us,tencentBlock_3109,s3fifo,10,3495,27,1,1,0.2508,0.50,45155227,34948.7104,2683559
node1.tardis-apia.ldos-ut-pg0.wisc.cloudlab.us,tencentBlock_3109,s3fifo,10,3495,27,1,2,0.2508,0.50,45155227,34948.7104,2683559
node1.tardis-apia.ldos-ut-pg0.wisc.cloudlab.us,tencentBlock_3109,s3fifo,10,3495,27,1,3,0.2508,0.51,45155227,34948.7104,2683559
node1.tardis-apia.ldos-ut-pg0.wisc.cloudlab.us,tencentBlock_3109,s3fifoforgive,10,3495,27,1,1,0.2506,0.29,45155227,34948.7104,2683559
node1.tardis-apia.ldos-ut-pg0.wisc.cloudlab.us,tencentBlock_3109,s3fifoforgive,10,3495,27,1,2,0.2506,0.29,45155227,34948.7104,2683559
node1.tardis-apia.ldos-ut-pg0.wisc.cloudlab.us,tencentBlock_3109,s3fifoforgive,10,3495,27,1,3,0.2506,0.29,45155227,34948.7104,2683559
node1.tardis-apia.ldos-ut-pg0.wisc.cloudlab.us,tencentBlock_3109,lru,0.1,35,21,1,1,0.8170,1.67,45155227,34948.7104,2683559
node1.tardis-apia.ldos-ut-pg0.wisc.cloudlab.us,tencentBlock_3109,lru,0.1,35,21,1,2,0.8170,1.73,45155227,34948.7104,2683559
node1.tardis-apia.ldos-ut-pg0.wisc.cloudlab.us,tencentBlock_3109,lru,0.1,35,21,1,3,0.8170,1.74,45155227,34948.7104,2683559
node1.tardis-apia.ldos-ut-pg0.wisc.cloudlab.us,tencentBlock_3109,lruforgive,0.1,35,21,1,1,0.8127,1.01,45155227,34948.7104,2683559
node1.tardis-apia.ldos-ut-pg0.wisc.cloudlab.us,tencentBlock_3109,lruforgive,0.1,35,21,1,2,0.8127,1.01,45155227,34948.7104,2683559
node1.tardis-apia.ldos-ut-pg0.wisc.cloudlab.us,tencentBlock_3109,lruforgive,0.1,35,21,1,3,0.8127,1.01,45155227,34948.7104,2683559
node1.tardis-apia.ldos-ut-pg0.wisc.cloudlab.us,tencentBlock_3109,s3fifo,0.1,35,21,1,1,0.8458,1.88,45155227,34948.7104,2683559
node1.tardis-apia.ldos-ut-pg0.wisc.cloudlab.us,tencentBlock_3109,s3fifo,0.1,35,21,1,2,0.8458,1.90,45155227,34948.7104,2683559
node1.tardis-apia.ldos-ut-pg0.wisc.cloudlab.us,tencentBlock_3109,s3fifo,0.1,35,21,1,3,0.8458,1.92,45155227,34948.7104,2683559
node1.tardis-apia.ldos-ut-pg0.wisc.cloudlab.us,tencentBlock_3109,s3fifoforgive,0.1,35,21,1,1,0.8426,1.29,45155227,34948.7104,2683559
node1.tardis-apia.ldos-ut-pg0.wisc.cloudlab.us,tencentBlock_3109,s3fifoforgive,0.1,35,21,1,2,0.8426,1.29,45155227,34948.7104,2683559
node1.tardis-apia.ldos-ut-pg0.wisc.cloudlab.us,tencentBlock_3109,s3fifoforgive,0.1,35,21,1,3,0.8426,1.29,45155227,34948.7104,2683559
node1.tardis-apia.ldos-ut-pg0.wisc.cloudlab.us,tencentBlock_3135,lru,10,3324,27,1,1,0.3106,0.49,53307483,33239.6544,2880373
node1.tardis-apia.ldos-ut-pg0.wisc.cloudlab.us,tencentBlock_3135,lru,10,3324,27,1,2,0.3106,0.49,53307483,33239.6544,2880373
node1.tardis-apia.ldos-ut-pg0.wisc.cloudlab.us,tencentBlock_3135,lru,10,3324,27,1,3,0.3106,0.49,53307483,33239.6544,2880373
node1.tardis-apia.ldos-ut-pg0.wisc.cloudlab.us,tencentBlock_3135,lruforgive,10,3324,27,1,1,0.3087,0.26,53307483,33239.6544,2880373
node1.tardis-apia.ldos-ut-pg0.wisc.cloudlab.us,tencentBlock_3135,lruforgive,10,3324,27,1,2,0.3087,0.27,53307483,33239.6544,2880373
node1.tardis-apia.ldos-ut-pg0.wisc.cloudlab.us,tencentBlock_3135,lruforgive,10,3324,27,1,3,0.3087,0.27,53307483,33239.6544,2880373
node1.tardis-apia.ldos-ut-pg0.wisc.cloudlab.us,tencentBlock_3135,s3fifo,10,3324,27,1,1,0.3028,0.47,53307483,33239.6544,2880373
node1.tardis-apia.ldos-ut-pg0.wisc.cloudlab.us,tencentBlock_3135,s3fifo,10,3324,27,1,2,0.3028,0.47,53307483,33239.6544,2880373
node1.tardis-apia.ldos-ut-pg0.wisc.cloudlab.us,tencentBlock_3135,s3fifo,10,3324,27,1,3,0.3028,0.47,53307483,33239.6544,2880373
node1.tardis-apia.ldos-ut-pg0.wisc.cloudlab.us,tencentBlock_3135,s3fifoforgive,10,3324,27,1,1,0.3021,0.29,53307483,33239.6544,2880373
node1.tardis-apia.ldos-ut-pg0.wisc.cloudlab.us,tencentBlock_3135,s3fifoforgive,10,3324,27,1,2,0.3021,0.29,53307483,33239.6544,2880373
node1.tardis-apia.ldos-ut-pg0.wisc.cloudlab.us,tencentBlock_3135,s3fifoforgive,10,3324,27,1,3,0.3021,0.29,53307483,33239.6544,2880373
node1.tardis-apia.ldos-ut-pg0.wisc.cloudlab.us,tencentBlock_3135,lru,0.1,33,21,1,1,0.7888,1.73,53307483,33239.6544,2880373
node1.tardis-apia.ldos-ut-pg0.wisc.cloudlab.us,tencentBlock_3135,lru,0.1,33,21,1,2,0.7888,1.77,53307483,33239.6544,2880373
node1.tardis-apia.ldos-ut-pg0.wisc.cloudlab.us,tencentBlock_3135,lru,0.1,33,21,1,3,0.7888,1.75,53307483,33239.6544,2880373
node1.tardis-apia.ldos-ut-pg0.wisc.cloudlab.us,tencentBlock_3135,lruforgive,0.1,33,21,1,1,0.7811,0.92,53307483,33239.6544,2880373
node1.tardis-apia.ldos-ut-pg0.wisc.cloudlab.us,tencentBlock_3135,lruforgive,0.1,33,21,1,2,0.7811,0.90,53307483,33239.6544,2880373
node1.tardis-apia.ldos-ut-pg0.wisc.cloudlab.us,tencentBlock_3135,lruforgive,0.1,33,21,1,3,0.7811,0.92,53307483,33239.6544,2880373
node1.tardis-apia.ldos-ut-pg0.wisc.cloudlab.us,tencentBlock_3135,s3fifo,0.1,33,21,1,1,0.8079,1.78,53307483,33239.6544,2880373
node1.tardis-apia.ldos-ut-pg0.wisc.cloudlab.us,tencentBlock_3135,s3fifo,0.1,33,21,1,2,0.8079,1.78,53307483,33239.6544,2880373
node1.tardis-apia.ldos-ut-pg0.wisc.cloudlab.us,tencentBlock_3135,s3fifo,0.1,33,21,1,3,0.8079,1.79,53307483,33239.6544,2880373
node1.tardis-apia.ldos-ut-pg0.wisc.cloudlab.us,tencentBlock_3135,s3fifoforgive,0.1,33,21,1,1,0.8044,1.12,53307483,33239.6544,2880373
node1.tardis-apia.ldos-ut-pg0.wisc.cloudlab.us,tencentBlock_3135,s3fifoforgive,0.1,33,21,1,2,0.8044,1.14,53307483,33239.6544,2880373
node1.tardis-apia.ldos-ut-pg0.wisc.cloudlab.us,tencentBlock_3135,s3fifoforgive,0.1,33,21,1,3,0.8044,1.14,53307483,33239.6544,2880373
node1.tardis-apia.ldos-ut-pg0.wisc.cloudlab.us,tencentBlock_3204,lru,10,2495,27,1,1,0.3382,0.38,9540349,24953.1392,1112903
node1.tardis-apia.ldos-ut-pg0.wisc.cloudlab.us,tencentBlock_3204,lru,10,2495,27,1,2,0.3382,0.38,9540349,24953.1392,1112903
node1.tardis-apia.ldos-ut-pg0.wisc.cloudlab.us,tencentBlock_3204,lru,10,2495,27,1,3,0.3382,0.38,9540349,24953.1392,1112903
node1.tardis-apia.ldos-ut-pg0.wisc.cloudlab.us,tencentBlock_3204,lruforgive,10,2495,27,1,1,0.3310,0.28,9540349,24953.1392,1112903
node1.tardis-apia.ldos-ut-pg0.wisc.cloudlab.us,tencentBlock_3204,lruforgive,10,2495,27,1,2,0.3310,0.28,9540349,24953.1392,1112903
node1.tardis-apia.ldos-ut-pg0.wisc.cloudlab.us,tencentBlock_3204,lruforgive,10,2495,27,1,3,0.3310,0.28,9540349,24953.1392,1112903
node1.tardis-apia.ldos-ut-pg0.wisc.cloudlab.us,tencentBlock_3204,s3fifo,10,2495,27,1,1,0.2997,0.47,9540349,24953.1392,1112903
node1.tardis-apia.ldos-ut-pg0.wisc.cloudlab.us,tencentBlock_3204,s3fifo,10,2495,27,1,2,0.2997,0.47,9540349,24953.1392,1112903
node1.tardis-apia.ldos-ut-pg0.wisc.cloudlab.us,tencentBlock_3204,s3fifo,10,2495,27,1,3,0.2997,0.47,9540349,24953.1392,1112903
node1.tardis-apia.ldos-ut-pg0.wisc.cloudlab.us,tencentBlock_3204,s3fifoforgive,10,2495,27,1,1,0.2995,0.32,9540349,24953.1392,1112903
node1.tardis-apia.ldos-ut-pg0.wisc.cloudlab.us,tencentBlock_3204,s3fifoforgive,10,2495,27,1,2,0.2995,0.32,9540349,24953.1392,1112903
node1.tardis-apia.ldos-ut-pg0.wisc.cloudlab.us,tencentBlock_3204,s3fifoforgive,10,2495,27,1,3,0.2995,0.32,9540349,24953.1392,1112903
node1.tardis-apia.ldos-ut-pg0.wisc.cloudlab.us,tencentBlock_3204,lru,0.1,25,21,1,1,0.8199,1.13,9540349,24953.1392,1112903
node1.tardis-apia.ldos-ut-pg0.wisc.cloudlab.us,tencentBlock_3204,lru,0.1,25,21,1,2,0.8199,1.16,9540349,24953.1392,1112903
node1.tardis-apia.ldos-ut-pg0.wisc.cloudlab.us,tencentBlock_3204,lru,0.1,25,21,1,3,0.8199,1.15,9540349,24953.1392,1112903
node1.tardis-apia.ldos-ut-pg0.wisc.cloudlab.us,tencentBlock_3204,lruforgive,0.1,25,21,1,1,0.7963,0.72,9540349,24953.1392,1112903
node1.tardis-apia.ldos-ut-pg0.wisc.cloudlab.us,tencentBlock_3204,lruforgive,0.1,25,21,1,2,0.7963,0.72,9540349,24953.1392,1112903
node1.tardis-apia.ldos-ut-pg0.wisc.cloudlab.us,tencentBlock_3204,lruforgive,0.1,25,21,1,3,0.7963,0.72,9540349,24953.1392,1112903
node1.tardis-apia.ldos-ut-pg0.wisc.cloudlab.us,tencentBlock_3204,s3fifo,0.1,25,21,1,1,0.7737,1.25,9540349,24953.1392,1112903
node1.tardis-apia.ldos-ut-pg0.wisc.cloudlab.us,tencentBlock_3204,s3fifo,0.1,25,21,1,2,0.7737,1.28,9540349,24953.1392,1112903
node1.tardis-apia.ldos-ut-pg0.wisc.cloudlab.us,tencentBlock_3204,s3fifo,0.1,25,21,1,3,0.7737,1.28,9540349,24953.1392,1112903
node1.tardis-apia.ldos-ut-pg0.wisc.cloudlab.us,tencentBlock_3204,s3fifoforgive,0.1,25,21,1,1,0.7717,1.02,9540349,24953.1392,1112903
node1.tardis-apia.ldos-ut-pg0.wisc.cloudlab.us,tencentBlock_3204,s3fifoforgive,0.1,25,21,1,2,0.7717,1.01,9540349,24953.1392,1112903
node1.tardis-apia.ldos-ut-pg0.wisc.cloudlab.us,tencentBlock_3204,s3fifoforgive,0.1,25,21,1,3,0.7717,1.01,9540349,24953.1392,1112903
node1.tardis-apia.ldos-ut-pg0.wisc.cloudlab.us,tencentBlock_3240,lru,10,49163,27,1,1,0.1876,0.15,32443968,491629.6704,5550646
node1.tardis-apia.ldos-ut-pg0.wisc.cloudlab.us,tencentBlock_3240,lru,10,49163,27,1,2,0.1876,0.14,32443968,491629.6704,5550646
node1.tardis-apia.ldos-ut-pg0.wisc.cloudlab.us,tencentBlock_3240,lru,10,49163,27,1,3,0.1876,0.15,32443968,491629.6704,5550646
node1.tardis-apia.ldos-ut-pg0.wisc.cloudlab.us,tencentBlock_3240,lruforgive,10,49163,27,1,1,0.1875,0.13,32443968,491629.6704,5550646
node1.tardis-apia.ldos-ut-pg0.wisc.cloudlab.us,tencentBlock_3240,lruforgive,10,49163,27,1,2,0.1875,0.13,32443968,491629.6704,5550646
node1.tardis-apia.ldos-ut-pg0.wisc.cloudlab.us,tencentBlock_3240,lruforgive,10,49163,27,1,3,0.1875,0.13,32443968,491629.6704,5550646
node1.tardis-apia.ldos-ut-pg0.wisc.cloudlab.us,tencentBlock_3240,s3fifo,10,49163,27,1,1,0.1891,0.15,32443968,491629.6704,5550646
node1.tardis-apia.ldos-ut-pg0.wisc.cloudlab.us,tencentBlock_3240,s3fifo,10,49163,27,1,2,0.1891,0.16,32443968,491629.6704,5550646
node1.tardis-apia.ldos-ut-pg0.wisc.cloudlab.us,tencentBlock_3240,s3fifo,10,49163,27,1,3,0.1891,0.16,32443968,491629.6704,5550646
node1.tardis-apia.ldos-ut-pg0.wisc.cloudlab.us,tencentBlock_3240,s3fifoforgive,10,49163,27,1,1,0.1891,0.14,32443968,491629.6704,5550646
node1.tardis-apia.ldos-ut-pg0.wisc.cloudlab.us,tencentBlock_3240,s3fifoforgive,10,49163,27,1,2,0.1891,0.14,32443968,491629.6704,5550646
node1.tardis-apia.ldos-ut-pg0.wisc.cloudlab.us,tencentBlock_3240,s3fifoforgive,10,49163,27,1,3,0.1891,0.14,32443968,491629.6704,5550646
node1.tardis-apia.ldos-ut-pg0.wisc.cloudlab.us,tencentBlock_3240,lru,0.1,492,25,1,1,0.2206,0.14,32443968,491629.6704,5550646
node1.tardis-apia.ldos-ut-pg0.wisc.cloudlab.us,tencentBlock_3240,lru,0.1,492,25,1,2,0.2206,0.14,32443968,491629.6704,5550646
node1.tardis-apia.ldos-ut-pg0.wisc.cloudlab.us,tencentBlock_3240,lru,0.1,492,25,1,3,0.2206,0.14,32443968,491629.6704,5550646
node1.tardis-apia.ldos-ut-pg0.wisc.cloudlab.us,tencentBlock_3240,lruforgive,0.1,492,25,1,1,0.2203,0.12,32443968,491629.6704,5550646
node1.tardis-apia.ldos-ut-pg0.wisc.cloudlab.us,tencentBlock_3240,lruforgive,0.1,492,25,1,2,0.2203,0.13,32443968,491629.6704,5550646
node1.tardis-apia.ldos-ut-pg0.wisc.cloudlab.us,tencentBlock_3240,lruforgive,0.1,492,25,1,3,0.2203,0.12,32443968,491629.6704,5550646
node1.tardis-apia.ldos-ut-pg0.wisc.cloudlab.us,tencentBlock_3240,s3fifo,0.1,492,25,1,1,0.2249,0.14,32443968,491629.6704,5550646
node1.tardis-apia.ldos-ut-pg0.wisc.cloudlab.us,tencentBlock_3240,s3fifo,0.1,492,25,1,2,0.2249,0.14,32443968,491629.6704,5550646
node1.tardis-apia.ldos-ut-pg0.wisc.cloudlab.us,tencentBlock_3240,s3fifo,0.1,492,25,1,3,0.2249,0.14,32443968,491629.6704,5550646
node1.tardis-apia.ldos-ut-pg0.wisc.cloudlab.us,tencentBlock_3240,s3fifoforgive,0.1,492,25,1,1,0.2249,0.13,32443968,491629.6704,5550646
node1.tardis-apia.ldos-ut-pg0.wisc.cloudlab.us,tencentBlock_3240,s3fifoforgive,0.1,492,25,1,2,0.2249,0.13,32443968,491629.6704,5550646
node1.tardis-apia.ldos-ut-pg0.wisc.cloudlab.us,tencentBlock_3240,s3fifoforgive,0.1,492,25,1,3,0.2249,0.13,32443968,491629.6704,5550646
node1.tardis-apia.ldos-ut-pg0.wisc.cloudlab.us,tencentBlock_3246,lru,10,22391,27,1,1,0.4727,0.12,23701632,223908.864,5094539
node1.tardis-apia.ldos-ut-pg0.wisc.cloudlab.us,tencentBlock_3246,lru,10,22391,27,1,2,0.4727,0.13,23701632,223908.864,5094539
node1.tardis-apia.ldos-ut-pg0.wisc.cloudlab.us,tencentBlock_3246,lru,10,22391,27,1,3,0.4727,0.13,23701632,223908.864,5094539
node1.tardis-apia.ldos-ut-pg0.wisc.cloudlab.us,tencentBlock_3246,lruforgive,10,22391,27,1,1,0.4704,0.12,23701632,223908.864,5094539
node1.tardis-apia.ldos-ut-pg0.wisc.cloudlab.us,tencentBlock_3246,lruforgive,10,22391,27,1,2,0.4704,0.12,23701632,223908.864,5094539
node1.tardis-apia.ldos-ut-pg0.wisc.cloudlab.us,tencentBlock_3246,lruforgive,10,22391,27,1,3,0.4704,0.12,23701632,223908.864,5094539
node1.tardis-apia.ldos-ut-pg0.wisc.cloudlab.us,tencentBlock_3246,s3fifo,10,22391,27,1,1,0.4691,0.15,23701632,223908.864,5094539
node1.tardis-apia.ldos-ut-pg0.wisc.cloudlab.us,tencentBlock_3246,s3fifo,10,22391,27,1,2,0.4691,0.15,23701632,223908.864,5094539
node1.tardis-apia.ldos-ut-pg0.wisc.cloudlab.us,tencentBlock_3246,s3fifo,10,22391,27,1,3,0.4691,0.15,23701632,223908.864,5094539
node1.tardis-apia.ldos-ut-pg0.wisc.cloudlab.us,tencentBlock_3246,s3fifoforgive,10,22391,27,1,1,0.4691,0.13,23701632,223908.864,5094539
node1.tardis-apia.ldos-ut-pg0.wisc.cloudlab.us,tencentBlock_3246,s3fifoforgive,10,22391,27,1,2,0.4691,0.14,23701632,223908.864,5094539
node1.tardis-apia.ldos-ut-pg0.wisc.cloudlab.us,tencentBlock_3246,s3fifoforgive,10,22391,27,1,3,0.4691,0.14,23701632,223908.864,5094539
node1.tardis-apia.ldos-ut-pg0.wisc.cloudlab.us,tencentBlock_3246,lru,0.1,224,24,1,1,0.6354,0.08,23701632,223908.864,5094539
node1.tardis-apia.ldos-ut-pg0.wisc.cloudlab.us,tencentBlock_3246,lru,0.1,224,24,1,2,0.6354,0.08,23701632,223908.864,5094539
node1.tardis-apia.ldos-ut-pg0.wisc.cloudlab.us,tencentBlock_3246,lru,0.1,224,24,1,3,0.6354,0.08,23701632,223908.864,5094539
node1.tardis-apia.ldos-ut-pg0.wisc.cloudlab.us,tencentBlock_3246,lruforgive,0.1,224,24,1,1,0.6206,0.09,23701632,223908.864,5094539
node1.tardis-apia.ldos-ut-pg0.wisc.cloudlab.us,tencentBlock_3246,lruforgive,0.1,224,24,1,2,0.6206,0.09,23701632,223908.864,5094539
node1.tardis-apia.ldos-ut-pg0.wisc.cloudlab.us,tencentBlock_3246,lruforgive,0.1,224,24,1,3,0.6206,0.09,23701632,223908.864,5094539
node1.tardis-apia.ldos-ut-pg0.wisc.cloudlab.us,tencentBlock_3246,s3fifo,0.1,224,24,1,1,0.6276,0.16,23701632,223908.864,5094539
node1.tardis-apia.ldos-ut-pg0.wisc.cloudlab.us,tencentBlock_3246,s3fifo,0.1,224,24,1,2,0.6276,0.16,23701632,223908.864,5094539
node1.tardis-apia.ldos-ut-pg0.wisc.cloudlab.us,tencentBlock_3246,s3fifo,0.1,224,24,1,3,0.6276,0.16,23701632,223908.864,5094539
node1.tardis-apia.ldos-ut-pg0.wisc.cloudlab.us,tencentBlock_3246,s3fifoforgive,0.1,224,24,1,1,0.6265,0.15,23701632,223908.864,5094539
node1.tardis-apia.ldos-ut-pg0.wisc.cloudlab.us,tencentBlock_3246,s3fifoforgive,0.1,224,24,1,2,NA,NA,NA,223908.864,5094539
node1.tardis-apia.ldos-ut-pg0.wisc.cloudlab.us,tencentBlock_3246,s3fifoforgive,0.1,224,24,1,3,0.6265,0.15,23701632,223908.864,5094539
node1.tardis-apia.ldos-ut-pg0.wisc.cloudlab.us,tencentBlock_3265,lru,10,2815,27,1,1,0.2949,0.40,44522021,28152.32,2275069
node1.tardis-apia.ldos-ut-pg0.wisc.cloudlab.us,tencentBlock_3265,lru,10,2815,27,1,2,0.2949,0.41,44522021,28152.32,2275069
node1.tardis-apia.ldos-ut-pg0.wisc.cloudlab.us,tencentBlock_3265,lru,10,2815,27,1,3,0.2949,0.41,44522021,28152.32,2275069
node1.tardis-apia.ldos-ut-pg0.wisc.cloudlab.us,tencentBlock_3265,lruforgive,10,2815,27,1,1,0.2926,0.23,44522021,28152.32,2275069
node1.tardis-apia.ldos-ut-pg0.wisc.cloudlab.us,tencentBlock_3265,lruforgive,10,2815,27,1,2,0.2926,0.23,44522021,28152.32,2275069
node1.tardis-apia.ldos-ut-pg0.wisc.cloudlab.us,tencentBlock_3265,lruforgive,10,2815,27,1,3,0.2926,0.23,44522021,28152.32,2275069
node1.tardis-apia.ldos-ut-pg0.wisc.cloudlab.us,tencentBlock_3265,s3fifo,10,2815,27,1,1,0.2879,0.42,44522021,28152.32,2275069
node1.tardis-apia.ldos-ut-pg0.wisc.cloudlab.us,tencentBlock_3265,s3fifo,10,2815,27,1,2,0.2879,0.42,44522021,28152.32,2275069
node1.tardis-apia.ldos-ut-pg0.wisc.cloudlab.us,tencentBlock_3265,s3fifo,10,2815,27,1,3,0.2879,0.42,44522021,28152.32,2275069
node1.tardis-apia.ldos-ut-pg0.wisc.cloudlab.us,tencentBlock_3265,s3fifoforgive,10,2815,27,1,1,0.2876,0.26,44522021,28152.32,2275069
node1.tardis-apia.ldos-ut-pg0.wisc.cloudlab.us,tencentBlock_3265,s3fifoforgive,10,2815,27,1,2,0.2876,0.24,44522021,28152.32,2275069
node1.tardis-apia.ldos-ut-pg0.wisc.cloudlab.us,tencentBlock_3265,s3fifoforgive,10,2815,27,1,3,0.2876,0.25,44522021,28152.32,2275069
node1.tardis-apia.ldos-ut-pg0.wisc.cloudlab.us,tencentBlock_3265,lru,0.1,28,21,1,1,0.7904,1.55,44522021,28152.32,2275069
node1.tardis-apia.ldos-ut-pg0.wisc.cloudlab.us,tencentBlock_3265,lru,0.1,28,21,1,2,0.7904,1.56,44522021,28152.32,2275069
node1.tardis-apia.ldos-ut-pg0.wisc.cloudlab.us,tencentBlock_3265,lru,0.1,28,21,1,3,0.7904,1.56,44522021,28152.32,2275069
node1.tardis-apia.ldos-ut-pg0.wisc.cloudlab.us,tencentBlock_3265,lruforgive,0.1,28,21,1,1,0.7844,0.79,44522021,28152.32,2275069
node1.tardis-apia.ldos-ut-pg0.wisc.cloudlab.us,tencentBlock_3265,lruforgive,0.1,28,21,1,2,0.7844,0.79,44522021,28152.32,2275069
node1.tardis-apia.ldos-ut-pg0.wisc.cloudlab.us,tencentBlock_3265,lruforgive,0.1,28,21,1,3,0.7844,0.78,44522021,28152.32,2275069
node1.tardis-apia.ldos-ut-pg0.wisc.cloudlab.us,tencentBlock_3265,s3fifo,0.1,28,21,1,1,0.8001,1.60,44522021,28152.32,2275069
node1.tardis-apia.ldos-ut-pg0.wisc.cloudlab.us,tencentBlock_3265,s3fifo,0.1,28,21,1,2,0.8001,1.60,44522021,28152.32,2275069
node1.tardis-apia.ldos-ut-pg0.wisc.cloudlab.us,tencentBlock_3265,s3fifo,0.1,28,21,1,3,0.8001,1.59,44522021,28152.32,2275069
node1.tardis-apia.ldos-ut-pg0.wisc.cloudlab.us,tencentBlock_3265,s3fifoforgive,0.1,28,21,1,1,0.7984,0.98,44522021,28152.32,2275069
node1.tardis-apia.ldos-ut-pg0.wisc.cloudlab.us,tencentBlock_3265,s3fifoforgive,0.1,28,21,1,2,0.7984,0.99,44522021,28152.32,2275069
node1.tardis-apia.ldos-ut-pg0.wisc.cloudlab.us,tencentBlock_3265,s3fifoforgive,0.1,28,21,1,3,0.7984,0.98,44522021,28152.32,2275069
node1.tardis-apia.ldos-ut-pg0.wisc.cloudlab.us,tencentBlock_3300,lru,10,133866,27,1,1,NA_TOOBIG,NA,NA,1338660.9664,5444621
node1.tardis-apia.ldos-ut-pg0.wisc.cloudlab.us,tencentBlock_3300,lru,10,133866,27,1,2,NA_TOOBIG,NA,NA,1338660.9664,5444621
node1.tardis-apia.ldos-ut-pg0.wisc.cloudlab.us,tencentBlock_3300,lru,10,133866,27,1,3,NA_TOOBIG,NA,NA,1338660.9664,5444621
node1.tardis-apia.ldos-ut-pg0.wisc.cloudlab.us,tencentBlock_3300,lruforgive,10,133866,27,1,1,NA_TOOBIG,NA,NA,1338660.9664,5444621
node1.tardis-apia.ldos-ut-pg0.wisc.cloudlab.us,tencentBlock_3300,lruforgive,10,133866,27,1,2,NA_TOOBIG,NA,NA,1338660.9664,5444621
node1.tardis-apia.ldos-ut-pg0.wisc.cloudlab.us,tencentBlock_3300,lruforgive,10,133866,27,1,3,NA_TOOBIG,NA,NA,1338660.9664,5444621
node1.tardis-apia.ldos-ut-pg0.wisc.cloudlab.us,tencentBlock_3300,s3fifo,10,133866,27,1,1,NA_TOOBIG,NA,NA,1338660.9664,5444621
node1.tardis-apia.ldos-ut-pg0.wisc.cloudlab.us,tencentBlock_3300,s3fifo,10,133866,27,1,2,NA_TOOBIG,NA,NA,1338660.9664,5444621
node1.tardis-apia.ldos-ut-pg0.wisc.cloudlab.us,tencentBlock_3300,s3fifo,10,133866,27,1,3,NA_TOOBIG,NA,NA,1338660.9664,5444621
node1.tardis-apia.ldos-ut-pg0.wisc.cloudlab.us,tencentBlock_3300,s3fifoforgive,10,133866,27,1,1,NA_TOOBIG,NA,NA,1338660.9664,5444621
node1.tardis-apia.ldos-ut-pg0.wisc.cloudlab.us,tencentBlock_3300,s3fifoforgive,10,133866,27,1,2,NA_TOOBIG,NA,NA,1338660.9664,5444621
node1.tardis-apia.ldos-ut-pg0.wisc.cloudlab.us,tencentBlock_3300,s3fifoforgive,10,133866,27,1,3,NA_TOOBIG,NA,NA,1338660.9664,5444621
node1.tardis-apia.ldos-ut-pg0.wisc.cloudlab.us,tencentBlock_3300,lru,0.1,1339,26,1,1,0.4193,0.09,38391480,1338660.9664,5444621
node1.tardis-apia.ldos-ut-pg0.wisc.cloudlab.us,tencentBlock_3300,lru,0.1,1339,26,1,2,0.4193,0.09,38391480,1338660.9664,5444621
node1.tardis-apia.ldos-ut-pg0.wisc.cloudlab.us,tencentBlock_3300,lru,0.1,1339,26,1,3,0.4193,0.09,38391480,1338660.9664,5444621
node1.tardis-apia.ldos-ut-pg0.wisc.cloudlab.us,tencentBlock_3300,lruforgive,0.1,1339,26,1,1,0.4042,0.08,38391480,1338660.9664,5444621
node1.tardis-apia.ldos-ut-pg0.wisc.cloudlab.us,tencentBlock_3300,lruforgive,0.1,1339,26,1,2,0.4042,0.08,38391480,1338660.9664,5444621
node1.tardis-apia.ldos-ut-pg0.wisc.cloudlab.us,tencentBlock_3300,lruforgive,0.1,1339,26,1,3,0.4042,0.08,38391480,1338660.9664,5444621
node1.tardis-apia.ldos-ut-pg0.wisc.cloudlab.us,tencentBlock_3300,s3fifo,0.1,1339,26,1,1,0.3940,0.09,38391480,1338660.9664,5444621
node1.tardis-apia.ldos-ut-pg0.wisc.cloudlab.us,tencentBlock_3300,s3fifo,0.1,1339,26,1,2,0.3940,0.09,38391480,1338660.9664,5444621
node1.tardis-apia.ldos-ut-pg0.wisc.cloudlab.us,tencentBlock_3300,s3fifo,0.1,1339,26,1,3,0.3940,0.09,38391480,1338660.9664,5444621
node1.tardis-apia.ldos-ut-pg0.wisc.cloudlab.us,tencentBlock_3300,s3fifoforgive,0.1,1339,26,1,1,0.3934,0.08,38391480,1338660.9664,5444621
node1.tardis-apia.ldos-ut-pg0.wisc.cloudlab.us,tencentBlock_3300,s3fifoforgive,0.1,1339,26,1,2,0.3934,0.08,38391480,1338660.9664,5444621
node1.tardis-apia.ldos-ut-pg0.wisc.cloudlab.us,tencentBlock_3300,s3fifoforgive,0.1,1339,26,1,3,0.3934,0.09,38391480,1338660.9664,5444621
node1.tardis-apia.ldos-ut-pg0.wisc.cloudlab.us,tencentBlock_3310,lru,10,67946,27,1,1,0.6330,0.06,14102488,679460.0448,6677088
node1.tardis-apia.ldos-ut-pg0.wisc.cloudlab.us,tencentBlock_3310,lru,10,67946,27,1,2,0.6330,0.06,14102488,679460.0448,6677088
node1.tardis-apia.ldos-ut-pg0.wisc.cloudlab.us,tencentBlock_3310,lru,10,67946,27,1,3,0.6330,0.06,14102488,679460.0448,6677088
node1.tardis-apia.ldos-ut-pg0.wisc.cloudlab.us,tencentBlock_3310,lruforgive,10,67946,27,1,1,0.6327,0.06,14102488,679460.0448,6677088
node1.tardis-apia.ldos-ut-pg0.wisc.cloudlab.us,tencentBlock_3310,lruforgive,10,67946,27,1,2,0.6327,0.06,14102488,679460.0448,6677088
node1.tardis-apia.ldos-ut-pg0.wisc.cloudlab.us,tencentBlock_3310,lruforgive,10,67946,27,1,3,0.6327,0.06,14102488,679460.0448,6677088
node1.tardis-apia.ldos-ut-pg0.wisc.cloudlab.us,tencentBlock_3310,s3fifo,10,67946,27,1,1,0.6367,0.07,14102488,679460.0448,6677088
node1.tardis-apia.ldos-ut-pg0.wisc.cloudlab.us,tencentBlock_3310,s3fifo,10,67946,27,1,2,0.6367,0.07,14102488,679460.0448,6677088
node1.tardis-apia.ldos-ut-pg0.wisc.cloudlab.us,tencentBlock_3310,s3fifo,10,67946,27,1,3,0.6367,0.07,14102488,679460.0448,6677088
node1.tardis-apia.ldos-ut-pg0.wisc.cloudlab.us,tencentBlock_3310,s3fifoforgive,10,67946,27,1,1,0.6367,0.07,14102488,679460.0448,6677088
node1.tardis-apia.ldos-ut-pg0.wisc.cloudlab.us,tencentBlock_3310,s3fifoforgive,10,67946,27,1,2,0.6367,0.07,14102488,679460.0448,6677088
node1.tardis-apia.ldos-ut-pg0.wisc.cloudlab.us,tencentBlock_3310,s3fifoforgive,10,67946,27,1,3,0.6367,0.07,14102488,679460.0448,6677088
node1.tardis-apia.ldos-ut-pg0.wisc.cloudlab.us,tencentBlock_3310,lru,0.1,679,25,1,1,0.9339,0.14,14102488,679460.0448,6677088
node1.tardis-apia.ldos-ut-pg0.wisc.cloudlab.us,tencentBlock_3310,lru,0.1,679,25,1,2,0.9339,0.14,14102488,679460.0448,6677088
node1.tardis-apia.ldos-ut-pg0.wisc.cloudlab.us,tencentBlock_3310,lru,0.1,679,25,1,3,0.9339,0.14,14102488,679460.0448,6677088
node1.tardis-apia.ldos-ut-pg0.wisc.cloudlab.us,tencentBlock_3310,lruforgive,0.1,679,25,1,1,0.9334,0.13,14102488,679460.0448,6677088
node1.tardis-apia.ldos-ut-pg0.wisc.cloudlab.us,tencentBlock_3310,lruforgive,0.1,679,25,1,2,0.9334,0.14,14102488,679460.0448,6677088
node1.tardis-apia.ldos-ut-pg0.wisc.cloudlab.us,tencentBlock_3310,lruforgive,0.1,679,25,1,3,0.9334,0.13,14102488,679460.0448,6677088
node1.tardis-apia.ldos-ut-pg0.wisc.cloudlab.us,tencentBlock_3310,s3fifo,0.1,679,25,1,1,0.9357,0.16,14102488,679460.0448,6677088
node1.tardis-apia.ldos-ut-pg0.wisc.cloudlab.us,tencentBlock_3310,s3fifo,0.1,679,25,1,2,0.9357,0.16,14102488,679460.0448,6677088
node1.tardis-apia.ldos-ut-pg0.wisc.cloudlab.us,tencentBlock_3310,s3fifo,0.1,679,25,1,3,0.9357,0.16,14102488,679460.0448,6677088
node1.tardis-apia.ldos-ut-pg0.wisc.cloudlab.us,tencentBlock_3310,s3fifoforgive,0.1,679,25,1,1,0.9356,0.15,14102488,679460.0448,6677088
node1.tardis-apia.ldos-ut-pg0.wisc.cloudlab.us,tencentBlock_3310,s3fifoforgive,0.1,679,25,1,2,0.9356,0.15,14102488,679460.0448,6677088
node1.tardis-apia.ldos-ut-pg0.wisc.cloudlab.us,tencentBlock_3310,s3fifoforgive,0.1,679,25,1,3,0.9356,0.15,14102488,679460.0448,6677088
node1.tardis-apia.ldos-ut-pg0.wisc.cloudlab.us,tencentBlock_3342,lru,10,6037,27,1,1,0.0596,1.52,100086696,60371.1488,5534976
node1.tardis-apia.ldos-ut-pg0.wisc.cloudlab.us,tencentBlock_3342,lru,10,6037,27,1,2,0.0596,1.52,100086696,60371.1488,5534976
node1.tardis-apia.ldos-ut-pg0.wisc.cloudlab.us,tencentBlock_3342,lru,10,6037,27,1,3,0.0596,1.51,100086696,60371.1488,5534976
node1.tardis-apia.ldos-ut-pg0.wisc.cloudlab.us,tencentBlock_3342,lruforgive,10,6037,27,1,1,0.0596,0.48,100086696,60371.1488,5534976
node1.tardis-apia.ldos-ut-pg0.wisc.cloudlab.us,tencentBlock_3342,lruforgive,10,6037,27,1,2,0.0596,0.49,100086696,60371.1488,5534976
node1.tardis-apia.ldos-ut-pg0.wisc.cloudlab.us,tencentBlock_3342,lruforgive,10,6037,27,1,3,0.0596,0.49,100086696,60371.1488,5534976
node1.tardis-apia.ldos-ut-pg0.wisc.cloudlab.us,tencentBlock_3342,s3fifo,10,6037,27,1,1,0.0592,1.61,100086696,60371.1488,5534976
node1.tardis-apia.ldos-ut-pg0.wisc.cloudlab.us,tencentBlock_3342,s3fifo,10,6037,27,1,2,0.0592,1.61,100086696,60371.1488,5534976
node1.tardis-apia.ldos-ut-pg0.wisc.cloudlab.us,tencentBlock_3342,s3fifo,10,6037,27,1,3,0.0592,1.60,100086696,60371.1488,5534976
node1.tardis-apia.ldos-ut-pg0.wisc.cloudlab.us,tencentBlock_3342,s3fifoforgive,10,6037,27,1,1,0.0592,0.45,100086696,60371.1488,5534976
node1.tardis-apia.ldos-ut-pg0.wisc.cloudlab.us,tencentBlock_3342,s3fifoforgive,10,6037,27,1,2,0.0592,0.45,100086696,60371.1488,5534976
node1.tardis-apia.ldos-ut-pg0.wisc.cloudlab.us,tencentBlock_3342,s3fifoforgive,10,6037,27,1,3,0.0592,0.46,100086696,60371.1488,5534976
node1.tardis-apia.ldos-ut-pg0.wisc.cloudlab.us,tencentBlock_3342,lru,0.1,60,22,1,1,0.2361,2.05,100086696,60371.1488,5534976
node1.tardis-apia.ldos-ut-pg0.wisc.cloudlab.us,tencentBlock_3342,lru,0.1,60,22,1,2,0.2361,2.08,100086696,60371.1488,5534976
node1.tardis-apia.ldos-ut-pg0.wisc.cloudlab.us,tencentBlock_3342,lru,0.1,60,22,1,3,0.2361,2.08,100086696,60371.1488,5534976
node1.tardis-apia.ldos-ut-pg0.wisc.cloudlab.us,tencentBlock_3342,lruforgive,0.1,60,22,1,1,0.2289,0.53,100086696,60371.1488,5534976
node1.tardis-apia.ldos-ut-pg0.wisc.cloudlab.us,tencentBlock_3342,lruforgive,0.1,60,22,1,2,0.2289,0.53,100086696,60371.1488,5534976
node1.tardis-apia.ldos-ut-pg0.wisc.cloudlab.us,tencentBlock_3342,lruforgive,0.1,60,22,1,3,0.2289,0.53,100086696,60371.1488,5534976
node1.tardis-apia.ldos-ut-pg0.wisc.cloudlab.us,tencentBlock_3342,s3fifo,0.1,60,22,1,1,0.2019,2.28,100086696,60371.1488,5534976
node1.tardis-apia.ldos-ut-pg0.wisc.cloudlab.us,tencentBlock_3342,s3fifo,0.1,60,22,1,2,0.2019,2.30,100086696,60371.1488,5534976
node1.tardis-apia.ldos-ut-pg0.wisc.cloudlab.us,tencentBlock_3342,s3fifo,0.1,60,22,1,3,0.2019,2.30,100086696,60371.1488,5534976
node1.tardis-apia.ldos-ut-pg0.wisc.cloudlab.us,tencentBlock_3342,s3fifoforgive,0.1,60,22,1,1,0.2015,0.64,100086696,60371.1488,5534976
node1.tardis-apia.ldos-ut-pg0.wisc.cloudlab.us,tencentBlock_3342,s3fifoforgive,0.1,60,22,1,2,0.2015,0.64,100086696,60371.1488,5534976
node1.tardis-apia.ldos-ut-pg0.wisc.cloudlab.us,tencentBlock_3342,s3fifoforgive,0.1,60,22,1,3,0.2015,0.73,100086696,60371.1488,5534976
node1.tardis-apia.ldos-ut-pg0.wisc.cloudlab.us,tencentBlock_3353,lru,10,3727,27,1,1,0.2791,0.47,43088562,37271.8592,2740280
node1.tardis-apia.ldos-ut-pg0.wisc.cloudlab.us,tencentBlock_3353,lru,10,3727,27,1,2,0.2791,0.47,43088562,37271.8592,2740280
node1.tardis-apia.ldos-ut-pg0.wisc.cloudlab.us,tencentBlock_3353,lru,10,3727,27,1,3,0.2791,0.47,43088562,37271.8592,2740280
node1.tardis-apia.ldos-ut-pg0.wisc.cloudlab.us,tencentBlock_3353,lruforgive,10,3727,27,1,1,0.2772,0.26,43088562,37271.8592,2740280
node1.tardis-apia.ldos-ut-pg0.wisc.cloudlab.us,tencentBlock_3353,lruforgive,10,3727,27,1,2,0.2772,0.26,43088562,37271.8592,2740280
node1.tardis-apia.ldos-ut-pg0.wisc.cloudlab.us,tencentBlock_3353,lruforgive,10,3727,27,1,3,0.2772,0.26,43088562,37271.8592,2740280
node1.tardis-apia.ldos-ut-pg0.wisc.cloudlab.us,tencentBlock_3353,s3fifo,10,3727,27,1,1,0.2699,0.49,43088562,37271.8592,2740280
node1.tardis-apia.ldos-ut-pg0.wisc.cloudlab.us,tencentBlock_3353,s3fifo,10,3727,27,1,2,0.2699,0.48,43088562,37271.8592,2740280
node1.tardis-apia.ldos-ut-pg0.wisc.cloudlab.us,tencentBlock_3353,s3fifo,10,3727,27,1,3,0.2699,0.49,43088562,37271.8592,2740280
node1.tardis-apia.ldos-ut-pg0.wisc.cloudlab.us,tencentBlock_3353,s3fifoforgive,10,3727,27,1,1,0.2697,0.28,43088562,37271.8592,2740280
node1.tardis-apia.ldos-ut-pg0.wisc.cloudlab.us,tencentBlock_3353,s3fifoforgive,10,3727,27,1,2,0.2697,0.28,43088562,37271.8592,2740280
node1.tardis-apia.ldos-ut-pg0.wisc.cloudlab.us,tencentBlock_3353,s3fifoforgive,10,3727,27,1,3,0.2697,0.28,43088562,37271.8592,2740280
node1.tardis-apia.ldos-ut-pg0.wisc.cloudlab.us,tencentBlock_3353,lru,0.1,37,21,1,1,0.8059,1.24,43088562,37271.8592,2740280
node1.tardis-apia.ldos-ut-pg0.wisc.cloudlab.us,tencentBlock_3353,lru,0.1,37,21,1,2,0.8059,1.24,43088562,37271.8592,2740280
node1.tardis-apia.ldos-ut-pg0.wisc.cloudlab.us,tencentBlock_3353,lru,0.1,37,21,1,3,0.8059,1.23,43088562,37271.8592,2740280
node1.tardis-apia.ldos-ut-pg0.wisc.cloudlab.us,tencentBlock_3353,lruforgive,0.1,37,21,1,1,0.7972,0.71,43088562,37271.8592,2740280
node1.tardis-apia.ldos-ut-pg0.wisc.cloudlab.us,tencentBlock_3353,lruforgive,0.1,37,21,1,2,0.7972,0.67,43088562,37271.8592,2740280
node1.tardis-apia.ldos-ut-pg0.wisc.cloudlab.us,tencentBlock_3353,lruforgive,0.1,37,21,1,3,0.7972,0.70,43088562,37271.8592,2740280
node1.tardis-apia.ldos-ut-pg0.wisc.cloudlab.us,tencentBlock_3353,s3fifo,0.1,37,21,1,1,0.8356,1.37,43088562,37271.8592,2740280
node1.tardis-apia.ldos-ut-pg0.wisc.cloudlab.us,tencentBlock_3353,s3fifo,0.1,37,21,1,2,0.8356,1.37,43088562,37271.8592,2740280
node1.tardis-apia.ldos-ut-pg0.wisc.cloudlab.us,tencentBlock_3353,s3fifo,0.1,37,21,1,3,0.8356,1.38,43088562,37271.8592,2740280
node1.tardis-apia.ldos-ut-pg0.wisc.cloudlab.us,tencentBlock_3353,s3fifoforgive,0.1,37,21,1,1,0.8310,0.95,43088562,37271.8592,2740280
node1.tardis-apia.ldos-ut-pg0.wisc.cloudlab.us,tencentBlock_3353,s3fifoforgive,0.1,37,21,1,2,0.8310,0.96,43088562,37271.8592,2740280
node1.tardis-apia.ldos-ut-pg0.wisc.cloudlab.us,tencentBlock_3353,s3fifoforgive,0.1,37,21,1,3,0.8310,0.96,43088562,37271.8592,2740280
node1.tardis-apia.ldos-ut-pg0.wisc.cloudlab.us,tencentBlock_3443,lru,10,3207,27,1,1,0.3422,0.39,53882140,32070.9632,2299799
node1.tardis-apia.ldos-ut-pg0.wisc.cloudlab.us,tencentBlock_3443,lru,10,3207,27,1,2,0.3422,0.39,53882140,32070.9632,2299799
node1.tardis-apia.ldos-ut-pg0.wisc.cloudlab.us,tencentBlock_3443,lru,10,3207,27,1,3,0.3422,0.39,53882140,32070.9632,2299799
node1.tardis-apia.ldos-ut-pg0.wisc.cloudlab.us,tencentBlock_3443,lruforgive,10,3207,27,1,1,0.3396,0.23,53882140,32070.9632,2299799
node1.tardis-apia.ldos-ut-pg0.wisc.cloudlab.us,tencentBlock_3443,lruforgive,10,3207,27,1,2,0.3396,0.23,53882140,32070.9632,2299799
node1.tardis-apia.ldos-ut-pg0.wisc.cloudlab.us,tencentBlock_3443,lruforgive,10,3207,27,1,3,0.3396,0.23,53882140,32070.9632,2299799
node1.tardis-apia.ldos-ut-pg0.wisc.cloudlab.us,tencentBlock_3443,s3fifo,10,3207,27,1,1,0.3267,0.39,53882140,32070.9632,2299799
node1.tardis-apia.ldos-ut-pg0.wisc.cloudlab.us,tencentBlock_3443,s3fifo,10,3207,27,1,2,0.3267,0.39,53882140,32070.9632,2299799
node1.tardis-apia.ldos-ut-pg0.wisc.cloudlab.us,tencentBlock_3443,s3fifo,10,3207,27,1,3,0.3267,0.39,53882140,32070.9632,2299799
node1.tardis-apia.ldos-ut-pg0.wisc.cloudlab.us,tencentBlock_3443,s3fifoforgive,10,3207,27,1,1,0.3263,0.25,53882140,32070.9632,2299799
node1.tardis-apia.ldos-ut-pg0.wisc.cloudlab.us,tencentBlock_3443,s3fifoforgive,10,3207,27,1,2,0.3263,0.25,53882140,32070.9632,2299799
node1.tardis-apia.ldos-ut-pg0.wisc.cloudlab.us,tencentBlock_3443,s3fifoforgive,10,3207,27,1,3,0.3263,0.26,53882140,32070.9632,2299799
node1.tardis-apia.ldos-ut-pg0.wisc.cloudlab.us,tencentBlock_3443,lru,0.1,32,21,1,1,0.8373,1.63,53882140,32070.9632,2299799
node1.tardis-apia.ldos-ut-pg0.wisc.cloudlab.us,tencentBlock_3443,lru,0.1,32,21,1,2,0.8373,1.63,53882140,32070.9632,2299799
node1.tardis-apia.ldos-ut-pg0.wisc.cloudlab.us,tencentBlock_3443,lru,0.1,32,21,1,3,0.8373,1.63,53882140,32070.9632,2299799
node1.tardis-apia.ldos-ut-pg0.wisc.cloudlab.us,tencentBlock_3443,lruforgive,0.1,32,21,1,1,0.8317,0.98,53882140,32070.9632,2299799
node1.tardis-apia.ldos-ut-pg0.wisc.cloudlab.us,tencentBlock_3443,lruforgive,0.1,32,21,1,2,0.8317,0.98,53882140,32070.9632,2299799
node1.tardis-apia.ldos-ut-pg0.wisc.cloudlab.us,tencentBlock_3443,lruforgive,0.1,32,21,1,3,0.8317,0.98,53882140,32070.9632,2299799
node1.tardis-apia.ldos-ut-pg0.wisc.cloudlab.us,tencentBlock_3443,s3fifo,0.1,32,21,1,1,0.8579,1.84,53882140,32070.9632,2299799
node1.tardis-apia.ldos-ut-pg0.wisc.cloudlab.us,tencentBlock_3443,s3fifo,0.1,32,21,1,2,0.8579,1.84,53882140,32070.9632,2299799
node1.tardis-apia.ldos-ut-pg0.wisc.cloudlab.us,tencentBlock_3443,s3fifo,0.1,32,21,1,3,0.8579,1.84,53882140,32070.9632,2299799
node1.tardis-apia.ldos-ut-pg0.wisc.cloudlab.us,tencentBlock_3443,s3fifoforgive,0.1,32,21,1,1,0.8552,1.26,53882140,32070.9632,2299799
node1.tardis-apia.ldos-ut-pg0.wisc.cloudlab.us,tencentBlock_3443,s3fifoforgive,0.1,32,21,1,2,0.8552,1.23,53882140,32070.9632,2299799
node1.tardis-apia.ldos-ut-pg0.wisc.cloudlab.us,tencentBlock_3443,s3fifoforgive,0.1,32,21,1,3,0.8552,1.26,53882140,32070.9632,2299799
node1.tardis-apia.ldos-ut-pg0.wisc.cloudlab.us,tencentBlock_3495,lru,10,3397,27,1,1,0.2760,0.47,33414051,33974.8864,2415275
node1.tardis-apia.ldos-ut-pg0.wisc.cloudlab.us,tencentBlock_3495,lru,10,3397,27,1,2,0.2760,0.47,33414051,33974.8864,2415275
node1.tardis-apia.ldos-ut-pg0.wisc.cloudlab.us,tencentBlock_3495,lru,10,3397,27,1,3,0.2760,0.47,33414051,33974.8864,2415275
node1.tardis-apia.ldos-ut-pg0.wisc.cloudlab.us,tencentBlock_3495,lruforgive,10,3397,27,1,1,0.2741,0.27,33414051,33974.8864,2415275
node1.tardis-apia.ldos-ut-pg0.wisc.cloudlab.us,tencentBlock_3495,lruforgive,10,3397,27,1,2,0.2741,0.26,33414051,33974.8864,2415275
node1.tardis-apia.ldos-ut-pg0.wisc.cloudlab.us,tencentBlock_3495,lruforgive,10,3397,27,1,3,0.2741,0.26,33414051,33974.8864,2415275
node1.tardis-apia.ldos-ut-pg0.wisc.cloudlab.us,tencentBlock_3495,s3fifo,10,3397,27,1,1,0.2636,0.48,33414051,33974.8864,2415275
node1.tardis-apia.ldos-ut-pg0.wisc.cloudlab.us,tencentBlock_3495,s3fifo,10,3397,27,1,2,0.2636,0.49,33414051,33974.8864,2415275
node1.tardis-apia.ldos-ut-pg0.wisc.cloudlab.us,tencentBlock_3495,s3fifo,10,3397,27,1,3,0.2636,0.48,33414051,33974.8864,2415275
node1.tardis-apia.ldos-ut-pg0.wisc.cloudlab.us,tencentBlock_3495,s3fifoforgive,10,3397,27,1,1,0.2635,0.29,33414051,33974.8864,2415275
node1.tardis-apia.ldos-ut-pg0.wisc.cloudlab.us,tencentBlock_3495,s3fifoforgive,10,3397,27,1,2,0.2635,0.29,33414051,33974.8864,2415275
node1.tardis-apia.ldos-ut-pg0.wisc.cloudlab.us,tencentBlock_3495,s3fifoforgive,10,3397,27,1,3,0.2635,0.29,33414051,33974.8864,2415275
node1.tardis-apia.ldos-ut-pg0.wisc.cloudlab.us,tencentBlock_3495,lru,0.1,34,21,1,1,0.8171,1.67,33414051,33974.8864,2415275
node1.tardis-apia.ldos-ut-pg0.wisc.cloudlab.us,tencentBlock_3495,lru,0.1,34,21,1,2,0.8171,1.64,33414051,33974.8864,2415275
node1.tardis-apia.ldos-ut-pg0.wisc.cloudlab.us,tencentBlock_3495,lru,0.1,34,21,1,3,0.8171,1.65,33414051,33974.8864,2415275
node1.tardis-apia.ldos-ut-pg0.wisc.cloudlab.us,tencentBlock_3495,lruforgive,0.1,34,21,1,1,0.8080,0.93,33414051,33974.8864,2415275
node1.tardis-apia.ldos-ut-pg0.wisc.cloudlab.us,tencentBlock_3495,lruforgive,0.1,34,21,1,2,0.8080,0.93,33414051,33974.8864,2415275
node1.tardis-apia.ldos-ut-pg0.wisc.cloudlab.us,tencentBlock_3495,lruforgive,0.1,34,21,1,3,0.8080,0.93,33414051,33974.8864,2415275
node1.tardis-apia.ldos-ut-pg0.wisc.cloudlab.us,tencentBlock_3495,s3fifo,0.1,34,21,1,1,0.8365,1.77,33414051,33974.8864,2415275
node1.tardis-apia.ldos-ut-pg0.wisc.cloudlab.us,tencentBlock_3495,s3fifo,0.1,34,21,1,2,0.8365,1.78,33414051,33974.8864,2415275
node1.tardis-apia.ldos-ut-pg0.wisc.cloudlab.us,tencentBlock_3495,s3fifo,0.1,34,21,1,3,0.8365,1.78,33414051,33974.8864,2415275
node1.tardis-apia.ldos-ut-pg0.wisc.cloudlab.us,tencentBlock_3495,s3fifoforgive,0.1,34,21,1,1,0.8341,1.22,33414051,33974.8864,2415275
node1.tardis-apia.ldos-ut-pg0.wisc.cloudlab.us,tencentBlock_3495,s3fifoforgive,0.1,34,21,1,2,0.8341,1.20,33414051,33974.8864,2415275
node1.tardis-apia.ldos-ut-pg0.wisc.cloudlab.us,tencentBlock_3495,s3fifoforgive,0.1,34,21,1,3,0.8341,1.22,33414051,33974.8864,2415275
node1.tardis-apia.ldos-ut-pg0.wisc.cloudlab.us,tencentBlock_3512,lru,10,9029,27,1,1,0.3864,0.18,6339585,90294.784,1946905
node1.tardis-apia.ldos-ut-pg0.wisc.cloudlab.us,tencentBlock_3512,lru,10,9029,27,1,2,0.3864,0.18,6339585,90294.784,1946905
node1.tardis-apia.ldos-ut-pg0.wisc.cloudlab.us,tencentBlock_3512,lru,10,9029,27,1,3,0.3864,0.18,6339585,90294.784,1946905
node1.tardis-apia.ldos-ut-pg0.wisc.cloudlab.us,tencentBlock_3512,lruforgive,10,9029,27,1,1,0.3861,0.16,6339585,90294.784,1946905
node1.tardis-apia.ldos-ut-pg0.wisc.cloudlab.us,tencentBlock_3512,lruforgive,10,9029,27,1,2,0.3861,0.16,6339585,90294.784,1946905
node1.tardis-apia.ldos-ut-pg0.wisc.cloudlab.us,tencentBlock_3512,lruforgive,10,9029,27,1,3,0.3861,0.16,6339585,90294.784,1946905
node1.tardis-apia.ldos-ut-pg0.wisc.cloudlab.us,tencentBlock_3512,s3fifo,10,9029,27,1,1,0.4103,0.22,6339585,90294.784,1946905
node1.tardis-apia.ldos-ut-pg0.wisc.cloudlab.us,tencentBlock_3512,s3fifo,10,9029,27,1,2,0.4103,0.22,6339585,90294.784,1946905
node1.tardis-apia.ldos-ut-pg0.wisc.cloudlab.us,tencentBlock_3512,s3fifo,10,9029,27,1,3,0.4103,0.22,6339585,90294.784,1946905
node1.tardis-apia.ldos-ut-pg0.wisc.cloudlab.us,tencentBlock_3512,s3fifoforgive,10,9029,27,1,1,0.4103,0.19,6339585,90294.784,1946905
node1.tardis-apia.ldos-ut-pg0.wisc.cloudlab.us,tencentBlock_3512,s3fifoforgive,10,9029,27,1,2,0.4103,0.19,6339585,90294.784,1946905
node1.tardis-apia.ldos-ut-pg0.wisc.cloudlab.us,tencentBlock_3512,s3fifoforgive,10,9029,27,1,3,0.4103,0.19,6339585,90294.784,1946905
node1.tardis-apia.ldos-ut-pg0.wisc.cloudlab.us,tencentBlock_3512,lru,0.1,90,22,1,1,0.7165,0.42,6339585,90294.784,1946905
node1.tardis-apia.ldos-ut-pg0.wisc.cloudlab.us,tencentBlock_3512,lru,0.1,90,22,1,2,0.7165,0.42,6339585,90294.784,1946905
node1.tardis-apia.ldos-ut-pg0.wisc.cloudlab.us,tencentBlock_3512,lru,0.1,90,22,1,3,0.7165,0.42,6339585,90294.784,1946905
node1.tardis-apia.ldos-ut-pg0.wisc.cloudlab.us,tencentBlock_3512,lruforgive,0.1,90,22,1,1,0.7049,0.35,6339585,90294.784,1946905
node1.tardis-apia.ldos-ut-pg0.wisc.cloudlab.us,tencentBlock_3512,lruforgive,0.1,90,22,1,2,0.7049,0.35,6339585,90294.784,1946905
node1.tardis-apia.ldos-ut-pg0.wisc.cloudlab.us,tencentBlock_3512,lruforgive,0.1,90,22,1,3,0.7053,0.35,6339585,90294.784,1946905
node1.tardis-apia.ldos-ut-pg0.wisc.cloudlab.us,tencentBlock_3512,s3fifo,0.1,90,22,1,1,NA,NA,NA,90294.784,1946905
node1.tardis-apia.ldos-ut-pg0.wisc.cloudlab.us,tencentBlock_3512,s3fifo,0.1,90,22,1,2,NA,NA,NA,90294.784,1946905
node1.tardis-apia.ldos-ut-pg0.wisc.cloudlab.us,tencentBlock_3512,s3fifo,0.1,90,22,1,3,NA,NA,NA,90294.784,1946905
node1.tardis-apia.ldos-ut-pg0.wisc.cloudlab.us,tencentBlock_3512,s3fifoforgive,0.1,90,22,1,1,NA,NA,NA,90294.784,1946905
node1.tardis-apia.ldos-ut-pg0.wisc.cloudlab.us,tencentBlock_3512,s3fifoforgive,0.1,90,22,1,2,NA,NA,NA,90294.784,1946905
node1.tardis-apia.ldos-ut-pg0.wisc.cloudlab.us,tencentBlock_3512,s3fifoforgive,0.1,90,22,1,3,NA,NA,NA,90294.784,1946905
node1.tardis-apia.ldos-ut-pg0.wisc.cloudlab.us,tencentBlock_3557,lru,10,8563,27,1,1,0.0654,0.76,88286208,85626.2656,3383744
node1.tardis-apia.ldos-ut-pg0.wisc.cloudlab.us,tencentBlock_3557,lru,10,8563,27,1,2,0.0654,0.76,88286208,85626.2656,3383744
node1.tardis-apia.ldos-ut-pg0.wisc.cloudlab.us,tencentBlock_3557,lru,10,8563,27,1,3,0.0654,0.76,88286208,85626.2656,3383744
node1.tardis-apia.ldos-ut-pg0.wisc.cloudlab.us,tencentBlock_3557,lruforgive,10,8563,27,1,1,0.0639,0.34,88286208,85626.2656,3383744
node1.tardis-apia.ldos-ut-pg0.wisc.cloudlab.us,tencentBlock_3557,lruforgive,10,8563,27,1,2,0.0639,0.34,88286208,85626.2656,3383744
node1.tardis-apia.ldos-ut-pg0.wisc.cloudlab.us,tencentBlock_3557,lruforgive,10,8563,27,1,3,0.0639,0.34,88286208,85626.2656,3383744
node1.tardis-apia.ldos-ut-pg0.wisc.cloudlab.us,tencentBlock_3557,s3fifo,10,8563,27,1,1,0.0574,0.94,88286208,85626.2656,3383744
node1.tardis-apia.ldos-ut-pg0.wisc.cloudlab.us,tencentBlock_3557,s3fifo,10,8563,27,1,2,0.0574,0.94,88286208,85626.2656,3383744
node1.tardis-apia.ldos-ut-pg0.wisc.cloudlab.us,tencentBlock_3557,s3fifo,10,8563,27,1,3,0.0574,0.93,88286208,85626.2656,3383744
node1.tardis-apia.ldos-ut-pg0.wisc.cloudlab.us,tencentBlock_3557,s3fifoforgive,10,8563,27,1,1,0.0574,0.37,88286208,85626.2656,3383744
node1.tardis-apia.ldos-ut-pg0.wisc.cloudlab.us,tencentBlock_3557,s3fifoforgive,10,8563,27,1,2,0.0574,0.37,88286208,85626.2656,3383744
node1.tardis-apia.ldos-ut-pg0.wisc.cloudlab.us,tencentBlock_3557,s3fifoforgive,10,8563,27,1,3,0.0574,0.37,88286208,85626.2656,3383744
node1.tardis-apia.ldos-ut-pg0.wisc.cloudlab.us,tencentBlock_3557,lru,0.1,86,22,1,1,0.7394,1.32,88286208,85626.2656,3383744
node1.tardis-apia.ldos-ut-pg0.wisc.cloudlab.us,tencentBlock_3557,lru,0.1,86,22,1,2,0.7394,1.33,88286208,85626.2656,3383744
node1.tardis-apia.ldos-ut-pg0.wisc.cloudlab.us,tencentBlock_3557,lru,0.1,86,22,1,3,0.7394,1.32,88286208,85626.2656,3383744
node1.tardis-apia.ldos-ut-pg0.wisc.cloudlab.us,tencentBlock_3557,lruforgive,0.1,86,22,1,1,0.6989,0.67,88286208,85626.2656,3383744
node1.tardis-apia.ldos-ut-pg0.wisc.cloudlab.us,tencentBlock_3557,lruforgive,0.1,86,22,1,2,0.6989,0.65,88286208,85626.2656,3383744
node1.tardis-apia.ldos-ut-pg0.wisc.cloudlab.us,tencentBlock_3557,lruforgive,0.1,86,22,1,3,0.6989,0.67,88286208,85626.2656,3383744
node1.tardis-apia.ldos-ut-pg0.wisc.cloudlab.us,tencentBlock_3557,s3fifo,0.1,86,22,1,1,0.6856,1.48,88286208,85626.2656,3383744
node1.tardis-apia.ldos-ut-pg0.wisc.cloudlab.us,tencentBlock_3557,s3fifo,0.1,86,22,1,2,0.6856,1.50,88286208,85626.2656,3383744
node1.tardis-apia.ldos-ut-pg0.wisc.cloudlab.us,tencentBlock_3557,s3fifo,0.1,86,22,1,3,0.6856,1.52,88286208,85626.2656,3383744
node1.tardis-apia.ldos-ut-pg0.wisc.cloudlab.us,tencentBlock_3557,s3fifoforgive,0.1,86,22,1,1,0.6776,0.86,88286208,85626.2656,3383744
node1.tardis-apia.ldos-ut-pg0.wisc.cloudlab.us,tencentBlock_3557,s3fifoforgive,0.1,86,22,1,2,0.6776,0.84,88286208,85626.2656,3383744
node1.tardis-apia.ldos-ut-pg0.wisc.cloudlab.us,tencentBlock_3557,s3fifoforgive,0.1,86,22,1,3,0.6776,0.85,88286208,85626.2656,3383744
node1.tardis-apia.ldos-ut-pg0.wisc.cloudlab.us,tencentBlock_3561,lru,10,1200,26,1,1,0.0802,1.74,22544815,12003.9424,1740366
node1.tardis-apia.ldos-ut-pg0.wisc.cloudlab.us,tencentBlock_3561,lru,10,1200,26,1,2,0.0802,1.77,22544815,12003.9424,1740366
node1.tardis-apia.ldos-ut-pg0.wisc.cloudlab.us,tencentBlock_3561,lru,10,1200,26,1,3,0.0802,1.76,22544815,12003.9424,1740366
node1.tardis-apia.ldos-ut-pg0.wisc.cloudlab.us,tencentBlock_3561,lruforgive,10,1200,26,1,1,0.0802,0.57,22544815,12003.9424,1740366
node1.tardis-apia.ldos-ut-pg0.wisc.cloudlab.us,tencentBlock_3561,lruforgive,10,1200,26,1,2,0.0802,0.57,22544815,12003.9424,1740366
node1.tardis-apia.ldos-ut-pg0.wisc.cloudlab.us,tencentBlock_3561,lruforgive,10,1200,26,1,3,0.0802,0.57,22544815,12003.9424,1740366
node1.tardis-apia.ldos-ut-pg0.wisc.cloudlab.us,tencentBlock_3561,s3fifo,10,1200,26,1,1,0.0801,1.81,22544815,12003.9424,1740366
node1.tardis-apia.ldos-ut-pg0.wisc.cloudlab.us,tencentBlock_3561,s3fifo,10,1200,26,1,2,0.0801,1.80,22544815,12003.9424,1740366
node1.tardis-apia.ldos-ut-pg0.wisc.cloudlab.us,tencentBlock_3561,s3fifo,10,1200,26,1,3,0.0801,1.80,22544815,12003.9424,1740366
node1.tardis-apia.ldos-ut-pg0.wisc.cloudlab.us,tencentBlock_3561,s3fifoforgive,10,1200,26,1,1,0.0801,0.61,22544815,12003.9424,1740366
node1.tardis-apia.ldos-ut-pg0.wisc.cloudlab.us,tencentBlock_3561,s3fifoforgive,10,1200,26,1,2,0.0801,0.61,22544815,12003.9424,1740366
node1.tardis-apia.ldos-ut-pg0.wisc.cloudlab.us,tencentBlock_3561,s3fifoforgive,10,1200,26,1,3,0.0801,0.61,22544815,12003.9424,1740366
node1.tardis-apia.ldos-ut-pg0.wisc.cloudlab.us,tencentBlock_3561,lru,0.1,12,20,1,1,0.3617,3.86,22544815,12003.9424,1740366
node1.tardis-apia.ldos-ut-pg0.wisc.cloudlab.us,tencentBlock_3561,lru,0.1,12,20,1,2,0.3617,3.88,22544815,12003.9424,1740366
node1.tardis-apia.ldos-ut-pg0.wisc.cloudlab.us,tencentBlock_3561,lru,0.1,12,20,1,3,0.3617,3.84,22544815,12003.9424,1740366
node1.tardis-apia.ldos-ut-pg0.wisc.cloudlab.us,tencentBlock_3561,lruforgive,0.1,12,20,1,1,0.3568,1.12,22544815,12003.9424,1740366
node1.tardis-apia.ldos-ut-pg0.wisc.cloudlab.us,tencentBlock_3561,lruforgive,0.1,12,20,1,2,0.3568,1.09,22544815,12003.9424,1740366
node1.tardis-apia.ldos-ut-pg0.wisc.cloudlab.us,tencentBlock_3561,lruforgive,0.1,12,20,1,3,0.3568,1.11,22544815,12003.9424,1740366
node1.tardis-apia.ldos-ut-pg0.wisc.cloudlab.us,tencentBlock_3561,s3fifo,0.1,12,20,1,1,0.3472,4.15,22544815,12003.9424,1740366
node1.tardis-apia.ldos-ut-pg0.wisc.cloudlab.us,tencentBlock_3561,s3fifo,0.1,12,20,1,2,0.3472,4.05,22544815,12003.9424,1740366
node1.tardis-apia.ldos-ut-pg0.wisc.cloudlab.us,tencentBlock_3561,s3fifo,0.1,12,20,1,3,0.3472,4.12,22544815,12003.9424,1740366
node1.tardis-apia.ldos-ut-pg0.wisc.cloudlab.us,tencentBlock_3561,s3fifoforgive,0.1,12,20,1,1,0.3469,1.23,22544815,12003.9424,1740366
node1.tardis-apia.ldos-ut-pg0.wisc.cloudlab.us,tencentBlock_3561,s3fifoforgive,0.1,12,20,1,2,0.3469,1.22,22544815,12003.9424,1740366
node1.tardis-apia.ldos-ut-pg0.wisc.cloudlab.us,tencentBlock_3561,s3fifoforgive,0.1,12,20,1,3,0.3469,1.22,22544815,12003.9424,1740366
node1.tardis-apia.ldos-ut-pg0.wisc.cloudlab.us,tencentBlock_3618,lru,10,3947,27,1,1,0.2472,0.33,7710473,39469.6704,1180758
node1.tardis-apia.ldos-ut-pg0.wisc.cloudlab.us,tencentBlock_3618,lru,10,3947,27,1,2,0.2472,0.33,7710473,39469.6704,1180758
node1.tardis-apia.ldos-ut-pg0.wisc.cloudlab.us,tencentBlock_3618,lru,10,3947,27,1,3,0.2472,0.33,7710473,39469.6704,1180758
node1.tardis-apia.ldos-ut-pg0.wisc.cloudlab.us,tencentBlock_3618,lruforgive,10,3947,27,1,1,0.2454,0.29,7710473,39469.6704,1180758
node1.tardis-apia.ldos-ut-pg0.wisc.cloudlab.us,tencentBlock_3618,lruforgive,10,3947,27,1,2,0.2454,0.29,7710473,39469.6704,1180758
node1.tardis-apia.ldos-ut-pg0.wisc.cloudlab.us,tencentBlock_3618,lruforgive,10,3947,27,1,3,0.2454,0.29,7710473,39469.6704,1180758
node1.tardis-apia.ldos-ut-pg0.wisc.cloudlab.us,tencentBlock_3618,s3fifo,10,3947,27,1,1,0.2291,0.37,7710473,39469.6704,1180758
node1.tardis-apia.ldos-ut-pg0.wisc.cloudlab.us,tencentBlock_3618,s3fifo,10,3947,27,1,2,0.2291,0.37,7710473,39469.6704,1180758
node1.tardis-apia.ldos-ut-pg0.wisc.cloudlab.us,tencentBlock_3618,s3fifo,10,3947,27,1,3,0.2291,0.37,7710473,39469.6704,1180758
node1.tardis-apia.ldos-ut-pg0.wisc.cloudlab.us,tencentBlock_3618,s3fifoforgive,10,3947,27,1,1,0.2290,0.30,7710473,39469.6704,1180758
node1.tardis-apia.ldos-ut-pg0.wisc.cloudlab.us,tencentBlock_3618,s3fifoforgive,10,3947,27,1,2,0.2290,0.30,7710473,39469.6704,1180758
node1.tardis-apia.ldos-ut-pg0.wisc.cloudlab.us,tencentBlock_3618,s3fifoforgive,10,3947,27,1,3,0.2290,0.30,7710473,39469.6704,1180758
node1.tardis-apia.ldos-ut-pg0.wisc.cloudlab.us,tencentBlock_3618,lru,0.1,39,21,1,1,0.5335,1.41,7710473,39469.6704,1180758
node1.tardis-apia.ldos-ut-pg0.wisc.cloudlab.us,tencentBlock_3618,lru,0.1,39,21,1,2,0.5335,1.41,7710473,39469.6704,1180758
node1.tardis-apia.ldos-ut-pg0.wisc.cloudlab.us,tencentBlock_3618,lru,0.1,39,21,1,3,0.5335,1.41,7710473,39469.6704,1180758
node1.tardis-apia.ldos-ut-pg0.wisc.cloudlab.us,tencentBlock_3618,lruforgive,0.1,39,21,1,1,0.5099,0.78,7710473,39469.6704,1180758
node1.tardis-apia.ldos-ut-pg0.wisc.cloudlab.us,tencentBlock_3618,lruforgive,0.1,39,21,1,2,0.5099,0.78,7710473,39469.6704,1180758
node1.tardis-apia.ldos-ut-pg0.wisc.cloudlab.us,tencentBlock_3618,lruforgive,0.1,39,21,1,3,0.5099,0.78,7710473,39469.6704,1180758
node1.tardis-apia.ldos-ut-pg0.wisc.cloudlab.us,tencentBlock_3618,s3fifo,0.1,39,21,1,1,0.5002,1.89,7710473,39469.6704,1180758
node1.tardis-apia.ldos-ut-pg0.wisc.cloudlab.us,tencentBlock_3618,s3fifo,0.1,39,21,1,2,0.5002,1.89,7710473,39469.6704,1180758
node1.tardis-apia.ldos-ut-pg0.wisc.cloudlab.us,tencentBlock_3618,s3fifo,0.1,39,21,1,3,0.5002,1.85,7710473,39469.6704,1180758
node1.tardis-apia.ldos-ut-pg0.wisc.cloudlab.us,tencentBlock_3618,s3fifoforgive,0.1,39,21,1,1,0.4996,1.09,7710473,39469.6704,1180758
node1.tardis-apia.ldos-ut-pg0.wisc.cloudlab.us,tencentBlock_3618,s3fifoforgive,0.1,39,21,1,2,0.4996,1.09,7710473,39469.6704,1180758
node1.tardis-apia.ldos-ut-pg0.wisc.cloudlab.us,tencentBlock_3618,s3fifoforgive,0.1,39,21,1,3,0.4996,1.08,7710473,39469.6704,1180758
node1.tardis-apia.ldos-ut-pg0.wisc.cloudlab.us,tencentBlock_3678,lru,10,4345,27,1,1,0.3214,0.34,44961055,43448.832,2185660
node1.tardis-apia.ldos-ut-pg0.wisc.cloudlab.us,tencentBlock_3678,lru,10,4345,27,1,2,0.3214,0.34,44961055,43448.832,2185660
node1.tardis-apia.ldos-ut-pg0.wisc.cloudlab.us,tencentBlock_3678,lru,10,4345,27,1,3,0.3214,0.34,44961055,43448.832,2185660
node1.tardis-apia.ldos-ut-pg0.wisc.cloudlab.us,tencentBlock_3678,lruforgive,10,4345,27,1,1,0.3204,0.21,44961055,43448.832,2185660
node1.tardis-apia.ldos-ut-pg0.wisc.cloudlab.us,tencentBlock_3678,lruforgive,10,4345,27,1,2,0.3204,0.21,44961055,43448.832,2185660
node1.tardis-apia.ldos-ut-pg0.wisc.cloudlab.us,tencentBlock_3678,lruforgive,10,4345,27,1,3,0.3204,0.21,44961055,43448.832,2185660
node1.tardis-apia.ldos-ut-pg0.wisc.cloudlab.us,tencentBlock_3678,s3fifo,10,4345,27,1,1,0.3288,0.33,44961055,43448.832,2185660
node1.tardis-apia.ldos-ut-pg0.wisc.cloudlab.us,tencentBlock_3678,s3fifo,10,4345,27,1,2,0.3288,0.34,44961055,43448.832,2185660
node1.tardis-apia.ldos-ut-pg0.wisc.cloudlab.us,tencentBlock_3678,s3fifo,10,4345,27,1,3,0.3288,0.34,44961055,43448.832,2185660
node1.tardis-apia.ldos-ut-pg0.wisc.cloudlab.us,tencentBlock_3678,s3fifoforgive,10,4345,27,1,1,0.3281,0.22,44961055,43448.832,2185660
node1.tardis-apia.ldos-ut-pg0.wisc.cloudlab.us,tencentBlock_3678,s3fifoforgive,10,4345,27,1,2,0.3281,0.22,44961055,43448.832,2185660
node1.tardis-apia.ldos-ut-pg0.wisc.cloudlab.us,tencentBlock_3678,s3fifoforgive,10,4345,27,1,3,0.3281,0.23,44961055,43448.832,2185660
node1.tardis-apia.ldos-ut-pg0.wisc.cloudlab.us,tencentBlock_3678,lru,0.1,43,21,1,1,0.7766,1.28,44961055,43448.832,2185660
node1.tardis-apia.ldos-ut-pg0.wisc.cloudlab.us,tencentBlock_3678,lru,0.1,43,21,1,2,0.7766,1.27,44961055,43448.832,2185660
node1.tardis-apia.ldos-ut-pg0.wisc.cloudlab.us,tencentBlock_3678,lru,0.1,43,21,1,3,0.7766,1.27,44961055,43448.832,2185660
node1.tardis-apia.ldos-ut-pg0.wisc.cloudlab.us,tencentBlock_3678,lruforgive,0.1,43,21,1,1,0.7699,0.71,44961055,43448.832,2185660
node1.tardis-apia.ldos-ut-pg0.wisc.cloudlab.us,tencentBlock_3678,lruforgive,0.1,43,21,1,2,0.7699,0.70,44961055,43448.832,2185660
node1.tardis-apia.ldos-ut-pg0.wisc.cloudlab.us,tencentBlock_3678,lruforgive,0.1,43,21,1,3,0.7699,0.70,44961055,43448.832,2185660
node1.tardis-apia.ldos-ut-pg0.wisc.cloudlab.us,tencentBlock_3678,s3fifo,0.1,43,21,1,1,0.7994,1.44,44961055,43448.832,2185660
node1.tardis-apia.ldos-ut-pg0.wisc.cloudlab.us,tencentBlock_3678,s3fifo,0.1,43,21,1,2,0.7994,1.47,44961055,43448.832,2185660
node1.tardis-apia.ldos-ut-pg0.wisc.cloudlab.us,tencentBlock_3678,s3fifo,0.1,43,21,1,3,0.7994,1.45,44961055,43448.832,2185660
node1.tardis-apia.ldos-ut-pg0.wisc.cloudlab.us,tencentBlock_3678,s3fifoforgive,0.1,43,21,1,1,0.7952,0.96,44961055,43448.832,2185660
node1.tardis-apia.ldos-ut-pg0.wisc.cloudlab.us,tencentBlock_3678,s3fifoforgive,0.1,43,21,1,2,0.7952,0.96,44961055,43448.832,2185660
node1.tardis-apia.ldos-ut-pg0.wisc.cloudlab.us,tencentBlock_3678,s3fifoforgive,0.1,43,21,1,3,0.7952,0.97,44961055,43448.832,2185660
node1.tardis-apia.ldos-ut-pg0.wisc.cloudlab.us,tencentBlock_3699,lru,10,3669,27,1,1,0.2770,0.48,44084829,36691.5584,2671106
node1.tardis-apia.ldos-ut-pg0.wisc.cloudlab.us,tencentBlock_3699,lru,10,3669,27,1,2,0.2770,0.47,44084829,36691.5584,2671106
node1.tardis-apia.ldos-ut-pg0.wisc.cloudlab.us,tencentBlock_3699,lru,10,3669,27,1,3,0.2770,0.47,44084829,36691.5584,2671106
node1.tardis-apia.ldos-ut-pg0.wisc.cloudlab.us,tencentBlock_3699,lruforgive,10,3669,27,1,1,0.2752,0.26,44084829,36691.5584,2671106
node1.tardis-apia.ldos-ut-pg0.wisc.cloudlab.us,tencentBlock_3699,lruforgive,10,3669,27,1,2,0.2752,0.26,44084829,36691.5584,2671106
node1.tardis-apia.ldos-ut-pg0.wisc.cloudlab.us,tencentBlock_3699,lruforgive,10,3669,27,1,3,0.2752,0.26,44084829,36691.5584,2671106
node1.tardis-apia.ldos-ut-pg0.wisc.cloudlab.us,tencentBlock_3699,s3fifo,10,3669,27,1,1,0.2665,0.48,44084829,36691.5584,2671106
node1.tardis-apia.ldos-ut-pg0.wisc.cloudlab.us,tencentBlock_3699,s3fifo,10,3669,27,1,2,0.2665,0.48,44084829,36691.5584,2671106
node1.tardis-apia.ldos-ut-pg0.wisc.cloudlab.us,tencentBlock_3699,s3fifo,10,3669,27,1,3,0.2665,0.48,44084829,36691.5584,2671106
node1.tardis-apia.ldos-ut-pg0.wisc.cloudlab.us,tencentBlock_3699,s3fifoforgive,10,3669,27,1,1,0.2664,0.28,44084829,36691.5584,2671106
node1.tardis-apia.ldos-ut-pg0.wisc.cloudlab.us,tencentBlock_3699,s3fifoforgive,10,3669,27,1,2,0.2664,0.28,44084829,36691.5584,2671106
node1.tardis-apia.ldos-ut-pg0.wisc.cloudlab.us,tencentBlock_3699,s3fifoforgive,10,3669,27,1,3,0.2664,0.28,44084829,36691.5584,2671106
node1.tardis-apia.ldos-ut-pg0.wisc.cloudlab.us,tencentBlock_3699,lru,0.1,37,21,1,1,0.7517,1.54,44084829,36691.5584,2671106
node1.tardis-apia.ldos-ut-pg0.wisc.cloudlab.us,tencentBlock_3699,lru,0.1,37,21,1,2,0.7517,1.52,44084829,36691.5584,2671106
node1.tardis-apia.ldos-ut-pg0.wisc.cloudlab.us,tencentBlock_3699,lru,0.1,37,21,1,3,0.7517,1.54,44084829,36691.5584,2671106
node1.tardis-apia.ldos-ut-pg0.wisc.cloudlab.us,tencentBlock_3699,lruforgive,0.1,37,21,1,1,0.7436,0.80,44084829,36691.5584,2671106
node1.tardis-apia.ldos-ut-pg0.wisc.cloudlab.us,tencentBlock_3699,lruforgive,0.1,37,21,1,2,0.7436,0.80,44084829,36691.5584,2671106
node1.tardis-apia.ldos-ut-pg0.wisc.cloudlab.us,tencentBlock_3699,lruforgive,0.1,37,21,1,3,0.7436,0.79,44084829,36691.5584,2671106
node1.tardis-apia.ldos-ut-pg0.wisc.cloudlab.us,tencentBlock_3699,s3fifo,0.1,37,21,1,1,0.7786,1.62,44084829,36691.5584,2671106
node1.tardis-apia.ldos-ut-pg0.wisc.cloudlab.us,tencentBlock_3699,s3fifo,0.1,37,21,1,2,0.7786,1.62,44084829,36691.5584,2671106
node1.tardis-apia.ldos-ut-pg0.wisc.cloudlab.us,tencentBlock_3699,s3fifo,0.1,37,21,1,3,0.7786,1.61,44084829,36691.5584,2671106
node1.tardis-apia.ldos-ut-pg0.wisc.cloudlab.us,tencentBlock_3699,s3fifoforgive,0.1,37,21,1,1,0.7754,1.03,44084829,36691.5584,2671106
node1.tardis-apia.ldos-ut-pg0.wisc.cloudlab.us,tencentBlock_3699,s3fifoforgive,0.1,37,21,1,2,0.7754,1.03,44084829,36691.5584,2671106
node1.tardis-apia.ldos-ut-pg0.wisc.cloudlab.us,tencentBlock_3699,s3fifoforgive,0.1,37,21,1,3,0.7754,1.03,44084829,36691.5584,2671106
node1.tardis-apia.ldos-ut-pg0.wisc.cloudlab.us,tencentBlock_3708,lru,10,5211,27,1,1,0.2750,0.39,53465068,52112.5888,2922347
node1.tardis-apia.ldos-ut-pg0.wisc.cloudlab.us,tencentBlock_3708,lru,10,5211,27,1,2,0.2750,0.39,53465068,52112.5888,2922347
node1.tardis-apia.ldos-ut-pg0.wisc.cloudlab.us,tencentBlock_3708,lru,10,5211,27,1,3,0.2750,0.39,53465068,52112.5888,2922347
node1.tardis-apia.ldos-ut-pg0.wisc.cloudlab.us,tencentBlock_3708,lruforgive,10,5211,27,1,1,0.2742,0.23,53465068,52112.5888,2922347
node1.tardis-apia.ldos-ut-pg0.wisc.cloudlab.us,tencentBlock_3708,lruforgive,10,5211,27,1,2,0.2742,0.23,53465068,52112.5888,2922347
node1.tardis-apia.ldos-ut-pg0.wisc.cloudlab.us,tencentBlock_3708,lruforgive,10,5211,27,1,3,0.2742,0.23,53465068,52112.5888,2922347
node1.tardis-apia.ldos-ut-pg0.wisc.cloudlab.us,tencentBlock_3708,s3fifo,10,5211,27,1,1,0.2794,0.38,53465068,52112.5888,2922347
node1.tardis-apia.ldos-ut-pg0.wisc.cloudlab.us,tencentBlock_3708,s3fifo,10,5211,27,1,2,0.2794,0.38,53465068,52112.5888,2922347
node1.tardis-apia.ldos-ut-pg0.wisc.cloudlab.us,tencentBlock_3708,s3fifo,10,5211,27,1,3,0.2794,0.38,53465068,52112.5888,2922347
node1.tardis-apia.ldos-ut-pg0.wisc.cloudlab.us,tencentBlock_3708,s3fifoforgive,10,5211,27,1,1,0.2790,0.24,53465068,52112.5888,2922347
node1.tardis-apia.ldos-ut-pg0.wisc.cloudlab.us,tencentBlock_3708,s3fifoforgive,10,5211,27,1,2,0.2790,0.24,53465068,52112.5888,2922347
node1.tardis-apia.ldos-ut-pg0.wisc.cloudlab.us,tencentBlock_3708,s3fifoforgive,10,5211,27,1,3,0.2790,0.24,53465068,52112.5888,2922347
node1.tardis-apia.ldos-ut-pg0.wisc.cloudlab.us,tencentBlock_3708,lru,0.1,52,22,1,1,0.7419,0.83,53465068,52112.5888,2922347
node1.tardis-apia.ldos-ut-pg0.wisc.cloudlab.us,tencentBlock_3708,lru,0.1,52,22,1,2,0.7419,0.81,53465068,52112.5888,2922347
node1.tardis-apia.ldos-ut-pg0.wisc.cloudlab.us,tencentBlock_3708,lru,0.1,52,22,1,3,0.7419,0.81,53465068,52112.5888,2922347
node1.tardis-apia.ldos-ut-pg0.wisc.cloudlab.us,tencentBlock_3708,lruforgive,0.1,52,22,1,1,0.7395,0.52,53465068,52112.5888,2922347
node1.tardis-apia.ldos-ut-pg0.wisc.cloudlab.us,tencentBlock_3708,lruforgive,0.1,52,22,1,2,0.7395,0.52,53465068,52112.5888,2922347
node1.tardis-apia.ldos-ut-pg0.wisc.cloudlab.us,tencentBlock_3708,lruforgive,0.1,52,22,1,3,0.7395,0.52,53465068,52112.5888,2922347
node1.tardis-apia.ldos-ut-pg0.wisc.cloudlab.us,tencentBlock_3708,s3fifo,0.1,52,22,1,1,0.7795,1.14,53465068,52112.5888,2922347
node1.tardis-apia.ldos-ut-pg0.wisc.cloudlab.us,tencentBlock_3708,s3fifo,0.1,52,22,1,2,0.7795,1.13,53465068,52112.5888,2922347
node1.tardis-apia.ldos-ut-pg0.wisc.cloudlab.us,tencentBlock_3708,s3fifo,0.1,52,22,1,3,0.7795,1.13,53465068,52112.5888,2922347
node1.tardis-apia.ldos-ut-pg0.wisc.cloudlab.us,tencentBlock_3708,s3fifoforgive,0.1,52,22,1,1,0.7744,0.74,53465068,52112.5888,2922347
node1.tardis-apia.ldos-ut-pg0.wisc.cloudlab.us,tencentBlock_3708,s3fifoforgive,0.1,52,22,1,2,0.7744,0.74,53465068,52112.5888,2922347
node1.tardis-apia.ldos-ut-pg0.wisc.cloudlab.us,tencentBlock_3708,s3fifoforgive,0.1,52,22,1,3,0.7744,0.75,53465068,52112.5888,2922347
node1.tardis-apia.ldos-ut-pg0.wisc.cloudlab.us,tencentBlock_3762,lru,10,4435,27,1,1,0.2072,0.49,21787601,44353.6384,1576612
node1.tardis-apia.ldos-ut-pg0.wisc.cloudlab.us,tencentBlock_3762,lru,10,4435,27,1,2,0.2072,0.49,21787601,44353.6384,1576612
node1.tardis-apia.ldos-ut-pg0.wisc.cloudlab.us,tencentBlock_3762,lru,10,4435,27,1,3,0.2072,0.49,21787601,44353.6384,1576612
node1.tardis-apia.ldos-ut-pg0.wisc.cloudlab.us,tencentBlock_3762,lruforgive,10,4435,27,1,1,0.2048,0.32,21787601,44353.6384,1576612
node1.tardis-apia.ldos-ut-pg0.wisc.cloudlab.us,tencentBlock_3762,lruforgive,10,4435,27,1,2,0.2048,0.32,21787601,44353.6384,1576612
node1.tardis-apia.ldos-ut-pg0.wisc.cloudlab.us,tencentBlock_3762,lruforgive,10,4435,27,1,3,0.2048,0.32,21787601,44353.6384,1576612
node1.tardis-apia.ldos-ut-pg0.wisc.cloudlab.us,tencentBlock_3762,s3fifo,10,4435,27,1,1,0.1756,0.57,21787601,44353.6384,1576612
node1.tardis-apia.ldos-ut-pg0.wisc.cloudlab.us,tencentBlock_3762,s3fifo,10,4435,27,1,2,0.1756,0.58,21787601,44353.6384,1576612
node1.tardis-apia.ldos-ut-pg0.wisc.cloudlab.us,tencentBlock_3762,s3fifo,10,4435,27,1,3,0.1756,0.56,21787601,44353.6384,1576612
node1.tardis-apia.ldos-ut-pg0.wisc.cloudlab.us,tencentBlock_3762,s3fifoforgive,10,4435,27,1,1,0.1756,0.33,21787601,44353.6384,1576612
node1.tardis-apia.ldos-ut-pg0.wisc.cloudlab.us,tencentBlock_3762,s3fifoforgive,10,4435,27,1,2,0.1756,0.33,21787601,44353.6384,1576612
node1.tardis-apia.ldos-ut-pg0.wisc.cloudlab.us,tencentBlock_3762,s3fifoforgive,10,4435,27,1,3,0.1756,0.33,21787601,44353.6384,1576612
node1.tardis-apia.ldos-ut-pg0.wisc.cloudlab.us,tencentBlock_3762,lru,0.1,44,21,1,1,0.4501,1.18,21787601,44353.6384,1576612
node1.tardis-apia.ldos-ut-pg0.wisc.cloudlab.us,tencentBlock_3762,lru,0.1,44,21,1,2,0.4501,1.16,21787601,44353.6384,1576612
node1.tardis-apia.ldos-ut-pg0.wisc.cloudlab.us,tencentBlock_3762,lru,0.1,44,21,1,3,0.4501,1.20,21787601,44353.6384,1576612
node1.tardis-apia.ldos-ut-pg0.wisc.cloudlab.us,tencentBlock_3762,lruforgive,0.1,44,21,1,1,0.4315,0.55,21787601,44353.6384,1576612
node1.tardis-apia.ldos-ut-pg0.wisc.cloudlab.us,tencentBlock_3762,lruforgive,0.1,44,21,1,2,0.4315,0.55,21787601,44353.6384,1576612
node1.tardis-apia.ldos-ut-pg0.wisc.cloudlab.us,tencentBlock_3762,lruforgive,0.1,44,21,1,3,0.4315,0.55,21787601,44353.6384,1576612
node1.tardis-apia.ldos-ut-pg0.wisc.cloudlab.us,tencentBlock_3762,s3fifo,0.1,44,21,1,1,0.4201,1.54,21787601,44353.6384,1576612
node1.tardis-apia.ldos-ut-pg0.wisc.cloudlab.us,tencentBlock_3762,s3fifo,0.1,44,21,1,2,0.4201,1.53,21787601,44353.6384,1576612
node1.tardis-apia.ldos-ut-pg0.wisc.cloudlab.us,tencentBlock_3762,s3fifo,0.1,44,21,1,3,0.4201,1.51,21787601,44353.6384,1576612
node1.tardis-apia.ldos-ut-pg0.wisc.cloudlab.us,tencentBlock_3762,s3fifoforgive,0.1,44,21,1,1,0.4172,0.82,21787601,44353.6384,1576612
node1.tardis-apia.ldos-ut-pg0.wisc.cloudlab.us,tencentBlock_3762,s3fifoforgive,0.1,44,21,1,2,0.4172,0.81,21787601,44353.6384,1576612
node1.tardis-apia.ldos-ut-pg0.wisc.cloudlab.us,tencentBlock_3762,s3fifoforgive,0.1,44,21,1,3,0.4172,0.82,21787601,44353.6384,1576612
node1.tardis-apia.ldos-ut-pg0.wisc.cloudlab.us,tencentBlock_3768,lru,10,5009,27,1,1,0.2950,0.39,53971436,50089.1648,2914828
node1.tardis-apia.ldos-ut-pg0.wisc.cloudlab.us,tencentBlock_3768,lru,10,5009,27,1,2,0.2950,0.39,53971436,50089.1648,2914828
node1.tardis-apia.ldos-ut-pg0.wisc.cloudlab.us,tencentBlock_3768,lru,10,5009,27,1,3,0.2950,0.39,53971436,50089.1648,2914828
node1.tardis-apia.ldos-ut-pg0.wisc.cloudlab.us,tencentBlock_3768,lruforgive,10,5009,27,1,1,0.2940,0.23,53971436,50089.1648,2914828
node1.tardis-apia.ldos-ut-pg0.wisc.cloudlab.us,tencentBlock_3768,lruforgive,10,5009,27,1,2,0.2940,0.23,53971436,50089.1648,2914828
node1.tardis-apia.ldos-ut-pg0.wisc.cloudlab.us,tencentBlock_3768,lruforgive,10,5009,27,1,3,0.2940,0.23,53971436,50089.1648,2914828
node1.tardis-apia.ldos-ut-pg0.wisc.cloudlab.us,tencentBlock_3768,s3fifo,10,5009,27,1,1,0.2973,0.38,53971436,50089.1648,2914828
node1.tardis-apia.ldos-ut-pg0.wisc.cloudlab.us,tencentBlock_3768,s3fifo,10,5009,27,1,2,0.2973,0.38,53971436,50089.1648,2914828
node1.tardis-apia.ldos-ut-pg0.wisc.cloudlab.us,tencentBlock_3768,s3fifo,10,5009,27,1,3,0.2973,0.38,53971436,50089.1648,2914828
node1.tardis-apia.ldos-ut-pg0.wisc.cloudlab.us,tencentBlock_3768,s3fifoforgive,10,5009,27,1,1,0.2969,0.24,53971436,50089.1648,2914828
node1.tardis-apia.ldos-ut-pg0.wisc.cloudlab.us,tencentBlock_3768,s3fifoforgive,10,5009,27,1,2,0.2969,0.24,53971436,50089.1648,2914828
node1.tardis-apia.ldos-ut-pg0.wisc.cloudlab.us,tencentBlock_3768,s3fifoforgive,10,5009,27,1,3,0.2969,0.24,53971436,50089.1648,2914828
node1.tardis-apia.ldos-ut-pg0.wisc.cloudlab.us,tencentBlock_3768,lru,0.1,50,22,1,1,0.7632,1.02,53971436,50089.1648,2914828
node1.tardis-apia.ldos-ut-pg0.wisc.cloudlab.us,tencentBlock_3768,lru,0.1,50,22,1,2,0.7632,1.02,53971436,50089.1648,2914828
node1.tardis-apia.ldos-ut-pg0.wisc.cloudlab.us,tencentBlock_3768,lru,0.1,50,22,1,3,0.7632,1.02,53971436,50089.1648,2914828
node1.tardis-apia.ldos-ut-pg0.wisc.cloudlab.us,tencentBlock_3768,lruforgive,0.1,50,22,1,1,0.7613,0.64,53971436,50089.1648,2914828
node1.tardis-apia.ldos-ut-pg0.wisc.cloudlab.us,tencentBlock_3768,lruforgive,0.1,50,22,1,2,0.7613,0.64,53971436,50089.1648,2914828
node1.tardis-apia.ldos-ut-pg0.wisc.cloudlab.us,tencentBlock_3768,lruforgive,0.1,50,22,1,3,0.7613,0.65,53971436,50089.1648,2914828
node1.tardis-apia.ldos-ut-pg0.wisc.cloudlab.us,tencentBlock_3768,s3fifo,0.1,50,22,1,1,0.7963,1.36,53971436,50089.1648,2914828
node1.tardis-apia.ldos-ut-pg0.wisc.cloudlab.us,tencentBlock_3768,s3fifo,0.1,50,22,1,2,0.7963,1.33,53971436,50089.1648,2914828
node1.tardis-apia.ldos-ut-pg0.wisc.cloudlab.us,tencentBlock_3768,s3fifo,0.1,50,22,1,3,0.7963,1.35,53971436,50089.1648,2914828
node1.tardis-apia.ldos-ut-pg0.wisc.cloudlab.us,tencentBlock_3768,s3fifoforgive,0.1,50,22,1,1,0.7928,0.90,53971436,50089.1648,2914828
node1.tardis-apia.ldos-ut-pg0.wisc.cloudlab.us,tencentBlock_3768,s3fifoforgive,0.1,50,22,1,2,0.7928,0.90,53971436,50089.1648,2914828
node1.tardis-apia.ldos-ut-pg0.wisc.cloudlab.us,tencentBlock_3768,s3fifoforgive,0.1,50,22,1,3,0.7928,0.89,53971436,50089.1648,2914828
node1.tardis-apia.ldos-ut-pg0.wisc.cloudlab.us,tencentBlock_3770,lru,10,13971,27,1,1,0.9966,0.08,3047199,139708.1088,2235398
node1.tardis-apia.ldos-ut-pg0.wisc.cloudlab.us,tencentBlock_3770,lru,10,13971,27,1,2,0.9966,0.08,3047199,139708.1088,2235398
node1.tardis-apia.ldos-ut-pg0.wisc.cloudlab.us,tencentBlock_3770,lru,10,13971,27,1,3,0.9966,0.08,3047199,139708.1088,2235398
node1.tardis-apia.ldos-ut-pg0.wisc.cloudlab.us,tencentBlock_3770,lruforgive,10,13971,27,1,1,0.9966,0.09,3047199,139708.1088,2235398
node1.tardis-apia.ldos-ut-pg0.wisc.cloudlab.us,tencentBlock_3770,lruforgive,10,13971,27,1,2,0.9966,0.09,3047199,139708.1088,2235398
node1.tardis-apia.ldos-ut-pg0.wisc.cloudlab.us,tencentBlock_3770,lruforgive,10,13971,27,1,3,0.9966,0.09,3047199,139708.1088,2235398
node1.tardis-apia.ldos-ut-pg0.wisc.cloudlab.us,tencentBlock_3770,s3fifo,10,13971,27,1,1,0.9948,0.08,3047199,139708.1088,2235398
node1.tardis-apia.ldos-ut-pg0.wisc.cloudlab.us,tencentBlock_3770,s3fifo,10,13971,27,1,2,0.9948,0.08,3047199,139708.1088,2235398
node1.tardis-apia.ldos-ut-pg0.wisc.cloudlab.us,tencentBlock_3770,s3fifo,10,13971,27,1,3,0.9948,0.08,3047199,139708.1088,2235398
node1.tardis-apia.ldos-ut-pg0.wisc.cloudlab.us,tencentBlock_3770,s3fifoforgive,10,13971,27,1,1,0.9948,0.09,3047199,139708.1088,2235398
node1.tardis-apia.ldos-ut-pg0.wisc.cloudlab.us,tencentBlock_3770,s3fifoforgive,10,13971,27,1,2,0.9948,0.09,3047199,139708.1088,2235398
node1.tardis-apia.ldos-ut-pg0.wisc.cloudlab.us,tencentBlock_3770,s3fifoforgive,10,13971,27,1,3,0.9948,0.08,3047199,139708.1088,2235398
node1.tardis-apia.ldos-ut-pg0.wisc.cloudlab.us,tencentBlock_3770,lru,0.1,140,23,1,1,1.0000,0.13,3047199,139708.1088,2235398
node1.tardis-apia.ldos-ut-pg0.wisc.cloudlab.us,tencentBlock_3770,lru,0.1,140,23,1,2,1.0000,0.13,3047199,139708.1088,2235398
node1.tardis-apia.ldos-ut-pg0.wisc.cloudlab.us,tencentBlock_3770,lru,0.1,140,23,1,3,1.0000,0.12,3047199,139708.1088,2235398
node1.tardis-apia.ldos-ut-pg0.wisc.cloudlab.us,tencentBlock_3770,lruforgive,0.1,140,23,1,1,1.0000,0.13,3047199,139708.1088,2235398
node1.tardis-apia.ldos-ut-pg0.wisc.cloudlab.us,tencentBlock_3770,lruforgive,0.1,140,23,1,2,1.0000,0.12,3047199,139708.1088,2235398
node1.tardis-apia.ldos-ut-pg0.wisc.cloudlab.us,tencentBlock_3770,lruforgive,0.1,140,23,1,3,1.0000,0.12,3047199,139708.1088,2235398
node1.tardis-apia.ldos-ut-pg0.wisc.cloudlab.us,tencentBlock_3770,s3fifo,0.1,140,23,1,1,0.9999,0.13,3047199,139708.1088,2235398
node1.tardis-apia.ldos-ut-pg0.wisc.cloudlab.us,tencentBlock_3770,s3fifo,0.1,140,23,1,2,0.9999,0.13,3047199,139708.1088,2235398
node1.tardis-apia.ldos-ut-pg0.wisc.cloudlab.us,tencentBlock_3770,s3fifo,0.1,140,23,1,3,0.9999,0.13,3047199,139708.1088,2235398
node1.tardis-apia.ldos-ut-pg0.wisc.cloudlab.us,tencentBlock_3770,s3fifoforgive,0.1,140,23,1,1,0.9999,0.12,3047199,139708.1088,2235398
node1.tardis-apia.ldos-ut-pg0.wisc.cloudlab.us,tencentBlock_3770,s3fifoforgive,0.1,140,23,1,2,0.9999,0.12,3047199,139708.1088,2235398
node1.tardis-apia.ldos-ut-pg0.wisc.cloudlab.us,tencentBlock_3770,s3fifoforgive,0.1,140,23,1,3,0.9999,0.12,3047199,139708.1088,2235398
node1.tardis-apia.ldos-ut-pg0.wisc.cloudlab.us,wiki_2016u,lru,10,553062,27,1,1,NA_TOOBIG,NA,NA,5530624.1024,37197832
node1.tardis-apia.ldos-ut-pg0.wisc.cloudlab.us,wiki_2016u,lru,10,553062,27,1,2,NA_TOOBIG,NA,NA,5530624.1024,37197832
node1.tardis-apia.ldos-ut-pg0.wisc.cloudlab.us,wiki_2016u,lru,10,553062,27,1,3,NA_TOOBIG,NA,NA,5530624.1024,37197832
node1.tardis-apia.ldos-ut-pg0.wisc.cloudlab.us,wiki_2016u,lruforgive,10,553062,27,1,1,NA_TOOBIG,NA,NA,5530624.1024,37197832
node1.tardis-apia.ldos-ut-pg0.wisc.cloudlab.us,wiki_2016u,lruforgive,10,553062,27,1,2,NA_TOOBIG,NA,NA,5530624.1024,37197832
node1.tardis-apia.ldos-ut-pg0.wisc.cloudlab.us,wiki_2016u,lruforgive,10,553062,27,1,3,NA_TOOBIG,NA,NA,5530624.1024,37197832
node1.tardis-apia.ldos-ut-pg0.wisc.cloudlab.us,wiki_2016u,s3fifo,10,553062,27,1,1,NA_TOOBIG,NA,NA,5530624.1024,37197832
node1.tardis-apia.ldos-ut-pg0.wisc.cloudlab.us,wiki_2016u,s3fifo,10,553062,27,1,2,NA_TOOBIG,NA,NA,5530624.1024,37197832
node1.tardis-apia.ldos-ut-pg0.wisc.cloudlab.us,wiki_2016u,s3fifo,10,553062,27,1,3,NA_TOOBIG,NA,NA,5530624.1024,37197832
node1.tardis-apia.ldos-ut-pg0.wisc.cloudlab.us,wiki_2016u,s3fifoforgive,10,553062,27,1,1,NA_TOOBIG,NA,NA,5530624.1024,37197832
node1.tardis-apia.ldos-ut-pg0.wisc.cloudlab.us,wiki_2016u,s3fifoforgive,10,553062,27,1,2,NA_TOOBIG,NA,NA,5530624.1024,37197832
node1.tardis-apia.ldos-ut-pg0.wisc.cloudlab.us,wiki_2016u,s3fifoforgive,10,553062,27,1,3,NA_TOOBIG,NA,NA,5530624.1024,37197832
node1.tardis-apia.ldos-ut-pg0.wisc.cloudlab.us,wiki_2016u,lru,0.1,5531,27,1,1,NA,NA,NA,5530624.1024,37197832
node1.tardis-apia.ldos-ut-pg0.wisc.cloudlab.us,wiki_2016u,lru,0.1,5531,27,1,2,NA,NA,NA,5530624.1024,37197832
node1.tardis-apia.ldos-ut-pg0.wisc.cloudlab.us,wiki_2016u,lru,0.1,5531,27,1,3,NA,NA,NA,5530624.1024,37197832
node1.tardis-apia.ldos-ut-pg0.wisc.cloudlab.us,wiki_2016u,lruforgive,0.1,5531,27,1,1,NA,NA,NA,5530624.1024,37197832
node1.tardis-apia.ldos-ut-pg0.wisc.cloudlab.us,wiki_2016u,lruforgive,0.1,5531,27,1,2,NA,NA,NA,5530624.1024,37197832
node1.tardis-apia.ldos-ut-pg0.wisc.cloudlab.us,wiki_2016u,lruforgive,0.1,5531,27,1,3,NA,NA,NA,5530624.1024,37197832
node1.tardis-apia.ldos-ut-pg0.wisc.cloudlab.us,wiki_2016u,s3fifo,0.1,5531,27,1,1,NA,NA,NA,5530624.1024,37197832
node1.tardis-apia.ldos-ut-pg0.wisc.cloudlab.us,wiki_2016u,s3fifo,0.1,5531,27,1,2,NA,NA,NA,5530624.1024,37197832
node1.tardis-apia.ldos-ut-pg0.wisc.cloudlab.us,wiki_2016u,s3fifo,0.1,5531,27,1,3,NA,NA,NA,5530624.1024,37197832
node1.tardis-apia.ldos-ut-pg0.wisc.cloudlab.us,wiki_2016u,s3fifoforgive,0.1,5531,27,1,1,NA,NA,NA,5530624.1024,37197832
node1.tardis-apia.ldos-ut-pg0.wisc.cloudlab.us,wiki_2016u,s3fifoforgive,0.1,5531,27,1,2,NA,NA,NA,5530624.1024,37197832
node1.tardis-apia.ldos-ut-pg0.wisc.cloudlab.us,wiki_2016u,s3fifoforgive,0.1,5531,27,1,3,NA,NA,NA,5530624.1024,37197832
node1.tardis-apia.ldos-ut-pg0.wisc.cloudlab.us,meta_rprn,lru,10,69867588,27,1,1,NA_TOOBIG,NA,NA,698675883.3152,29030282
node1.tardis-apia.ldos-ut-pg0.wisc.cloudlab.us,meta_rprn,lru,10,69867588,27,1,2,NA_TOOBIG,NA,NA,698675883.3152,29030282
node1.tardis-apia.ldos-ut-pg0.wisc.cloudlab.us,meta_rprn,lru,10,69867588,27,1,3,NA_TOOBIG,NA,NA,698675883.3152,29030282
node1.tardis-apia.ldos-ut-pg0.wisc.cloudlab.us,meta_rprn,lruforgive,10,69867588,27,1,1,NA_TOOBIG,NA,NA,698675883.3152,29030282
node1.tardis-apia.ldos-ut-pg0.wisc.cloudlab.us,meta_rprn,lruforgive,10,69867588,27,1,2,NA_TOOBIG,NA,NA,698675883.3152,29030282
node1.tardis-apia.ldos-ut-pg0.wisc.cloudlab.us,meta_rprn,lruforgive,10,69867588,27,1,3,NA_TOOBIG,NA,NA,698675883.3152,29030282
node1.tardis-apia.ldos-ut-pg0.wisc.cloudlab.us,meta_rprn,s3fifo,10,69867588,27,1,1,NA_TOOBIG,NA,NA,698675883.3152,29030282
node1.tardis-apia.ldos-ut-pg0.wisc.cloudlab.us,meta_rprn,s3fifo,10,69867588,27,1,2,NA_TOOBIG,NA,NA,698675883.3152,29030282
node1.tardis-apia.ldos-ut-pg0.wisc.cloudlab.us,meta_rprn,s3fifo,10,69867588,27,1,3,NA_TOOBIG,NA,NA,698675883.3152,29030282
node1.tardis-apia.ldos-ut-pg0.wisc.cloudlab.us,meta_rprn,s3fifoforgive,10,69867588,27,1,1,NA_TOOBIG,NA,NA,698675883.3152,29030282
node1.tardis-apia.ldos-ut-pg0.wisc.cloudlab.us,meta_rprn,s3fifoforgive,10,69867588,27,1,2,NA_TOOBIG,NA,NA,698675883.3152,29030282
node1.tardis-apia.ldos-ut-pg0.wisc.cloudlab.us,meta_rprn,s3fifoforgive,10,69867588,27,1,3,NA_TOOBIG,NA,NA,698675883.3152,29030282
node1.tardis-apia.ldos-ut-pg0.wisc.cloudlab.us,meta_rprn,lru,0.1,698676,27,1,1,NA_TOOBIG,NA,NA,698675883.3152,29030282
node1.tardis-apia.ldos-ut-pg0.wisc.cloudlab.us,meta_rprn,lru,0.1,698676,27,1,2,NA_TOOBIG,NA,NA,698675883.3152,29030282
node1.tardis-apia.ldos-ut-pg0.wisc.cloudlab.us,meta_rprn,lru,0.1,698676,27,1,3,NA_TOOBIG,NA,NA,698675883.3152,29030282
node1.tardis-apia.ldos-ut-pg0.wisc.cloudlab.us,meta_rprn,lruforgive,0.1,698676,27,1,1,NA_TOOBIG,NA,NA,698675883.3152,29030282
node1.tardis-apia.ldos-ut-pg0.wisc.cloudlab.us,meta_rprn,lruforgive,0.1,698676,27,1,2,NA_TOOBIG,NA,NA,698675883.3152,29030282
node1.tardis-apia.ldos-ut-pg0.wisc.cloudlab.us,meta_rprn,lruforgive,0.1,698676,27,1,3,NA_TOOBIG,NA,NA,698675883.3152,29030282
node1.tardis-apia.ldos-ut-pg0.wisc.cloudlab.us,meta_rprn,s3fifo,0.1,698676,27,1,1,NA_TOOBIG,NA,NA,698675883.3152,29030282
node1.tardis-apia.ldos-ut-pg0.wisc.cloudlab.us,meta_rprn,s3fifo,0.1,698676,27,1,2,NA_TOOBIG,NA,NA,698675883.3152,29030282
node1.tardis-apia.ldos-ut-pg0.wisc.cloudlab.us,meta_rprn,s3fifo,0.1,698676,27,1,3,NA_TOOBIG,NA,NA,698675883.3152,29030282
node1.tardis-apia.ldos-ut-pg0.wisc.cloudlab.us,meta_rprn,s3fifoforgive,0.1,698676,27,1,1,NA_TOOBIG,NA,NA,698675883.3152,29030282
node1.tardis-apia.ldos-ut-pg0.wisc.cloudlab.us,meta_rprn,s3fifoforgive,0.1,698676,27,1,2,NA_TOOBIG,NA,NA,698675883.3152,29030282
node1.tardis-apia.ldos-ut-pg0.wisc.cloudlab.us,meta_rprn,s3fifoforgive,0.1,698676,27,1,3,NA_TOOBIG,NA,NA,698675883.3152,29030282
node1.tardis-apia.ldos-ut-pg0.wisc.cloudlab.us,tencent_photo2,lru,10,1219826,27,1,1,NA_TOOBIG,NA,NA,12198263.0912,508614756
node1.tardis-apia.ldos-ut-pg0.wisc.cloudlab.us,tencent_photo2,lru,10,1219826,27,1,2,NA_TOOBIG,NA,NA,12198263.0912,508614756
node1.tardis-apia.ldos-ut-pg0.wisc.cloudlab.us,tencent_photo2,lru,10,1219826,27,1,3,NA_TOOBIG,NA,NA,12198263.0912,508614756
node1.tardis-apia.ldos-ut-pg0.wisc.cloudlab.us,tencent_photo2,lruforgive,10,1219826,27,1,1,NA_TOOBIG,NA,NA,12198263.0912,508614756
node1.tardis-apia.ldos-ut-pg0.wisc.cloudlab.us,tencent_photo2,lruforgive,10,1219826,27,1,2,NA_TOOBIG,NA,NA,12198263.0912,508614756
node1.tardis-apia.ldos-ut-pg0.wisc.cloudlab.us,tencent_photo2,lruforgive,10,1219826,27,1,3,NA_TOOBIG,NA,NA,12198263.0912,508614756
node1.tardis-apia.ldos-ut-pg0.wisc.cloudlab.us,tencent_photo2,s3fifo,10,1219826,27,1,1,NA_TOOBIG,NA,NA,12198263.0912,508614756
node1.tardis-apia.ldos-ut-pg0.wisc.cloudlab.us,tencent_photo2,s3fifo,10,1219826,27,1,2,NA_TOOBIG,NA,NA,12198263.0912,508614756
node1.tardis-apia.ldos-ut-pg0.wisc.cloudlab.us,tencent_photo2,s3fifo,10,1219826,27,1,3,NA_TOOBIG,NA,NA,12198263.0912,508614756
node1.tardis-apia.ldos-ut-pg0.wisc.cloudlab.us,tencent_photo2,s3fifoforgive,10,1219826,27,1,1,NA_TOOBIG,NA,NA,12198263.0912,508614756
node1.tardis-apia.ldos-ut-pg0.wisc.cloudlab.us,tencent_photo2,s3fifoforgive,10,1219826,27,1,2,NA_TOOBIG,NA,NA,12198263.0912,508614756
node1.tardis-apia.ldos-ut-pg0.wisc.cloudlab.us,tencent_photo2,s3fifoforgive,10,1219826,27,1,3,NA_TOOBIG,NA,NA,12198263.0912,508614756
node1.tardis-apia.ldos-ut-pg0.wisc.cloudlab.us,tencent_photo2,lru,0.1,12198,27,1,1,NA,NA,NA,12198263.0912,508614756
node1.tardis-apia.ldos-ut-pg0.wisc.cloudlab.us,tencent_photo2,lru,0.1,12198,27,1,2,NA,NA,NA,12198263.0912,508614756
node1.tardis-apia.ldos-ut-pg0.wisc.cloudlab.us,tencent_photo2,lru,0.1,12198,27,1,3,NA,NA,NA,12198263.0912,508614756
node1.tardis-apia.ldos-ut-pg0.wisc.cloudlab.us,tencent_photo2,lruforgive,0.1,12198,27,1,1,NA,NA,NA,12198263.0912,508614756
node1.tardis-apia.ldos-ut-pg0.wisc.cloudlab.us,tencent_photo2,lruforgive,0.1,12198,27,1,2,NA,NA,NA,12198263.0912,508614756
node1.tardis-apia.ldos-ut-pg0.wisc.cloudlab.us,tencent_photo2,lruforgive,0.1,12198,27,1,3,NA,NA,NA,12198263.0912,508614756
node1.tardis-apia.ldos-ut-pg0.wisc.cloudlab.us,tencent_photo2,s3fifo,0.1,12198,27,1,1,NA,NA,NA,12198263.0912,508614756
node1.tardis-apia.ldos-ut-pg0.wisc.cloudlab.us,tencent_photo2,s3fifo,0.1,12198,27,1,2,NA,NA,NA,12198263.0912,508614756
node1.tardis-apia.ldos-ut-pg0.wisc.cloudlab.us,tencent_photo2,s3fifo,0.1,12198,27,1,3,NA,NA,NA,12198263.0912,508614756
node1.tardis-apia.ldos-ut-pg0.wisc.cloudlab.us,tencent_photo2,s3fifoforgive,0.1,12198,27,1,1,NA,NA,NA,12198263.0912,508614756
node1.tardis-apia.ldos-ut-pg0.wisc.cloudlab.us,tencent_photo2,s3fifoforgive,0.1,12198,27,1,2,NA,NA,NA,12198263.0912,508614756
node1.tardis-apia.ldos-ut-pg0.wisc.cloudlab.us,tencent_photo2,s3fifoforgive,0.1,12198,27,1,3,NA,NA,NA,12198263.0912,508614756
