node,trace,policy,cache_pct,size_mb,hp,threads,rep,miss,tp,requests,footprint_mb,n_objects
node6.tardis-apia.ldos-ut-pg0.wisc.cloudlab.us,cluster10,lru,10,146,23,1,1,0.4997,1.78,139150614,1459.712,69561281
node6.tardis-apia.ldos-ut-pg0.wisc.cloudlab.us,cluster10,lru,10,146,23,1,2,0.4997,1.80,139150614,1459.712,69561281
node6.tardis-apia.ldos-ut-pg0.wisc.cloudlab.us,cluster10,lru,10,146,23,1,3,0.4997,1.80,139150614,1459.712,69561281
node6.tardis-apia.ldos-ut-pg0.wisc.cloudlab.us,cluster10,lruforgive,10,146,23,1,1,0.4997,0.87,139150614,1459.712,69561281
node6.tardis-apia.ldos-ut-pg0.wisc.cloudlab.us,cluster10,lruforgive,10,146,23,1,2,0.4997,0.87,139150614,1459.712,69561281
node6.tardis-apia.ldos-ut-pg0.wisc.cloudlab.us,cluster10,lruforgive,10,146,23,1,3,0.4997,0.87,139150614,1459.712,69561281
node6.tardis-apia.ldos-ut-pg0.wisc.cloudlab.us,cluster10,s3fifo,10,146,23,1,1,0.4997,1.59,139150614,1459.712,69561281
node6.tardis-apia.ldos-ut-pg0.wisc.cloudlab.us,cluster10,s3fifo,10,146,23,1,2,0.4997,1.58,139150614,1459.712,69561281
node6.tardis-apia.ldos-ut-pg0.wisc.cloudlab.us,cluster10,s3fifo,10,146,23,1,3,0.4997,1.56,139150614,1459.712,69561281
node6.tardis-apia.ldos-ut-pg0.wisc.cloudlab.us,cluster10,s3fifoforgive,10,146,23,1,1,0.4997,0.89,139150614,1459.712,69561281
node6.tardis-apia.ldos-ut-pg0.wisc.cloudlab.us,cluster10,s3fifoforgive,10,146,23,1,2,0.4997,0.89,139150614,1459.712,69561281
node6.tardis-apia.ldos-ut-pg0.wisc.cloudlab.us,cluster10,s3fifoforgive,10,146,23,1,3,0.4997,0.90,139150614,1459.712,69561281
node6.tardis-apia.ldos-ut-pg0.wisc.cloudlab.us,cluster10,lru,0.1,1,17,1,1,NA,NA,NA,1459.712,69561281
node6.tardis-apia.ldos-ut-pg0.wisc.cloudlab.us,cluster10,lru,0.1,1,17,1,2,NA,NA,NA,1459.712,69561281
node6.tardis-apia.ldos-ut-pg0.wisc.cloudlab.us,cluster10,lru,0.1,1,17,1,3,NA,NA,NA,1459.712,69561281
node6.tardis-apia.ldos-ut-pg0.wisc.cloudlab.us,cluster10,lruforgive,0.1,1,17,1,1,NA,NA,NA,1459.712,69561281
node6.tardis-apia.ldos-ut-pg0.wisc.cloudlab.us,cluster10,lruforgive,0.1,1,17,1,2,NA,NA,NA,1459.712,69561281
node6.tardis-apia.ldos-ut-pg0.wisc.cloudlab.us,cluster10,lruforgive,0.1,1,17,1,3,NA,NA,NA,1459.712,69561281
node6.tardis-apia.ldos-ut-pg0.wisc.cloudlab.us,cluster10,s3fifo,0.1,1,17,1,1,NA,NA,NA,1459.712,69561281
node6.tardis-apia.ldos-ut-pg0.wisc.cloudlab.us,cluster10,s3fifo,0.1,1,17,1,2,NA,NA,NA,1459.712,69561281
node6.tardis-apia.ldos-ut-pg0.wisc.cloudlab.us,cluster10,s3fifo,0.1,1,17,1,3,NA,NA,NA,1459.712,69561281
node6.tardis-apia.ldos-ut-pg0.wisc.cloudlab.us,cluster10,s3fifoforgive,0.1,1,17,1,1,NA,NA,NA,1459.712,69561281
node6.tardis-apia.ldos-ut-pg0.wisc.cloudlab.us,cluster10,s3fifoforgive,0.1,1,17,1,2,NA,NA,NA,1459.712,69561281
node6.tardis-apia.ldos-ut-pg0.wisc.cloudlab.us,cluster10,s3fifoforgive,0.1,1,17,1,3,NA,NA,NA,1459.712,69561281
node6.tardis-apia.ldos-ut-pg0.wisc.cloudlab.us,cluster11,lru,10,406,25,1,1,NA,NA,NA,4058.4192,26619854
node6.tardis-apia.ldos-ut-pg0.wisc.cloudlab.us,cluster11,lru,10,406,25,1,2,NA,NA,NA,4058.4192,26619854
node6.tardis-apia.ldos-ut-pg0.wisc.cloudlab.us,cluster11,lru,10,406,25,1,3,NA,NA,NA,4058.4192,26619854
node6.tardis-apia.ldos-ut-pg0.wisc.cloudlab.us,cluster11,lruforgive,10,406,25,1,1,NA,NA,NA,4058.4192,26619854
node6.tardis-apia.ldos-ut-pg0.wisc.cloudlab.us,cluster11,lruforgive,10,406,25,1,2,NA,NA,NA,4058.4192,26619854
node6.tardis-apia.ldos-ut-pg0.wisc.cloudlab.us,cluster11,lruforgive,10,406,25,1,3,NA,NA,NA,4058.4192,26619854
node6.tardis-apia.ldos-ut-pg0.wisc.cloudlab.us,cluster11,s3fifo,10,406,25,1,1,0.2650,1.48,2731402189,4058.4192,26619854
node6.tardis-apia.ldos-ut-pg0.wisc.cloudlab.us,cluster11,s3fifo,10,406,25,1,2,NA,NA,NA,4058.4192,26619854
node6.tardis-apia.ldos-ut-pg0.wisc.cloudlab.us,cluster11,s3fifo,10,406,25,1,3,0.2650,1.48,2731402189,4058.4192,26619854
node6.tardis-apia.ldos-ut-pg0.wisc.cloudlab.us,cluster11,s3fifoforgive,10,406,25,1,1,NA,NA,NA,4058.4192,26619854
node6.tardis-apia.ldos-ut-pg0.wisc.cloudlab.us,cluster11,s3fifoforgive,10,406,25,1,2,NA,NA,NA,4058.4192,26619854
node6.tardis-apia.ldos-ut-pg0.wisc.cloudlab.us,cluster11,s3fifoforgive,10,406,25,1,3,NA,NA,NA,4058.4192,26619854
node6.tardis-apia.ldos-ut-pg0.wisc.cloudlab.us,cluster11,lru,0.1,4,18,1,1,NA,NA,NA,4058.4192,26619854
node6.tardis-apia.ldos-ut-pg0.wisc.cloudlab.us,cluster11,lru,0.1,4,18,1,2,NA,NA,NA,4058.4192,26619854
node6.tardis-apia.ldos-ut-pg0.wisc.cloudlab.us,cluster11,lru,0.1,4,18,1,3,NA,NA,NA,4058.4192,26619854
node6.tardis-apia.ldos-ut-pg0.wisc.cloudlab.us,cluster11,lruforgive,0.1,4,18,1,1,NA,NA,NA,4058.4192,26619854
node6.tardis-apia.ldos-ut-pg0.wisc.cloudlab.us,cluster11,lruforgive,0.1,4,18,1,2,NA,NA,NA,4058.4192,26619854
node6.tardis-apia.ldos-ut-pg0.wisc.cloudlab.us,cluster11,lruforgive,0.1,4,18,1,3,NA,NA,NA,4058.4192,26619854
node6.tardis-apia.ldos-ut-pg0.wisc.cloudlab.us,cluster11,s3fifo,0.1,4,18,1,1,NA,NA,NA,4058.4192,26619854
node6.tardis-apia.ldos-ut-pg0.wisc.cloudlab.us,cluster11,s3fifo,0.1,4,18,1,2,NA,NA,NA,4058.4192,26619854
node6.tardis-apia.ldos-ut-pg0.wisc.cloudlab.us,cluster11,s3fifo,0.1,4,18,1,3,NA,NA,NA,4058.4192,26619854
node6.tardis-apia.ldos-ut-pg0.wisc.cloudlab.us,cluster11,s3fifoforgive,0.1,4,18,1,1,NA,NA,NA,4058.4192,26619854
node6.tardis-apia.ldos-ut-pg0.wisc.cloudlab.us,cluster11,s3fifoforgive,0.1,4,18,1,2,NA,NA,NA,4058.4192,26619854
node6.tardis-apia.ldos-ut-pg0.wisc.cloudlab.us,cluster11,s3fifoforgive,0.1,4,18,1,3,NA,NA,NA,4058.4192,26619854
node6.tardis-apia.ldos-ut-pg0.wisc.cloudlab.us,cluster13,lru,10,143725,27,1,1,NA_TOOBIG,NA,NA,1437249.7408,518251246
node6.tardis-apia.ldos-ut-pg0.wisc.cloudlab.us,cluster13,lru,10,143725,27,1,2,NA_TOOBIG,NA,NA,1437249.7408,518251246
node6.tardis-apia.ldos-ut-pg0.wisc.cloudlab.us,cluster13,lru,10,143725,27,1,3,NA_TOOBIG,NA,NA,1437249.7408,518251246
node6.tardis-apia.ldos-ut-pg0.wisc.cloudlab.us,cluster13,lruforgive,10,143725,27,1,1,NA_TOOBIG,NA,NA,1437249.7408,518251246
node6.tardis-apia.ldos-ut-pg0.wisc.cloudlab.us,cluster13,lruforgive,10,143725,27,1,2,NA_TOOBIG,NA,NA,1437249.7408,518251246
node6.tardis-apia.ldos-ut-pg0.wisc.cloudlab.us,cluster13,lruforgive,10,143725,27,1,3,NA_TOOBIG,NA,NA,1437249.7408,518251246
node6.tardis-apia.ldos-ut-pg0.wisc.cloudlab.us,cluster13,s3fifo,10,143725,27,1,1,NA_TOOBIG,NA,NA,1437249.7408,518251246
node6.tardis-apia.ldos-ut-pg0.wisc.cloudlab.us,cluster13,s3fifo,10,143725,27,1,2,NA_TOOBIG,NA,NA,1437249.7408,518251246
node6.tardis-apia.ldos-ut-pg0.wisc.cloudlab.us,cluster13,s3fifo,10,143725,27,1,3,NA_TOOBIG,NA,NA,1437249.7408,518251246
node6.tardis-apia.ldos-ut-pg0.wisc.cloudlab.us,cluster13,s3fifoforgive,10,143725,27,1,1,NA_TOOBIG,NA,NA,1437249.7408,518251246
node6.tardis-apia.ldos-ut-pg0.wisc.cloudlab.us,cluster13,s3fifoforgive,10,143725,27,1,2,NA_TOOBIG,NA,NA,1437249.7408,518251246
node6.tardis-apia.ldos-ut-pg0.wisc.cloudlab.us,cluster13,s3fifoforgive,10,143725,27,1,3,NA_TOOBIG,NA,NA,1437249.7408,518251246
node6.tardis-apia.ldos-ut-pg0.wisc.cloudlab.us,cluster13,lru,0.1,1437,26,1,1,0.6281,0.97,825381984,1437249.7408,518251246
node6.tardis-apia.ldos-ut-pg0.wisc.cloudlab.us,cluster13,lru,0.1,1437,26,1,2,0.6281,0.98,825381984,1437249.7408,518251246
node6.tardis-apia.ldos-ut-pg0.wisc.cloudlab.us,cluster13,lru,0.1,1437,26,1,3,0.6281,0.98,825381984,1437249.7408,518251246
node6.tardis-apia.ldos-ut-pg0.wisc.cloudlab.us,cluster13,lruforgive,0.1,1437,26,1,1,NA,NA,NA,1437249.7408,518251246
node6.tardis-apia.ldos-ut-pg0.wisc.cloudlab.us,cluster13,lruforgive,0.1,1437,26,1,2,NA,NA,NA,1437249.7408,518251246
node6.tardis-apia.ldos-ut-pg0.wisc.cloudlab.us,cluster13,lruforgive,0.1,1437,26,1,3,NA,NA,NA,1437249.7408,518251246
node6.tardis-apia.ldos-ut-pg0.wisc.cloudlab.us,cluster13,s3fifo,0.1,1437,26,1,1,0.6295,0.89,825381984,1437249.7408,518251246
node6.tardis-apia.ldos-ut-pg0.wisc.cloudlab.us,cluster13,s3fifo,0.1,1437,26,1,2,0.6295,0.89,825381984,1437249.7408,518251246
node6.tardis-apia.ldos-ut-pg0.wisc.cloudlab.us,cluster13,s3fifo,0.1,1437,26,1,3,0.6295,0.89,825381984,1437249.7408,518251246
node6.tardis-apia.ldos-ut-pg0.wisc.cloudlab.us,cluster13,s3fifoforgive,0.1,1437,26,1,1,NA,NA,NA,1437249.7408,518251246
node6.tardis-apia.ldos-ut-pg0.wisc.cloudlab.us,cluster13,s3fifoforgive,0.1,1437,26,1,2,NA,NA,NA,1437249.7408,518251246
node6.tardis-apia.ldos-ut-pg0.wisc.cloudlab.us,cluster13,s3fifoforgive,0.1,1437,26,1,3,NA,NA,NA,1437249.7408,518251246
node6.tardis-apia.ldos-ut-pg0.wisc.cloudlab.us,cluster14,lru,10,671,25,1,1,0.0527,1.93,3029143400,6713.2416,69408243
node6.tardis-apia.ldos-ut-pg0.wisc.cloudlab.us,cluster14,lru,10,671,25,1,2,0.0527,1.93,3029143400,6713.2416,69408243
node6.tardis-apia.ldos-ut-pg0.wisc.cloudlab.us,cluster14,lru,10,671,25,1,3,0.0527,1.91,3029143400,6713.2416,69408243
node6.tardis-apia.ldos-ut-pg0.wisc.cloudlab.us,cluster14,lruforgive,10,671,25,1,1,NA,NA,NA,6713.2416,69408243
node6.tardis-apia.ldos-ut-pg0.wisc.cloudlab.us,cluster14,lruforgive,10,671,25,1,2,NA,NA,NA,6713.2416,69408243
node6.tardis-apia.ldos-ut-pg0.wisc.cloudlab.us,cluster14,lruforgive,10,671,25,1,3,NA,NA,NA,6713.2416,69408243
node6.tardis-apia.ldos-ut-pg0.wisc.cloudlab.us,cluster14,s3fifo,10,671,25,1,1,0.0580,2.22,3029143400,6713.2416,69408243
node6.tardis-apia.ldos-ut-pg0.wisc.cloudlab.us,cluster14,s3fifo,10,671,25,1,2,0.0515,2.25,3029143400,6713.2416,69408243
node6.tardis-apia.ldos-ut-pg0.wisc.cloudlab.us,cluster14,s3fifo,10,671,25,1,3,0.0515,2.26,3029143400,6713.2416,69408243
node6.tardis-apia.ldos-ut-pg0.wisc.cloudlab.us,cluster14,s3fifoforgive,10,671,25,1,1,NA,NA,NA,6713.2416,69408243
node6.tardis-apia.ldos-ut-pg0.wisc.cloudlab.us,cluster14,s3fifoforgive,10,671,25,1,2,NA,NA,NA,6713.2416,69408243
node6.tardis-apia.ldos-ut-pg0.wisc.cloudlab.us,cluster14,s3fifoforgive,10,671,25,1,3,NA,NA,NA,6713.2416,69408243
node6.tardis-apia.ldos-ut-pg0.wisc.cloudlab.us,cluster14,lru,0.1,7,19,1,1,NA,NA,NA,6713.2416,69408243
node6.tardis-apia.ldos-ut-pg0.wisc.cloudlab.us,cluster14,lru,0.1,7,19,1,2,NA,NA,NA,6713.2416,69408243
node6.tardis-apia.ldos-ut-pg0.wisc.cloudlab.us,cluster14,lru,0.1,7,19,1,3,NA,NA,NA,6713.2416,69408243
node6.tardis-apia.ldos-ut-pg0.wisc.cloudlab.us,cluster14,lruforgive,0.1,7,19,1,1,NA,NA,NA,6713.2416,69408243
node6.tardis-apia.ldos-ut-pg0.wisc.cloudlab.us,cluster14,lruforgive,0.1,7,19,1,2,NA,NA,NA,6713.2416,69408243
node6.tardis-apia.ldos-ut-pg0.wisc.cloudlab.us,cluster14,lruforgive,0.1,7,19,1,3,NA,NA,NA,6713.2416,69408243
node6.tardis-apia.ldos-ut-pg0.wisc.cloudlab.us,cluster14,s3fifo,0.1,7,19,1,1,NA,NA,NA,6713.2416,69408243
node6.tardis-apia.ldos-ut-pg0.wisc.cloudlab.us,cluster14,s3fifo,0.1,7,19,1,2,NA,NA,NA,6713.2416,69408243
node6.tardis-apia.ldos-ut-pg0.wisc.cloudlab.us,cluster14,s3fifo,0.1,7,19,1,3,NA,NA,NA,6713.2416,69408243
node6.tardis-apia.ldos-ut-pg0.wisc.cloudlab.us,cluster14,s3fifoforgive,0.1,7,19,1,1,NA,NA,NA,6713.2416,69408243
node6.tardis-apia.ldos-ut-pg0.wisc.cloudlab.us,cluster14,s3fifoforgive,0.1,7,19,1,2,NA,NA,NA,6713.2416,69408243
node6.tardis-apia.ldos-ut-pg0.wisc.cloudlab.us,cluster14,s3fifoforgive,0.1,7,19,1,3,NA,NA,NA,6713.2416,69408243
node6.tardis-apia.ldos-ut-pg0.wisc.cloudlab.us,cluster19,lru,10,1364,26,1,1,0.3319,1.28,2006896317,13639.4752,328491889
node6.tardis-apia.ldos-ut-pg0.wisc.cloudlab.us,cluster19,lru,10,1364,26,1,2,0.3319,1.31,2006896317,13639.4752,328491889
node6.tardis-apia.ldos-ut-pg0.wisc.cloudlab.us,cluster19,lru,10,1364,26,1,3,0.3319,1.32,2006896317,13639.4752,328491889
node6.tardis-apia.ldos-ut-pg0.wisc.cloudlab.us,cluster19,lruforgive,10,1364,26,1,1,NA,NA,NA,13639.4752,328491889
node6.tardis-apia.ldos-ut-pg0.wisc.cloudlab.us,cluster19,lruforgive,10,1364,26,1,2,NA,NA,NA,13639.4752,328491889
node6.tardis-apia.ldos-ut-pg0.wisc.cloudlab.us,cluster19,lruforgive,10,1364,26,1,3,NA,NA,NA,13639.4752,328491889
node6.tardis-apia.ldos-ut-pg0.wisc.cloudlab.us,cluster19,s3fifo,10,1364,26,1,1,0.3335,1.26,2006896317,13639.4752,328491889
node6.tardis-apia.ldos-ut-pg0.wisc.cloudlab.us,cluster19,s3fifo,10,1364,26,1,2,0.3335,1.27,2006896317,13639.4752,328491889
node6.tardis-apia.ldos-ut-pg0.wisc.cloudlab.us,cluster19,s3fifo,10,1364,26,1,3,0.3335,1.27,2006896317,13639.4752,328491889
node6.tardis-apia.ldos-ut-pg0.wisc.cloudlab.us,cluster19,s3fifoforgive,10,1364,26,1,1,NA,NA,NA,13639.4752,328491889
node6.tardis-apia.ldos-ut-pg0.wisc.cloudlab.us,cluster19,s3fifoforgive,10,1364,26,1,2,NA,NA,NA,13639.4752,328491889
node6.tardis-apia.ldos-ut-pg0.wisc.cloudlab.us,cluster19,s3fifoforgive,10,1364,26,1,3,NA,NA,NA,13639.4752,328491889
node6.tardis-apia.ldos-ut-pg0.wisc.cloudlab.us,cluster19,lru,0.1,14,20,1,1,0.9909,5.64,2006896317,13639.4752,328491889
node6.tardis-apia.ldos-ut-pg0.wisc.cloudlab.us,cluster19,lru,0.1,14,20,1,2,0.9909,5.23,2006896317,13639.4752,328491889
node6.tardis-apia.ldos-ut-pg0.wisc.cloudlab.us,cluster19,lru,0.1,14,20,1,3,0.9909,5.60,2006896317,13639.4752,328491889
node6.tardis-apia.ldos-ut-pg0.wisc.cloudlab.us,cluster19,lruforgive,0.1,14,20,1,1,0.9909,5.13,2006896317,13639.4752,328491889
node6.tardis-apia.ldos-ut-pg0.wisc.cloudlab.us,cluster19,lruforgive,0.1,14,20,1,2,0.9909,5.21,2006896317,13639.4752,328491889
node6.tardis-apia.ldos-ut-pg0.wisc.cloudlab.us,cluster19,lruforgive,0.1,14,20,1,3,0.9909,5.07,2006896317,13639.4752,328491889
node6.tardis-apia.ldos-ut-pg0.wisc.cloudlab.us,cluster19,s3fifo,0.1,14,20,1,1,0.9906,6.38,2006896317,13639.4752,328491889
node6.tardis-apia.ldos-ut-pg0.wisc.cloudlab.us,cluster19,s3fifo,0.1,14,20,1,2,0.9906,6.50,2006896317,13639.4752,328491889
node6.tardis-apia.ldos-ut-pg0.wisc.cloudlab.us,cluster19,s3fifo,0.1,14,20,1,3,0.9906,6.46,2006896317,13639.4752,328491889
node6.tardis-apia.ldos-ut-pg0.wisc.cloudlab.us,cluster19,s3fifoforgive,0.1,14,20,1,1,0.9906,5.61,2006896317,13639.4752,328491889
node6.tardis-apia.ldos-ut-pg0.wisc.cloudlab.us,cluster19,s3fifoforgive,0.1,14,20,1,2,0.9906,5.55,2006896317,13639.4752,328491889
node6.tardis-apia.ldos-ut-pg0.wisc.cloudlab.us,cluster19,s3fifoforgive,0.1,14,20,1,3,0.9906,5.53,2006896317,13639.4752,328491889
node6.tardis-apia.ldos-ut-pg0.wisc.cloudlab.us,cluster20,lru,10,624,25,1,1,0.0503,2.75,3663259122,6243.328,89725634
node6.tardis-apia.ldos-ut-pg0.wisc.cloudlab.us,cluster20,lru,10,624,25,1,2,0.0503,2.76,3663259122,6243.328,89725634
node6.tardis-apia.ldos-ut-pg0.wisc.cloudlab.us,cluster20,lru,10,624,25,1,3,0.0503,2.57,3663259122,6243.328,89725634
node6.tardis-apia.ldos-ut-pg0.wisc.cloudlab.us,cluster20,lruforgive,10,624,25,1,1,NA,NA,NA,6243.328,89725634
node6.tardis-apia.ldos-ut-pg0.wisc.cloudlab.us,cluster20,lruforgive,10,624,25,1,2,NA,NA,NA,6243.328,89725634
node6.tardis-apia.ldos-ut-pg0.wisc.cloudlab.us,cluster20,lruforgive,10,624,25,1,3,NA,NA,NA,6243.328,89725634
node6.tardis-apia.ldos-ut-pg0.wisc.cloudlab.us,cluster20,s3fifo,10,624,25,1,1,0.0428,2.96,3663259122,6243.328,89725634
node6.tardis-apia.ldos-ut-pg0.wisc.cloudlab.us,cluster20,s3fifo,10,624,25,1,2,0.0428,2.96,3663259122,6243.328,89725634
node6.tardis-apia.ldos-ut-pg0.wisc.cloudlab.us,cluster20,s3fifo,10,624,25,1,3,0.0428,2.93,3663259122,6243.328,89725634
node6.tardis-apia.ldos-ut-pg0.wisc.cloudlab.us,cluster20,s3fifoforgive,10,624,25,1,1,NA,NA,NA,6243.328,89725634
node6.tardis-apia.ldos-ut-pg0.wisc.cloudlab.us,cluster20,s3fifoforgive,10,624,25,1,2,NA,NA,NA,6243.328,89725634
node6.tardis-apia.ldos-ut-pg0.wisc.cloudlab.us,cluster20,s3fifoforgive,10,624,25,1,3,NA,NA,NA,6243.328,89725634
node6.tardis-apia.ldos-ut-pg0.wisc.cloudlab.us,cluster20,lru,0.1,6,19,1,1,NA,NA,NA,6243.328,89725634
node6.tardis-apia.ldos-ut-pg0.wisc.cloudlab.us,cluster20,lru,0.1,6,19,1,2,NA,NA,NA,6243.328,89725634
node6.tardis-apia.ldos-ut-pg0.wisc.cloudlab.us,cluster20,lru,0.1,6,19,1,3,NA,NA,NA,6243.328,89725634
node6.tardis-apia.ldos-ut-pg0.wisc.cloudlab.us,cluster20,lruforgive,0.1,6,19,1,1,NA,NA,NA,6243.328,89725634
node6.tardis-apia.ldos-ut-pg0.wisc.cloudlab.us,cluster20,lruforgive,0.1,6,19,1,2,NA,NA,NA,6243.328,89725634
node6.tardis-apia.ldos-ut-pg0.wisc.cloudlab.us,cluster20,lruforgive,0.1,6,19,1,3,NA,NA,NA,6243.328,89725634
node6.tardis-apia.ldos-ut-pg0.wisc.cloudlab.us,cluster20,s3fifo,0.1,6,19,1,1,NA,NA,NA,6243.328,89725634
node6.tardis-apia.ldos-ut-pg0.wisc.cloudlab.us,cluster20,s3fifo,0.1,6,19,1,2,NA,NA,NA,6243.328,89725634
node6.tardis-apia.ldos-ut-pg0.wisc.cloudlab.us,cluster20,s3fifo,0.1,6,19,1,3,NA,NA,NA,6243.328,89725634
node6.tardis-apia.ldos-ut-pg0.wisc.cloudlab.us,cluster20,s3fifoforgive,0.1,6,19,1,1,NA,NA,NA,6243.328,89725634
node6.tardis-apia.ldos-ut-pg0.wisc.cloudlab.us,cluster20,s3fifoforgive,0.1,6,19,1,2,NA,NA,NA,6243.328,89725634
node6.tardis-apia.ldos-ut-pg0.wisc.cloudlab.us,cluster20,s3fifoforgive,0.1,6,19,1,3,NA,NA,NA,6243.328,89725634
node6.tardis-apia.ldos-ut-pg0.wisc.cloudlab.us,cluster21,lru,10,3614,27,1,1,NA,NA,NA,36139.008,1453320991
node6.tardis-apia.ldos-ut-pg0.wisc.cloudlab.us,cluster21,lru,10,3614,27,1,2,NA,NA,NA,36139.008,1453320991
node6.tardis-apia.ldos-ut-pg0.wisc.cloudlab.us,cluster21,lru,10,3614,27,1,3,NA,NA,NA,36139.008,1453320991
node6.tardis-apia.ldos-ut-pg0.wisc.cloudlab.us,cluster21,lruforgive,10,3614,27,1,1,NA,NA,NA,36139.008,1453320991
node6.tardis-apia.ldos-ut-pg0.wisc.cloudlab.us,cluster21,lruforgive,10,3614,27,1,2,NA,NA,NA,36139.008,1453320991
node6.tardis-apia.ldos-ut-pg0.wisc.cloudlab.us,cluster21,lruforgive,10,3614,27,1,3,NA,NA,NA,36139.008,1453320991
node6.tardis-apia.ldos-ut-pg0.wisc.cloudlab.us,cluster21,s3fifo,10,3614,27,1,1,NA,NA,NA,36139.008,1453320991
node6.tardis-apia.ldos-ut-pg0.wisc.cloudlab.us,cluster21,s3fifo,10,3614,27,1,2,NA,NA,NA,36139.008,1453320991
node6.tardis-apia.ldos-ut-pg0.wisc.cloudlab.us,cluster21,s3fifo,10,3614,27,1,3,NA,NA,NA,36139.008,1453320991
node6.tardis-apia.ldos-ut-pg0.wisc.cloudlab.us,cluster21,s3fifoforgive,10,3614,27,1,1,NA,NA,NA,36139.008,1453320991
node6.tardis-apia.ldos-ut-pg0.wisc.cloudlab.us,cluster21,s3fifoforgive,10,3614,27,1,2,NA,NA,NA,36139.008,1453320991
node6.tardis-apia.ldos-ut-pg0.wisc.cloudlab.us,cluster21,s3fifoforgive,10,3614,27,1,3,NA,NA,NA,36139.008,1453320991
node6.tardis-apia.ldos-ut-pg0.wisc.cloudlab.us,cluster21,lru,0.1,36,21,1,1,0.9605,1.42,1550193319,36139.008,1453320991
node6.tardis-apia.ldos-ut-pg0.wisc.cloudlab.us,cluster21,lru,0.1,36,21,1,2,0.9605,1.43,1550193319,36139.008,1453320991
node6.tardis-apia.ldos-ut-pg0.wisc.cloudlab.us,cluster21,lru,0.1,36,21,1,3,0.9605,1.41,1550193319,36139.008,1453320991
node6.tardis-apia.ldos-ut-pg0.wisc.cloudlab.us,cluster21,lruforgive,0.1,36,21,1,1,NA,NA,NA,36139.008,1453320991
node6.tardis-apia.ldos-ut-pg0.wisc.cloudlab.us,cluster21,lruforgive,0.1,36,21,1,2,NA,NA,NA,36139.008,1453320991
node6.tardis-apia.ldos-ut-pg0.wisc.cloudlab.us,cluster21,lruforgive,0.1,36,21,1,3,NA,NA,NA,36139.008,1453320991
node6.tardis-apia.ldos-ut-pg0.wisc.cloudlab.us,cluster21,s3fifo,0.1,36,21,1,1,0.9563,1.64,1550193319,36139.008,1453320991
node6.tardis-apia.ldos-ut-pg0.wisc.cloudlab.us,cluster21,s3fifo,0.1,36,21,1,2,0.9563,1.63,1550193319,36139.008,1453320991
node6.tardis-apia.ldos-ut-pg0.wisc.cloudlab.us,cluster21,s3fifo,0.1,36,21,1,3,0.9563,1.64,1550193319,36139.008,1453320991
node6.tardis-apia.ldos-ut-pg0.wisc.cloudlab.us,cluster21,s3fifoforgive,0.1,36,21,1,1,NA,NA,NA,36139.008,1453320991
node6.tardis-apia.ldos-ut-pg0.wisc.cloudlab.us,cluster21,s3fifoforgive,0.1,36,21,1,2,NA,NA,NA,36139.008,1453320991
node6.tardis-apia.ldos-ut-pg0.wisc.cloudlab.us,cluster21,s3fifoforgive,0.1,36,21,1,3,NA,NA,NA,36139.008,1453320991
node6.tardis-apia.ldos-ut-pg0.wisc.cloudlab.us,cluster22,lru,10,2151,27,1,1,0.2709,1.44,2030691717,21505.536,403600507
node6.tardis-apia.ldos-ut-pg0.wisc.cloudlab.us,cluster22,lru,10,2151,27,1,2,0.2709,1.42,2030691717,21505.536,403600507
node6.tardis-apia.ldos-ut-pg0.wisc.cloudlab.us,cluster22,lru,10,2151,27,1,3,0.2709,1.42,2030691717,21505.536,403600507
node6.tardis-apia.ldos-ut-pg0.wisc.cloudlab.us,cluster22,lruforgive,10,2151,27,1,1,NA,NA,NA,21505.536,403600507
node6.tardis-apia.ldos-ut-pg0.wisc.cloudlab.us,cluster22,lruforgive,10,2151,27,1,2,NA,NA,NA,21505.536,403600507
node6.tardis-apia.ldos-ut-pg0.wisc.cloudlab.us,cluster22,lruforgive,10,2151,27,1,3,NA,NA,NA,21505.536,403600507
node6.tardis-apia.ldos-ut-pg0.wisc.cloudlab.us,cluster22,s3fifo,10,2151,27,1,1,0.2561,1.42,2030691717,21505.536,403600507
node6.tardis-apia.ldos-ut-pg0.wisc.cloudlab.us,cluster22,s3fifo,10,2151,27,1,2,0.2561,1.41,2030691717,21505.536,403600507
node6.tardis-apia.ldos-ut-pg0.wisc.cloudlab.us,cluster22,s3fifo,10,2151,27,1,3,0.2561,1.42,2030691717,21505.536,403600507
node6.tardis-apia.ldos-ut-pg0.wisc.cloudlab.us,cluster22,s3fifoforgive,10,2151,27,1,1,NA,NA,NA,21505.536,403600507
node6.tardis-apia.ldos-ut-pg0.wisc.cloudlab.us,cluster22,s3fifoforgive,10,2151,27,1,2,NA,NA,NA,21505.536,403600507
node6.tardis-apia.ldos-ut-pg0.wisc.cloudlab.us,cluster22,s3fifoforgive,10,2151,27,1,3,NA,NA,NA,21505.536,403600507
node6.tardis-apia.ldos-ut-pg0.wisc.cloudlab.us,cluster22,lru,0.1,22,20,1,1,0.4856,2.31,2030691717,21505.536,403600507
node6.tardis-apia.ldos-ut-pg0.wisc.cloudlab.us,cluster22,lru,0.1,22,20,1,2,0.4856,2.20,2030691717,21505.536,403600507
node6.tardis-apia.ldos-ut-pg0.wisc.cloudlab.us,cluster22,lru,0.1,22,20,1,3,0.4856,2.37,2030691717,21505.536,403600507
node6.tardis-apia.ldos-ut-pg0.wisc.cloudlab.us,cluster22,lruforgive,0.1,22,20,1,1,NA,NA,NA,21505.536,403600507
node6.tardis-apia.ldos-ut-pg0.wisc.cloudlab.us,cluster22,lruforgive,0.1,22,20,1,2,NA,NA,NA,21505.536,403600507
node6.tardis-apia.ldos-ut-pg0.wisc.cloudlab.us,cluster22,lruforgive,0.1,22,20,1,3,NA,NA,NA,21505.536,403600507
node6.tardis-apia.ldos-ut-pg0.wisc.cloudlab.us,cluster22,s3fifo,0.1,22,20,1,1,0.4511,2.22,2030691717,21505.536,403600507
node6.tardis-apia.ldos-ut-pg0.wisc.cloudlab.us,cluster22,s3fifo,0.1,22,20,1,2,0.4511,2.21,2030691717,21505.536,403600507
node6.tardis-apia.ldos-ut-pg0.wisc.cloudlab.us,cluster22,s3fifo,0.1,22,20,1,3,0.4511,2.24,2030691717,21505.536,403600507
node6.tardis-apia.ldos-ut-pg0.wisc.cloudlab.us,cluster22,s3fifoforgive,0.1,22,20,1,1,NA,NA,NA,21505.536,403600507
node6.tardis-apia.ldos-ut-pg0.wisc.cloudlab.us,cluster22,s3fifoforgive,0.1,22,20,1,2,NA,NA,NA,21505.536,403600507
node6.tardis-apia.ldos-ut-pg0.wisc.cloudlab.us,cluster22,s3fifoforgive,0.1,22,20,1,3,NA,NA,NA,21505.536,403600507
node6.tardis-apia.ldos-ut-pg0.wisc.cloudlab.us,cluster23,lru,10,34175,27,1,1,NA,NA,NA,341745.8688,1441793799
node6.tardis-apia.ldos-ut-pg0.wisc.cloudlab.us,cluster23,lru,10,34175,27,1,2,NA,NA,NA,341745.8688,1441793799
node6.tardis-apia.ldos-ut-pg0.wisc.cloudlab.us,cluster23,lru,10,34175,27,1,3,NA,NA,NA,341745.8688,1441793799
node6.tardis-apia.ldos-ut-pg0.wisc.cloudlab.us,cluster23,lruforgive,10,34175,27,1,1,NA,NA,NA,341745.8688,1441793799
node6.tardis-apia.ldos-ut-pg0.wisc.cloudlab.us,cluster23,lruforgive,10,34175,27,1,2,NA,NA,NA,341745.8688,1441793799
node6.tardis-apia.ldos-ut-pg0.wisc.cloudlab.us,cluster23,lruforgive,10,34175,27,1,3,NA,NA,NA,341745.8688,1441793799
node6.tardis-apia.ldos-ut-pg0.wisc.cloudlab.us,cluster23,s3fifo,10,34175,27,1,1,NA,NA,NA,341745.8688,1441793799
node6.tardis-apia.ldos-ut-pg0.wisc.cloudlab.us,cluster23,s3fifo,10,34175,27,1,2,NA,NA,NA,341745.8688,1441793799
node6.tardis-apia.ldos-ut-pg0.wisc.cloudlab.us,cluster23,s3fifo,10,34175,27,1,3,NA,NA,NA,341745.8688,1441793799
node6.tardis-apia.ldos-ut-pg0.wisc.cloudlab.us,cluster23,s3fifoforgive,10,34175,27,1,1,NA,NA,NA,341745.8688,1441793799
node6.tardis-apia.ldos-ut-pg0.wisc.cloudlab.us,cluster23,s3fifoforgive,10,34175,27,1,2,NA,NA,NA,341745.8688,1441793799
node6.tardis-apia.ldos-ut-pg0.wisc.cloudlab.us,cluster23,s3fifoforgive,10,34175,27,1,3,NA,NA,NA,341745.8688,1441793799
node6.tardis-apia.ldos-ut-pg0.wisc.cloudlab.us,cluster23,lru,0.1,342,24,1,1,NA,NA,NA,341745.8688,1441793799
node6.tardis-apia.ldos-ut-pg0.wisc.cloudlab.us,cluster23,lru,0.1,342,24,1,2,NA,NA,NA,341745.8688,1441793799
node6.tardis-apia.ldos-ut-pg0.wisc.cloudlab.us,cluster23,lru,0.1,342,24,1,3,NA,NA,NA,341745.8688,1441793799
node6.tardis-apia.ldos-ut-pg0.wisc.cloudlab.us,cluster23,lruforgive,0.1,342,24,1,1,NA,NA,NA,341745.8688,1441793799
node6.tardis-apia.ldos-ut-pg0.wisc.cloudlab.us,cluster23,lruforgive,0.1,342,24,1,2,NA,NA,NA,341745.8688,1441793799
node6.tardis-apia.ldos-ut-pg0.wisc.cloudlab.us,cluster23,lruforgive,0.1,342,24,1,3,NA,NA,NA,341745.8688,1441793799
node6.tardis-apia.ldos-ut-pg0.wisc.cloudlab.us,cluster23,s3fifo,0.1,342,24,1,1,NA,NA,NA,341745.8688,1441793799
node6.tardis-apia.ldos-ut-pg0.wisc.cloudlab.us,cluster23,s3fifo,0.1,342,24,1,2,NA,NA,NA,341745.8688,1441793799
node6.tardis-apia.ldos-ut-pg0.wisc.cloudlab.us,cluster23,s3fifo,0.1,342,24,1,3,NA,NA,NA,341745.8688,1441793799
node6.tardis-apia.ldos-ut-pg0.wisc.cloudlab.us,cluster23,s3fifoforgive,0.1,342,24,1,1,NA,NA,NA,341745.8688,1441793799
node6.tardis-apia.ldos-ut-pg0.wisc.cloudlab.us,cluster23,s3fifoforgive,0.1,342,24,1,2,NA,NA,NA,341745.8688,1441793799
node6.tardis-apia.ldos-ut-pg0.wisc.cloudlab.us,cluster23,s3fifoforgive,0.1,342,24,1,3,NA,NA,NA,341745.8688,1441793799
node6.tardis-apia.ldos-ut-pg0.wisc.cloudlab.us,cluster24,lru,10,240,24,1,1,0.0385,2.44,3289457232,2404.0448,12203322
node6.tardis-apia.ldos-ut-pg0.wisc.cloudlab.us,cluster24,lru,10,240,24,1,2,0.0385,2.61,3289457232,2404.0448,12203322
node6.tardis-apia.ldos-ut-pg0.wisc.cloudlab.us,cluster24,lru,10,240,24,1,3,0.0385,2.45,3289457232,2404.0448,12203322
node6.tardis-apia.ldos-ut-pg0.wisc.cloudlab.us,cluster24,lruforgive,10,240,24,1,1,NA,NA,NA,2404.0448,12203322
node6.tardis-apia.ldos-ut-pg0.wisc.cloudlab.us,cluster24,lruforgive,10,240,24,1,2,NA,NA,NA,2404.0448,12203322
node6.tardis-apia.ldos-ut-pg0.wisc.cloudlab.us,cluster24,lruforgive,10,240,24,1,3,NA,NA,NA,2404.0448,12203322
node6.tardis-apia.ldos-ut-pg0.wisc.cloudlab.us,cluster24,s3fifo,10,240,24,1,1,0.0348,2.81,3289457232,2404.0448,12203322
node6.tardis-apia.ldos-ut-pg0.wisc.cloudlab.us,cluster24,s3fifo,10,240,24,1,2,0.0348,2.83,3289457232,2404.0448,12203322
node6.tardis-apia.ldos-ut-pg0.wisc.cloudlab.us,cluster24,s3fifo,10,240,24,1,3,0.0348,2.90,3289457232,2404.0448,12203322
node6.tardis-apia.ldos-ut-pg0.wisc.cloudlab.us,cluster24,s3fifoforgive,10,240,24,1,1,NA,NA,NA,2404.0448,12203322
node6.tardis-apia.ldos-ut-pg0.wisc.cloudlab.us,cluster24,s3fifoforgive,10,240,24,1,2,NA,NA,NA,2404.0448,12203322
node6.tardis-apia.ldos-ut-pg0.wisc.cloudlab.us,cluster24,s3fifoforgive,10,240,24,1,3,NA,NA,NA,2404.0448,12203322
node6.tardis-apia.ldos-ut-pg0.wisc.cloudlab.us,cluster24,lru,0.1,2,17,1,1,NA,NA,NA,2404.0448,12203322
node6.tardis-apia.ldos-ut-pg0.wisc.cloudlab.us,cluster24,lru,0.1,2,17,1,2,NA,NA,NA,2404.0448,12203322
node6.tardis-apia.ldos-ut-pg0.wisc.cloudlab.us,cluster24,lru,0.1,2,17,1,3,NA,NA,NA,2404.0448,12203322
node6.tardis-apia.ldos-ut-pg0.wisc.cloudlab.us,cluster24,lruforgive,0.1,2,17,1,1,NA,NA,NA,2404.0448,12203322
node6.tardis-apia.ldos-ut-pg0.wisc.cloudlab.us,cluster24,lruforgive,0.1,2,17,1,2,NA,NA,NA,2404.0448,12203322
node6.tardis-apia.ldos-ut-pg0.wisc.cloudlab.us,cluster24,lruforgive,0.1,2,17,1,3,NA,NA,NA,2404.0448,12203322
node6.tardis-apia.ldos-ut-pg0.wisc.cloudlab.us,cluster24,s3fifo,0.1,2,17,1,1,NA,NA,NA,2404.0448,12203322
node6.tardis-apia.ldos-ut-pg0.wisc.cloudlab.us,cluster24,s3fifo,0.1,2,17,1,2,NA,NA,NA,2404.0448,12203322
node6.tardis-apia.ldos-ut-pg0.wisc.cloudlab.us,cluster24,s3fifo,0.1,2,17,1,3,NA,NA,NA,2404.0448,12203322
node6.tardis-apia.ldos-ut-pg0.wisc.cloudlab.us,cluster24,s3fifoforgive,0.1,2,17,1,1,NA,NA,NA,2404.0448,12203322
node6.tardis-apia.ldos-ut-pg0.wisc.cloudlab.us,cluster24,s3fifoforgive,0.1,2,17,1,2,NA,NA,NA,2404.0448,12203322
node6.tardis-apia.ldos-ut-pg0.wisc.cloudlab.us,cluster24,s3fifoforgive,0.1,2,17,1,3,NA,NA,NA,2404.0448,12203322
node6.tardis-apia.ldos-ut-pg0.wisc.cloudlab.us,cluster26,lru,10,150,23,1,1,0.0789,2.77,156594626,1499.9552,12231055
node6.tardis-apia.ldos-ut-pg0.wisc.cloudlab.us,cluster26,lru,10,150,23,1,2,0.0789,2.80,156594626,1499.9552,12231055
node6.tardis-apia.ldos-ut-pg0.wisc.cloudlab.us,cluster26,lru,10,150,23,1,3,0.0789,2.81,156594626,1499.9552,12231055
node6.tardis-apia.ldos-ut-pg0.wisc.cloudlab.us,cluster26,lruforgive,10,150,23,1,1,0.0789,0.60,156594626,1499.9552,12231055
node6.tardis-apia.ldos-ut-pg0.wisc.cloudlab.us,cluster26,lruforgive,10,150,23,1,2,0.0789,0.61,156594626,1499.9552,12231055
node6.tardis-apia.ldos-ut-pg0.wisc.cloudlab.us,cluster26,lruforgive,10,150,23,1,3,0.0789,0.60,156594626,1499.9552,12231055
node6.tardis-apia.ldos-ut-pg0.wisc.cloudlab.us,cluster26,s3fifo,10,150,23,1,1,0.0793,3.24,156594626,1499.9552,12231055
node6.tardis-apia.ldos-ut-pg0.wisc.cloudlab.us,cluster26,s3fifo,10,150,23,1,2,0.0793,3.26,156594626,1499.9552,12231055
node6.tardis-apia.ldos-ut-pg0.wisc.cloudlab.us,cluster26,s3fifo,10,150,23,1,3,0.0793,3.26,156594626,1499.9552,12231055
node6.tardis-apia.ldos-ut-pg0.wisc.cloudlab.us,cluster26,s3fifoforgive,10,150,23,1,1,0.0793,0.65,156594626,1499.9552,12231055
node6.tardis-apia.ldos-ut-pg0.wisc.cloudlab.us,cluster26,s3fifoforgive,10,150,23,1,2,0.0793,0.65,156594626,1499.9552,12231055
node6.tardis-apia.ldos-ut-pg0.wisc.cloudlab.us,cluster26,s3fifoforgive,10,150,23,1,3,0.0793,0.65,156594626,1499.9552,12231055
node6.tardis-apia.ldos-ut-pg0.wisc.cloudlab.us,cluster26,lru,0.1,1,17,1,1,NA,NA,NA,1499.9552,12231055
node6.tardis-apia.ldos-ut-pg0.wisc.cloudlab.us,cluster26,lru,0.1,1,17,1,2,NA,NA,NA,1499.9552,12231055
node6.tardis-apia.ldos-ut-pg0.wisc.cloudlab.us,cluster26,lru,0.1,1,17,1,3,NA,NA,NA,1499.9552,12231055
node6.tardis-apia.ldos-ut-pg0.wisc.cloudlab.us,cluster26,lruforgive,0.1,1,17,1,1,NA,NA,NA,1499.9552,12231055
node6.tardis-apia.ldos-ut-pg0.wisc.cloudlab.us,cluster26,lruforgive,0.1,1,17,1,2,NA,NA,NA,1499.9552,12231055
node6.tardis-apia.ldos-ut-pg0.wisc.cloudlab.us,cluster26,lruforgive,0.1,1,17,1,3,NA,NA,NA,1499.9552,12231055
node6.tardis-apia.ldos-ut-pg0.wisc.cloudlab.us,cluster26,s3fifo,0.1,1,17,1,1,NA,NA,NA,1499.9552,12231055
node6.tardis-apia.ldos-ut-pg0.wisc.cloudlab.us,cluster26,s3fifo,0.1,1,17,1,2,NA,NA,NA,1499.9552,12231055
node6.tardis-apia.ldos-ut-pg0.wisc.cloudlab.us,cluster26,s3fifo,0.1,1,17,1,3,NA,NA,NA,1499.9552,12231055
node6.tardis-apia.ldos-ut-pg0.wisc.cloudlab.us,cluster26,s3fifoforgive,0.1,1,17,1,1,NA,NA,NA,1499.9552,12231055
node6.tardis-apia.ldos-ut-pg0.wisc.cloudlab.us,cluster26,s3fifoforgive,0.1,1,17,1,2,NA,NA,NA,1499.9552,12231055
node6.tardis-apia.ldos-ut-pg0.wisc.cloudlab.us,cluster26,s3fifoforgive,0.1,1,17,1,3,NA,NA,NA,1499.9552,12231055
node6.tardis-apia.ldos-ut-pg0.wisc.cloudlab.us,cluster28,lru,10,596,25,1,1,0.0241,2.26,5267932036,5962.6496,62076841
node6.tardis-apia.ldos-ut-pg0.wisc.cloudlab.us,cluster28,lru,10,596,25,1,2,0.0241,2.26,5267932036,5962.6496,62076841
node6.tardis-apia.ldos-ut-pg0.wisc.cloudlab.us,cluster28,lru,10,596,25,1,3,0.0241,2.33,5267932036,5962.6496,62076841
node6.tardis-apia.ldos-ut-pg0.wisc.cloudlab.us,cluster28,lruforgive,10,596,25,1,1,NA,NA,NA,5962.6496,62076841
node6.tardis-apia.ldos-ut-pg0.wisc.cloudlab.us,cluster28,lruforgive,10,596,25,1,2,NA,NA,NA,5962.6496,62076841
node6.tardis-apia.ldos-ut-pg0.wisc.cloudlab.us,cluster28,lruforgive,10,596,25,1,3,NA,NA,NA,5962.6496,62076841
node6.tardis-apia.ldos-ut-pg0.wisc.cloudlab.us,cluster28,s3fifo,10,596,25,1,1,0.0228,2.66,5267932036,5962.6496,62076841
node6.tardis-apia.ldos-ut-pg0.wisc.cloudlab.us,cluster28,s3fifo,10,596,25,1,2,0.0228,2.61,5267932036,5962.6496,62076841
node6.tardis-apia.ldos-ut-pg0.wisc.cloudlab.us,cluster28,s3fifo,10,596,25,1,3,0.0228,2.66,5267932036,5962.6496,62076841
node6.tardis-apia.ldos-ut-pg0.wisc.cloudlab.us,cluster28,s3fifoforgive,10,596,25,1,1,NA,NA,NA,5962.6496,62076841
node6.tardis-apia.ldos-ut-pg0.wisc.cloudlab.us,cluster28,s3fifoforgive,10,596,25,1,2,NA,NA,NA,5962.6496,62076841
node6.tardis-apia.ldos-ut-pg0.wisc.cloudlab.us,cluster28,s3fifoforgive,10,596,25,1,3,NA,NA,NA,5962.6496,62076841
node6.tardis-apia.ldos-ut-pg0.wisc.cloudlab.us,cluster28,lru,0.1,6,19,1,1,NA,NA,NA,5962.6496,62076841
node6.tardis-apia.ldos-ut-pg0.wisc.cloudlab.us,cluster28,lru,0.1,6,19,1,2,NA,NA,NA,5962.6496,62076841
node6.tardis-apia.ldos-ut-pg0.wisc.cloudlab.us,cluster28,lru,0.1,6,19,1,3,NA,NA,NA,5962.6496,62076841
node6.tardis-apia.ldos-ut-pg0.wisc.cloudlab.us,cluster28,lruforgive,0.1,6,19,1,1,NA,NA,NA,5962.6496,62076841
node6.tardis-apia.ldos-ut-pg0.wisc.cloudlab.us,cluster28,lruforgive,0.1,6,19,1,2,NA,NA,NA,5962.6496,62076841
node6.tardis-apia.ldos-ut-pg0.wisc.cloudlab.us,cluster28,lruforgive,0.1,6,19,1,3,NA,NA,NA,5962.6496,62076841
node6.tardis-apia.ldos-ut-pg0.wisc.cloudlab.us,cluster28,s3fifo,0.1,6,19,1,1,NA,NA,NA,5962.6496,62076841
node6.tardis-apia.ldos-ut-pg0.wisc.cloudlab.us,cluster28,s3fifo,0.1,6,19,1,2,NA,NA,NA,5962.6496,62076841
node6.tardis-apia.ldos-ut-pg0.wisc.cloudlab.us,cluster28,s3fifo,0.1,6,19,1,3,NA,NA,NA,5962.6496,62076841
node6.tardis-apia.ldos-ut-pg0.wisc.cloudlab.us,cluster28,s3fifoforgive,0.1,6,19,1,1,NA,NA,NA,5962.6496,62076841
node6.tardis-apia.ldos-ut-pg0.wisc.cloudlab.us,cluster28,s3fifoforgive,0.1,6,19,1,2,NA,NA,NA,5962.6496,62076841
node6.tardis-apia.ldos-ut-pg0.wisc.cloudlab.us,cluster28,s3fifoforgive,0.1,6,19,1,3,NA,NA,NA,5962.6496,62076841
node6.tardis-apia.ldos-ut-pg0.wisc.cloudlab.us,cluster3,lru,10,44,21,1,1,0.0590,3.18,820307311,441.9584,6265139
node6.tardis-apia.ldos-ut-pg0.wisc.cloudlab.us,cluster3,lru,10,44,21,1,2,0.0590,3.28,820307311,441.9584,6265139
node6.tardis-apia.ldos-ut-pg0.wisc.cloudlab.us,cluster3,lru,10,44,21,1,3,0.0590,3.17,820307311,441.9584,6265139
node6.tardis-apia.ldos-ut-pg0.wisc.cloudlab.us,cluster3,lruforgive,10,44,21,1,1,0.0590,0.77,820307311,441.9584,6265139
node6.tardis-apia.ldos-ut-pg0.wisc.cloudlab.us,cluster3,lruforgive,10,44,21,1,2,0.0590,0.78,820307311,441.9584,6265139
node6.tardis-apia.ldos-ut-pg0.wisc.cloudlab.us,cluster3,lruforgive,10,44,21,1,3,0.0590,0.78,820307311,441.9584,6265139
node6.tardis-apia.ldos-ut-pg0.wisc.cloudlab.us,cluster3,s3fifo,10,44,21,1,1,0.0537,3.85,820307311,441.9584,6265139
node6.tardis-apia.ldos-ut-pg0.wisc.cloudlab.us,cluster3,s3fifo,10,44,21,1,2,0.0537,3.83,820307311,441.9584,6265139
node6.tardis-apia.ldos-ut-pg0.wisc.cloudlab.us,cluster3,s3fifo,10,44,21,1,3,0.0537,3.83,820307311,441.9584,6265139
node6.tardis-apia.ldos-ut-pg0.wisc.cloudlab.us,cluster3,s3fifoforgive,10,44,21,1,1,0.0537,0.80,820307311,441.9584,6265139
node6.tardis-apia.ldos-ut-pg0.wisc.cloudlab.us,cluster3,s3fifoforgive,10,44,21,1,2,0.0537,0.79,820307311,441.9584,6265139
node6.tardis-apia.ldos-ut-pg0.wisc.cloudlab.us,cluster3,s3fifoforgive,10,44,21,1,3,0.0537,0.68,820307311,441.9584,6265139
node6.tardis-apia.ldos-ut-pg0.wisc.cloudlab.us,cluster3,lru,0.1,1,16,1,1,NA,NA,NA,441.9584,6265139
node6.tardis-apia.ldos-ut-pg0.wisc.cloudlab.us,cluster3,lru,0.1,1,16,1,2,NA,NA,NA,441.9584,6265139
node6.tardis-apia.ldos-ut-pg0.wisc.cloudlab.us,cluster3,lru,0.1,1,16,1,3,NA,NA,NA,441.9584,6265139
node6.tardis-apia.ldos-ut-pg0.wisc.cloudlab.us,cluster3,lruforgive,0.1,1,16,1,1,NA,NA,NA,441.9584,6265139
node6.tardis-apia.ldos-ut-pg0.wisc.cloudlab.us,cluster3,lruforgive,0.1,1,16,1,2,NA,NA,NA,441.9584,6265139
node6.tardis-apia.ldos-ut-pg0.wisc.cloudlab.us,cluster3,lruforgive,0.1,1,16,1,3,NA,NA,NA,441.9584,6265139
node6.tardis-apia.ldos-ut-pg0.wisc.cloudlab.us,cluster3,s3fifo,0.1,1,16,1,1,NA,NA,NA,441.9584,6265139
node6.tardis-apia.ldos-ut-pg0.wisc.cloudlab.us,cluster3,s3fifo,0.1,1,16,1,2,NA,NA,NA,441.9584,6265139
node6.tardis-apia.ldos-ut-pg0.wisc.cloudlab.us,cluster3,s3fifo,0.1,1,16,1,3,NA,NA,NA,441.9584,6265139
node6.tardis-apia.ldos-ut-pg0.wisc.cloudlab.us,cluster3,s3fifoforgive,0.1,1,16,1,1,NA,NA,NA,441.9584,6265139
node6.tardis-apia.ldos-ut-pg0.wisc.cloudlab.us,cluster3,s3fifoforgive,0.1,1,16,1,2,NA,NA,NA,441.9584,6265139
node6.tardis-apia.ldos-ut-pg0.wisc.cloudlab.us,cluster3,s3fifoforgive,0.1,1,16,1,3,NA,NA,NA,441.9584,6265139
node6.tardis-apia.ldos-ut-pg0.wisc.cloudlab.us,cluster30,lru,10,77,22,1,1,0.0991,3.11,2554900850,771.6864,12998481
node6.tardis-apia.ldos-ut-pg0.wisc.cloudlab.us,cluster30,lru,10,77,22,1,2,0.0991,3.11,2554900850,771.6864,12998481
node6.tardis-apia.ldos-ut-pg0.wisc.cloudlab.us,cluster30,lru,10,77,22,1,3,0.0991,3.11,2554900850,771.6864,12998481
node6.tardis-apia.ldos-ut-pg0.wisc.cloudlab.us,cluster30,lruforgive,10,77,22,1,1,NA,NA,NA,771.6864,12998481
node6.tardis-apia.ldos-ut-pg0.wisc.cloudlab.us,cluster30,lruforgive,10,77,22,1,2,NA,NA,NA,771.6864,12998481
node6.tardis-apia.ldos-ut-pg0.wisc.cloudlab.us,cluster30,lruforgive,10,77,22,1,3,NA,NA,NA,771.6864,12998481
node6.tardis-apia.ldos-ut-pg0.wisc.cloudlab.us,cluster30,s3fifo,10,77,22,1,1,0.0795,3.56,2554900850,771.6864,12998481
node6.tardis-apia.ldos-ut-pg0.wisc.cloudlab.us,cluster30,s3fifo,10,77,22,1,2,NA,NA,NA,771.6864,12998481
node6.tardis-apia.ldos-ut-pg0.wisc.cloudlab.us,cluster30,s3fifo,10,77,22,1,3,0.0795,3.47,2554900850,771.6864,12998481
node6.tardis-apia.ldos-ut-pg0.wisc.cloudlab.us,cluster30,s3fifoforgive,10,77,22,1,1,NA,NA,NA,771.6864,12998481
node6.tardis-apia.ldos-ut-pg0.wisc.cloudlab.us,cluster30,s3fifoforgive,10,77,22,1,2,NA,NA,NA,771.6864,12998481
node6.tardis-apia.ldos-ut-pg0.wisc.cloudlab.us,cluster30,s3fifoforgive,10,77,22,1,3,NA,NA,NA,771.6864,12998481
node6.tardis-apia.ldos-ut-pg0.wisc.cloudlab.us,cluster30,lru,0.1,1,16,1,1,NA,NA,NA,771.6864,12998481
node6.tardis-apia.ldos-ut-pg0.wisc.cloudlab.us,cluster30,lru,0.1,1,16,1,2,NA,NA,NA,771.6864,12998481
node6.tardis-apia.ldos-ut-pg0.wisc.cloudlab.us,cluster30,lru,0.1,1,16,1,3,NA,NA,NA,771.6864,12998481
node6.tardis-apia.ldos-ut-pg0.wisc.cloudlab.us,cluster30,lruforgive,0.1,1,16,1,1,NA,NA,NA,771.6864,12998481
node6.tardis-apia.ldos-ut-pg0.wisc.cloudlab.us,cluster30,lruforgive,0.1,1,16,1,2,NA,NA,NA,771.6864,12998481
node6.tardis-apia.ldos-ut-pg0.wisc.cloudlab.us,cluster30,lruforgive,0.1,1,16,1,3,NA,NA,NA,771.6864,12998481
node6.tardis-apia.ldos-ut-pg0.wisc.cloudlab.us,cluster30,s3fifo,0.1,1,16,1,1,NA,NA,NA,771.6864,12998481
node6.tardis-apia.ldos-ut-pg0.wisc.cloudlab.us,cluster30,s3fifo,0.1,1,16,1,2,NA,NA,NA,771.6864,12998481
node6.tardis-apia.ldos-ut-pg0.wisc.cloudlab.us,cluster30,s3fifo,0.1,1,16,1,3,NA,NA,NA,771.6864,12998481
node6.tardis-apia.ldos-ut-pg0.wisc.cloudlab.us,cluster30,s3fifoforgive,0.1,1,16,1,1,NA,NA,NA,771.6864,12998481
node6.tardis-apia.ldos-ut-pg0.wisc.cloudlab.us,cluster30,s3fifoforgive,0.1,1,16,1,2,NA,NA,NA,771.6864,12998481
node6.tardis-apia.ldos-ut-pg0.wisc.cloudlab.us,cluster30,s3fifoforgive,0.1,1,16,1,3,NA,NA,NA,771.6864,12998481
node6.tardis-apia.ldos-ut-pg0.wisc.cloudlab.us,cluster31,lru,10,6711,27,1,1,NA,NA,NA,67111.7312,1258416526
node6.tardis-apia.ldos-ut-pg0.wisc.cloudlab.us,cluster31,lru,10,6711,27,1,2,NA,NA,NA,67111.7312,1258416526
node6.tardis-apia.ldos-ut-pg0.wisc.cloudlab.us,cluster31,lru,10,6711,27,1,3,NA,NA,NA,67111.7312,1258416526
node6.tardis-apia.ldos-ut-pg0.wisc.cloudlab.us,cluster31,lruforgive,10,6711,27,1,1,NA,NA,NA,67111.7312,1258416526
node6.tardis-apia.ldos-ut-pg0.wisc.cloudlab.us,cluster31,lruforgive,10,6711,27,1,2,NA,NA,NA,67111.7312,1258416526
node6.tardis-apia.ldos-ut-pg0.wisc.cloudlab.us,cluster31,lruforgive,10,6711,27,1,3,NA,NA,NA,67111.7312,1258416526
node6.tardis-apia.ldos-ut-pg0.wisc.cloudlab.us,cluster31,s3fifo,10,6711,27,1,1,NA,NA,NA,67111.7312,1258416526
node6.tardis-apia.ldos-ut-pg0.wisc.cloudlab.us,cluster31,s3fifo,10,6711,27,1,2,NA,NA,NA,67111.7312,1258416526
node6.tardis-apia.ldos-ut-pg0.wisc.cloudlab.us,cluster31,s3fifo,10,6711,27,1,3,NA,NA,NA,67111.7312,1258416526
node6.tardis-apia.ldos-ut-pg0.wisc.cloudlab.us,cluster31,s3fifoforgive,10,6711,27,1,1,NA,NA,NA,67111.7312,1258416526
node6.tardis-apia.ldos-ut-pg0.wisc.cloudlab.us,cluster31,s3fifoforgive,10,6711,27,1,2,NA,NA,NA,67111.7312,1258416526
node6.tardis-apia.ldos-ut-pg0.wisc.cloudlab.us,cluster31,s3fifoforgive,10,6711,27,1,3,NA,NA,NA,67111.7312,1258416526
node6.tardis-apia.ldos-ut-pg0.wisc.cloudlab.us,cluster31,lru,0.1,67,22,1,1,0.9382,1.23,1341176719,67111.7312,1258416526
node6.tardis-apia.ldos-ut-pg0.wisc.cloudlab.us,cluster31,lru,0.1,67,22,1,2,0.9382,1.23,1341176719,67111.7312,1258416526
node6.tardis-apia.ldos-ut-pg0.wisc.cloudlab.us,cluster31,lru,0.1,67,22,1,3,0.9382,1.23,1341176719,67111.7312,1258416526
node6.tardis-apia.ldos-ut-pg0.wisc.cloudlab.us,cluster31,lruforgive,0.1,67,22,1,1,NA,NA,NA,67111.7312,1258416526
node6.tardis-apia.ldos-ut-pg0.wisc.cloudlab.us,cluster31,lruforgive,0.1,67,22,1,2,NA,NA,NA,67111.7312,1258416526
node6.tardis-apia.ldos-ut-pg0.wisc.cloudlab.us,cluster31,lruforgive,0.1,67,22,1,3,NA,NA,NA,67111.7312,1258416526
node6.tardis-apia.ldos-ut-pg0.wisc.cloudlab.us,cluster31,s3fifo,0.1,67,22,1,1,0.9382,1.30,1341176719,67111.7312,1258416526
node6.tardis-apia.ldos-ut-pg0.wisc.cloudlab.us,cluster31,s3fifo,0.1,67,22,1,2,0.9382,1.26,1341176719,67111.7312,1258416526
node6.tardis-apia.ldos-ut-pg0.wisc.cloudlab.us,cluster31,s3fifo,0.1,67,22,1,3,0.9382,1.30,1341176719,67111.7312,1258416526
node6.tardis-apia.ldos-ut-pg0.wisc.cloudlab.us,cluster31,s3fifoforgive,0.1,67,22,1,1,NA,NA,NA,67111.7312,1258416526
node6.tardis-apia.ldos-ut-pg0.wisc.cloudlab.us,cluster31,s3fifoforgive,0.1,67,22,1,2,NA,NA,NA,67111.7312,1258416526
node6.tardis-apia.ldos-ut-pg0.wisc.cloudlab.us,cluster31,s3fifoforgive,0.1,67,22,1,3,NA,NA,NA,67111.7312,1258416526
node6.tardis-apia.ldos-ut-pg0.wisc.cloudlab.us,cluster34,lru,10,262,24,1,1,0.4423,1.54,2147047914,2617.0368,14255292
node6.tardis-apia.ldos-ut-pg0.wisc.cloudlab.us,cluster34,lru,10,262,24,1,2,0.4423,1.53,2147047914,2617.0368,14255292
node6.tardis-apia.ldos-ut-pg0.wisc.cloudlab.us,cluster34,lru,10,262,24,1,3,0.4423,1.55,2147047914,2617.0368,14255292
node6.tardis-apia.ldos-ut-pg0.wisc.cloudlab.us,cluster34,lruforgive,10,262,24,1,1,NA,NA,NA,2617.0368,14255292
node6.tardis-apia.ldos-ut-pg0.wisc.cloudlab.us,cluster34,lruforgive,10,262,24,1,2,NA,NA,NA,2617.0368,14255292
node6.tardis-apia.ldos-ut-pg0.wisc.cloudlab.us,cluster34,lruforgive,10,262,24,1,3,NA,NA,NA,2617.0368,14255292
node6.tardis-apia.ldos-ut-pg0.wisc.cloudlab.us,cluster34,s3fifo,10,262,24,1,1,0.3865,1.53,2147047914,2617.0368,14255292
node6.tardis-apia.ldos-ut-pg0.wisc.cloudlab.us,cluster34,s3fifo,10,262,24,1,2,0.3865,1.56,2147047914,2617.0368,14255292
node6.tardis-apia.ldos-ut-pg0.wisc.cloudlab.us,cluster34,s3fifo,10,262,24,1,3,0.3865,1.53,2147047914,2617.0368,14255292
node6.tardis-apia.ldos-ut-pg0.wisc.cloudlab.us,cluster34,s3fifoforgive,10,262,24,1,1,NA,NA,NA,2617.0368,14255292
node6.tardis-apia.ldos-ut-pg0.wisc.cloudlab.us,cluster34,s3fifoforgive,10,262,24,1,2,NA,NA,NA,2617.0368,14255292
node6.tardis-apia.ldos-ut-pg0.wisc.cloudlab.us,cluster34,s3fifoforgive,10,262,24,1,3,NA,NA,NA,2617.0368,14255292
node6.tardis-apia.ldos-ut-pg0.wisc.cloudlab.us,cluster34,lru,0.1,3,17,1,1,NA,NA,NA,2617.0368,14255292
node6.tardis-apia.ldos-ut-pg0.wisc.cloudlab.us,cluster34,lru,0.1,3,17,1,2,NA,NA,NA,2617.0368,14255292
node6.tardis-apia.ldos-ut-pg0.wisc.cloudlab.us,cluster34,lru,0.1,3,17,1,3,NA,NA,NA,2617.0368,14255292
node6.tardis-apia.ldos-ut-pg0.wisc.cloudlab.us,cluster34,lruforgive,0.1,3,17,1,1,NA,NA,NA,2617.0368,14255292
node6.tardis-apia.ldos-ut-pg0.wisc.cloudlab.us,cluster34,lruforgive,0.1,3,17,1,2,NA,NA,NA,2617.0368,14255292
node6.tardis-apia.ldos-ut-pg0.wisc.cloudlab.us,cluster34,lruforgive,0.1,3,17,1,3,NA,NA,NA,2617.0368,14255292
node6.tardis-apia.ldos-ut-pg0.wisc.cloudlab.us,cluster34,s3fifo,0.1,3,17,1,1,NA,NA,NA,2617.0368,14255292
node6.tardis-apia.ldos-ut-pg0.wisc.cloudlab.us,cluster34,s3fifo,0.1,3,17,1,2,NA,NA,NA,2617.0368,14255292
node6.tardis-apia.ldos-ut-pg0.wisc.cloudlab.us,cluster34,s3fifo,0.1,3,17,1,3,NA,NA,NA,2617.0368,14255292
node6.tardis-apia.ldos-ut-pg0.wisc.cloudlab.us,cluster34,s3fifoforgive,0.1,3,17,1,1,NA,NA,NA,2617.0368,14255292
node6.tardis-apia.ldos-ut-pg0.wisc.cloudlab.us,cluster34,s3fifoforgive,0.1,3,17,1,2,NA,NA,NA,2617.0368,14255292
node6.tardis-apia.ldos-ut-pg0.wisc.cloudlab.us,cluster34,s3fifoforgive,0.1,3,17,1,3,NA,NA,NA,2617.0368,14255292
node6.tardis-apia.ldos-ut-pg0.wisc.cloudlab.us,cluster35,lru,10,13204,27,1,1,0.0698,3.11,1828228907,132039.9872,127904403
node6.tardis-apia.ldos-ut-pg0.wisc.cloudlab.us,cluster35,lru,10,13204,27,1,2,0.0698,3.12,1828228907,132039.9872,127904403
node6.tardis-apia.ldos-ut-pg0.wisc.cloudlab.us,cluster35,lru,10,13204,27,1,3,0.0698,3.11,1828228907,132039.9872,127904403
node6.tardis-apia.ldos-ut-pg0.wisc.cloudlab.us,cluster35,lruforgive,10,13204,27,1,1,NA,NA,NA,132039.9872,127904403
node6.tardis-apia.ldos-ut-pg0.wisc.cloudlab.us,cluster35,lruforgive,10,13204,27,1,2,NA,NA,NA,132039.9872,127904403
node6.tardis-apia.ldos-ut-pg0.wisc.cloudlab.us,cluster35,lruforgive,10,13204,27,1,3,NA,NA,NA,132039.9872,127904403
node6.tardis-apia.ldos-ut-pg0.wisc.cloudlab.us,cluster35,s3fifo,10,13204,27,1,1,0.0698,3.13,1828228907,132039.9872,127904403
node6.tardis-apia.ldos-ut-pg0.wisc.cloudlab.us,cluster35,s3fifo,10,13204,27,1,2,0.0698,3.12,1828228907,132039.9872,127904403
node6.tardis-apia.ldos-ut-pg0.wisc.cloudlab.us,cluster35,s3fifo,10,13204,27,1,3,0.0698,3.11,1828228907,132039.9872,127904403
node6.tardis-apia.ldos-ut-pg0.wisc.cloudlab.us,cluster35,s3fifoforgive,10,13204,27,1,1,NA,NA,NA,132039.9872,127904403
node6.tardis-apia.ldos-ut-pg0.wisc.cloudlab.us,cluster35,s3fifoforgive,10,13204,27,1,2,NA,NA,NA,132039.9872,127904403
node6.tardis-apia.ldos-ut-pg0.wisc.cloudlab.us,cluster35,s3fifoforgive,10,13204,27,1,3,NA,NA,NA,132039.9872,127904403
node6.tardis-apia.ldos-ut-pg0.wisc.cloudlab.us,cluster35,lru,0.1,132,23,1,1,0.0700,3.08,1828228907,132039.9872,127904403
node6.tardis-apia.ldos-ut-pg0.wisc.cloudlab.us,cluster35,lru,0.1,132,23,1,2,0.0700,3.08,1828228907,132039.9872,127904403
node6.tardis-apia.ldos-ut-pg0.wisc.cloudlab.us,cluster35,lru,0.1,132,23,1,3,0.0700,3.07,1828228907,132039.9872,127904403
node6.tardis-apia.ldos-ut-pg0.wisc.cloudlab.us,cluster35,lruforgive,0.1,132,23,1,1,NA,NA,NA,132039.9872,127904403
node6.tardis-apia.ldos-ut-pg0.wisc.cloudlab.us,cluster35,lruforgive,0.1,132,23,1,2,NA,NA,NA,132039.9872,127904403
node6.tardis-apia.ldos-ut-pg0.wisc.cloudlab.us,cluster35,lruforgive,0.1,132,23,1,3,NA,NA,NA,132039.9872,127904403
node6.tardis-apia.ldos-ut-pg0.wisc.cloudlab.us,cluster35,s3fifo,0.1,132,23,1,1,0.0700,3.54,1828228907,132039.9872,127904403
node6.tardis-apia.ldos-ut-pg0.wisc.cloudlab.us,cluster35,s3fifo,0.1,132,23,1,2,0.0700,3.56,1828228907,132039.9872,127904403
node6.tardis-apia.ldos-ut-pg0.wisc.cloudlab.us,cluster35,s3fifo,0.1,132,23,1,3,0.0700,3.51,1828228907,132039.9872,127904403
node6.tardis-apia.ldos-ut-pg0.wisc.cloudlab.us,cluster35,s3fifoforgive,0.1,132,23,1,1,NA,NA,NA,132039.9872,127904403
node6.tardis-apia.ldos-ut-pg0.wisc.cloudlab.us,cluster35,s3fifoforgive,0.1,132,23,1,2,NA,NA,NA,132039.9872,127904403
node6.tardis-apia.ldos-ut-pg0.wisc.cloudlab.us,cluster35,s3fifoforgive,0.1,132,23,1,3,NA,NA,NA,132039.9872,127904403
node6.tardis-apia.ldos-ut-pg0.wisc.cloudlab.us,cluster36,lru,10,217,24,1,1,NA,NA,NA,2165.76,71026294
node6.tardis-apia.ldos-ut-pg0.wisc.cloudlab.us,cluster36,lru,10,217,24,1,2,NA,NA,NA,2165.76,71026294
node6.tardis-apia.ldos-ut-pg0.wisc.cloudlab.us,cluster36,lru,10,217,24,1,3,NA,NA,NA,2165.76,71026294
node6.tardis-apia.ldos-ut-pg0.wisc.cloudlab.us,cluster36,lruforgive,10,217,24,1,1,NA,NA,NA,2165.76,71026294
node6.tardis-apia.ldos-ut-pg0.wisc.cloudlab.us,cluster36,lruforgive,10,217,24,1,2,NA,NA,NA,2165.76,71026294
node6.tardis-apia.ldos-ut-pg0.wisc.cloudlab.us,cluster36,lruforgive,10,217,24,1,3,NA,NA,NA,2165.76,71026294
node6.tardis-apia.ldos-ut-pg0.wisc.cloudlab.us,cluster36,s3fifo,10,217,24,1,1,NA,NA,NA,2165.76,71026294
node6.tardis-apia.ldos-ut-pg0.wisc.cloudlab.us,cluster36,s3fifo,10,217,24,1,2,NA,NA,NA,2165.76,71026294
node6.tardis-apia.ldos-ut-pg0.wisc.cloudlab.us,cluster36,s3fifo,10,217,24,1,3,NA,NA,NA,2165.76,71026294
node6.tardis-apia.ldos-ut-pg0.wisc.cloudlab.us,cluster36,s3fifoforgive,10,217,24,1,1,NA,NA,NA,2165.76,71026294
node6.tardis-apia.ldos-ut-pg0.wisc.cloudlab.us,cluster36,s3fifoforgive,10,217,24,1,2,NA,NA,NA,2165.76,71026294
node6.tardis-apia.ldos-ut-pg0.wisc.cloudlab.us,cluster36,s3fifoforgive,10,217,24,1,3,NA,NA,NA,2165.76,71026294
node6.tardis-apia.ldos-ut-pg0.wisc.cloudlab.us,cluster36,lru,0.1,2,17,1,1,NA,NA,NA,2165.76,71026294
node6.tardis-apia.ldos-ut-pg0.wisc.cloudlab.us,cluster36,lru,0.1,2,17,1,2,NA,NA,NA,2165.76,71026294
node6.tardis-apia.ldos-ut-pg0.wisc.cloudlab.us,cluster36,lru,0.1,2,17,1,3,NA,NA,NA,2165.76,71026294
node6.tardis-apia.ldos-ut-pg0.wisc.cloudlab.us,cluster36,lruforgive,0.1,2,17,1,1,NA,NA,NA,2165.76,71026294
node6.tardis-apia.ldos-ut-pg0.wisc.cloudlab.us,cluster36,lruforgive,0.1,2,17,1,2,NA,NA,NA,2165.76,71026294
node6.tardis-apia.ldos-ut-pg0.wisc.cloudlab.us,cluster36,lruforgive,0.1,2,17,1,3,NA,NA,NA,2165.76,71026294
node6.tardis-apia.ldos-ut-pg0.wisc.cloudlab.us,cluster36,s3fifo,0.1,2,17,1,1,NA,NA,NA,2165.76,71026294
node6.tardis-apia.ldos-ut-pg0.wisc.cloudlab.us,cluster36,s3fifo,0.1,2,17,1,2,NA,NA,NA,2165.76,71026294
node6.tardis-apia.ldos-ut-pg0.wisc.cloudlab.us,cluster36,s3fifo,0.1,2,17,1,3,NA,NA,NA,2165.76,71026294
node6.tardis-apia.ldos-ut-pg0.wisc.cloudlab.us,cluster36,s3fifoforgive,0.1,2,17,1,1,NA,NA,NA,2165.76,71026294
node6.tardis-apia.ldos-ut-pg0.wisc.cloudlab.us,cluster36,s3fifoforgive,0.1,2,17,1,2,NA,NA,NA,2165.76,71026294
node6.tardis-apia.ldos-ut-pg0.wisc.cloudlab.us,cluster36,s3fifoforgive,0.1,2,17,1,3,NA,NA,NA,2165.76,71026294
node6.tardis-apia.ldos-ut-pg0.wisc.cloudlab.us,cluster37,lru,10,15997,27,1,1,NA,NA,NA,159969.792,697149899
node6.tardis-apia.ldos-ut-pg0.wisc.cloudlab.us,cluster37,lru,10,15997,27,1,2,NA,NA,NA,159969.792,697149899
node6.tardis-apia.ldos-ut-pg0.wisc.cloudlab.us,cluster37,lru,10,15997,27,1,3,NA,NA,NA,159969.792,697149899
node6.tardis-apia.ldos-ut-pg0.wisc.cloudlab.us,cluster37,lruforgive,10,15997,27,1,1,NA,NA,NA,159969.792,697149899
node6.tardis-apia.ldos-ut-pg0.wisc.cloudlab.us,cluster37,lruforgive,10,15997,27,1,2,NA,NA,NA,159969.792,697149899
node6.tardis-apia.ldos-ut-pg0.wisc.cloudlab.us,cluster37,lruforgive,10,15997,27,1,3,NA,NA,NA,159969.792,697149899
node6.tardis-apia.ldos-ut-pg0.wisc.cloudlab.us,cluster37,s3fifo,10,15997,27,1,1,NA,NA,NA,159969.792,697149899
node6.tardis-apia.ldos-ut-pg0.wisc.cloudlab.us,cluster37,s3fifo,10,15997,27,1,2,NA,NA,NA,159969.792,697149899
node6.tardis-apia.ldos-ut-pg0.wisc.cloudlab.us,cluster37,s3fifo,10,15997,27,1,3,NA,NA,NA,159969.792,697149899
node6.tardis-apia.ldos-ut-pg0.wisc.cloudlab.us,cluster37,s3fifoforgive,10,15997,27,1,1,NA,NA,NA,159969.792,697149899
node6.tardis-apia.ldos-ut-pg0.wisc.cloudlab.us,cluster37,s3fifoforgive,10,15997,27,1,2,NA,NA,NA,159969.792,697149899
node6.tardis-apia.ldos-ut-pg0.wisc.cloudlab.us,cluster37,s3fifoforgive,10,15997,27,1,3,NA,NA,NA,159969.792,697149899
node6.tardis-apia.ldos-ut-pg0.wisc.cloudlab.us,cluster37,lru,0.1,160,23,1,1,0.3644,2.02,3168270708,159969.792,697149899
node6.tardis-apia.ldos-ut-pg0.wisc.cloudlab.us,cluster37,lru,0.1,160,23,1,2,0.3644,1.97,3168270708,159969.792,697149899
node6.tardis-apia.ldos-ut-pg0.wisc.cloudlab.us,cluster37,lru,0.1,160,23,1,3,0.3644,1.97,3168270708,159969.792,697149899
node6.tardis-apia.ldos-ut-pg0.wisc.cloudlab.us,cluster37,lruforgive,0.1,160,23,1,1,NA,NA,NA,159969.792,697149899
node6.tardis-apia.ldos-ut-pg0.wisc.cloudlab.us,cluster37,lruforgive,0.1,160,23,1,2,NA,NA,NA,159969.792,697149899
node6.tardis-apia.ldos-ut-pg0.wisc.cloudlab.us,cluster37,lruforgive,0.1,160,23,1,3,NA,NA,NA,159969.792,697149899
node6.tardis-apia.ldos-ut-pg0.wisc.cloudlab.us,cluster37,s3fifo,0.1,160,23,1,1,0.3125,2.14,3168270708,159969.792,697149899
node6.tardis-apia.ldos-ut-pg0.wisc.cloudlab.us,cluster37,s3fifo,0.1,160,23,1,2,0.3125,2.16,3168270708,159969.792,697149899
node6.tardis-apia.ldos-ut-pg0.wisc.cloudlab.us,cluster37,s3fifo,0.1,160,23,1,3,NA,NA,NA,159969.792,697149899
node6.tardis-apia.ldos-ut-pg0.wisc.cloudlab.us,cluster37,s3fifoforgive,0.1,160,23,1,1,NA,NA,NA,159969.792,697149899
node6.tardis-apia.ldos-ut-pg0.wisc.cloudlab.us,cluster37,s3fifoforgive,0.1,160,23,1,2,NA,NA,NA,159969.792,697149899
node6.tardis-apia.ldos-ut-pg0.wisc.cloudlab.us,cluster37,s3fifoforgive,0.1,160,23,1,3,NA,NA,NA,159969.792,697149899
node6.tardis-apia.ldos-ut-pg0.wisc.cloudlab.us,cluster38,lru,10,27335,27,1,1,NA,NA,NA,273353.0112,1259566139
node6.tardis-apia.ldos-ut-pg0.wisc.cloudlab.us,cluster38,lru,10,27335,27,1,2,NA,NA,NA,273353.0112,1259566139
node6.tardis-apia.ldos-ut-pg0.wisc.cloudlab.us,cluster38,lru,10,27335,27,1,3,NA,NA,NA,273353.0112,1259566139
node6.tardis-apia.ldos-ut-pg0.wisc.cloudlab.us,cluster38,lruforgive,10,27335,27,1,1,NA,NA,NA,273353.0112,1259566139
node6.tardis-apia.ldos-ut-pg0.wisc.cloudlab.us,cluster38,lruforgive,10,27335,27,1,2,NA,NA,NA,273353.0112,1259566139
node6.tardis-apia.ldos-ut-pg0.wisc.cloudlab.us,cluster38,lruforgive,10,27335,27,1,3,NA,NA,NA,273353.0112,1259566139
node6.tardis-apia.ldos-ut-pg0.wisc.cloudlab.us,cluster38,s3fifo,10,27335,27,1,1,NA,NA,NA,273353.0112,1259566139
node6.tardis-apia.ldos-ut-pg0.wisc.cloudlab.us,cluster38,s3fifo,10,27335,27,1,2,NA,NA,NA,273353.0112,1259566139
node6.tardis-apia.ldos-ut-pg0.wisc.cloudlab.us,cluster38,s3fifo,10,27335,27,1,3,NA,NA,NA,273353.0112,1259566139
node6.tardis-apia.ldos-ut-pg0.wisc.cloudlab.us,cluster38,s3fifoforgive,10,27335,27,1,1,NA,NA,NA,273353.0112,1259566139
node6.tardis-apia.ldos-ut-pg0.wisc.cloudlab.us,cluster38,s3fifoforgive,10,27335,27,1,2,NA,NA,NA,273353.0112,1259566139
node6.tardis-apia.ldos-ut-pg0.wisc.cloudlab.us,cluster38,s3fifoforgive,10,27335,27,1,3,NA,NA,NA,273353.0112,1259566139
node6.tardis-apia.ldos-ut-pg0.wisc.cloudlab.us,cluster38,lru,0.1,273,24,1,1,NA,NA,NA,273353.0112,1259566139
node6.tardis-apia.ldos-ut-pg0.wisc.cloudlab.us,cluster38,lru,0.1,273,24,1,2,NA,NA,NA,273353.0112,1259566139
node6.tardis-apia.ldos-ut-pg0.wisc.cloudlab.us,cluster38,lru,0.1,273,24,1,3,NA,NA,NA,273353.0112,1259566139
node6.tardis-apia.ldos-ut-pg0.wisc.cloudlab.us,cluster38,lruforgive,0.1,273,24,1,1,NA,NA,NA,273353.0112,1259566139
node6.tardis-apia.ldos-ut-pg0.wisc.cloudlab.us,cluster38,lruforgive,0.1,273,24,1,2,NA,NA,NA,273353.0112,1259566139
node6.tardis-apia.ldos-ut-pg0.wisc.cloudlab.us,cluster38,lruforgive,0.1,273,24,1,3,NA,NA,NA,273353.0112,1259566139
node6.tardis-apia.ldos-ut-pg0.wisc.cloudlab.us,cluster38,s3fifo,0.1,273,24,1,1,NA,NA,NA,273353.0112,1259566139
node6.tardis-apia.ldos-ut-pg0.wisc.cloudlab.us,cluster38,s3fifo,0.1,273,24,1,2,NA,NA,NA,273353.0112,1259566139
node6.tardis-apia.ldos-ut-pg0.wisc.cloudlab.us,cluster38,s3fifo,0.1,273,24,1,3,NA,NA,NA,273353.0112,1259566139
node6.tardis-apia.ldos-ut-pg0.wisc.cloudlab.us,cluster38,s3fifoforgive,0.1,273,24,1,1,NA,NA,NA,273353.0112,1259566139
node6.tardis-apia.ldos-ut-pg0.wisc.cloudlab.us,cluster38,s3fifoforgive,0.1,273,24,1,2,NA,NA,NA,273353.0112,1259566139
node6.tardis-apia.ldos-ut-pg0.wisc.cloudlab.us,cluster38,s3fifoforgive,0.1,273,24,1,3,NA,NA,NA,273353.0112,1259566139
node6.tardis-apia.ldos-ut-pg0.wisc.cloudlab.us,cluster39,lru,10,14265,27,1,1,NA,NA,NA,142651.8016,1247278611
node6.tardis-apia.ldos-ut-pg0.wisc.cloudlab.us,cluster39,lru,10,14265,27,1,2,NA,NA,NA,142651.8016,1247278611
node6.tardis-apia.ldos-ut-pg0.wisc.cloudlab.us,cluster39,lru,10,14265,27,1,3,NA,NA,NA,142651.8016,1247278611
node6.tardis-apia.ldos-ut-pg0.wisc.cloudlab.us,cluster39,lruforgive,10,14265,27,1,1,NA,NA,NA,142651.8016,1247278611
node6.tardis-apia.ldos-ut-pg0.wisc.cloudlab.us,cluster39,lruforgive,10,14265,27,1,2,NA,NA,NA,142651.8016,1247278611
node6.tardis-apia.ldos-ut-pg0.wisc.cloudlab.us,cluster39,lruforgive,10,14265,27,1,3,NA,NA,NA,142651.8016,1247278611
node6.tardis-apia.ldos-ut-pg0.wisc.cloudlab.us,cluster39,s3fifo,10,14265,27,1,1,NA,NA,NA,142651.8016,1247278611
node6.tardis-apia.ldos-ut-pg0.wisc.cloudlab.us,cluster39,s3fifo,10,14265,27,1,2,NA,NA,NA,142651.8016,1247278611
node6.tardis-apia.ldos-ut-pg0.wisc.cloudlab.us,cluster39,s3fifo,10,14265,27,1,3,NA,NA,NA,142651.8016,1247278611
node6.tardis-apia.ldos-ut-pg0.wisc.cloudlab.us,cluster39,s3fifoforgive,10,14265,27,1,1,NA,NA,NA,142651.8016,1247278611
node6.tardis-apia.ldos-ut-pg0.wisc.cloudlab.us,cluster39,s3fifoforgive,10,14265,27,1,2,NA,NA,NA,142651.8016,1247278611
node6.tardis-apia.ldos-ut-pg0.wisc.cloudlab.us,cluster39,s3fifoforgive,10,14265,27,1,3,NA,NA,NA,142651.8016,1247278611
node6.tardis-apia.ldos-ut-pg0.wisc.cloudlab.us,cluster39,lru,0.1,143,23,1,1,0.9382,1.27,1329229013,142651.8016,1247278611
node6.tardis-apia.ldos-ut-pg0.wisc.cloudlab.us,cluster39,lru,0.1,143,23,1,2,0.9382,1.27,1329229013,142651.8016,1247278611
node6.tardis-apia.ldos-ut-pg0.wisc.cloudlab.us,cluster39,lru,0.1,143,23,1,3,0.9382,1.27,1329229013,142651.8016,1247278611
node6.tardis-apia.ldos-ut-pg0.wisc.cloudlab.us,cluster39,lruforgive,0.1,143,23,1,1,NA,NA,NA,142651.8016,1247278611
node6.tardis-apia.ldos-ut-pg0.wisc.cloudlab.us,cluster39,lruforgive,0.1,143,23,1,2,NA,NA,NA,142651.8016,1247278611
node6.tardis-apia.ldos-ut-pg0.wisc.cloudlab.us,cluster39,lruforgive,0.1,143,23,1,3,NA,NA,NA,142651.8016,1247278611
node6.tardis-apia.ldos-ut-pg0.wisc.cloudlab.us,cluster39,s3fifo,0.1,143,23,1,1,0.9382,1.34,1329229013,142651.8016,1247278611
node6.tardis-apia.ldos-ut-pg0.wisc.cloudlab.us,cluster39,s3fifo,0.1,143,23,1,2,0.9382,1.33,1329229013,142651.8016,1247278611
node6.tardis-apia.ldos-ut-pg0.wisc.cloudlab.us,cluster39,s3fifo,0.1,143,23,1,3,0.9382,1.35,1329229013,142651.8016,1247278611
node6.tardis-apia.ldos-ut-pg0.wisc.cloudlab.us,cluster39,s3fifoforgive,0.1,143,23,1,1,NA,NA,NA,142651.8016,1247278611
node6.tardis-apia.ldos-ut-pg0.wisc.cloudlab.us,cluster39,s3fifoforgive,0.1,143,23,1,2,NA,NA,NA,142651.8016,1247278611
node6.tardis-apia.ldos-ut-pg0.wisc.cloudlab.us,cluster39,s3fifoforgive,0.1,143,23,1,3,NA,NA,NA,142651.8016,1247278611
node6.tardis-apia.ldos-ut-pg0.wisc.cloudlab.us,cluster4,lru,10,1399,26,1,1,0.0455,1.95,3448082327,13987.2256,106578360
node6.tardis-apia.ldos-ut-pg0.wisc.cloudlab.us,cluster4,lru,10,1399,26,1,2,0.0455,1.91,3448082327,13987.2256,106578360
node6.tardis-apia.ldos-ut-pg0.wisc.cloudlab.us,cluster4,lru,10,1399,26,1,3,0.0455,1.94,3448082327,13987.2256,106578360
node6.tardis-apia.ldos-ut-pg0.wisc.cloudlab.us,cluster4,lruforgive,10,1399,26,1,1,NA,NA,NA,13987.2256,106578360
node6.tardis-apia.ldos-ut-pg0.wisc.cloudlab.us,cluster4,lruforgive,10,1399,26,1,2,NA,NA,NA,13987.2256,106578360
node6.tardis-apia.ldos-ut-pg0.wisc.cloudlab.us,cluster4,lruforgive,10,1399,26,1,3,NA,NA,NA,13987.2256,106578360
node6.tardis-apia.ldos-ut-pg0.wisc.cloudlab.us,cluster4,s3fifo,10,1399,26,1,1,0.0449,2.27,3448082327,13987.2256,106578360
node6.tardis-apia.ldos-ut-pg0.wisc.cloudlab.us,cluster4,s3fifo,10,1399,26,1,2,0.0448,2.26,3448082327,13987.2256,106578360
node6.tardis-apia.ldos-ut-pg0.wisc.cloudlab.us,cluster4,s3fifo,10,1399,26,1,3,0.0448,2.28,3448082327,13987.2256,106578360
node6.tardis-apia.ldos-ut-pg0.wisc.cloudlab.us,cluster4,s3fifoforgive,10,1399,26,1,1,NA,NA,NA,13987.2256,106578360
node6.tardis-apia.ldos-ut-pg0.wisc.cloudlab.us,cluster4,s3fifoforgive,10,1399,26,1,2,NA,NA,NA,13987.2256,106578360
node6.tardis-apia.ldos-ut-pg0.wisc.cloudlab.us,cluster4,s3fifoforgive,10,1399,26,1,3,NA,NA,NA,13987.2256,106578360
node6.tardis-apia.ldos-ut-pg0.wisc.cloudlab.us,cluster4,lru,0.1,14,20,1,1,0.4142,2.82,3448082327,13987.2256,106578360
node6.tardis-apia.ldos-ut-pg0.wisc.cloudlab.us,cluster4,lru,0.1,14,20,1,2,0.4142,2.90,3448082327,13987.2256,106578360
node6.tardis-apia.ldos-ut-pg0.wisc.cloudlab.us,cluster4,lru,0.1,14,20,1,3,0.4142,2.88,3448082327,13987.2256,106578360
node6.tardis-apia.ldos-ut-pg0.wisc.cloudlab.us,cluster4,lruforgive,0.1,14,20,1,1,NA,NA,NA,13987.2256,106578360
node6.tardis-apia.ldos-ut-pg0.wisc.cloudlab.us,cluster4,lruforgive,0.1,14,20,1,2,NA,NA,NA,13987.2256,106578360
node6.tardis-apia.ldos-ut-pg0.wisc.cloudlab.us,cluster4,lruforgive,0.1,14,20,1,3,NA,NA,NA,13987.2256,106578360
node6.tardis-apia.ldos-ut-pg0.wisc.cloudlab.us,cluster4,s3fifo,0.1,14,20,1,1,0.3592,3.10,3448082327,13987.2256,106578360
node6.tardis-apia.ldos-ut-pg0.wisc.cloudlab.us,cluster4,s3fifo,0.1,14,20,1,2,0.3592,3.11,3448082327,13987.2256,106578360
node6.tardis-apia.ldos-ut-pg0.wisc.cloudlab.us,cluster4,s3fifo,0.1,14,20,1,3,0.3592,3.11,3448082327,13987.2256,106578360
node6.tardis-apia.ldos-ut-pg0.wisc.cloudlab.us,cluster4,s3fifoforgive,0.1,14,20,1,1,NA,NA,NA,13987.2256,106578360
node6.tardis-apia.ldos-ut-pg0.wisc.cloudlab.us,cluster4,s3fifoforgive,0.1,14,20,1,2,NA,NA,NA,13987.2256,106578360
node6.tardis-apia.ldos-ut-pg0.wisc.cloudlab.us,cluster4,s3fifoforgive,0.1,14,20,1,3,NA,NA,NA,13987.2256,106578360
node6.tardis-apia.ldos-ut-pg0.wisc.cloudlab.us,cluster40,lru,10,1311,26,1,1,NA,NA,NA,13111.3984,301537910
node6.tardis-apia.ldos-ut-pg0.wisc.cloudlab.us,cluster40,lru,10,1311,26,1,2,NA,NA,NA,13111.3984,301537910
node6.tardis-apia.ldos-ut-pg0.wisc.cloudlab.us,cluster40,lru,10,1311,26,1,3,NA,NA,NA,13111.3984,301537910
node6.tardis-apia.ldos-ut-pg0.wisc.cloudlab.us,cluster40,lruforgive,10,1311,26,1,1,NA,NA,NA,13111.3984,301537910
node6.tardis-apia.ldos-ut-pg0.wisc.cloudlab.us,cluster40,lruforgive,10,1311,26,1,2,NA,NA,NA,13111.3984,301537910
node6.tardis-apia.ldos-ut-pg0.wisc.cloudlab.us,cluster40,lruforgive,10,1311,26,1,3,NA,NA,NA,13111.3984,301537910
node6.tardis-apia.ldos-ut-pg0.wisc.cloudlab.us,cluster40,s3fifo,10,1311,26,1,1,0.1065,1.78,3847885074,13111.3984,301537910
node6.tardis-apia.ldos-ut-pg0.wisc.cloudlab.us,cluster40,s3fifo,10,1311,26,1,2,0.1065,1.80,3847885074,13111.3984,301537910
node6.tardis-apia.ldos-ut-pg0.wisc.cloudlab.us,cluster40,s3fifo,10,1311,26,1,3,0.1065,1.80,3847885074,13111.3984,301537910
node6.tardis-apia.ldos-ut-pg0.wisc.cloudlab.us,cluster40,s3fifoforgive,10,1311,26,1,1,NA,NA,NA,13111.3984,301537910
node6.tardis-apia.ldos-ut-pg0.wisc.cloudlab.us,cluster40,s3fifoforgive,10,1311,26,1,2,NA,NA,NA,13111.3984,301537910
node6.tardis-apia.ldos-ut-pg0.wisc.cloudlab.us,cluster40,s3fifoforgive,10,1311,26,1,3,NA,NA,NA,13111.3984,301537910
node6.tardis-apia.ldos-ut-pg0.wisc.cloudlab.us,cluster40,lru,0.1,13,20,1,1,0.9939,5.64,3847885074,13111.3984,301537910
node6.tardis-apia.ldos-ut-pg0.wisc.cloudlab.us,cluster40,lru,0.1,13,20,1,2,0.9939,5.65,3847885074,13111.3984,301537910
node6.tardis-apia.ldos-ut-pg0.wisc.cloudlab.us,cluster40,lru,0.1,13,20,1,3,0.9939,5.18,3847885074,13111.3984,301537910
node6.tardis-apia.ldos-ut-pg0.wisc.cloudlab.us,cluster40,lruforgive,0.1,13,20,1,1,0.9939,5.00,3847885074,13111.3984,301537910
node6.tardis-apia.ldos-ut-pg0.wisc.cloudlab.us,cluster40,lruforgive,0.1,13,20,1,2,0.9939,5.08,3847885074,13111.3984,301537910
node6.tardis-apia.ldos-ut-pg0.wisc.cloudlab.us,cluster40,lruforgive,0.1,13,20,1,3,0.9939,5.34,3847885074,13111.3984,301537910
node6.tardis-apia.ldos-ut-pg0.wisc.cloudlab.us,cluster40,s3fifo,0.1,13,20,1,1,0.9938,6.47,3847885074,13111.3984,301537910
node6.tardis-apia.ldos-ut-pg0.wisc.cloudlab.us,cluster40,s3fifo,0.1,13,20,1,2,0.9938,5.96,3847885074,13111.3984,301537910
node6.tardis-apia.ldos-ut-pg0.wisc.cloudlab.us,cluster40,s3fifo,0.1,13,20,1,3,0.9938,6.53,3847885074,13111.3984,301537910
node6.tardis-apia.ldos-ut-pg0.wisc.cloudlab.us,cluster40,s3fifoforgive,0.1,13,20,1,1,0.9938,5.64,3847885074,13111.3984,301537910
node6.tardis-apia.ldos-ut-pg0.wisc.cloudlab.us,cluster40,s3fifoforgive,0.1,13,20,1,2,0.9938,5.62,3847885074,13111.3984,301537910
node6.tardis-apia.ldos-ut-pg0.wisc.cloudlab.us,cluster40,s3fifoforgive,0.1,13,20,1,3,0.9938,5.64,3847885074,13111.3984,301537910
node6.tardis-apia.ldos-ut-pg0.wisc.cloudlab.us,cluster41,lru,10,1100,26,1,1,0.1093,1.67,3214344863,11000.0128,251823652
node6.tardis-apia.ldos-ut-pg0.wisc.cloudlab.us,cluster41,lru,10,1100,26,1,2,0.1093,1.67,3214344863,11000.0128,251823652
node6.tardis-apia.ldos-ut-pg0.wisc.cloudlab.us,cluster41,lru,10,1100,26,1,3,0.1093,1.68,3214344863,11000.0128,251823652
node6.tardis-apia.ldos-ut-pg0.wisc.cloudlab.us,cluster41,lruforgive,10,1100,26,1,1,NA,NA,NA,11000.0128,251823652
node6.tardis-apia.ldos-ut-pg0.wisc.cloudlab.us,cluster41,lruforgive,10,1100,26,1,2,NA,NA,NA,11000.0128,251823652
node6.tardis-apia.ldos-ut-pg0.wisc.cloudlab.us,cluster41,lruforgive,10,1100,26,1,3,NA,NA,NA,11000.0128,251823652
node6.tardis-apia.ldos-ut-pg0.wisc.cloudlab.us,cluster41,s3fifo,10,1100,26,1,1,0.1077,1.84,3214344863,11000.0128,251823652
node6.tardis-apia.ldos-ut-pg0.wisc.cloudlab.us,cluster41,s3fifo,10,1100,26,1,2,0.1077,1.84,3214344863,11000.0128,251823652
node6.tardis-apia.ldos-ut-pg0.wisc.cloudlab.us,cluster41,s3fifo,10,1100,26,1,3,0.1077,1.83,3214344863,11000.0128,251823652
node6.tardis-apia.ldos-ut-pg0.wisc.cloudlab.us,cluster41,s3fifoforgive,10,1100,26,1,1,NA,NA,NA,11000.0128,251823652
node6.tardis-apia.ldos-ut-pg0.wisc.cloudlab.us,cluster41,s3fifoforgive,10,1100,26,1,2,NA,NA,NA,11000.0128,251823652
node6.tardis-apia.ldos-ut-pg0.wisc.cloudlab.us,cluster41,s3fifoforgive,10,1100,26,1,3,NA,NA,NA,11000.0128,251823652
node6.tardis-apia.ldos-ut-pg0.wisc.cloudlab.us,cluster41,lru,0.1,11,19,1,1,0.9971,5.67,3214344863,11000.0128,251823652
node6.tardis-apia.ldos-ut-pg0.wisc.cloudlab.us,cluster41,lru,0.1,11,19,1,2,0.9971,5.61,3214344863,11000.0128,251823652
node6.tardis-apia.ldos-ut-pg0.wisc.cloudlab.us,cluster41,lru,0.1,11,19,1,3,0.9971,5.28,3214344863,11000.0128,251823652
node6.tardis-apia.ldos-ut-pg0.wisc.cloudlab.us,cluster41,lruforgive,0.1,11,19,1,1,0.9971,5.04,3214344863,11000.0128,251823652
node6.tardis-apia.ldos-ut-pg0.wisc.cloudlab.us,cluster41,lruforgive,0.1,11,19,1,2,0.9971,5.51,3214344863,11000.0128,251823652
node6.tardis-apia.ldos-ut-pg0.wisc.cloudlab.us,cluster41,lruforgive,0.1,11,19,1,3,0.9971,5.41,3214344863,11000.0128,251823652
node6.tardis-apia.ldos-ut-pg0.wisc.cloudlab.us,cluster41,s3fifo,0.1,11,19,1,1,0.9970,6.11,3214344863,11000.0128,251823652
node6.tardis-apia.ldos-ut-pg0.wisc.cloudlab.us,cluster41,s3fifo,0.1,11,19,1,2,0.9970,6.55,3214344863,11000.0128,251823652
node6.tardis-apia.ldos-ut-pg0.wisc.cloudlab.us,cluster41,s3fifo,0.1,11,19,1,3,0.9970,6.71,3214344863,11000.0128,251823652
node6.tardis-apia.ldos-ut-pg0.wisc.cloudlab.us,cluster41,s3fifoforgive,0.1,11,19,1,1,0.9970,5.60,3214344863,11000.0128,251823652
node6.tardis-apia.ldos-ut-pg0.wisc.cloudlab.us,cluster41,s3fifoforgive,0.1,11,19,1,2,0.9970,5.48,3214344863,11000.0128,251823652
node6.tardis-apia.ldos-ut-pg0.wisc.cloudlab.us,cluster41,s3fifoforgive,0.1,11,19,1,3,0.9970,5.72,3214344863,11000.0128,251823652
node6.tardis-apia.ldos-ut-pg0.wisc.cloudlab.us,cluster42,lru,10,96,23,1,1,0.0884,2.69,3904264363,963.8912,13370349
node6.tardis-apia.ldos-ut-pg0.wisc.cloudlab.us,cluster42,lru,10,96,23,1,2,0.0884,2.72,3904264363,963.8912,13370349
node6.tardis-apia.ldos-ut-pg0.wisc.cloudlab.us,cluster42,lru,10,96,23,1,3,0.0884,2.70,3904264363,963.8912,13370349
node6.tardis-apia.ldos-ut-pg0.wisc.cloudlab.us,cluster42,lruforgive,10,96,23,1,1,NA,NA,NA,963.8912,13370349
node6.tardis-apia.ldos-ut-pg0.wisc.cloudlab.us,cluster42,lruforgive,10,96,23,1,2,NA,NA,NA,963.8912,13370349
node6.tardis-apia.ldos-ut-pg0.wisc.cloudlab.us,cluster42,lruforgive,10,96,23,1,3,NA,NA,NA,963.8912,13370349
node6.tardis-apia.ldos-ut-pg0.wisc.cloudlab.us,cluster42,s3fifo,10,96,23,1,1,0.0726,3.26,3904264363,963.8912,13370349
node6.tardis-apia.ldos-ut-pg0.wisc.cloudlab.us,cluster42,s3fifo,10,96,23,1,2,0.0726,3.31,3904264363,963.8912,13370349
node6.tardis-apia.ldos-ut-pg0.wisc.cloudlab.us,cluster42,s3fifo,10,96,23,1,3,0.0726,3.32,3904264363,963.8912,13370349
node6.tardis-apia.ldos-ut-pg0.wisc.cloudlab.us,cluster42,s3fifoforgive,10,96,23,1,1,NA,NA,NA,963.8912,13370349
node6.tardis-apia.ldos-ut-pg0.wisc.cloudlab.us,cluster42,s3fifoforgive,10,96,23,1,2,NA,NA,NA,963.8912,13370349
node6.tardis-apia.ldos-ut-pg0.wisc.cloudlab.us,cluster42,s3fifoforgive,10,96,23,1,3,NA,NA,NA,963.8912,13370349
node6.tardis-apia.ldos-ut-pg0.wisc.cloudlab.us,cluster42,lru,0.1,1,16,1,1,NA,NA,NA,963.8912,13370349
node6.tardis-apia.ldos-ut-pg0.wisc.cloudlab.us,cluster42,lru,0.1,1,16,1,2,NA,NA,NA,963.8912,13370349
node6.tardis-apia.ldos-ut-pg0.wisc.cloudlab.us,cluster42,lru,0.1,1,16,1,3,NA,NA,NA,963.8912,13370349
node6.tardis-apia.ldos-ut-pg0.wisc.cloudlab.us,cluster42,lruforgive,0.1,1,16,1,1,NA,NA,NA,963.8912,13370349
node6.tardis-apia.ldos-ut-pg0.wisc.cloudlab.us,cluster42,lruforgive,0.1,1,16,1,2,NA,NA,NA,963.8912,13370349
node6.tardis-apia.ldos-ut-pg0.wisc.cloudlab.us,cluster42,lruforgive,0.1,1,16,1,3,NA,NA,NA,963.8912,13370349
node6.tardis-apia.ldos-ut-pg0.wisc.cloudlab.us,cluster42,s3fifo,0.1,1,16,1,1,NA,NA,NA,963.8912,13370349
node6.tardis-apia.ldos-ut-pg0.wisc.cloudlab.us,cluster42,s3fifo,0.1,1,16,1,2,NA,NA,NA,963.8912,13370349
node6.tardis-apia.ldos-ut-pg0.wisc.cloudlab.us,cluster42,s3fifo,0.1,1,16,1,3,NA,NA,NA,963.8912,13370349
node6.tardis-apia.ldos-ut-pg0.wisc.cloudlab.us,cluster42,s3fifoforgive,0.1,1,16,1,1,NA,NA,NA,963.8912,13370349
node6.tardis-apia.ldos-ut-pg0.wisc.cloudlab.us,cluster42,s3fifoforgive,0.1,1,16,1,2,NA,NA,NA,963.8912,13370349
node6.tardis-apia.ldos-ut-pg0.wisc.cloudlab.us,cluster42,s3fifoforgive,0.1,1,16,1,3,NA,NA,NA,963.8912,13370349
node6.tardis-apia.ldos-ut-pg0.wisc.cloudlab.us,cluster44,lru,10,202,24,1,1,NA,NA,NA,2024.0384,58054351
node6.tardis-apia.ldos-ut-pg0.wisc.cloudlab.us,cluster44,lru,10,202,24,1,2,NA,NA,NA,2024.0384,58054351
node6.tardis-apia.ldos-ut-pg0.wisc.cloudlab.us,cluster44,lru,10,202,24,1,3,NA,NA,NA,2024.0384,58054351
node6.tardis-apia.ldos-ut-pg0.wisc.cloudlab.us,cluster44,lruforgive,10,202,24,1,1,NA,NA,NA,2024.0384,58054351
node6.tardis-apia.ldos-ut-pg0.wisc.cloudlab.us,cluster44,lruforgive,10,202,24,1,2,NA,NA,NA,2024.0384,58054351
node6.tardis-apia.ldos-ut-pg0.wisc.cloudlab.us,cluster44,lruforgive,10,202,24,1,3,NA,NA,NA,2024.0384,58054351
node6.tardis-apia.ldos-ut-pg0.wisc.cloudlab.us,cluster44,s3fifo,10,202,24,1,1,NA,NA,NA,2024.0384,58054351
node6.tardis-apia.ldos-ut-pg0.wisc.cloudlab.us,cluster44,s3fifo,10,202,24,1,2,NA,NA,NA,2024.0384,58054351
node6.tardis-apia.ldos-ut-pg0.wisc.cloudlab.us,cluster44,s3fifo,10,202,24,1,3,NA,NA,NA,2024.0384,58054351
node6.tardis-apia.ldos-ut-pg0.wisc.cloudlab.us,cluster44,s3fifoforgive,10,202,24,1,1,NA,NA,NA,2024.0384,58054351
node6.tardis-apia.ldos-ut-pg0.wisc.cloudlab.us,cluster44,s3fifoforgive,10,202,24,1,2,NA,NA,NA,2024.0384,58054351
node6.tardis-apia.ldos-ut-pg0.wisc.cloudlab.us,cluster44,s3fifoforgive,10,202,24,1,3,NA,NA,NA,2024.0384,58054351
node6.tardis-apia.ldos-ut-pg0.wisc.cloudlab.us,cluster44,lru,0.1,2,17,1,1,NA,NA,NA,2024.0384,58054351
node6.tardis-apia.ldos-ut-pg0.wisc.cloudlab.us,cluster44,lru,0.1,2,17,1,2,NA,NA,NA,2024.0384,58054351
node6.tardis-apia.ldos-ut-pg0.wisc.cloudlab.us,cluster44,lru,0.1,2,17,1,3,NA,NA,NA,2024.0384,58054351
node6.tardis-apia.ldos-ut-pg0.wisc.cloudlab.us,cluster44,lruforgive,0.1,2,17,1,1,NA,NA,NA,2024.0384,58054351
node6.tardis-apia.ldos-ut-pg0.wisc.cloudlab.us,cluster44,lruforgive,0.1,2,17,1,2,NA,NA,NA,2024.0384,58054351
node6.tardis-apia.ldos-ut-pg0.wisc.cloudlab.us,cluster44,lruforgive,0.1,2,17,1,3,NA,NA,NA,2024.0384,58054351
node6.tardis-apia.ldos-ut-pg0.wisc.cloudlab.us,cluster44,s3fifo,0.1,2,17,1,1,NA,NA,NA,2024.0384,58054351
node6.tardis-apia.ldos-ut-pg0.wisc.cloudlab.us,cluster44,s3fifo,0.1,2,17,1,2,NA,NA,NA,2024.0384,58054351
node6.tardis-apia.ldos-ut-pg0.wisc.cloudlab.us,cluster44,s3fifo,0.1,2,17,1,3,NA,NA,NA,2024.0384,58054351
node6.tardis-apia.ldos-ut-pg0.wisc.cloudlab.us,cluster44,s3fifoforgive,0.1,2,17,1,1,NA,NA,NA,2024.0384,58054351
node6.tardis-apia.ldos-ut-pg0.wisc.cloudlab.us,cluster44,s3fifoforgive,0.1,2,17,1,2,NA,NA,NA,2024.0384,58054351
node6.tardis-apia.ldos-ut-pg0.wisc.cloudlab.us,cluster44,s3fifoforgive,0.1,2,17,1,3,NA,NA,NA,2024.0384,58054351
node6.tardis-apia.ldos-ut-pg0.wisc.cloudlab.us,cluster45,lru,10,271,24,1,1,0.4027,1.69,227773738,2714.0096,65513633
node6.tardis-apia.ldos-ut-pg0.wisc.cloudlab.us,cluster45,lru,10,271,24,1,2,0.4027,1.69,227773738,2714.0096,65513633
node6.tardis-apia.ldos-ut-pg0.wisc.cloudlab.us,cluster45,lru,10,271,24,1,3,0.4027,1.70,227773738,2714.0096,65513633
node6.tardis-apia.ldos-ut-pg0.wisc.cloudlab.us,cluster45,lruforgive,10,271,24,1,1,0.4027,0.69,227773738,2714.0096,65513633
node6.tardis-apia.ldos-ut-pg0.wisc.cloudlab.us,cluster45,lruforgive,10,271,24,1,2,0.4027,0.69,227773738,2714.0096,65513633
node6.tardis-apia.ldos-ut-pg0.wisc.cloudlab.us,cluster45,lruforgive,10,271,24,1,3,0.4027,0.70,227773738,2714.0096,65513633
node6.tardis-apia.ldos-ut-pg0.wisc.cloudlab.us,cluster45,s3fifo,10,271,24,1,1,0.3987,1.53,227773738,2714.0096,65513633
node6.tardis-apia.ldos-ut-pg0.wisc.cloudlab.us,cluster45,s3fifo,10,271,24,1,2,NA,NA,NA,2714.0096,65513633
node6.tardis-apia.ldos-ut-pg0.wisc.cloudlab.us,cluster45,s3fifo,10,271,24,1,3,0.3987,1.54,227773738,2714.0096,65513633
node6.tardis-apia.ldos-ut-pg0.wisc.cloudlab.us,cluster45,s3fifoforgive,10,271,24,1,1,0.3987,0.60,227773738,2714.0096,65513633
node6.tardis-apia.ldos-ut-pg0.wisc.cloudlab.us,cluster45,s3fifoforgive,10,271,24,1,2,0.3987,0.60,227773738,2714.0096,65513633
node6.tardis-apia.ldos-ut-pg0.wisc.cloudlab.us,cluster45,s3fifoforgive,10,271,24,1,3,0.3987,0.60,227773738,2714.0096,65513633
node6.tardis-apia.ldos-ut-pg0.wisc.cloudlab.us,cluster45,lru,0.1,3,17,1,1,NA,NA,NA,2714.0096,65513633
node6.tardis-apia.ldos-ut-pg0.wisc.cloudlab.us,cluster45,lru,0.1,3,17,1,2,NA,NA,NA,2714.0096,65513633
node6.tardis-apia.ldos-ut-pg0.wisc.cloudlab.us,cluster45,lru,0.1,3,17,1,3,NA,NA,NA,2714.0096,65513633
node6.tardis-apia.ldos-ut-pg0.wisc.cloudlab.us,cluster45,lruforgive,0.1,3,17,1,1,NA,NA,NA,2714.0096,65513633
node6.tardis-apia.ldos-ut-pg0.wisc.cloudlab.us,cluster45,lruforgive,0.1,3,17,1,2,NA,NA,NA,2714.0096,65513633
node6.tardis-apia.ldos-ut-pg0.wisc.cloudlab.us,cluster45,lruforgive,0.1,3,17,1,3,NA,NA,NA,2714.0096,65513633
node6.tardis-apia.ldos-ut-pg0.wisc.cloudlab.us,cluster45,s3fifo,0.1,3,17,1,1,NA,NA,NA,2714.0096,65513633
node6.tardis-apia.ldos-ut-pg0.wisc.cloudlab.us,cluster45,s3fifo,0.1,3,17,1,2,NA,NA,NA,2714.0096,65513633
node6.tardis-apia.ldos-ut-pg0.wisc.cloudlab.us,cluster45,s3fifo,0.1,3,17,1,3,NA,NA,NA,2714.0096,65513633
node6.tardis-apia.ldos-ut-pg0.wisc.cloudlab.us,cluster45,s3fifoforgive,0.1,3,17,1,1,NA,NA,NA,2714.0096,65513633
node6.tardis-apia.ldos-ut-pg0.wisc.cloudlab.us,cluster45,s3fifoforgive,0.1,3,17,1,2,NA,NA,NA,2714.0096,65513633
node6.tardis-apia.ldos-ut-pg0.wisc.cloudlab.us,cluster45,s3fifoforgive,0.1,3,17,1,3,NA,NA,NA,2714.0096,65513633
node6.tardis-apia.ldos-ut-pg0.wisc.cloudlab.us,cluster48,lru,10,1811,27,1,1,0.4011,1.24,1129939852,18108.928,223122010
node6.tardis-apia.ldos-ut-pg0.wisc.cloudlab.us,cluster48,lru,10,1811,27,1,2,0.4011,1.25,1129939852,18108.928,223122010
node6.tardis-apia.ldos-ut-pg0.wisc.cloudlab.us,cluster48,lru,10,1811,27,1,3,0.4011,1.26,1129939852,18108.928,223122010
node6.tardis-apia.ldos-ut-pg0.wisc.cloudlab.us,cluster48,lruforgive,10,1811,27,1,1,NA,NA,NA,18108.928,223122010
node6.tardis-apia.ldos-ut-pg0.wisc.cloudlab.us,cluster48,lruforgive,10,1811,27,1,2,NA,NA,NA,18108.928,223122010
node6.tardis-apia.ldos-ut-pg0.wisc.cloudlab.us,cluster48,lruforgive,10,1811,27,1,3,NA,NA,NA,18108.928,223122010
node6.tardis-apia.ldos-ut-pg0.wisc.cloudlab.us,cluster48,s3fifo,10,1811,27,1,1,0.3896,1.20,1129939852,18108.928,223122010
node6.tardis-apia.ldos-ut-pg0.wisc.cloudlab.us,cluster48,s3fifo,10,1811,27,1,2,0.3896,1.21,1129939852,18108.928,223122010
node6.tardis-apia.ldos-ut-pg0.wisc.cloudlab.us,cluster48,s3fifo,10,1811,27,1,3,0.3896,1.20,1129939852,18108.928,223122010
node6.tardis-apia.ldos-ut-pg0.wisc.cloudlab.us,cluster48,s3fifoforgive,10,1811,27,1,1,NA,NA,NA,18108.928,223122010
node6.tardis-apia.ldos-ut-pg0.wisc.cloudlab.us,cluster48,s3fifoforgive,10,1811,27,1,2,NA,NA,NA,18108.928,223122010
node6.tardis-apia.ldos-ut-pg0.wisc.cloudlab.us,cluster48,s3fifoforgive,10,1811,27,1,3,NA,NA,NA,18108.928,223122010
node6.tardis-apia.ldos-ut-pg0.wisc.cloudlab.us,cluster48,lru,0.1,18,20,1,1,0.8380,2.24,1129939852,18108.928,223122010
node6.tardis-apia.ldos-ut-pg0.wisc.cloudlab.us,cluster48,lru,0.1,18,20,1,2,0.8380,2.21,1129939852,18108.928,223122010
node6.tardis-apia.ldos-ut-pg0.wisc.cloudlab.us,cluster48,lru,0.1,18,20,1,3,0.8380,2.27,1129939852,18108.928,223122010
node6.tardis-apia.ldos-ut-pg0.wisc.cloudlab.us,cluster48,lruforgive,0.1,18,20,1,1,0.8379,1.01,1129939852,18108.928,223122010
node6.tardis-apia.ldos-ut-pg0.wisc.cloudlab.us,cluster48,lruforgive,0.1,18,20,1,2,0.8379,1.03,1129939852,18108.928,223122010
node6.tardis-apia.ldos-ut-pg0.wisc.cloudlab.us,cluster48,lruforgive,0.1,18,20,1,3,0.8379,1.00,1129939852,18108.928,223122010
node6.tardis-apia.ldos-ut-pg0.wisc.cloudlab.us,cluster48,s3fifo,0.1,18,20,1,1,0.8309,2.04,1129939852,18108.928,223122010
node6.tardis-apia.ldos-ut-pg0.wisc.cloudlab.us,cluster48,s3fifo,0.1,18,20,1,2,0.8309,2.08,1129939852,18108.928,223122010
node6.tardis-apia.ldos-ut-pg0.wisc.cloudlab.us,cluster48,s3fifo,0.1,18,20,1,3,0.8309,2.04,1129939852,18108.928,223122010
node6.tardis-apia.ldos-ut-pg0.wisc.cloudlab.us,cluster48,s3fifoforgive,0.1,18,20,1,1,0.8309,1.03,1129939852,18108.928,223122010
node6.tardis-apia.ldos-ut-pg0.wisc.cloudlab.us,cluster48,s3fifoforgive,0.1,18,20,1,2,0.8309,1.04,1129939852,18108.928,223122010
node6.tardis-apia.ldos-ut-pg0.wisc.cloudlab.us,cluster48,s3fifoforgive,0.1,18,20,1,3,0.8309,1.05,1129939852,18108.928,223122010
node6.tardis-apia.ldos-ut-pg0.wisc.cloudlab.us,cluster49,lru,10,525,25,1,1,0.1514,1.04,799295266,5245.0304,1594452
node6.tardis-apia.ldos-ut-pg0.wisc.cloudlab.us,cluster49,lru,10,525,25,1,2,0.1514,1.03,799295266,5245.0304,1594452
node6.tardis-apia.ldos-ut-pg0.wisc.cloudlab.us,cluster49,lru,10,525,25,1,3,0.1514,1.03,799295266,5245.0304,1594452
node6.tardis-apia.ldos-ut-pg0.wisc.cloudlab.us,cluster49,lruforgive,10,525,25,1,1,NA,NA,NA,5245.0304,1594452
node6.tardis-apia.ldos-ut-pg0.wisc.cloudlab.us,cluster49,lruforgive,10,525,25,1,2,NA,NA,NA,5245.0304,1594452
node6.tardis-apia.ldos-ut-pg0.wisc.cloudlab.us,cluster49,lruforgive,10,525,25,1,3,NA,NA,NA,5245.0304,1594452
node6.tardis-apia.ldos-ut-pg0.wisc.cloudlab.us,cluster49,s3fifo,10,525,25,1,1,0.1482,1.01,799295266,5245.0304,1594452
node6.tardis-apia.ldos-ut-pg0.wisc.cloudlab.us,cluster49,s3fifo,10,525,25,1,2,0.1482,1.02,799295266,5245.0304,1594452
node6.tardis-apia.ldos-ut-pg0.wisc.cloudlab.us,cluster49,s3fifo,10,525,25,1,3,0.1482,1.01,799295266,5245.0304,1594452
node6.tardis-apia.ldos-ut-pg0.wisc.cloudlab.us,cluster49,s3fifoforgive,10,525,25,1,1,0.1478,0.43,799295266,5245.0304,1594452
node6.tardis-apia.ldos-ut-pg0.wisc.cloudlab.us,cluster49,s3fifoforgive,10,525,25,1,2,0.1478,0.43,799295266,5245.0304,1594452
node6.tardis-apia.ldos-ut-pg0.wisc.cloudlab.us,cluster49,s3fifoforgive,10,525,25,1,3,0.1478,0.44,799295266,5245.0304,1594452
node6.tardis-apia.ldos-ut-pg0.wisc.cloudlab.us,cluster49,lru,0.1,5,18,1,1,NA,NA,NA,5245.0304,1594452
node6.tardis-apia.ldos-ut-pg0.wisc.cloudlab.us,cluster49,lru,0.1,5,18,1,2,NA,NA,NA,5245.0304,1594452
node6.tardis-apia.ldos-ut-pg0.wisc.cloudlab.us,cluster49,lru,0.1,5,18,1,3,NA,NA,NA,5245.0304,1594452
node6.tardis-apia.ldos-ut-pg0.wisc.cloudlab.us,cluster49,lruforgive,0.1,5,18,1,1,NA,NA,NA,5245.0304,1594452
node6.tardis-apia.ldos-ut-pg0.wisc.cloudlab.us,cluster49,lruforgive,0.1,5,18,1,2,NA,NA,NA,5245.0304,1594452
node6.tardis-apia.ldos-ut-pg0.wisc.cloudlab.us,cluster49,lruforgive,0.1,5,18,1,3,NA,NA,NA,5245.0304,1594452
node6.tardis-apia.ldos-ut-pg0.wisc.cloudlab.us,cluster49,s3fifo,0.1,5,18,1,1,NA,NA,NA,5245.0304,1594452
node6.tardis-apia.ldos-ut-pg0.wisc.cloudlab.us,cluster49,s3fifo,0.1,5,18,1,2,NA,NA,NA,5245.0304,1594452
node6.tardis-apia.ldos-ut-pg0.wisc.cloudlab.us,cluster49,s3fifo,0.1,5,18,1,3,NA,NA,NA,5245.0304,1594452
node6.tardis-apia.ldos-ut-pg0.wisc.cloudlab.us,cluster49,s3fifoforgive,0.1,5,18,1,1,NA,NA,NA,5245.0304,1594452
node6.tardis-apia.ldos-ut-pg0.wisc.cloudlab.us,cluster49,s3fifoforgive,0.1,5,18,1,2,NA,NA,NA,5245.0304,1594452
node6.tardis-apia.ldos-ut-pg0.wisc.cloudlab.us,cluster49,s3fifoforgive,0.1,5,18,1,3,NA,NA,NA,5245.0304,1594452
node6.tardis-apia.ldos-ut-pg0.wisc.cloudlab.us,cluster50,lru,10,4135,27,1,1,0.2863,0.56,139655584,41348.608,2658481
node6.tardis-apia.ldos-ut-pg0.wisc.cloudlab.us,cluster50,lru,10,4135,27,1,2,0.2863,0.56,139655584,41348.608,2658481
node6.tardis-apia.ldos-ut-pg0.wisc.cloudlab.us,cluster50,lru,10,4135,27,1,3,0.2863,0.55,139655584,41348.608,2658481
node6.tardis-apia.ldos-ut-pg0.wisc.cloudlab.us,cluster50,lruforgive,10,4135,27,1,1,0.2865,0.26,139655584,41348.608,2658481
node6.tardis-apia.ldos-ut-pg0.wisc.cloudlab.us,cluster50,lruforgive,10,4135,27,1,2,0.2865,0.26,139655584,41348.608,2658481
node6.tardis-apia.ldos-ut-pg0.wisc.cloudlab.us,cluster50,lruforgive,10,4135,27,1,3,0.2865,0.26,139655584,41348.608,2658481
node6.tardis-apia.ldos-ut-pg0.wisc.cloudlab.us,cluster50,s3fifo,10,4135,27,1,1,0.2944,0.53,139655584,41348.608,2658481
node6.tardis-apia.ldos-ut-pg0.wisc.cloudlab.us,cluster50,s3fifo,10,4135,27,1,2,0.2944,0.53,139655584,41348.608,2658481
node6.tardis-apia.ldos-ut-pg0.wisc.cloudlab.us,cluster50,s3fifo,10,4135,27,1,3,0.2944,0.53,139655584,41348.608,2658481
node6.tardis-apia.ldos-ut-pg0.wisc.cloudlab.us,cluster50,s3fifoforgive,10,4135,27,1,1,0.2936,0.29,139655584,41348.608,2658481
node6.tardis-apia.ldos-ut-pg0.wisc.cloudlab.us,cluster50,s3fifoforgive,10,4135,27,1,2,0.2936,0.29,139655584,41348.608,2658481
node6.tardis-apia.ldos-ut-pg0.wisc.cloudlab.us,cluster50,s3fifoforgive,10,4135,27,1,3,0.2936,0.29,139655584,41348.608,2658481
node6.tardis-apia.ldos-ut-pg0.wisc.cloudlab.us,cluster50,lru,0.1,41,21,1,1,0.5087,0.69,139655584,41348.608,2658481
node6.tardis-apia.ldos-ut-pg0.wisc.cloudlab.us,cluster50,lru,0.1,41,21,1,2,0.5087,0.67,139655584,41348.608,2658481
node6.tardis-apia.ldos-ut-pg0.wisc.cloudlab.us,cluster50,lru,0.1,41,21,1,3,0.5087,0.68,139655584,41348.608,2658481
node6.tardis-apia.ldos-ut-pg0.wisc.cloudlab.us,cluster50,lruforgive,0.1,41,21,1,1,0.5083,0.41,139655584,41348.608,2658481
node6.tardis-apia.ldos-ut-pg0.wisc.cloudlab.us,cluster50,lruforgive,0.1,41,21,1,2,0.5083,0.40,139655584,41348.608,2658481
node6.tardis-apia.ldos-ut-pg0.wisc.cloudlab.us,cluster50,lruforgive,0.1,41,21,1,3,0.5083,0.40,139655584,41348.608,2658481
node6.tardis-apia.ldos-ut-pg0.wisc.cloudlab.us,cluster50,s3fifo,0.1,41,21,1,1,0.5272,0.78,139655584,41348.608,2658481
node6.tardis-apia.ldos-ut-pg0.wisc.cloudlab.us,cluster50,s3fifo,0.1,41,21,1,2,0.5272,0.78,139655584,41348.608,2658481
node6.tardis-apia.ldos-ut-pg0.wisc.cloudlab.us,cluster50,s3fifo,0.1,41,21,1,3,0.5272,0.78,139655584,41348.608,2658481
node6.tardis-apia.ldos-ut-pg0.wisc.cloudlab.us,cluster50,s3fifoforgive,0.1,41,21,1,1,0.5188,0.54,139655584,41348.608,2658481
node6.tardis-apia.ldos-ut-pg0.wisc.cloudlab.us,cluster50,s3fifoforgive,0.1,41,21,1,2,0.5188,0.53,139655584,41348.608,2658481
node6.tardis-apia.ldos-ut-pg0.wisc.cloudlab.us,cluster50,s3fifoforgive,0.1,41,21,1,3,0.5188,0.53,139655584,41348.608,2658481
node6.tardis-apia.ldos-ut-pg0.wisc.cloudlab.us,cluster53,lru,10,1026,26,1,1,0.1173,1.46,246508261,10264.4736,7263330
node6.tardis-apia.ldos-ut-pg0.wisc.cloudlab.us,cluster53,lru,10,1026,26,1,2,0.1173,1.47,246508261,10264.4736,7263330
node6.tardis-apia.ldos-ut-pg0.wisc.cloudlab.us,cluster53,lru,10,1026,26,1,3,0.1173,1.47,246508261,10264.4736,7263330
node6.tardis-apia.ldos-ut-pg0.wisc.cloudlab.us,cluster53,lruforgive,10,1026,26,1,1,0.1172,0.43,246508261,10264.4736,7263330
node6.tardis-apia.ldos-ut-pg0.wisc.cloudlab.us,cluster53,lruforgive,10,1026,26,1,2,0.1172,0.43,246508261,10264.4736,7263330
node6.tardis-apia.ldos-ut-pg0.wisc.cloudlab.us,cluster53,lruforgive,10,1026,26,1,3,0.1172,0.44,246508261,10264.4736,7263330
node6.tardis-apia.ldos-ut-pg0.wisc.cloudlab.us,cluster53,s3fifo,10,1026,26,1,1,0.1110,1.56,246508261,10264.4736,7263330
node6.tardis-apia.ldos-ut-pg0.wisc.cloudlab.us,cluster53,s3fifo,10,1026,26,1,2,0.1110,1.56,246508261,10264.4736,7263330
node6.tardis-apia.ldos-ut-pg0.wisc.cloudlab.us,cluster53,s3fifo,10,1026,26,1,3,0.1110,1.57,246508261,10264.4736,7263330
node6.tardis-apia.ldos-ut-pg0.wisc.cloudlab.us,cluster53,s3fifoforgive,10,1026,26,1,1,0.1110,0.41,246508261,10264.4736,7263330
node6.tardis-apia.ldos-ut-pg0.wisc.cloudlab.us,cluster53,s3fifoforgive,10,1026,26,1,2,0.1110,0.46,246508261,10264.4736,7263330
node6.tardis-apia.ldos-ut-pg0.wisc.cloudlab.us,cluster53,s3fifoforgive,10,1026,26,1,3,0.1110,0.46,246508261,10264.4736,7263330
node6.tardis-apia.ldos-ut-pg0.wisc.cloudlab.us,cluster53,lru,0.1,10,19,1,1,0.9964,5.48,246508261,10264.4736,7263330
node6.tardis-apia.ldos-ut-pg0.wisc.cloudlab.us,cluster53,lru,0.1,10,19,1,2,0.9964,5.23,246508261,10264.4736,7263330
node6.tardis-apia.ldos-ut-pg0.wisc.cloudlab.us,cluster53,lru,0.1,10,19,1,3,0.9964,5.25,246508261,10264.4736,7263330
node6.tardis-apia.ldos-ut-pg0.wisc.cloudlab.us,cluster53,lruforgive,0.1,10,19,1,1,0.9964,5.31,246508261,10264.4736,7263330
node6.tardis-apia.ldos-ut-pg0.wisc.cloudlab.us,cluster53,lruforgive,0.1,10,19,1,2,0.9964,5.25,246508261,10264.4736,7263330
node6.tardis-apia.ldos-ut-pg0.wisc.cloudlab.us,cluster53,lruforgive,0.1,10,19,1,3,0.9964,5.01,246508261,10264.4736,7263330
node6.tardis-apia.ldos-ut-pg0.wisc.cloudlab.us,cluster53,s3fifo,0.1,10,19,1,1,0.9964,6.53,246508261,10264.4736,7263330
node6.tardis-apia.ldos-ut-pg0.wisc.cloudlab.us,cluster53,s3fifo,0.1,10,19,1,2,0.9964,6.26,246508261,10264.4736,7263330
node6.tardis-apia.ldos-ut-pg0.wisc.cloudlab.us,cluster53,s3fifo,0.1,10,19,1,3,0.9964,6.57,246508261,10264.4736,7263330
node6.tardis-apia.ldos-ut-pg0.wisc.cloudlab.us,cluster53,s3fifoforgive,0.1,10,19,1,1,0.9964,5.80,246508261,10264.4736,7263330
node6.tardis-apia.ldos-ut-pg0.wisc.cloudlab.us,cluster53,s3fifoforgive,0.1,10,19,1,2,0.9964,5.61,246508261,10264.4736,7263330
node6.tardis-apia.ldos-ut-pg0.wisc.cloudlab.us,cluster53,s3fifoforgive,0.1,10,19,1,3,0.9964,5.78,246508261,10264.4736,7263330
node6.tardis-apia.ldos-ut-pg0.wisc.cloudlab.us,cluster7,lru,10,59,22,1,1,0.1998,2.72,1044513074,587.776,4467952
node6.tardis-apia.ldos-ut-pg0.wisc.cloudlab.us,cluster7,lru,10,59,22,1,2,0.1998,2.62,1044513074,587.776,4467952
node6.tardis-apia.ldos-ut-pg0.wisc.cloudlab.us,cluster7,lru,10,59,22,1,3,0.1998,2.64,1044513074,587.776,4467952
node6.tardis-apia.ldos-ut-pg0.wisc.cloudlab.us,cluster7,lruforgive,10,59,22,1,1,0.1978,0.89,1044513074,587.776,4467952
node6.tardis-apia.ldos-ut-pg0.wisc.cloudlab.us,cluster7,lruforgive,10,59,22,1,2,0.1978,0.87,1044513074,587.776,4467952
node6.tardis-apia.ldos-ut-pg0.wisc.cloudlab.us,cluster7,lruforgive,10,59,22,1,3,0.1978,0.88,1044513074,587.776,4467952
node6.tardis-apia.ldos-ut-pg0.wisc.cloudlab.us,cluster7,s3fifo,10,59,22,1,1,0.1954,2.70,1044513074,587.776,4467952
node6.tardis-apia.ldos-ut-pg0.wisc.cloudlab.us,cluster7,s3fifo,10,59,22,1,2,0.1954,2.73,1044513074,587.776,4467952
node6.tardis-apia.ldos-ut-pg0.wisc.cloudlab.us,cluster7,s3fifo,10,59,22,1,3,0.1954,2.72,1044513074,587.776,4467952
node6.tardis-apia.ldos-ut-pg0.wisc.cloudlab.us,cluster7,s3fifoforgive,10,59,22,1,1,0.1954,0.97,1044513074,587.776,4467952
node6.tardis-apia.ldos-ut-pg0.wisc.cloudlab.us,cluster7,s3fifoforgive,10,59,22,1,2,0.1954,0.96,1044513074,587.776,4467952
node6.tardis-apia.ldos-ut-pg0.wisc.cloudlab.us,cluster7,s3fifoforgive,10,59,22,1,3,0.1954,0.96,1044513074,587.776,4467952
node6.tardis-apia.ldos-ut-pg0.wisc.cloudlab.us,cluster7,lru,0.1,1,16,1,1,NA,NA,NA,587.776,4467952
node6.tardis-apia.ldos-ut-pg0.wisc.cloudlab.us,cluster7,lru,0.1,1,16,1,2,NA,NA,NA,587.776,4467952
node6.tardis-apia.ldos-ut-pg0.wisc.cloudlab.us,cluster7,lru,0.1,1,16,1,3,NA,NA,NA,587.776,4467952
node6.tardis-apia.ldos-ut-pg0.wisc.cloudlab.us,cluster7,lruforgive,0.1,1,16,1,1,NA,NA,NA,587.776,4467952
node6.tardis-apia.ldos-ut-pg0.wisc.cloudlab.us,cluster7,lruforgive,0.1,1,16,1,2,NA,NA,NA,587.776,4467952
node6.tardis-apia.ldos-ut-pg0.wisc.cloudlab.us,cluster7,lruforgive,0.1,1,16,1,3,NA,NA,NA,587.776,4467952
node6.tardis-apia.ldos-ut-pg0.wisc.cloudlab.us,cluster7,s3fifo,0.1,1,16,1,1,NA,NA,NA,587.776,4467952
node6.tardis-apia.ldos-ut-pg0.wisc.cloudlab.us,cluster7,s3fifo,0.1,1,16,1,2,NA,NA,NA,587.776,4467952
node6.tardis-apia.ldos-ut-pg0.wisc.cloudlab.us,cluster7,s3fifo,0.1,1,16,1,3,NA,NA,NA,587.776,4467952
node6.tardis-apia.ldos-ut-pg0.wisc.cloudlab.us,cluster7,s3fifoforgive,0.1,1,16,1,1,NA,NA,NA,587.776,4467952
node6.tardis-apia.ldos-ut-pg0.wisc.cloudlab.us,cluster7,s3fifoforgive,0.1,1,16,1,2,NA,NA,NA,587.776,4467952
node6.tardis-apia.ldos-ut-pg0.wisc.cloudlab.us,cluster7,s3fifoforgive,0.1,1,16,1,3,NA,NA,NA,587.776,4467952
node6.tardis-apia.ldos-ut-pg0.wisc.cloudlab.us,cluster8,lru,10,104,23,1,1,NA,NA,NA,1039.872,267311
node6.tardis-apia.ldos-ut-pg0.wisc.cloudlab.us,cluster8,lru,10,104,23,1,2,NA,NA,NA,1039.872,267311
node6.tardis-apia.ldos-ut-pg0.wisc.cloudlab.us,cluster8,lru,10,104,23,1,3,NA,NA,NA,1039.872,267311
node6.tardis-apia.ldos-ut-pg0.wisc.cloudlab.us,cluster8,lruforgive,10,104,23,1,1,NA,NA,NA,1039.872,267311
node6.tardis-apia.ldos-ut-pg0.wisc.cloudlab.us,cluster8,lruforgive,10,104,23,1,2,NA,NA,NA,1039.872,267311
node6.tardis-apia.ldos-ut-pg0.wisc.cloudlab.us,cluster8,lruforgive,10,104,23,1,3,NA,NA,NA,1039.872,267311
node6.tardis-apia.ldos-ut-pg0.wisc.cloudlab.us,cluster8,s3fifo,10,104,23,1,1,NA,NA,NA,1039.872,267311
node6.tardis-apia.ldos-ut-pg0.wisc.cloudlab.us,cluster8,s3fifo,10,104,23,1,2,NA,NA,NA,1039.872,267311
node6.tardis-apia.ldos-ut-pg0.wisc.cloudlab.us,cluster8,s3fifo,10,104,23,1,3,NA,NA,NA,1039.872,267311
node6.tardis-apia.ldos-ut-pg0.wisc.cloudlab.us,cluster8,s3fifoforgive,10,104,23,1,1,NA,NA,NA,1039.872,267311
node6.tardis-apia.ldos-ut-pg0.wisc.cloudlab.us,cluster8,s3fifoforgive,10,104,23,1,2,NA,NA,NA,1039.872,267311
node6.tardis-apia.ldos-ut-pg0.wisc.cloudlab.us,cluster8,s3fifoforgive,10,104,23,1,3,NA,NA,NA,1039.872,267311
node6.tardis-apia.ldos-ut-pg0.wisc.cloudlab.us,cluster1,lru,10,1,16,1,1,NA,NA,NA,0.1024,1282
node6.tardis-apia.ldos-ut-pg0.wisc.cloudlab.us,cluster1,lru,10,1,16,1,2,NA,NA,NA,0.1024,1282
node6.tardis-apia.ldos-ut-pg0.wisc.cloudlab.us,cluster1,lru,10,1,16,1,3,NA,NA,NA,0.1024,1282
node6.tardis-apia.ldos-ut-pg0.wisc.cloudlab.us,cluster1,lruforgive,10,1,16,1,1,NA,NA,NA,0.1024,1282
node6.tardis-apia.ldos-ut-pg0.wisc.cloudlab.us,cluster1,lruforgive,10,1,16,1,2,NA,NA,NA,0.1024,1282
node6.tardis-apia.ldos-ut-pg0.wisc.cloudlab.us,cluster1,lruforgive,10,1,16,1,3,NA,NA,NA,0.1024,1282
node6.tardis-apia.ldos-ut-pg0.wisc.cloudlab.us,cluster1,s3fifo,10,1,16,1,1,NA,NA,NA,0.1024,1282
node6.tardis-apia.ldos-ut-pg0.wisc.cloudlab.us,cluster1,s3fifo,10,1,16,1,2,NA,NA,NA,0.1024,1282
node6.tardis-apia.ldos-ut-pg0.wisc.cloudlab.us,cluster1,s3fifo,10,1,16,1,3,NA,NA,NA,0.1024,1282
node6.tardis-apia.ldos-ut-pg0.wisc.cloudlab.us,cluster1,s3fifoforgive,10,1,16,1,1,NA,NA,NA,0.1024,1282
node6.tardis-apia.ldos-ut-pg0.wisc.cloudlab.us,cluster1,s3fifoforgive,10,1,16,1,2,NA,NA,NA,0.1024,1282
node6.tardis-apia.ldos-ut-pg0.wisc.cloudlab.us,cluster1,s3fifoforgive,10,1,16,1,3,NA,NA,NA,0.1024,1282
node6.tardis-apia.ldos-ut-pg0.wisc.cloudlab.us,cluster12,lru,10,2124,27,1,1,0.7900,1.03,26506120,21242.88,20949488
node6.tardis-apia.ldos-ut-pg0.wisc.cloudlab.us,cluster12,lru,10,2124,27,1,2,0.7900,1.03,26506120,21242.88,20949488
node6.tardis-apia.ldos-ut-pg0.wisc.cloudlab.us,cluster12,lru,10,2124,27,1,3,0.7900,1.02,26506120,21242.88,20949488
node6.tardis-apia.ldos-ut-pg0.wisc.cloudlab.us,cluster12,lruforgive,10,2124,27,1,1,0.7900,0.72,26506120,21242.88,20949488
node6.tardis-apia.ldos-ut-pg0.wisc.cloudlab.us,cluster12,lruforgive,10,2124,27,1,2,0.7900,0.71,26506120,21242.88,20949488
node6.tardis-apia.ldos-ut-pg0.wisc.cloudlab.us,cluster12,lruforgive,10,2124,27,1,3,0.7900,0.71,26506120,21242.88,20949488
node6.tardis-apia.ldos-ut-pg0.wisc.cloudlab.us,cluster12,s3fifo,10,2124,27,1,1,0.7901,0.89,26506120,21242.88,20949488
node6.tardis-apia.ldos-ut-pg0.wisc.cloudlab.us,cluster12,s3fifo,10,2124,27,1,2,0.7901,0.89,26506120,21242.88,20949488
node6.tardis-apia.ldos-ut-pg0.wisc.cloudlab.us,cluster12,s3fifo,10,2124,27,1,3,0.7901,0.89,26506120,21242.88,20949488
node6.tardis-apia.ldos-ut-pg0.wisc.cloudlab.us,cluster12,s3fifoforgive,10,2124,27,1,1,0.7901,0.67,26506120,21242.88,20949488
node6.tardis-apia.ldos-ut-pg0.wisc.cloudlab.us,cluster12,s3fifoforgive,10,2124,27,1,2,0.7901,0.66,26506120,21242.88,20949488
node6.tardis-apia.ldos-ut-pg0.wisc.cloudlab.us,cluster12,s3fifoforgive,10,2124,27,1,3,0.7901,0.66,26506120,21242.88,20949488
node6.tardis-apia.ldos-ut-pg0.wisc.cloudlab.us,cluster12,lru,0.1,21,20,1,1,0.8220,2.08,26506120,21242.88,20949488
node6.tardis-apia.ldos-ut-pg0.wisc.cloudlab.us,cluster12,lru,0.1,21,20,1,2,0.8220,2.01,26506120,21242.88,20949488
node6.tardis-apia.ldos-ut-pg0.wisc.cloudlab.us,cluster12,lru,0.1,21,20,1,3,0.8220,2.04,26506120,21242.88,20949488
node6.tardis-apia.ldos-ut-pg0.wisc.cloudlab.us,cluster12,lruforgive,0.1,21,20,1,1,0.8220,1.10,26506120,21242.88,20949488
node6.tardis-apia.ldos-ut-pg0.wisc.cloudlab.us,cluster12,lruforgive,0.1,21,20,1,2,0.8220,1.10,26506120,21242.88,20949488
node6.tardis-apia.ldos-ut-pg0.wisc.cloudlab.us,cluster12,lruforgive,0.1,21,20,1,3,0.8220,1.10,26506120,21242.88,20949488
node6.tardis-apia.ldos-ut-pg0.wisc.cloudlab.us,cluster12,s3fifo,0.1,21,20,1,1,0.8225,1.98,26506120,21242.88,20949488
node6.tardis-apia.ldos-ut-pg0.wisc.cloudlab.us,cluster12,s3fifo,0.1,21,20,1,2,0.8225,2.02,26506120,21242.88,20949488
node6.tardis-apia.ldos-ut-pg0.wisc.cloudlab.us,cluster12,s3fifo,0.1,21,20,1,3,0.8225,2.01,26506120,21242.88,20949488
node6.tardis-apia.ldos-ut-pg0.wisc.cloudlab.us,cluster12,s3fifoforgive,0.1,21,20,1,1,0.8225,1.19,26506120,21242.88,20949488
node6.tardis-apia.ldos-ut-pg0.wisc.cloudlab.us,cluster12,s3fifoforgive,0.1,21,20,1,2,0.8225,1.16,26506120,21242.88,20949488
node6.tardis-apia.ldos-ut-pg0.wisc.cloudlab.us,cluster12,s3fifoforgive,0.1,21,20,1,3,0.8225,1.19,26506120,21242.88,20949488
node6.tardis-apia.ldos-ut-pg0.wisc.cloudlab.us,cluster15,lru,10,599,25,1,1,0.9906,1.31,52648297,5986.304,52183223
node6.tardis-apia.ldos-ut-pg0.wisc.cloudlab.us,cluster15,lru,10,599,25,1,2,0.9906,1.31,52648297,5986.304,52183223
node6.tardis-apia.ldos-ut-pg0.wisc.cloudlab.us,cluster15,lru,10,599,25,1,3,0.9906,1.31,52648297,5986.304,52183223
node6.tardis-apia.ldos-ut-pg0.wisc.cloudlab.us,cluster15,lruforgive,10,599,25,1,1,0.9906,1.21,52648297,5986.304,52183223
node6.tardis-apia.ldos-ut-pg0.wisc.cloudlab.us,cluster15,lruforgive,10,599,25,1,2,0.9906,1.21,52648297,5986.304,52183223
node6.tardis-apia.ldos-ut-pg0.wisc.cloudlab.us,cluster15,lruforgive,10,599,25,1,3,0.9906,1.19,52648297,5986.304,52183223
node6.tardis-apia.ldos-ut-pg0.wisc.cloudlab.us,cluster15,s3fifo,10,599,25,1,1,0.9906,1.11,52648297,5986.304,52183223
node6.tardis-apia.ldos-ut-pg0.wisc.cloudlab.us,cluster15,s3fifo,10,599,25,1,2,0.9906,1.11,52648297,5986.304,52183223
node6.tardis-apia.ldos-ut-pg0.wisc.cloudlab.us,cluster15,s3fifo,10,599,25,1,3,0.9906,1.11,52648297,5986.304,52183223
node6.tardis-apia.ldos-ut-pg0.wisc.cloudlab.us,cluster15,s3fifoforgive,10,599,25,1,1,0.9906,1.02,52648297,5986.304,52183223
node6.tardis-apia.ldos-ut-pg0.wisc.cloudlab.us,cluster15,s3fifoforgive,10,599,25,1,2,0.9906,1.03,52648297,5986.304,52183223
node6.tardis-apia.ldos-ut-pg0.wisc.cloudlab.us,cluster15,s3fifoforgive,10,599,25,1,3,0.9906,1.03,52648297,5986.304,52183223
node6.tardis-apia.ldos-ut-pg0.wisc.cloudlab.us,cluster15,lru,0.1,6,19,1,1,NA,NA,NA,5986.304,52183223
node6.tardis-apia.ldos-ut-pg0.wisc.cloudlab.us,cluster15,lru,0.1,6,19,1,2,NA,NA,NA,5986.304,52183223
node6.tardis-apia.ldos-ut-pg0.wisc.cloudlab.us,cluster15,lru,0.1,6,19,1,3,NA,NA,NA,5986.304,52183223
node6.tardis-apia.ldos-ut-pg0.wisc.cloudlab.us,cluster15,lruforgive,0.1,6,19,1,1,NA,NA,NA,5986.304,52183223
node6.tardis-apia.ldos-ut-pg0.wisc.cloudlab.us,cluster15,lruforgive,0.1,6,19,1,2,NA,NA,NA,5986.304,52183223
node6.tardis-apia.ldos-ut-pg0.wisc.cloudlab.us,cluster15,lruforgive,0.1,6,19,1,3,NA,NA,NA,5986.304,52183223
node6.tardis-apia.ldos-ut-pg0.wisc.cloudlab.us,cluster15,s3fifo,0.1,6,19,1,1,NA,NA,NA,5986.304,52183223
node6.tardis-apia.ldos-ut-pg0.wisc.cloudlab.us,cluster15,s3fifo,0.1,6,19,1,2,NA,NA,NA,5986.304,52183223
node6.tardis-apia.ldos-ut-pg0.wisc.cloudlab.us,cluster15,s3fifo,0.1,6,19,1,3,NA,NA,NA,5986.304,52183223
node6.tardis-apia.ldos-ut-pg0.wisc.cloudlab.us,cluster15,s3fifoforgive,0.1,6,19,1,1,NA,NA,NA,5986.304,52183223
node6.tardis-apia.ldos-ut-pg0.wisc.cloudlab.us,cluster15,s3fifoforgive,0.1,6,19,1,2,NA,NA,NA,5986.304,52183223
node6.tardis-apia.ldos-ut-pg0.wisc.cloudlab.us,cluster15,s3fifoforgive,0.1,6,19,1,3,NA,NA,NA,5986.304,52183223
node6.tardis-apia.ldos-ut-pg0.wisc.cloudlab.us,cluster16,lru,10,1,16,1,1,NA,NA,NA,6.144,146541
node6.tardis-apia.ldos-ut-pg0.wisc.cloudlab.us,cluster16,lru,10,1,16,1,2,NA,NA,NA,6.144,146541
node6.tardis-apia.ldos-ut-pg0.wisc.cloudlab.us,cluster16,lru,10,1,16,1,3,NA,NA,NA,6.144,146541
node6.tardis-apia.ldos-ut-pg0.wisc.cloudlab.us,cluster16,lruforgive,10,1,16,1,1,NA,NA,NA,6.144,146541
node6.tardis-apia.ldos-ut-pg0.wisc.cloudlab.us,cluster16,lruforgive,10,1,16,1,2,NA,NA,NA,6.144,146541
node6.tardis-apia.ldos-ut-pg0.wisc.cloudlab.us,cluster16,lruforgive,10,1,16,1,3,NA,NA,NA,6.144,146541
node6.tardis-apia.ldos-ut-pg0.wisc.cloudlab.us,cluster16,s3fifo,10,1,16,1,1,NA,NA,NA,6.144,146541
node6.tardis-apia.ldos-ut-pg0.wisc.cloudlab.us,cluster16,s3fifo,10,1,16,1,2,NA,NA,NA,6.144,146541
node6.tardis-apia.ldos-ut-pg0.wisc.cloudlab.us,cluster16,s3fifo,10,1,16,1,3,NA,NA,NA,6.144,146541
node6.tardis-apia.ldos-ut-pg0.wisc.cloudlab.us,cluster16,s3fifoforgive,10,1,16,1,1,NA,NA,NA,6.144,146541
node6.tardis-apia.ldos-ut-pg0.wisc.cloudlab.us,cluster16,s3fifoforgive,10,1,16,1,2,NA,NA,NA,6.144,146541
node6.tardis-apia.ldos-ut-pg0.wisc.cloudlab.us,cluster16,s3fifoforgive,10,1,16,1,3,NA,NA,NA,6.144,146541
node6.tardis-apia.ldos-ut-pg0.wisc.cloudlab.us,cluster17,lru,10,1,16,1,1,NA,NA,NA,12.5952,67884
node6.tardis-apia.ldos-ut-pg0.wisc.cloudlab.us,cluster17,lru,10,1,16,1,2,NA,NA,NA,12.5952,67884
node6.tardis-apia.ldos-ut-pg0.wisc.cloudlab.us,cluster17,lru,10,1,16,1,3,NA,NA,NA,12.5952,67884
node6.tardis-apia.ldos-ut-pg0.wisc.cloudlab.us,cluster17,lruforgive,10,1,16,1,1,NA,NA,NA,12.5952,67884
node6.tardis-apia.ldos-ut-pg0.wisc.cloudlab.us,cluster17,lruforgive,10,1,16,1,2,NA,NA,NA,12.5952,67884
node6.tardis-apia.ldos-ut-pg0.wisc.cloudlab.us,cluster17,lruforgive,10,1,16,1,3,NA,NA,NA,12.5952,67884
node6.tardis-apia.ldos-ut-pg0.wisc.cloudlab.us,cluster17,s3fifo,10,1,16,1,1,NA,NA,NA,12.5952,67884
node6.tardis-apia.ldos-ut-pg0.wisc.cloudlab.us,cluster17,s3fifo,10,1,16,1,2,NA,NA,NA,12.5952,67884
node6.tardis-apia.ldos-ut-pg0.wisc.cloudlab.us,cluster17,s3fifo,10,1,16,1,3,NA,NA,NA,12.5952,67884
node6.tardis-apia.ldos-ut-pg0.wisc.cloudlab.us,cluster17,s3fifoforgive,10,1,16,1,1,NA,NA,NA,12.5952,67884
node6.tardis-apia.ldos-ut-pg0.wisc.cloudlab.us,cluster17,s3fifoforgive,10,1,16,1,2,NA,NA,NA,12.5952,67884
node6.tardis-apia.ldos-ut-pg0.wisc.cloudlab.us,cluster17,s3fifoforgive,10,1,16,1,3,NA,NA,NA,12.5952,67884
node6.tardis-apia.ldos-ut-pg0.wisc.cloudlab.us,cluster18,lru,10,1,16,1,1,NA,NA,NA,2.8672,114670
node6.tardis-apia.ldos-ut-pg0.wisc.cloudlab.us,cluster18,lru,10,1,16,1,2,NA,NA,NA,2.8672,114670
node6.tardis-apia.ldos-ut-pg0.wisc.cloudlab.us,cluster18,lru,10,1,16,1,3,NA,NA,NA,2.8672,114670
node6.tardis-apia.ldos-ut-pg0.wisc.cloudlab.us,cluster18,lruforgive,10,1,16,1,1,NA,NA,NA,2.8672,114670
node6.tardis-apia.ldos-ut-pg0.wisc.cloudlab.us,cluster18,lruforgive,10,1,16,1,2,NA,NA,NA,2.8672,114670
node6.tardis-apia.ldos-ut-pg0.wisc.cloudlab.us,cluster18,lruforgive,10,1,16,1,3,NA,NA,NA,2.8672,114670
node6.tardis-apia.ldos-ut-pg0.wisc.cloudlab.us,cluster18,s3fifo,10,1,16,1,1,NA,NA,NA,2.8672,114670
node6.tardis-apia.ldos-ut-pg0.wisc.cloudlab.us,cluster18,s3fifo,10,1,16,1,2,NA,NA,NA,2.8672,114670
node6.tardis-apia.ldos-ut-pg0.wisc.cloudlab.us,cluster18,s3fifo,10,1,16,1,3,NA,NA,NA,2.8672,114670
node6.tardis-apia.ldos-ut-pg0.wisc.cloudlab.us,cluster18,s3fifoforgive,10,1,16,1,1,NA,NA,NA,2.8672,114670
node6.tardis-apia.ldos-ut-pg0.wisc.cloudlab.us,cluster18,s3fifoforgive,10,1,16,1,2,NA,NA,NA,2.8672,114670
node6.tardis-apia.ldos-ut-pg0.wisc.cloudlab.us,cluster18,s3fifoforgive,10,1,16,1,3,NA,NA,NA,2.8672,114670
node6.tardis-apia.ldos-ut-pg0.wisc.cloudlab.us,cluster2,lru,10,1,16,1,1,NA,NA,NA,1.4336,35754
node6.tardis-apia.ldos-ut-pg0.wisc.cloudlab.us,cluster2,lru,10,1,16,1,2,NA,NA,NA,1.4336,35754
node6.tardis-apia.ldos-ut-pg0.wisc.cloudlab.us,cluster2,lru,10,1,16,1,3,NA,NA,NA,1.4336,35754
node6.tardis-apia.ldos-ut-pg0.wisc.cloudlab.us,cluster2,lruforgive,10,1,16,1,1,NA,NA,NA,1.4336,35754
node6.tardis-apia.ldos-ut-pg0.wisc.cloudlab.us,cluster2,lruforgive,10,1,16,1,2,NA,NA,NA,1.4336,35754
node6.tardis-apia.ldos-ut-pg0.wisc.cloudlab.us,cluster2,lruforgive,10,1,16,1,3,NA,NA,NA,1.4336,35754
node6.tardis-apia.ldos-ut-pg0.wisc.cloudlab.us,cluster2,s3fifo,10,1,16,1,1,NA,NA,NA,1.4336,35754
node6.tardis-apia.ldos-ut-pg0.wisc.cloudlab.us,cluster2,s3fifo,10,1,16,1,2,NA,NA,NA,1.4336,35754
node6.tardis-apia.ldos-ut-pg0.wisc.cloudlab.us,cluster2,s3fifo,10,1,16,1,3,NA,NA,NA,1.4336,35754
node6.tardis-apia.ldos-ut-pg0.wisc.cloudlab.us,cluster2,s3fifoforgive,10,1,16,1,1,NA,NA,NA,1.4336,35754
node6.tardis-apia.ldos-ut-pg0.wisc.cloudlab.us,cluster2,s3fifoforgive,10,1,16,1,2,NA,NA,NA,1.4336,35754
node6.tardis-apia.ldos-ut-pg0.wisc.cloudlab.us,cluster2,s3fifoforgive,10,1,16,1,3,NA,NA,NA,1.4336,35754
node6.tardis-apia.ldos-ut-pg0.wisc.cloudlab.us,cluster25,lru,10,1,16,1,1,NA,NA,NA,4.3008,63154
node6.tardis-apia.ldos-ut-pg0.wisc.cloudlab.us,cluster25,lru,10,1,16,1,2,NA,NA,NA,4.3008,63154
node6.tardis-apia.ldos-ut-pg0.wisc.cloudlab.us,cluster25,lru,10,1,16,1,3,NA,NA,NA,4.3008,63154
node6.tardis-apia.ldos-ut-pg0.wisc.cloudlab.us,cluster25,lruforgive,10,1,16,1,1,NA,NA,NA,4.3008,63154
node6.tardis-apia.ldos-ut-pg0.wisc.cloudlab.us,cluster25,lruforgive,10,1,16,1,2,NA,NA,NA,4.3008,63154
node6.tardis-apia.ldos-ut-pg0.wisc.cloudlab.us,cluster25,lruforgive,10,1,16,1,3,NA,NA,NA,4.3008,63154
node6.tardis-apia.ldos-ut-pg0.wisc.cloudlab.us,cluster25,s3fifo,10,1,16,1,1,NA,NA,NA,4.3008,63154
node6.tardis-apia.ldos-ut-pg0.wisc.cloudlab.us,cluster25,s3fifo,10,1,16,1,2,NA,NA,NA,4.3008,63154
node6.tardis-apia.ldos-ut-pg0.wisc.cloudlab.us,cluster25,s3fifo,10,1,16,1,3,NA,NA,NA,4.3008,63154
node6.tardis-apia.ldos-ut-pg0.wisc.cloudlab.us,cluster25,s3fifoforgive,10,1,16,1,1,NA,NA,NA,4.3008,63154
node6.tardis-apia.ldos-ut-pg0.wisc.cloudlab.us,cluster25,s3fifoforgive,10,1,16,1,2,NA,NA,NA,4.3008,63154
node6.tardis-apia.ldos-ut-pg0.wisc.cloudlab.us,cluster25,s3fifoforgive,10,1,16,1,3,NA,NA,NA,4.3008,63154
node6.tardis-apia.ldos-ut-pg0.wisc.cloudlab.us,cluster27,lru,10,35,21,1,1,0.5829,1.85,120220787,354.816,7050550
node6.tardis-apia.ldos-ut-pg0.wisc.cloudlab.us,cluster27,lru,10,35,21,1,2,0.5829,1.83,120220787,354.816,7050550
node6.tardis-apia.ldos-ut-pg0.wisc.cloudlab.us,cluster27,lru,10,35,21,1,3,0.5829,1.83,120220787,354.816,7050550
node6.tardis-apia.ldos-ut-pg0.wisc.cloudlab.us,cluster27,lruforgive,10,35,21,1,1,0.5829,0.91,120220787,354.816,7050550
node6.tardis-apia.ldos-ut-pg0.wisc.cloudlab.us,cluster27,lruforgive,10,35,21,1,2,0.5829,0.90,120220787,354.816,7050550
node6.tardis-apia.ldos-ut-pg0.wisc.cloudlab.us,cluster27,lruforgive,10,35,21,1,3,0.5829,0.90,120220787,354.816,7050550
node6.tardis-apia.ldos-ut-pg0.wisc.cloudlab.us,cluster27,s3fifo,10,35,21,1,1,0.5622,1.87,120220787,354.816,7050550
node6.tardis-apia.ldos-ut-pg0.wisc.cloudlab.us,cluster27,s3fifo,10,35,21,1,2,0.5622,1.90,120220787,354.816,7050550
node6.tardis-apia.ldos-ut-pg0.wisc.cloudlab.us,cluster27,s3fifo,10,35,21,1,3,0.5622,1.87,120220787,354.816,7050550
node6.tardis-apia.ldos-ut-pg0.wisc.cloudlab.us,cluster27,s3fifoforgive,10,35,21,1,1,0.5622,0.98,120220787,354.816,7050550
node6.tardis-apia.ldos-ut-pg0.wisc.cloudlab.us,cluster27,s3fifoforgive,10,35,21,1,2,0.5622,0.97,120220787,354.816,7050550
node6.tardis-apia.ldos-ut-pg0.wisc.cloudlab.us,cluster27,s3fifoforgive,10,35,21,1,3,0.5622,0.99,120220787,354.816,7050550
node6.tardis-apia.ldos-ut-pg0.wisc.cloudlab.us,cluster27,lru,0.1,1,16,1,1,NA,NA,NA,354.816,7050550
node6.tardis-apia.ldos-ut-pg0.wisc.cloudlab.us,cluster27,lru,0.1,1,16,1,2,NA,NA,NA,354.816,7050550
node6.tardis-apia.ldos-ut-pg0.wisc.cloudlab.us,cluster27,lru,0.1,1,16,1,3,NA,NA,NA,354.816,7050550
node6.tardis-apia.ldos-ut-pg0.wisc.cloudlab.us,cluster27,lruforgive,0.1,1,16,1,1,NA,NA,NA,354.816,7050550
node6.tardis-apia.ldos-ut-pg0.wisc.cloudlab.us,cluster27,lruforgive,0.1,1,16,1,2,NA,NA,NA,354.816,7050550
node6.tardis-apia.ldos-ut-pg0.wisc.cloudlab.us,cluster27,lruforgive,0.1,1,16,1,3,NA,NA,NA,354.816,7050550
node6.tardis-apia.ldos-ut-pg0.wisc.cloudlab.us,cluster27,s3fifo,0.1,1,16,1,1,NA,NA,NA,354.816,7050550
node6.tardis-apia.ldos-ut-pg0.wisc.cloudlab.us,cluster27,s3fifo,0.1,1,16,1,2,NA,NA,NA,354.816,7050550
node6.tardis-apia.ldos-ut-pg0.wisc.cloudlab.us,cluster27,s3fifo,0.1,1,16,1,3,NA,NA,NA,354.816,7050550
node6.tardis-apia.ldos-ut-pg0.wisc.cloudlab.us,cluster27,s3fifoforgive,0.1,1,16,1,1,NA,NA,NA,354.816,7050550
node6.tardis-apia.ldos-ut-pg0.wisc.cloudlab.us,cluster27,s3fifoforgive,0.1,1,16,1,2,NA,NA,NA,354.816,7050550
node6.tardis-apia.ldos-ut-pg0.wisc.cloudlab.us,cluster27,s3fifoforgive,0.1,1,16,1,3,NA,NA,NA,354.816,7050550
node6.tardis-apia.ldos-ut-pg0.wisc.cloudlab.us,cluster29,lru,10,66,22,1,1,0.0851,3.18,67534020,664.9856,2526514
node6.tardis-apia.ldos-ut-pg0.wisc.cloudlab.us,cluster29,lru,10,66,22,1,2,0.0851,3.23,67534020,664.9856,2526514
node6.tardis-apia.ldos-ut-pg0.wisc.cloudlab.us,cluster29,lru,10,66,22,1,3,0.0851,3.38,67534020,664.9856,2526514
node6.tardis-apia.ldos-ut-pg0.wisc.cloudlab.us,cluster29,lruforgive,10,66,22,1,1,0.0851,0.79,67534020,664.9856,2526514
node6.tardis-apia.ldos-ut-pg0.wisc.cloudlab.us,cluster29,lruforgive,10,66,22,1,2,0.0851,0.80,67534020,664.9856,2526514
node6.tardis-apia.ldos-ut-pg0.wisc.cloudlab.us,cluster29,lruforgive,10,66,22,1,3,0.0851,0.80,67534020,664.9856,2526514
node6.tardis-apia.ldos-ut-pg0.wisc.cloudlab.us,cluster29,s3fifo,10,66,22,1,1,0.0827,3.72,67534020,664.9856,2526514
node6.tardis-apia.ldos-ut-pg0.wisc.cloudlab.us,cluster29,s3fifo,10,66,22,1,2,0.0827,3.64,67534020,664.9856,2526514
node6.tardis-apia.ldos-ut-pg0.wisc.cloudlab.us,cluster29,s3fifo,10,66,22,1,3,0.0827,3.69,67534020,664.9856,2526514
node6.tardis-apia.ldos-ut-pg0.wisc.cloudlab.us,cluster29,s3fifoforgive,10,66,22,1,1,0.0827,0.83,67534020,664.9856,2526514
node6.tardis-apia.ldos-ut-pg0.wisc.cloudlab.us,cluster29,s3fifoforgive,10,66,22,1,2,0.0827,0.84,67534020,664.9856,2526514
node6.tardis-apia.ldos-ut-pg0.wisc.cloudlab.us,cluster29,s3fifoforgive,10,66,22,1,3,0.0827,0.83,67534020,664.9856,2526514
node6.tardis-apia.ldos-ut-pg0.wisc.cloudlab.us,cluster29,lru,0.1,1,16,1,1,NA,NA,NA,664.9856,2526514
node6.tardis-apia.ldos-ut-pg0.wisc.cloudlab.us,cluster29,lru,0.1,1,16,1,2,NA,NA,NA,664.9856,2526514
node6.tardis-apia.ldos-ut-pg0.wisc.cloudlab.us,cluster29,lru,0.1,1,16,1,3,NA,NA,NA,664.9856,2526514
node6.tardis-apia.ldos-ut-pg0.wisc.cloudlab.us,cluster29,lruforgive,0.1,1,16,1,1,NA,NA,NA,664.9856,2526514
node6.tardis-apia.ldos-ut-pg0.wisc.cloudlab.us,cluster29,lruforgive,0.1,1,16,1,2,NA,NA,NA,664.9856,2526514
node6.tardis-apia.ldos-ut-pg0.wisc.cloudlab.us,cluster29,lruforgive,0.1,1,16,1,3,NA,NA,NA,664.9856,2526514
node6.tardis-apia.ldos-ut-pg0.wisc.cloudlab.us,cluster29,s3fifo,0.1,1,16,1,1,NA,NA,NA,664.9856,2526514
node6.tardis-apia.ldos-ut-pg0.wisc.cloudlab.us,cluster29,s3fifo,0.1,1,16,1,2,NA,NA,NA,664.9856,2526514
node6.tardis-apia.ldos-ut-pg0.wisc.cloudlab.us,cluster29,s3fifo,0.1,1,16,1,3,NA,NA,NA,664.9856,2526514
node6.tardis-apia.ldos-ut-pg0.wisc.cloudlab.us,cluster29,s3fifoforgive,0.1,1,16,1,1,NA,NA,NA,664.9856,2526514
node6.tardis-apia.ldos-ut-pg0.wisc.cloudlab.us,cluster29,s3fifoforgive,0.1,1,16,1,2,NA,NA,NA,664.9856,2526514
node6.tardis-apia.ldos-ut-pg0.wisc.cloudlab.us,cluster29,s3fifoforgive,0.1,1,16,1,3,NA,NA,NA,664.9856,2526514
node6.tardis-apia.ldos-ut-pg0.wisc.cloudlab.us,cluster32,lru,10,609,25,1,1,0.9694,1.29,36675854,6093.7216,35575740
node6.tardis-apia.ldos-ut-pg0.wisc.cloudlab.us,cluster32,lru,10,609,25,1,2,0.9694,1.28,36675854,6093.7216,35575740
node6.tardis-apia.ldos-ut-pg0.wisc.cloudlab.us,cluster32,lru,10,609,25,1,3,0.9694,1.26,36675854,6093.7216,35575740
node6.tardis-apia.ldos-ut-pg0.wisc.cloudlab.us,cluster32,lruforgive,10,609,25,1,1,0.9694,1.08,36675854,6093.7216,35575740
node6.tardis-apia.ldos-ut-pg0.wisc.cloudlab.us,cluster32,lruforgive,10,609,25,1,2,0.9694,1.07,36675854,6093.7216,35575740
node6.tardis-apia.ldos-ut-pg0.wisc.cloudlab.us,cluster32,lruforgive,10,609,25,1,3,0.9694,1.08,36675854,6093.7216,35575740
node6.tardis-apia.ldos-ut-pg0.wisc.cloudlab.us,cluster32,s3fifo,10,609,25,1,1,0.9694,1.11,36675854,6093.7216,35575740
node6.tardis-apia.ldos-ut-pg0.wisc.cloudlab.us,cluster32,s3fifo,10,609,25,1,2,0.9694,1.11,36675854,6093.7216,35575740
node6.tardis-apia.ldos-ut-pg0.wisc.cloudlab.us,cluster32,s3fifo,10,609,25,1,3,0.9694,1.10,36675854,6093.7216,35575740
node6.tardis-apia.ldos-ut-pg0.wisc.cloudlab.us,cluster32,s3fifoforgive,10,609,25,1,1,0.9694,0.95,36675854,6093.7216,35575740
node6.tardis-apia.ldos-ut-pg0.wisc.cloudlab.us,cluster32,s3fifoforgive,10,609,25,1,2,0.9694,0.94,36675854,6093.7216,35575740
node6.tardis-apia.ldos-ut-pg0.wisc.cloudlab.us,cluster32,s3fifoforgive,10,609,25,1,3,0.9694,0.94,36675854,6093.7216,35575740
node6.tardis-apia.ldos-ut-pg0.wisc.cloudlab.us,cluster32,lru,0.1,6,19,1,1,NA,NA,NA,6093.7216,35575740
node6.tardis-apia.ldos-ut-pg0.wisc.cloudlab.us,cluster32,lru,0.1,6,19,1,2,NA,NA,NA,6093.7216,35575740
node6.tardis-apia.ldos-ut-pg0.wisc.cloudlab.us,cluster32,lru,0.1,6,19,1,3,NA,NA,NA,6093.7216,35575740
node6.tardis-apia.ldos-ut-pg0.wisc.cloudlab.us,cluster32,lruforgive,0.1,6,19,1,1,NA,NA,NA,6093.7216,35575740
node6.tardis-apia.ldos-ut-pg0.wisc.cloudlab.us,cluster32,lruforgive,0.1,6,19,1,2,NA,NA,NA,6093.7216,35575740
node6.tardis-apia.ldos-ut-pg0.wisc.cloudlab.us,cluster32,lruforgive,0.1,6,19,1,3,NA,NA,NA,6093.7216,35575740
node6.tardis-apia.ldos-ut-pg0.wisc.cloudlab.us,cluster32,s3fifo,0.1,6,19,1,1,NA,NA,NA,6093.7216,35575740
node6.tardis-apia.ldos-ut-pg0.wisc.cloudlab.us,cluster32,s3fifo,0.1,6,19,1,2,NA,NA,NA,6093.7216,35575740
node6.tardis-apia.ldos-ut-pg0.wisc.cloudlab.us,cluster32,s3fifo,0.1,6,19,1,3,NA,NA,NA,6093.7216,35575740
node6.tardis-apia.ldos-ut-pg0.wisc.cloudlab.us,cluster32,s3fifoforgive,0.1,6,19,1,1,NA,NA,NA,6093.7216,35575740
node6.tardis-apia.ldos-ut-pg0.wisc.cloudlab.us,cluster32,s3fifoforgive,0.1,6,19,1,2,NA,NA,NA,6093.7216,35575740
node6.tardis-apia.ldos-ut-pg0.wisc.cloudlab.us,cluster32,s3fifoforgive,0.1,6,19,1,3,NA,NA,NA,6093.7216,35575740
node6.tardis-apia.ldos-ut-pg0.wisc.cloudlab.us,cluster33,lru,10,2,17,1,1,NA,NA,NA,18.0224,190949
node6.tardis-apia.ldos-ut-pg0.wisc.cloudlab.us,cluster33,lru,10,2,17,1,2,NA,NA,NA,18.0224,190949
node6.tardis-apia.ldos-ut-pg0.wisc.cloudlab.us,cluster33,lru,10,2,17,1,3,NA,NA,NA,18.0224,190949
node6.tardis-apia.ldos-ut-pg0.wisc.cloudlab.us,cluster33,lruforgive,10,2,17,1,1,NA,NA,NA,18.0224,190949
node6.tardis-apia.ldos-ut-pg0.wisc.cloudlab.us,cluster33,lruforgive,10,2,17,1,2,NA,NA,NA,18.0224,190949
node6.tardis-apia.ldos-ut-pg0.wisc.cloudlab.us,cluster33,lruforgive,10,2,17,1,3,NA,NA,NA,18.0224,190949
node6.tardis-apia.ldos-ut-pg0.wisc.cloudlab.us,cluster33,s3fifo,10,2,17,1,1,NA,NA,NA,18.0224,190949
node6.tardis-apia.ldos-ut-pg0.wisc.cloudlab.us,cluster33,s3fifo,10,2,17,1,2,NA,NA,NA,18.0224,190949
node6.tardis-apia.ldos-ut-pg0.wisc.cloudlab.us,cluster33,s3fifo,10,2,17,1,3,NA,NA,NA,18.0224,190949
node6.tardis-apia.ldos-ut-pg0.wisc.cloudlab.us,cluster33,s3fifoforgive,10,2,17,1,1,NA,NA,NA,18.0224,190949
node6.tardis-apia.ldos-ut-pg0.wisc.cloudlab.us,cluster33,s3fifoforgive,10,2,17,1,2,NA,NA,NA,18.0224,190949
node6.tardis-apia.ldos-ut-pg0.wisc.cloudlab.us,cluster33,s3fifoforgive,10,2,17,1,3,NA,NA,NA,18.0224,190949
node6.tardis-apia.ldos-ut-pg0.wisc.cloudlab.us,cluster43,lru,10,20,20,1,1,0.3895,3.62,90917137,199.168,4326497
node6.tardis-apia.ldos-ut-pg0.wisc.cloudlab.us,cluster43,lru,10,20,20,1,2,0.3895,3.65,90917137,199.168,4326497
node6.tardis-apia.ldos-ut-pg0.wisc.cloudlab.us,cluster43,lru,10,20,20,1,3,0.3895,3.62,90917137,199.168,4326497
node6.tardis-apia.ldos-ut-pg0.wisc.cloudlab.us,cluster43,lruforgive,10,20,20,1,1,0.3895,1.35,90917137,199.168,4326497
node6.tardis-apia.ldos-ut-pg0.wisc.cloudlab.us,cluster43,lruforgive,10,20,20,1,2,0.3895,1.34,90917137,199.168,4326497
node6.tardis-apia.ldos-ut-pg0.wisc.cloudlab.us,cluster43,lruforgive,10,20,20,1,3,0.3895,1.34,90917137,199.168,4326497
node6.tardis-apia.ldos-ut-pg0.wisc.cloudlab.us,cluster43,s3fifo,10,20,20,1,1,0.3877,4.26,90917137,199.168,4326497
node6.tardis-apia.ldos-ut-pg0.wisc.cloudlab.us,cluster43,s3fifo,10,20,20,1,2,0.3877,4.27,90917137,199.168,4326497
node6.tardis-apia.ldos-ut-pg0.wisc.cloudlab.us,cluster43,s3fifo,10,20,20,1,3,0.3877,4.27,90917137,199.168,4326497
node6.tardis-apia.ldos-ut-pg0.wisc.cloudlab.us,cluster43,s3fifoforgive,10,20,20,1,1,0.3877,1.44,90917137,199.168,4326497
node6.tardis-apia.ldos-ut-pg0.wisc.cloudlab.us,cluster43,s3fifoforgive,10,20,20,1,2,0.3877,1.43,90917137,199.168,4326497
node6.tardis-apia.ldos-ut-pg0.wisc.cloudlab.us,cluster43,s3fifoforgive,10,20,20,1,3,0.3877,1.44,90917137,199.168,4326497
node6.tardis-apia.ldos-ut-pg0.wisc.cloudlab.us,cluster43,lru,0.1,1,16,1,1,NA,NA,NA,199.168,4326497
node6.tardis-apia.ldos-ut-pg0.wisc.cloudlab.us,cluster43,lru,0.1,1,16,1,2,NA,NA,NA,199.168,4326497
node6.tardis-apia.ldos-ut-pg0.wisc.cloudlab.us,cluster43,lru,0.1,1,16,1,3,NA,NA,NA,199.168,4326497
node6.tardis-apia.ldos-ut-pg0.wisc.cloudlab.us,cluster43,lruforgive,0.1,1,16,1,1,NA,NA,NA,199.168,4326497
node6.tardis-apia.ldos-ut-pg0.wisc.cloudlab.us,cluster43,lruforgive,0.1,1,16,1,2,NA,NA,NA,199.168,4326497
node6.tardis-apia.ldos-ut-pg0.wisc.cloudlab.us,cluster43,lruforgive,0.1,1,16,1,3,NA,NA,NA,199.168,4326497
node6.tardis-apia.ldos-ut-pg0.wisc.cloudlab.us,cluster43,s3fifo,0.1,1,16,1,1,NA,NA,NA,199.168,4326497
node6.tardis-apia.ldos-ut-pg0.wisc.cloudlab.us,cluster43,s3fifo,0.1,1,16,1,2,NA,NA,NA,199.168,4326497
node6.tardis-apia.ldos-ut-pg0.wisc.cloudlab.us,cluster43,s3fifo,0.1,1,16,1,3,NA,NA,NA,199.168,4326497
node6.tardis-apia.ldos-ut-pg0.wisc.cloudlab.us,cluster43,s3fifoforgive,0.1,1,16,1,1,NA,NA,NA,199.168,4326497
node6.tardis-apia.ldos-ut-pg0.wisc.cloudlab.us,cluster43,s3fifoforgive,0.1,1,16,1,2,NA,NA,NA,199.168,4326497
node6.tardis-apia.ldos-ut-pg0.wisc.cloudlab.us,cluster43,s3fifoforgive,0.1,1,16,1,3,NA,NA,NA,199.168,4326497
node6.tardis-apia.ldos-ut-pg0.wisc.cloudlab.us,cluster46,lru,10,49,22,1,1,0.2223,2.88,67826731,492.9536,11583657
node6.tardis-apia.ldos-ut-pg0.wisc.cloudlab.us,cluster46,lru,10,49,22,1,2,0.2223,2.81,67826731,492.9536,11583657
node6.tardis-apia.ldos-ut-pg0.wisc.cloudlab.us,cluster46,lru,10,49,22,1,3,0.2223,2.87,67826731,492.9536,11583657
node6.tardis-apia.ldos-ut-pg0.wisc.cloudlab.us,cluster46,lruforgive,10,49,22,1,1,0.2223,0.69,67826731,492.9536,11583657
node6.tardis-apia.ldos-ut-pg0.wisc.cloudlab.us,cluster46,lruforgive,10,49,22,1,2,0.2223,0.69,67826731,492.9536,11583657
node6.tardis-apia.ldos-ut-pg0.wisc.cloudlab.us,cluster46,lruforgive,10,49,22,1,3,0.2223,0.68,67826731,492.9536,11583657
node6.tardis-apia.ldos-ut-pg0.wisc.cloudlab.us,cluster46,s3fifo,10,49,22,1,1,0.2216,3.04,67826731,492.9536,11583657
node6.tardis-apia.ldos-ut-pg0.wisc.cloudlab.us,cluster46,s3fifo,10,49,22,1,2,0.2216,2.98,67826731,492.9536,11583657
node6.tardis-apia.ldos-ut-pg0.wisc.cloudlab.us,cluster46,s3fifo,10,49,22,1,3,0.2216,2.94,67826731,492.9536,11583657
node6.tardis-apia.ldos-ut-pg0.wisc.cloudlab.us,cluster46,s3fifoforgive,10,49,22,1,1,0.2216,0.72,67826731,492.9536,11583657
node6.tardis-apia.ldos-ut-pg0.wisc.cloudlab.us,cluster46,s3fifoforgive,10,49,22,1,2,0.2216,0.71,67826731,492.9536,11583657
node6.tardis-apia.ldos-ut-pg0.wisc.cloudlab.us,cluster46,s3fifoforgive,10,49,22,1,3,0.2216,0.72,67826731,492.9536,11583657
node6.tardis-apia.ldos-ut-pg0.wisc.cloudlab.us,cluster46,lru,0.1,1,16,1,1,NA,NA,NA,492.9536,11583657
node6.tardis-apia.ldos-ut-pg0.wisc.cloudlab.us,cluster46,lru,0.1,1,16,1,2,NA,NA,NA,492.9536,11583657
node6.tardis-apia.ldos-ut-pg0.wisc.cloudlab.us,cluster46,lru,0.1,1,16,1,3,NA,NA,NA,492.9536,11583657
node6.tardis-apia.ldos-ut-pg0.wisc.cloudlab.us,cluster46,lruforgive,0.1,1,16,1,1,NA,NA,NA,492.9536,11583657
node6.tardis-apia.ldos-ut-pg0.wisc.cloudlab.us,cluster46,lruforgive,0.1,1,16,1,2,NA,NA,NA,492.9536,11583657
node6.tardis-apia.ldos-ut-pg0.wisc.cloudlab.us,cluster46,lruforgive,0.1,1,16,1,3,NA,NA,NA,492.9536,11583657
node6.tardis-apia.ldos-ut-pg0.wisc.cloudlab.us,cluster46,s3fifo,0.1,1,16,1,1,NA,NA,NA,492.9536,11583657
node6.tardis-apia.ldos-ut-pg0.wisc.cloudlab.us,cluster46,s3fifo,0.1,1,16,1,2,NA,NA,NA,492.9536,11583657
node6.tardis-apia.ldos-ut-pg0.wisc.cloudlab.us,cluster46,s3fifo,0.1,1,16,1,3,NA,NA,NA,492.9536,11583657
node6.tardis-apia.ldos-ut-pg0.wisc.cloudlab.us,cluster46,s3fifoforgive,0.1,1,16,1,1,NA,NA,NA,492.9536,11583657
node6.tardis-apia.ldos-ut-pg0.wisc.cloudlab.us,cluster46,s3fifoforgive,0.1,1,16,1,2,NA,NA,NA,492.9536,11583657
node6.tardis-apia.ldos-ut-pg0.wisc.cloudlab.us,cluster46,s3fifoforgive,0.1,1,16,1,3,NA,NA,NA,492.9536,11583657
node6.tardis-apia.ldos-ut-pg0.wisc.cloudlab.us,cluster47,lru,10,1,16,1,1,NA,NA,NA,3.6864,51623
node6.tardis-apia.ldos-ut-pg0.wisc.cloudlab.us,cluster47,lru,10,1,16,1,2,NA,NA,NA,3.6864,51623
node6.tardis-apia.ldos-ut-pg0.wisc.cloudlab.us,cluster47,lru,10,1,16,1,3,NA,NA,NA,3.6864,51623
node6.tardis-apia.ldos-ut-pg0.wisc.cloudlab.us,cluster47,lruforgive,10,1,16,1,1,NA,NA,NA,3.6864,51623
node6.tardis-apia.ldos-ut-pg0.wisc.cloudlab.us,cluster47,lruforgive,10,1,16,1,2,NA,NA,NA,3.6864,51623
node6.tardis-apia.ldos-ut-pg0.wisc.cloudlab.us,cluster47,lruforgive,10,1,16,1,3,NA,NA,NA,3.6864,51623
node6.tardis-apia.ldos-ut-pg0.wisc.cloudlab.us,cluster47,s3fifo,10,1,16,1,1,NA,NA,NA,3.6864,51623
node6.tardis-apia.ldos-ut-pg0.wisc.cloudlab.us,cluster47,s3fifo,10,1,16,1,2,NA,NA,NA,3.6864,51623
node6.tardis-apia.ldos-ut-pg0.wisc.cloudlab.us,cluster47,s3fifo,10,1,16,1,3,NA,NA,NA,3.6864,51623
node6.tardis-apia.ldos-ut-pg0.wisc.cloudlab.us,cluster47,s3fifoforgive,10,1,16,1,1,NA,NA,NA,3.6864,51623
node6.tardis-apia.ldos-ut-pg0.wisc.cloudlab.us,cluster47,s3fifoforgive,10,1,16,1,2,NA,NA,NA,3.6864,51623
node6.tardis-apia.ldos-ut-pg0.wisc.cloudlab.us,cluster47,s3fifoforgive,10,1,16,1,3,NA,NA,NA,3.6864,51623
node6.tardis-apia.ldos-ut-pg0.wisc.cloudlab.us,cluster5,lru,10,68,22,1,1,0.2189,2.42,103936672,676.5568,20752699
node6.tardis-apia.ldos-ut-pg0.wisc.cloudlab.us,cluster5,lru,10,68,22,1,2,0.2189,2.41,103936672,676.5568,20752699
node6.tardis-apia.ldos-ut-pg0.wisc.cloudlab.us,cluster5,lru,10,68,22,1,3,0.2189,2.48,103936672,676.5568,20752699
node6.tardis-apia.ldos-ut-pg0.wisc.cloudlab.us,cluster5,lruforgive,10,68,22,1,1,0.2189,0.80,103936672,676.5568,20752699
node6.tardis-apia.ldos-ut-pg0.wisc.cloudlab.us,cluster5,lruforgive,10,68,22,1,2,0.2189,0.79,103936672,676.5568,20752699
node6.tardis-apia.ldos-ut-pg0.wisc.cloudlab.us,cluster5,lruforgive,10,68,22,1,3,0.2189,0.80,103936672,676.5568,20752699
node6.tardis-apia.ldos-ut-pg0.wisc.cloudlab.us,cluster5,s3fifo,10,68,22,1,1,0.2182,2.52,103936672,676.5568,20752699
node6.tardis-apia.ldos-ut-pg0.wisc.cloudlab.us,cluster5,s3fifo,10,68,22,1,2,0.2182,2.53,103936672,676.5568,20752699
node6.tardis-apia.ldos-ut-pg0.wisc.cloudlab.us,cluster5,s3fifo,10,68,22,1,3,0.2182,2.55,103936672,676.5568,20752699
node6.tardis-apia.ldos-ut-pg0.wisc.cloudlab.us,cluster5,s3fifoforgive,10,68,22,1,1,0.2182,0.82,103936672,676.5568,20752699
node6.tardis-apia.ldos-ut-pg0.wisc.cloudlab.us,cluster5,s3fifoforgive,10,68,22,1,2,0.2182,0.71,103936672,676.5568,20752699
node6.tardis-apia.ldos-ut-pg0.wisc.cloudlab.us,cluster5,s3fifoforgive,10,68,22,1,3,0.2182,0.71,103936672,676.5568,20752699
node6.tardis-apia.ldos-ut-pg0.wisc.cloudlab.us,cluster5,lru,0.1,1,16,1,1,NA,NA,NA,676.5568,20752699
node6.tardis-apia.ldos-ut-pg0.wisc.cloudlab.us,cluster5,lru,0.1,1,16,1,2,NA,NA,NA,676.5568,20752699
node6.tardis-apia.ldos-ut-pg0.wisc.cloudlab.us,cluster5,lru,0.1,1,16,1,3,NA,NA,NA,676.5568,20752699
node6.tardis-apia.ldos-ut-pg0.wisc.cloudlab.us,cluster5,lruforgive,0.1,1,16,1,1,NA,NA,NA,676.5568,20752699
node6.tardis-apia.ldos-ut-pg0.wisc.cloudlab.us,cluster5,lruforgive,0.1,1,16,1,2,NA,NA,NA,676.5568,20752699
node6.tardis-apia.ldos-ut-pg0.wisc.cloudlab.us,cluster5,lruforgive,0.1,1,16,1,3,NA,NA,NA,676.5568,20752699
node6.tardis-apia.ldos-ut-pg0.wisc.cloudlab.us,cluster5,s3fifo,0.1,1,16,1,1,NA,NA,NA,676.5568,20752699
node6.tardis-apia.ldos-ut-pg0.wisc.cloudlab.us,cluster5,s3fifo,0.1,1,16,1,2,NA,NA,NA,676.5568,20752699
node6.tardis-apia.ldos-ut-pg0.wisc.cloudlab.us,cluster5,s3fifo,0.1,1,16,1,3,NA,NA,NA,676.5568,20752699
node6.tardis-apia.ldos-ut-pg0.wisc.cloudlab.us,cluster5,s3fifoforgive,0.1,1,16,1,1,NA,NA,NA,676.5568,20752699
node6.tardis-apia.ldos-ut-pg0.wisc.cloudlab.us,cluster5,s3fifoforgive,0.1,1,16,1,2,NA,NA,NA,676.5568,20752699
node6.tardis-apia.ldos-ut-pg0.wisc.cloudlab.us,cluster5,s3fifoforgive,0.1,1,16,1,3,NA,NA,NA,676.5568,20752699
node6.tardis-apia.ldos-ut-pg0.wisc.cloudlab.us,cluster51,lru,10,1,16,1,1,NA,NA,NA,3.6864,50024
node6.tardis-apia.ldos-ut-pg0.wisc.cloudlab.us,cluster51,lru,10,1,16,1,2,NA,NA,NA,3.6864,50024
node6.tardis-apia.ldos-ut-pg0.wisc.cloudlab.us,cluster51,lru,10,1,16,1,3,NA,NA,NA,3.6864,50024
node6.tardis-apia.ldos-ut-pg0.wisc.cloudlab.us,cluster51,lruforgive,10,1,16,1,1,NA,NA,NA,3.6864,50024
node6.tardis-apia.ldos-ut-pg0.wisc.cloudlab.us,cluster51,lruforgive,10,1,16,1,2,NA,NA,NA,3.6864,50024
node6.tardis-apia.ldos-ut-pg0.wisc.cloudlab.us,cluster51,lruforgive,10,1,16,1,3,NA,NA,NA,3.6864,50024
node6.tardis-apia.ldos-ut-pg0.wisc.cloudlab.us,cluster51,s3fifo,10,1,16,1,1,NA,NA,NA,3.6864,50024
node6.tardis-apia.ldos-ut-pg0.wisc.cloudlab.us,cluster51,s3fifo,10,1,16,1,2,NA,NA,NA,3.6864,50024
node6.tardis-apia.ldos-ut-pg0.wisc.cloudlab.us,cluster51,s3fifo,10,1,16,1,3,NA,NA,NA,3.6864,50024
node6.tardis-apia.ldos-ut-pg0.wisc.cloudlab.us,cluster51,s3fifoforgive,10,1,16,1,1,NA,NA,NA,3.6864,50024
node6.tardis-apia.ldos-ut-pg0.wisc.cloudlab.us,cluster51,s3fifoforgive,10,1,16,1,2,NA,NA,NA,3.6864,50024
node6.tardis-apia.ldos-ut-pg0.wisc.cloudlab.us,cluster51,s3fifoforgive,10,1,16,1,3,NA,NA,NA,3.6864,50024
node6.tardis-apia.ldos-ut-pg0.wisc.cloudlab.us,cluster52,lru,10,23,21,1,1,0.3665,4.11,118560475,234.496,2516392
node6.tardis-apia.ldos-ut-pg0.wisc.cloudlab.us,cluster52,lru,10,23,21,1,2,0.3665,4.13,118560475,234.496,2516392
node6.tardis-apia.ldos-ut-pg0.wisc.cloudlab.us,cluster52,lru,10,23,21,1,3,0.3665,4.06,118560475,234.496,2516392
node6.tardis-apia.ldos-ut-pg0.wisc.cloudlab.us,cluster52,lruforgive,10,23,21,1,1,0.3665,1.52,118560475,234.496,2516392
node6.tardis-apia.ldos-ut-pg0.wisc.cloudlab.us,cluster52,lruforgive,10,23,21,1,2,0.3665,1.51,118560475,234.496,2516392
node6.tardis-apia.ldos-ut-pg0.wisc.cloudlab.us,cluster52,lruforgive,10,23,21,1,3,0.3665,1.52,118560475,234.496,2516392
node6.tardis-apia.ldos-ut-pg0.wisc.cloudlab.us,cluster52,s3fifo,10,23,21,1,1,0.3643,4.98,118560475,234.496,2516392
node6.tardis-apia.ldos-ut-pg0.wisc.cloudlab.us,cluster52,s3fifo,10,23,21,1,2,0.3643,4.98,118560475,234.496,2516392
node6.tardis-apia.ldos-ut-pg0.wisc.cloudlab.us,cluster52,s3fifo,10,23,21,1,3,0.3643,4.97,118560475,234.496,2516392
node6.tardis-apia.ldos-ut-pg0.wisc.cloudlab.us,cluster52,s3fifoforgive,10,23,21,1,1,0.3643,1.59,118560475,234.496,2516392
node6.tardis-apia.ldos-ut-pg0.wisc.cloudlab.us,cluster52,s3fifoforgive,10,23,21,1,2,0.3643,1.59,118560475,234.496,2516392
node6.tardis-apia.ldos-ut-pg0.wisc.cloudlab.us,cluster52,s3fifoforgive,10,23,21,1,3,0.3643,1.60,118560475,234.496,2516392
node6.tardis-apia.ldos-ut-pg0.wisc.cloudlab.us,cluster52,lru,0.1,1,16,1,1,NA,NA,NA,234.496,2516392
node6.tardis-apia.ldos-ut-pg0.wisc.cloudlab.us,cluster52,lru,0.1,1,16,1,2,NA,NA,NA,234.496,2516392
node6.tardis-apia.ldos-ut-pg0.wisc.cloudlab.us,cluster52,lru,0.1,1,16,1,3,NA,NA,NA,234.496,2516392
node6.tardis-apia.ldos-ut-pg0.wisc.cloudlab.us,cluster52,lruforgive,0.1,1,16,1,1,NA,NA,NA,234.496,2516392
node6.tardis-apia.ldos-ut-pg0.wisc.cloudlab.us,cluster52,lruforgive,0.1,1,16,1,2,NA,NA,NA,234.496,2516392
node6.tardis-apia.ldos-ut-pg0.wisc.cloudlab.us,cluster52,lruforgive,0.1,1,16,1,3,NA,NA,NA,234.496,2516392
node6.tardis-apia.ldos-ut-pg0.wisc.cloudlab.us,cluster52,s3fifo,0.1,1,16,1,1,NA,NA,NA,234.496,2516392
node6.tardis-apia.ldos-ut-pg0.wisc.cloudlab.us,cluster52,s3fifo,0.1,1,16,1,2,NA,NA,NA,234.496,2516392
node6.tardis-apia.ldos-ut-pg0.wisc.cloudlab.us,cluster52,s3fifo,0.1,1,16,1,3,NA,NA,NA,234.496,2516392
node6.tardis-apia.ldos-ut-pg0.wisc.cloudlab.us,cluster52,s3fifoforgive,0.1,1,16,1,1,NA,NA,NA,234.496,2516392
node6.tardis-apia.ldos-ut-pg0.wisc.cloudlab.us,cluster52,s3fifoforgive,0.1,1,16,1,2,NA,NA,NA,234.496,2516392
node6.tardis-apia.ldos-ut-pg0.wisc.cloudlab.us,cluster52,s3fifoforgive,0.1,1,16,1,3,NA,NA,NA,234.496,2516392
node6.tardis-apia.ldos-ut-pg0.wisc.cloudlab.us,cluster54,lru,10,4,18,1,1,NA,NA,NA,40.7552,515202
node6.tardis-apia.ldos-ut-pg0.wisc.cloudlab.us,cluster54,lru,10,4,18,1,2,NA,NA,NA,40.7552,515202
node6.tardis-apia.ldos-ut-pg0.wisc.cloudlab.us,cluster54,lru,10,4,18,1,3,NA,NA,NA,40.7552,515202
node6.tardis-apia.ldos-ut-pg0.wisc.cloudlab.us,cluster54,lruforgive,10,4,18,1,1,NA,NA,NA,40.7552,515202
node6.tardis-apia.ldos-ut-pg0.wisc.cloudlab.us,cluster54,lruforgive,10,4,18,1,2,NA,NA,NA,40.7552,515202
node6.tardis-apia.ldos-ut-pg0.wisc.cloudlab.us,cluster54,lruforgive,10,4,18,1,3,NA,NA,NA,40.7552,515202
node6.tardis-apia.ldos-ut-pg0.wisc.cloudlab.us,cluster54,s3fifo,10,4,18,1,1,NA,NA,NA,40.7552,515202
node6.tardis-apia.ldos-ut-pg0.wisc.cloudlab.us,cluster54,s3fifo,10,4,18,1,2,NA,NA,NA,40.7552,515202
node6.tardis-apia.ldos-ut-pg0.wisc.cloudlab.us,cluster54,s3fifo,10,4,18,1,3,NA,NA,NA,40.7552,515202
node6.tardis-apia.ldos-ut-pg0.wisc.cloudlab.us,cluster54,s3fifoforgive,10,4,18,1,1,NA,NA,NA,40.7552,515202
node6.tardis-apia.ldos-ut-pg0.wisc.cloudlab.us,cluster54,s3fifoforgive,10,4,18,1,2,NA,NA,NA,40.7552,515202
node6.tardis-apia.ldos-ut-pg0.wisc.cloudlab.us,cluster54,s3fifoforgive,10,4,18,1,3,NA,NA,NA,40.7552,515202
node6.tardis-apia.ldos-ut-pg0.wisc.cloudlab.us,cluster6,lru,10,1,16,1,1,NA,NA,NA,9.1136,213522
node6.tardis-apia.ldos-ut-pg0.wisc.cloudlab.us,cluster6,lru,10,1,16,1,2,NA,NA,NA,9.1136,213522
node6.tardis-apia.ldos-ut-pg0.wisc.cloudlab.us,cluster6,lru,10,1,16,1,3,NA,NA,NA,9.1136,213522
node6.tardis-apia.ldos-ut-pg0.wisc.cloudlab.us,cluster6,lruforgive,10,1,16,1,1,NA,NA,NA,9.1136,213522
node6.tardis-apia.ldos-ut-pg0.wisc.cloudlab.us,cluster6,lruforgive,10,1,16,1,2,NA,NA,NA,9.1136,213522
node6.tardis-apia.ldos-ut-pg0.wisc.cloudlab.us,cluster6,lruforgive,10,1,16,1,3,NA,NA,NA,9.1136,213522
node6.tardis-apia.ldos-ut-pg0.wisc.cloudlab.us,cluster6,s3fifo,10,1,16,1,1,NA,NA,NA,9.1136,213522
node6.tardis-apia.ldos-ut-pg0.wisc.cloudlab.us,cluster6,s3fifo,10,1,16,1,2,NA,NA,NA,9.1136,213522
node6.tardis-apia.ldos-ut-pg0.wisc.cloudlab.us,cluster6,s3fifo,10,1,16,1,3,NA,NA,NA,9.1136,213522
node6.tardis-apia.ldos-ut-pg0.wisc.cloudlab.us,cluster6,s3fifoforgive,10,1,16,1,1,NA,NA,NA,9.1136,213522
node6.tardis-apia.ldos-ut-pg0.wisc.cloudlab.us,cluster6,s3fifoforgive,10,1,16,1,2,NA,NA,NA,9.1136,213522
node6.tardis-apia.ldos-ut-pg0.wisc.cloudlab.us,cluster6,s3fifoforgive,10,1,16,1,3,NA,NA,NA,9.1136,213522
node6.tardis-apia.ldos-ut-pg0.wisc.cloudlab.us,cluster9,lru,10,1,16,1,1,NA,NA,NA,4.9152,151122
node6.tardis-apia.ldos-ut-pg0.wisc.cloudlab.us,cluster9,lru,10,1,16,1,2,NA,NA,NA,4.9152,151122
node6.tardis-apia.ldos-ut-pg0.wisc.cloudlab.us,cluster9,lru,10,1,16,1,3,NA,NA,NA,4.9152,151122
node6.tardis-apia.ldos-ut-pg0.wisc.cloudlab.us,cluster9,lruforgive,10,1,16,1,1,NA,NA,NA,4.9152,151122
node6.tardis-apia.ldos-ut-pg0.wisc.cloudlab.us,cluster9,lruforgive,10,1,16,1,2,NA,NA,NA,4.9152,151122
node6.tardis-apia.ldos-ut-pg0.wisc.cloudlab.us,cluster9,lruforgive,10,1,16,1,3,NA,NA,NA,4.9152,151122
node6.tardis-apia.ldos-ut-pg0.wisc.cloudlab.us,cluster9,s3fifo,10,1,16,1,1,NA,NA,NA,4.9152,151122
node6.tardis-apia.ldos-ut-pg0.wisc.cloudlab.us,cluster9,s3fifo,10,1,16,1,2,NA,NA,NA,4.9152,151122
node6.tardis-apia.ldos-ut-pg0.wisc.cloudlab.us,cluster9,s3fifo,10,1,16,1,3,NA,NA,NA,4.9152,151122
node6.tardis-apia.ldos-ut-pg0.wisc.cloudlab.us,cluster9,s3fifoforgive,10,1,16,1,1,NA,NA,NA,4.9152,151122
node6.tardis-apia.ldos-ut-pg0.wisc.cloudlab.us,cluster9,s3fifoforgive,10,1,16,1,2,NA,NA,NA,4.9152,151122
node6.tardis-apia.ldos-ut-pg0.wisc.cloudlab.us,cluster9,s3fifoforgive,10,1,16,1,3,NA,NA,NA,4.9152,151122
