node,trace,policy,cache_pct,size_mb,hp,threads,rep,miss,tp,requests,footprint_mb,n_objects
node2.tardis-apia.ldos-ut-pg0.wisc.cloudlab.us,tencentBlock_3801,lru,10,2546,27,1,1,0.2527,0.49,23854767,25455.104,1585556
node2.tardis-apia.ldos-ut-pg0.wisc.cloudlab.us,tencentBlock_3801,lru,10,2546,27,1,2,0.2527,0.50,23854767,25455.104,1585556
node2.tardis-apia.ldos-ut-pg0.wisc.cloudlab.us,tencentBlock_3801,lru,10,2546,27,1,3,0.2527,0.49,23854767,25455.104,1585556
node2.tardis-apia.ldos-ut-pg0.wisc.cloudlab.us,tencentBlock_3801,lruforgive,10,2546,27,1,1,0.2496,0.29,23854767,25455.104,1585556
node2.tardis-apia.ldos-ut-pg0.wisc.cloudlab.us,tencentBlock_3801,lruforgive,10,2546,27,1,2,0.2496,0.29,23854767,25455.104,1585556
node2.tardis-apia.ldos-ut-pg0.wisc.cloudlab.us,tencentBlock_3801,lruforgive,10,2546,27,1,3,0.2496,0.29,23854767,25455.104,1585556
node2.tardis-apia.ldos-ut-pg0.wisc.cloudlab.us,tencentBlock_3801,s3fifo,10,2546,27,1,1,0.2400,0.51,23854767,25455.104,1585556
node2.tardis-apia.ldos-ut-pg0.wisc.cloudlab.us,tencentBlock_3801,s3fifo,10,2546,27,1,2,0.2400,0.52,23854767,25455.104,1585556
node2.tardis-apia.ldos-ut-pg0.wisc.cloudlab.us,tencentBlock_3801,s3fifo,10,2546,27,1,3,0.2400,0.51,23854767,25455.104,1585556
node2.tardis-apia.ldos-ut-pg0.wisc.cloudlab.us,tencentBlock_3801,s3fifoforgive,10,2546,27,1,1,0.2398,0.32,23854767,25455.104,1585556
node2.tardis-apia.ldos-ut-pg0.wisc.cloudlab.us,tencentBlock_3801,s3fifoforgive,10,2546,27,1,2,0.2398,0.32,23854767,25455.104,1585556
node2.tardis-apia.ldos-ut-pg0.wisc.cloudlab.us,tencentBlock_3801,s3fifoforgive,10,2546,27,1,3,0.2398,0.31,23854767,25455.104,1585556
node2.tardis-apia.ldos-ut-pg0.wisc.cloudlab.us,tencentBlock_3801,lru,0.1,25,21,1,1,0.6376,2.34,23854767,25455.104,1585556
node2.tardis-apia.ldos-ut-pg0.wisc.cloudlab.us,tencentBlock_3801,lru,0.1,25,21,1,2,0.6376,2.39,23854767,25455.104,1585556
node2.tardis-apia.ldos-ut-pg0.wisc.cloudlab.us,tencentBlock_3801,lru,0.1,25,21,1,3,0.6376,2.38,23854767,25455.104,1585556
node2.tardis-apia.ldos-ut-pg0.wisc.cloudlab.us,tencentBlock_3801,lruforgive,0.1,25,21,1,1,0.6266,1.12,23854767,25455.104,1585556
node2.tardis-apia.ldos-ut-pg0.wisc.cloudlab.us,tencentBlock_3801,lruforgive,0.1,25,21,1,2,0.6266,0.98,23854767,25455.104,1585556
node2.tardis-apia.ldos-ut-pg0.wisc.cloudlab.us,tencentBlock_3801,lruforgive,0.1,25,21,1,3,0.6266,0.97,23854767,25455.104,1585556
node2.tardis-apia.ldos-ut-pg0.wisc.cloudlab.us,tencentBlock_3801,s3fifo,0.1,25,21,1,1,0.6301,2.35,23854767,25455.104,1585556
node2.tardis-apia.ldos-ut-pg0.wisc.cloudlab.us,tencentBlock_3801,s3fifo,0.1,25,21,1,2,0.6301,2.39,23854767,25455.104,1585556
node2.tardis-apia.ldos-ut-pg0.wisc.cloudlab.us,tencentBlock_3801,s3fifo,0.1,25,21,1,3,0.6301,2.27,23854767,25455.104,1585556
node2.tardis-apia.ldos-ut-pg0.wisc.cloudlab.us,tencentBlock_3801,s3fifoforgive,0.1,25,21,1,1,0.6291,1.13,23854767,25455.104,1585556
node2.tardis-apia.ldos-ut-pg0.wisc.cloudlab.us,tencentBlock_3801,s3fifoforgive,0.1,25,21,1,2,0.6291,1.12,23854767,25455.104,1585556
node2.tardis-apia.ldos-ut-pg0.wisc.cloudlab.us,tencentBlock_3801,s3fifoforgive,0.1,25,21,1,3,0.6291,1.10,23854767,25455.104,1585556
node2.tardis-apia.ldos-ut-pg0.wisc.cloudlab.us,tencentBlock_3806,lru,10,16175,27,1,1,0.5908,0.23,25130278,161749.504,3686416
node2.tardis-apia.ldos-ut-pg0.wisc.cloudlab.us,tencentBlock_3806,lru,10,16175,27,1,2,0.5908,0.23,25130278,161749.504,3686416
node2.tardis-apia.ldos-ut-pg0.wisc.cloudlab.us,tencentBlock_3806,lru,10,16175,27,1,3,0.5908,0.23,25130278,161749.504,3686416
node2.tardis-apia.ldos-ut-pg0.wisc.cloudlab.us,tencentBlock_3806,lruforgive,10,16175,27,1,1,0.5859,0.20,25130278,161749.504,3686416
node2.tardis-apia.ldos-ut-pg0.wisc.cloudlab.us,tencentBlock_3806,lruforgive,10,16175,27,1,2,0.5859,0.20,25130278,161749.504,3686416
node2.tardis-apia.ldos-ut-pg0.wisc.cloudlab.us,tencentBlock_3806,lruforgive,10,16175,27,1,3,0.5859,0.20,25130278,161749.504,3686416
node2.tardis-apia.ldos-ut-pg0.wisc.cloudlab.us,tencentBlock_3806,s3fifo,10,16175,27,1,1,0.5267,0.25,25130278,161749.504,3686416
node2.tardis-apia.ldos-ut-pg0.wisc.cloudlab.us,tencentBlock_3806,s3fifo,10,16175,27,1,2,0.5267,0.25,25130278,161749.504,3686416
node2.tardis-apia.ldos-ut-pg0.wisc.cloudlab.us,tencentBlock_3806,s3fifo,10,16175,27,1,3,0.5267,0.25,25130278,161749.504,3686416
node2.tardis-apia.ldos-ut-pg0.wisc.cloudlab.us,tencentBlock_3806,s3fifoforgive,10,16175,27,1,1,0.5267,0.21,25130278,161749.504,3686416
node2.tardis-apia.ldos-ut-pg0.wisc.cloudlab.us,tencentBlock_3806,s3fifoforgive,10,16175,27,1,2,0.5267,0.21,25130278,161749.504,3686416
node2.tardis-apia.ldos-ut-pg0.wisc.cloudlab.us,tencentBlock_3806,s3fifoforgive,10,16175,27,1,3,0.5267,0.21,25130278,161749.504,3686416
node2.tardis-apia.ldos-ut-pg0.wisc.cloudlab.us,tencentBlock_3806,lru,0.1,162,23,1,1,0.8592,0.40,25130278,161749.504,3686416
node2.tardis-apia.ldos-ut-pg0.wisc.cloudlab.us,tencentBlock_3806,lru,0.1,162,23,1,2,0.8592,0.40,25130278,161749.504,3686416
node2.tardis-apia.ldos-ut-pg0.wisc.cloudlab.us,tencentBlock_3806,lru,0.1,162,23,1,3,0.8592,0.40,25130278,161749.504,3686416
node2.tardis-apia.ldos-ut-pg0.wisc.cloudlab.us,tencentBlock_3806,lruforgive,0.1,162,23,1,1,0.8481,0.31,25130278,161749.504,3686416
node2.tardis-apia.ldos-ut-pg0.wisc.cloudlab.us,tencentBlock_3806,lruforgive,0.1,162,23,1,2,0.8481,0.30,25130278,161749.504,3686416
node2.tardis-apia.ldos-ut-pg0.wisc.cloudlab.us,tencentBlock_3806,lruforgive,0.1,162,23,1,3,0.8481,0.30,25130278,161749.504,3686416
node2.tardis-apia.ldos-ut-pg0.wisc.cloudlab.us,tencentBlock_3806,s3fifo,0.1,162,23,1,1,0.8440,0.55,25130278,161749.504,3686416
node2.tardis-apia.ldos-ut-pg0.wisc.cloudlab.us,tencentBlock_3806,s3fifo,0.1,162,23,1,2,0.8440,0.55,25130278,161749.504,3686416
node2.tardis-apia.ldos-ut-pg0.wisc.cloudlab.us,tencentBlock_3806,s3fifo,0.1,162,23,1,3,0.8440,0.55,25130278,161749.504,3686416
node2.tardis-apia.ldos-ut-pg0.wisc.cloudlab.us,tencentBlock_3806,s3fifoforgive,0.1,162,23,1,1,0.8428,0.48,25130278,161749.504,3686416
node2.tardis-apia.ldos-ut-pg0.wisc.cloudlab.us,tencentBlock_3806,s3fifoforgive,0.1,162,23,1,2,0.8428,0.46,25130278,161749.504,3686416
node2.tardis-apia.ldos-ut-pg0.wisc.cloudlab.us,tencentBlock_3806,s3fifoforgive,0.1,162,23,1,3,0.8428,0.48,25130278,161749.504,3686416
node2.tardis-apia.ldos-ut-pg0.wisc.cloudlab.us,tencentBlock_3879,lru,10,7026,27,1,1,0.5783,0.11,39080049,70259.9168,2718350
node2.tardis-apia.ldos-ut-pg0.wisc.cloudlab.us,tencentBlock_3879,lru,10,7026,27,1,2,0.5783,0.11,39080049,70259.9168,2718350
node2.tardis-apia.ldos-ut-pg0.wisc.cloudlab.us,tencentBlock_3879,lru,10,7026,27,1,3,0.5783,0.11,39080049,70259.9168,2718350
node2.tardis-apia.ldos-ut-pg0.wisc.cloudlab.us,tencentBlock_3879,lruforgive,10,7026,27,1,1,0.5738,0.10,39080049,70259.9168,2718350
node2.tardis-apia.ldos-ut-pg0.wisc.cloudlab.us,tencentBlock_3879,lruforgive,10,7026,27,1,2,0.5738,0.10,39080049,70259.9168,2718350
node2.tardis-apia.ldos-ut-pg0.wisc.cloudlab.us,tencentBlock_3879,lruforgive,10,7026,27,1,3,0.5738,0.10,39080049,70259.9168,2718350
node2.tardis-apia.ldos-ut-pg0.wisc.cloudlab.us,tencentBlock_3879,s3fifo,10,7026,27,1,1,0.5690,0.14,39080049,70259.9168,2718350
node2.tardis-apia.ldos-ut-pg0.wisc.cloudlab.us,tencentBlock_3879,s3fifo,10,7026,27,1,2,0.5690,0.15,39080049,70259.9168,2718350
node2.tardis-apia.ldos-ut-pg0.wisc.cloudlab.us,tencentBlock_3879,s3fifo,10,7026,27,1,3,0.5690,0.15,39080049,70259.9168,2718350
node2.tardis-apia.ldos-ut-pg0.wisc.cloudlab.us,tencentBlock_3879,s3fifoforgive,10,7026,27,1,1,0.5683,0.13,39080049,70259.9168,2718350
node2.tardis-apia.ldos-ut-pg0.wisc.cloudlab.us,tencentBlock_3879,s3fifoforgive,10,7026,27,1,2,0.5683,0.13,39080049,70259.9168,2718350
node2.tardis-apia.ldos-ut-pg0.wisc.cloudlab.us,tencentBlock_3879,s3fifoforgive,10,7026,27,1,3,0.5683,0.13,39080049,70259.9168,2718350
node2.tardis-apia.ldos-ut-pg0.wisc.cloudlab.us,tencentBlock_3879,lru,0.1,70,22,1,1,0.8313,1.28,39080049,70259.9168,2718350
node2.tardis-apia.ldos-ut-pg0.wisc.cloudlab.us,tencentBlock_3879,lru,0.1,70,22,1,2,0.8313,1.28,39080049,70259.9168,2718350
node2.tardis-apia.ldos-ut-pg0.wisc.cloudlab.us,tencentBlock_3879,lru,0.1,70,22,1,3,0.8313,1.27,39080049,70259.9168,2718350
node2.tardis-apia.ldos-ut-pg0.wisc.cloudlab.us,tencentBlock_3879,lruforgive,0.1,70,22,1,1,0.8225,0.81,39080049,70259.9168,2718350
node2.tardis-apia.ldos-ut-pg0.wisc.cloudlab.us,tencentBlock_3879,lruforgive,0.1,70,22,1,2,0.8225,0.81,39080049,70259.9168,2718350
node2.tardis-apia.ldos-ut-pg0.wisc.cloudlab.us,tencentBlock_3879,lruforgive,0.1,70,22,1,3,0.8225,0.81,39080049,70259.9168,2718350
node2.tardis-apia.ldos-ut-pg0.wisc.cloudlab.us,tencentBlock_3879,s3fifo,0.1,70,22,1,1,0.8182,1.59,39080049,70259.9168,2718350
node2.tardis-apia.ldos-ut-pg0.wisc.cloudlab.us,tencentBlock_3879,s3fifo,0.1,70,22,1,2,0.8182,1.61,39080049,70259.9168,2718350
node2.tardis-apia.ldos-ut-pg0.wisc.cloudlab.us,tencentBlock_3879,s3fifo,0.1,70,22,1,3,0.8182,1.61,39080049,70259.9168,2718350
node2.tardis-apia.ldos-ut-pg0.wisc.cloudlab.us,tencentBlock_3879,s3fifoforgive,0.1,70,22,1,1,0.8163,1.22,39080049,70259.9168,2718350
node2.tardis-apia.ldos-ut-pg0.wisc.cloudlab.us,tencentBlock_3879,s3fifoforgive,0.1,70,22,1,2,0.8163,1.22,39080049,70259.9168,2718350
node2.tardis-apia.ldos-ut-pg0.wisc.cloudlab.us,tencentBlock_3879,s3fifoforgive,0.1,70,22,1,3,0.8163,1.22,39080049,70259.9168,2718350
node2.tardis-apia.ldos-ut-pg0.wisc.cloudlab.us,tencentBlock_3886,lru,10,5250,27,1,1,0.2661,0.39,50146803,52504.064,2883330
node2.tardis-apia.ldos-ut-pg0.wisc.cloudlab.us,tencentBlock_3886,lru,10,5250,27,1,2,0.2661,0.39,50146803,52504.064,2883330
node2.tardis-apia.ldos-ut-pg0.wisc.cloudlab.us,tencentBlock_3886,lru,10,5250,27,1,3,0.2661,0.39,50146803,52504.064,2883330
node2.tardis-apia.ldos-ut-pg0.wisc.cloudlab.us,tencentBlock_3886,lruforgive,10,5250,27,1,1,0.2655,0.23,50146803,52504.064,2883330
node2.tardis-apia.ldos-ut-pg0.wisc.cloudlab.us,tencentBlock_3886,lruforgive,10,5250,27,1,2,0.2655,0.23,50146803,52504.064,2883330
node2.tardis-apia.ldos-ut-pg0.wisc.cloudlab.us,tencentBlock_3886,lruforgive,10,5250,27,1,3,0.2655,0.23,50146803,52504.064,2883330
node2.tardis-apia.ldos-ut-pg0.wisc.cloudlab.us,tencentBlock_3886,s3fifo,10,5250,27,1,1,0.2743,0.38,50146803,52504.064,2883330
node2.tardis-apia.ldos-ut-pg0.wisc.cloudlab.us,tencentBlock_3886,s3fifo,10,5250,27,1,2,0.2743,0.38,50146803,52504.064,2883330
node2.tardis-apia.ldos-ut-pg0.wisc.cloudlab.us,tencentBlock_3886,s3fifo,10,5250,27,1,3,0.2743,0.38,50146803,52504.064,2883330
node2.tardis-apia.ldos-ut-pg0.wisc.cloudlab.us,tencentBlock_3886,s3fifoforgive,10,5250,27,1,1,0.2739,0.24,50146803,52504.064,2883330
node2.tardis-apia.ldos-ut-pg0.wisc.cloudlab.us,tencentBlock_3886,s3fifoforgive,10,5250,27,1,2,0.2739,0.24,50146803,52504.064,2883330
node2.tardis-apia.ldos-ut-pg0.wisc.cloudlab.us,tencentBlock_3886,s3fifoforgive,10,5250,27,1,3,0.2739,0.24,50146803,52504.064,2883330
node2.tardis-apia.ldos-ut-pg0.wisc.cloudlab.us,tencentBlock_3886,lru,0.1,53,22,1,1,0.7435,1.03,50146803,52504.064,2883330
node2.tardis-apia.ldos-ut-pg0.wisc.cloudlab.us,tencentBlock_3886,lru,0.1,53,22,1,2,0.7435,1.03,50146803,52504.064,2883330
node2.tardis-apia.ldos-ut-pg0.wisc.cloudlab.us,tencentBlock_3886,lru,0.1,53,22,1,3,0.7435,1.03,50146803,52504.064,2883330
node2.tardis-apia.ldos-ut-pg0.wisc.cloudlab.us,tencentBlock_3886,lruforgive,0.1,53,22,1,1,0.7410,0.62,50146803,52504.064,2883330
node2.tardis-apia.ldos-ut-pg0.wisc.cloudlab.us,tencentBlock_3886,lruforgive,0.1,53,22,1,2,0.7410,0.57,50146803,52504.064,2883330
node2.tardis-apia.ldos-ut-pg0.wisc.cloudlab.us,tencentBlock_3886,lruforgive,0.1,53,22,1,3,0.7410,0.57,50146803,52504.064,2883330
node2.tardis-apia.ldos-ut-pg0.wisc.cloudlab.us,tencentBlock_3886,s3fifo,0.1,53,22,1,1,0.7738,1.21,50146803,52504.064,2883330
node2.tardis-apia.ldos-ut-pg0.wisc.cloudlab.us,tencentBlock_3886,s3fifo,0.1,53,22,1,2,0.7738,1.22,50146803,52504.064,2883330
node2.tardis-apia.ldos-ut-pg0.wisc.cloudlab.us,tencentBlock_3886,s3fifo,0.1,53,22,1,3,0.7738,1.20,50146803,52504.064,2883330
node2.tardis-apia.ldos-ut-pg0.wisc.cloudlab.us,tencentBlock_3886,s3fifoforgive,0.1,53,22,1,1,0.7698,0.77,50146803,52504.064,2883330
node2.tardis-apia.ldos-ut-pg0.wisc.cloudlab.us,tencentBlock_3886,s3fifoforgive,0.1,53,22,1,2,0.7698,0.78,50146803,52504.064,2883330
node2.tardis-apia.ldos-ut-pg0.wisc.cloudlab.us,tencentBlock_3886,s3fifoforgive,0.1,53,22,1,3,0.7698,0.78,50146803,52504.064,2883330
node2.tardis-apia.ldos-ut-pg0.wisc.cloudlab.us,tencentBlock_3900,lru,10,2786,27,1,1,0.3267,0.47,61851828,27864.8832,2065483
node2.tardis-apia.ldos-ut-pg0.wisc.cloudlab.us,tencentBlock_3900,lru,10,2786,27,1,2,0.3267,0.47,61851828,27864.8832,2065483
node2.tardis-apia.ldos-ut-pg0.wisc.cloudlab.us,tencentBlock_3900,lru,10,2786,27,1,3,0.3267,0.47,61851828,27864.8832,2065483
node2.tardis-apia.ldos-ut-pg0.wisc.cloudlab.us,tencentBlock_3900,lruforgive,10,2786,27,1,1,0.3245,0.26,61851828,27864.8832,2065483
node2.tardis-apia.ldos-ut-pg0.wisc.cloudlab.us,tencentBlock_3900,lruforgive,10,2786,27,1,2,0.3245,0.26,61851828,27864.8832,2065483
node2.tardis-apia.ldos-ut-pg0.wisc.cloudlab.us,tencentBlock_3900,lruforgive,10,2786,27,1,3,0.3245,0.26,61851828,27864.8832,2065483
node2.tardis-apia.ldos-ut-pg0.wisc.cloudlab.us,tencentBlock_3900,s3fifo,10,2786,27,1,1,0.3167,0.49,61851828,27864.8832,2065483
node2.tardis-apia.ldos-ut-pg0.wisc.cloudlab.us,tencentBlock_3900,s3fifo,10,2786,27,1,2,0.3167,0.49,61851828,27864.8832,2065483
node2.tardis-apia.ldos-ut-pg0.wisc.cloudlab.us,tencentBlock_3900,s3fifo,10,2786,27,1,3,0.3167,0.49,61851828,27864.8832,2065483
node2.tardis-apia.ldos-ut-pg0.wisc.cloudlab.us,tencentBlock_3900,s3fifoforgive,10,2786,27,1,1,0.3161,0.28,61851828,27864.8832,2065483
node2.tardis-apia.ldos-ut-pg0.wisc.cloudlab.us,tencentBlock_3900,s3fifoforgive,10,2786,27,1,2,0.3161,0.28,61851828,27864.8832,2065483
node2.tardis-apia.ldos-ut-pg0.wisc.cloudlab.us,tencentBlock_3900,s3fifoforgive,10,2786,27,1,3,0.3161,0.28,61851828,27864.8832,2065483
node2.tardis-apia.ldos-ut-pg0.wisc.cloudlab.us,tencentBlock_3900,lru,0.1,28,21,1,1,0.8419,1.69,61851828,27864.8832,2065483
node2.tardis-apia.ldos-ut-pg0.wisc.cloudlab.us,tencentBlock_3900,lru,0.1,28,21,1,2,0.8419,1.69,61851828,27864.8832,2065483
node2.tardis-apia.ldos-ut-pg0.wisc.cloudlab.us,tencentBlock_3900,lru,0.1,28,21,1,3,0.8419,1.66,61851828,27864.8832,2065483
node2.tardis-apia.ldos-ut-pg0.wisc.cloudlab.us,tencentBlock_3900,lruforgive,0.1,28,21,1,1,0.8360,0.91,61851828,27864.8832,2065483
node2.tardis-apia.ldos-ut-pg0.wisc.cloudlab.us,tencentBlock_3900,lruforgive,0.1,28,21,1,2,0.8360,0.91,61851828,27864.8832,2065483
node2.tardis-apia.ldos-ut-pg0.wisc.cloudlab.us,tencentBlock_3900,lruforgive,0.1,28,21,1,3,0.8360,0.91,61851828,27864.8832,2065483
node2.tardis-apia.ldos-ut-pg0.wisc.cloudlab.us,tencentBlock_3900,s3fifo,0.1,28,21,1,1,0.8541,1.76,61851828,27864.8832,2065483
node2.tardis-apia.ldos-ut-pg0.wisc.cloudlab.us,tencentBlock_3900,s3fifo,0.1,28,21,1,2,0.8541,1.76,61851828,27864.8832,2065483
node2.tardis-apia.ldos-ut-pg0.wisc.cloudlab.us,tencentBlock_3900,s3fifo,0.1,28,21,1,3,0.8541,1.77,61851828,27864.8832,2065483
node2.tardis-apia.ldos-ut-pg0.wisc.cloudlab.us,tencentBlock_3900,s3fifoforgive,0.1,28,21,1,1,0.8515,1.19,61851828,27864.8832,2065483
node2.tardis-apia.ldos-ut-pg0.wisc.cloudlab.us,tencentBlock_3900,s3fifoforgive,0.1,28,21,1,2,0.8515,1.16,61851828,27864.8832,2065483
node2.tardis-apia.ldos-ut-pg0.wisc.cloudlab.us,tencentBlock_3900,s3fifoforgive,0.1,28,21,1,3,0.8515,1.17,61851828,27864.8832,2065483
node2.tardis-apia.ldos-ut-pg0.wisc.cloudlab.us,tencentBlock_3906,lru,10,5106,27,1,1,0.3028,0.37,52617732,51058.8928,2929310
node2.tardis-apia.ldos-ut-pg0.wisc.cloudlab.us,tencentBlock_3906,lru,10,5106,27,1,2,0.3028,0.36,52617732,51058.8928,2929310
node2.tardis-apia.ldos-ut-pg0.wisc.cloudlab.us,tencentBlock_3906,lru,10,5106,27,1,3,0.3028,0.36,52617732,51058.8928,2929310
node2.tardis-apia.ldos-ut-pg0.wisc.cloudlab.us,tencentBlock_3906,lruforgive,10,5106,27,1,1,0.3018,0.21,52617732,51058.8928,2929310
node2.tardis-apia.ldos-ut-pg0.wisc.cloudlab.us,tencentBlock_3906,lruforgive,10,5106,27,1,2,0.3018,0.22,52617732,51058.8928,2929310
node2.tardis-apia.ldos-ut-pg0.wisc.cloudlab.us,tencentBlock_3906,lruforgive,10,5106,27,1,3,0.3018,0.22,52617732,51058.8928,2929310
node2.tardis-apia.ldos-ut-pg0.wisc.cloudlab.us,tencentBlock_3906,s3fifo,10,5106,27,1,1,0.3060,0.36,52617732,51058.8928,2929310
node2.tardis-apia.ldos-ut-pg0.wisc.cloudlab.us,tencentBlock_3906,s3fifo,10,5106,27,1,2,0.3060,0.36,52617732,51058.8928,2929310
node2.tardis-apia.ldos-ut-pg0.wisc.cloudlab.us,tencentBlock_3906,s3fifo,10,5106,27,1,3,0.3060,0.36,52617732,51058.8928,2929310
node2.tardis-apia.ldos-ut-pg0.wisc.cloudlab.us,tencentBlock_3906,s3fifoforgive,10,5106,27,1,1,0.3056,0.23,52617732,51058.8928,2929310
node2.tardis-apia.ldos-ut-pg0.wisc.cloudlab.us,tencentBlock_3906,s3fifoforgive,10,5106,27,1,2,0.3056,0.24,52617732,51058.8928,2929310
node2.tardis-apia.ldos-ut-pg0.wisc.cloudlab.us,tencentBlock_3906,s3fifoforgive,10,5106,27,1,3,0.3056,0.24,52617732,51058.8928,2929310
node2.tardis-apia.ldos-ut-pg0.wisc.cloudlab.us,tencentBlock_3906,lru,0.1,51,22,1,1,0.7509,1.01,52617732,51058.8928,2929310
node2.tardis-apia.ldos-ut-pg0.wisc.cloudlab.us,tencentBlock_3906,lru,0.1,51,22,1,2,0.7509,1.01,52617732,51058.8928,2929310
node2.tardis-apia.ldos-ut-pg0.wisc.cloudlab.us,tencentBlock_3906,lru,0.1,51,22,1,3,0.7509,1.01,52617732,51058.8928,2929310
node2.tardis-apia.ldos-ut-pg0.wisc.cloudlab.us,tencentBlock_3906,lruforgive,0.1,51,22,1,1,0.7464,0.58,52617732,51058.8928,2929310
node2.tardis-apia.ldos-ut-pg0.wisc.cloudlab.us,tencentBlock_3906,lruforgive,0.1,51,22,1,2,0.7464,0.58,52617732,51058.8928,2929310
node2.tardis-apia.ldos-ut-pg0.wisc.cloudlab.us,tencentBlock_3906,lruforgive,0.1,51,22,1,3,0.7464,0.58,52617732,51058.8928,2929310
node2.tardis-apia.ldos-ut-pg0.wisc.cloudlab.us,tencentBlock_3906,s3fifo,0.1,51,22,1,1,0.7797,1.24,52617732,51058.8928,2929310
node2.tardis-apia.ldos-ut-pg0.wisc.cloudlab.us,tencentBlock_3906,s3fifo,0.1,51,22,1,2,0.7797,1.24,52617732,51058.8928,2929310
node2.tardis-apia.ldos-ut-pg0.wisc.cloudlab.us,tencentBlock_3906,s3fifo,0.1,51,22,1,3,0.7797,1.24,52617732,51058.8928,2929310
node2.tardis-apia.ldos-ut-pg0.wisc.cloudlab.us,tencentBlock_3906,s3fifoforgive,0.1,51,22,1,1,0.7752,0.81,52617732,51058.8928,2929310
node2.tardis-apia.ldos-ut-pg0.wisc.cloudlab.us,tencentBlock_3906,s3fifoforgive,0.1,51,22,1,2,0.7752,0.81,52617732,51058.8928,2929310
node2.tardis-apia.ldos-ut-pg0.wisc.cloudlab.us,tencentBlock_3906,s3fifoforgive,0.1,51,22,1,3,0.7752,0.79,52617732,51058.8928,2929310
node2.tardis-apia.ldos-ut-pg0.wisc.cloudlab.us,tencentBlock_3915,lru,10,2820,27,1,1,0.2557,0.48,49852175,28198.0928,2405627
node2.tardis-apia.ldos-ut-pg0.wisc.cloudlab.us,tencentBlock_3915,lru,10,2820,27,1,2,0.2557,0.48,49852175,28198.0928,2405627
node2.tardis-apia.ldos-ut-pg0.wisc.cloudlab.us,tencentBlock_3915,lru,10,2820,27,1,3,0.2557,0.48,49852175,28198.0928,2405627
node2.tardis-apia.ldos-ut-pg0.wisc.cloudlab.us,tencentBlock_3915,lruforgive,10,2820,27,1,1,0.2543,0.26,49852175,28198.0928,2405627
node2.tardis-apia.ldos-ut-pg0.wisc.cloudlab.us,tencentBlock_3915,lruforgive,10,2820,27,1,2,0.2543,0.26,49852175,28198.0928,2405627
node2.tardis-apia.ldos-ut-pg0.wisc.cloudlab.us,tencentBlock_3915,lruforgive,10,2820,27,1,3,0.2543,0.25,49852175,28198.0928,2405627
node2.tardis-apia.ldos-ut-pg0.wisc.cloudlab.us,tencentBlock_3915,s3fifo,10,2820,27,1,1,0.2589,0.49,49852175,28198.0928,2405627
node2.tardis-apia.ldos-ut-pg0.wisc.cloudlab.us,tencentBlock_3915,s3fifo,10,2820,27,1,2,0.2589,0.47,49852175,28198.0928,2405627
node2.tardis-apia.ldos-ut-pg0.wisc.cloudlab.us,tencentBlock_3915,s3fifo,10,2820,27,1,3,0.2589,0.47,49852175,28198.0928,2405627
node2.tardis-apia.ldos-ut-pg0.wisc.cloudlab.us,tencentBlock_3915,s3fifoforgive,10,2820,27,1,1,0.2586,0.26,49852175,28198.0928,2405627
node2.tardis-apia.ldos-ut-pg0.wisc.cloudlab.us,tencentBlock_3915,s3fifoforgive,10,2820,27,1,2,0.2586,0.26,49852175,28198.0928,2405627
node2.tardis-apia.ldos-ut-pg0.wisc.cloudlab.us,tencentBlock_3915,s3fifoforgive,10,2820,27,1,3,0.2586,0.26,49852175,28198.0928,2405627
node2.tardis-apia.ldos-ut-pg0.wisc.cloudlab.us,tencentBlock_3915,lru,0.1,28,21,1,1,0.8534,1.27,49852175,28198.0928,2405627
node2.tardis-apia.ldos-ut-pg0.wisc.cloudlab.us,tencentBlock_3915,lru,0.1,28,21,1,2,0.8534,1.25,49852175,28198.0928,2405627
node2.tardis-apia.ldos-ut-pg0.wisc.cloudlab.us,tencentBlock_3915,lru,0.1,28,21,1,3,0.8534,1.26,49852175,28198.0928,2405627
node2.tardis-apia.ldos-ut-pg0.wisc.cloudlab.us,tencentBlock_3915,lruforgive,0.1,28,21,1,1,0.8474,0.76,49852175,28198.0928,2405627
node2.tardis-apia.ldos-ut-pg0.wisc.cloudlab.us,tencentBlock_3915,lruforgive,0.1,28,21,1,2,0.8474,0.75,49852175,28198.0928,2405627
node2.tardis-apia.ldos-ut-pg0.wisc.cloudlab.us,tencentBlock_3915,lruforgive,0.1,28,21,1,3,0.8474,0.75,49852175,28198.0928,2405627
node2.tardis-apia.ldos-ut-pg0.wisc.cloudlab.us,tencentBlock_3915,s3fifo,0.1,28,21,1,1,0.8577,1.45,49852175,28198.0928,2405627
node2.tardis-apia.ldos-ut-pg0.wisc.cloudlab.us,tencentBlock_3915,s3fifo,0.1,28,21,1,2,0.8577,1.45,49852175,28198.0928,2405627
node2.tardis-apia.ldos-ut-pg0.wisc.cloudlab.us,tencentBlock_3915,s3fifo,0.1,28,21,1,3,0.8577,1.45,49852175,28198.0928,2405627
node2.tardis-apia.ldos-ut-pg0.wisc.cloudlab.us,tencentBlock_3915,s3fifoforgive,0.1,28,21,1,1,0.8533,1.00,49852175,28198.0928,2405627
node2.tardis-apia.ldos-ut-pg0.wisc.cloudlab.us,tencentBlock_3915,s3fifoforgive,0.1,28,21,1,2,0.8533,1.00,49852175,28198.0928,2405627
node2.tardis-apia.ldos-ut-pg0.wisc.cloudlab.us,tencentBlock_3915,s3fifoforgive,0.1,28,21,1,3,0.8533,1.00,49852175,28198.0928,2405627
node2.tardis-apia.ldos-ut-pg0.wisc.cloudlab.us,tencentBlock_3944,lru,10,43273,27,1,1,0.7904,0.17,25965544,432728.7808,8970382
node2.tardis-apia.ldos-ut-pg0.wisc.cloudlab.us,tencentBlock_3944,lru,10,43273,27,1,2,0.7904,0.17,25965544,432728.7808,8970382
node2.tardis-apia.ldos-ut-pg0.wisc.cloudlab.us,tencentBlock_3944,lru,10,43273,27,1,3,0.7904,0.17,25965544,432728.7808,8970382
node2.tardis-apia.ldos-ut-pg0.wisc.cloudlab.us,tencentBlock_3944,lruforgive,10,43273,27,1,1,0.7902,0.16,25965544,432728.7808,8970382
node2.tardis-apia.ldos-ut-pg0.wisc.cloudlab.us,tencentBlock_3944,lruforgive,10,43273,27,1,2,0.7902,0.16,25965544,432728.7808,8970382
node2.tardis-apia.ldos-ut-pg0.wisc.cloudlab.us,tencentBlock_3944,lruforgive,10,43273,27,1,3,0.7902,0.16,25965544,432728.7808,8970382
node2.tardis-apia.ldos-ut-pg0.wisc.cloudlab.us,tencentBlock_3944,s3fifo,10,43273,27,1,1,0.7714,0.17,25965544,432728.7808,8970382
node2.tardis-apia.ldos-ut-pg0.wisc.cloudlab.us,tencentBlock_3944,s3fifo,10,43273,27,1,2,0.7714,0.17,25965544,432728.7808,8970382
node2.tardis-apia.ldos-ut-pg0.wisc.cloudlab.us,tencentBlock_3944,s3fifo,10,43273,27,1,3,0.7714,0.17,25965544,432728.7808,8970382
node2.tardis-apia.ldos-ut-pg0.wisc.cloudlab.us,tencentBlock_3944,s3fifoforgive,10,43273,27,1,1,0.7714,0.16,25965544,432728.7808,8970382
node2.tardis-apia.ldos-ut-pg0.wisc.cloudlab.us,tencentBlock_3944,s3fifoforgive,10,43273,27,1,2,0.7714,0.16,25965544,432728.7808,8970382
node2.tardis-apia.ldos-ut-pg0.wisc.cloudlab.us,tencentBlock_3944,s3fifoforgive,10,43273,27,1,3,0.7714,0.16,25965544,432728.7808,8970382
node2.tardis-apia.ldos-ut-pg0.wisc.cloudlab.us,tencentBlock_3944,lru,0.1,433,25,1,1,0.9107,0.24,25965544,432728.7808,8970382
node2.tardis-apia.ldos-ut-pg0.wisc.cloudlab.us,tencentBlock_3944,lru,0.1,433,25,1,2,0.9107,0.24,25965544,432728.7808,8970382
node2.tardis-apia.ldos-ut-pg0.wisc.cloudlab.us,tencentBlock_3944,lru,0.1,433,25,1,3,0.9107,0.24,25965544,432728.7808,8970382
node2.tardis-apia.ldos-ut-pg0.wisc.cloudlab.us,tencentBlock_3944,lruforgive,0.1,433,25,1,1,0.9054,0.21,25965544,432728.7808,8970382
node2.tardis-apia.ldos-ut-pg0.wisc.cloudlab.us,tencentBlock_3944,lruforgive,0.1,433,25,1,2,0.9054,0.22,25965544,432728.7808,8970382
node2.tardis-apia.ldos-ut-pg0.wisc.cloudlab.us,tencentBlock_3944,lruforgive,0.1,433,25,1,3,0.9054,0.22,25965544,432728.7808,8970382
node2.tardis-apia.ldos-ut-pg0.wisc.cloudlab.us,tencentBlock_3944,s3fifo,0.1,433,25,1,1,0.8965,0.40,25965544,432728.7808,8970382
node2.tardis-apia.ldos-ut-pg0.wisc.cloudlab.us,tencentBlock_3944,s3fifo,0.1,433,25,1,2,0.8965,0.39,25965544,432728.7808,8970382
node2.tardis-apia.ldos-ut-pg0.wisc.cloudlab.us,tencentBlock_3944,s3fifo,0.1,433,25,1,3,0.8965,0.40,25965544,432728.7808,8970382
node2.tardis-apia.ldos-ut-pg0.wisc.cloudlab.us,tencentBlock_3944,s3fifoforgive,0.1,433,25,1,1,0.8961,0.37,25965544,432728.7808,8970382
node2.tardis-apia.ldos-ut-pg0.wisc.cloudlab.us,tencentBlock_3944,s3fifoforgive,0.1,433,25,1,2,0.8961,0.36,25965544,432728.7808,8970382
node2.tardis-apia.ldos-ut-pg0.wisc.cloudlab.us,tencentBlock_3944,s3fifoforgive,0.1,433,25,1,3,0.8961,0.36,25965544,432728.7808,8970382
node2.tardis-apia.ldos-ut-pg0.wisc.cloudlab.us,tencentBlock_3963,lru,10,68140,27,1,1,0.1510,0.17,42357692,681403.6992,6245086
node2.tardis-apia.ldos-ut-pg0.wisc.cloudlab.us,tencentBlock_3963,lru,10,68140,27,1,2,0.1510,0.17,42357692,681403.6992,6245086
node2.tardis-apia.ldos-ut-pg0.wisc.cloudlab.us,tencentBlock_3963,lru,10,68140,27,1,3,0.1510,0.17,42357692,681403.6992,6245086
node2.tardis-apia.ldos-ut-pg0.wisc.cloudlab.us,tencentBlock_3963,lruforgive,10,68140,27,1,1,0.1510,0.14,42357692,681403.6992,6245086
node2.tardis-apia.ldos-ut-pg0.wisc.cloudlab.us,tencentBlock_3963,lruforgive,10,68140,27,1,2,0.1510,0.14,42357692,681403.6992,6245086
node2.tardis-apia.ldos-ut-pg0.wisc.cloudlab.us,tencentBlock_3963,lruforgive,10,68140,27,1,3,0.1510,0.14,42357692,681403.6992,6245086
node2.tardis-apia.ldos-ut-pg0.wisc.cloudlab.us,tencentBlock_3963,s3fifo,10,68140,27,1,1,0.1548,0.18,42357692,681403.6992,6245086
node2.tardis-apia.ldos-ut-pg0.wisc.cloudlab.us,tencentBlock_3963,s3fifo,10,68140,27,1,2,0.1548,0.18,42357692,681403.6992,6245086
node2.tardis-apia.ldos-ut-pg0.wisc.cloudlab.us,tencentBlock_3963,s3fifo,10,68140,27,1,3,0.1548,0.18,42357692,681403.6992,6245086
node2.tardis-apia.ldos-ut-pg0.wisc.cloudlab.us,tencentBlock_3963,s3fifoforgive,10,68140,27,1,1,0.1548,0.15,42357692,681403.6992,6245086
node2.tardis-apia.ldos-ut-pg0.wisc.cloudlab.us,tencentBlock_3963,s3fifoforgive,10,68140,27,1,2,0.1548,0.15,42357692,681403.6992,6245086
node2.tardis-apia.ldos-ut-pg0.wisc.cloudlab.us,tencentBlock_3963,s3fifoforgive,10,68140,27,1,3,0.1548,0.15,42357692,681403.6992,6245086
node2.tardis-apia.ldos-ut-pg0.wisc.cloudlab.us,tencentBlock_3963,lru,0.1,681,25,1,1,0.1723,0.21,42357692,681403.6992,6245086
node2.tardis-apia.ldos-ut-pg0.wisc.cloudlab.us,tencentBlock_3963,lru,0.1,681,25,1,2,0.1723,0.21,42357692,681403.6992,6245086
node2.tardis-apia.ldos-ut-pg0.wisc.cloudlab.us,tencentBlock_3963,lru,0.1,681,25,1,3,0.1723,0.21,42357692,681403.6992,6245086
node2.tardis-apia.ldos-ut-pg0.wisc.cloudlab.us,tencentBlock_3963,lruforgive,0.1,681,25,1,1,0.1720,0.18,42357692,681403.6992,6245086
node2.tardis-apia.ldos-ut-pg0.wisc.cloudlab.us,tencentBlock_3963,lruforgive,0.1,681,25,1,2,0.1720,0.18,42357692,681403.6992,6245086
node2.tardis-apia.ldos-ut-pg0.wisc.cloudlab.us,tencentBlock_3963,lruforgive,0.1,681,25,1,3,0.1720,0.18,42357692,681403.6992,6245086
node2.tardis-apia.ldos-ut-pg0.wisc.cloudlab.us,tencentBlock_3963,s3fifo,0.1,681,25,1,1,0.1789,0.22,42357692,681403.6992,6245086
node2.tardis-apia.ldos-ut-pg0.wisc.cloudlab.us,tencentBlock_3963,s3fifo,0.1,681,25,1,2,0.1789,0.22,42357692,681403.6992,6245086
node2.tardis-apia.ldos-ut-pg0.wisc.cloudlab.us,tencentBlock_3963,s3fifo,0.1,681,25,1,3,0.1789,0.22,42357692,681403.6992,6245086
node2.tardis-apia.ldos-ut-pg0.wisc.cloudlab.us,tencentBlock_3963,s3fifoforgive,0.1,681,25,1,1,0.1789,0.18,42357692,681403.6992,6245086
node2.tardis-apia.ldos-ut-pg0.wisc.cloudlab.us,tencentBlock_3963,s3fifoforgive,0.1,681,25,1,2,0.1789,0.18,42357692,681403.6992,6245086
node2.tardis-apia.ldos-ut-pg0.wisc.cloudlab.us,tencentBlock_3963,s3fifoforgive,0.1,681,25,1,3,0.1789,0.18,42357692,681403.6992,6245086
node2.tardis-apia.ldos-ut-pg0.wisc.cloudlab.us,tencentBlock_3964,lru,10,1285,26,1,1,0.3826,0.88,13625210,12850.2784,3585524
node2.tardis-apia.ldos-ut-pg0.wisc.cloudlab.us,tencentBlock_3964,lru,10,1285,26,1,2,0.3826,0.87,13625210,12850.2784,3585524
node2.tardis-apia.ldos-ut-pg0.wisc.cloudlab.us,tencentBlock_3964,lru,10,1285,26,1,3,0.3826,0.87,13625210,12850.2784,3585524
node2.tardis-apia.ldos-ut-pg0.wisc.cloudlab.us,tencentBlock_3964,lruforgive,10,1285,26,1,1,0.3825,0.51,13625210,12850.2784,3585524
node2.tardis-apia.ldos-ut-pg0.wisc.cloudlab.us,tencentBlock_3964,lruforgive,10,1285,26,1,2,0.3825,0.51,13625210,12850.2784,3585524
node2.tardis-apia.ldos-ut-pg0.wisc.cloudlab.us,tencentBlock_3964,lruforgive,10,1285,26,1,3,0.3825,0.51,13625210,12850.2784,3585524
node2.tardis-apia.ldos-ut-pg0.wisc.cloudlab.us,tencentBlock_3964,s3fifo,10,1285,26,1,1,0.3680,0.96,13625210,12850.2784,3585524
node2.tardis-apia.ldos-ut-pg0.wisc.cloudlab.us,tencentBlock_3964,s3fifo,10,1285,26,1,2,0.3680,0.97,13625210,12850.2784,3585524
node2.tardis-apia.ldos-ut-pg0.wisc.cloudlab.us,tencentBlock_3964,s3fifo,10,1285,26,1,3,0.3680,0.98,13625210,12850.2784,3585524
node2.tardis-apia.ldos-ut-pg0.wisc.cloudlab.us,tencentBlock_3964,s3fifoforgive,10,1285,26,1,1,0.3680,0.56,13625210,12850.2784,3585524
node2.tardis-apia.ldos-ut-pg0.wisc.cloudlab.us,tencentBlock_3964,s3fifoforgive,10,1285,26,1,2,0.3680,0.57,13625210,12850.2784,3585524
node2.tardis-apia.ldos-ut-pg0.wisc.cloudlab.us,tencentBlock_3964,s3fifoforgive,10,1285,26,1,3,0.3680,0.56,13625210,12850.2784,3585524
node2.tardis-apia.ldos-ut-pg0.wisc.cloudlab.us,tencentBlock_3964,lru,0.1,13,20,1,1,0.5687,3.00,13625210,12850.2784,3585524
node2.tardis-apia.ldos-ut-pg0.wisc.cloudlab.us,tencentBlock_3964,lru,0.1,13,20,1,2,0.5687,3.01,13625210,12850.2784,3585524
node2.tardis-apia.ldos-ut-pg0.wisc.cloudlab.us,tencentBlock_3964,lru,0.1,13,20,1,3,0.5687,2.98,13625210,12850.2784,3585524
node2.tardis-apia.ldos-ut-pg0.wisc.cloudlab.us,tencentBlock_3964,lruforgive,0.1,13,20,1,1,0.5688,1.28,13625210,12850.2784,3585524
node2.tardis-apia.ldos-ut-pg0.wisc.cloudlab.us,tencentBlock_3964,lruforgive,0.1,13,20,1,2,0.5688,1.28,13625210,12850.2784,3585524
node2.tardis-apia.ldos-ut-pg0.wisc.cloudlab.us,tencentBlock_3964,lruforgive,0.1,13,20,1,3,0.5688,1.28,13625210,12850.2784,3585524
node2.tardis-apia.ldos-ut-pg0.wisc.cloudlab.us,tencentBlock_3964,s3fifo,0.1,13,20,1,1,0.5675,3.12,13625210,12850.2784,3585524
node2.tardis-apia.ldos-ut-pg0.wisc.cloudlab.us,tencentBlock_3964,s3fifo,0.1,13,20,1,2,0.5675,3.12,13625210,12850.2784,3585524
node2.tardis-apia.ldos-ut-pg0.wisc.cloudlab.us,tencentBlock_3964,s3fifo,0.1,13,20,1,3,0.5675,3.11,13625210,12850.2784,3585524
node2.tardis-apia.ldos-ut-pg0.wisc.cloudlab.us,tencentBlock_3964,s3fifoforgive,0.1,13,20,1,1,0.5675,1.44,13625210,12850.2784,3585524
node2.tardis-apia.ldos-ut-pg0.wisc.cloudlab.us,tencentBlock_3964,s3fifoforgive,0.1,13,20,1,2,0.5675,1.44,13625210,12850.2784,3585524
node2.tardis-apia.ldos-ut-pg0.wisc.cloudlab.us,tencentBlock_3964,s3fifoforgive,0.1,13,20,1,3,0.5675,1.43,13625210,12850.2784,3585524
node2.tardis-apia.ldos-ut-pg0.wisc.cloudlab.us,tencentBlock_3994,lru,10,2342,27,1,1,0.0951,0.89,46858196,23420.3136,1286350
node2.tardis-apia.ldos-ut-pg0.wisc.cloudlab.us,tencentBlock_3994,lru,10,2342,27,1,2,0.0951,0.90,46858196,23420.3136,1286350
node2.tardis-apia.ldos-ut-pg0.wisc.cloudlab.us,tencentBlock_3994,lru,10,2342,27,1,3,0.0951,0.89,46858196,23420.3136,1286350
node2.tardis-apia.ldos-ut-pg0.wisc.cloudlab.us,tencentBlock_3994,lruforgive,10,2342,27,1,1,0.0934,0.45,46858196,23420.3136,1286350
node2.tardis-apia.ldos-ut-pg0.wisc.cloudlab.us,tencentBlock_3994,lruforgive,10,2342,27,1,2,0.0934,0.45,46858196,23420.3136,1286350
node2.tardis-apia.ldos-ut-pg0.wisc.cloudlab.us,tencentBlock_3994,lruforgive,10,2342,27,1,3,0.0934,0.45,46858196,23420.3136,1286350
node2.tardis-apia.ldos-ut-pg0.wisc.cloudlab.us,tencentBlock_3994,s3fifo,10,2342,27,1,1,0.0862,0.99,46858196,23420.3136,1286350
node2.tardis-apia.ldos-ut-pg0.wisc.cloudlab.us,tencentBlock_3994,s3fifo,10,2342,27,1,2,0.0862,0.98,46858196,23420.3136,1286350
node2.tardis-apia.ldos-ut-pg0.wisc.cloudlab.us,tencentBlock_3994,s3fifo,10,2342,27,1,3,0.0862,0.98,46858196,23420.3136,1286350
node2.tardis-apia.ldos-ut-pg0.wisc.cloudlab.us,tencentBlock_3994,s3fifoforgive,10,2342,27,1,1,0.0855,0.44,46858196,23420.3136,1286350
node2.tardis-apia.ldos-ut-pg0.wisc.cloudlab.us,tencentBlock_3994,s3fifoforgive,10,2342,27,1,2,0.0855,0.48,46858196,23420.3136,1286350
node2.tardis-apia.ldos-ut-pg0.wisc.cloudlab.us,tencentBlock_3994,s3fifoforgive,10,2342,27,1,3,0.0855,0.49,46858196,23420.3136,1286350
node2.tardis-apia.ldos-ut-pg0.wisc.cloudlab.us,tencentBlock_3994,lru,0.1,23,21,1,1,0.5139,3.06,46858196,23420.3136,1286350
node2.tardis-apia.ldos-ut-pg0.wisc.cloudlab.us,tencentBlock_3994,lru,0.1,23,21,1,2,0.5139,3.04,46858196,23420.3136,1286350
node2.tardis-apia.ldos-ut-pg0.wisc.cloudlab.us,tencentBlock_3994,lru,0.1,23,21,1,3,0.5139,3.04,46858196,23420.3136,1286350
node2.tardis-apia.ldos-ut-pg0.wisc.cloudlab.us,tencentBlock_3994,lruforgive,0.1,23,21,1,1,0.5078,1.28,46858196,23420.3136,1286350
node2.tardis-apia.ldos-ut-pg0.wisc.cloudlab.us,tencentBlock_3994,lruforgive,0.1,23,21,1,2,0.5078,1.27,46858196,23420.3136,1286350
node2.tardis-apia.ldos-ut-pg0.wisc.cloudlab.us,tencentBlock_3994,lruforgive,0.1,23,21,1,3,0.5078,1.27,46858196,23420.3136,1286350
node2.tardis-apia.ldos-ut-pg0.wisc.cloudlab.us,tencentBlock_3994,s3fifo,0.1,23,21,1,1,0.4990,3.35,46858196,23420.3136,1286350
node2.tardis-apia.ldos-ut-pg0.wisc.cloudlab.us,tencentBlock_3994,s3fifo,0.1,23,21,1,2,0.4990,3.36,46858196,23420.3136,1286350
node2.tardis-apia.ldos-ut-pg0.wisc.cloudlab.us,tencentBlock_3994,s3fifo,0.1,23,21,1,3,0.4990,3.38,46858196,23420.3136,1286350
node2.tardis-apia.ldos-ut-pg0.wisc.cloudlab.us,tencentBlock_3994,s3fifoforgive,0.1,23,21,1,1,0.4982,1.51,46858196,23420.3136,1286350
node2.tardis-apia.ldos-ut-pg0.wisc.cloudlab.us,tencentBlock_3994,s3fifoforgive,0.1,23,21,1,2,0.4982,1.51,46858196,23420.3136,1286350
node2.tardis-apia.ldos-ut-pg0.wisc.cloudlab.us,tencentBlock_3994,s3fifoforgive,0.1,23,21,1,3,0.4982,1.52,46858196,23420.3136,1286350
node2.tardis-apia.ldos-ut-pg0.wisc.cloudlab.us,tencentBlock_4019,lru,10,14604,27,1,1,0.8663,0.14,10335859,146044.8256,3184526
node2.tardis-apia.ldos-ut-pg0.wisc.cloudlab.us,tencentBlock_4019,lru,10,14604,27,1,2,0.8663,0.14,10335859,146044.8256,3184526
node2.tardis-apia.ldos-ut-pg0.wisc.cloudlab.us,tencentBlock_4019,lru,10,14604,27,1,3,0.8663,0.14,10335859,146044.8256,3184526
node2.tardis-apia.ldos-ut-pg0.wisc.cloudlab.us,tencentBlock_4019,lruforgive,10,14604,27,1,1,0.8640,0.14,10335859,146044.8256,3184526
node2.tardis-apia.ldos-ut-pg0.wisc.cloudlab.us,tencentBlock_4019,lruforgive,10,14604,27,1,2,0.8640,0.14,10335859,146044.8256,3184526
node2.tardis-apia.ldos-ut-pg0.wisc.cloudlab.us,tencentBlock_4019,lruforgive,10,14604,27,1,3,0.8640,0.14,10335859,146044.8256,3184526
node2.tardis-apia.ldos-ut-pg0.wisc.cloudlab.us,tencentBlock_4019,s3fifo,10,14604,27,1,1,0.8479,0.17,10335859,146044.8256,3184526
node2.tardis-apia.ldos-ut-pg0.wisc.cloudlab.us,tencentBlock_4019,s3fifo,10,14604,27,1,2,0.8479,0.17,10335859,146044.8256,3184526
node2.tardis-apia.ldos-ut-pg0.wisc.cloudlab.us,tencentBlock_4019,s3fifo,10,14604,27,1,3,0.8479,0.17,10335859,146044.8256,3184526
node2.tardis-apia.ldos-ut-pg0.wisc.cloudlab.us,tencentBlock_4019,s3fifoforgive,10,14604,27,1,1,0.8478,0.17,10335859,146044.8256,3184526
node2.tardis-apia.ldos-ut-pg0.wisc.cloudlab.us,tencentBlock_4019,s3fifoforgive,10,14604,27,1,2,0.8478,0.17,10335859,146044.8256,3184526
node2.tardis-apia.ldos-ut-pg0.wisc.cloudlab.us,tencentBlock_4019,s3fifoforgive,10,14604,27,1,3,0.8478,0.17,10335859,146044.8256,3184526
node2.tardis-apia.ldos-ut-pg0.wisc.cloudlab.us,tencentBlock_4019,lru,0.1,146,23,1,1,0.9044,0.30,10335859,146044.8256,3184526
node2.tardis-apia.ldos-ut-pg0.wisc.cloudlab.us,tencentBlock_4019,lru,0.1,146,23,1,2,0.9043,0.31,10335859,146044.8256,3184526
node2.tardis-apia.ldos-ut-pg0.wisc.cloudlab.us,tencentBlock_4019,lru,0.1,146,23,1,3,0.9043,0.30,10335859,146044.8256,3184526
node2.tardis-apia.ldos-ut-pg0.wisc.cloudlab.us,tencentBlock_4019,lruforgive,0.1,146,23,1,1,0.9005,0.29,10335859,146044.8256,3184526
node2.tardis-apia.ldos-ut-pg0.wisc.cloudlab.us,tencentBlock_4019,lruforgive,0.1,146,23,1,2,0.9011,0.28,10335859,146044.8256,3184526
node2.tardis-apia.ldos-ut-pg0.wisc.cloudlab.us,tencentBlock_4019,lruforgive,0.1,146,23,1,3,0.9011,0.28,10335859,146044.8256,3184526
node2.tardis-apia.ldos-ut-pg0.wisc.cloudlab.us,tencentBlock_4019,s3fifo,0.1,146,23,1,1,NA,NA,NA,146044.8256,3184526
node2.tardis-apia.ldos-ut-pg0.wisc.cloudlab.us,tencentBlock_4019,s3fifo,0.1,146,23,1,2,NA,NA,NA,146044.8256,3184526
node2.tardis-apia.ldos-ut-pg0.wisc.cloudlab.us,tencentBlock_4019,s3fifo,0.1,146,23,1,3,NA,NA,NA,146044.8256,3184526
node2.tardis-apia.ldos-ut-pg0.wisc.cloudlab.us,tencentBlock_4019,s3fifoforgive,0.1,146,23,1,1,NA,NA,NA,146044.8256,3184526
node2.tardis-apia.ldos-ut-pg0.wisc.cloudlab.us,tencentBlock_4019,s3fifoforgive,0.1,146,23,1,2,0.8988,0.35,10335859,146044.8256,3184526
node2.tardis-apia.ldos-ut-pg0.wisc.cloudlab.us,tencentBlock_4019,s3fifoforgive,0.1,146,23,1,3,0.8989,0.35,10335859,146044.8256,3184526
node2.tardis-apia.ldos-ut-pg0.wisc.cloudlab.us,tencentBlock_4046,lru,10,13992,27,1,1,0.9966,0.08,3053132,139918.7456,2238767
node2.tardis-apia.ldos-ut-pg0.wisc.cloudlab.us,tencentBlock_4046,lru,10,13992,27,1,2,0.9966,0.08,3053132,139918.7456,2238767
node2.tardis-apia.ldos-ut-pg0.wisc.cloudlab.us,tencentBlock_4046,lru,10,13992,27,1,3,0.9966,0.08,3053132,139918.7456,2238767
node2.tardis-apia.ldos-ut-pg0.wisc.cloudlab.us,tencentBlock_4046,lruforgive,10,13992,27,1,1,0.9966,0.09,3053132,139918.7456,2238767
node2.tardis-apia.ldos-ut-pg0.wisc.cloudlab.us,tencentBlock_4046,lruforgive,10,13992,27,1,2,0.9966,0.09,3053132,139918.7456,2238767
node2.tardis-apia.ldos-ut-pg0.wisc.cloudlab.us,tencentBlock_4046,lruforgive,10,13992,27,1,3,0.9966,0.09,3053132,139918.7456,2238767
node2.tardis-apia.ldos-ut-pg0.wisc.cloudlab.us,tencentBlock_4046,s3fifo,10,13992,27,1,1,0.9947,0.08,3053132,139918.7456,2238767
node2.tardis-apia.ldos-ut-pg0.wisc.cloudlab.us,tencentBlock_4046,s3fifo,10,13992,27,1,2,0.9947,0.08,3053132,139918.7456,2238767
node2.tardis-apia.ldos-ut-pg0.wisc.cloudlab.us,tencentBlock_4046,s3fifo,10,13992,27,1,3,0.9947,0.08,3053132,139918.7456,2238767
node2.tardis-apia.ldos-ut-pg0.wisc.cloudlab.us,tencentBlock_4046,s3fifoforgive,10,13992,27,1,1,0.9947,0.09,3053132,139918.7456,2238767
node2.tardis-apia.ldos-ut-pg0.wisc.cloudlab.us,tencentBlock_4046,s3fifoforgive,10,13992,27,1,2,0.9947,0.09,3053132,139918.7456,2238767
node2.tardis-apia.ldos-ut-pg0.wisc.cloudlab.us,tencentBlock_4046,s3fifoforgive,10,13992,27,1,3,0.9947,0.09,3053132,139918.7456,2238767
node2.tardis-apia.ldos-ut-pg0.wisc.cloudlab.us,tencentBlock_4046,lru,0.1,140,23,1,1,0.9999,0.12,3053132,139918.7456,2238767
node2.tardis-apia.ldos-ut-pg0.wisc.cloudlab.us,tencentBlock_4046,lru,0.1,140,23,1,2,0.9999,0.12,3053132,139918.7456,2238767
node2.tardis-apia.ldos-ut-pg0.wisc.cloudlab.us,tencentBlock_4046,lru,0.1,140,23,1,3,0.9999,0.12,3053132,139918.7456,2238767
node2.tardis-apia.ldos-ut-pg0.wisc.cloudlab.us,tencentBlock_4046,lruforgive,0.1,140,23,1,1,0.9999,0.13,3053132,139918.7456,2238767
node2.tardis-apia.ldos-ut-pg0.wisc.cloudlab.us,tencentBlock_4046,lruforgive,0.1,140,23,1,2,0.9999,0.13,3053132,139918.7456,2238767
node2.tardis-apia.ldos-ut-pg0.wisc.cloudlab.us,tencentBlock_4046,lruforgive,0.1,140,23,1,3,0.9999,0.13,3053132,139918.7456,2238767
node2.tardis-apia.ldos-ut-pg0.wisc.cloudlab.us,tencentBlock_4046,s3fifo,0.1,140,23,1,1,0.9999,0.13,3053132,139918.7456,2238767
node2.tardis-apia.ldos-ut-pg0.wisc.cloudlab.us,tencentBlock_4046,s3fifo,0.1,140,23,1,2,0.9999,0.13,3053132,139918.7456,2238767
node2.tardis-apia.ldos-ut-pg0.wisc.cloudlab.us,tencentBlock_4046,s3fifo,0.1,140,23,1,3,0.9999,0.12,3053132,139918.7456,2238767
node2.tardis-apia.ldos-ut-pg0.wisc.cloudlab.us,tencentBlock_4046,s3fifoforgive,0.1,140,23,1,1,0.9999,0.13,3053132,139918.7456,2238767
node2.tardis-apia.ldos-ut-pg0.wisc.cloudlab.us,tencentBlock_4046,s3fifoforgive,0.1,140,23,1,2,0.9999,0.13,3053132,139918.7456,2238767
node2.tardis-apia.ldos-ut-pg0.wisc.cloudlab.us,tencentBlock_4046,s3fifoforgive,0.1,140,23,1,3,0.9999,0.13,3053132,139918.7456,2238767
node2.tardis-apia.ldos-ut-pg0.wisc.cloudlab.us,tencentBlock_4111,lru,10,33406,27,1,1,0.3767,0.29,62548698,334062.2848,6679101
node2.tardis-apia.ldos-ut-pg0.wisc.cloudlab.us,tencentBlock_4111,lru,10,33406,27,1,2,0.3767,0.29,62548698,334062.2848,6679101
node2.tardis-apia.ldos-ut-pg0.wisc.cloudlab.us,tencentBlock_4111,lru,10,33406,27,1,3,0.3767,0.29,62548698,334062.2848,6679101
node2.tardis-apia.ldos-ut-pg0.wisc.cloudlab.us,tencentBlock_4111,lruforgive,10,33406,27,1,1,0.3753,0.20,62548698,334062.2848,6679101
node2.tardis-apia.ldos-ut-pg0.wisc.cloudlab.us,tencentBlock_4111,lruforgive,10,33406,27,1,2,0.3753,0.20,62548698,334062.2848,6679101
node2.tardis-apia.ldos-ut-pg0.wisc.cloudlab.us,tencentBlock_4111,lruforgive,10,33406,27,1,3,0.3753,0.21,62548698,334062.2848,6679101
node2.tardis-apia.ldos-ut-pg0.wisc.cloudlab.us,tencentBlock_4111,s3fifo,10,33406,27,1,1,0.3430,0.32,62548698,334062.2848,6679101
node2.tardis-apia.ldos-ut-pg0.wisc.cloudlab.us,tencentBlock_4111,s3fifo,10,33406,27,1,2,0.3430,0.32,62548698,334062.2848,6679101
node2.tardis-apia.ldos-ut-pg0.wisc.cloudlab.us,tencentBlock_4111,s3fifo,10,33406,27,1,3,0.3430,0.32,62548698,334062.2848,6679101
node2.tardis-apia.ldos-ut-pg0.wisc.cloudlab.us,tencentBlock_4111,s3fifoforgive,10,33406,27,1,1,0.3430,0.23,62548698,334062.2848,6679101
node2.tardis-apia.ldos-ut-pg0.wisc.cloudlab.us,tencentBlock_4111,s3fifoforgive,10,33406,27,1,2,0.3430,0.23,62548698,334062.2848,6679101
node2.tardis-apia.ldos-ut-pg0.wisc.cloudlab.us,tencentBlock_4111,s3fifoforgive,10,33406,27,1,3,0.3430,0.23,62548698,334062.2848,6679101
node2.tardis-apia.ldos-ut-pg0.wisc.cloudlab.us,tencentBlock_4111,lru,0.1,334,24,1,1,0.6997,0.28,62548698,334062.2848,6679101
node2.tardis-apia.ldos-ut-pg0.wisc.cloudlab.us,tencentBlock_4111,lru,0.1,334,24,1,2,0.6997,0.29,62548698,334062.2848,6679101
node2.tardis-apia.ldos-ut-pg0.wisc.cloudlab.us,tencentBlock_4111,lru,0.1,334,24,1,3,0.6997,0.28,62548698,334062.2848,6679101
node2.tardis-apia.ldos-ut-pg0.wisc.cloudlab.us,tencentBlock_4111,lruforgive,0.1,334,24,1,1,0.6855,0.22,62548698,334062.2848,6679101
node2.tardis-apia.ldos-ut-pg0.wisc.cloudlab.us,tencentBlock_4111,lruforgive,0.1,334,24,1,2,0.6855,0.22,62548698,334062.2848,6679101
node2.tardis-apia.ldos-ut-pg0.wisc.cloudlab.us,tencentBlock_4111,lruforgive,0.1,334,24,1,3,0.6855,0.22,62548698,334062.2848,6679101
node2.tardis-apia.ldos-ut-pg0.wisc.cloudlab.us,tencentBlock_4111,s3fifo,0.1,334,24,1,1,0.6950,0.62,62548698,334062.2848,6679101
node2.tardis-apia.ldos-ut-pg0.wisc.cloudlab.us,tencentBlock_4111,s3fifo,0.1,334,24,1,2,0.6950,0.62,62548698,334062.2848,6679101
node2.tardis-apia.ldos-ut-pg0.wisc.cloudlab.us,tencentBlock_4111,s3fifo,0.1,334,24,1,3,0.6950,0.64,62548698,334062.2848,6679101
node2.tardis-apia.ldos-ut-pg0.wisc.cloudlab.us,tencentBlock_4111,s3fifoforgive,0.1,334,24,1,1,0.6902,0.45,62548698,334062.2848,6679101
node2.tardis-apia.ldos-ut-pg0.wisc.cloudlab.us,tencentBlock_4111,s3fifoforgive,0.1,334,24,1,2,0.6902,0.45,62548698,334062.2848,6679101
node2.tardis-apia.ldos-ut-pg0.wisc.cloudlab.us,tencentBlock_4111,s3fifoforgive,0.1,334,24,1,3,0.6902,0.45,62548698,334062.2848,6679101
node2.tardis-apia.ldos-ut-pg0.wisc.cloudlab.us,tencentBlock_4116,lru,10,2680,27,1,1,0.3032,0.38,45020915,26804.8384,2224377
node2.tardis-apia.ldos-ut-pg0.wisc.cloudlab.us,tencentBlock_4116,lru,10,2680,27,1,2,0.3032,0.39,45020915,26804.8384,2224377
node2.tardis-apia.ldos-ut-pg0.wisc.cloudlab.us,tencentBlock_4116,lru,10,2680,27,1,3,0.3032,0.38,45020915,26804.8384,2224377
node2.tardis-apia.ldos-ut-pg0.wisc.cloudlab.us,tencentBlock_4116,lruforgive,10,2680,27,1,1,0.3008,0.23,45020915,26804.8384,2224377
node2.tardis-apia.ldos-ut-pg0.wisc.cloudlab.us,tencentBlock_4116,lruforgive,10,2680,27,1,2,0.3008,0.23,45020915,26804.8384,2224377
node2.tardis-apia.ldos-ut-pg0.wisc.cloudlab.us,tencentBlock_4116,lruforgive,10,2680,27,1,3,0.3008,0.23,45020915,26804.8384,2224377
node2.tardis-apia.ldos-ut-pg0.wisc.cloudlab.us,tencentBlock_4116,s3fifo,10,2680,27,1,1,0.2963,0.40,45020915,26804.8384,2224377
node2.tardis-apia.ldos-ut-pg0.wisc.cloudlab.us,tencentBlock_4116,s3fifo,10,2680,27,1,2,0.2963,0.40,45020915,26804.8384,2224377
node2.tardis-apia.ldos-ut-pg0.wisc.cloudlab.us,tencentBlock_4116,s3fifo,10,2680,27,1,3,0.2963,0.40,45020915,26804.8384,2224377
node2.tardis-apia.ldos-ut-pg0.wisc.cloudlab.us,tencentBlock_4116,s3fifoforgive,10,2680,27,1,1,0.2961,0.25,45020915,26804.8384,2224377
node2.tardis-apia.ldos-ut-pg0.wisc.cloudlab.us,tencentBlock_4116,s3fifoforgive,10,2680,27,1,2,0.2961,0.25,45020915,26804.8384,2224377
node2.tardis-apia.ldos-ut-pg0.wisc.cloudlab.us,tencentBlock_4116,s3fifoforgive,10,2680,27,1,3,0.2961,0.25,45020915,26804.8384,2224377
node2.tardis-apia.ldos-ut-pg0.wisc.cloudlab.us,tencentBlock_4116,lru,0.1,27,21,1,1,0.8468,2.36,45020915,26804.8384,2224377
node2.tardis-apia.ldos-ut-pg0.wisc.cloudlab.us,tencentBlock_4116,lru,0.1,27,21,1,2,0.8468,2.37,45020915,26804.8384,2224377
node2.tardis-apia.ldos-ut-pg0.wisc.cloudlab.us,tencentBlock_4116,lru,0.1,27,21,1,3,0.8468,2.35,45020915,26804.8384,2224377
node2.tardis-apia.ldos-ut-pg0.wisc.cloudlab.us,tencentBlock_4116,lruforgive,0.1,27,21,1,1,0.8405,1.36,45020915,26804.8384,2224377
node2.tardis-apia.ldos-ut-pg0.wisc.cloudlab.us,tencentBlock_4116,lruforgive,0.1,27,21,1,2,0.8405,1.34,45020915,26804.8384,2224377
node2.tardis-apia.ldos-ut-pg0.wisc.cloudlab.us,tencentBlock_4116,lruforgive,0.1,27,21,1,3,0.8405,1.34,45020915,26804.8384,2224377
node2.tardis-apia.ldos-ut-pg0.wisc.cloudlab.us,tencentBlock_4116,s3fifo,0.1,27,21,1,1,0.8534,2.45,45020915,26804.8384,2224377
node2.tardis-apia.ldos-ut-pg0.wisc.cloudlab.us,tencentBlock_4116,s3fifo,0.1,27,21,1,2,0.8534,2.43,45020915,26804.8384,2224377
node2.tardis-apia.ldos-ut-pg0.wisc.cloudlab.us,tencentBlock_4116,s3fifo,0.1,27,21,1,3,0.8534,2.46,45020915,26804.8384,2224377
node2.tardis-apia.ldos-ut-pg0.wisc.cloudlab.us,tencentBlock_4116,s3fifoforgive,0.1,27,21,1,1,0.8518,1.67,45020915,26804.8384,2224377
node2.tardis-apia.ldos-ut-pg0.wisc.cloudlab.us,tencentBlock_4116,s3fifoforgive,0.1,27,21,1,2,0.8518,1.66,45020915,26804.8384,2224377
node2.tardis-apia.ldos-ut-pg0.wisc.cloudlab.us,tencentBlock_4116,s3fifoforgive,0.1,27,21,1,3,0.8518,1.67,45020915,26804.8384,2224377
node2.tardis-apia.ldos-ut-pg0.wisc.cloudlab.us,tencentBlock_4145,lru,10,162914,27,1,1,NA_TOOBIG,NA,NA,1629139.968,5988058
node2.tardis-apia.ldos-ut-pg0.wisc.cloudlab.us,tencentBlock_4145,lru,10,162914,27,1,2,NA_TOOBIG,NA,NA,1629139.968,5988058
node2.tardis-apia.ldos-ut-pg0.wisc.cloudlab.us,tencentBlock_4145,lru,10,162914,27,1,3,NA_TOOBIG,NA,NA,1629139.968,5988058
node2.tardis-apia.ldos-ut-pg0.wisc.cloudlab.us,tencentBlock_4145,lruforgive,10,162914,27,1,1,NA_TOOBIG,NA,NA,1629139.968,5988058
node2.tardis-apia.ldos-ut-pg0.wisc.cloudlab.us,tencentBlock_4145,lruforgive,10,162914,27,1,2,NA_TOOBIG,NA,NA,1629139.968,5988058
node2.tardis-apia.ldos-ut-pg0.wisc.cloudlab.us,tencentBlock_4145,lruforgive,10,162914,27,1,3,NA_TOOBIG,NA,NA,1629139.968,5988058
node2.tardis-apia.ldos-ut-pg0.wisc.cloudlab.us,tencentBlock_4145,s3fifo,10,162914,27,1,1,NA_TOOBIG,NA,NA,1629139.968,5988058
node2.tardis-apia.ldos-ut-pg0.wisc.cloudlab.us,tencentBlock_4145,s3fifo,10,162914,27,1,2,NA_TOOBIG,NA,NA,1629139.968,5988058
node2.tardis-apia.ldos-ut-pg0.wisc.cloudlab.us,tencentBlock_4145,s3fifo,10,162914,27,1,3,NA_TOOBIG,NA,NA,1629139.968,5988058
node2.tardis-apia.ldos-ut-pg0.wisc.cloudlab.us,tencentBlock_4145,s3fifoforgive,10,162914,27,1,1,NA_TOOBIG,NA,NA,1629139.968,5988058
node2.tardis-apia.ldos-ut-pg0.wisc.cloudlab.us,tencentBlock_4145,s3fifoforgive,10,162914,27,1,2,NA_TOOBIG,NA,NA,1629139.968,5988058
node2.tardis-apia.ldos-ut-pg0.wisc.cloudlab.us,tencentBlock_4145,s3fifoforgive,10,162914,27,1,3,NA_TOOBIG,NA,NA,1629139.968,5988058
node2.tardis-apia.ldos-ut-pg0.wisc.cloudlab.us,tencentBlock_4145,lru,0.1,1629,27,1,1,0.4384,0.08,38518282,1629139.968,5988058
node2.tardis-apia.ldos-ut-pg0.wisc.cloudlab.us,tencentBlock_4145,lru,0.1,1629,27,1,2,0.4384,0.08,38518282,1629139.968,5988058
node2.tardis-apia.ldos-ut-pg0.wisc.cloudlab.us,tencentBlock_4145,lru,0.1,1629,27,1,3,0.4384,0.08,38518282,1629139.968,5988058
node2.tardis-apia.ldos-ut-pg0.wisc.cloudlab.us,tencentBlock_4145,lruforgive,0.1,1629,27,1,1,0.4208,0.07,38518282,1629139.968,5988058
node2.tardis-apia.ldos-ut-pg0.wisc.cloudlab.us,tencentBlock_4145,lruforgive,0.1,1629,27,1,2,0.4208,0.07,38518282,1629139.968,5988058
node2.tardis-apia.ldos-ut-pg0.wisc.cloudlab.us,tencentBlock_4145,lruforgive,0.1,1629,27,1,3,0.4208,0.07,38518282,1629139.968,5988058
node2.tardis-apia.ldos-ut-pg0.wisc.cloudlab.us,tencentBlock_4145,s3fifo,0.1,1629,27,1,1,0.4076,0.08,38518282,1629139.968,5988058
node2.tardis-apia.ldos-ut-pg0.wisc.cloudlab.us,tencentBlock_4145,s3fifo,0.1,1629,27,1,2,0.4076,0.08,38518282,1629139.968,5988058
node2.tardis-apia.ldos-ut-pg0.wisc.cloudlab.us,tencentBlock_4145,s3fifo,0.1,1629,27,1,3,0.4076,0.08,38518282,1629139.968,5988058
node2.tardis-apia.ldos-ut-pg0.wisc.cloudlab.us,tencentBlock_4145,s3fifoforgive,0.1,1629,27,1,1,0.4069,0.08,38518282,1629139.968,5988058
node2.tardis-apia.ldos-ut-pg0.wisc.cloudlab.us,tencentBlock_4145,s3fifoforgive,0.1,1629,27,1,2,0.4069,0.08,38518282,1629139.968,5988058
node2.tardis-apia.ldos-ut-pg0.wisc.cloudlab.us,tencentBlock_4145,s3fifoforgive,0.1,1629,27,1,3,0.4069,0.08,38518282,1629139.968,5988058
node2.tardis-apia.ldos-ut-pg0.wisc.cloudlab.us,tencentBlock_4246,lru,10,5133,27,1,1,0.2838,0.40,59376564,51330.3552,2972474
node2.tardis-apia.ldos-ut-pg0.wisc.cloudlab.us,tencentBlock_4246,lru,10,5133,27,1,2,0.2838,0.40,59376564,51330.3552,2972474
node2.tardis-apia.ldos-ut-pg0.wisc.cloudlab.us,tencentBlock_4246,lru,10,5133,27,1,3,0.2838,0.39,59376564,51330.3552,2972474
node2.tardis-apia.ldos-ut-pg0.wisc.cloudlab.us,tencentBlock_4246,lruforgive,10,5133,27,1,1,0.2827,0.23,59376564,51330.3552,2972474
node2.tardis-apia.ldos-ut-pg0.wisc.cloudlab.us,tencentBlock_4246,lruforgive,10,5133,27,1,2,0.2827,0.23,59376564,51330.3552,2972474
node2.tardis-apia.ldos-ut-pg0.wisc.cloudlab.us,tencentBlock_4246,lruforgive,10,5133,27,1,3,0.2827,0.23,59376564,51330.3552,2972474
node2.tardis-apia.ldos-ut-pg0.wisc.cloudlab.us,tencentBlock_4246,s3fifo,10,5133,27,1,1,0.2853,0.40,59376564,51330.3552,2972474
node2.tardis-apia.ldos-ut-pg0.wisc.cloudlab.us,tencentBlock_4246,s3fifo,10,5133,27,1,2,0.2853,0.39,59376564,51330.3552,2972474
node2.tardis-apia.ldos-ut-pg0.wisc.cloudlab.us,tencentBlock_4246,s3fifo,10,5133,27,1,3,0.2853,0.39,59376564,51330.3552,2972474
node2.tardis-apia.ldos-ut-pg0.wisc.cloudlab.us,tencentBlock_4246,s3fifoforgive,10,5133,27,1,1,0.2850,0.25,59376564,51330.3552,2972474
node2.tardis-apia.ldos-ut-pg0.wisc.cloudlab.us,tencentBlock_4246,s3fifoforgive,10,5133,27,1,2,0.2850,0.24,59376564,51330.3552,2972474
node2.tardis-apia.ldos-ut-pg0.wisc.cloudlab.us,tencentBlock_4246,s3fifoforgive,10,5133,27,1,3,0.2850,0.25,59376564,51330.3552,2972474
node2.tardis-apia.ldos-ut-pg0.wisc.cloudlab.us,tencentBlock_4246,lru,0.1,51,22,1,1,0.7538,1.07,59376564,51330.3552,2972474
node2.tardis-apia.ldos-ut-pg0.wisc.cloudlab.us,tencentBlock_4246,lru,0.1,51,22,1,2,0.7538,1.07,59376564,51330.3552,2972474
node2.tardis-apia.ldos-ut-pg0.wisc.cloudlab.us,tencentBlock_4246,lru,0.1,51,22,1,3,0.7538,1.08,59376564,51330.3552,2972474
node2.tardis-apia.ldos-ut-pg0.wisc.cloudlab.us,tencentBlock_4246,lruforgive,0.1,51,22,1,1,0.7524,0.63,59376564,51330.3552,2972474
node2.tardis-apia.ldos-ut-pg0.wisc.cloudlab.us,tencentBlock_4246,lruforgive,0.1,51,22,1,2,0.7524,0.63,59376564,51330.3552,2972474
node2.tardis-apia.ldos-ut-pg0.wisc.cloudlab.us,tencentBlock_4246,lruforgive,0.1,51,22,1,3,0.7524,0.62,59376564,51330.3552,2972474
node2.tardis-apia.ldos-ut-pg0.wisc.cloudlab.us,tencentBlock_4246,s3fifo,0.1,51,22,1,1,0.7872,1.30,59376564,51330.3552,2972474
node2.tardis-apia.ldos-ut-pg0.wisc.cloudlab.us,tencentBlock_4246,s3fifo,0.1,51,22,1,2,0.7872,1.31,59376564,51330.3552,2972474
node2.tardis-apia.ldos-ut-pg0.wisc.cloudlab.us,tencentBlock_4246,s3fifo,0.1,51,22,1,3,0.7872,1.29,59376564,51330.3552,2972474
node2.tardis-apia.ldos-ut-pg0.wisc.cloudlab.us,tencentBlock_4246,s3fifoforgive,0.1,51,22,1,1,0.7829,0.85,59376564,51330.3552,2972474
node2.tardis-apia.ldos-ut-pg0.wisc.cloudlab.us,tencentBlock_4246,s3fifoforgive,0.1,51,22,1,2,0.7829,0.86,59376564,51330.3552,2972474
node2.tardis-apia.ldos-ut-pg0.wisc.cloudlab.us,tencentBlock_4246,s3fifoforgive,0.1,51,22,1,3,0.7829,0.86,59376564,51330.3552,2972474
node2.tardis-apia.ldos-ut-pg0.wisc.cloudlab.us,tencentBlock_4287,lru,10,115378,27,1,1,0.3260,0.11,55292399,1153781.5552,16896007
node2.tardis-apia.ldos-ut-pg0.wisc.cloudlab.us,tencentBlock_4287,lru,10,115378,27,1,2,0.3260,0.11,55292399,1153781.5552,16896007
node2.tardis-apia.ldos-ut-pg0.wisc.cloudlab.us,tencentBlock_4287,lru,10,115378,27,1,3,0.3260,0.11,55292399,1153781.5552,16896007
node2.tardis-apia.ldos-ut-pg0.wisc.cloudlab.us,tencentBlock_4287,lruforgive,10,115378,27,1,1,0.3260,0.09,55292399,1153781.5552,16896007
node2.tardis-apia.ldos-ut-pg0.wisc.cloudlab.us,tencentBlock_4287,lruforgive,10,115378,27,1,2,0.3260,0.09,55292399,1153781.5552,16896007
node2.tardis-apia.ldos-ut-pg0.wisc.cloudlab.us,tencentBlock_4287,lruforgive,10,115378,27,1,3,0.3260,0.09,55292399,1153781.5552,16896007
node2.tardis-apia.ldos-ut-pg0.wisc.cloudlab.us,tencentBlock_4287,s3fifo,10,115378,27,1,1,0.3268,0.13,55292399,1153781.5552,16896007
node2.tardis-apia.ldos-ut-pg0.wisc.cloudlab.us,tencentBlock_4287,s3fifo,10,115378,27,1,2,0.3268,0.13,55292399,1153781.5552,16896007
node2.tardis-apia.ldos-ut-pg0.wisc.cloudlab.us,tencentBlock_4287,s3fifo,10,115378,27,1,3,0.3268,0.13,55292399,1153781.5552,16896007
node2.tardis-apia.ldos-ut-pg0.wisc.cloudlab.us,tencentBlock_4287,s3fifoforgive,10,115378,27,1,1,0.3268,0.11,55292399,1153781.5552,16896007
node2.tardis-apia.ldos-ut-pg0.wisc.cloudlab.us,tencentBlock_4287,s3fifoforgive,10,115378,27,1,2,0.3268,0.10,55292399,1153781.5552,16896007
node2.tardis-apia.ldos-ut-pg0.wisc.cloudlab.us,tencentBlock_4287,s3fifoforgive,10,115378,27,1,3,0.3268,0.10,55292399,1153781.5552,16896007
node2.tardis-apia.ldos-ut-pg0.wisc.cloudlab.us,tencentBlock_4287,lru,0.1,1154,26,1,1,0.3489,0.20,55292399,1153781.5552,16896007
node2.tardis-apia.ldos-ut-pg0.wisc.cloudlab.us,tencentBlock_4287,lru,0.1,1154,26,1,2,0.3489,0.21,55292399,1153781.5552,16896007
node2.tardis-apia.ldos-ut-pg0.wisc.cloudlab.us,tencentBlock_4287,lru,0.1,1154,26,1,3,0.3489,0.20,55292399,1153781.5552,16896007
node2.tardis-apia.ldos-ut-pg0.wisc.cloudlab.us,tencentBlock_4287,lruforgive,0.1,1154,26,1,1,0.3460,0.16,55292399,1153781.5552,16896007
node2.tardis-apia.ldos-ut-pg0.wisc.cloudlab.us,tencentBlock_4287,lruforgive,0.1,1154,26,1,2,0.3460,0.16,55292399,1153781.5552,16896007
node2.tardis-apia.ldos-ut-pg0.wisc.cloudlab.us,tencentBlock_4287,lruforgive,0.1,1154,26,1,3,0.3460,0.16,55292399,1153781.5552,16896007
node2.tardis-apia.ldos-ut-pg0.wisc.cloudlab.us,tencentBlock_4287,s3fifo,0.1,1154,26,1,1,0.3618,0.29,55292399,1153781.5552,16896007
node2.tardis-apia.ldos-ut-pg0.wisc.cloudlab.us,tencentBlock_4287,s3fifo,0.1,1154,26,1,2,0.3618,0.29,55292399,1153781.5552,16896007
node2.tardis-apia.ldos-ut-pg0.wisc.cloudlab.us,tencentBlock_4287,s3fifo,0.1,1154,26,1,3,0.3618,0.29,55292399,1153781.5552,16896007
node2.tardis-apia.ldos-ut-pg0.wisc.cloudlab.us,tencentBlock_4287,s3fifoforgive,0.1,1154,26,1,1,0.3618,0.21,55292399,1153781.5552,16896007
node2.tardis-apia.ldos-ut-pg0.wisc.cloudlab.us,tencentBlock_4287,s3fifoforgive,0.1,1154,26,1,2,0.3618,0.21,55292399,1153781.5552,16896007
node2.tardis-apia.ldos-ut-pg0.wisc.cloudlab.us,tencentBlock_4287,s3fifoforgive,0.1,1154,26,1,3,0.3618,0.22,55292399,1153781.5552,16896007
node2.tardis-apia.ldos-ut-pg0.wisc.cloudlab.us,tencentBlock_4323,lru,10,5575,27,1,1,0.1127,0.38,15651160,55749.0176,1056347
node2.tardis-apia.ldos-ut-pg0.wisc.cloudlab.us,tencentBlock_4323,lru,10,5575,27,1,2,0.1127,0.37,15651160,55749.0176,1056347
node2.tardis-apia.ldos-ut-pg0.wisc.cloudlab.us,tencentBlock_4323,lru,10,5575,27,1,3,0.1127,0.37,15651160,55749.0176,1056347
node2.tardis-apia.ldos-ut-pg0.wisc.cloudlab.us,tencentBlock_4323,lruforgive,10,5575,27,1,1,0.1092,0.23,15651160,55749.0176,1056347
node2.tardis-apia.ldos-ut-pg0.wisc.cloudlab.us,tencentBlock_4323,lruforgive,10,5575,27,1,2,0.1092,0.23,15651160,55749.0176,1056347
node2.tardis-apia.ldos-ut-pg0.wisc.cloudlab.us,tencentBlock_4323,lruforgive,10,5575,27,1,3,0.1092,0.23,15651160,55749.0176,1056347
node2.tardis-apia.ldos-ut-pg0.wisc.cloudlab.us,tencentBlock_4323,s3fifo,10,5575,27,1,1,0.0929,0.44,15651160,55749.0176,1056347
node2.tardis-apia.ldos-ut-pg0.wisc.cloudlab.us,tencentBlock_4323,s3fifo,10,5575,27,1,2,0.0929,0.44,15651160,55749.0176,1056347
node2.tardis-apia.ldos-ut-pg0.wisc.cloudlab.us,tencentBlock_4323,s3fifo,10,5575,27,1,3,0.0929,0.44,15651160,55749.0176,1056347
node2.tardis-apia.ldos-ut-pg0.wisc.cloudlab.us,tencentBlock_4323,s3fifoforgive,10,5575,27,1,1,0.0929,0.25,15651160,55749.0176,1056347
node2.tardis-apia.ldos-ut-pg0.wisc.cloudlab.us,tencentBlock_4323,s3fifoforgive,10,5575,27,1,2,0.0929,0.25,15651160,55749.0176,1056347
node2.tardis-apia.ldos-ut-pg0.wisc.cloudlab.us,tencentBlock_4323,s3fifoforgive,10,5575,27,1,3,0.0929,0.25,15651160,55749.0176,1056347
node2.tardis-apia.ldos-ut-pg0.wisc.cloudlab.us,tencentBlock_4323,lru,0.1,56,22,1,1,0.7611,0.63,15651160,55749.0176,1056347
node2.tardis-apia.ldos-ut-pg0.wisc.cloudlab.us,tencentBlock_4323,lru,0.1,56,22,1,2,0.7611,0.62,15651160,55749.0176,1056347
node2.tardis-apia.ldos-ut-pg0.wisc.cloudlab.us,tencentBlock_4323,lru,0.1,56,22,1,3,0.7611,0.63,15651160,55749.0176,1056347
node2.tardis-apia.ldos-ut-pg0.wisc.cloudlab.us,tencentBlock_4323,lruforgive,0.1,56,22,1,1,0.7401,0.37,15651160,55749.0176,1056347
node2.tardis-apia.ldos-ut-pg0.wisc.cloudlab.us,tencentBlock_4323,lruforgive,0.1,56,22,1,2,0.7401,0.37,15651160,55749.0176,1056347
node2.tardis-apia.ldos-ut-pg0.wisc.cloudlab.us,tencentBlock_4323,lruforgive,0.1,56,22,1,3,0.7401,0.36,15651160,55749.0176,1056347
node2.tardis-apia.ldos-ut-pg0.wisc.cloudlab.us,tencentBlock_4323,s3fifo,0.1,56,22,1,1,0.7495,0.83,15651160,55749.0176,1056347
node2.tardis-apia.ldos-ut-pg0.wisc.cloudlab.us,tencentBlock_4323,s3fifo,0.1,56,22,1,2,NA,NA,NA,55749.0176,1056347
node2.tardis-apia.ldos-ut-pg0.wisc.cloudlab.us,tencentBlock_4323,s3fifo,0.1,56,22,1,3,0.7495,0.82,15651160,55749.0176,1056347
node2.tardis-apia.ldos-ut-pg0.wisc.cloudlab.us,tencentBlock_4323,s3fifoforgive,0.1,56,22,1,1,0.7479,0.60,15651160,55749.0176,1056347
node2.tardis-apia.ldos-ut-pg0.wisc.cloudlab.us,tencentBlock_4323,s3fifoforgive,0.1,56,22,1,2,0.7479,0.59,15651160,55749.0176,1056347
node2.tardis-apia.ldos-ut-pg0.wisc.cloudlab.us,tencentBlock_4323,s3fifoforgive,0.1,56,22,1,3,0.7479,0.60,15651160,55749.0176,1056347
node2.tardis-apia.ldos-ut-pg0.wisc.cloudlab.us,tencentBlock_4332,lru,10,8471,27,1,1,0.3566,0.24,15438385,84705.1776,2448969
node2.tardis-apia.ldos-ut-pg0.wisc.cloudlab.us,tencentBlock_4332,lru,10,8471,27,1,2,0.3566,0.24,15438385,84705.1776,2448969
node2.tardis-apia.ldos-ut-pg0.wisc.cloudlab.us,tencentBlock_4332,lru,10,8471,27,1,3,0.3566,0.24,15438385,84705.1776,2448969
node2.tardis-apia.ldos-ut-pg0.wisc.cloudlab.us,tencentBlock_4332,lruforgive,10,8471,27,1,1,0.3559,0.18,15438385,84705.1776,2448969
node2.tardis-apia.ldos-ut-pg0.wisc.cloudlab.us,tencentBlock_4332,lruforgive,10,8471,27,1,2,0.3559,0.18,15438385,84705.1776,2448969
node2.tardis-apia.ldos-ut-pg0.wisc.cloudlab.us,tencentBlock_4332,lruforgive,10,8471,27,1,3,0.3559,0.18,15438385,84705.1776,2448969
node2.tardis-apia.ldos-ut-pg0.wisc.cloudlab.us,tencentBlock_4332,s3fifo,10,8471,27,1,1,0.3749,0.23,15438385,84705.1776,2448969
node2.tardis-apia.ldos-ut-pg0.wisc.cloudlab.us,tencentBlock_4332,s3fifo,10,8471,27,1,2,0.3749,0.23,15438385,84705.1776,2448969
node2.tardis-apia.ldos-ut-pg0.wisc.cloudlab.us,tencentBlock_4332,s3fifo,10,8471,27,1,3,0.3749,0.23,15438385,84705.1776,2448969
node2.tardis-apia.ldos-ut-pg0.wisc.cloudlab.us,tencentBlock_4332,s3fifoforgive,10,8471,27,1,1,0.3738,0.18,15438385,84705.1776,2448969
node2.tardis-apia.ldos-ut-pg0.wisc.cloudlab.us,tencentBlock_4332,s3fifoforgive,10,8471,27,1,2,0.3738,0.18,15438385,84705.1776,2448969
node2.tardis-apia.ldos-ut-pg0.wisc.cloudlab.us,tencentBlock_4332,s3fifoforgive,10,8471,27,1,3,0.3738,0.18,15438385,84705.1776,2448969
node2.tardis-apia.ldos-ut-pg0.wisc.cloudlab.us,tencentBlock_4332,lru,0.1,85,22,1,1,0.8349,0.22,15438385,84705.1776,2448969
node2.tardis-apia.ldos-ut-pg0.wisc.cloudlab.us,tencentBlock_4332,lru,0.1,85,22,1,2,0.8349,0.21,15438385,84705.1776,2448969
node2.tardis-apia.ldos-ut-pg0.wisc.cloudlab.us,tencentBlock_4332,lru,0.1,85,22,1,3,0.8349,0.22,15438385,84705.1776,2448969
node2.tardis-apia.ldos-ut-pg0.wisc.cloudlab.us,tencentBlock_4332,lruforgive,0.1,85,22,1,1,0.8232,0.20,15438385,84705.1776,2448969
node2.tardis-apia.ldos-ut-pg0.wisc.cloudlab.us,tencentBlock_4332,lruforgive,0.1,85,22,1,2,0.8232,0.20,15438385,84705.1776,2448969
node2.tardis-apia.ldos-ut-pg0.wisc.cloudlab.us,tencentBlock_4332,lruforgive,0.1,85,22,1,3,0.8232,0.20,15438385,84705.1776,2448969
node2.tardis-apia.ldos-ut-pg0.wisc.cloudlab.us,tencentBlock_4332,s3fifo,0.1,85,22,1,1,0.8193,0.50,15438385,84705.1776,2448969
node2.tardis-apia.ldos-ut-pg0.wisc.cloudlab.us,tencentBlock_4332,s3fifo,0.1,85,22,1,2,0.8193,0.50,15438385,84705.1776,2448969
node2.tardis-apia.ldos-ut-pg0.wisc.cloudlab.us,tencentBlock_4332,s3fifo,0.1,85,22,1,3,0.8193,0.50,15438385,84705.1776,2448969
node2.tardis-apia.ldos-ut-pg0.wisc.cloudlab.us,tencentBlock_4332,s3fifoforgive,0.1,85,22,1,1,0.8189,0.45,15438385,84705.1776,2448969
node2.tardis-apia.ldos-ut-pg0.wisc.cloudlab.us,tencentBlock_4332,s3fifoforgive,0.1,85,22,1,2,0.8189,0.44,15438385,84705.1776,2448969
node2.tardis-apia.ldos-ut-pg0.wisc.cloudlab.us,tencentBlock_4332,s3fifoforgive,0.1,85,22,1,3,0.8189,0.44,15438385,84705.1776,2448969
node2.tardis-apia.ldos-ut-pg0.wisc.cloudlab.us,tencentBlock_4335,lru,10,3047,27,1,1,0.3442,0.40,57053771,30473.9328,2249857
node2.tardis-apia.ldos-ut-pg0.wisc.cloudlab.us,tencentBlock_4335,lru,10,3047,27,1,2,0.3442,0.40,57053771,30473.9328,2249857
node2.tardis-apia.ldos-ut-pg0.wisc.cloudlab.us,tencentBlock_4335,lru,10,3047,27,1,3,0.3442,0.40,57053771,30473.9328,2249857
node2.tardis-apia.ldos-ut-pg0.wisc.cloudlab.us,tencentBlock_4335,lruforgive,10,3047,27,1,1,0.3416,0.24,57053771,30473.9328,2249857
node2.tardis-apia.ldos-ut-pg0.wisc.cloudlab.us,tencentBlock_4335,lruforgive,10,3047,27,1,2,0.3416,0.24,57053771,30473.9328,2249857
node2.tardis-apia.ldos-ut-pg0.wisc.cloudlab.us,tencentBlock_4335,lruforgive,10,3047,27,1,3,0.3416,0.24,57053771,30473.9328,2249857
node2.tardis-apia.ldos-ut-pg0.wisc.cloudlab.us,tencentBlock_4335,s3fifo,10,3047,27,1,1,0.3298,0.42,57053771,30473.9328,2249857
node2.tardis-apia.ldos-ut-pg0.wisc.cloudlab.us,tencentBlock_4335,s3fifo,10,3047,27,1,2,0.3298,0.42,57053771,30473.9328,2249857
node2.tardis-apia.ldos-ut-pg0.wisc.cloudlab.us,tencentBlock_4335,s3fifo,10,3047,27,1,3,0.3298,0.42,57053771,30473.9328,2249857
node2.tardis-apia.ldos-ut-pg0.wisc.cloudlab.us,tencentBlock_4335,s3fifoforgive,10,3047,27,1,1,0.3293,0.26,57053771,30473.9328,2249857
node2.tardis-apia.ldos-ut-pg0.wisc.cloudlab.us,tencentBlock_4335,s3fifoforgive,10,3047,27,1,2,0.3293,0.26,57053771,30473.9328,2249857
node2.tardis-apia.ldos-ut-pg0.wisc.cloudlab.us,tencentBlock_4335,s3fifoforgive,10,3047,27,1,3,0.3293,0.26,57053771,30473.9328,2249857
node2.tardis-apia.ldos-ut-pg0.wisc.cloudlab.us,tencentBlock_4335,lru,0.1,30,21,1,1,0.8417,1.38,57053771,30473.9328,2249857
node2.tardis-apia.ldos-ut-pg0.wisc.cloudlab.us,tencentBlock_4335,lru,0.1,30,21,1,2,0.8417,1.37,57053771,30473.9328,2249857
node2.tardis-apia.ldos-ut-pg0.wisc.cloudlab.us,tencentBlock_4335,lru,0.1,30,21,1,3,0.8417,1.37,57053771,30473.9328,2249857
node2.tardis-apia.ldos-ut-pg0.wisc.cloudlab.us,tencentBlock_4335,lruforgive,0.1,30,21,1,1,0.8397,0.83,57053771,30473.9328,2249857
node2.tardis-apia.ldos-ut-pg0.wisc.cloudlab.us,tencentBlock_4335,lruforgive,0.1,30,21,1,2,0.8397,0.83,57053771,30473.9328,2249857
node2.tardis-apia.ldos-ut-pg0.wisc.cloudlab.us,tencentBlock_4335,lruforgive,0.1,30,21,1,3,0.8397,0.82,57053771,30473.9328,2249857
node2.tardis-apia.ldos-ut-pg0.wisc.cloudlab.us,tencentBlock_4335,s3fifo,0.1,30,21,1,1,0.8635,1.53,57053771,30473.9328,2249857
node2.tardis-apia.ldos-ut-pg0.wisc.cloudlab.us,tencentBlock_4335,s3fifo,0.1,30,21,1,2,0.8635,1.53,57053771,30473.9328,2249857
node2.tardis-apia.ldos-ut-pg0.wisc.cloudlab.us,tencentBlock_4335,s3fifo,0.1,30,21,1,3,0.8635,1.54,57053771,30473.9328,2249857
node2.tardis-apia.ldos-ut-pg0.wisc.cloudlab.us,tencentBlock_4335,s3fifoforgive,0.1,30,21,1,1,0.8609,1.07,57053771,30473.9328,2249857
node2.tardis-apia.ldos-ut-pg0.wisc.cloudlab.us,tencentBlock_4335,s3fifoforgive,0.1,30,21,1,2,0.8609,1.07,57053771,30473.9328,2249857
node2.tardis-apia.ldos-ut-pg0.wisc.cloudlab.us,tencentBlock_4335,s3fifoforgive,0.1,30,21,1,3,0.8609,1.05,57053771,30473.9328,2249857
node2.tardis-apia.ldos-ut-pg0.wisc.cloudlab.us,tencentBlock_4361,lru,10,2473,27,1,1,0.2896,0.52,15078414,24725.1968,1532185
node2.tardis-apia.ldos-ut-pg0.wisc.cloudlab.us,tencentBlock_4361,lru,10,2473,27,1,2,0.2896,0.52,15078414,24725.1968,1532185
node2.tardis-apia.ldos-ut-pg0.wisc.cloudlab.us,tencentBlock_4361,lru,10,2473,27,1,3,0.2896,0.51,15078414,24725.1968,1532185
node2.tardis-apia.ldos-ut-pg0.wisc.cloudlab.us,tencentBlock_4361,lruforgive,10,2473,27,1,1,0.2882,0.32,15078414,24725.1968,1532185
node2.tardis-apia.ldos-ut-pg0.wisc.cloudlab.us,tencentBlock_4361,lruforgive,10,2473,27,1,2,0.2882,0.32,15078414,24725.1968,1532185
node2.tardis-apia.ldos-ut-pg0.wisc.cloudlab.us,tencentBlock_4361,lruforgive,10,2473,27,1,3,0.2882,0.32,15078414,24725.1968,1532185
node2.tardis-apia.ldos-ut-pg0.wisc.cloudlab.us,tencentBlock_4361,s3fifo,10,2473,27,1,1,0.2682,0.55,15078414,24725.1968,1532185
node2.tardis-apia.ldos-ut-pg0.wisc.cloudlab.us,tencentBlock_4361,s3fifo,10,2473,27,1,2,0.2682,0.54,15078414,24725.1968,1532185
node2.tardis-apia.ldos-ut-pg0.wisc.cloudlab.us,tencentBlock_4361,s3fifo,10,2473,27,1,3,0.2682,0.54,15078414,24725.1968,1532185
node2.tardis-apia.ldos-ut-pg0.wisc.cloudlab.us,tencentBlock_4361,s3fifoforgive,10,2473,27,1,1,0.2678,0.35,15078414,24725.1968,1532185
node2.tardis-apia.ldos-ut-pg0.wisc.cloudlab.us,tencentBlock_4361,s3fifoforgive,10,2473,27,1,2,0.2678,0.35,15078414,24725.1968,1532185
node2.tardis-apia.ldos-ut-pg0.wisc.cloudlab.us,tencentBlock_4361,s3fifoforgive,10,2473,27,1,3,0.2678,0.34,15078414,24725.1968,1532185
node2.tardis-apia.ldos-ut-pg0.wisc.cloudlab.us,tencentBlock_4361,lru,0.1,25,21,1,1,0.6889,2.19,15078414,24725.1968,1532185
node2.tardis-apia.ldos-ut-pg0.wisc.cloudlab.us,tencentBlock_4361,lru,0.1,25,21,1,2,0.6889,2.18,15078414,24725.1968,1532185
node2.tardis-apia.ldos-ut-pg0.wisc.cloudlab.us,tencentBlock_4361,lru,0.1,25,21,1,3,0.6889,2.20,15078414,24725.1968,1532185
node2.tardis-apia.ldos-ut-pg0.wisc.cloudlab.us,tencentBlock_4361,lruforgive,0.1,25,21,1,1,0.6736,1.07,15078414,24725.1968,1532185
node2.tardis-apia.ldos-ut-pg0.wisc.cloudlab.us,tencentBlock_4361,lruforgive,0.1,25,21,1,2,0.6736,1.06,15078414,24725.1968,1532185
node2.tardis-apia.ldos-ut-pg0.wisc.cloudlab.us,tencentBlock_4361,lruforgive,0.1,25,21,1,3,0.6736,1.07,15078414,24725.1968,1532185
node2.tardis-apia.ldos-ut-pg0.wisc.cloudlab.us,tencentBlock_4361,s3fifo,0.1,25,21,1,1,0.7007,2.18,15078414,24725.1968,1532185
node2.tardis-apia.ldos-ut-pg0.wisc.cloudlab.us,tencentBlock_4361,s3fifo,0.1,25,21,1,2,0.7007,2.22,15078414,24725.1968,1532185
node2.tardis-apia.ldos-ut-pg0.wisc.cloudlab.us,tencentBlock_4361,s3fifo,0.1,25,21,1,3,0.7007,2.22,15078414,24725.1968,1532185
node2.tardis-apia.ldos-ut-pg0.wisc.cloudlab.us,tencentBlock_4361,s3fifoforgive,0.1,25,21,1,1,0.6983,1.33,15078414,24725.1968,1532185
node2.tardis-apia.ldos-ut-pg0.wisc.cloudlab.us,tencentBlock_4361,s3fifoforgive,0.1,25,21,1,2,0.6983,1.31,15078414,24725.1968,1532185
node2.tardis-apia.ldos-ut-pg0.wisc.cloudlab.us,tencentBlock_4361,s3fifoforgive,0.1,25,21,1,3,0.6983,1.33,15078414,24725.1968,1532185
node2.tardis-apia.ldos-ut-pg0.wisc.cloudlab.us,tencentBlock_4377,lru,10,6955,27,1,1,0.2643,0.40,52013868,69548.1344,3369264
node2.tardis-apia.ldos-ut-pg0.wisc.cloudlab.us,tencentBlock_4377,lru,10,6955,27,1,2,0.2643,0.39,52013868,69548.1344,3369264
node2.tardis-apia.ldos-ut-pg0.wisc.cloudlab.us,tencentBlock_4377,lru,10,6955,27,1,3,0.2643,0.39,52013868,69548.1344,3369264
node2.tardis-apia.ldos-ut-pg0.wisc.cloudlab.us,tencentBlock_4377,lruforgive,10,6955,27,1,1,0.2637,0.23,52013868,69548.1344,3369264
node2.tardis-apia.ldos-ut-pg0.wisc.cloudlab.us,tencentBlock_4377,lruforgive,10,6955,27,1,2,0.2637,0.23,52013868,69548.1344,3369264
node2.tardis-apia.ldos-ut-pg0.wisc.cloudlab.us,tencentBlock_4377,lruforgive,10,6955,27,1,3,0.2637,0.23,52013868,69548.1344,3369264
node2.tardis-apia.ldos-ut-pg0.wisc.cloudlab.us,tencentBlock_4377,s3fifo,10,6955,27,1,1,0.2729,0.39,52013868,69548.1344,3369264
node2.tardis-apia.ldos-ut-pg0.wisc.cloudlab.us,tencentBlock_4377,s3fifo,10,6955,27,1,2,0.2729,0.39,52013868,69548.1344,3369264
node2.tardis-apia.ldos-ut-pg0.wisc.cloudlab.us,tencentBlock_4377,s3fifo,10,6955,27,1,3,0.2729,0.39,52013868,69548.1344,3369264
node2.tardis-apia.ldos-ut-pg0.wisc.cloudlab.us,tencentBlock_4377,s3fifoforgive,10,6955,27,1,1,0.2727,0.24,52013868,69548.1344,3369264
node2.tardis-apia.ldos-ut-pg0.wisc.cloudlab.us,tencentBlock_4377,s3fifoforgive,10,6955,27,1,2,0.2727,0.24,52013868,69548.1344,3369264
node2.tardis-apia.ldos-ut-pg0.wisc.cloudlab.us,tencentBlock_4377,s3fifoforgive,10,6955,27,1,3,0.2727,0.24,52013868,69548.1344,3369264
node2.tardis-apia.ldos-ut-pg0.wisc.cloudlab.us,tencentBlock_4377,lru,0.1,70,22,1,1,0.7242,0.69,52013868,69548.1344,3369264
node2.tardis-apia.ldos-ut-pg0.wisc.cloudlab.us,tencentBlock_4377,lru,0.1,70,22,1,2,0.7242,0.69,52013868,69548.1344,3369264
node2.tardis-apia.ldos-ut-pg0.wisc.cloudlab.us,tencentBlock_4377,lru,0.1,70,22,1,3,0.7242,0.70,52013868,69548.1344,3369264
node2.tardis-apia.ldos-ut-pg0.wisc.cloudlab.us,tencentBlock_4377,lruforgive,0.1,70,22,1,1,0.7193,0.44,52013868,69548.1344,3369264
node2.tardis-apia.ldos-ut-pg0.wisc.cloudlab.us,tencentBlock_4377,lruforgive,0.1,70,22,1,2,0.7193,0.45,52013868,69548.1344,3369264
node2.tardis-apia.ldos-ut-pg0.wisc.cloudlab.us,tencentBlock_4377,lruforgive,0.1,70,22,1,3,0.7193,0.45,52013868,69548.1344,3369264
node2.tardis-apia.ldos-ut-pg0.wisc.cloudlab.us,tencentBlock_4377,s3fifo,0.1,70,22,1,1,0.7590,1.04,52013868,69548.1344,3369264
node2.tardis-apia.ldos-ut-pg0.wisc.cloudlab.us,tencentBlock_4377,s3fifo,0.1,70,22,1,2,0.7590,1.07,52013868,69548.1344,3369264
node2.tardis-apia.ldos-ut-pg0.wisc.cloudlab.us,tencentBlock_4377,s3fifo,0.1,70,22,1,3,0.7590,1.05,52013868,69548.1344,3369264
node2.tardis-apia.ldos-ut-pg0.wisc.cloudlab.us,tencentBlock_4377,s3fifoforgive,0.1,70,22,1,1,0.7531,0.69,52013868,69548.1344,3369264
node2.tardis-apia.ldos-ut-pg0.wisc.cloudlab.us,tencentBlock_4377,s3fifoforgive,0.1,70,22,1,2,0.7531,0.70,52013868,69548.1344,3369264
node2.tardis-apia.ldos-ut-pg0.wisc.cloudlab.us,tencentBlock_4377,s3fifoforgive,0.1,70,22,1,3,0.7531,0.70,52013868,69548.1344,3369264
node2.tardis-apia.ldos-ut-pg0.wisc.cloudlab.us,tencentBlock_4385,lru,10,159362,27,1,1,NA_TOOBIG,NA,NA,1593618.432,6108261
node2.tardis-apia.ldos-ut-pg0.wisc.cloudlab.us,tencentBlock_4385,lru,10,159362,27,1,2,NA_TOOBIG,NA,NA,1593618.432,6108261
node2.tardis-apia.ldos-ut-pg0.wisc.cloudlab.us,tencentBlock_4385,lru,10,159362,27,1,3,NA_TOOBIG,NA,NA,1593618.432,6108261
node2.tardis-apia.ldos-ut-pg0.wisc.cloudlab.us,tencentBlock_4385,lruforgive,10,159362,27,1,1,NA_TOOBIG,NA,NA,1593618.432,6108261
node2.tardis-apia.ldos-ut-pg0.wisc.cloudlab.us,tencentBlock_4385,lruforgive,10,159362,27,1,2,NA_TOOBIG,NA,NA,1593618.432,6108261
node2.tardis-apia.ldos-ut-pg0.wisc.cloudlab.us,tencentBlock_4385,lruforgive,10,159362,27,1,3,NA_TOOBIG,NA,NA,1593618.432,6108261
node2.tardis-apia.ldos-ut-pg0.wisc.cloudlab.us,tencentBlock_4385,s3fifo,10,159362,27,1,1,NA_TOOBIG,NA,NA,1593618.432,6108261
node2.tardis-apia.ldos-ut-pg0.wisc.cloudlab.us,tencentBlock_4385,s3fifo,10,159362,27,1,2,NA_TOOBIG,NA,NA,1593618.432,6108261
node2.tardis-apia.ldos-ut-pg0.wisc.cloudlab.us,tencentBlock_4385,s3fifo,10,159362,27,1,3,NA_TOOBIG,NA,NA,1593618.432,6108261
node2.tardis-apia.ldos-ut-pg0.wisc.cloudlab.us,tencentBlock_4385,s3fifoforgive,10,159362,27,1,1,NA_TOOBIG,NA,NA,1593618.432,6108261
node2.tardis-apia.ldos-ut-pg0.wisc.cloudlab.us,tencentBlock_4385,s3fifoforgive,10,159362,27,1,2,NA_TOOBIG,NA,NA,1593618.432,6108261
node2.tardis-apia.ldos-ut-pg0.wisc.cloudlab.us,tencentBlock_4385,s3fifoforgive,10,159362,27,1,3,NA_TOOBIG,NA,NA,1593618.432,6108261
node2.tardis-apia.ldos-ut-pg0.wisc.cloudlab.us,tencentBlock_4385,lru,0.1,1594,27,1,1,0.4237,0.08,40904624,1593618.432,6108261
node2.tardis-apia.ldos-ut-pg0.wisc.cloudlab.us,tencentBlock_4385,lru,0.1,1594,27,1,2,0.4237,0.08,40904624,1593618.432,6108261
node2.tardis-apia.ldos-ut-pg0.wisc.cloudlab.us,tencentBlock_4385,lru,0.1,1594,27,1,3,0.4237,0.08,40904624,1593618.432,6108261
node2.tardis-apia.ldos-ut-pg0.wisc.cloudlab.us,tencentBlock_4385,lruforgive,0.1,1594,27,1,1,0.4062,0.07,40904624,1593618.432,6108261
node2.tardis-apia.ldos-ut-pg0.wisc.cloudlab.us,tencentBlock_4385,lruforgive,0.1,1594,27,1,2,0.4062,0.07,40904624,1593618.432,6108261
node2.tardis-apia.ldos-ut-pg0.wisc.cloudlab.us,tencentBlock_4385,lruforgive,0.1,1594,27,1,3,0.4062,0.08,40904624,1593618.432,6108261
node2.tardis-apia.ldos-ut-pg0.wisc.cloudlab.us,tencentBlock_4385,s3fifo,0.1,1594,27,1,1,0.3920,0.08,40904624,1593618.432,6108261
node2.tardis-apia.ldos-ut-pg0.wisc.cloudlab.us,tencentBlock_4385,s3fifo,0.1,1594,27,1,2,0.3920,0.08,40904624,1593618.432,6108261
node2.tardis-apia.ldos-ut-pg0.wisc.cloudlab.us,tencentBlock_4385,s3fifo,0.1,1594,27,1,3,0.3920,0.08,40904624,1593618.432,6108261
node2.tardis-apia.ldos-ut-pg0.wisc.cloudlab.us,tencentBlock_4385,s3fifoforgive,0.1,1594,27,1,1,0.3913,0.08,40904624,1593618.432,6108261
node2.tardis-apia.ldos-ut-pg0.wisc.cloudlab.us,tencentBlock_4385,s3fifoforgive,0.1,1594,27,1,2,0.3913,0.08,40904624,1593618.432,6108261
node2.tardis-apia.ldos-ut-pg0.wisc.cloudlab.us,tencentBlock_4385,s3fifoforgive,0.1,1594,27,1,3,0.3913,0.08,40904624,1593618.432,6108261
node2.tardis-apia.ldos-ut-pg0.wisc.cloudlab.us,tencentBlock_4393,lru,10,2306,27,1,1,0.1962,0.56,11035679,23058.3296,1093934
node2.tardis-apia.ldos-ut-pg0.wisc.cloudlab.us,tencentBlock_4393,lru,10,2306,27,1,2,0.1962,0.55,11035679,23058.3296,1093934
node2.tardis-apia.ldos-ut-pg0.wisc.cloudlab.us,tencentBlock_4393,lru,10,2306,27,1,3,0.1962,0.55,11035679,23058.3296,1093934
node2.tardis-apia.ldos-ut-pg0.wisc.cloudlab.us,tencentBlock_4393,lruforgive,10,2306,27,1,1,0.1941,0.34,11035679,23058.3296,1093934
node2.tardis-apia.ldos-ut-pg0.wisc.cloudlab.us,tencentBlock_4393,lruforgive,10,2306,27,1,2,0.1941,0.34,11035679,23058.3296,1093934
node2.tardis-apia.ldos-ut-pg0.wisc.cloudlab.us,tencentBlock_4393,lruforgive,10,2306,27,1,3,0.1941,0.34,11035679,23058.3296,1093934
node2.tardis-apia.ldos-ut-pg0.wisc.cloudlab.us,tencentBlock_4393,s3fifo,10,2306,27,1,1,0.1818,0.70,11035679,23058.3296,1093934
node2.tardis-apia.ldos-ut-pg0.wisc.cloudlab.us,tencentBlock_4393,s3fifo,10,2306,27,1,2,0.1818,0.71,11035679,23058.3296,1093934
node2.tardis-apia.ldos-ut-pg0.wisc.cloudlab.us,tencentBlock_4393,s3fifo,10,2306,27,1,3,0.1818,0.70,11035679,23058.3296,1093934
node2.tardis-apia.ldos-ut-pg0.wisc.cloudlab.us,tencentBlock_4393,s3fifoforgive,10,2306,27,1,1,0.1818,0.38,11035679,23058.3296,1093934
node2.tardis-apia.ldos-ut-pg0.wisc.cloudlab.us,tencentBlock_4393,s3fifoforgive,10,2306,27,1,2,0.1818,0.38,11035679,23058.3296,1093934
node2.tardis-apia.ldos-ut-pg0.wisc.cloudlab.us,tencentBlock_4393,s3fifoforgive,10,2306,27,1,3,0.1818,0.38,11035679,23058.3296,1093934
node2.tardis-apia.ldos-ut-pg0.wisc.cloudlab.us,tencentBlock_4393,lru,0.1,23,21,1,1,0.7929,2.07,11035679,23058.3296,1093934
node2.tardis-apia.ldos-ut-pg0.wisc.cloudlab.us,tencentBlock_4393,lru,0.1,23,21,1,2,0.7929,2.05,11035679,23058.3296,1093934
node2.tardis-apia.ldos-ut-pg0.wisc.cloudlab.us,tencentBlock_4393,lru,0.1,23,21,1,3,0.7929,2.06,11035679,23058.3296,1093934
node2.tardis-apia.ldos-ut-pg0.wisc.cloudlab.us,tencentBlock_4393,lruforgive,0.1,23,21,1,1,0.7899,1.33,11035679,23058.3296,1093934
node2.tardis-apia.ldos-ut-pg0.wisc.cloudlab.us,tencentBlock_4393,lruforgive,0.1,23,21,1,2,0.7899,1.33,11035679,23058.3296,1093934
node2.tardis-apia.ldos-ut-pg0.wisc.cloudlab.us,tencentBlock_4393,lruforgive,0.1,23,21,1,3,0.7899,1.32,11035679,23058.3296,1093934
node2.tardis-apia.ldos-ut-pg0.wisc.cloudlab.us,tencentBlock_4393,s3fifo,0.1,23,21,1,1,0.7647,2.08,11035679,23058.3296,1093934
node2.tardis-apia.ldos-ut-pg0.wisc.cloudlab.us,tencentBlock_4393,s3fifo,0.1,23,21,1,2,0.7647,2.11,11035679,23058.3296,1093934
node2.tardis-apia.ldos-ut-pg0.wisc.cloudlab.us,tencentBlock_4393,s3fifo,0.1,23,21,1,3,0.7647,2.09,11035679,23058.3296,1093934
node2.tardis-apia.ldos-ut-pg0.wisc.cloudlab.us,tencentBlock_4393,s3fifoforgive,0.1,23,21,1,1,0.7645,1.46,11035679,23058.3296,1093934
node2.tardis-apia.ldos-ut-pg0.wisc.cloudlab.us,tencentBlock_4393,s3fifoforgive,0.1,23,21,1,2,0.7645,1.46,11035679,23058.3296,1093934
node2.tardis-apia.ldos-ut-pg0.wisc.cloudlab.us,tencentBlock_4393,s3fifoforgive,0.1,23,21,1,3,0.7645,1.46,11035679,23058.3296,1093934
node2.tardis-apia.ldos-ut-pg0.wisc.cloudlab.us,tencentBlock_4587,lru,10,13973,27,1,1,0.9966,0.08,3047545,139725.4144,2235672
node2.tardis-apia.ldos-ut-pg0.wisc.cloudlab.us,tencentBlock_4587,lru,10,13973,27,1,2,0.9966,0.08,3047545,139725.4144,2235672
node2.tardis-apia.ldos-ut-pg0.wisc.cloudlab.us,tencentBlock_4587,lru,10,13973,27,1,3,0.9966,0.08,3047545,139725.4144,2235672
node2.tardis-apia.ldos-ut-pg0.wisc.cloudlab.us,tencentBlock_4587,lruforgive,10,13973,27,1,1,0.9966,0.09,3047545,139725.4144,2235672
node2.tardis-apia.ldos-ut-pg0.wisc.cloudlab.us,tencentBlock_4587,lruforgive,10,13973,27,1,2,0.9966,0.08,3047545,139725.4144,2235672
node2.tardis-apia.ldos-ut-pg0.wisc.cloudlab.us,tencentBlock_4587,lruforgive,10,13973,27,1,3,0.9966,0.09,3047545,139725.4144,2235672
node2.tardis-apia.ldos-ut-pg0.wisc.cloudlab.us,tencentBlock_4587,s3fifo,10,13973,27,1,1,0.9947,0.08,3047545,139725.4144,2235672
node2.tardis-apia.ldos-ut-pg0.wisc.cloudlab.us,tencentBlock_4587,s3fifo,10,13973,27,1,2,0.9947,0.08,3047545,139725.4144,2235672
node2.tardis-apia.ldos-ut-pg0.wisc.cloudlab.us,tencentBlock_4587,s3fifo,10,13973,27,1,3,0.9947,0.08,3047545,139725.4144,2235672
node2.tardis-apia.ldos-ut-pg0.wisc.cloudlab.us,tencentBlock_4587,s3fifoforgive,10,13973,27,1,1,0.9947,0.09,3047545,139725.4144,2235672
node2.tardis-apia.ldos-ut-pg0.wisc.cloudlab.us,tencentBlock_4587,s3fifoforgive,10,13973,27,1,2,0.9947,0.09,3047545,139725.4144,2235672
node2.tardis-apia.ldos-ut-pg0.wisc.cloudlab.us,tencentBlock_4587,s3fifoforgive,10,13973,27,1,3,0.9947,0.09,3047545,139725.4144,2235672
node2.tardis-apia.ldos-ut-pg0.wisc.cloudlab.us,tencentBlock_4587,lru,0.1,140,23,1,1,1.0000,0.13,3047545,139725.4144,2235672
node2.tardis-apia.ldos-ut-pg0.wisc.cloudlab.us,tencentBlock_4587,lru,0.1,140,23,1,2,1.0000,0.13,3047545,139725.4144,2235672
node2.tardis-apia.ldos-ut-pg0.wisc.cloudlab.us,tencentBlock_4587,lru,0.1,140,23,1,3,1.0000,0.13,3047545,139725.4144,2235672
node2.tardis-apia.ldos-ut-pg0.wisc.cloudlab.us,tencentBlock_4587,lruforgive,0.1,140,23,1,1,1.0000,0.13,3047545,139725.4144,2235672
node2.tardis-apia.ldos-ut-pg0.wisc.cloudlab.us,tencentBlock_4587,lruforgive,0.1,140,23,1,2,1.0000,0.12,3047545,139725.4144,2235672
node2.tardis-apia.ldos-ut-pg0.wisc.cloudlab.us,tencentBlock_4587,lruforgive,0.1,140,23,1,3,1.0000,0.12,3047545,139725.4144,2235672
node2.tardis-apia.ldos-ut-pg0.wisc.cloudlab.us,tencentBlock_4587,s3fifo,0.1,140,23,1,1,0.9999,0.12,3047545,139725.4144,2235672
node2.tardis-apia.ldos-ut-pg0.wisc.cloudlab.us,tencentBlock_4587,s3fifo,0.1,140,23,1,2,0.9999,0.12,3047545,139725.4144,2235672
node2.tardis-apia.ldos-ut-pg0.wisc.cloudlab.us,tencentBlock_4587,s3fifo,0.1,140,23,1,3,0.9999,0.12,3047545,139725.4144,2235672
node2.tardis-apia.ldos-ut-pg0.wisc.cloudlab.us,tencentBlock_4587,s3fifoforgive,0.1,140,23,1,1,0.9999,0.12,3047545,139725.4144,2235672
node2.tardis-apia.ldos-ut-pg0.wisc.cloudlab.us,tencentBlock_4587,s3fifoforgive,0.1,140,23,1,2,0.9999,0.12,3047545,139725.4144,2235672
node2.tardis-apia.ldos-ut-pg0.wisc.cloudlab.us,tencentBlock_4587,s3fifoforgive,0.1,140,23,1,3,0.9999,0.12,3047545,139725.4144,2235672
node2.tardis-apia.ldos-ut-pg0.wisc.cloudlab.us,tencentBlock_4607,lru,10,1190,26,1,1,0.3488,0.61,5825008,11902.1568,1040813
node2.tardis-apia.ldos-ut-pg0.wisc.cloudlab.us,tencentBlock_4607,lru,10,1190,26,1,2,0.3488,0.60,5825008,11902.1568,1040813
node2.tardis-apia.ldos-ut-pg0.wisc.cloudlab.us,tencentBlock_4607,lru,10,1190,26,1,3,0.3488,0.61,5825008,11902.1568,1040813
node2.tardis-apia.ldos-ut-pg0.wisc.cloudlab.us,tencentBlock_4607,lruforgive,10,1190,26,1,1,0.3498,0.36,5825008,11902.1568,1040813
node2.tardis-apia.ldos-ut-pg0.wisc.cloudlab.us,tencentBlock_4607,lruforgive,10,1190,26,1,2,0.3498,0.36,5825008,11902.1568,1040813
node2.tardis-apia.ldos-ut-pg0.wisc.cloudlab.us,tencentBlock_4607,lruforgive,10,1190,26,1,3,0.3498,0.36,5825008,11902.1568,1040813
node2.tardis-apia.ldos-ut-pg0.wisc.cloudlab.us,tencentBlock_4607,s3fifo,10,1190,26,1,1,0.3570,0.65,5825008,11902.1568,1040813
node2.tardis-apia.ldos-ut-pg0.wisc.cloudlab.us,tencentBlock_4607,s3fifo,10,1190,26,1,2,0.3570,0.63,5825008,11902.1568,1040813
node2.tardis-apia.ldos-ut-pg0.wisc.cloudlab.us,tencentBlock_4607,s3fifo,10,1190,26,1,3,0.3570,0.64,5825008,11902.1568,1040813
node2.tardis-apia.ldos-ut-pg0.wisc.cloudlab.us,tencentBlock_4607,s3fifoforgive,10,1190,26,1,1,0.3570,0.40,5825008,11902.1568,1040813
node2.tardis-apia.ldos-ut-pg0.wisc.cloudlab.us,tencentBlock_4607,s3fifoforgive,10,1190,26,1,2,0.3570,0.40,5825008,11902.1568,1040813
node2.tardis-apia.ldos-ut-pg0.wisc.cloudlab.us,tencentBlock_4607,s3fifoforgive,10,1190,26,1,3,0.3570,0.40,5825008,11902.1568,1040813
node2.tardis-apia.ldos-ut-pg0.wisc.cloudlab.us,tencentBlock_4607,lru,0.1,12,20,1,1,0.5466,2.50,5825008,11902.1568,1040813
node2.tardis-apia.ldos-ut-pg0.wisc.cloudlab.us,tencentBlock_4607,lru,0.1,12,20,1,2,0.5466,2.60,5825008,11902.1568,1040813
node2.tardis-apia.ldos-ut-pg0.wisc.cloudlab.us,tencentBlock_4607,lru,0.1,12,20,1,3,0.5466,2.51,5825008,11902.1568,1040813
node2.tardis-apia.ldos-ut-pg0.wisc.cloudlab.us,tencentBlock_4607,lruforgive,0.1,12,20,1,1,0.5461,0.97,5825008,11902.1568,1040813
node2.tardis-apia.ldos-ut-pg0.wisc.cloudlab.us,tencentBlock_4607,lruforgive,0.1,12,20,1,2,0.5461,0.96,5825008,11902.1568,1040813
node2.tardis-apia.ldos-ut-pg0.wisc.cloudlab.us,tencentBlock_4607,lruforgive,0.1,12,20,1,3,0.5461,0.97,5825008,11902.1568,1040813
node2.tardis-apia.ldos-ut-pg0.wisc.cloudlab.us,tencentBlock_4607,s3fifo,0.1,12,20,1,1,0.5446,2.68,5825008,11902.1568,1040813
node2.tardis-apia.ldos-ut-pg0.wisc.cloudlab.us,tencentBlock_4607,s3fifo,0.1,12,20,1,2,0.5446,2.60,5825008,11902.1568,1040813
node2.tardis-apia.ldos-ut-pg0.wisc.cloudlab.us,tencentBlock_4607,s3fifo,0.1,12,20,1,3,0.5446,2.64,5825008,11902.1568,1040813
node2.tardis-apia.ldos-ut-pg0.wisc.cloudlab.us,tencentBlock_4607,s3fifoforgive,0.1,12,20,1,1,0.5444,1.11,5825008,11902.1568,1040813
node2.tardis-apia.ldos-ut-pg0.wisc.cloudlab.us,tencentBlock_4607,s3fifoforgive,0.1,12,20,1,2,0.5444,1.11,5825008,11902.1568,1040813
node2.tardis-apia.ldos-ut-pg0.wisc.cloudlab.us,tencentBlock_4607,s3fifoforgive,0.1,12,20,1,3,0.5444,1.09,5825008,11902.1568,1040813
node2.tardis-apia.ldos-ut-pg0.wisc.cloudlab.us,tencentBlock_4620,lru,10,13938,27,1,1,0.9966,0.08,3037029,139379.8144,2230145
node2.tardis-apia.ldos-ut-pg0.wisc.cloudlab.us,tencentBlock_4620,lru,10,13938,27,1,2,0.9966,0.08,3037029,139379.8144,2230145
node2.tardis-apia.ldos-ut-pg0.wisc.cloudlab.us,tencentBlock_4620,lru,10,13938,27,1,3,0.9966,0.08,3037029,139379.8144,2230145
node2.tardis-apia.ldos-ut-pg0.wisc.cloudlab.us,tencentBlock_4620,lruforgive,10,13938,27,1,1,0.9966,0.08,3037029,139379.8144,2230145
node2.tardis-apia.ldos-ut-pg0.wisc.cloudlab.us,tencentBlock_4620,lruforgive,10,13938,27,1,2,0.9966,0.09,3037029,139379.8144,2230145
node2.tardis-apia.ldos-ut-pg0.wisc.cloudlab.us,tencentBlock_4620,lruforgive,10,13938,27,1,3,0.9966,0.09,3037029,139379.8144,2230145
node2.tardis-apia.ldos-ut-pg0.wisc.cloudlab.us,tencentBlock_4620,s3fifo,10,13938,27,1,1,0.9948,0.08,3037029,139379.8144,2230145
node2.tardis-apia.ldos-ut-pg0.wisc.cloudlab.us,tencentBlock_4620,s3fifo,10,13938,27,1,2,0.9948,0.08,3037029,139379.8144,2230145
node2.tardis-apia.ldos-ut-pg0.wisc.cloudlab.us,tencentBlock_4620,s3fifo,10,13938,27,1,3,0.9948,0.08,3037029,139379.8144,2230145
node2.tardis-apia.ldos-ut-pg0.wisc.cloudlab.us,tencentBlock_4620,s3fifoforgive,10,13938,27,1,1,0.9948,0.09,3037029,139379.8144,2230145
node2.tardis-apia.ldos-ut-pg0.wisc.cloudlab.us,tencentBlock_4620,s3fifoforgive,10,13938,27,1,2,0.9948,0.09,3037029,139379.8144,2230145
node2.tardis-apia.ldos-ut-pg0.wisc.cloudlab.us,tencentBlock_4620,s3fifoforgive,10,13938,27,1,3,0.9948,0.09,3037029,139379.8144,2230145
node2.tardis-apia.ldos-ut-pg0.wisc.cloudlab.us,tencentBlock_4620,lru,0.1,139,23,1,1,1.0000,0.13,3037029,139379.8144,2230145
node2.tardis-apia.ldos-ut-pg0.wisc.cloudlab.us,tencentBlock_4620,lru,0.1,139,23,1,2,1.0000,0.13,3037029,139379.8144,2230145
node2.tardis-apia.ldos-ut-pg0.wisc.cloudlab.us,tencentBlock_4620,lru,0.1,139,23,1,3,1.0000,0.13,3037029,139379.8144,2230145
node2.tardis-apia.ldos-ut-pg0.wisc.cloudlab.us,tencentBlock_4620,lruforgive,0.1,139,23,1,1,1.0000,0.13,3037029,139379.8144,2230145
node2.tardis-apia.ldos-ut-pg0.wisc.cloudlab.us,tencentBlock_4620,lruforgive,0.1,139,23,1,2,1.0000,0.12,3037029,139379.8144,2230145
node2.tardis-apia.ldos-ut-pg0.wisc.cloudlab.us,tencentBlock_4620,lruforgive,0.1,139,23,1,3,1.0000,0.12,3037029,139379.8144,2230145
node2.tardis-apia.ldos-ut-pg0.wisc.cloudlab.us,tencentBlock_4620,s3fifo,0.1,139,23,1,1,1.0000,0.13,3037029,139379.8144,2230145
node2.tardis-apia.ldos-ut-pg0.wisc.cloudlab.us,tencentBlock_4620,s3fifo,0.1,139,23,1,2,1.0000,0.12,3037029,139379.8144,2230145
node2.tardis-apia.ldos-ut-pg0.wisc.cloudlab.us,tencentBlock_4620,s3fifo,0.1,139,23,1,3,1.0000,0.13,3037029,139379.8144,2230145
node2.tardis-apia.ldos-ut-pg0.wisc.cloudlab.us,tencentBlock_4620,s3fifoforgive,0.1,139,23,1,1,1.0000,0.12,3037029,139379.8144,2230145
node2.tardis-apia.ldos-ut-pg0.wisc.cloudlab.us,tencentBlock_4620,s3fifoforgive,0.1,139,23,1,2,1.0000,0.12,3037029,139379.8144,2230145
node2.tardis-apia.ldos-ut-pg0.wisc.cloudlab.us,tencentBlock_4620,s3fifoforgive,0.1,139,23,1,3,1.0000,0.13,3037029,139379.8144,2230145
node2.tardis-apia.ldos-ut-pg0.wisc.cloudlab.us,tencentBlock_4741,lru,10,3458,27,1,1,0.2633,0.47,37859398,34584.9856,2567201
node2.tardis-apia.ldos-ut-pg0.wisc.cloudlab.us,tencentBlock_4741,lru,10,3458,27,1,2,0.2633,0.47,37859398,34584.9856,2567201
node2.tardis-apia.ldos-ut-pg0.wisc.cloudlab.us,tencentBlock_4741,lru,10,3458,27,1,3,0.2633,0.47,37859398,34584.9856,2567201
node2.tardis-apia.ldos-ut-pg0.wisc.cloudlab.us,tencentBlock_4741,lruforgive,10,3458,27,1,1,0.2619,0.26,37859398,34584.9856,2567201
node2.tardis-apia.ldos-ut-pg0.wisc.cloudlab.us,tencentBlock_4741,lruforgive,10,3458,27,1,2,0.2619,0.26,37859398,34584.9856,2567201
node2.tardis-apia.ldos-ut-pg0.wisc.cloudlab.us,tencentBlock_4741,lruforgive,10,3458,27,1,3,0.2619,0.26,37859398,34584.9856,2567201
node2.tardis-apia.ldos-ut-pg0.wisc.cloudlab.us,tencentBlock_4741,s3fifo,10,3458,27,1,1,0.2545,0.48,37859398,34584.9856,2567201
node2.tardis-apia.ldos-ut-pg0.wisc.cloudlab.us,tencentBlock_4741,s3fifo,10,3458,27,1,2,0.2545,0.48,37859398,34584.9856,2567201
node2.tardis-apia.ldos-ut-pg0.wisc.cloudlab.us,tencentBlock_4741,s3fifo,10,3458,27,1,3,0.2545,0.48,37859398,34584.9856,2567201
node2.tardis-apia.ldos-ut-pg0.wisc.cloudlab.us,tencentBlock_4741,s3fifoforgive,10,3458,27,1,1,0.2544,0.28,37859398,34584.9856,2567201
node2.tardis-apia.ldos-ut-pg0.wisc.cloudlab.us,tencentBlock_4741,s3fifoforgive,10,3458,27,1,2,0.2544,0.28,37859398,34584.9856,2567201
node2.tardis-apia.ldos-ut-pg0.wisc.cloudlab.us,tencentBlock_4741,s3fifoforgive,10,3458,27,1,3,0.2544,0.28,37859398,34584.9856,2567201
node2.tardis-apia.ldos-ut-pg0.wisc.cloudlab.us,tencentBlock_4741,lru,0.1,35,21,1,1,0.8015,1.23,37859398,34584.9856,2567201
node2.tardis-apia.ldos-ut-pg0.wisc.cloudlab.us,tencentBlock_4741,lru,0.1,35,21,1,2,0.8015,1.25,37859398,34584.9856,2567201
node2.tardis-apia.ldos-ut-pg0.wisc.cloudlab.us,tencentBlock_4741,lru,0.1,35,21,1,3,0.8015,1.24,37859398,34584.9856,2567201
node2.tardis-apia.ldos-ut-pg0.wisc.cloudlab.us,tencentBlock_4741,lruforgive,0.1,35,21,1,1,0.7914,0.75,37859398,34584.9856,2567201
node2.tardis-apia.ldos-ut-pg0.wisc.cloudlab.us,tencentBlock_4741,lruforgive,0.1,35,21,1,2,0.7914,0.75,37859398,34584.9856,2567201
node2.tardis-apia.ldos-ut-pg0.wisc.cloudlab.us,tencentBlock_4741,lruforgive,0.1,35,21,1,3,0.7914,0.75,37859398,34584.9856,2567201
node2.tardis-apia.ldos-ut-pg0.wisc.cloudlab.us,tencentBlock_4741,s3fifo,0.1,35,21,1,1,0.8287,1.46,37859398,34584.9856,2567201
node2.tardis-apia.ldos-ut-pg0.wisc.cloudlab.us,tencentBlock_4741,s3fifo,0.1,35,21,1,2,0.8287,1.46,37859398,34584.9856,2567201
node2.tardis-apia.ldos-ut-pg0.wisc.cloudlab.us,tencentBlock_4741,s3fifo,0.1,35,21,1,3,0.8287,1.45,37859398,34584.9856,2567201
node2.tardis-apia.ldos-ut-pg0.wisc.cloudlab.us,tencentBlock_4741,s3fifoforgive,0.1,35,21,1,1,0.8234,1.02,37859398,34584.9856,2567201
node2.tardis-apia.ldos-ut-pg0.wisc.cloudlab.us,tencentBlock_4741,s3fifoforgive,0.1,35,21,1,2,0.8234,1.02,37859398,34584.9856,2567201
node2.tardis-apia.ldos-ut-pg0.wisc.cloudlab.us,tencentBlock_4741,s3fifoforgive,0.1,35,21,1,3,0.8234,1.01,37859398,34584.9856,2567201
node2.tardis-apia.ldos-ut-pg0.wisc.cloudlab.us,tencentBlock_4747,lru,10,2425,27,1,1,0.5366,0.34,8729694,24253.3376,1386652
node2.tardis-apia.ldos-ut-pg0.wisc.cloudlab.us,tencentBlock_4747,lru,10,2425,27,1,2,0.5366,0.34,8729694,24253.3376,1386652
node2.tardis-apia.ldos-ut-pg0.wisc.cloudlab.us,tencentBlock_4747,lru,10,2425,27,1,3,0.5366,0.35,8729694,24253.3376,1386652
node2.tardis-apia.ldos-ut-pg0.wisc.cloudlab.us,tencentBlock_4747,lruforgive,10,2425,27,1,1,0.5372,0.26,8729694,24253.3376,1386652
node2.tardis-apia.ldos-ut-pg0.wisc.cloudlab.us,tencentBlock_4747,lruforgive,10,2425,27,1,2,0.5372,0.27,8729694,24253.3376,1386652
node2.tardis-apia.ldos-ut-pg0.wisc.cloudlab.us,tencentBlock_4747,lruforgive,10,2425,27,1,3,0.5372,0.26,8729694,24253.3376,1386652
node2.tardis-apia.ldos-ut-pg0.wisc.cloudlab.us,tencentBlock_4747,s3fifo,10,2425,27,1,1,0.5329,0.33,8729694,24253.3376,1386652
node2.tardis-apia.ldos-ut-pg0.wisc.cloudlab.us,tencentBlock_4747,s3fifo,10,2425,27,1,2,0.5329,0.33,8729694,24253.3376,1386652
node2.tardis-apia.ldos-ut-pg0.wisc.cloudlab.us,tencentBlock_4747,s3fifo,10,2425,27,1,3,0.5329,0.33,8729694,24253.3376,1386652
node2.tardis-apia.ldos-ut-pg0.wisc.cloudlab.us,tencentBlock_4747,s3fifoforgive,10,2425,27,1,1,0.5329,0.27,8729694,24253.3376,1386652
node2.tardis-apia.ldos-ut-pg0.wisc.cloudlab.us,tencentBlock_4747,s3fifoforgive,10,2425,27,1,2,0.5329,0.27,8729694,24253.3376,1386652
node2.tardis-apia.ldos-ut-pg0.wisc.cloudlab.us,tencentBlock_4747,s3fifoforgive,10,2425,27,1,3,0.5329,0.27,8729694,24253.3376,1386652
node2.tardis-apia.ldos-ut-pg0.wisc.cloudlab.us,tencentBlock_4747,lru,0.1,24,21,1,1,0.6668,1.73,8729694,24253.3376,1386652
node2.tardis-apia.ldos-ut-pg0.wisc.cloudlab.us,tencentBlock_4747,lru,0.1,24,21,1,2,0.6668,1.69,8729694,24253.3376,1386652
node2.tardis-apia.ldos-ut-pg0.wisc.cloudlab.us,tencentBlock_4747,lru,0.1,24,21,1,3,0.6668,1.66,8729694,24253.3376,1386652
node2.tardis-apia.ldos-ut-pg0.wisc.cloudlab.us,tencentBlock_4747,lruforgive,0.1,24,21,1,1,0.6662,0.81,8729694,24253.3376,1386652
node2.tardis-apia.ldos-ut-pg0.wisc.cloudlab.us,tencentBlock_4747,lruforgive,0.1,24,21,1,2,0.6662,0.80,8729694,24253.3376,1386652
node2.tardis-apia.ldos-ut-pg0.wisc.cloudlab.us,tencentBlock_4747,lruforgive,0.1,24,21,1,3,0.6662,0.81,8729694,24253.3376,1386652
node2.tardis-apia.ldos-ut-pg0.wisc.cloudlab.us,tencentBlock_4747,s3fifo,0.1,24,21,1,1,0.6691,1.78,8729694,24253.3376,1386652
node2.tardis-apia.ldos-ut-pg0.wisc.cloudlab.us,tencentBlock_4747,s3fifo,0.1,24,21,1,2,0.6691,1.74,8729694,24253.3376,1386652
node2.tardis-apia.ldos-ut-pg0.wisc.cloudlab.us,tencentBlock_4747,s3fifo,0.1,24,21,1,3,0.6691,1.73,8729694,24253.3376,1386652
node2.tardis-apia.ldos-ut-pg0.wisc.cloudlab.us,tencentBlock_4747,s3fifoforgive,0.1,24,21,1,1,0.6690,0.91,8729694,24253.3376,1386652
node2.tardis-apia.ldos-ut-pg0.wisc.cloudlab.us,tencentBlock_4747,s3fifoforgive,0.1,24,21,1,2,0.6690,0.91,8729694,24253.3376,1386652
node2.tardis-apia.ldos-ut-pg0.wisc.cloudlab.us,tencentBlock_4747,s3fifoforgive,0.1,24,21,1,3,0.6690,0.91,8729694,24253.3376,1386652
node2.tardis-apia.ldos-ut-pg0.wisc.cloudlab.us,tencentBlock_4786,lru,10,15479,27,1,1,0.0595,0.68,125221114,154785.1776,4222797
node2.tardis-apia.ldos-ut-pg0.wisc.cloudlab.us,tencentBlock_4786,lru,10,15479,27,1,2,0.0595,0.68,125221114,154785.1776,4222797
node2.tardis-apia.ldos-ut-pg0.wisc.cloudlab.us,tencentBlock_4786,lru,10,15479,27,1,3,0.0595,0.68,125221114,154785.1776,4222797
node2.tardis-apia.ldos-ut-pg0.wisc.cloudlab.us,tencentBlock_4786,lruforgive,10,15479,27,1,1,0.0592,0.30,125221114,154785.1776,4222797
node2.tardis-apia.ldos-ut-pg0.wisc.cloudlab.us,tencentBlock_4786,lruforgive,10,15479,27,1,2,0.0592,0.30,125221114,154785.1776,4222797
node2.tardis-apia.ldos-ut-pg0.wisc.cloudlab.us,tencentBlock_4786,lruforgive,10,15479,27,1,3,0.0592,0.30,125221114,154785.1776,4222797
node2.tardis-apia.ldos-ut-pg0.wisc.cloudlab.us,tencentBlock_4786,s3fifo,10,15479,27,1,1,0.0550,0.76,125221114,154785.1776,4222797
node2.tardis-apia.ldos-ut-pg0.wisc.cloudlab.us,tencentBlock_4786,s3fifo,10,15479,27,1,2,0.0550,0.76,125221114,154785.1776,4222797
node2.tardis-apia.ldos-ut-pg0.wisc.cloudlab.us,tencentBlock_4786,s3fifo,10,15479,27,1,3,0.0550,0.76,125221114,154785.1776,4222797
node2.tardis-apia.ldos-ut-pg0.wisc.cloudlab.us,tencentBlock_4786,s3fifoforgive,10,15479,27,1,1,0.0550,0.32,125221114,154785.1776,4222797
node2.tardis-apia.ldos-ut-pg0.wisc.cloudlab.us,tencentBlock_4786,s3fifoforgive,10,15479,27,1,2,0.0550,0.32,125221114,154785.1776,4222797
node2.tardis-apia.ldos-ut-pg0.wisc.cloudlab.us,tencentBlock_4786,s3fifoforgive,10,15479,27,1,3,0.0550,0.32,125221114,154785.1776,4222797
node2.tardis-apia.ldos-ut-pg0.wisc.cloudlab.us,tencentBlock_4786,lru,0.1,155,23,1,1,0.8103,1.06,125221114,154785.1776,4222797
node2.tardis-apia.ldos-ut-pg0.wisc.cloudlab.us,tencentBlock_4786,lru,0.1,155,23,1,2,0.8103,1.06,125221114,154785.1776,4222797
node2.tardis-apia.ldos-ut-pg0.wisc.cloudlab.us,tencentBlock_4786,lru,0.1,155,23,1,3,0.8103,1.07,125221114,154785.1776,4222797
node2.tardis-apia.ldos-ut-pg0.wisc.cloudlab.us,tencentBlock_4786,lruforgive,0.1,155,23,1,1,0.7717,0.60,125221114,154785.1776,4222797
node2.tardis-apia.ldos-ut-pg0.wisc.cloudlab.us,tencentBlock_4786,lruforgive,0.1,155,23,1,2,0.7717,0.59,125221114,154785.1776,4222797
node2.tardis-apia.ldos-ut-pg0.wisc.cloudlab.us,tencentBlock_4786,lruforgive,0.1,155,23,1,3,0.7717,0.60,125221114,154785.1776,4222797
node2.tardis-apia.ldos-ut-pg0.wisc.cloudlab.us,tencentBlock_4786,s3fifo,0.1,155,23,1,1,0.7411,1.26,125221114,154785.1776,4222797
node2.tardis-apia.ldos-ut-pg0.wisc.cloudlab.us,tencentBlock_4786,s3fifo,0.1,155,23,1,2,0.7411,1.31,125221114,154785.1776,4222797
node2.tardis-apia.ldos-ut-pg0.wisc.cloudlab.us,tencentBlock_4786,s3fifo,0.1,155,23,1,3,0.7411,1.28,125221114,154785.1776,4222797
node2.tardis-apia.ldos-ut-pg0.wisc.cloudlab.us,tencentBlock_4786,s3fifoforgive,0.1,155,23,1,1,0.7353,0.83,125221114,154785.1776,4222797
node2.tardis-apia.ldos-ut-pg0.wisc.cloudlab.us,tencentBlock_4786,s3fifoforgive,0.1,155,23,1,2,0.7353,0.83,125221114,154785.1776,4222797
node2.tardis-apia.ldos-ut-pg0.wisc.cloudlab.us,tencentBlock_4786,s3fifoforgive,0.1,155,23,1,3,0.7353,0.81,125221114,154785.1776,4222797
node2.tardis-apia.ldos-ut-pg0.wisc.cloudlab.us,tencentBlock_4818,lru,10,1130,26,1,1,0.2799,0.49,19472461,11297.4848,1035676
node2.tardis-apia.ldos-ut-pg0.wisc.cloudlab.us,tencentBlock_4818,lru,10,1130,26,1,2,0.2799,0.49,19472461,11297.4848,1035676
node2.tardis-apia.ldos-ut-pg0.wisc.cloudlab.us,tencentBlock_4818,lru,10,1130,26,1,3,0.2799,0.49,19472461,11297.4848,1035676
node2.tardis-apia.ldos-ut-pg0.wisc.cloudlab.us,tencentBlock_4818,lruforgive,10,1130,26,1,1,0.2680,0.33,19472461,11297.4848,1035676
node2.tardis-apia.ldos-ut-pg0.wisc.cloudlab.us,tencentBlock_4818,lruforgive,10,1130,26,1,2,0.2680,0.33,19472461,11297.4848,1035676
node2.tardis-apia.ldos-ut-pg0.wisc.cloudlab.us,tencentBlock_4818,lruforgive,10,1130,26,1,3,0.2680,0.33,19472461,11297.4848,1035676
node2.tardis-apia.ldos-ut-pg0.wisc.cloudlab.us,tencentBlock_4818,s3fifo,10,1130,26,1,1,0.2407,0.72,19472461,11297.4848,1035676
node2.tardis-apia.ldos-ut-pg0.wisc.cloudlab.us,tencentBlock_4818,s3fifo,10,1130,26,1,2,0.2407,0.72,19472461,11297.4848,1035676
node2.tardis-apia.ldos-ut-pg0.wisc.cloudlab.us,tencentBlock_4818,s3fifo,10,1130,26,1,3,0.2407,0.72,19472461,11297.4848,1035676
node2.tardis-apia.ldos-ut-pg0.wisc.cloudlab.us,tencentBlock_4818,s3fifoforgive,10,1130,26,1,1,0.2412,0.40,19472461,11297.4848,1035676
node2.tardis-apia.ldos-ut-pg0.wisc.cloudlab.us,tencentBlock_4818,s3fifoforgive,10,1130,26,1,2,0.2412,0.39,19472461,11297.4848,1035676
node2.tardis-apia.ldos-ut-pg0.wisc.cloudlab.us,tencentBlock_4818,s3fifoforgive,10,1130,26,1,3,0.2412,0.40,19472461,11297.4848,1035676
node2.tardis-apia.ldos-ut-pg0.wisc.cloudlab.us,tencentBlock_4818,lru,0.1,11,19,1,1,0.7579,3.27,19472461,11297.4848,1035676
node2.tardis-apia.ldos-ut-pg0.wisc.cloudlab.us,tencentBlock_4818,lru,0.1,11,19,1,2,0.7579,3.27,19472461,11297.4848,1035676
node2.tardis-apia.ldos-ut-pg0.wisc.cloudlab.us,tencentBlock_4818,lru,0.1,11,19,1,3,0.7579,3.31,19472461,11297.4848,1035676
node2.tardis-apia.ldos-ut-pg0.wisc.cloudlab.us,tencentBlock_4818,lruforgive,0.1,11,19,1,1,0.7447,1.84,19472461,11297.4848,1035676
node2.tardis-apia.ldos-ut-pg0.wisc.cloudlab.us,tencentBlock_4818,lruforgive,0.1,11,19,1,2,0.7447,1.86,19472461,11297.4848,1035676
node2.tardis-apia.ldos-ut-pg0.wisc.cloudlab.us,tencentBlock_4818,lruforgive,0.1,11,19,1,3,0.7447,1.83,19472461,11297.4848,1035676
node2.tardis-apia.ldos-ut-pg0.wisc.cloudlab.us,tencentBlock_4818,s3fifo,0.1,11,19,1,1,0.7455,3.50,19472461,11297.4848,1035676
node2.tardis-apia.ldos-ut-pg0.wisc.cloudlab.us,tencentBlock_4818,s3fifo,0.1,11,19,1,2,0.7455,3.55,19472461,11297.4848,1035676
node2.tardis-apia.ldos-ut-pg0.wisc.cloudlab.us,tencentBlock_4818,s3fifo,0.1,11,19,1,3,0.7455,3.50,19472461,11297.4848,1035676
node2.tardis-apia.ldos-ut-pg0.wisc.cloudlab.us,tencentBlock_4818,s3fifoforgive,0.1,11,19,1,1,0.7448,2.16,19472461,11297.4848,1035676
node2.tardis-apia.ldos-ut-pg0.wisc.cloudlab.us,tencentBlock_4818,s3fifoforgive,0.1,11,19,1,2,0.7448,2.17,19472461,11297.4848,1035676
node2.tardis-apia.ldos-ut-pg0.wisc.cloudlab.us,tencentBlock_4818,s3fifoforgive,0.1,11,19,1,3,0.7448,2.18,19472461,11297.4848,1035676
node2.tardis-apia.ldos-ut-pg0.wisc.cloudlab.us,tencentBlock_4828,lru,10,2850,27,1,1,0.2994,0.42,51651629,28504.064,2227489
node2.tardis-apia.ldos-ut-pg0.wisc.cloudlab.us,tencentBlock_4828,lru,10,2850,27,1,2,0.2994,0.42,51651629,28504.064,2227489
node2.tardis-apia.ldos-ut-pg0.wisc.cloudlab.us,tencentBlock_4828,lru,10,2850,27,1,3,0.2994,0.42,51651629,28504.064,2227489
node2.tardis-apia.ldos-ut-pg0.wisc.cloudlab.us,tencentBlock_4828,lruforgive,10,2850,27,1,1,0.2964,0.24,51651629,28504.064,2227489
node2.tardis-apia.ldos-ut-pg0.wisc.cloudlab.us,tencentBlock_4828,lruforgive,10,2850,27,1,2,0.2964,0.24,51651629,28504.064,2227489
node2.tardis-apia.ldos-ut-pg0.wisc.cloudlab.us,tencentBlock_4828,lruforgive,10,2850,27,1,3,0.2964,0.24,51651629,28504.064,2227489
node2.tardis-apia.ldos-ut-pg0.wisc.cloudlab.us,tencentBlock_4828,s3fifo,10,2850,27,1,1,0.2917,0.43,51651629,28504.064,2227489
node2.tardis-apia.ldos-ut-pg0.wisc.cloudlab.us,tencentBlock_4828,s3fifo,10,2850,27,1,2,0.2917,0.43,51651629,28504.064,2227489
node2.tardis-apia.ldos-ut-pg0.wisc.cloudlab.us,tencentBlock_4828,s3fifo,10,2850,27,1,3,0.2917,0.43,51651629,28504.064,2227489
node2.tardis-apia.ldos-ut-pg0.wisc.cloudlab.us,tencentBlock_4828,s3fifoforgive,10,2850,27,1,1,0.2914,0.26,51651629,28504.064,2227489
node2.tardis-apia.ldos-ut-pg0.wisc.cloudlab.us,tencentBlock_4828,s3fifoforgive,10,2850,27,1,2,0.2914,0.26,51651629,28504.064,2227489
node2.tardis-apia.ldos-ut-pg0.wisc.cloudlab.us,tencentBlock_4828,s3fifoforgive,10,2850,27,1,3,0.2914,0.26,51651629,28504.064,2227489
node2.tardis-apia.ldos-ut-pg0.wisc.cloudlab.us,tencentBlock_4828,lru,0.1,29,21,1,1,0.8191,1.57,51651629,28504.064,2227489
node2.tardis-apia.ldos-ut-pg0.wisc.cloudlab.us,tencentBlock_4828,lru,0.1,29,21,1,2,0.8191,1.55,51651629,28504.064,2227489
node2.tardis-apia.ldos-ut-pg0.wisc.cloudlab.us,tencentBlock_4828,lru,0.1,29,21,1,3,0.8191,1.55,51651629,28504.064,2227489
node2.tardis-apia.ldos-ut-pg0.wisc.cloudlab.us,tencentBlock_4828,lruforgive,0.1,29,21,1,1,0.8131,0.81,51651629,28504.064,2227489
node2.tardis-apia.ldos-ut-pg0.wisc.cloudlab.us,tencentBlock_4828,lruforgive,0.1,29,21,1,2,0.8131,0.80,51651629,28504.064,2227489
node2.tardis-apia.ldos-ut-pg0.wisc.cloudlab.us,tencentBlock_4828,lruforgive,0.1,29,21,1,3,0.8131,0.82,51651629,28504.064,2227489
node2.tardis-apia.ldos-ut-pg0.wisc.cloudlab.us,tencentBlock_4828,s3fifo,0.1,29,21,1,1,0.8283,1.60,51651629,28504.064,2227489
node2.tardis-apia.ldos-ut-pg0.wisc.cloudlab.us,tencentBlock_4828,s3fifo,0.1,29,21,1,2,0.8283,1.60,51651629,28504.064,2227489
node2.tardis-apia.ldos-ut-pg0.wisc.cloudlab.us,tencentBlock_4828,s3fifo,0.1,29,21,1,3,0.8283,1.59,51651629,28504.064,2227489
node2.tardis-apia.ldos-ut-pg0.wisc.cloudlab.us,tencentBlock_4828,s3fifoforgive,0.1,29,21,1,1,0.8270,1.08,51651629,28504.064,2227489
node2.tardis-apia.ldos-ut-pg0.wisc.cloudlab.us,tencentBlock_4828,s3fifoforgive,0.1,29,21,1,2,0.8270,1.07,51651629,28504.064,2227489
node2.tardis-apia.ldos-ut-pg0.wisc.cloudlab.us,tencentBlock_4828,s3fifoforgive,0.1,29,21,1,3,0.8270,1.09,51651629,28504.064,2227489
node2.tardis-apia.ldos-ut-pg0.wisc.cloudlab.us,tencentBlock_4833,lru,10,39714,27,1,1,0.1189,0.08,11901298,397142.528,1319840
node2.tardis-apia.ldos-ut-pg0.wisc.cloudlab.us,tencentBlock_4833,lru,10,39714,27,1,2,0.1189,0.08,11901298,397142.528,1319840
node2.tardis-apia.ldos-ut-pg0.wisc.cloudlab.us,tencentBlock_4833,lru,10,39714,27,1,3,0.1189,0.09,11901298,397142.528,1319840
node2.tardis-apia.ldos-ut-pg0.wisc.cloudlab.us,tencentBlock_4833,lruforgive,10,39714,27,1,1,0.1189,0.07,11901298,397142.528,1319840
node2.tardis-apia.ldos-ut-pg0.wisc.cloudlab.us,tencentBlock_4833,lruforgive,10,39714,27,1,2,0.1189,0.07,11901298,397142.528,1319840
node2.tardis-apia.ldos-ut-pg0.wisc.cloudlab.us,tencentBlock_4833,lruforgive,10,39714,27,1,3,0.1189,0.07,11901298,397142.528,1319840
node2.tardis-apia.ldos-ut-pg0.wisc.cloudlab.us,tencentBlock_4833,s3fifo,10,39714,27,1,1,0.1231,0.08,11901298,397142.528,1319840
node2.tardis-apia.ldos-ut-pg0.wisc.cloudlab.us,tencentBlock_4833,s3fifo,10,39714,27,1,2,0.1231,0.08,11901298,397142.528,1319840
node2.tardis-apia.ldos-ut-pg0.wisc.cloudlab.us,tencentBlock_4833,s3fifo,10,39714,27,1,3,0.1231,0.08,11901298,397142.528,1319840
node2.tardis-apia.ldos-ut-pg0.wisc.cloudlab.us,tencentBlock_4833,s3fifoforgive,10,39714,27,1,1,0.1231,0.08,11901298,397142.528,1319840
node2.tardis-apia.ldos-ut-pg0.wisc.cloudlab.us,tencentBlock_4833,s3fifoforgive,10,39714,27,1,2,0.1231,0.08,11901298,397142.528,1319840
node2.tardis-apia.ldos-ut-pg0.wisc.cloudlab.us,tencentBlock_4833,s3fifoforgive,10,39714,27,1,3,0.1231,0.08,11901298,397142.528,1319840
node2.tardis-apia.ldos-ut-pg0.wisc.cloudlab.us,tencentBlock_4833,lru,0.1,397,25,1,1,0.5783,0.22,11901298,397142.528,1319840
node2.tardis-apia.ldos-ut-pg0.wisc.cloudlab.us,tencentBlock_4833,lru,0.1,397,25,1,2,0.5783,0.21,11901298,397142.528,1319840
node2.tardis-apia.ldos-ut-pg0.wisc.cloudlab.us,tencentBlock_4833,lru,0.1,397,25,1,3,0.5783,0.22,11901298,397142.528,1319840
node2.tardis-apia.ldos-ut-pg0.wisc.cloudlab.us,tencentBlock_4833,lruforgive,0.1,397,25,1,1,0.5763,0.18,11901298,397142.528,1319840
node2.tardis-apia.ldos-ut-pg0.wisc.cloudlab.us,tencentBlock_4833,lruforgive,0.1,397,25,1,2,0.5763,0.17,11901298,397142.528,1319840
node2.tardis-apia.ldos-ut-pg0.wisc.cloudlab.us,tencentBlock_4833,lruforgive,0.1,397,25,1,3,0.5762,0.18,11901298,397142.528,1319840
node2.tardis-apia.ldos-ut-pg0.wisc.cloudlab.us,tencentBlock_4833,s3fifo,0.1,397,25,1,1,0.5274,0.27,11901298,397142.528,1319840
node2.tardis-apia.ldos-ut-pg0.wisc.cloudlab.us,tencentBlock_4833,s3fifo,0.1,397,25,1,2,0.5275,0.26,11901298,397142.528,1319840
node2.tardis-apia.ldos-ut-pg0.wisc.cloudlab.us,tencentBlock_4833,s3fifo,0.1,397,25,1,3,NA,NA,NA,397142.528,1319840
node2.tardis-apia.ldos-ut-pg0.wisc.cloudlab.us,tencentBlock_4833,s3fifoforgive,0.1,397,25,1,1,0.5274,0.21,11901298,397142.528,1319840
node2.tardis-apia.ldos-ut-pg0.wisc.cloudlab.us,tencentBlock_4833,s3fifoforgive,0.1,397,25,1,2,0.5273,0.22,11901298,397142.528,1319840
node2.tardis-apia.ldos-ut-pg0.wisc.cloudlab.us,tencentBlock_4833,s3fifoforgive,0.1,397,25,1,3,0.5274,0.22,11901298,397142.528,1319840
node2.tardis-apia.ldos-ut-pg0.wisc.cloudlab.us,tencentBlock_4838,lru,10,2049,27,1,1,0.2651,0.57,24213626,20491.776,2171437
node2.tardis-apia.ldos-ut-pg0.wisc.cloudlab.us,tencentBlock_4838,lru,10,2049,27,1,2,0.2651,0.56,24213626,20491.776,2171437
node2.tardis-apia.ldos-ut-pg0.wisc.cloudlab.us,tencentBlock_4838,lru,10,2049,27,1,3,0.2651,0.57,24213626,20491.776,2171437
node2.tardis-apia.ldos-ut-pg0.wisc.cloudlab.us,tencentBlock_4838,lruforgive,10,2049,27,1,1,0.2631,0.31,24213626,20491.776,2171437
node2.tardis-apia.ldos-ut-pg0.wisc.cloudlab.us,tencentBlock_4838,lruforgive,10,2049,27,1,2,0.2631,0.31,24213626,20491.776,2171437
node2.tardis-apia.ldos-ut-pg0.wisc.cloudlab.us,tencentBlock_4838,lruforgive,10,2049,27,1,3,0.2631,0.30,24213626,20491.776,2171437
node2.tardis-apia.ldos-ut-pg0.wisc.cloudlab.us,tencentBlock_4838,s3fifo,10,2049,27,1,1,0.2467,0.62,24213626,20491.776,2171437
node2.tardis-apia.ldos-ut-pg0.wisc.cloudlab.us,tencentBlock_4838,s3fifo,10,2049,27,1,2,0.2467,0.62,24213626,20491.776,2171437
node2.tardis-apia.ldos-ut-pg0.wisc.cloudlab.us,tencentBlock_4838,s3fifo,10,2049,27,1,3,0.2467,0.62,24213626,20491.776,2171437
node2.tardis-apia.ldos-ut-pg0.wisc.cloudlab.us,tencentBlock_4838,s3fifoforgive,10,2049,27,1,1,0.2465,0.34,24213626,20491.776,2171437
node2.tardis-apia.ldos-ut-pg0.wisc.cloudlab.us,tencentBlock_4838,s3fifoforgive,10,2049,27,1,2,0.2465,0.34,24213626,20491.776,2171437
node2.tardis-apia.ldos-ut-pg0.wisc.cloudlab.us,tencentBlock_4838,s3fifoforgive,10,2049,27,1,3,0.2465,0.34,24213626,20491.776,2171437
node2.tardis-apia.ldos-ut-pg0.wisc.cloudlab.us,tencentBlock_4838,lru,0.1,20,20,1,1,0.7927,2.36,24213626,20491.776,2171437
node2.tardis-apia.ldos-ut-pg0.wisc.cloudlab.us,tencentBlock_4838,lru,0.1,20,20,1,2,0.7927,2.42,24213626,20491.776,2171437
node2.tardis-apia.ldos-ut-pg0.wisc.cloudlab.us,tencentBlock_4838,lru,0.1,20,20,1,3,0.7927,2.39,24213626,20491.776,2171437
node2.tardis-apia.ldos-ut-pg0.wisc.cloudlab.us,tencentBlock_4838,lruforgive,0.1,20,20,1,1,0.7824,1.29,24213626,20491.776,2171437
node2.tardis-apia.ldos-ut-pg0.wisc.cloudlab.us,tencentBlock_4838,lruforgive,0.1,20,20,1,2,0.7824,1.29,24213626,20491.776,2171437
node2.tardis-apia.ldos-ut-pg0.wisc.cloudlab.us,tencentBlock_4838,lruforgive,0.1,20,20,1,3,0.7824,1.29,24213626,20491.776,2171437
node2.tardis-apia.ldos-ut-pg0.wisc.cloudlab.us,tencentBlock_4838,s3fifo,0.1,20,20,1,1,0.8034,2.40,24213626,20491.776,2171437
node2.tardis-apia.ldos-ut-pg0.wisc.cloudlab.us,tencentBlock_4838,s3fifo,0.1,20,20,1,2,0.8034,2.40,24213626,20491.776,2171437
node2.tardis-apia.ldos-ut-pg0.wisc.cloudlab.us,tencentBlock_4838,s3fifo,0.1,20,20,1,3,0.8034,2.41,24213626,20491.776,2171437
node2.tardis-apia.ldos-ut-pg0.wisc.cloudlab.us,tencentBlock_4838,s3fifoforgive,0.1,20,20,1,1,0.8011,1.59,24213626,20491.776,2171437
node2.tardis-apia.ldos-ut-pg0.wisc.cloudlab.us,tencentBlock_4838,s3fifoforgive,0.1,20,20,1,2,0.8011,1.58,24213626,20491.776,2171437
node2.tardis-apia.ldos-ut-pg0.wisc.cloudlab.us,tencentBlock_4838,s3fifoforgive,0.1,20,20,1,3,0.8011,1.57,24213626,20491.776,2171437
node2.tardis-apia.ldos-ut-pg0.wisc.cloudlab.us,tencentBlock_4883,lru,10,6054,27,1,1,0.6156,0.32,15326725,60541.8496,1429982
node2.tardis-apia.ldos-ut-pg0.wisc.cloudlab.us,tencentBlock_4883,lru,10,6054,27,1,2,0.6156,0.31,15326725,60541.8496,1429982
node2.tardis-apia.ldos-ut-pg0.wisc.cloudlab.us,tencentBlock_4883,lru,10,6054,27,1,3,0.6156,0.32,15326725,60541.8496,1429982
node2.tardis-apia.ldos-ut-pg0.wisc.cloudlab.us,tencentBlock_4883,lruforgive,10,6054,27,1,1,0.6087,0.27,15326725,60541.8496,1429982
node2.tardis-apia.ldos-ut-pg0.wisc.cloudlab.us,tencentBlock_4883,lruforgive,10,6054,27,1,2,0.6087,0.27,15326725,60541.8496,1429982
node2.tardis-apia.ldos-ut-pg0.wisc.cloudlab.us,tencentBlock_4883,lruforgive,10,6054,27,1,3,0.6087,0.27,15326725,60541.8496,1429982
node2.tardis-apia.ldos-ut-pg0.wisc.cloudlab.us,tencentBlock_4883,s3fifo,10,6054,27,1,1,0.4104,0.38,15326725,60541.8496,1429982
node2.tardis-apia.ldos-ut-pg0.wisc.cloudlab.us,tencentBlock_4883,s3fifo,10,6054,27,1,2,0.4104,0.38,15326725,60541.8496,1429982
node2.tardis-apia.ldos-ut-pg0.wisc.cloudlab.us,tencentBlock_4883,s3fifo,10,6054,27,1,3,0.4104,0.38,15326725,60541.8496,1429982
node2.tardis-apia.ldos-ut-pg0.wisc.cloudlab.us,tencentBlock_4883,s3fifoforgive,10,6054,27,1,1,0.4103,0.29,15326725,60541.8496,1429982
node2.tardis-apia.ldos-ut-pg0.wisc.cloudlab.us,tencentBlock_4883,s3fifoforgive,10,6054,27,1,2,0.4103,0.29,15326725,60541.8496,1429982
node2.tardis-apia.ldos-ut-pg0.wisc.cloudlab.us,tencentBlock_4883,s3fifoforgive,10,6054,27,1,3,0.4103,0.29,15326725,60541.8496,1429982
node2.tardis-apia.ldos-ut-pg0.wisc.cloudlab.us,tencentBlock_4883,lru,0.1,61,22,1,1,0.8171,0.72,15326725,60541.8496,1429982
node2.tardis-apia.ldos-ut-pg0.wisc.cloudlab.us,tencentBlock_4883,lru,0.1,61,22,1,2,0.8171,0.72,15326725,60541.8496,1429982
node2.tardis-apia.ldos-ut-pg0.wisc.cloudlab.us,tencentBlock_4883,lru,0.1,61,22,1,3,0.8171,0.71,15326725,60541.8496,1429982
node2.tardis-apia.ldos-ut-pg0.wisc.cloudlab.us,tencentBlock_4883,lruforgive,0.1,61,22,1,1,0.7902,0.45,15326725,60541.8496,1429982
node2.tardis-apia.ldos-ut-pg0.wisc.cloudlab.us,tencentBlock_4883,lruforgive,0.1,61,22,1,2,0.7902,0.45,15326725,60541.8496,1429982
node2.tardis-apia.ldos-ut-pg0.wisc.cloudlab.us,tencentBlock_4883,lruforgive,0.1,61,22,1,3,0.7902,0.45,15326725,60541.8496,1429982
node2.tardis-apia.ldos-ut-pg0.wisc.cloudlab.us,tencentBlock_4883,s3fifo,0.1,61,22,1,1,0.7744,0.96,15326725,60541.8496,1429982
node2.tardis-apia.ldos-ut-pg0.wisc.cloudlab.us,tencentBlock_4883,s3fifo,0.1,61,22,1,2,0.7744,0.96,15326725,60541.8496,1429982
node2.tardis-apia.ldos-ut-pg0.wisc.cloudlab.us,tencentBlock_4883,s3fifo,0.1,61,22,1,3,0.7744,0.95,15326725,60541.8496,1429982
node2.tardis-apia.ldos-ut-pg0.wisc.cloudlab.us,tencentBlock_4883,s3fifoforgive,0.1,61,22,1,1,0.7726,0.77,15326725,60541.8496,1429982
node2.tardis-apia.ldos-ut-pg0.wisc.cloudlab.us,tencentBlock_4883,s3fifoforgive,0.1,61,22,1,2,0.7726,0.77,15326725,60541.8496,1429982
node2.tardis-apia.ldos-ut-pg0.wisc.cloudlab.us,tencentBlock_4883,s3fifoforgive,0.1,61,22,1,3,0.7726,0.77,15326725,60541.8496,1429982
node2.tardis-apia.ldos-ut-pg0.wisc.cloudlab.us,tencentBlock_4927,lru,10,5864,27,1,1,0.0326,1.31,114262495,58641.408,2202735
node2.tardis-apia.ldos-ut-pg0.wisc.cloudlab.us,tencentBlock_4927,lru,10,5864,27,1,2,0.0326,1.30,114262495,58641.408,2202735
node2.tardis-apia.ldos-ut-pg0.wisc.cloudlab.us,tencentBlock_4927,lru,10,5864,27,1,3,0.0326,1.29,114262495,58641.408,2202735
node2.tardis-apia.ldos-ut-pg0.wisc.cloudlab.us,tencentBlock_4927,lruforgive,10,5864,27,1,1,0.0326,0.49,114262495,58641.408,2202735
node2.tardis-apia.ldos-ut-pg0.wisc.cloudlab.us,tencentBlock_4927,lruforgive,10,5864,27,1,2,0.0326,0.48,114262495,58641.408,2202735
node2.tardis-apia.ldos-ut-pg0.wisc.cloudlab.us,tencentBlock_4927,lruforgive,10,5864,27,1,3,0.0326,0.48,114262495,58641.408,2202735
node2.tardis-apia.ldos-ut-pg0.wisc.cloudlab.us,tencentBlock_4927,s3fifo,10,5864,27,1,1,0.0343,1.42,114262495,58641.408,2202735
node2.tardis-apia.ldos-ut-pg0.wisc.cloudlab.us,tencentBlock_4927,s3fifo,10,5864,27,1,2,0.0343,1.42,114262495,58641.408,2202735
node2.tardis-apia.ldos-ut-pg0.wisc.cloudlab.us,tencentBlock_4927,s3fifo,10,5864,27,1,3,0.0343,1.41,114262495,58641.408,2202735
node2.tardis-apia.ldos-ut-pg0.wisc.cloudlab.us,tencentBlock_4927,s3fifoforgive,10,5864,27,1,1,0.0343,0.50,114262495,58641.408,2202735
node2.tardis-apia.ldos-ut-pg0.wisc.cloudlab.us,tencentBlock_4927,s3fifoforgive,10,5864,27,1,2,0.0343,0.50,114262495,58641.408,2202735
node2.tardis-apia.ldos-ut-pg0.wisc.cloudlab.us,tencentBlock_4927,s3fifoforgive,10,5864,27,1,3,0.0343,0.50,114262495,58641.408,2202735
node2.tardis-apia.ldos-ut-pg0.wisc.cloudlab.us,tencentBlock_4927,lru,0.1,59,22,1,1,0.4107,1.28,114262495,58641.408,2202735
node2.tardis-apia.ldos-ut-pg0.wisc.cloudlab.us,tencentBlock_4927,lru,0.1,59,22,1,2,0.4107,1.27,114262495,58641.408,2202735
node2.tardis-apia.ldos-ut-pg0.wisc.cloudlab.us,tencentBlock_4927,lru,0.1,59,22,1,3,0.4107,1.27,114262495,58641.408,2202735
node2.tardis-apia.ldos-ut-pg0.wisc.cloudlab.us,tencentBlock_4927,lruforgive,0.1,59,22,1,1,0.3802,0.60,114262495,58641.408,2202735
node2.tardis-apia.ldos-ut-pg0.wisc.cloudlab.us,tencentBlock_4927,lruforgive,0.1,59,22,1,2,0.3802,0.60,114262495,58641.408,2202735
node2.tardis-apia.ldos-ut-pg0.wisc.cloudlab.us,tencentBlock_4927,lruforgive,0.1,59,22,1,3,0.3802,0.59,114262495,58641.408,2202735
node2.tardis-apia.ldos-ut-pg0.wisc.cloudlab.us,tencentBlock_4927,s3fifo,0.1,59,22,1,1,0.3468,1.48,114262495,58641.408,2202735
node2.tardis-apia.ldos-ut-pg0.wisc.cloudlab.us,tencentBlock_4927,s3fifo,0.1,59,22,1,2,0.3468,1.53,114262495,58641.408,2202735
node2.tardis-apia.ldos-ut-pg0.wisc.cloudlab.us,tencentBlock_4927,s3fifo,0.1,59,22,1,3,0.3468,1.53,114262495,58641.408,2202735
node2.tardis-apia.ldos-ut-pg0.wisc.cloudlab.us,tencentBlock_4927,s3fifoforgive,0.1,59,22,1,1,0.3438,0.76,114262495,58641.408,2202735
node2.tardis-apia.ldos-ut-pg0.wisc.cloudlab.us,tencentBlock_4927,s3fifoforgive,0.1,59,22,1,2,0.3438,0.78,114262495,58641.408,2202735
node2.tardis-apia.ldos-ut-pg0.wisc.cloudlab.us,tencentBlock_4927,s3fifoforgive,0.1,59,22,1,3,0.3438,0.78,114262495,58641.408,2202735
node2.tardis-apia.ldos-ut-pg0.wisc.cloudlab.us,tencentBlock_4929,lru,10,12542,27,1,1,0.3428,0.10,3588675,125424.8448,1162043
node2.tardis-apia.ldos-ut-pg0.wisc.cloudlab.us,tencentBlock_4929,lru,10,12542,27,1,2,0.3428,0.10,3588675,125424.8448,1162043
node2.tardis-apia.ldos-ut-pg0.wisc.cloudlab.us,tencentBlock_4929,lru,10,12542,27,1,3,0.3428,0.10,3588675,125424.8448,1162043
node2.tardis-apia.ldos-ut-pg0.wisc.cloudlab.us,tencentBlock_4929,lruforgive,10,12542,27,1,1,0.3427,0.10,3588675,125424.8448,1162043
node2.tardis-apia.ldos-ut-pg0.wisc.cloudlab.us,tencentBlock_4929,lruforgive,10,12542,27,1,2,0.3427,0.10,3588675,125424.8448,1162043
node2.tardis-apia.ldos-ut-pg0.wisc.cloudlab.us,tencentBlock_4929,lruforgive,10,12542,27,1,3,0.3427,0.10,3588675,125424.8448,1162043
node2.tardis-apia.ldos-ut-pg0.wisc.cloudlab.us,tencentBlock_4929,s3fifo,10,12542,27,1,1,0.3438,0.11,3588675,125424.8448,1162043
node2.tardis-apia.ldos-ut-pg0.wisc.cloudlab.us,tencentBlock_4929,s3fifo,10,12542,27,1,2,0.3438,0.11,3588675,125424.8448,1162043
node2.tardis-apia.ldos-ut-pg0.wisc.cloudlab.us,tencentBlock_4929,s3fifo,10,12542,27,1,3,0.3438,0.11,3588675,125424.8448,1162043
node2.tardis-apia.ldos-ut-pg0.wisc.cloudlab.us,tencentBlock_4929,s3fifoforgive,10,12542,27,1,1,0.3438,0.10,3588675,125424.8448,1162043
node2.tardis-apia.ldos-ut-pg0.wisc.cloudlab.us,tencentBlock_4929,s3fifoforgive,10,12542,27,1,2,0.3438,0.10,3588675,125424.8448,1162043
node2.tardis-apia.ldos-ut-pg0.wisc.cloudlab.us,tencentBlock_4929,s3fifoforgive,10,12542,27,1,3,0.3438,0.10,3588675,125424.8448,1162043
node2.tardis-apia.ldos-ut-pg0.wisc.cloudlab.us,tencentBlock_4929,lru,0.1,125,23,1,1,0.6496,0.13,3588675,125424.8448,1162043
node2.tardis-apia.ldos-ut-pg0.wisc.cloudlab.us,tencentBlock_4929,lru,0.1,125,23,1,2,0.6496,0.13,3588675,125424.8448,1162043
node2.tardis-apia.ldos-ut-pg0.wisc.cloudlab.us,tencentBlock_4929,lru,0.1,125,23,1,3,0.6496,0.13,3588675,125424.8448,1162043
node2.tardis-apia.ldos-ut-pg0.wisc.cloudlab.us,tencentBlock_4929,lruforgive,0.1,125,23,1,1,0.6288,0.12,3588675,125424.8448,1162043
node2.tardis-apia.ldos-ut-pg0.wisc.cloudlab.us,tencentBlock_4929,lruforgive,0.1,125,23,1,2,0.6288,0.12,3588675,125424.8448,1162043
node2.tardis-apia.ldos-ut-pg0.wisc.cloudlab.us,tencentBlock_4929,lruforgive,0.1,125,23,1,3,0.6287,0.12,3588675,125424.8448,1162043
node2.tardis-apia.ldos-ut-pg0.wisc.cloudlab.us,tencentBlock_4929,s3fifo,0.1,125,23,1,1,0.6212,0.28,3588675,125424.8448,1162043
node2.tardis-apia.ldos-ut-pg0.wisc.cloudlab.us,tencentBlock_4929,s3fifo,0.1,125,23,1,2,0.6212,0.28,3588675,125424.8448,1162043
node2.tardis-apia.ldos-ut-pg0.wisc.cloudlab.us,tencentBlock_4929,s3fifo,0.1,125,23,1,3,0.6212,0.29,3588675,125424.8448,1162043
node2.tardis-apia.ldos-ut-pg0.wisc.cloudlab.us,tencentBlock_4929,s3fifoforgive,0.1,125,23,1,1,0.6196,0.25,3588675,125424.8448,1162043
node2.tardis-apia.ldos-ut-pg0.wisc.cloudlab.us,tencentBlock_4929,s3fifoforgive,0.1,125,23,1,2,0.6196,0.25,3588675,125424.8448,1162043
node2.tardis-apia.ldos-ut-pg0.wisc.cloudlab.us,tencentBlock_4929,s3fifoforgive,0.1,125,23,1,3,0.6196,0.25,3588675,125424.8448,1162043
node2.tardis-apia.ldos-ut-pg0.wisc.cloudlab.us,tencentBlock_5002,lru,10,3585,27,1,1,0.3311,0.41,61749081,35845.8368,2614260
node2.tardis-apia.ldos-ut-pg0.wisc.cloudlab.us,tencentBlock_5002,lru,10,3585,27,1,2,0.3311,0.41,61749081,35845.8368,2614260
node2.tardis-apia.ldos-ut-pg0.wisc.cloudlab.us,tencentBlock_5002,lru,10,3585,27,1,3,0.3311,0.41,61749081,35845.8368,2614260
node2.tardis-apia.ldos-ut-pg0.wisc.cloudlab.us,tencentBlock_5002,lruforgive,10,3585,27,1,1,0.3290,0.24,61749081,35845.8368,2614260
node2.tardis-apia.ldos-ut-pg0.wisc.cloudlab.us,tencentBlock_5002,lruforgive,10,3585,27,1,2,0.3290,0.24,61749081,35845.8368,2614260
node2.tardis-apia.ldos-ut-pg0.wisc.cloudlab.us,tencentBlock_5002,lruforgive,10,3585,27,1,3,0.3290,0.24,61749081,35845.8368,2614260
node2.tardis-apia.ldos-ut-pg0.wisc.cloudlab.us,tencentBlock_5002,s3fifo,10,3585,27,1,1,0.3132,0.43,61749081,35845.8368,2614260
node2.tardis-apia.ldos-ut-pg0.wisc.cloudlab.us,tencentBlock_5002,s3fifo,10,3585,27,1,2,0.3132,0.43,61749081,35845.8368,2614260
node2.tardis-apia.ldos-ut-pg0.wisc.cloudlab.us,tencentBlock_5002,s3fifo,10,3585,27,1,3,0.3132,0.42,61749081,35845.8368,2614260
node2.tardis-apia.ldos-ut-pg0.wisc.cloudlab.us,tencentBlock_5002,s3fifoforgive,10,3585,27,1,1,0.3130,0.26,61749081,35845.8368,2614260
node2.tardis-apia.ldos-ut-pg0.wisc.cloudlab.us,tencentBlock_5002,s3fifoforgive,10,3585,27,1,2,0.3130,0.26,61749081,35845.8368,2614260
node2.tardis-apia.ldos-ut-pg0.wisc.cloudlab.us,tencentBlock_5002,s3fifoforgive,10,3585,27,1,3,0.3130,0.26,61749081,35845.8368,2614260
node2.tardis-apia.ldos-ut-pg0.wisc.cloudlab.us,tencentBlock_5002,lru,0.1,36,21,1,1,0.8339,1.21,61749081,35845.8368,2614260
node2.tardis-apia.ldos-ut-pg0.wisc.cloudlab.us,tencentBlock_5002,lru,0.1,36,21,1,2,0.8339,1.21,61749081,35845.8368,2614260
node2.tardis-apia.ldos-ut-pg0.wisc.cloudlab.us,tencentBlock_5002,lru,0.1,36,21,1,3,0.8339,1.21,61749081,35845.8368,2614260
node2.tardis-apia.ldos-ut-pg0.wisc.cloudlab.us,tencentBlock_5002,lruforgive,0.1,36,21,1,1,0.8269,0.79,61749081,35845.8368,2614260
node2.tardis-apia.ldos-ut-pg0.wisc.cloudlab.us,tencentBlock_5002,lruforgive,0.1,36,21,1,2,0.8269,0.79,61749081,35845.8368,2614260
node2.tardis-apia.ldos-ut-pg0.wisc.cloudlab.us,tencentBlock_5002,lruforgive,0.1,36,21,1,3,0.8269,0.79,61749081,35845.8368,2614260
node2.tardis-apia.ldos-ut-pg0.wisc.cloudlab.us,tencentBlock_5002,s3fifo,0.1,36,21,1,1,0.8476,1.58,61749081,35845.8368,2614260
node2.tardis-apia.ldos-ut-pg0.wisc.cloudlab.us,tencentBlock_5002,s3fifo,0.1,36,21,1,2,0.8476,1.58,61749081,35845.8368,2614260
node2.tardis-apia.ldos-ut-pg0.wisc.cloudlab.us,tencentBlock_5002,s3fifo,0.1,36,21,1,3,0.8476,1.57,61749081,35845.8368,2614260
node2.tardis-apia.ldos-ut-pg0.wisc.cloudlab.us,tencentBlock_5002,s3fifoforgive,0.1,36,21,1,1,0.8430,1.09,61749081,35845.8368,2614260
node2.tardis-apia.ldos-ut-pg0.wisc.cloudlab.us,tencentBlock_5002,s3fifoforgive,0.1,36,21,1,2,0.8430,1.09,61749081,35845.8368,2614260
node2.tardis-apia.ldos-ut-pg0.wisc.cloudlab.us,tencentBlock_5002,s3fifoforgive,0.1,36,21,1,3,0.8430,1.07,61749081,35845.8368,2614260
node2.tardis-apia.ldos-ut-pg0.wisc.cloudlab.us,tencentBlock_5046,lru,10,47258,27,1,1,0.2043,0.16,30350819,472582.0416,5668841
node2.tardis-apia.ldos-ut-pg0.wisc.cloudlab.us,tencentBlock_5046,lru,10,47258,27,1,2,0.2043,0.15,30350819,472582.0416,5668841
node2.tardis-apia.ldos-ut-pg0.wisc.cloudlab.us,tencentBlock_5046,lru,10,47258,27,1,3,0.2043,0.15,30350819,472582.0416,5668841
node2.tardis-apia.ldos-ut-pg0.wisc.cloudlab.us,tencentBlock_5046,lruforgive,10,47258,27,1,1,0.2043,0.14,30350819,472582.0416,5668841
node2.tardis-apia.ldos-ut-pg0.wisc.cloudlab.us,tencentBlock_5046,lruforgive,10,47258,27,1,2,0.2043,0.14,30350819,472582.0416,5668841
node2.tardis-apia.ldos-ut-pg0.wisc.cloudlab.us,tencentBlock_5046,lruforgive,10,47258,27,1,3,0.2043,0.14,30350819,472582.0416,5668841
node2.tardis-apia.ldos-ut-pg0.wisc.cloudlab.us,tencentBlock_5046,s3fifo,10,47258,27,1,1,0.2066,0.16,30350819,472582.0416,5668841
node2.tardis-apia.ldos-ut-pg0.wisc.cloudlab.us,tencentBlock_5046,s3fifo,10,47258,27,1,2,0.2066,0.16,30350819,472582.0416,5668841
node2.tardis-apia.ldos-ut-pg0.wisc.cloudlab.us,tencentBlock_5046,s3fifo,10,47258,27,1,3,0.2066,0.16,30350819,472582.0416,5668841
node2.tardis-apia.ldos-ut-pg0.wisc.cloudlab.us,tencentBlock_5046,s3fifoforgive,10,47258,27,1,1,0.2066,0.14,30350819,472582.0416,5668841
node2.tardis-apia.ldos-ut-pg0.wisc.cloudlab.us,tencentBlock_5046,s3fifoforgive,10,47258,27,1,2,0.2066,0.14,30350819,472582.0416,5668841
node2.tardis-apia.ldos-ut-pg0.wisc.cloudlab.us,tencentBlock_5046,s3fifoforgive,10,47258,27,1,3,0.2066,0.14,30350819,472582.0416,5668841
node2.tardis-apia.ldos-ut-pg0.wisc.cloudlab.us,tencentBlock_5046,lru,0.1,473,25,1,1,0.2289,0.16,30350819,472582.0416,5668841
node2.tardis-apia.ldos-ut-pg0.wisc.cloudlab.us,tencentBlock_5046,lru,0.1,473,25,1,2,0.2289,0.16,30350819,472582.0416,5668841
node2.tardis-apia.ldos-ut-pg0.wisc.cloudlab.us,tencentBlock_5046,lru,0.1,473,25,1,3,0.2289,0.16,30350819,472582.0416,5668841
node2.tardis-apia.ldos-ut-pg0.wisc.cloudlab.us,tencentBlock_5046,lruforgive,0.1,473,25,1,1,0.2287,0.14,30350819,472582.0416,5668841
node2.tardis-apia.ldos-ut-pg0.wisc.cloudlab.us,tencentBlock_5046,lruforgive,0.1,473,25,1,2,0.2287,0.14,30350819,472582.0416,5668841
node2.tardis-apia.ldos-ut-pg0.wisc.cloudlab.us,tencentBlock_5046,lruforgive,0.1,473,25,1,3,0.2287,0.14,30350819,472582.0416,5668841
node2.tardis-apia.ldos-ut-pg0.wisc.cloudlab.us,tencentBlock_5046,s3fifo,0.1,473,25,1,1,0.2333,0.16,30350819,472582.0416,5668841
node2.tardis-apia.ldos-ut-pg0.wisc.cloudlab.us,tencentBlock_5046,s3fifo,0.1,473,25,1,2,0.2333,0.16,30350819,472582.0416,5668841
node2.tardis-apia.ldos-ut-pg0.wisc.cloudlab.us,tencentBlock_5046,s3fifo,0.1,473,25,1,3,0.2333,0.16,30350819,472582.0416,5668841
node2.tardis-apia.ldos-ut-pg0.wisc.cloudlab.us,tencentBlock_5046,s3fifoforgive,0.1,473,25,1,1,0.2333,0.14,30350819,472582.0416,5668841
node2.tardis-apia.ldos-ut-pg0.wisc.cloudlab.us,tencentBlock_5046,s3fifoforgive,0.1,473,25,1,2,0.2333,0.14,30350819,472582.0416,5668841
node2.tardis-apia.ldos-ut-pg0.wisc.cloudlab.us,tencentBlock_5046,s3fifoforgive,0.1,473,25,1,3,0.2333,0.14,30350819,472582.0416,5668841
node2.tardis-apia.ldos-ut-pg0.wisc.cloudlab.us,tencentBlock_5048,lru,10,5680,27,1,1,0.0854,0.86,71339461,56798.0032,3369037
node2.tardis-apia.ldos-ut-pg0.wisc.cloudlab.us,tencentBlock_5048,lru,10,5680,27,1,2,0.0854,0.87,71339461,56798.0032,3369037
node2.tardis-apia.ldos-ut-pg0.wisc.cloudlab.us,tencentBlock_5048,lru,10,5680,27,1,3,0.0854,0.87,71339461,56798.0032,3369037
node2.tardis-apia.ldos-ut-pg0.wisc.cloudlab.us,tencentBlock_5048,lruforgive,10,5680,27,1,1,0.0841,0.38,71339461,56798.0032,3369037
node2.tardis-apia.ldos-ut-pg0.wisc.cloudlab.us,tencentBlock_5048,lruforgive,10,5680,27,1,2,0.0841,0.38,71339461,56798.0032,3369037
node2.tardis-apia.ldos-ut-pg0.wisc.cloudlab.us,tencentBlock_5048,lruforgive,10,5680,27,1,3,0.0841,0.37,71339461,56798.0032,3369037
node2.tardis-apia.ldos-ut-pg0.wisc.cloudlab.us,tencentBlock_5048,s3fifo,10,5680,27,1,1,0.0752,1.07,71339461,56798.0032,3369037
node2.tardis-apia.ldos-ut-pg0.wisc.cloudlab.us,tencentBlock_5048,s3fifo,10,5680,27,1,2,0.0752,1.06,71339461,56798.0032,3369037
node2.tardis-apia.ldos-ut-pg0.wisc.cloudlab.us,tencentBlock_5048,s3fifo,10,5680,27,1,3,0.0752,1.06,71339461,56798.0032,3369037
node2.tardis-apia.ldos-ut-pg0.wisc.cloudlab.us,tencentBlock_5048,s3fifoforgive,10,5680,27,1,1,0.0752,0.41,71339461,56798.0032,3369037
node2.tardis-apia.ldos-ut-pg0.wisc.cloudlab.us,tencentBlock_5048,s3fifoforgive,10,5680,27,1,2,0.0752,0.41,71339461,56798.0032,3369037
node2.tardis-apia.ldos-ut-pg0.wisc.cloudlab.us,tencentBlock_5048,s3fifoforgive,10,5680,27,1,3,0.0752,0.42,71339461,56798.0032,3369037
node2.tardis-apia.ldos-ut-pg0.wisc.cloudlab.us,tencentBlock_5048,lru,0.1,57,22,1,1,0.6621,1.49,71339461,56798.0032,3369037
node2.tardis-apia.ldos-ut-pg0.wisc.cloudlab.us,tencentBlock_5048,lru,0.1,57,22,1,2,0.6621,1.46,71339461,56798.0032,3369037
node2.tardis-apia.ldos-ut-pg0.wisc.cloudlab.us,tencentBlock_5048,lru,0.1,57,22,1,3,0.6621,1.48,71339461,56798.0032,3369037
node2.tardis-apia.ldos-ut-pg0.wisc.cloudlab.us,tencentBlock_5048,lruforgive,0.1,57,22,1,1,0.6156,0.69,71339461,56798.0032,3369037
node2.tardis-apia.ldos-ut-pg0.wisc.cloudlab.us,tencentBlock_5048,lruforgive,0.1,57,22,1,2,0.6156,0.68,71339461,56798.0032,3369037
node2.tardis-apia.ldos-ut-pg0.wisc.cloudlab.us,tencentBlock_5048,lruforgive,0.1,57,22,1,3,0.6156,0.68,71339461,56798.0032,3369037
node2.tardis-apia.ldos-ut-pg0.wisc.cloudlab.us,tencentBlock_5048,s3fifo,0.1,57,22,1,1,0.5734,1.75,71339461,56798.0032,3369037
node2.tardis-apia.ldos-ut-pg0.wisc.cloudlab.us,tencentBlock_5048,s3fifo,0.1,57,22,1,2,0.5734,1.76,71339461,56798.0032,3369037
node2.tardis-apia.ldos-ut-pg0.wisc.cloudlab.us,tencentBlock_5048,s3fifo,0.1,57,22,1,3,0.5734,1.75,71339461,56798.0032,3369037
node2.tardis-apia.ldos-ut-pg0.wisc.cloudlab.us,tencentBlock_5048,s3fifoforgive,0.1,57,22,1,1,0.5697,0.90,71339461,56798.0032,3369037
node2.tardis-apia.ldos-ut-pg0.wisc.cloudlab.us,tencentBlock_5048,s3fifoforgive,0.1,57,22,1,2,0.5697,0.92,71339461,56798.0032,3369037
node2.tardis-apia.ldos-ut-pg0.wisc.cloudlab.us,tencentBlock_5048,s3fifoforgive,0.1,57,22,1,3,0.5697,0.92,71339461,56798.0032,3369037
node2.tardis-apia.ldos-ut-pg0.wisc.cloudlab.us,tencentBlock_5066,lru,10,1677,27,1,1,0.2049,0.71,10774842,16765.6448,1501290
node2.tardis-apia.ldos-ut-pg0.wisc.cloudlab.us,tencentBlock_5066,lru,10,1677,27,1,2,0.2049,0.71,10774842,16765.6448,1501290
node2.tardis-apia.ldos-ut-pg0.wisc.cloudlab.us,tencentBlock_5066,lru,10,1677,27,1,3,0.2049,0.70,10774842,16765.6448,1501290
node2.tardis-apia.ldos-ut-pg0.wisc.cloudlab.us,tencentBlock_5066,lruforgive,10,1677,27,1,1,0.2043,0.39,10774842,16765.6448,1501290
node2.tardis-apia.ldos-ut-pg0.wisc.cloudlab.us,tencentBlock_5066,lruforgive,10,1677,27,1,2,0.2043,0.39,10774842,16765.6448,1501290
node2.tardis-apia.ldos-ut-pg0.wisc.cloudlab.us,tencentBlock_5066,lruforgive,10,1677,27,1,3,0.2043,0.39,10774842,16765.6448,1501290
node2.tardis-apia.ldos-ut-pg0.wisc.cloudlab.us,tencentBlock_5066,s3fifo,10,1677,27,1,1,0.2169,0.77,10774842,16765.6448,1501290
node2.tardis-apia.ldos-ut-pg0.wisc.cloudlab.us,tencentBlock_5066,s3fifo,10,1677,27,1,2,0.2169,0.77,10774842,16765.6448,1501290
node2.tardis-apia.ldos-ut-pg0.wisc.cloudlab.us,tencentBlock_5066,s3fifo,10,1677,27,1,3,0.2169,0.76,10774842,16765.6448,1501290
node2.tardis-apia.ldos-ut-pg0.wisc.cloudlab.us,tencentBlock_5066,s3fifoforgive,10,1677,27,1,1,0.2169,0.44,10774842,16765.6448,1501290
node2.tardis-apia.ldos-ut-pg0.wisc.cloudlab.us,tencentBlock_5066,s3fifoforgive,10,1677,27,1,2,0.2169,0.44,10774842,16765.6448,1501290
node2.tardis-apia.ldos-ut-pg0.wisc.cloudlab.us,tencentBlock_5066,s3fifoforgive,10,1677,27,1,3,0.2169,0.44,10774842,16765.6448,1501290
node2.tardis-apia.ldos-ut-pg0.wisc.cloudlab.us,tencentBlock_5066,lru,0.1,17,20,1,1,0.6257,2.03,10774842,16765.6448,1501290
node2.tardis-apia.ldos-ut-pg0.wisc.cloudlab.us,tencentBlock_5066,lru,0.1,17,20,1,2,0.6257,2.00,10774842,16765.6448,1501290
node2.tardis-apia.ldos-ut-pg0.wisc.cloudlab.us,tencentBlock_5066,lru,0.1,17,20,1,3,0.6257,2.00,10774842,16765.6448,1501290
node2.tardis-apia.ldos-ut-pg0.wisc.cloudlab.us,tencentBlock_5066,lruforgive,0.1,17,20,1,1,0.5643,0.50,10774842,16765.6448,1501290
node2.tardis-apia.ldos-ut-pg0.wisc.cloudlab.us,tencentBlock_5066,lruforgive,0.1,17,20,1,2,0.5643,0.49,10774842,16765.6448,1501290
node2.tardis-apia.ldos-ut-pg0.wisc.cloudlab.us,tencentBlock_5066,lruforgive,0.1,17,20,1,3,0.5643,0.50,10774842,16765.6448,1501290
node2.tardis-apia.ldos-ut-pg0.wisc.cloudlab.us,tencentBlock_5066,s3fifo,0.1,17,20,1,1,0.5430,2.10,10774842,16765.6448,1501290
node2.tardis-apia.ldos-ut-pg0.wisc.cloudlab.us,tencentBlock_5066,s3fifo,0.1,17,20,1,2,0.5430,2.04,10774842,16765.6448,1501290
node2.tardis-apia.ldos-ut-pg0.wisc.cloudlab.us,tencentBlock_5066,s3fifo,0.1,17,20,1,3,0.5430,2.07,10774842,16765.6448,1501290
node2.tardis-apia.ldos-ut-pg0.wisc.cloudlab.us,tencentBlock_5066,s3fifoforgive,0.1,17,20,1,1,0.5263,1.03,10774842,16765.6448,1501290
node2.tardis-apia.ldos-ut-pg0.wisc.cloudlab.us,tencentBlock_5066,s3fifoforgive,0.1,17,20,1,2,0.5263,1.03,10774842,16765.6448,1501290
node2.tardis-apia.ldos-ut-pg0.wisc.cloudlab.us,tencentBlock_5066,s3fifoforgive,0.1,17,20,1,3,0.5263,1.02,10774842,16765.6448,1501290
node2.tardis-apia.ldos-ut-pg0.wisc.cloudlab.us,tencentBlock_5150,lru,10,3750,27,1,1,0.5708,0.26,3235004,37497.856,1725633
node2.tardis-apia.ldos-ut-pg0.wisc.cloudlab.us,tencentBlock_5150,lru,10,3750,27,1,2,0.5708,0.26,3235004,37497.856,1725633
node2.tardis-apia.ldos-ut-pg0.wisc.cloudlab.us,tencentBlock_5150,lru,10,3750,27,1,3,0.5708,0.26,3235004,37497.856,1725633
node2.tardis-apia.ldos-ut-pg0.wisc.cloudlab.us,tencentBlock_5150,lruforgive,10,3750,27,1,1,0.5704,0.27,3235004,37497.856,1725633
node2.tardis-apia.ldos-ut-pg0.wisc.cloudlab.us,tencentBlock_5150,lruforgive,10,3750,27,1,2,0.5704,0.27,3235004,37497.856,1725633
node2.tardis-apia.ldos-ut-pg0.wisc.cloudlab.us,tencentBlock_5150,lruforgive,10,3750,27,1,3,0.5704,0.27,3235004,37497.856,1725633
node2.tardis-apia.ldos-ut-pg0.wisc.cloudlab.us,tencentBlock_5150,s3fifo,10,3750,27,1,1,0.5733,0.27,3235004,37497.856,1725633
node2.tardis-apia.ldos-ut-pg0.wisc.cloudlab.us,tencentBlock_5150,s3fifo,10,3750,27,1,2,0.5733,0.27,3235004,37497.856,1725633
node2.tardis-apia.ldos-ut-pg0.wisc.cloudlab.us,tencentBlock_5150,s3fifo,10,3750,27,1,3,0.5733,0.27,3235004,37497.856,1725633
node2.tardis-apia.ldos-ut-pg0.wisc.cloudlab.us,tencentBlock_5150,s3fifoforgive,10,3750,27,1,1,0.5733,0.28,3235004,37497.856,1725633
node2.tardis-apia.ldos-ut-pg0.wisc.cloudlab.us,tencentBlock_5150,s3fifoforgive,10,3750,27,1,2,0.5733,0.27,3235004,37497.856,1725633
node2.tardis-apia.ldos-ut-pg0.wisc.cloudlab.us,tencentBlock_5150,s3fifoforgive,10,3750,27,1,3,0.5733,0.28,3235004,37497.856,1725633
node2.tardis-apia.ldos-ut-pg0.wisc.cloudlab.us,tencentBlock_5150,lru,0.1,37,21,1,1,0.7357,1.00,3235004,37497.856,1725633
node2.tardis-apia.ldos-ut-pg0.wisc.cloudlab.us,tencentBlock_5150,lru,0.1,37,21,1,2,0.7357,0.99,3235004,37497.856,1725633
node2.tardis-apia.ldos-ut-pg0.wisc.cloudlab.us,tencentBlock_5150,lru,0.1,37,21,1,3,0.7357,0.99,3235004,37497.856,1725633
node2.tardis-apia.ldos-ut-pg0.wisc.cloudlab.us,tencentBlock_5150,lruforgive,0.1,37,21,1,1,0.7318,0.70,3235004,37497.856,1725633
node2.tardis-apia.ldos-ut-pg0.wisc.cloudlab.us,tencentBlock_5150,lruforgive,0.1,37,21,1,2,0.7318,0.70,3235004,37497.856,1725633
node2.tardis-apia.ldos-ut-pg0.wisc.cloudlab.us,tencentBlock_5150,lruforgive,0.1,37,21,1,3,0.7318,0.69,3235004,37497.856,1725633
node2.tardis-apia.ldos-ut-pg0.wisc.cloudlab.us,tencentBlock_5150,s3fifo,0.1,37,21,1,1,0.7311,1.20,3235004,37497.856,1725633
node2.tardis-apia.ldos-ut-pg0.wisc.cloudlab.us,tencentBlock_5150,s3fifo,0.1,37,21,1,2,0.7311,1.23,3235004,37497.856,1725633
node2.tardis-apia.ldos-ut-pg0.wisc.cloudlab.us,tencentBlock_5150,s3fifo,0.1,37,21,1,3,0.7311,1.22,3235004,37497.856,1725633
node2.tardis-apia.ldos-ut-pg0.wisc.cloudlab.us,tencentBlock_5150,s3fifoforgive,0.1,37,21,1,1,0.7307,0.91,3235004,37497.856,1725633
node2.tardis-apia.ldos-ut-pg0.wisc.cloudlab.us,tencentBlock_5150,s3fifoforgive,0.1,37,21,1,2,0.7307,0.90,3235004,37497.856,1725633
node2.tardis-apia.ldos-ut-pg0.wisc.cloudlab.us,tencentBlock_5150,s3fifoforgive,0.1,37,21,1,3,0.7307,0.90,3235004,37497.856,1725633
node2.tardis-apia.ldos-ut-pg0.wisc.cloudlab.us,tencentBlock_5178,lru,10,30915,27,1,1,0.7613,0.09,9580992,309145.8048,4530306
node2.tardis-apia.ldos-ut-pg0.wisc.cloudlab.us,tencentBlock_5178,lru,10,30915,27,1,2,0.7613,0.09,9580992,309145.8048,4530306
node2.tardis-apia.ldos-ut-pg0.wisc.cloudlab.us,tencentBlock_5178,lru,10,30915,27,1,3,0.7613,0.09,9580992,309145.8048,4530306
node2.tardis-apia.ldos-ut-pg0.wisc.cloudlab.us,tencentBlock_5178,lruforgive,10,30915,27,1,1,0.7609,0.09,9580992,309145.8048,4530306
node2.tardis-apia.ldos-ut-pg0.wisc.cloudlab.us,tencentBlock_5178,lruforgive,10,30915,27,1,2,0.7609,0.09,9580992,309145.8048,4530306
node2.tardis-apia.ldos-ut-pg0.wisc.cloudlab.us,tencentBlock_5178,lruforgive,10,30915,27,1,3,0.7609,0.09,9580992,309145.8048,4530306
node2.tardis-apia.ldos-ut-pg0.wisc.cloudlab.us,tencentBlock_5178,s3fifo,10,30915,27,1,1,0.7506,0.10,9580992,309145.8048,4530306
node2.tardis-apia.ldos-ut-pg0.wisc.cloudlab.us,tencentBlock_5178,s3fifo,10,30915,27,1,2,0.7506,0.10,9580992,309145.8048,4530306
node2.tardis-apia.ldos-ut-pg0.wisc.cloudlab.us,tencentBlock_5178,s3fifo,10,30915,27,1,3,0.7506,0.10,9580992,309145.8048,4530306
node2.tardis-apia.ldos-ut-pg0.wisc.cloudlab.us,tencentBlock_5178,s3fifoforgive,10,30915,27,1,1,0.7506,0.10,9580992,309145.8048,4530306
node2.tardis-apia.ldos-ut-pg0.wisc.cloudlab.us,tencentBlock_5178,s3fifoforgive,10,30915,27,1,2,0.7506,0.10,9580992,309145.8048,4530306
node2.tardis-apia.ldos-ut-pg0.wisc.cloudlab.us,tencentBlock_5178,s3fifoforgive,10,30915,27,1,3,0.7506,0.10,9580992,309145.8048,4530306
node2.tardis-apia.ldos-ut-pg0.wisc.cloudlab.us,tencentBlock_5178,lru,0.1,309,24,1,1,0.7735,0.16,9580992,309145.8048,4530306
node2.tardis-apia.ldos-ut-pg0.wisc.cloudlab.us,tencentBlock_5178,lru,0.1,309,24,1,2,0.7735,0.16,9580992,309145.8048,4530306
node2.tardis-apia.ldos-ut-pg0.wisc.cloudlab.us,tencentBlock_5178,lru,0.1,309,24,1,3,0.7735,0.16,9580992,309145.8048,4530306
node2.tardis-apia.ldos-ut-pg0.wisc.cloudlab.us,tencentBlock_5178,lruforgive,0.1,309,24,1,1,0.7733,0.17,9580992,309145.8048,4530306
node2.tardis-apia.ldos-ut-pg0.wisc.cloudlab.us,tencentBlock_5178,lruforgive,0.1,309,24,1,2,0.7733,0.17,9580992,309145.8048,4530306
node2.tardis-apia.ldos-ut-pg0.wisc.cloudlab.us,tencentBlock_5178,lruforgive,0.1,309,24,1,3,0.7733,0.17,9580992,309145.8048,4530306
node2.tardis-apia.ldos-ut-pg0.wisc.cloudlab.us,tencentBlock_5178,s3fifo,0.1,309,24,1,1,0.7727,0.25,9580992,309145.8048,4530306
node2.tardis-apia.ldos-ut-pg0.wisc.cloudlab.us,tencentBlock_5178,s3fifo,0.1,309,24,1,2,0.7727,0.25,9580992,309145.8048,4530306
node2.tardis-apia.ldos-ut-pg0.wisc.cloudlab.us,tencentBlock_5178,s3fifo,0.1,309,24,1,3,0.7727,0.25,9580992,309145.8048,4530306
node2.tardis-apia.ldos-ut-pg0.wisc.cloudlab.us,tencentBlock_5178,s3fifoforgive,0.1,309,24,1,1,0.7726,0.24,9580992,309145.8048,4530306
node2.tardis-apia.ldos-ut-pg0.wisc.cloudlab.us,tencentBlock_5178,s3fifoforgive,0.1,309,24,1,2,0.7726,0.23,9580992,309145.8048,4530306
node2.tardis-apia.ldos-ut-pg0.wisc.cloudlab.us,tencentBlock_5178,s3fifoforgive,0.1,309,24,1,3,0.7726,0.23,9580992,309145.8048,4530306
node2.tardis-apia.ldos-ut-pg0.wisc.cloudlab.us,tencentBlock_5206,lru,10,2555,27,1,1,0.3951,0.50,12898049,25547.8784,1855649
node2.tardis-apia.ldos-ut-pg0.wisc.cloudlab.us,tencentBlock_5206,lru,10,2555,27,1,2,0.3951,0.50,12898049,25547.8784,1855649
node2.tardis-apia.ldos-ut-pg0.wisc.cloudlab.us,tencentBlock_5206,lru,10,2555,27,1,3,0.3951,0.50,12898049,25547.8784,1855649
node2.tardis-apia.ldos-ut-pg0.wisc.cloudlab.us,tencentBlock_5206,lruforgive,10,2555,27,1,1,0.3938,0.36,12898049,25547.8784,1855649
node2.tardis-apia.ldos-ut-pg0.wisc.cloudlab.us,tencentBlock_5206,lruforgive,10,2555,27,1,2,0.3938,0.37,12898049,25547.8784,1855649
node2.tardis-apia.ldos-ut-pg0.wisc.cloudlab.us,tencentBlock_5206,lruforgive,10,2555,27,1,3,0.3938,0.36,12898049,25547.8784,1855649
node2.tardis-apia.ldos-ut-pg0.wisc.cloudlab.us,tencentBlock_5206,s3fifo,10,2555,27,1,1,0.3503,0.55,12898049,25547.8784,1855649
node2.tardis-apia.ldos-ut-pg0.wisc.cloudlab.us,tencentBlock_5206,s3fifo,10,2555,27,1,2,0.3503,0.55,12898049,25547.8784,1855649
node2.tardis-apia.ldos-ut-pg0.wisc.cloudlab.us,tencentBlock_5206,s3fifo,10,2555,27,1,3,0.3503,0.55,12898049,25547.8784,1855649
node2.tardis-apia.ldos-ut-pg0.wisc.cloudlab.us,tencentBlock_5206,s3fifoforgive,10,2555,27,1,1,0.3502,0.38,12898049,25547.8784,1855649
node2.tardis-apia.ldos-ut-pg0.wisc.cloudlab.us,tencentBlock_5206,s3fifoforgive,10,2555,27,1,2,0.3502,0.38,12898049,25547.8784,1855649
node2.tardis-apia.ldos-ut-pg0.wisc.cloudlab.us,tencentBlock_5206,s3fifoforgive,10,2555,27,1,3,0.3502,0.38,12898049,25547.8784,1855649
node2.tardis-apia.ldos-ut-pg0.wisc.cloudlab.us,tencentBlock_5206,lru,0.1,26,21,1,1,0.6039,1.47,12898049,25547.8784,1855649
node2.tardis-apia.ldos-ut-pg0.wisc.cloudlab.us,tencentBlock_5206,lru,0.1,26,21,1,2,0.6039,1.47,12898049,25547.8784,1855649
node2.tardis-apia.ldos-ut-pg0.wisc.cloudlab.us,tencentBlock_5206,lru,0.1,26,21,1,3,0.6039,1.48,12898049,25547.8784,1855649
node2.tardis-apia.ldos-ut-pg0.wisc.cloudlab.us,tencentBlock_5206,lruforgive,0.1,26,21,1,1,0.5844,0.77,12898049,25547.8784,1855649
node2.tardis-apia.ldos-ut-pg0.wisc.cloudlab.us,tencentBlock_5206,lruforgive,0.1,26,21,1,2,0.5844,0.77,12898049,25547.8784,1855649
node2.tardis-apia.ldos-ut-pg0.wisc.cloudlab.us,tencentBlock_5206,lruforgive,0.1,26,21,1,3,0.5844,0.76,12898049,25547.8784,1855649
node2.tardis-apia.ldos-ut-pg0.wisc.cloudlab.us,tencentBlock_5206,s3fifo,0.1,26,21,1,1,0.5811,1.63,12898049,25547.8784,1855649
node2.tardis-apia.ldos-ut-pg0.wisc.cloudlab.us,tencentBlock_5206,s3fifo,0.1,26,21,1,2,0.5811,1.60,12898049,25547.8784,1855649
node2.tardis-apia.ldos-ut-pg0.wisc.cloudlab.us,tencentBlock_5206,s3fifo,0.1,26,21,1,3,0.5811,1.60,12898049,25547.8784,1855649
node2.tardis-apia.ldos-ut-pg0.wisc.cloudlab.us,tencentBlock_5206,s3fifoforgive,0.1,26,21,1,1,0.5805,0.98,12898049,25547.8784,1855649
node2.tardis-apia.ldos-ut-pg0.wisc.cloudlab.us,tencentBlock_5206,s3fifoforgive,0.1,26,21,1,2,0.5805,0.99,12898049,25547.8784,1855649
node2.tardis-apia.ldos-ut-pg0.wisc.cloudlab.us,tencentBlock_5206,s3fifoforgive,0.1,26,21,1,3,0.5805,0.97,12898049,25547.8784,1855649
node2.tardis-apia.ldos-ut-pg0.wisc.cloudlab.us,tencentBlock_5242,lru,10,2701,27,1,1,0.2943,0.41,56775712,27012.4032,2019552
node2.tardis-apia.ldos-ut-pg0.wisc.cloudlab.us,tencentBlock_5242,lru,10,2701,27,1,2,0.2943,0.40,56775712,27012.4032,2019552
node2.tardis-apia.ldos-ut-pg0.wisc.cloudlab.us,tencentBlock_5242,lru,10,2701,27,1,3,0.2943,0.41,56775712,27012.4032,2019552
node2.tardis-apia.ldos-ut-pg0.wisc.cloudlab.us,tencentBlock_5242,lruforgive,10,2701,27,1,1,0.2916,0.23,56775712,27012.4032,2019552
node2.tardis-apia.ldos-ut-pg0.wisc.cloudlab.us,tencentBlock_5242,lruforgive,10,2701,27,1,2,0.2916,0.23,56775712,27012.4032,2019552
node2.tardis-apia.ldos-ut-pg0.wisc.cloudlab.us,tencentBlock_5242,lruforgive,10,2701,27,1,3,0.2916,0.23,56775712,27012.4032,2019552
node2.tardis-apia.ldos-ut-pg0.wisc.cloudlab.us,tencentBlock_5242,s3fifo,10,2701,27,1,1,0.2959,0.44,56775712,27012.4032,2019552
node2.tardis-apia.ldos-ut-pg0.wisc.cloudlab.us,tencentBlock_5242,s3fifo,10,2701,27,1,2,0.2959,0.44,56775712,27012.4032,2019552
node2.tardis-apia.ldos-ut-pg0.wisc.cloudlab.us,tencentBlock_5242,s3fifo,10,2701,27,1,3,0.2959,0.44,56775712,27012.4032,2019552
node2.tardis-apia.ldos-ut-pg0.wisc.cloudlab.us,tencentBlock_5242,s3fifoforgive,10,2701,27,1,1,0.2952,0.26,56775712,27012.4032,2019552
node2.tardis-apia.ldos-ut-pg0.wisc.cloudlab.us,tencentBlock_5242,s3fifoforgive,10,2701,27,1,2,0.2952,0.26,56775712,27012.4032,2019552
node2.tardis-apia.ldos-ut-pg0.wisc.cloudlab.us,tencentBlock_5242,s3fifoforgive,10,2701,27,1,3,0.2952,0.26,56775712,27012.4032,2019552
node2.tardis-apia.ldos-ut-pg0.wisc.cloudlab.us,tencentBlock_5242,lru,0.1,27,21,1,1,0.9348,1.79,56775712,27012.4032,2019552
node2.tardis-apia.ldos-ut-pg0.wisc.cloudlab.us,tencentBlock_5242,lru,0.1,27,21,1,2,0.9348,1.79,56775712,27012.4032,2019552
node2.tardis-apia.ldos-ut-pg0.wisc.cloudlab.us,tencentBlock_5242,lru,0.1,27,21,1,3,0.9348,1.79,56775712,27012.4032,2019552
node2.tardis-apia.ldos-ut-pg0.wisc.cloudlab.us,tencentBlock_5242,lruforgive,0.1,27,21,1,1,0.9313,1.15,56775712,27012.4032,2019552
node2.tardis-apia.ldos-ut-pg0.wisc.cloudlab.us,tencentBlock_5242,lruforgive,0.1,27,21,1,2,0.9313,1.15,56775712,27012.4032,2019552
node2.tardis-apia.ldos-ut-pg0.wisc.cloudlab.us,tencentBlock_5242,lruforgive,0.1,27,21,1,3,0.9313,1.15,56775712,27012.4032,2019552
node2.tardis-apia.ldos-ut-pg0.wisc.cloudlab.us,tencentBlock_5242,s3fifo,0.1,27,21,1,1,0.9378,2.01,56775712,27012.4032,2019552
node2.tardis-apia.ldos-ut-pg0.wisc.cloudlab.us,tencentBlock_5242,s3fifo,0.1,27,21,1,2,0.9378,2.00,56775712,27012.4032,2019552
node2.tardis-apia.ldos-ut-pg0.wisc.cloudlab.us,tencentBlock_5242,s3fifo,0.1,27,21,1,3,0.9378,2.02,56775712,27012.4032,2019552
node2.tardis-apia.ldos-ut-pg0.wisc.cloudlab.us,tencentBlock_5242,s3fifoforgive,0.1,27,21,1,1,0.9369,1.58,56775712,27012.4032,2019552
node2.tardis-apia.ldos-ut-pg0.wisc.cloudlab.us,tencentBlock_5242,s3fifoforgive,0.1,27,21,1,2,0.9369,1.58,56775712,27012.4032,2019552
node2.tardis-apia.ldos-ut-pg0.wisc.cloudlab.us,tencentBlock_5242,s3fifoforgive,0.1,27,21,1,3,0.9369,1.57,56775712,27012.4032,2019552
node2.tardis-apia.ldos-ut-pg0.wisc.cloudlab.us,tencentBlock_5334,lru,10,3648,27,1,1,0.0774,0.89,55045944,36477.1328,1254301
node2.tardis-apia.ldos-ut-pg0.wisc.cloudlab.us,tencentBlock_5334,lru,10,3648,27,1,2,0.0774,0.89,55045944,36477.1328,1254301
node2.tardis-apia.ldos-ut-pg0.wisc.cloudlab.us,tencentBlock_5334,lru,10,3648,27,1,3,0.0774,0.88,55045944,36477.1328,1254301
node2.tardis-apia.ldos-ut-pg0.wisc.cloudlab.us,tencentBlock_5334,lruforgive,10,3648,27,1,1,0.0763,0.44,55045944,36477.1328,1254301
node2.tardis-apia.ldos-ut-pg0.wisc.cloudlab.us,tencentBlock_5334,lruforgive,10,3648,27,1,2,0.0763,0.44,55045944,36477.1328,1254301
node2.tardis-apia.ldos-ut-pg0.wisc.cloudlab.us,tencentBlock_5334,lruforgive,10,3648,27,1,3,0.0763,0.43,55045944,36477.1328,1254301
node2.tardis-apia.ldos-ut-pg0.wisc.cloudlab.us,tencentBlock_5334,s3fifo,10,3648,27,1,1,0.0682,1.07,55045944,36477.1328,1254301
node2.tardis-apia.ldos-ut-pg0.wisc.cloudlab.us,tencentBlock_5334,s3fifo,10,3648,27,1,2,0.0682,1.07,55045944,36477.1328,1254301
node2.tardis-apia.ldos-ut-pg0.wisc.cloudlab.us,tencentBlock_5334,s3fifo,10,3648,27,1,3,0.0682,1.06,55045944,36477.1328,1254301
node2.tardis-apia.ldos-ut-pg0.wisc.cloudlab.us,tencentBlock_5334,s3fifoforgive,10,3648,27,1,1,0.0682,0.47,55045944,36477.1328,1254301
node2.tardis-apia.ldos-ut-pg0.wisc.cloudlab.us,tencentBlock_5334,s3fifoforgive,10,3648,27,1,2,0.0682,0.47,55045944,36477.1328,1254301
node2.tardis-apia.ldos-ut-pg0.wisc.cloudlab.us,tencentBlock_5334,s3fifoforgive,10,3648,27,1,3,0.0682,0.47,55045944,36477.1328,1254301
node2.tardis-apia.ldos-ut-pg0.wisc.cloudlab.us,tencentBlock_5334,lru,0.1,36,21,1,1,0.4928,1.59,55045944,36477.1328,1254301
node2.tardis-apia.ldos-ut-pg0.wisc.cloudlab.us,tencentBlock_5334,lru,0.1,36,21,1,2,0.4928,1.61,55045944,36477.1328,1254301
node2.tardis-apia.ldos-ut-pg0.wisc.cloudlab.us,tencentBlock_5334,lru,0.1,36,21,1,3,0.4928,1.61,55045944,36477.1328,1254301
node2.tardis-apia.ldos-ut-pg0.wisc.cloudlab.us,tencentBlock_5334,lruforgive,0.1,36,21,1,1,0.4832,0.68,55045944,36477.1328,1254301
node2.tardis-apia.ldos-ut-pg0.wisc.cloudlab.us,tencentBlock_5334,lruforgive,0.1,36,21,1,2,0.4832,0.68,55045944,36477.1328,1254301
node2.tardis-apia.ldos-ut-pg0.wisc.cloudlab.us,tencentBlock_5334,lruforgive,0.1,36,21,1,3,0.4832,0.68,55045944,36477.1328,1254301
node2.tardis-apia.ldos-ut-pg0.wisc.cloudlab.us,tencentBlock_5334,s3fifo,0.1,36,21,1,1,0.4780,1.94,55045944,36477.1328,1254301
node2.tardis-apia.ldos-ut-pg0.wisc.cloudlab.us,tencentBlock_5334,s3fifo,0.1,36,21,1,2,0.4780,1.93,55045944,36477.1328,1254301
node2.tardis-apia.ldos-ut-pg0.wisc.cloudlab.us,tencentBlock_5334,s3fifo,0.1,36,21,1,3,0.4780,1.95,55045944,36477.1328,1254301
node2.tardis-apia.ldos-ut-pg0.wisc.cloudlab.us,tencentBlock_5334,s3fifoforgive,0.1,36,21,1,1,0.4752,1.02,55045944,36477.1328,1254301
node2.tardis-apia.ldos-ut-pg0.wisc.cloudlab.us,tencentBlock_5334,s3fifoforgive,0.1,36,21,1,2,0.4752,0.99,55045944,36477.1328,1254301
node2.tardis-apia.ldos-ut-pg0.wisc.cloudlab.us,tencentBlock_5334,s3fifoforgive,0.1,36,21,1,3,0.4752,1.01,55045944,36477.1328,1254301
node2.tardis-apia.ldos-ut-pg0.wisc.cloudlab.us,tencentBlock_5351,lru,10,3568,27,1,1,0.2752,0.46,42823121,35682.0992,2752849
node2.tardis-apia.ldos-ut-pg0.wisc.cloudlab.us,tencentBlock_5351,lru,10,3568,27,1,2,0.2752,0.46,42823121,35682.0992,2752849
node2.tardis-apia.ldos-ut-pg0.wisc.cloudlab.us,tencentBlock_5351,lru,10,3568,27,1,3,0.2752,0.46,42823121,35682.0992,2752849
node2.tardis-apia.ldos-ut-pg0.wisc.cloudlab.us,tencentBlock_5351,lruforgive,10,3568,27,1,1,0.2739,0.25,42823121,35682.0992,2752849
node2.tardis-apia.ldos-ut-pg0.wisc.cloudlab.us,tencentBlock_5351,lruforgive,10,3568,27,1,2,0.2739,0.25,42823121,35682.0992,2752849
node2.tardis-apia.ldos-ut-pg0.wisc.cloudlab.us,tencentBlock_5351,lruforgive,10,3568,27,1,3,0.2739,0.25,42823121,35682.0992,2752849
node2.tardis-apia.ldos-ut-pg0.wisc.cloudlab.us,tencentBlock_5351,s3fifo,10,3568,27,1,1,0.2687,0.48,42823121,35682.0992,2752849
node2.tardis-apia.ldos-ut-pg0.wisc.cloudlab.us,tencentBlock_5351,s3fifo,10,3568,27,1,2,0.2687,0.47,42823121,35682.0992,2752849
node2.tardis-apia.ldos-ut-pg0.wisc.cloudlab.us,tencentBlock_5351,s3fifo,10,3568,27,1,3,0.2687,0.47,42823121,35682.0992,2752849
node2.tardis-apia.ldos-ut-pg0.wisc.cloudlab.us,tencentBlock_5351,s3fifoforgive,10,3568,27,1,1,0.2685,0.27,42823121,35682.0992,2752849
node2.tardis-apia.ldos-ut-pg0.wisc.cloudlab.us,tencentBlock_5351,s3fifoforgive,10,3568,27,1,2,0.2685,0.27,42823121,35682.0992,2752849
node2.tardis-apia.ldos-ut-pg0.wisc.cloudlab.us,tencentBlock_5351,s3fifoforgive,10,3568,27,1,3,0.2685,0.27,42823121,35682.0992,2752849
node2.tardis-apia.ldos-ut-pg0.wisc.cloudlab.us,tencentBlock_5351,lru,0.1,36,21,1,1,0.9593,1.33,42823121,35682.0992,2752849
node2.tardis-apia.ldos-ut-pg0.wisc.cloudlab.us,tencentBlock_5351,lru,0.1,36,21,1,2,0.9593,1.37,42823121,35682.0992,2752849
node2.tardis-apia.ldos-ut-pg0.wisc.cloudlab.us,tencentBlock_5351,lru,0.1,36,21,1,3,0.9593,1.32,42823121,35682.0992,2752849
node2.tardis-apia.ldos-ut-pg0.wisc.cloudlab.us,tencentBlock_5351,lruforgive,0.1,36,21,1,1,0.9499,1.20,42823121,35682.0992,2752849
node2.tardis-apia.ldos-ut-pg0.wisc.cloudlab.us,tencentBlock_5351,lruforgive,0.1,36,21,1,2,0.9499,1.21,42823121,35682.0992,2752849
node2.tardis-apia.ldos-ut-pg0.wisc.cloudlab.us,tencentBlock_5351,lruforgive,0.1,36,21,1,3,0.9499,1.22,42823121,35682.0992,2752849
node2.tardis-apia.ldos-ut-pg0.wisc.cloudlab.us,tencentBlock_5351,s3fifo,0.1,36,21,1,1,0.9475,1.67,42823121,35682.0992,2752849
node2.tardis-apia.ldos-ut-pg0.wisc.cloudlab.us,tencentBlock_5351,s3fifo,0.1,36,21,1,2,0.9475,1.68,42823121,35682.0992,2752849
node2.tardis-apia.ldos-ut-pg0.wisc.cloudlab.us,tencentBlock_5351,s3fifo,0.1,36,21,1,3,0.9475,1.73,42823121,35682.0992,2752849
node2.tardis-apia.ldos-ut-pg0.wisc.cloudlab.us,tencentBlock_5351,s3fifoforgive,0.1,36,21,1,1,0.9474,1.50,42823121,35682.0992,2752849
node2.tardis-apia.ldos-ut-pg0.wisc.cloudlab.us,tencentBlock_5351,s3fifoforgive,0.1,36,21,1,2,0.9474,1.50,42823121,35682.0992,2752849
node2.tardis-apia.ldos-ut-pg0.wisc.cloudlab.us,tencentBlock_5351,s3fifoforgive,0.1,36,21,1,3,0.9474,1.46,42823121,35682.0992,2752849
node2.tardis-apia.ldos-ut-pg0.wisc.cloudlab.us,tencentBlock_5369,lru,10,95121,27,1,1,0.1908,0.06,26845197,951213.568,3740182
node2.tardis-apia.ldos-ut-pg0.wisc.cloudlab.us,tencentBlock_5369,lru,10,95121,27,1,2,0.1908,0.06,26845197,951213.568,3740182
node2.tardis-apia.ldos-ut-pg0.wisc.cloudlab.us,tencentBlock_5369,lru,10,95121,27,1,3,0.1908,0.06,26845197,951213.568,3740182
node2.tardis-apia.ldos-ut-pg0.wisc.cloudlab.us,tencentBlock_5369,lruforgive,10,95121,27,1,1,0.1907,0.05,26845197,951213.568,3740182
node2.tardis-apia.ldos-ut-pg0.wisc.cloudlab.us,tencentBlock_5369,lruforgive,10,95121,27,1,2,0.1907,0.05,26845197,951213.568,3740182
node2.tardis-apia.ldos-ut-pg0.wisc.cloudlab.us,tencentBlock_5369,lruforgive,10,95121,27,1,3,0.1907,0.05,26845197,951213.568,3740182
node2.tardis-apia.ldos-ut-pg0.wisc.cloudlab.us,tencentBlock_5369,s3fifo,10,95121,27,1,1,0.1670,0.07,26845197,951213.568,3740182
node2.tardis-apia.ldos-ut-pg0.wisc.cloudlab.us,tencentBlock_5369,s3fifo,10,95121,27,1,2,0.1670,0.07,26845197,951213.568,3740182
node2.tardis-apia.ldos-ut-pg0.wisc.cloudlab.us,tencentBlock_5369,s3fifo,10,95121,27,1,3,0.1670,0.07,26845197,951213.568,3740182
node2.tardis-apia.ldos-ut-pg0.wisc.cloudlab.us,tencentBlock_5369,s3fifoforgive,10,95121,27,1,1,0.1670,0.07,26845197,951213.568,3740182
node2.tardis-apia.ldos-ut-pg0.wisc.cloudlab.us,tencentBlock_5369,s3fifoforgive,10,95121,27,1,2,0.1670,0.07,26845197,951213.568,3740182
node2.tardis-apia.ldos-ut-pg0.wisc.cloudlab.us,tencentBlock_5369,s3fifoforgive,10,95121,27,1,3,0.1670,0.07,26845197,951213.568,3740182
node2.tardis-apia.ldos-ut-pg0.wisc.cloudlab.us,tencentBlock_5369,lru,0.1,951,26,1,1,0.4398,0.09,26845197,951213.568,3740182
node2.tardis-apia.ldos-ut-pg0.wisc.cloudlab.us,tencentBlock_5369,lru,0.1,951,26,1,2,0.4398,0.09,26845197,951213.568,3740182
node2.tardis-apia.ldos-ut-pg0.wisc.cloudlab.us,tencentBlock_5369,lru,0.1,951,26,1,3,0.4398,0.09,26845197,951213.568,3740182
node2.tardis-apia.ldos-ut-pg0.wisc.cloudlab.us,tencentBlock_5369,lruforgive,0.1,951,26,1,1,0.4264,0.08,26845197,951213.568,3740182
node2.tardis-apia.ldos-ut-pg0.wisc.cloudlab.us,tencentBlock_5369,lruforgive,0.1,951,26,1,2,0.4264,0.08,26845197,951213.568,3740182
node2.tardis-apia.ldos-ut-pg0.wisc.cloudlab.us,tencentBlock_5369,lruforgive,0.1,951,26,1,3,0.4264,0.08,26845197,951213.568,3740182
node2.tardis-apia.ldos-ut-pg0.wisc.cloudlab.us,tencentBlock_5369,s3fifo,0.1,951,26,1,1,0.4145,0.11,26845197,951213.568,3740182
node2.tardis-apia.ldos-ut-pg0.wisc.cloudlab.us,tencentBlock_5369,s3fifo,0.1,951,26,1,2,0.4145,0.11,26845197,951213.568,3740182
node2.tardis-apia.ldos-ut-pg0.wisc.cloudlab.us,tencentBlock_5369,s3fifo,0.1,951,26,1,3,0.4145,0.11,26845197,951213.568,3740182
node2.tardis-apia.ldos-ut-pg0.wisc.cloudlab.us,tencentBlock_5369,s3fifoforgive,0.1,951,26,1,1,0.4141,0.10,26845197,951213.568,3740182
node2.tardis-apia.ldos-ut-pg0.wisc.cloudlab.us,tencentBlock_5369,s3fifoforgive,0.1,951,26,1,2,0.4141,0.10,26845197,951213.568,3740182
node2.tardis-apia.ldos-ut-pg0.wisc.cloudlab.us,tencentBlock_5369,s3fifoforgive,0.1,951,26,1,3,0.4141,0.10,26845197,951213.568,3740182
node2.tardis-apia.ldos-ut-pg0.wisc.cloudlab.us,tencentBlock_5372,lru,10,38129,27,1,1,0.2890,0.27,56676062,381290.496,9156192
node2.tardis-apia.ldos-ut-pg0.wisc.cloudlab.us,tencentBlock_5372,lru,10,38129,27,1,2,0.2890,0.27,56676062,381290.496,9156192
node2.tardis-apia.ldos-ut-pg0.wisc.cloudlab.us,tencentBlock_5372,lru,10,38129,27,1,3,0.2890,0.27,56676062,381290.496,9156192
node2.tardis-apia.ldos-ut-pg0.wisc.cloudlab.us,tencentBlock_5372,lruforgive,10,38129,27,1,1,0.2891,0.19,56676062,381290.496,9156192
node2.tardis-apia.ldos-ut-pg0.wisc.cloudlab.us,tencentBlock_5372,lruforgive,10,38129,27,1,2,0.2891,0.19,56676062,381290.496,9156192
node2.tardis-apia.ldos-ut-pg0.wisc.cloudlab.us,tencentBlock_5372,lruforgive,10,38129,27,1,3,0.2891,0.19,56676062,381290.496,9156192
node2.tardis-apia.ldos-ut-pg0.wisc.cloudlab.us,tencentBlock_5372,s3fifo,10,38129,27,1,1,0.3355,0.28,56676062,381290.496,9156192
node2.tardis-apia.ldos-ut-pg0.wisc.cloudlab.us,tencentBlock_5372,s3fifo,10,38129,27,1,2,0.3355,0.28,56676062,381290.496,9156192
node2.tardis-apia.ldos-ut-pg0.wisc.cloudlab.us,tencentBlock_5372,s3fifo,10,38129,27,1,3,0.3355,0.28,56676062,381290.496,9156192
node2.tardis-apia.ldos-ut-pg0.wisc.cloudlab.us,tencentBlock_5372,s3fifoforgive,10,38129,27,1,1,0.3355,0.22,56676062,381290.496,9156192
node2.tardis-apia.ldos-ut-pg0.wisc.cloudlab.us,tencentBlock_5372,s3fifoforgive,10,38129,27,1,2,0.3355,0.22,56676062,381290.496,9156192
node2.tardis-apia.ldos-ut-pg0.wisc.cloudlab.us,tencentBlock_5372,s3fifoforgive,10,38129,27,1,3,0.3355,0.22,56676062,381290.496,9156192
node2.tardis-apia.ldos-ut-pg0.wisc.cloudlab.us,tencentBlock_5372,lru,0.1,381,25,1,1,0.6207,0.28,56676062,381290.496,9156192
node2.tardis-apia.ldos-ut-pg0.wisc.cloudlab.us,tencentBlock_5372,lru,0.1,381,25,1,2,0.6207,0.28,56676062,381290.496,9156192
node2.tardis-apia.ldos-ut-pg0.wisc.cloudlab.us,tencentBlock_5372,lru,0.1,381,25,1,3,0.6207,0.28,56676062,381290.496,9156192
node2.tardis-apia.ldos-ut-pg0.wisc.cloudlab.us,tencentBlock_5372,lruforgive,0.1,381,25,1,1,0.6184,0.25,56676062,381290.496,9156192
node2.tardis-apia.ldos-ut-pg0.wisc.cloudlab.us,tencentBlock_5372,lruforgive,0.1,381,25,1,2,0.6184,0.25,56676062,381290.496,9156192
node2.tardis-apia.ldos-ut-pg0.wisc.cloudlab.us,tencentBlock_5372,lruforgive,0.1,381,25,1,3,0.6184,0.25,56676062,381290.496,9156192
node2.tardis-apia.ldos-ut-pg0.wisc.cloudlab.us,tencentBlock_5372,s3fifo,0.1,381,25,1,1,0.6165,0.57,56676062,381290.496,9156192
node2.tardis-apia.ldos-ut-pg0.wisc.cloudlab.us,tencentBlock_5372,s3fifo,0.1,381,25,1,2,0.6165,0.57,56676062,381290.496,9156192
node2.tardis-apia.ldos-ut-pg0.wisc.cloudlab.us,tencentBlock_5372,s3fifo,0.1,381,25,1,3,0.6165,0.55,56676062,381290.496,9156192
node2.tardis-apia.ldos-ut-pg0.wisc.cloudlab.us,tencentBlock_5372,s3fifoforgive,0.1,381,25,1,1,0.6159,0.46,56676062,381290.496,9156192
node2.tardis-apia.ldos-ut-pg0.wisc.cloudlab.us,tencentBlock_5372,s3fifoforgive,0.1,381,25,1,2,0.6159,0.46,56676062,381290.496,9156192
node2.tardis-apia.ldos-ut-pg0.wisc.cloudlab.us,tencentBlock_5372,s3fifoforgive,0.1,381,25,1,3,0.6159,0.47,56676062,381290.496,9156192
node2.tardis-apia.ldos-ut-pg0.wisc.cloudlab.us,tencentBlock_5374,lru,10,2693,27,1,1,0.2646,0.43,57504544,26928.64,1980189
node2.tardis-apia.ldos-ut-pg0.wisc.cloudlab.us,tencentBlock_5374,lru,10,2693,27,1,2,0.2646,0.43,57504544,26928.64,1980189
node2.tardis-apia.ldos-ut-pg0.wisc.cloudlab.us,tencentBlock_5374,lru,10,2693,27,1,3,0.2646,0.43,57504544,26928.64,1980189
node2.tardis-apia.ldos-ut-pg0.wisc.cloudlab.us,tencentBlock_5374,lruforgive,10,2693,27,1,1,0.2627,0.24,57504544,26928.64,1980189
node2.tardis-apia.ldos-ut-pg0.wisc.cloudlab.us,tencentBlock_5374,lruforgive,10,2693,27,1,2,0.2627,0.24,57504544,26928.64,1980189
node2.tardis-apia.ldos-ut-pg0.wisc.cloudlab.us,tencentBlock_5374,lruforgive,10,2693,27,1,3,0.2627,0.24,57504544,26928.64,1980189
node2.tardis-apia.ldos-ut-pg0.wisc.cloudlab.us,tencentBlock_5374,s3fifo,10,2693,27,1,1,0.2792,0.46,57504544,26928.64,1980189
node2.tardis-apia.ldos-ut-pg0.wisc.cloudlab.us,tencentBlock_5374,s3fifo,10,2693,27,1,2,0.2792,0.46,57504544,26928.64,1980189
node2.tardis-apia.ldos-ut-pg0.wisc.cloudlab.us,tencentBlock_5374,s3fifo,10,2693,27,1,3,0.2792,0.46,57504544,26928.64,1980189
node2.tardis-apia.ldos-ut-pg0.wisc.cloudlab.us,tencentBlock_5374,s3fifoforgive,10,2693,27,1,1,0.2785,0.27,57504544,26928.64,1980189
node2.tardis-apia.ldos-ut-pg0.wisc.cloudlab.us,tencentBlock_5374,s3fifoforgive,10,2693,27,1,2,0.2785,0.27,57504544,26928.64,1980189
node2.tardis-apia.ldos-ut-pg0.wisc.cloudlab.us,tencentBlock_5374,s3fifoforgive,10,2693,27,1,3,0.2785,0.27,57504544,26928.64,1980189
node2.tardis-apia.ldos-ut-pg0.wisc.cloudlab.us,tencentBlock_5374,lru,0.1,27,21,1,1,0.8812,1.65,57504544,26928.64,1980189
node2.tardis-apia.ldos-ut-pg0.wisc.cloudlab.us,tencentBlock_5374,lru,0.1,27,21,1,2,0.8812,1.67,57504544,26928.64,1980189
node2.tardis-apia.ldos-ut-pg0.wisc.cloudlab.us,tencentBlock_5374,lru,0.1,27,21,1,3,0.8812,1.68,57504544,26928.64,1980189
node2.tardis-apia.ldos-ut-pg0.wisc.cloudlab.us,tencentBlock_5374,lruforgive,0.1,27,21,1,1,0.8755,0.96,57504544,26928.64,1980189
node2.tardis-apia.ldos-ut-pg0.wisc.cloudlab.us,tencentBlock_5374,lruforgive,0.1,27,21,1,2,0.8755,0.96,57504544,26928.64,1980189
node2.tardis-apia.ldos-ut-pg0.wisc.cloudlab.us,tencentBlock_5374,lruforgive,0.1,27,21,1,3,0.8755,0.97,57504544,26928.64,1980189
node2.tardis-apia.ldos-ut-pg0.wisc.cloudlab.us,tencentBlock_5374,s3fifo,0.1,27,21,1,1,0.8874,1.80,57504544,26928.64,1980189
node2.tardis-apia.ldos-ut-pg0.wisc.cloudlab.us,tencentBlock_5374,s3fifo,0.1,27,21,1,2,0.8874,1.78,57504544,26928.64,1980189
node2.tardis-apia.ldos-ut-pg0.wisc.cloudlab.us,tencentBlock_5374,s3fifo,0.1,27,21,1,3,0.8874,1.76,57504544,26928.64,1980189
node2.tardis-apia.ldos-ut-pg0.wisc.cloudlab.us,tencentBlock_5374,s3fifoforgive,0.1,27,21,1,1,0.8850,1.28,57504544,26928.64,1980189
node2.tardis-apia.ldos-ut-pg0.wisc.cloudlab.us,tencentBlock_5374,s3fifoforgive,0.1,27,21,1,2,0.8850,1.33,57504544,26928.64,1980189
node2.tardis-apia.ldos-ut-pg0.wisc.cloudlab.us,tencentBlock_5374,s3fifoforgive,0.1,27,21,1,3,0.8850,1.33,57504544,26928.64,1980189
node2.tardis-apia.ldos-ut-pg0.wisc.cloudlab.us,tencentBlock_5390,lru,10,3232,27,1,1,0.2708,0.54,49687288,32319.2832,2830084
node2.tardis-apia.ldos-ut-pg0.wisc.cloudlab.us,tencentBlock_5390,lru,10,3232,27,1,2,0.2708,0.53,49687288,32319.2832,2830084
node2.tardis-apia.ldos-ut-pg0.wisc.cloudlab.us,tencentBlock_5390,lru,10,3232,27,1,3,0.2708,0.53,49687288,32319.2832,2830084
node2.tardis-apia.ldos-ut-pg0.wisc.cloudlab.us,tencentBlock_5390,lruforgive,10,3232,27,1,1,0.2697,0.27,49687288,32319.2832,2830084
node2.tardis-apia.ldos-ut-pg0.wisc.cloudlab.us,tencentBlock_5390,lruforgive,10,3232,27,1,2,0.2697,0.28,49687288,32319.2832,2830084
node2.tardis-apia.ldos-ut-pg0.wisc.cloudlab.us,tencentBlock_5390,lruforgive,10,3232,27,1,3,0.2697,0.28,49687288,32319.2832,2830084
node2.tardis-apia.ldos-ut-pg0.wisc.cloudlab.us,tencentBlock_5390,s3fifo,10,3232,27,1,1,0.2606,0.54,49687288,32319.2832,2830084
node2.tardis-apia.ldos-ut-pg0.wisc.cloudlab.us,tencentBlock_5390,s3fifo,10,3232,27,1,2,0.2606,0.54,49687288,32319.2832,2830084
node2.tardis-apia.ldos-ut-pg0.wisc.cloudlab.us,tencentBlock_5390,s3fifo,10,3232,27,1,3,0.2606,0.54,49687288,32319.2832,2830084
node2.tardis-apia.ldos-ut-pg0.wisc.cloudlab.us,tencentBlock_5390,s3fifoforgive,10,3232,27,1,1,0.2605,0.30,49687288,32319.2832,2830084
node2.tardis-apia.ldos-ut-pg0.wisc.cloudlab.us,tencentBlock_5390,s3fifoforgive,10,3232,27,1,2,0.2605,0.30,49687288,32319.2832,2830084
node2.tardis-apia.ldos-ut-pg0.wisc.cloudlab.us,tencentBlock_5390,s3fifoforgive,10,3232,27,1,3,0.2605,0.29,49687288,32319.2832,2830084
node2.tardis-apia.ldos-ut-pg0.wisc.cloudlab.us,tencentBlock_5390,lru,0.1,32,21,1,1,0.8302,1.60,49687288,32319.2832,2830084
node2.tardis-apia.ldos-ut-pg0.wisc.cloudlab.us,tencentBlock_5390,lru,0.1,32,21,1,2,0.8302,1.58,49687288,32319.2832,2830084
node2.tardis-apia.ldos-ut-pg0.wisc.cloudlab.us,tencentBlock_5390,lru,0.1,32,21,1,3,0.8302,1.62,49687288,32319.2832,2830084
node2.tardis-apia.ldos-ut-pg0.wisc.cloudlab.us,tencentBlock_5390,lruforgive,0.1,32,21,1,1,0.8211,0.91,49687288,32319.2832,2830084
node2.tardis-apia.ldos-ut-pg0.wisc.cloudlab.us,tencentBlock_5390,lruforgive,0.1,32,21,1,2,0.8211,0.91,49687288,32319.2832,2830084
node2.tardis-apia.ldos-ut-pg0.wisc.cloudlab.us,tencentBlock_5390,lruforgive,0.1,32,21,1,3,0.8211,0.91,49687288,32319.2832,2830084
node2.tardis-apia.ldos-ut-pg0.wisc.cloudlab.us,tencentBlock_5390,s3fifo,0.1,32,21,1,1,0.8491,1.73,49687288,32319.2832,2830084
node2.tardis-apia.ldos-ut-pg0.wisc.cloudlab.us,tencentBlock_5390,s3fifo,0.1,32,21,1,2,0.8491,1.69,49687288,32319.2832,2830084
node2.tardis-apia.ldos-ut-pg0.wisc.cloudlab.us,tencentBlock_5390,s3fifo,0.1,32,21,1,3,0.8491,1.71,49687288,32319.2832,2830084
node2.tardis-apia.ldos-ut-pg0.wisc.cloudlab.us,tencentBlock_5390,s3fifoforgive,0.1,32,21,1,1,0.8453,1.16,49687288,32319.2832,2830084
node2.tardis-apia.ldos-ut-pg0.wisc.cloudlab.us,tencentBlock_5390,s3fifoforgive,0.1,32,21,1,2,0.8453,1.18,49687288,32319.2832,2830084
node2.tardis-apia.ldos-ut-pg0.wisc.cloudlab.us,tencentBlock_5390,s3fifoforgive,0.1,32,21,1,3,0.8453,1.18,49687288,32319.2832,2830084
node2.tardis-apia.ldos-ut-pg0.wisc.cloudlab.us,tencentBlock_5473,lru,10,25404,27,1,1,0.1935,0.31,37307336,254043.4432,5003827
node2.tardis-apia.ldos-ut-pg0.wisc.cloudlab.us,tencentBlock_5473,lru,10,25404,27,1,2,0.1935,0.32,37307336,254043.4432,5003827
node2.tardis-apia.ldos-ut-pg0.wisc.cloudlab.us,tencentBlock_5473,lru,10,25404,27,1,3,0.1935,0.31,37307336,254043.4432,5003827
node2.tardis-apia.ldos-ut-pg0.wisc.cloudlab.us,tencentBlock_5473,lruforgive,10,25404,27,1,1,0.1935,0.22,37307336,254043.4432,5003827
node2.tardis-apia.ldos-ut-pg0.wisc.cloudlab.us,tencentBlock_5473,lruforgive,10,25404,27,1,2,0.1935,0.22,37307336,254043.4432,5003827
node2.tardis-apia.ldos-ut-pg0.wisc.cloudlab.us,tencentBlock_5473,lruforgive,10,25404,27,1,3,0.1935,0.22,37307336,254043.4432,5003827
node2.tardis-apia.ldos-ut-pg0.wisc.cloudlab.us,tencentBlock_5473,s3fifo,10,25404,27,1,1,0.1967,0.30,37307336,254043.4432,5003827
node2.tardis-apia.ldos-ut-pg0.wisc.cloudlab.us,tencentBlock_5473,s3fifo,10,25404,27,1,2,0.1967,0.31,37307336,254043.4432,5003827
node2.tardis-apia.ldos-ut-pg0.wisc.cloudlab.us,tencentBlock_5473,s3fifo,10,25404,27,1,3,0.1967,0.31,37307336,254043.4432,5003827
node2.tardis-apia.ldos-ut-pg0.wisc.cloudlab.us,tencentBlock_5473,s3fifoforgive,10,25404,27,1,1,0.1967,0.22,37307336,254043.4432,5003827
node2.tardis-apia.ldos-ut-pg0.wisc.cloudlab.us,tencentBlock_5473,s3fifoforgive,10,25404,27,1,2,0.1967,0.22,37307336,254043.4432,5003827
node2.tardis-apia.ldos-ut-pg0.wisc.cloudlab.us,tencentBlock_5473,s3fifoforgive,10,25404,27,1,3,0.1967,0.22,37307336,254043.4432,5003827
node2.tardis-apia.ldos-ut-pg0.wisc.cloudlab.us,tencentBlock_5473,lru,0.1,254,24,1,1,0.5011,0.17,37307336,254043.4432,5003827
node2.tardis-apia.ldos-ut-pg0.wisc.cloudlab.us,tencentBlock_5473,lru,0.1,254,24,1,2,0.5011,0.18,37307336,254043.4432,5003827
node2.tardis-apia.ldos-ut-pg0.wisc.cloudlab.us,tencentBlock_5473,lru,0.1,254,24,1,3,0.5011,0.18,37307336,254043.4432,5003827
node2.tardis-apia.ldos-ut-pg0.wisc.cloudlab.us,tencentBlock_5473,lruforgive,0.1,254,24,1,1,0.4803,0.15,37307336,254043.4432,5003827
node2.tardis-apia.ldos-ut-pg0.wisc.cloudlab.us,tencentBlock_5473,lruforgive,0.1,254,24,1,2,0.4803,0.15,37307336,254043.4432,5003827
node2.tardis-apia.ldos-ut-pg0.wisc.cloudlab.us,tencentBlock_5473,lruforgive,0.1,254,24,1,3,0.4803,0.15,37307336,254043.4432,5003827
node2.tardis-apia.ldos-ut-pg0.wisc.cloudlab.us,tencentBlock_5473,s3fifo,0.1,254,24,1,1,0.4767,0.40,37307336,254043.4432,5003827
node2.tardis-apia.ldos-ut-pg0.wisc.cloudlab.us,tencentBlock_5473,s3fifo,0.1,254,24,1,2,0.4767,0.40,37307336,254043.4432,5003827
node2.tardis-apia.ldos-ut-pg0.wisc.cloudlab.us,tencentBlock_5473,s3fifo,0.1,254,24,1,3,0.4767,0.39,37307336,254043.4432,5003827
node2.tardis-apia.ldos-ut-pg0.wisc.cloudlab.us,tencentBlock_5473,s3fifoforgive,0.1,254,24,1,1,0.4758,0.31,37307336,254043.4432,5003827
node2.tardis-apia.ldos-ut-pg0.wisc.cloudlab.us,tencentBlock_5473,s3fifoforgive,0.1,254,24,1,2,0.4758,0.32,37307336,254043.4432,5003827
node2.tardis-apia.ldos-ut-pg0.wisc.cloudlab.us,tencentBlock_5473,s3fifoforgive,0.1,254,24,1,3,0.4758,0.32,37307336,254043.4432,5003827
node2.tardis-apia.ldos-ut-pg0.wisc.cloudlab.us,tencentBlock_5519,lru,10,23445,27,1,1,0.2330,0.14,20383930,234448.6912,3633281
node2.tardis-apia.ldos-ut-pg0.wisc.cloudlab.us,tencentBlock_5519,lru,10,23445,27,1,2,0.2330,0.14,20383930,234448.6912,3633281
node2.tardis-apia.ldos-ut-pg0.wisc.cloudlab.us,tencentBlock_5519,lru,10,23445,27,1,3,0.2330,0.14,20383930,234448.6912,3633281
node2.tardis-apia.ldos-ut-pg0.wisc.cloudlab.us,tencentBlock_5519,lruforgive,10,23445,27,1,1,0.2327,0.12,20383930,234448.6912,3633281
node2.tardis-apia.ldos-ut-pg0.wisc.cloudlab.us,tencentBlock_5519,lruforgive,10,23445,27,1,2,0.2327,0.12,20383930,234448.6912,3633281
node2.tardis-apia.ldos-ut-pg0.wisc.cloudlab.us,tencentBlock_5519,lruforgive,10,23445,27,1,3,0.2327,0.12,20383930,234448.6912,3633281
node2.tardis-apia.ldos-ut-pg0.wisc.cloudlab.us,tencentBlock_5519,s3fifo,10,23445,27,1,1,0.2293,0.16,20383930,234448.6912,3633281
node2.tardis-apia.ldos-ut-pg0.wisc.cloudlab.us,tencentBlock_5519,s3fifo,10,23445,27,1,2,0.2293,0.16,20383930,234448.6912,3633281
node2.tardis-apia.ldos-ut-pg0.wisc.cloudlab.us,tencentBlock_5519,s3fifo,10,23445,27,1,3,0.2293,0.16,20383930,234448.6912,3633281
node2.tardis-apia.ldos-ut-pg0.wisc.cloudlab.us,tencentBlock_5519,s3fifoforgive,10,23445,27,1,1,0.2293,0.14,20383930,234448.6912,3633281
node2.tardis-apia.ldos-ut-pg0.wisc.cloudlab.us,tencentBlock_5519,s3fifoforgive,10,23445,27,1,2,0.2293,0.14,20383930,234448.6912,3633281
node2.tardis-apia.ldos-ut-pg0.wisc.cloudlab.us,tencentBlock_5519,s3fifoforgive,10,23445,27,1,3,0.2293,0.14,20383930,234448.6912,3633281
node2.tardis-apia.ldos-ut-pg0.wisc.cloudlab.us,tencentBlock_5519,lru,0.1,234,24,1,1,0.3250,0.13,20383930,234448.6912,3633281
node2.tardis-apia.ldos-ut-pg0.wisc.cloudlab.us,tencentBlock_5519,lru,0.1,234,24,1,2,0.3250,0.13,20383930,234448.6912,3633281
node2.tardis-apia.ldos-ut-pg0.wisc.cloudlab.us,tencentBlock_5519,lru,0.1,234,24,1,3,0.3250,0.13,20383930,234448.6912,3633281
node2.tardis-apia.ldos-ut-pg0.wisc.cloudlab.us,tencentBlock_5519,lruforgive,0.1,234,24,1,1,0.3192,0.12,20383930,234448.6912,3633281
node2.tardis-apia.ldos-ut-pg0.wisc.cloudlab.us,tencentBlock_5519,lruforgive,0.1,234,24,1,2,0.3192,0.12,20383930,234448.6912,3633281
node2.tardis-apia.ldos-ut-pg0.wisc.cloudlab.us,tencentBlock_5519,lruforgive,0.1,234,24,1,3,0.3192,0.12,20383930,234448.6912,3633281
node2.tardis-apia.ldos-ut-pg0.wisc.cloudlab.us,tencentBlock_5519,s3fifo,0.1,234,24,1,1,0.3423,0.14,20383930,234448.6912,3633281
node2.tardis-apia.ldos-ut-pg0.wisc.cloudlab.us,tencentBlock_5519,s3fifo,0.1,234,24,1,2,0.3423,0.14,20383930,234448.6912,3633281
node2.tardis-apia.ldos-ut-pg0.wisc.cloudlab.us,tencentBlock_5519,s3fifo,0.1,234,24,1,3,0.3423,0.14,20383930,234448.6912,3633281
node2.tardis-apia.ldos-ut-pg0.wisc.cloudlab.us,tencentBlock_5519,s3fifoforgive,0.1,234,24,1,1,0.3410,0.12,20383930,234448.6912,3633281
node2.tardis-apia.ldos-ut-pg0.wisc.cloudlab.us,tencentBlock_5519,s3fifoforgive,0.1,234,24,1,2,0.3410,0.12,20383930,234448.6912,3633281
node2.tardis-apia.ldos-ut-pg0.wisc.cloudlab.us,tencentBlock_5519,s3fifoforgive,0.1,234,24,1,3,0.3410,0.12,20383930,234448.6912,3633281
node2.tardis-apia.ldos-ut-pg0.wisc.cloudlab.us,tencentBlock_5526,lru,10,3794,27,1,1,0.2841,0.46,41074915,37942.9888,2727473
node2.tardis-apia.ldos-ut-pg0.wisc.cloudlab.us,tencentBlock_5526,lru,10,3794,27,1,2,0.2841,0.46,41074915,37942.9888,2727473
node2.tardis-apia.ldos-ut-pg0.wisc.cloudlab.us,tencentBlock_5526,lru,10,3794,27,1,3,0.2841,0.46,41074915,37942.9888,2727473
node2.tardis-apia.ldos-ut-pg0.wisc.cloudlab.us,tencentBlock_5526,lruforgive,10,3794,27,1,1,0.2826,0.25,41074915,37942.9888,2727473
node2.tardis-apia.ldos-ut-pg0.wisc.cloudlab.us,tencentBlock_5526,lruforgive,10,3794,27,1,2,0.2826,0.26,41074915,37942.9888,2727473
node2.tardis-apia.ldos-ut-pg0.wisc.cloudlab.us,tencentBlock_5526,lruforgive,10,3794,27,1,3,0.2826,0.25,41074915,37942.9888,2727473
node2.tardis-apia.ldos-ut-pg0.wisc.cloudlab.us,tencentBlock_5526,s3fifo,10,3794,27,1,1,0.2763,0.46,41074915,37942.9888,2727473
node2.tardis-apia.ldos-ut-pg0.wisc.cloudlab.us,tencentBlock_5526,s3fifo,10,3794,27,1,2,0.2763,0.46,41074915,37942.9888,2727473
node2.tardis-apia.ldos-ut-pg0.wisc.cloudlab.us,tencentBlock_5526,s3fifo,10,3794,27,1,3,0.2763,0.45,41074915,37942.9888,2727473
node2.tardis-apia.ldos-ut-pg0.wisc.cloudlab.us,tencentBlock_5526,s3fifoforgive,10,3794,27,1,1,0.2761,0.27,41074915,37942.9888,2727473
node2.tardis-apia.ldos-ut-pg0.wisc.cloudlab.us,tencentBlock_5526,s3fifoforgive,10,3794,27,1,2,0.2761,0.28,41074915,37942.9888,2727473
node2.tardis-apia.ldos-ut-pg0.wisc.cloudlab.us,tencentBlock_5526,s3fifoforgive,10,3794,27,1,3,0.2761,0.28,41074915,37942.9888,2727473
node2.tardis-apia.ldos-ut-pg0.wisc.cloudlab.us,tencentBlock_5526,lru,0.1,38,21,1,1,0.7757,1.58,41074915,37942.9888,2727473
node2.tardis-apia.ldos-ut-pg0.wisc.cloudlab.us,tencentBlock_5526,lru,0.1,38,21,1,2,0.7757,1.56,41074915,37942.9888,2727473
node2.tardis-apia.ldos-ut-pg0.wisc.cloudlab.us,tencentBlock_5526,lru,0.1,38,21,1,3,0.7757,1.58,41074915,37942.9888,2727473
node2.tardis-apia.ldos-ut-pg0.wisc.cloudlab.us,tencentBlock_5526,lruforgive,0.1,38,21,1,1,0.7650,0.90,41074915,37942.9888,2727473
node2.tardis-apia.ldos-ut-pg0.wisc.cloudlab.us,tencentBlock_5526,lruforgive,0.1,38,21,1,2,0.7650,0.89,41074915,37942.9888,2727473
node2.tardis-apia.ldos-ut-pg0.wisc.cloudlab.us,tencentBlock_5526,lruforgive,0.1,38,21,1,3,0.7650,0.90,41074915,37942.9888,2727473
node2.tardis-apia.ldos-ut-pg0.wisc.cloudlab.us,tencentBlock_5526,s3fifo,0.1,38,21,1,1,0.7912,1.78,41074915,37942.9888,2727473
node2.tardis-apia.ldos-ut-pg0.wisc.cloudlab.us,tencentBlock_5526,s3fifo,0.1,38,21,1,2,0.7912,1.77,41074915,37942.9888,2727473
node2.tardis-apia.ldos-ut-pg0.wisc.cloudlab.us,tencentBlock_5526,s3fifo,0.1,38,21,1,3,0.7912,1.76,41074915,37942.9888,2727473
node2.tardis-apia.ldos-ut-pg0.wisc.cloudlab.us,tencentBlock_5526,s3fifoforgive,0.1,38,21,1,1,0.7880,1.16,41074915,37942.9888,2727473
node2.tardis-apia.ldos-ut-pg0.wisc.cloudlab.us,tencentBlock_5526,s3fifoforgive,0.1,38,21,1,2,0.7880,1.15,41074915,37942.9888,2727473
node2.tardis-apia.ldos-ut-pg0.wisc.cloudlab.us,tencentBlock_5526,s3fifoforgive,0.1,38,21,1,3,0.7880,1.15,41074915,37942.9888,2727473
node2.tardis-apia.ldos-ut-pg0.wisc.cloudlab.us,tencentBlock_5560,lru,10,3441,27,1,1,0.2733,0.41,14911125,34412.544,1137629
node2.tardis-apia.ldos-ut-pg0.wisc.cloudlab.us,tencentBlock_5560,lru,10,3441,27,1,2,0.2733,0.40,14911125,34412.544,1137629
node2.tardis-apia.ldos-ut-pg0.wisc.cloudlab.us,tencentBlock_5560,lru,10,3441,27,1,3,0.2733,0.41,14911125,34412.544,1137629
node2.tardis-apia.ldos-ut-pg0.wisc.cloudlab.us,tencentBlock_5560,lruforgive,10,3441,27,1,1,0.2694,0.30,14911125,34412.544,1137629
node2.tardis-apia.ldos-ut-pg0.wisc.cloudlab.us,tencentBlock_5560,lruforgive,10,3441,27,1,2,0.2694,0.29,14911125,34412.544,1137629
node2.tardis-apia.ldos-ut-pg0.wisc.cloudlab.us,tencentBlock_5560,lruforgive,10,3441,27,1,3,0.2694,0.30,14911125,34412.544,1137629
node2.tardis-apia.ldos-ut-pg0.wisc.cloudlab.us,tencentBlock_5560,s3fifo,10,3441,27,1,1,0.2409,0.51,14911125,34412.544,1137629
node2.tardis-apia.ldos-ut-pg0.wisc.cloudlab.us,tencentBlock_5560,s3fifo,10,3441,27,1,2,0.2409,0.52,14911125,34412.544,1137629
node2.tardis-apia.ldos-ut-pg0.wisc.cloudlab.us,tencentBlock_5560,s3fifo,10,3441,27,1,3,0.2409,0.51,14911125,34412.544,1137629
node2.tardis-apia.ldos-ut-pg0.wisc.cloudlab.us,tencentBlock_5560,s3fifoforgive,10,3441,27,1,1,0.2409,0.34,14911125,34412.544,1137629
node2.tardis-apia.ldos-ut-pg0.wisc.cloudlab.us,tencentBlock_5560,s3fifoforgive,10,3441,27,1,2,0.2409,0.34,14911125,34412.544,1137629
node2.tardis-apia.ldos-ut-pg0.wisc.cloudlab.us,tencentBlock_5560,s3fifoforgive,10,3441,27,1,3,0.2409,0.34,14911125,34412.544,1137629
node2.tardis-apia.ldos-ut-pg0.wisc.cloudlab.us,tencentBlock_5560,lru,0.1,34,21,1,1,0.6436,1.95,14911125,34412.544,1137629
node2.tardis-apia.ldos-ut-pg0.wisc.cloudlab.us,tencentBlock_5560,lru,0.1,34,21,1,2,0.6436,1.92,14911125,34412.544,1137629
node2.tardis-apia.ldos-ut-pg0.wisc.cloudlab.us,tencentBlock_5560,lru,0.1,34,21,1,3,0.6436,1.96,14911125,34412.544,1137629
node2.tardis-apia.ldos-ut-pg0.wisc.cloudlab.us,tencentBlock_5560,lruforgive,0.1,34,21,1,1,0.6279,1.02,14911125,34412.544,1137629
node2.tardis-apia.ldos-ut-pg0.wisc.cloudlab.us,tencentBlock_5560,lruforgive,0.1,34,21,1,2,0.6279,1.01,14911125,34412.544,1137629
node2.tardis-apia.ldos-ut-pg0.wisc.cloudlab.us,tencentBlock_5560,lruforgive,0.1,34,21,1,3,0.6279,1.01,14911125,34412.544,1137629
node2.tardis-apia.ldos-ut-pg0.wisc.cloudlab.us,tencentBlock_5560,s3fifo,0.1,34,21,1,1,0.6146,2.22,14911125,34412.544,1137629
node2.tardis-apia.ldos-ut-pg0.wisc.cloudlab.us,tencentBlock_5560,s3fifo,0.1,34,21,1,2,0.6146,2.07,14911125,34412.544,1137629
node2.tardis-apia.ldos-ut-pg0.wisc.cloudlab.us,tencentBlock_5560,s3fifo,0.1,34,21,1,3,0.6146,2.09,14911125,34412.544,1137629
node2.tardis-apia.ldos-ut-pg0.wisc.cloudlab.us,tencentBlock_5560,s3fifoforgive,0.1,34,21,1,1,0.6121,1.14,14911125,34412.544,1137629
node2.tardis-apia.ldos-ut-pg0.wisc.cloudlab.us,tencentBlock_5560,s3fifoforgive,0.1,34,21,1,2,0.6121,1.11,14911125,34412.544,1137629
node2.tardis-apia.ldos-ut-pg0.wisc.cloudlab.us,tencentBlock_5560,s3fifoforgive,0.1,34,21,1,3,0.6121,1.10,14911125,34412.544,1137629
node2.tardis-apia.ldos-ut-pg0.wisc.cloudlab.us,tencentBlock_5565,lru,10,193126,27,1,1,NA_TOOBIG,NA,NA,1931263.1808,20331577
node2.tardis-apia.ldos-ut-pg0.wisc.cloudlab.us,tencentBlock_5565,lru,10,193126,27,1,2,NA_TOOBIG,NA,NA,1931263.1808,20331577
node2.tardis-apia.ldos-ut-pg0.wisc.cloudlab.us,tencentBlock_5565,lru,10,193126,27,1,3,NA_TOOBIG,NA,NA,1931263.1808,20331577
node2.tardis-apia.ldos-ut-pg0.wisc.cloudlab.us,tencentBlock_5565,lruforgive,10,193126,27,1,1,NA_TOOBIG,NA,NA,1931263.1808,20331577
node2.tardis-apia.ldos-ut-pg0.wisc.cloudlab.us,tencentBlock_5565,lruforgive,10,193126,27,1,2,NA_TOOBIG,NA,NA,1931263.1808,20331577
node2.tardis-apia.ldos-ut-pg0.wisc.cloudlab.us,tencentBlock_5565,lruforgive,10,193126,27,1,3,NA_TOOBIG,NA,NA,1931263.1808,20331577
node2.tardis-apia.ldos-ut-pg0.wisc.cloudlab.us,tencentBlock_5565,s3fifo,10,193126,27,1,1,NA_TOOBIG,NA,NA,1931263.1808,20331577
node2.tardis-apia.ldos-ut-pg0.wisc.cloudlab.us,tencentBlock_5565,s3fifo,10,193126,27,1,2,NA_TOOBIG,NA,NA,1931263.1808,20331577
node2.tardis-apia.ldos-ut-pg0.wisc.cloudlab.us,tencentBlock_5565,s3fifo,10,193126,27,1,3,NA_TOOBIG,NA,NA,1931263.1808,20331577
node2.tardis-apia.ldos-ut-pg0.wisc.cloudlab.us,tencentBlock_5565,s3fifoforgive,10,193126,27,1,1,NA_TOOBIG,NA,NA,1931263.1808,20331577
node2.tardis-apia.ldos-ut-pg0.wisc.cloudlab.us,tencentBlock_5565,s3fifoforgive,10,193126,27,1,2,NA_TOOBIG,NA,NA,1931263.1808,20331577
node2.tardis-apia.ldos-ut-pg0.wisc.cloudlab.us,tencentBlock_5565,s3fifoforgive,10,193126,27,1,3,NA_TOOBIG,NA,NA,1931263.1808,20331577
node2.tardis-apia.ldos-ut-pg0.wisc.cloudlab.us,tencentBlock_5565,lru,0.1,1931,27,1,1,0.7663,0.10,43392187,1931263.1808,20331577
node2.tardis-apia.ldos-ut-pg0.wisc.cloudlab.us,tencentBlock_5565,lru,0.1,1931,27,1,2,0.7663,0.10,43392187,1931263.1808,20331577
node2.tardis-apia.ldos-ut-pg0.wisc.cloudlab.us,tencentBlock_5565,lru,0.1,1931,27,1,3,0.7663,0.10,43392187,1931263.1808,20331577
node2.tardis-apia.ldos-ut-pg0.wisc.cloudlab.us,tencentBlock_5565,lruforgive,0.1,1931,27,1,1,0.7637,0.09,43392187,1931263.1808,20331577
node2.tardis-apia.ldos-ut-pg0.wisc.cloudlab.us,tencentBlock_5565,lruforgive,0.1,1931,27,1,2,0.7637,0.09,43392187,1931263.1808,20331577
node2.tardis-apia.ldos-ut-pg0.wisc.cloudlab.us,tencentBlock_5565,lruforgive,0.1,1931,27,1,3,0.7637,0.09,43392187,1931263.1808,20331577
node2.tardis-apia.ldos-ut-pg0.wisc.cloudlab.us,tencentBlock_5565,s3fifo,0.1,1931,27,1,1,0.7687,0.10,43392187,1931263.1808,20331577
node2.tardis-apia.ldos-ut-pg0.wisc.cloudlab.us,tencentBlock_5565,s3fifo,0.1,1931,27,1,2,0.7687,0.10,43392187,1931263.1808,20331577
node2.tardis-apia.ldos-ut-pg0.wisc.cloudlab.us,tencentBlock_5565,s3fifo,0.1,1931,27,1,3,0.7687,0.10,43392187,1931263.1808,20331577
node2.tardis-apia.ldos-ut-pg0.wisc.cloudlab.us,tencentBlock_5565,s3fifoforgive,0.1,1931,27,1,1,0.7685,0.10,43392187,1931263.1808,20331577
node2.tardis-apia.ldos-ut-pg0.wisc.cloudlab.us,tencentBlock_5565,s3fifoforgive,0.1,1931,27,1,2,0.7685,0.10,43392187,1931263.1808,20331577
node2.tardis-apia.ldos-ut-pg0.wisc.cloudlab.us,tencentBlock_5565,s3fifoforgive,0.1,1931,27,1,3,0.7685,0.10,43392187,1931263.1808,20331577
node2.tardis-apia.ldos-ut-pg0.wisc.cloudlab.us,tencentBlock_5592,lru,10,17658,27,1,1,0.1273,0.69,101684004,176583.9872,6655034
node2.tardis-apia.ldos-ut-pg0.wisc.cloudlab.us,tencentBlock_5592,lru,10,17658,27,1,2,0.1273,0.69,101684004,176583.9872,6655034
node2.tardis-apia.ldos-ut-pg0.wisc.cloudlab.us,tencentBlock_5592,lru,10,17658,27,1,3,0.1273,0.69,101684004,176583.9872,6655034
node2.tardis-apia.ldos-ut-pg0.wisc.cloudlab.us,tencentBlock_5592,lruforgive,10,17658,27,1,1,0.1301,0.32,101684004,176583.9872,6655034
node2.tardis-apia.ldos-ut-pg0.wisc.cloudlab.us,tencentBlock_5592,lruforgive,10,17658,27,1,2,0.1301,0.32,101684004,176583.9872,6655034
node2.tardis-apia.ldos-ut-pg0.wisc.cloudlab.us,tencentBlock_5592,lruforgive,10,17658,27,1,3,0.1301,0.32,101684004,176583.9872,6655034
node2.tardis-apia.ldos-ut-pg0.wisc.cloudlab.us,tencentBlock_5592,s3fifo,10,17658,27,1,1,0.1241,0.77,101684004,176583.9872,6655034
node2.tardis-apia.ldos-ut-pg0.wisc.cloudlab.us,tencentBlock_5592,s3fifo,10,17658,27,1,2,0.1241,0.77,101684004,176583.9872,6655034
node2.tardis-apia.ldos-ut-pg0.wisc.cloudlab.us,tencentBlock_5592,s3fifo,10,17658,27,1,3,0.1241,0.76,101684004,176583.9872,6655034
node2.tardis-apia.ldos-ut-pg0.wisc.cloudlab.us,tencentBlock_5592,s3fifoforgive,10,17658,27,1,1,0.1241,0.34,101684004,176583.9872,6655034
node2.tardis-apia.ldos-ut-pg0.wisc.cloudlab.us,tencentBlock_5592,s3fifoforgive,10,17658,27,1,2,0.1241,0.35,101684004,176583.9872,6655034
node2.tardis-apia.ldos-ut-pg0.wisc.cloudlab.us,tencentBlock_5592,s3fifoforgive,10,17658,27,1,3,0.1241,0.35,101684004,176583.9872,6655034
node2.tardis-apia.ldos-ut-pg0.wisc.cloudlab.us,tencentBlock_5592,lru,0.1,177,23,1,1,0.5007,0.60,101684004,176583.9872,6655034
node2.tardis-apia.ldos-ut-pg0.wisc.cloudlab.us,tencentBlock_5592,lru,0.1,177,23,1,2,0.5007,0.60,101684004,176583.9872,6655034
node2.tardis-apia.ldos-ut-pg0.wisc.cloudlab.us,tencentBlock_5592,lru,0.1,177,23,1,3,0.5007,0.60,101684004,176583.9872,6655034
node2.tardis-apia.ldos-ut-pg0.wisc.cloudlab.us,tencentBlock_5592,lruforgive,0.1,177,23,1,1,0.4830,0.38,101684004,176583.9872,6655034
node2.tardis-apia.ldos-ut-pg0.wisc.cloudlab.us,tencentBlock_5592,lruforgive,0.1,177,23,1,2,0.4832,0.38,101684004,176583.9872,6655034
node2.tardis-apia.ldos-ut-pg0.wisc.cloudlab.us,tencentBlock_5592,lruforgive,0.1,177,23,1,3,0.4832,0.37,101684004,176583.9872,6655034
node2.tardis-apia.ldos-ut-pg0.wisc.cloudlab.us,tencentBlock_5592,s3fifo,0.1,177,23,1,1,0.4775,1.05,101684004,176583.9872,6655034
node2.tardis-apia.ldos-ut-pg0.wisc.cloudlab.us,tencentBlock_5592,s3fifo,0.1,177,23,1,2,0.4775,1.05,101684004,176583.9872,6655034
node2.tardis-apia.ldos-ut-pg0.wisc.cloudlab.us,tencentBlock_5592,s3fifo,0.1,177,23,1,3,0.4775,1.05,101684004,176583.9872,6655034
node2.tardis-apia.ldos-ut-pg0.wisc.cloudlab.us,tencentBlock_5592,s3fifoforgive,0.1,177,23,1,1,0.4755,0.59,101684004,176583.9872,6655034
node2.tardis-apia.ldos-ut-pg0.wisc.cloudlab.us,tencentBlock_5592,s3fifoforgive,0.1,177,23,1,2,0.4755,0.59,101684004,176583.9872,6655034
node2.tardis-apia.ldos-ut-pg0.wisc.cloudlab.us,tencentBlock_5592,s3fifoforgive,0.1,177,23,1,3,0.4755,0.59,101684004,176583.9872,6655034
node2.tardis-apia.ldos-ut-pg0.wisc.cloudlab.us,tencentBlock_5615,lru,10,13961,27,1,1,0.9966,0.08,3044593,139614.1056,2233893
node2.tardis-apia.ldos-ut-pg0.wisc.cloudlab.us,tencentBlock_5615,lru,10,13961,27,1,2,0.9966,0.08,3044593,139614.1056,2233893
node2.tardis-apia.ldos-ut-pg0.wisc.cloudlab.us,tencentBlock_5615,lru,10,13961,27,1,3,0.9966,0.08,3044593,139614.1056,2233893
node2.tardis-apia.ldos-ut-pg0.wisc.cloudlab.us,tencentBlock_5615,lruforgive,10,13961,27,1,1,0.9966,0.09,3044593,139614.1056,2233893
node2.tardis-apia.ldos-ut-pg0.wisc.cloudlab.us,tencentBlock_5615,lruforgive,10,13961,27,1,2,0.9966,0.09,3044593,139614.1056,2233893
node2.tardis-apia.ldos-ut-pg0.wisc.cloudlab.us,tencentBlock_5615,lruforgive,10,13961,27,1,3,0.9966,0.09,3044593,139614.1056,2233893
node2.tardis-apia.ldos-ut-pg0.wisc.cloudlab.us,tencentBlock_5615,s3fifo,10,13961,27,1,1,0.9947,0.08,3044593,139614.1056,2233893
node2.tardis-apia.ldos-ut-pg0.wisc.cloudlab.us,tencentBlock_5615,s3fifo,10,13961,27,1,2,0.9947,0.08,3044593,139614.1056,2233893
node2.tardis-apia.ldos-ut-pg0.wisc.cloudlab.us,tencentBlock_5615,s3fifo,10,13961,27,1,3,0.9947,0.08,3044593,139614.1056,2233893
node2.tardis-apia.ldos-ut-pg0.wisc.cloudlab.us,tencentBlock_5615,s3fifoforgive,10,13961,27,1,1,0.9947,0.09,3044593,139614.1056,2233893
node2.tardis-apia.ldos-ut-pg0.wisc.cloudlab.us,tencentBlock_5615,s3fifoforgive,10,13961,27,1,2,0.9947,0.09,3044593,139614.1056,2233893
node2.tardis-apia.ldos-ut-pg0.wisc.cloudlab.us,tencentBlock_5615,s3fifoforgive,10,13961,27,1,3,0.9947,0.09,3044593,139614.1056,2233893
node2.tardis-apia.ldos-ut-pg0.wisc.cloudlab.us,tencentBlock_5615,lru,0.1,140,23,1,1,1.0000,0.13,3044593,139614.1056,2233893
node2.tardis-apia.ldos-ut-pg0.wisc.cloudlab.us,tencentBlock_5615,lru,0.1,140,23,1,2,1.0000,0.13,3044593,139614.1056,2233893
node2.tardis-apia.ldos-ut-pg0.wisc.cloudlab.us,tencentBlock_5615,lru,0.1,140,23,1,3,1.0000,0.13,3044593,139614.1056,2233893
node2.tardis-apia.ldos-ut-pg0.wisc.cloudlab.us,tencentBlock_5615,lruforgive,0.1,140,23,1,1,1.0000,0.12,3044593,139614.1056,2233893
node2.tardis-apia.ldos-ut-pg0.wisc.cloudlab.us,tencentBlock_5615,lruforgive,0.1,140,23,1,2,1.0000,0.13,3044593,139614.1056,2233893
node2.tardis-apia.ldos-ut-pg0.wisc.cloudlab.us,tencentBlock_5615,lruforgive,0.1,140,23,1,3,1.0000,0.12,3044593,139614.1056,2233893
node2.tardis-apia.ldos-ut-pg0.wisc.cloudlab.us,tencentBlock_5615,s3fifo,0.1,140,23,1,1,0.9999,0.12,3044593,139614.1056,2233893
node2.tardis-apia.ldos-ut-pg0.wisc.cloudlab.us,tencentBlock_5615,s3fifo,0.1,140,23,1,2,0.9999,0.12,3044593,139614.1056,2233893
node2.tardis-apia.ldos-ut-pg0.wisc.cloudlab.us,tencentBlock_5615,s3fifo,0.1,140,23,1,3,0.9999,0.12,3044593,139614.1056,2233893
node2.tardis-apia.ldos-ut-pg0.wisc.cloudlab.us,tencentBlock_5615,s3fifoforgive,0.1,140,23,1,1,0.9999,0.12,3044593,139614.1056,2233893
node2.tardis-apia.ldos-ut-pg0.wisc.cloudlab.us,tencentBlock_5615,s3fifoforgive,0.1,140,23,1,2,0.9999,0.12,3044593,139614.1056,2233893
node2.tardis-apia.ldos-ut-pg0.wisc.cloudlab.us,tencentBlock_5615,s3fifoforgive,0.1,140,23,1,3,0.9999,0.12,3044593,139614.1056,2233893
node2.tardis-apia.ldos-ut-pg0.wisc.cloudlab.us,tencentBlock_5631,lru,10,3666,27,1,1,0.2695,0.48,41725492,36659.712,2637963
node2.tardis-apia.ldos-ut-pg0.wisc.cloudlab.us,tencentBlock_5631,lru,10,3666,27,1,2,0.2695,0.48,41725492,36659.712,2637963
node2.tardis-apia.ldos-ut-pg0.wisc.cloudlab.us,tencentBlock_5631,lru,10,3666,27,1,3,0.2695,0.48,41725492,36659.712,2637963
node2.tardis-apia.ldos-ut-pg0.wisc.cloudlab.us,tencentBlock_5631,lruforgive,10,3666,27,1,1,0.2679,0.26,41725492,36659.712,2637963
node2.tardis-apia.ldos-ut-pg0.wisc.cloudlab.us,tencentBlock_5631,lruforgive,10,3666,27,1,2,0.2679,0.26,41725492,36659.712,2637963
node2.tardis-apia.ldos-ut-pg0.wisc.cloudlab.us,tencentBlock_5631,lruforgive,10,3666,27,1,3,0.2679,0.26,41725492,36659.712,2637963
node2.tardis-apia.ldos-ut-pg0.wisc.cloudlab.us,tencentBlock_5631,s3fifo,10,3666,27,1,1,0.2616,0.48,41725492,36659.712,2637963
node2.tardis-apia.ldos-ut-pg0.wisc.cloudlab.us,tencentBlock_5631,s3fifo,10,3666,27,1,2,0.2616,0.48,41725492,36659.712,2637963
node2.tardis-apia.ldos-ut-pg0.wisc.cloudlab.us,tencentBlock_5631,s3fifo,10,3666,27,1,3,0.2616,0.49,41725492,36659.712,2637963
node2.tardis-apia.ldos-ut-pg0.wisc.cloudlab.us,tencentBlock_5631,s3fifoforgive,10,3666,27,1,1,0.2615,0.28,41725492,36659.712,2637963
node2.tardis-apia.ldos-ut-pg0.wisc.cloudlab.us,tencentBlock_5631,s3fifoforgive,10,3666,27,1,2,0.2615,0.28,41725492,36659.712,2637963
node2.tardis-apia.ldos-ut-pg0.wisc.cloudlab.us,tencentBlock_5631,s3fifoforgive,10,3666,27,1,3,0.2615,0.28,41725492,36659.712,2637963
node2.tardis-apia.ldos-ut-pg0.wisc.cloudlab.us,tencentBlock_5631,lru,0.1,37,21,1,1,0.8003,1.26,41725492,36659.712,2637963
node2.tardis-apia.ldos-ut-pg0.wisc.cloudlab.us,tencentBlock_5631,lru,0.1,37,21,1,2,0.8003,1.26,41725492,36659.712,2637963
node2.tardis-apia.ldos-ut-pg0.wisc.cloudlab.us,tencentBlock_5631,lru,0.1,37,21,1,3,0.8003,1.28,41725492,36659.712,2637963
node2.tardis-apia.ldos-ut-pg0.wisc.cloudlab.us,tencentBlock_5631,lruforgive,0.1,37,21,1,1,0.7931,0.75,41725492,36659.712,2637963
node2.tardis-apia.ldos-ut-pg0.wisc.cloudlab.us,tencentBlock_5631,lruforgive,0.1,37,21,1,2,0.7931,0.74,41725492,36659.712,2637963
node2.tardis-apia.ldos-ut-pg0.wisc.cloudlab.us,tencentBlock_5631,lruforgive,0.1,37,21,1,3,0.7931,0.76,41725492,36659.712,2637963
node2.tardis-apia.ldos-ut-pg0.wisc.cloudlab.us,tencentBlock_5631,s3fifo,0.1,37,21,1,1,0.8314,1.44,41725492,36659.712,2637963
node2.tardis-apia.ldos-ut-pg0.wisc.cloudlab.us,tencentBlock_5631,s3fifo,0.1,37,21,1,2,0.8314,1.45,41725492,36659.712,2637963
node2.tardis-apia.ldos-ut-pg0.wisc.cloudlab.us,tencentBlock_5631,s3fifo,0.1,37,21,1,3,0.8314,1.44,41725492,36659.712,2637963
node2.tardis-apia.ldos-ut-pg0.wisc.cloudlab.us,tencentBlock_5631,s3fifoforgive,0.1,37,21,1,1,0.8266,1.00,41725492,36659.712,2637963
node2.tardis-apia.ldos-ut-pg0.wisc.cloudlab.us,tencentBlock_5631,s3fifoforgive,0.1,37,21,1,2,0.8266,1.02,41725492,36659.712,2637963
node2.tardis-apia.ldos-ut-pg0.wisc.cloudlab.us,tencentBlock_5631,s3fifoforgive,0.1,37,21,1,3,0.8266,1.01,41725492,36659.712,2637963
node2.tardis-apia.ldos-ut-pg0.wisc.cloudlab.us,tencentBlock_5710,lru,10,2857,27,1,1,0.0805,1.63,51505347,28568.576,3737166
node2.tardis-apia.ldos-ut-pg0.wisc.cloudlab.us,tencentBlock_5710,lru,10,2857,27,1,2,0.0805,1.65,51505347,28568.576,3737166
node2.tardis-apia.ldos-ut-pg0.wisc.cloudlab.us,tencentBlock_5710,lru,10,2857,27,1,3,0.0805,1.66,51505347,28568.576,3737166
node2.tardis-apia.ldos-ut-pg0.wisc.cloudlab.us,tencentBlock_5710,lruforgive,10,2857,27,1,1,0.0805,0.52,51505347,28568.576,3737166
node2.tardis-apia.ldos-ut-pg0.wisc.cloudlab.us,tencentBlock_5710,lruforgive,10,2857,27,1,2,0.0805,0.52,51505347,28568.576,3737166
node2.tardis-apia.ldos-ut-pg0.wisc.cloudlab.us,tencentBlock_5710,lruforgive,10,2857,27,1,3,0.0805,0.52,51505347,28568.576,3737166
node2.tardis-apia.ldos-ut-pg0.wisc.cloudlab.us,tencentBlock_5710,s3fifo,10,2857,27,1,1,0.0805,1.67,51505347,28568.576,3737166
node2.tardis-apia.ldos-ut-pg0.wisc.cloudlab.us,tencentBlock_5710,s3fifo,10,2857,27,1,2,0.0805,1.67,51505347,28568.576,3737166
node2.tardis-apia.ldos-ut-pg0.wisc.cloudlab.us,tencentBlock_5710,s3fifo,10,2857,27,1,3,0.0805,1.68,51505347,28568.576,3737166
node2.tardis-apia.ldos-ut-pg0.wisc.cloudlab.us,tencentBlock_5710,s3fifoforgive,10,2857,27,1,1,0.0805,0.55,51505347,28568.576,3737166
node2.tardis-apia.ldos-ut-pg0.wisc.cloudlab.us,tencentBlock_5710,s3fifoforgive,10,2857,27,1,2,0.0805,0.56,51505347,28568.576,3737166
node2.tardis-apia.ldos-ut-pg0.wisc.cloudlab.us,tencentBlock_5710,s3fifoforgive,10,2857,27,1,3,0.0805,0.56,51505347,28568.576,3737166
node2.tardis-apia.ldos-ut-pg0.wisc.cloudlab.us,tencentBlock_5710,lru,0.1,29,21,1,1,0.1595,2.87,51505347,28568.576,3737166
node2.tardis-apia.ldos-ut-pg0.wisc.cloudlab.us,tencentBlock_5710,lru,0.1,29,21,1,2,0.1595,2.95,51505347,28568.576,3737166
node2.tardis-apia.ldos-ut-pg0.wisc.cloudlab.us,tencentBlock_5710,lru,0.1,29,21,1,3,0.1595,2.89,51505347,28568.576,3737166
node2.tardis-apia.ldos-ut-pg0.wisc.cloudlab.us,tencentBlock_5710,lruforgive,0.1,29,21,1,1,0.1607,0.70,51505347,28568.576,3737166
node2.tardis-apia.ldos-ut-pg0.wisc.cloudlab.us,tencentBlock_5710,lruforgive,0.1,29,21,1,2,0.1607,0.71,51505347,28568.576,3737166
node2.tardis-apia.ldos-ut-pg0.wisc.cloudlab.us,tencentBlock_5710,lruforgive,0.1,29,21,1,3,0.1607,0.71,51505347,28568.576,3737166
node2.tardis-apia.ldos-ut-pg0.wisc.cloudlab.us,tencentBlock_5710,s3fifo,0.1,29,21,1,1,0.1498,3.13,51505347,28568.576,3737166
node2.tardis-apia.ldos-ut-pg0.wisc.cloudlab.us,tencentBlock_5710,s3fifo,0.1,29,21,1,2,0.1498,3.12,51505347,28568.576,3737166
node2.tardis-apia.ldos-ut-pg0.wisc.cloudlab.us,tencentBlock_5710,s3fifo,0.1,29,21,1,3,0.1498,3.14,51505347,28568.576,3737166
node2.tardis-apia.ldos-ut-pg0.wisc.cloudlab.us,tencentBlock_5710,s3fifoforgive,0.1,29,21,1,1,0.1497,0.80,51505347,28568.576,3737166
node2.tardis-apia.ldos-ut-pg0.wisc.cloudlab.us,tencentBlock_5710,s3fifoforgive,0.1,29,21,1,2,0.1497,0.81,51505347,28568.576,3737166
node2.tardis-apia.ldos-ut-pg0.wisc.cloudlab.us,tencentBlock_5710,s3fifoforgive,0.1,29,21,1,3,0.1497,0.80,51505347,28568.576,3737166
node2.tardis-apia.ldos-ut-pg0.wisc.cloudlab.us,tencentBlock_5732,lru,10,36311,27,1,1,0.6757,0.07,9980889,363111.6288,4063193
node2.tardis-apia.ldos-ut-pg0.wisc.cloudlab.us,tencentBlock_5732,lru,10,36311,27,1,2,0.6757,0.07,9980889,363111.6288,4063193
node2.tardis-apia.ldos-ut-pg0.wisc.cloudlab.us,tencentBlock_5732,lru,10,36311,27,1,3,0.6757,0.08,9980889,363111.6288,4063193
node2.tardis-apia.ldos-ut-pg0.wisc.cloudlab.us,tencentBlock_5732,lruforgive,10,36311,27,1,1,0.6757,0.07,9980889,363111.6288,4063193
node2.tardis-apia.ldos-ut-pg0.wisc.cloudlab.us,tencentBlock_5732,lruforgive,10,36311,27,1,2,0.6757,0.07,9980889,363111.6288,4063193
node2.tardis-apia.ldos-ut-pg0.wisc.cloudlab.us,tencentBlock_5732,lruforgive,10,36311,27,1,3,0.6757,0.07,9980889,363111.6288,4063193
node2.tardis-apia.ldos-ut-pg0.wisc.cloudlab.us,tencentBlock_5732,s3fifo,10,36311,27,1,1,0.8304,0.08,9980889,363111.6288,4063193
node2.tardis-apia.ldos-ut-pg0.wisc.cloudlab.us,tencentBlock_5732,s3fifo,10,36311,27,1,2,0.8304,0.08,9980889,363111.6288,4063193
node2.tardis-apia.ldos-ut-pg0.wisc.cloudlab.us,tencentBlock_5732,s3fifo,10,36311,27,1,3,0.8304,0.08,9980889,363111.6288,4063193
node2.tardis-apia.ldos-ut-pg0.wisc.cloudlab.us,tencentBlock_5732,s3fifoforgive,10,36311,27,1,1,0.8303,0.08,9980889,363111.6288,4063193
node2.tardis-apia.ldos-ut-pg0.wisc.cloudlab.us,tencentBlock_5732,s3fifoforgive,10,36311,27,1,2,0.8303,0.08,9980889,363111.6288,4063193
node2.tardis-apia.ldos-ut-pg0.wisc.cloudlab.us,tencentBlock_5732,s3fifoforgive,10,36311,27,1,3,0.8303,0.08,9980889,363111.6288,4063193
node2.tardis-apia.ldos-ut-pg0.wisc.cloudlab.us,tencentBlock_5732,lru,0.1,363,25,1,1,0.9935,0.15,9980889,363111.6288,4063193
node2.tardis-apia.ldos-ut-pg0.wisc.cloudlab.us,tencentBlock_5732,lru,0.1,363,25,1,2,0.9935,0.15,9980889,363111.6288,4063193
node2.tardis-apia.ldos-ut-pg0.wisc.cloudlab.us,tencentBlock_5732,lru,0.1,363,25,1,3,0.9935,0.16,9980889,363111.6288,4063193
node2.tardis-apia.ldos-ut-pg0.wisc.cloudlab.us,tencentBlock_5732,lruforgive,0.1,363,25,1,1,0.9933,0.15,9980889,363111.6288,4063193
node2.tardis-apia.ldos-ut-pg0.wisc.cloudlab.us,tencentBlock_5732,lruforgive,0.1,363,25,1,2,0.9933,0.15,9980889,363111.6288,4063193
node2.tardis-apia.ldos-ut-pg0.wisc.cloudlab.us,tencentBlock_5732,lruforgive,0.1,363,25,1,3,0.9933,0.16,9980889,363111.6288,4063193
node2.tardis-apia.ldos-ut-pg0.wisc.cloudlab.us,tencentBlock_5732,s3fifo,0.1,363,25,1,1,0.9933,0.15,9980889,363111.6288,4063193
node2.tardis-apia.ldos-ut-pg0.wisc.cloudlab.us,tencentBlock_5732,s3fifo,0.1,363,25,1,2,0.9933,0.16,9980889,363111.6288,4063193
node2.tardis-apia.ldos-ut-pg0.wisc.cloudlab.us,tencentBlock_5732,s3fifo,0.1,363,25,1,3,0.9933,0.16,9980889,363111.6288,4063193
node2.tardis-apia.ldos-ut-pg0.wisc.cloudlab.us,tencentBlock_5732,s3fifoforgive,0.1,363,25,1,1,0.9933,0.16,9980889,363111.6288,4063193
node2.tardis-apia.ldos-ut-pg0.wisc.cloudlab.us,tencentBlock_5732,s3fifoforgive,0.1,363,25,1,2,0.9933,0.15,9980889,363111.6288,4063193
node2.tardis-apia.ldos-ut-pg0.wisc.cloudlab.us,tencentBlock_5732,s3fifoforgive,0.1,363,25,1,3,0.9933,0.16,9980889,363111.6288,4063193
node2.tardis-apia.ldos-ut-pg0.wisc.cloudlab.us,tencentBlock_5875,lru,10,1945,27,1,1,0.3393,0.43,5788500,19454.464,1104622
node2.tardis-apia.ldos-ut-pg0.wisc.cloudlab.us,tencentBlock_5875,lru,10,1945,27,1,2,0.3393,0.43,5788500,19454.464,1104622
node2.tardis-apia.ldos-ut-pg0.wisc.cloudlab.us,tencentBlock_5875,lru,10,1945,27,1,3,0.3393,0.43,5788500,19454.464,1104622
node2.tardis-apia.ldos-ut-pg0.wisc.cloudlab.us,tencentBlock_5875,lruforgive,10,1945,27,1,1,0.3387,0.36,5788500,19454.464,1104622
node2.tardis-apia.ldos-ut-pg0.wisc.cloudlab.us,tencentBlock_5875,lruforgive,10,1945,27,1,2,0.3387,0.36,5788500,19454.464,1104622
node2.tardis-apia.ldos-ut-pg0.wisc.cloudlab.us,tencentBlock_5875,lruforgive,10,1945,27,1,3,0.3387,0.36,5788500,19454.464,1104622
node2.tardis-apia.ldos-ut-pg0.wisc.cloudlab.us,tencentBlock_5875,s3fifo,10,1945,27,1,1,0.3389,0.45,5788500,19454.464,1104622
node2.tardis-apia.ldos-ut-pg0.wisc.cloudlab.us,tencentBlock_5875,s3fifo,10,1945,27,1,2,0.3389,0.45,5788500,19454.464,1104622
node2.tardis-apia.ldos-ut-pg0.wisc.cloudlab.us,tencentBlock_5875,s3fifo,10,1945,27,1,3,0.3389,0.45,5788500,19454.464,1104622
node2.tardis-apia.ldos-ut-pg0.wisc.cloudlab.us,tencentBlock_5875,s3fifoforgive,10,1945,27,1,1,0.3389,0.37,5788500,19454.464,1104622
node2.tardis-apia.ldos-ut-pg0.wisc.cloudlab.us,tencentBlock_5875,s3fifoforgive,10,1945,27,1,2,0.3389,0.37,5788500,19454.464,1104622
node2.tardis-apia.ldos-ut-pg0.wisc.cloudlab.us,tencentBlock_5875,s3fifoforgive,10,1945,27,1,3,0.3389,0.37,5788500,19454.464,1104622
node2.tardis-apia.ldos-ut-pg0.wisc.cloudlab.us,tencentBlock_5875,lru,0.1,19,20,1,1,0.4994,2.63,5788500,19454.464,1104622
node2.tardis-apia.ldos-ut-pg0.wisc.cloudlab.us,tencentBlock_5875,lru,0.1,19,20,1,2,0.4994,2.64,5788500,19454.464,1104622
node2.tardis-apia.ldos-ut-pg0.wisc.cloudlab.us,tencentBlock_5875,lru,0.1,19,20,1,3,0.4994,2.63,5788500,19454.464,1104622
node2.tardis-apia.ldos-ut-pg0.wisc.cloudlab.us,tencentBlock_5875,lruforgive,0.1,19,20,1,1,0.4981,1.15,5788500,19454.464,1104622
node2.tardis-apia.ldos-ut-pg0.wisc.cloudlab.us,tencentBlock_5875,lruforgive,0.1,19,20,1,2,0.4981,1.13,5788500,19454.464,1104622
node2.tardis-apia.ldos-ut-pg0.wisc.cloudlab.us,tencentBlock_5875,lruforgive,0.1,19,20,1,3,0.4981,1.13,5788500,19454.464,1104622
node2.tardis-apia.ldos-ut-pg0.wisc.cloudlab.us,tencentBlock_5875,s3fifo,0.1,19,20,1,1,0.4971,2.76,5788500,19454.464,1104622
node2.tardis-apia.ldos-ut-pg0.wisc.cloudlab.us,tencentBlock_5875,s3fifo,0.1,19,20,1,2,0.4971,2.83,5788500,19454.464,1104622
node2.tardis-apia.ldos-ut-pg0.wisc.cloudlab.us,tencentBlock_5875,s3fifo,0.1,19,20,1,3,0.4971,2.83,5788500,19454.464,1104622
node2.tardis-apia.ldos-ut-pg0.wisc.cloudlab.us,tencentBlock_5875,s3fifoforgive,0.1,19,20,1,1,0.4970,1.26,5788500,19454.464,1104622
node2.tardis-apia.ldos-ut-pg0.wisc.cloudlab.us,tencentBlock_5875,s3fifoforgive,0.1,19,20,1,2,0.4970,1.26,5788500,19454.464,1104622
node2.tardis-apia.ldos-ut-pg0.wisc.cloudlab.us,tencentBlock_5875,s3fifoforgive,0.1,19,20,1,3,0.4970,1.26,5788500,19454.464,1104622
node2.tardis-apia.ldos-ut-pg0.wisc.cloudlab.us,tencentBlock_5913,lru,10,14237,27,1,1,0.4575,0.13,7585341,142372.4544,2351651
node2.tardis-apia.ldos-ut-pg0.wisc.cloudlab.us,tencentBlock_5913,lru,10,14237,27,1,2,0.4575,0.13,7585341,142372.4544,2351651
node2.tardis-apia.ldos-ut-pg0.wisc.cloudlab.us,tencentBlock_5913,lru,10,14237,27,1,3,0.4575,0.13,7585341,142372.4544,2351651
node2.tardis-apia.ldos-ut-pg0.wisc.cloudlab.us,tencentBlock_5913,lruforgive,10,14237,27,1,1,0.4574,0.14,7585341,142372.4544,2351651
node2.tardis-apia.ldos-ut-pg0.wisc.cloudlab.us,tencentBlock_5913,lruforgive,10,14237,27,1,2,0.4574,0.14,7585341,142372.4544,2351651
node2.tardis-apia.ldos-ut-pg0.wisc.cloudlab.us,tencentBlock_5913,lruforgive,10,14237,27,1,3,0.4574,0.14,7585341,142372.4544,2351651
node2.tardis-apia.ldos-ut-pg0.wisc.cloudlab.us,tencentBlock_5913,s3fifo,10,14237,27,1,1,0.4440,0.14,7585341,142372.4544,2351651
node2.tardis-apia.ldos-ut-pg0.wisc.cloudlab.us,tencentBlock_5913,s3fifo,10,14237,27,1,2,0.4440,0.14,7585341,142372.4544,2351651
node2.tardis-apia.ldos-ut-pg0.wisc.cloudlab.us,tencentBlock_5913,s3fifo,10,14237,27,1,3,0.4440,0.14,7585341,142372.4544,2351651
node2.tardis-apia.ldos-ut-pg0.wisc.cloudlab.us,tencentBlock_5913,s3fifoforgive,10,14237,27,1,1,0.4440,0.14,7585341,142372.4544,2351651
node2.tardis-apia.ldos-ut-pg0.wisc.cloudlab.us,tencentBlock_5913,s3fifoforgive,10,14237,27,1,2,0.4440,0.14,7585341,142372.4544,2351651
node2.tardis-apia.ldos-ut-pg0.wisc.cloudlab.us,tencentBlock_5913,s3fifoforgive,10,14237,27,1,3,0.4440,0.14,7585341,142372.4544,2351651
node2.tardis-apia.ldos-ut-pg0.wisc.cloudlab.us,tencentBlock_5913,lru,0.1,142,23,1,1,0.4935,0.40,7585341,142372.4544,2351651
node2.tardis-apia.ldos-ut-pg0.wisc.cloudlab.us,tencentBlock_5913,lru,0.1,142,23,1,2,0.4935,0.40,7585341,142372.4544,2351651
node2.tardis-apia.ldos-ut-pg0.wisc.cloudlab.us,tencentBlock_5913,lru,0.1,142,23,1,3,0.4935,0.40,7585341,142372.4544,2351651
node2.tardis-apia.ldos-ut-pg0.wisc.cloudlab.us,tencentBlock_5913,lruforgive,0.1,142,23,1,1,0.4915,0.34,7585341,142372.4544,2351651
node2.tardis-apia.ldos-ut-pg0.wisc.cloudlab.us,tencentBlock_5913,lruforgive,0.1,142,23,1,2,0.4915,0.34,7585341,142372.4544,2351651
node2.tardis-apia.ldos-ut-pg0.wisc.cloudlab.us,tencentBlock_5913,lruforgive,0.1,142,23,1,3,0.4915,0.33,7585341,142372.4544,2351651
node2.tardis-apia.ldos-ut-pg0.wisc.cloudlab.us,tencentBlock_5913,s3fifo,0.1,142,23,1,1,0.4865,0.51,7585341,142372.4544,2351651
node2.tardis-apia.ldos-ut-pg0.wisc.cloudlab.us,tencentBlock_5913,s3fifo,0.1,142,23,1,2,0.4865,0.51,7585341,142372.4544,2351651
node2.tardis-apia.ldos-ut-pg0.wisc.cloudlab.us,tencentBlock_5913,s3fifo,0.1,142,23,1,3,0.4865,0.52,7585341,142372.4544,2351651
node2.tardis-apia.ldos-ut-pg0.wisc.cloudlab.us,tencentBlock_5913,s3fifoforgive,0.1,142,23,1,1,0.4864,0.41,7585341,142372.4544,2351651
node2.tardis-apia.ldos-ut-pg0.wisc.cloudlab.us,tencentBlock_5913,s3fifoforgive,0.1,142,23,1,2,0.4864,0.40,7585341,142372.4544,2351651
node2.tardis-apia.ldos-ut-pg0.wisc.cloudlab.us,tencentBlock_5913,s3fifoforgive,0.1,142,23,1,3,0.4864,0.41,7585341,142372.4544,2351651
node2.tardis-apia.ldos-ut-pg0.wisc.cloudlab.us,tencentBlock_5927,lru,10,3015,27,1,1,0.3333,0.41,60987139,30154.9568,2269542
node2.tardis-apia.ldos-ut-pg0.wisc.cloudlab.us,tencentBlock_5927,lru,10,3015,27,1,2,0.3333,0.40,60987139,30154.9568,2269542
node2.tardis-apia.ldos-ut-pg0.wisc.cloudlab.us,tencentBlock_5927,lru,10,3015,27,1,3,0.3333,0.40,60987139,30154.9568,2269542
node2.tardis-apia.ldos-ut-pg0.wisc.cloudlab.us,tencentBlock_5927,lruforgive,10,3015,27,1,1,0.3309,0.24,60987139,30154.9568,2269542
node2.tardis-apia.ldos-ut-pg0.wisc.cloudlab.us,tencentBlock_5927,lruforgive,10,3015,27,1,2,0.3309,0.23,60987139,30154.9568,2269542
node2.tardis-apia.ldos-ut-pg0.wisc.cloudlab.us,tencentBlock_5927,lruforgive,10,3015,27,1,3,0.3309,0.24,60987139,30154.9568,2269542
node2.tardis-apia.ldos-ut-pg0.wisc.cloudlab.us,tencentBlock_5927,s3fifo,10,3015,27,1,1,0.3198,0.42,60987139,30154.9568,2269542
node2.tardis-apia.ldos-ut-pg0.wisc.cloudlab.us,tencentBlock_5927,s3fifo,10,3015,27,1,2,0.3198,0.42,60987139,30154.9568,2269542
node2.tardis-apia.ldos-ut-pg0.wisc.cloudlab.us,tencentBlock_5927,s3fifo,10,3015,27,1,3,0.3198,0.42,60987139,30154.9568,2269542
node2.tardis-apia.ldos-ut-pg0.wisc.cloudlab.us,tencentBlock_5927,s3fifoforgive,10,3015,27,1,1,0.3195,0.26,60987139,30154.9568,2269542
node2.tardis-apia.ldos-ut-pg0.wisc.cloudlab.us,tencentBlock_5927,s3fifoforgive,10,3015,27,1,2,0.3195,0.26,60987139,30154.9568,2269542
node2.tardis-apia.ldos-ut-pg0.wisc.cloudlab.us,tencentBlock_5927,s3fifoforgive,10,3015,27,1,3,0.3195,0.26,60987139,30154.9568,2269542
node2.tardis-apia.ldos-ut-pg0.wisc.cloudlab.us,tencentBlock_5927,lru,0.1,30,21,1,1,0.8545,1.79,60987139,30154.9568,2269542
node2.tardis-apia.ldos-ut-pg0.wisc.cloudlab.us,tencentBlock_5927,lru,0.1,30,21,1,2,0.8545,1.78,60987139,30154.9568,2269542
node2.tardis-apia.ldos-ut-pg0.wisc.cloudlab.us,tencentBlock_5927,lru,0.1,30,21,1,3,0.8545,1.75,60987139,30154.9568,2269542
node2.tardis-apia.ldos-ut-pg0.wisc.cloudlab.us,tencentBlock_5927,lruforgive,0.1,30,21,1,1,0.8512,1.00,60987139,30154.9568,2269542
node2.tardis-apia.ldos-ut-pg0.wisc.cloudlab.us,tencentBlock_5927,lruforgive,0.1,30,21,1,2,0.8512,0.98,60987139,30154.9568,2269542
node2.tardis-apia.ldos-ut-pg0.wisc.cloudlab.us,tencentBlock_5927,lruforgive,0.1,30,21,1,3,0.8512,0.99,60987139,30154.9568,2269542
node2.tardis-apia.ldos-ut-pg0.wisc.cloudlab.us,tencentBlock_5927,s3fifo,0.1,30,21,1,1,0.8721,1.81,60987139,30154.9568,2269542
node2.tardis-apia.ldos-ut-pg0.wisc.cloudlab.us,tencentBlock_5927,s3fifo,0.1,30,21,1,2,0.8721,1.80,60987139,30154.9568,2269542
node2.tardis-apia.ldos-ut-pg0.wisc.cloudlab.us,tencentBlock_5927,s3fifo,0.1,30,21,1,3,0.8721,1.83,60987139,30154.9568,2269542
node2.tardis-apia.ldos-ut-pg0.wisc.cloudlab.us,tencentBlock_5927,s3fifoforgive,0.1,30,21,1,1,0.8700,1.27,60987139,30154.9568,2269542
node2.tardis-apia.ldos-ut-pg0.wisc.cloudlab.us,tencentBlock_5927,s3fifoforgive,0.1,30,21,1,2,0.8700,1.20,60987139,30154.9568,2269542
node2.tardis-apia.ldos-ut-pg0.wisc.cloudlab.us,tencentBlock_5927,s3fifoforgive,0.1,30,21,1,3,0.8700,1.26,60987139,30154.9568,2269542
node2.tardis-apia.ldos-ut-pg0.wisc.cloudlab.us,tencentBlock_6063,lru,10,3454,27,1,1,0.2840,0.51,52801373,34544.9472,2882703
node2.tardis-apia.ldos-ut-pg0.wisc.cloudlab.us,tencentBlock_6063,lru,10,3454,27,1,2,0.2840,0.52,52801373,34544.9472,2882703
node2.tardis-apia.ldos-ut-pg0.wisc.cloudlab.us,tencentBlock_6063,lru,10,3454,27,1,3,0.2840,0.51,52801373,34544.9472,2882703
node2.tardis-apia.ldos-ut-pg0.wisc.cloudlab.us,tencentBlock_6063,lruforgive,10,3454,27,1,1,0.2825,0.27,52801373,34544.9472,2882703
node2.tardis-apia.ldos-ut-pg0.wisc.cloudlab.us,tencentBlock_6063,lruforgive,10,3454,27,1,2,0.2825,0.27,52801373,34544.9472,2882703
node2.tardis-apia.ldos-ut-pg0.wisc.cloudlab.us,tencentBlock_6063,lruforgive,10,3454,27,1,3,0.2825,0.27,52801373,34544.9472,2882703
node2.tardis-apia.ldos-ut-pg0.wisc.cloudlab.us,tencentBlock_6063,s3fifo,10,3454,27,1,1,0.2732,0.53,52801373,34544.9472,2882703
node2.tardis-apia.ldos-ut-pg0.wisc.cloudlab.us,tencentBlock_6063,s3fifo,10,3454,27,1,2,0.2732,0.52,52801373,34544.9472,2882703
node2.tardis-apia.ldos-ut-pg0.wisc.cloudlab.us,tencentBlock_6063,s3fifo,10,3454,27,1,3,0.2732,0.53,52801373,34544.9472,2882703
node2.tardis-apia.ldos-ut-pg0.wisc.cloudlab.us,tencentBlock_6063,s3fifoforgive,10,3454,27,1,1,0.2731,0.30,52801373,34544.9472,2882703
node2.tardis-apia.ldos-ut-pg0.wisc.cloudlab.us,tencentBlock_6063,s3fifoforgive,10,3454,27,1,2,0.2731,0.29,52801373,34544.9472,2882703
node2.tardis-apia.ldos-ut-pg0.wisc.cloudlab.us,tencentBlock_6063,s3fifoforgive,10,3454,27,1,3,0.2731,0.29,52801373,34544.9472,2882703
node2.tardis-apia.ldos-ut-pg0.wisc.cloudlab.us,tencentBlock_6063,lru,0.1,35,21,1,1,0.8352,1.83,52801373,34544.9472,2882703
node2.tardis-apia.ldos-ut-pg0.wisc.cloudlab.us,tencentBlock_6063,lru,0.1,35,21,1,2,0.8352,1.81,52801373,34544.9472,2882703
node2.tardis-apia.ldos-ut-pg0.wisc.cloudlab.us,tencentBlock_6063,lru,0.1,35,21,1,3,0.8352,1.81,52801373,34544.9472,2882703
node2.tardis-apia.ldos-ut-pg0.wisc.cloudlab.us,tencentBlock_6063,lruforgive,0.1,35,21,1,1,0.8268,0.99,52801373,34544.9472,2882703
node2.tardis-apia.ldos-ut-pg0.wisc.cloudlab.us,tencentBlock_6063,lruforgive,0.1,35,21,1,2,0.8268,1.00,52801373,34544.9472,2882703
node2.tardis-apia.ldos-ut-pg0.wisc.cloudlab.us,tencentBlock_6063,lruforgive,0.1,35,21,1,3,0.8268,0.99,52801373,34544.9472,2882703
node2.tardis-apia.ldos-ut-pg0.wisc.cloudlab.us,tencentBlock_6063,s3fifo,0.1,35,21,1,1,0.8546,1.86,52801373,34544.9472,2882703
node2.tardis-apia.ldos-ut-pg0.wisc.cloudlab.us,tencentBlock_6063,s3fifo,0.1,35,21,1,2,0.8546,1.87,52801373,34544.9472,2882703
node2.tardis-apia.ldos-ut-pg0.wisc.cloudlab.us,tencentBlock_6063,s3fifo,0.1,35,21,1,3,0.8546,1.85,52801373,34544.9472,2882703
node2.tardis-apia.ldos-ut-pg0.wisc.cloudlab.us,tencentBlock_6063,s3fifoforgive,0.1,35,21,1,1,0.8507,1.25,52801373,34544.9472,2882703
node2.tardis-apia.ldos-ut-pg0.wisc.cloudlab.us,tencentBlock_6063,s3fifoforgive,0.1,35,21,1,2,0.8507,1.25,52801373,34544.9472,2882703
node2.tardis-apia.ldos-ut-pg0.wisc.cloudlab.us,tencentBlock_6063,s3fifoforgive,0.1,35,21,1,3,0.8507,1.26,52801373,34544.9472,2882703
node2.tardis-apia.ldos-ut-pg0.wisc.cloudlab.us,tencentBlock_6182,lru,10,1737,27,1,1,0.6095,0.44,5164649,17372.5696,1470439
node2.tardis-apia.ldos-ut-pg0.wisc.cloudlab.us,tencentBlock_6182,lru,10,1737,27,1,2,0.6095,0.44,5164649,17372.5696,1470439
node2.tardis-apia.ldos-ut-pg0.wisc.cloudlab.us,tencentBlock_6182,lru,10,1737,27,1,3,0.6095,0.45,5164649,17372.5696,1470439
node2.tardis-apia.ldos-ut-pg0.wisc.cloudlab.us,tencentBlock_6182,lruforgive,10,1737,27,1,1,0.6089,0.37,5164649,17372.5696,1470439
node2.tardis-apia.ldos-ut-pg0.wisc.cloudlab.us,tencentBlock_6182,lruforgive,10,1737,27,1,2,0.6089,0.37,5164649,17372.5696,1470439
node2.tardis-apia.ldos-ut-pg0.wisc.cloudlab.us,tencentBlock_6182,lruforgive,10,1737,27,1,3,0.6089,0.37,5164649,17372.5696,1470439
node2.tardis-apia.ldos-ut-pg0.wisc.cloudlab.us,tencentBlock_6182,s3fifo,10,1737,27,1,1,0.5436,0.47,5164649,17372.5696,1470439
node2.tardis-apia.ldos-ut-pg0.wisc.cloudlab.us,tencentBlock_6182,s3fifo,10,1737,27,1,2,0.5436,0.44,5164649,17372.5696,1470439
node2.tardis-apia.ldos-ut-pg0.wisc.cloudlab.us,tencentBlock_6182,s3fifo,10,1737,27,1,3,0.5436,0.47,5164649,17372.5696,1470439
node2.tardis-apia.ldos-ut-pg0.wisc.cloudlab.us,tencentBlock_6182,s3fifoforgive,10,1737,27,1,1,0.5435,0.38,5164649,17372.5696,1470439
node2.tardis-apia.ldos-ut-pg0.wisc.cloudlab.us,tencentBlock_6182,s3fifoforgive,10,1737,27,1,2,0.5436,0.38,5164649,17372.5696,1470439
node2.tardis-apia.ldos-ut-pg0.wisc.cloudlab.us,tencentBlock_6182,s3fifoforgive,10,1737,27,1,3,0.5436,0.38,5164649,17372.5696,1470439
node2.tardis-apia.ldos-ut-pg0.wisc.cloudlab.us,tencentBlock_6182,lru,0.1,17,20,1,1,0.8371,1.88,5164649,17372.5696,1470439
node2.tardis-apia.ldos-ut-pg0.wisc.cloudlab.us,tencentBlock_6182,lru,0.1,17,20,1,2,0.8371,1.90,5164649,17372.5696,1470439
node2.tardis-apia.ldos-ut-pg0.wisc.cloudlab.us,tencentBlock_6182,lru,0.1,17,20,1,3,0.8371,1.88,5164649,17372.5696,1470439
node2.tardis-apia.ldos-ut-pg0.wisc.cloudlab.us,tencentBlock_6182,lruforgive,0.1,17,20,1,1,0.8271,1.23,5164649,17372.5696,1470439
node2.tardis-apia.ldos-ut-pg0.wisc.cloudlab.us,tencentBlock_6182,lruforgive,0.1,17,20,1,2,0.8271,1.23,5164649,17372.5696,1470439
node2.tardis-apia.ldos-ut-pg0.wisc.cloudlab.us,tencentBlock_6182,lruforgive,0.1,17,20,1,3,0.8271,1.23,5164649,17372.5696,1470439
node2.tardis-apia.ldos-ut-pg0.wisc.cloudlab.us,tencentBlock_6182,s3fifo,0.1,17,20,1,1,0.8541,1.89,5164649,17372.5696,1470439
node2.tardis-apia.ldos-ut-pg0.wisc.cloudlab.us,tencentBlock_6182,s3fifo,0.1,17,20,1,2,0.8541,1.87,5164649,17372.5696,1470439
node2.tardis-apia.ldos-ut-pg0.wisc.cloudlab.us,tencentBlock_6182,s3fifo,0.1,17,20,1,3,0.8541,1.87,5164649,17372.5696,1470439
node2.tardis-apia.ldos-ut-pg0.wisc.cloudlab.us,tencentBlock_6182,s3fifoforgive,0.1,17,20,1,1,0.8534,1.36,5164649,17372.5696,1470439
node2.tardis-apia.ldos-ut-pg0.wisc.cloudlab.us,tencentBlock_6182,s3fifoforgive,0.1,17,20,1,2,0.8534,1.39,5164649,17372.5696,1470439
node2.tardis-apia.ldos-ut-pg0.wisc.cloudlab.us,tencentBlock_6182,s3fifoforgive,0.1,17,20,1,3,0.8534,1.39,5164649,17372.5696,1470439
node2.tardis-apia.ldos-ut-pg0.wisc.cloudlab.us,tencentBlock_6234,lru,10,3553,27,1,1,0.2722,0.52,49094396,35527.0656,2899838
node2.tardis-apia.ldos-ut-pg0.wisc.cloudlab.us,tencentBlock_6234,lru,10,3553,27,1,2,0.2722,0.51,49094396,35527.0656,2899838
node2.tardis-apia.ldos-ut-pg0.wisc.cloudlab.us,tencentBlock_6234,lru,10,3553,27,1,3,0.2722,0.51,49094396,35527.0656,2899838
node2.tardis-apia.ldos-ut-pg0.wisc.cloudlab.us,tencentBlock_6234,lruforgive,10,3553,27,1,1,0.2707,0.27,49094396,35527.0656,2899838
node2.tardis-apia.ldos-ut-pg0.wisc.cloudlab.us,tencentBlock_6234,lruforgive,10,3553,27,1,2,0.2707,0.27,49094396,35527.0656,2899838
node2.tardis-apia.ldos-ut-pg0.wisc.cloudlab.us,tencentBlock_6234,lruforgive,10,3553,27,1,3,0.2707,0.27,49094396,35527.0656,2899838
node2.tardis-apia.ldos-ut-pg0.wisc.cloudlab.us,tencentBlock_6234,s3fifo,10,3553,27,1,1,0.2575,0.52,49094396,35527.0656,2899838
node2.tardis-apia.ldos-ut-pg0.wisc.cloudlab.us,tencentBlock_6234,s3fifo,10,3553,27,1,2,0.2575,0.53,49094396,35527.0656,2899838
node2.tardis-apia.ldos-ut-pg0.wisc.cloudlab.us,tencentBlock_6234,s3fifo,10,3553,27,1,3,0.2575,0.53,49094396,35527.0656,2899838
node2.tardis-apia.ldos-ut-pg0.wisc.cloudlab.us,tencentBlock_6234,s3fifoforgive,10,3553,27,1,1,0.2574,0.29,49094396,35527.0656,2899838
node2.tardis-apia.ldos-ut-pg0.wisc.cloudlab.us,tencentBlock_6234,s3fifoforgive,10,3553,27,1,2,0.2574,0.29,49094396,35527.0656,2899838
node2.tardis-apia.ldos-ut-pg0.wisc.cloudlab.us,tencentBlock_6234,s3fifoforgive,10,3553,27,1,3,0.2574,0.29,49094396,35527.0656,2899838
node2.tardis-apia.ldos-ut-pg0.wisc.cloudlab.us,tencentBlock_6234,lru,0.1,36,21,1,1,0.8169,1.23,49094396,35527.0656,2899838
node2.tardis-apia.ldos-ut-pg0.wisc.cloudlab.us,tencentBlock_6234,lru,0.1,36,21,1,2,0.8169,1.20,49094396,35527.0656,2899838
node2.tardis-apia.ldos-ut-pg0.wisc.cloudlab.us,tencentBlock_6234,lru,0.1,36,21,1,3,0.8169,1.24,49094396,35527.0656,2899838
node2.tardis-apia.ldos-ut-pg0.wisc.cloudlab.us,tencentBlock_6234,lruforgive,0.1,36,21,1,1,0.8020,0.72,49094396,35527.0656,2899838
node2.tardis-apia.ldos-ut-pg0.wisc.cloudlab.us,tencentBlock_6234,lruforgive,0.1,36,21,1,2,0.8020,0.72,49094396,35527.0656,2899838
node2.tardis-apia.ldos-ut-pg0.wisc.cloudlab.us,tencentBlock_6234,lruforgive,0.1,36,21,1,3,0.8020,0.72,49094396,35527.0656,2899838
node2.tardis-apia.ldos-ut-pg0.wisc.cloudlab.us,tencentBlock_6234,s3fifo,0.1,36,21,1,1,0.8335,1.40,49094396,35527.0656,2899838
node2.tardis-apia.ldos-ut-pg0.wisc.cloudlab.us,tencentBlock_6234,s3fifo,0.1,36,21,1,2,0.8335,1.38,49094396,35527.0656,2899838
node2.tardis-apia.ldos-ut-pg0.wisc.cloudlab.us,tencentBlock_6234,s3fifo,0.1,36,21,1,3,0.8335,1.38,49094396,35527.0656,2899838
node2.tardis-apia.ldos-ut-pg0.wisc.cloudlab.us,tencentBlock_6234,s3fifoforgive,0.1,36,21,1,1,0.8274,0.95,49094396,35527.0656,2899838
node2.tardis-apia.ldos-ut-pg0.wisc.cloudlab.us,tencentBlock_6234,s3fifoforgive,0.1,36,21,1,2,0.8274,0.96,49094396,35527.0656,2899838
node2.tardis-apia.ldos-ut-pg0.wisc.cloudlab.us,tencentBlock_6234,s3fifoforgive,0.1,36,21,1,3,0.8274,0.96,49094396,35527.0656,2899838
node2.tardis-apia.ldos-ut-pg0.wisc.cloudlab.us,tencentBlock_6327,lru,10,40423,27,1,1,0.2439,0.11,20327473,404233.6256,4367801
node2.tardis-apia.ldos-ut-pg0.wisc.cloudlab.us,tencentBlock_6327,lru,10,40423,27,1,2,0.2439,0.11,20327473,404233.6256,4367801
node2.tardis-apia.ldos-ut-pg0.wisc.cloudlab.us,tencentBlock_6327,lru,10,40423,27,1,3,0.2439,0.11,20327473,404233.6256,4367801
node2.tardis-apia.ldos-ut-pg0.wisc.cloudlab.us,tencentBlock_6327,lruforgive,10,40423,27,1,1,0.2438,0.10,20327473,404233.6256,4367801
node2.tardis-apia.ldos-ut-pg0.wisc.cloudlab.us,tencentBlock_6327,lruforgive,10,40423,27,1,2,0.2438,0.10,20327473,404233.6256,4367801
node2.tardis-apia.ldos-ut-pg0.wisc.cloudlab.us,tencentBlock_6327,lruforgive,10,40423,27,1,3,0.2438,0.10,20327473,404233.6256,4367801
node2.tardis-apia.ldos-ut-pg0.wisc.cloudlab.us,tencentBlock_6327,s3fifo,10,40423,27,1,1,0.2461,0.11,20327473,404233.6256,4367801
node2.tardis-apia.ldos-ut-pg0.wisc.cloudlab.us,tencentBlock_6327,s3fifo,10,40423,27,1,2,0.2461,0.11,20327473,404233.6256,4367801
node2.tardis-apia.ldos-ut-pg0.wisc.cloudlab.us,tencentBlock_6327,s3fifo,10,40423,27,1,3,0.2461,0.11,20327473,404233.6256,4367801
node2.tardis-apia.ldos-ut-pg0.wisc.cloudlab.us,tencentBlock_6327,s3fifoforgive,10,40423,27,1,1,0.2461,0.11,20327473,404233.6256,4367801
node2.tardis-apia.ldos-ut-pg0.wisc.cloudlab.us,tencentBlock_6327,s3fifoforgive,10,40423,27,1,2,0.2461,0.11,20327473,404233.6256,4367801
node2.tardis-apia.ldos-ut-pg0.wisc.cloudlab.us,tencentBlock_6327,s3fifoforgive,10,40423,27,1,3,0.2461,0.11,20327473,404233.6256,4367801
node2.tardis-apia.ldos-ut-pg0.wisc.cloudlab.us,tencentBlock_6327,lru,0.1,404,25,1,1,0.2753,0.11,20327473,404233.6256,4367801
node2.tardis-apia.ldos-ut-pg0.wisc.cloudlab.us,tencentBlock_6327,lru,0.1,404,25,1,2,0.2753,0.11,20327473,404233.6256,4367801
node2.tardis-apia.ldos-ut-pg0.wisc.cloudlab.us,tencentBlock_6327,lru,0.1,404,25,1,3,0.2753,0.11,20327473,404233.6256,4367801
node2.tardis-apia.ldos-ut-pg0.wisc.cloudlab.us,tencentBlock_6327,lruforgive,0.1,404,25,1,1,0.2749,0.10,20327473,404233.6256,4367801
node2.tardis-apia.ldos-ut-pg0.wisc.cloudlab.us,tencentBlock_6327,lruforgive,0.1,404,25,1,2,0.2749,0.10,20327473,404233.6256,4367801
node2.tardis-apia.ldos-ut-pg0.wisc.cloudlab.us,tencentBlock_6327,lruforgive,0.1,404,25,1,3,0.2749,0.11,20327473,404233.6256,4367801
node2.tardis-apia.ldos-ut-pg0.wisc.cloudlab.us,tencentBlock_6327,s3fifo,0.1,404,25,1,1,0.2810,0.12,20327473,404233.6256,4367801
node2.tardis-apia.ldos-ut-pg0.wisc.cloudlab.us,tencentBlock_6327,s3fifo,0.1,404,25,1,2,0.2810,0.12,20327473,404233.6256,4367801
node2.tardis-apia.ldos-ut-pg0.wisc.cloudlab.us,tencentBlock_6327,s3fifo,0.1,404,25,1,3,0.2810,0.12,20327473,404233.6256,4367801
node2.tardis-apia.ldos-ut-pg0.wisc.cloudlab.us,tencentBlock_6327,s3fifoforgive,0.1,404,25,1,1,0.2809,0.11,20327473,404233.6256,4367801
node2.tardis-apia.ldos-ut-pg0.wisc.cloudlab.us,tencentBlock_6327,s3fifoforgive,0.1,404,25,1,2,0.2809,0.11,20327473,404233.6256,4367801
node2.tardis-apia.ldos-ut-pg0.wisc.cloudlab.us,tencentBlock_6327,s3fifoforgive,0.1,404,25,1,3,0.2809,0.11,20327473,404233.6256,4367801
node2.tardis-apia.ldos-ut-pg0.wisc.cloudlab.us,tencentBlock_6343,lru,10,2995,27,1,1,0.3422,0.39,61125417,29948.7232,2195069
node2.tardis-apia.ldos-ut-pg0.wisc.cloudlab.us,tencentBlock_6343,lru,10,2995,27,1,2,0.3422,0.39,61125417,29948.7232,2195069
node2.tardis-apia.ldos-ut-pg0.wisc.cloudlab.us,tencentBlock_6343,lru,10,2995,27,1,3,0.3422,0.39,61125417,29948.7232,2195069
node2.tardis-apia.ldos-ut-pg0.wisc.cloudlab.us,tencentBlock_6343,lruforgive,10,2995,27,1,1,0.3401,0.23,61125417,29948.7232,2195069
node2.tardis-apia.ldos-ut-pg0.wisc.cloudlab.us,tencentBlock_6343,lruforgive,10,2995,27,1,2,0.3401,0.23,61125417,29948.7232,2195069
node2.tardis-apia.ldos-ut-pg0.wisc.cloudlab.us,tencentBlock_6343,lruforgive,10,2995,27,1,3,0.3401,0.22,61125417,29948.7232,2195069
node2.tardis-apia.ldos-ut-pg0.wisc.cloudlab.us,tencentBlock_6343,s3fifo,10,2995,27,1,1,0.3295,0.40,61125417,29948.7232,2195069
node2.tardis-apia.ldos-ut-pg0.wisc.cloudlab.us,tencentBlock_6343,s3fifo,10,2995,27,1,2,0.3295,0.41,61125417,29948.7232,2195069
node2.tardis-apia.ldos-ut-pg0.wisc.cloudlab.us,tencentBlock_6343,s3fifo,10,2995,27,1,3,0.3295,0.41,61125417,29948.7232,2195069
node2.tardis-apia.ldos-ut-pg0.wisc.cloudlab.us,tencentBlock_6343,s3fifoforgive,10,2995,27,1,1,0.3291,0.25,61125417,29948.7232,2195069
node2.tardis-apia.ldos-ut-pg0.wisc.cloudlab.us,tencentBlock_6343,s3fifoforgive,10,2995,27,1,2,0.3291,0.25,61125417,29948.7232,2195069
node2.tardis-apia.ldos-ut-pg0.wisc.cloudlab.us,tencentBlock_6343,s3fifoforgive,10,2995,27,1,3,0.3291,0.25,61125417,29948.7232,2195069
node2.tardis-apia.ldos-ut-pg0.wisc.cloudlab.us,tencentBlock_6343,lru,0.1,30,21,1,1,0.8508,1.64,61125417,29948.7232,2195069
node2.tardis-apia.ldos-ut-pg0.wisc.cloudlab.us,tencentBlock_6343,lru,0.1,30,21,1,2,0.8508,1.63,61125417,29948.7232,2195069
node2.tardis-apia.ldos-ut-pg0.wisc.cloudlab.us,tencentBlock_6343,lru,0.1,30,21,1,3,0.8508,1.61,61125417,29948.7232,2195069
node2.tardis-apia.ldos-ut-pg0.wisc.cloudlab.us,tencentBlock_6343,lruforgive,0.1,30,21,1,1,0.8480,0.94,61125417,29948.7232,2195069
node2.tardis-apia.ldos-ut-pg0.wisc.cloudlab.us,tencentBlock_6343,lruforgive,0.1,30,21,1,2,0.8480,0.95,61125417,29948.7232,2195069
node2.tardis-apia.ldos-ut-pg0.wisc.cloudlab.us,tencentBlock_6343,lruforgive,0.1,30,21,1,3,0.8480,0.94,61125417,29948.7232,2195069
node2.tardis-apia.ldos-ut-pg0.wisc.cloudlab.us,tencentBlock_6343,s3fifo,0.1,30,21,1,1,0.8715,1.66,61125417,29948.7232,2195069
node2.tardis-apia.ldos-ut-pg0.wisc.cloudlab.us,tencentBlock_6343,s3fifo,0.1,30,21,1,2,0.8715,1.68,61125417,29948.7232,2195069
node2.tardis-apia.ldos-ut-pg0.wisc.cloudlab.us,tencentBlock_6343,s3fifo,0.1,30,21,1,3,0.8715,1.68,61125417,29948.7232,2195069
node2.tardis-apia.ldos-ut-pg0.wisc.cloudlab.us,tencentBlock_6343,s3fifoforgive,0.1,30,21,1,1,0.8690,1.17,61125417,29948.7232,2195069
node2.tardis-apia.ldos-ut-pg0.wisc.cloudlab.us,tencentBlock_6343,s3fifoforgive,0.1,30,21,1,2,0.8690,1.04,61125417,29948.7232,2195069
node2.tardis-apia.ldos-ut-pg0.wisc.cloudlab.us,tencentBlock_6343,s3fifoforgive,0.1,30,21,1,3,0.8690,1.06,61125417,29948.7232,2195069
node2.tardis-apia.ldos-ut-pg0.wisc.cloudlab.us,tencentBlock_6378,lru,10,14059,27,1,1,0.0687,0.31,29732658,140589.2608,1036076
node2.tardis-apia.ldos-ut-pg0.wisc.cloudlab.us,tencentBlock_6378,lru,10,14059,27,1,2,0.0687,0.31,29732658,140589.2608,1036076
node2.tardis-apia.ldos-ut-pg0.wisc.cloudlab.us,tencentBlock_6378,lru,10,14059,27,1,3,0.0687,0.32,29732658,140589.2608,1036076
node2.tardis-apia.ldos-ut-pg0.wisc.cloudlab.us,tencentBlock_6378,lruforgive,10,14059,27,1,1,0.0682,0.24,29732658,140589.2608,1036076
node2.tardis-apia.ldos-ut-pg0.wisc.cloudlab.us,tencentBlock_6378,lruforgive,10,14059,27,1,2,0.0682,0.24,29732658,140589.2608,1036076
node2.tardis-apia.ldos-ut-pg0.wisc.cloudlab.us,tencentBlock_6378,lruforgive,10,14059,27,1,3,0.0682,0.24,29732658,140589.2608,1036076
node2.tardis-apia.ldos-ut-pg0.wisc.cloudlab.us,tencentBlock_6378,s3fifo,10,14059,27,1,1,0.0583,0.42,29732658,140589.2608,1036076
node2.tardis-apia.ldos-ut-pg0.wisc.cloudlab.us,tencentBlock_6378,s3fifo,10,14059,27,1,2,0.0583,0.42,29732658,140589.2608,1036076
node2.tardis-apia.ldos-ut-pg0.wisc.cloudlab.us,tencentBlock_6378,s3fifo,10,14059,27,1,3,0.0583,0.42,29732658,140589.2608,1036076
node2.tardis-apia.ldos-ut-pg0.wisc.cloudlab.us,tencentBlock_6378,s3fifoforgive,10,14059,27,1,1,0.0583,0.30,29732658,140589.2608,1036076
node2.tardis-apia.ldos-ut-pg0.wisc.cloudlab.us,tencentBlock_6378,s3fifoforgive,10,14059,27,1,2,0.0583,0.30,29732658,140589.2608,1036076
node2.tardis-apia.ldos-ut-pg0.wisc.cloudlab.us,tencentBlock_6378,s3fifoforgive,10,14059,27,1,3,0.0583,0.30,29732658,140589.2608,1036076
node2.tardis-apia.ldos-ut-pg0.wisc.cloudlab.us,tencentBlock_6378,lru,0.1,141,23,1,1,0.3981,0.30,29732658,140589.2608,1036076
node2.tardis-apia.ldos-ut-pg0.wisc.cloudlab.us,tencentBlock_6378,lru,0.1,141,23,1,2,0.3981,0.29,29732658,140589.2608,1036076
node2.tardis-apia.ldos-ut-pg0.wisc.cloudlab.us,tencentBlock_6378,lru,0.1,141,23,1,3,0.3981,0.27,29732658,140589.2608,1036076
node2.tardis-apia.ldos-ut-pg0.wisc.cloudlab.us,tencentBlock_6378,lruforgive,0.1,141,23,1,1,0.3713,0.15,29732658,140589.2608,1036076
node2.tardis-apia.ldos-ut-pg0.wisc.cloudlab.us,tencentBlock_6378,lruforgive,0.1,141,23,1,2,0.3713,0.15,29732658,140589.2608,1036076
node2.tardis-apia.ldos-ut-pg0.wisc.cloudlab.us,tencentBlock_6378,lruforgive,0.1,141,23,1,3,0.3713,0.15,29732658,140589.2608,1036076
node2.tardis-apia.ldos-ut-pg0.wisc.cloudlab.us,tencentBlock_6378,s3fifo,0.1,141,23,1,1,0.3337,0.58,29732658,140589.2608,1036076
node2.tardis-apia.ldos-ut-pg0.wisc.cloudlab.us,tencentBlock_6378,s3fifo,0.1,141,23,1,2,0.3350,0.56,29732658,140589.2608,1036076
node2.tardis-apia.ldos-ut-pg0.wisc.cloudlab.us,tencentBlock_6378,s3fifo,0.1,141,23,1,3,0.3348,0.56,29732658,140589.2608,1036076
node2.tardis-apia.ldos-ut-pg0.wisc.cloudlab.us,tencentBlock_6378,s3fifoforgive,0.1,141,23,1,1,0.3424,0.29,29732658,140589.2608,1036076
node2.tardis-apia.ldos-ut-pg0.wisc.cloudlab.us,tencentBlock_6378,s3fifoforgive,0.1,141,23,1,2,0.3425,0.29,29732658,140589.2608,1036076
node2.tardis-apia.ldos-ut-pg0.wisc.cloudlab.us,tencentBlock_6378,s3fifoforgive,0.1,141,23,1,3,NA,NA,NA,140589.2608,1036076
node2.tardis-apia.ldos-ut-pg0.wisc.cloudlab.us,tencentBlock_6410,lru,10,13838,27,1,1,0.0629,0.63,96532647,138377.216,3678004
node2.tardis-apia.ldos-ut-pg0.wisc.cloudlab.us,tencentBlock_6410,lru,10,13838,27,1,2,0.0629,0.61,96532647,138377.216,3678004
node2.tardis-apia.ldos-ut-pg0.wisc.cloudlab.us,tencentBlock_6410,lru,10,13838,27,1,3,0.0629,0.61,96532647,138377.216,3678004
node2.tardis-apia.ldos-ut-pg0.wisc.cloudlab.us,tencentBlock_6410,lruforgive,10,13838,27,1,1,0.0626,0.28,96532647,138377.216,3678004
node2.tardis-apia.ldos-ut-pg0.wisc.cloudlab.us,tencentBlock_6410,lruforgive,10,13838,27,1,2,0.0626,0.28,96532647,138377.216,3678004
node2.tardis-apia.ldos-ut-pg0.wisc.cloudlab.us,tencentBlock_6410,lruforgive,10,13838,27,1,3,0.0626,0.28,96532647,138377.216,3678004
node2.tardis-apia.ldos-ut-pg0.wisc.cloudlab.us,tencentBlock_6410,s3fifo,10,13838,27,1,1,0.0587,0.68,96532647,138377.216,3678004
node2.tardis-apia.ldos-ut-pg0.wisc.cloudlab.us,tencentBlock_6410,s3fifo,10,13838,27,1,2,0.0587,0.68,96532647,138377.216,3678004
node2.tardis-apia.ldos-ut-pg0.wisc.cloudlab.us,tencentBlock_6410,s3fifo,10,13838,27,1,3,0.0587,0.69,96532647,138377.216,3678004
node2.tardis-apia.ldos-ut-pg0.wisc.cloudlab.us,tencentBlock_6410,s3fifoforgive,10,13838,27,1,1,0.0587,0.29,96532647,138377.216,3678004
node2.tardis-apia.ldos-ut-pg0.wisc.cloudlab.us,tencentBlock_6410,s3fifoforgive,10,13838,27,1,2,0.0587,0.30,96532647,138377.216,3678004
node2.tardis-apia.ldos-ut-pg0.wisc.cloudlab.us,tencentBlock_6410,s3fifoforgive,10,13838,27,1,3,0.0587,0.29,96532647,138377.216,3678004
node2.tardis-apia.ldos-ut-pg0.wisc.cloudlab.us,tencentBlock_6410,lru,0.1,138,23,1,1,0.7661,0.96,96532647,138377.216,3678004
node2.tardis-apia.ldos-ut-pg0.wisc.cloudlab.us,tencentBlock_6410,lru,0.1,138,23,1,2,0.7661,0.94,96532647,138377.216,3678004
node2.tardis-apia.ldos-ut-pg0.wisc.cloudlab.us,tencentBlock_6410,lru,0.1,138,23,1,3,0.7661,0.95,96532647,138377.216,3678004
node2.tardis-apia.ldos-ut-pg0.wisc.cloudlab.us,tencentBlock_6410,lruforgive,0.1,138,23,1,1,0.7288,0.55,96532647,138377.216,3678004
node2.tardis-apia.ldos-ut-pg0.wisc.cloudlab.us,tencentBlock_6410,lruforgive,0.1,138,23,1,2,0.7288,0.55,96532647,138377.216,3678004
node2.tardis-apia.ldos-ut-pg0.wisc.cloudlab.us,tencentBlock_6410,lruforgive,0.1,138,23,1,3,0.7288,0.55,96532647,138377.216,3678004
node2.tardis-apia.ldos-ut-pg0.wisc.cloudlab.us,tencentBlock_6410,s3fifo,0.1,138,23,1,1,0.6912,1.15,96532647,138377.216,3678004
node2.tardis-apia.ldos-ut-pg0.wisc.cloudlab.us,tencentBlock_6410,s3fifo,0.1,138,23,1,2,0.6912,1.17,96532647,138377.216,3678004
node2.tardis-apia.ldos-ut-pg0.wisc.cloudlab.us,tencentBlock_6410,s3fifo,0.1,138,23,1,3,0.6912,1.16,96532647,138377.216,3678004
node2.tardis-apia.ldos-ut-pg0.wisc.cloudlab.us,tencentBlock_6410,s3fifoforgive,0.1,138,23,1,1,0.6844,0.70,96532647,138377.216,3678004
node2.tardis-apia.ldos-ut-pg0.wisc.cloudlab.us,tencentBlock_6410,s3fifoforgive,0.1,138,23,1,2,0.6844,0.72,96532647,138377.216,3678004
node2.tardis-apia.ldos-ut-pg0.wisc.cloudlab.us,tencentBlock_6410,s3fifoforgive,0.1,138,23,1,3,0.6844,0.71,96532647,138377.216,3678004
node2.tardis-apia.ldos-ut-pg0.wisc.cloudlab.us,tencentBlock_6524,lru,10,3081,27,1,1,0.3144,0.40,54323950,30809.4976,2398390
node2.tardis-apia.ldos-ut-pg0.wisc.cloudlab.us,tencentBlock_6524,lru,10,3081,27,1,2,0.3144,0.40,54323950,30809.4976,2398390
node2.tardis-apia.ldos-ut-pg0.wisc.cloudlab.us,tencentBlock_6524,lru,10,3081,27,1,3,0.3144,0.40,54323950,30809.4976,2398390
node2.tardis-apia.ldos-ut-pg0.wisc.cloudlab.us,tencentBlock_6524,lruforgive,10,3081,27,1,1,0.3122,0.24,54323950,30809.4976,2398390
node2.tardis-apia.ldos-ut-pg0.wisc.cloudlab.us,tencentBlock_6524,lruforgive,10,3081,27,1,2,0.3122,0.24,54323950,30809.4976,2398390
node2.tardis-apia.ldos-ut-pg0.wisc.cloudlab.us,tencentBlock_6524,lruforgive,10,3081,27,1,3,0.3122,0.24,54323950,30809.4976,2398390
node2.tardis-apia.ldos-ut-pg0.wisc.cloudlab.us,tencentBlock_6524,s3fifo,10,3081,27,1,1,0.3012,0.43,54323950,30809.4976,2398390
node2.tardis-apia.ldos-ut-pg0.wisc.cloudlab.us,tencentBlock_6524,s3fifo,10,3081,27,1,2,0.3012,0.42,54323950,30809.4976,2398390
node2.tardis-apia.ldos-ut-pg0.wisc.cloudlab.us,tencentBlock_6524,s3fifo,10,3081,27,1,3,0.3012,0.42,54323950,30809.4976,2398390
node2.tardis-apia.ldos-ut-pg0.wisc.cloudlab.us,tencentBlock_6524,s3fifoforgive,10,3081,27,1,1,0.3008,0.26,54323950,30809.4976,2398390
node2.tardis-apia.ldos-ut-pg0.wisc.cloudlab.us,tencentBlock_6524,s3fifoforgive,10,3081,27,1,2,0.3008,0.26,54323950,30809.4976,2398390
node2.tardis-apia.ldos-ut-pg0.wisc.cloudlab.us,tencentBlock_6524,s3fifoforgive,10,3081,27,1,3,0.3008,0.26,54323950,30809.4976,2398390
node2.tardis-apia.ldos-ut-pg0.wisc.cloudlab.us,tencentBlock_6524,lru,0.1,31,21,1,1,0.8414,1.58,54323950,30809.4976,2398390
node2.tardis-apia.ldos-ut-pg0.wisc.cloudlab.us,tencentBlock_6524,lru,0.1,31,21,1,2,0.8414,1.57,54323950,30809.4976,2398390
node2.tardis-apia.ldos-ut-pg0.wisc.cloudlab.us,tencentBlock_6524,lru,0.1,31,21,1,3,0.8414,1.60,54323950,30809.4976,2398390
node2.tardis-apia.ldos-ut-pg0.wisc.cloudlab.us,tencentBlock_6524,lruforgive,0.1,31,21,1,1,0.8393,0.88,54323950,30809.4976,2398390
node2.tardis-apia.ldos-ut-pg0.wisc.cloudlab.us,tencentBlock_6524,lruforgive,0.1,31,21,1,2,0.8393,0.88,54323950,30809.4976,2398390
node2.tardis-apia.ldos-ut-pg0.wisc.cloudlab.us,tencentBlock_6524,lruforgive,0.1,31,21,1,3,0.8393,0.88,54323950,30809.4976,2398390
node2.tardis-apia.ldos-ut-pg0.wisc.cloudlab.us,tencentBlock_6524,s3fifo,0.1,31,21,1,1,0.8616,1.70,54323950,30809.4976,2398390
node2.tardis-apia.ldos-ut-pg0.wisc.cloudlab.us,tencentBlock_6524,s3fifo,0.1,31,21,1,2,0.8616,1.71,54323950,30809.4976,2398390
node2.tardis-apia.ldos-ut-pg0.wisc.cloudlab.us,tencentBlock_6524,s3fifo,0.1,31,21,1,3,0.8616,1.69,54323950,30809.4976,2398390
node2.tardis-apia.ldos-ut-pg0.wisc.cloudlab.us,tencentBlock_6524,s3fifoforgive,0.1,31,21,1,1,0.8595,1.15,54323950,30809.4976,2398390
node2.tardis-apia.ldos-ut-pg0.wisc.cloudlab.us,tencentBlock_6524,s3fifoforgive,0.1,31,21,1,2,0.8595,1.16,54323950,30809.4976,2398390
node2.tardis-apia.ldos-ut-pg0.wisc.cloudlab.us,tencentBlock_6524,s3fifoforgive,0.1,31,21,1,3,0.8595,1.17,54323950,30809.4976,2398390
node2.tardis-apia.ldos-ut-pg0.wisc.cloudlab.us,tencentBlock_6528,lru,10,4362,27,1,1,0.1381,0.51,18755783,43617.3824,1427071
node2.tardis-apia.ldos-ut-pg0.wisc.cloudlab.us,tencentBlock_6528,lru,10,4362,27,1,2,0.1381,0.51,18755783,43617.3824,1427071
node2.tardis-apia.ldos-ut-pg0.wisc.cloudlab.us,tencentBlock_6528,lru,10,4362,27,1,3,0.1381,0.51,18755783,43617.3824,1427071
node2.tardis-apia.ldos-ut-pg0.wisc.cloudlab.us,tencentBlock_6528,lruforgive,10,4362,27,1,1,0.1360,0.29,18755783,43617.3824,1427071
node2.tardis-apia.ldos-ut-pg0.wisc.cloudlab.us,tencentBlock_6528,lruforgive,10,4362,27,1,2,0.1360,0.29,18755783,43617.3824,1427071
node2.tardis-apia.ldos-ut-pg0.wisc.cloudlab.us,tencentBlock_6528,lruforgive,10,4362,27,1,3,0.1360,0.29,18755783,43617.3824,1427071
node2.tardis-apia.ldos-ut-pg0.wisc.cloudlab.us,tencentBlock_6528,s3fifo,10,4362,27,1,1,0.1294,0.60,18755783,43617.3824,1427071
node2.tardis-apia.ldos-ut-pg0.wisc.cloudlab.us,tencentBlock_6528,s3fifo,10,4362,27,1,2,0.1294,0.59,18755783,43617.3824,1427071
node2.tardis-apia.ldos-ut-pg0.wisc.cloudlab.us,tencentBlock_6528,s3fifo,10,4362,27,1,3,0.1294,0.60,18755783,43617.3824,1427071
node2.tardis-apia.ldos-ut-pg0.wisc.cloudlab.us,tencentBlock_6528,s3fifoforgive,10,4362,27,1,1,0.1294,0.32,18755783,43617.3824,1427071
node2.tardis-apia.ldos-ut-pg0.wisc.cloudlab.us,tencentBlock_6528,s3fifoforgive,10,4362,27,1,2,0.1294,0.30,18755783,43617.3824,1427071
node2.tardis-apia.ldos-ut-pg0.wisc.cloudlab.us,tencentBlock_6528,s3fifoforgive,10,4362,27,1,3,0.1294,0.30,18755783,43617.3824,1427071
node2.tardis-apia.ldos-ut-pg0.wisc.cloudlab.us,tencentBlock_6528,lru,0.1,44,21,1,1,0.6246,0.70,18755783,43617.3824,1427071
node2.tardis-apia.ldos-ut-pg0.wisc.cloudlab.us,tencentBlock_6528,lru,0.1,44,21,1,2,0.6246,0.68,18755783,43617.3824,1427071
node2.tardis-apia.ldos-ut-pg0.wisc.cloudlab.us,tencentBlock_6528,lru,0.1,44,21,1,3,0.6246,0.69,18755783,43617.3824,1427071
node2.tardis-apia.ldos-ut-pg0.wisc.cloudlab.us,tencentBlock_6528,lruforgive,0.1,44,21,1,1,0.6010,0.39,18755783,43617.3824,1427071
node2.tardis-apia.ldos-ut-pg0.wisc.cloudlab.us,tencentBlock_6528,lruforgive,0.1,44,21,1,2,0.5870,0.39,18755783,43617.3824,1427071
node2.tardis-apia.ldos-ut-pg0.wisc.cloudlab.us,tencentBlock_6528,lruforgive,0.1,44,21,1,3,0.6010,0.39,18755783,43617.3824,1427071
node2.tardis-apia.ldos-ut-pg0.wisc.cloudlab.us,tencentBlock_6528,s3fifo,0.1,44,21,1,1,0.6065,0.93,18755783,43617.3824,1427071
node2.tardis-apia.ldos-ut-pg0.wisc.cloudlab.us,tencentBlock_6528,s3fifo,0.1,44,21,1,2,0.6065,0.93,18755783,43617.3824,1427071
node2.tardis-apia.ldos-ut-pg0.wisc.cloudlab.us,tencentBlock_6528,s3fifo,0.1,44,21,1,3,0.6066,0.93,18755783,43617.3824,1427071
node2.tardis-apia.ldos-ut-pg0.wisc.cloudlab.us,tencentBlock_6528,s3fifoforgive,0.1,44,21,1,1,0.6062,0.60,18755783,43617.3824,1427071
node2.tardis-apia.ldos-ut-pg0.wisc.cloudlab.us,tencentBlock_6528,s3fifoforgive,0.1,44,21,1,2,0.6062,0.61,18755783,43617.3824,1427071
node2.tardis-apia.ldos-ut-pg0.wisc.cloudlab.us,tencentBlock_6528,s3fifoforgive,0.1,44,21,1,3,0.6062,0.60,18755783,43617.3824,1427071
node2.tardis-apia.ldos-ut-pg0.wisc.cloudlab.us,tencentBlock_6550,lru,10,13970,27,1,1,0.9966,0.08,3046430,139696.128,2235205
node2.tardis-apia.ldos-ut-pg0.wisc.cloudlab.us,tencentBlock_6550,lru,10,13970,27,1,2,0.9966,0.08,3046430,139696.128,2235205
node2.tardis-apia.ldos-ut-pg0.wisc.cloudlab.us,tencentBlock_6550,lru,10,13970,27,1,3,0.9966,0.08,3046430,139696.128,2235205
node2.tardis-apia.ldos-ut-pg0.wisc.cloudlab.us,tencentBlock_6550,lruforgive,10,13970,27,1,1,0.9966,0.09,3046430,139696.128,2235205
node2.tardis-apia.ldos-ut-pg0.wisc.cloudlab.us,tencentBlock_6550,lruforgive,10,13970,27,1,2,0.9966,0.09,3046430,139696.128,2235205
node2.tardis-apia.ldos-ut-pg0.wisc.cloudlab.us,tencentBlock_6550,lruforgive,10,13970,27,1,3,0.9966,0.09,3046430,139696.128,2235205
node2.tardis-apia.ldos-ut-pg0.wisc.cloudlab.us,tencentBlock_6550,s3fifo,10,13970,27,1,1,0.9947,0.08,3046430,139696.128,2235205
node2.tardis-apia.ldos-ut-pg0.wisc.cloudlab.us,tencentBlock_6550,s3fifo,10,13970,27,1,2,0.9947,0.08,3046430,139696.128,2235205
node2.tardis-apia.ldos-ut-pg0.wisc.cloudlab.us,tencentBlock_6550,s3fifo,10,13970,27,1,3,0.9947,0.08,3046430,139696.128,2235205
node2.tardis-apia.ldos-ut-pg0.wisc.cloudlab.us,tencentBlock_6550,s3fifoforgive,10,13970,27,1,1,0.9947,0.09,3046430,139696.128,2235205
node2.tardis-apia.ldos-ut-pg0.wisc.cloudlab.us,tencentBlock_6550,s3fifoforgive,10,13970,27,1,2,0.9947,0.09,3046430,139696.128,2235205
node2.tardis-apia.ldos-ut-pg0.wisc.cloudlab.us,tencentBlock_6550,s3fifoforgive,10,13970,27,1,3,0.9947,0.09,3046430,139696.128,2235205
node2.tardis-apia.ldos-ut-pg0.wisc.cloudlab.us,tencentBlock_6550,lru,0.1,140,23,1,1,1.0000,0.13,3046430,139696.128,2235205
node2.tardis-apia.ldos-ut-pg0.wisc.cloudlab.us,tencentBlock_6550,lru,0.1,140,23,1,2,1.0000,0.13,3046430,139696.128,2235205
node2.tardis-apia.ldos-ut-pg0.wisc.cloudlab.us,tencentBlock_6550,lru,0.1,140,23,1,3,1.0000,0.13,3046430,139696.128,2235205
node2.tardis-apia.ldos-ut-pg0.wisc.cloudlab.us,tencentBlock_6550,lruforgive,0.1,140,23,1,1,1.0000,0.13,3046430,139696.128,2235205
node2.tardis-apia.ldos-ut-pg0.wisc.cloudlab.us,tencentBlock_6550,lruforgive,0.1,140,23,1,2,1.0000,0.12,3046430,139696.128,2235205
node2.tardis-apia.ldos-ut-pg0.wisc.cloudlab.us,tencentBlock_6550,lruforgive,0.1,140,23,1,3,1.0000,0.12,3046430,139696.128,2235205
node2.tardis-apia.ldos-ut-pg0.wisc.cloudlab.us,tencentBlock_6550,s3fifo,0.1,140,23,1,1,0.9999,0.12,3046430,139696.128,2235205
node2.tardis-apia.ldos-ut-pg0.wisc.cloudlab.us,tencentBlock_6550,s3fifo,0.1,140,23,1,2,0.9999,0.12,3046430,139696.128,2235205
node2.tardis-apia.ldos-ut-pg0.wisc.cloudlab.us,tencentBlock_6550,s3fifo,0.1,140,23,1,3,0.9999,0.12,3046430,139696.128,2235205
node2.tardis-apia.ldos-ut-pg0.wisc.cloudlab.us,tencentBlock_6550,s3fifoforgive,0.1,140,23,1,1,0.9999,0.12,3046430,139696.128,2235205
node2.tardis-apia.ldos-ut-pg0.wisc.cloudlab.us,tencentBlock_6550,s3fifoforgive,0.1,140,23,1,2,0.9999,0.12,3046430,139696.128,2235205
node2.tardis-apia.ldos-ut-pg0.wisc.cloudlab.us,tencentBlock_6550,s3fifoforgive,0.1,140,23,1,3,0.9999,0.12,3046430,139696.128,2235205
node2.tardis-apia.ldos-ut-pg0.wisc.cloudlab.us,tencentBlock_6554,lru,10,3371,27,1,1,0.2838,0.51,51838888,33713.0496,2845347
node2.tardis-apia.ldos-ut-pg0.wisc.cloudlab.us,tencentBlock_6554,lru,10,3371,27,1,2,0.2838,0.51,51838888,33713.0496,2845347
node2.tardis-apia.ldos-ut-pg0.wisc.cloudlab.us,tencentBlock_6554,lru,10,3371,27,1,3,0.2838,0.51,51838888,33713.0496,2845347
node2.tardis-apia.ldos-ut-pg0.wisc.cloudlab.us,tencentBlock_6554,lruforgive,10,3371,27,1,1,0.2820,0.27,51838888,33713.0496,2845347
node2.tardis-apia.ldos-ut-pg0.wisc.cloudlab.us,tencentBlock_6554,lruforgive,10,3371,27,1,2,0.2820,0.27,51838888,33713.0496,2845347
node2.tardis-apia.ldos-ut-pg0.wisc.cloudlab.us,tencentBlock_6554,lruforgive,10,3371,27,1,3,0.2820,0.27,51838888,33713.0496,2845347
node2.tardis-apia.ldos-ut-pg0.wisc.cloudlab.us,tencentBlock_6554,s3fifo,10,3371,27,1,1,0.2715,0.51,51838888,33713.0496,2845347
node2.tardis-apia.ldos-ut-pg0.wisc.cloudlab.us,tencentBlock_6554,s3fifo,10,3371,27,1,2,0.2715,0.51,51838888,33713.0496,2845347
node2.tardis-apia.ldos-ut-pg0.wisc.cloudlab.us,tencentBlock_6554,s3fifo,10,3371,27,1,3,0.2715,0.51,51838888,33713.0496,2845347
node2.tardis-apia.ldos-ut-pg0.wisc.cloudlab.us,tencentBlock_6554,s3fifoforgive,10,3371,27,1,1,0.2713,0.29,51838888,33713.0496,2845347
node2.tardis-apia.ldos-ut-pg0.wisc.cloudlab.us,tencentBlock_6554,s3fifoforgive,10,3371,27,1,2,0.2713,0.29,51838888,33713.0496,2845347
node2.tardis-apia.ldos-ut-pg0.wisc.cloudlab.us,tencentBlock_6554,s3fifoforgive,10,3371,27,1,3,0.2713,0.29,51838888,33713.0496,2845347
node2.tardis-apia.ldos-ut-pg0.wisc.cloudlab.us,tencentBlock_6554,lru,0.1,34,21,1,1,0.8377,1.53,51838888,33713.0496,2845347
node2.tardis-apia.ldos-ut-pg0.wisc.cloudlab.us,tencentBlock_6554,lru,0.1,34,21,1,2,0.8377,1.51,51838888,33713.0496,2845347
node2.tardis-apia.ldos-ut-pg0.wisc.cloudlab.us,tencentBlock_6554,lru,0.1,34,21,1,3,0.8377,1.52,51838888,33713.0496,2845347
node2.tardis-apia.ldos-ut-pg0.wisc.cloudlab.us,tencentBlock_6554,lruforgive,0.1,34,21,1,1,0.8295,0.94,51838888,33713.0496,2845347
node2.tardis-apia.ldos-ut-pg0.wisc.cloudlab.us,tencentBlock_6554,lruforgive,0.1,34,21,1,2,0.8295,0.95,51838888,33713.0496,2845347
node2.tardis-apia.ldos-ut-pg0.wisc.cloudlab.us,tencentBlock_6554,lruforgive,0.1,34,21,1,3,0.8295,0.94,51838888,33713.0496,2845347
node2.tardis-apia.ldos-ut-pg0.wisc.cloudlab.us,tencentBlock_6554,s3fifo,0.1,34,21,1,1,0.8591,1.72,51838888,33713.0496,2845347
node2.tardis-apia.ldos-ut-pg0.wisc.cloudlab.us,tencentBlock_6554,s3fifo,0.1,34,21,1,2,0.8591,1.68,51838888,33713.0496,2845347
node2.tardis-apia.ldos-ut-pg0.wisc.cloudlab.us,tencentBlock_6554,s3fifo,0.1,34,21,1,3,0.8591,1.71,51838888,33713.0496,2845347
node2.tardis-apia.ldos-ut-pg0.wisc.cloudlab.us,tencentBlock_6554,s3fifoforgive,0.1,34,21,1,1,0.8544,1.19,51838888,33713.0496,2845347
node2.tardis-apia.ldos-ut-pg0.wisc.cloudlab.us,tencentBlock_6554,s3fifoforgive,0.1,34,21,1,2,0.8544,1.16,51838888,33713.0496,2845347
node2.tardis-apia.ldos-ut-pg0.wisc.cloudlab.us,tencentBlock_6554,s3fifoforgive,0.1,34,21,1,3,0.8544,1.20,51838888,33713.0496,2845347
node2.tardis-apia.ldos-ut-pg0.wisc.cloudlab.us,tencentBlock_6579,lru,10,1672,27,1,1,0.2064,0.69,10681211,16723.3536,1508510
node2.tardis-apia.ldos-ut-pg0.wisc.cloudlab.us,tencentBlock_6579,lru,10,1672,27,1,2,0.2064,0.69,10681211,16723.3536,1508510
node2.tardis-apia.ldos-ut-pg0.wisc.cloudlab.us,tencentBlock_6579,lru,10,1672,27,1,3,0.2064,0.69,10681211,16723.3536,1508510
node2.tardis-apia.ldos-ut-pg0.wisc.cloudlab.us,tencentBlock_6579,lruforgive,10,1672,27,1,1,0.2058,0.38,10681211,16723.3536,1508510
node2.tardis-apia.ldos-ut-pg0.wisc.cloudlab.us,tencentBlock_6579,lruforgive,10,1672,27,1,2,0.2057,0.38,10681211,16723.3536,1508510
node2.tardis-apia.ldos-ut-pg0.wisc.cloudlab.us,tencentBlock_6579,lruforgive,10,1672,27,1,3,0.2057,0.39,10681211,16723.3536,1508510
node2.tardis-apia.ldos-ut-pg0.wisc.cloudlab.us,tencentBlock_6579,s3fifo,10,1672,27,1,1,0.2178,0.76,10681211,16723.3536,1508510
node2.tardis-apia.ldos-ut-pg0.wisc.cloudlab.us,tencentBlock_6579,s3fifo,10,1672,27,1,2,0.2178,0.76,10681211,16723.3536,1508510
node2.tardis-apia.ldos-ut-pg0.wisc.cloudlab.us,tencentBlock_6579,s3fifo,10,1672,27,1,3,0.2178,0.76,10681211,16723.3536,1508510
node2.tardis-apia.ldos-ut-pg0.wisc.cloudlab.us,tencentBlock_6579,s3fifoforgive,10,1672,27,1,1,0.2177,0.44,10681211,16723.3536,1508510
node2.tardis-apia.ldos-ut-pg0.wisc.cloudlab.us,tencentBlock_6579,s3fifoforgive,10,1672,27,1,2,0.2177,0.44,10681211,16723.3536,1508510
node2.tardis-apia.ldos-ut-pg0.wisc.cloudlab.us,tencentBlock_6579,s3fifoforgive,10,1672,27,1,3,0.2177,0.44,10681211,16723.3536,1508510
node2.tardis-apia.ldos-ut-pg0.wisc.cloudlab.us,tencentBlock_6579,lru,0.1,17,20,1,1,0.9662,3.85,10681211,16723.3536,1508510
node2.tardis-apia.ldos-ut-pg0.wisc.cloudlab.us,tencentBlock_6579,lru,0.1,17,20,1,2,0.9662,3.98,10681211,16723.3536,1508510
node2.tardis-apia.ldos-ut-pg0.wisc.cloudlab.us,tencentBlock_6579,lru,0.1,17,20,1,3,0.9662,3.97,10681211,16723.3536,1508510
node2.tardis-apia.ldos-ut-pg0.wisc.cloudlab.us,tencentBlock_6579,lruforgive,0.1,17,20,1,1,0.9587,3.36,10681211,16723.3536,1508510
node2.tardis-apia.ldos-ut-pg0.wisc.cloudlab.us,tencentBlock_6579,lruforgive,0.1,17,20,1,2,0.9587,3.31,10681211,16723.3536,1508510
node2.tardis-apia.ldos-ut-pg0.wisc.cloudlab.us,tencentBlock_6579,lruforgive,0.1,17,20,1,3,0.9587,3.36,10681211,16723.3536,1508510
node2.tardis-apia.ldos-ut-pg0.wisc.cloudlab.us,tencentBlock_6579,s3fifo,0.1,17,20,1,1,0.9651,4.37,10681211,16723.3536,1508510
node2.tardis-apia.ldos-ut-pg0.wisc.cloudlab.us,tencentBlock_6579,s3fifo,0.1,17,20,1,2,0.9651,4.47,10681211,16723.3536,1508510
node2.tardis-apia.ldos-ut-pg0.wisc.cloudlab.us,tencentBlock_6579,s3fifo,0.1,17,20,1,3,0.9651,4.45,10681211,16723.3536,1508510
node2.tardis-apia.ldos-ut-pg0.wisc.cloudlab.us,tencentBlock_6579,s3fifoforgive,0.1,17,20,1,1,0.9650,3.91,10681211,16723.3536,1508510
node2.tardis-apia.ldos-ut-pg0.wisc.cloudlab.us,tencentBlock_6579,s3fifoforgive,0.1,17,20,1,2,0.9650,3.92,10681211,16723.3536,1508510
node2.tardis-apia.ldos-ut-pg0.wisc.cloudlab.us,tencentBlock_6579,s3fifoforgive,0.1,17,20,1,3,0.9650,3.96,10681211,16723.3536,1508510
node2.tardis-apia.ldos-ut-pg0.wisc.cloudlab.us,tencentBlock_6725,lru,10,1368,26,1,1,0.3239,0.61,6475062,13678.4896,1139428
node2.tardis-apia.ldos-ut-pg0.wisc.cloudlab.us,tencentBlock_6725,lru,10,1368,26,1,2,0.3239,0.61,6475062,13678.4896,1139428
node2.tardis-apia.ldos-ut-pg0.wisc.cloudlab.us,tencentBlock_6725,lru,10,1368,26,1,3,0.3239,0.60,6475062,13678.4896,1139428
node2.tardis-apia.ldos-ut-pg0.wisc.cloudlab.us,tencentBlock_6725,lruforgive,10,1368,26,1,1,0.3228,0.45,6475062,13678.4896,1139428
node2.tardis-apia.ldos-ut-pg0.wisc.cloudlab.us,tencentBlock_6725,lruforgive,10,1368,26,1,2,0.3227,0.45,6475062,13678.4896,1139428
node2.tardis-apia.ldos-ut-pg0.wisc.cloudlab.us,tencentBlock_6725,lruforgive,10,1368,26,1,3,0.3227,0.45,6475062,13678.4896,1139428
node2.tardis-apia.ldos-ut-pg0.wisc.cloudlab.us,tencentBlock_6725,s3fifo,10,1368,26,1,1,0.3132,0.69,6475062,13678.4896,1139428
node2.tardis-apia.ldos-ut-pg0.wisc.cloudlab.us,tencentBlock_6725,s3fifo,10,1368,26,1,2,0.3131,0.70,6475062,13678.4896,1139428
node2.tardis-apia.ldos-ut-pg0.wisc.cloudlab.us,tencentBlock_6725,s3fifo,10,1368,26,1,3,0.3131,0.69,6475062,13678.4896,1139428
node2.tardis-apia.ldos-ut-pg0.wisc.cloudlab.us,tencentBlock_6725,s3fifoforgive,10,1368,26,1,1,0.3132,0.48,6475062,13678.4896,1139428
node2.tardis-apia.ldos-ut-pg0.wisc.cloudlab.us,tencentBlock_6725,s3fifoforgive,10,1368,26,1,2,0.3132,0.47,6475062,13678.4896,1139428
node2.tardis-apia.ldos-ut-pg0.wisc.cloudlab.us,tencentBlock_6725,s3fifoforgive,10,1368,26,1,3,0.3132,0.48,6475062,13678.4896,1139428
node2.tardis-apia.ldos-ut-pg0.wisc.cloudlab.us,tencentBlock_6725,lru,0.1,14,20,1,1,0.4812,2.43,6475062,13678.4896,1139428
node2.tardis-apia.ldos-ut-pg0.wisc.cloudlab.us,tencentBlock_6725,lru,0.1,14,20,1,2,0.4812,2.38,6475062,13678.4896,1139428
node2.tardis-apia.ldos-ut-pg0.wisc.cloudlab.us,tencentBlock_6725,lru,0.1,14,20,1,3,0.4812,2.40,6475062,13678.4896,1139428
node2.tardis-apia.ldos-ut-pg0.wisc.cloudlab.us,tencentBlock_6725,lruforgive,0.1,14,20,1,1,0.4736,1.07,6475062,13678.4896,1139428
node2.tardis-apia.ldos-ut-pg0.wisc.cloudlab.us,tencentBlock_6725,lruforgive,0.1,14,20,1,2,0.4736,1.07,6475062,13678.4896,1139428
node2.tardis-apia.ldos-ut-pg0.wisc.cloudlab.us,tencentBlock_6725,lruforgive,0.1,14,20,1,3,0.4736,1.07,6475062,13678.4896,1139428
node2.tardis-apia.ldos-ut-pg0.wisc.cloudlab.us,tencentBlock_6725,s3fifo,0.1,14,20,1,1,0.4696,2.56,6475062,13678.4896,1139428
node2.tardis-apia.ldos-ut-pg0.wisc.cloudlab.us,tencentBlock_6725,s3fifo,0.1,14,20,1,2,0.4696,2.52,6475062,13678.4896,1139428
node2.tardis-apia.ldos-ut-pg0.wisc.cloudlab.us,tencentBlock_6725,s3fifo,0.1,14,20,1,3,0.4696,2.62,6475062,13678.4896,1139428
node2.tardis-apia.ldos-ut-pg0.wisc.cloudlab.us,tencentBlock_6725,s3fifoforgive,0.1,14,20,1,1,0.4695,1.20,6475062,13678.4896,1139428
node2.tardis-apia.ldos-ut-pg0.wisc.cloudlab.us,tencentBlock_6725,s3fifoforgive,0.1,14,20,1,2,0.4695,1.21,6475062,13678.4896,1139428
node2.tardis-apia.ldos-ut-pg0.wisc.cloudlab.us,tencentBlock_6725,s3fifoforgive,0.1,14,20,1,3,0.4695,1.21,6475062,13678.4896,1139428
node2.tardis-apia.ldos-ut-pg0.wisc.cloudlab.us,tencentBlock_6814,lru,10,3036,27,1,1,0.3157,0.43,56981298,30355.5584,2246356
node2.tardis-apia.ldos-ut-pg0.wisc.cloudlab.us,tencentBlock_6814,lru,10,3036,27,1,2,0.3157,0.43,56981298,30355.5584,2246356
node2.tardis-apia.ldos-ut-pg0.wisc.cloudlab.us,tencentBlock_6814,lru,10,3036,27,1,3,0.3157,0.43,56981298,30355.5584,2246356
node2.tardis-apia.ldos-ut-pg0.wisc.cloudlab.us,tencentBlock_6814,lruforgive,10,3036,27,1,1,0.3133,0.24,56981298,30355.5584,2246356
node2.tardis-apia.ldos-ut-pg0.wisc.cloudlab.us,tencentBlock_6814,lruforgive,10,3036,27,1,2,0.3133,0.24,56981298,30355.5584,2246356
node2.tardis-apia.ldos-ut-pg0.wisc.cloudlab.us,tencentBlock_6814,lruforgive,10,3036,27,1,3,0.3133,0.24,56981298,30355.5584,2246356
node2.tardis-apia.ldos-ut-pg0.wisc.cloudlab.us,tencentBlock_6814,s3fifo,10,3036,27,1,1,0.2984,0.45,56981298,30355.5584,2246356
node2.tardis-apia.ldos-ut-pg0.wisc.cloudlab.us,tencentBlock_6814,s3fifo,10,3036,27,1,2,0.2984,0.45,56981298,30355.5584,2246356
node2.tardis-apia.ldos-ut-pg0.wisc.cloudlab.us,tencentBlock_6814,s3fifo,10,3036,27,1,3,0.2984,0.45,56981298,30355.5584,2246356
node2.tardis-apia.ldos-ut-pg0.wisc.cloudlab.us,tencentBlock_6814,s3fifoforgive,10,3036,27,1,1,0.2981,0.27,56981298,30355.5584,2246356
node2.tardis-apia.ldos-ut-pg0.wisc.cloudlab.us,tencentBlock_6814,s3fifoforgive,10,3036,27,1,2,0.2981,0.27,56981298,30355.5584,2246356
node2.tardis-apia.ldos-ut-pg0.wisc.cloudlab.us,tencentBlock_6814,s3fifoforgive,10,3036,27,1,3,0.2981,0.27,56981298,30355.5584,2246356
node2.tardis-apia.ldos-ut-pg0.wisc.cloudlab.us,tencentBlock_6814,lru,0.1,30,21,1,1,0.8331,1.52,56981298,30355.5584,2246356
node2.tardis-apia.ldos-ut-pg0.wisc.cloudlab.us,tencentBlock_6814,lru,0.1,30,21,1,2,0.8331,1.49,56981298,30355.5584,2246356
node2.tardis-apia.ldos-ut-pg0.wisc.cloudlab.us,tencentBlock_6814,lru,0.1,30,21,1,3,0.8331,1.53,56981298,30355.5584,2246356
node2.tardis-apia.ldos-ut-pg0.wisc.cloudlab.us,tencentBlock_6814,lruforgive,0.1,30,21,1,1,0.8316,0.87,56981298,30355.5584,2246356
node2.tardis-apia.ldos-ut-pg0.wisc.cloudlab.us,tencentBlock_6814,lruforgive,0.1,30,21,1,2,0.8316,0.87,56981298,30355.5584,2246356
node2.tardis-apia.ldos-ut-pg0.wisc.cloudlab.us,tencentBlock_6814,lruforgive,0.1,30,21,1,3,0.8316,0.88,56981298,30355.5584,2246356
node2.tardis-apia.ldos-ut-pg0.wisc.cloudlab.us,tencentBlock_6814,s3fifo,0.1,30,21,1,1,0.8558,1.57,56981298,30355.5584,2246356
node2.tardis-apia.ldos-ut-pg0.wisc.cloudlab.us,tencentBlock_6814,s3fifo,0.1,30,21,1,2,0.8558,1.58,56981298,30355.5584,2246356
node2.tardis-apia.ldos-ut-pg0.wisc.cloudlab.us,tencentBlock_6814,s3fifo,0.1,30,21,1,3,0.8558,1.59,56981298,30355.5584,2246356
node2.tardis-apia.ldos-ut-pg0.wisc.cloudlab.us,tencentBlock_6814,s3fifoforgive,0.1,30,21,1,1,0.8532,1.10,56981298,30355.5584,2246356
node2.tardis-apia.ldos-ut-pg0.wisc.cloudlab.us,tencentBlock_6814,s3fifoforgive,0.1,30,21,1,2,0.8532,1.11,56981298,30355.5584,2246356
node2.tardis-apia.ldos-ut-pg0.wisc.cloudlab.us,tencentBlock_6814,s3fifoforgive,0.1,30,21,1,3,0.8532,1.10,56981298,30355.5584,2246356
node2.tardis-apia.ldos-ut-pg0.wisc.cloudlab.us,tencentBlock_7015,lru,10,2666,27,1,1,0.2848,0.41,48672497,26663.5264,1846612
node2.tardis-apia.ldos-ut-pg0.wisc.cloudlab.us,tencentBlock_7015,lru,10,2666,27,1,2,0.2848,0.40,48672497,26663.5264,1846612
node2.tardis-apia.ldos-ut-pg0.wisc.cloudlab.us,tencentBlock_7015,lru,10,2666,27,1,3,0.2848,0.40,48672497,26663.5264,1846612
node2.tardis-apia.ldos-ut-pg0.wisc.cloudlab.us,tencentBlock_7015,lruforgive,10,2666,27,1,1,0.2821,0.23,48672497,26663.5264,1846612
node2.tardis-apia.ldos-ut-pg0.wisc.cloudlab.us,tencentBlock_7015,lruforgive,10,2666,27,1,2,0.2821,0.23,48672497,26663.5264,1846612
node2.tardis-apia.ldos-ut-pg0.wisc.cloudlab.us,tencentBlock_7015,lruforgive,10,2666,27,1,3,0.2821,0.23,48672497,26663.5264,1846612
node2.tardis-apia.ldos-ut-pg0.wisc.cloudlab.us,tencentBlock_7015,s3fifo,10,2666,27,1,1,0.2967,0.42,48672497,26663.5264,1846612
node2.tardis-apia.ldos-ut-pg0.wisc.cloudlab.us,tencentBlock_7015,s3fifo,10,2666,27,1,2,0.2967,0.42,48672497,26663.5264,1846612
node2.tardis-apia.ldos-ut-pg0.wisc.cloudlab.us,tencentBlock_7015,s3fifo,10,2666,27,1,3,0.2967,0.42,48672497,26663.5264,1846612
node2.tardis-apia.ldos-ut-pg0.wisc.cloudlab.us,tencentBlock_7015,s3fifoforgive,10,2666,27,1,1,0.2960,0.26,48672497,26663.5264,1846612
node2.tardis-apia.ldos-ut-pg0.wisc.cloudlab.us,tencentBlock_7015,s3fifoforgive,10,2666,27,1,2,0.2960,0.26,48672497,26663.5264,1846612
node2.tardis-apia.ldos-ut-pg0.wisc.cloudlab.us,tencentBlock_7015,s3fifoforgive,10,2666,27,1,3,0.2960,0.26,48672497,26663.5264,1846612
node2.tardis-apia.ldos-ut-pg0.wisc.cloudlab.us,tencentBlock_7015,lru,0.1,27,21,1,1,0.8102,1.87,48672497,26663.5264,1846612
node2.tardis-apia.ldos-ut-pg0.wisc.cloudlab.us,tencentBlock_7015,lru,0.1,27,21,1,2,0.8102,1.85,48672497,26663.5264,1846612
node2.tardis-apia.ldos-ut-pg0.wisc.cloudlab.us,tencentBlock_7015,lru,0.1,27,21,1,3,0.8102,1.84,48672497,26663.5264,1846612
node2.tardis-apia.ldos-ut-pg0.wisc.cloudlab.us,tencentBlock_7015,lruforgive,0.1,27,21,1,1,0.8058,0.99,48672497,26663.5264,1846612
node2.tardis-apia.ldos-ut-pg0.wisc.cloudlab.us,tencentBlock_7015,lruforgive,0.1,27,21,1,2,0.8058,1.00,48672497,26663.5264,1846612
node2.tardis-apia.ldos-ut-pg0.wisc.cloudlab.us,tencentBlock_7015,lruforgive,0.1,27,21,1,3,0.8058,1.00,48672497,26663.5264,1846612
node2.tardis-apia.ldos-ut-pg0.wisc.cloudlab.us,tencentBlock_7015,s3fifo,0.1,27,21,1,1,0.8256,1.87,48672497,26663.5264,1846612
node2.tardis-apia.ldos-ut-pg0.wisc.cloudlab.us,tencentBlock_7015,s3fifo,0.1,27,21,1,2,0.8256,1.90,48672497,26663.5264,1846612
node2.tardis-apia.ldos-ut-pg0.wisc.cloudlab.us,tencentBlock_7015,s3fifo,0.1,27,21,1,3,0.8256,1.88,48672497,26663.5264,1846612
node2.tardis-apia.ldos-ut-pg0.wisc.cloudlab.us,tencentBlock_7015,s3fifoforgive,0.1,27,21,1,1,0.8233,1.25,48672497,26663.5264,1846612
node2.tardis-apia.ldos-ut-pg0.wisc.cloudlab.us,tencentBlock_7015,s3fifoforgive,0.1,27,21,1,2,0.8233,1.24,48672497,26663.5264,1846612
node2.tardis-apia.ldos-ut-pg0.wisc.cloudlab.us,tencentBlock_7015,s3fifoforgive,0.1,27,21,1,3,0.8233,1.24,48672497,26663.5264,1846612
node2.tardis-apia.ldos-ut-pg0.wisc.cloudlab.us,tencentBlock_7101,lru,10,1552,27,1,1,0.0613,1.27,35043138,15523.1232,1052210
node2.tardis-apia.ldos-ut-pg0.wisc.cloudlab.us,tencentBlock_7101,lru,10,1552,27,1,2,0.0613,1.27,35043138,15523.1232,1052210
node2.tardis-apia.ldos-ut-pg0.wisc.cloudlab.us,tencentBlock_7101,lru,10,1552,27,1,3,0.0613,1.26,35043138,15523.1232,1052210
node2.tardis-apia.ldos-ut-pg0.wisc.cloudlab.us,tencentBlock_7101,lruforgive,10,1552,27,1,1,0.0613,0.52,35043138,15523.1232,1052210
node2.tardis-apia.ldos-ut-pg0.wisc.cloudlab.us,tencentBlock_7101,lruforgive,10,1552,27,1,2,0.0613,0.52,35043138,15523.1232,1052210
node2.tardis-apia.ldos-ut-pg0.wisc.cloudlab.us,tencentBlock_7101,lruforgive,10,1552,27,1,3,0.0613,0.52,35043138,15523.1232,1052210
node2.tardis-apia.ldos-ut-pg0.wisc.cloudlab.us,tencentBlock_7101,s3fifo,10,1552,27,1,1,0.0614,1.37,35043138,15523.1232,1052210
node2.tardis-apia.ldos-ut-pg0.wisc.cloudlab.us,tencentBlock_7101,s3fifo,10,1552,27,1,2,0.0614,1.37,35043138,15523.1232,1052210
node2.tardis-apia.ldos-ut-pg0.wisc.cloudlab.us,tencentBlock_7101,s3fifo,10,1552,27,1,3,0.0614,1.38,35043138,15523.1232,1052210
node2.tardis-apia.ldos-ut-pg0.wisc.cloudlab.us,tencentBlock_7101,s3fifoforgive,10,1552,27,1,1,0.0614,0.53,35043138,15523.1232,1052210
node2.tardis-apia.ldos-ut-pg0.wisc.cloudlab.us,tencentBlock_7101,s3fifoforgive,10,1552,27,1,2,0.0614,0.54,35043138,15523.1232,1052210
node2.tardis-apia.ldos-ut-pg0.wisc.cloudlab.us,tencentBlock_7101,s3fifoforgive,10,1552,27,1,3,0.0614,0.54,35043138,15523.1232,1052210
node2.tardis-apia.ldos-ut-pg0.wisc.cloudlab.us,tencentBlock_7101,lru,0.1,16,20,1,1,0.3548,2.32,35043138,15523.1232,1052210
node2.tardis-apia.ldos-ut-pg0.wisc.cloudlab.us,tencentBlock_7101,lru,0.1,16,20,1,2,0.3548,2.30,35043138,15523.1232,1052210
node2.tardis-apia.ldos-ut-pg0.wisc.cloudlab.us,tencentBlock_7101,lru,0.1,16,20,1,3,0.3548,2.31,35043138,15523.1232,1052210
node2.tardis-apia.ldos-ut-pg0.wisc.cloudlab.us,tencentBlock_7101,lruforgive,0.1,16,20,1,1,0.3272,0.81,35043138,15523.1232,1052210
node2.tardis-apia.ldos-ut-pg0.wisc.cloudlab.us,tencentBlock_7101,lruforgive,0.1,16,20,1,2,0.3272,0.81,35043138,15523.1232,1052210
node2.tardis-apia.ldos-ut-pg0.wisc.cloudlab.us,tencentBlock_7101,lruforgive,0.1,16,20,1,3,0.3272,0.81,35043138,15523.1232,1052210
node2.tardis-apia.ldos-ut-pg0.wisc.cloudlab.us,tencentBlock_7101,s3fifo,0.1,16,20,1,1,0.2947,2.47,35043138,15523.1232,1052210
node2.tardis-apia.ldos-ut-pg0.wisc.cloudlab.us,tencentBlock_7101,s3fifo,0.1,16,20,1,2,0.2947,2.49,35043138,15523.1232,1052210
node2.tardis-apia.ldos-ut-pg0.wisc.cloudlab.us,tencentBlock_7101,s3fifo,0.1,16,20,1,3,0.2947,2.47,35043138,15523.1232,1052210
node2.tardis-apia.ldos-ut-pg0.wisc.cloudlab.us,tencentBlock_7101,s3fifoforgive,0.1,16,20,1,1,0.2941,0.99,35043138,15523.1232,1052210
node2.tardis-apia.ldos-ut-pg0.wisc.cloudlab.us,tencentBlock_7101,s3fifoforgive,0.1,16,20,1,2,0.2941,0.98,35043138,15523.1232,1052210
node2.tardis-apia.ldos-ut-pg0.wisc.cloudlab.us,tencentBlock_7101,s3fifoforgive,0.1,16,20,1,3,0.2941,1.00,35043138,15523.1232,1052210
node2.tardis-apia.ldos-ut-pg0.wisc.cloudlab.us,tencentBlock_7116,lru,10,21330,27,1,1,0.3148,0.14,10675330,213300.5312,2205729
node2.tardis-apia.ldos-ut-pg0.wisc.cloudlab.us,tencentBlock_7116,lru,10,21330,27,1,2,0.3148,0.14,10675330,213300.5312,2205729
node2.tardis-apia.ldos-ut-pg0.wisc.cloudlab.us,tencentBlock_7116,lru,10,21330,27,1,3,0.3148,0.14,10675330,213300.5312,2205729
node2.tardis-apia.ldos-ut-pg0.wisc.cloudlab.us,tencentBlock_7116,lruforgive,10,21330,27,1,1,0.3140,0.12,10675330,213300.5312,2205729
node2.tardis-apia.ldos-ut-pg0.wisc.cloudlab.us,tencentBlock_7116,lruforgive,10,21330,27,1,2,0.3140,0.12,10675330,213300.5312,2205729
node2.tardis-apia.ldos-ut-pg0.wisc.cloudlab.us,tencentBlock_7116,lruforgive,10,21330,27,1,3,0.3140,0.12,10675330,213300.5312,2205729
node2.tardis-apia.ldos-ut-pg0.wisc.cloudlab.us,tencentBlock_7116,s3fifo,10,21330,27,1,1,0.2955,0.15,10675330,213300.5312,2205729
node2.tardis-apia.ldos-ut-pg0.wisc.cloudlab.us,tencentBlock_7116,s3fifo,10,21330,27,1,2,0.2955,0.15,10675330,213300.5312,2205729
node2.tardis-apia.ldos-ut-pg0.wisc.cloudlab.us,tencentBlock_7116,s3fifo,10,21330,27,1,3,0.2955,0.15,10675330,213300.5312,2205729
node2.tardis-apia.ldos-ut-pg0.wisc.cloudlab.us,tencentBlock_7116,s3fifoforgive,10,21330,27,1,1,0.2955,0.14,10675330,213300.5312,2205729
node2.tardis-apia.ldos-ut-pg0.wisc.cloudlab.us,tencentBlock_7116,s3fifoforgive,10,21330,27,1,2,0.2955,0.14,10675330,213300.5312,2205729
node2.tardis-apia.ldos-ut-pg0.wisc.cloudlab.us,tencentBlock_7116,s3fifoforgive,10,21330,27,1,3,0.2955,0.14,10675330,213300.5312,2205729
node2.tardis-apia.ldos-ut-pg0.wisc.cloudlab.us,tencentBlock_7116,lru,0.1,213,24,1,1,0.7304,0.23,10675330,213300.5312,2205729
node2.tardis-apia.ldos-ut-pg0.wisc.cloudlab.us,tencentBlock_7116,lru,0.1,213,24,1,2,0.7304,0.22,10675330,213300.5312,2205729
node2.tardis-apia.ldos-ut-pg0.wisc.cloudlab.us,tencentBlock_7116,lru,0.1,213,24,1,3,0.7304,0.22,10675330,213300.5312,2205729
node2.tardis-apia.ldos-ut-pg0.wisc.cloudlab.us,tencentBlock_7116,lruforgive,0.1,213,24,1,1,0.7018,0.19,10675330,213300.5312,2205729
node2.tardis-apia.ldos-ut-pg0.wisc.cloudlab.us,tencentBlock_7116,lruforgive,0.1,213,24,1,2,0.7018,0.19,10675330,213300.5312,2205729
node2.tardis-apia.ldos-ut-pg0.wisc.cloudlab.us,tencentBlock_7116,lruforgive,0.1,213,24,1,3,0.7018,0.19,10675330,213300.5312,2205729
node2.tardis-apia.ldos-ut-pg0.wisc.cloudlab.us,tencentBlock_7116,s3fifo,0.1,213,24,1,1,0.7006,0.43,10675330,213300.5312,2205729
node2.tardis-apia.ldos-ut-pg0.wisc.cloudlab.us,tencentBlock_7116,s3fifo,0.1,213,24,1,2,0.7006,0.45,10675330,213300.5312,2205729
node2.tardis-apia.ldos-ut-pg0.wisc.cloudlab.us,tencentBlock_7116,s3fifo,0.1,213,24,1,3,0.7006,0.45,10675330,213300.5312,2205729
node2.tardis-apia.ldos-ut-pg0.wisc.cloudlab.us,tencentBlock_7116,s3fifoforgive,0.1,213,24,1,1,0.6971,0.38,10675330,213300.5312,2205729
node2.tardis-apia.ldos-ut-pg0.wisc.cloudlab.us,tencentBlock_7116,s3fifoforgive,0.1,213,24,1,2,0.6971,0.38,10675330,213300.5312,2205729
node2.tardis-apia.ldos-ut-pg0.wisc.cloudlab.us,tencentBlock_7116,s3fifoforgive,0.1,213,24,1,3,0.6971,0.37,10675330,213300.5312,2205729
node2.tardis-apia.ldos-ut-pg0.wisc.cloudlab.us,tencentBlock_7160,lru,10,2122,27,1,1,0.2964,0.38,16514845,21221.5808,1034948
node2.tardis-apia.ldos-ut-pg0.wisc.cloudlab.us,tencentBlock_7160,lru,10,2122,27,1,2,0.2964,0.38,16514845,21221.5808,1034948
node2.tardis-apia.ldos-ut-pg0.wisc.cloudlab.us,tencentBlock_7160,lru,10,2122,27,1,3,0.2964,0.38,16514845,21221.5808,1034948
node2.tardis-apia.ldos-ut-pg0.wisc.cloudlab.us,tencentBlock_7160,lruforgive,10,2122,27,1,1,0.2944,0.23,16514845,21221.5808,1034948
node2.tardis-apia.ldos-ut-pg0.wisc.cloudlab.us,tencentBlock_7160,lruforgive,10,2122,27,1,2,0.2944,0.23,16514845,21221.5808,1034948
node2.tardis-apia.ldos-ut-pg0.wisc.cloudlab.us,tencentBlock_7160,lruforgive,10,2122,27,1,3,0.2944,0.23,16514845,21221.5808,1034948
node2.tardis-apia.ldos-ut-pg0.wisc.cloudlab.us,tencentBlock_7160,s3fifo,10,2122,27,1,1,0.2889,0.40,16514845,21221.5808,1034948
node2.tardis-apia.ldos-ut-pg0.wisc.cloudlab.us,tencentBlock_7160,s3fifo,10,2122,27,1,2,0.2889,0.40,16514845,21221.5808,1034948
node2.tardis-apia.ldos-ut-pg0.wisc.cloudlab.us,tencentBlock_7160,s3fifo,10,2122,27,1,3,0.2889,0.41,16514845,21221.5808,1034948
node2.tardis-apia.ldos-ut-pg0.wisc.cloudlab.us,tencentBlock_7160,s3fifoforgive,10,2122,27,1,1,0.2886,0.26,16514845,21221.5808,1034948
node2.tardis-apia.ldos-ut-pg0.wisc.cloudlab.us,tencentBlock_7160,s3fifoforgive,10,2122,27,1,2,0.2886,0.26,16514845,21221.5808,1034948
node2.tardis-apia.ldos-ut-pg0.wisc.cloudlab.us,tencentBlock_7160,s3fifoforgive,10,2122,27,1,3,0.2886,0.26,16514845,21221.5808,1034948
node2.tardis-apia.ldos-ut-pg0.wisc.cloudlab.us,tencentBlock_7160,lru,0.1,21,20,1,1,0.8671,1.86,16514845,21221.5808,1034948
node2.tardis-apia.ldos-ut-pg0.wisc.cloudlab.us,tencentBlock_7160,lru,0.1,21,20,1,2,0.8671,1.87,16514845,21221.5808,1034948
node2.tardis-apia.ldos-ut-pg0.wisc.cloudlab.us,tencentBlock_7160,lru,0.1,21,20,1,3,0.8671,1.86,16514845,21221.5808,1034948
node2.tardis-apia.ldos-ut-pg0.wisc.cloudlab.us,tencentBlock_7160,lruforgive,0.1,21,20,1,1,0.8645,1.05,16514845,21221.5808,1034948
node2.tardis-apia.ldos-ut-pg0.wisc.cloudlab.us,tencentBlock_7160,lruforgive,0.1,21,20,1,2,0.8645,1.05,16514845,21221.5808,1034948
node2.tardis-apia.ldos-ut-pg0.wisc.cloudlab.us,tencentBlock_7160,lruforgive,0.1,21,20,1,3,0.8645,1.04,16514845,21221.5808,1034948
node2.tardis-apia.ldos-ut-pg0.wisc.cloudlab.us,tencentBlock_7160,s3fifo,0.1,21,20,1,1,0.8811,1.91,16514845,21221.5808,1034948
node2.tardis-apia.ldos-ut-pg0.wisc.cloudlab.us,tencentBlock_7160,s3fifo,0.1,21,20,1,2,0.8811,1.92,16514845,21221.5808,1034948
node2.tardis-apia.ldos-ut-pg0.wisc.cloudlab.us,tencentBlock_7160,s3fifo,0.1,21,20,1,3,0.8811,1.90,16514845,21221.5808,1034948
node2.tardis-apia.ldos-ut-pg0.wisc.cloudlab.us,tencentBlock_7160,s3fifoforgive,0.1,21,20,1,1,0.8779,1.38,16514845,21221.5808,1034948
node2.tardis-apia.ldos-ut-pg0.wisc.cloudlab.us,tencentBlock_7160,s3fifoforgive,0.1,21,20,1,2,0.8779,1.41,16514845,21221.5808,1034948
node2.tardis-apia.ldos-ut-pg0.wisc.cloudlab.us,tencentBlock_7160,s3fifoforgive,0.1,21,20,1,3,0.8779,1.41,16514845,21221.5808,1034948
node2.tardis-apia.ldos-ut-pg0.wisc.cloudlab.us,tencentBlock_7255,lru,10,12723,27,1,1,0.2555,0.32,21537935,127230.1568,4454827
node2.tardis-apia.ldos-ut-pg0.wisc.cloudlab.us,tencentBlock_7255,lru,10,12723,27,1,2,0.2555,0.32,21537935,127230.1568,4454827
node2.tardis-apia.ldos-ut-pg0.wisc.cloudlab.us,tencentBlock_7255,lru,10,12723,27,1,3,0.2555,0.32,21537935,127230.1568,4454827
node2.tardis-apia.ldos-ut-pg0.wisc.cloudlab.us,tencentBlock_7255,lruforgive,10,12723,27,1,1,0.2523,0.26,21537935,127230.1568,4454827
node2.tardis-apia.ldos-ut-pg0.wisc.cloudlab.us,tencentBlock_7255,lruforgive,10,12723,27,1,2,0.2523,0.25,21537935,127230.1568,4454827
node2.tardis-apia.ldos-ut-pg0.wisc.cloudlab.us,tencentBlock_7255,lruforgive,10,12723,27,1,3,0.2523,0.25,21537935,127230.1568,4454827
node2.tardis-apia.ldos-ut-pg0.wisc.cloudlab.us,tencentBlock_7255,s3fifo,10,12723,27,1,1,0.2360,0.38,21537935,127230.1568,4454827
node2.tardis-apia.ldos-ut-pg0.wisc.cloudlab.us,tencentBlock_7255,s3fifo,10,12723,27,1,2,0.2360,0.37,21537935,127230.1568,4454827
node2.tardis-apia.ldos-ut-pg0.wisc.cloudlab.us,tencentBlock_7255,s3fifo,10,12723,27,1,3,0.2360,0.38,21537935,127230.1568,4454827
node2.tardis-apia.ldos-ut-pg0.wisc.cloudlab.us,tencentBlock_7255,s3fifoforgive,10,12723,27,1,1,0.2360,0.29,21537935,127230.1568,4454827
node2.tardis-apia.ldos-ut-pg0.wisc.cloudlab.us,tencentBlock_7255,s3fifoforgive,10,12723,27,1,2,0.2360,0.28,21537935,127230.1568,4454827
node2.tardis-apia.ldos-ut-pg0.wisc.cloudlab.us,tencentBlock_7255,s3fifoforgive,10,12723,27,1,3,0.2360,0.29,21537935,127230.1568,4454827
node2.tardis-apia.ldos-ut-pg0.wisc.cloudlab.us,tencentBlock_7255,lru,0.1,127,23,1,1,0.3680,0.37,21537935,127230.1568,4454827
node2.tardis-apia.ldos-ut-pg0.wisc.cloudlab.us,tencentBlock_7255,lru,0.1,127,23,1,2,0.3680,0.37,21537935,127230.1568,4454827
node2.tardis-apia.ldos-ut-pg0.wisc.cloudlab.us,tencentBlock_7255,lru,0.1,127,23,1,3,0.3680,0.37,21537935,127230.1568,4454827
node2.tardis-apia.ldos-ut-pg0.wisc.cloudlab.us,tencentBlock_7255,lruforgive,0.1,127,23,1,1,0.3631,0.27,21537935,127230.1568,4454827
node2.tardis-apia.ldos-ut-pg0.wisc.cloudlab.us,tencentBlock_7255,lruforgive,0.1,127,23,1,2,0.3631,0.27,21537935,127230.1568,4454827
node2.tardis-apia.ldos-ut-pg0.wisc.cloudlab.us,tencentBlock_7255,lruforgive,0.1,127,23,1,3,0.3631,0.27,21537935,127230.1568,4454827
node2.tardis-apia.ldos-ut-pg0.wisc.cloudlab.us,tencentBlock_7255,s3fifo,0.1,127,23,1,1,0.3585,0.70,21537935,127230.1568,4454827
node2.tardis-apia.ldos-ut-pg0.wisc.cloudlab.us,tencentBlock_7255,s3fifo,0.1,127,23,1,2,0.3585,0.68,21537935,127230.1568,4454827
node2.tardis-apia.ldos-ut-pg0.wisc.cloudlab.us,tencentBlock_7255,s3fifo,0.1,127,23,1,3,0.3585,0.69,21537935,127230.1568,4454827
node2.tardis-apia.ldos-ut-pg0.wisc.cloudlab.us,tencentBlock_7255,s3fifoforgive,0.1,127,23,1,1,0.3584,0.51,21537935,127230.1568,4454827
node2.tardis-apia.ldos-ut-pg0.wisc.cloudlab.us,tencentBlock_7255,s3fifoforgive,0.1,127,23,1,2,0.3584,0.50,21537935,127230.1568,4454827
node2.tardis-apia.ldos-ut-pg0.wisc.cloudlab.us,tencentBlock_7255,s3fifoforgive,0.1,127,23,1,3,0.3584,0.49,21537935,127230.1568,4454827
node2.tardis-apia.ldos-ut-pg0.wisc.cloudlab.us,tencentBlock_7299,lru,10,12399,27,1,1,0.5562,0.06,5811915,123994.4192,1561646
node2.tardis-apia.ldos-ut-pg0.wisc.cloudlab.us,tencentBlock_7299,lru,10,12399,27,1,2,0.5562,0.06,5811915,123994.4192,1561646
node2.tardis-apia.ldos-ut-pg0.wisc.cloudlab.us,tencentBlock_7299,lru,10,12399,27,1,3,0.5562,0.06,5811915,123994.4192,1561646
node2.tardis-apia.ldos-ut-pg0.wisc.cloudlab.us,tencentBlock_7299,lruforgive,10,12399,27,1,1,0.5534,0.06,5811915,123994.4192,1561646
node2.tardis-apia.ldos-ut-pg0.wisc.cloudlab.us,tencentBlock_7299,lruforgive,10,12399,27,1,2,0.5534,0.06,5811915,123994.4192,1561646
node2.tardis-apia.ldos-ut-pg0.wisc.cloudlab.us,tencentBlock_7299,lruforgive,10,12399,27,1,3,0.5534,0.06,5811915,123994.4192,1561646
node2.tardis-apia.ldos-ut-pg0.wisc.cloudlab.us,tencentBlock_7299,s3fifo,10,12399,27,1,1,0.5338,0.06,5811915,123994.4192,1561646
node2.tardis-apia.ldos-ut-pg0.wisc.cloudlab.us,tencentBlock_7299,s3fifo,10,12399,27,1,2,0.5338,0.06,5811915,123994.4192,1561646
node2.tardis-apia.ldos-ut-pg0.wisc.cloudlab.us,tencentBlock_7299,s3fifo,10,12399,27,1,3,0.5338,0.06,5811915,123994.4192,1561646
node2.tardis-apia.ldos-ut-pg0.wisc.cloudlab.us,tencentBlock_7299,s3fifoforgive,10,12399,27,1,1,0.5337,0.06,5811915,123994.4192,1561646
node2.tardis-apia.ldos-ut-pg0.wisc.cloudlab.us,tencentBlock_7299,s3fifoforgive,10,12399,27,1,2,0.5337,0.06,5811915,123994.4192,1561646
node2.tardis-apia.ldos-ut-pg0.wisc.cloudlab.us,tencentBlock_7299,s3fifoforgive,10,12399,27,1,3,0.5337,0.06,5811915,123994.4192,1561646
node2.tardis-apia.ldos-ut-pg0.wisc.cloudlab.us,tencentBlock_7299,lru,0.1,124,23,1,1,0.7011,0.10,5811915,123994.4192,1561646
node2.tardis-apia.ldos-ut-pg0.wisc.cloudlab.us,tencentBlock_7299,lru,0.1,124,23,1,2,0.7011,0.09,5811915,123994.4192,1561646
node2.tardis-apia.ldos-ut-pg0.wisc.cloudlab.us,tencentBlock_7299,lru,0.1,124,23,1,3,0.7011,0.09,5811915,123994.4192,1561646
node2.tardis-apia.ldos-ut-pg0.wisc.cloudlab.us,tencentBlock_7299,lruforgive,0.1,124,23,1,1,0.6851,0.09,5811915,123994.4192,1561646
node2.tardis-apia.ldos-ut-pg0.wisc.cloudlab.us,tencentBlock_7299,lruforgive,0.1,124,23,1,2,0.6851,0.09,5811915,123994.4192,1561646
node2.tardis-apia.ldos-ut-pg0.wisc.cloudlab.us,tencentBlock_7299,lruforgive,0.1,124,23,1,3,0.6851,0.09,5811915,123994.4192,1561646
node2.tardis-apia.ldos-ut-pg0.wisc.cloudlab.us,tencentBlock_7299,s3fifo,0.1,124,23,1,1,0.6778,0.16,5811915,123994.4192,1561646
node2.tardis-apia.ldos-ut-pg0.wisc.cloudlab.us,tencentBlock_7299,s3fifo,0.1,124,23,1,2,0.6778,0.15,5811915,123994.4192,1561646
node2.tardis-apia.ldos-ut-pg0.wisc.cloudlab.us,tencentBlock_7299,s3fifo,0.1,124,23,1,3,0.6778,0.15,5811915,123994.4192,1561646
node2.tardis-apia.ldos-ut-pg0.wisc.cloudlab.us,tencentBlock_7299,s3fifoforgive,0.1,124,23,1,1,0.6757,0.14,5811915,123994.4192,1561646
node2.tardis-apia.ldos-ut-pg0.wisc.cloudlab.us,tencentBlock_7299,s3fifoforgive,0.1,124,23,1,2,0.6757,0.14,5811915,123994.4192,1561646
node2.tardis-apia.ldos-ut-pg0.wisc.cloudlab.us,tencentBlock_7299,s3fifoforgive,0.1,124,23,1,3,0.6757,0.15,5811915,123994.4192,1561646
node2.tardis-apia.ldos-ut-pg0.wisc.cloudlab.us,tencentBlock_7315,lru,10,5394,27,1,1,0.0362,1.13,149044976,53936.7424,2728045
node2.tardis-apia.ldos-ut-pg0.wisc.cloudlab.us,tencentBlock_7315,lru,10,5394,27,1,2,0.0362,1.10,149044976,53936.7424,2728045
node2.tardis-apia.ldos-ut-pg0.wisc.cloudlab.us,tencentBlock_7315,lru,10,5394,27,1,3,0.0362,1.12,149044976,53936.7424,2728045
node2.tardis-apia.ldos-ut-pg0.wisc.cloudlab.us,tencentBlock_7315,lruforgive,10,5394,27,1,1,0.0362,0.38,149044976,53936.7424,2728045
node2.tardis-apia.ldos-ut-pg0.wisc.cloudlab.us,tencentBlock_7315,lruforgive,10,5394,27,1,2,0.0362,0.38,149044976,53936.7424,2728045
node2.tardis-apia.ldos-ut-pg0.wisc.cloudlab.us,tencentBlock_7315,lruforgive,10,5394,27,1,3,0.0362,0.38,149044976,53936.7424,2728045
node2.tardis-apia.ldos-ut-pg0.wisc.cloudlab.us,tencentBlock_7315,s3fifo,10,5394,27,1,1,0.0391,1.20,149044976,53936.7424,2728045
node2.tardis-apia.ldos-ut-pg0.wisc.cloudlab.us,tencentBlock_7315,s3fifo,10,5394,27,1,2,0.0391,1.20,149044976,53936.7424,2728045
node2.tardis-apia.ldos-ut-pg0.wisc.cloudlab.us,tencentBlock_7315,s3fifo,10,5394,27,1,3,0.0391,1.19,149044976,53936.7424,2728045
node2.tardis-apia.ldos-ut-pg0.wisc.cloudlab.us,tencentBlock_7315,s3fifoforgive,10,5394,27,1,1,0.0391,0.40,149044976,53936.7424,2728045
node2.tardis-apia.ldos-ut-pg0.wisc.cloudlab.us,tencentBlock_7315,s3fifoforgive,10,5394,27,1,2,0.0391,0.40,149044976,53936.7424,2728045
node2.tardis-apia.ldos-ut-pg0.wisc.cloudlab.us,tencentBlock_7315,s3fifoforgive,10,5394,27,1,3,0.0391,0.40,149044976,53936.7424,2728045
node2.tardis-apia.ldos-ut-pg0.wisc.cloudlab.us,tencentBlock_7315,lru,0.1,54,22,1,1,0.7393,0.44,149044976,53936.7424,2728045
node2.tardis-apia.ldos-ut-pg0.wisc.cloudlab.us,tencentBlock_7315,lru,0.1,54,22,1,2,0.7393,0.44,149044976,53936.7424,2728045
node2.tardis-apia.ldos-ut-pg0.wisc.cloudlab.us,tencentBlock_7315,lru,0.1,54,22,1,3,0.7393,0.44,149044976,53936.7424,2728045
node2.tardis-apia.ldos-ut-pg0.wisc.cloudlab.us,tencentBlock_7315,lruforgive,0.1,54,22,1,1,0.6544,0.33,149044976,53936.7424,2728045
node2.tardis-apia.ldos-ut-pg0.wisc.cloudlab.us,tencentBlock_7315,lruforgive,0.1,54,22,1,2,0.6544,0.34,149044976,53936.7424,2728045
node2.tardis-apia.ldos-ut-pg0.wisc.cloudlab.us,tencentBlock_7315,lruforgive,0.1,54,22,1,3,0.6544,0.33,149044976,53936.7424,2728045
node2.tardis-apia.ldos-ut-pg0.wisc.cloudlab.us,tencentBlock_7315,s3fifo,0.1,54,22,1,1,0.6001,0.73,149044976,53936.7424,2728045
node2.tardis-apia.ldos-ut-pg0.wisc.cloudlab.us,tencentBlock_7315,s3fifo,0.1,54,22,1,2,0.6001,0.73,149044976,53936.7424,2728045
node2.tardis-apia.ldos-ut-pg0.wisc.cloudlab.us,tencentBlock_7315,s3fifo,0.1,54,22,1,3,0.6001,0.73,149044976,53936.7424,2728045
node2.tardis-apia.ldos-ut-pg0.wisc.cloudlab.us,tencentBlock_7315,s3fifoforgive,0.1,54,22,1,1,0.5958,0.54,149044976,53936.7424,2728045
node2.tardis-apia.ldos-ut-pg0.wisc.cloudlab.us,tencentBlock_7315,s3fifoforgive,0.1,54,22,1,2,0.5958,0.53,149044976,53936.7424,2728045
node2.tardis-apia.ldos-ut-pg0.wisc.cloudlab.us,tencentBlock_7315,s3fifoforgive,0.1,54,22,1,3,0.5958,0.52,149044976,53936.7424,2728045
node2.tardis-apia.ldos-ut-pg0.wisc.cloudlab.us,tencentBlock_7378,lru,10,3446,27,1,1,0.2686,0.52,48753371,34461.9008,2810214
node2.tardis-apia.ldos-ut-pg0.wisc.cloudlab.us,tencentBlock_7378,lru,10,3446,27,1,2,0.2686,0.52,48753371,34461.9008,2810214
node2.tardis-apia.ldos-ut-pg0.wisc.cloudlab.us,tencentBlock_7378,lru,10,3446,27,1,3,0.2686,0.52,48753371,34461.9008,2810214
node2.tardis-apia.ldos-ut-pg0.wisc.cloudlab.us,tencentBlock_7378,lruforgive,10,3446,27,1,1,0.2670,0.27,48753371,34461.9008,2810214
node2.tardis-apia.ldos-ut-pg0.wisc.cloudlab.us,tencentBlock_7378,lruforgive,10,3446,27,1,2,0.2670,0.27,48753371,34461.9008,2810214
node2.tardis-apia.ldos-ut-pg0.wisc.cloudlab.us,tencentBlock_7378,lruforgive,10,3446,27,1,3,0.2670,0.27,48753371,34461.9008,2810214
node2.tardis-apia.ldos-ut-pg0.wisc.cloudlab.us,tencentBlock_7378,s3fifo,10,3446,27,1,1,0.2566,0.52,48753371,34461.9008,2810214
node2.tardis-apia.ldos-ut-pg0.wisc.cloudlab.us,tencentBlock_7378,s3fifo,10,3446,27,1,2,0.2566,0.52,48753371,34461.9008,2810214
node2.tardis-apia.ldos-ut-pg0.wisc.cloudlab.us,tencentBlock_7378,s3fifo,10,3446,27,1,3,0.2566,0.52,48753371,34461.9008,2810214
node2.tardis-apia.ldos-ut-pg0.wisc.cloudlab.us,tencentBlock_7378,s3fifoforgive,10,3446,27,1,1,0.2565,0.29,48753371,34461.9008,2810214
node2.tardis-apia.ldos-ut-pg0.wisc.cloudlab.us,tencentBlock_7378,s3fifoforgive,10,3446,27,1,2,0.2565,0.29,48753371,34461.9008,2810214
node2.tardis-apia.ldos-ut-pg0.wisc.cloudlab.us,tencentBlock_7378,s3fifoforgive,10,3446,27,1,3,0.2565,0.29,48753371,34461.9008,2810214
node2.tardis-apia.ldos-ut-pg0.wisc.cloudlab.us,tencentBlock_7378,lru,0.1,34,21,1,1,0.8367,1.44,48753371,34461.9008,2810214
node2.tardis-apia.ldos-ut-pg0.wisc.cloudlab.us,tencentBlock_7378,lru,0.1,34,21,1,2,0.8367,1.44,48753371,34461.9008,2810214
node2.tardis-apia.ldos-ut-pg0.wisc.cloudlab.us,tencentBlock_7378,lru,0.1,34,21,1,3,0.8367,1.43,48753371,34461.9008,2810214
node2.tardis-apia.ldos-ut-pg0.wisc.cloudlab.us,tencentBlock_7378,lruforgive,0.1,34,21,1,1,0.8266,0.91,48753371,34461.9008,2810214
node2.tardis-apia.ldos-ut-pg0.wisc.cloudlab.us,tencentBlock_7378,lruforgive,0.1,34,21,1,2,0.8266,0.90,48753371,34461.9008,2810214
node2.tardis-apia.ldos-ut-pg0.wisc.cloudlab.us,tencentBlock_7378,lruforgive,0.1,34,21,1,3,0.8266,0.90,48753371,34461.9008,2810214
node2.tardis-apia.ldos-ut-pg0.wisc.cloudlab.us,tencentBlock_7378,s3fifo,0.1,34,21,1,1,0.8539,1.74,48753371,34461.9008,2810214
node2.tardis-apia.ldos-ut-pg0.wisc.cloudlab.us,tencentBlock_7378,s3fifo,0.1,34,21,1,2,0.8539,1.71,48753371,34461.9008,2810214
node2.tardis-apia.ldos-ut-pg0.wisc.cloudlab.us,tencentBlock_7378,s3fifo,0.1,34,21,1,3,0.8539,1.72,48753371,34461.9008,2810214
node2.tardis-apia.ldos-ut-pg0.wisc.cloudlab.us,tencentBlock_7378,s3fifoforgive,0.1,34,21,1,1,0.8481,1.16,48753371,34461.9008,2810214
node2.tardis-apia.ldos-ut-pg0.wisc.cloudlab.us,tencentBlock_7378,s3fifoforgive,0.1,34,21,1,2,0.8481,1.20,48753371,34461.9008,2810214
node2.tardis-apia.ldos-ut-pg0.wisc.cloudlab.us,tencentBlock_7378,s3fifoforgive,0.1,34,21,1,3,0.8481,1.19,48753371,34461.9008,2810214
node2.tardis-apia.ldos-ut-pg0.wisc.cloudlab.us,tencentBlock_7449,lru,10,1801,27,1,1,0.1203,0.77,27674861,18010.9312,1210639
node2.tardis-apia.ldos-ut-pg0.wisc.cloudlab.us,tencentBlock_7449,lru,10,1801,27,1,2,0.1203,0.78,27674861,18010.9312,1210639
node2.tardis-apia.ldos-ut-pg0.wisc.cloudlab.us,tencentBlock_7449,lru,10,1801,27,1,3,0.1203,0.75,27674861,18010.9312,1210639
node2.tardis-apia.ldos-ut-pg0.wisc.cloudlab.us,tencentBlock_7449,lruforgive,10,1801,27,1,1,0.1201,0.34,27674861,18010.9312,1210639
node2.tardis-apia.ldos-ut-pg0.wisc.cloudlab.us,tencentBlock_7449,lruforgive,10,1801,27,1,2,0.1201,0.34,27674861,18010.9312,1210639
node2.tardis-apia.ldos-ut-pg0.wisc.cloudlab.us,tencentBlock_7449,lruforgive,10,1801,27,1,3,0.1201,0.34,27674861,18010.9312,1210639
node2.tardis-apia.ldos-ut-pg0.wisc.cloudlab.us,tencentBlock_7449,s3fifo,10,1801,27,1,1,0.1345,0.81,27674861,18010.9312,1210639
node2.tardis-apia.ldos-ut-pg0.wisc.cloudlab.us,tencentBlock_7449,s3fifo,10,1801,27,1,2,0.1345,0.82,27674861,18010.9312,1210639
node2.tardis-apia.ldos-ut-pg0.wisc.cloudlab.us,tencentBlock_7449,s3fifo,10,1801,27,1,3,0.1345,0.81,27674861,18010.9312,1210639
node2.tardis-apia.ldos-ut-pg0.wisc.cloudlab.us,tencentBlock_7449,s3fifoforgive,10,1801,27,1,1,0.1345,0.36,27674861,18010.9312,1210639
node2.tardis-apia.ldos-ut-pg0.wisc.cloudlab.us,tencentBlock_7449,s3fifoforgive,10,1801,27,1,2,0.1345,0.37,27674861,18010.9312,1210639
node2.tardis-apia.ldos-ut-pg0.wisc.cloudlab.us,tencentBlock_7449,s3fifoforgive,10,1801,27,1,3,0.1345,0.36,27674861,18010.9312,1210639
node2.tardis-apia.ldos-ut-pg0.wisc.cloudlab.us,tencentBlock_7449,lru,0.1,18,20,1,1,0.8462,1.99,27674861,18010.9312,1210639
node2.tardis-apia.ldos-ut-pg0.wisc.cloudlab.us,tencentBlock_7449,lru,0.1,18,20,1,2,0.8462,1.97,27674861,18010.9312,1210639
node2.tardis-apia.ldos-ut-pg0.wisc.cloudlab.us,tencentBlock_7449,lru,0.1,18,20,1,3,0.8462,1.97,27674861,18010.9312,1210639
node2.tardis-apia.ldos-ut-pg0.wisc.cloudlab.us,tencentBlock_7449,lruforgive,0.1,18,20,1,1,0.8220,1.04,27674861,18010.9312,1210639
node2.tardis-apia.ldos-ut-pg0.wisc.cloudlab.us,tencentBlock_7449,lruforgive,0.1,18,20,1,2,0.8220,1.03,27674861,18010.9312,1210639
node2.tardis-apia.ldos-ut-pg0.wisc.cloudlab.us,tencentBlock_7449,lruforgive,0.1,18,20,1,3,0.8220,1.04,27674861,18010.9312,1210639
node2.tardis-apia.ldos-ut-pg0.wisc.cloudlab.us,tencentBlock_7449,s3fifo,0.1,18,20,1,1,0.8060,2.01,27674861,18010.9312,1210639
node2.tardis-apia.ldos-ut-pg0.wisc.cloudlab.us,tencentBlock_7449,s3fifo,0.1,18,20,1,2,0.8060,2.00,27674861,18010.9312,1210639
node2.tardis-apia.ldos-ut-pg0.wisc.cloudlab.us,tencentBlock_7449,s3fifo,0.1,18,20,1,3,0.8060,1.95,27674861,18010.9312,1210639
node2.tardis-apia.ldos-ut-pg0.wisc.cloudlab.us,tencentBlock_7449,s3fifoforgive,0.1,18,20,1,1,0.7995,1.35,27674861,18010.9312,1210639
node2.tardis-apia.ldos-ut-pg0.wisc.cloudlab.us,tencentBlock_7449,s3fifoforgive,0.1,18,20,1,2,0.7995,1.32,27674861,18010.9312,1210639
node2.tardis-apia.ldos-ut-pg0.wisc.cloudlab.us,tencentBlock_7449,s3fifoforgive,0.1,18,20,1,3,0.7995,1.35,27674861,18010.9312,1210639
node2.tardis-apia.ldos-ut-pg0.wisc.cloudlab.us,tencentBlock_7510,lru,10,1912,27,1,1,0.3756,0.42,11850907,19119.8208,1306486
node2.tardis-apia.ldos-ut-pg0.wisc.cloudlab.us,tencentBlock_7510,lru,10,1912,27,1,2,0.3756,0.41,11850907,19119.8208,1306486
node2.tardis-apia.ldos-ut-pg0.wisc.cloudlab.us,tencentBlock_7510,lru,10,1912,27,1,3,0.3756,0.41,11850907,19119.8208,1306486
node2.tardis-apia.ldos-ut-pg0.wisc.cloudlab.us,tencentBlock_7510,lruforgive,10,1912,27,1,1,0.3713,0.27,11850907,19119.8208,1306486
node2.tardis-apia.ldos-ut-pg0.wisc.cloudlab.us,tencentBlock_7510,lruforgive,10,1912,27,1,2,0.3713,0.27,11850907,19119.8208,1306486
node2.tardis-apia.ldos-ut-pg0.wisc.cloudlab.us,tencentBlock_7510,lruforgive,10,1912,27,1,3,0.3713,0.27,11850907,19119.8208,1306486
node2.tardis-apia.ldos-ut-pg0.wisc.cloudlab.us,tencentBlock_7510,s3fifo,10,1912,27,1,1,0.3534,0.44,11850907,19119.8208,1306486
node2.tardis-apia.ldos-ut-pg0.wisc.cloudlab.us,tencentBlock_7510,s3fifo,10,1912,27,1,2,0.3534,0.43,11850907,19119.8208,1306486
node2.tardis-apia.ldos-ut-pg0.wisc.cloudlab.us,tencentBlock_7510,s3fifo,10,1912,27,1,3,0.3534,0.44,11850907,19119.8208,1306486
node2.tardis-apia.ldos-ut-pg0.wisc.cloudlab.us,tencentBlock_7510,s3fifoforgive,10,1912,27,1,1,0.3530,0.29,11850907,19119.8208,1306486
node2.tardis-apia.ldos-ut-pg0.wisc.cloudlab.us,tencentBlock_7510,s3fifoforgive,10,1912,27,1,2,0.3530,0.29,11850907,19119.8208,1306486
node2.tardis-apia.ldos-ut-pg0.wisc.cloudlab.us,tencentBlock_7510,s3fifoforgive,10,1912,27,1,3,0.3530,0.30,11850907,19119.8208,1306486
node2.tardis-apia.ldos-ut-pg0.wisc.cloudlab.us,tencentBlock_7510,lru,0.1,19,20,1,1,0.8563,1.77,11850907,19119.8208,1306486
node2.tardis-apia.ldos-ut-pg0.wisc.cloudlab.us,tencentBlock_7510,lru,0.1,19,20,1,2,0.8563,1.76,11850907,19119.8208,1306486
node2.tardis-apia.ldos-ut-pg0.wisc.cloudlab.us,tencentBlock_7510,lru,0.1,19,20,1,3,0.8563,1.78,11850907,19119.8208,1306486
node2.tardis-apia.ldos-ut-pg0.wisc.cloudlab.us,tencentBlock_7510,lruforgive,0.1,19,20,1,1,0.8460,1.00,11850907,19119.8208,1306486
node2.tardis-apia.ldos-ut-pg0.wisc.cloudlab.us,tencentBlock_7510,lruforgive,0.1,19,20,1,2,0.8460,1.00,11850907,19119.8208,1306486
node2.tardis-apia.ldos-ut-pg0.wisc.cloudlab.us,tencentBlock_7510,lruforgive,0.1,19,20,1,3,0.8460,0.99,11850907,19119.8208,1306486
node2.tardis-apia.ldos-ut-pg0.wisc.cloudlab.us,tencentBlock_7510,s3fifo,0.1,19,20,1,1,0.8736,1.79,11850907,19119.8208,1306486
node2.tardis-apia.ldos-ut-pg0.wisc.cloudlab.us,tencentBlock_7510,s3fifo,0.1,19,20,1,2,0.8736,1.76,11850907,19119.8208,1306486
node2.tardis-apia.ldos-ut-pg0.wisc.cloudlab.us,tencentBlock_7510,s3fifo,0.1,19,20,1,3,0.8736,1.77,11850907,19119.8208,1306486
node2.tardis-apia.ldos-ut-pg0.wisc.cloudlab.us,tencentBlock_7510,s3fifoforgive,0.1,19,20,1,1,0.8691,1.33,11850907,19119.8208,1306486
node2.tardis-apia.ldos-ut-pg0.wisc.cloudlab.us,tencentBlock_7510,s3fifoforgive,0.1,19,20,1,2,0.8691,1.32,11850907,19119.8208,1306486
node2.tardis-apia.ldos-ut-pg0.wisc.cloudlab.us,tencentBlock_7510,s3fifoforgive,0.1,19,20,1,3,0.8691,1.33,11850907,19119.8208,1306486
node2.tardis-apia.ldos-ut-pg0.wisc.cloudlab.us,tencentBlock_7568,lru,10,3721,27,1,1,0.2621,0.53,60637390,37212.7744,2986055
node2.tardis-apia.ldos-ut-pg0.wisc.cloudlab.us,tencentBlock_7568,lru,10,3721,27,1,2,0.2621,0.54,60637390,37212.7744,2986055
node2.tardis-apia.ldos-ut-pg0.wisc.cloudlab.us,tencentBlock_7568,lru,10,3721,27,1,3,0.2621,0.54,60637390,37212.7744,2986055
node2.tardis-apia.ldos-ut-pg0.wisc.cloudlab.us,tencentBlock_7568,lruforgive,10,3721,27,1,1,0.2611,0.28,60637390,37212.7744,2986055
node2.tardis-apia.ldos-ut-pg0.wisc.cloudlab.us,tencentBlock_7568,lruforgive,10,3721,27,1,2,0.2611,0.28,60637390,37212.7744,2986055
node2.tardis-apia.ldos-ut-pg0.wisc.cloudlab.us,tencentBlock_7568,lruforgive,10,3721,27,1,3,0.2611,0.27,60637390,37212.7744,2986055
node2.tardis-apia.ldos-ut-pg0.wisc.cloudlab.us,tencentBlock_7568,s3fifo,10,3721,27,1,1,0.2598,0.54,60637390,37212.7744,2986055
node2.tardis-apia.ldos-ut-pg0.wisc.cloudlab.us,tencentBlock_7568,s3fifo,10,3721,27,1,2,0.2598,0.55,60637390,37212.7744,2986055
node2.tardis-apia.ldos-ut-pg0.wisc.cloudlab.us,tencentBlock_7568,s3fifo,10,3721,27,1,3,0.2598,0.55,60637390,37212.7744,2986055
node2.tardis-apia.ldos-ut-pg0.wisc.cloudlab.us,tencentBlock_7568,s3fifoforgive,10,3721,27,1,1,0.2592,0.30,60637390,37212.7744,2986055
node2.tardis-apia.ldos-ut-pg0.wisc.cloudlab.us,tencentBlock_7568,s3fifoforgive,10,3721,27,1,2,0.2592,0.30,60637390,37212.7744,2986055
node2.tardis-apia.ldos-ut-pg0.wisc.cloudlab.us,tencentBlock_7568,s3fifoforgive,10,3721,27,1,3,0.2592,0.30,60637390,37212.7744,2986055
node2.tardis-apia.ldos-ut-pg0.wisc.cloudlab.us,tencentBlock_7568,lru,0.1,37,21,1,1,0.8360,1.31,60637390,37212.7744,2986055
node2.tardis-apia.ldos-ut-pg0.wisc.cloudlab.us,tencentBlock_7568,lru,0.1,37,21,1,2,0.8360,1.31,60637390,37212.7744,2986055
node2.tardis-apia.ldos-ut-pg0.wisc.cloudlab.us,tencentBlock_7568,lru,0.1,37,21,1,3,0.8360,1.30,60637390,37212.7744,2986055
node2.tardis-apia.ldos-ut-pg0.wisc.cloudlab.us,tencentBlock_7568,lruforgive,0.1,37,21,1,1,0.8191,0.84,60637390,37212.7744,2986055
node2.tardis-apia.ldos-ut-pg0.wisc.cloudlab.us,tencentBlock_7568,lruforgive,0.1,37,21,1,2,0.8191,0.84,60637390,37212.7744,2986055
node2.tardis-apia.ldos-ut-pg0.wisc.cloudlab.us,tencentBlock_7568,lruforgive,0.1,37,21,1,3,0.8191,0.84,60637390,37212.7744,2986055
node2.tardis-apia.ldos-ut-pg0.wisc.cloudlab.us,tencentBlock_7568,s3fifo,0.1,37,21,1,1,0.8289,1.70,60637390,37212.7744,2986055
node2.tardis-apia.ldos-ut-pg0.wisc.cloudlab.us,tencentBlock_7568,s3fifo,0.1,37,21,1,2,0.8289,1.71,60637390,37212.7744,2986055
node2.tardis-apia.ldos-ut-pg0.wisc.cloudlab.us,tencentBlock_7568,s3fifo,0.1,37,21,1,3,0.8289,1.71,60637390,37212.7744,2986055
node2.tardis-apia.ldos-ut-pg0.wisc.cloudlab.us,tencentBlock_7568,s3fifoforgive,0.1,37,21,1,1,0.8246,1.13,60637390,37212.7744,2986055
node2.tardis-apia.ldos-ut-pg0.wisc.cloudlab.us,tencentBlock_7568,s3fifoforgive,0.1,37,21,1,2,0.8246,1.14,60637390,37212.7744,2986055
node2.tardis-apia.ldos-ut-pg0.wisc.cloudlab.us,tencentBlock_7568,s3fifoforgive,0.1,37,21,1,3,0.8246,1.15,60637390,37212.7744,2986055
node2.tardis-apia.ldos-ut-pg0.wisc.cloudlab.us,tencentBlock_7584,lru,10,11104,27,1,1,0.5659,0.27,19508753,111042.4576,3808906
node2.tardis-apia.ldos-ut-pg0.wisc.cloudlab.us,tencentBlock_7584,lru,10,11104,27,1,2,0.5659,0.26,19508753,111042.4576,3808906
node2.tardis-apia.ldos-ut-pg0.wisc.cloudlab.us,tencentBlock_7584,lru,10,11104,27,1,3,0.5659,0.27,19508753,111042.4576,3808906
node2.tardis-apia.ldos-ut-pg0.wisc.cloudlab.us,tencentBlock_7584,lruforgive,10,11104,27,1,1,0.5652,0.22,19508753,111042.4576,3808906
node2.tardis-apia.ldos-ut-pg0.wisc.cloudlab.us,tencentBlock_7584,lruforgive,10,11104,27,1,2,0.5652,0.21,19508753,111042.4576,3808906
node2.tardis-apia.ldos-ut-pg0.wisc.cloudlab.us,tencentBlock_7584,lruforgive,10,11104,27,1,3,0.5652,0.21,19508753,111042.4576,3808906
node2.tardis-apia.ldos-ut-pg0.wisc.cloudlab.us,tencentBlock_7584,s3fifo,10,11104,27,1,1,0.5658,0.27,19508753,111042.4576,3808906
node2.tardis-apia.ldos-ut-pg0.wisc.cloudlab.us,tencentBlock_7584,s3fifo,10,11104,27,1,2,0.5658,0.28,19508753,111042.4576,3808906
node2.tardis-apia.ldos-ut-pg0.wisc.cloudlab.us,tencentBlock_7584,s3fifo,10,11104,27,1,3,0.5658,0.27,19508753,111042.4576,3808906
node2.tardis-apia.ldos-ut-pg0.wisc.cloudlab.us,tencentBlock_7584,s3fifoforgive,10,11104,27,1,1,0.5658,0.23,19508753,111042.4576,3808906
node2.tardis-apia.ldos-ut-pg0.wisc.cloudlab.us,tencentBlock_7584,s3fifoforgive,10,11104,27,1,2,0.5658,0.23,19508753,111042.4576,3808906
node2.tardis-apia.ldos-ut-pg0.wisc.cloudlab.us,tencentBlock_7584,s3fifoforgive,10,11104,27,1,3,0.5658,0.23,19508753,111042.4576,3808906
node2.tardis-apia.ldos-ut-pg0.wisc.cloudlab.us,tencentBlock_7584,lru,0.1,111,23,1,1,0.8503,0.37,19508753,111042.4576,3808906
node2.tardis-apia.ldos-ut-pg0.wisc.cloudlab.us,tencentBlock_7584,lru,0.1,111,23,1,2,0.8503,0.37,19508753,111042.4576,3808906
node2.tardis-apia.ldos-ut-pg0.wisc.cloudlab.us,tencentBlock_7584,lru,0.1,111,23,1,3,0.8503,0.37,19508753,111042.4576,3808906
node2.tardis-apia.ldos-ut-pg0.wisc.cloudlab.us,tencentBlock_7584,lruforgive,0.1,111,23,1,1,0.8380,0.33,19508753,111042.4576,3808906
node2.tardis-apia.ldos-ut-pg0.wisc.cloudlab.us,tencentBlock_7584,lruforgive,0.1,111,23,1,2,0.8380,0.33,19508753,111042.4576,3808906
node2.tardis-apia.ldos-ut-pg0.wisc.cloudlab.us,tencentBlock_7584,lruforgive,0.1,111,23,1,3,0.8380,0.33,19508753,111042.4576,3808906
node2.tardis-apia.ldos-ut-pg0.wisc.cloudlab.us,tencentBlock_7584,s3fifo,0.1,111,23,1,1,0.8370,0.66,19508753,111042.4576,3808906
node2.tardis-apia.ldos-ut-pg0.wisc.cloudlab.us,tencentBlock_7584,s3fifo,0.1,111,23,1,2,0.8370,0.68,19508753,111042.4576,3808906
node2.tardis-apia.ldos-ut-pg0.wisc.cloudlab.us,tencentBlock_7584,s3fifo,0.1,111,23,1,3,0.8370,0.68,19508753,111042.4576,3808906
node2.tardis-apia.ldos-ut-pg0.wisc.cloudlab.us,tencentBlock_7584,s3fifoforgive,0.1,111,23,1,1,0.8354,0.55,19508753,111042.4576,3808906
node2.tardis-apia.ldos-ut-pg0.wisc.cloudlab.us,tencentBlock_7584,s3fifoforgive,0.1,111,23,1,2,0.8354,0.55,19508753,111042.4576,3808906
node2.tardis-apia.ldos-ut-pg0.wisc.cloudlab.us,tencentBlock_7584,s3fifoforgive,0.1,111,23,1,3,0.8354,0.54,19508753,111042.4576,3808906
node2.tardis-apia.ldos-ut-pg0.wisc.cloudlab.us,tencentBlock_7696,lru,10,1934,27,1,1,0.0634,0.99,40196996,19336.4992,1180334
node2.tardis-apia.ldos-ut-pg0.wisc.cloudlab.us,tencentBlock_7696,lru,10,1934,27,1,2,0.0634,1.02,40196996,19336.4992,1180334
node2.tardis-apia.ldos-ut-pg0.wisc.cloudlab.us,tencentBlock_7696,lru,10,1934,27,1,3,0.0634,1.02,40196996,19336.4992,1180334
node2.tardis-apia.ldos-ut-pg0.wisc.cloudlab.us,tencentBlock_7696,lruforgive,10,1934,27,1,1,0.0630,0.44,40196996,19336.4992,1180334
node2.tardis-apia.ldos-ut-pg0.wisc.cloudlab.us,tencentBlock_7696,lruforgive,10,1934,27,1,2,0.0630,0.44,40196996,19336.4992,1180334
node2.tardis-apia.ldos-ut-pg0.wisc.cloudlab.us,tencentBlock_7696,lruforgive,10,1934,27,1,3,0.0630,0.44,40196996,19336.4992,1180334
node2.tardis-apia.ldos-ut-pg0.wisc.cloudlab.us,tencentBlock_7696,s3fifo,10,1934,27,1,1,0.0590,1.23,40196996,19336.4992,1180334
node2.tardis-apia.ldos-ut-pg0.wisc.cloudlab.us,tencentBlock_7696,s3fifo,10,1934,27,1,2,0.0590,1.24,40196996,19336.4992,1180334
node2.tardis-apia.ldos-ut-pg0.wisc.cloudlab.us,tencentBlock_7696,s3fifo,10,1934,27,1,3,0.0590,1.23,40196996,19336.4992,1180334
node2.tardis-apia.ldos-ut-pg0.wisc.cloudlab.us,tencentBlock_7696,s3fifoforgive,10,1934,27,1,1,0.0590,0.48,40196996,19336.4992,1180334
node2.tardis-apia.ldos-ut-pg0.wisc.cloudlab.us,tencentBlock_7696,s3fifoforgive,10,1934,27,1,2,0.0590,0.49,40196996,19336.4992,1180334
node2.tardis-apia.ldos-ut-pg0.wisc.cloudlab.us,tencentBlock_7696,s3fifoforgive,10,1934,27,1,3,0.0590,0.49,40196996,19336.4992,1180334
node2.tardis-apia.ldos-ut-pg0.wisc.cloudlab.us,tencentBlock_7696,lru,0.1,19,20,1,1,0.8241,2.32,40196996,19336.4992,1180334
node2.tardis-apia.ldos-ut-pg0.wisc.cloudlab.us,tencentBlock_7696,lru,0.1,19,20,1,2,0.8241,2.31,40196996,19336.4992,1180334
node2.tardis-apia.ldos-ut-pg0.wisc.cloudlab.us,tencentBlock_7696,lru,0.1,19,20,1,3,0.8241,2.31,40196996,19336.4992,1180334
node2.tardis-apia.ldos-ut-pg0.wisc.cloudlab.us,tencentBlock_7696,lruforgive,0.1,19,20,1,1,0.7803,1.05,40196996,19336.4992,1180334
node2.tardis-apia.ldos-ut-pg0.wisc.cloudlab.us,tencentBlock_7696,lruforgive,0.1,19,20,1,2,0.7803,1.05,40196996,19336.4992,1180334
node2.tardis-apia.ldos-ut-pg0.wisc.cloudlab.us,tencentBlock_7696,lruforgive,0.1,19,20,1,3,0.7803,1.03,40196996,19336.4992,1180334
node2.tardis-apia.ldos-ut-pg0.wisc.cloudlab.us,tencentBlock_7696,s3fifo,0.1,19,20,1,1,0.7160,2.41,40196996,19336.4992,1180334
node2.tardis-apia.ldos-ut-pg0.wisc.cloudlab.us,tencentBlock_7696,s3fifo,0.1,19,20,1,2,0.7160,2.47,40196996,19336.4992,1180334
node2.tardis-apia.ldos-ut-pg0.wisc.cloudlab.us,tencentBlock_7696,s3fifo,0.1,19,20,1,3,0.7160,2.45,40196996,19336.4992,1180334
node2.tardis-apia.ldos-ut-pg0.wisc.cloudlab.us,tencentBlock_7696,s3fifoforgive,0.1,19,20,1,1,0.7229,1.54,40196996,19336.4992,1180334
node2.tardis-apia.ldos-ut-pg0.wisc.cloudlab.us,tencentBlock_7696,s3fifoforgive,0.1,19,20,1,2,0.7229,1.54,40196996,19336.4992,1180334
node2.tardis-apia.ldos-ut-pg0.wisc.cloudlab.us,tencentBlock_7696,s3fifoforgive,0.1,19,20,1,3,0.7229,1.53,40196996,19336.4992,1180334
node2.tardis-apia.ldos-ut-pg0.wisc.cloudlab.us,tencentBlock_7709,lru,10,60860,27,1,1,0.1991,0.13,36405598,608603.136,6475196
node2.tardis-apia.ldos-ut-pg0.wisc.cloudlab.us,tencentBlock_7709,lru,10,60860,27,1,2,0.1991,0.12,36405598,608603.136,6475196
node2.tardis-apia.ldos-ut-pg0.wisc.cloudlab.us,tencentBlock_7709,lru,10,60860,27,1,3,0.1991,0.13,36405598,608603.136,6475196
node2.tardis-apia.ldos-ut-pg0.wisc.cloudlab.us,tencentBlock_7709,lruforgive,10,60860,27,1,1,0.1991,0.12,36405598,608603.136,6475196
node2.tardis-apia.ldos-ut-pg0.wisc.cloudlab.us,tencentBlock_7709,lruforgive,10,60860,27,1,2,0.1991,0.12,36405598,608603.136,6475196
node2.tardis-apia.ldos-ut-pg0.wisc.cloudlab.us,tencentBlock_7709,lruforgive,10,60860,27,1,3,0.1991,0.12,36405598,608603.136,6475196
node2.tardis-apia.ldos-ut-pg0.wisc.cloudlab.us,tencentBlock_7709,s3fifo,10,60860,27,1,1,0.1998,0.14,36405598,608603.136,6475196
node2.tardis-apia.ldos-ut-pg0.wisc.cloudlab.us,tencentBlock_7709,s3fifo,10,60860,27,1,2,0.1998,0.14,36405598,608603.136,6475196
node2.tardis-apia.ldos-ut-pg0.wisc.cloudlab.us,tencentBlock_7709,s3fifo,10,60860,27,1,3,0.1998,0.14,36405598,608603.136,6475196
node2.tardis-apia.ldos-ut-pg0.wisc.cloudlab.us,tencentBlock_7709,s3fifoforgive,10,60860,27,1,1,0.1998,0.13,36405598,608603.136,6475196
node2.tardis-apia.ldos-ut-pg0.wisc.cloudlab.us,tencentBlock_7709,s3fifoforgive,10,60860,27,1,2,0.1998,0.13,36405598,608603.136,6475196
node2.tardis-apia.ldos-ut-pg0.wisc.cloudlab.us,tencentBlock_7709,s3fifoforgive,10,60860,27,1,3,0.1998,0.13,36405598,608603.136,6475196
node2.tardis-apia.ldos-ut-pg0.wisc.cloudlab.us,tencentBlock_7709,lru,0.1,609,25,1,1,0.2131,0.15,36405598,608603.136,6475196
node2.tardis-apia.ldos-ut-pg0.wisc.cloudlab.us,tencentBlock_7709,lru,0.1,609,25,1,2,0.2131,0.15,36405598,608603.136,6475196
node2.tardis-apia.ldos-ut-pg0.wisc.cloudlab.us,tencentBlock_7709,lru,0.1,609,25,1,3,0.2131,0.15,36405598,608603.136,6475196
node2.tardis-apia.ldos-ut-pg0.wisc.cloudlab.us,tencentBlock_7709,lruforgive,0.1,609,25,1,1,0.2130,0.14,36405598,608603.136,6475196
node2.tardis-apia.ldos-ut-pg0.wisc.cloudlab.us,tencentBlock_7709,lruforgive,0.1,609,25,1,2,0.2130,0.14,36405598,608603.136,6475196
node2.tardis-apia.ldos-ut-pg0.wisc.cloudlab.us,tencentBlock_7709,lruforgive,0.1,609,25,1,3,0.2130,0.14,36405598,608603.136,6475196
node2.tardis-apia.ldos-ut-pg0.wisc.cloudlab.us,tencentBlock_7709,s3fifo,0.1,609,25,1,1,0.2160,0.16,36405598,608603.136,6475196
node2.tardis-apia.ldos-ut-pg0.wisc.cloudlab.us,tencentBlock_7709,s3fifo,0.1,609,25,1,2,0.2160,0.16,36405598,608603.136,6475196
node2.tardis-apia.ldos-ut-pg0.wisc.cloudlab.us,tencentBlock_7709,s3fifo,0.1,609,25,1,3,0.2160,0.15,36405598,608603.136,6475196
node2.tardis-apia.ldos-ut-pg0.wisc.cloudlab.us,tencentBlock_7709,s3fifoforgive,0.1,609,25,1,1,0.2159,0.14,36405598,608603.136,6475196
node2.tardis-apia.ldos-ut-pg0.wisc.cloudlab.us,tencentBlock_7709,s3fifoforgive,0.1,609,25,1,2,0.2159,0.14,36405598,608603.136,6475196
node2.tardis-apia.ldos-ut-pg0.wisc.cloudlab.us,tencentBlock_7709,s3fifoforgive,0.1,609,25,1,3,0.2159,0.14,36405598,608603.136,6475196
node2.tardis-apia.ldos-ut-pg0.wisc.cloudlab.us,tencentBlock_7732,lru,10,1633,27,1,1,0.2013,0.67,10575627,16331.8784,1507961
node2.tardis-apia.ldos-ut-pg0.wisc.cloudlab.us,tencentBlock_7732,lru,10,1633,27,1,2,0.2013,0.65,10575627,16331.8784,1507961
node2.tardis-apia.ldos-ut-pg0.wisc.cloudlab.us,tencentBlock_7732,lru,10,1633,27,1,3,0.2013,0.64,10575627,16331.8784,1507961
node2.tardis-apia.ldos-ut-pg0.wisc.cloudlab.us,tencentBlock_7732,lruforgive,10,1633,27,1,1,0.2008,0.36,10575627,16331.8784,1507961
node2.tardis-apia.ldos-ut-pg0.wisc.cloudlab.us,tencentBlock_7732,lruforgive,10,1633,27,1,2,0.2008,0.36,10575627,16331.8784,1507961
node2.tardis-apia.ldos-ut-pg0.wisc.cloudlab.us,tencentBlock_7732,lruforgive,10,1633,27,1,3,0.2008,0.36,10575627,16331.8784,1507961
node2.tardis-apia.ldos-ut-pg0.wisc.cloudlab.us,tencentBlock_7732,s3fifo,10,1633,27,1,1,0.2105,0.72,10575627,16331.8784,1507961
node2.tardis-apia.ldos-ut-pg0.wisc.cloudlab.us,tencentBlock_7732,s3fifo,10,1633,27,1,2,0.2105,0.73,10575627,16331.8784,1507961
node2.tardis-apia.ldos-ut-pg0.wisc.cloudlab.us,tencentBlock_7732,s3fifo,10,1633,27,1,3,0.2105,0.73,10575627,16331.8784,1507961
node2.tardis-apia.ldos-ut-pg0.wisc.cloudlab.us,tencentBlock_7732,s3fifoforgive,10,1633,27,1,1,0.2105,0.40,10575627,16331.8784,1507961
node2.tardis-apia.ldos-ut-pg0.wisc.cloudlab.us,tencentBlock_7732,s3fifoforgive,10,1633,27,1,2,0.2105,0.41,10575627,16331.8784,1507961
node2.tardis-apia.ldos-ut-pg0.wisc.cloudlab.us,tencentBlock_7732,s3fifoforgive,10,1633,27,1,3,0.2105,0.39,10575627,16331.8784,1507961
node2.tardis-apia.ldos-ut-pg0.wisc.cloudlab.us,tencentBlock_7732,lru,0.1,16,20,1,1,0.6566,2.03,10575627,16331.8784,1507961
node2.tardis-apia.ldos-ut-pg0.wisc.cloudlab.us,tencentBlock_7732,lru,0.1,16,20,1,2,0.6566,2.05,10575627,16331.8784,1507961
node2.tardis-apia.ldos-ut-pg0.wisc.cloudlab.us,tencentBlock_7732,lru,0.1,16,20,1,3,0.6566,2.07,10575627,16331.8784,1507961
node2.tardis-apia.ldos-ut-pg0.wisc.cloudlab.us,tencentBlock_7732,lruforgive,0.1,16,20,1,1,0.5921,0.47,10575627,16331.8784,1507961
node2.tardis-apia.ldos-ut-pg0.wisc.cloudlab.us,tencentBlock_7732,lruforgive,0.1,16,20,1,2,0.5921,0.47,10575627,16331.8784,1507961
node2.tardis-apia.ldos-ut-pg0.wisc.cloudlab.us,tencentBlock_7732,lruforgive,0.1,16,20,1,3,0.5921,0.47,10575627,16331.8784,1507961
node2.tardis-apia.ldos-ut-pg0.wisc.cloudlab.us,tencentBlock_7732,s3fifo,0.1,16,20,1,1,0.5744,2.17,10575627,16331.8784,1507961
node2.tardis-apia.ldos-ut-pg0.wisc.cloudlab.us,tencentBlock_7732,s3fifo,0.1,16,20,1,2,0.5744,2.14,10575627,16331.8784,1507961
node2.tardis-apia.ldos-ut-pg0.wisc.cloudlab.us,tencentBlock_7732,s3fifo,0.1,16,20,1,3,0.5744,2.13,10575627,16331.8784,1507961
node2.tardis-apia.ldos-ut-pg0.wisc.cloudlab.us,tencentBlock_7732,s3fifoforgive,0.1,16,20,1,1,0.5569,0.95,10575627,16331.8784,1507961
node2.tardis-apia.ldos-ut-pg0.wisc.cloudlab.us,tencentBlock_7732,s3fifoforgive,0.1,16,20,1,2,0.5569,0.96,10575627,16331.8784,1507961
node2.tardis-apia.ldos-ut-pg0.wisc.cloudlab.us,tencentBlock_7732,s3fifoforgive,0.1,16,20,1,3,0.5569,0.94,10575627,16331.8784,1507961
node2.tardis-apia.ldos-ut-pg0.wisc.cloudlab.us,tencentBlock_8039,lru,10,3425,27,1,1,0.2668,0.53,49865813,34250.752,2921718
node2.tardis-apia.ldos-ut-pg0.wisc.cloudlab.us,tencentBlock_8039,lru,10,3425,27,1,2,0.2668,0.53,49865813,34250.752,2921718
node2.tardis-apia.ldos-ut-pg0.wisc.cloudlab.us,tencentBlock_8039,lru,10,3425,27,1,3,0.2668,0.53,49865813,34250.752,2921718
node2.tardis-apia.ldos-ut-pg0.wisc.cloudlab.us,tencentBlock_8039,lruforgive,10,3425,27,1,1,0.2657,0.27,49865813,34250.752,2921718
node2.tardis-apia.ldos-ut-pg0.wisc.cloudlab.us,tencentBlock_8039,lruforgive,10,3425,27,1,2,0.2657,0.27,49865813,34250.752,2921718
node2.tardis-apia.ldos-ut-pg0.wisc.cloudlab.us,tencentBlock_8039,lruforgive,10,3425,27,1,3,0.2657,0.27,49865813,34250.752,2921718
node2.tardis-apia.ldos-ut-pg0.wisc.cloudlab.us,tencentBlock_8039,s3fifo,10,3425,27,1,1,0.2580,0.54,49865813,34250.752,2921718
node2.tardis-apia.ldos-ut-pg0.wisc.cloudlab.us,tencentBlock_8039,s3fifo,10,3425,27,1,2,0.2580,0.51,49865813,34250.752,2921718
node2.tardis-apia.ldos-ut-pg0.wisc.cloudlab.us,tencentBlock_8039,s3fifo,10,3425,27,1,3,0.2580,0.51,49865813,34250.752,2921718
node2.tardis-apia.ldos-ut-pg0.wisc.cloudlab.us,tencentBlock_8039,s3fifoforgive,10,3425,27,1,1,0.2579,0.28,49865813,34250.752,2921718
node2.tardis-apia.ldos-ut-pg0.wisc.cloudlab.us,tencentBlock_8039,s3fifoforgive,10,3425,27,1,2,0.2579,0.28,49865813,34250.752,2921718
node2.tardis-apia.ldos-ut-pg0.wisc.cloudlab.us,tencentBlock_8039,s3fifoforgive,10,3425,27,1,3,0.2579,0.28,49865813,34250.752,2921718
node2.tardis-apia.ldos-ut-pg0.wisc.cloudlab.us,tencentBlock_8039,lru,0.1,34,21,1,1,0.7793,1.22,49865813,34250.752,2921718
node2.tardis-apia.ldos-ut-pg0.wisc.cloudlab.us,tencentBlock_8039,lru,0.1,34,21,1,2,0.7793,1.21,49865813,34250.752,2921718
node2.tardis-apia.ldos-ut-pg0.wisc.cloudlab.us,tencentBlock_8039,lru,0.1,34,21,1,3,0.7793,1.20,49865813,34250.752,2921718
node2.tardis-apia.ldos-ut-pg0.wisc.cloudlab.us,tencentBlock_8039,lruforgive,0.1,34,21,1,1,0.7695,0.65,49865813,34250.752,2921718
node2.tardis-apia.ldos-ut-pg0.wisc.cloudlab.us,tencentBlock_8039,lruforgive,0.1,34,21,1,2,0.7695,0.66,49865813,34250.752,2921718
node2.tardis-apia.ldos-ut-pg0.wisc.cloudlab.us,tencentBlock_8039,lruforgive,0.1,34,21,1,3,0.7695,0.67,49865813,34250.752,2921718
node2.tardis-apia.ldos-ut-pg0.wisc.cloudlab.us,tencentBlock_8039,s3fifo,0.1,34,21,1,1,0.7997,1.28,49865813,34250.752,2921718
node2.tardis-apia.ldos-ut-pg0.wisc.cloudlab.us,tencentBlock_8039,s3fifo,0.1,34,21,1,2,0.7997,1.27,49865813,34250.752,2921718
node2.tardis-apia.ldos-ut-pg0.wisc.cloudlab.us,tencentBlock_8039,s3fifo,0.1,34,21,1,3,0.7997,1.26,49865813,34250.752,2921718
node2.tardis-apia.ldos-ut-pg0.wisc.cloudlab.us,tencentBlock_8039,s3fifoforgive,0.1,34,21,1,1,0.7944,0.92,49865813,34250.752,2921718
node2.tardis-apia.ldos-ut-pg0.wisc.cloudlab.us,tencentBlock_8039,s3fifoforgive,0.1,34,21,1,2,0.7944,0.91,49865813,34250.752,2921718
node2.tardis-apia.ldos-ut-pg0.wisc.cloudlab.us,tencentBlock_8039,s3fifoforgive,0.1,34,21,1,3,0.7944,0.92,49865813,34250.752,2921718
node2.tardis-apia.ldos-ut-pg0.wisc.cloudlab.us,tencentBlock_8043,lru,10,29456,27,1,1,0.1110,0.10,43149881,294564.2496,1007103
node2.tardis-apia.ldos-ut-pg0.wisc.cloudlab.us,tencentBlock_8043,lru,10,29456,27,1,2,0.1110,0.10,43149881,294564.2496,1007103
node2.tardis-apia.ldos-ut-pg0.wisc.cloudlab.us,tencentBlock_8043,lru,10,29456,27,1,3,0.1110,0.10,43149881,294564.2496,1007103
node2.tardis-apia.ldos-ut-pg0.wisc.cloudlab.us,tencentBlock_8043,lruforgive,10,29456,27,1,1,0.1110,0.09,43149881,294564.2496,1007103
node2.tardis-apia.ldos-ut-pg0.wisc.cloudlab.us,tencentBlock_8043,lruforgive,10,29456,27,1,2,0.1110,0.09,43149881,294564.2496,1007103
node2.tardis-apia.ldos-ut-pg0.wisc.cloudlab.us,tencentBlock_8043,lruforgive,10,29456,27,1,3,0.1110,0.09,43149881,294564.2496,1007103
node2.tardis-apia.ldos-ut-pg0.wisc.cloudlab.us,tencentBlock_8043,s3fifo,10,29456,27,1,1,0.1063,0.11,43149881,294564.2496,1007103
node2.tardis-apia.ldos-ut-pg0.wisc.cloudlab.us,tencentBlock_8043,s3fifo,10,29456,27,1,2,0.1063,0.11,43149881,294564.2496,1007103
node2.tardis-apia.ldos-ut-pg0.wisc.cloudlab.us,tencentBlock_8043,s3fifo,10,29456,27,1,3,0.1063,0.11,43149881,294564.2496,1007103
node2.tardis-apia.ldos-ut-pg0.wisc.cloudlab.us,tencentBlock_8043,s3fifoforgive,10,29456,27,1,1,0.1063,0.09,43149881,294564.2496,1007103
node2.tardis-apia.ldos-ut-pg0.wisc.cloudlab.us,tencentBlock_8043,s3fifoforgive,10,29456,27,1,2,0.1063,0.09,43149881,294564.2496,1007103
node2.tardis-apia.ldos-ut-pg0.wisc.cloudlab.us,tencentBlock_8043,s3fifoforgive,10,29456,27,1,3,0.1063,0.09,43149881,294564.2496,1007103
node2.tardis-apia.ldos-ut-pg0.wisc.cloudlab.us,tencentBlock_8043,lru,0.1,295,24,1,1,0.5918,0.03,43149881,294564.2496,1007103
node2.tardis-apia.ldos-ut-pg0.wisc.cloudlab.us,tencentBlock_8043,lru,0.1,295,24,1,2,0.5918,0.03,43149881,294564.2496,1007103
node2.tardis-apia.ldos-ut-pg0.wisc.cloudlab.us,tencentBlock_8043,lru,0.1,295,24,1,3,0.5918,0.03,43149881,294564.2496,1007103
node2.tardis-apia.ldos-ut-pg0.wisc.cloudlab.us,tencentBlock_8043,lruforgive,0.1,295,24,1,1,0.4953,0.04,43149881,294564.2496,1007103
node2.tardis-apia.ldos-ut-pg0.wisc.cloudlab.us,tencentBlock_8043,lruforgive,0.1,295,24,1,2,0.4958,0.04,43149881,294564.2496,1007103
node2.tardis-apia.ldos-ut-pg0.wisc.cloudlab.us,tencentBlock_8043,lruforgive,0.1,295,24,1,3,0.4945,0.04,43149881,294564.2496,1007103
node2.tardis-apia.ldos-ut-pg0.wisc.cloudlab.us,tencentBlock_8043,s3fifo,0.1,295,24,1,1,0.4107,0.10,43149881,294564.2496,1007103
node2.tardis-apia.ldos-ut-pg0.wisc.cloudlab.us,tencentBlock_8043,s3fifo,0.1,295,24,1,2,0.4107,0.09,43149881,294564.2496,1007103
node2.tardis-apia.ldos-ut-pg0.wisc.cloudlab.us,tencentBlock_8043,s3fifo,0.1,295,24,1,3,0.4112,0.10,43149881,294564.2496,1007103
node2.tardis-apia.ldos-ut-pg0.wisc.cloudlab.us,tencentBlock_8043,s3fifoforgive,0.1,295,24,1,1,0.4096,0.09,43149881,294564.2496,1007103
node2.tardis-apia.ldos-ut-pg0.wisc.cloudlab.us,tencentBlock_8043,s3fifoforgive,0.1,295,24,1,2,0.4088,0.08,43149881,294564.2496,1007103
node2.tardis-apia.ldos-ut-pg0.wisc.cloudlab.us,tencentBlock_8043,s3fifoforgive,0.1,295,24,1,3,0.4088,0.09,43149881,294564.2496,1007103
node2.tardis-apia.ldos-ut-pg0.wisc.cloudlab.us,tencentBlock_8077,lru,10,91501,27,1,1,0.4437,0.07,33364583,915011.584,7202553
node2.tardis-apia.ldos-ut-pg0.wisc.cloudlab.us,tencentBlock_8077,lru,10,91501,27,1,2,0.4437,0.07,33364583,915011.584,7202553
node2.tardis-apia.ldos-ut-pg0.wisc.cloudlab.us,tencentBlock_8077,lru,10,91501,27,1,3,0.4437,0.07,33364583,915011.584,7202553
node2.tardis-apia.ldos-ut-pg0.wisc.cloudlab.us,tencentBlock_8077,lruforgive,10,91501,27,1,1,0.4435,0.06,33364583,915011.584,7202553
node2.tardis-apia.ldos-ut-pg0.wisc.cloudlab.us,tencentBlock_8077,lruforgive,10,91501,27,1,2,0.4435,0.06,33364583,915011.584,7202553
node2.tardis-apia.ldos-ut-pg0.wisc.cloudlab.us,tencentBlock_8077,lruforgive,10,91501,27,1,3,0.4435,0.06,33364583,915011.584,7202553
node2.tardis-apia.ldos-ut-pg0.wisc.cloudlab.us,tencentBlock_8077,s3fifo,10,91501,27,1,1,0.4374,0.07,33364583,915011.584,7202553
node2.tardis-apia.ldos-ut-pg0.wisc.cloudlab.us,tencentBlock_8077,s3fifo,10,91501,27,1,2,0.4374,0.07,33364583,915011.584,7202553
node2.tardis-apia.ldos-ut-pg0.wisc.cloudlab.us,tencentBlock_8077,s3fifo,10,91501,27,1,3,0.4374,0.07,33364583,915011.584,7202553
node2.tardis-apia.ldos-ut-pg0.wisc.cloudlab.us,tencentBlock_8077,s3fifoforgive,10,91501,27,1,1,0.4374,0.06,33364583,915011.584,7202553
node2.tardis-apia.ldos-ut-pg0.wisc.cloudlab.us,tencentBlock_8077,s3fifoforgive,10,91501,27,1,2,0.4374,0.06,33364583,915011.584,7202553
node2.tardis-apia.ldos-ut-pg0.wisc.cloudlab.us,tencentBlock_8077,s3fifoforgive,10,91501,27,1,3,0.4374,0.06,33364583,915011.584,7202553
node2.tardis-apia.ldos-ut-pg0.wisc.cloudlab.us,tencentBlock_8077,lru,0.1,915,26,1,1,0.6903,0.12,33364583,915011.584,7202553
node2.tardis-apia.ldos-ut-pg0.wisc.cloudlab.us,tencentBlock_8077,lru,0.1,915,26,1,2,0.6903,0.12,33364583,915011.584,7202553
node2.tardis-apia.ldos-ut-pg0.wisc.cloudlab.us,tencentBlock_8077,lru,0.1,915,26,1,3,0.6903,0.12,33364583,915011.584,7202553
node2.tardis-apia.ldos-ut-pg0.wisc.cloudlab.us,tencentBlock_8077,lruforgive,0.1,915,26,1,1,0.6521,0.11,33364583,915011.584,7202553
node2.tardis-apia.ldos-ut-pg0.wisc.cloudlab.us,tencentBlock_8077,lruforgive,0.1,915,26,1,2,0.6521,0.11,33364583,915011.584,7202553
node2.tardis-apia.ldos-ut-pg0.wisc.cloudlab.us,tencentBlock_8077,lruforgive,0.1,915,26,1,3,0.6521,0.11,33364583,915011.584,7202553
node2.tardis-apia.ldos-ut-pg0.wisc.cloudlab.us,tencentBlock_8077,s3fifo,0.1,915,26,1,1,0.6228,0.15,33364583,915011.584,7202553
node2.tardis-apia.ldos-ut-pg0.wisc.cloudlab.us,tencentBlock_8077,s3fifo,0.1,915,26,1,2,0.6228,0.15,33364583,915011.584,7202553
node2.tardis-apia.ldos-ut-pg0.wisc.cloudlab.us,tencentBlock_8077,s3fifo,0.1,915,26,1,3,0.6228,0.15,33364583,915011.584,7202553
node2.tardis-apia.ldos-ut-pg0.wisc.cloudlab.us,tencentBlock_8077,s3fifoforgive,0.1,915,26,1,1,0.6227,0.14,33364583,915011.584,7202553
node2.tardis-apia.ldos-ut-pg0.wisc.cloudlab.us,tencentBlock_8077,s3fifoforgive,0.1,915,26,1,2,0.6227,0.14,33364583,915011.584,7202553
node2.tardis-apia.ldos-ut-pg0.wisc.cloudlab.us,tencentBlock_8077,s3fifoforgive,0.1,915,26,1,3,0.6227,0.14,33364583,915011.584,7202553
node2.tardis-apia.ldos-ut-pg0.wisc.cloudlab.us,tencentBlock_8152,lru,10,1756,27,1,1,0.1926,0.70,12842705,17555.968,1563663
node2.tardis-apia.ldos-ut-pg0.wisc.cloudlab.us,tencentBlock_8152,lru,10,1756,27,1,2,0.1926,0.71,12842705,17555.968,1563663
node2.tardis-apia.ldos-ut-pg0.wisc.cloudlab.us,tencentBlock_8152,lru,10,1756,27,1,3,0.1926,0.70,12842705,17555.968,1563663
node2.tardis-apia.ldos-ut-pg0.wisc.cloudlab.us,tencentBlock_8152,lruforgive,10,1756,27,1,1,0.1926,0.39,12842705,17555.968,1563663
node2.tardis-apia.ldos-ut-pg0.wisc.cloudlab.us,tencentBlock_8152,lruforgive,10,1756,27,1,2,0.1925,0.39,12842705,17555.968,1563663
node2.tardis-apia.ldos-ut-pg0.wisc.cloudlab.us,tencentBlock_8152,lruforgive,10,1756,27,1,3,0.1926,0.39,12842705,17555.968,1563663
node2.tardis-apia.ldos-ut-pg0.wisc.cloudlab.us,tencentBlock_8152,s3fifo,10,1756,27,1,1,0.2106,0.76,12842705,17555.968,1563663
node2.tardis-apia.ldos-ut-pg0.wisc.cloudlab.us,tencentBlock_8152,s3fifo,10,1756,27,1,2,0.2106,0.75,12842705,17555.968,1563663
node2.tardis-apia.ldos-ut-pg0.wisc.cloudlab.us,tencentBlock_8152,s3fifo,10,1756,27,1,3,0.2106,0.77,12842705,17555.968,1563663
node2.tardis-apia.ldos-ut-pg0.wisc.cloudlab.us,tencentBlock_8152,s3fifoforgive,10,1756,27,1,1,0.2105,0.44,12842705,17555.968,1563663
node2.tardis-apia.ldos-ut-pg0.wisc.cloudlab.us,tencentBlock_8152,s3fifoforgive,10,1756,27,1,2,0.2105,0.43,12842705,17555.968,1563663
node2.tardis-apia.ldos-ut-pg0.wisc.cloudlab.us,tencentBlock_8152,s3fifoforgive,10,1756,27,1,3,0.2105,0.43,12842705,17555.968,1563663
node2.tardis-apia.ldos-ut-pg0.wisc.cloudlab.us,tencentBlock_8152,lru,0.1,18,20,1,1,0.5293,2.07,12842705,17555.968,1563663
node2.tardis-apia.ldos-ut-pg0.wisc.cloudlab.us,tencentBlock_8152,lru,0.1,18,20,1,2,0.5293,2.02,12842705,17555.968,1563663
node2.tardis-apia.ldos-ut-pg0.wisc.cloudlab.us,tencentBlock_8152,lru,0.1,18,20,1,3,0.5293,2.03,12842705,17555.968,1563663
node2.tardis-apia.ldos-ut-pg0.wisc.cloudlab.us,tencentBlock_8152,lruforgive,0.1,18,20,1,1,0.4603,0.61,12842705,17555.968,1563663
node2.tardis-apia.ldos-ut-pg0.wisc.cloudlab.us,tencentBlock_8152,lruforgive,0.1,18,20,1,2,0.4603,0.60,12842705,17555.968,1563663
node2.tardis-apia.ldos-ut-pg0.wisc.cloudlab.us,tencentBlock_8152,lruforgive,0.1,18,20,1,3,0.4603,0.61,12842705,17555.968,1563663
node2.tardis-apia.ldos-ut-pg0.wisc.cloudlab.us,tencentBlock_8152,s3fifo,0.1,18,20,1,1,0.4535,2.18,12842705,17555.968,1563663
node2.tardis-apia.ldos-ut-pg0.wisc.cloudlab.us,tencentBlock_8152,s3fifo,0.1,18,20,1,2,0.4535,2.19,12842705,17555.968,1563663
node2.tardis-apia.ldos-ut-pg0.wisc.cloudlab.us,tencentBlock_8152,s3fifo,0.1,18,20,1,3,0.4535,2.16,12842705,17555.968,1563663
node2.tardis-apia.ldos-ut-pg0.wisc.cloudlab.us,tencentBlock_8152,s3fifoforgive,0.1,18,20,1,1,0.4480,1.01,12842705,17555.968,1563663
node2.tardis-apia.ldos-ut-pg0.wisc.cloudlab.us,tencentBlock_8152,s3fifoforgive,0.1,18,20,1,2,0.4480,1.01,12842705,17555.968,1563663
node2.tardis-apia.ldos-ut-pg0.wisc.cloudlab.us,tencentBlock_8152,s3fifoforgive,0.1,18,20,1,3,0.4480,1.02,12842705,17555.968,1563663
node2.tardis-apia.ldos-ut-pg0.wisc.cloudlab.us,tencentBlock_8169,lru,10,13970,27,1,1,0.9967,0.08,3045356,139700.3264,2235273
node2.tardis-apia.ldos-ut-pg0.wisc.cloudlab.us,tencentBlock_8169,lru,10,13970,27,1,2,0.9967,0.08,3045356,139700.3264,2235273
node2.tardis-apia.ldos-ut-pg0.wisc.cloudlab.us,tencentBlock_8169,lru,10,13970,27,1,3,0.9967,0.08,3045356,139700.3264,2235273
node2.tardis-apia.ldos-ut-pg0.wisc.cloudlab.us,tencentBlock_8169,lruforgive,10,13970,27,1,1,0.9967,0.09,3045356,139700.3264,2235273
node2.tardis-apia.ldos-ut-pg0.wisc.cloudlab.us,tencentBlock_8169,lruforgive,10,13970,27,1,2,0.9967,0.09,3045356,139700.3264,2235273
node2.tardis-apia.ldos-ut-pg0.wisc.cloudlab.us,tencentBlock_8169,lruforgive,10,13970,27,1,3,0.9967,0.09,3045356,139700.3264,2235273
node2.tardis-apia.ldos-ut-pg0.wisc.cloudlab.us,tencentBlock_8169,s3fifo,10,13970,27,1,1,0.9949,0.08,3045356,139700.3264,2235273
node2.tardis-apia.ldos-ut-pg0.wisc.cloudlab.us,tencentBlock_8169,s3fifo,10,13970,27,1,2,0.9949,0.08,3045356,139700.3264,2235273
node2.tardis-apia.ldos-ut-pg0.wisc.cloudlab.us,tencentBlock_8169,s3fifo,10,13970,27,1,3,0.9949,0.08,3045356,139700.3264,2235273
node2.tardis-apia.ldos-ut-pg0.wisc.cloudlab.us,tencentBlock_8169,s3fifoforgive,10,13970,27,1,1,0.9949,0.09,3045356,139700.3264,2235273
node2.tardis-apia.ldos-ut-pg0.wisc.cloudlab.us,tencentBlock_8169,s3fifoforgive,10,13970,27,1,2,0.9949,0.09,3045356,139700.3264,2235273
node2.tardis-apia.ldos-ut-pg0.wisc.cloudlab.us,tencentBlock_8169,s3fifoforgive,10,13970,27,1,3,0.9949,0.09,3045356,139700.3264,2235273
node2.tardis-apia.ldos-ut-pg0.wisc.cloudlab.us,tencentBlock_8169,lru,0.1,140,23,1,1,1.0000,0.13,3045356,139700.3264,2235273
node2.tardis-apia.ldos-ut-pg0.wisc.cloudlab.us,tencentBlock_8169,lru,0.1,140,23,1,2,1.0000,0.12,3045356,139700.3264,2235273
node2.tardis-apia.ldos-ut-pg0.wisc.cloudlab.us,tencentBlock_8169,lru,0.1,140,23,1,3,1.0000,0.12,3045356,139700.3264,2235273
node2.tardis-apia.ldos-ut-pg0.wisc.cloudlab.us,tencentBlock_8169,lruforgive,0.1,140,23,1,1,1.0000,0.12,3045356,139700.3264,2235273
node2.tardis-apia.ldos-ut-pg0.wisc.cloudlab.us,tencentBlock_8169,lruforgive,0.1,140,23,1,2,1.0000,0.13,3045356,139700.3264,2235273
node2.tardis-apia.ldos-ut-pg0.wisc.cloudlab.us,tencentBlock_8169,lruforgive,0.1,140,23,1,3,1.0000,0.13,3045356,139700.3264,2235273
node2.tardis-apia.ldos-ut-pg0.wisc.cloudlab.us,tencentBlock_8169,s3fifo,0.1,140,23,1,1,0.9999,0.12,3045356,139700.3264,2235273
node2.tardis-apia.ldos-ut-pg0.wisc.cloudlab.us,tencentBlock_8169,s3fifo,0.1,140,23,1,2,0.9999,0.13,3045356,139700.3264,2235273
node2.tardis-apia.ldos-ut-pg0.wisc.cloudlab.us,tencentBlock_8169,s3fifo,0.1,140,23,1,3,0.9999,0.12,3045356,139700.3264,2235273
node2.tardis-apia.ldos-ut-pg0.wisc.cloudlab.us,tencentBlock_8169,s3fifoforgive,0.1,140,23,1,1,0.9999,0.13,3045356,139700.3264,2235273
node2.tardis-apia.ldos-ut-pg0.wisc.cloudlab.us,tencentBlock_8169,s3fifoforgive,0.1,140,23,1,2,0.9999,0.13,3045356,139700.3264,2235273
node2.tardis-apia.ldos-ut-pg0.wisc.cloudlab.us,tencentBlock_8169,s3fifoforgive,0.1,140,23,1,3,0.9999,0.13,3045356,139700.3264,2235273
node2.tardis-apia.ldos-ut-pg0.wisc.cloudlab.us,tencentBlock_8229,lru,10,2329,27,1,1,0.2858,0.42,14014080,23288.4224,1263969
node2.tardis-apia.ldos-ut-pg0.wisc.cloudlab.us,tencentBlock_8229,lru,10,2329,27,1,2,0.2858,0.42,14014080,23288.4224,1263969
node2.tardis-apia.ldos-ut-pg0.wisc.cloudlab.us,tencentBlock_8229,lru,10,2329,27,1,3,0.2858,0.42,14014080,23288.4224,1263969
node2.tardis-apia.ldos-ut-pg0.wisc.cloudlab.us,tencentBlock_8229,lruforgive,10,2329,27,1,1,0.2856,0.27,14014080,23288.4224,1263969
node2.tardis-apia.ldos-ut-pg0.wisc.cloudlab.us,tencentBlock_8229,lruforgive,10,2329,27,1,2,0.2855,0.27,14014080,23288.4224,1263969
node2.tardis-apia.ldos-ut-pg0.wisc.cloudlab.us,tencentBlock_8229,lruforgive,10,2329,27,1,3,0.2854,0.27,14014080,23288.4224,1263969
node2.tardis-apia.ldos-ut-pg0.wisc.cloudlab.us,tencentBlock_8229,s3fifo,10,2329,27,1,1,0.2870,0.45,14014080,23288.4224,1263969
node2.tardis-apia.ldos-ut-pg0.wisc.cloudlab.us,tencentBlock_8229,s3fifo,10,2329,27,1,2,0.2870,0.45,14014080,23288.4224,1263969
node2.tardis-apia.ldos-ut-pg0.wisc.cloudlab.us,tencentBlock_8229,s3fifo,10,2329,27,1,3,0.2870,0.45,14014080,23288.4224,1263969
node2.tardis-apia.ldos-ut-pg0.wisc.cloudlab.us,tencentBlock_8229,s3fifoforgive,10,2329,27,1,1,0.2869,0.30,14014080,23288.4224,1263969
node2.tardis-apia.ldos-ut-pg0.wisc.cloudlab.us,tencentBlock_8229,s3fifoforgive,10,2329,27,1,2,0.2869,0.30,14014080,23288.4224,1263969
node2.tardis-apia.ldos-ut-pg0.wisc.cloudlab.us,tencentBlock_8229,s3fifoforgive,10,2329,27,1,3,0.2869,0.30,14014080,23288.4224,1263969
node2.tardis-apia.ldos-ut-pg0.wisc.cloudlab.us,tencentBlock_8229,lru,0.1,23,21,1,1,0.7788,1.60,14014080,23288.4224,1263969
node2.tardis-apia.ldos-ut-pg0.wisc.cloudlab.us,tencentBlock_8229,lru,0.1,23,21,1,2,0.7788,1.60,14014080,23288.4224,1263969
node2.tardis-apia.ldos-ut-pg0.wisc.cloudlab.us,tencentBlock_8229,lru,0.1,23,21,1,3,0.7788,1.59,14014080,23288.4224,1263969
node2.tardis-apia.ldos-ut-pg0.wisc.cloudlab.us,tencentBlock_8229,lruforgive,0.1,23,21,1,1,0.7546,0.89,14014080,23288.4224,1263969
node2.tardis-apia.ldos-ut-pg0.wisc.cloudlab.us,tencentBlock_8229,lruforgive,0.1,23,21,1,2,0.7546,0.88,14014080,23288.4224,1263969
node2.tardis-apia.ldos-ut-pg0.wisc.cloudlab.us,tencentBlock_8229,lruforgive,0.1,23,21,1,3,0.7546,0.88,14014080,23288.4224,1263969
node2.tardis-apia.ldos-ut-pg0.wisc.cloudlab.us,tencentBlock_8229,s3fifo,0.1,23,21,1,1,0.7413,1.72,14014080,23288.4224,1263969
node2.tardis-apia.ldos-ut-pg0.wisc.cloudlab.us,tencentBlock_8229,s3fifo,0.1,23,21,1,2,0.7413,1.70,14014080,23288.4224,1263969
node2.tardis-apia.ldos-ut-pg0.wisc.cloudlab.us,tencentBlock_8229,s3fifo,0.1,23,21,1,3,0.7413,1.73,14014080,23288.4224,1263969
node2.tardis-apia.ldos-ut-pg0.wisc.cloudlab.us,tencentBlock_8229,s3fifoforgive,0.1,23,21,1,1,0.7375,1.17,14014080,23288.4224,1263969
node2.tardis-apia.ldos-ut-pg0.wisc.cloudlab.us,tencentBlock_8229,s3fifoforgive,0.1,23,21,1,2,0.7375,1.18,14014080,23288.4224,1263969
node2.tardis-apia.ldos-ut-pg0.wisc.cloudlab.us,tencentBlock_8229,s3fifoforgive,0.1,23,21,1,3,0.7375,1.17,14014080,23288.4224,1263969
node2.tardis-apia.ldos-ut-pg0.wisc.cloudlab.us,tencentBlock_8281,lru,10,5166,27,1,1,0.2045,0.47,17931184,51655.0656,3058804
node2.tardis-apia.ldos-ut-pg0.wisc.cloudlab.us,tencentBlock_8281,lru,10,5166,27,1,2,0.2045,0.47,17931184,51655.0656,3058804
node2.tardis-apia.ldos-ut-pg0.wisc.cloudlab.us,tencentBlock_8281,lru,10,5166,27,1,3,0.2045,0.47,17931184,51655.0656,3058804
node2.tardis-apia.ldos-ut-pg0.wisc.cloudlab.us,tencentBlock_8281,lruforgive,10,5166,27,1,1,0.2043,0.31,17931184,51655.0656,3058804
node2.tardis-apia.ldos-ut-pg0.wisc.cloudlab.us,tencentBlock_8281,lruforgive,10,5166,27,1,2,0.2043,0.31,17931184,51655.0656,3058804
node2.tardis-apia.ldos-ut-pg0.wisc.cloudlab.us,tencentBlock_8281,lruforgive,10,5166,27,1,3,0.2043,0.31,17931184,51655.0656,3058804
node2.tardis-apia.ldos-ut-pg0.wisc.cloudlab.us,tencentBlock_8281,s3fifo,10,5166,27,1,1,0.2031,0.50,17931184,51655.0656,3058804
node2.tardis-apia.ldos-ut-pg0.wisc.cloudlab.us,tencentBlock_8281,s3fifo,10,5166,27,1,2,0.2031,0.50,17931184,51655.0656,3058804
node2.tardis-apia.ldos-ut-pg0.wisc.cloudlab.us,tencentBlock_8281,s3fifo,10,5166,27,1,3,0.2031,0.50,17931184,51655.0656,3058804
node2.tardis-apia.ldos-ut-pg0.wisc.cloudlab.us,tencentBlock_8281,s3fifoforgive,10,5166,27,1,1,0.2031,0.33,17931184,51655.0656,3058804
node2.tardis-apia.ldos-ut-pg0.wisc.cloudlab.us,tencentBlock_8281,s3fifoforgive,10,5166,27,1,2,0.2031,0.33,17931184,51655.0656,3058804
node2.tardis-apia.ldos-ut-pg0.wisc.cloudlab.us,tencentBlock_8281,s3fifoforgive,10,5166,27,1,3,0.2031,0.33,17931184,51655.0656,3058804
node2.tardis-apia.ldos-ut-pg0.wisc.cloudlab.us,tencentBlock_8281,lru,0.1,52,22,1,1,0.4196,1.16,17931184,51655.0656,3058804
node2.tardis-apia.ldos-ut-pg0.wisc.cloudlab.us,tencentBlock_8281,lru,0.1,52,22,1,2,0.4196,1.17,17931184,51655.0656,3058804
node2.tardis-apia.ldos-ut-pg0.wisc.cloudlab.us,tencentBlock_8281,lru,0.1,52,22,1,3,0.4196,1.16,17931184,51655.0656,3058804
node2.tardis-apia.ldos-ut-pg0.wisc.cloudlab.us,tencentBlock_8281,lruforgive,0.1,52,22,1,1,0.4174,0.49,17931184,51655.0656,3058804
node2.tardis-apia.ldos-ut-pg0.wisc.cloudlab.us,tencentBlock_8281,lruforgive,0.1,52,22,1,2,0.4174,0.49,17931184,51655.0656,3058804
node2.tardis-apia.ldos-ut-pg0.wisc.cloudlab.us,tencentBlock_8281,lruforgive,0.1,52,22,1,3,0.4174,0.49,17931184,51655.0656,3058804
node2.tardis-apia.ldos-ut-pg0.wisc.cloudlab.us,tencentBlock_8281,s3fifo,0.1,52,22,1,1,0.3894,1.36,17931184,51655.0656,3058804
node2.tardis-apia.ldos-ut-pg0.wisc.cloudlab.us,tencentBlock_8281,s3fifo,0.1,52,22,1,2,0.3894,1.36,17931184,51655.0656,3058804
node2.tardis-apia.ldos-ut-pg0.wisc.cloudlab.us,tencentBlock_8281,s3fifo,0.1,52,22,1,3,0.3894,1.38,17931184,51655.0656,3058804
node2.tardis-apia.ldos-ut-pg0.wisc.cloudlab.us,tencentBlock_8281,s3fifoforgive,0.1,52,22,1,1,0.3873,0.70,17931184,51655.0656,3058804
node2.tardis-apia.ldos-ut-pg0.wisc.cloudlab.us,tencentBlock_8281,s3fifoforgive,0.1,52,22,1,2,0.3873,0.70,17931184,51655.0656,3058804
node2.tardis-apia.ldos-ut-pg0.wisc.cloudlab.us,tencentBlock_8281,s3fifoforgive,0.1,52,22,1,3,0.3873,0.71,17931184,51655.0656,3058804
node2.tardis-apia.ldos-ut-pg0.wisc.cloudlab.us,tencentBlock_8420,lru,10,5192,27,1,1,0.2796,0.38,49526845,51917.0048,2918549
node2.tardis-apia.ldos-ut-pg0.wisc.cloudlab.us,tencentBlock_8420,lru,10,5192,27,1,2,0.2796,0.38,49526845,51917.0048,2918549
node2.tardis-apia.ldos-ut-pg0.wisc.cloudlab.us,tencentBlock_8420,lru,10,5192,27,1,3,0.2796,0.38,49526845,51917.0048,2918549
node2.tardis-apia.ldos-ut-pg0.wisc.cloudlab.us,tencentBlock_8420,lruforgive,10,5192,27,1,1,0.2791,0.23,49526845,51917.0048,2918549
node2.tardis-apia.ldos-ut-pg0.wisc.cloudlab.us,tencentBlock_8420,lruforgive,10,5192,27,1,2,0.2791,0.22,49526845,51917.0048,2918549
node2.tardis-apia.ldos-ut-pg0.wisc.cloudlab.us,tencentBlock_8420,lruforgive,10,5192,27,1,3,0.2791,0.22,49526845,51917.0048,2918549
node2.tardis-apia.ldos-ut-pg0.wisc.cloudlab.us,tencentBlock_8420,s3fifo,10,5192,27,1,1,0.2856,0.37,49526845,51917.0048,2918549
node2.tardis-apia.ldos-ut-pg0.wisc.cloudlab.us,tencentBlock_8420,s3fifo,10,5192,27,1,2,0.2856,0.37,49526845,51917.0048,2918549
node2.tardis-apia.ldos-ut-pg0.wisc.cloudlab.us,tencentBlock_8420,s3fifo,10,5192,27,1,3,0.2856,0.37,49526845,51917.0048,2918549
node2.tardis-apia.ldos-ut-pg0.wisc.cloudlab.us,tencentBlock_8420,s3fifoforgive,10,5192,27,1,1,0.2852,0.24,49526845,51917.0048,2918549
node2.tardis-apia.ldos-ut-pg0.wisc.cloudlab.us,tencentBlock_8420,s3fifoforgive,10,5192,27,1,2,0.2852,0.24,49526845,51917.0048,2918549
node2.tardis-apia.ldos-ut-pg0.wisc.cloudlab.us,tencentBlock_8420,s3fifoforgive,10,5192,27,1,3,0.2852,0.24,49526845,51917.0048,2918549
node2.tardis-apia.ldos-ut-pg0.wisc.cloudlab.us,tencentBlock_8420,lru,0.1,52,22,1,1,0.7953,0.76,49526845,51917.0048,2918549
node2.tardis-apia.ldos-ut-pg0.wisc.cloudlab.us,tencentBlock_8420,lru,0.1,52,22,1,2,0.7953,0.75,49526845,51917.0048,2918549
node2.tardis-apia.ldos-ut-pg0.wisc.cloudlab.us,tencentBlock_8420,lru,0.1,52,22,1,3,0.7953,0.75,49526845,51917.0048,2918549
node2.tardis-apia.ldos-ut-pg0.wisc.cloudlab.us,tencentBlock_8420,lruforgive,0.1,52,22,1,1,0.7910,0.55,49526845,51917.0048,2918549
node2.tardis-apia.ldos-ut-pg0.wisc.cloudlab.us,tencentBlock_8420,lruforgive,0.1,52,22,1,2,0.7910,0.55,49526845,51917.0048,2918549
node2.tardis-apia.ldos-ut-pg0.wisc.cloudlab.us,tencentBlock_8420,lruforgive,0.1,52,22,1,3,0.7910,0.54,49526845,51917.0048,2918549
node2.tardis-apia.ldos-ut-pg0.wisc.cloudlab.us,tencentBlock_8420,s3fifo,0.1,52,22,1,1,0.8277,1.11,49526845,51917.0048,2918549
node2.tardis-apia.ldos-ut-pg0.wisc.cloudlab.us,tencentBlock_8420,s3fifo,0.1,52,22,1,2,0.8277,1.10,49526845,51917.0048,2918549
node2.tardis-apia.ldos-ut-pg0.wisc.cloudlab.us,tencentBlock_8420,s3fifo,0.1,52,22,1,3,0.8277,1.10,49526845,51917.0048,2918549
node2.tardis-apia.ldos-ut-pg0.wisc.cloudlab.us,tencentBlock_8420,s3fifoforgive,0.1,52,22,1,1,0.8225,0.77,49526845,51917.0048,2918549
node2.tardis-apia.ldos-ut-pg0.wisc.cloudlab.us,tencentBlock_8420,s3fifoforgive,0.1,52,22,1,2,0.8225,0.76,49526845,51917.0048,2918549
node2.tardis-apia.ldos-ut-pg0.wisc.cloudlab.us,tencentBlock_8420,s3fifoforgive,0.1,52,22,1,3,0.8225,0.75,49526845,51917.0048,2918549
node2.tardis-apia.ldos-ut-pg0.wisc.cloudlab.us,tencentBlock_8526,lru,10,3735,27,1,1,0.2179,0.48,159902972,37351.3216,2458295
node2.tardis-apia.ldos-ut-pg0.wisc.cloudlab.us,tencentBlock_8526,lru,10,3735,27,1,2,0.2179,0.48,159902972,37351.3216,2458295
node2.tardis-apia.ldos-ut-pg0.wisc.cloudlab.us,tencentBlock_8526,lru,10,3735,27,1,3,0.2179,0.48,159902972,37351.3216,2458295
node2.tardis-apia.ldos-ut-pg0.wisc.cloudlab.us,tencentBlock_8526,lruforgive,10,3735,27,1,1,0.2158,0.25,159902972,37351.3216,2458295
node2.tardis-apia.ldos-ut-pg0.wisc.cloudlab.us,tencentBlock_8526,lruforgive,10,3735,27,1,2,0.2158,0.25,159902972,37351.3216,2458295
node2.tardis-apia.ldos-ut-pg0.wisc.cloudlab.us,tencentBlock_8526,lruforgive,10,3735,27,1,3,0.2158,0.25,159902972,37351.3216,2458295
node2.tardis-apia.ldos-ut-pg0.wisc.cloudlab.us,tencentBlock_8526,s3fifo,10,3735,27,1,1,0.2119,0.55,159902972,37351.3216,2458295
node2.tardis-apia.ldos-ut-pg0.wisc.cloudlab.us,tencentBlock_8526,s3fifo,10,3735,27,1,2,0.2119,0.54,159902972,37351.3216,2458295
node2.tardis-apia.ldos-ut-pg0.wisc.cloudlab.us,tencentBlock_8526,s3fifo,10,3735,27,1,3,0.2119,0.54,159902972,37351.3216,2458295
node2.tardis-apia.ldos-ut-pg0.wisc.cloudlab.us,tencentBlock_8526,s3fifoforgive,10,3735,27,1,1,0.2116,0.28,159902972,37351.3216,2458295
node2.tardis-apia.ldos-ut-pg0.wisc.cloudlab.us,tencentBlock_8526,s3fifoforgive,10,3735,27,1,2,0.2116,0.27,159902972,37351.3216,2458295
node2.tardis-apia.ldos-ut-pg0.wisc.cloudlab.us,tencentBlock_8526,s3fifoforgive,10,3735,27,1,3,0.2116,0.28,159902972,37351.3216,2458295
node2.tardis-apia.ldos-ut-pg0.wisc.cloudlab.us,tencentBlock_8526,lru,0.1,37,21,1,1,0.9080,1.04,159902972,37351.3216,2458295
node2.tardis-apia.ldos-ut-pg0.wisc.cloudlab.us,tencentBlock_8526,lru,0.1,37,21,1,2,0.9080,1.05,159902972,37351.3216,2458295
node2.tardis-apia.ldos-ut-pg0.wisc.cloudlab.us,tencentBlock_8526,lru,0.1,37,21,1,3,0.9080,1.05,159902972,37351.3216,2458295
node2.tardis-apia.ldos-ut-pg0.wisc.cloudlab.us,tencentBlock_8526,lruforgive,0.1,37,21,1,1,0.8866,0.70,159902972,37351.3216,2458295
node2.tardis-apia.ldos-ut-pg0.wisc.cloudlab.us,tencentBlock_8526,lruforgive,0.1,37,21,1,2,0.8866,0.70,159902972,37351.3216,2458295
node2.tardis-apia.ldos-ut-pg0.wisc.cloudlab.us,tencentBlock_8526,lruforgive,0.1,37,21,1,3,0.8866,0.69,159902972,37351.3216,2458295
node2.tardis-apia.ldos-ut-pg0.wisc.cloudlab.us,tencentBlock_8526,s3fifo,0.1,37,21,1,1,0.8820,1.31,159902972,37351.3216,2458295
node2.tardis-apia.ldos-ut-pg0.wisc.cloudlab.us,tencentBlock_8526,s3fifo,0.1,37,21,1,2,0.8820,1.30,159902972,37351.3216,2458295
node2.tardis-apia.ldos-ut-pg0.wisc.cloudlab.us,tencentBlock_8526,s3fifo,0.1,37,21,1,3,0.8820,1.29,159902972,37351.3216,2458295
node2.tardis-apia.ldos-ut-pg0.wisc.cloudlab.us,tencentBlock_8526,s3fifoforgive,0.1,37,21,1,1,0.8794,0.96,159902972,37351.3216,2458295
node2.tardis-apia.ldos-ut-pg0.wisc.cloudlab.us,tencentBlock_8526,s3fifoforgive,0.1,37,21,1,2,0.8794,0.95,159902972,37351.3216,2458295
node2.tardis-apia.ldos-ut-pg0.wisc.cloudlab.us,tencentBlock_8526,s3fifoforgive,0.1,37,21,1,3,0.8794,0.96,159902972,37351.3216,2458295
node2.tardis-apia.ldos-ut-pg0.wisc.cloudlab.us,tencentBlock_8610,lru,10,1687,27,1,1,0.2524,0.57,188982397,16870.7072,1034413
node2.tardis-apia.ldos-ut-pg0.wisc.cloudlab.us,tencentBlock_8610,lru,10,1687,27,1,2,0.2524,0.56,188982397,16870.7072,1034413
node2.tardis-apia.ldos-ut-pg0.wisc.cloudlab.us,tencentBlock_8610,lru,10,1687,27,1,3,0.2524,0.57,188982397,16870.7072,1034413
node2.tardis-apia.ldos-ut-pg0.wisc.cloudlab.us,tencentBlock_8610,lruforgive,10,1687,27,1,1,0.2450,0.27,188982397,16870.7072,1034413
node2.tardis-apia.ldos-ut-pg0.wisc.cloudlab.us,tencentBlock_8610,lruforgive,10,1687,27,1,2,0.2450,0.27,188982397,16870.7072,1034413
node2.tardis-apia.ldos-ut-pg0.wisc.cloudlab.us,tencentBlock_8610,lruforgive,10,1687,27,1,3,0.2450,0.27,188982397,16870.7072,1034413
node2.tardis-apia.ldos-ut-pg0.wisc.cloudlab.us,tencentBlock_8610,s3fifo,10,1687,27,1,1,0.2117,0.68,188982397,16870.7072,1034413
node2.tardis-apia.ldos-ut-pg0.wisc.cloudlab.us,tencentBlock_8610,s3fifo,10,1687,27,1,2,0.2117,0.67,188982397,16870.7072,1034413
node2.tardis-apia.ldos-ut-pg0.wisc.cloudlab.us,tencentBlock_8610,s3fifo,10,1687,27,1,3,0.2117,0.67,188982397,16870.7072,1034413
node2.tardis-apia.ldos-ut-pg0.wisc.cloudlab.us,tencentBlock_8610,s3fifoforgive,10,1687,27,1,1,0.2114,0.31,188982397,16870.7072,1034413
node2.tardis-apia.ldos-ut-pg0.wisc.cloudlab.us,tencentBlock_8610,s3fifoforgive,10,1687,27,1,2,0.2114,0.31,188982397,16870.7072,1034413
node2.tardis-apia.ldos-ut-pg0.wisc.cloudlab.us,tencentBlock_8610,s3fifoforgive,10,1687,27,1,3,0.2114,0.31,188982397,16870.7072,1034413
node2.tardis-apia.ldos-ut-pg0.wisc.cloudlab.us,tencentBlock_8610,lru,0.1,17,20,1,1,0.9325,1.21,188982397,16870.7072,1034413
node2.tardis-apia.ldos-ut-pg0.wisc.cloudlab.us,tencentBlock_8610,lru,0.1,17,20,1,2,0.9325,1.20,188982397,16870.7072,1034413
node2.tardis-apia.ldos-ut-pg0.wisc.cloudlab.us,tencentBlock_8610,lru,0.1,17,20,1,3,0.9325,1.20,188982397,16870.7072,1034413
node2.tardis-apia.ldos-ut-pg0.wisc.cloudlab.us,tencentBlock_8610,lruforgive,0.1,17,20,1,1,0.8814,0.65,188982397,16870.7072,1034413
node2.tardis-apia.ldos-ut-pg0.wisc.cloudlab.us,tencentBlock_8610,lruforgive,0.1,17,20,1,2,0.8814,0.65,188982397,16870.7072,1034413
node2.tardis-apia.ldos-ut-pg0.wisc.cloudlab.us,tencentBlock_8610,lruforgive,0.1,17,20,1,3,0.8814,0.65,188982397,16870.7072,1034413
node2.tardis-apia.ldos-ut-pg0.wisc.cloudlab.us,tencentBlock_8610,s3fifo,0.1,17,20,1,1,0.8661,1.35,188982397,16870.7072,1034413
node2.tardis-apia.ldos-ut-pg0.wisc.cloudlab.us,tencentBlock_8610,s3fifo,0.1,17,20,1,2,0.8661,1.35,188982397,16870.7072,1034413
node2.tardis-apia.ldos-ut-pg0.wisc.cloudlab.us,tencentBlock_8610,s3fifo,0.1,17,20,1,3,0.8661,1.35,188982397,16870.7072,1034413
node2.tardis-apia.ldos-ut-pg0.wisc.cloudlab.us,tencentBlock_8610,s3fifoforgive,0.1,17,20,1,1,0.8623,1.13,188982397,16870.7072,1034413
node2.tardis-apia.ldos-ut-pg0.wisc.cloudlab.us,tencentBlock_8610,s3fifoforgive,0.1,17,20,1,2,0.8623,1.13,188982397,16870.7072,1034413
node2.tardis-apia.ldos-ut-pg0.wisc.cloudlab.us,tencentBlock_8610,s3fifoforgive,0.1,17,20,1,3,0.8623,1.10,188982397,16870.7072,1034413
node2.tardis-apia.ldos-ut-pg0.wisc.cloudlab.us,tencentBlock_8714,lru,10,1447,26,1,1,0.1929,0.67,12299694,14469.5296,1097089
node2.tardis-apia.ldos-ut-pg0.wisc.cloudlab.us,tencentBlock_8714,lru,10,1447,26,1,2,0.1929,0.66,12299694,14469.5296,1097089
node2.tardis-apia.ldos-ut-pg0.wisc.cloudlab.us,tencentBlock_8714,lru,10,1447,26,1,3,0.1929,0.67,12299694,14469.5296,1097089
node2.tardis-apia.ldos-ut-pg0.wisc.cloudlab.us,tencentBlock_8714,lruforgive,10,1447,26,1,1,0.1926,0.38,12299694,14469.5296,1097089
node2.tardis-apia.ldos-ut-pg0.wisc.cloudlab.us,tencentBlock_8714,lruforgive,10,1447,26,1,2,0.1926,0.38,12299694,14469.5296,1097089
node2.tardis-apia.ldos-ut-pg0.wisc.cloudlab.us,tencentBlock_8714,lruforgive,10,1447,26,1,3,0.1926,0.38,12299694,14469.5296,1097089
node2.tardis-apia.ldos-ut-pg0.wisc.cloudlab.us,tencentBlock_8714,s3fifo,10,1447,26,1,1,0.1759,0.75,12299694,14469.5296,1097089
node2.tardis-apia.ldos-ut-pg0.wisc.cloudlab.us,tencentBlock_8714,s3fifo,10,1447,26,1,2,0.1759,0.74,12299694,14469.5296,1097089
node2.tardis-apia.ldos-ut-pg0.wisc.cloudlab.us,tencentBlock_8714,s3fifo,10,1447,26,1,3,0.1759,0.75,12299694,14469.5296,1097089
node2.tardis-apia.ldos-ut-pg0.wisc.cloudlab.us,tencentBlock_8714,s3fifoforgive,10,1447,26,1,1,0.1758,0.41,12299694,14469.5296,1097089
node2.tardis-apia.ldos-ut-pg0.wisc.cloudlab.us,tencentBlock_8714,s3fifoforgive,10,1447,26,1,2,0.1758,0.41,12299694,14469.5296,1097089
node2.tardis-apia.ldos-ut-pg0.wisc.cloudlab.us,tencentBlock_8714,s3fifoforgive,10,1447,26,1,3,0.1758,0.41,12299694,14469.5296,1097089
node2.tardis-apia.ldos-ut-pg0.wisc.cloudlab.us,tencentBlock_8714,lru,0.1,14,20,1,1,0.7177,2.44,12299694,14469.5296,1097089
node2.tardis-apia.ldos-ut-pg0.wisc.cloudlab.us,tencentBlock_8714,lru,0.1,14,20,1,2,0.7177,2.38,12299694,14469.5296,1097089
node2.tardis-apia.ldos-ut-pg0.wisc.cloudlab.us,tencentBlock_8714,lru,0.1,14,20,1,3,0.7177,2.38,12299694,14469.5296,1097089
node2.tardis-apia.ldos-ut-pg0.wisc.cloudlab.us,tencentBlock_8714,lruforgive,0.1,14,20,1,1,0.7070,1.25,12299694,14469.5296,1097089
node2.tardis-apia.ldos-ut-pg0.wisc.cloudlab.us,tencentBlock_8714,lruforgive,0.1,14,20,1,2,0.7070,1.24,12299694,14469.5296,1097089
node2.tardis-apia.ldos-ut-pg0.wisc.cloudlab.us,tencentBlock_8714,lruforgive,0.1,14,20,1,3,0.7070,1.25,12299694,14469.5296,1097089
node2.tardis-apia.ldos-ut-pg0.wisc.cloudlab.us,tencentBlock_8714,s3fifo,0.1,14,20,1,1,0.7171,2.40,12299694,14469.5296,1097089
node2.tardis-apia.ldos-ut-pg0.wisc.cloudlab.us,tencentBlock_8714,s3fifo,0.1,14,20,1,2,0.7171,2.35,12299694,14469.5296,1097089
node2.tardis-apia.ldos-ut-pg0.wisc.cloudlab.us,tencentBlock_8714,s3fifo,0.1,14,20,1,3,0.7171,2.39,12299694,14469.5296,1097089
node2.tardis-apia.ldos-ut-pg0.wisc.cloudlab.us,tencentBlock_8714,s3fifoforgive,0.1,14,20,1,1,0.7158,1.45,12299694,14469.5296,1097089
node2.tardis-apia.ldos-ut-pg0.wisc.cloudlab.us,tencentBlock_8714,s3fifoforgive,0.1,14,20,1,2,0.7158,1.47,12299694,14469.5296,1097089
node2.tardis-apia.ldos-ut-pg0.wisc.cloudlab.us,tencentBlock_8714,s3fifoforgive,0.1,14,20,1,3,0.7158,1.46,12299694,14469.5296,1097089
node2.tardis-apia.ldos-ut-pg0.wisc.cloudlab.us,tencentBlock_8809,lru,10,3909,27,1,1,0.2542,0.51,46327790,39094.5792,2893589
node2.tardis-apia.ldos-ut-pg0.wisc.cloudlab.us,tencentBlock_8809,lru,10,3909,27,1,2,0.2542,0.51,46327790,39094.5792,2893589
node2.tardis-apia.ldos-ut-pg0.wisc.cloudlab.us,tencentBlock_8809,lru,10,3909,27,1,3,0.2542,0.50,46327790,39094.5792,2893589
node2.tardis-apia.ldos-ut-pg0.wisc.cloudlab.us,tencentBlock_8809,lruforgive,10,3909,27,1,1,0.2537,0.27,46327790,39094.5792,2893589
node2.tardis-apia.ldos-ut-pg0.wisc.cloudlab.us,tencentBlock_8809,lruforgive,10,3909,27,1,2,0.2537,0.27,46327790,39094.5792,2893589
node2.tardis-apia.ldos-ut-pg0.wisc.cloudlab.us,tencentBlock_8809,lruforgive,10,3909,27,1,3,0.2537,0.26,46327790,39094.5792,2893589
node2.tardis-apia.ldos-ut-pg0.wisc.cloudlab.us,tencentBlock_8809,s3fifo,10,3909,27,1,1,0.2497,0.51,46327790,39094.5792,2893589
node2.tardis-apia.ldos-ut-pg0.wisc.cloudlab.us,tencentBlock_8809,s3fifo,10,3909,27,1,2,0.2497,0.51,46327790,39094.5792,2893589
node2.tardis-apia.ldos-ut-pg0.wisc.cloudlab.us,tencentBlock_8809,s3fifo,10,3909,27,1,3,0.2497,0.50,46327790,39094.5792,2893589
node2.tardis-apia.ldos-ut-pg0.wisc.cloudlab.us,tencentBlock_8809,s3fifoforgive,10,3909,27,1,1,0.2494,0.29,46327790,39094.5792,2893589
node2.tardis-apia.ldos-ut-pg0.wisc.cloudlab.us,tencentBlock_8809,s3fifoforgive,10,3909,27,1,2,0.2494,0.29,46327790,39094.5792,2893589
node2.tardis-apia.ldos-ut-pg0.wisc.cloudlab.us,tencentBlock_8809,s3fifoforgive,10,3909,27,1,3,0.2494,0.29,46327790,39094.5792,2893589
node2.tardis-apia.ldos-ut-pg0.wisc.cloudlab.us,tencentBlock_8809,lru,0.1,39,21,1,1,0.8100,1.72,46327790,39094.5792,2893589
node2.tardis-apia.ldos-ut-pg0.wisc.cloudlab.us,tencentBlock_8809,lru,0.1,39,21,1,2,0.8100,1.73,46327790,39094.5792,2893589
node2.tardis-apia.ldos-ut-pg0.wisc.cloudlab.us,tencentBlock_8809,lru,0.1,39,21,1,3,0.8100,1.73,46327790,39094.5792,2893589
node2.tardis-apia.ldos-ut-pg0.wisc.cloudlab.us,tencentBlock_8809,lruforgive,0.1,39,21,1,1,0.7993,0.98,46327790,39094.5792,2893589
node2.tardis-apia.ldos-ut-pg0.wisc.cloudlab.us,tencentBlock_8809,lruforgive,0.1,39,21,1,2,0.7993,0.98,46327790,39094.5792,2893589
node2.tardis-apia.ldos-ut-pg0.wisc.cloudlab.us,tencentBlock_8809,lruforgive,0.1,39,21,1,3,0.7993,0.98,46327790,39094.5792,2893589
node2.tardis-apia.ldos-ut-pg0.wisc.cloudlab.us,tencentBlock_8809,s3fifo,0.1,39,21,1,1,0.8283,1.93,46327790,39094.5792,2893589
node2.tardis-apia.ldos-ut-pg0.wisc.cloudlab.us,tencentBlock_8809,s3fifo,0.1,39,21,1,2,0.8283,1.93,46327790,39094.5792,2893589
node2.tardis-apia.ldos-ut-pg0.wisc.cloudlab.us,tencentBlock_8809,s3fifo,0.1,39,21,1,3,0.8283,1.90,46327790,39094.5792,2893589
node2.tardis-apia.ldos-ut-pg0.wisc.cloudlab.us,tencentBlock_8809,s3fifoforgive,0.1,39,21,1,1,0.8248,1.28,46327790,39094.5792,2893589
node2.tardis-apia.ldos-ut-pg0.wisc.cloudlab.us,tencentBlock_8809,s3fifoforgive,0.1,39,21,1,2,0.8248,1.28,46327790,39094.5792,2893589
node2.tardis-apia.ldos-ut-pg0.wisc.cloudlab.us,tencentBlock_8809,s3fifoforgive,0.1,39,21,1,3,0.8248,1.27,46327790,39094.5792,2893589
node2.tardis-apia.ldos-ut-pg0.wisc.cloudlab.us,tencentBlock_8825,lru,10,34958,27,1,1,0.1945,0.16,23558302,349580.9024,2431079
node2.tardis-apia.ldos-ut-pg0.wisc.cloudlab.us,tencentBlock_8825,lru,10,34958,27,1,2,0.1945,0.16,23558302,349580.9024,2431079
node2.tardis-apia.ldos-ut-pg0.wisc.cloudlab.us,tencentBlock_8825,lru,10,34958,27,1,3,0.1945,0.15,23558302,349580.9024,2431079
node2.tardis-apia.ldos-ut-pg0.wisc.cloudlab.us,tencentBlock_8825,lruforgive,10,34958,27,1,1,0.1919,0.13,23558302,349580.9024,2431079
node2.tardis-apia.ldos-ut-pg0.wisc.cloudlab.us,tencentBlock_8825,lruforgive,10,34958,27,1,2,0.1919,0.13,23558302,349580.9024,2431079
node2.tardis-apia.ldos-ut-pg0.wisc.cloudlab.us,tencentBlock_8825,lruforgive,10,34958,27,1,3,0.1919,0.13,23558302,349580.9024,2431079
node2.tardis-apia.ldos-ut-pg0.wisc.cloudlab.us,tencentBlock_8825,s3fifo,10,34958,27,1,1,0.1864,0.17,23558302,349580.9024,2431079
node2.tardis-apia.ldos-ut-pg0.wisc.cloudlab.us,tencentBlock_8825,s3fifo,10,34958,27,1,2,0.1864,0.17,23558302,349580.9024,2431079
node2.tardis-apia.ldos-ut-pg0.wisc.cloudlab.us,tencentBlock_8825,s3fifo,10,34958,27,1,3,0.1864,0.17,23558302,349580.9024,2431079
node2.tardis-apia.ldos-ut-pg0.wisc.cloudlab.us,tencentBlock_8825,s3fifoforgive,10,34958,27,1,1,0.1864,0.14,23558302,349580.9024,2431079
node2.tardis-apia.ldos-ut-pg0.wisc.cloudlab.us,tencentBlock_8825,s3fifoforgive,10,34958,27,1,2,0.1864,0.14,23558302,349580.9024,2431079
node2.tardis-apia.ldos-ut-pg0.wisc.cloudlab.us,tencentBlock_8825,s3fifoforgive,10,34958,27,1,3,0.1864,0.14,23558302,349580.9024,2431079
node2.tardis-apia.ldos-ut-pg0.wisc.cloudlab.us,tencentBlock_8825,lru,0.1,350,24,1,1,0.5999,0.20,23558302,349580.9024,2431079
node2.tardis-apia.ldos-ut-pg0.wisc.cloudlab.us,tencentBlock_8825,lru,0.1,350,24,1,2,0.5999,0.20,23558302,349580.9024,2431079
node2.tardis-apia.ldos-ut-pg0.wisc.cloudlab.us,tencentBlock_8825,lru,0.1,350,24,1,3,0.5999,0.20,23558302,349580.9024,2431079
node2.tardis-apia.ldos-ut-pg0.wisc.cloudlab.us,tencentBlock_8825,lruforgive,0.1,350,24,1,1,0.5690,0.15,23558302,349580.9024,2431079
node2.tardis-apia.ldos-ut-pg0.wisc.cloudlab.us,tencentBlock_8825,lruforgive,0.1,350,24,1,2,0.5690,0.15,23558302,349580.9024,2431079
node2.tardis-apia.ldos-ut-pg0.wisc.cloudlab.us,tencentBlock_8825,lruforgive,0.1,350,24,1,3,0.5690,0.16,23558302,349580.9024,2431079
node2.tardis-apia.ldos-ut-pg0.wisc.cloudlab.us,tencentBlock_8825,s3fifo,0.1,350,24,1,1,0.5534,0.42,23558302,349580.9024,2431079
node2.tardis-apia.ldos-ut-pg0.wisc.cloudlab.us,tencentBlock_8825,s3fifo,0.1,350,24,1,2,0.5534,0.42,23558302,349580.9024,2431079
node2.tardis-apia.ldos-ut-pg0.wisc.cloudlab.us,tencentBlock_8825,s3fifo,0.1,350,24,1,3,0.5534,0.42,23558302,349580.9024,2431079
node2.tardis-apia.ldos-ut-pg0.wisc.cloudlab.us,tencentBlock_8825,s3fifoforgive,0.1,350,24,1,1,0.5482,0.33,23558302,349580.9024,2431079
node2.tardis-apia.ldos-ut-pg0.wisc.cloudlab.us,tencentBlock_8825,s3fifoforgive,0.1,350,24,1,2,0.5482,0.33,23558302,349580.9024,2431079
node2.tardis-apia.ldos-ut-pg0.wisc.cloudlab.us,tencentBlock_8825,s3fifoforgive,0.1,350,24,1,3,0.5482,0.32,23558302,349580.9024,2431079
node2.tardis-apia.ldos-ut-pg0.wisc.cloudlab.us,tencentBlock_8937,lru,10,12817,27,1,1,0.4602,0.43,39709498,128170.496,7180726
node2.tardis-apia.ldos-ut-pg0.wisc.cloudlab.us,tencentBlock_8937,lru,10,12817,27,1,2,0.4602,0.42,39709498,128170.496,7180726
node2.tardis-apia.ldos-ut-pg0.wisc.cloudlab.us,tencentBlock_8937,lru,10,12817,27,1,3,0.4602,0.42,39709498,128170.496,7180726
node2.tardis-apia.ldos-ut-pg0.wisc.cloudlab.us,tencentBlock_8937,lruforgive,10,12817,27,1,1,0.4244,0.28,39709498,128170.496,7180726
node2.tardis-apia.ldos-ut-pg0.wisc.cloudlab.us,tencentBlock_8937,lruforgive,10,12817,27,1,2,0.4244,0.28,39709498,128170.496,7180726
node2.tardis-apia.ldos-ut-pg0.wisc.cloudlab.us,tencentBlock_8937,lruforgive,10,12817,27,1,3,0.4244,0.28,39709498,128170.496,7180726
node2.tardis-apia.ldos-ut-pg0.wisc.cloudlab.us,tencentBlock_8937,s3fifo,10,12817,27,1,1,0.4302,0.45,39709498,128170.496,7180726
node2.tardis-apia.ldos-ut-pg0.wisc.cloudlab.us,tencentBlock_8937,s3fifo,10,12817,27,1,2,0.4302,0.45,39709498,128170.496,7180726
node2.tardis-apia.ldos-ut-pg0.wisc.cloudlab.us,tencentBlock_8937,s3fifo,10,12817,27,1,3,0.4302,0.46,39709498,128170.496,7180726
node2.tardis-apia.ldos-ut-pg0.wisc.cloudlab.us,tencentBlock_8937,s3fifoforgive,10,12817,27,1,1,0.4302,0.33,39709498,128170.496,7180726
node2.tardis-apia.ldos-ut-pg0.wisc.cloudlab.us,tencentBlock_8937,s3fifoforgive,10,12817,27,1,2,0.4302,0.32,39709498,128170.496,7180726
node2.tardis-apia.ldos-ut-pg0.wisc.cloudlab.us,tencentBlock_8937,s3fifoforgive,10,12817,27,1,3,0.4302,0.32,39709498,128170.496,7180726
node2.tardis-apia.ldos-ut-pg0.wisc.cloudlab.us,tencentBlock_8937,lru,0.1,128,23,1,1,0.8706,0.51,39709498,128170.496,7180726
node2.tardis-apia.ldos-ut-pg0.wisc.cloudlab.us,tencentBlock_8937,lru,0.1,128,23,1,2,0.8706,0.51,39709498,128170.496,7180726
node2.tardis-apia.ldos-ut-pg0.wisc.cloudlab.us,tencentBlock_8937,lru,0.1,128,23,1,3,0.8706,0.51,39709498,128170.496,7180726
node2.tardis-apia.ldos-ut-pg0.wisc.cloudlab.us,tencentBlock_8937,lruforgive,0.1,128,23,1,1,0.8543,0.39,39709498,128170.496,7180726
node2.tardis-apia.ldos-ut-pg0.wisc.cloudlab.us,tencentBlock_8937,lruforgive,0.1,128,23,1,2,0.8543,0.39,39709498,128170.496,7180726
node2.tardis-apia.ldos-ut-pg0.wisc.cloudlab.us,tencentBlock_8937,lruforgive,0.1,128,23,1,3,0.8543,0.39,39709498,128170.496,7180726
node2.tardis-apia.ldos-ut-pg0.wisc.cloudlab.us,tencentBlock_8937,s3fifo,0.1,128,23,1,1,0.8612,0.88,39709498,128170.496,7180726
node2.tardis-apia.ldos-ut-pg0.wisc.cloudlab.us,tencentBlock_8937,s3fifo,0.1,128,23,1,2,0.8612,0.85,39709498,128170.496,7180726
node2.tardis-apia.ldos-ut-pg0.wisc.cloudlab.us,tencentBlock_8937,s3fifo,0.1,128,23,1,3,0.8612,0.87,39709498,128170.496,7180726
node2.tardis-apia.ldos-ut-pg0.wisc.cloudlab.us,tencentBlock_8937,s3fifoforgive,0.1,128,23,1,1,NA,NA,NA,128170.496,7180726
node2.tardis-apia.ldos-ut-pg0.wisc.cloudlab.us,tencentBlock_8937,s3fifoforgive,0.1,128,23,1,2,NA,NA,NA,128170.496,7180726
node2.tardis-apia.ldos-ut-pg0.wisc.cloudlab.us,tencentBlock_8937,s3fifoforgive,0.1,128,23,1,3,0.8548,0.68,39709498,128170.496,7180726
node2.tardis-apia.ldos-ut-pg0.wisc.cloudlab.us,tencentBlock_9118,lru,10,8096,27,1,1,0.2712,0.27,10048683,80959.3856,2108215
node2.tardis-apia.ldos-ut-pg0.wisc.cloudlab.us,tencentBlock_9118,lru,10,8096,27,1,2,0.2712,0.27,10048683,80959.3856,2108215
node2.tardis-apia.ldos-ut-pg0.wisc.cloudlab.us,tencentBlock_9118,lru,10,8096,27,1,3,0.2712,0.28,10048683,80959.3856,2108215
node2.tardis-apia.ldos-ut-pg0.wisc.cloudlab.us,tencentBlock_9118,lruforgive,10,8096,27,1,1,0.2713,0.21,10048683,80959.3856,2108215
node2.tardis-apia.ldos-ut-pg0.wisc.cloudlab.us,tencentBlock_9118,lruforgive,10,8096,27,1,2,0.2713,0.21,10048683,80959.3856,2108215
node2.tardis-apia.ldos-ut-pg0.wisc.cloudlab.us,tencentBlock_9118,lruforgive,10,8096,27,1,3,0.2713,0.21,10048683,80959.3856,2108215
node2.tardis-apia.ldos-ut-pg0.wisc.cloudlab.us,tencentBlock_9118,s3fifo,10,8096,27,1,1,0.2902,0.31,10048683,80959.3856,2108215
node2.tardis-apia.ldos-ut-pg0.wisc.cloudlab.us,tencentBlock_9118,s3fifo,10,8096,27,1,2,0.2902,0.31,10048683,80959.3856,2108215
node2.tardis-apia.ldos-ut-pg0.wisc.cloudlab.us,tencentBlock_9118,s3fifo,10,8096,27,1,3,0.2902,0.31,10048683,80959.3856,2108215
node2.tardis-apia.ldos-ut-pg0.wisc.cloudlab.us,tencentBlock_9118,s3fifoforgive,10,8096,27,1,1,0.2902,0.24,10048683,80959.3856,2108215
node2.tardis-apia.ldos-ut-pg0.wisc.cloudlab.us,tencentBlock_9118,s3fifoforgive,10,8096,27,1,2,0.2902,0.24,10048683,80959.3856,2108215
node2.tardis-apia.ldos-ut-pg0.wisc.cloudlab.us,tencentBlock_9118,s3fifoforgive,10,8096,27,1,3,0.2902,0.24,10048683,80959.3856,2108215
node2.tardis-apia.ldos-ut-pg0.wisc.cloudlab.us,tencentBlock_9118,lru,0.1,81,22,1,1,0.6227,0.60,10048683,80959.3856,2108215
node2.tardis-apia.ldos-ut-pg0.wisc.cloudlab.us,tencentBlock_9118,lru,0.1,81,22,1,2,0.6227,0.59,10048683,80959.3856,2108215
node2.tardis-apia.ldos-ut-pg0.wisc.cloudlab.us,tencentBlock_9118,lru,0.1,81,22,1,3,0.6227,0.59,10048683,80959.3856,2108215
node2.tardis-apia.ldos-ut-pg0.wisc.cloudlab.us,tencentBlock_9118,lruforgive,0.1,81,22,1,1,0.6043,0.44,10048683,80959.3856,2108215
node2.tardis-apia.ldos-ut-pg0.wisc.cloudlab.us,tencentBlock_9118,lruforgive,0.1,81,22,1,2,0.6042,0.43,10048683,80959.3856,2108215
node2.tardis-apia.ldos-ut-pg0.wisc.cloudlab.us,tencentBlock_9118,lruforgive,0.1,81,22,1,3,0.6041,0.43,10048683,80959.3856,2108215
node2.tardis-apia.ldos-ut-pg0.wisc.cloudlab.us,tencentBlock_9118,s3fifo,0.1,81,22,1,1,NA,NA,NA,80959.3856,2108215
node2.tardis-apia.ldos-ut-pg0.wisc.cloudlab.us,tencentBlock_9118,s3fifo,0.1,81,22,1,2,0.6042,0.94,10048683,80959.3856,2108215
node2.tardis-apia.ldos-ut-pg0.wisc.cloudlab.us,tencentBlock_9118,s3fifo,0.1,81,22,1,3,NA,NA,NA,80959.3856,2108215
node2.tardis-apia.ldos-ut-pg0.wisc.cloudlab.us,tencentBlock_9118,s3fifoforgive,0.1,81,22,1,1,0.6060,0.66,10048683,80959.3856,2108215
node2.tardis-apia.ldos-ut-pg0.wisc.cloudlab.us,tencentBlock_9118,s3fifoforgive,0.1,81,22,1,2,0.6060,0.65,10048683,80959.3856,2108215
node2.tardis-apia.ldos-ut-pg0.wisc.cloudlab.us,tencentBlock_9118,s3fifoforgive,0.1,81,22,1,3,0.6061,0.65,10048683,80959.3856,2108215
node2.tardis-apia.ldos-ut-pg0.wisc.cloudlab.us,tencentBlock_9194,lru,10,3618,27,1,1,0.2664,0.50,47713222,36175.9744,2778013
node2.tardis-apia.ldos-ut-pg0.wisc.cloudlab.us,tencentBlock_9194,lru,10,3618,27,1,2,0.2664,0.51,47713222,36175.9744,2778013
node2.tardis-apia.ldos-ut-pg0.wisc.cloudlab.us,tencentBlock_9194,lru,10,3618,27,1,3,0.2664,0.51,47713222,36175.9744,2778013
node2.tardis-apia.ldos-ut-pg0.wisc.cloudlab.us,tencentBlock_9194,lruforgive,10,3618,27,1,1,0.2651,0.27,47713222,36175.9744,2778013
node2.tardis-apia.ldos-ut-pg0.wisc.cloudlab.us,tencentBlock_9194,lruforgive,10,3618,27,1,2,0.2651,0.27,47713222,36175.9744,2778013
node2.tardis-apia.ldos-ut-pg0.wisc.cloudlab.us,tencentBlock_9194,lruforgive,10,3618,27,1,3,0.2651,0.27,47713222,36175.9744,2778013
node2.tardis-apia.ldos-ut-pg0.wisc.cloudlab.us,tencentBlock_9194,s3fifo,10,3618,27,1,1,0.2579,0.52,47713222,36175.9744,2778013
node2.tardis-apia.ldos-ut-pg0.wisc.cloudlab.us,tencentBlock_9194,s3fifo,10,3618,27,1,2,0.2579,0.51,47713222,36175.9744,2778013
node2.tardis-apia.ldos-ut-pg0.wisc.cloudlab.us,tencentBlock_9194,s3fifo,10,3618,27,1,3,0.2579,0.51,47713222,36175.9744,2778013
node2.tardis-apia.ldos-ut-pg0.wisc.cloudlab.us,tencentBlock_9194,s3fifoforgive,10,3618,27,1,1,0.2577,0.29,47713222,36175.9744,2778013
node2.tardis-apia.ldos-ut-pg0.wisc.cloudlab.us,tencentBlock_9194,s3fifoforgive,10,3618,27,1,2,0.2577,0.29,47713222,36175.9744,2778013
node2.tardis-apia.ldos-ut-pg0.wisc.cloudlab.us,tencentBlock_9194,s3fifoforgive,10,3618,27,1,3,0.2577,0.29,47713222,36175.9744,2778013
node2.tardis-apia.ldos-ut-pg0.wisc.cloudlab.us,tencentBlock_9194,lru,0.1,36,21,1,1,0.8017,1.31,47713222,36175.9744,2778013
node2.tardis-apia.ldos-ut-pg0.wisc.cloudlab.us,tencentBlock_9194,lru,0.1,36,21,1,2,0.8017,1.30,47713222,36175.9744,2778013
node2.tardis-apia.ldos-ut-pg0.wisc.cloudlab.us,tencentBlock_9194,lru,0.1,36,21,1,3,0.8017,1.32,47713222,36175.9744,2778013
node2.tardis-apia.ldos-ut-pg0.wisc.cloudlab.us,tencentBlock_9194,lruforgive,0.1,36,21,1,1,0.7914,0.79,47713222,36175.9744,2778013
node2.tardis-apia.ldos-ut-pg0.wisc.cloudlab.us,tencentBlock_9194,lruforgive,0.1,36,21,1,2,0.7914,0.79,47713222,36175.9744,2778013
node2.tardis-apia.ldos-ut-pg0.wisc.cloudlab.us,tencentBlock_9194,lruforgive,0.1,36,21,1,3,0.7914,0.78,47713222,36175.9744,2778013
node2.tardis-apia.ldos-ut-pg0.wisc.cloudlab.us,tencentBlock_9194,s3fifo,0.1,36,21,1,1,0.8198,1.48,47713222,36175.9744,2778013
node2.tardis-apia.ldos-ut-pg0.wisc.cloudlab.us,tencentBlock_9194,s3fifo,0.1,36,21,1,2,0.8198,1.47,47713222,36175.9744,2778013
node2.tardis-apia.ldos-ut-pg0.wisc.cloudlab.us,tencentBlock_9194,s3fifo,0.1,36,21,1,3,0.8198,1.47,47713222,36175.9744,2778013
node2.tardis-apia.ldos-ut-pg0.wisc.cloudlab.us,tencentBlock_9194,s3fifoforgive,0.1,36,21,1,1,0.8173,0.97,47713222,36175.9744,2778013
node2.tardis-apia.ldos-ut-pg0.wisc.cloudlab.us,tencentBlock_9194,s3fifoforgive,0.1,36,21,1,2,0.8173,0.97,47713222,36175.9744,2778013
node2.tardis-apia.ldos-ut-pg0.wisc.cloudlab.us,tencentBlock_9194,s3fifoforgive,0.1,36,21,1,3,0.8173,0.97,47713222,36175.9744,2778013
node2.tardis-apia.ldos-ut-pg0.wisc.cloudlab.us,tencentBlock_9214,lru,10,8895,27,1,1,0.6358,0.11,7720669,88945.664,1539892
node2.tardis-apia.ldos-ut-pg0.wisc.cloudlab.us,tencentBlock_9214,lru,10,8895,27,1,2,0.6358,0.11,7720669,88945.664,1539892
node2.tardis-apia.ldos-ut-pg0.wisc.cloudlab.us,tencentBlock_9214,lru,10,8895,27,1,3,0.6358,0.11,7720669,88945.664,1539892
node2.tardis-apia.ldos-ut-pg0.wisc.cloudlab.us,tencentBlock_9214,lruforgive,10,8895,27,1,1,0.6143,0.11,7720669,88945.664,1539892
node2.tardis-apia.ldos-ut-pg0.wisc.cloudlab.us,tencentBlock_9214,lruforgive,10,8895,27,1,2,0.6138,0.11,7720669,88945.664,1539892
node2.tardis-apia.ldos-ut-pg0.wisc.cloudlab.us,tencentBlock_9214,lruforgive,10,8895,27,1,3,0.6139,0.11,7720669,88945.664,1539892
node2.tardis-apia.ldos-ut-pg0.wisc.cloudlab.us,tencentBlock_9214,s3fifo,10,8895,27,1,1,0.4932,0.14,7720669,88945.664,1539892
node2.tardis-apia.ldos-ut-pg0.wisc.cloudlab.us,tencentBlock_9214,s3fifo,10,8895,27,1,2,0.4932,0.13,7720669,88945.664,1539892
node2.tardis-apia.ldos-ut-pg0.wisc.cloudlab.us,tencentBlock_9214,s3fifo,10,8895,27,1,3,0.4932,0.14,7720669,88945.664,1539892
node2.tardis-apia.ldos-ut-pg0.wisc.cloudlab.us,tencentBlock_9214,s3fifoforgive,10,8895,27,1,1,0.4931,0.13,7720669,88945.664,1539892
node2.tardis-apia.ldos-ut-pg0.wisc.cloudlab.us,tencentBlock_9214,s3fifoforgive,10,8895,27,1,2,0.4931,0.13,7720669,88945.664,1539892
node2.tardis-apia.ldos-ut-pg0.wisc.cloudlab.us,tencentBlock_9214,s3fifoforgive,10,8895,27,1,3,0.4930,0.13,7720669,88945.664,1539892
node2.tardis-apia.ldos-ut-pg0.wisc.cloudlab.us,tencentBlock_9214,lru,0.1,89,22,1,1,0.7600,0.19,7720669,88945.664,1539892
node2.tardis-apia.ldos-ut-pg0.wisc.cloudlab.us,tencentBlock_9214,lru,0.1,89,22,1,2,0.7600,0.19,7720669,88945.664,1539892
node2.tardis-apia.ldos-ut-pg0.wisc.cloudlab.us,tencentBlock_9214,lru,0.1,89,22,1,3,0.7600,0.19,7720669,88945.664,1539892
node2.tardis-apia.ldos-ut-pg0.wisc.cloudlab.us,tencentBlock_9214,lruforgive,0.1,89,22,1,1,0.7439,0.17,7720669,88945.664,1539892
node2.tardis-apia.ldos-ut-pg0.wisc.cloudlab.us,tencentBlock_9214,lruforgive,0.1,89,22,1,2,0.7439,0.17,7720669,88945.664,1539892
node2.tardis-apia.ldos-ut-pg0.wisc.cloudlab.us,tencentBlock_9214,lruforgive,0.1,89,22,1,3,0.7439,0.17,7720669,88945.664,1539892
node2.tardis-apia.ldos-ut-pg0.wisc.cloudlab.us,tencentBlock_9214,s3fifo,0.1,89,22,1,1,0.7470,0.34,7720669,88945.664,1539892
node2.tardis-apia.ldos-ut-pg0.wisc.cloudlab.us,tencentBlock_9214,s3fifo,0.1,89,22,1,2,0.7470,0.34,7720669,88945.664,1539892
node2.tardis-apia.ldos-ut-pg0.wisc.cloudlab.us,tencentBlock_9214,s3fifo,0.1,89,22,1,3,0.7470,0.34,7720669,88945.664,1539892
node2.tardis-apia.ldos-ut-pg0.wisc.cloudlab.us,tencentBlock_9214,s3fifoforgive,0.1,89,22,1,1,0.7453,0.31,7720669,88945.664,1539892
node2.tardis-apia.ldos-ut-pg0.wisc.cloudlab.us,tencentBlock_9214,s3fifoforgive,0.1,89,22,1,2,0.7453,0.31,7720669,88945.664,1539892
node2.tardis-apia.ldos-ut-pg0.wisc.cloudlab.us,tencentBlock_9214,s3fifoforgive,0.1,89,22,1,3,0.7453,0.30,7720669,88945.664,1539892
node2.tardis-apia.ldos-ut-pg0.wisc.cloudlab.us,tencentBlock_9324,lru,10,9949,27,1,1,0.2732,0.36,22731446,99485.4912,4564846
node2.tardis-apia.ldos-ut-pg0.wisc.cloudlab.us,tencentBlock_9324,lru,10,9949,27,1,2,0.2732,0.36,22731446,99485.4912,4564846
node2.tardis-apia.ldos-ut-pg0.wisc.cloudlab.us,tencentBlock_9324,lru,10,9949,27,1,3,0.2732,0.37,22731446,99485.4912,4564846
node2.tardis-apia.ldos-ut-pg0.wisc.cloudlab.us,tencentBlock_9324,lruforgive,10,9949,27,1,1,0.2673,0.28,22731446,99485.4912,4564846
node2.tardis-apia.ldos-ut-pg0.wisc.cloudlab.us,tencentBlock_9324,lruforgive,10,9949,27,1,2,0.2673,0.28,22731446,99485.4912,4564846
node2.tardis-apia.ldos-ut-pg0.wisc.cloudlab.us,tencentBlock_9324,lruforgive,10,9949,27,1,3,0.2673,0.28,22731446,99485.4912,4564846
node2.tardis-apia.ldos-ut-pg0.wisc.cloudlab.us,tencentBlock_9324,s3fifo,10,9949,27,1,1,0.2451,0.43,22731446,99485.4912,4564846
node2.tardis-apia.ldos-ut-pg0.wisc.cloudlab.us,tencentBlock_9324,s3fifo,10,9949,27,1,2,0.2451,0.43,22731446,99485.4912,4564846
node2.tardis-apia.ldos-ut-pg0.wisc.cloudlab.us,tencentBlock_9324,s3fifo,10,9949,27,1,3,0.2451,0.43,22731446,99485.4912,4564846
node2.tardis-apia.ldos-ut-pg0.wisc.cloudlab.us,tencentBlock_9324,s3fifoforgive,10,9949,27,1,1,0.2451,0.31,22731446,99485.4912,4564846
node2.tardis-apia.ldos-ut-pg0.wisc.cloudlab.us,tencentBlock_9324,s3fifoforgive,10,9949,27,1,2,0.2451,0.31,22731446,99485.4912,4564846
node2.tardis-apia.ldos-ut-pg0.wisc.cloudlab.us,tencentBlock_9324,s3fifoforgive,10,9949,27,1,3,0.2451,0.31,22731446,99485.4912,4564846
node2.tardis-apia.ldos-ut-pg0.wisc.cloudlab.us,tencentBlock_9324,lru,0.1,99,23,1,1,0.6452,0.55,22731446,99485.4912,4564846
node2.tardis-apia.ldos-ut-pg0.wisc.cloudlab.us,tencentBlock_9324,lru,0.1,99,23,1,2,0.6452,0.56,22731446,99485.4912,4564846
node2.tardis-apia.ldos-ut-pg0.wisc.cloudlab.us,tencentBlock_9324,lru,0.1,99,23,1,3,0.6452,0.55,22731446,99485.4912,4564846
node2.tardis-apia.ldos-ut-pg0.wisc.cloudlab.us,tencentBlock_9324,lruforgive,0.1,99,23,1,1,0.4183,0.32,22731446,99485.4912,4564846
node2.tardis-apia.ldos-ut-pg0.wisc.cloudlab.us,tencentBlock_9324,lruforgive,0.1,99,23,1,2,0.4183,0.31,22731446,99485.4912,4564846
node2.tardis-apia.ldos-ut-pg0.wisc.cloudlab.us,tencentBlock_9324,lruforgive,0.1,99,23,1,3,0.4183,0.32,22731446,99485.4912,4564846
node2.tardis-apia.ldos-ut-pg0.wisc.cloudlab.us,tencentBlock_9324,s3fifo,0.1,99,23,1,1,0.3811,0.79,22731446,99485.4912,4564846
node2.tardis-apia.ldos-ut-pg0.wisc.cloudlab.us,tencentBlock_9324,s3fifo,0.1,99,23,1,2,0.3806,0.76,22731446,99485.4912,4564846
node2.tardis-apia.ldos-ut-pg0.wisc.cloudlab.us,tencentBlock_9324,s3fifo,0.1,99,23,1,3,0.3806,0.79,22731446,99485.4912,4564846
node2.tardis-apia.ldos-ut-pg0.wisc.cloudlab.us,tencentBlock_9324,s3fifoforgive,0.1,99,23,1,1,0.3844,0.52,22731446,99485.4912,4564846
node2.tardis-apia.ldos-ut-pg0.wisc.cloudlab.us,tencentBlock_9324,s3fifoforgive,0.1,99,23,1,2,NA,NA,NA,99485.4912,4564846
node2.tardis-apia.ldos-ut-pg0.wisc.cloudlab.us,tencentBlock_9324,s3fifoforgive,0.1,99,23,1,3,0.3849,0.50,22731446,99485.4912,4564846
node2.tardis-apia.ldos-ut-pg0.wisc.cloudlab.us,tencentBlock_9372,lru,10,4987,27,1,1,0.2995,0.37,50772148,49866.4448,2873705
node2.tardis-apia.ldos-ut-pg0.wisc.cloudlab.us,tencentBlock_9372,lru,10,4987,27,1,2,0.2995,0.37,50772148,49866.4448,2873705
node2.tardis-apia.ldos-ut-pg0.wisc.cloudlab.us,tencentBlock_9372,lru,10,4987,27,1,3,0.2995,0.37,50772148,49866.4448,2873705
node2.tardis-apia.ldos-ut-pg0.wisc.cloudlab.us,tencentBlock_9372,lruforgive,10,4987,27,1,1,0.2985,0.22,50772148,49866.4448,2873705
node2.tardis-apia.ldos-ut-pg0.wisc.cloudlab.us,tencentBlock_9372,lruforgive,10,4987,27,1,2,0.2985,0.22,50772148,49866.4448,2873705
node2.tardis-apia.ldos-ut-pg0.wisc.cloudlab.us,tencentBlock_9372,lruforgive,10,4987,27,1,3,0.2985,0.22,50772148,49866.4448,2873705
node2.tardis-apia.ldos-ut-pg0.wisc.cloudlab.us,tencentBlock_9372,s3fifo,10,4987,27,1,1,0.3045,0.37,50772148,49866.4448,2873705
node2.tardis-apia.ldos-ut-pg0.wisc.cloudlab.us,tencentBlock_9372,s3fifo,10,4987,27,1,2,0.3045,0.36,50772148,49866.4448,2873705
node2.tardis-apia.ldos-ut-pg0.wisc.cloudlab.us,tencentBlock_9372,s3fifo,10,4987,27,1,3,0.3045,0.37,50772148,49866.4448,2873705
node2.tardis-apia.ldos-ut-pg0.wisc.cloudlab.us,tencentBlock_9372,s3fifoforgive,10,4987,27,1,1,0.3041,0.24,50772148,49866.4448,2873705
node2.tardis-apia.ldos-ut-pg0.wisc.cloudlab.us,tencentBlock_9372,s3fifoforgive,10,4987,27,1,2,0.3041,0.24,50772148,49866.4448,2873705
node2.tardis-apia.ldos-ut-pg0.wisc.cloudlab.us,tencentBlock_9372,s3fifoforgive,10,4987,27,1,3,0.3041,0.24,50772148,49866.4448,2873705
node2.tardis-apia.ldos-ut-pg0.wisc.cloudlab.us,tencentBlock_9372,lru,0.1,50,22,1,1,0.7433,1.07,50772148,49866.4448,2873705
node2.tardis-apia.ldos-ut-pg0.wisc.cloudlab.us,tencentBlock_9372,lru,0.1,50,22,1,2,0.7433,1.08,50772148,49866.4448,2873705
node2.tardis-apia.ldos-ut-pg0.wisc.cloudlab.us,tencentBlock_9372,lru,0.1,50,22,1,3,0.7433,1.07,50772148,49866.4448,2873705
node2.tardis-apia.ldos-ut-pg0.wisc.cloudlab.us,tencentBlock_9372,lruforgive,0.1,50,22,1,1,0.7402,0.63,50772148,49866.4448,2873705
node2.tardis-apia.ldos-ut-pg0.wisc.cloudlab.us,tencentBlock_9372,lruforgive,0.1,50,22,1,2,0.7402,0.62,50772148,49866.4448,2873705
node2.tardis-apia.ldos-ut-pg0.wisc.cloudlab.us,tencentBlock_9372,lruforgive,0.1,50,22,1,3,0.7402,0.63,50772148,49866.4448,2873705
node2.tardis-apia.ldos-ut-pg0.wisc.cloudlab.us,tencentBlock_9372,s3fifo,0.1,50,22,1,1,0.7759,1.32,50772148,49866.4448,2873705
node2.tardis-apia.ldos-ut-pg0.wisc.cloudlab.us,tencentBlock_9372,s3fifo,0.1,50,22,1,2,0.7759,1.31,50772148,49866.4448,2873705
node2.tardis-apia.ldos-ut-pg0.wisc.cloudlab.us,tencentBlock_9372,s3fifo,0.1,50,22,1,3,0.7759,1.31,50772148,49866.4448,2873705
node2.tardis-apia.ldos-ut-pg0.wisc.cloudlab.us,tencentBlock_9372,s3fifoforgive,0.1,50,22,1,1,0.7716,0.83,50772148,49866.4448,2873705
node2.tardis-apia.ldos-ut-pg0.wisc.cloudlab.us,tencentBlock_9372,s3fifoforgive,0.1,50,22,1,2,0.7716,0.85,50772148,49866.4448,2873705
node2.tardis-apia.ldos-ut-pg0.wisc.cloudlab.us,tencentBlock_9372,s3fifoforgive,0.1,50,22,1,3,0.7716,0.86,50772148,49866.4448,2873705
node2.tardis-apia.ldos-ut-pg0.wisc.cloudlab.us,tencentBlock_9378,lru,10,3589,27,1,1,0.2869,0.50,55357095,35885.6704,2868303
node2.tardis-apia.ldos-ut-pg0.wisc.cloudlab.us,tencentBlock_9378,lru,10,3589,27,1,2,0.2869,0.49,55357095,35885.6704,2868303
node2.tardis-apia.ldos-ut-pg0.wisc.cloudlab.us,tencentBlock_9378,lru,10,3589,27,1,3,0.2869,0.49,55357095,35885.6704,2868303
node2.tardis-apia.ldos-ut-pg0.wisc.cloudlab.us,tencentBlock_9378,lruforgive,10,3589,27,1,1,0.2856,0.26,55357095,35885.6704,2868303
node2.tardis-apia.ldos-ut-pg0.wisc.cloudlab.us,tencentBlock_9378,lruforgive,10,3589,27,1,2,0.2856,0.26,55357095,35885.6704,2868303
node2.tardis-apia.ldos-ut-pg0.wisc.cloudlab.us,tencentBlock_9378,lruforgive,10,3589,27,1,3,0.2856,0.26,55357095,35885.6704,2868303
node2.tardis-apia.ldos-ut-pg0.wisc.cloudlab.us,tencentBlock_9378,s3fifo,10,3589,27,1,1,0.2848,0.50,55357095,35885.6704,2868303
node2.tardis-apia.ldos-ut-pg0.wisc.cloudlab.us,tencentBlock_9378,s3fifo,10,3589,27,1,2,0.2848,0.50,55357095,35885.6704,2868303
node2.tardis-apia.ldos-ut-pg0.wisc.cloudlab.us,tencentBlock_9378,s3fifo,10,3589,27,1,3,0.2848,0.50,55357095,35885.6704,2868303
node2.tardis-apia.ldos-ut-pg0.wisc.cloudlab.us,tencentBlock_9378,s3fifoforgive,10,3589,27,1,1,0.2840,0.29,55357095,35885.6704,2868303
node2.tardis-apia.ldos-ut-pg0.wisc.cloudlab.us,tencentBlock_9378,s3fifoforgive,10,3589,27,1,2,0.2840,0.29,55357095,35885.6704,2868303
node2.tardis-apia.ldos-ut-pg0.wisc.cloudlab.us,tencentBlock_9378,s3fifoforgive,10,3589,27,1,3,0.2840,0.28,55357095,35885.6704,2868303
node2.tardis-apia.ldos-ut-pg0.wisc.cloudlab.us,tencentBlock_9378,lru,0.1,36,21,1,1,0.7925,1.08,55357095,35885.6704,2868303
node2.tardis-apia.ldos-ut-pg0.wisc.cloudlab.us,tencentBlock_9378,lru,0.1,36,21,1,2,0.7925,1.08,55357095,35885.6704,2868303
node2.tardis-apia.ldos-ut-pg0.wisc.cloudlab.us,tencentBlock_9378,lru,0.1,36,21,1,3,0.7925,1.08,55357095,35885.6704,2868303
node2.tardis-apia.ldos-ut-pg0.wisc.cloudlab.us,tencentBlock_9378,lruforgive,0.1,36,21,1,1,0.7835,0.63,55357095,35885.6704,2868303
node2.tardis-apia.ldos-ut-pg0.wisc.cloudlab.us,tencentBlock_9378,lruforgive,0.1,36,21,1,2,0.7835,0.62,55357095,35885.6704,2868303
node2.tardis-apia.ldos-ut-pg0.wisc.cloudlab.us,tencentBlock_9378,lruforgive,0.1,36,21,1,3,0.7835,0.63,55357095,35885.6704,2868303
node2.tardis-apia.ldos-ut-pg0.wisc.cloudlab.us,tencentBlock_9378,s3fifo,0.1,36,21,1,1,0.8104,1.24,55357095,35885.6704,2868303
node2.tardis-apia.ldos-ut-pg0.wisc.cloudlab.us,tencentBlock_9378,s3fifo,0.1,36,21,1,2,0.8104,1.23,55357095,35885.6704,2868303
node2.tardis-apia.ldos-ut-pg0.wisc.cloudlab.us,tencentBlock_9378,s3fifo,0.1,36,21,1,3,0.8104,1.23,55357095,35885.6704,2868303
node2.tardis-apia.ldos-ut-pg0.wisc.cloudlab.us,tencentBlock_9378,s3fifoforgive,0.1,36,21,1,1,0.8055,0.85,55357095,35885.6704,2868303
node2.tardis-apia.ldos-ut-pg0.wisc.cloudlab.us,tencentBlock_9378,s3fifoforgive,0.1,36,21,1,2,0.8055,0.83,55357095,35885.6704,2868303
node2.tardis-apia.ldos-ut-pg0.wisc.cloudlab.us,tencentBlock_9378,s3fifoforgive,0.1,36,21,1,3,0.8055,0.85,55357095,35885.6704,2868303
node2.tardis-apia.ldos-ut-pg0.wisc.cloudlab.us,tencentBlock_9440,lru,10,4267,27,1,1,0.2761,0.53,58050591,42666.496,3889157
node2.tardis-apia.ldos-ut-pg0.wisc.cloudlab.us,tencentBlock_9440,lru,10,4267,27,1,2,0.2761,0.52,58050591,42666.496,3889157
node2.tardis-apia.ldos-ut-pg0.wisc.cloudlab.us,tencentBlock_9440,lru,10,4267,27,1,3,0.2761,0.53,58050591,42666.496,3889157
node2.tardis-apia.ldos-ut-pg0.wisc.cloudlab.us,tencentBlock_9440,lruforgive,10,4267,27,1,1,0.2750,0.27,58050591,42666.496,3889157
node2.tardis-apia.ldos-ut-pg0.wisc.cloudlab.us,tencentBlock_9440,lruforgive,10,4267,27,1,2,0.2750,0.28,58050591,42666.496,3889157
node2.tardis-apia.ldos-ut-pg0.wisc.cloudlab.us,tencentBlock_9440,lruforgive,10,4267,27,1,3,0.2750,0.28,58050591,42666.496,3889157
node2.tardis-apia.ldos-ut-pg0.wisc.cloudlab.us,tencentBlock_9440,s3fifo,10,4267,27,1,1,0.2669,0.53,58050591,42666.496,3889157
node2.tardis-apia.ldos-ut-pg0.wisc.cloudlab.us,tencentBlock_9440,s3fifo,10,4267,27,1,2,0.2669,0.53,58050591,42666.496,3889157
node2.tardis-apia.ldos-ut-pg0.wisc.cloudlab.us,tencentBlock_9440,s3fifo,10,4267,27,1,3,0.2669,0.53,58050591,42666.496,3889157
node2.tardis-apia.ldos-ut-pg0.wisc.cloudlab.us,tencentBlock_9440,s3fifoforgive,10,4267,27,1,1,0.2667,0.30,58050591,42666.496,3889157
node2.tardis-apia.ldos-ut-pg0.wisc.cloudlab.us,tencentBlock_9440,s3fifoforgive,10,4267,27,1,2,0.2667,0.30,58050591,42666.496,3889157
node2.tardis-apia.ldos-ut-pg0.wisc.cloudlab.us,tencentBlock_9440,s3fifoforgive,10,4267,27,1,3,0.2667,0.29,58050591,42666.496,3889157
node2.tardis-apia.ldos-ut-pg0.wisc.cloudlab.us,tencentBlock_9440,lru,0.1,43,21,1,1,0.7887,1.24,58050591,42666.496,3889157
node2.tardis-apia.ldos-ut-pg0.wisc.cloudlab.us,tencentBlock_9440,lru,0.1,43,21,1,2,0.7887,1.24,58050591,42666.496,3889157
node2.tardis-apia.ldos-ut-pg0.wisc.cloudlab.us,tencentBlock_9440,lru,0.1,43,21,1,3,0.7887,1.23,58050591,42666.496,3889157
node2.tardis-apia.ldos-ut-pg0.wisc.cloudlab.us,tencentBlock_9440,lruforgive,0.1,43,21,1,1,0.7710,0.71,58050591,42666.496,3889157
node2.tardis-apia.ldos-ut-pg0.wisc.cloudlab.us,tencentBlock_9440,lruforgive,0.1,43,21,1,2,0.7710,0.71,58050591,42666.496,3889157
node2.tardis-apia.ldos-ut-pg0.wisc.cloudlab.us,tencentBlock_9440,lruforgive,0.1,43,21,1,3,0.7710,0.71,58050591,42666.496,3889157
node2.tardis-apia.ldos-ut-pg0.wisc.cloudlab.us,tencentBlock_9440,s3fifo,0.1,43,21,1,1,0.7947,1.40,58050591,42666.496,3889157
node2.tardis-apia.ldos-ut-pg0.wisc.cloudlab.us,tencentBlock_9440,s3fifo,0.1,43,21,1,2,0.7947,1.38,58050591,42666.496,3889157
node2.tardis-apia.ldos-ut-pg0.wisc.cloudlab.us,tencentBlock_9440,s3fifo,0.1,43,21,1,3,0.7947,1.42,58050591,42666.496,3889157
node2.tardis-apia.ldos-ut-pg0.wisc.cloudlab.us,tencentBlock_9440,s3fifoforgive,0.1,43,21,1,1,0.7890,0.91,58050591,42666.496,3889157
node2.tardis-apia.ldos-ut-pg0.wisc.cloudlab.us,tencentBlock_9440,s3fifoforgive,0.1,43,21,1,2,0.7890,0.91,58050591,42666.496,3889157
node2.tardis-apia.ldos-ut-pg0.wisc.cloudlab.us,tencentBlock_9440,s3fifoforgive,0.1,43,21,1,3,0.7890,0.90,58050591,42666.496,3889157
node2.tardis-apia.ldos-ut-pg0.wisc.cloudlab.us,tencentBlock_9551,lru,10,26031,27,1,1,0.3568,0.12,13210275,260308.6848,3853914
node2.tardis-apia.ldos-ut-pg0.wisc.cloudlab.us,tencentBlock_9551,lru,10,26031,27,1,2,0.3568,0.12,13210275,260308.6848,3853914
node2.tardis-apia.ldos-ut-pg0.wisc.cloudlab.us,tencentBlock_9551,lru,10,26031,27,1,3,0.3568,0.12,13210275,260308.6848,3853914
node2.tardis-apia.ldos-ut-pg0.wisc.cloudlab.us,tencentBlock_9551,lruforgive,10,26031,27,1,1,0.3550,0.11,13210275,260308.6848,3853914
node2.tardis-apia.ldos-ut-pg0.wisc.cloudlab.us,tencentBlock_9551,lruforgive,10,26031,27,1,2,0.3550,0.11,13210275,260308.6848,3853914
node2.tardis-apia.ldos-ut-pg0.wisc.cloudlab.us,tencentBlock_9551,lruforgive,10,26031,27,1,3,0.3550,0.11,13210275,260308.6848,3853914
node2.tardis-apia.ldos-ut-pg0.wisc.cloudlab.us,tencentBlock_9551,s3fifo,10,26031,27,1,1,0.3470,0.12,13210275,260308.6848,3853914
node2.tardis-apia.ldos-ut-pg0.wisc.cloudlab.us,tencentBlock_9551,s3fifo,10,26031,27,1,2,0.3470,0.12,13210275,260308.6848,3853914
node2.tardis-apia.ldos-ut-pg0.wisc.cloudlab.us,tencentBlock_9551,s3fifo,10,26031,27,1,3,0.3470,0.13,13210275,260308.6848,3853914
node2.tardis-apia.ldos-ut-pg0.wisc.cloudlab.us,tencentBlock_9551,s3fifoforgive,10,26031,27,1,1,0.3470,0.12,13210275,260308.6848,3853914
node2.tardis-apia.ldos-ut-pg0.wisc.cloudlab.us,tencentBlock_9551,s3fifoforgive,10,26031,27,1,2,0.3470,0.12,13210275,260308.6848,3853914
node2.tardis-apia.ldos-ut-pg0.wisc.cloudlab.us,tencentBlock_9551,s3fifoforgive,10,26031,27,1,3,0.3470,0.12,13210275,260308.6848,3853914
node2.tardis-apia.ldos-ut-pg0.wisc.cloudlab.us,tencentBlock_9551,lru,0.1,260,24,1,1,0.5917,0.12,13210275,260308.6848,3853914
node2.tardis-apia.ldos-ut-pg0.wisc.cloudlab.us,tencentBlock_9551,lru,0.1,260,24,1,2,0.5917,0.13,13210275,260308.6848,3853914
node2.tardis-apia.ldos-ut-pg0.wisc.cloudlab.us,tencentBlock_9551,lru,0.1,260,24,1,3,0.5917,0.13,13210275,260308.6848,3853914
node2.tardis-apia.ldos-ut-pg0.wisc.cloudlab.us,tencentBlock_9551,lruforgive,0.1,260,24,1,1,0.5740,0.11,13210275,260308.6848,3853914
node2.tardis-apia.ldos-ut-pg0.wisc.cloudlab.us,tencentBlock_9551,lruforgive,0.1,260,24,1,2,0.5740,0.11,13210275,260308.6848,3853914
node2.tardis-apia.ldos-ut-pg0.wisc.cloudlab.us,tencentBlock_9551,lruforgive,0.1,260,24,1,3,0.5740,0.11,13210275,260308.6848,3853914
node2.tardis-apia.ldos-ut-pg0.wisc.cloudlab.us,tencentBlock_9551,s3fifo,0.1,260,24,1,1,0.5746,0.22,13210275,260308.6848,3853914
node2.tardis-apia.ldos-ut-pg0.wisc.cloudlab.us,tencentBlock_9551,s3fifo,0.1,260,24,1,2,0.5746,0.22,13210275,260308.6848,3853914
node2.tardis-apia.ldos-ut-pg0.wisc.cloudlab.us,tencentBlock_9551,s3fifo,0.1,260,24,1,3,0.5746,0.22,13210275,260308.6848,3853914
node2.tardis-apia.ldos-ut-pg0.wisc.cloudlab.us,tencentBlock_9551,s3fifoforgive,0.1,260,24,1,1,0.5738,0.20,13210275,260308.6848,3853914
node2.tardis-apia.ldos-ut-pg0.wisc.cloudlab.us,tencentBlock_9551,s3fifoforgive,0.1,260,24,1,2,0.5738,0.20,13210275,260308.6848,3853914
node2.tardis-apia.ldos-ut-pg0.wisc.cloudlab.us,tencentBlock_9551,s3fifoforgive,0.1,260,24,1,3,0.5738,0.20,13210275,260308.6848,3853914
node2.tardis-apia.ldos-ut-pg0.wisc.cloudlab.us,tencentBlock_9569,lru,10,993,26,1,1,0.3719,0.56,4160761,9929.216,1109757
node2.tardis-apia.ldos-ut-pg0.wisc.cloudlab.us,tencentBlock_9569,lru,10,993,26,1,2,0.3719,0.58,4160761,9929.216,1109757
node2.tardis-apia.ldos-ut-pg0.wisc.cloudlab.us,tencentBlock_9569,lru,10,993,26,1,3,0.3719,0.57,4160761,9929.216,1109757
node2.tardis-apia.ldos-ut-pg0.wisc.cloudlab.us,tencentBlock_9569,lruforgive,10,993,26,1,1,0.3717,0.40,4160761,9929.216,1109757
node2.tardis-apia.ldos-ut-pg0.wisc.cloudlab.us,tencentBlock_9569,lruforgive,10,993,26,1,2,0.3717,0.40,4160761,9929.216,1109757
node2.tardis-apia.ldos-ut-pg0.wisc.cloudlab.us,tencentBlock_9569,lruforgive,10,993,26,1,3,0.3717,0.41,4160761,9929.216,1109757
node2.tardis-apia.ldos-ut-pg0.wisc.cloudlab.us,tencentBlock_9569,s3fifo,10,993,26,1,1,0.3760,0.60,4160761,9929.216,1109757
node2.tardis-apia.ldos-ut-pg0.wisc.cloudlab.us,tencentBlock_9569,s3fifo,10,993,26,1,2,0.3760,0.60,4160761,9929.216,1109757
node2.tardis-apia.ldos-ut-pg0.wisc.cloudlab.us,tencentBlock_9569,s3fifo,10,993,26,1,3,0.3760,0.60,4160761,9929.216,1109757
node2.tardis-apia.ldos-ut-pg0.wisc.cloudlab.us,tencentBlock_9569,s3fifoforgive,10,993,26,1,1,0.3761,0.43,4160761,9929.216,1109757
node2.tardis-apia.ldos-ut-pg0.wisc.cloudlab.us,tencentBlock_9569,s3fifoforgive,10,993,26,1,2,0.3761,0.43,4160761,9929.216,1109757
node2.tardis-apia.ldos-ut-pg0.wisc.cloudlab.us,tencentBlock_9569,s3fifoforgive,10,993,26,1,3,0.3760,0.43,4160761,9929.216,1109757
node2.tardis-apia.ldos-ut-pg0.wisc.cloudlab.us,tencentBlock_9569,lru,0.1,10,19,1,1,0.4666,2.79,4160761,9929.216,1109757
node2.tardis-apia.ldos-ut-pg0.wisc.cloudlab.us,tencentBlock_9569,lru,0.1,10,19,1,2,0.4666,2.77,4160761,9929.216,1109757
node2.tardis-apia.ldos-ut-pg0.wisc.cloudlab.us,tencentBlock_9569,lru,0.1,10,19,1,3,0.4666,2.84,4160761,9929.216,1109757
node2.tardis-apia.ldos-ut-pg0.wisc.cloudlab.us,tencentBlock_9569,lruforgive,0.1,10,19,1,1,0.4671,0.99,4160761,9929.216,1109757
node2.tardis-apia.ldos-ut-pg0.wisc.cloudlab.us,tencentBlock_9569,lruforgive,0.1,10,19,1,2,0.4671,0.98,4160761,9929.216,1109757
node2.tardis-apia.ldos-ut-pg0.wisc.cloudlab.us,tencentBlock_9569,lruforgive,0.1,10,19,1,3,0.4671,0.99,4160761,9929.216,1109757
node2.tardis-apia.ldos-ut-pg0.wisc.cloudlab.us,tencentBlock_9569,s3fifo,0.1,10,19,1,1,0.4687,2.79,4160761,9929.216,1109757
node2.tardis-apia.ldos-ut-pg0.wisc.cloudlab.us,tencentBlock_9569,s3fifo,0.1,10,19,1,2,0.4687,2.92,4160761,9929.216,1109757
node2.tardis-apia.ldos-ut-pg0.wisc.cloudlab.us,tencentBlock_9569,s3fifo,0.1,10,19,1,3,0.4687,2.78,4160761,9929.216,1109757
node2.tardis-apia.ldos-ut-pg0.wisc.cloudlab.us,tencentBlock_9569,s3fifoforgive,0.1,10,19,1,1,0.4687,1.14,4160761,9929.216,1109757
node2.tardis-apia.ldos-ut-pg0.wisc.cloudlab.us,tencentBlock_9569,s3fifoforgive,0.1,10,19,1,2,0.4687,1.15,4160761,9929.216,1109757
node2.tardis-apia.ldos-ut-pg0.wisc.cloudlab.us,tencentBlock_9569,s3fifoforgive,0.1,10,19,1,3,0.4687,1.15,4160761,9929.216,1109757
node2.tardis-apia.ldos-ut-pg0.wisc.cloudlab.us,tencentBlock_9663,lru,10,1145,26,1,1,0.1252,0.96,13160388,11448.9344,1014838
node2.tardis-apia.ldos-ut-pg0.wisc.cloudlab.us,tencentBlock_9663,lru,10,1145,26,1,2,0.1252,0.95,13160388,11448.9344,1014838
node2.tardis-apia.ldos-ut-pg0.wisc.cloudlab.us,tencentBlock_9663,lru,10,1145,26,1,3,0.1252,0.96,13160388,11448.9344,1014838
node2.tardis-apia.ldos-ut-pg0.wisc.cloudlab.us,tencentBlock_9663,lruforgive,10,1145,26,1,1,0.1254,0.46,13160388,11448.9344,1014838
node2.tardis-apia.ldos-ut-pg0.wisc.cloudlab.us,tencentBlock_9663,lruforgive,10,1145,26,1,2,0.1254,0.46,13160388,11448.9344,1014838
node2.tardis-apia.ldos-ut-pg0.wisc.cloudlab.us,tencentBlock_9663,lruforgive,10,1145,26,1,3,0.1254,0.46,13160388,11448.9344,1014838
node2.tardis-apia.ldos-ut-pg0.wisc.cloudlab.us,tencentBlock_9663,s3fifo,10,1145,26,1,1,0.1402,1.00,13160388,11448.9344,1014838
node2.tardis-apia.ldos-ut-pg0.wisc.cloudlab.us,tencentBlock_9663,s3fifo,10,1145,26,1,2,0.1402,0.97,13160388,11448.9344,1014838
node2.tardis-apia.ldos-ut-pg0.wisc.cloudlab.us,tencentBlock_9663,s3fifo,10,1145,26,1,3,0.1402,1.00,13160388,11448.9344,1014838
node2.tardis-apia.ldos-ut-pg0.wisc.cloudlab.us,tencentBlock_9663,s3fifoforgive,10,1145,26,1,1,0.1402,0.50,13160388,11448.9344,1014838
node2.tardis-apia.ldos-ut-pg0.wisc.cloudlab.us,tencentBlock_9663,s3fifoforgive,10,1145,26,1,2,0.1402,0.49,13160388,11448.9344,1014838
node2.tardis-apia.ldos-ut-pg0.wisc.cloudlab.us,tencentBlock_9663,s3fifoforgive,10,1145,26,1,3,0.1402,0.50,13160388,11448.9344,1014838
node2.tardis-apia.ldos-ut-pg0.wisc.cloudlab.us,tencentBlock_9663,lru,0.1,11,20,1,1,0.9347,5.07,13160388,11448.9344,1014838
node2.tardis-apia.ldos-ut-pg0.wisc.cloudlab.us,tencentBlock_9663,lru,0.1,11,20,1,2,0.9347,5.17,13160388,11448.9344,1014838
node2.tardis-apia.ldos-ut-pg0.wisc.cloudlab.us,tencentBlock_9663,lru,0.1,11,20,1,3,0.9347,5.14,13160388,11448.9344,1014838
node2.tardis-apia.ldos-ut-pg0.wisc.cloudlab.us,tencentBlock_9663,lruforgive,0.1,11,20,1,1,0.9303,4.02,13160388,11448.9344,1014838
node2.tardis-apia.ldos-ut-pg0.wisc.cloudlab.us,tencentBlock_9663,lruforgive,0.1,11,20,1,2,0.9303,3.99,13160388,11448.9344,1014838
node2.tardis-apia.ldos-ut-pg0.wisc.cloudlab.us,tencentBlock_9663,lruforgive,0.1,11,20,1,3,0.9303,4.07,13160388,11448.9344,1014838
node2.tardis-apia.ldos-ut-pg0.wisc.cloudlab.us,tencentBlock_9663,s3fifo,0.1,11,20,1,1,0.9343,5.95,13160388,11448.9344,1014838
node2.tardis-apia.ldos-ut-pg0.wisc.cloudlab.us,tencentBlock_9663,s3fifo,0.1,11,20,1,2,0.9343,5.66,13160388,11448.9344,1014838
node2.tardis-apia.ldos-ut-pg0.wisc.cloudlab.us,tencentBlock_9663,s3fifo,0.1,11,20,1,3,0.9343,5.71,13160388,11448.9344,1014838
node2.tardis-apia.ldos-ut-pg0.wisc.cloudlab.us,tencentBlock_9663,s3fifoforgive,0.1,11,20,1,1,0.9344,4.74,13160388,11448.9344,1014838
node2.tardis-apia.ldos-ut-pg0.wisc.cloudlab.us,tencentBlock_9663,s3fifoforgive,0.1,11,20,1,2,0.9344,4.77,13160388,11448.9344,1014838
node2.tardis-apia.ldos-ut-pg0.wisc.cloudlab.us,tencentBlock_9663,s3fifoforgive,0.1,11,20,1,3,0.9344,4.71,13160388,11448.9344,1014838
node2.tardis-apia.ldos-ut-pg0.wisc.cloudlab.us,tencentBlock_9673,lru,10,2255,27,1,1,0.2971,0.37,18460741,22546.8416,1176514
node2.tardis-apia.ldos-ut-pg0.wisc.cloudlab.us,tencentBlock_9673,lru,10,2255,27,1,2,0.2971,0.38,18460741,22546.8416,1176514
node2.tardis-apia.ldos-ut-pg0.wisc.cloudlab.us,tencentBlock_9673,lru,10,2255,27,1,3,0.2971,0.38,18460741,22546.8416,1176514
node2.tardis-apia.ldos-ut-pg0.wisc.cloudlab.us,tencentBlock_9673,lruforgive,10,2255,27,1,1,0.2946,0.24,18460741,22546.8416,1176514
node2.tardis-apia.ldos-ut-pg0.wisc.cloudlab.us,tencentBlock_9673,lruforgive,10,2255,27,1,2,0.2946,0.24,18460741,22546.8416,1176514
node2.tardis-apia.ldos-ut-pg0.wisc.cloudlab.us,tencentBlock_9673,lruforgive,10,2255,27,1,3,0.2946,0.24,18460741,22546.8416,1176514
node2.tardis-apia.ldos-ut-pg0.wisc.cloudlab.us,tencentBlock_9673,s3fifo,10,2255,27,1,1,0.2898,0.40,18460741,22546.8416,1176514
node2.tardis-apia.ldos-ut-pg0.wisc.cloudlab.us,tencentBlock_9673,s3fifo,10,2255,27,1,2,0.2898,0.40,18460741,22546.8416,1176514
node2.tardis-apia.ldos-ut-pg0.wisc.cloudlab.us,tencentBlock_9673,s3fifo,10,2255,27,1,3,0.2898,0.40,18460741,22546.8416,1176514
node2.tardis-apia.ldos-ut-pg0.wisc.cloudlab.us,tencentBlock_9673,s3fifoforgive,10,2255,27,1,1,0.2896,0.26,18460741,22546.8416,1176514
node2.tardis-apia.ldos-ut-pg0.wisc.cloudlab.us,tencentBlock_9673,s3fifoforgive,10,2255,27,1,2,0.2896,0.26,18460741,22546.8416,1176514
node2.tardis-apia.ldos-ut-pg0.wisc.cloudlab.us,tencentBlock_9673,s3fifoforgive,10,2255,27,1,3,0.2896,0.26,18460741,22546.8416,1176514
node2.tardis-apia.ldos-ut-pg0.wisc.cloudlab.us,tencentBlock_9673,lru,0.1,23,20,1,1,0.8413,1.77,18460741,22546.8416,1176514
node2.tardis-apia.ldos-ut-pg0.wisc.cloudlab.us,tencentBlock_9673,lru,0.1,23,20,1,2,0.8413,1.77,18460741,22546.8416,1176514
node2.tardis-apia.ldos-ut-pg0.wisc.cloudlab.us,tencentBlock_9673,lru,0.1,23,20,1,3,0.8413,1.75,18460741,22546.8416,1176514
node2.tardis-apia.ldos-ut-pg0.wisc.cloudlab.us,tencentBlock_9673,lruforgive,0.1,23,20,1,1,0.8375,0.99,18460741,22546.8416,1176514
node2.tardis-apia.ldos-ut-pg0.wisc.cloudlab.us,tencentBlock_9673,lruforgive,0.1,23,20,1,2,0.8375,0.99,18460741,22546.8416,1176514
node2.tardis-apia.ldos-ut-pg0.wisc.cloudlab.us,tencentBlock_9673,lruforgive,0.1,23,20,1,3,0.8375,0.99,18460741,22546.8416,1176514
node2.tardis-apia.ldos-ut-pg0.wisc.cloudlab.us,tencentBlock_9673,s3fifo,0.1,23,20,1,1,0.8639,1.77,18460741,22546.8416,1176514
node2.tardis-apia.ldos-ut-pg0.wisc.cloudlab.us,tencentBlock_9673,s3fifo,0.1,23,20,1,2,0.8639,1.78,18460741,22546.8416,1176514
node2.tardis-apia.ldos-ut-pg0.wisc.cloudlab.us,tencentBlock_9673,s3fifo,0.1,23,20,1,3,0.8639,1.79,18460741,22546.8416,1176514
node2.tardis-apia.ldos-ut-pg0.wisc.cloudlab.us,tencentBlock_9673,s3fifoforgive,0.1,23,20,1,1,0.8606,1.25,18460741,22546.8416,1176514
node2.tardis-apia.ldos-ut-pg0.wisc.cloudlab.us,tencentBlock_9673,s3fifoforgive,0.1,23,20,1,2,0.8606,1.26,18460741,22546.8416,1176514
node2.tardis-apia.ldos-ut-pg0.wisc.cloudlab.us,tencentBlock_9673,s3fifoforgive,0.1,23,20,1,3,0.8606,1.28,18460741,22546.8416,1176514
node2.tardis-apia.ldos-ut-pg0.wisc.cloudlab.us,tencentBlock_9745,lru,10,4125,27,1,1,0.3939,0.24,6221104,41248.8704,1544025
node2.tardis-apia.ldos-ut-pg0.wisc.cloudlab.us,tencentBlock_9745,lru,10,4125,27,1,2,0.3939,0.24,6221104,41248.8704,1544025
node2.tardis-apia.ldos-ut-pg0.wisc.cloudlab.us,tencentBlock_9745,lru,10,4125,27,1,3,0.3939,0.24,6221104,41248.8704,1544025
node2.tardis-apia.ldos-ut-pg0.wisc.cloudlab.us,tencentBlock_9745,lruforgive,10,4125,27,1,1,0.3898,0.23,6221104,41248.8704,1544025
node2.tardis-apia.ldos-ut-pg0.wisc.cloudlab.us,tencentBlock_9745,lruforgive,10,4125,27,1,2,0.3898,0.23,6221104,41248.8704,1544025
node2.tardis-apia.ldos-ut-pg0.wisc.cloudlab.us,tencentBlock_9745,lruforgive,10,4125,27,1,3,0.3898,0.23,6221104,41248.8704,1544025
node2.tardis-apia.ldos-ut-pg0.wisc.cloudlab.us,tencentBlock_9745,s3fifo,10,4125,27,1,1,0.3535,0.30,6221104,41248.8704,1544025
node2.tardis-apia.ldos-ut-pg0.wisc.cloudlab.us,tencentBlock_9745,s3fifo,10,4125,27,1,2,0.3535,0.30,6221104,41248.8704,1544025
node2.tardis-apia.ldos-ut-pg0.wisc.cloudlab.us,tencentBlock_9745,s3fifo,10,4125,27,1,3,0.3535,0.30,6221104,41248.8704,1544025
node2.tardis-apia.ldos-ut-pg0.wisc.cloudlab.us,tencentBlock_9745,s3fifoforgive,10,4125,27,1,1,0.3535,0.27,6221104,41248.8704,1544025
node2.tardis-apia.ldos-ut-pg0.wisc.cloudlab.us,tencentBlock_9745,s3fifoforgive,10,4125,27,1,2,0.3535,0.27,6221104,41248.8704,1544025
node2.tardis-apia.ldos-ut-pg0.wisc.cloudlab.us,tencentBlock_9745,s3fifoforgive,10,4125,27,1,3,0.3535,0.27,6221104,41248.8704,1544025
node2.tardis-apia.ldos-ut-pg0.wisc.cloudlab.us,tencentBlock_9745,lru,0.1,41,21,1,1,0.6160,1.66,6221104,41248.8704,1544025
node2.tardis-apia.ldos-ut-pg0.wisc.cloudlab.us,tencentBlock_9745,lru,0.1,41,21,1,2,0.6160,1.66,6221104,41248.8704,1544025
node2.tardis-apia.ldos-ut-pg0.wisc.cloudlab.us,tencentBlock_9745,lru,0.1,41,21,1,3,0.6160,1.68,6221104,41248.8704,1544025
node2.tardis-apia.ldos-ut-pg0.wisc.cloudlab.us,tencentBlock_9745,lruforgive,0.1,41,21,1,1,0.6075,0.99,6221104,41248.8704,1544025
node2.tardis-apia.ldos-ut-pg0.wisc.cloudlab.us,tencentBlock_9745,lruforgive,0.1,41,21,1,2,0.6075,0.99,6221104,41248.8704,1544025
node2.tardis-apia.ldos-ut-pg0.wisc.cloudlab.us,tencentBlock_9745,lruforgive,0.1,41,21,1,3,0.6075,0.99,6221104,41248.8704,1544025
node2.tardis-apia.ldos-ut-pg0.wisc.cloudlab.us,tencentBlock_9745,s3fifo,0.1,41,21,1,1,0.6018,1.96,6221104,41248.8704,1544025
node2.tardis-apia.ldos-ut-pg0.wisc.cloudlab.us,tencentBlock_9745,s3fifo,0.1,41,21,1,2,0.6018,2.00,6221104,41248.8704,1544025
node2.tardis-apia.ldos-ut-pg0.wisc.cloudlab.us,tencentBlock_9745,s3fifo,0.1,41,21,1,3,0.6018,1.96,6221104,41248.8704,1544025
node2.tardis-apia.ldos-ut-pg0.wisc.cloudlab.us,tencentBlock_9745,s3fifoforgive,0.1,41,21,1,1,0.6012,1.23,6221104,41248.8704,1544025
node2.tardis-apia.ldos-ut-pg0.wisc.cloudlab.us,tencentBlock_9745,s3fifoforgive,0.1,41,21,1,2,0.6012,1.24,6221104,41248.8704,1544025
node2.tardis-apia.ldos-ut-pg0.wisc.cloudlab.us,tencentBlock_9745,s3fifoforgive,0.1,41,21,1,3,0.6012,1.22,6221104,41248.8704,1544025
node2.tardis-apia.ldos-ut-pg0.wisc.cloudlab.us,tencentBlock_9850,lru,10,60485,27,1,1,0.2547,0.13,128729024,604850.2784,4744149
node2.tardis-apia.ldos-ut-pg0.wisc.cloudlab.us,tencentBlock_9850,lru,10,60485,27,1,2,0.2547,0.12,128729024,604850.2784,4744149
node2.tardis-apia.ldos-ut-pg0.wisc.cloudlab.us,tencentBlock_9850,lru,10,60485,27,1,3,0.2547,0.12,128729024,604850.2784,4744149
node2.tardis-apia.ldos-ut-pg0.wisc.cloudlab.us,tencentBlock_9850,lruforgive,10,60485,27,1,1,0.2526,0.10,128729024,604850.2784,4744149
node2.tardis-apia.ldos-ut-pg0.wisc.cloudlab.us,tencentBlock_9850,lruforgive,10,60485,27,1,2,0.2525,0.10,128729024,604850.2784,4744149
node2.tardis-apia.ldos-ut-pg0.wisc.cloudlab.us,tencentBlock_9850,lruforgive,10,60485,27,1,3,0.2525,0.10,128729024,604850.2784,4744149
node2.tardis-apia.ldos-ut-pg0.wisc.cloudlab.us,tencentBlock_9850,s3fifo,10,60485,27,1,1,0.2414,0.14,128729024,604850.2784,4744149
node2.tardis-apia.ldos-ut-pg0.wisc.cloudlab.us,tencentBlock_9850,s3fifo,10,60485,27,1,2,0.2414,0.14,128729024,604850.2784,4744149
node2.tardis-apia.ldos-ut-pg0.wisc.cloudlab.us,tencentBlock_9850,s3fifo,10,60485,27,1,3,0.2414,0.14,128729024,604850.2784,4744149
node2.tardis-apia.ldos-ut-pg0.wisc.cloudlab.us,tencentBlock_9850,s3fifoforgive,10,60485,27,1,1,0.2414,0.11,128729024,604850.2784,4744149
node2.tardis-apia.ldos-ut-pg0.wisc.cloudlab.us,tencentBlock_9850,s3fifoforgive,10,60485,27,1,2,0.2414,0.11,128729024,604850.2784,4744149
node2.tardis-apia.ldos-ut-pg0.wisc.cloudlab.us,tencentBlock_9850,s3fifoforgive,10,60485,27,1,3,0.2414,0.11,128729024,604850.2784,4744149
node2.tardis-apia.ldos-ut-pg0.wisc.cloudlab.us,tencentBlock_9850,lru,0.1,605,25,1,1,NA,NA,NA,604850.2784,4744149
node2.tardis-apia.ldos-ut-pg0.wisc.cloudlab.us,tencentBlock_9850,lru,0.1,605,25,1,2,NA,NA,NA,604850.2784,4744149
node2.tardis-apia.ldos-ut-pg0.wisc.cloudlab.us,tencentBlock_9850,lru,0.1,605,25,1,3,NA,NA,NA,604850.2784,4744149
node2.tardis-apia.ldos-ut-pg0.wisc.cloudlab.us,tencentBlock_9850,lruforgive,0.1,605,25,1,1,NA,NA,NA,604850.2784,4744149
node2.tardis-apia.ldos-ut-pg0.wisc.cloudlab.us,tencentBlock_9850,lruforgive,0.1,605,25,1,2,NA,NA,NA,604850.2784,4744149
node2.tardis-apia.ldos-ut-pg0.wisc.cloudlab.us,tencentBlock_9850,lruforgive,0.1,605,25,1,3,NA,NA,NA,604850.2784,4744149
node2.tardis-apia.ldos-ut-pg0.wisc.cloudlab.us,tencentBlock_9850,s3fifo,0.1,605,25,1,1,NA,NA,NA,604850.2784,4744149
node2.tardis-apia.ldos-ut-pg0.wisc.cloudlab.us,tencentBlock_9850,s3fifo,0.1,605,25,1,2,NA,NA,NA,604850.2784,4744149
node2.tardis-apia.ldos-ut-pg0.wisc.cloudlab.us,tencentBlock_9850,s3fifo,0.1,605,25,1,3,NA,NA,NA,604850.2784,4744149
node2.tardis-apia.ldos-ut-pg0.wisc.cloudlab.us,tencentBlock_9850,s3fifoforgive,0.1,605,25,1,1,NA,NA,NA,604850.2784,4744149
node2.tardis-apia.ldos-ut-pg0.wisc.cloudlab.us,tencentBlock_9850,s3fifoforgive,0.1,605,25,1,2,NA,NA,NA,604850.2784,4744149
node2.tardis-apia.ldos-ut-pg0.wisc.cloudlab.us,tencentBlock_9850,s3fifoforgive,0.1,605,25,1,3,NA,NA,NA,604850.2784,4744149
node2.tardis-apia.ldos-ut-pg0.wisc.cloudlab.us,tencentBlock_9855,lru,10,2860,27,1,1,0.3335,0.57,39356965,28597.76,2783221
node2.tardis-apia.ldos-ut-pg0.wisc.cloudlab.us,tencentBlock_9855,lru,10,2860,27,1,2,0.3335,0.56,39356965,28597.76,2783221
node2.tardis-apia.ldos-ut-pg0.wisc.cloudlab.us,tencentBlock_9855,lru,10,2860,27,1,3,0.3335,0.56,39356965,28597.76,2783221
node2.tardis-apia.ldos-ut-pg0.wisc.cloudlab.us,tencentBlock_9855,lruforgive,10,2860,27,1,1,0.3318,0.29,39356965,28597.76,2783221
node2.tardis-apia.ldos-ut-pg0.wisc.cloudlab.us,tencentBlock_9855,lruforgive,10,2860,27,1,2,0.3318,0.30,39356965,28597.76,2783221
node2.tardis-apia.ldos-ut-pg0.wisc.cloudlab.us,tencentBlock_9855,lruforgive,10,2860,27,1,3,0.3318,0.30,39356965,28597.76,2783221
node2.tardis-apia.ldos-ut-pg0.wisc.cloudlab.us,tencentBlock_9855,s3fifo,10,2860,27,1,1,0.3249,0.59,39356965,28597.76,2783221
node2.tardis-apia.ldos-ut-pg0.wisc.cloudlab.us,tencentBlock_9855,s3fifo,10,2860,27,1,2,0.3249,0.59,39356965,28597.76,2783221
node2.tardis-apia.ldos-ut-pg0.wisc.cloudlab.us,tencentBlock_9855,s3fifo,10,2860,27,1,3,0.3249,0.59,39356965,28597.76,2783221
node2.tardis-apia.ldos-ut-pg0.wisc.cloudlab.us,tencentBlock_9855,s3fifoforgive,10,2860,27,1,1,0.3230,0.33,39356965,28597.76,2783221
node2.tardis-apia.ldos-ut-pg0.wisc.cloudlab.us,tencentBlock_9855,s3fifoforgive,10,2860,27,1,2,0.3230,0.33,39356965,28597.76,2783221
node2.tardis-apia.ldos-ut-pg0.wisc.cloudlab.us,tencentBlock_9855,s3fifoforgive,10,2860,27,1,3,0.3230,0.33,39356965,28597.76,2783221
node2.tardis-apia.ldos-ut-pg0.wisc.cloudlab.us,tencentBlock_9855,lru,0.1,29,21,1,1,0.8156,2.31,39356965,28597.76,2783221
node2.tardis-apia.ldos-ut-pg0.wisc.cloudlab.us,tencentBlock_9855,lru,0.1,29,21,1,2,0.8156,2.33,39356965,28597.76,2783221
node2.tardis-apia.ldos-ut-pg0.wisc.cloudlab.us,tencentBlock_9855,lru,0.1,29,21,1,3,0.8156,2.31,39356965,28597.76,2783221
node2.tardis-apia.ldos-ut-pg0.wisc.cloudlab.us,tencentBlock_9855,lruforgive,0.1,29,21,1,1,0.8060,1.25,39356965,28597.76,2783221
node2.tardis-apia.ldos-ut-pg0.wisc.cloudlab.us,tencentBlock_9855,lruforgive,0.1,29,21,1,2,0.8060,1.25,39356965,28597.76,2783221
node2.tardis-apia.ldos-ut-pg0.wisc.cloudlab.us,tencentBlock_9855,lruforgive,0.1,29,21,1,3,0.8060,1.25,39356965,28597.76,2783221
node2.tardis-apia.ldos-ut-pg0.wisc.cloudlab.us,tencentBlock_9855,s3fifo,0.1,29,21,1,1,0.8388,2.33,39356965,28597.76,2783221
node2.tardis-apia.ldos-ut-pg0.wisc.cloudlab.us,tencentBlock_9855,s3fifo,0.1,29,21,1,2,0.8388,2.34,39356965,28597.76,2783221
node2.tardis-apia.ldos-ut-pg0.wisc.cloudlab.us,tencentBlock_9855,s3fifo,0.1,29,21,1,3,0.8388,2.33,39356965,28597.76,2783221
node2.tardis-apia.ldos-ut-pg0.wisc.cloudlab.us,tencentBlock_9855,s3fifoforgive,0.1,29,21,1,1,0.8354,1.54,39356965,28597.76,2783221
node2.tardis-apia.ldos-ut-pg0.wisc.cloudlab.us,tencentBlock_9855,s3fifoforgive,0.1,29,21,1,2,0.8354,1.54,39356965,28597.76,2783221
node2.tardis-apia.ldos-ut-pg0.wisc.cloudlab.us,tencentBlock_9855,s3fifoforgive,0.1,29,21,1,3,0.8354,1.50,39356965,28597.76,2783221
node2.tardis-apia.ldos-ut-pg0.wisc.cloudlab.us,tencentBlock_9863,lru,10,2393,27,1,1,0.3057,0.39,23662776,23933.2352,1331180
node2.tardis-apia.ldos-ut-pg0.wisc.cloudlab.us,tencentBlock_9863,lru,10,2393,27,1,2,0.3057,0.39,23662776,23933.2352,1331180
node2.tardis-apia.ldos-ut-pg0.wisc.cloudlab.us,tencentBlock_9863,lru,10,2393,27,1,3,0.3057,0.39,23662776,23933.2352,1331180
node2.tardis-apia.ldos-ut-pg0.wisc.cloudlab.us,tencentBlock_9863,lruforgive,10,2393,27,1,1,0.3035,0.23,23662776,23933.2352,1331180
node2.tardis-apia.ldos-ut-pg0.wisc.cloudlab.us,tencentBlock_9863,lruforgive,10,2393,27,1,2,0.3035,0.24,23662776,23933.2352,1331180
node2.tardis-apia.ldos-ut-pg0.wisc.cloudlab.us,tencentBlock_9863,lruforgive,10,2393,27,1,3,0.3035,0.24,23662776,23933.2352,1331180
node2.tardis-apia.ldos-ut-pg0.wisc.cloudlab.us,tencentBlock_9863,s3fifo,10,2393,27,1,1,0.2978,0.41,23662776,23933.2352,1331180
node2.tardis-apia.ldos-ut-pg0.wisc.cloudlab.us,tencentBlock_9863,s3fifo,10,2393,27,1,2,0.2978,0.41,23662776,23933.2352,1331180
node2.tardis-apia.ldos-ut-pg0.wisc.cloudlab.us,tencentBlock_9863,s3fifo,10,2393,27,1,3,0.2978,0.41,23662776,23933.2352,1331180
node2.tardis-apia.ldos-ut-pg0.wisc.cloudlab.us,tencentBlock_9863,s3fifoforgive,10,2393,27,1,1,0.2974,0.26,23662776,23933.2352,1331180
node2.tardis-apia.ldos-ut-pg0.wisc.cloudlab.us,tencentBlock_9863,s3fifoforgive,10,2393,27,1,2,0.2974,0.26,23662776,23933.2352,1331180
node2.tardis-apia.ldos-ut-pg0.wisc.cloudlab.us,tencentBlock_9863,s3fifoforgive,10,2393,27,1,3,0.2974,0.26,23662776,23933.2352,1331180
node2.tardis-apia.ldos-ut-pg0.wisc.cloudlab.us,tencentBlock_9863,lru,0.1,24,21,1,1,0.8429,1.90,23662776,23933.2352,1331180
node2.tardis-apia.ldos-ut-pg0.wisc.cloudlab.us,tencentBlock_9863,lru,0.1,24,21,1,2,0.8429,1.88,23662776,23933.2352,1331180
node2.tardis-apia.ldos-ut-pg0.wisc.cloudlab.us,tencentBlock_9863,lru,0.1,24,21,1,3,0.8429,1.89,23662776,23933.2352,1331180
node2.tardis-apia.ldos-ut-pg0.wisc.cloudlab.us,tencentBlock_9863,lruforgive,0.1,24,21,1,1,0.8423,1.06,23662776,23933.2352,1331180
node2.tardis-apia.ldos-ut-pg0.wisc.cloudlab.us,tencentBlock_9863,lruforgive,0.1,24,21,1,2,0.8423,1.06,23662776,23933.2352,1331180
node2.tardis-apia.ldos-ut-pg0.wisc.cloudlab.us,tencentBlock_9863,lruforgive,0.1,24,21,1,3,0.8423,1.06,23662776,23933.2352,1331180
node2.tardis-apia.ldos-ut-pg0.wisc.cloudlab.us,tencentBlock_9863,s3fifo,0.1,24,21,1,1,0.8672,1.86,23662776,23933.2352,1331180
node2.tardis-apia.ldos-ut-pg0.wisc.cloudlab.us,tencentBlock_9863,s3fifo,0.1,24,21,1,2,0.8672,1.88,23662776,23933.2352,1331180
node2.tardis-apia.ldos-ut-pg0.wisc.cloudlab.us,tencentBlock_9863,s3fifo,0.1,24,21,1,3,0.8672,1.89,23662776,23933.2352,1331180
node2.tardis-apia.ldos-ut-pg0.wisc.cloudlab.us,tencentBlock_9863,s3fifoforgive,0.1,24,21,1,1,0.8648,1.34,23662776,23933.2352,1331180
node2.tardis-apia.ldos-ut-pg0.wisc.cloudlab.us,tencentBlock_9863,s3fifoforgive,0.1,24,21,1,2,0.8648,1.34,23662776,23933.2352,1331180
node2.tardis-apia.ldos-ut-pg0.wisc.cloudlab.us,tencentBlock_9863,s3fifoforgive,0.1,24,21,1,3,0.8648,1.35,23662776,23933.2352,1331180
node2.tardis-apia.ldos-ut-pg0.wisc.cloudlab.us,tencentBlock_9884,lru,10,2975,27,1,1,0.2409,0.54,31755790,29752.1152,2097030
node2.tardis-apia.ldos-ut-pg0.wisc.cloudlab.us,tencentBlock_9884,lru,10,2975,27,1,2,0.2409,0.54,31755790,29752.1152,2097030
node2.tardis-apia.ldos-ut-pg0.wisc.cloudlab.us,tencentBlock_9884,lru,10,2975,27,1,3,0.2409,0.53,31755790,29752.1152,2097030
node2.tardis-apia.ldos-ut-pg0.wisc.cloudlab.us,tencentBlock_9884,lruforgive,10,2975,27,1,1,0.2392,0.29,31755790,29752.1152,2097030
node2.tardis-apia.ldos-ut-pg0.wisc.cloudlab.us,tencentBlock_9884,lruforgive,10,2975,27,1,2,0.2392,0.29,31755790,29752.1152,2097030
node2.tardis-apia.ldos-ut-pg0.wisc.cloudlab.us,tencentBlock_9884,lruforgive,10,2975,27,1,3,0.2392,0.29,31755790,29752.1152,2097030
node2.tardis-apia.ldos-ut-pg0.wisc.cloudlab.us,tencentBlock_9884,s3fifo,10,2975,27,1,1,0.2452,0.55,31755790,29752.1152,2097030
node2.tardis-apia.ldos-ut-pg0.wisc.cloudlab.us,tencentBlock_9884,s3fifo,10,2975,27,1,2,0.2452,0.55,31755790,29752.1152,2097030
node2.tardis-apia.ldos-ut-pg0.wisc.cloudlab.us,tencentBlock_9884,s3fifo,10,2975,27,1,3,0.2452,0.55,31755790,29752.1152,2097030
node2.tardis-apia.ldos-ut-pg0.wisc.cloudlab.us,tencentBlock_9884,s3fifoforgive,10,2975,27,1,1,0.2451,0.31,31755790,29752.1152,2097030
node2.tardis-apia.ldos-ut-pg0.wisc.cloudlab.us,tencentBlock_9884,s3fifoforgive,10,2975,27,1,2,0.2451,0.32,31755790,29752.1152,2097030
node2.tardis-apia.ldos-ut-pg0.wisc.cloudlab.us,tencentBlock_9884,s3fifoforgive,10,2975,27,1,3,0.2451,0.31,31755790,29752.1152,2097030
node2.tardis-apia.ldos-ut-pg0.wisc.cloudlab.us,tencentBlock_9884,lru,0.1,30,21,1,1,0.6861,1.76,31755790,29752.1152,2097030
node2.tardis-apia.ldos-ut-pg0.wisc.cloudlab.us,tencentBlock_9884,lru,0.1,30,21,1,2,0.6861,1.77,31755790,29752.1152,2097030
node2.tardis-apia.ldos-ut-pg0.wisc.cloudlab.us,tencentBlock_9884,lru,0.1,30,21,1,3,0.6861,1.75,31755790,29752.1152,2097030
node2.tardis-apia.ldos-ut-pg0.wisc.cloudlab.us,tencentBlock_9884,lruforgive,0.1,30,21,1,1,0.6734,0.73,31755790,29752.1152,2097030
node2.tardis-apia.ldos-ut-pg0.wisc.cloudlab.us,tencentBlock_9884,lruforgive,0.1,30,21,1,2,0.6734,0.73,31755790,29752.1152,2097030
node2.tardis-apia.ldos-ut-pg0.wisc.cloudlab.us,tencentBlock_9884,lruforgive,0.1,30,21,1,3,0.6734,0.73,31755790,29752.1152,2097030
node2.tardis-apia.ldos-ut-pg0.wisc.cloudlab.us,tencentBlock_9884,s3fifo,0.1,30,21,1,1,0.6819,1.79,31755790,29752.1152,2097030
node2.tardis-apia.ldos-ut-pg0.wisc.cloudlab.us,tencentBlock_9884,s3fifo,0.1,30,21,1,2,0.6819,1.79,31755790,29752.1152,2097030
node2.tardis-apia.ldos-ut-pg0.wisc.cloudlab.us,tencentBlock_9884,s3fifo,0.1,30,21,1,3,0.6819,1.79,31755790,29752.1152,2097030
node2.tardis-apia.ldos-ut-pg0.wisc.cloudlab.us,tencentBlock_9884,s3fifoforgive,0.1,30,21,1,1,0.6797,1.07,31755790,29752.1152,2097030
node2.tardis-apia.ldos-ut-pg0.wisc.cloudlab.us,tencentBlock_9884,s3fifoforgive,0.1,30,21,1,2,0.6797,1.06,31755790,29752.1152,2097030
node2.tardis-apia.ldos-ut-pg0.wisc.cloudlab.us,tencentBlock_9884,s3fifoforgive,0.1,30,21,1,3,0.6797,1.06,31755790,29752.1152,2097030
node2.tardis-apia.ldos-ut-pg0.wisc.cloudlab.us,tencentBlock_9915,lru,10,3577,27,1,1,0.2989,0.42,59601408,35768.2176,2327009
node2.tardis-apia.ldos-ut-pg0.wisc.cloudlab.us,tencentBlock_9915,lru,10,3577,27,1,2,0.2989,0.42,59601408,35768.2176,2327009
node2.tardis-apia.ldos-ut-pg0.wisc.cloudlab.us,tencentBlock_9915,lru,10,3577,27,1,3,0.2989,0.42,59601408,35768.2176,2327009
node2.tardis-apia.ldos-ut-pg0.wisc.cloudlab.us,tencentBlock_9915,lruforgive,10,3577,27,1,1,0.2968,0.24,59601408,35768.2176,2327009
node2.tardis-apia.ldos-ut-pg0.wisc.cloudlab.us,tencentBlock_9915,lruforgive,10,3577,27,1,2,0.2968,0.24,59601408,35768.2176,2327009
node2.tardis-apia.ldos-ut-pg0.wisc.cloudlab.us,tencentBlock_9915,lruforgive,10,3577,27,1,3,0.2968,0.24,59601408,35768.2176,2327009
node2.tardis-apia.ldos-ut-pg0.wisc.cloudlab.us,tencentBlock_9915,s3fifo,10,3577,27,1,1,0.2844,0.43,59601408,35768.2176,2327009
node2.tardis-apia.ldos-ut-pg0.wisc.cloudlab.us,tencentBlock_9915,s3fifo,10,3577,27,1,2,0.2844,0.43,59601408,35768.2176,2327009
node2.tardis-apia.ldos-ut-pg0.wisc.cloudlab.us,tencentBlock_9915,s3fifo,10,3577,27,1,3,0.2844,0.43,59601408,35768.2176,2327009
node2.tardis-apia.ldos-ut-pg0.wisc.cloudlab.us,tencentBlock_9915,s3fifoforgive,10,3577,27,1,1,0.2843,0.26,59601408,35768.2176,2327009
node2.tardis-apia.ldos-ut-pg0.wisc.cloudlab.us,tencentBlock_9915,s3fifoforgive,10,3577,27,1,2,0.2843,0.26,59601408,35768.2176,2327009
node2.tardis-apia.ldos-ut-pg0.wisc.cloudlab.us,tencentBlock_9915,s3fifoforgive,10,3577,27,1,3,0.2843,0.26,59601408,35768.2176,2327009
node2.tardis-apia.ldos-ut-pg0.wisc.cloudlab.us,tencentBlock_9915,lru,0.1,36,21,1,1,0.8150,1.14,59601408,35768.2176,2327009
node2.tardis-apia.ldos-ut-pg0.wisc.cloudlab.us,tencentBlock_9915,lru,0.1,36,21,1,2,0.8150,1.13,59601408,35768.2176,2327009
node2.tardis-apia.ldos-ut-pg0.wisc.cloudlab.us,tencentBlock_9915,lru,0.1,36,21,1,3,0.8150,1.12,59601408,35768.2176,2327009
node2.tardis-apia.ldos-ut-pg0.wisc.cloudlab.us,tencentBlock_9915,lruforgive,0.1,36,21,1,1,0.8104,0.69,59601408,35768.2176,2327009
node2.tardis-apia.ldos-ut-pg0.wisc.cloudlab.us,tencentBlock_9915,lruforgive,0.1,36,21,1,2,0.8104,0.69,59601408,35768.2176,2327009
node2.tardis-apia.ldos-ut-pg0.wisc.cloudlab.us,tencentBlock_9915,lruforgive,0.1,36,21,1,3,0.8104,0.69,59601408,35768.2176,2327009
node2.tardis-apia.ldos-ut-pg0.wisc.cloudlab.us,tencentBlock_9915,s3fifo,0.1,36,21,1,1,0.8326,1.36,59601408,35768.2176,2327009
node2.tardis-apia.ldos-ut-pg0.wisc.cloudlab.us,tencentBlock_9915,s3fifo,0.1,36,21,1,2,0.8326,1.37,59601408,35768.2176,2327009
node2.tardis-apia.ldos-ut-pg0.wisc.cloudlab.us,tencentBlock_9915,s3fifo,0.1,36,21,1,3,0.8326,1.36,59601408,35768.2176,2327009
node2.tardis-apia.ldos-ut-pg0.wisc.cloudlab.us,tencentBlock_9915,s3fifoforgive,0.1,36,21,1,1,0.8298,0.93,59601408,35768.2176,2327009
node2.tardis-apia.ldos-ut-pg0.wisc.cloudlab.us,tencentBlock_9915,s3fifoforgive,0.1,36,21,1,2,0.8298,0.96,59601408,35768.2176,2327009
node2.tardis-apia.ldos-ut-pg0.wisc.cloudlab.us,tencentBlock_9915,s3fifoforgive,0.1,36,21,1,3,0.8298,0.96,59601408,35768.2176,2327009
node2.tardis-apia.ldos-ut-pg0.wisc.cloudlab.us,wiki_2019t,lru,10,41000,27,1,1,0.2448,0.36,207646001,409995.3664,18394481
node2.tardis-apia.ldos-ut-pg0.wisc.cloudlab.us,wiki_2019t,lru,10,41000,27,1,2,0.2448,0.36,207646001,409995.3664,18394481
node2.tardis-apia.ldos-ut-pg0.wisc.cloudlab.us,wiki_2019t,lru,10,41000,27,1,3,0.2448,0.36,207646001,409995.3664,18394481
node2.tardis-apia.ldos-ut-pg0.wisc.cloudlab.us,wiki_2019t,lruforgive,10,41000,27,1,1,0.2446,0.20,207646001,409995.3664,18394481
node2.tardis-apia.ldos-ut-pg0.wisc.cloudlab.us,wiki_2019t,lruforgive,10,41000,27,1,2,0.2446,0.20,207646001,409995.3664,18394481
node2.tardis-apia.ldos-ut-pg0.wisc.cloudlab.us,wiki_2019t,lruforgive,10,41000,27,1,3,0.2446,0.20,207646001,409995.3664,18394481
node2.tardis-apia.ldos-ut-pg0.wisc.cloudlab.us,wiki_2019t,s3fifo,10,41000,27,1,1,0.2016,0.48,207646001,409995.3664,18394481
node2.tardis-apia.ldos-ut-pg0.wisc.cloudlab.us,wiki_2019t,s3fifo,10,41000,27,1,2,0.2016,0.48,207646001,409995.3664,18394481
node2.tardis-apia.ldos-ut-pg0.wisc.cloudlab.us,wiki_2019t,s3fifo,10,41000,27,1,3,0.2016,0.48,207646001,409995.3664,18394481
node2.tardis-apia.ldos-ut-pg0.wisc.cloudlab.us,wiki_2019t,s3fifoforgive,10,41000,27,1,1,0.2016,0.24,207646001,409995.3664,18394481
node2.tardis-apia.ldos-ut-pg0.wisc.cloudlab.us,wiki_2019t,s3fifoforgive,10,41000,27,1,2,0.2016,0.24,207646001,409995.3664,18394481
node2.tardis-apia.ldos-ut-pg0.wisc.cloudlab.us,wiki_2019t,s3fifoforgive,10,41000,27,1,3,0.2016,0.24,207646001,409995.3664,18394481
node2.tardis-apia.ldos-ut-pg0.wisc.cloudlab.us,wiki_2019t,lru,0.1,410,25,1,1,0.8546,0.24,207646001,409995.3664,18394481
node2.tardis-apia.ldos-ut-pg0.wisc.cloudlab.us,wiki_2019t,lru,0.1,410,25,1,2,0.8546,0.24,207646001,409995.3664,18394481
node2.tardis-apia.ldos-ut-pg0.wisc.cloudlab.us,wiki_2019t,lru,0.1,410,25,1,3,0.8546,0.24,207646001,409995.3664,18394481
node2.tardis-apia.ldos-ut-pg0.wisc.cloudlab.us,wiki_2019t,lruforgive,0.1,410,25,1,1,NA,NA,NA,409995.3664,18394481
node2.tardis-apia.ldos-ut-pg0.wisc.cloudlab.us,wiki_2019t,lruforgive,0.1,410,25,1,2,NA,NA,NA,409995.3664,18394481
node2.tardis-apia.ldos-ut-pg0.wisc.cloudlab.us,wiki_2019t,lruforgive,0.1,410,25,1,3,NA,NA,NA,409995.3664,18394481
node2.tardis-apia.ldos-ut-pg0.wisc.cloudlab.us,wiki_2019t,s3fifo,0.1,410,25,1,1,0.7923,0.53,207646001,409995.3664,18394481
node2.tardis-apia.ldos-ut-pg0.wisc.cloudlab.us,wiki_2019t,s3fifo,0.1,410,25,1,2,0.7923,0.55,207646001,409995.3664,18394481
node2.tardis-apia.ldos-ut-pg0.wisc.cloudlab.us,wiki_2019t,s3fifo,0.1,410,25,1,3,0.7923,0.55,207646001,409995.3664,18394481
node2.tardis-apia.ldos-ut-pg0.wisc.cloudlab.us,wiki_2019t,s3fifoforgive,0.1,410,25,1,1,0.7840,0.33,207646001,409995.3664,18394481
node2.tardis-apia.ldos-ut-pg0.wisc.cloudlab.us,wiki_2019t,s3fifoforgive,0.1,410,25,1,2,0.7840,0.34,207646001,409995.3664,18394481
node2.tardis-apia.ldos-ut-pg0.wisc.cloudlab.us,wiki_2019t,s3fifoforgive,0.1,410,25,1,3,0.7841,0.34,207646001,409995.3664,18394481
node2.tardis-apia.ldos-ut-pg0.wisc.cloudlab.us,meta_reag,lru,10,17278215,27,1,1,NA_TOOBIG,NA,NA,172782147.7888,12262537
node2.tardis-apia.ldos-ut-pg0.wisc.cloudlab.us,meta_reag,lru,10,17278215,27,1,2,NA_TOOBIG,NA,NA,172782147.7888,12262537
node2.tardis-apia.ldos-ut-pg0.wisc.cloudlab.us,meta_reag,lru,10,17278215,27,1,3,NA_TOOBIG,NA,NA,172782147.7888,12262537
node2.tardis-apia.ldos-ut-pg0.wisc.cloudlab.us,meta_reag,lruforgive,10,17278215,27,1,1,NA_TOOBIG,NA,NA,172782147.7888,12262537
node2.tardis-apia.ldos-ut-pg0.wisc.cloudlab.us,meta_reag,lruforgive,10,17278215,27,1,2,NA_TOOBIG,NA,NA,172782147.7888,12262537
node2.tardis-apia.ldos-ut-pg0.wisc.cloudlab.us,meta_reag,lruforgive,10,17278215,27,1,3,NA_TOOBIG,NA,NA,172782147.7888,12262537
node2.tardis-apia.ldos-ut-pg0.wisc.cloudlab.us,meta_reag,s3fifo,10,17278215,27,1,1,NA_TOOBIG,NA,NA,172782147.7888,12262537
node2.tardis-apia.ldos-ut-pg0.wisc.cloudlab.us,meta_reag,s3fifo,10,17278215,27,1,2,NA_TOOBIG,NA,NA,172782147.7888,12262537
node2.tardis-apia.ldos-ut-pg0.wisc.cloudlab.us,meta_reag,s3fifo,10,17278215,27,1,3,NA_TOOBIG,NA,NA,172782147.7888,12262537
node2.tardis-apia.ldos-ut-pg0.wisc.cloudlab.us,meta_reag,s3fifoforgive,10,17278215,27,1,1,NA_TOOBIG,NA,NA,172782147.7888,12262537
node2.tardis-apia.ldos-ut-pg0.wisc.cloudlab.us,meta_reag,s3fifoforgive,10,17278215,27,1,2,NA_TOOBIG,NA,NA,172782147.7888,12262537
node2.tardis-apia.ldos-ut-pg0.wisc.cloudlab.us,meta_reag,s3fifoforgive,10,17278215,27,1,3,NA_TOOBIG,NA,NA,172782147.7888,12262537
node2.tardis-apia.ldos-ut-pg0.wisc.cloudlab.us,meta_reag,lru,0.1,172782,27,1,1,NA_TOOBIG,NA,NA,172782147.7888,12262537
node2.tardis-apia.ldos-ut-pg0.wisc.cloudlab.us,meta_reag,lru,0.1,172782,27,1,2,NA_TOOBIG,NA,NA,172782147.7888,12262537
node2.tardis-apia.ldos-ut-pg0.wisc.cloudlab.us,meta_reag,lru,0.1,172782,27,1,3,NA_TOOBIG,NA,NA,172782147.7888,12262537
node2.tardis-apia.ldos-ut-pg0.wisc.cloudlab.us,meta_reag,lruforgive,0.1,172782,27,1,1,NA_TOOBIG,NA,NA,172782147.7888,12262537
node2.tardis-apia.ldos-ut-pg0.wisc.cloudlab.us,meta_reag,lruforgive,0.1,172782,27,1,2,NA_TOOBIG,NA,NA,172782147.7888,12262537
node2.tardis-apia.ldos-ut-pg0.wisc.cloudlab.us,meta_reag,lruforgive,0.1,172782,27,1,3,NA_TOOBIG,NA,NA,172782147.7888,12262537
node2.tardis-apia.ldos-ut-pg0.wisc.cloudlab.us,meta_reag,s3fifo,0.1,172782,27,1,1,NA_TOOBIG,NA,NA,172782147.7888,12262537
node2.tardis-apia.ldos-ut-pg0.wisc.cloudlab.us,meta_reag,s3fifo,0.1,172782,27,1,2,NA_TOOBIG,NA,NA,172782147.7888,12262537
node2.tardis-apia.ldos-ut-pg0.wisc.cloudlab.us,meta_reag,s3fifo,0.1,172782,27,1,3,NA_TOOBIG,NA,NA,172782147.7888,12262537
node2.tardis-apia.ldos-ut-pg0.wisc.cloudlab.us,meta_reag,s3fifoforgive,0.1,172782,27,1,1,NA_TOOBIG,NA,NA,172782147.7888,12262537
node2.tardis-apia.ldos-ut-pg0.wisc.cloudlab.us,meta_reag,s3fifoforgive,0.1,172782,27,1,2,NA_TOOBIG,NA,NA,172782147.7888,12262537
node2.tardis-apia.ldos-ut-pg0.wisc.cloudlab.us,meta_reag,s3fifoforgive,0.1,172782,27,1,3,NA_TOOBIG,NA,NA,172782147.7888,12262537
node2.tardis-apia.ldos-ut-pg0.wisc.cloudlab.us,meta_rnha,lru,10,72926529,27,1,1,NA_TOOBIG,NA,NA,729265290.5472,35040280
node2.tardis-apia.ldos-ut-pg0.wisc.cloudlab.us,meta_rnha,lru,10,72926529,27,1,2,NA_TOOBIG,NA,NA,729265290.5472,35040280
node2.tardis-apia.ldos-ut-pg0.wisc.cloudlab.us,meta_rnha,lru,10,72926529,27,1,3,NA_TOOBIG,NA,NA,729265290.5472,35040280
node2.tardis-apia.ldos-ut-pg0.wisc.cloudlab.us,meta_rnha,lruforgive,10,72926529,27,1,1,NA_TOOBIG,NA,NA,729265290.5472,35040280
node2.tardis-apia.ldos-ut-pg0.wisc.cloudlab.us,meta_rnha,lruforgive,10,72926529,27,1,2,NA_TOOBIG,NA,NA,729265290.5472,35040280
node2.tardis-apia.ldos-ut-pg0.wisc.cloudlab.us,meta_rnha,lruforgive,10,72926529,27,1,3,NA_TOOBIG,NA,NA,729265290.5472,35040280
node2.tardis-apia.ldos-ut-pg0.wisc.cloudlab.us,meta_rnha,s3fifo,10,72926529,27,1,1,NA_TOOBIG,NA,NA,729265290.5472,35040280
node2.tardis-apia.ldos-ut-pg0.wisc.cloudlab.us,meta_rnha,s3fifo,10,72926529,27,1,2,NA_TOOBIG,NA,NA,729265290.5472,35040280
node2.tardis-apia.ldos-ut-pg0.wisc.cloudlab.us,meta_rnha,s3fifo,10,72926529,27,1,3,NA_TOOBIG,NA,NA,729265290.5472,35040280
node2.tardis-apia.ldos-ut-pg0.wisc.cloudlab.us,meta_rnha,s3fifoforgive,10,72926529,27,1,1,NA_TOOBIG,NA,NA,729265290.5472,35040280
node2.tardis-apia.ldos-ut-pg0.wisc.cloudlab.us,meta_rnha,s3fifoforgive,10,72926529,27,1,2,NA_TOOBIG,NA,NA,729265290.5472,35040280
node2.tardis-apia.ldos-ut-pg0.wisc.cloudlab.us,meta_rnha,s3fifoforgive,10,72926529,27,1,3,NA_TOOBIG,NA,NA,729265290.5472,35040280
node2.tardis-apia.ldos-ut-pg0.wisc.cloudlab.us,meta_rnha,lru,0.1,729265,27,1,1,NA_TOOBIG,NA,NA,729265290.5472,35040280
node2.tardis-apia.ldos-ut-pg0.wisc.cloudlab.us,meta_rnha,lru,0.1,729265,27,1,2,NA_TOOBIG,NA,NA,729265290.5472,35040280
node2.tardis-apia.ldos-ut-pg0.wisc.cloudlab.us,meta_rnha,lru,0.1,729265,27,1,3,NA_TOOBIG,NA,NA,729265290.5472,35040280
node2.tardis-apia.ldos-ut-pg0.wisc.cloudlab.us,meta_rnha,lruforgive,0.1,729265,27,1,1,NA_TOOBIG,NA,NA,729265290.5472,35040280
node2.tardis-apia.ldos-ut-pg0.wisc.cloudlab.us,meta_rnha,lruforgive,0.1,729265,27,1,2,NA_TOOBIG,NA,NA,729265290.5472,35040280
node2.tardis-apia.ldos-ut-pg0.wisc.cloudlab.us,meta_rnha,lruforgive,0.1,729265,27,1,3,NA_TOOBIG,NA,NA,729265290.5472,35040280
node2.tardis-apia.ldos-ut-pg0.wisc.cloudlab.us,meta_rnha,s3fifo,0.1,729265,27,1,1,NA_TOOBIG,NA,NA,729265290.5472,35040280
node2.tardis-apia.ldos-ut-pg0.wisc.cloudlab.us,meta_rnha,s3fifo,0.1,729265,27,1,2,NA_TOOBIG,NA,NA,729265290.5472,35040280
node2.tardis-apia.ldos-ut-pg0.wisc.cloudlab.us,meta_rnha,s3fifo,0.1,729265,27,1,3,NA_TOOBIG,NA,NA,729265290.5472,35040280
node2.tardis-apia.ldos-ut-pg0.wisc.cloudlab.us,meta_rnha,s3fifoforgive,0.1,729265,27,1,1,NA_TOOBIG,NA,NA,729265290.5472,35040280
node2.tardis-apia.ldos-ut-pg0.wisc.cloudlab.us,meta_rnha,s3fifoforgive,0.1,729265,27,1,2,NA_TOOBIG,NA,NA,729265290.5472,35040280
node2.tardis-apia.ldos-ut-pg0.wisc.cloudlab.us,meta_rnha,s3fifoforgive,0.1,729265,27,1,3,NA_TOOBIG,NA,NA,729265290.5472,35040280
node2.tardis-apia.ldos-ut-pg0.wisc.cloudlab.us,tencent_photo1,lru,10,1263771,27,1,1,NA_TOOBIG,NA,NA,12637709.6192,529266506
node2.tardis-apia.ldos-ut-pg0.wisc.cloudlab.us,tencent_photo1,lru,10,1263771,27,1,2,NA_TOOBIG,NA,NA,12637709.6192,529266506
node2.tardis-apia.ldos-ut-pg0.wisc.cloudlab.us,tencent_photo1,lru,10,1263771,27,1,3,NA_TOOBIG,NA,NA,12637709.6192,529266506
node2.tardis-apia.ldos-ut-pg0.wisc.cloudlab.us,tencent_photo1,lruforgive,10,1263771,27,1,1,NA_TOOBIG,NA,NA,12637709.6192,529266506
node2.tardis-apia.ldos-ut-pg0.wisc.cloudlab.us,tencent_photo1,lruforgive,10,1263771,27,1,2,NA_TOOBIG,NA,NA,12637709.6192,529266506
node2.tardis-apia.ldos-ut-pg0.wisc.cloudlab.us,tencent_photo1,lruforgive,10,1263771,27,1,3,NA_TOOBIG,NA,NA,12637709.6192,529266506
node2.tardis-apia.ldos-ut-pg0.wisc.cloudlab.us,tencent_photo1,s3fifo,10,1263771,27,1,1,NA_TOOBIG,NA,NA,12637709.6192,529266506
node2.tardis-apia.ldos-ut-pg0.wisc.cloudlab.us,tencent_photo1,s3fifo,10,1263771,27,1,2,NA_TOOBIG,NA,NA,12637709.6192,529266506
node2.tardis-apia.ldos-ut-pg0.wisc.cloudlab.us,tencent_photo1,s3fifo,10,1263771,27,1,3,NA_TOOBIG,NA,NA,12637709.6192,529266506
node2.tardis-apia.ldos-ut-pg0.wisc.cloudlab.us,tencent_photo1,s3fifoforgive,10,1263771,27,1,1,NA_TOOBIG,NA,NA,12637709.6192,529266506
node2.tardis-apia.ldos-ut-pg0.wisc.cloudlab.us,tencent_photo1,s3fifoforgive,10,1263771,27,1,2,NA_TOOBIG,NA,NA,12637709.6192,529266506
node2.tardis-apia.ldos-ut-pg0.wisc.cloudlab.us,tencent_photo1,s3fifoforgive,10,1263771,27,1,3,NA_TOOBIG,NA,NA,12637709.6192,529266506
node2.tardis-apia.ldos-ut-pg0.wisc.cloudlab.us,tencent_photo1,lru,0.1,12638,27,1,1,NA,NA,NA,12637709.6192,529266506
node2.tardis-apia.ldos-ut-pg0.wisc.cloudlab.us,tencent_photo1,lru,0.1,12638,27,1,2,NA,NA,NA,12637709.6192,529266506
node2.tardis-apia.ldos-ut-pg0.wisc.cloudlab.us,tencent_photo1,lru,0.1,12638,27,1,3,NA,NA,NA,12637709.6192,529266506
node2.tardis-apia.ldos-ut-pg0.wisc.cloudlab.us,tencent_photo1,lruforgive,0.1,12638,27,1,1,NA,NA,NA,12637709.6192,529266506
node2.tardis-apia.ldos-ut-pg0.wisc.cloudlab.us,tencent_photo1,lruforgive,0.1,12638,27,1,2,NA,NA,NA,12637709.6192,529266506
node2.tardis-apia.ldos-ut-pg0.wisc.cloudlab.us,tencent_photo1,lruforgive,0.1,12638,27,1,3,NA,NA,NA,12637709.6192,529266506
node2.tardis-apia.ldos-ut-pg0.wisc.cloudlab.us,tencent_photo1,s3fifo,0.1,12638,27,1,1,NA,NA,NA,12637709.6192,529266506
node2.tardis-apia.ldos-ut-pg0.wisc.cloudlab.us,tencent_photo1,s3fifo,0.1,12638,27,1,2,NA,NA,NA,12637709.6192,529266506
node2.tardis-apia.ldos-ut-pg0.wisc.cloudlab.us,tencent_photo1,s3fifo,0.1,12638,27,1,3,NA,NA,NA,12637709.6192,529266506
node2.tardis-apia.ldos-ut-pg0.wisc.cloudlab.us,tencent_photo1,s3fifoforgive,0.1,12638,27,1,1,NA,NA,NA,12637709.6192,529266506
node2.tardis-apia.ldos-ut-pg0.wisc.cloudlab.us,tencent_photo1,s3fifoforgive,0.1,12638,27,1,2,NA,NA,NA,12637709.6192,529266506
node2.tardis-apia.ldos-ut-pg0.wisc.cloudlab.us,tencent_photo1,s3fifoforgive,0.1,12638,27,1,3,NA,NA,NA,12637709.6192,529266506
node2.tardis-apia.ldos-ut-pg0.wisc.cloudlab.us,alibabaBlock_791,lru,10,76360,27,1,1,0.8626,0.02,2828827,763598.4384,2101781
node2.tardis-apia.ldos-ut-pg0.wisc.cloudlab.us,alibabaBlock_791,lru,10,76360,27,1,2,0.8626,0.02,2828827,763598.4384,2101781
node2.tardis-apia.ldos-ut-pg0.wisc.cloudlab.us,alibabaBlock_791,lru,10,76360,27,1,3,0.8626,0.02,2828827,763598.4384,2101781
node2.tardis-apia.ldos-ut-pg0.wisc.cloudlab.us,alibabaBlock_791,lruforgive,10,76360,27,1,1,0.8636,0.02,2828827,763598.4384,2101781
node2.tardis-apia.ldos-ut-pg0.wisc.cloudlab.us,alibabaBlock_791,lruforgive,10,76360,27,1,2,0.8636,0.02,2828827,763598.4384,2101781
node2.tardis-apia.ldos-ut-pg0.wisc.cloudlab.us,alibabaBlock_791,lruforgive,10,76360,27,1,3,0.8636,0.02,2828827,763598.4384,2101781
node2.tardis-apia.ldos-ut-pg0.wisc.cloudlab.us,alibabaBlock_791,s3fifo,10,76360,27,1,1,0.8688,0.02,2828827,763598.4384,2101781
node2.tardis-apia.ldos-ut-pg0.wisc.cloudlab.us,alibabaBlock_791,s3fifo,10,76360,27,1,2,0.8688,0.02,2828827,763598.4384,2101781
node2.tardis-apia.ldos-ut-pg0.wisc.cloudlab.us,alibabaBlock_791,s3fifo,10,76360,27,1,3,0.8688,0.02,2828827,763598.4384,2101781
node2.tardis-apia.ldos-ut-pg0.wisc.cloudlab.us,alibabaBlock_791,s3fifoforgive,10,76360,27,1,1,0.8681,0.02,2828827,763598.4384,2101781
node2.tardis-apia.ldos-ut-pg0.wisc.cloudlab.us,alibabaBlock_791,s3fifoforgive,10,76360,27,1,2,0.8681,0.02,2828827,763598.4384,2101781
node2.tardis-apia.ldos-ut-pg0.wisc.cloudlab.us,alibabaBlock_791,s3fifoforgive,10,76360,27,1,3,0.8681,0.02,2828827,763598.4384,2101781
node2.tardis-apia.ldos-ut-pg0.wisc.cloudlab.us,alibabaBlock_791,lru,0.1,764,26,1,1,0.9320,0.03,2828827,763598.4384,2101781
node2.tardis-apia.ldos-ut-pg0.wisc.cloudlab.us,alibabaBlock_791,lru,0.1,764,26,1,2,0.9320,0.03,2828827,763598.4384,2101781
node2.tardis-apia.ldos-ut-pg0.wisc.cloudlab.us,alibabaBlock_791,lru,0.1,764,26,1,3,0.9320,0.03,2828827,763598.4384,2101781
node2.tardis-apia.ldos-ut-pg0.wisc.cloudlab.us,alibabaBlock_791,lruforgive,0.1,764,26,1,1,0.9318,0.03,2828827,763598.4384,2101781
node2.tardis-apia.ldos-ut-pg0.wisc.cloudlab.us,alibabaBlock_791,lruforgive,0.1,764,26,1,2,0.9318,0.03,2828827,763598.4384,2101781
node2.tardis-apia.ldos-ut-pg0.wisc.cloudlab.us,alibabaBlock_791,lruforgive,0.1,764,26,1,3,0.9318,0.03,2828827,763598.4384,2101781
node2.tardis-apia.ldos-ut-pg0.wisc.cloudlab.us,alibabaBlock_791,s3fifo,0.1,764,26,1,1,0.9266,0.03,2828827,763598.4384,2101781
node2.tardis-apia.ldos-ut-pg0.wisc.cloudlab.us,alibabaBlock_791,s3fifo,0.1,764,26,1,2,0.9266,0.03,2828827,763598.4384,2101781
node2.tardis-apia.ldos-ut-pg0.wisc.cloudlab.us,alibabaBlock_791,s3fifo,0.1,764,26,1,3,0.9266,0.03,2828827,763598.4384,2101781
node2.tardis-apia.ldos-ut-pg0.wisc.cloudlab.us,alibabaBlock_791,s3fifoforgive,0.1,764,26,1,1,0.9266,0.03,2828827,763598.4384,2101781
node2.tardis-apia.ldos-ut-pg0.wisc.cloudlab.us,alibabaBlock_791,s3fifoforgive,0.1,764,26,1,2,0.9266,0.03,2828827,763598.4384,2101781
node2.tardis-apia.ldos-ut-pg0.wisc.cloudlab.us,alibabaBlock_791,s3fifoforgive,0.1,764,26,1,3,0.9266,0.03,2828827,763598.4384,2101781
node2.tardis-apia.ldos-ut-pg0.wisc.cloudlab.us,alibabaBlock_792,lru,10,36646,27,1,1,0.9349,0.06,6803653,366459.4944,3433503
node2.tardis-apia.ldos-ut-pg0.wisc.cloudlab.us,alibabaBlock_792,lru,10,36646,27,1,2,0.9349,0.06,6803653,366459.4944,3433503
node2.tardis-apia.ldos-ut-pg0.wisc.cloudlab.us,alibabaBlock_792,lru,10,36646,27,1,3,0.9349,0.06,6803653,366459.4944,3433503
node2.tardis-apia.ldos-ut-pg0.wisc.cloudlab.us,alibabaBlock_792,lruforgive,10,36646,27,1,1,0.9307,0.06,6803653,366459.4944,3433503
node2.tardis-apia.ldos-ut-pg0.wisc.cloudlab.us,alibabaBlock_792,lruforgive,10,36646,27,1,2,0.9307,0.06,6803653,366459.4944,3433503
node2.tardis-apia.ldos-ut-pg0.wisc.cloudlab.us,alibabaBlock_792,lruforgive,10,36646,27,1,3,0.9307,0.06,6803653,366459.4944,3433503
node2.tardis-apia.ldos-ut-pg0.wisc.cloudlab.us,alibabaBlock_792,s3fifo,10,36646,27,1,1,NA,NA,NA,366459.4944,3433503
node2.tardis-apia.ldos-ut-pg0.wisc.cloudlab.us,alibabaBlock_792,s3fifo,10,36646,27,1,2,NA,NA,NA,366459.4944,3433503
node2.tardis-apia.ldos-ut-pg0.wisc.cloudlab.us,alibabaBlock_792,s3fifo,10,36646,27,1,3,NA,NA,NA,366459.4944,3433503
node2.tardis-apia.ldos-ut-pg0.wisc.cloudlab.us,alibabaBlock_792,s3fifoforgive,10,36646,27,1,1,NA,NA,3198936,366459.4944,3433503
node2.tardis-apia.ldos-ut-pg0.wisc.cloudlab.us,alibabaBlock_792,s3fifoforgive,10,36646,27,1,2,NA,NA,3198936,366459.4944,3433503
node2.tardis-apia.ldos-ut-pg0.wisc.cloudlab.us,alibabaBlock_792,s3fifoforgive,10,36646,27,1,3,NA,NA,3198936,366459.4944,3433503
node2.tardis-apia.ldos-ut-pg0.wisc.cloudlab.us,alibabaBlock_792,lru,0.1,366,25,1,1,0.9839,0.11,6803653,366459.4944,3433503
node2.tardis-apia.ldos-ut-pg0.wisc.cloudlab.us,alibabaBlock_792,lru,0.1,366,25,1,2,0.9839,0.11,6803653,366459.4944,3433503
node2.tardis-apia.ldos-ut-pg0.wisc.cloudlab.us,alibabaBlock_792,lru,0.1,366,25,1,3,0.9839,0.11,6803653,366459.4944,3433503
node2.tardis-apia.ldos-ut-pg0.wisc.cloudlab.us,alibabaBlock_792,lruforgive,0.1,366,25,1,1,0.9822,0.11,6803653,366459.4944,3433503
node2.tardis-apia.ldos-ut-pg0.wisc.cloudlab.us,alibabaBlock_792,lruforgive,0.1,366,25,1,2,0.9822,0.12,6803653,366459.4944,3433503
node2.tardis-apia.ldos-ut-pg0.wisc.cloudlab.us,alibabaBlock_792,lruforgive,0.1,366,25,1,3,0.9822,0.11,6803653,366459.4944,3433503
node2.tardis-apia.ldos-ut-pg0.wisc.cloudlab.us,alibabaBlock_792,s3fifo,0.1,366,25,1,1,0.9797,0.11,6803653,366459.4944,3433503
node2.tardis-apia.ldos-ut-pg0.wisc.cloudlab.us,alibabaBlock_792,s3fifo,0.1,366,25,1,2,0.9797,0.11,6803653,366459.4944,3433503
node2.tardis-apia.ldos-ut-pg0.wisc.cloudlab.us,alibabaBlock_792,s3fifo,0.1,366,25,1,3,0.9797,0.11,6803653,366459.4944,3433503
node2.tardis-apia.ldos-ut-pg0.wisc.cloudlab.us,alibabaBlock_792,s3fifoforgive,0.1,366,25,1,1,0.9797,0.11,6803653,366459.4944,3433503
node2.tardis-apia.ldos-ut-pg0.wisc.cloudlab.us,alibabaBlock_792,s3fifoforgive,0.1,366,25,1,2,0.9797,0.11,6803653,366459.4944,3433503
node2.tardis-apia.ldos-ut-pg0.wisc.cloudlab.us,alibabaBlock_792,s3fifoforgive,0.1,366,25,1,3,0.9797,0.11,6803653,366459.4944,3433503
node2.tardis-apia.ldos-ut-pg0.wisc.cloudlab.us,alibabaBlock_8,lru,10,1385,26,1,1,0.1132,1.06,37490498,13852.672,1499490
node2.tardis-apia.ldos-ut-pg0.wisc.cloudlab.us,alibabaBlock_8,lru,10,1385,26,1,2,0.1132,1.07,37490498,13852.672,1499490
node2.tardis-apia.ldos-ut-pg0.wisc.cloudlab.us,alibabaBlock_8,lru,10,1385,26,1,3,0.1132,1.07,37490498,13852.672,1499490
node2.tardis-apia.ldos-ut-pg0.wisc.cloudlab.us,alibabaBlock_8,lruforgive,10,1385,26,1,1,0.1126,0.48,37490498,13852.672,1499490
node2.tardis-apia.ldos-ut-pg0.wisc.cloudlab.us,alibabaBlock_8,lruforgive,10,1385,26,1,2,0.1125,0.47,37490498,13852.672,1499490
node2.tardis-apia.ldos-ut-pg0.wisc.cloudlab.us,alibabaBlock_8,lruforgive,10,1385,26,1,3,0.1125,0.47,37490498,13852.672,1499490
node2.tardis-apia.ldos-ut-pg0.wisc.cloudlab.us,alibabaBlock_8,s3fifo,10,1385,26,1,1,NA,NA,NA,13852.672,1499490
node2.tardis-apia.ldos-ut-pg0.wisc.cloudlab.us,alibabaBlock_8,s3fifo,10,1385,26,1,2,NA,NA,NA,13852.672,1499490
node2.tardis-apia.ldos-ut-pg0.wisc.cloudlab.us,alibabaBlock_8,s3fifo,10,1385,26,1,3,NA,NA,NA,13852.672,1499490
node2.tardis-apia.ldos-ut-pg0.wisc.cloudlab.us,alibabaBlock_8,s3fifoforgive,10,1385,26,1,1,0.1332,0.52,37490498,13852.672,1499490
node2.tardis-apia.ldos-ut-pg0.wisc.cloudlab.us,alibabaBlock_8,s3fifoforgive,10,1385,26,1,2,NA,0.51,21690830,13852.672,1499490
node2.tardis-apia.ldos-ut-pg0.wisc.cloudlab.us,alibabaBlock_8,s3fifoforgive,10,1385,26,1,3,NA,0.52,21690830,13852.672,1499490
node2.tardis-apia.ldos-ut-pg0.wisc.cloudlab.us,alibabaBlock_8,lru,0.1,14,20,1,1,0.2389,2.90,37490498,13852.672,1499490
node2.tardis-apia.ldos-ut-pg0.wisc.cloudlab.us,alibabaBlock_8,lru,0.1,14,20,1,2,0.2389,2.86,37490498,13852.672,1499490
node2.tardis-apia.ldos-ut-pg0.wisc.cloudlab.us,alibabaBlock_8,lru,0.1,14,20,1,3,0.2389,2.88,37490498,13852.672,1499490
node2.tardis-apia.ldos-ut-pg0.wisc.cloudlab.us,alibabaBlock_8,lruforgive,0.1,14,20,1,1,0.2381,1.00,37490498,13852.672,1499490
node2.tardis-apia.ldos-ut-pg0.wisc.cloudlab.us,alibabaBlock_8,lruforgive,0.1,14,20,1,2,0.2381,1.00,37490498,13852.672,1499490
node2.tardis-apia.ldos-ut-pg0.wisc.cloudlab.us,alibabaBlock_8,lruforgive,0.1,14,20,1,3,0.2381,1.00,37490498,13852.672,1499490
node2.tardis-apia.ldos-ut-pg0.wisc.cloudlab.us,alibabaBlock_8,s3fifo,0.1,14,20,1,1,0.2320,3.02,37490498,13852.672,1499490
node2.tardis-apia.ldos-ut-pg0.wisc.cloudlab.us,alibabaBlock_8,s3fifo,0.1,14,20,1,2,0.2320,3.01,37490498,13852.672,1499490
node2.tardis-apia.ldos-ut-pg0.wisc.cloudlab.us,alibabaBlock_8,s3fifo,0.1,14,20,1,3,0.2320,2.97,37490498,13852.672,1499490
node2.tardis-apia.ldos-ut-pg0.wisc.cloudlab.us,alibabaBlock_8,s3fifoforgive,0.1,14,20,1,1,0.2319,1.07,37490498,13852.672,1499490
node2.tardis-apia.ldos-ut-pg0.wisc.cloudlab.us,alibabaBlock_8,s3fifoforgive,0.1,14,20,1,2,0.2319,1.06,37490498,13852.672,1499490
node2.tardis-apia.ldos-ut-pg0.wisc.cloudlab.us,alibabaBlock_8,s3fifoforgive,0.1,14,20,1,3,0.2319,1.05,37490498,13852.672,1499490
node2.tardis-apia.ldos-ut-pg0.wisc.cloudlab.us,alibabaBlock_801,lru,10,56242,27,1,1,0.9279,0.02,2179307,562418.5856,1477177
node2.tardis-apia.ldos-ut-pg0.wisc.cloudlab.us,alibabaBlock_801,lru,10,56242,27,1,2,0.9279,0.02,2179307,562418.5856,1477177
node2.tardis-apia.ldos-ut-pg0.wisc.cloudlab.us,alibabaBlock_801,lru,10,56242,27,1,3,0.9279,0.02,2179307,562418.5856,1477177
node2.tardis-apia.ldos-ut-pg0.wisc.cloudlab.us,alibabaBlock_801,lruforgive,10,56242,27,1,1,0.9276,0.02,2179307,562418.5856,1477177
node2.tardis-apia.ldos-ut-pg0.wisc.cloudlab.us,alibabaBlock_801,lruforgive,10,56242,27,1,2,0.9276,0.02,2179307,562418.5856,1477177
node2.tardis-apia.ldos-ut-pg0.wisc.cloudlab.us,alibabaBlock_801,lruforgive,10,56242,27,1,3,0.9276,0.02,2179307,562418.5856,1477177
node2.tardis-apia.ldos-ut-pg0.wisc.cloudlab.us,alibabaBlock_801,s3fifo,10,56242,27,1,1,0.9243,0.02,2179307,562418.5856,1477177
node2.tardis-apia.ldos-ut-pg0.wisc.cloudlab.us,alibabaBlock_801,s3fifo,10,56242,27,1,2,0.9243,0.02,2179307,562418.5856,1477177
node2.tardis-apia.ldos-ut-pg0.wisc.cloudlab.us,alibabaBlock_801,s3fifo,10,56242,27,1,3,0.9243,0.02,2179307,562418.5856,1477177
node2.tardis-apia.ldos-ut-pg0.wisc.cloudlab.us,alibabaBlock_801,s3fifoforgive,10,56242,27,1,1,0.9242,0.02,2179307,562418.5856,1477177
node2.tardis-apia.ldos-ut-pg0.wisc.cloudlab.us,alibabaBlock_801,s3fifoforgive,10,56242,27,1,2,0.9242,0.02,2179307,562418.5856,1477177
node2.tardis-apia.ldos-ut-pg0.wisc.cloudlab.us,alibabaBlock_801,s3fifoforgive,10,56242,27,1,3,0.9242,0.02,2179307,562418.5856,1477177
node2.tardis-apia.ldos-ut-pg0.wisc.cloudlab.us,alibabaBlock_801,lru,0.1,562,25,1,1,0.9506,0.02,2179307,562418.5856,1477177
node2.tardis-apia.ldos-ut-pg0.wisc.cloudlab.us,alibabaBlock_801,lru,0.1,562,25,1,2,0.9506,0.02,2179307,562418.5856,1477177
node2.tardis-apia.ldos-ut-pg0.wisc.cloudlab.us,alibabaBlock_801,lru,0.1,562,25,1,3,0.9506,0.02,2179307,562418.5856,1477177
node2.tardis-apia.ldos-ut-pg0.wisc.cloudlab.us,alibabaBlock_801,lruforgive,0.1,562,25,1,1,0.9492,0.02,2179307,562418.5856,1477177
node2.tardis-apia.ldos-ut-pg0.wisc.cloudlab.us,alibabaBlock_801,lruforgive,0.1,562,25,1,2,0.9492,0.02,2179307,562418.5856,1477177
node2.tardis-apia.ldos-ut-pg0.wisc.cloudlab.us,alibabaBlock_801,lruforgive,0.1,562,25,1,3,0.9492,0.02,2179307,562418.5856,1477177
node2.tardis-apia.ldos-ut-pg0.wisc.cloudlab.us,alibabaBlock_801,s3fifo,0.1,562,25,1,1,NA,NA,NA,562418.5856,1477177
node2.tardis-apia.ldos-ut-pg0.wisc.cloudlab.us,alibabaBlock_801,s3fifo,0.1,562,25,1,2,NA,NA,NA,562418.5856,1477177
node2.tardis-apia.ldos-ut-pg0.wisc.cloudlab.us,alibabaBlock_801,s3fifo,0.1,562,25,1,3,NA,NA,NA,562418.5856,1477177
node2.tardis-apia.ldos-ut-pg0.wisc.cloudlab.us,alibabaBlock_801,s3fifoforgive,0.1,562,25,1,1,0.9482,0.02,2179307,562418.5856,1477177
node2.tardis-apia.ldos-ut-pg0.wisc.cloudlab.us,alibabaBlock_801,s3fifoforgive,0.1,562,25,1,2,0.9482,0.02,2179307,562418.5856,1477177
node2.tardis-apia.ldos-ut-pg0.wisc.cloudlab.us,alibabaBlock_801,s3fifoforgive,0.1,562,25,1,3,0.9483,0.02,2179307,562418.5856,1477177
node2.tardis-apia.ldos-ut-pg0.wisc.cloudlab.us,alibabaBlock_804,lru,10,753668,27,1,1,NA_TOOBIG,NA,NA,7536679.8336,107309691
node2.tardis-apia.ldos-ut-pg0.wisc.cloudlab.us,alibabaBlock_804,lru,10,753668,27,1,2,NA_TOOBIG,NA,NA,7536679.8336,107309691
node2.tardis-apia.ldos-ut-pg0.wisc.cloudlab.us,alibabaBlock_804,lru,10,753668,27,1,3,NA_TOOBIG,NA,NA,7536679.8336,107309691
node2.tardis-apia.ldos-ut-pg0.wisc.cloudlab.us,alibabaBlock_804,lruforgive,10,753668,27,1,1,NA_TOOBIG,NA,NA,7536679.8336,107309691
node2.tardis-apia.ldos-ut-pg0.wisc.cloudlab.us,alibabaBlock_804,lruforgive,10,753668,27,1,2,NA_TOOBIG,NA,NA,7536679.8336,107309691
node2.tardis-apia.ldos-ut-pg0.wisc.cloudlab.us,alibabaBlock_804,lruforgive,10,753668,27,1,3,NA_TOOBIG,NA,NA,7536679.8336,107309691
node2.tardis-apia.ldos-ut-pg0.wisc.cloudlab.us,alibabaBlock_804,s3fifo,10,753668,27,1,1,NA_TOOBIG,NA,NA,7536679.8336,107309691
node2.tardis-apia.ldos-ut-pg0.wisc.cloudlab.us,alibabaBlock_804,s3fifo,10,753668,27,1,2,NA_TOOBIG,NA,NA,7536679.8336,107309691
node2.tardis-apia.ldos-ut-pg0.wisc.cloudlab.us,alibabaBlock_804,s3fifo,10,753668,27,1,3,NA_TOOBIG,NA,NA,7536679.8336,107309691
node2.tardis-apia.ldos-ut-pg0.wisc.cloudlab.us,alibabaBlock_804,s3fifoforgive,10,753668,27,1,1,NA_TOOBIG,NA,NA,7536679.8336,107309691
node2.tardis-apia.ldos-ut-pg0.wisc.cloudlab.us,alibabaBlock_804,s3fifoforgive,10,753668,27,1,2,NA_TOOBIG,NA,NA,7536679.8336,107309691
node2.tardis-apia.ldos-ut-pg0.wisc.cloudlab.us,alibabaBlock_804,s3fifoforgive,10,753668,27,1,3,NA_TOOBIG,NA,NA,7536679.8336,107309691
node2.tardis-apia.ldos-ut-pg0.wisc.cloudlab.us,alibabaBlock_804,lru,0.1,7537,27,1,1,NA,NA,NA,7536679.8336,107309691
node2.tardis-apia.ldos-ut-pg0.wisc.cloudlab.us,alibabaBlock_804,lru,0.1,7537,27,1,2,NA,NA,NA,7536679.8336,107309691
node2.tardis-apia.ldos-ut-pg0.wisc.cloudlab.us,alibabaBlock_804,lru,0.1,7537,27,1,3,NA,NA,NA,7536679.8336,107309691
node2.tardis-apia.ldos-ut-pg0.wisc.cloudlab.us,alibabaBlock_804,lruforgive,0.1,7537,27,1,1,NA,NA,NA,7536679.8336,107309691
node2.tardis-apia.ldos-ut-pg0.wisc.cloudlab.us,alibabaBlock_804,lruforgive,0.1,7537,27,1,2,NA,NA,NA,7536679.8336,107309691
node2.tardis-apia.ldos-ut-pg0.wisc.cloudlab.us,alibabaBlock_804,lruforgive,0.1,7537,27,1,3,NA,NA,NA,7536679.8336,107309691
node2.tardis-apia.ldos-ut-pg0.wisc.cloudlab.us,alibabaBlock_804,s3fifo,0.1,7537,27,1,1,NA,NA,NA,7536679.8336,107309691
node2.tardis-apia.ldos-ut-pg0.wisc.cloudlab.us,alibabaBlock_804,s3fifo,0.1,7537,27,1,2,NA,NA,NA,7536679.8336,107309691
node2.tardis-apia.ldos-ut-pg0.wisc.cloudlab.us,alibabaBlock_804,s3fifo,0.1,7537,27,1,3,NA,NA,NA,7536679.8336,107309691
node2.tardis-apia.ldos-ut-pg0.wisc.cloudlab.us,alibabaBlock_804,s3fifoforgive,0.1,7537,27,1,1,NA,NA,NA,7536679.8336,107309691
node2.tardis-apia.ldos-ut-pg0.wisc.cloudlab.us,alibabaBlock_804,s3fifoforgive,0.1,7537,27,1,2,NA,NA,NA,7536679.8336,107309691
node2.tardis-apia.ldos-ut-pg0.wisc.cloudlab.us,alibabaBlock_804,s3fifoforgive,0.1,7537,27,1,3,NA,NA,NA,7536679.8336,107309691
node2.tardis-apia.ldos-ut-pg0.wisc.cloudlab.us,alibabaBlock_810,lru,10,695643,27,1,1,NA_TOOBIG,NA,NA,6956430.9504,52927785
node2.tardis-apia.ldos-ut-pg0.wisc.cloudlab.us,alibabaBlock_810,lru,10,695643,27,1,2,NA_TOOBIG,NA,NA,6956430.9504,52927785
node2.tardis-apia.ldos-ut-pg0.wisc.cloudlab.us,alibabaBlock_810,lru,10,695643,27,1,3,NA_TOOBIG,NA,NA,6956430.9504,52927785
node2.tardis-apia.ldos-ut-pg0.wisc.cloudlab.us,alibabaBlock_810,lruforgive,10,695643,27,1,1,NA_TOOBIG,NA,NA,6956430.9504,52927785
node2.tardis-apia.ldos-ut-pg0.wisc.cloudlab.us,alibabaBlock_810,lruforgive,10,695643,27,1,2,NA_TOOBIG,NA,NA,6956430.9504,52927785
node2.tardis-apia.ldos-ut-pg0.wisc.cloudlab.us,alibabaBlock_810,lruforgive,10,695643,27,1,3,NA_TOOBIG,NA,NA,6956430.9504,52927785
node2.tardis-apia.ldos-ut-pg0.wisc.cloudlab.us,alibabaBlock_810,s3fifo,10,695643,27,1,1,NA_TOOBIG,NA,NA,6956430.9504,52927785
node2.tardis-apia.ldos-ut-pg0.wisc.cloudlab.us,alibabaBlock_810,s3fifo,10,695643,27,1,2,NA_TOOBIG,NA,NA,6956430.9504,52927785
node2.tardis-apia.ldos-ut-pg0.wisc.cloudlab.us,alibabaBlock_810,s3fifo,10,695643,27,1,3,NA_TOOBIG,NA,NA,6956430.9504,52927785
node2.tardis-apia.ldos-ut-pg0.wisc.cloudlab.us,alibabaBlock_810,s3fifoforgive,10,695643,27,1,1,NA_TOOBIG,NA,NA,6956430.9504,52927785
node2.tardis-apia.ldos-ut-pg0.wisc.cloudlab.us,alibabaBlock_810,s3fifoforgive,10,695643,27,1,2,NA_TOOBIG,NA,NA,6956430.9504,52927785
node2.tardis-apia.ldos-ut-pg0.wisc.cloudlab.us,alibabaBlock_810,s3fifoforgive,10,695643,27,1,3,NA_TOOBIG,NA,NA,6956430.9504,52927785
node2.tardis-apia.ldos-ut-pg0.wisc.cloudlab.us,alibabaBlock_810,lru,0.1,6956,27,1,1,NA,NA,NA,6956430.9504,52927785
node2.tardis-apia.ldos-ut-pg0.wisc.cloudlab.us,alibabaBlock_810,lru,0.1,6956,27,1,2,NA,NA,NA,6956430.9504,52927785
node2.tardis-apia.ldos-ut-pg0.wisc.cloudlab.us,alibabaBlock_810,lru,0.1,6956,27,1,3,NA,NA,NA,6956430.9504,52927785
node2.tardis-apia.ldos-ut-pg0.wisc.cloudlab.us,alibabaBlock_810,lruforgive,0.1,6956,27,1,1,NA,NA,NA,6956430.9504,52927785
node2.tardis-apia.ldos-ut-pg0.wisc.cloudlab.us,alibabaBlock_810,lruforgive,0.1,6956,27,1,2,NA,NA,NA,6956430.9504,52927785
node2.tardis-apia.ldos-ut-pg0.wisc.cloudlab.us,alibabaBlock_810,lruforgive,0.1,6956,27,1,3,NA,NA,NA,6956430.9504,52927785
node2.tardis-apia.ldos-ut-pg0.wisc.cloudlab.us,alibabaBlock_810,s3fifo,0.1,6956,27,1,1,NA,NA,NA,6956430.9504,52927785
node2.tardis-apia.ldos-ut-pg0.wisc.cloudlab.us,alibabaBlock_810,s3fifo,0.1,6956,27,1,2,NA,NA,NA,6956430.9504,52927785
node2.tardis-apia.ldos-ut-pg0.wisc.cloudlab.us,alibabaBlock_810,s3fifo,0.1,6956,27,1,3,NA,NA,NA,6956430.9504,52927785
node2.tardis-apia.ldos-ut-pg0.wisc.cloudlab.us,alibabaBlock_810,s3fifoforgive,0.1,6956,27,1,1,NA,NA,NA,6956430.9504,52927785
node2.tardis-apia.ldos-ut-pg0.wisc.cloudlab.us,alibabaBlock_810,s3fifoforgive,0.1,6956,27,1,2,NA,NA,NA,6956430.9504,52927785
node2.tardis-apia.ldos-ut-pg0.wisc.cloudlab.us,alibabaBlock_810,s3fifoforgive,0.1,6956,27,1,3,NA,NA,NA,6956430.9504,52927785
node2.tardis-apia.ldos-ut-pg0.wisc.cloudlab.us,alibabaBlock_825,lru,10,42905,27,1,1,0.7276,0.03,2956274,429049.2416,2021351
node2.tardis-apia.ldos-ut-pg0.wisc.cloudlab.us,alibabaBlock_825,lru,10,42905,27,1,2,0.7276,0.03,2956274,429049.2416,2021351
node2.tardis-apia.ldos-ut-pg0.wisc.cloudlab.us,alibabaBlock_825,lru,10,42905,27,1,3,0.7276,0.03,2956274,429049.2416,2021351
node2.tardis-apia.ldos-ut-pg0.wisc.cloudlab.us,alibabaBlock_825,lruforgive,10,42905,27,1,1,0.7275,0.03,2956274,429049.2416,2021351
node2.tardis-apia.ldos-ut-pg0.wisc.cloudlab.us,alibabaBlock_825,lruforgive,10,42905,27,1,2,0.7275,0.03,2956274,429049.2416,2021351
node2.tardis-apia.ldos-ut-pg0.wisc.cloudlab.us,alibabaBlock_825,lruforgive,10,42905,27,1,3,0.7275,0.03,2956274,429049.2416,2021351
node2.tardis-apia.ldos-ut-pg0.wisc.cloudlab.us,alibabaBlock_825,s3fifo,10,42905,27,1,1,0.7264,0.03,2956274,429049.2416,2021351
node2.tardis-apia.ldos-ut-pg0.wisc.cloudlab.us,alibabaBlock_825,s3fifo,10,42905,27,1,2,0.7264,0.03,2956274,429049.2416,2021351
node2.tardis-apia.ldos-ut-pg0.wisc.cloudlab.us,alibabaBlock_825,s3fifo,10,42905,27,1,3,0.7264,0.03,2956274,429049.2416,2021351
node2.tardis-apia.ldos-ut-pg0.wisc.cloudlab.us,alibabaBlock_825,s3fifoforgive,10,42905,27,1,1,0.7264,0.03,2956274,429049.2416,2021351
node2.tardis-apia.ldos-ut-pg0.wisc.cloudlab.us,alibabaBlock_825,s3fifoforgive,10,42905,27,1,2,0.7264,0.03,2956274,429049.2416,2021351
node2.tardis-apia.ldos-ut-pg0.wisc.cloudlab.us,alibabaBlock_825,s3fifoforgive,10,42905,27,1,3,0.7264,0.03,2956274,429049.2416,2021351
node2.tardis-apia.ldos-ut-pg0.wisc.cloudlab.us,alibabaBlock_825,lru,0.1,429,25,1,1,0.7434,0.09,2956274,429049.2416,2021351
node2.tardis-apia.ldos-ut-pg0.wisc.cloudlab.us,alibabaBlock_825,lru,0.1,429,25,1,2,0.7434,0.09,2956274,429049.2416,2021351
node2.tardis-apia.ldos-ut-pg0.wisc.cloudlab.us,alibabaBlock_825,lru,0.1,429,25,1,3,0.7434,0.09,2956274,429049.2416,2021351
node2.tardis-apia.ldos-ut-pg0.wisc.cloudlab.us,alibabaBlock_825,lruforgive,0.1,429,25,1,1,0.7426,0.09,2956274,429049.2416,2021351
node2.tardis-apia.ldos-ut-pg0.wisc.cloudlab.us,alibabaBlock_825,lruforgive,0.1,429,25,1,2,0.7426,0.09,2956274,429049.2416,2021351
node2.tardis-apia.ldos-ut-pg0.wisc.cloudlab.us,alibabaBlock_825,lruforgive,0.1,429,25,1,3,0.7426,0.09,2956274,429049.2416,2021351
node2.tardis-apia.ldos-ut-pg0.wisc.cloudlab.us,alibabaBlock_825,s3fifo,0.1,429,25,1,1,0.7416,0.10,2956274,429049.2416,2021351
node2.tardis-apia.ldos-ut-pg0.wisc.cloudlab.us,alibabaBlock_825,s3fifo,0.1,429,25,1,2,0.7416,0.10,2956274,429049.2416,2021351
node2.tardis-apia.ldos-ut-pg0.wisc.cloudlab.us,alibabaBlock_825,s3fifo,0.1,429,25,1,3,0.7416,0.10,2956274,429049.2416,2021351
node2.tardis-apia.ldos-ut-pg0.wisc.cloudlab.us,alibabaBlock_825,s3fifoforgive,0.1,429,25,1,1,0.7416,0.10,2956274,429049.2416,2021351
node2.tardis-apia.ldos-ut-pg0.wisc.cloudlab.us,alibabaBlock_825,s3fifoforgive,0.1,429,25,1,2,0.7416,0.10,2956274,429049.2416,2021351
node2.tardis-apia.ldos-ut-pg0.wisc.cloudlab.us,alibabaBlock_825,s3fifoforgive,0.1,429,25,1,3,0.7416,0.10,2956274,429049.2416,2021351
node2.tardis-apia.ldos-ut-pg0.wisc.cloudlab.us,alibabaBlock_826,lru,10,43022,27,1,1,0.7269,0.03,2939933,430224.9984,2010373
node2.tardis-apia.ldos-ut-pg0.wisc.cloudlab.us,alibabaBlock_826,lru,10,43022,27,1,2,0.7269,0.03,2939933,430224.9984,2010373
node2.tardis-apia.ldos-ut-pg0.wisc.cloudlab.us,alibabaBlock_826,lru,10,43022,27,1,3,0.7269,0.03,2939933,430224.9984,2010373
node2.tardis-apia.ldos-ut-pg0.wisc.cloudlab.us,alibabaBlock_826,lruforgive,10,43022,27,1,1,0.7268,0.03,2939933,430224.9984,2010373
node2.tardis-apia.ldos-ut-pg0.wisc.cloudlab.us,alibabaBlock_826,lruforgive,10,43022,27,1,2,0.7268,0.03,2939933,430224.9984,2010373
node2.tardis-apia.ldos-ut-pg0.wisc.cloudlab.us,alibabaBlock_826,lruforgive,10,43022,27,1,3,0.7268,0.03,2939933,430224.9984,2010373
node2.tardis-apia.ldos-ut-pg0.wisc.cloudlab.us,alibabaBlock_826,s3fifo,10,43022,27,1,1,0.7257,0.03,2939933,430224.9984,2010373
node2.tardis-apia.ldos-ut-pg0.wisc.cloudlab.us,alibabaBlock_826,s3fifo,10,43022,27,1,2,0.7257,0.03,2939933,430224.9984,2010373
node2.tardis-apia.ldos-ut-pg0.wisc.cloudlab.us,alibabaBlock_826,s3fifo,10,43022,27,1,3,0.7257,0.03,2939933,430224.9984,2010373
node2.tardis-apia.ldos-ut-pg0.wisc.cloudlab.us,alibabaBlock_826,s3fifoforgive,10,43022,27,1,1,0.7257,0.03,2939933,430224.9984,2010373
node2.tardis-apia.ldos-ut-pg0.wisc.cloudlab.us,alibabaBlock_826,s3fifoforgive,10,43022,27,1,2,0.7257,0.03,2939933,430224.9984,2010373
node2.tardis-apia.ldos-ut-pg0.wisc.cloudlab.us,alibabaBlock_826,s3fifoforgive,10,43022,27,1,3,0.7257,0.03,2939933,430224.9984,2010373
node2.tardis-apia.ldos-ut-pg0.wisc.cloudlab.us,alibabaBlock_826,lru,0.1,430,25,1,1,0.7419,0.09,2939933,430224.9984,2010373
node2.tardis-apia.ldos-ut-pg0.wisc.cloudlab.us,alibabaBlock_826,lru,0.1,430,25,1,2,0.7419,0.09,2939933,430224.9984,2010373
node2.tardis-apia.ldos-ut-pg0.wisc.cloudlab.us,alibabaBlock_826,lru,0.1,430,25,1,3,0.7419,0.09,2939933,430224.9984,2010373
node2.tardis-apia.ldos-ut-pg0.wisc.cloudlab.us,alibabaBlock_826,lruforgive,0.1,430,25,1,1,0.7412,0.09,2939933,430224.9984,2010373
node2.tardis-apia.ldos-ut-pg0.wisc.cloudlab.us,alibabaBlock_826,lruforgive,0.1,430,25,1,2,0.7412,0.09,2939933,430224.9984,2010373
node2.tardis-apia.ldos-ut-pg0.wisc.cloudlab.us,alibabaBlock_826,lruforgive,0.1,430,25,1,3,0.7412,0.09,2939933,430224.9984,2010373
node2.tardis-apia.ldos-ut-pg0.wisc.cloudlab.us,alibabaBlock_826,s3fifo,0.1,430,25,1,1,0.7403,0.10,2939933,430224.9984,2010373
node2.tardis-apia.ldos-ut-pg0.wisc.cloudlab.us,alibabaBlock_826,s3fifo,0.1,430,25,1,2,0.7403,0.10,2939933,430224.9984,2010373
node2.tardis-apia.ldos-ut-pg0.wisc.cloudlab.us,alibabaBlock_826,s3fifo,0.1,430,25,1,3,0.7403,0.09,2939933,430224.9984,2010373
node2.tardis-apia.ldos-ut-pg0.wisc.cloudlab.us,alibabaBlock_826,s3fifoforgive,0.1,430,25,1,1,0.7402,0.10,2939933,430224.9984,2010373
node2.tardis-apia.ldos-ut-pg0.wisc.cloudlab.us,alibabaBlock_826,s3fifoforgive,0.1,430,25,1,2,0.7403,0.10,2939933,430224.9984,2010373
node2.tardis-apia.ldos-ut-pg0.wisc.cloudlab.us,alibabaBlock_826,s3fifoforgive,0.1,430,25,1,3,0.7402,0.10,2939933,430224.9984,2010373
node2.tardis-apia.ldos-ut-pg0.wisc.cloudlab.us,alibabaBlock_83,lru,10,1423,26,1,1,0.1120,1.14,35758969,14231.3472,1700871
node2.tardis-apia.ldos-ut-pg0.wisc.cloudlab.us,alibabaBlock_83,lru,10,1423,26,1,2,0.1120,1.14,35758969,14231.3472,1700871
node2.tardis-apia.ldos-ut-pg0.wisc.cloudlab.us,alibabaBlock_83,lru,10,1423,26,1,3,0.1120,1.14,35758969,14231.3472,1700871
node2.tardis-apia.ldos-ut-pg0.wisc.cloudlab.us,alibabaBlock_83,lruforgive,10,1423,26,1,1,0.1117,0.50,35758969,14231.3472,1700871
node2.tardis-apia.ldos-ut-pg0.wisc.cloudlab.us,alibabaBlock_83,lruforgive,10,1423,26,1,2,0.1117,0.50,35758969,14231.3472,1700871
node2.tardis-apia.ldos-ut-pg0.wisc.cloudlab.us,alibabaBlock_83,lruforgive,10,1423,26,1,3,0.1117,0.50,35758969,14231.3472,1700871
node2.tardis-apia.ldos-ut-pg0.wisc.cloudlab.us,alibabaBlock_83,s3fifo,10,1423,26,1,1,NA,NA,NA,14231.3472,1700871
node2.tardis-apia.ldos-ut-pg0.wisc.cloudlab.us,alibabaBlock_83,s3fifo,10,1423,26,1,2,NA,NA,NA,14231.3472,1700871
node2.tardis-apia.ldos-ut-pg0.wisc.cloudlab.us,alibabaBlock_83,s3fifo,10,1423,26,1,3,NA,NA,NA,14231.3472,1700871
node2.tardis-apia.ldos-ut-pg0.wisc.cloudlab.us,alibabaBlock_83,s3fifoforgive,10,1423,26,1,1,0.1358,0.54,35758969,14231.3472,1700871
node2.tardis-apia.ldos-ut-pg0.wisc.cloudlab.us,alibabaBlock_83,s3fifoforgive,10,1423,26,1,2,0.1358,0.54,35758969,14231.3472,1700871
node2.tardis-apia.ldos-ut-pg0.wisc.cloudlab.us,alibabaBlock_83,s3fifoforgive,10,1423,26,1,3,NA,0,20910076,14231.3472,1700871
node2.tardis-apia.ldos-ut-pg0.wisc.cloudlab.us,alibabaBlock_83,lru,0.1,14,20,1,1,0.1958,2.93,35758969,14231.3472,1700871
node2.tardis-apia.ldos-ut-pg0.wisc.cloudlab.us,alibabaBlock_83,lru,0.1,14,20,1,2,0.1958,2.92,35758969,14231.3472,1700871
node2.tardis-apia.ldos-ut-pg0.wisc.cloudlab.us,alibabaBlock_83,lru,0.1,14,20,1,3,0.1958,2.92,35758969,14231.3472,1700871
node2.tardis-apia.ldos-ut-pg0.wisc.cloudlab.us,alibabaBlock_83,lruforgive,0.1,14,20,1,1,0.1956,0.96,35758969,14231.3472,1700871
node2.tardis-apia.ldos-ut-pg0.wisc.cloudlab.us,alibabaBlock_83,lruforgive,0.1,14,20,1,2,0.1956,0.95,35758969,14231.3472,1700871
node2.tardis-apia.ldos-ut-pg0.wisc.cloudlab.us,alibabaBlock_83,lruforgive,0.1,14,20,1,3,0.1956,0.96,35758969,14231.3472,1700871
node2.tardis-apia.ldos-ut-pg0.wisc.cloudlab.us,alibabaBlock_83,s3fifo,0.1,14,20,1,1,0.1960,3.00,35758969,14231.3472,1700871
node2.tardis-apia.ldos-ut-pg0.wisc.cloudlab.us,alibabaBlock_83,s3fifo,0.1,14,20,1,2,0.1960,3.00,35758969,14231.3472,1700871
node2.tardis-apia.ldos-ut-pg0.wisc.cloudlab.us,alibabaBlock_83,s3fifo,0.1,14,20,1,3,0.1960,3.04,35758969,14231.3472,1700871
node2.tardis-apia.ldos-ut-pg0.wisc.cloudlab.us,alibabaBlock_83,s3fifoforgive,0.1,14,20,1,1,0.1959,1.01,35758969,14231.3472,1700871
node2.tardis-apia.ldos-ut-pg0.wisc.cloudlab.us,alibabaBlock_83,s3fifoforgive,0.1,14,20,1,2,0.1959,1.00,35758969,14231.3472,1700871
node2.tardis-apia.ldos-ut-pg0.wisc.cloudlab.us,alibabaBlock_83,s3fifoforgive,0.1,14,20,1,3,0.1959,1.01,35758969,14231.3472,1700871
node2.tardis-apia.ldos-ut-pg0.wisc.cloudlab.us,alibabaBlock_86,lru,10,1580,27,1,1,0.1121,1.06,37176560,15802.4704,1683433
node2.tardis-apia.ldos-ut-pg0.wisc.cloudlab.us,alibabaBlock_86,lru,10,1580,27,1,2,0.1121,1.06,37176560,15802.4704,1683433
node2.tardis-apia.ldos-ut-pg0.wisc.cloudlab.us,alibabaBlock_86,lru,10,1580,27,1,3,0.1121,1.05,37176560,15802.4704,1683433
node2.tardis-apia.ldos-ut-pg0.wisc.cloudlab.us,alibabaBlock_86,lruforgive,10,1580,27,1,1,0.1116,0.47,37176560,15802.4704,1683433
node2.tardis-apia.ldos-ut-pg0.wisc.cloudlab.us,alibabaBlock_86,lruforgive,10,1580,27,1,2,0.1116,0.46,37176560,15802.4704,1683433
node2.tardis-apia.ldos-ut-pg0.wisc.cloudlab.us,alibabaBlock_86,lruforgive,10,1580,27,1,3,0.1116,0.47,37176560,15802.4704,1683433
node2.tardis-apia.ldos-ut-pg0.wisc.cloudlab.us,alibabaBlock_86,s3fifo,10,1580,27,1,1,NA,NA,NA,15802.4704,1683433
node2.tardis-apia.ldos-ut-pg0.wisc.cloudlab.us,alibabaBlock_86,s3fifo,10,1580,27,1,2,NA,NA,NA,15802.4704,1683433
node2.tardis-apia.ldos-ut-pg0.wisc.cloudlab.us,alibabaBlock_86,s3fifo,10,1580,27,1,3,NA,NA,NA,15802.4704,1683433
node2.tardis-apia.ldos-ut-pg0.wisc.cloudlab.us,alibabaBlock_86,s3fifoforgive,10,1580,27,1,1,0.1346,0.51,37176560,15802.4704,1683433
node2.tardis-apia.ldos-ut-pg0.wisc.cloudlab.us,alibabaBlock_86,s3fifoforgive,10,1580,27,1,2,NA,NA,21875569,15802.4704,1683433
node2.tardis-apia.ldos-ut-pg0.wisc.cloudlab.us,alibabaBlock_86,s3fifoforgive,10,1580,27,1,3,0.1347,0.50,37176560,15802.4704,1683433
node2.tardis-apia.ldos-ut-pg0.wisc.cloudlab.us,alibabaBlock_86,lru,0.1,16,20,1,1,0.2455,3.04,37176560,15802.4704,1683433
node2.tardis-apia.ldos-ut-pg0.wisc.cloudlab.us,alibabaBlock_86,lru,0.1,16,20,1,2,0.2455,3.05,37176560,15802.4704,1683433
node2.tardis-apia.ldos-ut-pg0.wisc.cloudlab.us,alibabaBlock_86,lru,0.1,16,20,1,3,0.2455,3.00,37176560,15802.4704,1683433
node2.tardis-apia.ldos-ut-pg0.wisc.cloudlab.us,alibabaBlock_86,lruforgive,0.1,16,20,1,1,0.2434,1.04,37176560,15802.4704,1683433
node2.tardis-apia.ldos-ut-pg0.wisc.cloudlab.us,alibabaBlock_86,lruforgive,0.1,16,20,1,2,0.2434,1.03,37176560,15802.4704,1683433
node2.tardis-apia.ldos-ut-pg0.wisc.cloudlab.us,alibabaBlock_86,lruforgive,0.1,16,20,1,3,0.2434,1.04,37176560,15802.4704,1683433
node2.tardis-apia.ldos-ut-pg0.wisc.cloudlab.us,alibabaBlock_86,s3fifo,0.1,16,20,1,1,0.2369,3.30,37176560,15802.4704,1683433
node2.tardis-apia.ldos-ut-pg0.wisc.cloudlab.us,alibabaBlock_86,s3fifo,0.1,16,20,1,2,0.2369,3.34,37176560,15802.4704,1683433
node2.tardis-apia.ldos-ut-pg0.wisc.cloudlab.us,alibabaBlock_86,s3fifo,0.1,16,20,1,3,0.2369,3.27,37176560,15802.4704,1683433
node2.tardis-apia.ldos-ut-pg0.wisc.cloudlab.us,alibabaBlock_86,s3fifoforgive,0.1,16,20,1,1,0.2370,1.11,37176560,15802.4704,1683433
node2.tardis-apia.ldos-ut-pg0.wisc.cloudlab.us,alibabaBlock_86,s3fifoforgive,0.1,16,20,1,2,0.2370,1.12,37176560,15802.4704,1683433
node2.tardis-apia.ldos-ut-pg0.wisc.cloudlab.us,alibabaBlock_86,s3fifoforgive,0.1,16,20,1,3,0.2370,1.13,37176560,15802.4704,1683433
node2.tardis-apia.ldos-ut-pg0.wisc.cloudlab.us,alibabaBlock_88,lru,10,1544,27,1,1,0.1094,1.11,36174091,15441.2032,1792545
node2.tardis-apia.ldos-ut-pg0.wisc.cloudlab.us,alibabaBlock_88,lru,10,1544,27,1,2,0.1094,1.12,36174091,15441.2032,1792545
node2.tardis-apia.ldos-ut-pg0.wisc.cloudlab.us,alibabaBlock_88,lru,10,1544,27,1,3,0.1094,1.12,36174091,15441.2032,1792545
node2.tardis-apia.ldos-ut-pg0.wisc.cloudlab.us,alibabaBlock_88,lruforgive,10,1544,27,1,1,0.1093,0.48,36174091,15441.2032,1792545
node2.tardis-apia.ldos-ut-pg0.wisc.cloudlab.us,alibabaBlock_88,lruforgive,10,1544,27,1,2,0.1093,0.49,36174091,15441.2032,1792545
node2.tardis-apia.ldos-ut-pg0.wisc.cloudlab.us,alibabaBlock_88,lruforgive,10,1544,27,1,3,0.1093,0.48,36174091,15441.2032,1792545
node2.tardis-apia.ldos-ut-pg0.wisc.cloudlab.us,alibabaBlock_88,s3fifo,10,1544,27,1,1,0.1334,1.08,36174091,15441.2032,1792545
node2.tardis-apia.ldos-ut-pg0.wisc.cloudlab.us,alibabaBlock_88,s3fifo,10,1544,27,1,2,0.1334,1.08,36174091,15441.2032,1792545
node2.tardis-apia.ldos-ut-pg0.wisc.cloudlab.us,alibabaBlock_88,s3fifo,10,1544,27,1,3,0.1334,1.08,36174091,15441.2032,1792545
node2.tardis-apia.ldos-ut-pg0.wisc.cloudlab.us,alibabaBlock_88,s3fifoforgive,10,1544,27,1,1,0.1334,0.53,36174091,15441.2032,1792545
node2.tardis-apia.ldos-ut-pg0.wisc.cloudlab.us,alibabaBlock_88,s3fifoforgive,10,1544,27,1,2,0.1333,0.53,36174091,15441.2032,1792545
node2.tardis-apia.ldos-ut-pg0.wisc.cloudlab.us,alibabaBlock_88,s3fifoforgive,10,1544,27,1,3,0.1333,0.53,36174091,15441.2032,1792545
node2.tardis-apia.ldos-ut-pg0.wisc.cloudlab.us,alibabaBlock_88,lru,0.1,15,20,1,1,0.1950,2.95,36174091,15441.2032,1792545
node2.tardis-apia.ldos-ut-pg0.wisc.cloudlab.us,alibabaBlock_88,lru,0.1,15,20,1,2,0.1950,2.96,36174091,15441.2032,1792545
node2.tardis-apia.ldos-ut-pg0.wisc.cloudlab.us,alibabaBlock_88,lru,0.1,15,20,1,3,0.1950,2.96,36174091,15441.2032,1792545
node2.tardis-apia.ldos-ut-pg0.wisc.cloudlab.us,alibabaBlock_88,lruforgive,0.1,15,20,1,1,0.1949,0.95,36174091,15441.2032,1792545
node2.tardis-apia.ldos-ut-pg0.wisc.cloudlab.us,alibabaBlock_88,lruforgive,0.1,15,20,1,2,0.1949,0.94,36174091,15441.2032,1792545
node2.tardis-apia.ldos-ut-pg0.wisc.cloudlab.us,alibabaBlock_88,lruforgive,0.1,15,20,1,3,0.1949,0.95,36174091,15441.2032,1792545
node2.tardis-apia.ldos-ut-pg0.wisc.cloudlab.us,alibabaBlock_88,s3fifo,0.1,15,20,1,1,0.1948,3.08,36174091,15441.2032,1792545
node2.tardis-apia.ldos-ut-pg0.wisc.cloudlab.us,alibabaBlock_88,s3fifo,0.1,15,20,1,2,0.1948,3.06,36174091,15441.2032,1792545
node2.tardis-apia.ldos-ut-pg0.wisc.cloudlab.us,alibabaBlock_88,s3fifo,0.1,15,20,1,3,0.1948,3.01,36174091,15441.2032,1792545
node2.tardis-apia.ldos-ut-pg0.wisc.cloudlab.us,alibabaBlock_88,s3fifoforgive,0.1,15,20,1,1,0.1949,0.99,36174091,15441.2032,1792545
node2.tardis-apia.ldos-ut-pg0.wisc.cloudlab.us,alibabaBlock_88,s3fifoforgive,0.1,15,20,1,2,0.1948,1.00,36174091,15441.2032,1792545
node2.tardis-apia.ldos-ut-pg0.wisc.cloudlab.us,alibabaBlock_88,s3fifoforgive,0.1,15,20,1,3,0.1948,1.00,36174091,15441.2032,1792545
node2.tardis-apia.ldos-ut-pg0.wisc.cloudlab.us,alibabaBlock_91,lru,10,1446,26,1,1,0.1109,1.08,38404096,14463.0784,1534797
node2.tardis-apia.ldos-ut-pg0.wisc.cloudlab.us,alibabaBlock_91,lru,10,1446,26,1,2,0.1109,1.08,38404096,14463.0784,1534797
node2.tardis-apia.ldos-ut-pg0.wisc.cloudlab.us,alibabaBlock_91,lru,10,1446,26,1,3,0.1109,1.08,38404096,14463.0784,1534797
node2.tardis-apia.ldos-ut-pg0.wisc.cloudlab.us,alibabaBlock_91,lruforgive,10,1446,26,1,1,0.1102,0.47,38404096,14463.0784,1534797
node2.tardis-apia.ldos-ut-pg0.wisc.cloudlab.us,alibabaBlock_91,lruforgive,10,1446,26,1,2,0.1102,0.47,38404096,14463.0784,1534797
node2.tardis-apia.ldos-ut-pg0.wisc.cloudlab.us,alibabaBlock_91,lruforgive,10,1446,26,1,3,0.1102,0.47,38404096,14463.0784,1534797
node2.tardis-apia.ldos-ut-pg0.wisc.cloudlab.us,alibabaBlock_91,s3fifo,10,1446,26,1,1,NA,NA,NA,14463.0784,1534797
node2.tardis-apia.ldos-ut-pg0.wisc.cloudlab.us,alibabaBlock_91,s3fifo,10,1446,26,1,2,NA,NA,NA,14463.0784,1534797
node2.tardis-apia.ldos-ut-pg0.wisc.cloudlab.us,alibabaBlock_91,s3fifo,10,1446,26,1,3,NA,NA,NA,14463.0784,1534797
node2.tardis-apia.ldos-ut-pg0.wisc.cloudlab.us,alibabaBlock_91,s3fifoforgive,10,1446,26,1,1,0.1304,0.52,38404096,14463.0784,1534797
node2.tardis-apia.ldos-ut-pg0.wisc.cloudlab.us,alibabaBlock_91,s3fifoforgive,10,1446,26,1,2,0.1304,0.51,38404096,14463.0784,1534797
node2.tardis-apia.ldos-ut-pg0.wisc.cloudlab.us,alibabaBlock_91,s3fifoforgive,10,1446,26,1,3,0.1305,0.45,38404096,14463.0784,1534797
node2.tardis-apia.ldos-ut-pg0.wisc.cloudlab.us,alibabaBlock_91,lru,0.1,14,20,1,1,0.2429,3.05,38404096,14463.0784,1534797
node2.tardis-apia.ldos-ut-pg0.wisc.cloudlab.us,alibabaBlock_91,lru,0.1,14,20,1,2,0.2429,3.07,38404096,14463.0784,1534797
node2.tardis-apia.ldos-ut-pg0.wisc.cloudlab.us,alibabaBlock_91,lru,0.1,14,20,1,3,0.2429,3.05,38404096,14463.0784,1534797
node2.tardis-apia.ldos-ut-pg0.wisc.cloudlab.us,alibabaBlock_91,lruforgive,0.1,14,20,1,1,0.2414,0.92,38404096,14463.0784,1534797
node2.tardis-apia.ldos-ut-pg0.wisc.cloudlab.us,alibabaBlock_91,lruforgive,0.1,14,20,1,2,0.2414,0.97,38404096,14463.0784,1534797
node2.tardis-apia.ldos-ut-pg0.wisc.cloudlab.us,alibabaBlock_91,lruforgive,0.1,14,20,1,3,0.2414,1.06,38404096,14463.0784,1534797
node2.tardis-apia.ldos-ut-pg0.wisc.cloudlab.us,alibabaBlock_91,s3fifo,0.1,14,20,1,1,0.2362,3.40,38404096,14463.0784,1534797
node2.tardis-apia.ldos-ut-pg0.wisc.cloudlab.us,alibabaBlock_91,s3fifo,0.1,14,20,1,2,0.2362,3.35,38404096,14463.0784,1534797
node2.tardis-apia.ldos-ut-pg0.wisc.cloudlab.us,alibabaBlock_91,s3fifo,0.1,14,20,1,3,0.2362,3.34,38404096,14463.0784,1534797
node2.tardis-apia.ldos-ut-pg0.wisc.cloudlab.us,alibabaBlock_91,s3fifoforgive,0.1,14,20,1,1,0.2359,0.98,38404096,14463.0784,1534797
node2.tardis-apia.ldos-ut-pg0.wisc.cloudlab.us,alibabaBlock_91,s3fifoforgive,0.1,14,20,1,2,0.2359,0.99,38404096,14463.0784,1534797
node2.tardis-apia.ldos-ut-pg0.wisc.cloudlab.us,alibabaBlock_91,s3fifoforgive,0.1,14,20,1,3,0.2359,1.05,38404096,14463.0784,1534797
node2.tardis-apia.ldos-ut-pg0.wisc.cloudlab.us,alibabaBlock_92,lru,10,1702,27,1,1,0.0875,1.15,47472332,17018.0608,1816923
node2.tardis-apia.ldos-ut-pg0.wisc.cloudlab.us,alibabaBlock_92,lru,10,1702,27,1,2,0.0875,1.16,47472332,17018.0608,1816923
node2.tardis-apia.ldos-ut-pg0.wisc.cloudlab.us,alibabaBlock_92,lru,10,1702,27,1,3,0.0875,1.15,47472332,17018.0608,1816923
node2.tardis-apia.ldos-ut-pg0.wisc.cloudlab.us,alibabaBlock_92,lruforgive,10,1702,27,1,1,0.0872,0.48,47472332,17018.0608,1816923
node2.tardis-apia.ldos-ut-pg0.wisc.cloudlab.us,alibabaBlock_92,lruforgive,10,1702,27,1,2,0.0872,0.48,47472332,17018.0608,1816923
node2.tardis-apia.ldos-ut-pg0.wisc.cloudlab.us,alibabaBlock_92,lruforgive,10,1702,27,1,3,0.0872,0.48,47472332,17018.0608,1816923
node2.tardis-apia.ldos-ut-pg0.wisc.cloudlab.us,alibabaBlock_92,s3fifo,10,1702,27,1,1,NA,NA,NA,17018.0608,1816923
node2.tardis-apia.ldos-ut-pg0.wisc.cloudlab.us,alibabaBlock_92,s3fifo,10,1702,27,1,2,0.1080,1.16,47472332,17018.0608,1816923
node2.tardis-apia.ldos-ut-pg0.wisc.cloudlab.us,alibabaBlock_92,s3fifo,10,1702,27,1,3,0.1080,1.16,47472332,17018.0608,1816923
node2.tardis-apia.ldos-ut-pg0.wisc.cloudlab.us,alibabaBlock_92,s3fifoforgive,10,1702,27,1,1,NA,NA,28121742,17018.0608,1816923
node2.tardis-apia.ldos-ut-pg0.wisc.cloudlab.us,alibabaBlock_92,s3fifoforgive,10,1702,27,1,2,NA,NA,28121742,17018.0608,1816923
node2.tardis-apia.ldos-ut-pg0.wisc.cloudlab.us,alibabaBlock_92,s3fifoforgive,10,1702,27,1,3,NA,NA,28121742,17018.0608,1816923
node2.tardis-apia.ldos-ut-pg0.wisc.cloudlab.us,alibabaBlock_92,lru,0.1,17,20,1,1,0.3501,2.64,47472332,17018.0608,1816923
node2.tardis-apia.ldos-ut-pg0.wisc.cloudlab.us,alibabaBlock_92,lru,0.1,17,20,1,2,0.3501,2.64,47472332,17018.0608,1816923
node2.tardis-apia.ldos-ut-pg0.wisc.cloudlab.us,alibabaBlock_92,lru,0.1,17,20,1,3,0.3501,2.65,47472332,17018.0608,1816923
node2.tardis-apia.ldos-ut-pg0.wisc.cloudlab.us,alibabaBlock_92,lruforgive,0.1,17,20,1,1,0.3410,1.03,47472332,17018.0608,1816923
node2.tardis-apia.ldos-ut-pg0.wisc.cloudlab.us,alibabaBlock_92,lruforgive,0.1,17,20,1,2,0.3410,1.03,47472332,17018.0608,1816923
node2.tardis-apia.ldos-ut-pg0.wisc.cloudlab.us,alibabaBlock_92,lruforgive,0.1,17,20,1,3,0.3410,1.02,47472332,17018.0608,1816923
node2.tardis-apia.ldos-ut-pg0.wisc.cloudlab.us,alibabaBlock_92,s3fifo,0.1,17,20,1,1,0.3189,2.92,47472332,17018.0608,1816923
node2.tardis-apia.ldos-ut-pg0.wisc.cloudlab.us,alibabaBlock_92,s3fifo,0.1,17,20,1,2,0.3189,2.90,47472332,17018.0608,1816923
node2.tardis-apia.ldos-ut-pg0.wisc.cloudlab.us,alibabaBlock_92,s3fifo,0.1,17,20,1,3,0.3189,2.93,47472332,17018.0608,1816923
node2.tardis-apia.ldos-ut-pg0.wisc.cloudlab.us,alibabaBlock_92,s3fifoforgive,0.1,17,20,1,1,0.3224,1.16,47472332,17018.0608,1816923
node2.tardis-apia.ldos-ut-pg0.wisc.cloudlab.us,alibabaBlock_92,s3fifoforgive,0.1,17,20,1,2,0.3224,1.16,47472332,17018.0608,1816923
node2.tardis-apia.ldos-ut-pg0.wisc.cloudlab.us,alibabaBlock_92,s3fifoforgive,0.1,17,20,1,3,0.3224,1.16,47472332,17018.0608,1816923
node2.tardis-apia.ldos-ut-pg0.wisc.cloudlab.us,alibabaBlock_94,lru,10,37188,27,1,1,0.7342,0.13,14482520,371883.9296,8884829
node2.tardis-apia.ldos-ut-pg0.wisc.cloudlab.us,alibabaBlock_94,lru,10,37188,27,1,2,0.7342,0.13,14482520,371883.9296,8884829
node2.tardis-apia.ldos-ut-pg0.wisc.cloudlab.us,alibabaBlock_94,lru,10,37188,27,1,3,0.7342,0.13,14482520,371883.9296,8884829
node2.tardis-apia.ldos-ut-pg0.wisc.cloudlab.us,alibabaBlock_94,lruforgive,10,37188,27,1,1,0.7339,0.13,14482520,371883.9296,8884829
node2.tardis-apia.ldos-ut-pg0.wisc.cloudlab.us,alibabaBlock_94,lruforgive,10,37188,27,1,2,0.7339,0.13,14482520,371883.9296,8884829
node2.tardis-apia.ldos-ut-pg0.wisc.cloudlab.us,alibabaBlock_94,lruforgive,10,37188,27,1,3,0.7339,0.13,14482520,371883.9296,8884829
node2.tardis-apia.ldos-ut-pg0.wisc.cloudlab.us,alibabaBlock_94,s3fifo,10,37188,27,1,1,NA,NA,NA,371883.9296,8884829
node2.tardis-apia.ldos-ut-pg0.wisc.cloudlab.us,alibabaBlock_94,s3fifo,10,37188,27,1,2,NA,NA,NA,371883.9296,8884829
node2.tardis-apia.ldos-ut-pg0.wisc.cloudlab.us,alibabaBlock_94,s3fifo,10,37188,27,1,3,NA,NA,NA,371883.9296,8884829
node2.tardis-apia.ldos-ut-pg0.wisc.cloudlab.us,alibabaBlock_94,s3fifoforgive,10,37188,27,1,1,NA,NA,NA,371883.9296,8884829
node2.tardis-apia.ldos-ut-pg0.wisc.cloudlab.us,alibabaBlock_94,s3fifoforgive,10,37188,27,1,2,NA,NA,NA,371883.9296,8884829
node2.tardis-apia.ldos-ut-pg0.wisc.cloudlab.us,alibabaBlock_94,s3fifoforgive,10,37188,27,1,3,NA,NA,NA,371883.9296,8884829
node2.tardis-apia.ldos-ut-pg0.wisc.cloudlab.us,alibabaBlock_94,lru,0.1,372,25,1,1,0.8206,0.21,14482520,371883.9296,8884829
node2.tardis-apia.ldos-ut-pg0.wisc.cloudlab.us,alibabaBlock_94,lru,0.1,372,25,1,2,0.8206,0.21,14482520,371883.9296,8884829
node2.tardis-apia.ldos-ut-pg0.wisc.cloudlab.us,alibabaBlock_94,lru,0.1,372,25,1,3,0.8206,0.21,14482520,371883.9296,8884829
node2.tardis-apia.ldos-ut-pg0.wisc.cloudlab.us,alibabaBlock_94,lruforgive,0.1,372,25,1,1,0.8203,0.20,14482520,371883.9296,8884829
node2.tardis-apia.ldos-ut-pg0.wisc.cloudlab.us,alibabaBlock_94,lruforgive,0.1,372,25,1,2,0.8203,0.20,14482520,371883.9296,8884829
node2.tardis-apia.ldos-ut-pg0.wisc.cloudlab.us,alibabaBlock_94,lruforgive,0.1,372,25,1,3,0.8203,0.20,14482520,371883.9296,8884829
node2.tardis-apia.ldos-ut-pg0.wisc.cloudlab.us,alibabaBlock_94,s3fifo,0.1,372,25,1,1,NA,NA,NA,371883.9296,8884829
node2.tardis-apia.ldos-ut-pg0.wisc.cloudlab.us,alibabaBlock_94,s3fifo,0.1,372,25,1,2,0.8200,0.22,14482520,371883.9296,8884829
node2.tardis-apia.ldos-ut-pg0.wisc.cloudlab.us,alibabaBlock_94,s3fifo,0.1,372,25,1,3,0.8200,0.22,14482520,371883.9296,8884829
node2.tardis-apia.ldos-ut-pg0.wisc.cloudlab.us,alibabaBlock_94,s3fifoforgive,0.1,372,25,1,1,NA,NA,NA,371883.9296,8884829
node2.tardis-apia.ldos-ut-pg0.wisc.cloudlab.us,alibabaBlock_94,s3fifoforgive,0.1,372,25,1,2,0.8199,0.21,14482520,371883.9296,8884829
node2.tardis-apia.ldos-ut-pg0.wisc.cloudlab.us,alibabaBlock_94,s3fifoforgive,0.1,372,25,1,3,0.8199,0.21,14482520,371883.9296,8884829
node2.tardis-apia.ldos-ut-pg0.wisc.cloudlab.us,alibabaBlock_96,lru,10,2007,27,1,1,0.1070,0.72,14698713,20065.3824,1144894
node2.tardis-apia.ldos-ut-pg0.wisc.cloudlab.us,alibabaBlock_96,lru,10,2007,27,1,2,0.1070,0.71,14698713,20065.3824,1144894
node2.tardis-apia.ldos-ut-pg0.wisc.cloudlab.us,alibabaBlock_96,lru,10,2007,27,1,3,0.1070,0.71,14698713,20065.3824,1144894
node2.tardis-apia.ldos-ut-pg0.wisc.cloudlab.us,alibabaBlock_96,lruforgive,10,2007,27,1,1,0.1032,0.36,14698713,20065.3824,1144894
node2.tardis-apia.ldos-ut-pg0.wisc.cloudlab.us,alibabaBlock_96,lruforgive,10,2007,27,1,2,0.1033,0.35,14698713,20065.3824,1144894
node2.tardis-apia.ldos-ut-pg0.wisc.cloudlab.us,alibabaBlock_96,lruforgive,10,2007,27,1,3,0.1032,0.35,14698713,20065.3824,1144894
node2.tardis-apia.ldos-ut-pg0.wisc.cloudlab.us,alibabaBlock_96,s3fifo,10,2007,27,1,1,NA,NA,NA,20065.3824,1144894
node2.tardis-apia.ldos-ut-pg0.wisc.cloudlab.us,alibabaBlock_96,s3fifo,10,2007,27,1,2,NA,NA,NA,20065.3824,1144894
node2.tardis-apia.ldos-ut-pg0.wisc.cloudlab.us,alibabaBlock_96,s3fifo,10,2007,27,1,3,NA,NA,NA,20065.3824,1144894
node2.tardis-apia.ldos-ut-pg0.wisc.cloudlab.us,alibabaBlock_96,s3fifoforgive,10,2007,27,1,1,NA,0.40,8192129,20065.3824,1144894
node2.tardis-apia.ldos-ut-pg0.wisc.cloudlab.us,alibabaBlock_96,s3fifoforgive,10,2007,27,1,2,NA,0.40,8192129,20065.3824,1144894
node2.tardis-apia.ldos-ut-pg0.wisc.cloudlab.us,alibabaBlock_96,s3fifoforgive,10,2007,27,1,3,NA,0.40,8192129,20065.3824,1144894
node2.tardis-apia.ldos-ut-pg0.wisc.cloudlab.us,alibabaBlock_96,lru,0.1,20,20,1,1,0.4601,1.89,14698713,20065.3824,1144894
node2.tardis-apia.ldos-ut-pg0.wisc.cloudlab.us,alibabaBlock_96,lru,0.1,20,20,1,2,0.4601,1.88,14698713,20065.3824,1144894
node2.tardis-apia.ldos-ut-pg0.wisc.cloudlab.us,alibabaBlock_96,lru,0.1,20,20,1,3,0.4601,1.87,14698713,20065.3824,1144894
node2.tardis-apia.ldos-ut-pg0.wisc.cloudlab.us,alibabaBlock_96,lruforgive,0.1,20,20,1,1,0.4489,0.81,14698713,20065.3824,1144894
node2.tardis-apia.ldos-ut-pg0.wisc.cloudlab.us,alibabaBlock_96,lruforgive,0.1,20,20,1,2,0.4489,0.80,14698713,20065.3824,1144894
node2.tardis-apia.ldos-ut-pg0.wisc.cloudlab.us,alibabaBlock_96,lruforgive,0.1,20,20,1,3,0.4489,0.81,14698713,20065.3824,1144894
node2.tardis-apia.ldos-ut-pg0.wisc.cloudlab.us,alibabaBlock_96,s3fifo,0.1,20,20,1,1,NA,NA,NA,20065.3824,1144894
node2.tardis-apia.ldos-ut-pg0.wisc.cloudlab.us,alibabaBlock_96,s3fifo,0.1,20,20,1,2,NA,NA,NA,20065.3824,1144894
node2.tardis-apia.ldos-ut-pg0.wisc.cloudlab.us,alibabaBlock_96,s3fifo,0.1,20,20,1,3,NA,NA,NA,20065.3824,1144894
node2.tardis-apia.ldos-ut-pg0.wisc.cloudlab.us,alibabaBlock_96,s3fifoforgive,0.1,20,20,1,1,0.4632,1.00,14698713,20065.3824,1144894
node2.tardis-apia.ldos-ut-pg0.wisc.cloudlab.us,alibabaBlock_96,s3fifoforgive,0.1,20,20,1,2,0.4632,0.99,14698713,20065.3824,1144894
node2.tardis-apia.ldos-ut-pg0.wisc.cloudlab.us,alibabaBlock_96,s3fifoforgive,0.1,20,20,1,3,0.4632,0.99,14698713,20065.3824,1144894
node2.tardis-apia.ldos-ut-pg0.wisc.cloudlab.us,alibabaBlock_97,lru,10,36506,27,1,1,0.1069,0.13,18989875,365063.4752,1647267
node2.tardis-apia.ldos-ut-pg0.wisc.cloudlab.us,alibabaBlock_97,lru,10,36506,27,1,2,0.1069,0.13,18989875,365063.4752,1647267
node2.tardis-apia.ldos-ut-pg0.wisc.cloudlab.us,alibabaBlock_97,lru,10,36506,27,1,3,0.1069,0.12,18989875,365063.4752,1647267
node2.tardis-apia.ldos-ut-pg0.wisc.cloudlab.us,alibabaBlock_97,lruforgive,10,36506,27,1,1,0.1067,0.12,18989875,365063.4752,1647267
node2.tardis-apia.ldos-ut-pg0.wisc.cloudlab.us,alibabaBlock_97,lruforgive,10,36506,27,1,2,0.1067,0.12,18989875,365063.4752,1647267
node2.tardis-apia.ldos-ut-pg0.wisc.cloudlab.us,alibabaBlock_97,lruforgive,10,36506,27,1,3,0.1067,0.12,18989875,365063.4752,1647267
node2.tardis-apia.ldos-ut-pg0.wisc.cloudlab.us,alibabaBlock_97,s3fifo,10,36506,27,1,1,0.1050,0.13,18989875,365063.4752,1647267
node2.tardis-apia.ldos-ut-pg0.wisc.cloudlab.us,alibabaBlock_97,s3fifo,10,36506,27,1,2,0.1050,0.13,18989875,365063.4752,1647267
node2.tardis-apia.ldos-ut-pg0.wisc.cloudlab.us,alibabaBlock_97,s3fifo,10,36506,27,1,3,0.1050,0.13,18989875,365063.4752,1647267
node2.tardis-apia.ldos-ut-pg0.wisc.cloudlab.us,alibabaBlock_97,s3fifoforgive,10,36506,27,1,1,0.1050,0.12,18989875,365063.4752,1647267
node2.tardis-apia.ldos-ut-pg0.wisc.cloudlab.us,alibabaBlock_97,s3fifoforgive,10,36506,27,1,2,0.1050,0.12,18989875,365063.4752,1647267
node2.tardis-apia.ldos-ut-pg0.wisc.cloudlab.us,alibabaBlock_97,s3fifoforgive,10,36506,27,1,3,0.1050,0.12,18989875,365063.4752,1647267
node2.tardis-apia.ldos-ut-pg0.wisc.cloudlab.us,alibabaBlock_97,lru,0.1,365,25,1,1,0.1168,0.18,18989875,365063.4752,1647267
node2.tardis-apia.ldos-ut-pg0.wisc.cloudlab.us,alibabaBlock_97,lru,0.1,365,25,1,2,0.1168,0.18,18989875,365063.4752,1647267
node2.tardis-apia.ldos-ut-pg0.wisc.cloudlab.us,alibabaBlock_97,lru,0.1,365,25,1,3,0.1168,0.18,18989875,365063.4752,1647267
node2.tardis-apia.ldos-ut-pg0.wisc.cloudlab.us,alibabaBlock_97,lruforgive,0.1,365,25,1,1,0.1167,0.16,18989875,365063.4752,1647267
node2.tardis-apia.ldos-ut-pg0.wisc.cloudlab.us,alibabaBlock_97,lruforgive,0.1,365,25,1,2,0.1167,0.16,18989875,365063.4752,1647267
node2.tardis-apia.ldos-ut-pg0.wisc.cloudlab.us,alibabaBlock_97,lruforgive,0.1,365,25,1,3,0.1167,0.16,18989875,365063.4752,1647267
node2.tardis-apia.ldos-ut-pg0.wisc.cloudlab.us,alibabaBlock_97,s3fifo,0.1,365,25,1,1,0.1155,0.18,18989875,365063.4752,1647267
node2.tardis-apia.ldos-ut-pg0.wisc.cloudlab.us,alibabaBlock_97,s3fifo,0.1,365,25,1,2,0.1155,0.18,18989875,365063.4752,1647267
node2.tardis-apia.ldos-ut-pg0.wisc.cloudlab.us,alibabaBlock_97,s3fifo,0.1,365,25,1,3,0.1155,0.18,18989875,365063.4752,1647267
node2.tardis-apia.ldos-ut-pg0.wisc.cloudlab.us,alibabaBlock_97,s3fifoforgive,0.1,365,25,1,1,0.1155,0.16,18989875,365063.4752,1647267
node2.tardis-apia.ldos-ut-pg0.wisc.cloudlab.us,alibabaBlock_97,s3fifoforgive,0.1,365,25,1,2,0.1155,0.16,18989875,365063.4752,1647267
node2.tardis-apia.ldos-ut-pg0.wisc.cloudlab.us,alibabaBlock_97,s3fifoforgive,0.1,365,25,1,3,0.1155,0.16,18989875,365063.4752,1647267
node2.tardis-apia.ldos-ut-pg0.wisc.cloudlab.us,alibabaBlock_99,lru,10,30535,27,1,1,0.6179,0.03,3266587,305352.9088,1458379
node2.tardis-apia.ldos-ut-pg0.wisc.cloudlab.us,alibabaBlock_99,lru,10,30535,27,1,2,0.6179,0.03,3266587,305352.9088,1458379
node2.tardis-apia.ldos-ut-pg0.wisc.cloudlab.us,alibabaBlock_99,lru,10,30535,27,1,3,0.6179,0.03,3266587,305352.9088,1458379
node2.tardis-apia.ldos-ut-pg0.wisc.cloudlab.us,alibabaBlock_99,lruforgive,10,30535,27,1,1,0.6138,0.04,3266587,305352.9088,1458379
node2.tardis-apia.ldos-ut-pg0.wisc.cloudlab.us,alibabaBlock_99,lruforgive,10,30535,27,1,2,0.6138,0.04,3266587,305352.9088,1458379
node2.tardis-apia.ldos-ut-pg0.wisc.cloudlab.us,alibabaBlock_99,lruforgive,10,30535,27,1,3,0.6138,0.03,3266587,305352.9088,1458379
node2.tardis-apia.ldos-ut-pg0.wisc.cloudlab.us,alibabaBlock_99,s3fifo,10,30535,27,1,1,0.5793,0.04,3266587,305352.9088,1458379
node2.tardis-apia.ldos-ut-pg0.wisc.cloudlab.us,alibabaBlock_99,s3fifo,10,30535,27,1,2,0.5791,0.04,3266587,305352.9088,1458379
node2.tardis-apia.ldos-ut-pg0.wisc.cloudlab.us,alibabaBlock_99,s3fifo,10,30535,27,1,3,0.5792,0.04,3266587,305352.9088,1458379
node2.tardis-apia.ldos-ut-pg0.wisc.cloudlab.us,alibabaBlock_99,s3fifoforgive,10,30535,27,1,1,0.5791,0.04,3266587,305352.9088,1458379
node2.tardis-apia.ldos-ut-pg0.wisc.cloudlab.us,alibabaBlock_99,s3fifoforgive,10,30535,27,1,2,0.5817,0.04,3266587,305352.9088,1458379
node2.tardis-apia.ldos-ut-pg0.wisc.cloudlab.us,alibabaBlock_99,s3fifoforgive,10,30535,27,1,3,0.5793,0.04,3266587,305352.9088,1458379
node2.tardis-apia.ldos-ut-pg0.wisc.cloudlab.us,alibabaBlock_99,lru,0.1,305,24,1,1,0.9214,0.05,3266587,305352.9088,1458379
node2.tardis-apia.ldos-ut-pg0.wisc.cloudlab.us,alibabaBlock_99,lru,0.1,305,24,1,2,0.9214,0.05,3266587,305352.9088,1458379
node2.tardis-apia.ldos-ut-pg0.wisc.cloudlab.us,alibabaBlock_99,lru,0.1,305,24,1,3,0.9214,0.05,3266587,305352.9088,1458379
node2.tardis-apia.ldos-ut-pg0.wisc.cloudlab.us,alibabaBlock_99,lruforgive,0.1,305,24,1,1,0.9204,0.05,3266587,305352.9088,1458379
node2.tardis-apia.ldos-ut-pg0.wisc.cloudlab.us,alibabaBlock_99,lruforgive,0.1,305,24,1,2,0.9204,0.05,3266587,305352.9088,1458379
node2.tardis-apia.ldos-ut-pg0.wisc.cloudlab.us,alibabaBlock_99,lruforgive,0.1,305,24,1,3,0.9204,0.05,3266587,305352.9088,1458379
node2.tardis-apia.ldos-ut-pg0.wisc.cloudlab.us,alibabaBlock_99,s3fifo,0.1,305,24,1,1,NA,NA,NA,305352.9088,1458379
node2.tardis-apia.ldos-ut-pg0.wisc.cloudlab.us,alibabaBlock_99,s3fifo,0.1,305,24,1,2,NA,NA,NA,305352.9088,1458379
node2.tardis-apia.ldos-ut-pg0.wisc.cloudlab.us,alibabaBlock_99,s3fifo,0.1,305,24,1,3,NA,NA,NA,305352.9088,1458379
node2.tardis-apia.ldos-ut-pg0.wisc.cloudlab.us,alibabaBlock_99,s3fifoforgive,0.1,305,24,1,1,0.9177,0.05,3266587,305352.9088,1458379
node2.tardis-apia.ldos-ut-pg0.wisc.cloudlab.us,alibabaBlock_99,s3fifoforgive,0.1,305,24,1,2,0.9177,0.05,3266587,305352.9088,1458379
node2.tardis-apia.ldos-ut-pg0.wisc.cloudlab.us,alibabaBlock_99,s3fifoforgive,0.1,305,24,1,3,0.9177,0.05,3266587,305352.9088,1458379
node2.tardis-apia.ldos-ut-pg0.wisc.cloudlab.us,meta_rprn,lru,10,69867588,27,1,1,NA_TOOBIG,NA,NA,698675883.3152,29030282
node2.tardis-apia.ldos-ut-pg0.wisc.cloudlab.us,meta_rprn,lru,10,69867588,27,1,2,NA_TOOBIG,NA,NA,698675883.3152,29030282
node2.tardis-apia.ldos-ut-pg0.wisc.cloudlab.us,meta_rprn,lru,10,69867588,27,1,3,NA_TOOBIG,NA,NA,698675883.3152,29030282
node2.tardis-apia.ldos-ut-pg0.wisc.cloudlab.us,meta_rprn,lruforgive,10,69867588,27,1,1,NA_TOOBIG,NA,NA,698675883.3152,29030282
node2.tardis-apia.ldos-ut-pg0.wisc.cloudlab.us,meta_rprn,lruforgive,10,69867588,27,1,2,NA_TOOBIG,NA,NA,698675883.3152,29030282
node2.tardis-apia.ldos-ut-pg0.wisc.cloudlab.us,meta_rprn,lruforgive,10,69867588,27,1,3,NA_TOOBIG,NA,NA,698675883.3152,29030282
node2.tardis-apia.ldos-ut-pg0.wisc.cloudlab.us,meta_rprn,s3fifo,10,69867588,27,1,1,NA_TOOBIG,NA,NA,698675883.3152,29030282
node2.tardis-apia.ldos-ut-pg0.wisc.cloudlab.us,meta_rprn,s3fifo,10,69867588,27,1,2,NA_TOOBIG,NA,NA,698675883.3152,29030282
node2.tardis-apia.ldos-ut-pg0.wisc.cloudlab.us,meta_rprn,s3fifo,10,69867588,27,1,3,NA_TOOBIG,NA,NA,698675883.3152,29030282
node2.tardis-apia.ldos-ut-pg0.wisc.cloudlab.us,meta_rprn,s3fifoforgive,10,69867588,27,1,1,NA_TOOBIG,NA,NA,698675883.3152,29030282
node2.tardis-apia.ldos-ut-pg0.wisc.cloudlab.us,meta_rprn,s3fifoforgive,10,69867588,27,1,2,NA_TOOBIG,NA,NA,698675883.3152,29030282
node2.tardis-apia.ldos-ut-pg0.wisc.cloudlab.us,meta_rprn,s3fifoforgive,10,69867588,27,1,3,NA_TOOBIG,NA,NA,698675883.3152,29030282
node2.tardis-apia.ldos-ut-pg0.wisc.cloudlab.us,meta_rprn,lru,0.1,698676,27,1,1,NA_TOOBIG,NA,NA,698675883.3152,29030282
node2.tardis-apia.ldos-ut-pg0.wisc.cloudlab.us,meta_rprn,lru,0.1,698676,27,1,2,NA_TOOBIG,NA,NA,698675883.3152,29030282
node2.tardis-apia.ldos-ut-pg0.wisc.cloudlab.us,meta_rprn,lru,0.1,698676,27,1,3,NA_TOOBIG,NA,NA,698675883.3152,29030282
node2.tardis-apia.ldos-ut-pg0.wisc.cloudlab.us,meta_rprn,lruforgive,0.1,698676,27,1,1,NA_TOOBIG,NA,NA,698675883.3152,29030282
node2.tardis-apia.ldos-ut-pg0.wisc.cloudlab.us,meta_rprn,lruforgive,0.1,698676,27,1,2,NA_TOOBIG,NA,NA,698675883.3152,29030282
node2.tardis-apia.ldos-ut-pg0.wisc.cloudlab.us,meta_rprn,lruforgive,0.1,698676,27,1,3,NA_TOOBIG,NA,NA,698675883.3152,29030282
node2.tardis-apia.ldos-ut-pg0.wisc.cloudlab.us,meta_rprn,s3fifo,0.1,698676,27,1,1,NA_TOOBIG,NA,NA,698675883.3152,29030282
node2.tardis-apia.ldos-ut-pg0.wisc.cloudlab.us,meta_rprn,s3fifo,0.1,698676,27,1,2,NA_TOOBIG,NA,NA,698675883.3152,29030282
node2.tardis-apia.ldos-ut-pg0.wisc.cloudlab.us,meta_rprn,s3fifo,0.1,698676,27,1,3,NA_TOOBIG,NA,NA,698675883.3152,29030282
node2.tardis-apia.ldos-ut-pg0.wisc.cloudlab.us,meta_rprn,s3fifoforgive,0.1,698676,27,1,1,NA_TOOBIG,NA,NA,698675883.3152,29030282
node2.tardis-apia.ldos-ut-pg0.wisc.cloudlab.us,meta_rprn,s3fifoforgive,0.1,698676,27,1,2,NA_TOOBIG,NA,NA,698675883.3152,29030282
node2.tardis-apia.ldos-ut-pg0.wisc.cloudlab.us,meta_rprn,s3fifoforgive,0.1,698676,27,1,3,NA_TOOBIG,NA,NA,698675883.3152,29030282
node2.tardis-apia.ldos-ut-pg0.wisc.cloudlab.us,tencentBlock_1360,lru,10,25525,27,1,1,NA,NA,NA,255251.0464,2469448
node2.tardis-apia.ldos-ut-pg0.wisc.cloudlab.us,tencentBlock_1360,lru,10,25525,27,1,2,NA,NA,NA,255251.0464,2469448
node2.tardis-apia.ldos-ut-pg0.wisc.cloudlab.us,tencentBlock_1360,lru,10,25525,27,1,3,NA,NA,NA,255251.0464,2469448
node2.tardis-apia.ldos-ut-pg0.wisc.cloudlab.us,tencentBlock_1360,lruforgive,10,25525,27,1,1,NA,NA,NA,255251.0464,2469448
node2.tardis-apia.ldos-ut-pg0.wisc.cloudlab.us,tencentBlock_1360,lruforgive,10,25525,27,1,2,NA,NA,NA,255251.0464,2469448
node2.tardis-apia.ldos-ut-pg0.wisc.cloudlab.us,tencentBlock_1360,lruforgive,10,25525,27,1,3,NA,NA,NA,255251.0464,2469448
node2.tardis-apia.ldos-ut-pg0.wisc.cloudlab.us,tencentBlock_1360,s3fifo,10,25525,27,1,1,NA,NA,NA,255251.0464,2469448
node2.tardis-apia.ldos-ut-pg0.wisc.cloudlab.us,tencentBlock_1360,s3fifo,10,25525,27,1,2,NA,NA,NA,255251.0464,2469448
node2.tardis-apia.ldos-ut-pg0.wisc.cloudlab.us,tencentBlock_1360,s3fifo,10,25525,27,1,3,NA,NA,NA,255251.0464,2469448
node2.tardis-apia.ldos-ut-pg0.wisc.cloudlab.us,tencentBlock_1360,s3fifoforgive,10,25525,27,1,1,NA,NA,NA,255251.0464,2469448
node2.tardis-apia.ldos-ut-pg0.wisc.cloudlab.us,tencentBlock_1360,s3fifoforgive,10,25525,27,1,2,NA,NA,NA,255251.0464,2469448
node2.tardis-apia.ldos-ut-pg0.wisc.cloudlab.us,tencentBlock_1360,s3fifoforgive,10,25525,27,1,3,NA,NA,NA,255251.0464,2469448
node2.tardis-apia.ldos-ut-pg0.wisc.cloudlab.us,tencentBlock_1360,lru,0.1,255,24,1,1,NA,NA,NA,255251.0464,2469448
node2.tardis-apia.ldos-ut-pg0.wisc.cloudlab.us,tencentBlock_1360,lru,0.1,255,24,1,2,NA,NA,NA,255251.0464,2469448
node2.tardis-apia.ldos-ut-pg0.wisc.cloudlab.us,tencentBlock_1360,lru,0.1,255,24,1,3,NA,NA,NA,255251.0464,2469448
node2.tardis-apia.ldos-ut-pg0.wisc.cloudlab.us,tencentBlock_1360,lruforgive,0.1,255,24,1,1,NA,NA,NA,255251.0464,2469448
node2.tardis-apia.ldos-ut-pg0.wisc.cloudlab.us,tencentBlock_1360,lruforgive,0.1,255,24,1,2,NA,NA,NA,255251.0464,2469448
node2.tardis-apia.ldos-ut-pg0.wisc.cloudlab.us,tencentBlock_1360,lruforgive,0.1,255,24,1,3,NA,NA,NA,255251.0464,2469448
node2.tardis-apia.ldos-ut-pg0.wisc.cloudlab.us,tencentBlock_1360,s3fifo,0.1,255,24,1,1,NA,NA,NA,255251.0464,2469448
node2.tardis-apia.ldos-ut-pg0.wisc.cloudlab.us,tencentBlock_1360,s3fifo,0.1,255,24,1,2,NA,NA,NA,255251.0464,2469448
node2.tardis-apia.ldos-ut-pg0.wisc.cloudlab.us,tencentBlock_1360,s3fifo,0.1,255,24,1,3,NA,NA,NA,255251.0464,2469448
node2.tardis-apia.ldos-ut-pg0.wisc.cloudlab.us,tencentBlock_1360,s3fifoforgive,0.1,255,24,1,1,NA,NA,NA,255251.0464,2469448
node2.tardis-apia.ldos-ut-pg0.wisc.cloudlab.us,tencentBlock_1360,s3fifoforgive,0.1,255,24,1,2,NA,NA,NA,255251.0464,2469448
node2.tardis-apia.ldos-ut-pg0.wisc.cloudlab.us,tencentBlock_1360,s3fifoforgive,0.1,255,24,1,3,NA,NA,NA,255251.0464,2469448
