node,trace,policy,cache_pct,size_mb,hp,threads,rep,miss,tp,requests,footprint_mb,n_objects
node5.tardis-apia.ldos-ut-pg0.wisc.cloudlab.us,w01,lru,10,65418,27,1,1,0.8296,0.69,215796256,654175.3344,122804013
node5.tardis-apia.ldos-ut-pg0.wisc.cloudlab.us,w01,lru,10,65418,27,1,2,0.8296,0.68,215796256,654175.3344,122804013
node5.tardis-apia.ldos-ut-pg0.wisc.cloudlab.us,w01,lru,10,65418,27,1,3,0.8296,0.69,215796256,654175.3344,122804013
node5.tardis-apia.ldos-ut-pg0.wisc.cloudlab.us,w01,lruforgive,10,65418,27,1,1,0.8296,0.50,215796256,654175.3344,122804013
node5.tardis-apia.ldos-ut-pg0.wisc.cloudlab.us,w01,lruforgive,10,65418,27,1,2,0.8296,0.51,215796256,654175.3344,122804013
node5.tardis-apia.ldos-ut-pg0.wisc.cloudlab.us,w01,lruforgive,10,65418,27,1,3,0.8296,0.51,215796256,654175.3344,122804013
node5.tardis-apia.ldos-ut-pg0.wisc.cloudlab.us,w01,s3fifo,10,65418,27,1,1,0.8298,0.64,215796256,654175.3344,122804013
node5.tardis-apia.ldos-ut-pg0.wisc.cloudlab.us,w01,s3fifo,10,65418,27,1,2,0.8298,0.64,215796256,654175.3344,122804013
node5.tardis-apia.ldos-ut-pg0.wisc.cloudlab.us,w01,s3fifo,10,65418,27,1,3,0.8298,0.64,215796256,654175.3344,122804013
node5.tardis-apia.ldos-ut-pg0.wisc.cloudlab.us,w01,s3fifoforgive,10,65418,27,1,1,0.8298,0.49,215796256,654175.3344,122804013
node5.tardis-apia.ldos-ut-pg0.wisc.cloudlab.us,w01,s3fifoforgive,10,65418,27,1,2,0.8298,0.50,215796256,654175.3344,122804013
node5.tardis-apia.ldos-ut-pg0.wisc.cloudlab.us,w01,s3fifoforgive,10,65418,27,1,3,0.8298,0.50,215796256,654175.3344,122804013
node5.tardis-apia.ldos-ut-pg0.wisc.cloudlab.us,w01,lru,0.1,654,25,1,1,0.8930,0.90,215796256,654175.3344,122804013
node5.tardis-apia.ldos-ut-pg0.wisc.cloudlab.us,w01,lru,0.1,654,25,1,2,0.8930,0.89,215796256,654175.3344,122804013
node5.tardis-apia.ldos-ut-pg0.wisc.cloudlab.us,w01,lru,0.1,654,25,1,3,0.8930,0.89,215796256,654175.3344,122804013
node5.tardis-apia.ldos-ut-pg0.wisc.cloudlab.us,w01,lruforgive,0.1,654,25,1,1,0.8878,0.67,215796256,654175.3344,122804013
node5.tardis-apia.ldos-ut-pg0.wisc.cloudlab.us,w01,lruforgive,0.1,654,25,1,2,0.8878,0.68,215796256,654175.3344,122804013
node5.tardis-apia.ldos-ut-pg0.wisc.cloudlab.us,w01,lruforgive,0.1,654,25,1,3,0.8878,0.67,215796256,654175.3344,122804013
node5.tardis-apia.ldos-ut-pg0.wisc.cloudlab.us,w01,s3fifo,0.1,654,25,1,1,0.9001,1.10,215796256,654175.3344,122804013
node5.tardis-apia.ldos-ut-pg0.wisc.cloudlab.us,w01,s3fifo,0.1,654,25,1,2,0.9001,1.11,215796256,654175.3344,122804013
node5.tardis-apia.ldos-ut-pg0.wisc.cloudlab.us,w01,s3fifo,0.1,654,25,1,3,0.9001,1.10,215796256,654175.3344,122804013
node5.tardis-apia.ldos-ut-pg0.wisc.cloudlab.us,w01,s3fifoforgive,0.1,654,25,1,1,0.9001,0.88,215796256,654175.3344,122804013
node5.tardis-apia.ldos-ut-pg0.wisc.cloudlab.us,w01,s3fifoforgive,0.1,654,25,1,2,0.9001,0.87,215796256,654175.3344,122804013
node5.tardis-apia.ldos-ut-pg0.wisc.cloudlab.us,w01,s3fifoforgive,0.1,654,25,1,3,0.9001,0.86,215796256,654175.3344,122804013
node5.tardis-apia.ldos-ut-pg0.wisc.cloudlab.us,w02,lru,10,2001,27,1,1,0.9576,0.16,122180999,20012.2368,495582
node5.tardis-apia.ldos-ut-pg0.wisc.cloudlab.us,w02,lru,10,2001,27,1,2,0.9576,0.16,122180999,20012.2368,495582
node5.tardis-apia.ldos-ut-pg0.wisc.cloudlab.us,w02,lru,10,2001,27,1,3,0.9576,0.16,122180999,20012.2368,495582
node5.tardis-apia.ldos-ut-pg0.wisc.cloudlab.us,w02,lruforgive,10,2001,27,1,1,0.7101,0.13,122180999,20012.2368,495582
node5.tardis-apia.ldos-ut-pg0.wisc.cloudlab.us,w02,lruforgive,10,2001,27,1,2,0.7101,0.13,122180999,20012.2368,495582
node5.tardis-apia.ldos-ut-pg0.wisc.cloudlab.us,w02,lruforgive,10,2001,27,1,3,0.7101,0.13,122180999,20012.2368,495582
node5.tardis-apia.ldos-ut-pg0.wisc.cloudlab.us,w02,s3fifo,10,2001,27,1,1,0.4055,0.20,122180999,20012.2368,495582
node5.tardis-apia.ldos-ut-pg0.wisc.cloudlab.us,w02,s3fifo,10,2001,27,1,2,0.4055,0.20,122180999,20012.2368,495582
node5.tardis-apia.ldos-ut-pg0.wisc.cloudlab.us,w02,s3fifo,10,2001,27,1,3,0.4055,0.20,122180999,20012.2368,495582
node5.tardis-apia.ldos-ut-pg0.wisc.cloudlab.us,w02,s3fifoforgive,10,2001,27,1,1,0.5341,0.15,122180999,20012.2368,495582
node5.tardis-apia.ldos-ut-pg0.wisc.cloudlab.us,w02,s3fifoforgive,10,2001,27,1,2,0.5341,0.15,122180999,20012.2368,495582
node5.tardis-apia.ldos-ut-pg0.wisc.cloudlab.us,w02,s3fifoforgive,10,2001,27,1,3,0.5345,0.15,122180999,20012.2368,495582
node5.tardis-apia.ldos-ut-pg0.wisc.cloudlab.us,w03,lru,10,183014,27,1,1,NA_TOOBIG,NA,NA,1830137.0368,27852385
node5.tardis-apia.ldos-ut-pg0.wisc.cloudlab.us,w03,lru,10,183014,27,1,2,NA_TOOBIG,NA,NA,1830137.0368,27852385
node5.tardis-apia.ldos-ut-pg0.wisc.cloudlab.us,w03,lru,10,183014,27,1,3,NA_TOOBIG,NA,NA,1830137.0368,27852385
node5.tardis-apia.ldos-ut-pg0.wisc.cloudlab.us,w03,lruforgive,10,183014,27,1,1,NA_TOOBIG,NA,NA,1830137.0368,27852385
node5.tardis-apia.ldos-ut-pg0.wisc.cloudlab.us,w03,lruforgive,10,183014,27,1,2,NA_TOOBIG,NA,NA,1830137.0368,27852385
node5.tardis-apia.ldos-ut-pg0.wisc.cloudlab.us,w03,lruforgive,10,183014,27,1,3,NA_TOOBIG,NA,NA,1830137.0368,27852385
node5.tardis-apia.ldos-ut-pg0.wisc.cloudlab.us,w03,s3fifo,10,183014,27,1,1,NA_TOOBIG,NA,NA,1830137.0368,27852385
node5.tardis-apia.ldos-ut-pg0.wisc.cloudlab.us,w03,s3fifo,10,183014,27,1,2,NA_TOOBIG,NA,NA,1830137.0368,27852385
node5.tardis-apia.ldos-ut-pg0.wisc.cloudlab.us,w03,s3fifo,10,183014,27,1,3,NA_TOOBIG,NA,NA,1830137.0368,27852385
node5.tardis-apia.ldos-ut-pg0.wisc.cloudlab.us,w03,s3fifoforgive,10,183014,27,1,1,NA_TOOBIG,NA,NA,1830137.0368,27852385
node5.tardis-apia.ldos-ut-pg0.wisc.cloudlab.us,w03,s3fifoforgive,10,183014,27,1,2,NA_TOOBIG,NA,NA,1830137.0368,27852385
node5.tardis-apia.ldos-ut-pg0.wisc.cloudlab.us,w03,s3fifoforgive,10,183014,27,1,3,NA_TOOBIG,NA,NA,1830137.0368,27852385
node5.tardis-apia.ldos-ut-pg0.wisc.cloudlab.us,w03,lru,0.1,1830,27,1,1,0.7255,0.09,84712977,1830137.0368,27852385
node5.tardis-apia.ldos-ut-pg0.wisc.cloudlab.us,w03,lru,0.1,1830,27,1,2,0.7255,0.08,84712977,1830137.0368,27852385
node5.tardis-apia.ldos-ut-pg0.wisc.cloudlab.us,w03,lru,0.1,1830,27,1,3,0.7255,0.09,84712977,1830137.0368,27852385
node5.tardis-apia.ldos-ut-pg0.wisc.cloudlab.us,w03,lruforgive,0.1,1830,27,1,1,0.7227,0.08,84712977,1830137.0368,27852385
node5.tardis-apia.ldos-ut-pg0.wisc.cloudlab.us,w03,lruforgive,0.1,1830,27,1,2,0.7227,0.08,84712977,1830137.0368,27852385
node5.tardis-apia.ldos-ut-pg0.wisc.cloudlab.us,w03,lruforgive,0.1,1830,27,1,3,0.7227,0.08,84712977,1830137.0368,27852385
node5.tardis-apia.ldos-ut-pg0.wisc.cloudlab.us,w03,s3fifo,0.1,1830,27,1,1,0.7199,0.09,84712977,1830137.0368,27852385
node5.tardis-apia.ldos-ut-pg0.wisc.cloudlab.us,w03,s3fifo,0.1,1830,27,1,2,0.7199,0.09,84712977,1830137.0368,27852385
node5.tardis-apia.ldos-ut-pg0.wisc.cloudlab.us,w03,s3fifo,0.1,1830,27,1,3,0.7199,0.09,84712977,1830137.0368,27852385
node5.tardis-apia.ldos-ut-pg0.wisc.cloudlab.us,w03,s3fifoforgive,0.1,1830,27,1,1,0.7173,0.09,84712977,1830137.0368,27852385
node5.tardis-apia.ldos-ut-pg0.wisc.cloudlab.us,w03,s3fifoforgive,0.1,1830,27,1,2,0.7173,0.09,84712977,1830137.0368,27852385
node5.tardis-apia.ldos-ut-pg0.wisc.cloudlab.us,w03,s3fifoforgive,0.1,1830,27,1,3,0.7173,0.09,84712977,1830137.0368,27852385
node5.tardis-apia.ldos-ut-pg0.wisc.cloudlab.us,w04,lru,10,170244,27,1,1,NA_TOOBIG,NA,NA,1702443.4176,18753381
node5.tardis-apia.ldos-ut-pg0.wisc.cloudlab.us,w04,lru,10,170244,27,1,2,NA_TOOBIG,NA,NA,1702443.4176,18753381
node5.tardis-apia.ldos-ut-pg0.wisc.cloudlab.us,w04,lru,10,170244,27,1,3,NA_TOOBIG,NA,NA,1702443.4176,18753381
node5.tardis-apia.ldos-ut-pg0.wisc.cloudlab.us,w04,lruforgive,10,170244,27,1,1,NA_TOOBIG,NA,NA,1702443.4176,18753381
node5.tardis-apia.ldos-ut-pg0.wisc.cloudlab.us,w04,lruforgive,10,170244,27,1,2,NA_TOOBIG,NA,NA,1702443.4176,18753381
node5.tardis-apia.ldos-ut-pg0.wisc.cloudlab.us,w04,lruforgive,10,170244,27,1,3,NA_TOOBIG,NA,NA,1702443.4176,18753381
node5.tardis-apia.ldos-ut-pg0.wisc.cloudlab.us,w04,s3fifo,10,170244,27,1,1,NA_TOOBIG,NA,NA,1702443.4176,18753381
node5.tardis-apia.ldos-ut-pg0.wisc.cloudlab.us,w04,s3fifo,10,170244,27,1,2,NA_TOOBIG,NA,NA,1702443.4176,18753381
node5.tardis-apia.ldos-ut-pg0.wisc.cloudlab.us,w04,s3fifo,10,170244,27,1,3,NA_TOOBIG,NA,NA,1702443.4176,18753381
node5.tardis-apia.ldos-ut-pg0.wisc.cloudlab.us,w04,s3fifoforgive,10,170244,27,1,1,NA_TOOBIG,NA,NA,1702443.4176,18753381
node5.tardis-apia.ldos-ut-pg0.wisc.cloudlab.us,w04,s3fifoforgive,10,170244,27,1,2,NA_TOOBIG,NA,NA,1702443.4176,18753381
node5.tardis-apia.ldos-ut-pg0.wisc.cloudlab.us,w04,s3fifoforgive,10,170244,27,1,3,NA_TOOBIG,NA,NA,1702443.4176,18753381
node5.tardis-apia.ldos-ut-pg0.wisc.cloudlab.us,w04,lru,0.1,1702,27,1,1,0.5747,0.09,77764581,1702443.4176,18753381
node5.tardis-apia.ldos-ut-pg0.wisc.cloudlab.us,w04,lru,0.1,1702,27,1,2,0.5747,0.09,77764581,1702443.4176,18753381
node5.tardis-apia.ldos-ut-pg0.wisc.cloudlab.us,w04,lru,0.1,1702,27,1,3,0.5747,0.09,77764581,1702443.4176,18753381
node5.tardis-apia.ldos-ut-pg0.wisc.cloudlab.us,w04,lruforgive,0.1,1702,27,1,1,0.5702,0.08,77764581,1702443.4176,18753381
node5.tardis-apia.ldos-ut-pg0.wisc.cloudlab.us,w04,lruforgive,0.1,1702,27,1,2,0.5702,0.08,77764581,1702443.4176,18753381
node5.tardis-apia.ldos-ut-pg0.wisc.cloudlab.us,w04,lruforgive,0.1,1702,27,1,3,0.5702,0.08,77764581,1702443.4176,18753381
node5.tardis-apia.ldos-ut-pg0.wisc.cloudlab.us,w04,s3fifo,0.1,1702,27,1,1,0.6131,0.09,77764581,1702443.4176,18753381
node5.tardis-apia.ldos-ut-pg0.wisc.cloudlab.us,w04,s3fifo,0.1,1702,27,1,2,0.6131,0.09,77764581,1702443.4176,18753381
node5.tardis-apia.ldos-ut-pg0.wisc.cloudlab.us,w04,s3fifo,0.1,1702,27,1,3,0.6131,0.09,77764581,1702443.4176,18753381
node5.tardis-apia.ldos-ut-pg0.wisc.cloudlab.us,w04,s3fifoforgive,0.1,1702,27,1,1,0.6088,0.08,77764581,1702443.4176,18753381
node5.tardis-apia.ldos-ut-pg0.wisc.cloudlab.us,w04,s3fifoforgive,0.1,1702,27,1,2,0.6088,0.08,77764581,1702443.4176,18753381
node5.tardis-apia.ldos-ut-pg0.wisc.cloudlab.us,w04,s3fifoforgive,0.1,1702,27,1,3,0.6088,0.08,77764581,1702443.4176,18753381
node5.tardis-apia.ldos-ut-pg0.wisc.cloudlab.us,w05,lru,10,147143,27,1,1,NA_TOOBIG,NA,NA,1471429.7344,41379800
node5.tardis-apia.ldos-ut-pg0.wisc.cloudlab.us,w05,lru,10,147143,27,1,2,NA_TOOBIG,NA,NA,1471429.7344,41379800
node5.tardis-apia.ldos-ut-pg0.wisc.cloudlab.us,w05,lru,10,147143,27,1,3,NA_TOOBIG,NA,NA,1471429.7344,41379800
node5.tardis-apia.ldos-ut-pg0.wisc.cloudlab.us,w05,lruforgive,10,147143,27,1,1,NA_TOOBIG,NA,NA,1471429.7344,41379800
node5.tardis-apia.ldos-ut-pg0.wisc.cloudlab.us,w05,lruforgive,10,147143,27,1,2,NA_TOOBIG,NA,NA,1471429.7344,41379800
node5.tardis-apia.ldos-ut-pg0.wisc.cloudlab.us,w05,lruforgive,10,147143,27,1,3,NA_TOOBIG,NA,NA,1471429.7344,41379800
node5.tardis-apia.ldos-ut-pg0.wisc.cloudlab.us,w05,s3fifo,10,147143,27,1,1,NA_TOOBIG,NA,NA,1471429.7344,41379800
node5.tardis-apia.ldos-ut-pg0.wisc.cloudlab.us,w05,s3fifo,10,147143,27,1,2,NA_TOOBIG,NA,NA,1471429.7344,41379800
node5.tardis-apia.ldos-ut-pg0.wisc.cloudlab.us,w05,s3fifo,10,147143,27,1,3,NA_TOOBIG,NA,NA,1471429.7344,41379800
node5.tardis-apia.ldos-ut-pg0.wisc.cloudlab.us,w05,s3fifoforgive,10,147143,27,1,1,NA_TOOBIG,NA,NA,1471429.7344,41379800
node5.tardis-apia.ldos-ut-pg0.wisc.cloudlab.us,w05,s3fifoforgive,10,147143,27,1,2,NA_TOOBIG,NA,NA,1471429.7344,41379800
node5.tardis-apia.ldos-ut-pg0.wisc.cloudlab.us,w05,s3fifoforgive,10,147143,27,1,3,NA_TOOBIG,NA,NA,1471429.7344,41379800
node5.tardis-apia.ldos-ut-pg0.wisc.cloudlab.us,w05,lru,0.1,1471,27,1,1,0.8785,0.20,73034545,1471429.7344,41379800
node5.tardis-apia.ldos-ut-pg0.wisc.cloudlab.us,w05,lru,0.1,1471,27,1,2,0.8785,0.21,73034545,1471429.7344,41379800
node5.tardis-apia.ldos-ut-pg0.wisc.cloudlab.us,w05,lru,0.1,1471,27,1,3,0.8785,0.20,73034545,1471429.7344,41379800
node5.tardis-apia.ldos-ut-pg0.wisc.cloudlab.us,w05,lruforgive,0.1,1471,27,1,1,0.8768,0.18,73034545,1471429.7344,41379800
node5.tardis-apia.ldos-ut-pg0.wisc.cloudlab.us,w05,lruforgive,0.1,1471,27,1,2,0.8768,0.18,73034545,1471429.7344,41379800
node5.tardis-apia.ldos-ut-pg0.wisc.cloudlab.us,w05,lruforgive,0.1,1471,27,1,3,0.8768,0.18,73034545,1471429.7344,41379800
node5.tardis-apia.ldos-ut-pg0.wisc.cloudlab.us,w05,s3fifo,0.1,1471,27,1,1,0.9027,0.24,73034545,1471429.7344,41379800
node5.tardis-apia.ldos-ut-pg0.wisc.cloudlab.us,w05,s3fifo,0.1,1471,27,1,2,0.9027,0.25,73034545,1471429.7344,41379800
node5.tardis-apia.ldos-ut-pg0.wisc.cloudlab.us,w05,s3fifo,0.1,1471,27,1,3,0.9027,0.24,73034545,1471429.7344,41379800
node5.tardis-apia.ldos-ut-pg0.wisc.cloudlab.us,w05,s3fifoforgive,0.1,1471,27,1,1,0.9021,0.23,73034545,1471429.7344,41379800
node5.tardis-apia.ldos-ut-pg0.wisc.cloudlab.us,w05,s3fifoforgive,0.1,1471,27,1,2,0.9021,0.22,73034545,1471429.7344,41379800
node5.tardis-apia.ldos-ut-pg0.wisc.cloudlab.us,w05,s3fifoforgive,0.1,1471,27,1,3,0.9021,0.23,73034545,1471429.7344,41379800
node5.tardis-apia.ldos-ut-pg0.wisc.cloudlab.us,w06,lru,10,2238,27,1,1,0.0685,1.33,69392149,22381.056,1699448
node5.tardis-apia.ldos-ut-pg0.wisc.cloudlab.us,w06,lru,10,2238,27,1,2,0.0685,1.33,69392149,22381.056,1699448
node5.tardis-apia.ldos-ut-pg0.wisc.cloudlab.us,w06,lru,10,2238,27,1,3,0.0685,1.33,69392149,22381.056,1699448
node5.tardis-apia.ldos-ut-pg0.wisc.cloudlab.us,w06,lruforgive,10,2238,27,1,1,0.0684,0.43,69392149,22381.056,1699448
node5.tardis-apia.ldos-ut-pg0.wisc.cloudlab.us,w06,lruforgive,10,2238,27,1,2,0.0684,0.44,69392149,22381.056,1699448
node5.tardis-apia.ldos-ut-pg0.wisc.cloudlab.us,w06,lruforgive,10,2238,27,1,3,0.0684,0.44,69392149,22381.056,1699448
node5.tardis-apia.ldos-ut-pg0.wisc.cloudlab.us,w06,s3fifo,10,2238,27,1,1,0.0663,1.58,69392149,22381.056,1699448
node5.tardis-apia.ldos-ut-pg0.wisc.cloudlab.us,w06,s3fifo,10,2238,27,1,2,0.0663,1.58,69392149,22381.056,1699448
node5.tardis-apia.ldos-ut-pg0.wisc.cloudlab.us,w06,s3fifo,10,2238,27,1,3,0.0663,1.56,69392149,22381.056,1699448
node5.tardis-apia.ldos-ut-pg0.wisc.cloudlab.us,w06,s3fifoforgive,10,2238,27,1,1,0.0663,0.46,69392149,22381.056,1699448
node5.tardis-apia.ldos-ut-pg0.wisc.cloudlab.us,w06,s3fifoforgive,10,2238,27,1,2,0.0663,0.47,69392149,22381.056,1699448
node5.tardis-apia.ldos-ut-pg0.wisc.cloudlab.us,w06,s3fifoforgive,10,2238,27,1,3,0.0663,0.47,69392149,22381.056,1699448
node5.tardis-apia.ldos-ut-pg0.wisc.cloudlab.us,w06,lru,0.1,22,20,1,1,0.7327,3.24,69392149,22381.056,1699448
node5.tardis-apia.ldos-ut-pg0.wisc.cloudlab.us,w06,lru,0.1,22,20,1,2,0.7327,3.25,69392149,22381.056,1699448
node5.tardis-apia.ldos-ut-pg0.wisc.cloudlab.us,w06,lru,0.1,22,20,1,3,0.7327,3.26,69392149,22381.056,1699448
node5.tardis-apia.ldos-ut-pg0.wisc.cloudlab.us,w06,lruforgive,0.1,22,20,1,1,0.7306,1.57,69392149,22381.056,1699448
node5.tardis-apia.ldos-ut-pg0.wisc.cloudlab.us,w06,lruforgive,0.1,22,20,1,2,0.7306,1.56,69392149,22381.056,1699448
node5.tardis-apia.ldos-ut-pg0.wisc.cloudlab.us,w06,lruforgive,0.1,22,20,1,3,0.7306,1.59,69392149,22381.056,1699448
node5.tardis-apia.ldos-ut-pg0.wisc.cloudlab.us,w06,s3fifo,0.1,22,20,1,1,0.7213,3.45,69392149,22381.056,1699448
node5.tardis-apia.ldos-ut-pg0.wisc.cloudlab.us,w06,s3fifo,0.1,22,20,1,2,0.7213,3.43,69392149,22381.056,1699448
node5.tardis-apia.ldos-ut-pg0.wisc.cloudlab.us,w06,s3fifo,0.1,22,20,1,3,0.7213,3.43,69392149,22381.056,1699448
node5.tardis-apia.ldos-ut-pg0.wisc.cloudlab.us,w06,s3fifoforgive,0.1,22,20,1,1,0.7207,2.10,69392149,22381.056,1699448
node5.tardis-apia.ldos-ut-pg0.wisc.cloudlab.us,w06,s3fifoforgive,0.1,22,20,1,2,0.7207,2.09,69392149,22381.056,1699448
node5.tardis-apia.ldos-ut-pg0.wisc.cloudlab.us,w06,s3fifoforgive,0.1,22,20,1,3,0.7207,2.12,69392149,22381.056,1699448
node5.tardis-apia.ldos-ut-pg0.wisc.cloudlab.us,w07,lru,10,13993,27,1,1,0.3898,0.51,67427404,139932.9792,9502621
node5.tardis-apia.ldos-ut-pg0.wisc.cloudlab.us,w07,lru,10,13993,27,1,2,0.3898,0.51,67427404,139932.9792,9502621
node5.tardis-apia.ldos-ut-pg0.wisc.cloudlab.us,w07,lru,10,13993,27,1,3,0.3898,0.50,67427404,139932.9792,9502621
node5.tardis-apia.ldos-ut-pg0.wisc.cloudlab.us,w07,lruforgive,10,13993,27,1,1,0.3873,0.31,67427404,139932.9792,9502621
node5.tardis-apia.ldos-ut-pg0.wisc.cloudlab.us,w07,lruforgive,10,13993,27,1,2,0.3873,0.30,67427404,139932.9792,9502621
node5.tardis-apia.ldos-ut-pg0.wisc.cloudlab.us,w07,lruforgive,10,13993,27,1,3,0.3873,0.30,67427404,139932.9792,9502621
node5.tardis-apia.ldos-ut-pg0.wisc.cloudlab.us,w07,s3fifo,10,13993,27,1,1,0.3143,0.57,67427404,139932.9792,9502621
node5.tardis-apia.ldos-ut-pg0.wisc.cloudlab.us,w07,s3fifo,10,13993,27,1,2,0.3143,0.58,67427404,139932.9792,9502621
node5.tardis-apia.ldos-ut-pg0.wisc.cloudlab.us,w07,s3fifo,10,13993,27,1,3,0.3143,0.57,67427404,139932.9792,9502621
node5.tardis-apia.ldos-ut-pg0.wisc.cloudlab.us,w07,s3fifoforgive,10,13993,27,1,1,0.3143,0.33,67427404,139932.9792,9502621
node5.tardis-apia.ldos-ut-pg0.wisc.cloudlab.us,w07,s3fifoforgive,10,13993,27,1,2,0.3143,0.32,67427404,139932.9792,9502621
node5.tardis-apia.ldos-ut-pg0.wisc.cloudlab.us,w07,s3fifoforgive,10,13993,27,1,3,0.3143,0.33,67427404,139932.9792,9502621
node5.tardis-apia.ldos-ut-pg0.wisc.cloudlab.us,w07,lru,0.1,140,23,1,1,0.8627,0.68,67427404,139932.9792,9502621
node5.tardis-apia.ldos-ut-pg0.wisc.cloudlab.us,w07,lru,0.1,140,23,1,2,0.8627,0.67,67427404,139932.9792,9502621
node5.tardis-apia.ldos-ut-pg0.wisc.cloudlab.us,w07,lru,0.1,140,23,1,3,0.8627,0.67,67427404,139932.9792,9502621
node5.tardis-apia.ldos-ut-pg0.wisc.cloudlab.us,w07,lruforgive,0.1,140,23,1,1,0.8567,0.50,67427404,139932.9792,9502621
node5.tardis-apia.ldos-ut-pg0.wisc.cloudlab.us,w07,lruforgive,0.1,140,23,1,2,0.8567,0.49,67427404,139932.9792,9502621
node5.tardis-apia.ldos-ut-pg0.wisc.cloudlab.us,w07,lruforgive,0.1,140,23,1,3,0.8567,0.49,67427404,139932.9792,9502621
node5.tardis-apia.ldos-ut-pg0.wisc.cloudlab.us,w07,s3fifo,0.1,140,23,1,1,0.9452,1.05,67427404,139932.9792,9502621
node5.tardis-apia.ldos-ut-pg0.wisc.cloudlab.us,w07,s3fifo,0.1,140,23,1,2,0.9452,1.05,67427404,139932.9792,9502621
node5.tardis-apia.ldos-ut-pg0.wisc.cloudlab.us,w07,s3fifo,0.1,140,23,1,3,0.9452,1.05,67427404,139932.9792,9502621
node5.tardis-apia.ldos-ut-pg0.wisc.cloudlab.us,w07,s3fifoforgive,0.1,140,23,1,1,0.9446,0.82,67427404,139932.9792,9502621
node5.tardis-apia.ldos-ut-pg0.wisc.cloudlab.us,w07,s3fifoforgive,0.1,140,23,1,2,0.9446,0.81,67427404,139932.9792,9502621
node5.tardis-apia.ldos-ut-pg0.wisc.cloudlab.us,w07,s3fifoforgive,0.1,140,23,1,3,0.9446,0.82,67427404,139932.9792,9502621
node5.tardis-apia.ldos-ut-pg0.wisc.cloudlab.us,w08,lru,10,103782,27,1,1,0.9546,0.06,44464936,1037818.9824,9040043
node5.tardis-apia.ldos-ut-pg0.wisc.cloudlab.us,w08,lru,10,103782,27,1,2,0.9546,0.05,44464936,1037818.9824,9040043
node5.tardis-apia.ldos-ut-pg0.wisc.cloudlab.us,w08,lru,10,103782,27,1,3,0.9546,0.05,44464936,1037818.9824,9040043
node5.tardis-apia.ldos-ut-pg0.wisc.cloudlab.us,w08,lruforgive,10,103782,27,1,1,0.9473,0.05,44464936,1037818.9824,9040043
node5.tardis-apia.ldos-ut-pg0.wisc.cloudlab.us,w08,lruforgive,10,103782,27,1,2,0.9473,0.05,44464936,1037818.9824,9040043
node5.tardis-apia.ldos-ut-pg0.wisc.cloudlab.us,w08,lruforgive,10,103782,27,1,3,0.9473,0.05,44464936,1037818.9824,9040043
node5.tardis-apia.ldos-ut-pg0.wisc.cloudlab.us,w08,s3fifo,10,103782,27,1,1,0.9255,0.08,44464936,1037818.9824,9040043
node5.tardis-apia.ldos-ut-pg0.wisc.cloudlab.us,w08,s3fifo,10,103782,27,1,2,0.9255,0.08,44464936,1037818.9824,9040043
node5.tardis-apia.ldos-ut-pg0.wisc.cloudlab.us,w08,s3fifo,10,103782,27,1,3,0.9255,0.08,44464936,1037818.9824,9040043
node5.tardis-apia.ldos-ut-pg0.wisc.cloudlab.us,w08,s3fifoforgive,10,103782,27,1,1,0.9215,0.08,44464936,1037818.9824,9040043
node5.tardis-apia.ldos-ut-pg0.wisc.cloudlab.us,w08,s3fifoforgive,10,103782,27,1,2,0.9215,0.07,44464936,1037818.9824,9040043
node5.tardis-apia.ldos-ut-pg0.wisc.cloudlab.us,w08,s3fifoforgive,10,103782,27,1,3,0.9215,0.07,44464936,1037818.9824,9040043
node5.tardis-apia.ldos-ut-pg0.wisc.cloudlab.us,w08,lru,0.1,1038,26,1,1,0.9902,0.10,44464936,1037818.9824,9040043
node5.tardis-apia.ldos-ut-pg0.wisc.cloudlab.us,w08,lru,0.1,1038,26,1,2,0.9902,0.10,44464936,1037818.9824,9040043
node5.tardis-apia.ldos-ut-pg0.wisc.cloudlab.us,w08,lru,0.1,1038,26,1,3,0.9899,0.10,44464936,1037818.9824,9040043
node5.tardis-apia.ldos-ut-pg0.wisc.cloudlab.us,w08,lruforgive,0.1,1038,26,1,1,0.9882,0.09,44464936,1037818.9824,9040043
node5.tardis-apia.ldos-ut-pg0.wisc.cloudlab.us,w08,lruforgive,0.1,1038,26,1,2,0.9882,0.09,44464936,1037818.9824,9040043
node5.tardis-apia.ldos-ut-pg0.wisc.cloudlab.us,w08,lruforgive,0.1,1038,26,1,3,0.9882,0.09,44464936,1037818.9824,9040043
node5.tardis-apia.ldos-ut-pg0.wisc.cloudlab.us,w08,s3fifo,0.1,1038,26,1,1,0.9893,0.11,44464936,1037818.9824,9040043
node5.tardis-apia.ldos-ut-pg0.wisc.cloudlab.us,w08,s3fifo,0.1,1038,26,1,2,0.9891,0.11,44464936,1037818.9824,9040043
node5.tardis-apia.ldos-ut-pg0.wisc.cloudlab.us,w08,s3fifo,0.1,1038,26,1,3,0.9891,0.11,44464936,1037818.9824,9040043
node5.tardis-apia.ldos-ut-pg0.wisc.cloudlab.us,w08,s3fifoforgive,0.1,1038,26,1,1,0.9867,0.11,44464936,1037818.9824,9040043
node5.tardis-apia.ldos-ut-pg0.wisc.cloudlab.us,w08,s3fifoforgive,0.1,1038,26,1,2,0.9870,0.11,44464936,1037818.9824,9040043
node5.tardis-apia.ldos-ut-pg0.wisc.cloudlab.us,w08,s3fifoforgive,0.1,1038,26,1,3,0.9867,0.11,44464936,1037818.9824,9040043
node5.tardis-apia.ldos-ut-pg0.wisc.cloudlab.us,w09,lru,10,108134,27,1,1,0.5072,0.05,49622928,1081342.6688,14867471
node5.tardis-apia.ldos-ut-pg0.wisc.cloudlab.us,w09,lru,10,108134,27,1,2,0.5072,0.05,49622928,1081342.6688,14867471
node5.tardis-apia.ldos-ut-pg0.wisc.cloudlab.us,w09,lru,10,108134,27,1,3,0.5072,0.05,49622928,1081342.6688,14867471
node5.tardis-apia.ldos-ut-pg0.wisc.cloudlab.us,w09,lruforgive,10,108134,27,1,1,0.5070,0.05,49622928,1081342.6688,14867471
node5.tardis-apia.ldos-ut-pg0.wisc.cloudlab.us,w09,lruforgive,10,108134,27,1,2,0.5070,0.05,49622928,1081342.6688,14867471
node5.tardis-apia.ldos-ut-pg0.wisc.cloudlab.us,w09,lruforgive,10,108134,27,1,3,0.5070,0.05,49622928,1081342.6688,14867471
node5.tardis-apia.ldos-ut-pg0.wisc.cloudlab.us,w09,s3fifo,10,108134,27,1,1,0.4938,0.07,49622928,1081342.6688,14867471
node5.tardis-apia.ldos-ut-pg0.wisc.cloudlab.us,w09,s3fifo,10,108134,27,1,2,0.4938,0.07,49622928,1081342.6688,14867471
node5.tardis-apia.ldos-ut-pg0.wisc.cloudlab.us,w09,s3fifo,10,108134,27,1,3,0.4938,0.07,49622928,1081342.6688,14867471
node5.tardis-apia.ldos-ut-pg0.wisc.cloudlab.us,w09,s3fifoforgive,10,108134,27,1,1,0.4938,0.07,49622928,1081342.6688,14867471
node5.tardis-apia.ldos-ut-pg0.wisc.cloudlab.us,w09,s3fifoforgive,10,108134,27,1,2,0.4938,0.07,49622928,1081342.6688,14867471
node5.tardis-apia.ldos-ut-pg0.wisc.cloudlab.us,w09,s3fifoforgive,10,108134,27,1,3,0.4938,0.07,49622928,1081342.6688,14867471
node5.tardis-apia.ldos-ut-pg0.wisc.cloudlab.us,w09,lru,0.1,1081,26,1,1,0.5890,0.09,49622928,1081342.6688,14867471
node5.tardis-apia.ldos-ut-pg0.wisc.cloudlab.us,w09,lru,0.1,1081,26,1,2,0.5890,0.09,49622928,1081342.6688,14867471
node5.tardis-apia.ldos-ut-pg0.wisc.cloudlab.us,w09,lru,0.1,1081,26,1,3,0.5890,0.08,49622928,1081342.6688,14867471
node5.tardis-apia.ldos-ut-pg0.wisc.cloudlab.us,w09,lruforgive,0.1,1081,26,1,1,0.5856,0.08,49622928,1081342.6688,14867471
node5.tardis-apia.ldos-ut-pg0.wisc.cloudlab.us,w09,lruforgive,0.1,1081,26,1,2,0.5856,0.08,49622928,1081342.6688,14867471
node5.tardis-apia.ldos-ut-pg0.wisc.cloudlab.us,w09,lruforgive,0.1,1081,26,1,3,0.5856,0.08,49622928,1081342.6688,14867471
node5.tardis-apia.ldos-ut-pg0.wisc.cloudlab.us,w09,s3fifo,0.1,1081,26,1,1,0.5977,0.16,49622928,1081342.6688,14867471
node5.tardis-apia.ldos-ut-pg0.wisc.cloudlab.us,w09,s3fifo,0.1,1081,26,1,2,0.5977,0.16,49622928,1081342.6688,14867471
node5.tardis-apia.ldos-ut-pg0.wisc.cloudlab.us,w09,s3fifo,0.1,1081,26,1,3,0.5977,0.16,49622928,1081342.6688,14867471
node5.tardis-apia.ldos-ut-pg0.wisc.cloudlab.us,w09,s3fifoforgive,0.1,1081,26,1,1,0.5959,0.14,49622928,1081342.6688,14867471
node5.tardis-apia.ldos-ut-pg0.wisc.cloudlab.us,w09,s3fifoforgive,0.1,1081,26,1,2,0.5959,0.14,49622928,1081342.6688,14867471
node5.tardis-apia.ldos-ut-pg0.wisc.cloudlab.us,w09,s3fifoforgive,0.1,1081,26,1,3,0.5959,0.14,49622928,1081342.6688,14867471
node5.tardis-apia.ldos-ut-pg0.wisc.cloudlab.us,w10,lru,10,149479,27,1,1,NA_TOOBIG,NA,NA,1494789.2224,12529804
node5.tardis-apia.ldos-ut-pg0.wisc.cloudlab.us,w10,lru,10,149479,27,1,2,NA_TOOBIG,NA,NA,1494789.2224,12529804
node5.tardis-apia.ldos-ut-pg0.wisc.cloudlab.us,w10,lru,10,149479,27,1,3,NA_TOOBIG,NA,NA,1494789.2224,12529804
node5.tardis-apia.ldos-ut-pg0.wisc.cloudlab.us,w10,lruforgive,10,149479,27,1,1,NA_TOOBIG,NA,NA,1494789.2224,12529804
node5.tardis-apia.ldos-ut-pg0.wisc.cloudlab.us,w10,lruforgive,10,149479,27,1,2,NA_TOOBIG,NA,NA,1494789.2224,12529804
node5.tardis-apia.ldos-ut-pg0.wisc.cloudlab.us,w10,lruforgive,10,149479,27,1,3,NA_TOOBIG,NA,NA,1494789.2224,12529804
node5.tardis-apia.ldos-ut-pg0.wisc.cloudlab.us,w10,s3fifo,10,149479,27,1,1,NA_TOOBIG,NA,NA,1494789.2224,12529804
node5.tardis-apia.ldos-ut-pg0.wisc.cloudlab.us,w10,s3fifo,10,149479,27,1,2,NA_TOOBIG,NA,NA,1494789.2224,12529804
node5.tardis-apia.ldos-ut-pg0.wisc.cloudlab.us,w10,s3fifo,10,149479,27,1,3,NA_TOOBIG,NA,NA,1494789.2224,12529804
node5.tardis-apia.ldos-ut-pg0.wisc.cloudlab.us,w10,s3fifoforgive,10,149479,27,1,1,NA_TOOBIG,NA,NA,1494789.2224,12529804
node5.tardis-apia.ldos-ut-pg0.wisc.cloudlab.us,w10,s3fifoforgive,10,149479,27,1,2,NA_TOOBIG,NA,NA,1494789.2224,12529804
node5.tardis-apia.ldos-ut-pg0.wisc.cloudlab.us,w10,s3fifoforgive,10,149479,27,1,3,NA_TOOBIG,NA,NA,1494789.2224,12529804
node5.tardis-apia.ldos-ut-pg0.wisc.cloudlab.us,w10,lru,0.1,1495,27,1,1,0.7450,0.13,48342349,1494789.2224,12529804
node5.tardis-apia.ldos-ut-pg0.wisc.cloudlab.us,w10,lru,0.1,1495,27,1,2,0.7450,0.13,48342349,1494789.2224,12529804
node5.tardis-apia.ldos-ut-pg0.wisc.cloudlab.us,w10,lru,0.1,1495,27,1,3,0.7450,0.13,48342349,1494789.2224,12529804
node5.tardis-apia.ldos-ut-pg0.wisc.cloudlab.us,w10,lruforgive,0.1,1495,27,1,1,0.7425,0.12,48342349,1494789.2224,12529804
node5.tardis-apia.ldos-ut-pg0.wisc.cloudlab.us,w10,lruforgive,0.1,1495,27,1,2,0.7425,0.12,48342349,1494789.2224,12529804
node5.tardis-apia.ldos-ut-pg0.wisc.cloudlab.us,w10,lruforgive,0.1,1495,27,1,3,0.7425,0.12,48342349,1494789.2224,12529804
node5.tardis-apia.ldos-ut-pg0.wisc.cloudlab.us,w10,s3fifo,0.1,1495,27,1,1,0.7758,0.15,48342349,1494789.2224,12529804
node5.tardis-apia.ldos-ut-pg0.wisc.cloudlab.us,w10,s3fifo,0.1,1495,27,1,2,0.7758,0.15,48342349,1494789.2224,12529804
node5.tardis-apia.ldos-ut-pg0.wisc.cloudlab.us,w10,s3fifo,0.1,1495,27,1,3,0.7758,0.15,48342349,1494789.2224,12529804
node5.tardis-apia.ldos-ut-pg0.wisc.cloudlab.us,w10,s3fifoforgive,0.1,1495,27,1,1,0.7733,0.14,48342349,1494789.2224,12529804
node5.tardis-apia.ldos-ut-pg0.wisc.cloudlab.us,w10,s3fifoforgive,0.1,1495,27,1,2,0.7733,0.14,48342349,1494789.2224,12529804
node5.tardis-apia.ldos-ut-pg0.wisc.cloudlab.us,w10,s3fifoforgive,0.1,1495,27,1,3,0.7734,0.14,48342349,1494789.2224,12529804
node5.tardis-apia.ldos-ut-pg0.wisc.cloudlab.us,w100,lru,10,5144,27,1,1,0.6762,0.20,3645876,51436.8512,1771418
node5.tardis-apia.ldos-ut-pg0.wisc.cloudlab.us,w100,lru,10,5144,27,1,2,0.6762,0.20,3645876,51436.8512,1771418
node5.tardis-apia.ldos-ut-pg0.wisc.cloudlab.us,w100,lru,10,5144,27,1,3,0.6762,0.20,3645876,51436.8512,1771418
node5.tardis-apia.ldos-ut-pg0.wisc.cloudlab.us,w100,lruforgive,10,5144,27,1,1,0.6743,0.21,3645876,51436.8512,1771418
node5.tardis-apia.ldos-ut-pg0.wisc.cloudlab.us,w100,lruforgive,10,5144,27,1,2,0.6743,0.21,3645876,51436.8512,1771418
node5.tardis-apia.ldos-ut-pg0.wisc.cloudlab.us,w100,lruforgive,10,5144,27,1,3,0.6743,0.21,3645876,51436.8512,1771418
node5.tardis-apia.ldos-ut-pg0.wisc.cloudlab.us,w100,s3fifo,10,5144,27,1,1,0.6499,0.21,3645876,51436.8512,1771418
node5.tardis-apia.ldos-ut-pg0.wisc.cloudlab.us,w100,s3fifo,10,5144,27,1,2,0.6499,0.21,3645876,51436.8512,1771418
node5.tardis-apia.ldos-ut-pg0.wisc.cloudlab.us,w100,s3fifo,10,5144,27,1,3,0.6499,0.20,3645876,51436.8512,1771418
node5.tardis-apia.ldos-ut-pg0.wisc.cloudlab.us,w100,s3fifoforgive,10,5144,27,1,1,0.6499,0.22,3645876,51436.8512,1771418
node5.tardis-apia.ldos-ut-pg0.wisc.cloudlab.us,w100,s3fifoforgive,10,5144,27,1,2,0.6499,0.22,3645876,51436.8512,1771418
node5.tardis-apia.ldos-ut-pg0.wisc.cloudlab.us,w100,s3fifoforgive,10,5144,27,1,3,0.6499,0.22,3645876,51436.8512,1771418
node5.tardis-apia.ldos-ut-pg0.wisc.cloudlab.us,w100,lru,0.1,51,22,1,1,0.8045,0.64,3645876,51436.8512,1771418
node5.tardis-apia.ldos-ut-pg0.wisc.cloudlab.us,w100,lru,0.1,51,22,1,2,0.8045,0.66,3645876,51436.8512,1771418
node5.tardis-apia.ldos-ut-pg0.wisc.cloudlab.us,w100,lru,0.1,51,22,1,3,0.8045,0.67,3645876,51436.8512,1771418
node5.tardis-apia.ldos-ut-pg0.wisc.cloudlab.us,w100,lruforgive,0.1,51,22,1,1,0.7906,0.50,3645876,51436.8512,1771418
node5.tardis-apia.ldos-ut-pg0.wisc.cloudlab.us,w100,lruforgive,0.1,51,22,1,2,0.7906,0.49,3645876,51436.8512,1771418
node5.tardis-apia.ldos-ut-pg0.wisc.cloudlab.us,w100,lruforgive,0.1,51,22,1,3,0.7906,0.50,3645876,51436.8512,1771418
node5.tardis-apia.ldos-ut-pg0.wisc.cloudlab.us,w100,s3fifo,0.1,51,22,1,1,0.7999,0.91,3645876,51436.8512,1771418
node5.tardis-apia.ldos-ut-pg0.wisc.cloudlab.us,w100,s3fifo,0.1,51,22,1,2,0.7999,0.91,3645876,51436.8512,1771418
node5.tardis-apia.ldos-ut-pg0.wisc.cloudlab.us,w100,s3fifo,0.1,51,22,1,3,0.7999,0.91,3645876,51436.8512,1771418
node5.tardis-apia.ldos-ut-pg0.wisc.cloudlab.us,w100,s3fifoforgive,0.1,51,22,1,1,0.7991,0.71,3645876,51436.8512,1771418
node5.tardis-apia.ldos-ut-pg0.wisc.cloudlab.us,w100,s3fifoforgive,0.1,51,22,1,2,0.7991,0.72,3645876,51436.8512,1771418
node5.tardis-apia.ldos-ut-pg0.wisc.cloudlab.us,w100,s3fifoforgive,0.1,51,22,1,3,0.7991,0.71,3645876,51436.8512,1771418
node5.tardis-apia.ldos-ut-pg0.wisc.cloudlab.us,w101,lru,10,5137,27,1,1,0.6754,0.20,3587706,51367.7312,1754573
node5.tardis-apia.ldos-ut-pg0.wisc.cloudlab.us,w101,lru,10,5137,27,1,2,0.6754,0.19,3587706,51367.7312,1754573
node5.tardis-apia.ldos-ut-pg0.wisc.cloudlab.us,w101,lru,10,5137,27,1,3,0.6754,0.19,3587706,51367.7312,1754573
node5.tardis-apia.ldos-ut-pg0.wisc.cloudlab.us,w101,lruforgive,10,5137,27,1,1,0.6735,0.21,3587706,51367.7312,1754573
node5.tardis-apia.ldos-ut-pg0.wisc.cloudlab.us,w101,lruforgive,10,5137,27,1,2,0.6735,0.21,3587706,51367.7312,1754573
node5.tardis-apia.ldos-ut-pg0.wisc.cloudlab.us,w101,lruforgive,10,5137,27,1,3,0.6735,0.21,3587706,51367.7312,1754573
node5.tardis-apia.ldos-ut-pg0.wisc.cloudlab.us,w101,s3fifo,10,5137,27,1,1,0.6483,0.21,3587706,51367.7312,1754573
node5.tardis-apia.ldos-ut-pg0.wisc.cloudlab.us,w101,s3fifo,10,5137,27,1,2,0.6483,0.21,3587706,51367.7312,1754573
node5.tardis-apia.ldos-ut-pg0.wisc.cloudlab.us,w101,s3fifo,10,5137,27,1,3,0.6483,0.21,3587706,51367.7312,1754573
node5.tardis-apia.ldos-ut-pg0.wisc.cloudlab.us,w101,s3fifoforgive,10,5137,27,1,1,0.6483,0.21,3587706,51367.7312,1754573
node5.tardis-apia.ldos-ut-pg0.wisc.cloudlab.us,w101,s3fifoforgive,10,5137,27,1,2,0.6483,0.22,3587706,51367.7312,1754573
node5.tardis-apia.ldos-ut-pg0.wisc.cloudlab.us,w101,s3fifoforgive,10,5137,27,1,3,0.6483,0.21,3587706,51367.7312,1754573
node5.tardis-apia.ldos-ut-pg0.wisc.cloudlab.us,w101,lru,0.1,51,22,1,1,0.8066,0.60,3587706,51367.7312,1754573
node5.tardis-apia.ldos-ut-pg0.wisc.cloudlab.us,w101,lru,0.1,51,22,1,2,0.8066,0.59,3587706,51367.7312,1754573
node5.tardis-apia.ldos-ut-pg0.wisc.cloudlab.us,w101,lru,0.1,51,22,1,3,0.8066,0.60,3587706,51367.7312,1754573
node5.tardis-apia.ldos-ut-pg0.wisc.cloudlab.us,w101,lruforgive,0.1,51,22,1,1,0.7949,0.46,3587706,51367.7312,1754573
node5.tardis-apia.ldos-ut-pg0.wisc.cloudlab.us,w101,lruforgive,0.1,51,22,1,2,0.7949,0.47,3587706,51367.7312,1754573
node5.tardis-apia.ldos-ut-pg0.wisc.cloudlab.us,w101,lruforgive,0.1,51,22,1,3,0.7949,0.47,3587706,51367.7312,1754573
node5.tardis-apia.ldos-ut-pg0.wisc.cloudlab.us,w101,s3fifo,0.1,51,22,1,1,0.8043,0.89,3587706,51367.7312,1754573
node5.tardis-apia.ldos-ut-pg0.wisc.cloudlab.us,w101,s3fifo,0.1,51,22,1,2,0.8043,0.86,3587706,51367.7312,1754573
node5.tardis-apia.ldos-ut-pg0.wisc.cloudlab.us,w101,s3fifo,0.1,51,22,1,3,0.8043,0.86,3587706,51367.7312,1754573
node5.tardis-apia.ldos-ut-pg0.wisc.cloudlab.us,w101,s3fifoforgive,0.1,51,22,1,1,0.8037,0.68,3587706,51367.7312,1754573
node5.tardis-apia.ldos-ut-pg0.wisc.cloudlab.us,w101,s3fifoforgive,0.1,51,22,1,2,0.8037,0.68,3587706,51367.7312,1754573
node5.tardis-apia.ldos-ut-pg0.wisc.cloudlab.us,w101,s3fifoforgive,0.1,51,22,1,3,0.8037,0.68,3587706,51367.7312,1754573
node5.tardis-apia.ldos-ut-pg0.wisc.cloudlab.us,w102,lru,10,784,26,1,1,0.1926,0.62,3558214,7840.1536,325151
node5.tardis-apia.ldos-ut-pg0.wisc.cloudlab.us,w102,lru,10,784,26,1,2,0.1926,0.61,3558214,7840.1536,325151
node5.tardis-apia.ldos-ut-pg0.wisc.cloudlab.us,w102,lru,10,784,26,1,3,0.1926,0.62,3558214,7840.1536,325151
node5.tardis-apia.ldos-ut-pg0.wisc.cloudlab.us,w102,lruforgive,10,784,26,1,1,0.1921,0.38,3558214,7840.1536,325151
node5.tardis-apia.ldos-ut-pg0.wisc.cloudlab.us,w102,lruforgive,10,784,26,1,2,0.1921,0.38,3558214,7840.1536,325151
node5.tardis-apia.ldos-ut-pg0.wisc.cloudlab.us,w102,lruforgive,10,784,26,1,3,0.1921,0.39,3558214,7840.1536,325151
node5.tardis-apia.ldos-ut-pg0.wisc.cloudlab.us,w102,s3fifo,10,784,26,1,1,0.1804,0.69,3558214,7840.1536,325151
node5.tardis-apia.ldos-ut-pg0.wisc.cloudlab.us,w102,s3fifo,10,784,26,1,2,0.1804,0.70,3558214,7840.1536,325151
node5.tardis-apia.ldos-ut-pg0.wisc.cloudlab.us,w102,s3fifo,10,784,26,1,3,0.1804,0.71,3558214,7840.1536,325151
node5.tardis-apia.ldos-ut-pg0.wisc.cloudlab.us,w102,s3fifoforgive,10,784,26,1,1,0.1802,0.44,3558214,7840.1536,325151
node5.tardis-apia.ldos-ut-pg0.wisc.cloudlab.us,w102,s3fifoforgive,10,784,26,1,2,0.1802,0.45,3558214,7840.1536,325151
node5.tardis-apia.ldos-ut-pg0.wisc.cloudlab.us,w102,s3fifoforgive,10,784,26,1,3,0.1802,0.44,3558214,7840.1536,325151
node5.tardis-apia.ldos-ut-pg0.wisc.cloudlab.us,w103,lru,10,782,26,1,1,0.2958,0.64,3442093,7815.9872,430377
node5.tardis-apia.ldos-ut-pg0.wisc.cloudlab.us,w103,lru,10,782,26,1,2,0.2958,0.63,3442093,7815.9872,430377
node5.tardis-apia.ldos-ut-pg0.wisc.cloudlab.us,w103,lru,10,782,26,1,3,0.2958,0.63,3442093,7815.9872,430377
node5.tardis-apia.ldos-ut-pg0.wisc.cloudlab.us,w103,lruforgive,10,782,26,1,1,0.2937,0.44,3442093,7815.9872,430377
node5.tardis-apia.ldos-ut-pg0.wisc.cloudlab.us,w103,lruforgive,10,782,26,1,2,0.2937,0.41,3442093,7815.9872,430377
node5.tardis-apia.ldos-ut-pg0.wisc.cloudlab.us,w103,lruforgive,10,782,26,1,3,0.2937,0.41,3442093,7815.9872,430377
node5.tardis-apia.ldos-ut-pg0.wisc.cloudlab.us,w103,s3fifo,10,782,26,1,1,0.2818,0.81,3442093,7815.9872,430377
node5.tardis-apia.ldos-ut-pg0.wisc.cloudlab.us,w103,s3fifo,10,782,26,1,2,0.2818,0.82,3442093,7815.9872,430377
node5.tardis-apia.ldos-ut-pg0.wisc.cloudlab.us,w103,s3fifo,10,782,26,1,3,0.2818,0.82,3442093,7815.9872,430377
node5.tardis-apia.ldos-ut-pg0.wisc.cloudlab.us,w103,s3fifoforgive,10,782,26,1,1,0.2791,0.51,3442093,7815.9872,430377
node5.tardis-apia.ldos-ut-pg0.wisc.cloudlab.us,w103,s3fifoforgive,10,782,26,1,2,0.2791,0.51,3442093,7815.9872,430377
node5.tardis-apia.ldos-ut-pg0.wisc.cloudlab.us,w103,s3fifoforgive,10,782,26,1,3,0.2791,0.51,3442093,7815.9872,430377
node5.tardis-apia.ldos-ut-pg0.wisc.cloudlab.us,w104,lru,10,4729,27,1,1,0.8625,0.18,3395552,47291.6992,1830087
node5.tardis-apia.ldos-ut-pg0.wisc.cloudlab.us,w104,lru,10,4729,27,1,2,0.8625,0.19,3395552,47291.6992,1830087
node5.tardis-apia.ldos-ut-pg0.wisc.cloudlab.us,w104,lru,10,4729,27,1,3,0.8625,0.18,3395552,47291.6992,1830087
node5.tardis-apia.ldos-ut-pg0.wisc.cloudlab.us,w104,lruforgive,10,4729,27,1,1,0.8616,0.21,3395552,47291.6992,1830087
node5.tardis-apia.ldos-ut-pg0.wisc.cloudlab.us,w104,lruforgive,10,4729,27,1,2,0.8616,0.21,3395552,47291.6992,1830087
node5.tardis-apia.ldos-ut-pg0.wisc.cloudlab.us,w104,lruforgive,10,4729,27,1,3,0.8616,0.21,3395552,47291.6992,1830087
node5.tardis-apia.ldos-ut-pg0.wisc.cloudlab.us,w104,s3fifo,10,4729,27,1,1,0.8746,0.20,3395552,47291.6992,1830087
node5.tardis-apia.ldos-ut-pg0.wisc.cloudlab.us,w104,s3fifo,10,4729,27,1,2,0.8746,0.19,3395552,47291.6992,1830087
node5.tardis-apia.ldos-ut-pg0.wisc.cloudlab.us,w104,s3fifo,10,4729,27,1,3,0.8746,0.20,3395552,47291.6992,1830087
node5.tardis-apia.ldos-ut-pg0.wisc.cloudlab.us,w104,s3fifoforgive,10,4729,27,1,1,0.8745,0.23,3395552,47291.6992,1830087
node5.tardis-apia.ldos-ut-pg0.wisc.cloudlab.us,w104,s3fifoforgive,10,4729,27,1,2,0.8745,0.23,3395552,47291.6992,1830087
node5.tardis-apia.ldos-ut-pg0.wisc.cloudlab.us,w104,s3fifoforgive,10,4729,27,1,3,0.8745,0.23,3395552,47291.6992,1830087
node5.tardis-apia.ldos-ut-pg0.wisc.cloudlab.us,w104,lru,0.1,47,22,1,1,0.9633,0.75,3395552,47291.6992,1830087
node5.tardis-apia.ldos-ut-pg0.wisc.cloudlab.us,w104,lru,0.1,47,22,1,2,0.9633,0.75,3395552,47291.6992,1830087
node5.tardis-apia.ldos-ut-pg0.wisc.cloudlab.us,w104,lru,0.1,47,22,1,3,0.9633,0.75,3395552,47291.6992,1830087
node5.tardis-apia.ldos-ut-pg0.wisc.cloudlab.us,w104,lruforgive,0.1,47,22,1,1,0.9633,0.69,3395552,47291.6992,1830087
node5.tardis-apia.ldos-ut-pg0.wisc.cloudlab.us,w104,lruforgive,0.1,47,22,1,2,0.9633,0.69,3395552,47291.6992,1830087
node5.tardis-apia.ldos-ut-pg0.wisc.cloudlab.us,w104,lruforgive,0.1,47,22,1,3,0.9633,0.69,3395552,47291.6992,1830087
node5.tardis-apia.ldos-ut-pg0.wisc.cloudlab.us,w104,s3fifo,0.1,47,22,1,1,0.9709,0.78,3395552,47291.6992,1830087
node5.tardis-apia.ldos-ut-pg0.wisc.cloudlab.us,w104,s3fifo,0.1,47,22,1,2,0.9709,0.78,3395552,47291.6992,1830087
node5.tardis-apia.ldos-ut-pg0.wisc.cloudlab.us,w104,s3fifo,0.1,47,22,1,3,0.9709,0.78,3395552,47291.6992,1830087
node5.tardis-apia.ldos-ut-pg0.wisc.cloudlab.us,w104,s3fifoforgive,0.1,47,22,1,1,0.9709,0.74,3395552,47291.6992,1830087
node5.tardis-apia.ldos-ut-pg0.wisc.cloudlab.us,w104,s3fifoforgive,0.1,47,22,1,2,0.9709,0.68,3395552,47291.6992,1830087
node5.tardis-apia.ldos-ut-pg0.wisc.cloudlab.us,w104,s3fifoforgive,0.1,47,22,1,3,0.9709,0.67,3395552,47291.6992,1830087
node5.tardis-apia.ldos-ut-pg0.wisc.cloudlab.us,w105,lru,10,1770,27,1,1,0.7188,0.20,3375343,17697.3824,654126
node5.tardis-apia.ldos-ut-pg0.wisc.cloudlab.us,w105,lru,10,1770,27,1,2,0.7188,0.21,3375343,17697.3824,654126
node5.tardis-apia.ldos-ut-pg0.wisc.cloudlab.us,w105,lru,10,1770,27,1,3,0.7188,0.20,3375343,17697.3824,654126
node5.tardis-apia.ldos-ut-pg0.wisc.cloudlab.us,w105,lruforgive,10,1770,27,1,1,0.7132,0.20,3375343,17697.3824,654126
node5.tardis-apia.ldos-ut-pg0.wisc.cloudlab.us,w105,lruforgive,10,1770,27,1,2,0.7132,0.21,3375343,17697.3824,654126
node5.tardis-apia.ldos-ut-pg0.wisc.cloudlab.us,w105,lruforgive,10,1770,27,1,3,0.7132,0.20,3375343,17697.3824,654126
node5.tardis-apia.ldos-ut-pg0.wisc.cloudlab.us,w105,s3fifo,10,1770,27,1,1,0.6514,0.21,3375343,17697.3824,654126
node5.tardis-apia.ldos-ut-pg0.wisc.cloudlab.us,w105,s3fifo,10,1770,27,1,2,0.6514,0.21,3375343,17697.3824,654126
node5.tardis-apia.ldos-ut-pg0.wisc.cloudlab.us,w105,s3fifo,10,1770,27,1,3,0.6514,0.22,3375343,17697.3824,654126
node5.tardis-apia.ldos-ut-pg0.wisc.cloudlab.us,w105,s3fifoforgive,10,1770,27,1,1,0.6513,0.21,3375343,17697.3824,654126
node5.tardis-apia.ldos-ut-pg0.wisc.cloudlab.us,w105,s3fifoforgive,10,1770,27,1,2,0.6513,0.21,3375343,17697.3824,654126
node5.tardis-apia.ldos-ut-pg0.wisc.cloudlab.us,w105,s3fifoforgive,10,1770,27,1,3,0.6513,0.21,3375343,17697.3824,654126
node5.tardis-apia.ldos-ut-pg0.wisc.cloudlab.us,w106,lru,10,450,25,1,1,0.2114,0.92,3275918,4504.1664,337644
node5.tardis-apia.ldos-ut-pg0.wisc.cloudlab.us,w106,lru,10,450,25,1,2,0.2114,0.92,3275918,4504.1664,337644
node5.tardis-apia.ldos-ut-pg0.wisc.cloudlab.us,w106,lru,10,450,25,1,3,0.2114,0.92,3275918,4504.1664,337644
node5.tardis-apia.ldos-ut-pg0.wisc.cloudlab.us,w106,lruforgive,10,450,25,1,1,0.2101,0.53,3275918,4504.1664,337644
node5.tardis-apia.ldos-ut-pg0.wisc.cloudlab.us,w106,lruforgive,10,450,25,1,2,0.2101,0.52,3275918,4504.1664,337644
node5.tardis-apia.ldos-ut-pg0.wisc.cloudlab.us,w106,lruforgive,10,450,25,1,3,0.2101,0.53,3275918,4504.1664,337644
node5.tardis-apia.ldos-ut-pg0.wisc.cloudlab.us,w106,s3fifo,10,450,25,1,1,0.1951,1.31,3275918,4504.1664,337644
node5.tardis-apia.ldos-ut-pg0.wisc.cloudlab.us,w106,s3fifo,10,450,25,1,2,0.1951,1.31,3275918,4504.1664,337644
node5.tardis-apia.ldos-ut-pg0.wisc.cloudlab.us,w106,s3fifo,10,450,25,1,3,0.1951,1.28,3275918,4504.1664,337644
node5.tardis-apia.ldos-ut-pg0.wisc.cloudlab.us,w106,s3fifoforgive,10,450,25,1,1,0.1943,0.66,3275918,4504.1664,337644
node5.tardis-apia.ldos-ut-pg0.wisc.cloudlab.us,w106,s3fifoforgive,10,450,25,1,2,0.1943,0.66,3275918,4504.1664,337644
node5.tardis-apia.ldos-ut-pg0.wisc.cloudlab.us,w106,s3fifoforgive,10,450,25,1,3,0.1943,0.65,3275918,4504.1664,337644
node5.tardis-apia.ldos-ut-pg0.wisc.cloudlab.us,w11,lru,10,7752,27,1,1,0.7393,0.23,46173368,77521.8176,2644480
node5.tardis-apia.ldos-ut-pg0.wisc.cloudlab.us,w11,lru,10,7752,27,1,2,0.7393,0.24,46173368,77521.8176,2644480
node5.tardis-apia.ldos-ut-pg0.wisc.cloudlab.us,w11,lru,10,7752,27,1,3,0.7393,0.24,46173368,77521.8176,2644480
node5.tardis-apia.ldos-ut-pg0.wisc.cloudlab.us,w11,lruforgive,10,7752,27,1,1,0.7351,0.19,46173368,77521.8176,2644480
node5.tardis-apia.ldos-ut-pg0.wisc.cloudlab.us,w11,lruforgive,10,7752,27,1,2,0.7351,0.19,46173368,77521.8176,2644480
node5.tardis-apia.ldos-ut-pg0.wisc.cloudlab.us,w11,lruforgive,10,7752,27,1,3,0.7351,0.19,46173368,77521.8176,2644480
node5.tardis-apia.ldos-ut-pg0.wisc.cloudlab.us,w11,s3fifo,10,7752,27,1,1,0.7066,0.24,46173368,77521.8176,2644480
node5.tardis-apia.ldos-ut-pg0.wisc.cloudlab.us,w11,s3fifo,10,7752,27,1,2,0.7066,0.24,46173368,77521.8176,2644480
node5.tardis-apia.ldos-ut-pg0.wisc.cloudlab.us,w11,s3fifo,10,7752,27,1,3,0.7066,0.24,46173368,77521.8176,2644480
node5.tardis-apia.ldos-ut-pg0.wisc.cloudlab.us,w11,s3fifoforgive,10,7752,27,1,1,0.7044,0.20,46173368,77521.8176,2644480
node5.tardis-apia.ldos-ut-pg0.wisc.cloudlab.us,w11,s3fifoforgive,10,7752,27,1,2,0.7044,0.20,46173368,77521.8176,2644480
node5.tardis-apia.ldos-ut-pg0.wisc.cloudlab.us,w11,s3fifoforgive,10,7752,27,1,3,0.7044,0.20,46173368,77521.8176,2644480
node5.tardis-apia.ldos-ut-pg0.wisc.cloudlab.us,w11,lru,0.1,78,22,1,1,0.9889,0.40,46173368,77521.8176,2644480
node5.tardis-apia.ldos-ut-pg0.wisc.cloudlab.us,w11,lru,0.1,78,22,1,2,0.9889,0.41,46173368,77521.8176,2644480
node5.tardis-apia.ldos-ut-pg0.wisc.cloudlab.us,w11,lru,0.1,78,22,1,3,0.9889,0.42,46173368,77521.8176,2644480
node5.tardis-apia.ldos-ut-pg0.wisc.cloudlab.us,w11,lruforgive,0.1,78,22,1,1,0.9830,0.33,46173368,77521.8176,2644480
node5.tardis-apia.ldos-ut-pg0.wisc.cloudlab.us,w11,lruforgive,0.1,78,22,1,2,0.9830,0.34,46173368,77521.8176,2644480
node5.tardis-apia.ldos-ut-pg0.wisc.cloudlab.us,w11,lruforgive,0.1,78,22,1,3,0.9830,0.34,46173368,77521.8176,2644480
node5.tardis-apia.ldos-ut-pg0.wisc.cloudlab.us,w11,s3fifo,0.1,78,22,1,1,NA,NA,NA,77521.8176,2644480
node5.tardis-apia.ldos-ut-pg0.wisc.cloudlab.us,w11,s3fifo,0.1,78,22,1,2,0.9775,0.57,46173368,77521.8176,2644480
node5.tardis-apia.ldos-ut-pg0.wisc.cloudlab.us,w11,s3fifo,0.1,78,22,1,3,0.9775,0.56,46173368,77521.8176,2644480
node5.tardis-apia.ldos-ut-pg0.wisc.cloudlab.us,w11,s3fifoforgive,0.1,78,22,1,1,0.9760,0.51,46173368,77521.8176,2644480
node5.tardis-apia.ldos-ut-pg0.wisc.cloudlab.us,w11,s3fifoforgive,0.1,78,22,1,2,0.9760,0.52,46173368,77521.8176,2644480
node5.tardis-apia.ldos-ut-pg0.wisc.cloudlab.us,w11,s3fifoforgive,0.1,78,22,1,3,0.9760,0.52,46173368,77521.8176,2644480
node5.tardis-apia.ldos-ut-pg0.wisc.cloudlab.us,w12,lru,10,780,26,1,1,0.0247,2.59,45355528,7799.9104,417995
node5.tardis-apia.ldos-ut-pg0.wisc.cloudlab.us,w12,lru,10,780,26,1,2,0.0247,2.62,45355528,7799.9104,417995
node5.tardis-apia.ldos-ut-pg0.wisc.cloudlab.us,w12,lru,10,780,26,1,3,0.0247,2.59,45355528,7799.9104,417995
node5.tardis-apia.ldos-ut-pg0.wisc.cloudlab.us,w12,lruforgive,10,780,26,1,1,0.0243,0.73,45355528,7799.9104,417995
node5.tardis-apia.ldos-ut-pg0.wisc.cloudlab.us,w12,lruforgive,10,780,26,1,2,0.0243,0.73,45355528,7799.9104,417995
node5.tardis-apia.ldos-ut-pg0.wisc.cloudlab.us,w12,lruforgive,10,780,26,1,3,0.0243,0.74,45355528,7799.9104,417995
node5.tardis-apia.ldos-ut-pg0.wisc.cloudlab.us,w12,s3fifo,10,780,26,1,1,0.0235,3.17,45355528,7799.9104,417995
node5.tardis-apia.ldos-ut-pg0.wisc.cloudlab.us,w12,s3fifo,10,780,26,1,2,0.0235,3.15,45355528,7799.9104,417995
node5.tardis-apia.ldos-ut-pg0.wisc.cloudlab.us,w12,s3fifo,10,780,26,1,3,0.0235,3.11,45355528,7799.9104,417995
node5.tardis-apia.ldos-ut-pg0.wisc.cloudlab.us,w12,s3fifoforgive,10,780,26,1,1,0.0235,0.77,45355528,7799.9104,417995
node5.tardis-apia.ldos-ut-pg0.wisc.cloudlab.us,w12,s3fifoforgive,10,780,26,1,2,0.0235,0.78,45355528,7799.9104,417995
node5.tardis-apia.ldos-ut-pg0.wisc.cloudlab.us,w12,s3fifoforgive,10,780,26,1,3,0.0235,0.78,45355528,7799.9104,417995
node5.tardis-apia.ldos-ut-pg0.wisc.cloudlab.us,w13,lru,10,19412,27,1,1,0.2759,0.33,39822876,194116.5056,5561707
node5.tardis-apia.ldos-ut-pg0.wisc.cloudlab.us,w13,lru,10,19412,27,1,2,0.2759,0.33,39822876,194116.5056,5561707
node5.tardis-apia.ldos-ut-pg0.wisc.cloudlab.us,w13,lru,10,19412,27,1,3,0.2759,0.33,39822876,194116.5056,5561707
node5.tardis-apia.ldos-ut-pg0.wisc.cloudlab.us,w13,lruforgive,10,19412,27,1,1,0.2757,0.22,39822876,194116.5056,5561707
node5.tardis-apia.ldos-ut-pg0.wisc.cloudlab.us,w13,lruforgive,10,19412,27,1,2,0.2757,0.22,39822876,194116.5056,5561707
node5.tardis-apia.ldos-ut-pg0.wisc.cloudlab.us,w13,lruforgive,10,19412,27,1,3,0.2757,0.22,39822876,194116.5056,5561707
node5.tardis-apia.ldos-ut-pg0.wisc.cloudlab.us,w13,s3fifo,10,19412,27,1,1,0.2543,0.36,39822876,194116.5056,5561707
node5.tardis-apia.ldos-ut-pg0.wisc.cloudlab.us,w13,s3fifo,10,19412,27,1,2,0.2543,0.36,39822876,194116.5056,5561707
node5.tardis-apia.ldos-ut-pg0.wisc.cloudlab.us,w13,s3fifo,10,19412,27,1,3,0.2543,0.36,39822876,194116.5056,5561707
node5.tardis-apia.ldos-ut-pg0.wisc.cloudlab.us,w13,s3fifoforgive,10,19412,27,1,1,0.2542,0.23,39822876,194116.5056,5561707
node5.tardis-apia.ldos-ut-pg0.wisc.cloudlab.us,w13,s3fifoforgive,10,19412,27,1,2,0.2542,0.24,39822876,194116.5056,5561707
node5.tardis-apia.ldos-ut-pg0.wisc.cloudlab.us,w13,s3fifoforgive,10,19412,27,1,3,0.2542,0.23,39822876,194116.5056,5561707
node5.tardis-apia.ldos-ut-pg0.wisc.cloudlab.us,w13,lru,0.1,194,24,1,1,0.8934,0.28,39822876,194116.5056,5561707
node5.tardis-apia.ldos-ut-pg0.wisc.cloudlab.us,w13,lru,0.1,194,24,1,2,0.8934,0.28,39822876,194116.5056,5561707
node5.tardis-apia.ldos-ut-pg0.wisc.cloudlab.us,w13,lru,0.1,194,24,1,3,0.8934,0.28,39822876,194116.5056,5561707
node5.tardis-apia.ldos-ut-pg0.wisc.cloudlab.us,w13,lruforgive,0.1,194,24,1,1,0.8819,0.22,39822876,194116.5056,5561707
node5.tardis-apia.ldos-ut-pg0.wisc.cloudlab.us,w13,lruforgive,0.1,194,24,1,2,0.8819,0.23,39822876,194116.5056,5561707
node5.tardis-apia.ldos-ut-pg0.wisc.cloudlab.us,w13,lruforgive,0.1,194,24,1,3,0.8819,0.23,39822876,194116.5056,5561707
node5.tardis-apia.ldos-ut-pg0.wisc.cloudlab.us,w13,s3fifo,0.1,194,24,1,1,0.8665,0.68,39822876,194116.5056,5561707
node5.tardis-apia.ldos-ut-pg0.wisc.cloudlab.us,w13,s3fifo,0.1,194,24,1,2,0.8665,0.66,39822876,194116.5056,5561707
node5.tardis-apia.ldos-ut-pg0.wisc.cloudlab.us,w13,s3fifo,0.1,194,24,1,3,0.8665,0.68,39822876,194116.5056,5561707
node5.tardis-apia.ldos-ut-pg0.wisc.cloudlab.us,w13,s3fifoforgive,0.1,194,24,1,1,0.8574,0.54,39822876,194116.5056,5561707
node5.tardis-apia.ldos-ut-pg0.wisc.cloudlab.us,w13,s3fifoforgive,0.1,194,24,1,2,0.8574,0.54,39822876,194116.5056,5561707
node5.tardis-apia.ldos-ut-pg0.wisc.cloudlab.us,w13,s3fifoforgive,0.1,194,24,1,3,0.8574,0.55,39822876,194116.5056,5561707
node5.tardis-apia.ldos-ut-pg0.wisc.cloudlab.us,w14,lru,10,72232,27,1,1,0.4902,0.06,34816424,722320.0768,8932576
node5.tardis-apia.ldos-ut-pg0.wisc.cloudlab.us,w14,lru,10,72232,27,1,2,0.4902,0.06,34816424,722320.0768,8932576
node5.tardis-apia.ldos-ut-pg0.wisc.cloudlab.us,w14,lru,10,72232,27,1,3,0.4902,0.06,34816424,722320.0768,8932576
node5.tardis-apia.ldos-ut-pg0.wisc.cloudlab.us,w14,lruforgive,10,72232,27,1,1,0.4900,0.06,34816424,722320.0768,8932576
node5.tardis-apia.ldos-ut-pg0.wisc.cloudlab.us,w14,lruforgive,10,72232,27,1,2,0.4900,0.06,34816424,722320.0768,8932576
node5.tardis-apia.ldos-ut-pg0.wisc.cloudlab.us,w14,lruforgive,10,72232,27,1,3,0.4900,0.06,34816424,722320.0768,8932576
node5.tardis-apia.ldos-ut-pg0.wisc.cloudlab.us,w14,s3fifo,10,72232,27,1,1,0.4709,0.07,34816424,722320.0768,8932576
node5.tardis-apia.ldos-ut-pg0.wisc.cloudlab.us,w14,s3fifo,10,72232,27,1,2,0.4709,0.07,34816424,722320.0768,8932576
node5.tardis-apia.ldos-ut-pg0.wisc.cloudlab.us,w14,s3fifo,10,72232,27,1,3,0.4709,0.07,34816424,722320.0768,8932576
node5.tardis-apia.ldos-ut-pg0.wisc.cloudlab.us,w14,s3fifoforgive,10,72232,27,1,1,0.4709,0.07,34816424,722320.0768,8932576
node5.tardis-apia.ldos-ut-pg0.wisc.cloudlab.us,w14,s3fifoforgive,10,72232,27,1,2,0.4709,0.07,34816424,722320.0768,8932576
node5.tardis-apia.ldos-ut-pg0.wisc.cloudlab.us,w14,s3fifoforgive,10,72232,27,1,3,0.4709,0.07,34816424,722320.0768,8932576
node5.tardis-apia.ldos-ut-pg0.wisc.cloudlab.us,w14,lru,0.1,722,25,1,1,0.6564,0.09,34816424,722320.0768,8932576
node5.tardis-apia.ldos-ut-pg0.wisc.cloudlab.us,w14,lru,0.1,722,25,1,2,0.6564,0.09,34816424,722320.0768,8932576
node5.tardis-apia.ldos-ut-pg0.wisc.cloudlab.us,w14,lru,0.1,722,25,1,3,0.6564,0.09,34816424,722320.0768,8932576
node5.tardis-apia.ldos-ut-pg0.wisc.cloudlab.us,w14,lruforgive,0.1,722,25,1,1,0.6538,0.08,34816424,722320.0768,8932576
node5.tardis-apia.ldos-ut-pg0.wisc.cloudlab.us,w14,lruforgive,0.1,722,25,1,2,0.6538,0.08,34816424,722320.0768,8932576
node5.tardis-apia.ldos-ut-pg0.wisc.cloudlab.us,w14,lruforgive,0.1,722,25,1,3,0.6538,0.08,34816424,722320.0768,8932576
node5.tardis-apia.ldos-ut-pg0.wisc.cloudlab.us,w14,s3fifo,0.1,722,25,1,1,0.6517,0.15,34816424,722320.0768,8932576
node5.tardis-apia.ldos-ut-pg0.wisc.cloudlab.us,w14,s3fifo,0.1,722,25,1,2,0.6517,0.14,34816424,722320.0768,8932576
node5.tardis-apia.ldos-ut-pg0.wisc.cloudlab.us,w14,s3fifo,0.1,722,25,1,3,0.6517,0.15,34816424,722320.0768,8932576
node5.tardis-apia.ldos-ut-pg0.wisc.cloudlab.us,w14,s3fifoforgive,0.1,722,25,1,1,0.6510,0.14,34816424,722320.0768,8932576
node5.tardis-apia.ldos-ut-pg0.wisc.cloudlab.us,w14,s3fifoforgive,0.1,722,25,1,2,0.6510,0.14,34816424,722320.0768,8932576
node5.tardis-apia.ldos-ut-pg0.wisc.cloudlab.us,w14,s3fifoforgive,0.1,722,25,1,3,0.6510,0.14,34816424,722320.0768,8932576
node5.tardis-apia.ldos-ut-pg0.wisc.cloudlab.us,w15,lru,10,6390,27,1,1,0.8398,0.57,33628756,63899.3408,5558760
node5.tardis-apia.ldos-ut-pg0.wisc.cloudlab.us,w15,lru,10,6390,27,1,2,0.8398,0.57,33628756,63899.3408,5558760
node5.tardis-apia.ldos-ut-pg0.wisc.cloudlab.us,w15,lru,10,6390,27,1,3,0.8397,0.58,33628756,63899.3408,5558760
node5.tardis-apia.ldos-ut-pg0.wisc.cloudlab.us,w15,lruforgive,10,6390,27,1,1,0.8398,0.45,33628756,63899.3408,5558760
node5.tardis-apia.ldos-ut-pg0.wisc.cloudlab.us,w15,lruforgive,10,6390,27,1,2,0.8397,0.45,33628756,63899.3408,5558760
node5.tardis-apia.ldos-ut-pg0.wisc.cloudlab.us,w15,lruforgive,10,6390,27,1,3,0.8396,0.46,33628756,63899.3408,5558760
node5.tardis-apia.ldos-ut-pg0.wisc.cloudlab.us,w15,s3fifo,10,6390,27,1,1,0.7333,0.66,33628756,63899.3408,5558760
node5.tardis-apia.ldos-ut-pg0.wisc.cloudlab.us,w15,s3fifo,10,6390,27,1,2,0.7328,0.61,33628756,63899.3408,5558760
node5.tardis-apia.ldos-ut-pg0.wisc.cloudlab.us,w15,s3fifo,10,6390,27,1,3,0.7328,0.61,33628756,63899.3408,5558760
node5.tardis-apia.ldos-ut-pg0.wisc.cloudlab.us,w15,s3fifoforgive,10,6390,27,1,1,0.7332,0.46,33628756,63899.3408,5558760
node5.tardis-apia.ldos-ut-pg0.wisc.cloudlab.us,w15,s3fifoforgive,10,6390,27,1,2,0.7332,0.45,33628756,63899.3408,5558760
node5.tardis-apia.ldos-ut-pg0.wisc.cloudlab.us,w15,s3fifoforgive,10,6390,27,1,3,0.7331,0.45,33628756,63899.3408,5558760
node5.tardis-apia.ldos-ut-pg0.wisc.cloudlab.us,w15,lru,0.1,64,22,1,1,0.9965,1.31,33628756,63899.3408,5558760
node5.tardis-apia.ldos-ut-pg0.wisc.cloudlab.us,w15,lru,0.1,64,22,1,2,0.9965,1.34,33628756,63899.3408,5558760
node5.tardis-apia.ldos-ut-pg0.wisc.cloudlab.us,w15,lru,0.1,64,22,1,3,0.9965,1.34,33628756,63899.3408,5558760
node5.tardis-apia.ldos-ut-pg0.wisc.cloudlab.us,w15,lruforgive,0.1,64,22,1,1,0.9960,1.10,33628756,63899.3408,5558760
node5.tardis-apia.ldos-ut-pg0.wisc.cloudlab.us,w15,lruforgive,0.1,64,22,1,2,0.9960,1.12,33628756,63899.3408,5558760
node5.tardis-apia.ldos-ut-pg0.wisc.cloudlab.us,w15,lruforgive,0.1,64,22,1,3,0.9960,1.12,33628756,63899.3408,5558760
node5.tardis-apia.ldos-ut-pg0.wisc.cloudlab.us,w15,s3fifo,0.1,64,22,1,1,0.9959,1.43,33628756,63899.3408,5558760
node5.tardis-apia.ldos-ut-pg0.wisc.cloudlab.us,w15,s3fifo,0.1,64,22,1,2,0.9959,1.44,33628756,63899.3408,5558760
node5.tardis-apia.ldos-ut-pg0.wisc.cloudlab.us,w15,s3fifo,0.1,64,22,1,3,0.9959,1.44,33628756,63899.3408,5558760
node5.tardis-apia.ldos-ut-pg0.wisc.cloudlab.us,w15,s3fifoforgive,0.1,64,22,1,1,0.9957,1.29,33628756,63899.3408,5558760
node5.tardis-apia.ldos-ut-pg0.wisc.cloudlab.us,w15,s3fifoforgive,0.1,64,22,1,2,0.9957,1.30,33628756,63899.3408,5558760
node5.tardis-apia.ldos-ut-pg0.wisc.cloudlab.us,w15,s3fifoforgive,0.1,64,22,1,3,0.9957,1.30,33628756,63899.3408,5558760
node5.tardis-apia.ldos-ut-pg0.wisc.cloudlab.us,w16,lru,10,8876,27,1,1,0.8041,0.39,26702187,88758.4768,8143839
node5.tardis-apia.ldos-ut-pg0.wisc.cloudlab.us,w16,lru,10,8876,27,1,2,0.8041,0.39,26702187,88758.4768,8143839
node5.tardis-apia.ldos-ut-pg0.wisc.cloudlab.us,w16,lru,10,8876,27,1,3,0.8041,0.39,26702187,88758.4768,8143839
node5.tardis-apia.ldos-ut-pg0.wisc.cloudlab.us,w16,lruforgive,10,8876,27,1,1,0.7963,0.34,26702187,88758.4768,8143839
node5.tardis-apia.ldos-ut-pg0.wisc.cloudlab.us,w16,lruforgive,10,8876,27,1,2,0.7963,0.34,26702187,88758.4768,8143839
node5.tardis-apia.ldos-ut-pg0.wisc.cloudlab.us,w16,lruforgive,10,8876,27,1,3,0.7963,0.34,26702187,88758.4768,8143839
node5.tardis-apia.ldos-ut-pg0.wisc.cloudlab.us,w16,s3fifo,10,8876,27,1,1,0.7408,0.49,26702187,88758.4768,8143839
node5.tardis-apia.ldos-ut-pg0.wisc.cloudlab.us,w16,s3fifo,10,8876,27,1,2,0.7408,0.50,26702187,88758.4768,8143839
node5.tardis-apia.ldos-ut-pg0.wisc.cloudlab.us,w16,s3fifo,10,8876,27,1,3,0.7408,0.50,26702187,88758.4768,8143839
node5.tardis-apia.ldos-ut-pg0.wisc.cloudlab.us,w16,s3fifoforgive,10,8876,27,1,1,0.7403,0.41,26702187,88758.4768,8143839
node5.tardis-apia.ldos-ut-pg0.wisc.cloudlab.us,w16,s3fifoforgive,10,8876,27,1,2,0.7403,0.43,26702187,88758.4768,8143839
node5.tardis-apia.ldos-ut-pg0.wisc.cloudlab.us,w16,s3fifoforgive,10,8876,27,1,3,0.7403,0.43,26702187,88758.4768,8143839
node5.tardis-apia.ldos-ut-pg0.wisc.cloudlab.us,w16,lru,0.1,89,22,1,1,0.9012,1.00,26702187,88758.4768,8143839
node5.tardis-apia.ldos-ut-pg0.wisc.cloudlab.us,w16,lru,0.1,89,22,1,2,0.9012,1.02,26702187,88758.4768,8143839
node5.tardis-apia.ldos-ut-pg0.wisc.cloudlab.us,w16,lru,0.1,89,22,1,3,0.9012,1.02,26702187,88758.4768,8143839
node5.tardis-apia.ldos-ut-pg0.wisc.cloudlab.us,w16,lruforgive,0.1,89,22,1,1,0.8871,0.46,26702187,88758.4768,8143839
node5.tardis-apia.ldos-ut-pg0.wisc.cloudlab.us,w16,lruforgive,0.1,89,22,1,2,0.8871,0.47,26702187,88758.4768,8143839
node5.tardis-apia.ldos-ut-pg0.wisc.cloudlab.us,w16,lruforgive,0.1,89,22,1,3,0.8871,0.47,26702187,88758.4768,8143839
node5.tardis-apia.ldos-ut-pg0.wisc.cloudlab.us,w16,s3fifo,0.1,89,22,1,1,0.8877,1.17,26702187,88758.4768,8143839
node5.tardis-apia.ldos-ut-pg0.wisc.cloudlab.us,w16,s3fifo,0.1,89,22,1,2,0.8880,1.16,26702187,88758.4768,8143839
node5.tardis-apia.ldos-ut-pg0.wisc.cloudlab.us,w16,s3fifo,0.1,89,22,1,3,NA,NA,NA,88758.4768,8143839
node5.tardis-apia.ldos-ut-pg0.wisc.cloudlab.us,w16,s3fifoforgive,0.1,89,22,1,1,NA,NA,NA,88758.4768,8143839
node5.tardis-apia.ldos-ut-pg0.wisc.cloudlab.us,w16,s3fifoforgive,0.1,89,22,1,2,0.8834,0.96,26702187,88758.4768,8143839
node5.tardis-apia.ldos-ut-pg0.wisc.cloudlab.us,w16,s3fifoforgive,0.1,89,22,1,3,NA,NA,NA,88758.4768,8143839
node5.tardis-apia.ldos-ut-pg0.wisc.cloudlab.us,w17,lru,10,4570,27,1,1,0.1700,0.69,31398088,45699.3792,2731428
node5.tardis-apia.ldos-ut-pg0.wisc.cloudlab.us,w17,lru,10,4570,27,1,2,0.1700,0.70,31398088,45699.3792,2731428
node5.tardis-apia.ldos-ut-pg0.wisc.cloudlab.us,w17,lru,10,4570,27,1,3,0.1700,0.69,31398088,45699.3792,2731428
node5.tardis-apia.ldos-ut-pg0.wisc.cloudlab.us,w17,lruforgive,10,4570,27,1,1,0.1690,0.35,31398088,45699.3792,2731428
node5.tardis-apia.ldos-ut-pg0.wisc.cloudlab.us,w17,lruforgive,10,4570,27,1,2,0.1690,0.35,31398088,45699.3792,2731428
node5.tardis-apia.ldos-ut-pg0.wisc.cloudlab.us,w17,lruforgive,10,4570,27,1,3,0.1690,0.35,31398088,45699.3792,2731428
node5.tardis-apia.ldos-ut-pg0.wisc.cloudlab.us,w17,s3fifo,10,4570,27,1,1,0.1631,0.78,31398088,45699.3792,2731428
node5.tardis-apia.ldos-ut-pg0.wisc.cloudlab.us,w17,s3fifo,10,4570,27,1,2,0.1631,0.77,31398088,45699.3792,2731428
node5.tardis-apia.ldos-ut-pg0.wisc.cloudlab.us,w17,s3fifo,10,4570,27,1,3,0.1631,0.77,31398088,45699.3792,2731428
node5.tardis-apia.ldos-ut-pg0.wisc.cloudlab.us,w17,s3fifoforgive,10,4570,27,1,1,0.1631,0.37,31398088,45699.3792,2731428
node5.tardis-apia.ldos-ut-pg0.wisc.cloudlab.us,w17,s3fifoforgive,10,4570,27,1,2,0.1631,0.37,31398088,45699.3792,2731428
node5.tardis-apia.ldos-ut-pg0.wisc.cloudlab.us,w17,s3fifoforgive,10,4570,27,1,3,0.1631,0.37,31398088,45699.3792,2731428
node5.tardis-apia.ldos-ut-pg0.wisc.cloudlab.us,w17,lru,0.1,46,22,1,1,0.8638,1.53,31398088,45699.3792,2731428
node5.tardis-apia.ldos-ut-pg0.wisc.cloudlab.us,w17,lru,0.1,46,22,1,2,0.8638,1.53,31398088,45699.3792,2731428
node5.tardis-apia.ldos-ut-pg0.wisc.cloudlab.us,w17,lru,0.1,46,22,1,3,0.8638,1.53,31398088,45699.3792,2731428
node5.tardis-apia.ldos-ut-pg0.wisc.cloudlab.us,w17,lruforgive,0.1,46,22,1,1,0.8568,0.98,31398088,45699.3792,2731428
node5.tardis-apia.ldos-ut-pg0.wisc.cloudlab.us,w17,lruforgive,0.1,46,22,1,2,0.8568,0.99,31398088,45699.3792,2731428
node5.tardis-apia.ldos-ut-pg0.wisc.cloudlab.us,w17,lruforgive,0.1,46,22,1,3,0.8568,0.99,31398088,45699.3792,2731428
node5.tardis-apia.ldos-ut-pg0.wisc.cloudlab.us,w17,s3fifo,0.1,46,22,1,1,0.8550,1.71,31398088,45699.3792,2731428
node5.tardis-apia.ldos-ut-pg0.wisc.cloudlab.us,w17,s3fifo,0.1,46,22,1,2,0.8550,1.71,31398088,45699.3792,2731428
node5.tardis-apia.ldos-ut-pg0.wisc.cloudlab.us,w17,s3fifo,0.1,46,22,1,3,0.8550,1.70,31398088,45699.3792,2731428
node5.tardis-apia.ldos-ut-pg0.wisc.cloudlab.us,w17,s3fifoforgive,0.1,46,22,1,1,0.8515,1.35,31398088,45699.3792,2731428
node5.tardis-apia.ldos-ut-pg0.wisc.cloudlab.us,w17,s3fifoforgive,0.1,46,22,1,2,0.8515,1.35,31398088,45699.3792,2731428
node5.tardis-apia.ldos-ut-pg0.wisc.cloudlab.us,w17,s3fifoforgive,0.1,46,22,1,3,0.8515,1.35,31398088,45699.3792,2731428
node5.tardis-apia.ldos-ut-pg0.wisc.cloudlab.us,w18,lru,10,7090,27,1,1,0.6452,0.39,22466282,70895.8208,3675624
node5.tardis-apia.ldos-ut-pg0.wisc.cloudlab.us,w18,lru,10,7090,27,1,2,0.6452,0.39,22466282,70895.8208,3675624
node5.tardis-apia.ldos-ut-pg0.wisc.cloudlab.us,w18,lru,10,7090,27,1,3,0.6452,0.39,22466282,70895.8208,3675624
node5.tardis-apia.ldos-ut-pg0.wisc.cloudlab.us,w18,lruforgive,10,7090,27,1,1,0.6370,0.32,22466282,70895.8208,3675624
node5.tardis-apia.ldos-ut-pg0.wisc.cloudlab.us,w18,lruforgive,10,7090,27,1,2,0.6370,0.32,22466282,70895.8208,3675624
node5.tardis-apia.ldos-ut-pg0.wisc.cloudlab.us,w18,lruforgive,10,7090,27,1,3,0.6370,0.32,22466282,70895.8208,3675624
node5.tardis-apia.ldos-ut-pg0.wisc.cloudlab.us,w18,s3fifo,10,7090,27,1,1,0.5746,0.53,22466282,70895.8208,3675624
node5.tardis-apia.ldos-ut-pg0.wisc.cloudlab.us,w18,s3fifo,10,7090,27,1,2,0.5746,0.53,22466282,70895.8208,3675624
node5.tardis-apia.ldos-ut-pg0.wisc.cloudlab.us,w18,s3fifo,10,7090,27,1,3,0.5746,0.53,22466282,70895.8208,3675624
node5.tardis-apia.ldos-ut-pg0.wisc.cloudlab.us,w18,s3fifoforgive,10,7090,27,1,1,0.5741,0.41,22466282,70895.8208,3675624
node5.tardis-apia.ldos-ut-pg0.wisc.cloudlab.us,w18,s3fifoforgive,10,7090,27,1,2,0.5741,0.41,22466282,70895.8208,3675624
node5.tardis-apia.ldos-ut-pg0.wisc.cloudlab.us,w18,s3fifoforgive,10,7090,27,1,3,0.5741,0.41,22466282,70895.8208,3675624
node5.tardis-apia.ldos-ut-pg0.wisc.cloudlab.us,w18,lru,0.1,71,22,1,1,0.8354,1.07,22466282,70895.8208,3675624
node5.tardis-apia.ldos-ut-pg0.wisc.cloudlab.us,w18,lru,0.1,71,22,1,2,0.8358,1.12,22466282,70895.8208,3675624
node5.tardis-apia.ldos-ut-pg0.wisc.cloudlab.us,w18,lru,0.1,71,22,1,3,0.8352,1.09,22466282,70895.8208,3675624
node5.tardis-apia.ldos-ut-pg0.wisc.cloudlab.us,w18,lruforgive,0.1,71,22,1,1,0.8168,0.45,22466282,70895.8208,3675624
node5.tardis-apia.ldos-ut-pg0.wisc.cloudlab.us,w18,lruforgive,0.1,71,22,1,2,0.8163,0.45,22466282,70895.8208,3675624
node5.tardis-apia.ldos-ut-pg0.wisc.cloudlab.us,w18,lruforgive,0.1,71,22,1,3,0.8168,0.45,22466282,70895.8208,3675624
node5.tardis-apia.ldos-ut-pg0.wisc.cloudlab.us,w18,s3fifo,0.1,71,22,1,1,0.8192,1.22,22466282,70895.8208,3675624
node5.tardis-apia.ldos-ut-pg0.wisc.cloudlab.us,w18,s3fifo,0.1,71,22,1,2,0.8192,1.23,22466282,70895.8208,3675624
node5.tardis-apia.ldos-ut-pg0.wisc.cloudlab.us,w18,s3fifo,0.1,71,22,1,3,0.8192,1.23,22466282,70895.8208,3675624
node5.tardis-apia.ldos-ut-pg0.wisc.cloudlab.us,w18,s3fifoforgive,0.1,71,22,1,1,0.8132,0.93,22466282,70895.8208,3675624
node5.tardis-apia.ldos-ut-pg0.wisc.cloudlab.us,w18,s3fifoforgive,0.1,71,22,1,2,0.8123,0.94,22466282,70895.8208,3675624
node5.tardis-apia.ldos-ut-pg0.wisc.cloudlab.us,w18,s3fifoforgive,0.1,71,22,1,3,0.8123,0.94,22466282,70895.8208,3675624
node5.tardis-apia.ldos-ut-pg0.wisc.cloudlab.us,w19,lru,10,3689,27,1,1,0.1994,0.27,31116215,36888.8832,723012
node5.tardis-apia.ldos-ut-pg0.wisc.cloudlab.us,w19,lru,10,3689,27,1,2,0.1994,0.28,31116215,36888.8832,723012
node5.tardis-apia.ldos-ut-pg0.wisc.cloudlab.us,w19,lru,10,3689,27,1,3,0.1994,0.28,31116215,36888.8832,723012
node5.tardis-apia.ldos-ut-pg0.wisc.cloudlab.us,w19,lruforgive,10,3689,27,1,1,0.1805,0.21,31116215,36888.8832,723012
node5.tardis-apia.ldos-ut-pg0.wisc.cloudlab.us,w19,lruforgive,10,3689,27,1,2,0.1805,0.21,31116215,36888.8832,723012
node5.tardis-apia.ldos-ut-pg0.wisc.cloudlab.us,w19,lruforgive,10,3689,27,1,3,0.1805,0.21,31116215,36888.8832,723012
node5.tardis-apia.ldos-ut-pg0.wisc.cloudlab.us,w19,s3fifo,10,3689,27,1,1,0.1433,0.36,31116215,36888.8832,723012
node5.tardis-apia.ldos-ut-pg0.wisc.cloudlab.us,w19,s3fifo,10,3689,27,1,2,0.1433,0.36,31116215,36888.8832,723012
node5.tardis-apia.ldos-ut-pg0.wisc.cloudlab.us,w19,s3fifo,10,3689,27,1,3,0.1433,0.36,31116215,36888.8832,723012
node5.tardis-apia.ldos-ut-pg0.wisc.cloudlab.us,w19,s3fifoforgive,10,3689,27,1,1,0.1438,0.23,31116215,36888.8832,723012
node5.tardis-apia.ldos-ut-pg0.wisc.cloudlab.us,w19,s3fifoforgive,10,3689,27,1,2,0.1438,0.23,31116215,36888.8832,723012
node5.tardis-apia.ldos-ut-pg0.wisc.cloudlab.us,w19,s3fifoforgive,10,3689,27,1,3,0.1438,0.23,31116215,36888.8832,723012
node5.tardis-apia.ldos-ut-pg0.wisc.cloudlab.us,w20,lru,10,109398,27,1,1,0.6671,0.04,29842316,1093981.696,10999689
node5.tardis-apia.ldos-ut-pg0.wisc.cloudlab.us,w20,lru,10,109398,27,1,2,0.6671,0.04,29842316,1093981.696,10999689
node5.tardis-apia.ldos-ut-pg0.wisc.cloudlab.us,w20,lru,10,109398,27,1,3,0.6671,0.04,29842316,1093981.696,10999689
node5.tardis-apia.ldos-ut-pg0.wisc.cloudlab.us,w20,lruforgive,10,109398,27,1,1,0.6655,0.04,29842316,1093981.696,10999689
node5.tardis-apia.ldos-ut-pg0.wisc.cloudlab.us,w20,lruforgive,10,109398,27,1,2,0.6655,0.04,29842316,1093981.696,10999689
node5.tardis-apia.ldos-ut-pg0.wisc.cloudlab.us,w20,lruforgive,10,109398,27,1,3,0.6655,0.04,29842316,1093981.696,10999689
node5.tardis-apia.ldos-ut-pg0.wisc.cloudlab.us,w20,s3fifo,10,109398,27,1,1,0.6524,0.05,29842316,1093981.696,10999689
node5.tardis-apia.ldos-ut-pg0.wisc.cloudlab.us,w20,s3fifo,10,109398,27,1,2,0.6524,0.05,29842316,1093981.696,10999689
node5.tardis-apia.ldos-ut-pg0.wisc.cloudlab.us,w20,s3fifo,10,109398,27,1,3,0.6524,0.05,29842316,1093981.696,10999689
node5.tardis-apia.ldos-ut-pg0.wisc.cloudlab.us,w20,s3fifoforgive,10,109398,27,1,1,0.6524,0.05,29842316,1093981.696,10999689
node5.tardis-apia.ldos-ut-pg0.wisc.cloudlab.us,w20,s3fifoforgive,10,109398,27,1,2,0.6524,0.05,29842316,1093981.696,10999689
node5.tardis-apia.ldos-ut-pg0.wisc.cloudlab.us,w20,s3fifoforgive,10,109398,27,1,3,0.6524,0.05,29842316,1093981.696,10999689
node5.tardis-apia.ldos-ut-pg0.wisc.cloudlab.us,w20,lru,0.1,1094,26,1,1,0.7706,0.08,29842316,1093981.696,10999689
node5.tardis-apia.ldos-ut-pg0.wisc.cloudlab.us,w20,lru,0.1,1094,26,1,2,0.7706,0.07,29842316,1093981.696,10999689
node5.tardis-apia.ldos-ut-pg0.wisc.cloudlab.us,w20,lru,0.1,1094,26,1,3,0.7706,0.07,29842316,1093981.696,10999689
node5.tardis-apia.ldos-ut-pg0.wisc.cloudlab.us,w20,lruforgive,0.1,1094,26,1,1,0.7670,0.07,29842316,1093981.696,10999689
node5.tardis-apia.ldos-ut-pg0.wisc.cloudlab.us,w20,lruforgive,0.1,1094,26,1,2,0.7670,0.07,29842316,1093981.696,10999689
node5.tardis-apia.ldos-ut-pg0.wisc.cloudlab.us,w20,lruforgive,0.1,1094,26,1,3,0.7670,0.07,29842316,1093981.696,10999689
node5.tardis-apia.ldos-ut-pg0.wisc.cloudlab.us,w20,s3fifo,0.1,1094,26,1,1,0.7656,0.09,29842316,1093981.696,10999689
node5.tardis-apia.ldos-ut-pg0.wisc.cloudlab.us,w20,s3fifo,0.1,1094,26,1,2,0.7656,0.09,29842316,1093981.696,10999689
node5.tardis-apia.ldos-ut-pg0.wisc.cloudlab.us,w20,s3fifo,0.1,1094,26,1,3,0.7656,0.09,29842316,1093981.696,10999689
node5.tardis-apia.ldos-ut-pg0.wisc.cloudlab.us,w20,s3fifoforgive,0.1,1094,26,1,1,0.7651,0.08,29842316,1093981.696,10999689
node5.tardis-apia.ldos-ut-pg0.wisc.cloudlab.us,w20,s3fifoforgive,0.1,1094,26,1,2,0.7651,0.08,29842316,1093981.696,10999689
node5.tardis-apia.ldos-ut-pg0.wisc.cloudlab.us,w20,s3fifoforgive,0.1,1094,26,1,3,0.7651,0.09,29842316,1093981.696,10999689
node5.tardis-apia.ldos-ut-pg0.wisc.cloudlab.us,w21,lru,10,38242,27,1,1,0.9015,0.09,29416347,382420.0704,4507350
node5.tardis-apia.ldos-ut-pg0.wisc.cloudlab.us,w21,lru,10,38242,27,1,2,0.9015,0.09,29416347,382420.0704,4507350
node5.tardis-apia.ldos-ut-pg0.wisc.cloudlab.us,w21,lru,10,38242,27,1,3,0.9015,0.09,29416347,382420.0704,4507350
node5.tardis-apia.ldos-ut-pg0.wisc.cloudlab.us,w21,lruforgive,10,38242,27,1,1,0.9004,0.09,29416347,382420.0704,4507350
node5.tardis-apia.ldos-ut-pg0.wisc.cloudlab.us,w21,lruforgive,10,38242,27,1,2,0.9004,0.09,29416347,382420.0704,4507350
node5.tardis-apia.ldos-ut-pg0.wisc.cloudlab.us,w21,lruforgive,10,38242,27,1,3,0.9004,0.09,29416347,382420.0704,4507350
node5.tardis-apia.ldos-ut-pg0.wisc.cloudlab.us,w21,s3fifo,10,38242,27,1,1,0.8221,0.11,29416347,382420.0704,4507350
node5.tardis-apia.ldos-ut-pg0.wisc.cloudlab.us,w21,s3fifo,10,38242,27,1,2,0.8221,0.11,29416347,382420.0704,4507350
node5.tardis-apia.ldos-ut-pg0.wisc.cloudlab.us,w21,s3fifo,10,38242,27,1,3,0.8221,0.11,29416347,382420.0704,4507350
node5.tardis-apia.ldos-ut-pg0.wisc.cloudlab.us,w21,s3fifoforgive,10,38242,27,1,1,0.8220,0.11,29416347,382420.0704,4507350
node5.tardis-apia.ldos-ut-pg0.wisc.cloudlab.us,w21,s3fifoforgive,10,38242,27,1,2,0.8220,0.11,29416347,382420.0704,4507350
node5.tardis-apia.ldos-ut-pg0.wisc.cloudlab.us,w21,s3fifoforgive,10,38242,27,1,3,0.8220,0.11,29416347,382420.0704,4507350
node5.tardis-apia.ldos-ut-pg0.wisc.cloudlab.us,w21,lru,0.1,382,25,1,1,0.9268,0.12,29416347,382420.0704,4507350
node5.tardis-apia.ldos-ut-pg0.wisc.cloudlab.us,w21,lru,0.1,382,25,1,2,0.9268,0.12,29416347,382420.0704,4507350
node5.tardis-apia.ldos-ut-pg0.wisc.cloudlab.us,w21,lru,0.1,382,25,1,3,0.9277,0.12,29416347,382420.0704,4507350
node5.tardis-apia.ldos-ut-pg0.wisc.cloudlab.us,w21,lruforgive,0.1,382,25,1,1,0.9247,0.11,29416347,382420.0704,4507350
node5.tardis-apia.ldos-ut-pg0.wisc.cloudlab.us,w21,lruforgive,0.1,382,25,1,2,0.9247,0.11,29416347,382420.0704,4507350
node5.tardis-apia.ldos-ut-pg0.wisc.cloudlab.us,w21,lruforgive,0.1,382,25,1,3,0.9247,0.12,29416347,382420.0704,4507350
node5.tardis-apia.ldos-ut-pg0.wisc.cloudlab.us,w21,s3fifo,0.1,382,25,1,1,0.9230,0.21,29416347,382420.0704,4507350
node5.tardis-apia.ldos-ut-pg0.wisc.cloudlab.us,w21,s3fifo,0.1,382,25,1,2,0.9233,0.20,29416347,382420.0704,4507350
node5.tardis-apia.ldos-ut-pg0.wisc.cloudlab.us,w21,s3fifo,0.1,382,25,1,3,0.9233,0.21,29416347,382420.0704,4507350
node5.tardis-apia.ldos-ut-pg0.wisc.cloudlab.us,w21,s3fifoforgive,0.1,382,25,1,1,0.9232,0.21,29416347,382420.0704,4507350
node5.tardis-apia.ldos-ut-pg0.wisc.cloudlab.us,w21,s3fifoforgive,0.1,382,25,1,2,0.9229,0.20,29416347,382420.0704,4507350
node5.tardis-apia.ldos-ut-pg0.wisc.cloudlab.us,w21,s3fifoforgive,0.1,382,25,1,3,0.9229,0.20,29416347,382420.0704,4507350
node5.tardis-apia.ldos-ut-pg0.wisc.cloudlab.us,w22,lru,10,6805,27,1,1,0.8848,0.52,22248590,68051.968,7813606
node5.tardis-apia.ldos-ut-pg0.wisc.cloudlab.us,w22,lru,10,6805,27,1,2,0.8848,0.52,22248590,68051.968,7813606
node5.tardis-apia.ldos-ut-pg0.wisc.cloudlab.us,w22,lru,10,6805,27,1,3,0.8848,0.51,22248590,68051.968,7813606
node5.tardis-apia.ldos-ut-pg0.wisc.cloudlab.us,w22,lruforgive,10,6805,27,1,1,0.8844,0.47,22248590,68051.968,7813606
node5.tardis-apia.ldos-ut-pg0.wisc.cloudlab.us,w22,lruforgive,10,6805,27,1,2,0.8844,0.50,22248590,68051.968,7813606
node5.tardis-apia.ldos-ut-pg0.wisc.cloudlab.us,w22,lruforgive,10,6805,27,1,3,0.8844,0.49,22248590,68051.968,7813606
node5.tardis-apia.ldos-ut-pg0.wisc.cloudlab.us,w22,s3fifo,10,6805,27,1,1,0.8756,0.50,22248590,68051.968,7813606
node5.tardis-apia.ldos-ut-pg0.wisc.cloudlab.us,w22,s3fifo,10,6805,27,1,2,0.8756,0.49,22248590,68051.968,7813606
node5.tardis-apia.ldos-ut-pg0.wisc.cloudlab.us,w22,s3fifo,10,6805,27,1,3,0.8756,0.49,22248590,68051.968,7813606
node5.tardis-apia.ldos-ut-pg0.wisc.cloudlab.us,w22,s3fifoforgive,10,6805,27,1,1,0.8755,0.46,22248590,68051.968,7813606
node5.tardis-apia.ldos-ut-pg0.wisc.cloudlab.us,w22,s3fifoforgive,10,6805,27,1,2,0.8755,0.47,22248590,68051.968,7813606
node5.tardis-apia.ldos-ut-pg0.wisc.cloudlab.us,w22,s3fifoforgive,10,6805,27,1,3,0.8755,0.47,22248590,68051.968,7813606
node5.tardis-apia.ldos-ut-pg0.wisc.cloudlab.us,w22,lru,0.1,68,22,1,1,0.9135,1.30,22248590,68051.968,7813606
node5.tardis-apia.ldos-ut-pg0.wisc.cloudlab.us,w22,lru,0.1,68,22,1,2,0.9143,1.27,22248590,68051.968,7813606
node5.tardis-apia.ldos-ut-pg0.wisc.cloudlab.us,w22,lru,0.1,68,22,1,3,0.9135,1.29,22248590,68051.968,7813606
node5.tardis-apia.ldos-ut-pg0.wisc.cloudlab.us,w22,lruforgive,0.1,68,22,1,1,0.9087,0.86,22248590,68051.968,7813606
node5.tardis-apia.ldos-ut-pg0.wisc.cloudlab.us,w22,lruforgive,0.1,68,22,1,2,0.9097,0.84,22248590,68051.968,7813606
node5.tardis-apia.ldos-ut-pg0.wisc.cloudlab.us,w22,lruforgive,0.1,68,22,1,3,0.9087,0.84,22248590,68051.968,7813606
node5.tardis-apia.ldos-ut-pg0.wisc.cloudlab.us,w22,s3fifo,0.1,68,22,1,1,0.9069,1.38,22248590,68051.968,7813606
node5.tardis-apia.ldos-ut-pg0.wisc.cloudlab.us,w22,s3fifo,0.1,68,22,1,2,0.9069,1.38,22248590,68051.968,7813606
node5.tardis-apia.ldos-ut-pg0.wisc.cloudlab.us,w22,s3fifo,0.1,68,22,1,3,0.9069,1.40,22248590,68051.968,7813606
node5.tardis-apia.ldos-ut-pg0.wisc.cloudlab.us,w22,s3fifoforgive,0.1,68,22,1,1,0.9049,1.12,22248590,68051.968,7813606
node5.tardis-apia.ldos-ut-pg0.wisc.cloudlab.us,w22,s3fifoforgive,0.1,68,22,1,2,0.9059,1.17,22248590,68051.968,7813606
node5.tardis-apia.ldos-ut-pg0.wisc.cloudlab.us,w22,s3fifoforgive,0.1,68,22,1,3,0.9049,1.10,22248590,68051.968,7813606
node5.tardis-apia.ldos-ut-pg0.wisc.cloudlab.us,w23,lru,10,7462,27,1,1,0.3554,0.35,27914469,74620.5184,2845640
node5.tardis-apia.ldos-ut-pg0.wisc.cloudlab.us,w23,lru,10,7462,27,1,2,0.3554,0.34,27914469,74620.5184,2845640
node5.tardis-apia.ldos-ut-pg0.wisc.cloudlab.us,w23,lru,10,7462,27,1,3,0.3554,0.34,27914469,74620.5184,2845640
node5.tardis-apia.ldos-ut-pg0.wisc.cloudlab.us,w23,lruforgive,10,7462,27,1,1,0.3548,0.23,27914469,74620.5184,2845640
node5.tardis-apia.ldos-ut-pg0.wisc.cloudlab.us,w23,lruforgive,10,7462,27,1,2,0.3548,0.24,27914469,74620.5184,2845640
node5.tardis-apia.ldos-ut-pg0.wisc.cloudlab.us,w23,lruforgive,10,7462,27,1,3,0.3548,0.23,27914469,74620.5184,2845640
node5.tardis-apia.ldos-ut-pg0.wisc.cloudlab.us,w23,s3fifo,10,7462,27,1,1,0.3286,0.37,27914469,74620.5184,2845640
node5.tardis-apia.ldos-ut-pg0.wisc.cloudlab.us,w23,s3fifo,10,7462,27,1,2,0.3286,0.37,27914469,74620.5184,2845640
node5.tardis-apia.ldos-ut-pg0.wisc.cloudlab.us,w23,s3fifo,10,7462,27,1,3,0.3286,0.37,27914469,74620.5184,2845640
node5.tardis-apia.ldos-ut-pg0.wisc.cloudlab.us,w23,s3fifoforgive,10,7462,27,1,1,0.3286,0.26,27914469,74620.5184,2845640
node5.tardis-apia.ldos-ut-pg0.wisc.cloudlab.us,w23,s3fifoforgive,10,7462,27,1,2,0.3286,0.25,27914469,74620.5184,2845640
node5.tardis-apia.ldos-ut-pg0.wisc.cloudlab.us,w23,s3fifoforgive,10,7462,27,1,3,0.3286,0.25,27914469,74620.5184,2845640
node5.tardis-apia.ldos-ut-pg0.wisc.cloudlab.us,w23,lru,0.1,75,22,1,1,0.9690,0.95,27914469,74620.5184,2845640
node5.tardis-apia.ldos-ut-pg0.wisc.cloudlab.us,w23,lru,0.1,75,22,1,2,0.9690,0.93,27914469,74620.5184,2845640
node5.tardis-apia.ldos-ut-pg0.wisc.cloudlab.us,w23,lru,0.1,75,22,1,3,0.9690,0.93,27914469,74620.5184,2845640
node5.tardis-apia.ldos-ut-pg0.wisc.cloudlab.us,w23,lruforgive,0.1,75,22,1,1,0.9480,0.63,27914469,74620.5184,2845640
node5.tardis-apia.ldos-ut-pg0.wisc.cloudlab.us,w23,lruforgive,0.1,75,22,1,2,0.9480,0.63,27914469,74620.5184,2845640
node5.tardis-apia.ldos-ut-pg0.wisc.cloudlab.us,w23,lruforgive,0.1,75,22,1,3,0.9480,0.63,27914469,74620.5184,2845640
node5.tardis-apia.ldos-ut-pg0.wisc.cloudlab.us,w23,s3fifo,0.1,75,22,1,1,0.9325,1.15,27914469,74620.5184,2845640
node5.tardis-apia.ldos-ut-pg0.wisc.cloudlab.us,w23,s3fifo,0.1,75,22,1,2,0.9325,1.14,27914469,74620.5184,2845640
node5.tardis-apia.ldos-ut-pg0.wisc.cloudlab.us,w23,s3fifo,0.1,75,22,1,3,0.9325,1.15,27914469,74620.5184,2845640
node5.tardis-apia.ldos-ut-pg0.wisc.cloudlab.us,w23,s3fifoforgive,0.1,75,22,1,1,0.9285,0.96,27914469,74620.5184,2845640
node5.tardis-apia.ldos-ut-pg0.wisc.cloudlab.us,w23,s3fifoforgive,0.1,75,22,1,2,0.9285,0.95,27914469,74620.5184,2845640
node5.tardis-apia.ldos-ut-pg0.wisc.cloudlab.us,w23,s3fifoforgive,0.1,75,22,1,3,0.9285,0.94,27914469,74620.5184,2845640
node5.tardis-apia.ldos-ut-pg0.wisc.cloudlab.us,w24,lru,10,9610,27,1,1,0.5513,0.34,27165369,96099.5328,5366520
node5.tardis-apia.ldos-ut-pg0.wisc.cloudlab.us,w24,lru,10,9610,27,1,2,0.5513,0.34,27165369,96099.5328,5366520
node5.tardis-apia.ldos-ut-pg0.wisc.cloudlab.us,w24,lru,10,9610,27,1,3,0.5513,0.34,27165369,96099.5328,5366520
node5.tardis-apia.ldos-ut-pg0.wisc.cloudlab.us,w24,lruforgive,10,9610,27,1,1,0.5492,0.28,27165369,96099.5328,5366520
node5.tardis-apia.ldos-ut-pg0.wisc.cloudlab.us,w24,lruforgive,10,9610,27,1,2,0.5492,0.28,27165369,96099.5328,5366520
node5.tardis-apia.ldos-ut-pg0.wisc.cloudlab.us,w24,lruforgive,10,9610,27,1,3,0.5492,0.28,27165369,96099.5328,5366520
node5.tardis-apia.ldos-ut-pg0.wisc.cloudlab.us,w24,s3fifo,10,9610,27,1,1,0.5169,0.38,27165369,96099.5328,5366520
node5.tardis-apia.ldos-ut-pg0.wisc.cloudlab.us,w24,s3fifo,10,9610,27,1,2,0.5169,0.38,27165369,96099.5328,5366520
node5.tardis-apia.ldos-ut-pg0.wisc.cloudlab.us,w24,s3fifo,10,9610,27,1,3,0.5169,0.37,27165369,96099.5328,5366520
node5.tardis-apia.ldos-ut-pg0.wisc.cloudlab.us,w24,s3fifoforgive,10,9610,27,1,1,0.5168,0.31,27165369,96099.5328,5366520
node5.tardis-apia.ldos-ut-pg0.wisc.cloudlab.us,w24,s3fifoforgive,10,9610,27,1,2,0.5168,0.31,27165369,96099.5328,5366520
node5.tardis-apia.ldos-ut-pg0.wisc.cloudlab.us,w24,s3fifoforgive,10,9610,27,1,3,0.5168,0.31,27165369,96099.5328,5366520
node5.tardis-apia.ldos-ut-pg0.wisc.cloudlab.us,w24,lru,0.1,96,23,1,1,0.8325,0.81,27165369,96099.5328,5366520
node5.tardis-apia.ldos-ut-pg0.wisc.cloudlab.us,w24,lru,0.1,96,23,1,2,0.8325,0.80,27165369,96099.5328,5366520
node5.tardis-apia.ldos-ut-pg0.wisc.cloudlab.us,w24,lru,0.1,96,23,1,3,0.8325,0.78,27165369,96099.5328,5366520
node5.tardis-apia.ldos-ut-pg0.wisc.cloudlab.us,w24,lruforgive,0.1,96,23,1,1,0.8019,0.45,27165369,96099.5328,5366520
node5.tardis-apia.ldos-ut-pg0.wisc.cloudlab.us,w24,lruforgive,0.1,96,23,1,2,0.8019,0.45,27165369,96099.5328,5366520
node5.tardis-apia.ldos-ut-pg0.wisc.cloudlab.us,w24,lruforgive,0.1,96,23,1,3,0.8019,0.46,27165369,96099.5328,5366520
node5.tardis-apia.ldos-ut-pg0.wisc.cloudlab.us,w24,s3fifo,0.1,96,23,1,1,0.8071,0.97,27165369,96099.5328,5366520
node5.tardis-apia.ldos-ut-pg0.wisc.cloudlab.us,w24,s3fifo,0.1,96,23,1,2,0.8071,0.96,27165369,96099.5328,5366520
node5.tardis-apia.ldos-ut-pg0.wisc.cloudlab.us,w24,s3fifo,0.1,96,23,1,3,0.8071,0.96,27165369,96099.5328,5366520
node5.tardis-apia.ldos-ut-pg0.wisc.cloudlab.us,w24,s3fifoforgive,0.1,96,23,1,1,0.7980,0.73,27165369,96099.5328,5366520
node5.tardis-apia.ldos-ut-pg0.wisc.cloudlab.us,w24,s3fifoforgive,0.1,96,23,1,2,0.7980,0.72,27165369,96099.5328,5366520
node5.tardis-apia.ldos-ut-pg0.wisc.cloudlab.us,w24,s3fifoforgive,0.1,96,23,1,3,0.7980,0.72,27165369,96099.5328,5366520
node5.tardis-apia.ldos-ut-pg0.wisc.cloudlab.us,w25,lru,10,15368,27,1,1,0.3755,0.20,26569397,153682.5344,3673364
node5.tardis-apia.ldos-ut-pg0.wisc.cloudlab.us,w25,lru,10,15368,27,1,2,0.3755,0.19,26569397,153682.5344,3673364
node5.tardis-apia.ldos-ut-pg0.wisc.cloudlab.us,w25,lru,10,15368,27,1,3,0.3755,0.19,26569397,153682.5344,3673364
node5.tardis-apia.ldos-ut-pg0.wisc.cloudlab.us,w25,lruforgive,10,15368,27,1,1,0.3709,0.16,26569397,153682.5344,3673364
node5.tardis-apia.ldos-ut-pg0.wisc.cloudlab.us,w25,lruforgive,10,15368,27,1,2,0.3709,0.16,26569397,153682.5344,3673364
node5.tardis-apia.ldos-ut-pg0.wisc.cloudlab.us,w25,lruforgive,10,15368,27,1,3,0.3709,0.16,26569397,153682.5344,3673364
node5.tardis-apia.ldos-ut-pg0.wisc.cloudlab.us,w25,s3fifo,10,15368,27,1,1,0.2157,0.34,26569397,153682.5344,3673364
node5.tardis-apia.ldos-ut-pg0.wisc.cloudlab.us,w25,s3fifo,10,15368,27,1,2,0.2157,0.33,26569397,153682.5344,3673364
node5.tardis-apia.ldos-ut-pg0.wisc.cloudlab.us,w25,s3fifo,10,15368,27,1,3,0.2157,0.33,26569397,153682.5344,3673364
node5.tardis-apia.ldos-ut-pg0.wisc.cloudlab.us,w25,s3fifoforgive,10,15368,27,1,1,0.2157,0.24,26569397,153682.5344,3673364
node5.tardis-apia.ldos-ut-pg0.wisc.cloudlab.us,w25,s3fifoforgive,10,15368,27,1,2,0.2157,0.24,26569397,153682.5344,3673364
node5.tardis-apia.ldos-ut-pg0.wisc.cloudlab.us,w25,s3fifoforgive,10,15368,27,1,3,0.2157,0.24,26569397,153682.5344,3673364
node5.tardis-apia.ldos-ut-pg0.wisc.cloudlab.us,w25,lru,0.1,154,23,1,1,0.9591,0.16,26569397,153682.5344,3673364
node5.tardis-apia.ldos-ut-pg0.wisc.cloudlab.us,w25,lru,0.1,154,23,1,2,0.9591,0.16,26569397,153682.5344,3673364
node5.tardis-apia.ldos-ut-pg0.wisc.cloudlab.us,w25,lru,0.1,154,23,1,3,0.9591,0.16,26569397,153682.5344,3673364
node5.tardis-apia.ldos-ut-pg0.wisc.cloudlab.us,w25,lruforgive,0.1,154,23,1,1,0.9462,0.16,26569397,153682.5344,3673364
node5.tardis-apia.ldos-ut-pg0.wisc.cloudlab.us,w25,lruforgive,0.1,154,23,1,2,0.9462,0.16,26569397,153682.5344,3673364
node5.tardis-apia.ldos-ut-pg0.wisc.cloudlab.us,w25,lruforgive,0.1,154,23,1,3,0.9462,0.16,26569397,153682.5344,3673364
node5.tardis-apia.ldos-ut-pg0.wisc.cloudlab.us,w25,s3fifo,0.1,154,23,1,1,0.9443,0.46,26569397,153682.5344,3673364
node5.tardis-apia.ldos-ut-pg0.wisc.cloudlab.us,w25,s3fifo,0.1,154,23,1,2,0.9443,0.45,26569397,153682.5344,3673364
node5.tardis-apia.ldos-ut-pg0.wisc.cloudlab.us,w25,s3fifo,0.1,154,23,1,3,0.9443,0.44,26569397,153682.5344,3673364
node5.tardis-apia.ldos-ut-pg0.wisc.cloudlab.us,w25,s3fifoforgive,0.1,154,23,1,1,0.9428,0.41,26569397,153682.5344,3673364
node5.tardis-apia.ldos-ut-pg0.wisc.cloudlab.us,w25,s3fifoforgive,0.1,154,23,1,2,0.9428,0.41,26569397,153682.5344,3673364
node5.tardis-apia.ldos-ut-pg0.wisc.cloudlab.us,w25,s3fifoforgive,0.1,154,23,1,3,0.9429,0.41,26569397,153682.5344,3673364
node5.tardis-apia.ldos-ut-pg0.wisc.cloudlab.us,w26,lru,10,14498,27,1,1,0.3430,0.28,26532120,144976.2816,3045564
node5.tardis-apia.ldos-ut-pg0.wisc.cloudlab.us,w26,lru,10,14498,27,1,2,0.3430,0.28,26532120,144976.2816,3045564
node5.tardis-apia.ldos-ut-pg0.wisc.cloudlab.us,w26,lru,10,14498,27,1,3,0.3430,0.28,26532120,144976.2816,3045564
node5.tardis-apia.ldos-ut-pg0.wisc.cloudlab.us,w26,lruforgive,10,14498,27,1,1,0.3414,0.20,26532120,144976.2816,3045564
node5.tardis-apia.ldos-ut-pg0.wisc.cloudlab.us,w26,lruforgive,10,14498,27,1,2,0.3414,0.20,26532120,144976.2816,3045564
node5.tardis-apia.ldos-ut-pg0.wisc.cloudlab.us,w26,lruforgive,10,14498,27,1,3,0.3414,0.20,26532120,144976.2816,3045564
node5.tardis-apia.ldos-ut-pg0.wisc.cloudlab.us,w26,s3fifo,10,14498,27,1,1,0.3195,0.30,26532120,144976.2816,3045564
node5.tardis-apia.ldos-ut-pg0.wisc.cloudlab.us,w26,s3fifo,10,14498,27,1,2,0.3195,0.31,26532120,144976.2816,3045564
node5.tardis-apia.ldos-ut-pg0.wisc.cloudlab.us,w26,s3fifo,10,14498,27,1,3,0.3195,0.30,26532120,144976.2816,3045564
node5.tardis-apia.ldos-ut-pg0.wisc.cloudlab.us,w26,s3fifoforgive,10,14498,27,1,1,0.3193,0.22,26532120,144976.2816,3045564
node5.tardis-apia.ldos-ut-pg0.wisc.cloudlab.us,w26,s3fifoforgive,10,14498,27,1,2,0.3193,0.23,26532120,144976.2816,3045564
node5.tardis-apia.ldos-ut-pg0.wisc.cloudlab.us,w26,s3fifoforgive,10,14498,27,1,3,0.3193,0.22,26532120,144976.2816,3045564
node5.tardis-apia.ldos-ut-pg0.wisc.cloudlab.us,w26,lru,0.1,145,23,1,1,0.5895,0.40,26532120,144976.2816,3045564
node5.tardis-apia.ldos-ut-pg0.wisc.cloudlab.us,w26,lru,0.1,145,23,1,2,0.5895,0.41,26532120,144976.2816,3045564
node5.tardis-apia.ldos-ut-pg0.wisc.cloudlab.us,w26,lru,0.1,145,23,1,3,0.5895,0.41,26532120,144976.2816,3045564
node5.tardis-apia.ldos-ut-pg0.wisc.cloudlab.us,w26,lruforgive,0.1,145,23,1,1,0.5804,0.29,26532120,144976.2816,3045564
node5.tardis-apia.ldos-ut-pg0.wisc.cloudlab.us,w26,lruforgive,0.1,145,23,1,2,0.5804,0.29,26532120,144976.2816,3045564
node5.tardis-apia.ldos-ut-pg0.wisc.cloudlab.us,w26,lruforgive,0.1,145,23,1,3,0.5804,0.29,26532120,144976.2816,3045564
node5.tardis-apia.ldos-ut-pg0.wisc.cloudlab.us,w26,s3fifo,0.1,145,23,1,1,0.5737,0.59,26532120,144976.2816,3045564
node5.tardis-apia.ldos-ut-pg0.wisc.cloudlab.us,w26,s3fifo,0.1,145,23,1,2,0.5858,0.55,26532120,144976.2816,3045564
node5.tardis-apia.ldos-ut-pg0.wisc.cloudlab.us,w26,s3fifo,0.1,145,23,1,3,0.5857,0.55,26532120,144976.2816,3045564
node5.tardis-apia.ldos-ut-pg0.wisc.cloudlab.us,w26,s3fifoforgive,0.1,145,23,1,1,NA,NA,NA,144976.2816,3045564
node5.tardis-apia.ldos-ut-pg0.wisc.cloudlab.us,w26,s3fifoforgive,0.1,145,23,1,2,0.5681,0.43,26532120,144976.2816,3045564
node5.tardis-apia.ldos-ut-pg0.wisc.cloudlab.us,w26,s3fifoforgive,0.1,145,23,1,3,0.5681,0.42,26532120,144976.2816,3045564
node5.tardis-apia.ldos-ut-pg0.wisc.cloudlab.us,w27,lru,10,4671,27,1,1,0.6016,0.52,19501540,46712.6272,4330076
node5.tardis-apia.ldos-ut-pg0.wisc.cloudlab.us,w27,lru,10,4671,27,1,2,0.6016,0.53,19501540,46712.6272,4330076
node5.tardis-apia.ldos-ut-pg0.wisc.cloudlab.us,w27,lru,10,4671,27,1,3,0.6016,0.53,19501540,46712.6272,4330076
node5.tardis-apia.ldos-ut-pg0.wisc.cloudlab.us,w27,lruforgive,10,4671,27,1,1,0.5957,0.36,19501540,46712.6272,4330076
node5.tardis-apia.ldos-ut-pg0.wisc.cloudlab.us,w27,lruforgive,10,4671,27,1,2,0.5957,0.36,19501540,46712.6272,4330076
node5.tardis-apia.ldos-ut-pg0.wisc.cloudlab.us,w27,lruforgive,10,4671,27,1,3,0.5957,0.36,19501540,46712.6272,4330076
node5.tardis-apia.ldos-ut-pg0.wisc.cloudlab.us,w27,s3fifo,10,4671,27,1,1,0.5599,0.54,19501540,46712.6272,4330076
node5.tardis-apia.ldos-ut-pg0.wisc.cloudlab.us,w27,s3fifo,10,4671,27,1,2,0.5600,0.54,19501540,46712.6272,4330076
node5.tardis-apia.ldos-ut-pg0.wisc.cloudlab.us,w27,s3fifo,10,4671,27,1,3,0.5599,0.54,19501540,46712.6272,4330076
node5.tardis-apia.ldos-ut-pg0.wisc.cloudlab.us,w27,s3fifoforgive,10,4671,27,1,1,0.5585,0.38,19501540,46712.6272,4330076
node5.tardis-apia.ldos-ut-pg0.wisc.cloudlab.us,w27,s3fifoforgive,10,4671,27,1,2,0.5585,0.39,19501540,46712.6272,4330076
node5.tardis-apia.ldos-ut-pg0.wisc.cloudlab.us,w27,s3fifoforgive,10,4671,27,1,3,0.5584,0.38,19501540,46712.6272,4330076
node5.tardis-apia.ldos-ut-pg0.wisc.cloudlab.us,w27,lru,0.1,47,22,1,1,0.9501,1.45,19501540,46712.6272,4330076
node5.tardis-apia.ldos-ut-pg0.wisc.cloudlab.us,w27,lru,0.1,47,22,1,2,0.9501,1.49,19501540,46712.6272,4330076
node5.tardis-apia.ldos-ut-pg0.wisc.cloudlab.us,w27,lru,0.1,47,22,1,3,0.9501,1.49,19501540,46712.6272,4330076
node5.tardis-apia.ldos-ut-pg0.wisc.cloudlab.us,w27,lruforgive,0.1,47,22,1,1,0.9449,1.01,19501540,46712.6272,4330076
node5.tardis-apia.ldos-ut-pg0.wisc.cloudlab.us,w27,lruforgive,0.1,47,22,1,2,0.9449,1.01,19501540,46712.6272,4330076
node5.tardis-apia.ldos-ut-pg0.wisc.cloudlab.us,w27,lruforgive,0.1,47,22,1,3,0.9449,1.01,19501540,46712.6272,4330076
node5.tardis-apia.ldos-ut-pg0.wisc.cloudlab.us,w27,s3fifo,0.1,47,22,1,1,0.9547,1.53,19501540,46712.6272,4330076
node5.tardis-apia.ldos-ut-pg0.wisc.cloudlab.us,w27,s3fifo,0.1,47,22,1,2,0.9547,1.55,19501540,46712.6272,4330076
node5.tardis-apia.ldos-ut-pg0.wisc.cloudlab.us,w27,s3fifo,0.1,47,22,1,3,0.9547,1.55,19501540,46712.6272,4330076
node5.tardis-apia.ldos-ut-pg0.wisc.cloudlab.us,w27,s3fifoforgive,0.1,47,22,1,1,0.9517,1.33,19501540,46712.6272,4330076
node5.tardis-apia.ldos-ut-pg0.wisc.cloudlab.us,w27,s3fifoforgive,0.1,47,22,1,2,0.9517,1.33,19501540,46712.6272,4330076
node5.tardis-apia.ldos-ut-pg0.wisc.cloudlab.us,w27,s3fifoforgive,0.1,47,22,1,3,0.9517,1.32,19501540,46712.6272,4330076
node5.tardis-apia.ldos-ut-pg0.wisc.cloudlab.us,w28,lru,10,21839,27,1,1,0.7301,0.25,19739620,218392.576,5944304
node5.tardis-apia.ldos-ut-pg0.wisc.cloudlab.us,w28,lru,10,21839,27,1,2,0.7301,0.25,19739620,218392.576,5944304
node5.tardis-apia.ldos-ut-pg0.wisc.cloudlab.us,w28,lru,10,21839,27,1,3,0.7301,0.25,19739620,218392.576,5944304
node5.tardis-apia.ldos-ut-pg0.wisc.cloudlab.us,w28,lruforgive,10,21839,27,1,1,0.7267,0.22,19739620,218392.576,5944304
node5.tardis-apia.ldos-ut-pg0.wisc.cloudlab.us,w28,lruforgive,10,21839,27,1,2,0.7267,0.22,19739620,218392.576,5944304
node5.tardis-apia.ldos-ut-pg0.wisc.cloudlab.us,w28,lruforgive,10,21839,27,1,3,0.7267,0.22,19739620,218392.576,5944304
node5.tardis-apia.ldos-ut-pg0.wisc.cloudlab.us,w28,s3fifo,10,21839,27,1,1,0.6829,0.27,19739620,218392.576,5944304
node5.tardis-apia.ldos-ut-pg0.wisc.cloudlab.us,w28,s3fifo,10,21839,27,1,2,0.6829,0.27,19739620,218392.576,5944304
node5.tardis-apia.ldos-ut-pg0.wisc.cloudlab.us,w28,s3fifo,10,21839,27,1,3,0.6829,0.27,19739620,218392.576,5944304
node5.tardis-apia.ldos-ut-pg0.wisc.cloudlab.us,w28,s3fifoforgive,10,21839,27,1,1,0.6819,0.24,19739620,218392.576,5944304
node5.tardis-apia.ldos-ut-pg0.wisc.cloudlab.us,w28,s3fifoforgive,10,21839,27,1,2,0.6819,0.24,19739620,218392.576,5944304
node5.tardis-apia.ldos-ut-pg0.wisc.cloudlab.us,w28,s3fifoforgive,10,21839,27,1,3,0.6819,0.24,19739620,218392.576,5944304
node5.tardis-apia.ldos-ut-pg0.wisc.cloudlab.us,w28,lru,0.1,218,24,1,1,0.8395,0.33,19739620,218392.576,5944304
node5.tardis-apia.ldos-ut-pg0.wisc.cloudlab.us,w28,lru,0.1,218,24,1,2,0.8395,0.33,19739620,218392.576,5944304
node5.tardis-apia.ldos-ut-pg0.wisc.cloudlab.us,w28,lru,0.1,218,24,1,3,0.8395,0.33,19739620,218392.576,5944304
node5.tardis-apia.ldos-ut-pg0.wisc.cloudlab.us,w28,lruforgive,0.1,218,24,1,1,0.8337,0.30,19739620,218392.576,5944304
node5.tardis-apia.ldos-ut-pg0.wisc.cloudlab.us,w28,lruforgive,0.1,218,24,1,2,0.8337,0.30,19739620,218392.576,5944304
node5.tardis-apia.ldos-ut-pg0.wisc.cloudlab.us,w28,lruforgive,0.1,218,24,1,3,0.8337,0.30,19739620,218392.576,5944304
node5.tardis-apia.ldos-ut-pg0.wisc.cloudlab.us,w28,s3fifo,0.1,218,24,1,1,0.8290,0.53,19739620,218392.576,5944304
node5.tardis-apia.ldos-ut-pg0.wisc.cloudlab.us,w28,s3fifo,0.1,218,24,1,2,0.8290,0.53,19739620,218392.576,5944304
node5.tardis-apia.ldos-ut-pg0.wisc.cloudlab.us,w28,s3fifo,0.1,218,24,1,3,0.8290,0.54,19739620,218392.576,5944304
node5.tardis-apia.ldos-ut-pg0.wisc.cloudlab.us,w28,s3fifoforgive,0.1,218,24,1,1,0.8264,0.45,19739620,218392.576,5944304
node5.tardis-apia.ldos-ut-pg0.wisc.cloudlab.us,w28,s3fifoforgive,0.1,218,24,1,2,0.8264,0.45,19739620,218392.576,5944304
node5.tardis-apia.ldos-ut-pg0.wisc.cloudlab.us,w28,s3fifoforgive,0.1,218,24,1,3,0.8264,0.47,19739620,218392.576,5944304
node5.tardis-apia.ldos-ut-pg0.wisc.cloudlab.us,w29,lru,10,4807,27,1,1,0.5979,0.49,19087783,48065.7408,4906097
node5.tardis-apia.ldos-ut-pg0.wisc.cloudlab.us,w29,lru,10,4807,27,1,2,0.5979,0.49,19087783,48065.7408,4906097
node5.tardis-apia.ldos-ut-pg0.wisc.cloudlab.us,w29,lru,10,4807,27,1,3,0.5978,0.49,19087783,48065.7408,4906097
node5.tardis-apia.ldos-ut-pg0.wisc.cloudlab.us,w29,lruforgive,10,4807,27,1,1,0.5907,0.33,19087783,48065.7408,4906097
node5.tardis-apia.ldos-ut-pg0.wisc.cloudlab.us,w29,lruforgive,10,4807,27,1,2,0.5907,0.33,19087783,48065.7408,4906097
node5.tardis-apia.ldos-ut-pg0.wisc.cloudlab.us,w29,lruforgive,10,4807,27,1,3,0.5907,0.33,19087783,48065.7408,4906097
node5.tardis-apia.ldos-ut-pg0.wisc.cloudlab.us,w29,s3fifo,10,4807,27,1,1,0.6008,0.54,19087783,48065.7408,4906097
node5.tardis-apia.ldos-ut-pg0.wisc.cloudlab.us,w29,s3fifo,10,4807,27,1,2,0.6008,0.54,19087783,48065.7408,4906097
node5.tardis-apia.ldos-ut-pg0.wisc.cloudlab.us,w29,s3fifo,10,4807,27,1,3,0.6008,0.54,19087783,48065.7408,4906097
node5.tardis-apia.ldos-ut-pg0.wisc.cloudlab.us,w29,s3fifoforgive,10,4807,27,1,1,0.5984,0.38,19087783,48065.7408,4906097
node5.tardis-apia.ldos-ut-pg0.wisc.cloudlab.us,w29,s3fifoforgive,10,4807,27,1,2,0.5984,0.38,19087783,48065.7408,4906097
node5.tardis-apia.ldos-ut-pg0.wisc.cloudlab.us,w29,s3fifoforgive,10,4807,27,1,3,0.5984,0.39,19087783,48065.7408,4906097
node5.tardis-apia.ldos-ut-pg0.wisc.cloudlab.us,w29,lru,0.1,48,22,1,1,0.9524,1.16,19087783,48065.7408,4906097
node5.tardis-apia.ldos-ut-pg0.wisc.cloudlab.us,w29,lru,0.1,48,22,1,2,0.9524,1.16,19087783,48065.7408,4906097
node5.tardis-apia.ldos-ut-pg0.wisc.cloudlab.us,w29,lru,0.1,48,22,1,3,0.9524,1.17,19087783,48065.7408,4906097
node5.tardis-apia.ldos-ut-pg0.wisc.cloudlab.us,w29,lruforgive,0.1,48,22,1,1,0.9497,0.85,19087783,48065.7408,4906097
node5.tardis-apia.ldos-ut-pg0.wisc.cloudlab.us,w29,lruforgive,0.1,48,22,1,2,0.9497,0.85,19087783,48065.7408,4906097
node5.tardis-apia.ldos-ut-pg0.wisc.cloudlab.us,w29,lruforgive,0.1,48,22,1,3,0.9497,0.85,19087783,48065.7408,4906097
node5.tardis-apia.ldos-ut-pg0.wisc.cloudlab.us,w29,s3fifo,0.1,48,22,1,1,0.9619,1.27,19087783,48065.7408,4906097
node5.tardis-apia.ldos-ut-pg0.wisc.cloudlab.us,w29,s3fifo,0.1,48,22,1,2,0.9619,1.26,19087783,48065.7408,4906097
node5.tardis-apia.ldos-ut-pg0.wisc.cloudlab.us,w29,s3fifo,0.1,48,22,1,3,0.9619,1.26,19087783,48065.7408,4906097
node5.tardis-apia.ldos-ut-pg0.wisc.cloudlab.us,w29,s3fifoforgive,0.1,48,22,1,1,0.9582,1.06,19087783,48065.7408,4906097
node5.tardis-apia.ldos-ut-pg0.wisc.cloudlab.us,w29,s3fifoforgive,0.1,48,22,1,2,0.9582,1.04,19087783,48065.7408,4906097
node5.tardis-apia.ldos-ut-pg0.wisc.cloudlab.us,w29,s3fifoforgive,0.1,48,22,1,3,0.9582,1.06,19087783,48065.7408,4906097
node5.tardis-apia.ldos-ut-pg0.wisc.cloudlab.us,w30,lru,10,2907,27,1,1,0.1758,0.49,21390009,29070.2336,1154006
node5.tardis-apia.ldos-ut-pg0.wisc.cloudlab.us,w30,lru,10,2907,27,1,2,0.1758,0.49,21390009,29070.2336,1154006
node5.tardis-apia.ldos-ut-pg0.wisc.cloudlab.us,w30,lru,10,2907,27,1,3,0.1758,0.49,21390009,29070.2336,1154006
node5.tardis-apia.ldos-ut-pg0.wisc.cloudlab.us,w30,lruforgive,10,2907,27,1,1,0.1757,0.26,21390009,29070.2336,1154006
node5.tardis-apia.ldos-ut-pg0.wisc.cloudlab.us,w30,lruforgive,10,2907,27,1,2,0.1757,0.25,21390009,29070.2336,1154006
node5.tardis-apia.ldos-ut-pg0.wisc.cloudlab.us,w30,lruforgive,10,2907,27,1,3,0.1758,0.26,21390009,29070.2336,1154006
node5.tardis-apia.ldos-ut-pg0.wisc.cloudlab.us,w30,s3fifo,10,2907,27,1,1,0.1687,0.55,21390009,29070.2336,1154006
node5.tardis-apia.ldos-ut-pg0.wisc.cloudlab.us,w30,s3fifo,10,2907,27,1,2,0.1687,0.55,21390009,29070.2336,1154006
node5.tardis-apia.ldos-ut-pg0.wisc.cloudlab.us,w30,s3fifo,10,2907,27,1,3,0.1687,0.55,21390009,29070.2336,1154006
node5.tardis-apia.ldos-ut-pg0.wisc.cloudlab.us,w30,s3fifoforgive,10,2907,27,1,1,0.1686,0.29,21390009,29070.2336,1154006
node5.tardis-apia.ldos-ut-pg0.wisc.cloudlab.us,w30,s3fifoforgive,10,2907,27,1,2,0.1686,0.29,21390009,29070.2336,1154006
node5.tardis-apia.ldos-ut-pg0.wisc.cloudlab.us,w30,s3fifoforgive,10,2907,27,1,3,0.1686,0.28,21390009,29070.2336,1154006
node5.tardis-apia.ldos-ut-pg0.wisc.cloudlab.us,w30,lru,0.1,29,21,1,1,0.9917,0.90,21390009,29070.2336,1154006
node5.tardis-apia.ldos-ut-pg0.wisc.cloudlab.us,w30,lru,0.1,29,21,1,2,0.9917,0.89,21390009,29070.2336,1154006
node5.tardis-apia.ldos-ut-pg0.wisc.cloudlab.us,w30,lru,0.1,29,21,1,3,0.9917,0.89,21390009,29070.2336,1154006
node5.tardis-apia.ldos-ut-pg0.wisc.cloudlab.us,w30,lruforgive,0.1,29,21,1,1,0.9724,0.66,21390009,29070.2336,1154006
node5.tardis-apia.ldos-ut-pg0.wisc.cloudlab.us,w30,lruforgive,0.1,29,21,1,2,0.9724,0.67,21390009,29070.2336,1154006
node5.tardis-apia.ldos-ut-pg0.wisc.cloudlab.us,w30,lruforgive,0.1,29,21,1,3,0.9724,0.67,21390009,29070.2336,1154006
node5.tardis-apia.ldos-ut-pg0.wisc.cloudlab.us,w30,s3fifo,0.1,29,21,1,1,0.9493,1.00,21390009,29070.2336,1154006
node5.tardis-apia.ldos-ut-pg0.wisc.cloudlab.us,w30,s3fifo,0.1,29,21,1,2,0.9493,1.00,21390009,29070.2336,1154006
node5.tardis-apia.ldos-ut-pg0.wisc.cloudlab.us,w30,s3fifo,0.1,29,21,1,3,0.9493,1.02,21390009,29070.2336,1154006
node5.tardis-apia.ldos-ut-pg0.wisc.cloudlab.us,w30,s3fifoforgive,0.1,29,21,1,1,0.9467,0.89,21390009,29070.2336,1154006
node5.tardis-apia.ldos-ut-pg0.wisc.cloudlab.us,w30,s3fifoforgive,0.1,29,21,1,2,0.9467,0.89,21390009,29070.2336,1154006
node5.tardis-apia.ldos-ut-pg0.wisc.cloudlab.us,w30,s3fifoforgive,0.1,29,21,1,3,0.9467,0.91,21390009,29070.2336,1154006
node5.tardis-apia.ldos-ut-pg0.wisc.cloudlab.us,w31,lru,10,267711,27,1,1,NA_TOOBIG,NA,NA,2677112.1152,12906371
node5.tardis-apia.ldos-ut-pg0.wisc.cloudlab.us,w31,lru,10,267711,27,1,2,NA_TOOBIG,NA,NA,2677112.1152,12906371
node5.tardis-apia.ldos-ut-pg0.wisc.cloudlab.us,w31,lru,10,267711,27,1,3,NA_TOOBIG,NA,NA,2677112.1152,12906371
node5.tardis-apia.ldos-ut-pg0.wisc.cloudlab.us,w31,lruforgive,10,267711,27,1,1,NA_TOOBIG,NA,NA,2677112.1152,12906371
node5.tardis-apia.ldos-ut-pg0.wisc.cloudlab.us,w31,lruforgive,10,267711,27,1,2,NA_TOOBIG,NA,NA,2677112.1152,12906371
node5.tardis-apia.ldos-ut-pg0.wisc.cloudlab.us,w31,lruforgive,10,267711,27,1,3,NA_TOOBIG,NA,NA,2677112.1152,12906371
node5.tardis-apia.ldos-ut-pg0.wisc.cloudlab.us,w31,s3fifo,10,267711,27,1,1,NA_TOOBIG,NA,NA,2677112.1152,12906371
node5.tardis-apia.ldos-ut-pg0.wisc.cloudlab.us,w31,s3fifo,10,267711,27,1,2,NA_TOOBIG,NA,NA,2677112.1152,12906371
node5.tardis-apia.ldos-ut-pg0.wisc.cloudlab.us,w31,s3fifo,10,267711,27,1,3,NA_TOOBIG,NA,NA,2677112.1152,12906371
node5.tardis-apia.ldos-ut-pg0.wisc.cloudlab.us,w31,s3fifoforgive,10,267711,27,1,1,NA_TOOBIG,NA,NA,2677112.1152,12906371
node5.tardis-apia.ldos-ut-pg0.wisc.cloudlab.us,w31,s3fifoforgive,10,267711,27,1,2,NA_TOOBIG,NA,NA,2677112.1152,12906371
node5.tardis-apia.ldos-ut-pg0.wisc.cloudlab.us,w31,s3fifoforgive,10,267711,27,1,3,NA_TOOBIG,NA,NA,2677112.1152,12906371
node5.tardis-apia.ldos-ut-pg0.wisc.cloudlab.us,w31,lru,0.1,2677,27,1,1,0.9184,0.06,21166981,2677112.1152,12906371
node5.tardis-apia.ldos-ut-pg0.wisc.cloudlab.us,w31,lru,0.1,2677,27,1,2,0.9184,0.06,21166981,2677112.1152,12906371
node5.tardis-apia.ldos-ut-pg0.wisc.cloudlab.us,w31,lru,0.1,2677,27,1,3,0.9184,0.06,21166981,2677112.1152,12906371
node5.tardis-apia.ldos-ut-pg0.wisc.cloudlab.us,w31,lruforgive,0.1,2677,27,1,1,0.9181,0.06,21166981,2677112.1152,12906371
node5.tardis-apia.ldos-ut-pg0.wisc.cloudlab.us,w31,lruforgive,0.1,2677,27,1,2,0.9181,0.06,21166981,2677112.1152,12906371
node5.tardis-apia.ldos-ut-pg0.wisc.cloudlab.us,w31,lruforgive,0.1,2677,27,1,3,0.9181,0.06,21166981,2677112.1152,12906371
node5.tardis-apia.ldos-ut-pg0.wisc.cloudlab.us,w31,s3fifo,0.1,2677,27,1,1,0.9157,0.06,21166981,2677112.1152,12906371
node5.tardis-apia.ldos-ut-pg0.wisc.cloudlab.us,w31,s3fifo,0.1,2677,27,1,2,0.9157,0.06,21166981,2677112.1152,12906371
node5.tardis-apia.ldos-ut-pg0.wisc.cloudlab.us,w31,s3fifo,0.1,2677,27,1,3,0.9157,0.06,21166981,2677112.1152,12906371
node5.tardis-apia.ldos-ut-pg0.wisc.cloudlab.us,w31,s3fifoforgive,0.1,2677,27,1,1,0.9157,0.06,21166981,2677112.1152,12906371
node5.tardis-apia.ldos-ut-pg0.wisc.cloudlab.us,w31,s3fifoforgive,0.1,2677,27,1,2,0.9157,0.06,21166981,2677112.1152,12906371
node5.tardis-apia.ldos-ut-pg0.wisc.cloudlab.us,w31,s3fifoforgive,0.1,2677,27,1,3,0.9157,0.06,21166981,2677112.1152,12906371
node5.tardis-apia.ldos-ut-pg0.wisc.cloudlab.us,w32,lru,10,4565,27,1,1,0.5165,0.55,20776391,45649.8176,3690399
node5.tardis-apia.ldos-ut-pg0.wisc.cloudlab.us,w32,lru,10,4565,27,1,2,0.5165,0.56,20776391,45649.8176,3690399
node5.tardis-apia.ldos-ut-pg0.wisc.cloudlab.us,w32,lru,10,4565,27,1,3,0.5165,0.55,20776391,45649.8176,3690399
node5.tardis-apia.ldos-ut-pg0.wisc.cloudlab.us,w32,lruforgive,10,4565,27,1,1,0.5154,0.34,20776391,45649.8176,3690399
node5.tardis-apia.ldos-ut-pg0.wisc.cloudlab.us,w32,lruforgive,10,4565,27,1,2,0.5154,0.34,20776391,45649.8176,3690399
node5.tardis-apia.ldos-ut-pg0.wisc.cloudlab.us,w32,lruforgive,10,4565,27,1,3,0.5154,0.34,20776391,45649.8176,3690399
node5.tardis-apia.ldos-ut-pg0.wisc.cloudlab.us,w32,s3fifo,10,4565,27,1,1,0.5031,0.54,20776391,45649.8176,3690399
node5.tardis-apia.ldos-ut-pg0.wisc.cloudlab.us,w32,s3fifo,10,4565,27,1,2,0.5031,0.54,20776391,45649.8176,3690399
node5.tardis-apia.ldos-ut-pg0.wisc.cloudlab.us,w32,s3fifo,10,4565,27,1,3,0.5031,0.53,20776391,45649.8176,3690399
node5.tardis-apia.ldos-ut-pg0.wisc.cloudlab.us,w32,s3fifoforgive,10,4565,27,1,1,0.5025,0.36,20776391,45649.8176,3690399
node5.tardis-apia.ldos-ut-pg0.wisc.cloudlab.us,w32,s3fifoforgive,10,4565,27,1,2,0.5025,0.36,20776391,45649.8176,3690399
node5.tardis-apia.ldos-ut-pg0.wisc.cloudlab.us,w32,s3fifoforgive,10,4565,27,1,3,0.5025,0.36,20776391,45649.8176,3690399
node5.tardis-apia.ldos-ut-pg0.wisc.cloudlab.us,w32,lru,0.1,46,22,1,1,0.8336,1.57,20776391,45649.8176,3690399
node5.tardis-apia.ldos-ut-pg0.wisc.cloudlab.us,w32,lru,0.1,46,22,1,2,0.8336,1.56,20776391,45649.8176,3690399
node5.tardis-apia.ldos-ut-pg0.wisc.cloudlab.us,w32,lru,0.1,46,22,1,3,0.8336,1.59,20776391,45649.8176,3690399
node5.tardis-apia.ldos-ut-pg0.wisc.cloudlab.us,w32,lruforgive,0.1,46,22,1,1,0.8311,0.87,20776391,45649.8176,3690399
node5.tardis-apia.ldos-ut-pg0.wisc.cloudlab.us,w32,lruforgive,0.1,46,22,1,2,0.8311,0.88,20776391,45649.8176,3690399
node5.tardis-apia.ldos-ut-pg0.wisc.cloudlab.us,w32,lruforgive,0.1,46,22,1,3,0.8311,0.87,20776391,45649.8176,3690399
node5.tardis-apia.ldos-ut-pg0.wisc.cloudlab.us,w32,s3fifo,0.1,46,22,1,1,0.8360,1.63,20776391,45649.8176,3690399
node5.tardis-apia.ldos-ut-pg0.wisc.cloudlab.us,w32,s3fifo,0.1,46,22,1,2,0.8360,1.63,20776391,45649.8176,3690399
node5.tardis-apia.ldos-ut-pg0.wisc.cloudlab.us,w32,s3fifo,0.1,46,22,1,3,0.8360,1.64,20776391,45649.8176,3690399
node5.tardis-apia.ldos-ut-pg0.wisc.cloudlab.us,w32,s3fifoforgive,0.1,46,22,1,1,0.8354,1.02,20776391,45649.8176,3690399
node5.tardis-apia.ldos-ut-pg0.wisc.cloudlab.us,w32,s3fifoforgive,0.1,46,22,1,2,0.8354,1.03,20776391,45649.8176,3690399
node5.tardis-apia.ldos-ut-pg0.wisc.cloudlab.us,w32,s3fifoforgive,0.1,46,22,1,3,0.8354,1.01,20776391,45649.8176,3690399
node5.tardis-apia.ldos-ut-pg0.wisc.cloudlab.us,w33,lru,10,867,26,1,1,0.1654,1.05,19868345,8671.3344,1446572
node5.tardis-apia.ldos-ut-pg0.wisc.cloudlab.us,w33,lru,10,867,26,1,2,0.1654,1.05,19868345,8671.3344,1446572
node5.tardis-apia.ldos-ut-pg0.wisc.cloudlab.us,w33,lru,10,867,26,1,3,0.1654,1.04,19868345,8671.3344,1446572
node5.tardis-apia.ldos-ut-pg0.wisc.cloudlab.us,w33,lruforgive,10,867,26,1,1,0.1637,0.47,19868345,8671.3344,1446572
node5.tardis-apia.ldos-ut-pg0.wisc.cloudlab.us,w33,lruforgive,10,867,26,1,2,0.1637,0.46,19868345,8671.3344,1446572
node5.tardis-apia.ldos-ut-pg0.wisc.cloudlab.us,w33,lruforgive,10,867,26,1,3,0.1637,0.47,19868345,8671.3344,1446572
node5.tardis-apia.ldos-ut-pg0.wisc.cloudlab.us,w33,s3fifo,10,867,26,1,1,0.1624,1.10,19868345,8671.3344,1446572
node5.tardis-apia.ldos-ut-pg0.wisc.cloudlab.us,w33,s3fifo,10,867,26,1,2,0.1624,1.08,19868345,8671.3344,1446572
node5.tardis-apia.ldos-ut-pg0.wisc.cloudlab.us,w33,s3fifo,10,867,26,1,3,0.1624,1.09,19868345,8671.3344,1446572
node5.tardis-apia.ldos-ut-pg0.wisc.cloudlab.us,w33,s3fifoforgive,10,867,26,1,1,0.1623,0.53,19868345,8671.3344,1446572
node5.tardis-apia.ldos-ut-pg0.wisc.cloudlab.us,w33,s3fifoforgive,10,867,26,1,2,0.1623,0.52,19868345,8671.3344,1446572
node5.tardis-apia.ldos-ut-pg0.wisc.cloudlab.us,w33,s3fifoforgive,10,867,26,1,3,0.1623,0.52,19868345,8671.3344,1446572
node5.tardis-apia.ldos-ut-pg0.wisc.cloudlab.us,w33,lru,0.1,9,19,1,1,0.4414,3.40,19868345,8671.3344,1446572
node5.tardis-apia.ldos-ut-pg0.wisc.cloudlab.us,w33,lru,0.1,9,19,1,2,0.4414,3.38,19868345,8671.3344,1446572
node5.tardis-apia.ldos-ut-pg0.wisc.cloudlab.us,w33,lru,0.1,9,19,1,3,0.4414,3.42,19868345,8671.3344,1446572
node5.tardis-apia.ldos-ut-pg0.wisc.cloudlab.us,w33,lruforgive,0.1,9,19,1,1,0.4408,1.28,19868345,8671.3344,1446572
node5.tardis-apia.ldos-ut-pg0.wisc.cloudlab.us,w33,lruforgive,0.1,9,19,1,2,0.4408,1.28,19868345,8671.3344,1446572
node5.tardis-apia.ldos-ut-pg0.wisc.cloudlab.us,w33,lruforgive,0.1,9,19,1,3,0.4408,1.28,19868345,8671.3344,1446572
node5.tardis-apia.ldos-ut-pg0.wisc.cloudlab.us,w33,s3fifo,0.1,9,19,1,1,0.4413,3.63,19868345,8671.3344,1446572
node5.tardis-apia.ldos-ut-pg0.wisc.cloudlab.us,w33,s3fifo,0.1,9,19,1,2,0.4413,3.62,19868345,8671.3344,1446572
node5.tardis-apia.ldos-ut-pg0.wisc.cloudlab.us,w33,s3fifo,0.1,9,19,1,3,0.4413,3.64,19868345,8671.3344,1446572
node5.tardis-apia.ldos-ut-pg0.wisc.cloudlab.us,w33,s3fifoforgive,0.1,9,19,1,1,0.4412,1.40,19868345,8671.3344,1446572
node5.tardis-apia.ldos-ut-pg0.wisc.cloudlab.us,w33,s3fifoforgive,0.1,9,19,1,2,0.4412,1.40,19868345,8671.3344,1446572
node5.tardis-apia.ldos-ut-pg0.wisc.cloudlab.us,w33,s3fifoforgive,0.1,9,19,1,3,0.4412,1.40,19868345,8671.3344,1446572
node5.tardis-apia.ldos-ut-pg0.wisc.cloudlab.us,w34,lru,10,21018,27,1,1,0.4516,0.17,19553550,210183.4752,5140683
node5.tardis-apia.ldos-ut-pg0.wisc.cloudlab.us,w34,lru,10,21018,27,1,2,0.4516,0.16,19553550,210183.4752,5140683
node5.tardis-apia.ldos-ut-pg0.wisc.cloudlab.us,w34,lru,10,21018,27,1,3,0.4516,0.17,19553550,210183.4752,5140683
node5.tardis-apia.ldos-ut-pg0.wisc.cloudlab.us,w34,lruforgive,10,21018,27,1,1,0.4494,0.14,19553550,210183.4752,5140683
node5.tardis-apia.ldos-ut-pg0.wisc.cloudlab.us,w34,lruforgive,10,21018,27,1,2,0.4494,0.14,19553550,210183.4752,5140683
node5.tardis-apia.ldos-ut-pg0.wisc.cloudlab.us,w34,lruforgive,10,21018,27,1,3,0.4494,0.14,19553550,210183.4752,5140683
node5.tardis-apia.ldos-ut-pg0.wisc.cloudlab.us,w34,s3fifo,10,21018,27,1,1,0.4486,0.17,19553550,210183.4752,5140683
node5.tardis-apia.ldos-ut-pg0.wisc.cloudlab.us,w34,s3fifo,10,21018,27,1,2,0.4486,0.17,19553550,210183.4752,5140683
node5.tardis-apia.ldos-ut-pg0.wisc.cloudlab.us,w34,s3fifo,10,21018,27,1,3,0.4486,0.17,19553550,210183.4752,5140683
node5.tardis-apia.ldos-ut-pg0.wisc.cloudlab.us,w34,s3fifoforgive,10,21018,27,1,1,0.4482,0.15,19553550,210183.4752,5140683
node5.tardis-apia.ldos-ut-pg0.wisc.cloudlab.us,w34,s3fifoforgive,10,21018,27,1,2,0.4482,0.15,19553550,210183.4752,5140683
node5.tardis-apia.ldos-ut-pg0.wisc.cloudlab.us,w34,s3fifoforgive,10,21018,27,1,3,0.4482,0.15,19553550,210183.4752,5140683
node5.tardis-apia.ldos-ut-pg0.wisc.cloudlab.us,w34,lru,0.1,210,24,1,1,0.9496,0.19,19553550,210183.4752,5140683
node5.tardis-apia.ldos-ut-pg0.wisc.cloudlab.us,w34,lru,0.1,210,24,1,2,0.9477,0.19,19553550,210183.4752,5140683
node5.tardis-apia.ldos-ut-pg0.wisc.cloudlab.us,w34,lru,0.1,210,24,1,3,0.9477,0.19,19553550,210183.4752,5140683
node5.tardis-apia.ldos-ut-pg0.wisc.cloudlab.us,w34,lruforgive,0.1,210,24,1,1,0.9429,0.20,19553550,210183.4752,5140683
node5.tardis-apia.ldos-ut-pg0.wisc.cloudlab.us,w34,lruforgive,0.1,210,24,1,2,0.9429,0.19,19553550,210183.4752,5140683
node5.tardis-apia.ldos-ut-pg0.wisc.cloudlab.us,w34,lruforgive,0.1,210,24,1,3,0.9429,0.19,19553550,210183.4752,5140683
node5.tardis-apia.ldos-ut-pg0.wisc.cloudlab.us,w34,s3fifo,0.1,210,24,1,1,0.9551,0.35,19553550,210183.4752,5140683
node5.tardis-apia.ldos-ut-pg0.wisc.cloudlab.us,w34,s3fifo,0.1,210,24,1,2,0.9552,0.36,19553550,210183.4752,5140683
node5.tardis-apia.ldos-ut-pg0.wisc.cloudlab.us,w34,s3fifo,0.1,210,24,1,3,0.9551,0.35,19553550,210183.4752,5140683
node5.tardis-apia.ldos-ut-pg0.wisc.cloudlab.us,w34,s3fifoforgive,0.1,210,24,1,1,0.9530,0.34,19553550,210183.4752,5140683
node5.tardis-apia.ldos-ut-pg0.wisc.cloudlab.us,w34,s3fifoforgive,0.1,210,24,1,2,0.9532,0.33,19553550,210183.4752,5140683
node5.tardis-apia.ldos-ut-pg0.wisc.cloudlab.us,w34,s3fifoforgive,0.1,210,24,1,3,0.9530,0.33,19553550,210183.4752,5140683
node5.tardis-apia.ldos-ut-pg0.wisc.cloudlab.us,w35,lru,10,5331,27,1,1,0.0988,0.44,15415662,53312.0,606350
node5.tardis-apia.ldos-ut-pg0.wisc.cloudlab.us,w35,lru,10,5331,27,1,2,0.0988,0.43,15415662,53312.0,606350
node5.tardis-apia.ldos-ut-pg0.wisc.cloudlab.us,w35,lru,10,5331,27,1,3,0.0988,0.44,15415662,53312.0,606350
node5.tardis-apia.ldos-ut-pg0.wisc.cloudlab.us,w35,lruforgive,10,5331,27,1,1,0.0976,0.30,15415662,53312.0,606350
node5.tardis-apia.ldos-ut-pg0.wisc.cloudlab.us,w35,lruforgive,10,5331,27,1,2,0.0976,0.30,15415662,53312.0,606350
node5.tardis-apia.ldos-ut-pg0.wisc.cloudlab.us,w35,lruforgive,10,5331,27,1,3,0.0976,0.29,15415662,53312.0,606350
node5.tardis-apia.ldos-ut-pg0.wisc.cloudlab.us,w35,s3fifo,10,5331,27,1,1,0.0947,0.51,15415662,53312.0,606350
node5.tardis-apia.ldos-ut-pg0.wisc.cloudlab.us,w35,s3fifo,10,5331,27,1,2,0.0947,0.50,15415662,53312.0,606350
node5.tardis-apia.ldos-ut-pg0.wisc.cloudlab.us,w35,s3fifo,10,5331,27,1,3,0.0947,0.50,15415662,53312.0,606350
node5.tardis-apia.ldos-ut-pg0.wisc.cloudlab.us,w35,s3fifoforgive,10,5331,27,1,1,0.0946,0.32,15415662,53312.0,606350
node5.tardis-apia.ldos-ut-pg0.wisc.cloudlab.us,w35,s3fifoforgive,10,5331,27,1,2,0.0946,0.32,15415662,53312.0,606350
node5.tardis-apia.ldos-ut-pg0.wisc.cloudlab.us,w35,s3fifoforgive,10,5331,27,1,3,0.0946,0.32,15415662,53312.0,606350
node5.tardis-apia.ldos-ut-pg0.wisc.cloudlab.us,w36,lru,10,795,26,1,1,0.1537,1.06,18915624,7952.5888,1248956
node5.tardis-apia.ldos-ut-pg0.wisc.cloudlab.us,w36,lru,10,795,26,1,2,0.1537,1.05,18915624,7952.5888,1248956
node5.tardis-apia.ldos-ut-pg0.wisc.cloudlab.us,w36,lru,10,795,26,1,3,0.1537,1.05,18915624,7952.5888,1248956
node5.tardis-apia.ldos-ut-pg0.wisc.cloudlab.us,w36,lruforgive,10,795,26,1,1,0.1512,0.47,18915624,7952.5888,1248956
node5.tardis-apia.ldos-ut-pg0.wisc.cloudlab.us,w36,lruforgive,10,795,26,1,2,0.1512,0.48,18915624,7952.5888,1248956
node5.tardis-apia.ldos-ut-pg0.wisc.cloudlab.us,w36,lruforgive,10,795,26,1,3,0.1512,0.48,18915624,7952.5888,1248956
node5.tardis-apia.ldos-ut-pg0.wisc.cloudlab.us,w36,s3fifo,10,795,26,1,1,0.1508,1.11,18915624,7952.5888,1248956
node5.tardis-apia.ldos-ut-pg0.wisc.cloudlab.us,w36,s3fifo,10,795,26,1,2,0.1508,1.12,18915624,7952.5888,1248956
node5.tardis-apia.ldos-ut-pg0.wisc.cloudlab.us,w36,s3fifo,10,795,26,1,3,0.1508,1.12,18915624,7952.5888,1248956
node5.tardis-apia.ldos-ut-pg0.wisc.cloudlab.us,w36,s3fifoforgive,10,795,26,1,1,0.1507,0.53,18915624,7952.5888,1248956
node5.tardis-apia.ldos-ut-pg0.wisc.cloudlab.us,w36,s3fifoforgive,10,795,26,1,2,0.1507,0.53,18915624,7952.5888,1248956
node5.tardis-apia.ldos-ut-pg0.wisc.cloudlab.us,w36,s3fifoforgive,10,795,26,1,3,0.1507,0.53,18915624,7952.5888,1248956
node5.tardis-apia.ldos-ut-pg0.wisc.cloudlab.us,w36,lru,0.1,8,19,1,1,0.4459,3.55,18915624,7952.5888,1248956
node5.tardis-apia.ldos-ut-pg0.wisc.cloudlab.us,w36,lru,0.1,8,19,1,2,0.4459,3.56,18915624,7952.5888,1248956
node5.tardis-apia.ldos-ut-pg0.wisc.cloudlab.us,w36,lru,0.1,8,19,1,3,0.4459,3.60,18915624,7952.5888,1248956
node5.tardis-apia.ldos-ut-pg0.wisc.cloudlab.us,w36,lruforgive,0.1,8,19,1,1,0.4458,1.35,18915624,7952.5888,1248956
node5.tardis-apia.ldos-ut-pg0.wisc.cloudlab.us,w36,lruforgive,0.1,8,19,1,2,0.4458,1.33,18915624,7952.5888,1248956
node5.tardis-apia.ldos-ut-pg0.wisc.cloudlab.us,w36,lruforgive,0.1,8,19,1,3,0.4458,1.33,18915624,7952.5888,1248956
node5.tardis-apia.ldos-ut-pg0.wisc.cloudlab.us,w36,s3fifo,0.1,8,19,1,1,0.4461,3.80,18915624,7952.5888,1248956
node5.tardis-apia.ldos-ut-pg0.wisc.cloudlab.us,w36,s3fifo,0.1,8,19,1,2,0.4461,3.81,18915624,7952.5888,1248956
node5.tardis-apia.ldos-ut-pg0.wisc.cloudlab.us,w36,s3fifo,0.1,8,19,1,3,0.4461,3.76,18915624,7952.5888,1248956
node5.tardis-apia.ldos-ut-pg0.wisc.cloudlab.us,w36,s3fifoforgive,0.1,8,19,1,1,0.4462,1.45,18915624,7952.5888,1248956
node5.tardis-apia.ldos-ut-pg0.wisc.cloudlab.us,w36,s3fifoforgive,0.1,8,19,1,2,0.4462,1.44,18915624,7952.5888,1248956
node5.tardis-apia.ldos-ut-pg0.wisc.cloudlab.us,w36,s3fifoforgive,0.1,8,19,1,3,0.4462,1.42,18915624,7952.5888,1248956
node5.tardis-apia.ldos-ut-pg0.wisc.cloudlab.us,w37,lru,10,4767,27,1,1,0.5086,0.58,18840687,47673.4464,5087576
node5.tardis-apia.ldos-ut-pg0.wisc.cloudlab.us,w37,lru,10,4767,27,1,2,0.5086,0.57,18840687,47673.4464,5087576
node5.tardis-apia.ldos-ut-pg0.wisc.cloudlab.us,w37,lru,10,4767,27,1,3,0.5086,0.57,18840687,47673.4464,5087576
node5.tardis-apia.ldos-ut-pg0.wisc.cloudlab.us,w37,lruforgive,10,4767,27,1,1,0.5076,0.38,18840687,47673.4464,5087576
node5.tardis-apia.ldos-ut-pg0.wisc.cloudlab.us,w37,lruforgive,10,4767,27,1,2,0.5076,0.38,18840687,47673.4464,5087576
node5.tardis-apia.ldos-ut-pg0.wisc.cloudlab.us,w37,lruforgive,10,4767,27,1,3,0.5076,0.38,18840687,47673.4464,5087576
node5.tardis-apia.ldos-ut-pg0.wisc.cloudlab.us,w37,s3fifo,10,4767,27,1,1,0.4081,0.62,18840687,47673.4464,5087576
node5.tardis-apia.ldos-ut-pg0.wisc.cloudlab.us,w37,s3fifo,10,4767,27,1,2,0.4081,0.62,18840687,47673.4464,5087576
node5.tardis-apia.ldos-ut-pg0.wisc.cloudlab.us,w37,s3fifo,10,4767,27,1,3,0.4081,0.62,18840687,47673.4464,5087576
node5.tardis-apia.ldos-ut-pg0.wisc.cloudlab.us,w37,s3fifoforgive,10,4767,27,1,1,0.4078,0.40,18840687,47673.4464,5087576
node5.tardis-apia.ldos-ut-pg0.wisc.cloudlab.us,w37,s3fifoforgive,10,4767,27,1,2,0.4078,0.39,18840687,47673.4464,5087576
node5.tardis-apia.ldos-ut-pg0.wisc.cloudlab.us,w37,s3fifoforgive,10,4767,27,1,3,0.4078,0.39,18840687,47673.4464,5087576
node5.tardis-apia.ldos-ut-pg0.wisc.cloudlab.us,w37,lru,0.1,48,22,1,1,0.9252,1.44,18840687,47673.4464,5087576
node5.tardis-apia.ldos-ut-pg0.wisc.cloudlab.us,w37,lru,0.1,48,22,1,2,0.9252,1.41,18840687,47673.4464,5087576
node5.tardis-apia.ldos-ut-pg0.wisc.cloudlab.us,w37,lru,0.1,48,22,1,3,0.9252,1.40,18840687,47673.4464,5087576
node5.tardis-apia.ldos-ut-pg0.wisc.cloudlab.us,w37,lruforgive,0.1,48,22,1,1,0.9227,1.01,18840687,47673.4464,5087576
node5.tardis-apia.ldos-ut-pg0.wisc.cloudlab.us,w37,lruforgive,0.1,48,22,1,2,0.9227,0.99,18840687,47673.4464,5087576
node5.tardis-apia.ldos-ut-pg0.wisc.cloudlab.us,w37,lruforgive,0.1,48,22,1,3,0.9227,0.99,18840687,47673.4464,5087576
node5.tardis-apia.ldos-ut-pg0.wisc.cloudlab.us,w37,s3fifo,0.1,48,22,1,1,0.9691,1.51,18840687,47673.4464,5087576
node5.tardis-apia.ldos-ut-pg0.wisc.cloudlab.us,w37,s3fifo,0.1,48,22,1,2,0.9691,1.51,18840687,47673.4464,5087576
node5.tardis-apia.ldos-ut-pg0.wisc.cloudlab.us,w37,s3fifo,0.1,48,22,1,3,0.9691,1.51,18840687,47673.4464,5087576
node5.tardis-apia.ldos-ut-pg0.wisc.cloudlab.us,w37,s3fifoforgive,0.1,48,22,1,1,0.9682,1.24,18840687,47673.4464,5087576
node5.tardis-apia.ldos-ut-pg0.wisc.cloudlab.us,w37,s3fifoforgive,0.1,48,22,1,2,0.9682,1.23,18840687,47673.4464,5087576
node5.tardis-apia.ldos-ut-pg0.wisc.cloudlab.us,w37,s3fifoforgive,0.1,48,22,1,3,0.9682,1.23,18840687,47673.4464,5087576
node5.tardis-apia.ldos-ut-pg0.wisc.cloudlab.us,w38,lru,10,2813,27,1,1,0.6494,0.49,18535322,28125.184,2013253
node5.tardis-apia.ldos-ut-pg0.wisc.cloudlab.us,w38,lru,10,2813,27,1,2,0.6494,0.50,18535322,28125.184,2013253
node5.tardis-apia.ldos-ut-pg0.wisc.cloudlab.us,w38,lru,10,2813,27,1,3,0.6494,0.50,18535322,28125.184,2013253
node5.tardis-apia.ldos-ut-pg0.wisc.cloudlab.us,w38,lruforgive,10,2813,27,1,1,0.6475,0.39,18535322,28125.184,2013253
node5.tardis-apia.ldos-ut-pg0.wisc.cloudlab.us,w38,lruforgive,10,2813,27,1,2,0.6475,0.39,18535322,28125.184,2013253
node5.tardis-apia.ldos-ut-pg0.wisc.cloudlab.us,w38,lruforgive,10,2813,27,1,3,0.6475,0.39,18535322,28125.184,2013253
node5.tardis-apia.ldos-ut-pg0.wisc.cloudlab.us,w38,s3fifo,10,2813,27,1,1,0.5678,0.53,18535322,28125.184,2013253
node5.tardis-apia.ldos-ut-pg0.wisc.cloudlab.us,w38,s3fifo,10,2813,27,1,2,0.5678,0.53,18535322,28125.184,2013253
node5.tardis-apia.ldos-ut-pg0.wisc.cloudlab.us,w38,s3fifo,10,2813,27,1,3,0.5678,0.53,18535322,28125.184,2013253
node5.tardis-apia.ldos-ut-pg0.wisc.cloudlab.us,w38,s3fifoforgive,10,2813,27,1,1,0.5675,0.40,18535322,28125.184,2013253
node5.tardis-apia.ldos-ut-pg0.wisc.cloudlab.us,w38,s3fifoforgive,10,2813,27,1,2,0.5675,0.41,18535322,28125.184,2013253
node5.tardis-apia.ldos-ut-pg0.wisc.cloudlab.us,w38,s3fifoforgive,10,2813,27,1,3,0.5675,0.41,18535322,28125.184,2013253
node5.tardis-apia.ldos-ut-pg0.wisc.cloudlab.us,w38,lru,0.1,28,21,1,1,0.8728,1.30,18535322,28125.184,2013253
node5.tardis-apia.ldos-ut-pg0.wisc.cloudlab.us,w38,lru,0.1,28,21,1,2,0.8728,1.29,18535322,28125.184,2013253
node5.tardis-apia.ldos-ut-pg0.wisc.cloudlab.us,w38,lru,0.1,28,21,1,3,0.8728,1.29,18535322,28125.184,2013253
node5.tardis-apia.ldos-ut-pg0.wisc.cloudlab.us,w38,lruforgive,0.1,28,21,1,1,0.8709,0.88,18535322,28125.184,2013253
node5.tardis-apia.ldos-ut-pg0.wisc.cloudlab.us,w38,lruforgive,0.1,28,21,1,2,0.8709,0.88,18535322,28125.184,2013253
node5.tardis-apia.ldos-ut-pg0.wisc.cloudlab.us,w38,lruforgive,0.1,28,21,1,3,0.8709,0.96,18535322,28125.184,2013253
node5.tardis-apia.ldos-ut-pg0.wisc.cloudlab.us,w38,s3fifo,0.1,28,21,1,1,0.8660,1.48,18535322,28125.184,2013253
node5.tardis-apia.ldos-ut-pg0.wisc.cloudlab.us,w38,s3fifo,0.1,28,21,1,2,0.8660,1.47,18535322,28125.184,2013253
node5.tardis-apia.ldos-ut-pg0.wisc.cloudlab.us,w38,s3fifo,0.1,28,21,1,3,0.8660,1.47,18535322,28125.184,2013253
node5.tardis-apia.ldos-ut-pg0.wisc.cloudlab.us,w38,s3fifoforgive,0.1,28,21,1,1,0.8653,1.22,18535322,28125.184,2013253
node5.tardis-apia.ldos-ut-pg0.wisc.cloudlab.us,w38,s3fifoforgive,0.1,28,21,1,2,0.8653,1.19,18535322,28125.184,2013253
node5.tardis-apia.ldos-ut-pg0.wisc.cloudlab.us,w38,s3fifoforgive,0.1,28,21,1,3,0.8653,1.17,18535322,28125.184,2013253
node5.tardis-apia.ldos-ut-pg0.wisc.cloudlab.us,w39,lru,10,585,25,1,1,0.1002,1.60,17920021,5854.3104,608255
node5.tardis-apia.ldos-ut-pg0.wisc.cloudlab.us,w39,lru,10,585,25,1,2,0.1002,1.58,17920021,5854.3104,608255
node5.tardis-apia.ldos-ut-pg0.wisc.cloudlab.us,w39,lru,10,585,25,1,3,0.1002,1.59,17920021,5854.3104,608255
node5.tardis-apia.ldos-ut-pg0.wisc.cloudlab.us,w39,lruforgive,10,585,25,1,1,0.0970,0.63,17920021,5854.3104,608255
node5.tardis-apia.ldos-ut-pg0.wisc.cloudlab.us,w39,lruforgive,10,585,25,1,2,0.0970,0.63,17920021,5854.3104,608255
node5.tardis-apia.ldos-ut-pg0.wisc.cloudlab.us,w39,lruforgive,10,585,25,1,3,0.0970,0.62,17920021,5854.3104,608255
node5.tardis-apia.ldos-ut-pg0.wisc.cloudlab.us,w39,s3fifo,10,585,25,1,1,0.0919,1.87,17920021,5854.3104,608255
node5.tardis-apia.ldos-ut-pg0.wisc.cloudlab.us,w39,s3fifo,10,585,25,1,2,0.0919,1.86,17920021,5854.3104,608255
node5.tardis-apia.ldos-ut-pg0.wisc.cloudlab.us,w39,s3fifo,10,585,25,1,3,NA,NA,NA,5854.3104,608255
node5.tardis-apia.ldos-ut-pg0.wisc.cloudlab.us,w39,s3fifoforgive,10,585,25,1,1,0.0924,0.69,17920021,5854.3104,608255
node5.tardis-apia.ldos-ut-pg0.wisc.cloudlab.us,w39,s3fifoforgive,10,585,25,1,2,0.0924,0.69,17920021,5854.3104,608255
node5.tardis-apia.ldos-ut-pg0.wisc.cloudlab.us,w39,s3fifoforgive,10,585,25,1,3,0.0924,0.69,17920021,5854.3104,608255
node5.tardis-apia.ldos-ut-pg0.wisc.cloudlab.us,w40,lru,10,669,25,1,1,0.1268,1.34,17657231,6688.1536,881317
node5.tardis-apia.ldos-ut-pg0.wisc.cloudlab.us,w40,lru,10,669,25,1,2,0.1268,1.31,17657231,6688.1536,881317
node5.tardis-apia.ldos-ut-pg0.wisc.cloudlab.us,w40,lru,10,669,25,1,3,0.1268,1.31,17657231,6688.1536,881317
node5.tardis-apia.ldos-ut-pg0.wisc.cloudlab.us,w40,lruforgive,10,669,25,1,1,0.1255,0.54,17657231,6688.1536,881317
node5.tardis-apia.ldos-ut-pg0.wisc.cloudlab.us,w40,lruforgive,10,669,25,1,2,0.1255,0.54,17657231,6688.1536,881317
node5.tardis-apia.ldos-ut-pg0.wisc.cloudlab.us,w40,lruforgive,10,669,25,1,3,0.1255,0.54,17657231,6688.1536,881317
node5.tardis-apia.ldos-ut-pg0.wisc.cloudlab.us,w40,s3fifo,10,669,25,1,1,0.1236,1.42,17657231,6688.1536,881317
node5.tardis-apia.ldos-ut-pg0.wisc.cloudlab.us,w40,s3fifo,10,669,25,1,2,0.1236,1.40,17657231,6688.1536,881317
node5.tardis-apia.ldos-ut-pg0.wisc.cloudlab.us,w40,s3fifo,10,669,25,1,3,0.1236,1.42,17657231,6688.1536,881317
node5.tardis-apia.ldos-ut-pg0.wisc.cloudlab.us,w40,s3fifoforgive,10,669,25,1,1,0.1235,0.61,17657231,6688.1536,881317
node5.tardis-apia.ldos-ut-pg0.wisc.cloudlab.us,w40,s3fifoforgive,10,669,25,1,2,0.1235,0.61,17657231,6688.1536,881317
node5.tardis-apia.ldos-ut-pg0.wisc.cloudlab.us,w40,s3fifoforgive,10,669,25,1,3,0.1235,0.61,17657231,6688.1536,881317
node5.tardis-apia.ldos-ut-pg0.wisc.cloudlab.us,w41,lru,10,954,26,1,1,0.0862,1.20,17004737,9538.1504,684962
node5.tardis-apia.ldos-ut-pg0.wisc.cloudlab.us,w41,lru,10,954,26,1,2,0.0862,1.21,17004737,9538.1504,684962
node5.tardis-apia.ldos-ut-pg0.wisc.cloudlab.us,w41,lru,10,954,26,1,3,0.0862,1.19,17004737,9538.1504,684962
node5.tardis-apia.ldos-ut-pg0.wisc.cloudlab.us,w41,lruforgive,10,954,26,1,1,0.0834,0.57,17004737,9538.1504,684962
node5.tardis-apia.ldos-ut-pg0.wisc.cloudlab.us,w41,lruforgive,10,954,26,1,2,0.0834,0.56,17004737,9538.1504,684962
node5.tardis-apia.ldos-ut-pg0.wisc.cloudlab.us,w41,lruforgive,10,954,26,1,3,0.0834,0.57,17004737,9538.1504,684962
node5.tardis-apia.ldos-ut-pg0.wisc.cloudlab.us,w41,s3fifo,10,954,26,1,1,0.0757,1.51,17004737,9538.1504,684962
node5.tardis-apia.ldos-ut-pg0.wisc.cloudlab.us,w41,s3fifo,10,954,26,1,2,0.0757,1.49,17004737,9538.1504,684962
node5.tardis-apia.ldos-ut-pg0.wisc.cloudlab.us,w41,s3fifo,10,954,26,1,3,0.0757,1.47,17004737,9538.1504,684962
node5.tardis-apia.ldos-ut-pg0.wisc.cloudlab.us,w41,s3fifoforgive,10,954,26,1,1,0.0757,0.63,17004737,9538.1504,684962
node5.tardis-apia.ldos-ut-pg0.wisc.cloudlab.us,w41,s3fifoforgive,10,954,26,1,2,0.0757,0.62,17004737,9538.1504,684962
node5.tardis-apia.ldos-ut-pg0.wisc.cloudlab.us,w41,s3fifoforgive,10,954,26,1,3,0.0757,0.61,17004737,9538.1504,684962
node5.tardis-apia.ldos-ut-pg0.wisc.cloudlab.us,w42,lru,10,5908,27,1,1,0.7019,0.39,16894444,59075.584,2451919
node5.tardis-apia.ldos-ut-pg0.wisc.cloudlab.us,w42,lru,10,5908,27,1,2,0.7019,0.39,16894444,59075.584,2451919
node5.tardis-apia.ldos-ut-pg0.wisc.cloudlab.us,w42,lru,10,5908,27,1,3,0.7019,0.39,16894444,59075.584,2451919
node5.tardis-apia.ldos-ut-pg0.wisc.cloudlab.us,w42,lruforgive,10,5908,27,1,1,0.6983,0.32,16894444,59075.584,2451919
node5.tardis-apia.ldos-ut-pg0.wisc.cloudlab.us,w42,lruforgive,10,5908,27,1,2,0.6983,0.32,16894444,59075.584,2451919
node5.tardis-apia.ldos-ut-pg0.wisc.cloudlab.us,w42,lruforgive,10,5908,27,1,3,0.6983,0.33,16894444,59075.584,2451919
node5.tardis-apia.ldos-ut-pg0.wisc.cloudlab.us,w42,s3fifo,10,5908,27,1,1,0.6677,0.42,16894444,59075.584,2451919
node5.tardis-apia.ldos-ut-pg0.wisc.cloudlab.us,w42,s3fifo,10,5908,27,1,2,0.6677,0.42,16894444,59075.584,2451919
node5.tardis-apia.ldos-ut-pg0.wisc.cloudlab.us,w42,s3fifo,10,5908,27,1,3,0.6677,0.42,16894444,59075.584,2451919
node5.tardis-apia.ldos-ut-pg0.wisc.cloudlab.us,w42,s3fifoforgive,10,5908,27,1,1,0.6671,0.34,16894444,59075.584,2451919
node5.tardis-apia.ldos-ut-pg0.wisc.cloudlab.us,w42,s3fifoforgive,10,5908,27,1,2,0.6671,0.34,16894444,59075.584,2451919
node5.tardis-apia.ldos-ut-pg0.wisc.cloudlab.us,w42,s3fifoforgive,10,5908,27,1,3,0.6671,0.35,16894444,59075.584,2451919
node5.tardis-apia.ldos-ut-pg0.wisc.cloudlab.us,w42,lru,0.1,59,22,1,1,0.8640,1.10,16894444,59075.584,2451919
node5.tardis-apia.ldos-ut-pg0.wisc.cloudlab.us,w42,lru,0.1,59,22,1,2,0.8640,1.10,16894444,59075.584,2451919
node5.tardis-apia.ldos-ut-pg0.wisc.cloudlab.us,w42,lru,0.1,59,22,1,3,0.8640,1.10,16894444,59075.584,2451919
node5.tardis-apia.ldos-ut-pg0.wisc.cloudlab.us,w42,lruforgive,0.1,59,22,1,1,0.8555,0.75,16894444,59075.584,2451919
node5.tardis-apia.ldos-ut-pg0.wisc.cloudlab.us,w42,lruforgive,0.1,59,22,1,2,0.8555,0.75,16894444,59075.584,2451919
node5.tardis-apia.ldos-ut-pg0.wisc.cloudlab.us,w42,lruforgive,0.1,59,22,1,3,0.8555,0.75,16894444,59075.584,2451919
node5.tardis-apia.ldos-ut-pg0.wisc.cloudlab.us,w42,s3fifo,0.1,59,22,1,1,0.8506,1.37,16894444,59075.584,2451919
node5.tardis-apia.ldos-ut-pg0.wisc.cloudlab.us,w42,s3fifo,0.1,59,22,1,2,0.8506,1.34,16894444,59075.584,2451919
node5.tardis-apia.ldos-ut-pg0.wisc.cloudlab.us,w42,s3fifo,0.1,59,22,1,3,0.8506,1.34,16894444,59075.584,2451919
node5.tardis-apia.ldos-ut-pg0.wisc.cloudlab.us,w42,s3fifoforgive,0.1,59,22,1,1,0.8486,1.05,16894444,59075.584,2451919
node5.tardis-apia.ldos-ut-pg0.wisc.cloudlab.us,w42,s3fifoforgive,0.1,59,22,1,2,0.8486,1.05,16894444,59075.584,2451919
node5.tardis-apia.ldos-ut-pg0.wisc.cloudlab.us,w42,s3fifoforgive,0.1,59,22,1,3,0.8486,1.07,16894444,59075.584,2451919
node5.tardis-apia.ldos-ut-pg0.wisc.cloudlab.us,w43,lru,10,12288,27,1,1,0.6564,0.19,15617419,122875.8016,3722583
node5.tardis-apia.ldos-ut-pg0.wisc.cloudlab.us,w43,lru,10,12288,27,1,2,0.6564,0.18,15617419,122875.8016,3722583
node5.tardis-apia.ldos-ut-pg0.wisc.cloudlab.us,w43,lru,10,12288,27,1,3,0.6564,0.18,15617419,122875.8016,3722583
node5.tardis-apia.ldos-ut-pg0.wisc.cloudlab.us,w43,lruforgive,10,12288,27,1,1,0.6505,0.17,15617419,122875.8016,3722583
node5.tardis-apia.ldos-ut-pg0.wisc.cloudlab.us,w43,lruforgive,10,12288,27,1,2,0.6505,0.17,15617419,122875.8016,3722583
node5.tardis-apia.ldos-ut-pg0.wisc.cloudlab.us,w43,lruforgive,10,12288,27,1,3,0.6505,0.17,15617419,122875.8016,3722583
node5.tardis-apia.ldos-ut-pg0.wisc.cloudlab.us,w43,s3fifo,10,12288,27,1,1,0.5980,0.21,15617419,122875.8016,3722583
node5.tardis-apia.ldos-ut-pg0.wisc.cloudlab.us,w43,s3fifo,10,12288,27,1,2,0.5980,0.21,15617419,122875.8016,3722583
node5.tardis-apia.ldos-ut-pg0.wisc.cloudlab.us,w43,s3fifo,10,12288,27,1,3,0.5980,0.21,15617419,122875.8016,3722583
node5.tardis-apia.ldos-ut-pg0.wisc.cloudlab.us,w43,s3fifoforgive,10,12288,27,1,1,0.5980,0.19,15617419,122875.8016,3722583
node5.tardis-apia.ldos-ut-pg0.wisc.cloudlab.us,w43,s3fifoforgive,10,12288,27,1,2,0.5980,0.19,15617419,122875.8016,3722583
node5.tardis-apia.ldos-ut-pg0.wisc.cloudlab.us,w43,s3fifoforgive,10,12288,27,1,3,0.5980,0.19,15617419,122875.8016,3722583
node5.tardis-apia.ldos-ut-pg0.wisc.cloudlab.us,w43,lru,0.1,123,23,1,1,0.8437,0.23,15617419,122875.8016,3722583
node5.tardis-apia.ldos-ut-pg0.wisc.cloudlab.us,w43,lru,0.1,123,23,1,2,0.8437,0.23,15617419,122875.8016,3722583
node5.tardis-apia.ldos-ut-pg0.wisc.cloudlab.us,w43,lru,0.1,123,23,1,3,0.8437,0.23,15617419,122875.8016,3722583
node5.tardis-apia.ldos-ut-pg0.wisc.cloudlab.us,w43,lruforgive,0.1,123,23,1,1,0.8351,0.21,15617419,122875.8016,3722583
node5.tardis-apia.ldos-ut-pg0.wisc.cloudlab.us,w43,lruforgive,0.1,123,23,1,2,0.8351,0.21,15617419,122875.8016,3722583
node5.tardis-apia.ldos-ut-pg0.wisc.cloudlab.us,w43,lruforgive,0.1,123,23,1,3,0.8351,0.21,15617419,122875.8016,3722583
node5.tardis-apia.ldos-ut-pg0.wisc.cloudlab.us,w43,s3fifo,0.1,123,23,1,1,0.8350,0.54,15617419,122875.8016,3722583
node5.tardis-apia.ldos-ut-pg0.wisc.cloudlab.us,w43,s3fifo,0.1,123,23,1,2,0.8350,0.53,15617419,122875.8016,3722583
node5.tardis-apia.ldos-ut-pg0.wisc.cloudlab.us,w43,s3fifo,0.1,123,23,1,3,0.8350,0.53,15617419,122875.8016,3722583
node5.tardis-apia.ldos-ut-pg0.wisc.cloudlab.us,w43,s3fifoforgive,0.1,123,23,1,1,0.8346,0.48,15617419,122875.8016,3722583
node5.tardis-apia.ldos-ut-pg0.wisc.cloudlab.us,w43,s3fifoforgive,0.1,123,23,1,2,0.8346,0.48,15617419,122875.8016,3722583
node5.tardis-apia.ldos-ut-pg0.wisc.cloudlab.us,w43,s3fifoforgive,0.1,123,23,1,3,0.8346,0.48,15617419,122875.8016,3722583
node5.tardis-apia.ldos-ut-pg0.wisc.cloudlab.us,w44,lru,10,1819,27,1,1,0.8883,0.48,12116073,18191.36,1825486
node5.tardis-apia.ldos-ut-pg0.wisc.cloudlab.us,w44,lru,10,1819,27,1,2,0.8882,0.47,12116073,18191.36,1825486
node5.tardis-apia.ldos-ut-pg0.wisc.cloudlab.us,w44,lru,10,1819,27,1,3,0.8883,0.48,12116073,18191.36,1825486
node5.tardis-apia.ldos-ut-pg0.wisc.cloudlab.us,w44,lruforgive,10,1819,27,1,1,0.8843,0.45,12116073,18191.36,1825486
node5.tardis-apia.ldos-ut-pg0.wisc.cloudlab.us,w44,lruforgive,10,1819,27,1,2,0.8843,0.44,12116073,18191.36,1825486
node5.tardis-apia.ldos-ut-pg0.wisc.cloudlab.us,w44,lruforgive,10,1819,27,1,3,0.8844,0.45,12116073,18191.36,1825486
node5.tardis-apia.ldos-ut-pg0.wisc.cloudlab.us,w44,s3fifo,10,1819,27,1,1,0.8500,0.58,12116073,18191.36,1825486
node5.tardis-apia.ldos-ut-pg0.wisc.cloudlab.us,w44,s3fifo,10,1819,27,1,2,0.8501,0.57,12116073,18191.36,1825486
node5.tardis-apia.ldos-ut-pg0.wisc.cloudlab.us,w44,s3fifo,10,1819,27,1,3,0.8502,0.58,12116073,18191.36,1825486
node5.tardis-apia.ldos-ut-pg0.wisc.cloudlab.us,w44,s3fifoforgive,10,1819,27,1,1,0.8503,0.52,12116073,18191.36,1825486
node5.tardis-apia.ldos-ut-pg0.wisc.cloudlab.us,w44,s3fifoforgive,10,1819,27,1,2,0.8504,0.52,12116073,18191.36,1825486
node5.tardis-apia.ldos-ut-pg0.wisc.cloudlab.us,w44,s3fifoforgive,10,1819,27,1,3,0.8503,0.51,12116073,18191.36,1825486
node5.tardis-apia.ldos-ut-pg0.wisc.cloudlab.us,w44,lru,0.1,18,20,1,1,0.9671,1.91,12116073,18191.36,1825486
node5.tardis-apia.ldos-ut-pg0.wisc.cloudlab.us,w44,lru,0.1,18,20,1,2,0.9671,1.90,12116073,18191.36,1825486
node5.tardis-apia.ldos-ut-pg0.wisc.cloudlab.us,w44,lru,0.1,18,20,1,3,0.9671,1.89,12116073,18191.36,1825486
node5.tardis-apia.ldos-ut-pg0.wisc.cloudlab.us,w44,lruforgive,0.1,18,20,1,1,0.9638,1.34,12116073,18191.36,1825486
node5.tardis-apia.ldos-ut-pg0.wisc.cloudlab.us,w44,lruforgive,0.1,18,20,1,2,0.9638,1.35,12116073,18191.36,1825486
node5.tardis-apia.ldos-ut-pg0.wisc.cloudlab.us,w44,lruforgive,0.1,18,20,1,3,0.9638,1.34,12116073,18191.36,1825486
node5.tardis-apia.ldos-ut-pg0.wisc.cloudlab.us,w44,s3fifo,0.1,18,20,1,1,0.9617,1.94,12116073,18191.36,1825486
node5.tardis-apia.ldos-ut-pg0.wisc.cloudlab.us,w44,s3fifo,0.1,18,20,1,2,0.9617,1.94,12116073,18191.36,1825486
node5.tardis-apia.ldos-ut-pg0.wisc.cloudlab.us,w44,s3fifo,0.1,18,20,1,3,0.9617,1.97,12116073,18191.36,1825486
node5.tardis-apia.ldos-ut-pg0.wisc.cloudlab.us,w44,s3fifoforgive,0.1,18,20,1,1,0.9604,1.65,12116073,18191.36,1825486
node5.tardis-apia.ldos-ut-pg0.wisc.cloudlab.us,w44,s3fifoforgive,0.1,18,20,1,2,0.9604,1.66,12116073,18191.36,1825486
node5.tardis-apia.ldos-ut-pg0.wisc.cloudlab.us,w44,s3fifoforgive,0.1,18,20,1,3,0.9604,1.66,12116073,18191.36,1825486
node5.tardis-apia.ldos-ut-pg0.wisc.cloudlab.us,w45,lru,10,276,24,1,1,0.1497,1.32,15064628,2764.288,326828
node5.tardis-apia.ldos-ut-pg0.wisc.cloudlab.us,w45,lru,10,276,24,1,2,0.1497,1.34,15064628,2764.288,326828
node5.tardis-apia.ldos-ut-pg0.wisc.cloudlab.us,w45,lru,10,276,24,1,3,0.1497,1.34,15064628,2764.288,326828
node5.tardis-apia.ldos-ut-pg0.wisc.cloudlab.us,w45,lruforgive,10,276,24,1,1,0.1525,0.63,15064628,2764.288,326828
node5.tardis-apia.ldos-ut-pg0.wisc.cloudlab.us,w45,lruforgive,10,276,24,1,2,0.1525,0.64,15064628,2764.288,326828
node5.tardis-apia.ldos-ut-pg0.wisc.cloudlab.us,w45,lruforgive,10,276,24,1,3,0.1525,0.64,15064628,2764.288,326828
node5.tardis-apia.ldos-ut-pg0.wisc.cloudlab.us,w45,s3fifo,10,276,24,1,1,0.1390,1.99,15064628,2764.288,326828
node5.tardis-apia.ldos-ut-pg0.wisc.cloudlab.us,w45,s3fifo,10,276,24,1,2,0.1390,2.00,15064628,2764.288,326828
node5.tardis-apia.ldos-ut-pg0.wisc.cloudlab.us,w45,s3fifo,10,276,24,1,3,0.1390,2.00,15064628,2764.288,326828
node5.tardis-apia.ldos-ut-pg0.wisc.cloudlab.us,w45,s3fifoforgive,10,276,24,1,1,0.1392,0.74,15064628,2764.288,326828
node5.tardis-apia.ldos-ut-pg0.wisc.cloudlab.us,w45,s3fifoforgive,10,276,24,1,2,0.1392,0.74,15064628,2764.288,326828
node5.tardis-apia.ldos-ut-pg0.wisc.cloudlab.us,w45,s3fifoforgive,10,276,24,1,3,0.1392,0.74,15064628,2764.288,326828
node5.tardis-apia.ldos-ut-pg0.wisc.cloudlab.us,w46,lru,10,127063,27,1,1,0.5134,0.04,11550124,1270631.8336,4593832
node5.tardis-apia.ldos-ut-pg0.wisc.cloudlab.us,w46,lru,10,127063,27,1,2,0.5134,0.04,11550124,1270631.8336,4593832
node5.tardis-apia.ldos-ut-pg0.wisc.cloudlab.us,w46,lru,10,127063,27,1,3,0.5134,0.04,11550124,1270631.8336,4593832
node5.tardis-apia.ldos-ut-pg0.wisc.cloudlab.us,w46,lruforgive,10,127063,27,1,1,0.5098,0.04,11550124,1270631.8336,4593832
node5.tardis-apia.ldos-ut-pg0.wisc.cloudlab.us,w46,lruforgive,10,127063,27,1,2,0.5098,0.04,11550124,1270631.8336,4593832
node5.tardis-apia.ldos-ut-pg0.wisc.cloudlab.us,w46,lruforgive,10,127063,27,1,3,0.5098,0.04,11550124,1270631.8336,4593832
node5.tardis-apia.ldos-ut-pg0.wisc.cloudlab.us,w46,s3fifo,10,127063,27,1,1,0.5176,0.04,11550124,1270631.8336,4593832
node5.tardis-apia.ldos-ut-pg0.wisc.cloudlab.us,w46,s3fifo,10,127063,27,1,2,0.5176,0.04,11550124,1270631.8336,4593832
node5.tardis-apia.ldos-ut-pg0.wisc.cloudlab.us,w46,s3fifo,10,127063,27,1,3,0.5176,0.04,11550124,1270631.8336,4593832
node5.tardis-apia.ldos-ut-pg0.wisc.cloudlab.us,w46,s3fifoforgive,10,127063,27,1,1,0.5171,0.05,11550124,1270631.8336,4593832
node5.tardis-apia.ldos-ut-pg0.wisc.cloudlab.us,w46,s3fifoforgive,10,127063,27,1,2,0.5171,0.04,11550124,1270631.8336,4593832
node5.tardis-apia.ldos-ut-pg0.wisc.cloudlab.us,w46,s3fifoforgive,10,127063,27,1,3,0.5171,0.05,11550124,1270631.8336,4593832
node5.tardis-apia.ldos-ut-pg0.wisc.cloudlab.us,w46,lru,0.1,1271,26,1,1,0.6379,0.06,11550124,1270631.8336,4593832
node5.tardis-apia.ldos-ut-pg0.wisc.cloudlab.us,w46,lru,0.1,1271,26,1,2,0.6379,0.06,11550124,1270631.8336,4593832
node5.tardis-apia.ldos-ut-pg0.wisc.cloudlab.us,w46,lru,0.1,1271,26,1,3,0.6379,0.06,11550124,1270631.8336,4593832
node5.tardis-apia.ldos-ut-pg0.wisc.cloudlab.us,w46,lruforgive,0.1,1271,26,1,1,0.6423,0.06,11550124,1270631.8336,4593832
node5.tardis-apia.ldos-ut-pg0.wisc.cloudlab.us,w46,lruforgive,0.1,1271,26,1,2,0.6423,0.06,11550124,1270631.8336,4593832
node5.tardis-apia.ldos-ut-pg0.wisc.cloudlab.us,w46,lruforgive,0.1,1271,26,1,3,0.6423,0.06,11550124,1270631.8336,4593832
node5.tardis-apia.ldos-ut-pg0.wisc.cloudlab.us,w46,s3fifo,0.1,1271,26,1,1,0.6346,0.09,11550124,1270631.8336,4593832
node5.tardis-apia.ldos-ut-pg0.wisc.cloudlab.us,w46,s3fifo,0.1,1271,26,1,2,0.6346,0.09,11550124,1270631.8336,4593832
node5.tardis-apia.ldos-ut-pg0.wisc.cloudlab.us,w46,s3fifo,0.1,1271,26,1,3,0.6346,0.09,11550124,1270631.8336,4593832
node5.tardis-apia.ldos-ut-pg0.wisc.cloudlab.us,w46,s3fifoforgive,0.1,1271,26,1,1,0.6344,0.09,11550124,1270631.8336,4593832
node5.tardis-apia.ldos-ut-pg0.wisc.cloudlab.us,w46,s3fifoforgive,0.1,1271,26,1,2,0.6344,0.08,11550124,1270631.8336,4593832
node5.tardis-apia.ldos-ut-pg0.wisc.cloudlab.us,w46,s3fifoforgive,0.1,1271,26,1,3,0.6344,0.09,11550124,1270631.8336,4593832
node5.tardis-apia.ldos-ut-pg0.wisc.cloudlab.us,w47,lru,10,301,24,1,1,0.1447,1.19,14314716,3005.1328,298214
node5.tardis-apia.ldos-ut-pg0.wisc.cloudlab.us,w47,lru,10,301,24,1,2,0.1447,1.18,14314716,3005.1328,298214
node5.tardis-apia.ldos-ut-pg0.wisc.cloudlab.us,w47,lru,10,301,24,1,3,0.1447,1.18,14314716,3005.1328,298214
node5.tardis-apia.ldos-ut-pg0.wisc.cloudlab.us,w47,lruforgive,10,301,24,1,1,0.1447,0.63,14314716,3005.1328,298214
node5.tardis-apia.ldos-ut-pg0.wisc.cloudlab.us,w47,lruforgive,10,301,24,1,2,0.1447,0.62,14314716,3005.1328,298214
node5.tardis-apia.ldos-ut-pg0.wisc.cloudlab.us,w47,lruforgive,10,301,24,1,3,0.1447,0.62,14314716,3005.1328,298214
node5.tardis-apia.ldos-ut-pg0.wisc.cloudlab.us,w47,s3fifo,10,301,24,1,1,0.1346,1.68,14314716,3005.1328,298214
node5.tardis-apia.ldos-ut-pg0.wisc.cloudlab.us,w47,s3fifo,10,301,24,1,2,0.1346,1.66,14314716,3005.1328,298214
node5.tardis-apia.ldos-ut-pg0.wisc.cloudlab.us,w47,s3fifo,10,301,24,1,3,0.1346,1.65,14314716,3005.1328,298214
node5.tardis-apia.ldos-ut-pg0.wisc.cloudlab.us,w47,s3fifoforgive,10,301,24,1,1,0.1338,0.71,14314716,3005.1328,298214
node5.tardis-apia.ldos-ut-pg0.wisc.cloudlab.us,w47,s3fifoforgive,10,301,24,1,2,0.1338,0.71,14314716,3005.1328,298214
node5.tardis-apia.ldos-ut-pg0.wisc.cloudlab.us,w47,s3fifoforgive,10,301,24,1,3,0.1338,0.71,14314716,3005.1328,298214
node5.tardis-apia.ldos-ut-pg0.wisc.cloudlab.us,w48,lru,10,21038,27,1,1,0.8622,0.14,14097007,210384.9984,3600621
node5.tardis-apia.ldos-ut-pg0.wisc.cloudlab.us,w48,lru,10,21038,27,1,2,0.8622,0.14,14097007,210384.9984,3600621
node5.tardis-apia.ldos-ut-pg0.wisc.cloudlab.us,w48,lru,10,21038,27,1,3,0.8622,0.15,14097007,210384.9984,3600621
node5.tardis-apia.ldos-ut-pg0.wisc.cloudlab.us,w48,lruforgive,10,21038,27,1,1,0.8610,0.14,14097007,210384.9984,3600621
node5.tardis-apia.ldos-ut-pg0.wisc.cloudlab.us,w48,lruforgive,10,21038,27,1,2,0.8610,0.14,14097007,210384.9984,3600621
node5.tardis-apia.ldos-ut-pg0.wisc.cloudlab.us,w48,lruforgive,10,21038,27,1,3,0.8610,0.14,14097007,210384.9984,3600621
node5.tardis-apia.ldos-ut-pg0.wisc.cloudlab.us,w48,s3fifo,10,21038,27,1,1,0.7626,0.15,14097007,210384.9984,3600621
node5.tardis-apia.ldos-ut-pg0.wisc.cloudlab.us,w48,s3fifo,10,21038,27,1,2,0.7626,0.15,14097007,210384.9984,3600621
node5.tardis-apia.ldos-ut-pg0.wisc.cloudlab.us,w48,s3fifo,10,21038,27,1,3,0.7626,0.15,14097007,210384.9984,3600621
node5.tardis-apia.ldos-ut-pg0.wisc.cloudlab.us,w48,s3fifoforgive,10,21038,27,1,1,0.7626,0.14,14097007,210384.9984,3600621
node5.tardis-apia.ldos-ut-pg0.wisc.cloudlab.us,w48,s3fifoforgive,10,21038,27,1,2,0.7626,0.14,14097007,210384.9984,3600621
node5.tardis-apia.ldos-ut-pg0.wisc.cloudlab.us,w48,s3fifoforgive,10,21038,27,1,3,0.7626,0.14,14097007,210384.9984,3600621
node5.tardis-apia.ldos-ut-pg0.wisc.cloudlab.us,w48,lru,0.1,210,24,1,1,0.9797,0.20,14097007,210384.9984,3600621
node5.tardis-apia.ldos-ut-pg0.wisc.cloudlab.us,w48,lru,0.1,210,24,1,2,0.9797,0.20,14097007,210384.9984,3600621
node5.tardis-apia.ldos-ut-pg0.wisc.cloudlab.us,w48,lru,0.1,210,24,1,3,0.9797,0.20,14097007,210384.9984,3600621
node5.tardis-apia.ldos-ut-pg0.wisc.cloudlab.us,w48,lruforgive,0.1,210,24,1,1,0.9769,0.19,14097007,210384.9984,3600621
node5.tardis-apia.ldos-ut-pg0.wisc.cloudlab.us,w48,lruforgive,0.1,210,24,1,2,0.9769,0.19,14097007,210384.9984,3600621
node5.tardis-apia.ldos-ut-pg0.wisc.cloudlab.us,w48,lruforgive,0.1,210,24,1,3,0.9769,0.19,14097007,210384.9984,3600621
node5.tardis-apia.ldos-ut-pg0.wisc.cloudlab.us,w48,s3fifo,0.1,210,24,1,1,0.9734,0.24,14097007,210384.9984,3600621
node5.tardis-apia.ldos-ut-pg0.wisc.cloudlab.us,w48,s3fifo,0.1,210,24,1,2,0.9734,0.24,14097007,210384.9984,3600621
node5.tardis-apia.ldos-ut-pg0.wisc.cloudlab.us,w48,s3fifo,0.1,210,24,1,3,0.9734,0.24,14097007,210384.9984,3600621
node5.tardis-apia.ldos-ut-pg0.wisc.cloudlab.us,w48,s3fifoforgive,0.1,210,24,1,1,0.9737,0.23,14097007,210384.9984,3600621
node5.tardis-apia.ldos-ut-pg0.wisc.cloudlab.us,w48,s3fifoforgive,0.1,210,24,1,2,0.9739,0.24,14097007,210384.9984,3600621
node5.tardis-apia.ldos-ut-pg0.wisc.cloudlab.us,w48,s3fifoforgive,0.1,210,24,1,3,0.9737,0.24,14097007,210384.9984,3600621
node5.tardis-apia.ldos-ut-pg0.wisc.cloudlab.us,w49,lru,10,7716,27,1,1,0.6225,0.19,11151557,77162.0864,1594732
node5.tardis-apia.ldos-ut-pg0.wisc.cloudlab.us,w49,lru,10,7716,27,1,2,0.6225,0.19,11151557,77162.0864,1594732
node5.tardis-apia.ldos-ut-pg0.wisc.cloudlab.us,w49,lru,10,7716,27,1,3,0.6225,0.19,11151557,77162.0864,1594732
node5.tardis-apia.ldos-ut-pg0.wisc.cloudlab.us,w49,lruforgive,10,7716,27,1,1,0.6186,0.17,11151557,77162.0864,1594732
node5.tardis-apia.ldos-ut-pg0.wisc.cloudlab.us,w49,lruforgive,10,7716,27,1,2,0.6186,0.17,11151557,77162.0864,1594732
node5.tardis-apia.ldos-ut-pg0.wisc.cloudlab.us,w49,lruforgive,10,7716,27,1,3,0.6186,0.17,11151557,77162.0864,1594732
node5.tardis-apia.ldos-ut-pg0.wisc.cloudlab.us,w49,s3fifo,10,7716,27,1,1,0.5786,0.21,11151557,77162.0864,1594732
node5.tardis-apia.ldos-ut-pg0.wisc.cloudlab.us,w49,s3fifo,10,7716,27,1,2,0.5786,0.21,11151557,77162.0864,1594732
node5.tardis-apia.ldos-ut-pg0.wisc.cloudlab.us,w49,s3fifo,10,7716,27,1,3,0.5786,0.22,11151557,77162.0864,1594732
node5.tardis-apia.ldos-ut-pg0.wisc.cloudlab.us,w49,s3fifoforgive,10,7716,27,1,1,0.5779,0.20,11151557,77162.0864,1594732
node5.tardis-apia.ldos-ut-pg0.wisc.cloudlab.us,w49,s3fifoforgive,10,7716,27,1,2,0.5779,0.20,11151557,77162.0864,1594732
node5.tardis-apia.ldos-ut-pg0.wisc.cloudlab.us,w49,s3fifoforgive,10,7716,27,1,3,0.5779,0.20,11151557,77162.0864,1594732
node5.tardis-apia.ldos-ut-pg0.wisc.cloudlab.us,w49,lru,0.1,77,22,1,1,0.7232,0.72,11151557,77162.0864,1594732
node5.tardis-apia.ldos-ut-pg0.wisc.cloudlab.us,w49,lru,0.1,77,22,1,2,0.7232,0.72,11151557,77162.0864,1594732
node5.tardis-apia.ldos-ut-pg0.wisc.cloudlab.us,w49,lru,0.1,77,22,1,3,0.7232,0.74,11151557,77162.0864,1594732
node5.tardis-apia.ldos-ut-pg0.wisc.cloudlab.us,w49,lruforgive,0.1,77,22,1,1,0.7156,0.44,11151557,77162.0864,1594732
node5.tardis-apia.ldos-ut-pg0.wisc.cloudlab.us,w49,lruforgive,0.1,77,22,1,2,0.7156,0.44,11151557,77162.0864,1594732
node5.tardis-apia.ldos-ut-pg0.wisc.cloudlab.us,w49,lruforgive,0.1,77,22,1,3,0.7156,0.44,11151557,77162.0864,1594732
node5.tardis-apia.ldos-ut-pg0.wisc.cloudlab.us,w49,s3fifo,0.1,77,22,1,1,0.7182,0.84,11151557,77162.0864,1594732
node5.tardis-apia.ldos-ut-pg0.wisc.cloudlab.us,w49,s3fifo,0.1,77,22,1,2,0.7182,0.84,11151557,77162.0864,1594732
node5.tardis-apia.ldos-ut-pg0.wisc.cloudlab.us,w49,s3fifo,0.1,77,22,1,3,0.7182,0.82,11151557,77162.0864,1594732
node5.tardis-apia.ldos-ut-pg0.wisc.cloudlab.us,w49,s3fifoforgive,0.1,77,22,1,1,0.7154,0.66,11151557,77162.0864,1594732
node5.tardis-apia.ldos-ut-pg0.wisc.cloudlab.us,w49,s3fifoforgive,0.1,77,22,1,2,0.7154,0.65,11151557,77162.0864,1594732
node5.tardis-apia.ldos-ut-pg0.wisc.cloudlab.us,w49,s3fifoforgive,0.1,77,22,1,3,0.7154,0.65,11151557,77162.0864,1594732
node5.tardis-apia.ldos-ut-pg0.wisc.cloudlab.us,w50,lru,10,4740,27,1,1,0.3101,0.40,13448031,47395.328,1230381
node5.tardis-apia.ldos-ut-pg0.wisc.cloudlab.us,w50,lru,10,4740,27,1,2,0.3101,0.40,13448031,47395.328,1230381
node5.tardis-apia.ldos-ut-pg0.wisc.cloudlab.us,w50,lru,10,4740,27,1,3,0.3102,0.40,13448031,47395.328,1230381
node5.tardis-apia.ldos-ut-pg0.wisc.cloudlab.us,w50,lruforgive,10,4740,27,1,1,0.3085,0.29,13448031,47395.328,1230381
node5.tardis-apia.ldos-ut-pg0.wisc.cloudlab.us,w50,lruforgive,10,4740,27,1,2,0.3085,0.29,13448031,47395.328,1230381
node5.tardis-apia.ldos-ut-pg0.wisc.cloudlab.us,w50,lruforgive,10,4740,27,1,3,0.3083,0.28,13448031,47395.328,1230381
node5.tardis-apia.ldos-ut-pg0.wisc.cloudlab.us,w50,s3fifo,10,4740,27,1,1,0.2052,0.47,13448031,47395.328,1230381
node5.tardis-apia.ldos-ut-pg0.wisc.cloudlab.us,w50,s3fifo,10,4740,27,1,2,0.2052,0.47,13448031,47395.328,1230381
node5.tardis-apia.ldos-ut-pg0.wisc.cloudlab.us,w50,s3fifo,10,4740,27,1,3,0.2053,0.47,13448031,47395.328,1230381
node5.tardis-apia.ldos-ut-pg0.wisc.cloudlab.us,w50,s3fifoforgive,10,4740,27,1,1,0.2053,0.30,13448031,47395.328,1230381
node5.tardis-apia.ldos-ut-pg0.wisc.cloudlab.us,w50,s3fifoforgive,10,4740,27,1,2,0.2052,0.30,13448031,47395.328,1230381
node5.tardis-apia.ldos-ut-pg0.wisc.cloudlab.us,w50,s3fifoforgive,10,4740,27,1,3,0.2053,0.30,13448031,47395.328,1230381
node5.tardis-apia.ldos-ut-pg0.wisc.cloudlab.us,w50,lru,0.1,47,22,1,1,0.9967,0.99,13448031,47395.328,1230381
node5.tardis-apia.ldos-ut-pg0.wisc.cloudlab.us,w50,lru,0.1,47,22,1,2,0.9967,1.01,13448031,47395.328,1230381
node5.tardis-apia.ldos-ut-pg0.wisc.cloudlab.us,w50,lru,0.1,47,22,1,3,0.9967,1.01,13448031,47395.328,1230381
node5.tardis-apia.ldos-ut-pg0.wisc.cloudlab.us,w50,lruforgive,0.1,47,22,1,1,0.9894,0.50,13448031,47395.328,1230381
node5.tardis-apia.ldos-ut-pg0.wisc.cloudlab.us,w50,lruforgive,0.1,47,22,1,2,0.9894,0.49,13448031,47395.328,1230381
node5.tardis-apia.ldos-ut-pg0.wisc.cloudlab.us,w50,lruforgive,0.1,47,22,1,3,0.9894,0.50,13448031,47395.328,1230381
node5.tardis-apia.ldos-ut-pg0.wisc.cloudlab.us,w50,s3fifo,0.1,47,22,1,1,0.9846,1.14,13448031,47395.328,1230381
node5.tardis-apia.ldos-ut-pg0.wisc.cloudlab.us,w50,s3fifo,0.1,47,22,1,2,0.9846,1.17,13448031,47395.328,1230381
node5.tardis-apia.ldos-ut-pg0.wisc.cloudlab.us,w50,s3fifo,0.1,47,22,1,3,0.9846,1.17,13448031,47395.328,1230381
node5.tardis-apia.ldos-ut-pg0.wisc.cloudlab.us,w50,s3fifoforgive,0.1,47,22,1,1,0.9844,1.08,13448031,47395.328,1230381
node5.tardis-apia.ldos-ut-pg0.wisc.cloudlab.us,w50,s3fifoforgive,0.1,47,22,1,2,0.9844,1.03,13448031,47395.328,1230381
node5.tardis-apia.ldos-ut-pg0.wisc.cloudlab.us,w50,s3fifoforgive,0.1,47,22,1,3,0.9844,1.06,13448031,47395.328,1230381
node5.tardis-apia.ldos-ut-pg0.wisc.cloudlab.us,w51,lru,10,2244,27,1,1,0.4012,0.41,9551282,22441.7792,1736966
node5.tardis-apia.ldos-ut-pg0.wisc.cloudlab.us,w51,lru,10,2244,27,1,2,0.4012,0.41,9551282,22441.7792,1736966
node5.tardis-apia.ldos-ut-pg0.wisc.cloudlab.us,w51,lru,10,2244,27,1,3,0.4012,0.42,9551282,22441.7792,1736966
node5.tardis-apia.ldos-ut-pg0.wisc.cloudlab.us,w51,lruforgive,10,2244,27,1,1,0.3949,0.35,9551282,22441.7792,1736966
node5.tardis-apia.ldos-ut-pg0.wisc.cloudlab.us,w51,lruforgive,10,2244,27,1,2,0.3949,0.35,9551282,22441.7792,1736966
node5.tardis-apia.ldos-ut-pg0.wisc.cloudlab.us,w51,lruforgive,10,2244,27,1,3,0.3949,0.35,9551282,22441.7792,1736966
node5.tardis-apia.ldos-ut-pg0.wisc.cloudlab.us,w51,s3fifo,10,2244,27,1,1,0.3515,0.51,9551282,22441.7792,1736966
node5.tardis-apia.ldos-ut-pg0.wisc.cloudlab.us,w51,s3fifo,10,2244,27,1,2,0.3515,0.51,9551282,22441.7792,1736966
node5.tardis-apia.ldos-ut-pg0.wisc.cloudlab.us,w51,s3fifo,10,2244,27,1,3,0.3515,0.51,9551282,22441.7792,1736966
node5.tardis-apia.ldos-ut-pg0.wisc.cloudlab.us,w51,s3fifoforgive,10,2244,27,1,1,0.3521,0.41,9551282,22441.7792,1736966
node5.tardis-apia.ldos-ut-pg0.wisc.cloudlab.us,w51,s3fifoforgive,10,2244,27,1,2,0.3521,0.41,9551282,22441.7792,1736966
node5.tardis-apia.ldos-ut-pg0.wisc.cloudlab.us,w51,s3fifoforgive,10,2244,27,1,3,0.3521,0.40,9551282,22441.7792,1736966
node5.tardis-apia.ldos-ut-pg0.wisc.cloudlab.us,w51,lru,0.1,22,20,1,1,0.8509,1.03,9551282,22441.7792,1736966
node5.tardis-apia.ldos-ut-pg0.wisc.cloudlab.us,w51,lru,0.1,22,20,1,2,0.8509,1.05,9551282,22441.7792,1736966
node5.tardis-apia.ldos-ut-pg0.wisc.cloudlab.us,w51,lru,0.1,22,20,1,3,0.8509,1.02,9551282,22441.7792,1736966
node5.tardis-apia.ldos-ut-pg0.wisc.cloudlab.us,w51,lruforgive,0.1,22,20,1,1,0.8068,0.60,9551282,22441.7792,1736966
node5.tardis-apia.ldos-ut-pg0.wisc.cloudlab.us,w51,lruforgive,0.1,22,20,1,2,0.8068,0.60,9551282,22441.7792,1736966
node5.tardis-apia.ldos-ut-pg0.wisc.cloudlab.us,w51,lruforgive,0.1,22,20,1,3,0.8068,0.60,9551282,22441.7792,1736966
node5.tardis-apia.ldos-ut-pg0.wisc.cloudlab.us,w51,s3fifo,0.1,22,20,1,1,0.8305,1.15,9551282,22441.7792,1736966
node5.tardis-apia.ldos-ut-pg0.wisc.cloudlab.us,w51,s3fifo,0.1,22,20,1,2,0.8305,1.16,9551282,22441.7792,1736966
node5.tardis-apia.ldos-ut-pg0.wisc.cloudlab.us,w51,s3fifo,0.1,22,20,1,3,0.8305,1.15,9551282,22441.7792,1736966
node5.tardis-apia.ldos-ut-pg0.wisc.cloudlab.us,w51,s3fifoforgive,0.1,22,20,1,1,0.8339,0.86,9551282,22441.7792,1736966
node5.tardis-apia.ldos-ut-pg0.wisc.cloudlab.us,w51,s3fifoforgive,0.1,22,20,1,2,0.8339,0.85,9551282,22441.7792,1736966
node5.tardis-apia.ldos-ut-pg0.wisc.cloudlab.us,w51,s3fifoforgive,0.1,22,20,1,3,0.8339,0.86,9551282,22441.7792,1736966
node5.tardis-apia.ldos-ut-pg0.wisc.cloudlab.us,w52,lru,10,748,26,1,1,0.2129,0.79,11451545,7481.344,694839
node5.tardis-apia.ldos-ut-pg0.wisc.cloudlab.us,w52,lru,10,748,26,1,2,0.2129,0.80,11451545,7481.344,694839
node5.tardis-apia.ldos-ut-pg0.wisc.cloudlab.us,w52,lru,10,748,26,1,3,0.2129,0.80,11451545,7481.344,694839
node5.tardis-apia.ldos-ut-pg0.wisc.cloudlab.us,w52,lruforgive,10,748,26,1,1,0.2047,0.45,11451545,7481.344,694839
node5.tardis-apia.ldos-ut-pg0.wisc.cloudlab.us,w52,lruforgive,10,748,26,1,2,0.2047,0.45,11451545,7481.344,694839
node5.tardis-apia.ldos-ut-pg0.wisc.cloudlab.us,w52,lruforgive,10,748,26,1,3,0.2047,0.45,11451545,7481.344,694839
node5.tardis-apia.ldos-ut-pg0.wisc.cloudlab.us,w52,s3fifo,10,748,26,1,1,0.1619,1.07,11451545,7481.344,694839
node5.tardis-apia.ldos-ut-pg0.wisc.cloudlab.us,w52,s3fifo,10,748,26,1,2,0.1619,1.07,11451545,7481.344,694839
node5.tardis-apia.ldos-ut-pg0.wisc.cloudlab.us,w52,s3fifo,10,748,26,1,3,0.1619,1.06,11451545,7481.344,694839
node5.tardis-apia.ldos-ut-pg0.wisc.cloudlab.us,w52,s3fifoforgive,10,748,26,1,1,0.1615,0.54,11451545,7481.344,694839
node5.tardis-apia.ldos-ut-pg0.wisc.cloudlab.us,w52,s3fifoforgive,10,748,26,1,2,0.1615,0.53,11451545,7481.344,694839
node5.tardis-apia.ldos-ut-pg0.wisc.cloudlab.us,w52,s3fifoforgive,10,748,26,1,3,0.1615,0.53,11451545,7481.344,694839
node5.tardis-apia.ldos-ut-pg0.wisc.cloudlab.us,w53,lru,10,57062,27,1,1,0.6813,0.06,8973977,570620.0064,5348665
node5.tardis-apia.ldos-ut-pg0.wisc.cloudlab.us,w53,lru,10,57062,27,1,2,0.6813,0.06,8973977,570620.0064,5348665
node5.tardis-apia.ldos-ut-pg0.wisc.cloudlab.us,w53,lru,10,57062,27,1,3,0.6813,0.06,8973977,570620.0064,5348665
node5.tardis-apia.ldos-ut-pg0.wisc.cloudlab.us,w53,lruforgive,10,57062,27,1,1,0.6808,0.06,8973977,570620.0064,5348665
node5.tardis-apia.ldos-ut-pg0.wisc.cloudlab.us,w53,lruforgive,10,57062,27,1,2,0.6808,0.06,8973977,570620.0064,5348665
node5.tardis-apia.ldos-ut-pg0.wisc.cloudlab.us,w53,lruforgive,10,57062,27,1,3,0.6808,0.06,8973977,570620.0064,5348665
node5.tardis-apia.ldos-ut-pg0.wisc.cloudlab.us,w53,s3fifo,10,57062,27,1,1,0.6754,0.06,8973977,570620.0064,5348665
node5.tardis-apia.ldos-ut-pg0.wisc.cloudlab.us,w53,s3fifo,10,57062,27,1,2,0.6754,0.06,8973977,570620.0064,5348665
node5.tardis-apia.ldos-ut-pg0.wisc.cloudlab.us,w53,s3fifo,10,57062,27,1,3,0.6754,0.06,8973977,570620.0064,5348665
node5.tardis-apia.ldos-ut-pg0.wisc.cloudlab.us,w53,s3fifoforgive,10,57062,27,1,1,0.6754,0.06,8973977,570620.0064,5348665
node5.tardis-apia.ldos-ut-pg0.wisc.cloudlab.us,w53,s3fifoforgive,10,57062,27,1,2,0.6754,0.06,8973977,570620.0064,5348665
node5.tardis-apia.ldos-ut-pg0.wisc.cloudlab.us,w53,s3fifoforgive,10,57062,27,1,3,0.6754,0.06,8973977,570620.0064,5348665
node5.tardis-apia.ldos-ut-pg0.wisc.cloudlab.us,w53,lru,0.1,571,25,1,1,0.7324,0.10,8973977,570620.0064,5348665
node5.tardis-apia.ldos-ut-pg0.wisc.cloudlab.us,w53,lru,0.1,571,25,1,2,0.7324,0.10,8973977,570620.0064,5348665
node5.tardis-apia.ldos-ut-pg0.wisc.cloudlab.us,w53,lru,0.1,571,25,1,3,0.7324,0.11,8973977,570620.0064,5348665
node5.tardis-apia.ldos-ut-pg0.wisc.cloudlab.us,w53,lruforgive,0.1,571,25,1,1,0.7290,0.10,8973977,570620.0064,5348665
node5.tardis-apia.ldos-ut-pg0.wisc.cloudlab.us,w53,lruforgive,0.1,571,25,1,2,0.7290,0.10,8973977,570620.0064,5348665
node5.tardis-apia.ldos-ut-pg0.wisc.cloudlab.us,w53,lruforgive,0.1,571,25,1,3,0.7290,0.10,8973977,570620.0064,5348665
node5.tardis-apia.ldos-ut-pg0.wisc.cloudlab.us,w53,s3fifo,0.1,571,25,1,1,0.7307,0.17,8973977,570620.0064,5348665
node5.tardis-apia.ldos-ut-pg0.wisc.cloudlab.us,w53,s3fifo,0.1,571,25,1,2,0.7307,0.17,8973977,570620.0064,5348665
node5.tardis-apia.ldos-ut-pg0.wisc.cloudlab.us,w53,s3fifo,0.1,571,25,1,3,0.7307,0.17,8973977,570620.0064,5348665
node5.tardis-apia.ldos-ut-pg0.wisc.cloudlab.us,w53,s3fifoforgive,0.1,571,25,1,1,0.7303,0.16,8973977,570620.0064,5348665
node5.tardis-apia.ldos-ut-pg0.wisc.cloudlab.us,w53,s3fifoforgive,0.1,571,25,1,2,0.7303,0.17,8973977,570620.0064,5348665
node5.tardis-apia.ldos-ut-pg0.wisc.cloudlab.us,w53,s3fifoforgive,0.1,571,25,1,3,0.7303,0.16,8973977,570620.0064,5348665
node5.tardis-apia.ldos-ut-pg0.wisc.cloudlab.us,w54,lru,10,263980,27,1,1,NA_TOOBIG,NA,NA,2639799.1936,7344011
node5.tardis-apia.ldos-ut-pg0.wisc.cloudlab.us,w54,lru,10,263980,27,1,2,NA_TOOBIG,NA,NA,2639799.1936,7344011
node5.tardis-apia.ldos-ut-pg0.wisc.cloudlab.us,w54,lru,10,263980,27,1,3,NA_TOOBIG,NA,NA,2639799.1936,7344011
node5.tardis-apia.ldos-ut-pg0.wisc.cloudlab.us,w54,lruforgive,10,263980,27,1,1,NA_TOOBIG,NA,NA,2639799.1936,7344011
node5.tardis-apia.ldos-ut-pg0.wisc.cloudlab.us,w54,lruforgive,10,263980,27,1,2,NA_TOOBIG,NA,NA,2639799.1936,7344011
node5.tardis-apia.ldos-ut-pg0.wisc.cloudlab.us,w54,lruforgive,10,263980,27,1,3,NA_TOOBIG,NA,NA,2639799.1936,7344011
node5.tardis-apia.ldos-ut-pg0.wisc.cloudlab.us,w54,s3fifo,10,263980,27,1,1,NA_TOOBIG,NA,NA,2639799.1936,7344011
node5.tardis-apia.ldos-ut-pg0.wisc.cloudlab.us,w54,s3fifo,10,263980,27,1,2,NA_TOOBIG,NA,NA,2639799.1936,7344011
node5.tardis-apia.ldos-ut-pg0.wisc.cloudlab.us,w54,s3fifo,10,263980,27,1,3,NA_TOOBIG,NA,NA,2639799.1936,7344011
node5.tardis-apia.ldos-ut-pg0.wisc.cloudlab.us,w54,s3fifoforgive,10,263980,27,1,1,NA_TOOBIG,NA,NA,2639799.1936,7344011
node5.tardis-apia.ldos-ut-pg0.wisc.cloudlab.us,w54,s3fifoforgive,10,263980,27,1,2,NA_TOOBIG,NA,NA,2639799.1936,7344011
node5.tardis-apia.ldos-ut-pg0.wisc.cloudlab.us,w54,s3fifoforgive,10,263980,27,1,3,NA_TOOBIG,NA,NA,2639799.1936,7344011
node5.tardis-apia.ldos-ut-pg0.wisc.cloudlab.us,w54,lru,0.1,2640,27,1,1,0.8860,0.02,8832953,2639799.1936,7344011
node5.tardis-apia.ldos-ut-pg0.wisc.cloudlab.us,w54,lru,0.1,2640,27,1,2,0.8860,0.03,8832953,2639799.1936,7344011
node5.tardis-apia.ldos-ut-pg0.wisc.cloudlab.us,w54,lru,0.1,2640,27,1,3,0.8860,0.03,8832953,2639799.1936,7344011
node5.tardis-apia.ldos-ut-pg0.wisc.cloudlab.us,w54,lruforgive,0.1,2640,27,1,1,0.8766,0.02,8832953,2639799.1936,7344011
node5.tardis-apia.ldos-ut-pg0.wisc.cloudlab.us,w54,lruforgive,0.1,2640,27,1,2,0.8766,0.02,8832953,2639799.1936,7344011
node5.tardis-apia.ldos-ut-pg0.wisc.cloudlab.us,w54,lruforgive,0.1,2640,27,1,3,0.8766,0.02,8832953,2639799.1936,7344011
node5.tardis-apia.ldos-ut-pg0.wisc.cloudlab.us,w54,s3fifo,0.1,2640,27,1,1,0.8717,0.02,8832953,2639799.1936,7344011
node5.tardis-apia.ldos-ut-pg0.wisc.cloudlab.us,w54,s3fifo,0.1,2640,27,1,2,0.8717,0.02,8832953,2639799.1936,7344011
node5.tardis-apia.ldos-ut-pg0.wisc.cloudlab.us,w54,s3fifo,0.1,2640,27,1,3,0.8717,0.02,8832953,2639799.1936,7344011
node5.tardis-apia.ldos-ut-pg0.wisc.cloudlab.us,w54,s3fifoforgive,0.1,2640,27,1,1,0.8711,0.02,8832953,2639799.1936,7344011
node5.tardis-apia.ldos-ut-pg0.wisc.cloudlab.us,w54,s3fifoforgive,0.1,2640,27,1,2,0.8711,0.02,8832953,2639799.1936,7344011
node5.tardis-apia.ldos-ut-pg0.wisc.cloudlab.us,w54,s3fifoforgive,0.1,2640,27,1,3,0.8711,0.02,8832953,2639799.1936,7344011
node5.tardis-apia.ldos-ut-pg0.wisc.cloudlab.us,w55,lru,10,3930,27,1,1,0.8604,0.63,8855433,39302.7584,7281718
node5.tardis-apia.ldos-ut-pg0.wisc.cloudlab.us,w55,lru,10,3930,27,1,2,0.8604,0.63,8855433,39302.7584,7281718
node5.tardis-apia.ldos-ut-pg0.wisc.cloudlab.us,w55,lru,10,3930,27,1,3,0.8604,0.64,8855433,39302.7584,7281718
node5.tardis-apia.ldos-ut-pg0.wisc.cloudlab.us,w55,lruforgive,10,3930,27,1,1,0.8601,0.59,8855433,39302.7584,7281718
node5.tardis-apia.ldos-ut-pg0.wisc.cloudlab.us,w55,lruforgive,10,3930,27,1,2,0.8601,0.59,8855433,39302.7584,7281718
node5.tardis-apia.ldos-ut-pg0.wisc.cloudlab.us,w55,lruforgive,10,3930,27,1,3,0.8601,0.55,8855433,39302.7584,7281718
node5.tardis-apia.ldos-ut-pg0.wisc.cloudlab.us,w55,s3fifo,10,3930,27,1,1,0.8601,0.61,8855433,39302.7584,7281718
node5.tardis-apia.ldos-ut-pg0.wisc.cloudlab.us,w55,s3fifo,10,3930,27,1,2,0.8601,0.61,8855433,39302.7584,7281718
node5.tardis-apia.ldos-ut-pg0.wisc.cloudlab.us,w55,s3fifo,10,3930,27,1,3,0.8601,0.61,8855433,39302.7584,7281718
node5.tardis-apia.ldos-ut-pg0.wisc.cloudlab.us,w55,s3fifoforgive,10,3930,27,1,1,0.8601,0.56,8855433,39302.7584,7281718
node5.tardis-apia.ldos-ut-pg0.wisc.cloudlab.us,w55,s3fifoforgive,10,3930,27,1,2,0.8601,0.61,8855433,39302.7584,7281718
node5.tardis-apia.ldos-ut-pg0.wisc.cloudlab.us,w55,s3fifoforgive,10,3930,27,1,3,0.8601,0.61,8855433,39302.7584,7281718
node5.tardis-apia.ldos-ut-pg0.wisc.cloudlab.us,w55,lru,0.1,39,21,1,1,0.8939,1.70,8855433,39302.7584,7281718
node5.tardis-apia.ldos-ut-pg0.wisc.cloudlab.us,w55,lru,0.1,39,21,1,2,0.8939,1.70,8855433,39302.7584,7281718
node5.tardis-apia.ldos-ut-pg0.wisc.cloudlab.us,w55,lru,0.1,39,21,1,3,0.8939,1.72,8855433,39302.7584,7281718
node5.tardis-apia.ldos-ut-pg0.wisc.cloudlab.us,w55,lruforgive,0.1,39,21,1,1,0.8914,1.28,8855433,39302.7584,7281718
node5.tardis-apia.ldos-ut-pg0.wisc.cloudlab.us,w55,lruforgive,0.1,39,21,1,2,0.8914,1.28,8855433,39302.7584,7281718
node5.tardis-apia.ldos-ut-pg0.wisc.cloudlab.us,w55,lruforgive,0.1,39,21,1,3,0.8914,1.28,8855433,39302.7584,7281718
node5.tardis-apia.ldos-ut-pg0.wisc.cloudlab.us,w55,s3fifo,0.1,39,21,1,1,0.9054,1.77,8855433,39302.7584,7281718
node5.tardis-apia.ldos-ut-pg0.wisc.cloudlab.us,w55,s3fifo,0.1,39,21,1,2,0.9054,1.77,8855433,39302.7584,7281718
node5.tardis-apia.ldos-ut-pg0.wisc.cloudlab.us,w55,s3fifo,0.1,39,21,1,3,0.9054,1.79,8855433,39302.7584,7281718
node5.tardis-apia.ldos-ut-pg0.wisc.cloudlab.us,w55,s3fifoforgive,0.1,39,21,1,1,0.9050,1.44,8855433,39302.7584,7281718
node5.tardis-apia.ldos-ut-pg0.wisc.cloudlab.us,w55,s3fifoforgive,0.1,39,21,1,2,0.9050,1.46,8855433,39302.7584,7281718
node5.tardis-apia.ldos-ut-pg0.wisc.cloudlab.us,w55,s3fifoforgive,0.1,39,21,1,3,0.9050,1.46,8855433,39302.7584,7281718
node5.tardis-apia.ldos-ut-pg0.wisc.cloudlab.us,w56,lru,10,1423,26,1,1,0.1605,0.57,10899628,14232.2688,439006
node5.tardis-apia.ldos-ut-pg0.wisc.cloudlab.us,w56,lru,10,1423,26,1,2,0.1605,0.57,10899628,14232.2688,439006
node5.tardis-apia.ldos-ut-pg0.wisc.cloudlab.us,w56,lru,10,1423,26,1,3,0.1605,0.57,10899628,14232.2688,439006
node5.tardis-apia.ldos-ut-pg0.wisc.cloudlab.us,w56,lruforgive,10,1423,26,1,1,0.1578,0.37,10899628,14232.2688,439006
node5.tardis-apia.ldos-ut-pg0.wisc.cloudlab.us,w56,lruforgive,10,1423,26,1,2,0.1578,0.36,10899628,14232.2688,439006
node5.tardis-apia.ldos-ut-pg0.wisc.cloudlab.us,w56,lruforgive,10,1423,26,1,3,0.1578,0.36,10899628,14232.2688,439006
node5.tardis-apia.ldos-ut-pg0.wisc.cloudlab.us,w56,s3fifo,10,1423,26,1,1,0.1350,0.70,10899628,14232.2688,439006
node5.tardis-apia.ldos-ut-pg0.wisc.cloudlab.us,w56,s3fifo,10,1423,26,1,2,0.1350,0.70,10899628,14232.2688,439006
node5.tardis-apia.ldos-ut-pg0.wisc.cloudlab.us,w56,s3fifo,10,1423,26,1,3,0.1350,0.70,10899628,14232.2688,439006
node5.tardis-apia.ldos-ut-pg0.wisc.cloudlab.us,w56,s3fifoforgive,10,1423,26,1,1,0.1350,0.42,10899628,14232.2688,439006
node5.tardis-apia.ldos-ut-pg0.wisc.cloudlab.us,w56,s3fifoforgive,10,1423,26,1,2,0.1350,0.42,10899628,14232.2688,439006
node5.tardis-apia.ldos-ut-pg0.wisc.cloudlab.us,w56,s3fifoforgive,10,1423,26,1,3,0.1350,0.41,10899628,14232.2688,439006
node5.tardis-apia.ldos-ut-pg0.wisc.cloudlab.us,w57,lru,10,1488,27,1,1,0.1987,0.51,10554724,14879.744,458321
node5.tardis-apia.ldos-ut-pg0.wisc.cloudlab.us,w57,lru,10,1488,27,1,2,0.1987,0.52,10554724,14879.744,458321
node5.tardis-apia.ldos-ut-pg0.wisc.cloudlab.us,w57,lru,10,1488,27,1,3,0.1987,0.52,10554724,14879.744,458321
node5.tardis-apia.ldos-ut-pg0.wisc.cloudlab.us,w57,lruforgive,10,1488,27,1,1,0.1951,0.33,10554724,14879.744,458321
node5.tardis-apia.ldos-ut-pg0.wisc.cloudlab.us,w57,lruforgive,10,1488,27,1,2,0.1951,0.33,10554724,14879.744,458321
node5.tardis-apia.ldos-ut-pg0.wisc.cloudlab.us,w57,lruforgive,10,1488,27,1,3,0.1951,0.33,10554724,14879.744,458321
node5.tardis-apia.ldos-ut-pg0.wisc.cloudlab.us,w57,s3fifo,10,1488,27,1,1,0.1756,0.61,10554724,14879.744,458321
node5.tardis-apia.ldos-ut-pg0.wisc.cloudlab.us,w57,s3fifo,10,1488,27,1,2,0.1756,0.61,10554724,14879.744,458321
node5.tardis-apia.ldos-ut-pg0.wisc.cloudlab.us,w57,s3fifo,10,1488,27,1,3,0.1756,0.61,10554724,14879.744,458321
node5.tardis-apia.ldos-ut-pg0.wisc.cloudlab.us,w57,s3fifoforgive,10,1488,27,1,1,0.1756,0.37,10554724,14879.744,458321
node5.tardis-apia.ldos-ut-pg0.wisc.cloudlab.us,w57,s3fifoforgive,10,1488,27,1,2,0.1756,0.38,10554724,14879.744,458321
node5.tardis-apia.ldos-ut-pg0.wisc.cloudlab.us,w57,s3fifoforgive,10,1488,27,1,3,0.1756,0.37,10554724,14879.744,458321
node5.tardis-apia.ldos-ut-pg0.wisc.cloudlab.us,w58,lru,10,3797,27,1,1,0.4146,0.31,10530694,37970.8416,1351351
node5.tardis-apia.ldos-ut-pg0.wisc.cloudlab.us,w58,lru,10,3797,27,1,2,0.4146,0.31,10530694,37970.8416,1351351
node5.tardis-apia.ldos-ut-pg0.wisc.cloudlab.us,w58,lru,10,3797,27,1,3,0.4146,0.31,10530694,37970.8416,1351351
node5.tardis-apia.ldos-ut-pg0.wisc.cloudlab.us,w58,lruforgive,10,3797,27,1,1,0.4075,0.27,10530694,37970.8416,1351351
node5.tardis-apia.ldos-ut-pg0.wisc.cloudlab.us,w58,lruforgive,10,3797,27,1,2,0.4075,0.27,10530694,37970.8416,1351351
node5.tardis-apia.ldos-ut-pg0.wisc.cloudlab.us,w58,lruforgive,10,3797,27,1,3,0.4075,0.27,10530694,37970.8416,1351351
node5.tardis-apia.ldos-ut-pg0.wisc.cloudlab.us,w58,s3fifo,10,3797,27,1,1,0.3655,0.36,10530694,37970.8416,1351351
node5.tardis-apia.ldos-ut-pg0.wisc.cloudlab.us,w58,s3fifo,10,3797,27,1,2,0.3655,0.36,10530694,37970.8416,1351351
node5.tardis-apia.ldos-ut-pg0.wisc.cloudlab.us,w58,s3fifo,10,3797,27,1,3,0.3655,0.37,10530694,37970.8416,1351351
node5.tardis-apia.ldos-ut-pg0.wisc.cloudlab.us,w58,s3fifoforgive,10,3797,27,1,1,0.3653,0.29,10530694,37970.8416,1351351
node5.tardis-apia.ldos-ut-pg0.wisc.cloudlab.us,w58,s3fifoforgive,10,3797,27,1,2,0.3653,0.30,10530694,37970.8416,1351351
node5.tardis-apia.ldos-ut-pg0.wisc.cloudlab.us,w58,s3fifoforgive,10,3797,27,1,3,0.3653,0.30,10530694,37970.8416,1351351
node5.tardis-apia.ldos-ut-pg0.wisc.cloudlab.us,w58,lru,0.1,38,21,1,1,0.7134,1.08,10530694,37970.8416,1351351
node5.tardis-apia.ldos-ut-pg0.wisc.cloudlab.us,w58,lru,0.1,38,21,1,2,0.7134,1.08,10530694,37970.8416,1351351
node5.tardis-apia.ldos-ut-pg0.wisc.cloudlab.us,w58,lru,0.1,38,21,1,3,0.7134,1.08,10530694,37970.8416,1351351
node5.tardis-apia.ldos-ut-pg0.wisc.cloudlab.us,w58,lruforgive,0.1,38,21,1,1,0.6940,0.57,10530694,37970.8416,1351351
node5.tardis-apia.ldos-ut-pg0.wisc.cloudlab.us,w58,lruforgive,0.1,38,21,1,2,0.6940,0.56,10530694,37970.8416,1351351
node5.tardis-apia.ldos-ut-pg0.wisc.cloudlab.us,w58,lruforgive,0.1,38,21,1,3,0.6940,0.56,10530694,37970.8416,1351351
node5.tardis-apia.ldos-ut-pg0.wisc.cloudlab.us,w58,s3fifo,0.1,38,21,1,1,0.6867,1.30,10530694,37970.8416,1351351
node5.tardis-apia.ldos-ut-pg0.wisc.cloudlab.us,w58,s3fifo,0.1,38,21,1,2,0.6867,1.32,10530694,37970.8416,1351351
node5.tardis-apia.ldos-ut-pg0.wisc.cloudlab.us,w58,s3fifo,0.1,38,21,1,3,0.6867,1.35,10530694,37970.8416,1351351
node5.tardis-apia.ldos-ut-pg0.wisc.cloudlab.us,w58,s3fifoforgive,0.1,38,21,1,1,0.6896,0.89,10530694,37970.8416,1351351
node5.tardis-apia.ldos-ut-pg0.wisc.cloudlab.us,w58,s3fifoforgive,0.1,38,21,1,2,0.6896,0.90,10530694,37970.8416,1351351
node5.tardis-apia.ldos-ut-pg0.wisc.cloudlab.us,w58,s3fifoforgive,0.1,38,21,1,3,0.6896,0.90,10530694,37970.8416,1351351
node5.tardis-apia.ldos-ut-pg0.wisc.cloudlab.us,w59,lru,10,1055,26,1,1,0.6998,0.47,10223135,10552.2176,1025107
node5.tardis-apia.ldos-ut-pg0.wisc.cloudlab.us,w59,lru,10,1055,26,1,2,0.6998,0.47,10223135,10552.2176,1025107
node5.tardis-apia.ldos-ut-pg0.wisc.cloudlab.us,w59,lru,10,1055,26,1,3,0.7001,0.47,10223135,10552.2176,1025107
node5.tardis-apia.ldos-ut-pg0.wisc.cloudlab.us,w59,lruforgive,10,1055,26,1,1,0.6971,0.33,10223135,10552.2176,1025107
node5.tardis-apia.ldos-ut-pg0.wisc.cloudlab.us,w59,lruforgive,10,1055,26,1,2,0.6976,0.32,10223135,10552.2176,1025107
node5.tardis-apia.ldos-ut-pg0.wisc.cloudlab.us,w59,lruforgive,10,1055,26,1,3,0.6978,0.33,10223135,10552.2176,1025107
node5.tardis-apia.ldos-ut-pg0.wisc.cloudlab.us,w59,s3fifo,10,1055,26,1,1,0.6531,0.52,10223135,10552.2176,1025107
node5.tardis-apia.ldos-ut-pg0.wisc.cloudlab.us,w59,s3fifo,10,1055,26,1,2,0.6530,0.52,10223135,10552.2176,1025107
node5.tardis-apia.ldos-ut-pg0.wisc.cloudlab.us,w59,s3fifo,10,1055,26,1,3,0.6530,0.52,10223135,10552.2176,1025107
node5.tardis-apia.ldos-ut-pg0.wisc.cloudlab.us,w59,s3fifoforgive,10,1055,26,1,1,0.6515,0.39,10223135,10552.2176,1025107
node5.tardis-apia.ldos-ut-pg0.wisc.cloudlab.us,w59,s3fifoforgive,10,1055,26,1,2,0.6515,0.39,10223135,10552.2176,1025107
node5.tardis-apia.ldos-ut-pg0.wisc.cloudlab.us,w59,s3fifoforgive,10,1055,26,1,3,0.6516,0.38,10223135,10552.2176,1025107
node5.tardis-apia.ldos-ut-pg0.wisc.cloudlab.us,w59,lru,0.1,11,19,1,1,0.9916,2.88,10223135,10552.2176,1025107
node5.tardis-apia.ldos-ut-pg0.wisc.cloudlab.us,w59,lru,0.1,11,19,1,2,0.9916,2.89,10223135,10552.2176,1025107
node5.tardis-apia.ldos-ut-pg0.wisc.cloudlab.us,w59,lru,0.1,11,19,1,3,0.9916,2.90,10223135,10552.2176,1025107
node5.tardis-apia.ldos-ut-pg0.wisc.cloudlab.us,w59,lruforgive,0.1,11,19,1,1,0.9892,1.88,10223135,10552.2176,1025107
node5.tardis-apia.ldos-ut-pg0.wisc.cloudlab.us,w59,lruforgive,0.1,11,19,1,2,0.9892,1.85,10223135,10552.2176,1025107
node5.tardis-apia.ldos-ut-pg0.wisc.cloudlab.us,w59,lruforgive,0.1,11,19,1,3,0.9892,1.88,10223135,10552.2176,1025107
node5.tardis-apia.ldos-ut-pg0.wisc.cloudlab.us,w59,s3fifo,0.1,11,19,1,1,0.9842,3.00,10223135,10552.2176,1025107
node5.tardis-apia.ldos-ut-pg0.wisc.cloudlab.us,w59,s3fifo,0.1,11,19,1,2,0.9842,3.08,10223135,10552.2176,1025107
node5.tardis-apia.ldos-ut-pg0.wisc.cloudlab.us,w59,s3fifo,0.1,11,19,1,3,0.9842,3.06,10223135,10552.2176,1025107
node5.tardis-apia.ldos-ut-pg0.wisc.cloudlab.us,w59,s3fifoforgive,0.1,11,19,1,1,0.9835,2.67,10223135,10552.2176,1025107
node5.tardis-apia.ldos-ut-pg0.wisc.cloudlab.us,w59,s3fifoforgive,0.1,11,19,1,2,0.9835,2.59,10223135,10552.2176,1025107
node5.tardis-apia.ldos-ut-pg0.wisc.cloudlab.us,w59,s3fifoforgive,0.1,11,19,1,3,0.9835,2.64,10223135,10552.2176,1025107
node5.tardis-apia.ldos-ut-pg0.wisc.cloudlab.us,w60,lru,10,3358,27,1,1,0.8051,0.41,9898834,33576.8576,1429630
node5.tardis-apia.ldos-ut-pg0.wisc.cloudlab.us,w60,lru,10,3358,27,1,2,0.8051,0.42,9898834,33576.8576,1429630
node5.tardis-apia.ldos-ut-pg0.wisc.cloudlab.us,w60,lru,10,3358,27,1,3,0.8051,0.41,9898834,33576.8576,1429630
node5.tardis-apia.ldos-ut-pg0.wisc.cloudlab.us,w60,lruforgive,10,3358,27,1,1,0.8010,0.38,9898834,33576.8576,1429630
node5.tardis-apia.ldos-ut-pg0.wisc.cloudlab.us,w60,lruforgive,10,3358,27,1,2,0.8010,0.38,9898834,33576.8576,1429630
node5.tardis-apia.ldos-ut-pg0.wisc.cloudlab.us,w60,lruforgive,10,3358,27,1,3,0.8010,0.39,9898834,33576.8576,1429630
node5.tardis-apia.ldos-ut-pg0.wisc.cloudlab.us,w60,s3fifo,10,3358,27,1,1,0.7696,0.56,9898834,33576.8576,1429630
node5.tardis-apia.ldos-ut-pg0.wisc.cloudlab.us,w60,s3fifo,10,3358,27,1,2,0.7696,0.56,9898834,33576.8576,1429630
node5.tardis-apia.ldos-ut-pg0.wisc.cloudlab.us,w60,s3fifo,10,3358,27,1,3,0.7696,0.56,9898834,33576.8576,1429630
node5.tardis-apia.ldos-ut-pg0.wisc.cloudlab.us,w60,s3fifoforgive,10,3358,27,1,1,0.7693,0.48,9898834,33576.8576,1429630
node5.tardis-apia.ldos-ut-pg0.wisc.cloudlab.us,w60,s3fifoforgive,10,3358,27,1,2,0.7693,0.49,9898834,33576.8576,1429630
node5.tardis-apia.ldos-ut-pg0.wisc.cloudlab.us,w60,s3fifoforgive,10,3358,27,1,3,0.7693,0.49,9898834,33576.8576,1429630
node5.tardis-apia.ldos-ut-pg0.wisc.cloudlab.us,w60,lru,0.1,34,21,1,1,0.9061,1.60,9898834,33576.8576,1429630
node5.tardis-apia.ldos-ut-pg0.wisc.cloudlab.us,w60,lru,0.1,34,21,1,2,0.9061,1.58,9898834,33576.8576,1429630
node5.tardis-apia.ldos-ut-pg0.wisc.cloudlab.us,w60,lru,0.1,34,21,1,3,0.9061,1.62,9898834,33576.8576,1429630
node5.tardis-apia.ldos-ut-pg0.wisc.cloudlab.us,w60,lruforgive,0.1,34,21,1,1,0.9020,1.09,9898834,33576.8576,1429630
node5.tardis-apia.ldos-ut-pg0.wisc.cloudlab.us,w60,lruforgive,0.1,34,21,1,2,0.9020,1.10,9898834,33576.8576,1429630
node5.tardis-apia.ldos-ut-pg0.wisc.cloudlab.us,w60,lruforgive,0.1,34,21,1,3,0.9020,1.11,9898834,33576.8576,1429630
node5.tardis-apia.ldos-ut-pg0.wisc.cloudlab.us,w60,s3fifo,0.1,34,21,1,1,0.9012,1.70,9898834,33576.8576,1429630
node5.tardis-apia.ldos-ut-pg0.wisc.cloudlab.us,w60,s3fifo,0.1,34,21,1,2,0.9012,1.73,9898834,33576.8576,1429630
node5.tardis-apia.ldos-ut-pg0.wisc.cloudlab.us,w60,s3fifo,0.1,34,21,1,3,0.9012,1.73,9898834,33576.8576,1429630
node5.tardis-apia.ldos-ut-pg0.wisc.cloudlab.us,w60,s3fifoforgive,0.1,34,21,1,1,0.8998,1.37,9898834,33576.8576,1429630
node5.tardis-apia.ldos-ut-pg0.wisc.cloudlab.us,w60,s3fifoforgive,0.1,34,21,1,2,0.8998,1.38,9898834,33576.8576,1429630
node5.tardis-apia.ldos-ut-pg0.wisc.cloudlab.us,w60,s3fifoforgive,0.1,34,21,1,3,0.8998,1.38,9898834,33576.8576,1429630
node5.tardis-apia.ldos-ut-pg0.wisc.cloudlab.us,w61,lru,10,2969,27,1,1,0.5124,0.23,9884690,29685.6576,1046466
node5.tardis-apia.ldos-ut-pg0.wisc.cloudlab.us,w61,lru,10,2969,27,1,2,0.5124,0.23,9884690,29685.6576,1046466
node5.tardis-apia.ldos-ut-pg0.wisc.cloudlab.us,w61,lru,10,2969,27,1,3,0.5124,0.23,9884690,29685.6576,1046466
node5.tardis-apia.ldos-ut-pg0.wisc.cloudlab.us,w61,lruforgive,10,2969,27,1,1,0.5088,0.18,9884690,29685.6576,1046466
node5.tardis-apia.ldos-ut-pg0.wisc.cloudlab.us,w61,lruforgive,10,2969,27,1,2,0.5089,0.18,9884690,29685.6576,1046466
node5.tardis-apia.ldos-ut-pg0.wisc.cloudlab.us,w61,lruforgive,10,2969,27,1,3,0.5089,0.18,9884690,29685.6576,1046466
node5.tardis-apia.ldos-ut-pg0.wisc.cloudlab.us,w61,s3fifo,10,2969,27,1,1,0.5202,0.25,9884690,29685.6576,1046466
node5.tardis-apia.ldos-ut-pg0.wisc.cloudlab.us,w61,s3fifo,10,2969,27,1,2,0.5202,0.26,9884690,29685.6576,1046466
node5.tardis-apia.ldos-ut-pg0.wisc.cloudlab.us,w61,s3fifo,10,2969,27,1,3,0.5202,0.26,9884690,29685.6576,1046466
node5.tardis-apia.ldos-ut-pg0.wisc.cloudlab.us,w61,s3fifoforgive,10,2969,27,1,1,0.5174,0.21,9884690,29685.6576,1046466
node5.tardis-apia.ldos-ut-pg0.wisc.cloudlab.us,w61,s3fifoforgive,10,2969,27,1,2,0.5173,0.21,9884690,29685.6576,1046466
node5.tardis-apia.ldos-ut-pg0.wisc.cloudlab.us,w61,s3fifoforgive,10,2969,27,1,3,0.5173,0.21,9884690,29685.6576,1046466
node5.tardis-apia.ldos-ut-pg0.wisc.cloudlab.us,w61,lru,0.1,30,21,1,1,0.9697,0.85,9884690,29685.6576,1046466
node5.tardis-apia.ldos-ut-pg0.wisc.cloudlab.us,w61,lru,0.1,30,21,1,2,0.9697,0.85,9884690,29685.6576,1046466
node5.tardis-apia.ldos-ut-pg0.wisc.cloudlab.us,w61,lru,0.1,30,21,1,3,0.9697,0.84,9884690,29685.6576,1046466
node5.tardis-apia.ldos-ut-pg0.wisc.cloudlab.us,w61,lruforgive,0.1,30,21,1,1,0.9625,0.52,9884690,29685.6576,1046466
node5.tardis-apia.ldos-ut-pg0.wisc.cloudlab.us,w61,lruforgive,0.1,30,21,1,2,0.9625,0.52,9884690,29685.6576,1046466
node5.tardis-apia.ldos-ut-pg0.wisc.cloudlab.us,w61,lruforgive,0.1,30,21,1,3,0.9625,0.52,9884690,29685.6576,1046466
node5.tardis-apia.ldos-ut-pg0.wisc.cloudlab.us,w61,s3fifo,0.1,30,21,1,1,0.9653,0.97,9884690,29685.6576,1046466
node5.tardis-apia.ldos-ut-pg0.wisc.cloudlab.us,w61,s3fifo,0.1,30,21,1,2,0.9653,0.95,9884690,29685.6576,1046466
node5.tardis-apia.ldos-ut-pg0.wisc.cloudlab.us,w61,s3fifo,0.1,30,21,1,3,0.9653,0.96,9884690,29685.6576,1046466
node5.tardis-apia.ldos-ut-pg0.wisc.cloudlab.us,w61,s3fifoforgive,0.1,30,21,1,1,0.9591,0.87,9884690,29685.6576,1046466
node5.tardis-apia.ldos-ut-pg0.wisc.cloudlab.us,w61,s3fifoforgive,0.1,30,21,1,2,0.9591,0.87,9884690,29685.6576,1046466
node5.tardis-apia.ldos-ut-pg0.wisc.cloudlab.us,w61,s3fifoforgive,0.1,30,21,1,3,0.9591,0.87,9884690,29685.6576,1046466
node5.tardis-apia.ldos-ut-pg0.wisc.cloudlab.us,w62,lru,10,3779,27,1,1,0.8398,0.50,9497744,37785.1904,4683074
node5.tardis-apia.ldos-ut-pg0.wisc.cloudlab.us,w62,lru,10,3779,27,1,2,0.8398,0.51,9497744,37785.1904,4683074
node5.tardis-apia.ldos-ut-pg0.wisc.cloudlab.us,w62,lru,10,3779,27,1,3,0.8398,0.50,9497744,37785.1904,4683074
node5.tardis-apia.ldos-ut-pg0.wisc.cloudlab.us,w62,lruforgive,10,3779,27,1,1,0.8386,0.46,9497744,37785.1904,4683074
node5.tardis-apia.ldos-ut-pg0.wisc.cloudlab.us,w62,lruforgive,10,3779,27,1,2,0.8386,0.46,9497744,37785.1904,4683074
node5.tardis-apia.ldos-ut-pg0.wisc.cloudlab.us,w62,lruforgive,10,3779,27,1,3,0.8386,0.46,9497744,37785.1904,4683074
node5.tardis-apia.ldos-ut-pg0.wisc.cloudlab.us,w62,s3fifo,10,3779,27,1,1,0.6818,0.53,9497744,37785.1904,4683074
node5.tardis-apia.ldos-ut-pg0.wisc.cloudlab.us,w62,s3fifo,10,3779,27,1,2,0.6818,0.51,9497744,37785.1904,4683074
node5.tardis-apia.ldos-ut-pg0.wisc.cloudlab.us,w62,s3fifo,10,3779,27,1,3,0.6818,0.50,9497744,37785.1904,4683074
node5.tardis-apia.ldos-ut-pg0.wisc.cloudlab.us,w62,s3fifoforgive,10,3779,27,1,1,0.6818,0.46,9497744,37785.1904,4683074
node5.tardis-apia.ldos-ut-pg0.wisc.cloudlab.us,w62,s3fifoforgive,10,3779,27,1,2,0.6818,0.45,9497744,37785.1904,4683074
node5.tardis-apia.ldos-ut-pg0.wisc.cloudlab.us,w62,s3fifoforgive,10,3779,27,1,3,0.6818,0.46,9497744,37785.1904,4683074
node5.tardis-apia.ldos-ut-pg0.wisc.cloudlab.us,w62,lru,0.1,38,21,1,1,0.9764,1.42,9497744,37785.1904,4683074
node5.tardis-apia.ldos-ut-pg0.wisc.cloudlab.us,w62,lru,0.1,38,21,1,2,0.9764,1.39,9497744,37785.1904,4683074
node5.tardis-apia.ldos-ut-pg0.wisc.cloudlab.us,w62,lru,0.1,38,21,1,3,0.9764,1.43,9497744,37785.1904,4683074
node5.tardis-apia.ldos-ut-pg0.wisc.cloudlab.us,w62,lruforgive,0.1,38,21,1,1,0.9744,0.87,9497744,37785.1904,4683074
node5.tardis-apia.ldos-ut-pg0.wisc.cloudlab.us,w62,lruforgive,0.1,38,21,1,2,0.9744,0.87,9497744,37785.1904,4683074
node5.tardis-apia.ldos-ut-pg0.wisc.cloudlab.us,w62,lruforgive,0.1,38,21,1,3,0.9744,0.86,9497744,37785.1904,4683074
node5.tardis-apia.ldos-ut-pg0.wisc.cloudlab.us,w62,s3fifo,0.1,38,21,1,1,0.9731,1.53,9497744,37785.1904,4683074
node5.tardis-apia.ldos-ut-pg0.wisc.cloudlab.us,w62,s3fifo,0.1,38,21,1,2,0.9731,1.56,9497744,37785.1904,4683074
node5.tardis-apia.ldos-ut-pg0.wisc.cloudlab.us,w62,s3fifo,0.1,38,21,1,3,0.9731,1.56,9497744,37785.1904,4683074
node5.tardis-apia.ldos-ut-pg0.wisc.cloudlab.us,w62,s3fifoforgive,0.1,38,21,1,1,0.9726,1.34,9497744,37785.1904,4683074
node5.tardis-apia.ldos-ut-pg0.wisc.cloudlab.us,w62,s3fifoforgive,0.1,38,21,1,2,0.9726,1.33,9497744,37785.1904,4683074
node5.tardis-apia.ldos-ut-pg0.wisc.cloudlab.us,w62,s3fifoforgive,0.1,38,21,1,3,0.9726,1.32,9497744,37785.1904,4683074
node5.tardis-apia.ldos-ut-pg0.wisc.cloudlab.us,w63,lru,10,5948,27,1,1,0.6661,0.36,9380315,59484.4672,4797750
node5.tardis-apia.ldos-ut-pg0.wisc.cloudlab.us,w63,lru,10,5948,27,1,2,0.6661,0.36,9380315,59484.4672,4797750
node5.tardis-apia.ldos-ut-pg0.wisc.cloudlab.us,w63,lru,10,5948,27,1,3,0.6661,0.36,9380315,59484.4672,4797750
node5.tardis-apia.ldos-ut-pg0.wisc.cloudlab.us,w63,lruforgive,10,5948,27,1,1,0.6642,0.33,9380315,59484.4672,4797750
node5.tardis-apia.ldos-ut-pg0.wisc.cloudlab.us,w63,lruforgive,10,5948,27,1,2,0.6642,0.33,9380315,59484.4672,4797750
node5.tardis-apia.ldos-ut-pg0.wisc.cloudlab.us,w63,lruforgive,10,5948,27,1,3,0.6642,0.33,9380315,59484.4672,4797750
node5.tardis-apia.ldos-ut-pg0.wisc.cloudlab.us,w63,s3fifo,10,5948,27,1,1,0.6324,0.43,9380315,59484.4672,4797750
node5.tardis-apia.ldos-ut-pg0.wisc.cloudlab.us,w63,s3fifo,10,5948,27,1,2,0.6324,0.43,9380315,59484.4672,4797750
node5.tardis-apia.ldos-ut-pg0.wisc.cloudlab.us,w63,s3fifo,10,5948,27,1,3,0.6324,0.43,9380315,59484.4672,4797750
node5.tardis-apia.ldos-ut-pg0.wisc.cloudlab.us,w63,s3fifoforgive,10,5948,27,1,1,0.6325,0.36,9380315,59484.4672,4797750
node5.tardis-apia.ldos-ut-pg0.wisc.cloudlab.us,w63,s3fifoforgive,10,5948,27,1,2,0.6325,0.37,9380315,59484.4672,4797750
node5.tardis-apia.ldos-ut-pg0.wisc.cloudlab.us,w63,s3fifoforgive,10,5948,27,1,3,0.6325,0.36,9380315,59484.4672,4797750
node5.tardis-apia.ldos-ut-pg0.wisc.cloudlab.us,w63,lru,0.1,59,22,1,1,0.9831,0.83,9380315,59484.4672,4797750
node5.tardis-apia.ldos-ut-pg0.wisc.cloudlab.us,w63,lru,0.1,59,22,1,2,0.9831,0.84,9380315,59484.4672,4797750
node5.tardis-apia.ldos-ut-pg0.wisc.cloudlab.us,w63,lru,0.1,59,22,1,3,0.9831,0.83,9380315,59484.4672,4797750
node5.tardis-apia.ldos-ut-pg0.wisc.cloudlab.us,w63,lruforgive,0.1,59,22,1,1,0.9746,0.43,9380315,59484.4672,4797750
node5.tardis-apia.ldos-ut-pg0.wisc.cloudlab.us,w63,lruforgive,0.1,59,22,1,2,0.9746,0.44,9380315,59484.4672,4797750
node5.tardis-apia.ldos-ut-pg0.wisc.cloudlab.us,w63,lruforgive,0.1,59,22,1,3,0.9746,0.44,9380315,59484.4672,4797750
node5.tardis-apia.ldos-ut-pg0.wisc.cloudlab.us,w63,s3fifo,0.1,59,22,1,1,0.9688,0.90,9380315,59484.4672,4797750
node5.tardis-apia.ldos-ut-pg0.wisc.cloudlab.us,w63,s3fifo,0.1,59,22,1,2,0.9688,0.90,9380315,59484.4672,4797750
node5.tardis-apia.ldos-ut-pg0.wisc.cloudlab.us,w63,s3fifo,0.1,59,22,1,3,0.9688,0.84,9380315,59484.4672,4797750
node5.tardis-apia.ldos-ut-pg0.wisc.cloudlab.us,w63,s3fifoforgive,0.1,59,22,1,1,0.9701,0.74,9380315,59484.4672,4797750
node5.tardis-apia.ldos-ut-pg0.wisc.cloudlab.us,w63,s3fifoforgive,0.1,59,22,1,2,0.9701,0.74,9380315,59484.4672,4797750
node5.tardis-apia.ldos-ut-pg0.wisc.cloudlab.us,w63,s3fifoforgive,0.1,59,22,1,3,0.9701,0.75,9380315,59484.4672,4797750
node5.tardis-apia.ldos-ut-pg0.wisc.cloudlab.us,w64,lru,10,40628,27,1,1,0.8901,0.09,7458265,406280.8064,6435308
node5.tardis-apia.ldos-ut-pg0.wisc.cloudlab.us,w64,lru,10,40628,27,1,2,0.8901,0.09,7458265,406280.8064,6435308
node5.tardis-apia.ldos-ut-pg0.wisc.cloudlab.us,w64,lru,10,40628,27,1,3,0.8901,0.08,7458265,406280.8064,6435308
node5.tardis-apia.ldos-ut-pg0.wisc.cloudlab.us,w64,lruforgive,10,40628,27,1,1,0.8898,0.09,7458265,406280.8064,6435308
node5.tardis-apia.ldos-ut-pg0.wisc.cloudlab.us,w64,lruforgive,10,40628,27,1,2,0.8898,0.09,7458265,406280.8064,6435308
node5.tardis-apia.ldos-ut-pg0.wisc.cloudlab.us,w64,lruforgive,10,40628,27,1,3,0.8898,0.09,7458265,406280.8064,6435308
node5.tardis-apia.ldos-ut-pg0.wisc.cloudlab.us,w64,s3fifo,10,40628,27,1,1,0.8891,0.09,7458265,406280.8064,6435308
node5.tardis-apia.ldos-ut-pg0.wisc.cloudlab.us,w64,s3fifo,10,40628,27,1,2,0.8891,0.09,7458265,406280.8064,6435308
node5.tardis-apia.ldos-ut-pg0.wisc.cloudlab.us,w64,s3fifo,10,40628,27,1,3,0.8891,0.09,7458265,406280.8064,6435308
node5.tardis-apia.ldos-ut-pg0.wisc.cloudlab.us,w64,s3fifoforgive,10,40628,27,1,1,0.8891,0.09,7458265,406280.8064,6435308
node5.tardis-apia.ldos-ut-pg0.wisc.cloudlab.us,w64,s3fifoforgive,10,40628,27,1,2,0.8891,0.09,7458265,406280.8064,6435308
node5.tardis-apia.ldos-ut-pg0.wisc.cloudlab.us,w64,s3fifoforgive,10,40628,27,1,3,0.8891,0.09,7458265,406280.8064,6435308
node5.tardis-apia.ldos-ut-pg0.wisc.cloudlab.us,w64,lru,0.1,406,25,1,1,0.9213,0.33,7458265,406280.8064,6435308
node5.tardis-apia.ldos-ut-pg0.wisc.cloudlab.us,w64,lru,0.1,406,25,1,2,0.9213,0.34,7458265,406280.8064,6435308
node5.tardis-apia.ldos-ut-pg0.wisc.cloudlab.us,w64,lru,0.1,406,25,1,3,0.9213,0.34,7458265,406280.8064,6435308
node5.tardis-apia.ldos-ut-pg0.wisc.cloudlab.us,w64,lruforgive,0.1,406,25,1,1,0.9197,0.33,7458265,406280.8064,6435308
node5.tardis-apia.ldos-ut-pg0.wisc.cloudlab.us,w64,lruforgive,0.1,406,25,1,2,0.9197,0.33,7458265,406280.8064,6435308
node5.tardis-apia.ldos-ut-pg0.wisc.cloudlab.us,w64,lruforgive,0.1,406,25,1,3,0.9197,0.33,7458265,406280.8064,6435308
node5.tardis-apia.ldos-ut-pg0.wisc.cloudlab.us,w64,s3fifo,0.1,406,25,1,1,0.9202,0.37,7458265,406280.8064,6435308
node5.tardis-apia.ldos-ut-pg0.wisc.cloudlab.us,w64,s3fifo,0.1,406,25,1,2,0.9202,0.37,7458265,406280.8064,6435308
node5.tardis-apia.ldos-ut-pg0.wisc.cloudlab.us,w64,s3fifo,0.1,406,25,1,3,0.9202,0.37,7458265,406280.8064,6435308
node5.tardis-apia.ldos-ut-pg0.wisc.cloudlab.us,w64,s3fifoforgive,0.1,406,25,1,1,0.9197,0.36,7458265,406280.8064,6435308
node5.tardis-apia.ldos-ut-pg0.wisc.cloudlab.us,w64,s3fifoforgive,0.1,406,25,1,2,0.9197,0.37,7458265,406280.8064,6435308
node5.tardis-apia.ldos-ut-pg0.wisc.cloudlab.us,w64,s3fifoforgive,0.1,406,25,1,3,0.9197,0.37,7458265,406280.8064,6435308
node5.tardis-apia.ldos-ut-pg0.wisc.cloudlab.us,w65,lru,10,5589,27,1,1,0.9820,0.16,9316228,55891.7632,2278384
node5.tardis-apia.ldos-ut-pg0.wisc.cloudlab.us,w65,lru,10,5589,27,1,2,0.9820,0.16,9316228,55891.7632,2278384
node5.tardis-apia.ldos-ut-pg0.wisc.cloudlab.us,w65,lru,10,5589,27,1,3,0.9820,0.16,9316228,55891.7632,2278384
node5.tardis-apia.ldos-ut-pg0.wisc.cloudlab.us,w65,lruforgive,10,5589,27,1,1,0.9808,0.17,9316228,55891.7632,2278384
node5.tardis-apia.ldos-ut-pg0.wisc.cloudlab.us,w65,lruforgive,10,5589,27,1,2,0.9808,0.17,9316228,55891.7632,2278384
node5.tardis-apia.ldos-ut-pg0.wisc.cloudlab.us,w65,lruforgive,10,5589,27,1,3,0.9808,0.17,9316228,55891.7632,2278384
node5.tardis-apia.ldos-ut-pg0.wisc.cloudlab.us,w65,s3fifo,10,5589,27,1,1,0.9691,0.16,9316228,55891.7632,2278384
node5.tardis-apia.ldos-ut-pg0.wisc.cloudlab.us,w65,s3fifo,10,5589,27,1,2,0.9691,0.16,9316228,55891.7632,2278384
node5.tardis-apia.ldos-ut-pg0.wisc.cloudlab.us,w65,s3fifo,10,5589,27,1,3,0.9691,0.16,9316228,55891.7632,2278384
node5.tardis-apia.ldos-ut-pg0.wisc.cloudlab.us,w65,s3fifoforgive,10,5589,27,1,1,0.9691,0.17,9316228,55891.7632,2278384
node5.tardis-apia.ldos-ut-pg0.wisc.cloudlab.us,w65,s3fifoforgive,10,5589,27,1,2,0.9691,0.17,9316228,55891.7632,2278384
node5.tardis-apia.ldos-ut-pg0.wisc.cloudlab.us,w65,s3fifoforgive,10,5589,27,1,3,0.9691,0.17,9316228,55891.7632,2278384
node5.tardis-apia.ldos-ut-pg0.wisc.cloudlab.us,w65,lru,0.1,56,22,1,1,0.9909,0.61,9316228,55891.7632,2278384
node5.tardis-apia.ldos-ut-pg0.wisc.cloudlab.us,w65,lru,0.1,56,22,1,2,0.9909,0.64,9316228,55891.7632,2278384
node5.tardis-apia.ldos-ut-pg0.wisc.cloudlab.us,w65,lru,0.1,56,22,1,3,0.9909,0.63,9316228,55891.7632,2278384
node5.tardis-apia.ldos-ut-pg0.wisc.cloudlab.us,w65,lruforgive,0.1,56,22,1,1,0.9900,0.38,9316228,55891.7632,2278384
node5.tardis-apia.ldos-ut-pg0.wisc.cloudlab.us,w65,lruforgive,0.1,56,22,1,2,0.9900,0.38,9316228,55891.7632,2278384
node5.tardis-apia.ldos-ut-pg0.wisc.cloudlab.us,w65,lruforgive,0.1,56,22,1,3,0.9900,0.38,9316228,55891.7632,2278384
node5.tardis-apia.ldos-ut-pg0.wisc.cloudlab.us,w65,s3fifo,0.1,56,22,1,1,0.9877,0.68,9316228,55891.7632,2278384
node5.tardis-apia.ldos-ut-pg0.wisc.cloudlab.us,w65,s3fifo,0.1,56,22,1,2,0.9877,0.68,9316228,55891.7632,2278384
node5.tardis-apia.ldos-ut-pg0.wisc.cloudlab.us,w65,s3fifo,0.1,56,22,1,3,0.9877,0.68,9316228,55891.7632,2278384
node5.tardis-apia.ldos-ut-pg0.wisc.cloudlab.us,w65,s3fifoforgive,0.1,56,22,1,1,0.9875,0.64,9316228,55891.7632,2278384
node5.tardis-apia.ldos-ut-pg0.wisc.cloudlab.us,w65,s3fifoforgive,0.1,56,22,1,2,0.9875,0.66,9316228,55891.7632,2278384
node5.tardis-apia.ldos-ut-pg0.wisc.cloudlab.us,w65,s3fifoforgive,0.1,56,22,1,3,0.9875,0.66,9316228,55891.7632,2278384
node5.tardis-apia.ldos-ut-pg0.wisc.cloudlab.us,w66,lru,10,282,24,1,1,0.4256,0.45,9169630,2819.6864,86697
node5.tardis-apia.ldos-ut-pg0.wisc.cloudlab.us,w66,lru,10,282,24,1,2,0.4256,0.46,9169630,2819.6864,86697
node5.tardis-apia.ldos-ut-pg0.wisc.cloudlab.us,w66,lru,10,282,24,1,3,0.4256,0.46,9169630,2819.6864,86697
node5.tardis-apia.ldos-ut-pg0.wisc.cloudlab.us,w66,lruforgive,10,282,24,1,1,0.3986,0.36,9169630,2819.6864,86697
node5.tardis-apia.ldos-ut-pg0.wisc.cloudlab.us,w66,lruforgive,10,282,24,1,2,0.3986,0.36,9169630,2819.6864,86697
node5.tardis-apia.ldos-ut-pg0.wisc.cloudlab.us,w66,lruforgive,10,282,24,1,3,0.3986,0.36,9169630,2819.6864,86697
node5.tardis-apia.ldos-ut-pg0.wisc.cloudlab.us,w66,s3fifo,10,282,24,1,1,0.3424,0.77,9169630,2819.6864,86697
node5.tardis-apia.ldos-ut-pg0.wisc.cloudlab.us,w66,s3fifo,10,282,24,1,2,0.3424,0.77,9169630,2819.6864,86697
node5.tardis-apia.ldos-ut-pg0.wisc.cloudlab.us,w66,s3fifo,10,282,24,1,3,0.3424,0.78,9169630,2819.6864,86697
node5.tardis-apia.ldos-ut-pg0.wisc.cloudlab.us,w66,s3fifoforgive,10,282,24,1,1,0.3451,0.51,9169630,2819.6864,86697
node5.tardis-apia.ldos-ut-pg0.wisc.cloudlab.us,w66,s3fifoforgive,10,282,24,1,2,0.3451,0.51,9169630,2819.6864,86697
node5.tardis-apia.ldos-ut-pg0.wisc.cloudlab.us,w66,s3fifoforgive,10,282,24,1,3,0.3451,0.51,9169630,2819.6864,86697
node5.tardis-apia.ldos-ut-pg0.wisc.cloudlab.us,w67,lru,10,591,25,1,1,0.1565,0.80,9028143,5912.6784,325367
node5.tardis-apia.ldos-ut-pg0.wisc.cloudlab.us,w67,lru,10,591,25,1,2,0.1565,0.81,9028143,5912.6784,325367
node5.tardis-apia.ldos-ut-pg0.wisc.cloudlab.us,w67,lru,10,591,25,1,3,0.1565,0.81,9028143,5912.6784,325367
node5.tardis-apia.ldos-ut-pg0.wisc.cloudlab.us,w67,lruforgive,10,591,25,1,1,0.1549,0.45,9028143,5912.6784,325367
node5.tardis-apia.ldos-ut-pg0.wisc.cloudlab.us,w67,lruforgive,10,591,25,1,2,0.1549,0.46,9028143,5912.6784,325367
node5.tardis-apia.ldos-ut-pg0.wisc.cloudlab.us,w67,lruforgive,10,591,25,1,3,0.1549,0.45,9028143,5912.6784,325367
node5.tardis-apia.ldos-ut-pg0.wisc.cloudlab.us,w67,s3fifo,10,591,25,1,1,0.1437,1.14,9028143,5912.6784,325367
node5.tardis-apia.ldos-ut-pg0.wisc.cloudlab.us,w67,s3fifo,10,591,25,1,2,0.1437,1.13,9028143,5912.6784,325367
node5.tardis-apia.ldos-ut-pg0.wisc.cloudlab.us,w67,s3fifo,10,591,25,1,3,0.1437,1.13,9028143,5912.6784,325367
node5.tardis-apia.ldos-ut-pg0.wisc.cloudlab.us,w67,s3fifoforgive,10,591,25,1,1,0.1440,0.56,9028143,5912.6784,325367
node5.tardis-apia.ldos-ut-pg0.wisc.cloudlab.us,w67,s3fifoforgive,10,591,25,1,2,0.1440,0.56,9028143,5912.6784,325367
node5.tardis-apia.ldos-ut-pg0.wisc.cloudlab.us,w67,s3fifoforgive,10,591,25,1,3,0.1440,0.57,9028143,5912.6784,325367
node5.tardis-apia.ldos-ut-pg0.wisc.cloudlab.us,w68,lru,10,2117,27,1,1,0.1938,0.47,8875970,21169.7664,816544
node5.tardis-apia.ldos-ut-pg0.wisc.cloudlab.us,w68,lru,10,2117,27,1,2,0.1938,0.47,8875970,21169.7664,816544
node5.tardis-apia.ldos-ut-pg0.wisc.cloudlab.us,w68,lru,10,2117,27,1,3,0.1938,0.47,8875970,21169.7664,816544
node5.tardis-apia.ldos-ut-pg0.wisc.cloudlab.us,w68,lruforgive,10,2117,27,1,1,0.1913,0.32,8875970,21169.7664,816544
node5.tardis-apia.ldos-ut-pg0.wisc.cloudlab.us,w68,lruforgive,10,2117,27,1,2,0.1913,0.32,8875970,21169.7664,816544
node5.tardis-apia.ldos-ut-pg0.wisc.cloudlab.us,w68,lruforgive,10,2117,27,1,3,0.1913,0.32,8875970,21169.7664,816544
node5.tardis-apia.ldos-ut-pg0.wisc.cloudlab.us,w68,s3fifo,10,2117,27,1,1,0.1682,0.56,8875970,21169.7664,816544
node5.tardis-apia.ldos-ut-pg0.wisc.cloudlab.us,w68,s3fifo,10,2117,27,1,2,0.1683,0.55,8875970,21169.7664,816544
node5.tardis-apia.ldos-ut-pg0.wisc.cloudlab.us,w68,s3fifo,10,2117,27,1,3,0.1682,0.56,8875970,21169.7664,816544
node5.tardis-apia.ldos-ut-pg0.wisc.cloudlab.us,w68,s3fifoforgive,10,2117,27,1,1,0.1682,0.34,8875970,21169.7664,816544
node5.tardis-apia.ldos-ut-pg0.wisc.cloudlab.us,w68,s3fifoforgive,10,2117,27,1,2,0.1682,0.35,8875970,21169.7664,816544
node5.tardis-apia.ldos-ut-pg0.wisc.cloudlab.us,w68,s3fifoforgive,10,2117,27,1,3,0.1683,0.35,8875970,21169.7664,816544
node5.tardis-apia.ldos-ut-pg0.wisc.cloudlab.us,w69,lru,10,3225,27,1,1,0.4253,0.31,7874005,32246.272,1328886
node5.tardis-apia.ldos-ut-pg0.wisc.cloudlab.us,w69,lru,10,3225,27,1,2,0.4253,0.31,7874005,32246.272,1328886
node5.tardis-apia.ldos-ut-pg0.wisc.cloudlab.us,w69,lru,10,3225,27,1,3,0.4253,0.32,7874005,32246.272,1328886
node5.tardis-apia.ldos-ut-pg0.wisc.cloudlab.us,w69,lruforgive,10,3225,27,1,1,0.4177,0.27,7874005,32246.272,1328886
node5.tardis-apia.ldos-ut-pg0.wisc.cloudlab.us,w69,lruforgive,10,3225,27,1,2,0.4177,0.26,7874005,32246.272,1328886
node5.tardis-apia.ldos-ut-pg0.wisc.cloudlab.us,w69,lruforgive,10,3225,27,1,3,0.4177,0.27,7874005,32246.272,1328886
node5.tardis-apia.ldos-ut-pg0.wisc.cloudlab.us,w69,s3fifo,10,3225,27,1,1,0.3705,0.38,7874005,32246.272,1328886
node5.tardis-apia.ldos-ut-pg0.wisc.cloudlab.us,w69,s3fifo,10,3225,27,1,2,0.3705,0.38,7874005,32246.272,1328886
node5.tardis-apia.ldos-ut-pg0.wisc.cloudlab.us,w69,s3fifo,10,3225,27,1,3,0.3705,0.38,7874005,32246.272,1328886
node5.tardis-apia.ldos-ut-pg0.wisc.cloudlab.us,w69,s3fifoforgive,10,3225,27,1,1,0.3701,0.30,7874005,32246.272,1328886
node5.tardis-apia.ldos-ut-pg0.wisc.cloudlab.us,w69,s3fifoforgive,10,3225,27,1,2,0.3701,0.30,7874005,32246.272,1328886
node5.tardis-apia.ldos-ut-pg0.wisc.cloudlab.us,w69,s3fifoforgive,10,3225,27,1,3,0.3701,0.30,7874005,32246.272,1328886
node5.tardis-apia.ldos-ut-pg0.wisc.cloudlab.us,w69,lru,0.1,32,21,1,1,0.8454,1.40,7874005,32246.272,1328886
node5.tardis-apia.ldos-ut-pg0.wisc.cloudlab.us,w69,lru,0.1,32,21,1,2,0.8454,1.39,7874005,32246.272,1328886
node5.tardis-apia.ldos-ut-pg0.wisc.cloudlab.us,w69,lru,0.1,32,21,1,3,0.8454,1.40,7874005,32246.272,1328886
node5.tardis-apia.ldos-ut-pg0.wisc.cloudlab.us,w69,lruforgive,0.1,32,21,1,1,0.8348,0.73,7874005,32246.272,1328886
node5.tardis-apia.ldos-ut-pg0.wisc.cloudlab.us,w69,lruforgive,0.1,32,21,1,2,0.8348,0.72,7874005,32246.272,1328886
node5.tardis-apia.ldos-ut-pg0.wisc.cloudlab.us,w69,lruforgive,0.1,32,21,1,3,0.8348,0.72,7874005,32246.272,1328886
node5.tardis-apia.ldos-ut-pg0.wisc.cloudlab.us,w69,s3fifo,0.1,32,21,1,1,0.8292,1.51,7874005,32246.272,1328886
node5.tardis-apia.ldos-ut-pg0.wisc.cloudlab.us,w69,s3fifo,0.1,32,21,1,2,0.8292,1.52,7874005,32246.272,1328886
node5.tardis-apia.ldos-ut-pg0.wisc.cloudlab.us,w69,s3fifo,0.1,32,21,1,3,0.8292,1.51,7874005,32246.272,1328886
node5.tardis-apia.ldos-ut-pg0.wisc.cloudlab.us,w69,s3fifoforgive,0.1,32,21,1,1,0.8235,1.21,7874005,32246.272,1328886
node5.tardis-apia.ldos-ut-pg0.wisc.cloudlab.us,w69,s3fifoforgive,0.1,32,21,1,2,0.8235,1.22,7874005,32246.272,1328886
node5.tardis-apia.ldos-ut-pg0.wisc.cloudlab.us,w69,s3fifoforgive,0.1,32,21,1,3,0.8235,1.19,7874005,32246.272,1328886
node5.tardis-apia.ldos-ut-pg0.wisc.cloudlab.us,w70,lru,10,3293,27,1,1,0.1920,0.39,6928384,32925.2864,506904
node5.tardis-apia.ldos-ut-pg0.wisc.cloudlab.us,w70,lru,10,3293,27,1,2,0.1920,0.39,6928384,32925.2864,506904
node5.tardis-apia.ldos-ut-pg0.wisc.cloudlab.us,w70,lru,10,3293,27,1,3,0.1920,0.39,6928384,32925.2864,506904
node5.tardis-apia.ldos-ut-pg0.wisc.cloudlab.us,w70,lruforgive,10,3293,27,1,1,0.1905,0.28,6928384,32925.2864,506904
node5.tardis-apia.ldos-ut-pg0.wisc.cloudlab.us,w70,lruforgive,10,3293,27,1,2,0.1905,0.28,6928384,32925.2864,506904
node5.tardis-apia.ldos-ut-pg0.wisc.cloudlab.us,w70,lruforgive,10,3293,27,1,3,0.1905,0.28,6928384,32925.2864,506904
node5.tardis-apia.ldos-ut-pg0.wisc.cloudlab.us,w70,s3fifo,10,3293,27,1,1,0.1893,0.43,6928384,32925.2864,506904
node5.tardis-apia.ldos-ut-pg0.wisc.cloudlab.us,w70,s3fifo,10,3293,27,1,2,0.1893,0.43,6928384,32925.2864,506904
node5.tardis-apia.ldos-ut-pg0.wisc.cloudlab.us,w70,s3fifo,10,3293,27,1,3,0.1893,0.41,6928384,32925.2864,506904
node5.tardis-apia.ldos-ut-pg0.wisc.cloudlab.us,w70,s3fifoforgive,10,3293,27,1,1,0.1889,0.29,6928384,32925.2864,506904
node5.tardis-apia.ldos-ut-pg0.wisc.cloudlab.us,w70,s3fifoforgive,10,3293,27,1,2,0.1889,0.29,6928384,32925.2864,506904
node5.tardis-apia.ldos-ut-pg0.wisc.cloudlab.us,w70,s3fifoforgive,10,3293,27,1,3,0.1889,0.29,6928384,32925.2864,506904
node5.tardis-apia.ldos-ut-pg0.wisc.cloudlab.us,w71,lru,10,704,25,1,1,0.3311,0.71,6840775,7038.1568,673334
node5.tardis-apia.ldos-ut-pg0.wisc.cloudlab.us,w71,lru,10,704,25,1,2,0.3311,0.71,6840775,7038.1568,673334
node5.tardis-apia.ldos-ut-pg0.wisc.cloudlab.us,w71,lru,10,704,25,1,3,0.3311,0.71,6840775,7038.1568,673334
node5.tardis-apia.ldos-ut-pg0.wisc.cloudlab.us,w71,lruforgive,10,704,25,1,1,0.3234,0.44,6840775,7038.1568,673334
node5.tardis-apia.ldos-ut-pg0.wisc.cloudlab.us,w71,lruforgive,10,704,25,1,2,0.3234,0.44,6840775,7038.1568,673334
node5.tardis-apia.ldos-ut-pg0.wisc.cloudlab.us,w71,lruforgive,10,704,25,1,3,0.3235,0.44,6840775,7038.1568,673334
node5.tardis-apia.ldos-ut-pg0.wisc.cloudlab.us,w71,s3fifo,10,704,25,1,1,0.2243,1.04,6840775,7038.1568,673334
node5.tardis-apia.ldos-ut-pg0.wisc.cloudlab.us,w71,s3fifo,10,704,25,1,2,0.2243,1.03,6840775,7038.1568,673334
node5.tardis-apia.ldos-ut-pg0.wisc.cloudlab.us,w71,s3fifo,10,704,25,1,3,0.2243,1.05,6840775,7038.1568,673334
node5.tardis-apia.ldos-ut-pg0.wisc.cloudlab.us,w71,s3fifoforgive,10,704,25,1,1,0.2246,0.55,6840775,7038.1568,673334
node5.tardis-apia.ldos-ut-pg0.wisc.cloudlab.us,w71,s3fifoforgive,10,704,25,1,2,0.2246,0.55,6840775,7038.1568,673334
node5.tardis-apia.ldos-ut-pg0.wisc.cloudlab.us,w71,s3fifoforgive,10,704,25,1,3,0.2246,0.55,6840775,7038.1568,673334
node5.tardis-apia.ldos-ut-pg0.wisc.cloudlab.us,w72,lru,10,711,25,1,1,0.2770,0.61,6407184,7114.5472,430716
node5.tardis-apia.ldos-ut-pg0.wisc.cloudlab.us,w72,lru,10,711,25,1,2,0.2770,0.60,6407184,7114.5472,430716
node5.tardis-apia.ldos-ut-pg0.wisc.cloudlab.us,w72,lru,10,711,25,1,3,0.2770,0.60,6407184,7114.5472,430716
node5.tardis-apia.ldos-ut-pg0.wisc.cloudlab.us,w72,lruforgive,10,711,25,1,1,0.2737,0.40,6407184,7114.5472,430716
node5.tardis-apia.ldos-ut-pg0.wisc.cloudlab.us,w72,lruforgive,10,711,25,1,2,0.2737,0.40,6407184,7114.5472,430716
node5.tardis-apia.ldos-ut-pg0.wisc.cloudlab.us,w72,lruforgive,10,711,25,1,3,0.2737,0.40,6407184,7114.5472,430716
node5.tardis-apia.ldos-ut-pg0.wisc.cloudlab.us,w72,s3fifo,10,711,25,1,1,0.2579,0.84,6407184,7114.5472,430716
node5.tardis-apia.ldos-ut-pg0.wisc.cloudlab.us,w72,s3fifo,10,711,25,1,2,0.2579,0.84,6407184,7114.5472,430716
node5.tardis-apia.ldos-ut-pg0.wisc.cloudlab.us,w72,s3fifo,10,711,25,1,3,0.2579,0.81,6407184,7114.5472,430716
node5.tardis-apia.ldos-ut-pg0.wisc.cloudlab.us,w72,s3fifoforgive,10,711,25,1,1,0.2551,0.46,6407184,7114.5472,430716
node5.tardis-apia.ldos-ut-pg0.wisc.cloudlab.us,w72,s3fifoforgive,10,711,25,1,2,0.2551,0.45,6407184,7114.5472,430716
node5.tardis-apia.ldos-ut-pg0.wisc.cloudlab.us,w72,s3fifoforgive,10,711,25,1,3,0.2551,0.45,6407184,7114.5472,430716
node5.tardis-apia.ldos-ut-pg0.wisc.cloudlab.us,w73,lru,10,690,25,1,1,0.4028,0.69,6368814,6904.2176,601227
node5.tardis-apia.ldos-ut-pg0.wisc.cloudlab.us,w73,lru,10,690,25,1,2,0.4028,0.68,6368814,6904.2176,601227
node5.tardis-apia.ldos-ut-pg0.wisc.cloudlab.us,w73,lru,10,690,25,1,3,0.4028,0.68,6368814,6904.2176,601227
node5.tardis-apia.ldos-ut-pg0.wisc.cloudlab.us,w73,lruforgive,10,690,25,1,1,0.4002,0.42,6368814,6904.2176,601227
node5.tardis-apia.ldos-ut-pg0.wisc.cloudlab.us,w73,lruforgive,10,690,25,1,2,0.4002,0.42,6368814,6904.2176,601227
node5.tardis-apia.ldos-ut-pg0.wisc.cloudlab.us,w73,lruforgive,10,690,25,1,3,0.4002,0.42,6368814,6904.2176,601227
node5.tardis-apia.ldos-ut-pg0.wisc.cloudlab.us,w73,s3fifo,10,690,25,1,1,0.3269,0.92,6368814,6904.2176,601227
node5.tardis-apia.ldos-ut-pg0.wisc.cloudlab.us,w73,s3fifo,10,690,25,1,2,0.3269,0.91,6368814,6904.2176,601227
node5.tardis-apia.ldos-ut-pg0.wisc.cloudlab.us,w73,s3fifo,10,690,25,1,3,0.3269,0.91,6368814,6904.2176,601227
node5.tardis-apia.ldos-ut-pg0.wisc.cloudlab.us,w73,s3fifoforgive,10,690,25,1,1,0.3264,0.52,6368814,6904.2176,601227
node5.tardis-apia.ldos-ut-pg0.wisc.cloudlab.us,w73,s3fifoforgive,10,690,25,1,2,0.3264,0.52,6368814,6904.2176,601227
node5.tardis-apia.ldos-ut-pg0.wisc.cloudlab.us,w73,s3fifoforgive,10,690,25,1,3,0.3264,0.51,6368814,6904.2176,601227
node5.tardis-apia.ldos-ut-pg0.wisc.cloudlab.us,w74,lru,10,452,25,1,1,0.1707,0.78,6343761,4522.496,296768
node5.tardis-apia.ldos-ut-pg0.wisc.cloudlab.us,w74,lru,10,452,25,1,2,0.1707,0.80,6343761,4522.496,296768
node5.tardis-apia.ldos-ut-pg0.wisc.cloudlab.us,w74,lru,10,452,25,1,3,0.1707,0.78,6343761,4522.496,296768
node5.tardis-apia.ldos-ut-pg0.wisc.cloudlab.us,w74,lruforgive,10,452,25,1,1,0.1691,0.45,6343761,4522.496,296768
node5.tardis-apia.ldos-ut-pg0.wisc.cloudlab.us,w74,lruforgive,10,452,25,1,2,0.1691,0.46,6343761,4522.496,296768
node5.tardis-apia.ldos-ut-pg0.wisc.cloudlab.us,w74,lruforgive,10,452,25,1,3,0.1691,0.45,6343761,4522.496,296768
node5.tardis-apia.ldos-ut-pg0.wisc.cloudlab.us,w74,s3fifo,10,452,25,1,1,0.1626,1.12,6343761,4522.496,296768
node5.tardis-apia.ldos-ut-pg0.wisc.cloudlab.us,w74,s3fifo,10,452,25,1,2,0.1621,1.11,6343761,4522.496,296768
node5.tardis-apia.ldos-ut-pg0.wisc.cloudlab.us,w74,s3fifo,10,452,25,1,3,0.1623,1.11,6343761,4522.496,296768
node5.tardis-apia.ldos-ut-pg0.wisc.cloudlab.us,w74,s3fifoforgive,10,452,25,1,1,0.1620,0.56,6343761,4522.496,296768
node5.tardis-apia.ldos-ut-pg0.wisc.cloudlab.us,w74,s3fifoforgive,10,452,25,1,2,0.1619,0.56,6343761,4522.496,296768
node5.tardis-apia.ldos-ut-pg0.wisc.cloudlab.us,w74,s3fifoforgive,10,452,25,1,3,0.1619,0.57,6343761,4522.496,296768
node5.tardis-apia.ldos-ut-pg0.wisc.cloudlab.us,w75,lru,10,1921,27,1,1,0.1564,0.59,6152623,19207.9872,406375
node5.tardis-apia.ldos-ut-pg0.wisc.cloudlab.us,w75,lru,10,1921,27,1,2,0.1564,0.58,6152623,19207.9872,406375
node5.tardis-apia.ldos-ut-pg0.wisc.cloudlab.us,w75,lru,10,1921,27,1,3,0.1564,0.58,6152623,19207.9872,406375
node5.tardis-apia.ldos-ut-pg0.wisc.cloudlab.us,w75,lruforgive,10,1921,27,1,1,0.1521,0.42,6152623,19207.9872,406375
node5.tardis-apia.ldos-ut-pg0.wisc.cloudlab.us,w75,lruforgive,10,1921,27,1,2,0.1521,0.41,6152623,19207.9872,406375
node5.tardis-apia.ldos-ut-pg0.wisc.cloudlab.us,w75,lruforgive,10,1921,27,1,3,0.1521,0.42,6152623,19207.9872,406375
node5.tardis-apia.ldos-ut-pg0.wisc.cloudlab.us,w75,s3fifo,10,1921,27,1,1,0.1330,0.73,6152623,19207.9872,406375
node5.tardis-apia.ldos-ut-pg0.wisc.cloudlab.us,w75,s3fifo,10,1921,27,1,2,0.1330,0.74,6152623,19207.9872,406375
node5.tardis-apia.ldos-ut-pg0.wisc.cloudlab.us,w75,s3fifo,10,1921,27,1,3,0.1330,0.73,6152623,19207.9872,406375
node5.tardis-apia.ldos-ut-pg0.wisc.cloudlab.us,w75,s3fifoforgive,10,1921,27,1,1,0.1329,0.46,6152623,19207.9872,406375
node5.tardis-apia.ldos-ut-pg0.wisc.cloudlab.us,w75,s3fifoforgive,10,1921,27,1,2,0.1329,0.47,6152623,19207.9872,406375
node5.tardis-apia.ldos-ut-pg0.wisc.cloudlab.us,w75,s3fifoforgive,10,1921,27,1,3,0.1329,0.46,6152623,19207.9872,406375
node5.tardis-apia.ldos-ut-pg0.wisc.cloudlab.us,w76,lru,10,842,26,1,1,0.2471,0.87,6076271,8415.3344,703377
node5.tardis-apia.ldos-ut-pg0.wisc.cloudlab.us,w76,lru,10,842,26,1,2,0.2471,0.86,6076271,8415.3344,703377
node5.tardis-apia.ldos-ut-pg0.wisc.cloudlab.us,w76,lru,10,842,26,1,3,0.2471,0.87,6076271,8415.3344,703377
node5.tardis-apia.ldos-ut-pg0.wisc.cloudlab.us,w76,lruforgive,10,842,26,1,1,0.2462,0.44,6076271,8415.3344,703377
node5.tardis-apia.ldos-ut-pg0.wisc.cloudlab.us,w76,lruforgive,10,842,26,1,2,0.2462,0.43,6076271,8415.3344,703377
node5.tardis-apia.ldos-ut-pg0.wisc.cloudlab.us,w76,lruforgive,10,842,26,1,3,0.2462,0.44,6076271,8415.3344,703377
node5.tardis-apia.ldos-ut-pg0.wisc.cloudlab.us,w76,s3fifo,10,842,26,1,1,0.2413,1.04,6076271,8415.3344,703377
node5.tardis-apia.ldos-ut-pg0.wisc.cloudlab.us,w76,s3fifo,10,842,26,1,2,0.2413,1.03,6076271,8415.3344,703377
node5.tardis-apia.ldos-ut-pg0.wisc.cloudlab.us,w76,s3fifo,10,842,26,1,3,0.2413,1.04,6076271,8415.3344,703377
node5.tardis-apia.ldos-ut-pg0.wisc.cloudlab.us,w76,s3fifoforgive,10,842,26,1,1,0.2413,0.52,6076271,8415.3344,703377
node5.tardis-apia.ldos-ut-pg0.wisc.cloudlab.us,w76,s3fifoforgive,10,842,26,1,2,0.2413,0.51,6076271,8415.3344,703377
node5.tardis-apia.ldos-ut-pg0.wisc.cloudlab.us,w76,s3fifoforgive,10,842,26,1,3,0.2413,0.51,6076271,8415.3344,703377
node5.tardis-apia.ldos-ut-pg0.wisc.cloudlab.us,w77,lru,10,1804,27,1,1,0.5242,0.38,5616401,18035.5072,1063317
node5.tardis-apia.ldos-ut-pg0.wisc.cloudlab.us,w77,lru,10,1804,27,1,2,0.5242,0.38,5616401,18035.5072,1063317
node5.tardis-apia.ldos-ut-pg0.wisc.cloudlab.us,w77,lru,10,1804,27,1,3,0.5242,0.39,5616401,18035.5072,1063317
node5.tardis-apia.ldos-ut-pg0.wisc.cloudlab.us,w77,lruforgive,10,1804,27,1,1,0.5201,0.32,5616401,18035.5072,1063317
node5.tardis-apia.ldos-ut-pg0.wisc.cloudlab.us,w77,lruforgive,10,1804,27,1,2,0.5201,0.32,5616401,18035.5072,1063317
node5.tardis-apia.ldos-ut-pg0.wisc.cloudlab.us,w77,lruforgive,10,1804,27,1,3,0.5201,0.32,5616401,18035.5072,1063317
node5.tardis-apia.ldos-ut-pg0.wisc.cloudlab.us,w77,s3fifo,10,1804,27,1,1,0.4907,0.52,5616401,18035.5072,1063317
node5.tardis-apia.ldos-ut-pg0.wisc.cloudlab.us,w77,s3fifo,10,1804,27,1,2,0.4907,0.52,5616401,18035.5072,1063317
node5.tardis-apia.ldos-ut-pg0.wisc.cloudlab.us,w77,s3fifo,10,1804,27,1,3,0.4907,0.52,5616401,18035.5072,1063317
node5.tardis-apia.ldos-ut-pg0.wisc.cloudlab.us,w77,s3fifoforgive,10,1804,27,1,1,0.4913,0.41,5616401,18035.5072,1063317
node5.tardis-apia.ldos-ut-pg0.wisc.cloudlab.us,w77,s3fifoforgive,10,1804,27,1,2,0.4913,0.41,5616401,18035.5072,1063317
node5.tardis-apia.ldos-ut-pg0.wisc.cloudlab.us,w77,s3fifoforgive,10,1804,27,1,3,0.4913,0.42,5616401,18035.5072,1063317
node5.tardis-apia.ldos-ut-pg0.wisc.cloudlab.us,w77,lru,0.1,18,20,1,1,0.8488,2.65,5616401,18035.5072,1063317
node5.tardis-apia.ldos-ut-pg0.wisc.cloudlab.us,w77,lru,0.1,18,20,1,2,0.8488,2.59,5616401,18035.5072,1063317
node5.tardis-apia.ldos-ut-pg0.wisc.cloudlab.us,w77,lru,0.1,18,20,1,3,0.8488,2.67,5616401,18035.5072,1063317
node5.tardis-apia.ldos-ut-pg0.wisc.cloudlab.us,w77,lruforgive,0.1,18,20,1,1,0.8437,1.60,5616401,18035.5072,1063317
node5.tardis-apia.ldos-ut-pg0.wisc.cloudlab.us,w77,lruforgive,0.1,18,20,1,2,0.8437,1.59,5616401,18035.5072,1063317
node5.tardis-apia.ldos-ut-pg0.wisc.cloudlab.us,w77,lruforgive,0.1,18,20,1,3,0.8437,1.62,5616401,18035.5072,1063317
node5.tardis-apia.ldos-ut-pg0.wisc.cloudlab.us,w77,s3fifo,0.1,18,20,1,1,0.8450,2.82,5616401,18035.5072,1063317
node5.tardis-apia.ldos-ut-pg0.wisc.cloudlab.us,w77,s3fifo,0.1,18,20,1,2,0.8450,2.85,5616401,18035.5072,1063317
node5.tardis-apia.ldos-ut-pg0.wisc.cloudlab.us,w77,s3fifo,0.1,18,20,1,3,0.8450,2.86,5616401,18035.5072,1063317
node5.tardis-apia.ldos-ut-pg0.wisc.cloudlab.us,w77,s3fifoforgive,0.1,18,20,1,1,0.8443,2.06,5616401,18035.5072,1063317
node5.tardis-apia.ldos-ut-pg0.wisc.cloudlab.us,w77,s3fifoforgive,0.1,18,20,1,2,0.8443,2.09,5616401,18035.5072,1063317
node5.tardis-apia.ldos-ut-pg0.wisc.cloudlab.us,w77,s3fifoforgive,0.1,18,20,1,3,0.8443,2.06,5616401,18035.5072,1063317
node5.tardis-apia.ldos-ut-pg0.wisc.cloudlab.us,w78,lru,10,3525,27,1,1,0.3534,0.24,5493105,35248.7424,813801
node5.tardis-apia.ldos-ut-pg0.wisc.cloudlab.us,w78,lru,10,3525,27,1,2,0.3534,0.24,5493105,35248.7424,813801
node5.tardis-apia.ldos-ut-pg0.wisc.cloudlab.us,w78,lru,10,3525,27,1,3,0.3534,0.23,5493105,35248.7424,813801
node5.tardis-apia.ldos-ut-pg0.wisc.cloudlab.us,w78,lruforgive,10,3525,27,1,1,0.3528,0.22,5493105,35248.7424,813801
node5.tardis-apia.ldos-ut-pg0.wisc.cloudlab.us,w78,lruforgive,10,3525,27,1,2,0.3528,0.22,5493105,35248.7424,813801
node5.tardis-apia.ldos-ut-pg0.wisc.cloudlab.us,w78,lruforgive,10,3525,27,1,3,0.3528,0.22,5493105,35248.7424,813801
node5.tardis-apia.ldos-ut-pg0.wisc.cloudlab.us,w78,s3fifo,10,3525,27,1,1,0.3266,0.25,5493105,35248.7424,813801
node5.tardis-apia.ldos-ut-pg0.wisc.cloudlab.us,w78,s3fifo,10,3525,27,1,2,0.3266,0.25,5493105,35248.7424,813801
node5.tardis-apia.ldos-ut-pg0.wisc.cloudlab.us,w78,s3fifo,10,3525,27,1,3,0.3266,0.25,5493105,35248.7424,813801
node5.tardis-apia.ldos-ut-pg0.wisc.cloudlab.us,w78,s3fifoforgive,10,3525,27,1,1,0.3263,0.23,5493105,35248.7424,813801
node5.tardis-apia.ldos-ut-pg0.wisc.cloudlab.us,w78,s3fifoforgive,10,3525,27,1,2,0.3263,0.24,5493105,35248.7424,813801
node5.tardis-apia.ldos-ut-pg0.wisc.cloudlab.us,w78,s3fifoforgive,10,3525,27,1,3,0.3263,0.23,5493105,35248.7424,813801
node5.tardis-apia.ldos-ut-pg0.wisc.cloudlab.us,w79,lru,10,6271,27,1,1,0.8992,0.35,5411393,62706.8928,4615824
node5.tardis-apia.ldos-ut-pg0.wisc.cloudlab.us,w79,lru,10,6271,27,1,2,0.8992,0.35,5411393,62706.8928,4615824
node5.tardis-apia.ldos-ut-pg0.wisc.cloudlab.us,w79,lru,10,6271,27,1,3,0.8992,0.35,5411393,62706.8928,4615824
node5.tardis-apia.ldos-ut-pg0.wisc.cloudlab.us,w79,lruforgive,10,6271,27,1,1,0.8974,0.39,5411393,62706.8928,4615824
node5.tardis-apia.ldos-ut-pg0.wisc.cloudlab.us,w79,lruforgive,10,6271,27,1,2,0.8974,0.39,5411393,62706.8928,4615824
node5.tardis-apia.ldos-ut-pg0.wisc.cloudlab.us,w79,lruforgive,10,6271,27,1,3,0.8974,0.39,5411393,62706.8928,4615824
node5.tardis-apia.ldos-ut-pg0.wisc.cloudlab.us,w79,s3fifo,10,6271,27,1,1,0.8889,0.35,5411393,62706.8928,4615824
node5.tardis-apia.ldos-ut-pg0.wisc.cloudlab.us,w79,s3fifo,10,6271,27,1,2,0.8889,0.34,5411393,62706.8928,4615824
node5.tardis-apia.ldos-ut-pg0.wisc.cloudlab.us,w79,s3fifo,10,6271,27,1,3,0.8889,0.35,5411393,62706.8928,4615824
node5.tardis-apia.ldos-ut-pg0.wisc.cloudlab.us,w79,s3fifoforgive,10,6271,27,1,1,0.8889,0.38,5411393,62706.8928,4615824
node5.tardis-apia.ldos-ut-pg0.wisc.cloudlab.us,w79,s3fifoforgive,10,6271,27,1,2,0.8889,0.38,5411393,62706.8928,4615824
node5.tardis-apia.ldos-ut-pg0.wisc.cloudlab.us,w79,s3fifoforgive,10,6271,27,1,3,0.8889,0.39,5411393,62706.8928,4615824
node5.tardis-apia.ldos-ut-pg0.wisc.cloudlab.us,w79,lru,0.1,63,22,1,1,0.9917,1.42,5411393,62706.8928,4615824
node5.tardis-apia.ldos-ut-pg0.wisc.cloudlab.us,w79,lru,0.1,63,22,1,2,0.9917,1.42,5411393,62706.8928,4615824
node5.tardis-apia.ldos-ut-pg0.wisc.cloudlab.us,w79,lru,0.1,63,22,1,3,0.9917,1.43,5411393,62706.8928,4615824
node5.tardis-apia.ldos-ut-pg0.wisc.cloudlab.us,w79,lruforgive,0.1,63,22,1,1,0.9896,1.26,5411393,62706.8928,4615824
node5.tardis-apia.ldos-ut-pg0.wisc.cloudlab.us,w79,lruforgive,0.1,63,22,1,2,0.9896,1.24,5411393,62706.8928,4615824
node5.tardis-apia.ldos-ut-pg0.wisc.cloudlab.us,w79,lruforgive,0.1,63,22,1,3,0.9896,1.27,5411393,62706.8928,4615824
node5.tardis-apia.ldos-ut-pg0.wisc.cloudlab.us,w79,s3fifo,0.1,63,22,1,1,0.9813,1.45,5411393,62706.8928,4615824
node5.tardis-apia.ldos-ut-pg0.wisc.cloudlab.us,w79,s3fifo,0.1,63,22,1,2,0.9813,1.47,5411393,62706.8928,4615824
node5.tardis-apia.ldos-ut-pg0.wisc.cloudlab.us,w79,s3fifo,0.1,63,22,1,3,0.9813,1.48,5411393,62706.8928,4615824
node5.tardis-apia.ldos-ut-pg0.wisc.cloudlab.us,w79,s3fifoforgive,0.1,63,22,1,1,0.9813,1.34,5411393,62706.8928,4615824
node5.tardis-apia.ldos-ut-pg0.wisc.cloudlab.us,w79,s3fifoforgive,0.1,63,22,1,2,0.9813,1.28,5411393,62706.8928,4615824
node5.tardis-apia.ldos-ut-pg0.wisc.cloudlab.us,w79,s3fifoforgive,0.1,63,22,1,3,0.9813,1.31,5411393,62706.8928,4615824
node5.tardis-apia.ldos-ut-pg0.wisc.cloudlab.us,w80,lru,10,468,25,1,1,0.6370,0.46,5256245,4684.6976,382760
node5.tardis-apia.ldos-ut-pg0.wisc.cloudlab.us,w80,lru,10,468,25,1,2,0.6370,0.46,5256245,4684.6976,382760
node5.tardis-apia.ldos-ut-pg0.wisc.cloudlab.us,w80,lru,10,468,25,1,3,0.6370,0.46,5256245,4684.6976,382760
node5.tardis-apia.ldos-ut-pg0.wisc.cloudlab.us,w80,lruforgive,10,468,25,1,1,0.6087,0.36,5256245,4684.6976,382760
node5.tardis-apia.ldos-ut-pg0.wisc.cloudlab.us,w80,lruforgive,10,468,25,1,2,0.6087,0.36,5256245,4684.6976,382760
node5.tardis-apia.ldos-ut-pg0.wisc.cloudlab.us,w80,lruforgive,10,468,25,1,3,0.6086,0.36,5256245,4684.6976,382760
node5.tardis-apia.ldos-ut-pg0.wisc.cloudlab.us,w80,s3fifo,10,468,25,1,1,0.5616,0.81,5256245,4684.6976,382760
node5.tardis-apia.ldos-ut-pg0.wisc.cloudlab.us,w80,s3fifo,10,468,25,1,2,0.5615,0.83,5256245,4684.6976,382760
node5.tardis-apia.ldos-ut-pg0.wisc.cloudlab.us,w80,s3fifo,10,468,25,1,3,0.5615,0.81,5256245,4684.6976,382760
node5.tardis-apia.ldos-ut-pg0.wisc.cloudlab.us,w80,s3fifoforgive,10,468,25,1,1,0.5585,0.57,5256245,4684.6976,382760
node5.tardis-apia.ldos-ut-pg0.wisc.cloudlab.us,w80,s3fifoforgive,10,468,25,1,2,0.5587,0.58,5256245,4684.6976,382760
node5.tardis-apia.ldos-ut-pg0.wisc.cloudlab.us,w80,s3fifoforgive,10,468,25,1,3,0.5589,0.57,5256245,4684.6976,382760
node5.tardis-apia.ldos-ut-pg0.wisc.cloudlab.us,w81,lru,10,1963,27,1,1,0.6729,0.21,5026618,19625.6768,599684
node5.tardis-apia.ldos-ut-pg0.wisc.cloudlab.us,w81,lru,10,1963,27,1,2,0.6729,0.21,5026618,19625.6768,599684
node5.tardis-apia.ldos-ut-pg0.wisc.cloudlab.us,w81,lru,10,1963,27,1,3,0.6729,0.21,5026618,19625.6768,599684
node5.tardis-apia.ldos-ut-pg0.wisc.cloudlab.us,w81,lruforgive,10,1963,27,1,1,0.6704,0.21,5026618,19625.6768,599684
node5.tardis-apia.ldos-ut-pg0.wisc.cloudlab.us,w81,lruforgive,10,1963,27,1,2,0.6704,0.21,5026618,19625.6768,599684
node5.tardis-apia.ldos-ut-pg0.wisc.cloudlab.us,w81,lruforgive,10,1963,27,1,3,0.6704,0.21,5026618,19625.6768,599684
node5.tardis-apia.ldos-ut-pg0.wisc.cloudlab.us,w81,s3fifo,10,1963,27,1,1,0.5900,0.21,5026618,19625.6768,599684
node5.tardis-apia.ldos-ut-pg0.wisc.cloudlab.us,w81,s3fifo,10,1963,27,1,2,0.5900,0.21,5026618,19625.6768,599684
node5.tardis-apia.ldos-ut-pg0.wisc.cloudlab.us,w81,s3fifo,10,1963,27,1,3,0.5900,0.21,5026618,19625.6768,599684
node5.tardis-apia.ldos-ut-pg0.wisc.cloudlab.us,w81,s3fifoforgive,10,1963,27,1,1,0.5900,0.21,5026618,19625.6768,599684
node5.tardis-apia.ldos-ut-pg0.wisc.cloudlab.us,w81,s3fifoforgive,10,1963,27,1,2,0.5900,0.21,5026618,19625.6768,599684
node5.tardis-apia.ldos-ut-pg0.wisc.cloudlab.us,w81,s3fifoforgive,10,1963,27,1,3,0.5900,0.21,5026618,19625.6768,599684
node5.tardis-apia.ldos-ut-pg0.wisc.cloudlab.us,w82,lru,10,253,24,1,1,0.3820,0.41,4926609,2529.6896,75902
node5.tardis-apia.ldos-ut-pg0.wisc.cloudlab.us,w82,lru,10,253,24,1,2,0.3820,0.41,4926609,2529.6896,75902
node5.tardis-apia.ldos-ut-pg0.wisc.cloudlab.us,w82,lru,10,253,24,1,3,0.3820,0.40,4926609,2529.6896,75902
node5.tardis-apia.ldos-ut-pg0.wisc.cloudlab.us,w82,lruforgive,10,253,24,1,1,0.3591,0.35,4926609,2529.6896,75902
node5.tardis-apia.ldos-ut-pg0.wisc.cloudlab.us,w82,lruforgive,10,253,24,1,2,0.3591,0.34,4926609,2529.6896,75902
node5.tardis-apia.ldos-ut-pg0.wisc.cloudlab.us,w82,lruforgive,10,253,24,1,3,0.3591,0.34,4926609,2529.6896,75902
node5.tardis-apia.ldos-ut-pg0.wisc.cloudlab.us,w82,s3fifo,10,253,24,1,1,0.3282,0.78,4926609,2529.6896,75902
node5.tardis-apia.ldos-ut-pg0.wisc.cloudlab.us,w82,s3fifo,10,253,24,1,2,0.3282,0.77,4926609,2529.6896,75902
node5.tardis-apia.ldos-ut-pg0.wisc.cloudlab.us,w82,s3fifo,10,253,24,1,3,0.3282,0.79,4926609,2529.6896,75902
node5.tardis-apia.ldos-ut-pg0.wisc.cloudlab.us,w82,s3fifoforgive,10,253,24,1,1,0.3289,0.53,4926609,2529.6896,75902
node5.tardis-apia.ldos-ut-pg0.wisc.cloudlab.us,w82,s3fifoforgive,10,253,24,1,2,0.3289,0.51,4926609,2529.6896,75902
node5.tardis-apia.ldos-ut-pg0.wisc.cloudlab.us,w82,s3fifoforgive,10,253,24,1,3,0.3289,0.51,4926609,2529.6896,75902
node5.tardis-apia.ldos-ut-pg0.wisc.cloudlab.us,w83,lru,10,2027,27,1,1,0.3801,0.33,3880480,20266.1888,741617
node5.tardis-apia.ldos-ut-pg0.wisc.cloudlab.us,w83,lru,10,2027,27,1,2,0.3801,0.32,3880480,20266.1888,741617
node5.tardis-apia.ldos-ut-pg0.wisc.cloudlab.us,w83,lru,10,2027,27,1,3,0.3801,0.32,3880480,20266.1888,741617
node5.tardis-apia.ldos-ut-pg0.wisc.cloudlab.us,w83,lruforgive,10,2027,27,1,1,0.3791,0.29,3880480,20266.1888,741617
node5.tardis-apia.ldos-ut-pg0.wisc.cloudlab.us,w83,lruforgive,10,2027,27,1,2,0.3791,0.28,3880480,20266.1888,741617
node5.tardis-apia.ldos-ut-pg0.wisc.cloudlab.us,w83,lruforgive,10,2027,27,1,3,0.3791,0.28,3880480,20266.1888,741617
node5.tardis-apia.ldos-ut-pg0.wisc.cloudlab.us,w83,s3fifo,10,2027,27,1,1,0.3679,0.33,3880480,20266.1888,741617
node5.tardis-apia.ldos-ut-pg0.wisc.cloudlab.us,w83,s3fifo,10,2027,27,1,2,0.3679,0.33,3880480,20266.1888,741617
node5.tardis-apia.ldos-ut-pg0.wisc.cloudlab.us,w83,s3fifo,10,2027,27,1,3,0.3679,0.32,3880480,20266.1888,741617
node5.tardis-apia.ldos-ut-pg0.wisc.cloudlab.us,w83,s3fifoforgive,10,2027,27,1,1,0.3679,0.29,3880480,20266.1888,741617
node5.tardis-apia.ldos-ut-pg0.wisc.cloudlab.us,w83,s3fifoforgive,10,2027,27,1,2,0.3679,0.29,3880480,20266.1888,741617
node5.tardis-apia.ldos-ut-pg0.wisc.cloudlab.us,w83,s3fifoforgive,10,2027,27,1,3,0.3679,0.29,3880480,20266.1888,741617
node5.tardis-apia.ldos-ut-pg0.wisc.cloudlab.us,w84,lru,10,2067,27,1,1,0.3454,0.37,4814233,20670.1568,720165
node5.tardis-apia.ldos-ut-pg0.wisc.cloudlab.us,w84,lru,10,2067,27,1,2,0.3454,0.37,4814233,20670.1568,720165
node5.tardis-apia.ldos-ut-pg0.wisc.cloudlab.us,w84,lru,10,2067,27,1,3,0.3454,0.37,4814233,20670.1568,720165
node5.tardis-apia.ldos-ut-pg0.wisc.cloudlab.us,w84,lruforgive,10,2067,27,1,1,0.3419,0.32,4814233,20670.1568,720165
node5.tardis-apia.ldos-ut-pg0.wisc.cloudlab.us,w84,lruforgive,10,2067,27,1,2,0.3419,0.32,4814233,20670.1568,720165
node5.tardis-apia.ldos-ut-pg0.wisc.cloudlab.us,w84,lruforgive,10,2067,27,1,3,0.3419,0.31,4814233,20670.1568,720165
node5.tardis-apia.ldos-ut-pg0.wisc.cloudlab.us,w84,s3fifo,10,2067,27,1,1,0.3160,0.44,4814233,20670.1568,720165
node5.tardis-apia.ldos-ut-pg0.wisc.cloudlab.us,w84,s3fifo,10,2067,27,1,2,0.3160,0.44,4814233,20670.1568,720165
node5.tardis-apia.ldos-ut-pg0.wisc.cloudlab.us,w84,s3fifo,10,2067,27,1,3,0.3160,0.44,4814233,20670.1568,720165
node5.tardis-apia.ldos-ut-pg0.wisc.cloudlab.us,w84,s3fifoforgive,10,2067,27,1,1,0.3154,0.35,4814233,20670.1568,720165
node5.tardis-apia.ldos-ut-pg0.wisc.cloudlab.us,w84,s3fifoforgive,10,2067,27,1,2,0.3154,0.35,4814233,20670.1568,720165
node5.tardis-apia.ldos-ut-pg0.wisc.cloudlab.us,w84,s3fifoforgive,10,2067,27,1,3,0.3154,0.35,4814233,20670.1568,720165
node5.tardis-apia.ldos-ut-pg0.wisc.cloudlab.us,w85,lru,10,2283,27,1,1,0.8240,0.19,4790047,22826.5984,690623
node5.tardis-apia.ldos-ut-pg0.wisc.cloudlab.us,w85,lru,10,2283,27,1,2,0.8240,0.18,4790047,22826.5984,690623
node5.tardis-apia.ldos-ut-pg0.wisc.cloudlab.us,w85,lru,10,2283,27,1,3,0.8240,0.19,4790047,22826.5984,690623
node5.tardis-apia.ldos-ut-pg0.wisc.cloudlab.us,w85,lruforgive,10,2283,27,1,1,0.8153,0.19,4790047,22826.5984,690623
node5.tardis-apia.ldos-ut-pg0.wisc.cloudlab.us,w85,lruforgive,10,2283,27,1,2,0.8153,0.19,4790047,22826.5984,690623
node5.tardis-apia.ldos-ut-pg0.wisc.cloudlab.us,w85,lruforgive,10,2283,27,1,3,0.8153,0.20,4790047,22826.5984,690623
node5.tardis-apia.ldos-ut-pg0.wisc.cloudlab.us,w85,s3fifo,10,2283,27,1,1,0.7823,0.19,4790047,22826.5984,690623
node5.tardis-apia.ldos-ut-pg0.wisc.cloudlab.us,w85,s3fifo,10,2283,27,1,2,0.7823,0.18,4790047,22826.5984,690623
node5.tardis-apia.ldos-ut-pg0.wisc.cloudlab.us,w85,s3fifo,10,2283,27,1,3,0.7823,0.18,4790047,22826.5984,690623
node5.tardis-apia.ldos-ut-pg0.wisc.cloudlab.us,w85,s3fifoforgive,10,2283,27,1,1,0.7823,0.20,4790047,22826.5984,690623
node5.tardis-apia.ldos-ut-pg0.wisc.cloudlab.us,w85,s3fifoforgive,10,2283,27,1,2,0.7823,0.20,4790047,22826.5984,690623
node5.tardis-apia.ldos-ut-pg0.wisc.cloudlab.us,w85,s3fifoforgive,10,2283,27,1,3,0.7823,0.20,4790047,22826.5984,690623
node5.tardis-apia.ldos-ut-pg0.wisc.cloudlab.us,w86,lru,10,8410,27,1,1,0.9524,0.21,4749562,84102.5536,4305575
node5.tardis-apia.ldos-ut-pg0.wisc.cloudlab.us,w86,lru,10,8410,27,1,2,0.9524,0.21,4749562,84102.5536,4305575
node5.tardis-apia.ldos-ut-pg0.wisc.cloudlab.us,w86,lru,10,8410,27,1,3,0.9524,0.21,4749562,84102.5536,4305575
node5.tardis-apia.ldos-ut-pg0.wisc.cloudlab.us,w86,lruforgive,10,8410,27,1,1,0.9513,0.25,4749562,84102.5536,4305575
node5.tardis-apia.ldos-ut-pg0.wisc.cloudlab.us,w86,lruforgive,10,8410,27,1,2,0.9513,0.24,4749562,84102.5536,4305575
node5.tardis-apia.ldos-ut-pg0.wisc.cloudlab.us,w86,lruforgive,10,8410,27,1,3,0.9513,0.24,4749562,84102.5536,4305575
node5.tardis-apia.ldos-ut-pg0.wisc.cloudlab.us,w86,s3fifo,10,8410,27,1,1,0.9441,0.23,4749562,84102.5536,4305575
node5.tardis-apia.ldos-ut-pg0.wisc.cloudlab.us,w86,s3fifo,10,8410,27,1,2,0.9441,0.22,4749562,84102.5536,4305575
node5.tardis-apia.ldos-ut-pg0.wisc.cloudlab.us,w86,s3fifo,10,8410,27,1,3,0.9441,0.22,4749562,84102.5536,4305575
node5.tardis-apia.ldos-ut-pg0.wisc.cloudlab.us,w86,s3fifoforgive,10,8410,27,1,1,0.9440,0.26,4749562,84102.5536,4305575
node5.tardis-apia.ldos-ut-pg0.wisc.cloudlab.us,w86,s3fifoforgive,10,8410,27,1,2,0.9440,0.27,4749562,84102.5536,4305575
node5.tardis-apia.ldos-ut-pg0.wisc.cloudlab.us,w86,s3fifoforgive,10,8410,27,1,3,0.9440,0.27,4749562,84102.5536,4305575
node5.tardis-apia.ldos-ut-pg0.wisc.cloudlab.us,w86,lru,0.1,84,22,1,1,0.9666,0.70,4749562,84102.5536,4305575
node5.tardis-apia.ldos-ut-pg0.wisc.cloudlab.us,w86,lru,0.1,84,22,1,2,0.9666,0.70,4749562,84102.5536,4305575
node5.tardis-apia.ldos-ut-pg0.wisc.cloudlab.us,w86,lru,0.1,84,22,1,3,0.9666,0.71,4749562,84102.5536,4305575
node5.tardis-apia.ldos-ut-pg0.wisc.cloudlab.us,w86,lruforgive,0.1,84,22,1,1,0.9643,0.56,4749562,84102.5536,4305575
node5.tardis-apia.ldos-ut-pg0.wisc.cloudlab.us,w86,lruforgive,0.1,84,22,1,2,0.9643,0.57,4749562,84102.5536,4305575
node5.tardis-apia.ldos-ut-pg0.wisc.cloudlab.us,w86,lruforgive,0.1,84,22,1,3,0.9643,0.56,4749562,84102.5536,4305575
node5.tardis-apia.ldos-ut-pg0.wisc.cloudlab.us,w86,s3fifo,0.1,84,22,1,1,0.9662,0.78,4749562,84102.5536,4305575
node5.tardis-apia.ldos-ut-pg0.wisc.cloudlab.us,w86,s3fifo,0.1,84,22,1,2,0.9662,0.79,4749562,84102.5536,4305575
node5.tardis-apia.ldos-ut-pg0.wisc.cloudlab.us,w86,s3fifo,0.1,84,22,1,3,0.9662,0.78,4749562,84102.5536,4305575
node5.tardis-apia.ldos-ut-pg0.wisc.cloudlab.us,w86,s3fifoforgive,0.1,84,22,1,1,0.9659,0.73,4749562,84102.5536,4305575
node5.tardis-apia.ldos-ut-pg0.wisc.cloudlab.us,w86,s3fifoforgive,0.1,84,22,1,2,0.9659,0.71,4749562,84102.5536,4305575
node5.tardis-apia.ldos-ut-pg0.wisc.cloudlab.us,w86,s3fifoforgive,0.1,84,22,1,3,0.9659,0.72,4749562,84102.5536,4305575
node5.tardis-apia.ldos-ut-pg0.wisc.cloudlab.us,w87,lru,10,3374,27,1,1,0.7682,0.26,3788805,33744.4864,2188363
node5.tardis-apia.ldos-ut-pg0.wisc.cloudlab.us,w87,lru,10,3374,27,1,2,0.7682,0.25,3788805,33744.4864,2188363
node5.tardis-apia.ldos-ut-pg0.wisc.cloudlab.us,w87,lru,10,3374,27,1,3,0.7682,0.26,3788805,33744.4864,2188363
node5.tardis-apia.ldos-ut-pg0.wisc.cloudlab.us,w87,lruforgive,10,3374,27,1,1,0.7666,0.28,3788805,33744.4864,2188363
node5.tardis-apia.ldos-ut-pg0.wisc.cloudlab.us,w87,lruforgive,10,3374,27,1,2,0.7666,0.27,3788805,33744.4864,2188363
node5.tardis-apia.ldos-ut-pg0.wisc.cloudlab.us,w87,lruforgive,10,3374,27,1,3,0.7666,0.28,3788805,33744.4864,2188363
node5.tardis-apia.ldos-ut-pg0.wisc.cloudlab.us,w87,s3fifo,10,3374,27,1,1,0.7579,0.29,3788805,33744.4864,2188363
node5.tardis-apia.ldos-ut-pg0.wisc.cloudlab.us,w87,s3fifo,10,3374,27,1,2,0.7580,0.29,3788805,33744.4864,2188363
node5.tardis-apia.ldos-ut-pg0.wisc.cloudlab.us,w87,s3fifo,10,3374,27,1,3,0.7579,0.29,3788805,33744.4864,2188363
node5.tardis-apia.ldos-ut-pg0.wisc.cloudlab.us,w87,s3fifoforgive,10,3374,27,1,1,0.7571,0.32,3788805,33744.4864,2188363
node5.tardis-apia.ldos-ut-pg0.wisc.cloudlab.us,w87,s3fifoforgive,10,3374,27,1,2,0.7572,0.32,3788805,33744.4864,2188363
node5.tardis-apia.ldos-ut-pg0.wisc.cloudlab.us,w87,s3fifoforgive,10,3374,27,1,3,0.7571,0.32,3788805,33744.4864,2188363
node5.tardis-apia.ldos-ut-pg0.wisc.cloudlab.us,w87,lru,0.1,34,21,1,1,0.9720,0.93,3788805,33744.4864,2188363
node5.tardis-apia.ldos-ut-pg0.wisc.cloudlab.us,w87,lru,0.1,34,21,1,2,0.9720,0.94,3788805,33744.4864,2188363
node5.tardis-apia.ldos-ut-pg0.wisc.cloudlab.us,w87,lru,0.1,34,21,1,3,0.9720,0.94,3788805,33744.4864,2188363
node5.tardis-apia.ldos-ut-pg0.wisc.cloudlab.us,w87,lruforgive,0.1,34,21,1,1,0.9728,0.78,3788805,33744.4864,2188363
node5.tardis-apia.ldos-ut-pg0.wisc.cloudlab.us,w87,lruforgive,0.1,34,21,1,2,0.9728,0.78,3788805,33744.4864,2188363
node5.tardis-apia.ldos-ut-pg0.wisc.cloudlab.us,w87,lruforgive,0.1,34,21,1,3,0.9728,0.78,3788805,33744.4864,2188363
node5.tardis-apia.ldos-ut-pg0.wisc.cloudlab.us,w87,s3fifo,0.1,34,21,1,1,0.9869,0.95,3788805,33744.4864,2188363
node5.tardis-apia.ldos-ut-pg0.wisc.cloudlab.us,w87,s3fifo,0.1,34,21,1,2,0.9869,0.94,3788805,33744.4864,2188363
node5.tardis-apia.ldos-ut-pg0.wisc.cloudlab.us,w87,s3fifo,0.1,34,21,1,3,0.9869,0.95,3788805,33744.4864,2188363
node5.tardis-apia.ldos-ut-pg0.wisc.cloudlab.us,w87,s3fifoforgive,0.1,34,21,1,1,0.9867,0.88,3788805,33744.4864,2188363
node5.tardis-apia.ldos-ut-pg0.wisc.cloudlab.us,w87,s3fifoforgive,0.1,34,21,1,2,0.9867,0.89,3788805,33744.4864,2188363
node5.tardis-apia.ldos-ut-pg0.wisc.cloudlab.us,w87,s3fifoforgive,0.1,34,21,1,3,0.9867,0.89,3788805,33744.4864,2188363
node5.tardis-apia.ldos-ut-pg0.wisc.cloudlab.us,w88,lru,10,776,26,1,1,0.2639,0.60,4711052,7756.3904,418027
node5.tardis-apia.ldos-ut-pg0.wisc.cloudlab.us,w88,lru,10,776,26,1,2,0.2639,0.59,4711052,7756.3904,418027
node5.tardis-apia.ldos-ut-pg0.wisc.cloudlab.us,w88,lru,10,776,26,1,3,0.2639,0.59,4711052,7756.3904,418027
node5.tardis-apia.ldos-ut-pg0.wisc.cloudlab.us,w88,lruforgive,10,776,26,1,1,0.2583,0.40,4711052,7756.3904,418027
node5.tardis-apia.ldos-ut-pg0.wisc.cloudlab.us,w88,lruforgive,10,776,26,1,2,0.2583,0.40,4711052,7756.3904,418027
node5.tardis-apia.ldos-ut-pg0.wisc.cloudlab.us,w88,lruforgive,10,776,26,1,3,0.2583,0.39,4711052,7756.3904,418027
node5.tardis-apia.ldos-ut-pg0.wisc.cloudlab.us,w88,s3fifo,10,776,26,1,1,0.2484,0.83,4711052,7756.3904,418027
node5.tardis-apia.ldos-ut-pg0.wisc.cloudlab.us,w88,s3fifo,10,776,26,1,2,0.2484,0.82,4711052,7756.3904,418027
node5.tardis-apia.ldos-ut-pg0.wisc.cloudlab.us,w88,s3fifo,10,776,26,1,3,0.2484,0.83,4711052,7756.3904,418027
node5.tardis-apia.ldos-ut-pg0.wisc.cloudlab.us,w88,s3fifoforgive,10,776,26,1,1,0.2464,0.51,4711052,7756.3904,418027
node5.tardis-apia.ldos-ut-pg0.wisc.cloudlab.us,w88,s3fifoforgive,10,776,26,1,2,0.2464,0.51,4711052,7756.3904,418027
node5.tardis-apia.ldos-ut-pg0.wisc.cloudlab.us,w88,s3fifoforgive,10,776,26,1,3,0.2464,0.51,4711052,7756.3904,418027
node5.tardis-apia.ldos-ut-pg0.wisc.cloudlab.us,w89,lru,10,2234,27,1,1,0.3821,0.51,3625917,22335.7952,770712
node5.tardis-apia.ldos-ut-pg0.wisc.cloudlab.us,w89,lru,10,2234,27,1,2,0.3821,0.51,3625917,22335.7952,770712
node5.tardis-apia.ldos-ut-pg0.wisc.cloudlab.us,w89,lru,10,2234,27,1,3,0.3821,0.51,3625917,22335.7952,770712
node5.tardis-apia.ldos-ut-pg0.wisc.cloudlab.us,w89,lruforgive,10,2234,27,1,1,0.3808,0.40,3625917,22335.7952,770712
node5.tardis-apia.ldos-ut-pg0.wisc.cloudlab.us,w89,lruforgive,10,2234,27,1,2,0.3808,0.41,3625917,22335.7952,770712
node5.tardis-apia.ldos-ut-pg0.wisc.cloudlab.us,w89,lruforgive,10,2234,27,1,3,0.3808,0.40,3625917,22335.7952,770712
node5.tardis-apia.ldos-ut-pg0.wisc.cloudlab.us,w89,s3fifo,10,2234,27,1,1,0.3391,0.59,3625917,22335.7952,770712
node5.tardis-apia.ldos-ut-pg0.wisc.cloudlab.us,w89,s3fifo,10,2234,27,1,2,0.3391,0.59,3625917,22335.7952,770712
node5.tardis-apia.ldos-ut-pg0.wisc.cloudlab.us,w89,s3fifo,10,2234,27,1,3,0.3391,0.59,3625917,22335.7952,770712
node5.tardis-apia.ldos-ut-pg0.wisc.cloudlab.us,w89,s3fifoforgive,10,2234,27,1,1,0.3389,0.44,3625917,22335.7952,770712
node5.tardis-apia.ldos-ut-pg0.wisc.cloudlab.us,w89,s3fifoforgive,10,2234,27,1,2,0.3389,0.44,3625917,22335.7952,770712
node5.tardis-apia.ldos-ut-pg0.wisc.cloudlab.us,w89,s3fifoforgive,10,2234,27,1,3,0.3389,0.44,3625917,22335.7952,770712
node5.tardis-apia.ldos-ut-pg0.wisc.cloudlab.us,w90,lru,10,1666,27,1,1,0.6664,0.16,4493514,16662.528,590031
node5.tardis-apia.ldos-ut-pg0.wisc.cloudlab.us,w90,lru,10,1666,27,1,2,0.6664,0.16,4493514,16662.528,590031
node5.tardis-apia.ldos-ut-pg0.wisc.cloudlab.us,w90,lru,10,1666,27,1,3,0.6664,0.16,4493514,16662.528,590031
node5.tardis-apia.ldos-ut-pg0.wisc.cloudlab.us,w90,lruforgive,10,1666,27,1,1,0.6537,0.16,4493514,16662.528,590031
node5.tardis-apia.ldos-ut-pg0.wisc.cloudlab.us,w90,lruforgive,10,1666,27,1,2,0.6537,0.16,4493514,16662.528,590031
node5.tardis-apia.ldos-ut-pg0.wisc.cloudlab.us,w90,lruforgive,10,1666,27,1,3,0.6537,0.16,4493514,16662.528,590031
node5.tardis-apia.ldos-ut-pg0.wisc.cloudlab.us,w90,s3fifo,10,1666,27,1,1,0.6492,0.24,4493514,16662.528,590031
node5.tardis-apia.ldos-ut-pg0.wisc.cloudlab.us,w90,s3fifo,10,1666,27,1,2,0.6492,0.24,4493514,16662.528,590031
node5.tardis-apia.ldos-ut-pg0.wisc.cloudlab.us,w90,s3fifo,10,1666,27,1,3,0.6492,0.25,4493514,16662.528,590031
node5.tardis-apia.ldos-ut-pg0.wisc.cloudlab.us,w90,s3fifoforgive,10,1666,27,1,1,0.6310,0.23,4493514,16662.528,590031
node5.tardis-apia.ldos-ut-pg0.wisc.cloudlab.us,w90,s3fifoforgive,10,1666,27,1,2,0.6310,0.23,4493514,16662.528,590031
node5.tardis-apia.ldos-ut-pg0.wisc.cloudlab.us,w90,s3fifoforgive,10,1666,27,1,3,0.6310,0.23,4493514,16662.528,590031
node5.tardis-apia.ldos-ut-pg0.wisc.cloudlab.us,w91,lru,10,1609,27,1,1,0.3522,0.41,4316604,16089.3952,584272
node5.tardis-apia.ldos-ut-pg0.wisc.cloudlab.us,w91,lru,10,1609,27,1,2,0.3522,0.41,4316604,16089.3952,584272
node5.tardis-apia.ldos-ut-pg0.wisc.cloudlab.us,w91,lru,10,1609,27,1,3,0.3522,0.41,4316604,16089.3952,584272
node5.tardis-apia.ldos-ut-pg0.wisc.cloudlab.us,w91,lruforgive,10,1609,27,1,1,0.3479,0.35,4316604,16089.3952,584272
node5.tardis-apia.ldos-ut-pg0.wisc.cloudlab.us,w91,lruforgive,10,1609,27,1,2,0.3479,0.35,4316604,16089.3952,584272
node5.tardis-apia.ldos-ut-pg0.wisc.cloudlab.us,w91,lruforgive,10,1609,27,1,3,0.3479,0.35,4316604,16089.3952,584272
node5.tardis-apia.ldos-ut-pg0.wisc.cloudlab.us,w91,s3fifo,10,1609,27,1,1,0.3002,0.47,4316604,16089.3952,584272
node5.tardis-apia.ldos-ut-pg0.wisc.cloudlab.us,w91,s3fifo,10,1609,27,1,2,0.3002,0.47,4316604,16089.3952,584272
node5.tardis-apia.ldos-ut-pg0.wisc.cloudlab.us,w91,s3fifo,10,1609,27,1,3,0.3002,0.47,4316604,16089.3952,584272
node5.tardis-apia.ldos-ut-pg0.wisc.cloudlab.us,w91,s3fifoforgive,10,1609,27,1,1,0.3003,0.37,4316604,16089.3952,584272
node5.tardis-apia.ldos-ut-pg0.wisc.cloudlab.us,w91,s3fifoforgive,10,1609,27,1,2,0.3003,0.36,4316604,16089.3952,584272
node5.tardis-apia.ldos-ut-pg0.wisc.cloudlab.us,w91,s3fifoforgive,10,1609,27,1,3,0.3003,0.36,4316604,16089.3952,584272
node5.tardis-apia.ldos-ut-pg0.wisc.cloudlab.us,w92,lru,10,2224,27,1,1,0.8215,0.18,4284657,22243.2256,606386
node5.tardis-apia.ldos-ut-pg0.wisc.cloudlab.us,w92,lru,10,2224,27,1,2,0.8215,0.18,4284657,22243.2256,606386
node5.tardis-apia.ldos-ut-pg0.wisc.cloudlab.us,w92,lru,10,2224,27,1,3,0.8215,0.18,4284657,22243.2256,606386
node5.tardis-apia.ldos-ut-pg0.wisc.cloudlab.us,w92,lruforgive,10,2224,27,1,1,0.8195,0.18,4284657,22243.2256,606386
node5.tardis-apia.ldos-ut-pg0.wisc.cloudlab.us,w92,lruforgive,10,2224,27,1,2,0.8195,0.19,4284657,22243.2256,606386
node5.tardis-apia.ldos-ut-pg0.wisc.cloudlab.us,w92,lruforgive,10,2224,27,1,3,0.8195,0.18,4284657,22243.2256,606386
node5.tardis-apia.ldos-ut-pg0.wisc.cloudlab.us,w92,s3fifo,10,2224,27,1,1,0.7569,0.18,4284657,22243.2256,606386
node5.tardis-apia.ldos-ut-pg0.wisc.cloudlab.us,w92,s3fifo,10,2224,27,1,2,0.7569,0.18,4284657,22243.2256,606386
node5.tardis-apia.ldos-ut-pg0.wisc.cloudlab.us,w92,s3fifo,10,2224,27,1,3,0.7569,0.18,4284657,22243.2256,606386
node5.tardis-apia.ldos-ut-pg0.wisc.cloudlab.us,w92,s3fifoforgive,10,2224,27,1,1,0.7569,0.18,4284657,22243.2256,606386
node5.tardis-apia.ldos-ut-pg0.wisc.cloudlab.us,w92,s3fifoforgive,10,2224,27,1,2,0.7569,0.18,4284657,22243.2256,606386
node5.tardis-apia.ldos-ut-pg0.wisc.cloudlab.us,w92,s3fifoforgive,10,2224,27,1,3,0.7569,0.18,4284657,22243.2256,606386
node5.tardis-apia.ldos-ut-pg0.wisc.cloudlab.us,w93,lru,10,3196,27,1,1,0.8296,0.16,3351356,31964.16,1068996
node5.tardis-apia.ldos-ut-pg0.wisc.cloudlab.us,w93,lru,10,3196,27,1,2,0.8296,0.15,3351356,31964.16,1068996
node5.tardis-apia.ldos-ut-pg0.wisc.cloudlab.us,w93,lru,10,3196,27,1,3,0.8296,0.16,3351356,31964.16,1068996
node5.tardis-apia.ldos-ut-pg0.wisc.cloudlab.us,w93,lruforgive,10,3196,27,1,1,0.8262,0.16,3351356,31964.16,1068996
node5.tardis-apia.ldos-ut-pg0.wisc.cloudlab.us,w93,lruforgive,10,3196,27,1,2,0.8262,0.16,3351356,31964.16,1068996
node5.tardis-apia.ldos-ut-pg0.wisc.cloudlab.us,w93,lruforgive,10,3196,27,1,3,0.8262,0.16,3351356,31964.16,1068996
node5.tardis-apia.ldos-ut-pg0.wisc.cloudlab.us,w93,s3fifo,10,3196,27,1,1,0.7863,0.16,3351356,31964.16,1068996
node5.tardis-apia.ldos-ut-pg0.wisc.cloudlab.us,w93,s3fifo,10,3196,27,1,2,0.7863,0.16,3351356,31964.16,1068996
node5.tardis-apia.ldos-ut-pg0.wisc.cloudlab.us,w93,s3fifo,10,3196,27,1,3,0.7863,0.17,3351356,31964.16,1068996
node5.tardis-apia.ldos-ut-pg0.wisc.cloudlab.us,w93,s3fifoforgive,10,3196,27,1,1,0.7863,0.17,3351356,31964.16,1068996
node5.tardis-apia.ldos-ut-pg0.wisc.cloudlab.us,w93,s3fifoforgive,10,3196,27,1,2,0.7863,0.17,3351356,31964.16,1068996
node5.tardis-apia.ldos-ut-pg0.wisc.cloudlab.us,w93,s3fifoforgive,10,3196,27,1,3,0.7863,0.17,3351356,31964.16,1068996
node5.tardis-apia.ldos-ut-pg0.wisc.cloudlab.us,w93,lru,0.1,32,21,1,1,0.8975,2.15,3351356,31964.16,1068996
node5.tardis-apia.ldos-ut-pg0.wisc.cloudlab.us,w93,lru,0.1,32,21,1,2,0.8975,2.22,3351356,31964.16,1068996
node5.tardis-apia.ldos-ut-pg0.wisc.cloudlab.us,w93,lru,0.1,32,21,1,3,0.8975,2.23,3351356,31964.16,1068996
node5.tardis-apia.ldos-ut-pg0.wisc.cloudlab.us,w93,lruforgive,0.1,32,21,1,1,0.8940,1.63,3351356,31964.16,1068996
node5.tardis-apia.ldos-ut-pg0.wisc.cloudlab.us,w93,lruforgive,0.1,32,21,1,2,0.8940,1.61,3351356,31964.16,1068996
node5.tardis-apia.ldos-ut-pg0.wisc.cloudlab.us,w93,lruforgive,0.1,32,21,1,3,0.8940,1.62,3351356,31964.16,1068996
node5.tardis-apia.ldos-ut-pg0.wisc.cloudlab.us,w93,s3fifo,0.1,32,21,1,1,0.8863,2.45,3351356,31964.16,1068996
node5.tardis-apia.ldos-ut-pg0.wisc.cloudlab.us,w93,s3fifo,0.1,32,21,1,2,0.8863,2.39,3351356,31964.16,1068996
node5.tardis-apia.ldos-ut-pg0.wisc.cloudlab.us,w93,s3fifo,0.1,32,21,1,3,0.8863,2.39,3351356,31964.16,1068996
node5.tardis-apia.ldos-ut-pg0.wisc.cloudlab.us,w93,s3fifoforgive,0.1,32,21,1,1,0.8859,1.90,3351356,31964.16,1068996
node5.tardis-apia.ldos-ut-pg0.wisc.cloudlab.us,w93,s3fifoforgive,0.1,32,21,1,2,0.8859,1.90,3351356,31964.16,1068996
node5.tardis-apia.ldos-ut-pg0.wisc.cloudlab.us,w93,s3fifoforgive,0.1,32,21,1,3,0.8859,1.88,3351356,31964.16,1068996
node5.tardis-apia.ldos-ut-pg0.wisc.cloudlab.us,w94,lru,10,5336,27,1,1,0.4489,0.10,4118187,53356.8512,790163
node5.tardis-apia.ldos-ut-pg0.wisc.cloudlab.us,w94,lru,10,5336,27,1,2,0.4489,0.10,4118187,53356.8512,790163
node5.tardis-apia.ldos-ut-pg0.wisc.cloudlab.us,w94,lru,10,5336,27,1,3,0.4489,0.10,4118187,53356.8512,790163
node5.tardis-apia.ldos-ut-pg0.wisc.cloudlab.us,w94,lruforgive,10,5336,27,1,1,0.4391,0.10,4118187,53356.8512,790163
node5.tardis-apia.ldos-ut-pg0.wisc.cloudlab.us,w94,lruforgive,10,5336,27,1,2,0.4391,0.10,4118187,53356.8512,790163
node5.tardis-apia.ldos-ut-pg0.wisc.cloudlab.us,w94,lruforgive,10,5336,27,1,3,0.4394,0.10,4118187,53356.8512,790163
node5.tardis-apia.ldos-ut-pg0.wisc.cloudlab.us,w94,s3fifo,10,5336,27,1,1,0.4332,0.12,4118187,53356.8512,790163
node5.tardis-apia.ldos-ut-pg0.wisc.cloudlab.us,w94,s3fifo,10,5336,27,1,2,0.4333,0.12,4118187,53356.8512,790163
node5.tardis-apia.ldos-ut-pg0.wisc.cloudlab.us,w94,s3fifo,10,5336,27,1,3,0.4334,0.12,4118187,53356.8512,790163
node5.tardis-apia.ldos-ut-pg0.wisc.cloudlab.us,w94,s3fifoforgive,10,5336,27,1,1,0.4072,0.11,4118187,53356.8512,790163
node5.tardis-apia.ldos-ut-pg0.wisc.cloudlab.us,w94,s3fifoforgive,10,5336,27,1,2,0.4071,0.11,4118187,53356.8512,790163
node5.tardis-apia.ldos-ut-pg0.wisc.cloudlab.us,w94,s3fifoforgive,10,5336,27,1,3,0.4074,0.11,4118187,53356.8512,790163
node5.tardis-apia.ldos-ut-pg0.wisc.cloudlab.us,w95,lru,10,844,26,1,1,0.3064,0.53,3937239,8442.5728,415996
node5.tardis-apia.ldos-ut-pg0.wisc.cloudlab.us,w95,lru,10,844,26,1,2,0.3064,0.53,3937239,8442.5728,415996
node5.tardis-apia.ldos-ut-pg0.wisc.cloudlab.us,w95,lru,10,844,26,1,3,0.3064,0.52,3937239,8442.5728,415996
node5.tardis-apia.ldos-ut-pg0.wisc.cloudlab.us,w95,lruforgive,10,844,26,1,1,0.3008,0.40,3937239,8442.5728,415996
node5.tardis-apia.ldos-ut-pg0.wisc.cloudlab.us,w95,lruforgive,10,844,26,1,2,0.3008,0.40,3937239,8442.5728,415996
node5.tardis-apia.ldos-ut-pg0.wisc.cloudlab.us,w95,lruforgive,10,844,26,1,3,0.3008,0.40,3937239,8442.5728,415996
node5.tardis-apia.ldos-ut-pg0.wisc.cloudlab.us,w95,s3fifo,10,844,26,1,1,0.2750,0.82,3937239,8442.5728,415996
node5.tardis-apia.ldos-ut-pg0.wisc.cloudlab.us,w95,s3fifo,10,844,26,1,2,0.2750,0.82,3937239,8442.5728,415996
node5.tardis-apia.ldos-ut-pg0.wisc.cloudlab.us,w95,s3fifo,10,844,26,1,3,0.2750,0.81,3937239,8442.5728,415996
node5.tardis-apia.ldos-ut-pg0.wisc.cloudlab.us,w95,s3fifoforgive,10,844,26,1,1,0.2744,0.53,3937239,8442.5728,415996
node5.tardis-apia.ldos-ut-pg0.wisc.cloudlab.us,w95,s3fifoforgive,10,844,26,1,2,0.2744,0.54,3937239,8442.5728,415996
node5.tardis-apia.ldos-ut-pg0.wisc.cloudlab.us,w95,s3fifoforgive,10,844,26,1,3,0.2744,0.53,3937239,8442.5728,415996
node5.tardis-apia.ldos-ut-pg0.wisc.cloudlab.us,w96,lru,10,1666,27,1,1,0.4714,0.32,3787343,16662.4256,581364
node5.tardis-apia.ldos-ut-pg0.wisc.cloudlab.us,w96,lru,10,1666,27,1,2,0.4714,0.32,3787343,16662.4256,581364
node5.tardis-apia.ldos-ut-pg0.wisc.cloudlab.us,w96,lru,10,1666,27,1,3,0.4714,0.32,3787343,16662.4256,581364
node5.tardis-apia.ldos-ut-pg0.wisc.cloudlab.us,w96,lruforgive,10,1666,27,1,1,0.4688,0.26,3787343,16662.4256,581364
node5.tardis-apia.ldos-ut-pg0.wisc.cloudlab.us,w96,lruforgive,10,1666,27,1,2,0.4687,0.26,3787343,16662.4256,581364
node5.tardis-apia.ldos-ut-pg0.wisc.cloudlab.us,w96,lruforgive,10,1666,27,1,3,0.4687,0.26,3787343,16662.4256,581364
node5.tardis-apia.ldos-ut-pg0.wisc.cloudlab.us,w96,s3fifo,10,1666,27,1,1,0.4848,0.35,3787343,16662.4256,581364
node5.tardis-apia.ldos-ut-pg0.wisc.cloudlab.us,w96,s3fifo,10,1666,27,1,2,0.4848,0.35,3787343,16662.4256,581364
node5.tardis-apia.ldos-ut-pg0.wisc.cloudlab.us,w96,s3fifo,10,1666,27,1,3,0.4848,0.35,3787343,16662.4256,581364
node5.tardis-apia.ldos-ut-pg0.wisc.cloudlab.us,w96,s3fifoforgive,10,1666,27,1,1,0.4829,0.31,3787343,16662.4256,581364
node5.tardis-apia.ldos-ut-pg0.wisc.cloudlab.us,w96,s3fifoforgive,10,1666,27,1,2,0.4828,0.30,3787343,16662.4256,581364
node5.tardis-apia.ldos-ut-pg0.wisc.cloudlab.us,w96,s3fifoforgive,10,1666,27,1,3,0.4828,0.30,3787343,16662.4256,581364
node5.tardis-apia.ldos-ut-pg0.wisc.cloudlab.us,w97,lru,10,5204,27,1,1,0.6803,0.21,3768449,52036.1984,1810588
node5.tardis-apia.ldos-ut-pg0.wisc.cloudlab.us,w97,lru,10,5204,27,1,2,0.6803,0.20,3768449,52036.1984,1810588
node5.tardis-apia.ldos-ut-pg0.wisc.cloudlab.us,w97,lru,10,5204,27,1,3,0.6803,0.20,3768449,52036.1984,1810588
node5.tardis-apia.ldos-ut-pg0.wisc.cloudlab.us,w97,lruforgive,10,5204,27,1,1,0.6785,0.22,3768449,52036.1984,1810588
node5.tardis-apia.ldos-ut-pg0.wisc.cloudlab.us,w97,lruforgive,10,5204,27,1,2,0.6785,0.21,3768449,52036.1984,1810588
node5.tardis-apia.ldos-ut-pg0.wisc.cloudlab.us,w97,lruforgive,10,5204,27,1,3,0.6785,0.21,3768449,52036.1984,1810588
node5.tardis-apia.ldos-ut-pg0.wisc.cloudlab.us,w97,s3fifo,10,5204,27,1,1,0.6538,0.21,3768449,52036.1984,1810588
node5.tardis-apia.ldos-ut-pg0.wisc.cloudlab.us,w97,s3fifo,10,5204,27,1,2,0.6538,0.21,3768449,52036.1984,1810588
node5.tardis-apia.ldos-ut-pg0.wisc.cloudlab.us,w97,s3fifo,10,5204,27,1,3,0.6538,0.20,3768449,52036.1984,1810588
node5.tardis-apia.ldos-ut-pg0.wisc.cloudlab.us,w97,s3fifoforgive,10,5204,27,1,1,0.6538,0.22,3768449,52036.1984,1810588
node5.tardis-apia.ldos-ut-pg0.wisc.cloudlab.us,w97,s3fifoforgive,10,5204,27,1,2,0.6538,0.21,3768449,52036.1984,1810588
node5.tardis-apia.ldos-ut-pg0.wisc.cloudlab.us,w97,s3fifoforgive,10,5204,27,1,3,0.6538,0.21,3768449,52036.1984,1810588
node5.tardis-apia.ldos-ut-pg0.wisc.cloudlab.us,w97,lru,0.1,52,22,1,1,0.8094,0.50,3768449,52036.1984,1810588
node5.tardis-apia.ldos-ut-pg0.wisc.cloudlab.us,w97,lru,0.1,52,22,1,2,0.8094,0.50,3768449,52036.1984,1810588
node5.tardis-apia.ldos-ut-pg0.wisc.cloudlab.us,w97,lru,0.1,52,22,1,3,0.8094,0.50,3768449,52036.1984,1810588
node5.tardis-apia.ldos-ut-pg0.wisc.cloudlab.us,w97,lruforgive,0.1,52,22,1,1,0.7964,0.41,3768449,52036.1984,1810588
node5.tardis-apia.ldos-ut-pg0.wisc.cloudlab.us,w97,lruforgive,0.1,52,22,1,2,0.7964,0.41,3768449,52036.1984,1810588
node5.tardis-apia.ldos-ut-pg0.wisc.cloudlab.us,w97,lruforgive,0.1,52,22,1,3,0.7964,0.41,3768449,52036.1984,1810588
node5.tardis-apia.ldos-ut-pg0.wisc.cloudlab.us,w97,s3fifo,0.1,52,22,1,1,0.8051,0.75,3768449,52036.1984,1810588
node5.tardis-apia.ldos-ut-pg0.wisc.cloudlab.us,w97,s3fifo,0.1,52,22,1,2,0.8051,0.75,3768449,52036.1984,1810588
node5.tardis-apia.ldos-ut-pg0.wisc.cloudlab.us,w97,s3fifo,0.1,52,22,1,3,0.8051,0.75,3768449,52036.1984,1810588
node5.tardis-apia.ldos-ut-pg0.wisc.cloudlab.us,w97,s3fifoforgive,0.1,52,22,1,1,0.8043,0.60,3768449,52036.1984,1810588
node5.tardis-apia.ldos-ut-pg0.wisc.cloudlab.us,w97,s3fifoforgive,0.1,52,22,1,2,0.8043,0.60,3768449,52036.1984,1810588
node5.tardis-apia.ldos-ut-pg0.wisc.cloudlab.us,w97,s3fifoforgive,0.1,52,22,1,3,0.8043,0.59,3768449,52036.1984,1810588
node5.tardis-apia.ldos-ut-pg0.wisc.cloudlab.us,w98,lru,10,5112,27,1,1,0.6773,0.19,3664417,51116.544,1745265
node5.tardis-apia.ldos-ut-pg0.wisc.cloudlab.us,w98,lru,10,5112,27,1,2,0.6773,0.20,3664417,51116.544,1745265
node5.tardis-apia.ldos-ut-pg0.wisc.cloudlab.us,w98,lru,10,5112,27,1,3,0.6773,0.20,3664417,51116.544,1745265
node5.tardis-apia.ldos-ut-pg0.wisc.cloudlab.us,w98,lruforgive,10,5112,27,1,1,0.6752,0.21,3664417,51116.544,1745265
node5.tardis-apia.ldos-ut-pg0.wisc.cloudlab.us,w98,lruforgive,10,5112,27,1,2,0.6752,0.21,3664417,51116.544,1745265
node5.tardis-apia.ldos-ut-pg0.wisc.cloudlab.us,w98,lruforgive,10,5112,27,1,3,0.6752,0.21,3664417,51116.544,1745265
node5.tardis-apia.ldos-ut-pg0.wisc.cloudlab.us,w98,s3fifo,10,5112,27,1,1,0.6495,0.21,3664417,51116.544,1745265
node5.tardis-apia.ldos-ut-pg0.wisc.cloudlab.us,w98,s3fifo,10,5112,27,1,2,0.6495,0.21,3664417,51116.544,1745265
node5.tardis-apia.ldos-ut-pg0.wisc.cloudlab.us,w98,s3fifo,10,5112,27,1,3,0.6495,0.20,3664417,51116.544,1745265
node5.tardis-apia.ldos-ut-pg0.wisc.cloudlab.us,w98,s3fifoforgive,10,5112,27,1,1,0.6495,0.22,3664417,51116.544,1745265
node5.tardis-apia.ldos-ut-pg0.wisc.cloudlab.us,w98,s3fifoforgive,10,5112,27,1,2,0.6495,0.22,3664417,51116.544,1745265
node5.tardis-apia.ldos-ut-pg0.wisc.cloudlab.us,w98,s3fifoforgive,10,5112,27,1,3,0.6495,0.22,3664417,51116.544,1745265
node5.tardis-apia.ldos-ut-pg0.wisc.cloudlab.us,w98,lru,0.1,51,22,1,1,0.8048,0.62,3664417,51116.544,1745265
node5.tardis-apia.ldos-ut-pg0.wisc.cloudlab.us,w98,lru,0.1,51,22,1,2,0.8048,0.62,3664417,51116.544,1745265
node5.tardis-apia.ldos-ut-pg0.wisc.cloudlab.us,w98,lru,0.1,51,22,1,3,0.8048,0.57,3664417,51116.544,1745265
node5.tardis-apia.ldos-ut-pg0.wisc.cloudlab.us,w98,lruforgive,0.1,51,22,1,1,0.7904,0.44,3664417,51116.544,1745265
node5.tardis-apia.ldos-ut-pg0.wisc.cloudlab.us,w98,lruforgive,0.1,51,22,1,2,0.7904,0.45,3664417,51116.544,1745265
node5.tardis-apia.ldos-ut-pg0.wisc.cloudlab.us,w98,lruforgive,0.1,51,22,1,3,0.7904,0.44,3664417,51116.544,1745265
node5.tardis-apia.ldos-ut-pg0.wisc.cloudlab.us,w98,s3fifo,0.1,51,22,1,1,0.7996,0.79,3664417,51116.544,1745265
node5.tardis-apia.ldos-ut-pg0.wisc.cloudlab.us,w98,s3fifo,0.1,51,22,1,2,0.7996,0.79,3664417,51116.544,1745265
node5.tardis-apia.ldos-ut-pg0.wisc.cloudlab.us,w98,s3fifo,0.1,51,22,1,3,0.7996,0.79,3664417,51116.544,1745265
node5.tardis-apia.ldos-ut-pg0.wisc.cloudlab.us,w98,s3fifoforgive,0.1,51,22,1,1,0.7985,0.63,3664417,51116.544,1745265
node5.tardis-apia.ldos-ut-pg0.wisc.cloudlab.us,w98,s3fifoforgive,0.1,51,22,1,2,0.7985,0.62,3664417,51116.544,1745265
node5.tardis-apia.ldos-ut-pg0.wisc.cloudlab.us,w98,s3fifoforgive,0.1,51,22,1,3,0.7985,0.63,3664417,51116.544,1745265
node5.tardis-apia.ldos-ut-pg0.wisc.cloudlab.us,w99,lru,10,1929,27,1,1,0.6619,0.19,3660839,19294.208,437194
node5.tardis-apia.ldos-ut-pg0.wisc.cloudlab.us,w99,lru,10,1929,27,1,2,0.6619,0.19,3660839,19294.208,437194
node5.tardis-apia.ldos-ut-pg0.wisc.cloudlab.us,w99,lru,10,1929,27,1,3,0.6619,0.19,3660839,19294.208,437194
node5.tardis-apia.ldos-ut-pg0.wisc.cloudlab.us,w99,lruforgive,10,1929,27,1,1,0.6607,0.20,3660839,19294.208,437194
node5.tardis-apia.ldos-ut-pg0.wisc.cloudlab.us,w99,lruforgive,10,1929,27,1,2,0.6607,0.21,3660839,19294.208,437194
node5.tardis-apia.ldos-ut-pg0.wisc.cloudlab.us,w99,lruforgive,10,1929,27,1,3,0.6607,0.20,3660839,19294.208,437194
node5.tardis-apia.ldos-ut-pg0.wisc.cloudlab.us,w99,s3fifo,10,1929,27,1,1,0.6351,0.19,3660839,19294.208,437194
node5.tardis-apia.ldos-ut-pg0.wisc.cloudlab.us,w99,s3fifo,10,1929,27,1,2,0.6351,0.19,3660839,19294.208,437194
node5.tardis-apia.ldos-ut-pg0.wisc.cloudlab.us,w99,s3fifo,10,1929,27,1,3,0.6351,0.19,3660839,19294.208,437194
node5.tardis-apia.ldos-ut-pg0.wisc.cloudlab.us,w99,s3fifoforgive,10,1929,27,1,1,0.6349,0.21,3660839,19294.208,437194
node5.tardis-apia.ldos-ut-pg0.wisc.cloudlab.us,w99,s3fifoforgive,10,1929,27,1,2,0.6349,0.21,3660839,19294.208,437194
node5.tardis-apia.ldos-ut-pg0.wisc.cloudlab.us,w99,s3fifoforgive,10,1929,27,1,3,0.6349,0.21,3660839,19294.208,437194
node5.tardis-apia.ldos-ut-pg0.wisc.cloudlab.us,202206_kv_traces_all.csv,lru,10,6165,27,1,1,0.0599,2.49,1665685868,61650.8416,52005744
node5.tardis-apia.ldos-ut-pg0.wisc.cloudlab.us,202206_kv_traces_all.csv,lru,10,6165,27,1,2,0.0599,2.48,1665685868,61650.8416,52005744
node5.tardis-apia.ldos-ut-pg0.wisc.cloudlab.us,202206_kv_traces_all.csv,lru,10,6165,27,1,3,0.0599,2.49,1665685868,61650.8416,52005744
node5.tardis-apia.ldos-ut-pg0.wisc.cloudlab.us,202206_kv_traces_all.csv,lruforgive,10,6165,27,1,1,NA,NA,NA,61650.8416,52005744
node5.tardis-apia.ldos-ut-pg0.wisc.cloudlab.us,202206_kv_traces_all.csv,lruforgive,10,6165,27,1,2,NA,NA,NA,61650.8416,52005744
node5.tardis-apia.ldos-ut-pg0.wisc.cloudlab.us,202206_kv_traces_all.csv,lruforgive,10,6165,27,1,3,NA,NA,NA,61650.8416,52005744
node5.tardis-apia.ldos-ut-pg0.wisc.cloudlab.us,202206_kv_traces_all.csv,s3fifo,10,6165,27,1,1,0.0493,2.58,1665685868,61650.8416,52005744
node5.tardis-apia.ldos-ut-pg0.wisc.cloudlab.us,202206_kv_traces_all.csv,s3fifo,10,6165,27,1,2,0.0493,2.58,1665685868,61650.8416,52005744
node5.tardis-apia.ldos-ut-pg0.wisc.cloudlab.us,202206_kv_traces_all.csv,s3fifo,10,6165,27,1,3,0.0493,2.59,1665685868,61650.8416,52005744
node5.tardis-apia.ldos-ut-pg0.wisc.cloudlab.us,202206_kv_traces_all.csv,s3fifoforgive,10,6165,27,1,1,NA,NA,NA,61650.8416,52005744
node5.tardis-apia.ldos-ut-pg0.wisc.cloudlab.us,202206_kv_traces_all.csv,s3fifoforgive,10,6165,27,1,2,NA,NA,NA,61650.8416,52005744
node5.tardis-apia.ldos-ut-pg0.wisc.cloudlab.us,202206_kv_traces_all.csv,s3fifoforgive,10,6165,27,1,3,NA,NA,NA,61650.8416,52005744
node5.tardis-apia.ldos-ut-pg0.wisc.cloudlab.us,202206_kv_traces_all.csv,lru,0.1,62,22,1,1,0.2575,2.53,1665685868,61650.8416,52005744
node5.tardis-apia.ldos-ut-pg0.wisc.cloudlab.us,202206_kv_traces_all.csv,lru,0.1,62,22,1,2,0.2575,2.57,1665685868,61650.8416,52005744
node5.tardis-apia.ldos-ut-pg0.wisc.cloudlab.us,202206_kv_traces_all.csv,lru,0.1,62,22,1,3,0.2575,2.54,1665685868,61650.8416,52005744
node5.tardis-apia.ldos-ut-pg0.wisc.cloudlab.us,202206_kv_traces_all.csv,lruforgive,0.1,62,22,1,1,0.2534,0.90,1665685868,61650.8416,52005744
node5.tardis-apia.ldos-ut-pg0.wisc.cloudlab.us,202206_kv_traces_all.csv,lruforgive,0.1,62,22,1,2,0.2534,0.90,1665685868,61650.8416,52005744
node5.tardis-apia.ldos-ut-pg0.wisc.cloudlab.us,202206_kv_traces_all.csv,lruforgive,0.1,62,22,1,3,0.2534,0.90,1665685868,61650.8416,52005744
node5.tardis-apia.ldos-ut-pg0.wisc.cloudlab.us,202206_kv_traces_all.csv,s3fifo,0.1,62,22,1,1,0.2151,2.80,1665685868,61650.8416,52005744
node5.tardis-apia.ldos-ut-pg0.wisc.cloudlab.us,202206_kv_traces_all.csv,s3fifo,0.1,62,22,1,2,0.2151,2.84,1665685868,61650.8416,52005744
node5.tardis-apia.ldos-ut-pg0.wisc.cloudlab.us,202206_kv_traces_all.csv,s3fifo,0.1,62,22,1,3,0.2151,2.83,1665685868,61650.8416,52005744
node5.tardis-apia.ldos-ut-pg0.wisc.cloudlab.us,202206_kv_traces_all.csv,s3fifoforgive,0.1,62,22,1,1,0.2151,0.93,1665685868,61650.8416,52005744
node5.tardis-apia.ldos-ut-pg0.wisc.cloudlab.us,202206_kv_traces_all.csv,s3fifoforgive,0.1,62,22,1,2,0.2151,0.92,1665685868,61650.8416,52005744
node5.tardis-apia.ldos-ut-pg0.wisc.cloudlab.us,202206_kv_traces_all.csv,s3fifoforgive,0.1,62,22,1,3,0.2151,0.94,1665685868,61650.8416,52005744
node5.tardis-apia.ldos-ut-pg0.wisc.cloudlab.us,202210_kv_traces_all_sort.csv,lru,10,8531,27,1,1,0.0540,2.22,1496890674,85308.1088,48009053
node5.tardis-apia.ldos-ut-pg0.wisc.cloudlab.us,202210_kv_traces_all_sort.csv,lru,10,8531,27,1,2,0.0540,2.20,1496890674,85308.1088,48009053
node5.tardis-apia.ldos-ut-pg0.wisc.cloudlab.us,202210_kv_traces_all_sort.csv,lru,10,8531,27,1,3,0.0540,2.21,1496890674,85308.1088,48009053
node5.tardis-apia.ldos-ut-pg0.wisc.cloudlab.us,202210_kv_traces_all_sort.csv,lruforgive,10,8531,27,1,1,NA,NA,NA,85308.1088,48009053
node5.tardis-apia.ldos-ut-pg0.wisc.cloudlab.us,202210_kv_traces_all_sort.csv,lruforgive,10,8531,27,1,2,NA,NA,NA,85308.1088,48009053
node5.tardis-apia.ldos-ut-pg0.wisc.cloudlab.us,202210_kv_traces_all_sort.csv,lruforgive,10,8531,27,1,3,NA,NA,NA,85308.1088,48009053
node5.tardis-apia.ldos-ut-pg0.wisc.cloudlab.us,202210_kv_traces_all_sort.csv,s3fifo,10,8531,27,1,1,0.0494,2.55,1496890674,85308.1088,48009053
node5.tardis-apia.ldos-ut-pg0.wisc.cloudlab.us,202210_kv_traces_all_sort.csv,s3fifo,10,8531,27,1,2,0.0494,2.62,1496890674,85308.1088,48009053
node5.tardis-apia.ldos-ut-pg0.wisc.cloudlab.us,202210_kv_traces_all_sort.csv,s3fifo,10,8531,27,1,3,0.0494,2.58,1496890674,85308.1088,48009053
node5.tardis-apia.ldos-ut-pg0.wisc.cloudlab.us,202210_kv_traces_all_sort.csv,s3fifoforgive,10,8531,27,1,1,NA,NA,NA,85308.1088,48009053
node5.tardis-apia.ldos-ut-pg0.wisc.cloudlab.us,202210_kv_traces_all_sort.csv,s3fifoforgive,10,8531,27,1,2,NA,NA,NA,85308.1088,48009053
node5.tardis-apia.ldos-ut-pg0.wisc.cloudlab.us,202210_kv_traces_all_sort.csv,s3fifoforgive,10,8531,27,1,3,NA,NA,NA,85308.1088,48009053
node5.tardis-apia.ldos-ut-pg0.wisc.cloudlab.us,202210_kv_traces_all_sort.csv,lru,0.1,85,22,1,1,0.1791,2.54,1496890674,85308.1088,48009053
node5.tardis-apia.ldos-ut-pg0.wisc.cloudlab.us,202210_kv_traces_all_sort.csv,lru,0.1,85,22,1,2,0.1791,2.53,1496890674,85308.1088,48009053
node5.tardis-apia.ldos-ut-pg0.wisc.cloudlab.us,202210_kv_traces_all_sort.csv,lru,0.1,85,22,1,3,0.1791,2.56,1496890674,85308.1088,48009053
node5.tardis-apia.ldos-ut-pg0.wisc.cloudlab.us,202210_kv_traces_all_sort.csv,lruforgive,0.1,85,22,1,1,0.1790,0.83,1496890674,85308.1088,48009053
node5.tardis-apia.ldos-ut-pg0.wisc.cloudlab.us,202210_kv_traces_all_sort.csv,lruforgive,0.1,85,22,1,2,0.1790,0.82,1496890674,85308.1088,48009053
node5.tardis-apia.ldos-ut-pg0.wisc.cloudlab.us,202210_kv_traces_all_sort.csv,lruforgive,0.1,85,22,1,3,0.1790,0.82,1496890674,85308.1088,48009053
node5.tardis-apia.ldos-ut-pg0.wisc.cloudlab.us,202210_kv_traces_all_sort.csv,s3fifo,0.1,85,22,1,1,0.1624,2.75,1496890674,85308.1088,48009053
node5.tardis-apia.ldos-ut-pg0.wisc.cloudlab.us,202210_kv_traces_all_sort.csv,s3fifo,0.1,85,22,1,2,0.1624,2.79,1496890674,85308.1088,48009053
node5.tardis-apia.ldos-ut-pg0.wisc.cloudlab.us,202210_kv_traces_all_sort.csv,s3fifo,0.1,85,22,1,3,0.1624,2.60,1496890674,85308.1088,48009053
node5.tardis-apia.ldos-ut-pg0.wisc.cloudlab.us,202210_kv_traces_all_sort.csv,s3fifoforgive,0.1,85,22,1,1,0.1624,0.86,1496890674,85308.1088,48009053
node5.tardis-apia.ldos-ut-pg0.wisc.cloudlab.us,202210_kv_traces_all_sort.csv,s3fifoforgive,0.1,85,22,1,2,0.1624,0.85,1496890674,85308.1088,48009053
node5.tardis-apia.ldos-ut-pg0.wisc.cloudlab.us,202210_kv_traces_all_sort.csv,s3fifoforgive,0.1,85,22,1,3,0.1624,0.85,1496890674,85308.1088,48009053
node5.tardis-apia.ldos-ut-pg0.wisc.cloudlab.us,cluster3,lru,10,44,21,1,1,0.0590,3.20,820307311,441.9584,6265139
node5.tardis-apia.ldos-ut-pg0.wisc.cloudlab.us,cluster3,lru,10,44,21,1,2,0.0590,3.28,820307311,441.9584,6265139
node5.tardis-apia.ldos-ut-pg0.wisc.cloudlab.us,cluster3,lru,10,44,21,1,3,0.0590,3.27,820307311,441.9584,6265139
node5.tardis-apia.ldos-ut-pg0.wisc.cloudlab.us,cluster3,lruforgive,10,44,21,1,1,0.0590,0.78,820307311,441.9584,6265139
node5.tardis-apia.ldos-ut-pg0.wisc.cloudlab.us,cluster3,lruforgive,10,44,21,1,2,0.0590,0.77,820307311,441.9584,6265139
node5.tardis-apia.ldos-ut-pg0.wisc.cloudlab.us,cluster3,lruforgive,10,44,21,1,3,0.0590,0.77,820307311,441.9584,6265139
node5.tardis-apia.ldos-ut-pg0.wisc.cloudlab.us,cluster3,s3fifo,10,44,21,1,1,0.0537,3.78,820307311,441.9584,6265139
node5.tardis-apia.ldos-ut-pg0.wisc.cloudlab.us,cluster3,s3fifo,10,44,21,1,2,0.0537,3.82,820307311,441.9584,6265139
node5.tardis-apia.ldos-ut-pg0.wisc.cloudlab.us,cluster3,s3fifo,10,44,21,1,3,0.0537,3.81,820307311,441.9584,6265139
node5.tardis-apia.ldos-ut-pg0.wisc.cloudlab.us,cluster3,s3fifoforgive,10,44,21,1,1,0.0537,0.80,820307311,441.9584,6265139
node5.tardis-apia.ldos-ut-pg0.wisc.cloudlab.us,cluster3,s3fifoforgive,10,44,21,1,2,0.0537,0.78,820307311,441.9584,6265139
node5.tardis-apia.ldos-ut-pg0.wisc.cloudlab.us,cluster3,s3fifoforgive,10,44,21,1,3,0.0537,0.79,820307311,441.9584,6265139
node5.tardis-apia.ldos-ut-pg0.wisc.cloudlab.us,cluster3,lru,0.1,1,16,1,1,NA,NA,NA,441.9584,6265139
node5.tardis-apia.ldos-ut-pg0.wisc.cloudlab.us,cluster3,lru,0.1,1,16,1,2,NA,NA,NA,441.9584,6265139
node5.tardis-apia.ldos-ut-pg0.wisc.cloudlab.us,cluster3,lru,0.1,1,16,1,3,NA,NA,NA,441.9584,6265139
node5.tardis-apia.ldos-ut-pg0.wisc.cloudlab.us,cluster3,lruforgive,0.1,1,16,1,1,NA,NA,NA,441.9584,6265139
node5.tardis-apia.ldos-ut-pg0.wisc.cloudlab.us,cluster3,lruforgive,0.1,1,16,1,2,NA,NA,NA,441.9584,6265139
node5.tardis-apia.ldos-ut-pg0.wisc.cloudlab.us,cluster3,lruforgive,0.1,1,16,1,3,NA,NA,NA,441.9584,6265139
node5.tardis-apia.ldos-ut-pg0.wisc.cloudlab.us,cluster3,s3fifo,0.1,1,16,1,1,NA,NA,NA,441.9584,6265139
node5.tardis-apia.ldos-ut-pg0.wisc.cloudlab.us,cluster3,s3fifo,0.1,1,16,1,2,NA,NA,NA,441.9584,6265139
node5.tardis-apia.ldos-ut-pg0.wisc.cloudlab.us,cluster3,s3fifo,0.1,1,16,1,3,NA,NA,NA,441.9584,6265139
node5.tardis-apia.ldos-ut-pg0.wisc.cloudlab.us,cluster3,s3fifoforgive,0.1,1,16,1,1,NA,NA,NA,441.9584,6265139
node5.tardis-apia.ldos-ut-pg0.wisc.cloudlab.us,cluster3,s3fifoforgive,0.1,1,16,1,2,NA,NA,NA,441.9584,6265139
node5.tardis-apia.ldos-ut-pg0.wisc.cloudlab.us,cluster3,s3fifoforgive,0.1,1,16,1,3,NA,NA,NA,441.9584,6265139
node5.tardis-apia.ldos-ut-pg0.wisc.cloudlab.us,cluster1,lru,10,1,16,1,1,NA,NA,NA,0.1024,1282
node5.tardis-apia.ldos-ut-pg0.wisc.cloudlab.us,cluster1,lru,10,1,16,1,2,NA,NA,NA,0.1024,1282
node5.tardis-apia.ldos-ut-pg0.wisc.cloudlab.us,cluster1,lru,10,1,16,1,3,NA,NA,NA,0.1024,1282
node5.tardis-apia.ldos-ut-pg0.wisc.cloudlab.us,cluster1,lruforgive,10,1,16,1,1,NA,NA,NA,0.1024,1282
node5.tardis-apia.ldos-ut-pg0.wisc.cloudlab.us,cluster1,lruforgive,10,1,16,1,2,NA,NA,NA,0.1024,1282
node5.tardis-apia.ldos-ut-pg0.wisc.cloudlab.us,cluster1,lruforgive,10,1,16,1,3,NA,NA,NA,0.1024,1282
node5.tardis-apia.ldos-ut-pg0.wisc.cloudlab.us,cluster1,s3fifo,10,1,16,1,1,NA,NA,NA,0.1024,1282
node5.tardis-apia.ldos-ut-pg0.wisc.cloudlab.us,cluster1,s3fifo,10,1,16,1,2,NA,NA,NA,0.1024,1282
node5.tardis-apia.ldos-ut-pg0.wisc.cloudlab.us,cluster1,s3fifo,10,1,16,1,3,NA,NA,NA,0.1024,1282
node5.tardis-apia.ldos-ut-pg0.wisc.cloudlab.us,cluster1,s3fifoforgive,10,1,16,1,1,NA,NA,NA,0.1024,1282
node5.tardis-apia.ldos-ut-pg0.wisc.cloudlab.us,cluster1,s3fifoforgive,10,1,16,1,2,NA,NA,NA,0.1024,1282
node5.tardis-apia.ldos-ut-pg0.wisc.cloudlab.us,cluster1,s3fifoforgive,10,1,16,1,3,NA,NA,NA,0.1024,1282
node5.tardis-apia.ldos-ut-pg0.wisc.cloudlab.us,cluster16,lru,10,1,16,1,1,NA,NA,NA,6.144,146541
node5.tardis-apia.ldos-ut-pg0.wisc.cloudlab.us,cluster16,lru,10,1,16,1,2,NA,NA,NA,6.144,146541
node5.tardis-apia.ldos-ut-pg0.wisc.cloudlab.us,cluster16,lru,10,1,16,1,3,NA,NA,NA,6.144,146541
node5.tardis-apia.ldos-ut-pg0.wisc.cloudlab.us,cluster16,lruforgive,10,1,16,1,1,NA,NA,NA,6.144,146541
node5.tardis-apia.ldos-ut-pg0.wisc.cloudlab.us,cluster16,lruforgive,10,1,16,1,2,NA,NA,NA,6.144,146541
node5.tardis-apia.ldos-ut-pg0.wisc.cloudlab.us,cluster16,lruforgive,10,1,16,1,3,NA,NA,NA,6.144,146541
node5.tardis-apia.ldos-ut-pg0.wisc.cloudlab.us,cluster16,s3fifo,10,1,16,1,1,NA,NA,NA,6.144,146541
node5.tardis-apia.ldos-ut-pg0.wisc.cloudlab.us,cluster16,s3fifo,10,1,16,1,2,NA,NA,NA,6.144,146541
node5.tardis-apia.ldos-ut-pg0.wisc.cloudlab.us,cluster16,s3fifo,10,1,16,1,3,NA,NA,NA,6.144,146541
node5.tardis-apia.ldos-ut-pg0.wisc.cloudlab.us,cluster16,s3fifoforgive,10,1,16,1,1,NA,NA,NA,6.144,146541
node5.tardis-apia.ldos-ut-pg0.wisc.cloudlab.us,cluster16,s3fifoforgive,10,1,16,1,2,NA,NA,NA,6.144,146541
node5.tardis-apia.ldos-ut-pg0.wisc.cloudlab.us,cluster16,s3fifoforgive,10,1,16,1,3,NA,NA,NA,6.144,146541
node5.tardis-apia.ldos-ut-pg0.wisc.cloudlab.us,cluster18,lru,10,1,16,1,1,NA,NA,NA,2.8672,114670
node5.tardis-apia.ldos-ut-pg0.wisc.cloudlab.us,cluster18,lru,10,1,16,1,2,NA,NA,NA,2.8672,114670
node5.tardis-apia.ldos-ut-pg0.wisc.cloudlab.us,cluster18,lru,10,1,16,1,3,NA,NA,NA,2.8672,114670
node5.tardis-apia.ldos-ut-pg0.wisc.cloudlab.us,cluster18,lruforgive,10,1,16,1,1,NA,NA,NA,2.8672,114670
node5.tardis-apia.ldos-ut-pg0.wisc.cloudlab.us,cluster18,lruforgive,10,1,16,1,2,NA,NA,NA,2.8672,114670
node5.tardis-apia.ldos-ut-pg0.wisc.cloudlab.us,cluster18,lruforgive,10,1,16,1,3,NA,NA,NA,2.8672,114670
node5.tardis-apia.ldos-ut-pg0.wisc.cloudlab.us,cluster18,s3fifo,10,1,16,1,1,NA,NA,NA,2.8672,114670
node5.tardis-apia.ldos-ut-pg0.wisc.cloudlab.us,cluster18,s3fifo,10,1,16,1,2,NA,NA,NA,2.8672,114670
node5.tardis-apia.ldos-ut-pg0.wisc.cloudlab.us,cluster18,s3fifo,10,1,16,1,3,NA,NA,NA,2.8672,114670
node5.tardis-apia.ldos-ut-pg0.wisc.cloudlab.us,cluster18,s3fifoforgive,10,1,16,1,1,NA,NA,NA,2.8672,114670
node5.tardis-apia.ldos-ut-pg0.wisc.cloudlab.us,cluster18,s3fifoforgive,10,1,16,1,2,NA,NA,NA,2.8672,114670
node5.tardis-apia.ldos-ut-pg0.wisc.cloudlab.us,cluster18,s3fifoforgive,10,1,16,1,3,NA,NA,NA,2.8672,114670
node5.tardis-apia.ldos-ut-pg0.wisc.cloudlab.us,cluster2,lru,10,1,16,1,1,NA,NA,NA,1.4336,35754
node5.tardis-apia.ldos-ut-pg0.wisc.cloudlab.us,cluster2,lru,10,1,16,1,2,NA,NA,NA,1.4336,35754
node5.tardis-apia.ldos-ut-pg0.wisc.cloudlab.us,cluster2,lru,10,1,16,1,3,NA,NA,NA,1.4336,35754
node5.tardis-apia.ldos-ut-pg0.wisc.cloudlab.us,cluster2,lruforgive,10,1,16,1,1,NA,NA,NA,1.4336,35754
node5.tardis-apia.ldos-ut-pg0.wisc.cloudlab.us,cluster2,lruforgive,10,1,16,1,2,NA,NA,NA,1.4336,35754
node5.tardis-apia.ldos-ut-pg0.wisc.cloudlab.us,cluster2,lruforgive,10,1,16,1,3,NA,NA,NA,1.4336,35754
node5.tardis-apia.ldos-ut-pg0.wisc.cloudlab.us,cluster2,s3fifo,10,1,16,1,1,NA,NA,NA,1.4336,35754
node5.tardis-apia.ldos-ut-pg0.wisc.cloudlab.us,cluster2,s3fifo,10,1,16,1,2,NA,NA,NA,1.4336,35754
node5.tardis-apia.ldos-ut-pg0.wisc.cloudlab.us,cluster2,s3fifo,10,1,16,1,3,NA,NA,NA,1.4336,35754
node5.tardis-apia.ldos-ut-pg0.wisc.cloudlab.us,cluster2,s3fifoforgive,10,1,16,1,1,NA,NA,NA,1.4336,35754
node5.tardis-apia.ldos-ut-pg0.wisc.cloudlab.us,cluster2,s3fifoforgive,10,1,16,1,2,NA,NA,NA,1.4336,35754
node5.tardis-apia.ldos-ut-pg0.wisc.cloudlab.us,cluster2,s3fifoforgive,10,1,16,1,3,NA,NA,NA,1.4336,35754
node5.tardis-apia.ldos-ut-pg0.wisc.cloudlab.us,cluster25,lru,10,1,16,1,1,NA,NA,NA,4.3008,63154
node5.tardis-apia.ldos-ut-pg0.wisc.cloudlab.us,cluster25,lru,10,1,16,1,2,NA,NA,NA,4.3008,63154
node5.tardis-apia.ldos-ut-pg0.wisc.cloudlab.us,cluster25,lru,10,1,16,1,3,NA,NA,NA,4.3008,63154
node5.tardis-apia.ldos-ut-pg0.wisc.cloudlab.us,cluster25,lruforgive,10,1,16,1,1,NA,NA,NA,4.3008,63154
node5.tardis-apia.ldos-ut-pg0.wisc.cloudlab.us,cluster25,lruforgive,10,1,16,1,2,NA,NA,NA,4.3008,63154
node5.tardis-apia.ldos-ut-pg0.wisc.cloudlab.us,cluster25,lruforgive,10,1,16,1,3,NA,NA,NA,4.3008,63154
node5.tardis-apia.ldos-ut-pg0.wisc.cloudlab.us,cluster25,s3fifo,10,1,16,1,1,NA,NA,NA,4.3008,63154
node5.tardis-apia.ldos-ut-pg0.wisc.cloudlab.us,cluster25,s3fifo,10,1,16,1,2,NA,NA,NA,4.3008,63154
node5.tardis-apia.ldos-ut-pg0.wisc.cloudlab.us,cluster25,s3fifo,10,1,16,1,3,NA,NA,NA,4.3008,63154
node5.tardis-apia.ldos-ut-pg0.wisc.cloudlab.us,cluster25,s3fifoforgive,10,1,16,1,1,NA,NA,NA,4.3008,63154
node5.tardis-apia.ldos-ut-pg0.wisc.cloudlab.us,cluster25,s3fifoforgive,10,1,16,1,2,NA,NA,NA,4.3008,63154
node5.tardis-apia.ldos-ut-pg0.wisc.cloudlab.us,cluster25,s3fifoforgive,10,1,16,1,3,NA,NA,NA,4.3008,63154
node5.tardis-apia.ldos-ut-pg0.wisc.cloudlab.us,cluster47,lru,10,1,16,1,1,NA,NA,NA,3.6864,51623
node5.tardis-apia.ldos-ut-pg0.wisc.cloudlab.us,cluster47,lru,10,1,16,1,2,NA,NA,NA,3.6864,51623
node5.tardis-apia.ldos-ut-pg0.wisc.cloudlab.us,cluster47,lru,10,1,16,1,3,NA,NA,NA,3.6864,51623
node5.tardis-apia.ldos-ut-pg0.wisc.cloudlab.us,cluster47,lruforgive,10,1,16,1,1,NA,NA,NA,3.6864,51623
node5.tardis-apia.ldos-ut-pg0.wisc.cloudlab.us,cluster47,lruforgive,10,1,16,1,2,NA,NA,NA,3.6864,51623
node5.tardis-apia.ldos-ut-pg0.wisc.cloudlab.us,cluster47,lruforgive,10,1,16,1,3,NA,NA,NA,3.6864,51623
node5.tardis-apia.ldos-ut-pg0.wisc.cloudlab.us,cluster47,s3fifo,10,1,16,1,1,NA,NA,NA,3.6864,51623
node5.tardis-apia.ldos-ut-pg0.wisc.cloudlab.us,cluster47,s3fifo,10,1,16,1,2,NA,NA,NA,3.6864,51623
node5.tardis-apia.ldos-ut-pg0.wisc.cloudlab.us,cluster47,s3fifo,10,1,16,1,3,NA,NA,NA,3.6864,51623
node5.tardis-apia.ldos-ut-pg0.wisc.cloudlab.us,cluster47,s3fifoforgive,10,1,16,1,1,NA,NA,NA,3.6864,51623
node5.tardis-apia.ldos-ut-pg0.wisc.cloudlab.us,cluster47,s3fifoforgive,10,1,16,1,2,NA,NA,NA,3.6864,51623
node5.tardis-apia.ldos-ut-pg0.wisc.cloudlab.us,cluster47,s3fifoforgive,10,1,16,1,3,NA,NA,NA,3.6864,51623
node5.tardis-apia.ldos-ut-pg0.wisc.cloudlab.us,cluster51,lru,10,1,16,1,1,NA,NA,NA,3.6864,50024
node5.tardis-apia.ldos-ut-pg0.wisc.cloudlab.us,cluster51,lru,10,1,16,1,2,NA,NA,NA,3.6864,50024
node5.tardis-apia.ldos-ut-pg0.wisc.cloudlab.us,cluster51,lru,10,1,16,1,3,NA,NA,NA,3.6864,50024
node5.tardis-apia.ldos-ut-pg0.wisc.cloudlab.us,cluster51,lruforgive,10,1,16,1,1,NA,NA,NA,3.6864,50024
node5.tardis-apia.ldos-ut-pg0.wisc.cloudlab.us,cluster51,lruforgive,10,1,16,1,2,NA,NA,NA,3.6864,50024
node5.tardis-apia.ldos-ut-pg0.wisc.cloudlab.us,cluster51,lruforgive,10,1,16,1,3,NA,NA,NA,3.6864,50024
node5.tardis-apia.ldos-ut-pg0.wisc.cloudlab.us,cluster51,s3fifo,10,1,16,1,1,NA,NA,NA,3.6864,50024
node5.tardis-apia.ldos-ut-pg0.wisc.cloudlab.us,cluster51,s3fifo,10,1,16,1,2,NA,NA,NA,3.6864,50024
node5.tardis-apia.ldos-ut-pg0.wisc.cloudlab.us,cluster51,s3fifo,10,1,16,1,3,NA,NA,NA,3.6864,50024
node5.tardis-apia.ldos-ut-pg0.wisc.cloudlab.us,cluster51,s3fifoforgive,10,1,16,1,1,NA,NA,NA,3.6864,50024
node5.tardis-apia.ldos-ut-pg0.wisc.cloudlab.us,cluster51,s3fifoforgive,10,1,16,1,2,NA,NA,NA,3.6864,50024
node5.tardis-apia.ldos-ut-pg0.wisc.cloudlab.us,cluster51,s3fifoforgive,10,1,16,1,3,NA,NA,NA,3.6864,50024
node5.tardis-apia.ldos-ut-pg0.wisc.cloudlab.us,cluster7,lru,10,1,16,1,1,NA,NA,NA,5.5296,44584
node5.tardis-apia.ldos-ut-pg0.wisc.cloudlab.us,cluster7,lru,10,1,16,1,2,NA,NA,NA,5.5296,44584
node5.tardis-apia.ldos-ut-pg0.wisc.cloudlab.us,cluster7,lru,10,1,16,1,3,NA,NA,NA,5.5296,44584
node5.tardis-apia.ldos-ut-pg0.wisc.cloudlab.us,cluster7,lruforgive,10,1,16,1,1,NA,NA,NA,5.5296,44584
node5.tardis-apia.ldos-ut-pg0.wisc.cloudlab.us,cluster7,lruforgive,10,1,16,1,2,NA,NA,NA,5.5296,44584
node5.tardis-apia.ldos-ut-pg0.wisc.cloudlab.us,cluster7,lruforgive,10,1,16,1,3,NA,NA,NA,5.5296,44584
node5.tardis-apia.ldos-ut-pg0.wisc.cloudlab.us,cluster7,s3fifo,10,1,16,1,1,NA,NA,NA,5.5296,44584
node5.tardis-apia.ldos-ut-pg0.wisc.cloudlab.us,cluster7,s3fifo,10,1,16,1,2,NA,NA,NA,5.5296,44584
node5.tardis-apia.ldos-ut-pg0.wisc.cloudlab.us,cluster7,s3fifo,10,1,16,1,3,NA,NA,NA,5.5296,44584
node5.tardis-apia.ldos-ut-pg0.wisc.cloudlab.us,cluster7,s3fifoforgive,10,1,16,1,1,NA,NA,NA,5.5296,44584
node5.tardis-apia.ldos-ut-pg0.wisc.cloudlab.us,cluster7,s3fifoforgive,10,1,16,1,2,NA,NA,NA,5.5296,44584
node5.tardis-apia.ldos-ut-pg0.wisc.cloudlab.us,cluster7,s3fifoforgive,10,1,16,1,3,NA,NA,NA,5.5296,44584
node5.tardis-apia.ldos-ut-pg0.wisc.cloudlab.us,cluster9,lru,10,1,16,1,1,NA,NA,NA,4.9152,151122
node5.tardis-apia.ldos-ut-pg0.wisc.cloudlab.us,cluster9,lru,10,1,16,1,2,NA,NA,NA,4.9152,151122
node5.tardis-apia.ldos-ut-pg0.wisc.cloudlab.us,cluster9,lru,10,1,16,1,3,NA,NA,NA,4.9152,151122
node5.tardis-apia.ldos-ut-pg0.wisc.cloudlab.us,cluster9,lruforgive,10,1,16,1,1,NA,NA,NA,4.9152,151122
node5.tardis-apia.ldos-ut-pg0.wisc.cloudlab.us,cluster9,lruforgive,10,1,16,1,2,NA,NA,NA,4.9152,151122
node5.tardis-apia.ldos-ut-pg0.wisc.cloudlab.us,cluster9,lruforgive,10,1,16,1,3,NA,NA,NA,4.9152,151122
node5.tardis-apia.ldos-ut-pg0.wisc.cloudlab.us,cluster9,s3fifo,10,1,16,1,1,NA,NA,NA,4.9152,151122
node5.tardis-apia.ldos-ut-pg0.wisc.cloudlab.us,cluster9,s3fifo,10,1,16,1,2,NA,NA,NA,4.9152,151122
node5.tardis-apia.ldos-ut-pg0.wisc.cloudlab.us,cluster9,s3fifo,10,1,16,1,3,NA,NA,NA,4.9152,151122
node5.tardis-apia.ldos-ut-pg0.wisc.cloudlab.us,cluster9,s3fifoforgive,10,1,16,1,1,NA,NA,NA,4.9152,151122
node5.tardis-apia.ldos-ut-pg0.wisc.cloudlab.us,cluster9,s3fifoforgive,10,1,16,1,2,NA,NA,NA,4.9152,151122
node5.tardis-apia.ldos-ut-pg0.wisc.cloudlab.us,cluster9,s3fifoforgive,10,1,16,1,3,NA,NA,NA,4.9152,151122
node5.tardis-apia.ldos-ut-pg0.wisc.cloudlab.us,wiki_2016u,lru,10,553062,27,1,1,NA_TOOBIG,NA,NA,5530624.1024,37197832
node5.tardis-apia.ldos-ut-pg0.wisc.cloudlab.us,wiki_2016u,lru,10,553062,27,1,2,NA_TOOBIG,NA,NA,5530624.1024,37197832
node5.tardis-apia.ldos-ut-pg0.wisc.cloudlab.us,wiki_2016u,lru,10,553062,27,1,3,NA_TOOBIG,NA,NA,5530624.1024,37197832
node5.tardis-apia.ldos-ut-pg0.wisc.cloudlab.us,wiki_2016u,lruforgive,10,553062,27,1,1,NA_TOOBIG,NA,NA,5530624.1024,37197832
node5.tardis-apia.ldos-ut-pg0.wisc.cloudlab.us,wiki_2016u,lruforgive,10,553062,27,1,2,NA_TOOBIG,NA,NA,5530624.1024,37197832
node5.tardis-apia.ldos-ut-pg0.wisc.cloudlab.us,wiki_2016u,lruforgive,10,553062,27,1,3,NA_TOOBIG,NA,NA,5530624.1024,37197832
node5.tardis-apia.ldos-ut-pg0.wisc.cloudlab.us,wiki_2016u,s3fifo,10,553062,27,1,1,NA_TOOBIG,NA,NA,5530624.1024,37197832
node5.tardis-apia.ldos-ut-pg0.wisc.cloudlab.us,wiki_2016u,s3fifo,10,553062,27,1,2,NA_TOOBIG,NA,NA,5530624.1024,37197832
node5.tardis-apia.ldos-ut-pg0.wisc.cloudlab.us,wiki_2016u,s3fifo,10,553062,27,1,3,NA_TOOBIG,NA,NA,5530624.1024,37197832
node5.tardis-apia.ldos-ut-pg0.wisc.cloudlab.us,wiki_2016u,s3fifoforgive,10,553062,27,1,1,NA_TOOBIG,NA,NA,5530624.1024,37197832
node5.tardis-apia.ldos-ut-pg0.wisc.cloudlab.us,wiki_2016u,s3fifoforgive,10,553062,27,1,2,NA_TOOBIG,NA,NA,5530624.1024,37197832
node5.tardis-apia.ldos-ut-pg0.wisc.cloudlab.us,wiki_2016u,s3fifoforgive,10,553062,27,1,3,NA_TOOBIG,NA,NA,5530624.1024,37197832
node5.tardis-apia.ldos-ut-pg0.wisc.cloudlab.us,wiki_2016u,lru,0.1,5531,27,1,1,NA,NA,NA,5530624.1024,37197832
node5.tardis-apia.ldos-ut-pg0.wisc.cloudlab.us,wiki_2016u,lru,0.1,5531,27,1,2,NA,NA,NA,5530624.1024,37197832
node5.tardis-apia.ldos-ut-pg0.wisc.cloudlab.us,wiki_2016u,lru,0.1,5531,27,1,3,NA,NA,NA,5530624.1024,37197832
node5.tardis-apia.ldos-ut-pg0.wisc.cloudlab.us,wiki_2016u,lruforgive,0.1,5531,27,1,1,NA,NA,NA,5530624.1024,37197832
node5.tardis-apia.ldos-ut-pg0.wisc.cloudlab.us,wiki_2016u,lruforgive,0.1,5531,27,1,2,NA,NA,NA,5530624.1024,37197832
node5.tardis-apia.ldos-ut-pg0.wisc.cloudlab.us,wiki_2016u,lruforgive,0.1,5531,27,1,3,NA,NA,NA,5530624.1024,37197832
node5.tardis-apia.ldos-ut-pg0.wisc.cloudlab.us,wiki_2016u,s3fifo,0.1,5531,27,1,1,NA,NA,NA,5530624.1024,37197832
node5.tardis-apia.ldos-ut-pg0.wisc.cloudlab.us,wiki_2016u,s3fifo,0.1,5531,27,1,2,NA,NA,NA,5530624.1024,37197832
node5.tardis-apia.ldos-ut-pg0.wisc.cloudlab.us,wiki_2016u,s3fifo,0.1,5531,27,1,3,NA,NA,NA,5530624.1024,37197832
node5.tardis-apia.ldos-ut-pg0.wisc.cloudlab.us,wiki_2016u,s3fifoforgive,0.1,5531,27,1,1,NA,NA,NA,5530624.1024,37197832
node5.tardis-apia.ldos-ut-pg0.wisc.cloudlab.us,wiki_2016u,s3fifoforgive,0.1,5531,27,1,2,NA,NA,NA,5530624.1024,37197832
node5.tardis-apia.ldos-ut-pg0.wisc.cloudlab.us,wiki_2016u,s3fifoforgive,0.1,5531,27,1,3,NA,NA,NA,5530624.1024,37197832
node5.tardis-apia.ldos-ut-pg0.wisc.cloudlab.us,wiki_2019u,lru,10,784285,27,1,1,NA_TOOBIG,NA,NA,7842845.5936,49707463
node5.tardis-apia.ldos-ut-pg0.wisc.cloudlab.us,wiki_2019u,lru,10,784285,27,1,2,NA_TOOBIG,NA,NA,7842845.5936,49707463
node5.tardis-apia.ldos-ut-pg0.wisc.cloudlab.us,wiki_2019u,lru,10,784285,27,1,3,NA_TOOBIG,NA,NA,7842845.5936,49707463
node5.tardis-apia.ldos-ut-pg0.wisc.cloudlab.us,wiki_2019u,lruforgive,10,784285,27,1,1,NA_TOOBIG,NA,NA,7842845.5936,49707463
node5.tardis-apia.ldos-ut-pg0.wisc.cloudlab.us,wiki_2019u,lruforgive,10,784285,27,1,2,NA_TOOBIG,NA,NA,7842845.5936,49707463
node5.tardis-apia.ldos-ut-pg0.wisc.cloudlab.us,wiki_2019u,lruforgive,10,784285,27,1,3,NA_TOOBIG,NA,NA,7842845.5936,49707463
node5.tardis-apia.ldos-ut-pg0.wisc.cloudlab.us,wiki_2019u,s3fifo,10,784285,27,1,1,NA_TOOBIG,NA,NA,7842845.5936,49707463
node5.tardis-apia.ldos-ut-pg0.wisc.cloudlab.us,wiki_2019u,s3fifo,10,784285,27,1,2,NA_TOOBIG,NA,NA,7842845.5936,49707463
node5.tardis-apia.ldos-ut-pg0.wisc.cloudlab.us,wiki_2019u,s3fifo,10,784285,27,1,3,NA_TOOBIG,NA,NA,7842845.5936,49707463
node5.tardis-apia.ldos-ut-pg0.wisc.cloudlab.us,wiki_2019u,s3fifoforgive,10,784285,27,1,1,NA_TOOBIG,NA,NA,7842845.5936,49707463
node5.tardis-apia.ldos-ut-pg0.wisc.cloudlab.us,wiki_2019u,s3fifoforgive,10,784285,27,1,2,NA_TOOBIG,NA,NA,7842845.5936,49707463
node5.tardis-apia.ldos-ut-pg0.wisc.cloudlab.us,wiki_2019u,s3fifoforgive,10,784285,27,1,3,NA_TOOBIG,NA,NA,7842845.5936,49707463
node5.tardis-apia.ldos-ut-pg0.wisc.cloudlab.us,wiki_2019u,lru,0.1,7843,27,1,1,NA,NA,NA,7842845.5936,49707463
node5.tardis-apia.ldos-ut-pg0.wisc.cloudlab.us,wiki_2019u,lru,0.1,7843,27,1,2,NA,NA,NA,7842845.5936,49707463
node5.tardis-apia.ldos-ut-pg0.wisc.cloudlab.us,wiki_2019u,lru,0.1,7843,27,1,3,NA,NA,NA,7842845.5936,49707463
node5.tardis-apia.ldos-ut-pg0.wisc.cloudlab.us,wiki_2019u,lruforgive,0.1,7843,27,1,1,NA,NA,NA,7842845.5936,49707463
node5.tardis-apia.ldos-ut-pg0.wisc.cloudlab.us,wiki_2019u,lruforgive,0.1,7843,27,1,2,NA,NA,NA,7842845.5936,49707463
node5.tardis-apia.ldos-ut-pg0.wisc.cloudlab.us,wiki_2019u,lruforgive,0.1,7843,27,1,3,NA,NA,NA,7842845.5936,49707463
node5.tardis-apia.ldos-ut-pg0.wisc.cloudlab.us,wiki_2019u,s3fifo,0.1,7843,27,1,1,NA,NA,NA,7842845.5936,49707463
node5.tardis-apia.ldos-ut-pg0.wisc.cloudlab.us,wiki_2019u,s3fifo,0.1,7843,27,1,2,NA,NA,NA,7842845.5936,49707463
node5.tardis-apia.ldos-ut-pg0.wisc.cloudlab.us,wiki_2019u,s3fifo,0.1,7843,27,1,3,NA,NA,NA,7842845.5936,49707463
node5.tardis-apia.ldos-ut-pg0.wisc.cloudlab.us,wiki_2019u,s3fifoforgive,0.1,7843,27,1,1,NA,NA,NA,7842845.5936,49707463
node5.tardis-apia.ldos-ut-pg0.wisc.cloudlab.us,wiki_2019u,s3fifoforgive,0.1,7843,27,1,2,NA,NA,NA,7842845.5936,49707463
node5.tardis-apia.ldos-ut-pg0.wisc.cloudlab.us,wiki_2019u,s3fifoforgive,0.1,7843,27,1,3,NA,NA,NA,7842845.5936,49707463
