alibabaBlock_new_1M	https://ftp.pdl.cmu.edu/pub/datasets/twemcacheWorkload/cacheDatasets/alibabaBlock/new/1M/alibabaBlock_101.oracleGeneral.zst
alibabaBlock_new_1M	https://ftp.pdl.cmu.edu/pub/datasets/twemcacheWorkload/cacheDatasets/alibabaBlock/new/1M/alibabaBlock_102.oracleGeneral.zst
alibabaBlock_new_1M	https://ftp.pdl.cmu.edu/pub/datasets/twemcacheWorkload/cacheDatasets/alibabaBlock/new/1M/alibabaBlock_104.oracleGeneral.zst
alibabaBlock_new_1M	https://ftp.pdl.cmu.edu/pub/datasets/twemcacheWorkload/cacheDatasets/alibabaBlock/new/1M/alibabaBlock_105.oracleGeneral.zst
alibabaBlock_new_1M	https://ftp.pdl.cmu.edu/pub/datasets/twemcacheWorkload/cacheDatasets/alibabaBlock/new/1M/alibabaBlock_108.oracleGeneral.zst
alibabaBlock_new_1M	https://ftp.pdl.cmu.edu/pub/datasets/twemcacheWorkload/cacheDatasets/alibabaBlock/new/1M/alibabaBlock_114.oracleGeneral.zst
alibabaBlock_new_1M	https://ftp.pdl.cmu.edu/pub/datasets/twemcacheWorkload/cacheDatasets/alibabaBlock/new/1M/alibabaBlock_118.oracleGeneral.zst
alibabaBlock_new_1M	https://ftp.pdl.cmu.edu/pub/datasets/twemcacheWorkload/cacheDatasets/alibabaBlock/new/1M/alibabaBlock_120.oracleGeneral.zst
alibabaBlock_new_1M	https://ftp.pdl.cmu.edu/pub/datasets/twemcacheWorkload/cacheDatasets/alibabaBlock/new/1M/alibabaBlock_125.oracleGeneral.zst
alibabaBlock_new_1M	https://ftp.pdl.cmu.edu/pub/datasets/twemcacheWorkload/cacheDatasets/alibabaBlock/new/1M/alibabaBlock_127.oracleGeneral.zst
alibabaBlock_new_1M	https://ftp.pdl.cmu.edu/pub/datasets/twemcacheWorkload/cacheDatasets/alibabaBlock/new/1M/alibabaBlock_129.oracleGeneral.zst
alibabaBlock_new_1M	https://ftp.pdl.cmu.edu/pub/datasets/twemcacheWorkload/cacheDatasets/alibabaBlock/new/1M/alibabaBlock_134.oracleGeneral.zst
alibabaBlock_new_1M	https://ftp.pdl.cmu.edu/pub/datasets/twemcacheWorkload/cacheDatasets/alibabaBlock/new/1M/alibabaBlock_137.oracleGeneral.zst
alibabaBlock_new_1M	https://ftp.pdl.cmu.edu/pub/datasets/twemcacheWorkload/cacheDatasets/alibabaBlock/new/1M/alibabaBlock_139.oracleGeneral.zst
alibabaBlock_new_1M	https://ftp.pdl.cmu.edu/pub/datasets/twemcacheWorkload/cacheDatasets/alibabaBlock/new/1M/alibabaBlock_140.oracleGeneral.zst
alibabaBlock_new_1M	https://ftp.pdl.cmu.edu/pub/datasets/twemcacheWorkload/cacheDatasets/alibabaBlock/new/1M/alibabaBlock_142.oracleGeneral.zst
alibabaBlock_new_1M	https://ftp.pdl.cmu.edu/pub/datasets/twemcacheWorkload/cacheDatasets/alibabaBlock/new/1M/alibabaBlock_143.oracleGeneral.zst
alibabaBlock_new_1M	https://ftp.pdl.cmu.edu/pub/datasets/twemcacheWorkload/cacheDatasets/alibabaBlock/new/1M/alibabaBlock_146.oracleGeneral.zst
alibabaBlock_new_1M	https://ftp.pdl.cmu.edu/pub/datasets/twemcacheWorkload/cacheDatasets/alibabaBlock/new/1M/alibabaBlock_149.oracleGeneral.zst
alibabaBlock_new_1M	https://ftp.pdl.cmu.edu/pub/datasets/twemcacheWorkload/cacheDatasets/alibabaBlock/new/1M/alibabaBlock_151.oracleGeneral.zst
alibabaBlock_new_1M	https://ftp.pdl.cmu.edu/pub/datasets/twemcacheWorkload/cacheDatasets/alibabaBlock/new/1M/alibabaBlock_152.oracleGeneral.zst
alibabaBlock_new_1M	https://ftp.pdl.cmu.edu/pub/datasets/twemcacheWorkload/cacheDatasets/alibabaBlock/new/1M/alibabaBlock_153.oracleGeneral.zst
alibabaBlock_new_1M	https://ftp.pdl.cmu.edu/pub/datasets/twemcacheWorkload/cacheDatasets/alibabaBlock/new/1M/alibabaBlock_155.oracleGeneral.zst
alibabaBlock_new_1M	https://ftp.pdl.cmu.edu/pub/datasets/twemcacheWorkload/cacheDatasets/alibabaBlock/new/1M/alibabaBlock_156.oracleGeneral.zst
alibabaBlock_new_1M	https://ftp.pdl.cmu.edu/pub/datasets/twemcacheWorkload/cacheDatasets/alibabaBlock/new/1M/alibabaBlock_158.oracleGeneral.zst
alibabaBlock_new_1M	https://ftp.pdl.cmu.edu/pub/datasets/twemcacheWorkload/cacheDatasets/alibabaBlock/new/1M/alibabaBlock_159.oracleGeneral.zst
alibabaBlock_new_1M	https://ftp.pdl.cmu.edu/pub/datasets/twemcacheWorkload/cacheDatasets/alibabaBlock/new/1M/alibabaBlock_162.oracleGeneral.zst
alibabaBlock_new_1M	https://ftp.pdl.cmu.edu/pub/datasets/twemcacheWorkload/cacheDatasets/alibabaBlock/new/1M/alibabaBlock_167.oracleGeneral.zst
alibabaBlock_new_1M	https://ftp.pdl.cmu.edu/pub/datasets/twemcacheWorkload/cacheDatasets/alibabaBlock/new/1M/alibabaBlock_168.oracleGeneral.zst
alibabaBlock_new_1M	https://ftp.pdl.cmu.edu/pub/datasets/twemcacheWorkload/cacheDatasets/alibabaBlock/new/1M/alibabaBlock_170.oracleGeneral.zst
alibabaBlock_new_1M	https://ftp.pdl.cmu.edu/pub/datasets/twemcacheWorkload/cacheDatasets/alibabaBlock/new/1M/alibabaBlock_171.oracleGeneral.zst
alibabaBlock_new_1M	https://ftp.pdl.cmu.edu/pub/datasets/twemcacheWorkload/cacheDatasets/alibabaBlock/new/1M/alibabaBlock_175.oracleGeneral.zst
alibabaBlock_new_1M	https://ftp.pdl.cmu.edu/pub/datasets/twemcacheWorkload/cacheDatasets/alibabaBlock/new/1M/alibabaBlock_179.oracleGeneral.zst
alibabaBlock_new_1M	https://ftp.pdl.cmu.edu/pub/datasets/twemcacheWorkload/cacheDatasets/alibabaBlock/new/1M/alibabaBlock_180.oracleGeneral.zst
alibabaBlock_new_1M	https://ftp.pdl.cmu.edu/pub/datasets/twemcacheWorkload/cacheDatasets/alibabaBlock/new/1M/alibabaBlock_182.oracleGeneral.zst
alibabaBlock_new_1M	https://ftp.pdl.cmu.edu/pub/datasets/twemcacheWorkload/cacheDatasets/alibabaBlock/new/1M/alibabaBlock_183.oracleGeneral.zst
alibabaBlock_new_1M	https://ftp.pdl.cmu.edu/pub/datasets/twemcacheWorkload/cacheDatasets/alibabaBlock/new/1M/alibabaBlock_184.oracleGeneral.zst
alibabaBlock_new_1M	https://ftp.pdl.cmu.edu/pub/datasets/twemcacheWorkload/cacheDatasets/alibabaBlock/new/1M/alibabaBlock_194.oracleGeneral.zst
alibabaBlock_new_1M	https://ftp.pdl.cmu.edu/pub/datasets/twemcacheWorkload/cacheDatasets/alibabaBlock/new/1M/alibabaBlock_196.oracleGeneral.zst
alibabaBlock_new_1M	https://ftp.pdl.cmu.edu/pub/datasets/twemcacheWorkload/cacheDatasets/alibabaBlock/new/1M/alibabaBlock_199.oracleGeneral.zst
alibabaBlock_new_1M	https://ftp.pdl.cmu.edu/pub/datasets/twemcacheWorkload/cacheDatasets/alibabaBlock/new/1M/alibabaBlock_203.oracleGeneral.zst
alibabaBlock_new_1M	https://ftp.pdl.cmu.edu/pub/datasets/twemcacheWorkload/cacheDatasets/alibabaBlock/new/1M/alibabaBlock_204.oracleGeneral.zst
alibabaBlock_new_1M	https://ftp.pdl.cmu.edu/pub/datasets/twemcacheWorkload/cacheDatasets/alibabaBlock/new/1M/alibabaBlock_21.oracleGeneral.zst
alibabaBlock_new_1M	https://ftp.pdl.cmu.edu/pub/datasets/twemcacheWorkload/cacheDatasets/alibabaBlock/new/1M/alibabaBlock_214.oracleGeneral.zst
alibabaBlock_new_1M	https://ftp.pdl.cmu.edu/pub/datasets/twemcacheWorkload/cacheDatasets/alibabaBlock/new/1M/alibabaBlock_215.oracleGeneral.zst
alibabaBlock_new_1M	https://ftp.pdl.cmu.edu/pub/datasets/twemcacheWorkload/cacheDatasets/alibabaBlock/new/1M/alibabaBlock_216.oracleGeneral.zst
alibabaBlock_new_1M	https://ftp.pdl.cmu.edu/pub/datasets/twemcacheWorkload/cacheDatasets/alibabaBlock/new/1M/alibabaBlock_217.oracleGeneral.zst
alibabaBlock_new_1M	https://ftp.pdl.cmu.edu/pub/datasets/twemcacheWorkload/cacheDatasets/alibabaBlock/new/1M/alibabaBlock_218.oracleGeneral.zst
alibabaBlock_new_1M	https://ftp.pdl.cmu.edu/pub/datasets/twemcacheWorkload/cacheDatasets/alibabaBlock/new/1M/alibabaBlock_222.oracleGeneral.zst
alibabaBlock_new_1M	https://ftp.pdl.cmu.edu/pub/datasets/twemcacheWorkload/cacheDatasets/alibabaBlock/new/1M/alibabaBlock_229.oracleGeneral.zst
alibabaBlock_new_1M	https://ftp.pdl.cmu.edu/pub/datasets/twemcacheWorkload/cacheDatasets/alibabaBlock/new/1M/alibabaBlock_230.oracleGeneral.zst
alibabaBlock_new_1M	https://ftp.pdl.cmu.edu/pub/datasets/twemcacheWorkload/cacheDatasets/alibabaBlock/new/1M/alibabaBlock_233.oracleGeneral.zst
alibabaBlock_new_1M	https://ftp.pdl.cmu.edu/pub/datasets/twemcacheWorkload/cacheDatasets/alibabaBlock/new/1M/alibabaBlock_234.oracleGeneral.zst
alibabaBlock_new_1M	https://ftp.pdl.cmu.edu/pub/datasets/twemcacheWorkload/cacheDatasets/alibabaBlock/new/1M/alibabaBlock_235.oracleGeneral.zst
alibabaBlock_new_1M	https://ftp.pdl.cmu.edu/pub/datasets/twemcacheWorkload/cacheDatasets/alibabaBlock/new/1M/alibabaBlock_238.oracleGeneral.zst
alibabaBlock_new_1M	https://ftp.pdl.cmu.edu/pub/datasets/twemcacheWorkload/cacheDatasets/alibabaBlock/new/1M/alibabaBlock_240.oracleGeneral.zst
alibabaBlock_new_1M	https://ftp.pdl.cmu.edu/pub/datasets/twemcacheWorkload/cacheDatasets/alibabaBlock/new/1M/alibabaBlock_244.oracleGeneral.zst
alibabaBlock_new_1M	https://ftp.pdl.cmu.edu/pub/datasets/twemcacheWorkload/cacheDatasets/alibabaBlock/new/1M/alibabaBlock_246.oracleGeneral.zst
alibabaBlock_new_1M	https://ftp.pdl.cmu.edu/pub/datasets/twemcacheWorkload/cacheDatasets/alibabaBlock/new/1M/alibabaBlock_247.oracleGeneral.zst
alibabaBlock_new_1M	https://ftp.pdl.cmu.edu/pub/datasets/twemcacheWorkload/cacheDatasets/alibabaBlock/new/1M/alibabaBlock_249.oracleGeneral.zst
alibabaBlock_new_1M	https://ftp.pdl.cmu.edu/pub/datasets/twemcacheWorkload/cacheDatasets/alibabaBlock/new/1M/alibabaBlock_250.oracleGeneral.zst
alibabaBlock_new_1M	https://ftp.pdl.cmu.edu/pub/datasets/twemcacheWorkload/cacheDatasets/alibabaBlock/new/1M/alibabaBlock_252.oracleGeneral.zst
alibabaBlock_new_1M	https://ftp.pdl.cmu.edu/pub/datasets/twemcacheWorkload/cacheDatasets/alibabaBlock/new/1M/alibabaBlock_255.oracleGeneral.zst
alibabaBlock_new_1M	https://ftp.pdl.cmu.edu/pub/datasets/twemcacheWorkload/cacheDatasets/alibabaBlock/new/1M/alibabaBlock_257.oracleGeneral.zst
alibabaBlock_new_1M	https://ftp.pdl.cmu.edu/pub/datasets/twemcacheWorkload/cacheDatasets/alibabaBlock/new/1M/alibabaBlock_258.oracleGeneral.zst
alibabaBlock_new_1M	https://ftp.pdl.cmu.edu/pub/datasets/twemcacheWorkload/cacheDatasets/alibabaBlock/new/1M/alibabaBlock_259.oracleGeneral.zst
alibabaBlock_new_1M	https://ftp.pdl.cmu.edu/pub/datasets/twemcacheWorkload/cacheDatasets/alibabaBlock/new/1M/alibabaBlock_260.oracleGeneral.zst
alibabaBlock_new_1M	https://ftp.pdl.cmu.edu/pub/datasets/twemcacheWorkload/cacheDatasets/alibabaBlock/new/1M/alibabaBlock_265.oracleGeneral.zst
alibabaBlock_new_1M	https://ftp.pdl.cmu.edu/pub/datasets/twemcacheWorkload/cacheDatasets/alibabaBlock/new/1M/alibabaBlock_266.oracleGeneral.zst
alibabaBlock_new_1M	https://ftp.pdl.cmu.edu/pub/datasets/twemcacheWorkload/cacheDatasets/alibabaBlock/new/1M/alibabaBlock_271.oracleGeneral.zst
alibabaBlock_new_1M	https://ftp.pdl.cmu.edu/pub/datasets/twemcacheWorkload/cacheDatasets/alibabaBlock/new/1M/alibabaBlock_272.oracleGeneral.zst
alibabaBlock_new_1M	https://ftp.pdl.cmu.edu/pub/datasets/twemcacheWorkload/cacheDatasets/alibabaBlock/new/1M/alibabaBlock_274.oracleGeneral.zst
alibabaBlock_new_1M	https://ftp.pdl.cmu.edu/pub/datasets/twemcacheWorkload/cacheDatasets/alibabaBlock/new/1M/alibabaBlock_277.oracleGeneral.zst
alibabaBlock_new_1M	https://ftp.pdl.cmu.edu/pub/datasets/twemcacheWorkload/cacheDatasets/alibabaBlock/new/1M/alibabaBlock_279.oracleGeneral.zst
alibabaBlock_new_1M	https://ftp.pdl.cmu.edu/pub/datasets/twemcacheWorkload/cacheDatasets/alibabaBlock/new/1M/alibabaBlock_280.oracleGeneral.zst
alibabaBlock_new_1M	https://ftp.pdl.cmu.edu/pub/datasets/twemcacheWorkload/cacheDatasets/alibabaBlock/new/1M/alibabaBlock_281.oracleGeneral.zst
alibabaBlock_new_1M	https://ftp.pdl.cmu.edu/pub/datasets/twemcacheWorkload/cacheDatasets/alibabaBlock/new/1M/alibabaBlock_282.oracleGeneral.zst
alibabaBlock_new_1M	https://ftp.pdl.cmu.edu/pub/datasets/twemcacheWorkload/cacheDatasets/alibabaBlock/new/1M/alibabaBlock_284.oracleGeneral.zst
alibabaBlock_new_1M	https://ftp.pdl.cmu.edu/pub/datasets/twemcacheWorkload/cacheDatasets/alibabaBlock/new/1M/alibabaBlock_286.oracleGeneral.zst
alibabaBlock_new_1M	https://ftp.pdl.cmu.edu/pub/datasets/twemcacheWorkload/cacheDatasets/alibabaBlock/new/1M/alibabaBlock_287.oracleGeneral.zst
alibabaBlock_new_1M	https://ftp.pdl.cmu.edu/pub/datasets/twemcacheWorkload/cacheDatasets/alibabaBlock/new/1M/alibabaBlock_288.oracleGeneral.zst
alibabaBlock_new_1M	https://ftp.pdl.cmu.edu/pub/datasets/twemcacheWorkload/cacheDatasets/alibabaBlock/new/1M/alibabaBlock_290.oracleGeneral.zst
alibabaBlock_new_1M	https://ftp.pdl.cmu.edu/pub/datasets/twemcacheWorkload/cacheDatasets/alibabaBlock/new/1M/alibabaBlock_294.oracleGeneral.zst
alibabaBlock_new_1M	https://ftp.pdl.cmu.edu/pub/datasets/twemcacheWorkload/cacheDatasets/alibabaBlock/new/1M/alibabaBlock_296.oracleGeneral.zst
alibabaBlock_new_1M	https://ftp.pdl.cmu.edu/pub/datasets/twemcacheWorkload/cacheDatasets/alibabaBlock/new/1M/alibabaBlock_298.oracleGeneral.zst
alibabaBlock_new_1M	https://ftp.pdl.cmu.edu/pub/datasets/twemcacheWorkload/cacheDatasets/alibabaBlock/new/1M/alibabaBlock_304.oracleGeneral.zst
alibabaBlock_new_1M	https://ftp.pdl.cmu.edu/pub/datasets/twemcacheWorkload/cacheDatasets/alibabaBlock/new/1M/alibabaBlock_305.oracleGeneral.zst
alibabaBlock_new_1M	https://ftp.pdl.cmu.edu/pub/datasets/twemcacheWorkload/cacheDatasets/alibabaBlock/new/1M/alibabaBlock_308.oracleGeneral.zst
alibabaBlock_new_1M	https://ftp.pdl.cmu.edu/pub/datasets/twemcacheWorkload/cacheDatasets/alibabaBlock/new/1M/alibabaBlock_309.oracleGeneral.zst
alibabaBlock_new_1M	https://ftp.pdl.cmu.edu/pub/datasets/twemcacheWorkload/cacheDatasets/alibabaBlock/new/1M/alibabaBlock_31.oracleGeneral.zst
alibabaBlock_new_1M	https://ftp.pdl.cmu.edu/pub/datasets/twemcacheWorkload/cacheDatasets/alibabaBlock/new/1M/alibabaBlock_310.oracleGeneral.zst
alibabaBlock_new_1M	https://ftp.pdl.cmu.edu/pub/datasets/twemcacheWorkload/cacheDatasets/alibabaBlock/new/1M/alibabaBlock_313.oracleGeneral.zst
alibabaBlock_new_1M	https://ftp.pdl.cmu.edu/pub/datasets/twemcacheWorkload/cacheDatasets/alibabaBlock/new/1M/alibabaBlock_314.oracleGeneral.zst
alibabaBlock_new_1M	https://ftp.pdl.cmu.edu/pub/datasets/twemcacheWorkload/cacheDatasets/alibabaBlock/new/1M/alibabaBlock_318.oracleGeneral.zst
alibabaBlock_new_1M	https://ftp.pdl.cmu.edu/pub/datasets/twemcacheWorkload/cacheDatasets/alibabaBlock/new/1M/alibabaBlock_319.oracleGeneral.zst
alibabaBlock_new_1M	https://ftp.pdl.cmu.edu/pub/datasets/twemcacheWorkload/cacheDatasets/alibabaBlock/new/1M/alibabaBlock_320.oracleGeneral.zst
alibabaBlock_new_1M	https://ftp.pdl.cmu.edu/pub/datasets/twemcacheWorkload/cacheDatasets/alibabaBlock/new/1M/alibabaBlock_321.oracleGeneral.zst
alibabaBlock_new_1M	https://ftp.pdl.cmu.edu/pub/datasets/twemcacheWorkload/cacheDatasets/alibabaBlock/new/1M/alibabaBlock_322.oracleGeneral.zst
alibabaBlock_new_1M	https://ftp.pdl.cmu.edu/pub/datasets/twemcacheWorkload/cacheDatasets/alibabaBlock/new/1M/alibabaBlock_325.oracleGeneral.zst
alibabaBlock_new_1M	https://ftp.pdl.cmu.edu/pub/datasets/twemcacheWorkload/cacheDatasets/alibabaBlock/new/1M/alibabaBlock_326.oracleGeneral.zst
alibabaBlock_new_1M	https://ftp.pdl.cmu.edu/pub/datasets/twemcacheWorkload/cacheDatasets/alibabaBlock/new/1M/alibabaBlock_329.oracleGeneral.zst
alibabaBlock_new_1M	https://ftp.pdl.cmu.edu/pub/datasets/twemcacheWorkload/cacheDatasets/alibabaBlock/new/1M/alibabaBlock_331.oracleGeneral.zst
alibabaBlock_new_1M	https://ftp.pdl.cmu.edu/pub/datasets/twemcacheWorkload/cacheDatasets/alibabaBlock/new/1M/alibabaBlock_332.oracleGeneral.zst
alibabaBlock_new_1M	https://ftp.pdl.cmu.edu/pub/datasets/twemcacheWorkload/cacheDatasets/alibabaBlock/new/1M/alibabaBlock_334.oracleGeneral.zst
alibabaBlock_new_1M	https://ftp.pdl.cmu.edu/pub/datasets/twemcacheWorkload/cacheDatasets/alibabaBlock/new/1M/alibabaBlock_335.oracleGeneral.zst
alibabaBlock_new_1M	https://ftp.pdl.cmu.edu/pub/datasets/twemcacheWorkload/cacheDatasets/alibabaBlock/new/1M/alibabaBlock_337.oracleGeneral.zst
alibabaBlock_new_1M	https://ftp.pdl.cmu.edu/pub/datasets/twemcacheWorkload/cacheDatasets/alibabaBlock/new/1M/alibabaBlock_338.oracleGeneral.zst
alibabaBlock_new_1M	https://ftp.pdl.cmu.edu/pub/datasets/twemcacheWorkload/cacheDatasets/alibabaBlock/new/1M/alibabaBlock_340.oracleGeneral.zst
alibabaBlock_new_1M	https://ftp.pdl.cmu.edu/pub/datasets/twemcacheWorkload/cacheDatasets/alibabaBlock/new/1M/alibabaBlock_342.oracleGeneral.zst
alibabaBlock_new_1M	https://ftp.pdl.cmu.edu/pub/datasets/twemcacheWorkload/cacheDatasets/alibabaBlock/new/1M/alibabaBlock_343.oracleGeneral.zst
alibabaBlock_new_1M	https://ftp.pdl.cmu.edu/pub/datasets/twemcacheWorkload/cacheDatasets/alibabaBlock/new/1M/alibabaBlock_344.oracleGeneral.zst
alibabaBlock_new_1M	https://ftp.pdl.cmu.edu/pub/datasets/twemcacheWorkload/cacheDatasets/alibabaBlock/new/1M/alibabaBlock_347.oracleGeneral.zst
alibabaBlock_new_1M	https://ftp.pdl.cmu.edu/pub/datasets/twemcacheWorkload/cacheDatasets/alibabaBlock/new/1M/alibabaBlock_349.oracleGeneral.zst
alibabaBlock_new_1M	https://ftp.pdl.cmu.edu/pub/datasets/twemcacheWorkload/cacheDatasets/alibabaBlock/new/1M/alibabaBlock_351.oracleGeneral.zst
alibabaBlock_new_1M	https://ftp.pdl.cmu.edu/pub/datasets/twemcacheWorkload/cacheDatasets/alibabaBlock/new/1M/alibabaBlock_352.oracleGeneral.zst
alibabaBlock_new_1M	https://ftp.pdl.cmu.edu/pub/datasets/twemcacheWorkload/cacheDatasets/alibabaBlock/new/1M/alibabaBlock_355.oracleGeneral.zst
alibabaBlock_new_1M	https://ftp.pdl.cmu.edu/pub/datasets/twemcacheWorkload/cacheDatasets/alibabaBlock/new/1M/alibabaBlock_356.oracleGeneral.zst
alibabaBlock_new_1M	https://ftp.pdl.cmu.edu/pub/datasets/twemcacheWorkload/cacheDatasets/alibabaBlock/new/1M/alibabaBlock_357.oracleGeneral.zst
alibabaBlock_new_1M	https://ftp.pdl.cmu.edu/pub/datasets/twemcacheWorkload/cacheDatasets/alibabaBlock/new/1M/alibabaBlock_359.oracleGeneral.zst
alibabaBlock_new_1M	https://ftp.pdl.cmu.edu/pub/datasets/twemcacheWorkload/cacheDatasets/alibabaBlock/new/1M/alibabaBlock_360.oracleGeneral.zst
alibabaBlock_new_1M	https://ftp.pdl.cmu.edu/pub/datasets/twemcacheWorkload/cacheDatasets/alibabaBlock/new/1M/alibabaBlock_366.oracleGeneral.zst
alibabaBlock_new_1M	https://ftp.pdl.cmu.edu/pub/datasets/twemcacheWorkload/cacheDatasets/alibabaBlock/new/1M/alibabaBlock_368.oracleGeneral.zst
alibabaBlock_new_1M	https://ftp.pdl.cmu.edu/pub/datasets/twemcacheWorkload/cacheDatasets/alibabaBlock/new/1M/alibabaBlock_371.oracleGeneral.zst
alibabaBlock_new_1M	https://ftp.pdl.cmu.edu/pub/datasets/twemcacheWorkload/cacheDatasets/alibabaBlock/new/1M/alibabaBlock_372.oracleGeneral.zst
alibabaBlock_new_1M	https://ftp.pdl.cmu.edu/pub/datasets/twemcacheWorkload/cacheDatasets/alibabaBlock/new/1M/alibabaBlock_373.oracleGeneral.zst
alibabaBlock_new_1M	https://ftp.pdl.cmu.edu/pub/datasets/twemcacheWorkload/cacheDatasets/alibabaBlock/new/1M/alibabaBlock_374.oracleGeneral.zst
alibabaBlock_new_1M	https://ftp.pdl.cmu.edu/pub/datasets/twemcacheWorkload/cacheDatasets/alibabaBlock/new/1M/alibabaBlock_376.oracleGeneral.zst
alibabaBlock_new_1M	https://ftp.pdl.cmu.edu/pub/datasets/twemcacheWorkload/cacheDatasets/alibabaBlock/new/1M/alibabaBlock_378.oracleGeneral.zst
alibabaBlock_new_1M	https://ftp.pdl.cmu.edu/pub/datasets/twemcacheWorkload/cacheDatasets/alibabaBlock/new/1M/alibabaBlock_383.oracleGeneral.zst
alibabaBlock_new_1M	https://ftp.pdl.cmu.edu/pub/datasets/twemcacheWorkload/cacheDatasets/alibabaBlock/new/1M/alibabaBlock_386.oracleGeneral.zst
alibabaBlock_new_1M	https://ftp.pdl.cmu.edu/pub/datasets/twemcacheWorkload/cacheDatasets/alibabaBlock/new/1M/alibabaBlock_387.oracleGeneral.zst
alibabaBlock_new_1M	https://ftp.pdl.cmu.edu/pub/datasets/twemcacheWorkload/cacheDatasets/alibabaBlock/new/1M/alibabaBlock_389.oracleGeneral.zst
alibabaBlock_new_1M	https://ftp.pdl.cmu.edu/pub/datasets/twemcacheWorkload/cacheDatasets/alibabaBlock/new/1M/alibabaBlock_390.oracleGeneral.zst
alibabaBlock_new_1M	https://ftp.pdl.cmu.edu/pub/datasets/twemcacheWorkload/cacheDatasets/alibabaBlock/new/1M/alibabaBlock_392.oracleGeneral.zst
alibabaBlock_new_1M	https://ftp.pdl.cmu.edu/pub/datasets/twemcacheWorkload/cacheDatasets/alibabaBlock/new/1M/alibabaBlock_396.oracleGeneral.zst
alibabaBlock_new_1M	https://ftp.pdl.cmu.edu/pub/datasets/twemcacheWorkload/cacheDatasets/alibabaBlock/new/1M/alibabaBlock_397.oracleGeneral.zst
alibabaBlock_new_1M	https://ftp.pdl.cmu.edu/pub/datasets/twemcacheWorkload/cacheDatasets/alibabaBlock/new/1M/alibabaBlock_398.oracleGeneral.zst
alibabaBlock_new_1M	https://ftp.pdl.cmu.edu/pub/datasets/twemcacheWorkload/cacheDatasets/alibabaBlock/new/1M/alibabaBlock_400.oracleGeneral.zst
alibabaBlock_new_1M	https://ftp.pdl.cmu.edu/pub/datasets/twemcacheWorkload/cacheDatasets/alibabaBlock/new/1M/alibabaBlock_403.oracleGeneral.zst
alibabaBlock_new_1M	https://ftp.pdl.cmu.edu/pub/datasets/twemcacheWorkload/cacheDatasets/alibabaBlock/new/1M/alibabaBlock_404.oracleGeneral.zst
alibabaBlock_new_1M	https://ftp.pdl.cmu.edu/pub/datasets/twemcacheWorkload/cacheDatasets/alibabaBlock/new/1M/alibabaBlock_405.oracleGeneral.zst
alibabaBlock_new_1M	https://ftp.pdl.cmu.edu/pub/datasets/twemcacheWorkload/cacheDatasets/alibabaBlock/new/1M/alibabaBlock_407.oracleGeneral.zst
alibabaBlock_new_1M	https://ftp.pdl.cmu.edu/pub/datasets/twemcacheWorkload/cacheDatasets/alibabaBlock/new/1M/alibabaBlock_408.oracleGeneral.zst
alibabaBlock_new_1M	https://ftp.pdl.cmu.edu/pub/datasets/twemcacheWorkload/cacheDatasets/alibabaBlock/new/1M/alibabaBlock_409.oracleGeneral.zst
alibabaBlock_new_1M	https://ftp.pdl.cmu.edu/pub/datasets/twemcacheWorkload/cacheDatasets/alibabaBlock/new/1M/alibabaBlock_41.oracleGeneral.zst
alibabaBlock_new_1M	https://ftp.pdl.cmu.edu/pub/datasets/twemcacheWorkload/cacheDatasets/alibabaBlock/new/1M/alibabaBlock_410.oracleGeneral.zst
alibabaBlock_new_1M	https://ftp.pdl.cmu.edu/pub/datasets/twemcacheWorkload/cacheDatasets/alibabaBlock/new/1M/alibabaBlock_411.oracleGeneral.zst
alibabaBlock_new_1M	https://ftp.pdl.cmu.edu/pub/datasets/twemcacheWorkload/cacheDatasets/alibabaBlock/new/1M/alibabaBlock_412.oracleGeneral.zst
alibabaBlock_new_1M	https://ftp.pdl.cmu.edu/pub/datasets/twemcacheWorkload/cacheDatasets/alibabaBlock/new/1M/alibabaBlock_413.oracleGeneral.zst
alibabaBlock_new_1M	https://ftp.pdl.cmu.edu/pub/datasets/twemcacheWorkload/cacheDatasets/alibabaBlock/new/1M/alibabaBlock_416.oracleGeneral.zst
alibabaBlock_new_1M	https://ftp.pdl.cmu.edu/pub/datasets/twemcacheWorkload/cacheDatasets/alibabaBlock/new/1M/alibabaBlock_417.oracleGeneral.zst
alibabaBlock_new_1M	https://ftp.pdl.cmu.edu/pub/datasets/twemcacheWorkload/cacheDatasets/alibabaBlock/new/1M/alibabaBlock_418.oracleGeneral.zst
alibabaBlock_new_1M	https://ftp.pdl.cmu.edu/pub/datasets/twemcacheWorkload/cacheDatasets/alibabaBlock/new/1M/alibabaBlock_421.oracleGeneral.zst
alibabaBlock_new_1M	https://ftp.pdl.cmu.edu/pub/datasets/twemcacheWorkload/cacheDatasets/alibabaBlock/new/1M/alibabaBlock_423.oracleGeneral.zst
alibabaBlock_new_1M	https://ftp.pdl.cmu.edu/pub/datasets/twemcacheWorkload/cacheDatasets/alibabaBlock/new/1M/alibabaBlock_424.oracleGeneral.zst
alibabaBlock_new_1M	https://ftp.pdl.cmu.edu/pub/datasets/twemcacheWorkload/cacheDatasets/alibabaBlock/new/1M/alibabaBlock_425.oracleGeneral.zst
alibabaBlock_new_1M	https://ftp.pdl.cmu.edu/pub/datasets/twemcacheWorkload/cacheDatasets/alibabaBlock/new/1M/alibabaBlock_427.oracleGeneral.zst
alibabaBlock_new_1M	https://ftp.pdl.cmu.edu/pub/datasets/twemcacheWorkload/cacheDatasets/alibabaBlock/new/1M/alibabaBlock_429.oracleGeneral.zst
alibabaBlock_new_1M	https://ftp.pdl.cmu.edu/pub/datasets/twemcacheWorkload/cacheDatasets/alibabaBlock/new/1M/alibabaBlock_431.oracleGeneral.zst
alibabaBlock_new_1M	https://ftp.pdl.cmu.edu/pub/datasets/twemcacheWorkload/cacheDatasets/alibabaBlock/new/1M/alibabaBlock_433.oracleGeneral.zst
alibabaBlock_new_1M	https://ftp.pdl.cmu.edu/pub/datasets/twemcacheWorkload/cacheDatasets/alibabaBlock/new/1M/alibabaBlock_436.oracleGeneral.zst
alibabaBlock_new_1M	https://ftp.pdl.cmu.edu/pub/datasets/twemcacheWorkload/cacheDatasets/alibabaBlock/new/1M/alibabaBlock_437.oracleGeneral.zst
alibabaBlock_new_1M	https://ftp.pdl.cmu.edu/pub/datasets/twemcacheWorkload/cacheDatasets/alibabaBlock/new/1M/alibabaBlock_439.oracleGeneral.zst
alibabaBlock_new_1M	https://ftp.pdl.cmu.edu/pub/datasets/twemcacheWorkload/cacheDatasets/alibabaBlock/new/1M/alibabaBlock_44.oracleGeneral.zst
alibabaBlock_new_1M	https://ftp.pdl.cmu.edu/pub/datasets/twemcacheWorkload/cacheDatasets/alibabaBlock/new/1M/alibabaBlock_440.oracleGeneral.zst
alibabaBlock_new_1M	https://ftp.pdl.cmu.edu/pub/datasets/twemcacheWorkload/cacheDatasets/alibabaBlock/new/1M/alibabaBlock_449.oracleGeneral.zst
alibabaBlock_new_1M	https://ftp.pdl.cmu.edu/pub/datasets/twemcacheWorkload/cacheDatasets/alibabaBlock/new/1M/alibabaBlock_45.oracleGeneral.zst
alibabaBlock_new_1M	https://ftp.pdl.cmu.edu/pub/datasets/twemcacheWorkload/cacheDatasets/alibabaBlock/new/1M/alibabaBlock_450.oracleGeneral.zst
alibabaBlock_new_1M	https://ftp.pdl.cmu.edu/pub/datasets/twemcacheWorkload/cacheDatasets/alibabaBlock/new/1M/alibabaBlock_454.oracleGeneral.zst
alibabaBlock_new_1M	https://ftp.pdl.cmu.edu/pub/datasets/twemcacheWorkload/cacheDatasets/alibabaBlock/new/1M/alibabaBlock_455.oracleGeneral.zst
alibabaBlock_new_1M	https://ftp.pdl.cmu.edu/pub/datasets/twemcacheWorkload/cacheDatasets/alibabaBlock/new/1M/alibabaBlock_456.oracleGeneral.zst
alibabaBlock_new_1M	https://ftp.pdl.cmu.edu/pub/datasets/twemcacheWorkload/cacheDatasets/alibabaBlock/new/1M/alibabaBlock_457.oracleGeneral.zst
alibabaBlock_new_1M	https://ftp.pdl.cmu.edu/pub/datasets/twemcacheWorkload/cacheDatasets/alibabaBlock/new/1M/alibabaBlock_459.oracleGeneral.zst
alibabaBlock_new_1M	https://ftp.pdl.cmu.edu/pub/datasets/twemcacheWorkload/cacheDatasets/alibabaBlock/new/1M/alibabaBlock_461.oracleGeneral.zst
alibabaBlock_new_1M	https://ftp.pdl.cmu.edu/pub/datasets/twemcacheWorkload/cacheDatasets/alibabaBlock/new/1M/alibabaBlock_462.oracleGeneral.zst
alibabaBlock_new_1M	https://ftp.pdl.cmu.edu/pub/datasets/twemcacheWorkload/cacheDatasets/alibabaBlock/new/1M/alibabaBlock_463.oracleGeneral.zst
alibabaBlock_new_1M	https://ftp.pdl.cmu.edu/pub/datasets/twemcacheWorkload/cacheDatasets/alibabaBlock/new/1M/alibabaBlock_467.oracleGeneral.zst
alibabaBlock_new_1M	https://ftp.pdl.cmu.edu/pub/datasets/twemcacheWorkload/cacheDatasets/alibabaBlock/new/1M/alibabaBlock_468.oracleGeneral.zst
alibabaBlock_new_1M	https://ftp.pdl.cmu.edu/pub/datasets/twemcacheWorkload/cacheDatasets/alibabaBlock/new/1M/alibabaBlock_469.oracleGeneral.zst
alibabaBlock_new_1M	https://ftp.pdl.cmu.edu/pub/datasets/twemcacheWorkload/cacheDatasets/alibabaBlock/new/1M/alibabaBlock_471.oracleGeneral.zst
alibabaBlock_new_1M	https://ftp.pdl.cmu.edu/pub/datasets/twemcacheWorkload/cacheDatasets/alibabaBlock/new/1M/alibabaBlock_472.oracleGeneral.zst
alibabaBlock_new_1M	https://ftp.pdl.cmu.edu/pub/datasets/twemcacheWorkload/cacheDatasets/alibabaBlock/new/1M/alibabaBlock_473.oracleGeneral.zst
alibabaBlock_new_1M	https://ftp.pdl.cmu.edu/pub/datasets/twemcacheWorkload/cacheDatasets/alibabaBlock/new/1M/alibabaBlock_474.oracleGeneral.zst
alibabaBlock_new_1M	https://ftp.pdl.cmu.edu/pub/datasets/twemcacheWorkload/cacheDatasets/alibabaBlock/new/1M/alibabaBlock_477.oracleGeneral.zst
alibabaBlock_new_1M	https://ftp.pdl.cmu.edu/pub/datasets/twemcacheWorkload/cacheDatasets/alibabaBlock/new/1M/alibabaBlock_478.oracleGeneral.zst
alibabaBlock_new_1M	https://ftp.pdl.cmu.edu/pub/datasets/twemcacheWorkload/cacheDatasets/alibabaBlock/new/1M/alibabaBlock_480.oracleGeneral.zst
alibabaBlock_new_1M	https://ftp.pdl.cmu.edu/pub/datasets/twemcacheWorkload/cacheDatasets/alibabaBlock/new/1M/alibabaBlock_482.oracleGeneral.zst
alibabaBlock_new_1M	https://ftp.pdl.cmu.edu/pub/datasets/twemcacheWorkload/cacheDatasets/alibabaBlock/new/1M/alibabaBlock_484.oracleGeneral.zst
alibabaBlock_new_1M	https://ftp.pdl.cmu.edu/pub/datasets/twemcacheWorkload/cacheDatasets/alibabaBlock/new/1M/alibabaBlock_485.oracleGeneral.zst
alibabaBlock_new_1M	https://ftp.pdl.cmu.edu/pub/datasets/twemcacheWorkload/cacheDatasets/alibabaBlock/new/1M/alibabaBlock_486.oracleGeneral.zst
alibabaBlock_new_1M	https://ftp.pdl.cmu.edu/pub/datasets/twemcacheWorkload/cacheDatasets/alibabaBlock/new/1M/alibabaBlock_487.oracleGeneral.zst
alibabaBlock_new_1M	https://ftp.pdl.cmu.edu/pub/datasets/twemcacheWorkload/cacheDatasets/alibabaBlock/new/1M/alibabaBlock_489.oracleGeneral.zst
alibabaBlock_new_1M	https://ftp.pdl.cmu.edu/pub/datasets/twemcacheWorkload/cacheDatasets/alibabaBlock/new/1M/alibabaBlock_49.oracleGeneral.zst
alibabaBlock_new_1M	https://ftp.pdl.cmu.edu/pub/datasets/twemcacheWorkload/cacheDatasets/alibabaBlock/new/1M/alibabaBlock_491.oracleGeneral.zst
alibabaBlock_new_1M	https://ftp.pdl.cmu.edu/pub/datasets/twemcacheWorkload/cacheDatasets/alibabaBlock/new/1M/alibabaBlock_492.oracleGeneral.zst
alibabaBlock_new_1M	https://ftp.pdl.cmu.edu/pub/datasets/twemcacheWorkload/cacheDatasets/alibabaBlock/new/1M/alibabaBlock_493.oracleGeneral.zst
alibabaBlock_new_1M	https://ftp.pdl.cmu.edu/pub/datasets/twemcacheWorkload/cacheDatasets/alibabaBlock/new/1M/alibabaBlock_495.oracleGeneral.zst
alibabaBlock_new_1M	https://ftp.pdl.cmu.edu/pub/datasets/twemcacheWorkload/cacheDatasets/alibabaBlock/new/1M/alibabaBlock_496.oracleGeneral.zst
alibabaBlock_new_1M	https://ftp.pdl.cmu.edu/pub/datasets/twemcacheWorkload/cacheDatasets/alibabaBlock/new/1M/alibabaBlock_498.oracleGeneral.zst
alibabaBlock_new_1M	https://ftp.pdl.cmu.edu/pub/datasets/twemcacheWorkload/cacheDatasets/alibabaBlock/new/1M/alibabaBlock_50.oracleGeneral.zst
alibabaBlock_new_1M	https://ftp.pdl.cmu.edu/pub/datasets/twemcacheWorkload/cacheDatasets/alibabaBlock/new/1M/alibabaBlock_500.oracleGeneral.zst
alibabaBlock_new_1M	https://ftp.pdl.cmu.edu/pub/datasets/twemcacheWorkload/cacheDatasets/alibabaBlock/new/1M/alibabaBlock_502.oracleGeneral.zst
alibabaBlock_new_1M	https://ftp.pdl.cmu.edu/pub/datasets/twemcacheWorkload/cacheDatasets/alibabaBlock/new/1M/alibabaBlock_503.oracleGeneral.zst
alibabaBlock_new_1M	https://ftp.pdl.cmu.edu/pub/datasets/twemcacheWorkload/cacheDatasets/alibabaBlock/new/1M/alibabaBlock_504.oracleGeneral.zst
alibabaBlock_new_1M	https://ftp.pdl.cmu.edu/pub/datasets/twemcacheWorkload/cacheDatasets/alibabaBlock/new/1M/alibabaBlock_506.oracleGeneral.zst
alibabaBlock_new_1M	https://ftp.pdl.cmu.edu/pub/datasets/twemcacheWorkload/cacheDatasets/alibabaBlock/new/1M/alibabaBlock_508.oracleGeneral.zst
alibabaBlock_new_1M	https://ftp.pdl.cmu.edu/pub/datasets/twemcacheWorkload/cacheDatasets/alibabaBlock/new/1M/alibabaBlock_51.oracleGeneral.zst
alibabaBlock_new_1M	https://ftp.pdl.cmu.edu/pub/datasets/twemcacheWorkload/cacheDatasets/alibabaBlock/new/1M/alibabaBlock_510.oracleGeneral.zst
alibabaBlock_new_1M	https://ftp.pdl.cmu.edu/pub/datasets/twemcacheWorkload/cacheDatasets/alibabaBlock/new/1M/alibabaBlock_511.oracleGeneral.zst
alibabaBlock_new_1M	https://ftp.pdl.cmu.edu/pub/datasets/twemcacheWorkload/cacheDatasets/alibabaBlock/new/1M/alibabaBlock_512.oracleGeneral.zst
alibabaBlock_new_1M	https://ftp.pdl.cmu.edu/pub/datasets/twemcacheWorkload/cacheDatasets/alibabaBlock/new/1M/alibabaBlock_515.oracleGeneral.zst
alibabaBlock_new_1M	https://ftp.pdl.cmu.edu/pub/datasets/twemcacheWorkload/cacheDatasets/alibabaBlock/new/1M/alibabaBlock_517.oracleGeneral.zst
alibabaBlock_new_1M	https://ftp.pdl.cmu.edu/pub/datasets/twemcacheWorkload/cacheDatasets/alibabaBlock/new/1M/alibabaBlock_521.oracleGeneral.zst
alibabaBlock_new_1M	https://ftp.pdl.cmu.edu/pub/datasets/twemcacheWorkload/cacheDatasets/alibabaBlock/new/1M/alibabaBlock_525.oracleGeneral.zst
alibabaBlock_new_1M	https://ftp.pdl.cmu.edu/pub/datasets/twemcacheWorkload/cacheDatasets/alibabaBlock/new/1M/alibabaBlock_53.oracleGeneral.zst
alibabaBlock_new_1M	https://ftp.pdl.cmu.edu/pub/datasets/twemcacheWorkload/cacheDatasets/alibabaBlock/new/1M/alibabaBlock_531.oracleGeneral.zst
alibabaBlock_new_1M	https://ftp.pdl.cmu.edu/pub/datasets/twemcacheWorkload/cacheDatasets/alibabaBlock/new/1M/alibabaBlock_532.oracleGeneral.zst
alibabaBlock_new_1M	https://ftp.pdl.cmu.edu/pub/datasets/twemcacheWorkload/cacheDatasets/alibabaBlock/new/1M/alibabaBlock_536.oracleGeneral.zst
alibabaBlock_new_1M	https://ftp.pdl.cmu.edu/pub/datasets/twemcacheWorkload/cacheDatasets/alibabaBlock/new/1M/alibabaBlock_537.oracleGeneral.zst
alibabaBlock_new_1M	https://ftp.pdl.cmu.edu/pub/datasets/twemcacheWorkload/cacheDatasets/alibabaBlock/new/1M/alibabaBlock_539.oracleGeneral.zst
alibabaBlock_new_1M	https://ftp.pdl.cmu.edu/pub/datasets/twemcacheWorkload/cacheDatasets/alibabaBlock/new/1M/alibabaBlock_540.oracleGeneral.zst
alibabaBlock_new_1M	https://ftp.pdl.cmu.edu/pub/datasets/twemcacheWorkload/cacheDatasets/alibabaBlock/new/1M/alibabaBlock_542.oracleGeneral.zst
alibabaBlock_new_1M	https://ftp.pdl.cmu.edu/pub/datasets/twemcacheWorkload/cacheDatasets/alibabaBlock/new/1M/alibabaBlock_544.oracleGeneral.zst
alibabaBlock_new_1M	https://ftp.pdl.cmu.edu/pub/datasets/twemcacheWorkload/cacheDatasets/alibabaBlock/new/1M/alibabaBlock_546.oracleGeneral.zst
alibabaBlock_new_1M	https://ftp.pdl.cmu.edu/pub/datasets/twemcacheWorkload/cacheDatasets/alibabaBlock/new/1M/alibabaBlock_547.oracleGeneral.zst
alibabaBlock_new_1M	https://ftp.pdl.cmu.edu/pub/datasets/twemcacheWorkload/cacheDatasets/alibabaBlock/new/1M/alibabaBlock_55.oracleGeneral.zst
alibabaBlock_new_1M	https://ftp.pdl.cmu.edu/pub/datasets/twemcacheWorkload/cacheDatasets/alibabaBlock/new/1M/alibabaBlock_550.oracleGeneral.zst
alibabaBlock_new_1M	https://ftp.pdl.cmu.edu/pub/datasets/twemcacheWorkload/cacheDatasets/alibabaBlock/new/1M/alibabaBlock_554.oracleGeneral.zst
alibabaBlock_new_1M	https://ftp.pdl.cmu.edu/pub/datasets/twemcacheWorkload/cacheDatasets/alibabaBlock/new/1M/alibabaBlock_558.oracleGeneral.zst
alibabaBlock_new_1M	https://ftp.pdl.cmu.edu/pub/datasets/twemcacheWorkload/cacheDatasets/alibabaBlock/new/1M/alibabaBlock_559.oracleGeneral.zst
alibabaBlock_new_1M	https://ftp.pdl.cmu.edu/pub/datasets/twemcacheWorkload/cacheDatasets/alibabaBlock/new/1M/alibabaBlock_561.oracleGeneral.zst
alibabaBlock_new_1M	https://ftp.pdl.cmu.edu/pub/datasets/twemcacheWorkload/cacheDatasets/alibabaBlock/new/1M/alibabaBlock_562.oracleGeneral.zst
alibabaBlock_new_1M	https://ftp.pdl.cmu.edu/pub/datasets/twemcacheWorkload/cacheDatasets/alibabaBlock/new/1M/alibabaBlock_566.oracleGeneral.zst
alibabaBlock_new_1M	https://ftp.pdl.cmu.edu/pub/datasets/twemcacheWorkload/cacheDatasets/alibabaBlock/new/1M/alibabaBlock_567.oracleGeneral.zst
alibabaBlock_new_1M	https://ftp.pdl.cmu.edu/pub/datasets/twemcacheWorkload/cacheDatasets/alibabaBlock/new/1M/alibabaBlock_568.oracleGeneral.zst
alibabaBlock_new_1M	https://ftp.pdl.cmu.edu/pub/datasets/twemcacheWorkload/cacheDatasets/alibabaBlock/new/1M/alibabaBlock_569.oracleGeneral.zst
alibabaBlock_new_1M	https://ftp.pdl.cmu.edu/pub/datasets/twemcacheWorkload/cacheDatasets/alibabaBlock/new/1M/alibabaBlock_57.oracleGeneral.zst
alibabaBlock_new_1M	https://ftp.pdl.cmu.edu/pub/datasets/twemcacheWorkload/cacheDatasets/alibabaBlock/new/1M/alibabaBlock_570.oracleGeneral.zst
alibabaBlock_new_1M	https://ftp.pdl.cmu.edu/pub/datasets/twemcacheWorkload/cacheDatasets/alibabaBlock/new/1M/alibabaBlock_574.oracleGeneral.zst
alibabaBlock_new_1M	https://ftp.pdl.cmu.edu/pub/datasets/twemcacheWorkload/cacheDatasets/alibabaBlock/new/1M/alibabaBlock_577.oracleGeneral.zst
alibabaBlock_new_1M	https://ftp.pdl.cmu.edu/pub/datasets/twemcacheWorkload/cacheDatasets/alibabaBlock/new/1M/alibabaBlock_578.oracleGeneral.zst
alibabaBlock_new_1M	https://ftp.pdl.cmu.edu/pub/datasets/twemcacheWorkload/cacheDatasets/alibabaBlock/new/1M/alibabaBlock_579.oracleGeneral.zst
alibabaBlock_new_1M	https://ftp.pdl.cmu.edu/pub/datasets/twemcacheWorkload/cacheDatasets/alibabaBlock/new/1M/alibabaBlock_580.oracleGeneral.zst
alibabaBlock_new_1M	https://ftp.pdl.cmu.edu/pub/datasets/twemcacheWorkload/cacheDatasets/alibabaBlock/new/1M/alibabaBlock_583.oracleGeneral.zst
alibabaBlock_new_1M	https://ftp.pdl.cmu.edu/pub/datasets/twemcacheWorkload/cacheDatasets/alibabaBlock/new/1M/alibabaBlock_585.oracleGeneral.zst
alibabaBlock_new_1M	https://ftp.pdl.cmu.edu/pub/datasets/twemcacheWorkload/cacheDatasets/alibabaBlock/new/1M/alibabaBlock_586.oracleGeneral.zst
alibabaBlock_new_1M	https://ftp.pdl.cmu.edu/pub/datasets/twemcacheWorkload/cacheDatasets/alibabaBlock/new/1M/alibabaBlock_587.oracleGeneral.zst
alibabaBlock_new_1M	https://ftp.pdl.cmu.edu/pub/datasets/twemcacheWorkload/cacheDatasets/alibabaBlock/new/1M/alibabaBlock_588.oracleGeneral.zst
alibabaBlock_new_1M	https://ftp.pdl.cmu.edu/pub/datasets/twemcacheWorkload/cacheDatasets/alibabaBlock/new/1M/alibabaBlock_590.oracleGeneral.zst
alibabaBlock_new_1M	https://ftp.pdl.cmu.edu/pub/datasets/twemcacheWorkload/cacheDatasets/alibabaBlock/new/1M/alibabaBlock_591.oracleGeneral.zst
alibabaBlock_new_1M	https://ftp.pdl.cmu.edu/pub/datasets/twemcacheWorkload/cacheDatasets/alibabaBlock/new/1M/alibabaBlock_593.oracleGeneral.zst
alibabaBlock_new_1M	https://ftp.pdl.cmu.edu/pub/datasets/twemcacheWorkload/cacheDatasets/alibabaBlock/new/1M/alibabaBlock_594.oracleGeneral.zst
alibabaBlock_new_1M	https://ftp.pdl.cmu.edu/pub/datasets/twemcacheWorkload/cacheDatasets/alibabaBlock/new/1M/alibabaBlock_595.oracleGeneral.zst
alibabaBlock_new_1M	https://ftp.pdl.cmu.edu/pub/datasets/twemcacheWorkload/cacheDatasets/alibabaBlock/new/1M/alibabaBlock_599.oracleGeneral.zst
alibabaBlock_new_1M	https://ftp.pdl.cmu.edu/pub/datasets/twemcacheWorkload/cacheDatasets/alibabaBlock/new/1M/alibabaBlock_60.oracleGeneral.zst
alibabaBlock_new_1M	https://ftp.pdl.cmu.edu/pub/datasets/twemcacheWorkload/cacheDatasets/alibabaBlock/new/1M/alibabaBlock_601.oracleGeneral.zst
alibabaBlock_new_1M	https://ftp.pdl.cmu.edu/pub/datasets/twemcacheWorkload/cacheDatasets/alibabaBlock/new/1M/alibabaBlock_602.oracleGeneral.zst
alibabaBlock_new_1M	https://ftp.pdl.cmu.edu/pub/datasets/twemcacheWorkload/cacheDatasets/alibabaBlock/new/1M/alibabaBlock_603.oracleGeneral.zst
alibabaBlock_new_1M	https://ftp.pdl.cmu.edu/pub/datasets/twemcacheWorkload/cacheDatasets/alibabaBlock/new/1M/alibabaBlock_606.oracleGeneral.zst
alibabaBlock_new_1M	https://ftp.pdl.cmu.edu/pub/datasets/twemcacheWorkload/cacheDatasets/alibabaBlock/new/1M/alibabaBlock_609.oracleGeneral.zst
alibabaBlock_new_1M	https://ftp.pdl.cmu.edu/pub/datasets/twemcacheWorkload/cacheDatasets/alibabaBlock/new/1M/alibabaBlock_611.oracleGeneral.zst
alibabaBlock_new_1M	https://ftp.pdl.cmu.edu/pub/datasets/twemcacheWorkload/cacheDatasets/alibabaBlock/new/1M/alibabaBlock_612.oracleGeneral.zst
alibabaBlock_new_1M	https://ftp.pdl.cmu.edu/pub/datasets/twemcacheWorkload/cacheDatasets/alibabaBlock/new/1M/alibabaBlock_613.oracleGeneral.zst
alibabaBlock_new_1M	https://ftp.pdl.cmu.edu/pub/datasets/twemcacheWorkload/cacheDatasets/alibabaBlock/new/1M/alibabaBlock_615.oracleGeneral.zst
alibabaBlock_new_1M	https://ftp.pdl.cmu.edu/pub/datasets/twemcacheWorkload/cacheDatasets/alibabaBlock/new/1M/alibabaBlock_616.oracleGeneral.zst
alibabaBlock_new_1M	https://ftp.pdl.cmu.edu/pub/datasets/twemcacheWorkload/cacheDatasets/alibabaBlock/new/1M/alibabaBlock_618.oracleGeneral.zst
alibabaBlock_new_1M	https://ftp.pdl.cmu.edu/pub/datasets/twemcacheWorkload/cacheDatasets/alibabaBlock/new/1M/alibabaBlock_619.oracleGeneral.zst
alibabaBlock_new_1M	https://ftp.pdl.cmu.edu/pub/datasets/twemcacheWorkload/cacheDatasets/alibabaBlock/new/1M/alibabaBlock_621.oracleGeneral.zst
alibabaBlock_new_1M	https://ftp.pdl.cmu.edu/pub/datasets/twemcacheWorkload/cacheDatasets/alibabaBlock/new/1M/alibabaBlock_622.oracleGeneral.zst
alibabaBlock_new_1M	https://ftp.pdl.cmu.edu/pub/datasets/twemcacheWorkload/cacheDatasets/alibabaBlock/new/1M/alibabaBlock_623.oracleGeneral.zst
alibabaBlock_new_1M	https://ftp.pdl.cmu.edu/pub/datasets/twemcacheWorkload/cacheDatasets/alibabaBlock/new/1M/alibabaBlock_624.oracleGeneral.zst
alibabaBlock_new_1M	https://ftp.pdl.cmu.edu/pub/datasets/twemcacheWorkload/cacheDatasets/alibabaBlock/new/1M/alibabaBlock_625.oracleGeneral.zst
alibabaBlock_new_1M	https://ftp.pdl.cmu.edu/pub/datasets/twemcacheWorkload/cacheDatasets/alibabaBlock/new/1M/alibabaBlock_627.oracleGeneral.zst
alibabaBlock_new_1M	https://ftp.pdl.cmu.edu/pub/datasets/twemcacheWorkload/cacheDatasets/alibabaBlock/new/1M/alibabaBlock_63.oracleGeneral.zst
alibabaBlock_new_1M	https://ftp.pdl.cmu.edu/pub/datasets/twemcacheWorkload/cacheDatasets/alibabaBlock/new/1M/alibabaBlock_632.oracleGeneral.zst
alibabaBlock_new_1M	https://ftp.pdl.cmu.edu/pub/datasets/twemcacheWorkload/cacheDatasets/alibabaBlock/new/1M/alibabaBlock_634.oracleGeneral.zst
alibabaBlock_new_1M	https://ftp.pdl.cmu.edu/pub/datasets/twemcacheWorkload/cacheDatasets/alibabaBlock/new/1M/alibabaBlock_639.oracleGeneral.zst
alibabaBlock_new_1M	https://ftp.pdl.cmu.edu/pub/datasets/twemcacheWorkload/cacheDatasets/alibabaBlock/new/1M/alibabaBlock_64.oracleGeneral.zst
alibabaBlock_new_1M	https://ftp.pdl.cmu.edu/pub/datasets/twemcacheWorkload/cacheDatasets/alibabaBlock/new/1M/alibabaBlock_641.oracleGeneral.zst
alibabaBlock_new_1M	https://ftp.pdl.cmu.edu/pub/datasets/twemcacheWorkload/cacheDatasets/alibabaBlock/new/1M/alibabaBlock_642.oracleGeneral.zst
alibabaBlock_new_1M	https://ftp.pdl.cmu.edu/pub/datasets/twemcacheWorkload/cacheDatasets/alibabaBlock/new/1M/alibabaBlock_643.oracleGeneral.zst
alibabaBlock_new_1M	https://ftp.pdl.cmu.edu/pub/datasets/twemcacheWorkload/cacheDatasets/alibabaBlock/new/1M/alibabaBlock_644.oracleGeneral.zst
alibabaBlock_new_1M	https://ftp.pdl.cmu.edu/pub/datasets/twemcacheWorkload/cacheDatasets/alibabaBlock/new/1M/alibabaBlock_646.oracleGeneral.zst
alibabaBlock_new_1M	https://ftp.pdl.cmu.edu/pub/datasets/twemcacheWorkload/cacheDatasets/alibabaBlock/new/1M/alibabaBlock_648.oracleGeneral.zst
alibabaBlock_new_1M	https://ftp.pdl.cmu.edu/pub/datasets/twemcacheWorkload/cacheDatasets/alibabaBlock/new/1M/alibabaBlock_649.oracleGeneral.zst
alibabaBlock_new_1M	https://ftp.pdl.cmu.edu/pub/datasets/twemcacheWorkload/cacheDatasets/alibabaBlock/new/1M/alibabaBlock_65.oracleGeneral.zst
alibabaBlock_new_1M	https://ftp.pdl.cmu.edu/pub/datasets/twemcacheWorkload/cacheDatasets/alibabaBlock/new/1M/alibabaBlock_650.oracleGeneral.zst
alibabaBlock_new_1M	https://ftp.pdl.cmu.edu/pub/datasets/twemcacheWorkload/cacheDatasets/alibabaBlock/new/1M/alibabaBlock_653.oracleGeneral.zst
alibabaBlock_new_1M	https://ftp.pdl.cmu.edu/pub/datasets/twemcacheWorkload/cacheDatasets/alibabaBlock/new/1M/alibabaBlock_654.oracleGeneral.zst
alibabaBlock_new_1M	https://ftp.pdl.cmu.edu/pub/datasets/twemcacheWorkload/cacheDatasets/alibabaBlock/new/1M/alibabaBlock_655.oracleGeneral.zst
alibabaBlock_new_1M	https://ftp.pdl.cmu.edu/pub/datasets/twemcacheWorkload/cacheDatasets/alibabaBlock/new/1M/alibabaBlock_657.oracleGeneral.zst
alibabaBlock_new_1M	https://ftp.pdl.cmu.edu/pub/datasets/twemcacheWorkload/cacheDatasets/alibabaBlock/new/1M/alibabaBlock_658.oracleGeneral.zst
alibabaBlock_new_1M	https://ftp.pdl.cmu.edu/pub/datasets/twemcacheWorkload/cacheDatasets/alibabaBlock/new/1M/alibabaBlock_659.oracleGeneral.zst
alibabaBlock_new_1M	https://ftp.pdl.cmu.edu/pub/datasets/twemcacheWorkload/cacheDatasets/alibabaBlock/new/1M/alibabaBlock_666.oracleGeneral.zst
alibabaBlock_new_1M	https://ftp.pdl.cmu.edu/pub/datasets/twemcacheWorkload/cacheDatasets/alibabaBlock/new/1M/alibabaBlock_667.oracleGeneral.zst
alibabaBlock_new_1M	https://ftp.pdl.cmu.edu/pub/datasets/twemcacheWorkload/cacheDatasets/alibabaBlock/new/1M/alibabaBlock_668.oracleGeneral.zst
alibabaBlock_new_1M	https://ftp.pdl.cmu.edu/pub/datasets/twemcacheWorkload/cacheDatasets/alibabaBlock/new/1M/alibabaBlock_670.oracleGeneral.zst
alibabaBlock_new_1M	https://ftp.pdl.cmu.edu/pub/datasets/twemcacheWorkload/cacheDatasets/alibabaBlock/new/1M/alibabaBlock_672.oracleGeneral.zst
alibabaBlock_new_1M	https://ftp.pdl.cmu.edu/pub/datasets/twemcacheWorkload/cacheDatasets/alibabaBlock/new/1M/alibabaBlock_674.oracleGeneral.zst
alibabaBlock_new_1M	https://ftp.pdl.cmu.edu/pub/datasets/twemcacheWorkload/cacheDatasets/alibabaBlock/new/1M/alibabaBlock_678.oracleGeneral.zst
alibabaBlock_new_1M	https://ftp.pdl.cmu.edu/pub/datasets/twemcacheWorkload/cacheDatasets/alibabaBlock/new/1M/alibabaBlock_680.oracleGeneral.zst
alibabaBlock_new_1M	https://ftp.pdl.cmu.edu/pub/datasets/twemcacheWorkload/cacheDatasets/alibabaBlock/new/1M/alibabaBlock_683.oracleGeneral.zst
alibabaBlock_new_1M	https://ftp.pdl.cmu.edu/pub/datasets/twemcacheWorkload/cacheDatasets/alibabaBlock/new/1M/alibabaBlock_686.oracleGeneral.zst
alibabaBlock_new_1M	https://ftp.pdl.cmu.edu/pub/datasets/twemcacheWorkload/cacheDatasets/alibabaBlock/new/1M/alibabaBlock_687.oracleGeneral.zst
alibabaBlock_new_1M	https://ftp.pdl.cmu.edu/pub/datasets/twemcacheWorkload/cacheDatasets/alibabaBlock/new/1M/alibabaBlock_688.oracleGeneral.zst
alibabaBlock_new_1M	https://ftp.pdl.cmu.edu/pub/datasets/twemcacheWorkload/cacheDatasets/alibabaBlock/new/1M/alibabaBlock_691.oracleGeneral.zst
alibabaBlock_new_1M	https://ftp.pdl.cmu.edu/pub/datasets/twemcacheWorkload/cacheDatasets/alibabaBlock/new/1M/alibabaBlock_692.oracleGeneral.zst
alibabaBlock_new_1M	https://ftp.pdl.cmu.edu/pub/datasets/twemcacheWorkload/cacheDatasets/alibabaBlock/new/1M/alibabaBlock_693.oracleGeneral.zst
alibabaBlock_new_1M	https://ftp.pdl.cmu.edu/pub/datasets/twemcacheWorkload/cacheDatasets/alibabaBlock/new/1M/alibabaBlock_695.oracleGeneral.zst
alibabaBlock_new_1M	https://ftp.pdl.cmu.edu/pub/datasets/twemcacheWorkload/cacheDatasets/alibabaBlock/new/1M/alibabaBlock_697.oracleGeneral.zst
alibabaBlock_new_1M	https://ftp.pdl.cmu.edu/pub/datasets/twemcacheWorkload/cacheDatasets/alibabaBlock/new/1M/alibabaBlock_699.oracleGeneral.zst
alibabaBlock_new_1M	https://ftp.pdl.cmu.edu/pub/datasets/twemcacheWorkload/cacheDatasets/alibabaBlock/new/1M/alibabaBlock_700.oracleGeneral.zst
alibabaBlock_new_1M	https://ftp.pdl.cmu.edu/pub/datasets/twemcacheWorkload/cacheDatasets/alibabaBlock/new/1M/alibabaBlock_702.oracleGeneral.zst
alibabaBlock_new_1M	https://ftp.pdl.cmu.edu/pub/datasets/twemcacheWorkload/cacheDatasets/alibabaBlock/new/1M/alibabaBlock_703.oracleGeneral.zst
alibabaBlock_new_1M	https://ftp.pdl.cmu.edu/pub/datasets/twemcacheWorkload/cacheDatasets/alibabaBlock/new/1M/alibabaBlock_704.oracleGeneral.zst
alibabaBlock_new_1M	https://ftp.pdl.cmu.edu/pub/datasets/twemcacheWorkload/cacheDatasets/alibabaBlock/new/1M/alibabaBlock_707.oracleGeneral.zst
alibabaBlock_new_1M	https://ftp.pdl.cmu.edu/pub/datasets/twemcacheWorkload/cacheDatasets/alibabaBlock/new/1M/alibabaBlock_71.oracleGeneral.zst
alibabaBlock_new_1M	https://ftp.pdl.cmu.edu/pub/datasets/twemcacheWorkload/cacheDatasets/alibabaBlock/new/1M/alibabaBlock_710.oracleGeneral.zst
alibabaBlock_new_1M	https://ftp.pdl.cmu.edu/pub/datasets/twemcacheWorkload/cacheDatasets/alibabaBlock/new/1M/alibabaBlock_711.oracleGeneral.zst
alibabaBlock_new_1M	https://ftp.pdl.cmu.edu/pub/datasets/twemcacheWorkload/cacheDatasets/alibabaBlock/new/1M/alibabaBlock_712.oracleGeneral.zst
alibabaBlock_new_1M	https://ftp.pdl.cmu.edu/pub/datasets/twemcacheWorkload/cacheDatasets/alibabaBlock/new/1M/alibabaBlock_714.oracleGeneral.zst
alibabaBlock_new_1M	https://ftp.pdl.cmu.edu/pub/datasets/twemcacheWorkload/cacheDatasets/alibabaBlock/new/1M/alibabaBlock_716.oracleGeneral.zst
alibabaBlock_new_1M	https://ftp.pdl.cmu.edu/pub/datasets/twemcacheWorkload/cacheDatasets/alibabaBlock/new/1M/alibabaBlock_721.oracleGeneral.zst
alibabaBlock_new_1M	https://ftp.pdl.cmu.edu/pub/datasets/twemcacheWorkload/cacheDatasets/alibabaBlock/new/1M/alibabaBlock_722.oracleGeneral.zst
alibabaBlock_new_1M	https://ftp.pdl.cmu.edu/pub/datasets/twemcacheWorkload/cacheDatasets/alibabaBlock/new/1M/alibabaBlock_723.oracleGeneral.zst
alibabaBlock_new_1M	https://ftp.pdl.cmu.edu/pub/datasets/twemcacheWorkload/cacheDatasets/alibabaBlock/new/1M/alibabaBlock_734.oracleGeneral.zst
alibabaBlock_new_1M	https://ftp.pdl.cmu.edu/pub/datasets/twemcacheWorkload/cacheDatasets/alibabaBlock/new/1M/alibabaBlock_738.oracleGeneral.zst
alibabaBlock_new_1M	https://ftp.pdl.cmu.edu/pub/datasets/twemcacheWorkload/cacheDatasets/alibabaBlock/new/1M/alibabaBlock_744.oracleGeneral.zst
alibabaBlock_new_1M	https://ftp.pdl.cmu.edu/pub/datasets/twemcacheWorkload/cacheDatasets/alibabaBlock/new/1M/alibabaBlock_747.oracleGeneral.zst
alibabaBlock_new_1M	https://ftp.pdl.cmu.edu/pub/datasets/twemcacheWorkload/cacheDatasets/alibabaBlock/new/1M/alibabaBlock_75.oracleGeneral.zst
alibabaBlock_new_1M	https://ftp.pdl.cmu.edu/pub/datasets/twemcacheWorkload/cacheDatasets/alibabaBlock/new/1M/alibabaBlock_750.oracleGeneral.zst
alibabaBlock_new_1M	https://ftp.pdl.cmu.edu/pub/datasets/twemcacheWorkload/cacheDatasets/alibabaBlock/new/1M/alibabaBlock_752.oracleGeneral.zst
alibabaBlock_new_1M	https://ftp.pdl.cmu.edu/pub/datasets/twemcacheWorkload/cacheDatasets/alibabaBlock/new/1M/alibabaBlock_753.oracleGeneral.zst
alibabaBlock_new_1M	https://ftp.pdl.cmu.edu/pub/datasets/twemcacheWorkload/cacheDatasets/alibabaBlock/new/1M/alibabaBlock_754.oracleGeneral.zst
alibabaBlock_new_1M	https://ftp.pdl.cmu.edu/pub/datasets/twemcacheWorkload/cacheDatasets/alibabaBlock/new/1M/alibabaBlock_755.oracleGeneral.zst
alibabaBlock_new_1M	https://ftp.pdl.cmu.edu/pub/datasets/twemcacheWorkload/cacheDatasets/alibabaBlock/new/1M/alibabaBlock_761.oracleGeneral.zst
alibabaBlock_new_1M	https://ftp.pdl.cmu.edu/pub/datasets/twemcacheWorkload/cacheDatasets/alibabaBlock/new/1M/alibabaBlock_767.oracleGeneral.zst
alibabaBlock_new_1M	https://ftp.pdl.cmu.edu/pub/datasets/twemcacheWorkload/cacheDatasets/alibabaBlock/new/1M/alibabaBlock_770.oracleGeneral.zst
alibabaBlock_new_1M	https://ftp.pdl.cmu.edu/pub/datasets/twemcacheWorkload/cacheDatasets/alibabaBlock/new/1M/alibabaBlock_772.oracleGeneral.zst
alibabaBlock_new_1M	https://ftp.pdl.cmu.edu/pub/datasets/twemcacheWorkload/cacheDatasets/alibabaBlock/new/1M/alibabaBlock_774.oracleGeneral.zst
alibabaBlock_new_1M	https://ftp.pdl.cmu.edu/pub/datasets/twemcacheWorkload/cacheDatasets/alibabaBlock/new/1M/alibabaBlock_779.oracleGeneral.zst
alibabaBlock_new_1M	https://ftp.pdl.cmu.edu/pub/datasets/twemcacheWorkload/cacheDatasets/alibabaBlock/new/1M/alibabaBlock_780.oracleGeneral.zst
alibabaBlock_new_1M	https://ftp.pdl.cmu.edu/pub/datasets/twemcacheWorkload/cacheDatasets/alibabaBlock/new/1M/alibabaBlock_783.oracleGeneral.zst
alibabaBlock_new_1M	https://ftp.pdl.cmu.edu/pub/datasets/twemcacheWorkload/cacheDatasets/alibabaBlock/new/1M/alibabaBlock_785.oracleGeneral.zst
alibabaBlock_new_1M	https://ftp.pdl.cmu.edu/pub/datasets/twemcacheWorkload/cacheDatasets/alibabaBlock/new/1M/alibabaBlock_789.oracleGeneral.zst
alibabaBlock_new_1M	https://ftp.pdl.cmu.edu/pub/datasets/twemcacheWorkload/cacheDatasets/alibabaBlock/new/1M/alibabaBlock_790.oracleGeneral.zst
alibabaBlock_new_1M	https://ftp.pdl.cmu.edu/pub/datasets/twemcacheWorkload/cacheDatasets/alibabaBlock/new/1M/alibabaBlock_793.oracleGeneral.zst
alibabaBlock_new_1M	https://ftp.pdl.cmu.edu/pub/datasets/twemcacheWorkload/cacheDatasets/alibabaBlock/new/1M/alibabaBlock_794.oracleGeneral.zst
alibabaBlock_new_1M	https://ftp.pdl.cmu.edu/pub/datasets/twemcacheWorkload/cacheDatasets/alibabaBlock/new/1M/alibabaBlock_80.oracleGeneral.zst
alibabaBlock_new_1M	https://ftp.pdl.cmu.edu/pub/datasets/twemcacheWorkload/cacheDatasets/alibabaBlock/new/1M/alibabaBlock_808.oracleGeneral.zst
alibabaBlock_new_1M	https://ftp.pdl.cmu.edu/pub/datasets/twemcacheWorkload/cacheDatasets/alibabaBlock/new/1M/alibabaBlock_81.oracleGeneral.zst
alibabaBlock_new_1M	https://ftp.pdl.cmu.edu/pub/datasets/twemcacheWorkload/cacheDatasets/alibabaBlock/new/1M/alibabaBlock_814.oracleGeneral.zst
alibabaBlock_new_1M	https://ftp.pdl.cmu.edu/pub/datasets/twemcacheWorkload/cacheDatasets/alibabaBlock/new/1M/alibabaBlock_815.oracleGeneral.zst
alibabaBlock_new_1M	https://ftp.pdl.cmu.edu/pub/datasets/twemcacheWorkload/cacheDatasets/alibabaBlock/new/1M/alibabaBlock_827.oracleGeneral.zst
alibabaBlock_new_1M	https://ftp.pdl.cmu.edu/pub/datasets/twemcacheWorkload/cacheDatasets/alibabaBlock/new/1M/alibabaBlock_84.oracleGeneral.zst
alibabaBlock_new_1M	https://ftp.pdl.cmu.edu/pub/datasets/twemcacheWorkload/cacheDatasets/alibabaBlock/new/1M/alibabaBlock_85.oracleGeneral.zst
alibabaBlock_new_1M	https://ftp.pdl.cmu.edu/pub/datasets/twemcacheWorkload/cacheDatasets/alibabaBlock/new/1M/alibabaBlock_87.oracleGeneral.zst
alibabaBlock_new_1M	https://ftp.pdl.cmu.edu/pub/datasets/twemcacheWorkload/cacheDatasets/alibabaBlock/new/1M/alibabaBlock_899.oracleGeneral.zst
alibabaBlock_new_1M	https://ftp.pdl.cmu.edu/pub/datasets/twemcacheWorkload/cacheDatasets/alibabaBlock/new/1M/alibabaBlock_9.oracleGeneral.zst
alibabaBlock_new_1M	https://ftp.pdl.cmu.edu/pub/datasets/twemcacheWorkload/cacheDatasets/alibabaBlock/new/1M/alibabaBlock_90.oracleGeneral.zst
alibabaBlock_new_1M	https://ftp.pdl.cmu.edu/pub/datasets/twemcacheWorkload/cacheDatasets/alibabaBlock/new/1M/alibabaBlock_913.oracleGeneral.zst
alibabaBlock_new_1M	https://ftp.pdl.cmu.edu/pub/datasets/twemcacheWorkload/cacheDatasets/alibabaBlock/new/1M/alibabaBlock_917.oracleGeneral.zst
alibabaBlock_new_1M	https://ftp.pdl.cmu.edu/pub/datasets/twemcacheWorkload/cacheDatasets/alibabaBlock/new/1M/alibabaBlock_93.oracleGeneral.zst
alibabaBlock_new_1M	https://ftp.pdl.cmu.edu/pub/datasets/twemcacheWorkload/cacheDatasets/alibabaBlock/new/1M/alibabaBlock_939.oracleGeneral.zst
alibabaBlock_new_1M	https://ftp.pdl.cmu.edu/pub/datasets/twemcacheWorkload/cacheDatasets/alibabaBlock/new/1M/alibabaBlock_942.oracleGeneral.zst
alibabaBlock_new_1M	https://ftp.pdl.cmu.edu/pub/datasets/twemcacheWorkload/cacheDatasets/alibabaBlock/new/1M/alibabaBlock_95.oracleGeneral.zst
alibabaBlock_new_100K	https://ftp.pdl.cmu.edu/pub/datasets/twemcacheWorkload/cacheDatasets/alibabaBlock/new/100K/alibabaBlock_110.oracleGeneral.zst
alibabaBlock_new_100K	https://ftp.pdl.cmu.edu/pub/datasets/twemcacheWorkload/cacheDatasets/alibabaBlock/new/100K/alibabaBlock_119.oracleGeneral.zst
alibabaBlock_new_100K	https://ftp.pdl.cmu.edu/pub/datasets/twemcacheWorkload/cacheDatasets/alibabaBlock/new/100K/alibabaBlock_164.oracleGeneral.zst
alibabaBlock_new_100K	https://ftp.pdl.cmu.edu/pub/datasets/twemcacheWorkload/cacheDatasets/alibabaBlock/new/100K/alibabaBlock_172.oracleGeneral.zst
alibabaBlock_new_100K	https://ftp.pdl.cmu.edu/pub/datasets/twemcacheWorkload/cacheDatasets/alibabaBlock/new/100K/alibabaBlock_185.oracleGeneral.zst
alibabaBlock_new_100K	https://ftp.pdl.cmu.edu/pub/datasets/twemcacheWorkload/cacheDatasets/alibabaBlock/new/100K/alibabaBlock_186.oracleGeneral.zst
alibabaBlock_new_100K	https://ftp.pdl.cmu.edu/pub/datasets/twemcacheWorkload/cacheDatasets/alibabaBlock/new/100K/alibabaBlock_224.oracleGeneral.zst
alibabaBlock_new_100K	https://ftp.pdl.cmu.edu/pub/datasets/twemcacheWorkload/cacheDatasets/alibabaBlock/new/100K/alibabaBlock_243.oracleGeneral.zst
alibabaBlock_new_100K	https://ftp.pdl.cmu.edu/pub/datasets/twemcacheWorkload/cacheDatasets/alibabaBlock/new/100K/alibabaBlock_245.oracleGeneral.zst
alibabaBlock_new_100K	https://ftp.pdl.cmu.edu/pub/datasets/twemcacheWorkload/cacheDatasets/alibabaBlock/new/100K/alibabaBlock_253.oracleGeneral.zst
alibabaBlock_new_100K	https://ftp.pdl.cmu.edu/pub/datasets/twemcacheWorkload/cacheDatasets/alibabaBlock/new/100K/alibabaBlock_267.oracleGeneral.zst
alibabaBlock_new_100K	https://ftp.pdl.cmu.edu/pub/datasets/twemcacheWorkload/cacheDatasets/alibabaBlock/new/100K/alibabaBlock_268.oracleGeneral.zst
alibabaBlock_new_100K	https://ftp.pdl.cmu.edu/pub/datasets/twemcacheWorkload/cacheDatasets/alibabaBlock/new/100K/alibabaBlock_270.oracleGeneral.zst
alibabaBlock_new_100K	https://ftp.pdl.cmu.edu/pub/datasets/twemcacheWorkload/cacheDatasets/alibabaBlock/new/100K/alibabaBlock_285.oracleGeneral.zst
alibabaBlock_new_100K	https://ftp.pdl.cmu.edu/pub/datasets/twemcacheWorkload/cacheDatasets/alibabaBlock/new/100K/alibabaBlock_291.oracleGeneral.zst
alibabaBlock_new_100K	https://ftp.pdl.cmu.edu/pub/datasets/twemcacheWorkload/cacheDatasets/alibabaBlock/new/100K/alibabaBlock_292.oracleGeneral.zst
alibabaBlock_new_100K	https://ftp.pdl.cmu.edu/pub/datasets/twemcacheWorkload/cacheDatasets/alibabaBlock/new/100K/alibabaBlock_299.oracleGeneral.zst
alibabaBlock_new_100K	https://ftp.pdl.cmu.edu/pub/datasets/twemcacheWorkload/cacheDatasets/alibabaBlock/new/100K/alibabaBlock_301.oracleGeneral.zst
alibabaBlock_new_100K	https://ftp.pdl.cmu.edu/pub/datasets/twemcacheWorkload/cacheDatasets/alibabaBlock/new/100K/alibabaBlock_302.oracleGeneral.zst
alibabaBlock_new_100K	https://ftp.pdl.cmu.edu/pub/datasets/twemcacheWorkload/cacheDatasets/alibabaBlock/new/100K/alibabaBlock_306.oracleGeneral.zst
alibabaBlock_new_100K	https://ftp.pdl.cmu.edu/pub/datasets/twemcacheWorkload/cacheDatasets/alibabaBlock/new/100K/alibabaBlock_307.oracleGeneral.zst
alibabaBlock_new_100K	https://ftp.pdl.cmu.edu/pub/datasets/twemcacheWorkload/cacheDatasets/alibabaBlock/new/100K/alibabaBlock_312.oracleGeneral.zst
alibabaBlock_new_100K	https://ftp.pdl.cmu.edu/pub/datasets/twemcacheWorkload/cacheDatasets/alibabaBlock/new/100K/alibabaBlock_315.oracleGeneral.zst
alibabaBlock_new_100K	https://ftp.pdl.cmu.edu/pub/datasets/twemcacheWorkload/cacheDatasets/alibabaBlock/new/100K/alibabaBlock_317.oracleGeneral.zst
alibabaBlock_new_100K	https://ftp.pdl.cmu.edu/pub/datasets/twemcacheWorkload/cacheDatasets/alibabaBlock/new/100K/alibabaBlock_323.oracleGeneral.zst
alibabaBlock_new_100K	https://ftp.pdl.cmu.edu/pub/datasets/twemcacheWorkload/cacheDatasets/alibabaBlock/new/100K/alibabaBlock_328.oracleGeneral.zst
alibabaBlock_new_100K	https://ftp.pdl.cmu.edu/pub/datasets/twemcacheWorkload/cacheDatasets/alibabaBlock/new/100K/alibabaBlock_330.oracleGeneral.zst
alibabaBlock_new_100K	https://ftp.pdl.cmu.edu/pub/datasets/twemcacheWorkload/cacheDatasets/alibabaBlock/new/100K/alibabaBlock_333.oracleGeneral.zst
alibabaBlock_new_100K	https://ftp.pdl.cmu.edu/pub/datasets/twemcacheWorkload/cacheDatasets/alibabaBlock/new/100K/alibabaBlock_341.oracleGeneral.zst
alibabaBlock_new_100K	https://ftp.pdl.cmu.edu/pub/datasets/twemcacheWorkload/cacheDatasets/alibabaBlock/new/100K/alibabaBlock_346.oracleGeneral.zst
alibabaBlock_new_100K	https://ftp.pdl.cmu.edu/pub/datasets/twemcacheWorkload/cacheDatasets/alibabaBlock/new/100K/alibabaBlock_350.oracleGeneral.zst
alibabaBlock_new_100K	https://ftp.pdl.cmu.edu/pub/datasets/twemcacheWorkload/cacheDatasets/alibabaBlock/new/100K/alibabaBlock_362.oracleGeneral.zst
alibabaBlock_new_100K	https://ftp.pdl.cmu.edu/pub/datasets/twemcacheWorkload/cacheDatasets/alibabaBlock/new/100K/alibabaBlock_364.oracleGeneral.zst
alibabaBlock_new_100K	https://ftp.pdl.cmu.edu/pub/datasets/twemcacheWorkload/cacheDatasets/alibabaBlock/new/100K/alibabaBlock_365.oracleGeneral.zst
alibabaBlock_new_100K	https://ftp.pdl.cmu.edu/pub/datasets/twemcacheWorkload/cacheDatasets/alibabaBlock/new/100K/alibabaBlock_367.oracleGeneral.zst
alibabaBlock_new_100K	https://ftp.pdl.cmu.edu/pub/datasets/twemcacheWorkload/cacheDatasets/alibabaBlock/new/100K/alibabaBlock_370.oracleGeneral.zst
alibabaBlock_new_100K	https://ftp.pdl.cmu.edu/pub/datasets/twemcacheWorkload/cacheDatasets/alibabaBlock/new/100K/alibabaBlock_377.oracleGeneral.zst
alibabaBlock_new_100K	https://ftp.pdl.cmu.edu/pub/datasets/twemcacheWorkload/cacheDatasets/alibabaBlock/new/100K/alibabaBlock_379.oracleGeneral.zst
alibabaBlock_new_100K	https://ftp.pdl.cmu.edu/pub/datasets/twemcacheWorkload/cacheDatasets/alibabaBlock/new/100K/alibabaBlock_380.oracleGeneral.zst
alibabaBlock_new_100K	https://ftp.pdl.cmu.edu/pub/datasets/twemcacheWorkload/cacheDatasets/alibabaBlock/new/100K/alibabaBlock_381.oracleGeneral.zst
alibabaBlock_new_100K	https://ftp.pdl.cmu.edu/pub/datasets/twemcacheWorkload/cacheDatasets/alibabaBlock/new/100K/alibabaBlock_382.oracleGeneral.zst
alibabaBlock_new_100K	https://ftp.pdl.cmu.edu/pub/datasets/twemcacheWorkload/cacheDatasets/alibabaBlock/new/100K/alibabaBlock_384.oracleGeneral.zst
alibabaBlock_new_100K	https://ftp.pdl.cmu.edu/pub/datasets/twemcacheWorkload/cacheDatasets/alibabaBlock/new/100K/alibabaBlock_385.oracleGeneral.zst
alibabaBlock_new_100K	https://ftp.pdl.cmu.edu/pub/datasets/twemcacheWorkload/cacheDatasets/alibabaBlock/new/100K/alibabaBlock_388.oracleGeneral.zst
alibabaBlock_new_100K	https://ftp.pdl.cmu.edu/pub/datasets/twemcacheWorkload/cacheDatasets/alibabaBlock/new/100K/alibabaBlock_393.oracleGeneral.zst
alibabaBlock_new_100K	https://ftp.pdl.cmu.edu/pub/datasets/twemcacheWorkload/cacheDatasets/alibabaBlock/new/100K/alibabaBlock_394.oracleGeneral.zst
alibabaBlock_new_100K	https://ftp.pdl.cmu.edu/pub/datasets/twemcacheWorkload/cacheDatasets/alibabaBlock/new/100K/alibabaBlock_406.oracleGeneral.zst
alibabaBlock_new_100K	https://ftp.pdl.cmu.edu/pub/datasets/twemcacheWorkload/cacheDatasets/alibabaBlock/new/100K/alibabaBlock_414.oracleGeneral.zst
alibabaBlock_new_100K	https://ftp.pdl.cmu.edu/pub/datasets/twemcacheWorkload/cacheDatasets/alibabaBlock/new/100K/alibabaBlock_415.oracleGeneral.zst
alibabaBlock_new_100K	https://ftp.pdl.cmu.edu/pub/datasets/twemcacheWorkload/cacheDatasets/alibabaBlock/new/100K/alibabaBlock_42.oracleGeneral.zst
alibabaBlock_new_100K	https://ftp.pdl.cmu.edu/pub/datasets/twemcacheWorkload/cacheDatasets/alibabaBlock/new/100K/alibabaBlock_420.oracleGeneral.zst
alibabaBlock_new_100K	https://ftp.pdl.cmu.edu/pub/datasets/twemcacheWorkload/cacheDatasets/alibabaBlock/new/100K/alibabaBlock_422.oracleGeneral.zst
alibabaBlock_new_100K	https://ftp.pdl.cmu.edu/pub/datasets/twemcacheWorkload/cacheDatasets/alibabaBlock/new/100K/alibabaBlock_426.oracleGeneral.zst
alibabaBlock_new_100K	https://ftp.pdl.cmu.edu/pub/datasets/twemcacheWorkload/cacheDatasets/alibabaBlock/new/100K/alibabaBlock_428.oracleGeneral.zst
alibabaBlock_new_100K	https://ftp.pdl.cmu.edu/pub/datasets/twemcacheWorkload/cacheDatasets/alibabaBlock/new/100K/alibabaBlock_432.oracleGeneral.zst
alibabaBlock_new_100K	https://ftp.pdl.cmu.edu/pub/datasets/twemcacheWorkload/cacheDatasets/alibabaBlock/new/100K/alibabaBlock_438.oracleGeneral.zst
alibabaBlock_new_100K	https://ftp.pdl.cmu.edu/pub/datasets/twemcacheWorkload/cacheDatasets/alibabaBlock/new/100K/alibabaBlock_441.oracleGeneral.zst
alibabaBlock_new_100K	https://ftp.pdl.cmu.edu/pub/datasets/twemcacheWorkload/cacheDatasets/alibabaBlock/new/100K/alibabaBlock_442.oracleGeneral.zst
alibabaBlock_new_100K	https://ftp.pdl.cmu.edu/pub/datasets/twemcacheWorkload/cacheDatasets/alibabaBlock/new/100K/alibabaBlock_443.oracleGeneral.zst
alibabaBlock_new_100K	https://ftp.pdl.cmu.edu/pub/datasets/twemcacheWorkload/cacheDatasets/alibabaBlock/new/100K/alibabaBlock_444.oracleGeneral.zst
alibabaBlock_new_100K	https://ftp.pdl.cmu.edu/pub/datasets/twemcacheWorkload/cacheDatasets/alibabaBlock/new/100K/alibabaBlock_447.oracleGeneral.zst
alibabaBlock_new_100K	https://ftp.pdl.cmu.edu/pub/datasets/twemcacheWorkload/cacheDatasets/alibabaBlock/new/100K/alibabaBlock_451.oracleGeneral.zst
alibabaBlock_new_100K	https://ftp.pdl.cmu.edu/pub/datasets/twemcacheWorkload/cacheDatasets/alibabaBlock/new/100K/alibabaBlock_452.oracleGeneral.zst
alibabaBlock_new_100K	https://ftp.pdl.cmu.edu/pub/datasets/twemcacheWorkload/cacheDatasets/alibabaBlock/new/100K/alibabaBlock_453.oracleGeneral.zst
alibabaBlock_new_100K	https://ftp.pdl.cmu.edu/pub/datasets/twemcacheWorkload/cacheDatasets/alibabaBlock/new/100K/alibabaBlock_458.oracleGeneral.zst
alibabaBlock_new_100K	https://ftp.pdl.cmu.edu/pub/datasets/twemcacheWorkload/cacheDatasets/alibabaBlock/new/100K/alibabaBlock_464.oracleGeneral.zst
alibabaBlock_new_100K	https://ftp.pdl.cmu.edu/pub/datasets/twemcacheWorkload/cacheDatasets/alibabaBlock/new/100K/alibabaBlock_465.oracleGeneral.zst
alibabaBlock_new_100K	https://ftp.pdl.cmu.edu/pub/datasets/twemcacheWorkload/cacheDatasets/alibabaBlock/new/100K/alibabaBlock_475.oracleGeneral.zst
alibabaBlock_new_100K	https://ftp.pdl.cmu.edu/pub/datasets/twemcacheWorkload/cacheDatasets/alibabaBlock/new/100K/alibabaBlock_476.oracleGeneral.zst
alibabaBlock_new_100K	https://ftp.pdl.cmu.edu/pub/datasets/twemcacheWorkload/cacheDatasets/alibabaBlock/new/100K/alibabaBlock_479.oracleGeneral.zst
alibabaBlock_new_100K	https://ftp.pdl.cmu.edu/pub/datasets/twemcacheWorkload/cacheDatasets/alibabaBlock/new/100K/alibabaBlock_481.oracleGeneral.zst
alibabaBlock_new_100K	https://ftp.pdl.cmu.edu/pub/datasets/twemcacheWorkload/cacheDatasets/alibabaBlock/new/100K/alibabaBlock_488.oracleGeneral.zst
alibabaBlock_new_100K	https://ftp.pdl.cmu.edu/pub/datasets/twemcacheWorkload/cacheDatasets/alibabaBlock/new/100K/alibabaBlock_490.oracleGeneral.zst
alibabaBlock_new_100K	https://ftp.pdl.cmu.edu/pub/datasets/twemcacheWorkload/cacheDatasets/alibabaBlock/new/100K/alibabaBlock_494.oracleGeneral.zst
alibabaBlock_new_100K	https://ftp.pdl.cmu.edu/pub/datasets/twemcacheWorkload/cacheDatasets/alibabaBlock/new/100K/alibabaBlock_497.oracleGeneral.zst
alibabaBlock_new_100K	https://ftp.pdl.cmu.edu/pub/datasets/twemcacheWorkload/cacheDatasets/alibabaBlock/new/100K/alibabaBlock_499.oracleGeneral.zst
alibabaBlock_new_100K	https://ftp.pdl.cmu.edu/pub/datasets/twemcacheWorkload/cacheDatasets/alibabaBlock/new/100K/alibabaBlock_501.oracleGeneral.zst
alibabaBlock_new_100K	https://ftp.pdl.cmu.edu/pub/datasets/twemcacheWorkload/cacheDatasets/alibabaBlock/new/100K/alibabaBlock_505.oracleGeneral.zst
alibabaBlock_new_100K	https://ftp.pdl.cmu.edu/pub/datasets/twemcacheWorkload/cacheDatasets/alibabaBlock/new/100K/alibabaBlock_514.oracleGeneral.zst
alibabaBlock_new_100K	https://ftp.pdl.cmu.edu/pub/datasets/twemcacheWorkload/cacheDatasets/alibabaBlock/new/100K/alibabaBlock_516.oracleGeneral.zst
alibabaBlock_new_100K	https://ftp.pdl.cmu.edu/pub/datasets/twemcacheWorkload/cacheDatasets/alibabaBlock/new/100K/alibabaBlock_518.oracleGeneral.zst
alibabaBlock_new_100K	https://ftp.pdl.cmu.edu/pub/datasets/twemcacheWorkload/cacheDatasets/alibabaBlock/new/100K/alibabaBlock_519.oracleGeneral.zst
alibabaBlock_new_100K	https://ftp.pdl.cmu.edu/pub/datasets/twemcacheWorkload/cacheDatasets/alibabaBlock/new/100K/alibabaBlock_520.oracleGeneral.zst
alibabaBlock_new_100K	https://ftp.pdl.cmu.edu/pub/datasets/twemcacheWorkload/cacheDatasets/alibabaBlock/new/100K/alibabaBlock_523.oracleGeneral.zst
alibabaBlock_new_100K	https://ftp.pdl.cmu.edu/pub/datasets/twemcacheWorkload/cacheDatasets/alibabaBlock/new/100K/alibabaBlock_524.oracleGeneral.zst
alibabaBlock_new_100K	https://ftp.pdl.cmu.edu/pub/datasets/twemcacheWorkload/cacheDatasets/alibabaBlock/new/100K/alibabaBlock_527.oracleGeneral.zst
alibabaBlock_new_100K	https://ftp.pdl.cmu.edu/pub/datasets/twemcacheWorkload/cacheDatasets/alibabaBlock/new/100K/alibabaBlock_528.oracleGeneral.zst
alibabaBlock_new_100K	https://ftp.pdl.cmu.edu/pub/datasets/twemcacheWorkload/cacheDatasets/alibabaBlock/new/100K/alibabaBlock_529.oracleGeneral.zst
alibabaBlock_new_100K	https://ftp.pdl.cmu.edu/pub/datasets/twemcacheWorkload/cacheDatasets/alibabaBlock/new/100K/alibabaBlock_530.oracleGeneral.zst
alibabaBlock_new_100K	https://ftp.pdl.cmu.edu/pub/datasets/twemcacheWorkload/cacheDatasets/alibabaBlock/new/100K/alibabaBlock_533.oracleGeneral.zst
alibabaBlock_new_100K	https://ftp.pdl.cmu.edu/pub/datasets/twemcacheWorkload/cacheDatasets/alibabaBlock/new/100K/alibabaBlock_534.oracleGeneral.zst
alibabaBlock_new_100K	https://ftp.pdl.cmu.edu/pub/datasets/twemcacheWorkload/cacheDatasets/alibabaBlock/new/100K/alibabaBlock_535.oracleGeneral.zst
alibabaBlock_new_100K	https://ftp.pdl.cmu.edu/pub/datasets/twemcacheWorkload/cacheDatasets/alibabaBlock/new/100K/alibabaBlock_541.oracleGeneral.zst
alibabaBlock_new_100K	https://ftp.pdl.cmu.edu/pub/datasets/twemcacheWorkload/cacheDatasets/alibabaBlock/new/100K/alibabaBlock_543.oracleGeneral.zst
alibabaBlock_new_100K	https://ftp.pdl.cmu.edu/pub/datasets/twemcacheWorkload/cacheDatasets/alibabaBlock/new/100K/alibabaBlock_545.oracleGeneral.zst
alibabaBlock_new_100K	https://ftp.pdl.cmu.edu/pub/datasets/twemcacheWorkload/cacheDatasets/alibabaBlock/new/100K/alibabaBlock_548.oracleGeneral.zst
alibabaBlock_new_100K	https://ftp.pdl.cmu.edu/pub/datasets/twemcacheWorkload/cacheDatasets/alibabaBlock/new/100K/alibabaBlock_549.oracleGeneral.zst
alibabaBlock_new_100K	https://ftp.pdl.cmu.edu/pub/datasets/twemcacheWorkload/cacheDatasets/alibabaBlock/new/100K/alibabaBlock_551.oracleGeneral.zst
alibabaBlock_new_100K	https://ftp.pdl.cmu.edu/pub/datasets/twemcacheWorkload/cacheDatasets/alibabaBlock/new/100K/alibabaBlock_552.oracleGeneral.zst
alibabaBlock_new_100K	https://ftp.pdl.cmu.edu/pub/datasets/twemcacheWorkload/cacheDatasets/alibabaBlock/new/100K/alibabaBlock_553.oracleGeneral.zst
alibabaBlock_new_100K	https://ftp.pdl.cmu.edu/pub/datasets/twemcacheWorkload/cacheDatasets/alibabaBlock/new/100K/alibabaBlock_557.oracleGeneral.zst
alibabaBlock_new_100K	https://ftp.pdl.cmu.edu/pub/datasets/twemcacheWorkload/cacheDatasets/alibabaBlock/new/100K/alibabaBlock_560.oracleGeneral.zst
alibabaBlock_new_100K	https://ftp.pdl.cmu.edu/pub/datasets/twemcacheWorkload/cacheDatasets/alibabaBlock/new/100K/alibabaBlock_563.oracleGeneral.zst
alibabaBlock_new_100K	https://ftp.pdl.cmu.edu/pub/datasets/twemcacheWorkload/cacheDatasets/alibabaBlock/new/100K/alibabaBlock_564.oracleGeneral.zst
alibabaBlock_new_100K	https://ftp.pdl.cmu.edu/pub/datasets/twemcacheWorkload/cacheDatasets/alibabaBlock/new/100K/alibabaBlock_565.oracleGeneral.zst
alibabaBlock_new_100K	https://ftp.pdl.cmu.edu/pub/datasets/twemcacheWorkload/cacheDatasets/alibabaBlock/new/100K/alibabaBlock_571.oracleGeneral.zst
alibabaBlock_new_100K	https://ftp.pdl.cmu.edu/pub/datasets/twemcacheWorkload/cacheDatasets/alibabaBlock/new/100K/alibabaBlock_572.oracleGeneral.zst
alibabaBlock_new_100K	https://ftp.pdl.cmu.edu/pub/datasets/twemcacheWorkload/cacheDatasets/alibabaBlock/new/100K/alibabaBlock_573.oracleGeneral.zst
alibabaBlock_new_100K	https://ftp.pdl.cmu.edu/pub/datasets/twemcacheWorkload/cacheDatasets/alibabaBlock/new/100K/alibabaBlock_575.oracleGeneral.zst
alibabaBlock_new_100K	https://ftp.pdl.cmu.edu/pub/datasets/twemcacheWorkload/cacheDatasets/alibabaBlock/new/100K/alibabaBlock_576.oracleGeneral.zst
alibabaBlock_new_100K	https://ftp.pdl.cmu.edu/pub/datasets/twemcacheWorkload/cacheDatasets/alibabaBlock/new/100K/alibabaBlock_581.oracleGeneral.zst
alibabaBlock_new_100K	https://ftp.pdl.cmu.edu/pub/datasets/twemcacheWorkload/cacheDatasets/alibabaBlock/new/100K/alibabaBlock_582.oracleGeneral.zst
alibabaBlock_new_100K	https://ftp.pdl.cmu.edu/pub/datasets/twemcacheWorkload/cacheDatasets/alibabaBlock/new/100K/alibabaBlock_584.oracleGeneral.zst
alibabaBlock_new_100K	https://ftp.pdl.cmu.edu/pub/datasets/twemcacheWorkload/cacheDatasets/alibabaBlock/new/100K/alibabaBlock_589.oracleGeneral.zst
alibabaBlock_new_100K	https://ftp.pdl.cmu.edu/pub/datasets/twemcacheWorkload/cacheDatasets/alibabaBlock/new/100K/alibabaBlock_592.oracleGeneral.zst
alibabaBlock_new_100K	https://ftp.pdl.cmu.edu/pub/datasets/twemcacheWorkload/cacheDatasets/alibabaBlock/new/100K/alibabaBlock_596.oracleGeneral.zst
alibabaBlock_new_100K	https://ftp.pdl.cmu.edu/pub/datasets/twemcacheWorkload/cacheDatasets/alibabaBlock/new/100K/alibabaBlock_597.oracleGeneral.zst
alibabaBlock_new_100K	https://ftp.pdl.cmu.edu/pub/datasets/twemcacheWorkload/cacheDatasets/alibabaBlock/new/100K/alibabaBlock_598.oracleGeneral.zst
alibabaBlock_new_100K	https://ftp.pdl.cmu.edu/pub/datasets/twemcacheWorkload/cacheDatasets/alibabaBlock/new/100K/alibabaBlock_600.oracleGeneral.zst
alibabaBlock_new_100K	https://ftp.pdl.cmu.edu/pub/datasets/twemcacheWorkload/cacheDatasets/alibabaBlock/new/100K/alibabaBlock_604.oracleGeneral.zst
alibabaBlock_new_100K	https://ftp.pdl.cmu.edu/pub/datasets/twemcacheWorkload/cacheDatasets/alibabaBlock/new/100K/alibabaBlock_605.oracleGeneral.zst
alibabaBlock_new_100K	https://ftp.pdl.cmu.edu/pub/datasets/twemcacheWorkload/cacheDatasets/alibabaBlock/new/100K/alibabaBlock_607.oracleGeneral.zst
alibabaBlock_new_100K	https://ftp.pdl.cmu.edu/pub/datasets/twemcacheWorkload/cacheDatasets/alibabaBlock/new/100K/alibabaBlock_608.oracleGeneral.zst
alibabaBlock_new_100K	https://ftp.pdl.cmu.edu/pub/datasets/twemcacheWorkload/cacheDatasets/alibabaBlock/new/100K/alibabaBlock_610.oracleGeneral.zst
alibabaBlock_new_100K	https://ftp.pdl.cmu.edu/pub/datasets/twemcacheWorkload/cacheDatasets/alibabaBlock/new/100K/alibabaBlock_614.oracleGeneral.zst
alibabaBlock_new_100K	https://ftp.pdl.cmu.edu/pub/datasets/twemcacheWorkload/cacheDatasets/alibabaBlock/new/100K/alibabaBlock_617.oracleGeneral.zst
alibabaBlock_new_100K	https://ftp.pdl.cmu.edu/pub/datasets/twemcacheWorkload/cacheDatasets/alibabaBlock/new/100K/alibabaBlock_620.oracleGeneral.zst
alibabaBlock_new_100K	https://ftp.pdl.cmu.edu/pub/datasets/twemcacheWorkload/cacheDatasets/alibabaBlock/new/100K/alibabaBlock_626.oracleGeneral.zst
alibabaBlock_new_100K	https://ftp.pdl.cmu.edu/pub/datasets/twemcacheWorkload/cacheDatasets/alibabaBlock/new/100K/alibabaBlock_628.oracleGeneral.zst
alibabaBlock_new_100K	https://ftp.pdl.cmu.edu/pub/datasets/twemcacheWorkload/cacheDatasets/alibabaBlock/new/100K/alibabaBlock_629.oracleGeneral.zst
alibabaBlock_new_100K	https://ftp.pdl.cmu.edu/pub/datasets/twemcacheWorkload/cacheDatasets/alibabaBlock/new/100K/alibabaBlock_630.oracleGeneral.zst
alibabaBlock_new_100K	https://ftp.pdl.cmu.edu/pub/datasets/twemcacheWorkload/cacheDatasets/alibabaBlock/new/100K/alibabaBlock_633.oracleGeneral.zst
alibabaBlock_new_100K	https://ftp.pdl.cmu.edu/pub/datasets/twemcacheWorkload/cacheDatasets/alibabaBlock/new/100K/alibabaBlock_635.oracleGeneral.zst
alibabaBlock_new_100K	https://ftp.pdl.cmu.edu/pub/datasets/twemcacheWorkload/cacheDatasets/alibabaBlock/new/100K/alibabaBlock_636.oracleGeneral.zst
alibabaBlock_new_100K	https://ftp.pdl.cmu.edu/pub/datasets/twemcacheWorkload/cacheDatasets/alibabaBlock/new/100K/alibabaBlock_637.oracleGeneral.zst
alibabaBlock_new_100K	https://ftp.pdl.cmu.edu/pub/datasets/twemcacheWorkload/cacheDatasets/alibabaBlock/new/100K/alibabaBlock_638.oracleGeneral.zst
alibabaBlock_new_100K	https://ftp.pdl.cmu.edu/pub/datasets/twemcacheWorkload/cacheDatasets/alibabaBlock/new/100K/alibabaBlock_640.oracleGeneral.zst
alibabaBlock_new_100K	https://ftp.pdl.cmu.edu/pub/datasets/twemcacheWorkload/cacheDatasets/alibabaBlock/new/100K/alibabaBlock_645.oracleGeneral.zst
alibabaBlock_new_100K	https://ftp.pdl.cmu.edu/pub/datasets/twemcacheWorkload/cacheDatasets/alibabaBlock/new/100K/alibabaBlock_647.oracleGeneral.zst
alibabaBlock_new_100K	https://ftp.pdl.cmu.edu/pub/datasets/twemcacheWorkload/cacheDatasets/alibabaBlock/new/100K/alibabaBlock_652.oracleGeneral.zst
alibabaBlock_new_100K	https://ftp.pdl.cmu.edu/pub/datasets/twemcacheWorkload/cacheDatasets/alibabaBlock/new/100K/alibabaBlock_656.oracleGeneral.zst
alibabaBlock_new_100K	https://ftp.pdl.cmu.edu/pub/datasets/twemcacheWorkload/cacheDatasets/alibabaBlock/new/100K/alibabaBlock_660.oracleGeneral.zst
alibabaBlock_new_100K	https://ftp.pdl.cmu.edu/pub/datasets/twemcacheWorkload/cacheDatasets/alibabaBlock/new/100K/alibabaBlock_662.oracleGeneral.zst
alibabaBlock_new_100K	https://ftp.pdl.cmu.edu/pub/datasets/twemcacheWorkload/cacheDatasets/alibabaBlock/new/100K/alibabaBlock_664.oracleGeneral.zst
alibabaBlock_new_100K	https://ftp.pdl.cmu.edu/pub/datasets/twemcacheWorkload/cacheDatasets/alibabaBlock/new/100K/alibabaBlock_665.oracleGeneral.zst
alibabaBlock_new_100K	https://ftp.pdl.cmu.edu/pub/datasets/twemcacheWorkload/cacheDatasets/alibabaBlock/new/100K/alibabaBlock_669.oracleGeneral.zst
alibabaBlock_new_100K	https://ftp.pdl.cmu.edu/pub/datasets/twemcacheWorkload/cacheDatasets/alibabaBlock/new/100K/alibabaBlock_671.oracleGeneral.zst
alibabaBlock_new_100K	https://ftp.pdl.cmu.edu/pub/datasets/twemcacheWorkload/cacheDatasets/alibabaBlock/new/100K/alibabaBlock_673.oracleGeneral.zst
alibabaBlock_new_100K	https://ftp.pdl.cmu.edu/pub/datasets/twemcacheWorkload/cacheDatasets/alibabaBlock/new/100K/alibabaBlock_675.oracleGeneral.zst
alibabaBlock_new_100K	https://ftp.pdl.cmu.edu/pub/datasets/twemcacheWorkload/cacheDatasets/alibabaBlock/new/100K/alibabaBlock_676.oracleGeneral.zst
alibabaBlock_new_100K	https://ftp.pdl.cmu.edu/pub/datasets/twemcacheWorkload/cacheDatasets/alibabaBlock/new/100K/alibabaBlock_677.oracleGeneral.zst
alibabaBlock_new_100K	https://ftp.pdl.cmu.edu/pub/datasets/twemcacheWorkload/cacheDatasets/alibabaBlock/new/100K/alibabaBlock_681.oracleGeneral.zst
alibabaBlock_new_100K	https://ftp.pdl.cmu.edu/pub/datasets/twemcacheWorkload/cacheDatasets/alibabaBlock/new/100K/alibabaBlock_682.oracleGeneral.zst
alibabaBlock_new_100K	https://ftp.pdl.cmu.edu/pub/datasets/twemcacheWorkload/cacheDatasets/alibabaBlock/new/100K/alibabaBlock_685.oracleGeneral.zst
alibabaBlock_new_100K	https://ftp.pdl.cmu.edu/pub/datasets/twemcacheWorkload/cacheDatasets/alibabaBlock/new/100K/alibabaBlock_689.oracleGeneral.zst
alibabaBlock_new_100K	https://ftp.pdl.cmu.edu/pub/datasets/twemcacheWorkload/cacheDatasets/alibabaBlock/new/100K/alibabaBlock_690.oracleGeneral.zst
alibabaBlock_new_100K	https://ftp.pdl.cmu.edu/pub/datasets/twemcacheWorkload/cacheDatasets/alibabaBlock/new/100K/alibabaBlock_694.oracleGeneral.zst
alibabaBlock_new_100K	https://ftp.pdl.cmu.edu/pub/datasets/twemcacheWorkload/cacheDatasets/alibabaBlock/new/100K/alibabaBlock_696.oracleGeneral.zst
alibabaBlock_new_100K	https://ftp.pdl.cmu.edu/pub/datasets/twemcacheWorkload/cacheDatasets/alibabaBlock/new/100K/alibabaBlock_698.oracleGeneral.zst
alibabaBlock_new_100K	https://ftp.pdl.cmu.edu/pub/datasets/twemcacheWorkload/cacheDatasets/alibabaBlock/new/100K/alibabaBlock_70.oracleGeneral.zst
alibabaBlock_new_100K	https://ftp.pdl.cmu.edu/pub/datasets/twemcacheWorkload/cacheDatasets/alibabaBlock/new/100K/alibabaBlock_705.oracleGeneral.zst
alibabaBlock_new_100K	https://ftp.pdl.cmu.edu/pub/datasets/twemcacheWorkload/cacheDatasets/alibabaBlock/new/100K/alibabaBlock_706.oracleGeneral.zst
alibabaBlock_new_100K	https://ftp.pdl.cmu.edu/pub/datasets/twemcacheWorkload/cacheDatasets/alibabaBlock/new/100K/alibabaBlock_708.oracleGeneral.zst
alibabaBlock_new_100K	https://ftp.pdl.cmu.edu/pub/datasets/twemcacheWorkload/cacheDatasets/alibabaBlock/new/100K/alibabaBlock_709.oracleGeneral.zst
alibabaBlock_new_100K	https://ftp.pdl.cmu.edu/pub/datasets/twemcacheWorkload/cacheDatasets/alibabaBlock/new/100K/alibabaBlock_713.oracleGeneral.zst
alibabaBlock_new_100K	https://ftp.pdl.cmu.edu/pub/datasets/twemcacheWorkload/cacheDatasets/alibabaBlock/new/100K/alibabaBlock_715.oracleGeneral.zst
alibabaBlock_new_100K	https://ftp.pdl.cmu.edu/pub/datasets/twemcacheWorkload/cacheDatasets/alibabaBlock/new/100K/alibabaBlock_718.oracleGeneral.zst
alibabaBlock_new_100K	https://ftp.pdl.cmu.edu/pub/datasets/twemcacheWorkload/cacheDatasets/alibabaBlock/new/100K/alibabaBlock_719.oracleGeneral.zst
alibabaBlock_new_100K	https://ftp.pdl.cmu.edu/pub/datasets/twemcacheWorkload/cacheDatasets/alibabaBlock/new/100K/alibabaBlock_720.oracleGeneral.zst
alibabaBlock_new_100K	https://ftp.pdl.cmu.edu/pub/datasets/twemcacheWorkload/cacheDatasets/alibabaBlock/new/100K/alibabaBlock_729.oracleGeneral.zst
alibabaBlock_new_100K	https://ftp.pdl.cmu.edu/pub/datasets/twemcacheWorkload/cacheDatasets/alibabaBlock/new/100K/alibabaBlock_73.oracleGeneral.zst
alibabaBlock_new_100K	https://ftp.pdl.cmu.edu/pub/datasets/twemcacheWorkload/cacheDatasets/alibabaBlock/new/100K/alibabaBlock_732.oracleGeneral.zst
alibabaBlock_new_100K	https://ftp.pdl.cmu.edu/pub/datasets/twemcacheWorkload/cacheDatasets/alibabaBlock/new/100K/alibabaBlock_735.oracleGeneral.zst
alibabaBlock_new_100K	https://ftp.pdl.cmu.edu/pub/datasets/twemcacheWorkload/cacheDatasets/alibabaBlock/new/100K/alibabaBlock_739.oracleGeneral.zst
alibabaBlock_new_100K	https://ftp.pdl.cmu.edu/pub/datasets/twemcacheWorkload/cacheDatasets/alibabaBlock/new/100K/alibabaBlock_741.oracleGeneral.zst
alibabaBlock_new_100K	https://ftp.pdl.cmu.edu/pub/datasets/twemcacheWorkload/cacheDatasets/alibabaBlock/new/100K/alibabaBlock_756.oracleGeneral.zst
alibabaBlock_new_100K	https://ftp.pdl.cmu.edu/pub/datasets/twemcacheWorkload/cacheDatasets/alibabaBlock/new/100K/alibabaBlock_757.oracleGeneral.zst
alibabaBlock_new_100K	https://ftp.pdl.cmu.edu/pub/datasets/twemcacheWorkload/cacheDatasets/alibabaBlock/new/100K/alibabaBlock_760.oracleGeneral.zst
alibabaBlock_new_100K	https://ftp.pdl.cmu.edu/pub/datasets/twemcacheWorkload/cacheDatasets/alibabaBlock/new/100K/alibabaBlock_762.oracleGeneral.zst
alibabaBlock_new_100K	https://ftp.pdl.cmu.edu/pub/datasets/twemcacheWorkload/cacheDatasets/alibabaBlock/new/100K/alibabaBlock_763.oracleGeneral.zst
alibabaBlock_new_100K	https://ftp.pdl.cmu.edu/pub/datasets/twemcacheWorkload/cacheDatasets/alibabaBlock/new/100K/alibabaBlock_764.oracleGeneral.zst
alibabaBlock_new_100K	https://ftp.pdl.cmu.edu/pub/datasets/twemcacheWorkload/cacheDatasets/alibabaBlock/new/100K/alibabaBlock_765.oracleGeneral.zst
alibabaBlock_new_100K	https://ftp.pdl.cmu.edu/pub/datasets/twemcacheWorkload/cacheDatasets/alibabaBlock/new/100K/alibabaBlock_766.oracleGeneral.zst
alibabaBlock_new_100K	https://ftp.pdl.cmu.edu/pub/datasets/twemcacheWorkload/cacheDatasets/alibabaBlock/new/100K/alibabaBlock_768.oracleGeneral.zst
alibabaBlock_new_100K	https://ftp.pdl.cmu.edu/pub/datasets/twemcacheWorkload/cacheDatasets/alibabaBlock/new/100K/alibabaBlock_769.oracleGeneral.zst
alibabaBlock_new_100K	https://ftp.pdl.cmu.edu/pub/datasets/twemcacheWorkload/cacheDatasets/alibabaBlock/new/100K/alibabaBlock_773.oracleGeneral.zst
alibabaBlock_new_100K	https://ftp.pdl.cmu.edu/pub/datasets/twemcacheWorkload/cacheDatasets/alibabaBlock/new/100K/alibabaBlock_775.oracleGeneral.zst
alibabaBlock_new_100K	https://ftp.pdl.cmu.edu/pub/datasets/twemcacheWorkload/cacheDatasets/alibabaBlock/new/100K/alibabaBlock_776.oracleGeneral.zst
alibabaBlock_new_100K	https://ftp.pdl.cmu.edu/pub/datasets/twemcacheWorkload/cacheDatasets/alibabaBlock/new/100K/alibabaBlock_777.oracleGeneral.zst
alibabaBlock_new_100K	https://ftp.pdl.cmu.edu/pub/datasets/twemcacheWorkload/cacheDatasets/alibabaBlock/new/100K/alibabaBlock_778.oracleGeneral.zst
alibabaBlock_new_100K	https://ftp.pdl.cmu.edu/pub/datasets/twemcacheWorkload/cacheDatasets/alibabaBlock/new/100K/alibabaBlock_781.oracleGeneral.zst
alibabaBlock_new_100K	https://ftp.pdl.cmu.edu/pub/datasets/twemcacheWorkload/cacheDatasets/alibabaBlock/new/100K/alibabaBlock_782.oracleGeneral.zst
alibabaBlock_new_100K	https://ftp.pdl.cmu.edu/pub/datasets/twemcacheWorkload/cacheDatasets/alibabaBlock/new/100K/alibabaBlock_786.oracleGeneral.zst
alibabaBlock_new_100K	https://ftp.pdl.cmu.edu/pub/datasets/twemcacheWorkload/cacheDatasets/alibabaBlock/new/100K/alibabaBlock_787.oracleGeneral.zst
alibabaBlock_new_100K	https://ftp.pdl.cmu.edu/pub/datasets/twemcacheWorkload/cacheDatasets/alibabaBlock/new/100K/alibabaBlock_788.oracleGeneral.zst
alibabaBlock_new_100K	https://ftp.pdl.cmu.edu/pub/datasets/twemcacheWorkload/cacheDatasets/alibabaBlock/new/100K/alibabaBlock_795.oracleGeneral.zst
alibabaBlock_new_100K	https://ftp.pdl.cmu.edu/pub/datasets/twemcacheWorkload/cacheDatasets/alibabaBlock/new/100K/alibabaBlock_796.oracleGeneral.zst
alibabaBlock_new_100K	https://ftp.pdl.cmu.edu/pub/datasets/twemcacheWorkload/cacheDatasets/alibabaBlock/new/100K/alibabaBlock_797.oracleGeneral.zst
alibabaBlock_new_100K	https://ftp.pdl.cmu.edu/pub/datasets/twemcacheWorkload/cacheDatasets/alibabaBlock/new/100K/alibabaBlock_798.oracleGeneral.zst
alibabaBlock_new_100K	https://ftp.pdl.cmu.edu/pub/datasets/twemcacheWorkload/cacheDatasets/alibabaBlock/new/100K/alibabaBlock_799.oracleGeneral.zst
alibabaBlock_new_100K	https://ftp.pdl.cmu.edu/pub/datasets/twemcacheWorkload/cacheDatasets/alibabaBlock/new/100K/alibabaBlock_800.oracleGeneral.zst
alibabaBlock_new_100K	https://ftp.pdl.cmu.edu/pub/datasets/twemcacheWorkload/cacheDatasets/alibabaBlock/new/100K/alibabaBlock_806.oracleGeneral.zst
alibabaBlock_new_100K	https://ftp.pdl.cmu.edu/pub/datasets/twemcacheWorkload/cacheDatasets/alibabaBlock/new/100K/alibabaBlock_807.oracleGeneral.zst
alibabaBlock_new_100K	https://ftp.pdl.cmu.edu/pub/datasets/twemcacheWorkload/cacheDatasets/alibabaBlock/new/100K/alibabaBlock_813.oracleGeneral.zst
alibabaBlock_new_100K	https://ftp.pdl.cmu.edu/pub/datasets/twemcacheWorkload/cacheDatasets/alibabaBlock/new/100K/alibabaBlock_817.oracleGeneral.zst
alibabaBlock_new_100K	https://ftp.pdl.cmu.edu/pub/datasets/twemcacheWorkload/cacheDatasets/alibabaBlock/new/100K/alibabaBlock_82.oracleGeneral.zst
alibabaBlock_new_100K	https://ftp.pdl.cmu.edu/pub/datasets/twemcacheWorkload/cacheDatasets/alibabaBlock/new/100K/alibabaBlock_823.oracleGeneral.zst
alibabaBlock_new_100K	https://ftp.pdl.cmu.edu/pub/datasets/twemcacheWorkload/cacheDatasets/alibabaBlock/new/100K/alibabaBlock_824.oracleGeneral.zst
alibabaBlock_new_100K	https://ftp.pdl.cmu.edu/pub/datasets/twemcacheWorkload/cacheDatasets/alibabaBlock/new/100K/alibabaBlock_828.oracleGeneral.zst
alibabaBlock_new_100K	https://ftp.pdl.cmu.edu/pub/datasets/twemcacheWorkload/cacheDatasets/alibabaBlock/new/100K/alibabaBlock_829.oracleGeneral.zst
alibabaBlock_new_100K	https://ftp.pdl.cmu.edu/pub/datasets/twemcacheWorkload/cacheDatasets/alibabaBlock/new/100K/alibabaBlock_830.oracleGeneral.zst
alibabaBlock_new_100K	https://ftp.pdl.cmu.edu/pub/datasets/twemcacheWorkload/cacheDatasets/alibabaBlock/new/100K/alibabaBlock_831.oracleGeneral.zst
alibabaBlock_new_100K	https://ftp.pdl.cmu.edu/pub/datasets/twemcacheWorkload/cacheDatasets/alibabaBlock/new/100K/alibabaBlock_833.oracleGeneral.zst
alibabaBlock_new_100K	https://ftp.pdl.cmu.edu/pub/datasets/twemcacheWorkload/cacheDatasets/alibabaBlock/new/100K/alibabaBlock_838.oracleGeneral.zst
alibabaBlock_new_100K	https://ftp.pdl.cmu.edu/pub/datasets/twemcacheWorkload/cacheDatasets/alibabaBlock/new/100K/alibabaBlock_839.oracleGeneral.zst
alibabaBlock_new_100K	https://ftp.pdl.cmu.edu/pub/datasets/twemcacheWorkload/cacheDatasets/alibabaBlock/new/100K/alibabaBlock_841.oracleGeneral.zst
alibabaBlock_new_100K	https://ftp.pdl.cmu.edu/pub/datasets/twemcacheWorkload/cacheDatasets/alibabaBlock/new/100K/alibabaBlock_843.oracleGeneral.zst
alibabaBlock_new_100K	https://ftp.pdl.cmu.edu/pub/datasets/twemcacheWorkload/cacheDatasets/alibabaBlock/new/100K/alibabaBlock_845.oracleGeneral.zst
alibabaBlock_new_100K	https://ftp.pdl.cmu.edu/pub/datasets/twemcacheWorkload/cacheDatasets/alibabaBlock/new/100K/alibabaBlock_846.oracleGeneral.zst
alibabaBlock_new_100K	https://ftp.pdl.cmu.edu/pub/datasets/twemcacheWorkload/cacheDatasets/alibabaBlock/new/100K/alibabaBlock_847.oracleGeneral.zst
alibabaBlock_new_100K	https://ftp.pdl.cmu.edu/pub/datasets/twemcacheWorkload/cacheDatasets/alibabaBlock/new/100K/alibabaBlock_851.oracleGeneral.zst
alibabaBlock_new_100K	https://ftp.pdl.cmu.edu/pub/datasets/twemcacheWorkload/cacheDatasets/alibabaBlock/new/100K/alibabaBlock_852.oracleGeneral.zst
alibabaBlock_new_100K	https://ftp.pdl.cmu.edu/pub/datasets/twemcacheWorkload/cacheDatasets/alibabaBlock/new/100K/alibabaBlock_854.oracleGeneral.zst
alibabaBlock_new_100K	https://ftp.pdl.cmu.edu/pub/datasets/twemcacheWorkload/cacheDatasets/alibabaBlock/new/100K/alibabaBlock_855.oracleGeneral.zst
alibabaBlock_new_100K	https://ftp.pdl.cmu.edu/pub/datasets/twemcacheWorkload/cacheDatasets/alibabaBlock/new/100K/alibabaBlock_856.oracleGeneral.zst
alibabaBlock_new_100K	https://ftp.pdl.cmu.edu/pub/datasets/twemcacheWorkload/cacheDatasets/alibabaBlock/new/100K/alibabaBlock_857.oracleGeneral.zst
alibabaBlock_new_100K	https://ftp.pdl.cmu.edu/pub/datasets/twemcacheWorkload/cacheDatasets/alibabaBlock/new/100K/alibabaBlock_858.oracleGeneral.zst
alibabaBlock_new_100K	https://ftp.pdl.cmu.edu/pub/datasets/twemcacheWorkload/cacheDatasets/alibabaBlock/new/100K/alibabaBlock_861.oracleGeneral.zst
alibabaBlock_new_100K	https://ftp.pdl.cmu.edu/pub/datasets/twemcacheWorkload/cacheDatasets/alibabaBlock/new/100K/alibabaBlock_862.oracleGeneral.zst
alibabaBlock_new_100K	https://ftp.pdl.cmu.edu/pub/datasets/twemcacheWorkload/cacheDatasets/alibabaBlock/new/100K/alibabaBlock_864.oracleGeneral.zst
alibabaBlock_new_100K	https://ftp.pdl.cmu.edu/pub/datasets/twemcacheWorkload/cacheDatasets/alibabaBlock/new/100K/alibabaBlock_865.oracleGeneral.zst
alibabaBlock_new_100K	https://ftp.pdl.cmu.edu/pub/datasets/twemcacheWorkload/cacheDatasets/alibabaBlock/new/100K/alibabaBlock_866.oracleGeneral.zst
alibabaBlock_new_100K	https://ftp.pdl.cmu.edu/pub/datasets/twemcacheWorkload/cacheDatasets/alibabaBlock/new/100K/alibabaBlock_867.oracleGeneral.zst
alibabaBlock_new_100K	https://ftp.pdl.cmu.edu/pub/datasets/twemcacheWorkload/cacheDatasets/alibabaBlock/new/100K/alibabaBlock_873.oracleGeneral.zst
alibabaBlock_new_100K	https://ftp.pdl.cmu.edu/pub/datasets/twemcacheWorkload/cacheDatasets/alibabaBlock/new/100K/alibabaBlock_875.oracleGeneral.zst
alibabaBlock_new_100K	https://ftp.pdl.cmu.edu/pub/datasets/twemcacheWorkload/cacheDatasets/alibabaBlock/new/100K/alibabaBlock_878.oracleGeneral.zst
alibabaBlock_new_100K	https://ftp.pdl.cmu.edu/pub/datasets/twemcacheWorkload/cacheDatasets/alibabaBlock/new/100K/alibabaBlock_880.oracleGeneral.zst
alibabaBlock_new_100K	https://ftp.pdl.cmu.edu/pub/datasets/twemcacheWorkload/cacheDatasets/alibabaBlock/new/100K/alibabaBlock_881.oracleGeneral.zst
alibabaBlock_new_100K	https://ftp.pdl.cmu.edu/pub/datasets/twemcacheWorkload/cacheDatasets/alibabaBlock/new/100K/alibabaBlock_882.oracleGeneral.zst
alibabaBlock_new_100K	https://ftp.pdl.cmu.edu/pub/datasets/twemcacheWorkload/cacheDatasets/alibabaBlock/new/100K/alibabaBlock_884.oracleGeneral.zst
alibabaBlock_new_100K	https://ftp.pdl.cmu.edu/pub/datasets/twemcacheWorkload/cacheDatasets/alibabaBlock/new/100K/alibabaBlock_885.oracleGeneral.zst
alibabaBlock_new_100K	https://ftp.pdl.cmu.edu/pub/datasets/twemcacheWorkload/cacheDatasets/alibabaBlock/new/100K/alibabaBlock_886.oracleGeneral.zst
alibabaBlock_new_100K	https://ftp.pdl.cmu.edu/pub/datasets/twemcacheWorkload/cacheDatasets/alibabaBlock/new/100K/alibabaBlock_887.oracleGeneral.zst
alibabaBlock_new_100K	https://ftp.pdl.cmu.edu/pub/datasets/twemcacheWorkload/cacheDatasets/alibabaBlock/new/100K/alibabaBlock_888.oracleGeneral.zst
alibabaBlock_new_100K	https://ftp.pdl.cmu.edu/pub/datasets/twemcacheWorkload/cacheDatasets/alibabaBlock/new/100K/alibabaBlock_889.oracleGeneral.zst
alibabaBlock_new_100K	https://ftp.pdl.cmu.edu/pub/datasets/twemcacheWorkload/cacheDatasets/alibabaBlock/new/100K/alibabaBlock_891.oracleGeneral.zst
alibabaBlock_new_100K	https://ftp.pdl.cmu.edu/pub/datasets/twemcacheWorkload/cacheDatasets/alibabaBlock/new/100K/alibabaBlock_894.oracleGeneral.zst
alibabaBlock_new_100K	https://ftp.pdl.cmu.edu/pub/datasets/twemcacheWorkload/cacheDatasets/alibabaBlock/new/100K/alibabaBlock_895.oracleGeneral.zst
alibabaBlock_new_100K	https://ftp.pdl.cmu.edu/pub/datasets/twemcacheWorkload/cacheDatasets/alibabaBlock/new/100K/alibabaBlock_896.oracleGeneral.zst
alibabaBlock_new_100K	https://ftp.pdl.cmu.edu/pub/datasets/twemcacheWorkload/cacheDatasets/alibabaBlock/new/100K/alibabaBlock_897.oracleGeneral.zst
alibabaBlock_new_100K	https://ftp.pdl.cmu.edu/pub/datasets/twemcacheWorkload/cacheDatasets/alibabaBlock/new/100K/alibabaBlock_898.oracleGeneral.zst
alibabaBlock_new_100K	https://ftp.pdl.cmu.edu/pub/datasets/twemcacheWorkload/cacheDatasets/alibabaBlock/new/100K/alibabaBlock_900.oracleGeneral.zst
alibabaBlock_new_100K	https://ftp.pdl.cmu.edu/pub/datasets/twemcacheWorkload/cacheDatasets/alibabaBlock/new/100K/alibabaBlock_901.oracleGeneral.zst
alibabaBlock_new_100K	https://ftp.pdl.cmu.edu/pub/datasets/twemcacheWorkload/cacheDatasets/alibabaBlock/new/100K/alibabaBlock_902.oracleGeneral.zst
alibabaBlock_new_100K	https://ftp.pdl.cmu.edu/pub/datasets/twemcacheWorkload/cacheDatasets/alibabaBlock/new/100K/alibabaBlock_903.oracleGeneral.zst
alibabaBlock_new_100K	https://ftp.pdl.cmu.edu/pub/datasets/twemcacheWorkload/cacheDatasets/alibabaBlock/new/100K/alibabaBlock_904.oracleGeneral.zst
alibabaBlock_new_100K	https://ftp.pdl.cmu.edu/pub/datasets/twemcacheWorkload/cacheDatasets/alibabaBlock/new/100K/alibabaBlock_905.oracleGeneral.zst
alibabaBlock_new_100K	https://ftp.pdl.cmu.edu/pub/datasets/twemcacheWorkload/cacheDatasets/alibabaBlock/new/100K/alibabaBlock_906.oracleGeneral.zst
alibabaBlock_new_100K	https://ftp.pdl.cmu.edu/pub/datasets/twemcacheWorkload/cacheDatasets/alibabaBlock/new/100K/alibabaBlock_907.oracleGeneral.zst
alibabaBlock_new_100K	https://ftp.pdl.cmu.edu/pub/datasets/twemcacheWorkload/cacheDatasets/alibabaBlock/new/100K/alibabaBlock_908.oracleGeneral.zst
alibabaBlock_new_100K	https://ftp.pdl.cmu.edu/pub/datasets/twemcacheWorkload/cacheDatasets/alibabaBlock/new/100K/alibabaBlock_909.oracleGeneral.zst
alibabaBlock_new_100K	https://ftp.pdl.cmu.edu/pub/datasets/twemcacheWorkload/cacheDatasets/alibabaBlock/new/100K/alibabaBlock_910.oracleGeneral.zst
alibabaBlock_new_100K	https://ftp.pdl.cmu.edu/pub/datasets/twemcacheWorkload/cacheDatasets/alibabaBlock/new/100K/alibabaBlock_911.oracleGeneral.zst
alibabaBlock_new_100K	https://ftp.pdl.cmu.edu/pub/datasets/twemcacheWorkload/cacheDatasets/alibabaBlock/new/100K/alibabaBlock_912.oracleGeneral.zst
alibabaBlock_new_100K	https://ftp.pdl.cmu.edu/pub/datasets/twemcacheWorkload/cacheDatasets/alibabaBlock/new/100K/alibabaBlock_915.oracleGeneral.zst
alibabaBlock_new_100K	https://ftp.pdl.cmu.edu/pub/datasets/twemcacheWorkload/cacheDatasets/alibabaBlock/new/100K/alibabaBlock_916.oracleGeneral.zst
alibabaBlock_new_100K	https://ftp.pdl.cmu.edu/pub/datasets/twemcacheWorkload/cacheDatasets/alibabaBlock/new/100K/alibabaBlock_918.oracleGeneral.zst
alibabaBlock_new_100K	https://ftp.pdl.cmu.edu/pub/datasets/twemcacheWorkload/cacheDatasets/alibabaBlock/new/100K/alibabaBlock_919.oracleGeneral.zst
alibabaBlock_new_100K	https://ftp.pdl.cmu.edu/pub/datasets/twemcacheWorkload/cacheDatasets/alibabaBlock/new/100K/alibabaBlock_920.oracleGeneral.zst
alibabaBlock_new_100K	https://ftp.pdl.cmu.edu/pub/datasets/twemcacheWorkload/cacheDatasets/alibabaBlock/new/100K/alibabaBlock_921.oracleGeneral.zst
alibabaBlock_new_100K	https://ftp.pdl.cmu.edu/pub/datasets/twemcacheWorkload/cacheDatasets/alibabaBlock/new/100K/alibabaBlock_922.oracleGeneral.zst
alibabaBlock_new_100K	https://ftp.pdl.cmu.edu/pub/datasets/twemcacheWorkload/cacheDatasets/alibabaBlock/new/100K/alibabaBlock_923.oracleGeneral.zst
alibabaBlock_new_100K	https://ftp.pdl.cmu.edu/pub/datasets/twemcacheWorkload/cacheDatasets/alibabaBlock/new/100K/alibabaBlock_924.oracleGeneral.zst
alibabaBlock_new_100K	https://ftp.pdl.cmu.edu/pub/datasets/twemcacheWorkload/cacheDatasets/alibabaBlock/new/100K/alibabaBlock_925.oracleGeneral.zst
alibabaBlock_new_100K	https://ftp.pdl.cmu.edu/pub/datasets/twemcacheWorkload/cacheDatasets/alibabaBlock/new/100K/alibabaBlock_926.oracleGeneral.zst
alibabaBlock_new_100K	https://ftp.pdl.cmu.edu/pub/datasets/twemcacheWorkload/cacheDatasets/alibabaBlock/new/100K/alibabaBlock_927.oracleGeneral.zst
alibabaBlock_new_100K	https://ftp.pdl.cmu.edu/pub/datasets/twemcacheWorkload/cacheDatasets/alibabaBlock/new/100K/alibabaBlock_928.oracleGeneral.zst
alibabaBlock_new_100K	https://ftp.pdl.cmu.edu/pub/datasets/twemcacheWorkload/cacheDatasets/alibabaBlock/new/100K/alibabaBlock_929.oracleGeneral.zst
alibabaBlock_new_100K	https://ftp.pdl.cmu.edu/pub/datasets/twemcacheWorkload/cacheDatasets/alibabaBlock/new/100K/alibabaBlock_930.oracleGeneral.zst
alibabaBlock_new_100K	https://ftp.pdl.cmu.edu/pub/datasets/twemcacheWorkload/cacheDatasets/alibabaBlock/new/100K/alibabaBlock_931.oracleGeneral.zst
alibabaBlock_new_100K	https://ftp.pdl.cmu.edu/pub/datasets/twemcacheWorkload/cacheDatasets/alibabaBlock/new/100K/alibabaBlock_932.oracleGeneral.zst
alibabaBlock_new_100K	https://ftp.pdl.cmu.edu/pub/datasets/twemcacheWorkload/cacheDatasets/alibabaBlock/new/100K/alibabaBlock_933.oracleGeneral.zst
alibabaBlock_new_100K	https://ftp.pdl.cmu.edu/pub/datasets/twemcacheWorkload/cacheDatasets/alibabaBlock/new/100K/alibabaBlock_934.oracleGeneral.zst
alibabaBlock_new_100K	https://ftp.pdl.cmu.edu/pub/datasets/twemcacheWorkload/cacheDatasets/alibabaBlock/new/100K/alibabaBlock_935.oracleGeneral.zst
alibabaBlock_new_100K	https://ftp.pdl.cmu.edu/pub/datasets/twemcacheWorkload/cacheDatasets/alibabaBlock/new/100K/alibabaBlock_936.oracleGeneral.zst
alibabaBlock_new_100K	https://ftp.pdl.cmu.edu/pub/datasets/twemcacheWorkload/cacheDatasets/alibabaBlock/new/100K/alibabaBlock_937.oracleGeneral.zst
alibabaBlock_new_100K	https://ftp.pdl.cmu.edu/pub/datasets/twemcacheWorkload/cacheDatasets/alibabaBlock/new/100K/alibabaBlock_938.oracleGeneral.zst
alibabaBlock_new_100K	https://ftp.pdl.cmu.edu/pub/datasets/twemcacheWorkload/cacheDatasets/alibabaBlock/new/100K/alibabaBlock_940.oracleGeneral.zst
alibabaBlock_new_100K	https://ftp.pdl.cmu.edu/pub/datasets/twemcacheWorkload/cacheDatasets/alibabaBlock/new/100K/alibabaBlock_941.oracleGeneral.zst
alibabaBlock_new_100K	https://ftp.pdl.cmu.edu/pub/datasets/twemcacheWorkload/cacheDatasets/alibabaBlock/new/100K/alibabaBlock_943.oracleGeneral.zst
alibabaBlock_new_100K	https://ftp.pdl.cmu.edu/pub/datasets/twemcacheWorkload/cacheDatasets/alibabaBlock/new/100K/alibabaBlock_944.oracleGeneral.zst
alibabaBlock_new_100K	https://ftp.pdl.cmu.edu/pub/datasets/twemcacheWorkload/cacheDatasets/alibabaBlock/new/100K/alibabaBlock_945.oracleGeneral.zst
alibabaBlock_new_100K	https://ftp.pdl.cmu.edu/pub/datasets/twemcacheWorkload/cacheDatasets/alibabaBlock/new/100K/alibabaBlock_946.oracleGeneral.zst
alibabaBlock_new_100K	https://ftp.pdl.cmu.edu/pub/datasets/twemcacheWorkload/cacheDatasets/alibabaBlock/new/100K/alibabaBlock_947.oracleGeneral.zst
alibabaBlock_new_100K	https://ftp.pdl.cmu.edu/pub/datasets/twemcacheWorkload/cacheDatasets/alibabaBlock/new/100K/alibabaBlock_948.oracleGeneral.zst
alibabaBlock_new_100K	https://ftp.pdl.cmu.edu/pub/datasets/twemcacheWorkload/cacheDatasets/alibabaBlock/new/100K/alibabaBlock_949.oracleGeneral.zst
alibabaBlock_new_100K	https://ftp.pdl.cmu.edu/pub/datasets/twemcacheWorkload/cacheDatasets/alibabaBlock/new/100K/alibabaBlock_950.oracleGeneral.zst
alibabaBlock_new_100K	https://ftp.pdl.cmu.edu/pub/datasets/twemcacheWorkload/cacheDatasets/alibabaBlock/new/100K/alibabaBlock_951.oracleGeneral.zst
alibabaBlock_new_100K	https://ftp.pdl.cmu.edu/pub/datasets/twemcacheWorkload/cacheDatasets/alibabaBlock/new/100K/alibabaBlock_952.oracleGeneral.zst
alibabaBlock_new_100K	https://ftp.pdl.cmu.edu/pub/datasets/twemcacheWorkload/cacheDatasets/alibabaBlock/new/100K/alibabaBlock_953.oracleGeneral.zst
alibabaBlock_new_100K	https://ftp.pdl.cmu.edu/pub/datasets/twemcacheWorkload/cacheDatasets/alibabaBlock/new/100K/alibabaBlock_954.oracleGeneral.zst
alibabaBlock_new_100K	https://ftp.pdl.cmu.edu/pub/datasets/twemcacheWorkload/cacheDatasets/alibabaBlock/new/100K/alibabaBlock_955.oracleGeneral.zst
alibabaBlock_new_100K	https://ftp.pdl.cmu.edu/pub/datasets/twemcacheWorkload/cacheDatasets/alibabaBlock/new/100K/alibabaBlock_956.oracleGeneral.zst
alibabaBlock_new_100K	https://ftp.pdl.cmu.edu/pub/datasets/twemcacheWorkload/cacheDatasets/alibabaBlock/new/100K/alibabaBlock_957.oracleGeneral.zst
alibabaBlock_new_100K	https://ftp.pdl.cmu.edu/pub/datasets/twemcacheWorkload/cacheDatasets/alibabaBlock/new/100K/alibabaBlock_958.oracleGeneral.zst
alibabaBlock_new_100K	https://ftp.pdl.cmu.edu/pub/datasets/twemcacheWorkload/cacheDatasets/alibabaBlock/new/100K/alibabaBlock_959.oracleGeneral.zst
alibabaBlock_new_100K	https://ftp.pdl.cmu.edu/pub/datasets/twemcacheWorkload/cacheDatasets/alibabaBlock/new/100K/alibabaBlock_960.oracleGeneral.zst
alibabaBlock_new_100K	https://ftp.pdl.cmu.edu/pub/datasets/twemcacheWorkload/cacheDatasets/alibabaBlock/new/100K/alibabaBlock_961.oracleGeneral.zst
alibabaBlock_new_100K	https://ftp.pdl.cmu.edu/pub/datasets/twemcacheWorkload/cacheDatasets/alibabaBlock/new/100K/alibabaBlock_962.oracleGeneral.zst
alibabaBlock_new_100K	https://ftp.pdl.cmu.edu/pub/datasets/twemcacheWorkload/cacheDatasets/alibabaBlock/new/100K/alibabaBlock_963.oracleGeneral.zst
alibabaBlock_new_100K	https://ftp.pdl.cmu.edu/pub/datasets/twemcacheWorkload/cacheDatasets/alibabaBlock/new/100K/alibabaBlock_964.oracleGeneral.zst
alibabaBlock_new_100K	https://ftp.pdl.cmu.edu/pub/datasets/twemcacheWorkload/cacheDatasets/alibabaBlock/new/100K/alibabaBlock_965.oracleGeneral.zst
alibabaBlock_new_100K	https://ftp.pdl.cmu.edu/pub/datasets/twemcacheWorkload/cacheDatasets/alibabaBlock/new/100K/alibabaBlock_966.oracleGeneral.zst
alibabaBlock_new_100K	https://ftp.pdl.cmu.edu/pub/datasets/twemcacheWorkload/cacheDatasets/alibabaBlock/new/100K/alibabaBlock_967.oracleGeneral.zst
alibabaBlock_new_100K	https://ftp.pdl.cmu.edu/pub/datasets/twemcacheWorkload/cacheDatasets/alibabaBlock/new/100K/alibabaBlock_968.oracleGeneral.zst
alibabaBlock_new_100K	https://ftp.pdl.cmu.edu/pub/datasets/twemcacheWorkload/cacheDatasets/alibabaBlock/new/100K/alibabaBlock_969.oracleGeneral.zst
alibabaBlock_new_100K	https://ftp.pdl.cmu.edu/pub/datasets/twemcacheWorkload/cacheDatasets/alibabaBlock/new/100K/alibabaBlock_970.oracleGeneral.zst
alibabaBlock_new_100K	https://ftp.pdl.cmu.edu/pub/datasets/twemcacheWorkload/cacheDatasets/alibabaBlock/new/100K/alibabaBlock_971.oracleGeneral.zst
alibabaBlock_new_100K	https://ftp.pdl.cmu.edu/pub/datasets/twemcacheWorkload/cacheDatasets/alibabaBlock/new/100K/alibabaBlock_972.oracleGeneral.zst
alibabaBlock_new_100K	https://ftp.pdl.cmu.edu/pub/datasets/twemcacheWorkload/cacheDatasets/alibabaBlock/new/100K/alibabaBlock_973.oracleGeneral.zst
alibabaBlock_new_100K	https://ftp.pdl.cmu.edu/pub/datasets/twemcacheWorkload/cacheDatasets/alibabaBlock/new/100K/alibabaBlock_974.oracleGeneral.zst
alibabaBlock_new_100K	https://ftp.pdl.cmu.edu/pub/datasets/twemcacheWorkload/cacheDatasets/alibabaBlock/new/100K/alibabaBlock_975.oracleGeneral.zst
alibabaBlock_new_100K	https://ftp.pdl.cmu.edu/pub/datasets/twemcacheWorkload/cacheDatasets/alibabaBlock/new/100K/alibabaBlock_976.oracleGeneral.zst
alibabaBlock_new_100K	https://ftp.pdl.cmu.edu/pub/datasets/twemcacheWorkload/cacheDatasets/alibabaBlock/new/100K/alibabaBlock_977.oracleGeneral.zst
alibabaBlock_new_100K	https://ftp.pdl.cmu.edu/pub/datasets/twemcacheWorkload/cacheDatasets/alibabaBlock/new/100K/alibabaBlock_978.oracleGeneral.zst
alibabaBlock_new_100K	https://ftp.pdl.cmu.edu/pub/datasets/twemcacheWorkload/cacheDatasets/alibabaBlock/new/100K/alibabaBlock_98.oracleGeneral.zst
alibabaBlock_new_100K	https://ftp.pdl.cmu.edu/pub/datasets/twemcacheWorkload/cacheDatasets/alibabaBlock/new/100K/alibabaBlock_981.oracleGeneral.zst
alibabaBlock_new_100K	https://ftp.pdl.cmu.edu/pub/datasets/twemcacheWorkload/cacheDatasets/alibabaBlock/new/100K/alibabaBlock_982.oracleGeneral.zst
alibabaBlock_new_100K	https://ftp.pdl.cmu.edu/pub/datasets/twemcacheWorkload/cacheDatasets/alibabaBlock/new/100K/alibabaBlock_983.oracleGeneral.zst
alibabaBlock_new_100K	https://ftp.pdl.cmu.edu/pub/datasets/twemcacheWorkload/cacheDatasets/alibabaBlock/new/100K/alibabaBlock_984.oracleGeneral.zst
alibabaBlock_new_100K	https://ftp.pdl.cmu.edu/pub/datasets/twemcacheWorkload/cacheDatasets/alibabaBlock/new/100K/alibabaBlock_985.oracleGeneral.zst
alibabaBlock_new_100K	https://ftp.pdl.cmu.edu/pub/datasets/twemcacheWorkload/cacheDatasets/alibabaBlock/new/100K/alibabaBlock_986.oracleGeneral.zst
alibabaBlock_new_100K	https://ftp.pdl.cmu.edu/pub/datasets/twemcacheWorkload/cacheDatasets/alibabaBlock/new/100K/alibabaBlock_987.oracleGeneral.zst
alibabaBlock_new_100K	https://ftp.pdl.cmu.edu/pub/datasets/twemcacheWorkload/cacheDatasets/alibabaBlock/new/100K/alibabaBlock_988.oracleGeneral.zst
alibabaBlock_new_100K	https://ftp.pdl.cmu.edu/pub/datasets/twemcacheWorkload/cacheDatasets/alibabaBlock/new/100K/alibabaBlock_989.oracleGeneral.zst
alibabaBlock_new_100K	https://ftp.pdl.cmu.edu/pub/datasets/twemcacheWorkload/cacheDatasets/alibabaBlock/new/100K/alibabaBlock_990.oracleGeneral.zst
alibabaBlock_new_100K	https://ftp.pdl.cmu.edu/pub/datasets/twemcacheWorkload/cacheDatasets/alibabaBlock/new/100K/alibabaBlock_991.oracleGeneral.zst
alibabaBlock_new_100K	https://ftp.pdl.cmu.edu/pub/datasets/twemcacheWorkload/cacheDatasets/alibabaBlock/new/100K/alibabaBlock_992.oracleGeneral.zst
alibabaBlock_new_100K	https://ftp.pdl.cmu.edu/pub/datasets/twemcacheWorkload/cacheDatasets/alibabaBlock/new/100K/alibabaBlock_993.oracleGeneral.zst
alibabaBlock_new_100K	https://ftp.pdl.cmu.edu/pub/datasets/twemcacheWorkload/cacheDatasets/alibabaBlock/new/100K/alibabaBlock_994.oracleGeneral.zst
alibabaBlock_new_100K	https://ftp.pdl.cmu.edu/pub/datasets/twemcacheWorkload/cacheDatasets/alibabaBlock/new/100K/alibabaBlock_995.oracleGeneral.zst
alibabaBlock_new_100K	https://ftp.pdl.cmu.edu/pub/datasets/twemcacheWorkload/cacheDatasets/alibabaBlock/new/100K/alibabaBlock_996.oracleGeneral.zst
alibabaBlock_new_100K	https://ftp.pdl.cmu.edu/pub/datasets/twemcacheWorkload/cacheDatasets/alibabaBlock/new/100K/alibabaBlock_997.oracleGeneral.zst
alibabaBlock_new_100K	https://ftp.pdl.cmu.edu/pub/datasets/twemcacheWorkload/cacheDatasets/alibabaBlock/new/100K/alibabaBlock_998.oracleGeneral.zst
alibabaBlock_new_100K	https://ftp.pdl.cmu.edu/pub/datasets/twemcacheWorkload/cacheDatasets/alibabaBlock/new/100K/alibabaBlock_999.oracleGeneral.zst
tencentBlock_v2_1M	https://ftp.pdl.cmu.edu/pub/datasets/twemcacheWorkload/cacheDatasets/tencentBlock/v2/1M/tencentBlock_10004.oracleGeneral.zst
tencentBlock_v2_1M	https://ftp.pdl.cmu.edu/pub/datasets/twemcacheWorkload/cacheDatasets/tencentBlock/v2/1M/tencentBlock_10021.oracleGeneral.zst
tencentBlock_v2_1M	https://ftp.pdl.cmu.edu/pub/datasets/twemcacheWorkload/cacheDatasets/tencentBlock/v2/1M/tencentBlock_10022.oracleGeneral.zst
tencentBlock_v2_1M	https://ftp.pdl.cmu.edu/pub/datasets/twemcacheWorkload/cacheDatasets/tencentBlock/v2/1M/tencentBlock_10029.oracleGeneral.zst
tencentBlock_v2_1M	https://ftp.pdl.cmu.edu/pub/datasets/twemcacheWorkload/cacheDatasets/tencentBlock/v2/1M/tencentBlock_10031.oracleGeneral.zst
tencentBlock_v2_1M	https://ftp.pdl.cmu.edu/pub/datasets/twemcacheWorkload/cacheDatasets/tencentBlock/v2/1M/tencentBlock_10039.oracleGeneral.zst
tencentBlock_v2_1M	https://ftp.pdl.cmu.edu/pub/datasets/twemcacheWorkload/cacheDatasets/tencentBlock/v2/1M/tencentBlock_10044.oracleGeneral.zst
tencentBlock_v2_1M	https://ftp.pdl.cmu.edu/pub/datasets/twemcacheWorkload/cacheDatasets/tencentBlock/v2/1M/tencentBlock_10048.oracleGeneral.zst
tencentBlock_v2_1M	https://ftp.pdl.cmu.edu/pub/datasets/twemcacheWorkload/cacheDatasets/tencentBlock/v2/1M/tencentBlock_10069.oracleGeneral.zst
tencentBlock_v2_1M	https://ftp.pdl.cmu.edu/pub/datasets/twemcacheWorkload/cacheDatasets/tencentBlock/v2/1M/tencentBlock_10074.oracleGeneral.zst
tencentBlock_v2_1M	https://ftp.pdl.cmu.edu/pub/datasets/twemcacheWorkload/cacheDatasets/tencentBlock/v2/1M/tencentBlock_10086.oracleGeneral.zst
tencentBlock_v2_1M	https://ftp.pdl.cmu.edu/pub/datasets/twemcacheWorkload/cacheDatasets/tencentBlock/v2/1M/tencentBlock_10095.oracleGeneral.zst
tencentBlock_v2_1M	https://ftp.pdl.cmu.edu/pub/datasets/twemcacheWorkload/cacheDatasets/tencentBlock/v2/1M/tencentBlock_10120.oracleGeneral.zst
tencentBlock_v2_1M	https://ftp.pdl.cmu.edu/pub/datasets/twemcacheWorkload/cacheDatasets/tencentBlock/v2/1M/tencentBlock_10134.oracleGeneral.zst
tencentBlock_v2_1M	https://ftp.pdl.cmu.edu/pub/datasets/twemcacheWorkload/cacheDatasets/tencentBlock/v2/1M/tencentBlock_10156.oracleGeneral.zst
tencentBlock_v2_1M	https://ftp.pdl.cmu.edu/pub/datasets/twemcacheWorkload/cacheDatasets/tencentBlock/v2/1M/tencentBlock_10176.oracleGeneral.zst
tencentBlock_v2_1M	https://ftp.pdl.cmu.edu/pub/datasets/twemcacheWorkload/cacheDatasets/tencentBlock/v2/1M/tencentBlock_10184.oracleGeneral.zst
tencentBlock_v2_1M	https://ftp.pdl.cmu.edu/pub/datasets/twemcacheWorkload/cacheDatasets/tencentBlock/v2/1M/tencentBlock_10197.oracleGeneral.zst
tencentBlock_v2_1M	https://ftp.pdl.cmu.edu/pub/datasets/twemcacheWorkload/cacheDatasets/tencentBlock/v2/1M/tencentBlock_10198.oracleGeneral.zst
tencentBlock_v2_1M	https://ftp.pdl.cmu.edu/pub/datasets/twemcacheWorkload/cacheDatasets/tencentBlock/v2/1M/tencentBlock_10203.oracleGeneral.zst
tencentBlock_v2_1M	https://ftp.pdl.cmu.edu/pub/datasets/twemcacheWorkload/cacheDatasets/tencentBlock/v2/1M/tencentBlock_10208.oracleGeneral.zst
tencentBlock_v2_1M	https://ftp.pdl.cmu.edu/pub/datasets/twemcacheWorkload/cacheDatasets/tencentBlock/v2/1M/tencentBlock_10213.oracleGeneral.zst
tencentBlock_v2_1M	https://ftp.pdl.cmu.edu/pub/datasets/twemcacheWorkload/cacheDatasets/tencentBlock/v2/1M/tencentBlock_10216.oracleGeneral.zst
tencentBlock_v2_1M	https://ftp.pdl.cmu.edu/pub/datasets/twemcacheWorkload/cacheDatasets/tencentBlock/v2/1M/tencentBlock_10228.oracleGeneral.zst
tencentBlock_v2_1M	https://ftp.pdl.cmu.edu/pub/datasets/twemcacheWorkload/cacheDatasets/tencentBlock/v2/1M/tencentBlock_10231.oracleGeneral.zst
tencentBlock_v2_1M	https://ftp.pdl.cmu.edu/pub/datasets/twemcacheWorkload/cacheDatasets/tencentBlock/v2/1M/tencentBlock_10236.oracleGeneral.zst
tencentBlock_v2_1M	https://ftp.pdl.cmu.edu/pub/datasets/twemcacheWorkload/cacheDatasets/tencentBlock/v2/1M/tencentBlock_10244.oracleGeneral.zst
tencentBlock_v2_1M	https://ftp.pdl.cmu.edu/pub/datasets/twemcacheWorkload/cacheDatasets/tencentBlock/v2/1M/tencentBlock_10252.oracleGeneral.zst
tencentBlock_v2_1M	https://ftp.pdl.cmu.edu/pub/datasets/twemcacheWorkload/cacheDatasets/tencentBlock/v2/1M/tencentBlock_10264.oracleGeneral.zst
tencentBlock_v2_1M	https://ftp.pdl.cmu.edu/pub/datasets/twemcacheWorkload/cacheDatasets/tencentBlock/v2/1M/tencentBlock_10274.oracleGeneral.zst
tencentBlock_v2_1M	https://ftp.pdl.cmu.edu/pub/datasets/twemcacheWorkload/cacheDatasets/tencentBlock/v2/1M/tencentBlock_10276.oracleGeneral.zst
tencentBlock_v2_1M	https://ftp.pdl.cmu.edu/pub/datasets/twemcacheWorkload/cacheDatasets/tencentBlock/v2/1M/tencentBlock_10280.oracleGeneral.zst
tencentBlock_v2_1M	https://ftp.pdl.cmu.edu/pub/datasets/twemcacheWorkload/cacheDatasets/tencentBlock/v2/1M/tencentBlock_10286.oracleGeneral.zst
tencentBlock_v2_1M	https://ftp.pdl.cmu.edu/pub/datasets/twemcacheWorkload/cacheDatasets/tencentBlock/v2/1M/tencentBlock_10293.oracleGeneral.zst
tencentBlock_v2_1M	https://ftp.pdl.cmu.edu/pub/datasets/twemcacheWorkload/cacheDatasets/tencentBlock/v2/1M/tencentBlock_10295.oracleGeneral.zst
tencentBlock_v2_1M	https://ftp.pdl.cmu.edu/pub/datasets/twemcacheWorkload/cacheDatasets/tencentBlock/v2/1M/tencentBlock_10303.oracleGeneral.zst
tencentBlock_v2_1M	https://ftp.pdl.cmu.edu/pub/datasets/twemcacheWorkload/cacheDatasets/tencentBlock/v2/1M/tencentBlock_10312.oracleGeneral.zst
tencentBlock_v2_1M	https://ftp.pdl.cmu.edu/pub/datasets/twemcacheWorkload/cacheDatasets/tencentBlock/v2/1M/tencentBlock_10336.oracleGeneral.zst
tencentBlock_v2_1M	https://ftp.pdl.cmu.edu/pub/datasets/twemcacheWorkload/cacheDatasets/tencentBlock/v2/1M/tencentBlock_10342.oracleGeneral.zst
tencentBlock_v2_1M	https://ftp.pdl.cmu.edu/pub/datasets/twemcacheWorkload/cacheDatasets/tencentBlock/v2/1M/tencentBlock_10356.oracleGeneral.zst
tencentBlock_v2_1M	https://ftp.pdl.cmu.edu/pub/datasets/twemcacheWorkload/cacheDatasets/tencentBlock/v2/1M/tencentBlock_10364.oracleGeneral.zst
tencentBlock_v2_1M	https://ftp.pdl.cmu.edu/pub/datasets/twemcacheWorkload/cacheDatasets/tencentBlock/v2/1M/tencentBlock_10368.oracleGeneral.zst
tencentBlock_v2_1M	https://ftp.pdl.cmu.edu/pub/datasets/twemcacheWorkload/cacheDatasets/tencentBlock/v2/1M/tencentBlock_10370.oracleGeneral.zst
tencentBlock_v2_1M	https://ftp.pdl.cmu.edu/pub/datasets/twemcacheWorkload/cacheDatasets/tencentBlock/v2/1M/tencentBlock_10372.oracleGeneral.zst
tencentBlock_v2_1M	https://ftp.pdl.cmu.edu/pub/datasets/twemcacheWorkload/cacheDatasets/tencentBlock/v2/1M/tencentBlock_10375.oracleGeneral.zst
tencentBlock_v2_1M	https://ftp.pdl.cmu.edu/pub/datasets/twemcacheWorkload/cacheDatasets/tencentBlock/v2/1M/tencentBlock_10380.oracleGeneral.zst
tencentBlock_v2_1M	https://ftp.pdl.cmu.edu/pub/datasets/twemcacheWorkload/cacheDatasets/tencentBlock/v2/1M/tencentBlock_10393.oracleGeneral.zst
tencentBlock_v2_1M	https://ftp.pdl.cmu.edu/pub/datasets/twemcacheWorkload/cacheDatasets/tencentBlock/v2/1M/tencentBlock_10394.oracleGeneral.zst
tencentBlock_v2_1M	https://ftp.pdl.cmu.edu/pub/datasets/twemcacheWorkload/cacheDatasets/tencentBlock/v2/1M/tencentBlock_10403.oracleGeneral.zst
tencentBlock_v2_1M	https://ftp.pdl.cmu.edu/pub/datasets/twemcacheWorkload/cacheDatasets/tencentBlock/v2/1M/tencentBlock_10409.oracleGeneral.zst
tencentBlock_v2_1M	https://ftp.pdl.cmu.edu/pub/datasets/twemcacheWorkload/cacheDatasets/tencentBlock/v2/1M/tencentBlock_10429.oracleGeneral.zst
tencentBlock_v2_1M	https://ftp.pdl.cmu.edu/pub/datasets/twemcacheWorkload/cacheDatasets/tencentBlock/v2/1M/tencentBlock_10436.oracleGeneral.zst
tencentBlock_v2_1M	https://ftp.pdl.cmu.edu/pub/datasets/twemcacheWorkload/cacheDatasets/tencentBlock/v2/1M/tencentBlock_10446.oracleGeneral.zst
tencentBlock_v2_1M	https://ftp.pdl.cmu.edu/pub/datasets/twemcacheWorkload/cacheDatasets/tencentBlock/v2/1M/tencentBlock_10452.oracleGeneral.zst
tencentBlock_v2_1M	https://ftp.pdl.cmu.edu/pub/datasets/twemcacheWorkload/cacheDatasets/tencentBlock/v2/1M/tencentBlock_10496.oracleGeneral.zst
tencentBlock_v2_1M	https://ftp.pdl.cmu.edu/pub/datasets/twemcacheWorkload/cacheDatasets/tencentBlock/v2/1M/tencentBlock_10499.oracleGeneral.zst
tencentBlock_v2_1M	https://ftp.pdl.cmu.edu/pub/datasets/twemcacheWorkload/cacheDatasets/tencentBlock/v2/1M/tencentBlock_10505.oracleGeneral.zst
tencentBlock_v2_1M	https://ftp.pdl.cmu.edu/pub/datasets/twemcacheWorkload/cacheDatasets/tencentBlock/v2/1M/tencentBlock_10525.oracleGeneral.zst
tencentBlock_v2_1M	https://ftp.pdl.cmu.edu/pub/datasets/twemcacheWorkload/cacheDatasets/tencentBlock/v2/1M/tencentBlock_10532.oracleGeneral.zst
tencentBlock_v2_1M	https://ftp.pdl.cmu.edu/pub/datasets/twemcacheWorkload/cacheDatasets/tencentBlock/v2/1M/tencentBlock_10553.oracleGeneral.zst
tencentBlock_v2_1M	https://ftp.pdl.cmu.edu/pub/datasets/twemcacheWorkload/cacheDatasets/tencentBlock/v2/1M/tencentBlock_10560.oracleGeneral.zst
tencentBlock_v2_1M	https://ftp.pdl.cmu.edu/pub/datasets/twemcacheWorkload/cacheDatasets/tencentBlock/v2/1M/tencentBlock_10580.oracleGeneral.zst
tencentBlock_v2_1M	https://ftp.pdl.cmu.edu/pub/datasets/twemcacheWorkload/cacheDatasets/tencentBlock/v2/1M/tencentBlock_10582.oracleGeneral.zst
tencentBlock_v2_1M	https://ftp.pdl.cmu.edu/pub/datasets/twemcacheWorkload/cacheDatasets/tencentBlock/v2/1M/tencentBlock_10587.oracleGeneral.zst
tencentBlock_v2_1M	https://ftp.pdl.cmu.edu/pub/datasets/twemcacheWorkload/cacheDatasets/tencentBlock/v2/1M/tencentBlock_10596.oracleGeneral.zst
tencentBlock_v2_1M	https://ftp.pdl.cmu.edu/pub/datasets/twemcacheWorkload/cacheDatasets/tencentBlock/v2/1M/tencentBlock_10602.oracleGeneral.zst
tencentBlock_v2_1M	https://ftp.pdl.cmu.edu/pub/datasets/twemcacheWorkload/cacheDatasets/tencentBlock/v2/1M/tencentBlock_10611.oracleGeneral.zst
tencentBlock_v2_1M	https://ftp.pdl.cmu.edu/pub/datasets/twemcacheWorkload/cacheDatasets/tencentBlock/v2/1M/tencentBlock_10620.oracleGeneral.zst
tencentBlock_v2_1M	https://ftp.pdl.cmu.edu/pub/datasets/twemcacheWorkload/cacheDatasets/tencentBlock/v2/1M/tencentBlock_10628.oracleGeneral.zst
tencentBlock_v2_1M	https://ftp.pdl.cmu.edu/pub/datasets/twemcacheWorkload/cacheDatasets/tencentBlock/v2/1M/tencentBlock_10633.oracleGeneral.zst
tencentBlock_v2_1M	https://ftp.pdl.cmu.edu/pub/datasets/twemcacheWorkload/cacheDatasets/tencentBlock/v2/1M/tencentBlock_10656.oracleGeneral.zst
tencentBlock_v2_1M	https://ftp.pdl.cmu.edu/pub/datasets/twemcacheWorkload/cacheDatasets/tencentBlock/v2/1M/tencentBlock_10664.oracleGeneral.zst
tencentBlock_v2_1M	https://ftp.pdl.cmu.edu/pub/datasets/twemcacheWorkload/cacheDatasets/tencentBlock/v2/1M/tencentBlock_10668.oracleGeneral.zst
tencentBlock_v2_1M	https://ftp.pdl.cmu.edu/pub/datasets/twemcacheWorkload/cacheDatasets/tencentBlock/v2/1M/tencentBlock_10675.oracleGeneral.zst
tencentBlock_v2_1M	https://ftp.pdl.cmu.edu/pub/datasets/twemcacheWorkload/cacheDatasets/tencentBlock/v2/1M/tencentBlock_10684.oracleGeneral.zst
tencentBlock_v2_1M	https://ftp.pdl.cmu.edu/pub/datasets/twemcacheWorkload/cacheDatasets/tencentBlock/v2/1M/tencentBlock_10689.oracleGeneral.zst
tencentBlock_v2_1M	https://ftp.pdl.cmu.edu/pub/datasets/twemcacheWorkload/cacheDatasets/tencentBlock/v2/1M/tencentBlock_10698.oracleGeneral.zst
tencentBlock_v2_1M	https://ftp.pdl.cmu.edu/pub/datasets/twemcacheWorkload/cacheDatasets/tencentBlock/v2/1M/tencentBlock_10699.oracleGeneral.zst
tencentBlock_v2_1M	https://ftp.pdl.cmu.edu/pub/datasets/twemcacheWorkload/cacheDatasets/tencentBlock/v2/1M/tencentBlock_10703.oracleGeneral.zst
tencentBlock_v2_1M	https://ftp.pdl.cmu.edu/pub/datasets/twemcacheWorkload/cacheDatasets/tencentBlock/v2/1M/tencentBlock_10724.oracleGeneral.zst
tencentBlock_v2_1M	https://ftp.pdl.cmu.edu/pub/datasets/twemcacheWorkload/cacheDatasets/tencentBlock/v2/1M/tencentBlock_10728.oracleGeneral.zst
tencentBlock_v2_1M	https://ftp.pdl.cmu.edu/pub/datasets/twemcacheWorkload/cacheDatasets/tencentBlock/v2/1M/tencentBlock_1073.oracleGeneral.zst
tencentBlock_v2_1M	https://ftp.pdl.cmu.edu/pub/datasets/twemcacheWorkload/cacheDatasets/tencentBlock/v2/1M/tencentBlock_10747.oracleGeneral.zst
tencentBlock_v2_1M	https://ftp.pdl.cmu.edu/pub/datasets/twemcacheWorkload/cacheDatasets/tencentBlock/v2/1M/tencentBlock_10752.oracleGeneral.zst
tencentBlock_v2_1M	https://ftp.pdl.cmu.edu/pub/datasets/twemcacheWorkload/cacheDatasets/tencentBlock/v2/1M/tencentBlock_10757.oracleGeneral.zst
tencentBlock_v2_1M	https://ftp.pdl.cmu.edu/pub/datasets/twemcacheWorkload/cacheDatasets/tencentBlock/v2/1M/tencentBlock_10760.oracleGeneral.zst
tencentBlock_v2_1M	https://ftp.pdl.cmu.edu/pub/datasets/twemcacheWorkload/cacheDatasets/tencentBlock/v2/1M/tencentBlock_10769.oracleGeneral.zst
tencentBlock_v2_1M	https://ftp.pdl.cmu.edu/pub/datasets/twemcacheWorkload/cacheDatasets/tencentBlock/v2/1M/tencentBlock_10776.oracleGeneral.zst
tencentBlock_v2_1M	https://ftp.pdl.cmu.edu/pub/datasets/twemcacheWorkload/cacheDatasets/tencentBlock/v2/1M/tencentBlock_10783.oracleGeneral.zst
tencentBlock_v2_1M	https://ftp.pdl.cmu.edu/pub/datasets/twemcacheWorkload/cacheDatasets/tencentBlock/v2/1M/tencentBlock_10790.oracleGeneral.zst
tencentBlock_v2_1M	https://ftp.pdl.cmu.edu/pub/datasets/twemcacheWorkload/cacheDatasets/tencentBlock/v2/1M/tencentBlock_1082.oracleGeneral.zst
tencentBlock_v2_1M	https://ftp.pdl.cmu.edu/pub/datasets/twemcacheWorkload/cacheDatasets/tencentBlock/v2/1M/tencentBlock_10820.oracleGeneral.zst
tencentBlock_v2_1M	https://ftp.pdl.cmu.edu/pub/datasets/twemcacheWorkload/cacheDatasets/tencentBlock/v2/1M/tencentBlock_10825.oracleGeneral.zst
tencentBlock_v2_1M	https://ftp.pdl.cmu.edu/pub/datasets/twemcacheWorkload/cacheDatasets/tencentBlock/v2/1M/tencentBlock_10829.oracleGeneral.zst
tencentBlock_v2_1M	https://ftp.pdl.cmu.edu/pub/datasets/twemcacheWorkload/cacheDatasets/tencentBlock/v2/1M/tencentBlock_10831.oracleGeneral.zst
tencentBlock_v2_1M	https://ftp.pdl.cmu.edu/pub/datasets/twemcacheWorkload/cacheDatasets/tencentBlock/v2/1M/tencentBlock_1084.oracleGeneral.zst
tencentBlock_v2_1M	https://ftp.pdl.cmu.edu/pub/datasets/twemcacheWorkload/cacheDatasets/tencentBlock/v2/1M/tencentBlock_10844.oracleGeneral.zst
tencentBlock_v2_1M	https://ftp.pdl.cmu.edu/pub/datasets/twemcacheWorkload/cacheDatasets/tencentBlock/v2/1M/tencentBlock_10851.oracleGeneral.zst
tencentBlock_v2_1M	https://ftp.pdl.cmu.edu/pub/datasets/twemcacheWorkload/cacheDatasets/tencentBlock/v2/1M/tencentBlock_10857.oracleGeneral.zst
tencentBlock_v2_1M	https://ftp.pdl.cmu.edu/pub/datasets/twemcacheWorkload/cacheDatasets/tencentBlock/v2/1M/tencentBlock_10858.oracleGeneral.zst
tencentBlock_v2_1M	https://ftp.pdl.cmu.edu/pub/datasets/twemcacheWorkload/cacheDatasets/tencentBlock/v2/1M/tencentBlock_10860.oracleGeneral.zst
tencentBlock_v2_1M	https://ftp.pdl.cmu.edu/pub/datasets/twemcacheWorkload/cacheDatasets/tencentBlock/v2/1M/tencentBlock_10879.oracleGeneral.zst
tencentBlock_v2_1M	https://ftp.pdl.cmu.edu/pub/datasets/twemcacheWorkload/cacheDatasets/tencentBlock/v2/1M/tencentBlock_10883.oracleGeneral.zst
tencentBlock_v2_1M	https://ftp.pdl.cmu.edu/pub/datasets/twemcacheWorkload/cacheDatasets/tencentBlock/v2/1M/tencentBlock_1089.oracleGeneral.zst
tencentBlock_v2_1M	https://ftp.pdl.cmu.edu/pub/datasets/twemcacheWorkload/cacheDatasets/tencentBlock/v2/1M/tencentBlock_10890.oracleGeneral.zst
tencentBlock_v2_1M	https://ftp.pdl.cmu.edu/pub/datasets/twemcacheWorkload/cacheDatasets/tencentBlock/v2/1M/tencentBlock_10893.oracleGeneral.zst
tencentBlock_v2_1M	https://ftp.pdl.cmu.edu/pub/datasets/twemcacheWorkload/cacheDatasets/tencentBlock/v2/1M/tencentBlock_10905.oracleGeneral.zst
tencentBlock_v2_1M	https://ftp.pdl.cmu.edu/pub/datasets/twemcacheWorkload/cacheDatasets/tencentBlock/v2/1M/tencentBlock_10918.oracleGeneral.zst
tencentBlock_v2_1M	https://ftp.pdl.cmu.edu/pub/datasets/twemcacheWorkload/cacheDatasets/tencentBlock/v2/1M/tencentBlock_1092.oracleGeneral.zst
tencentBlock_v2_1M	https://ftp.pdl.cmu.edu/pub/datasets/twemcacheWorkload/cacheDatasets/tencentBlock/v2/1M/tencentBlock_10921.oracleGeneral.zst
tencentBlock_v2_1M	https://ftp.pdl.cmu.edu/pub/datasets/twemcacheWorkload/cacheDatasets/tencentBlock/v2/1M/tencentBlock_10927.oracleGeneral.zst
tencentBlock_v2_1M	https://ftp.pdl.cmu.edu/pub/datasets/twemcacheWorkload/cacheDatasets/tencentBlock/v2/1M/tencentBlock_10944.oracleGeneral.zst
tencentBlock_v2_1M	https://ftp.pdl.cmu.edu/pub/datasets/twemcacheWorkload/cacheDatasets/tencentBlock/v2/1M/tencentBlock_10947.oracleGeneral.zst
tencentBlock_v2_1M	https://ftp.pdl.cmu.edu/pub/datasets/twemcacheWorkload/cacheDatasets/tencentBlock/v2/1M/tencentBlock_10949.oracleGeneral.zst
tencentBlock_v2_1M	https://ftp.pdl.cmu.edu/pub/datasets/twemcacheWorkload/cacheDatasets/tencentBlock/v2/1M/tencentBlock_10952.oracleGeneral.zst
tencentBlock_v2_1M	https://ftp.pdl.cmu.edu/pub/datasets/twemcacheWorkload/cacheDatasets/tencentBlock/v2/1M/tencentBlock_10957.oracleGeneral.zst
tencentBlock_v2_1M	https://ftp.pdl.cmu.edu/pub/datasets/twemcacheWorkload/cacheDatasets/tencentBlock/v2/1M/tencentBlock_10961.oracleGeneral.zst
tencentBlock_v2_1M	https://ftp.pdl.cmu.edu/pub/datasets/twemcacheWorkload/cacheDatasets/tencentBlock/v2/1M/tencentBlock_10964.oracleGeneral.zst
tencentBlock_v2_1M	https://ftp.pdl.cmu.edu/pub/datasets/twemcacheWorkload/cacheDatasets/tencentBlock/v2/1M/tencentBlock_10971.oracleGeneral.zst
tencentBlock_v2_1M	https://ftp.pdl.cmu.edu/pub/datasets/twemcacheWorkload/cacheDatasets/tencentBlock/v2/1M/tencentBlock_10976.oracleGeneral.zst
tencentBlock_v2_1M	https://ftp.pdl.cmu.edu/pub/datasets/twemcacheWorkload/cacheDatasets/tencentBlock/v2/1M/tencentBlock_10982.oracleGeneral.zst
tencentBlock_v2_1M	https://ftp.pdl.cmu.edu/pub/datasets/twemcacheWorkload/cacheDatasets/tencentBlock/v2/1M/tencentBlock_10986.oracleGeneral.zst
tencentBlock_v2_1M	https://ftp.pdl.cmu.edu/pub/datasets/twemcacheWorkload/cacheDatasets/tencentBlock/v2/1M/tencentBlock_1099.oracleGeneral.zst
tencentBlock_v2_1M	https://ftp.pdl.cmu.edu/pub/datasets/twemcacheWorkload/cacheDatasets/tencentBlock/v2/1M/tencentBlock_10992.oracleGeneral.zst
tencentBlock_v2_1M	https://ftp.pdl.cmu.edu/pub/datasets/twemcacheWorkload/cacheDatasets/tencentBlock/v2/1M/tencentBlock_10995.oracleGeneral.zst
tencentBlock_v2_1M	https://ftp.pdl.cmu.edu/pub/datasets/twemcacheWorkload/cacheDatasets/tencentBlock/v2/1M/tencentBlock_10996.oracleGeneral.zst
tencentBlock_v2_1M	https://ftp.pdl.cmu.edu/pub/datasets/twemcacheWorkload/cacheDatasets/tencentBlock/v2/1M/tencentBlock_10999.oracleGeneral.zst
tencentBlock_v2_1M	https://ftp.pdl.cmu.edu/pub/datasets/twemcacheWorkload/cacheDatasets/tencentBlock/v2/1M/tencentBlock_11006.oracleGeneral.zst
tencentBlock_v2_1M	https://ftp.pdl.cmu.edu/pub/datasets/twemcacheWorkload/cacheDatasets/tencentBlock/v2/1M/tencentBlock_11022.oracleGeneral.zst
tencentBlock_v2_1M	https://ftp.pdl.cmu.edu/pub/datasets/twemcacheWorkload/cacheDatasets/tencentBlock/v2/1M/tencentBlock_11025.oracleGeneral.zst
tencentBlock_v2_1M	https://ftp.pdl.cmu.edu/pub/datasets/twemcacheWorkload/cacheDatasets/tencentBlock/v2/1M/tencentBlock_11027.oracleGeneral.zst
tencentBlock_v2_1M	https://ftp.pdl.cmu.edu/pub/datasets/twemcacheWorkload/cacheDatasets/tencentBlock/v2/1M/tencentBlock_11032.oracleGeneral.zst
tencentBlock_v2_1M	https://ftp.pdl.cmu.edu/pub/datasets/twemcacheWorkload/cacheDatasets/tencentBlock/v2/1M/tencentBlock_11037.oracleGeneral.zst
tencentBlock_v2_1M	https://ftp.pdl.cmu.edu/pub/datasets/twemcacheWorkload/cacheDatasets/tencentBlock/v2/1M/tencentBlock_11046.oracleGeneral.zst
tencentBlock_v2_1M	https://ftp.pdl.cmu.edu/pub/datasets/twemcacheWorkload/cacheDatasets/tencentBlock/v2/1M/tencentBlock_11054.oracleGeneral.zst
tencentBlock_v2_1M	https://ftp.pdl.cmu.edu/pub/datasets/twemcacheWorkload/cacheDatasets/tencentBlock/v2/1M/tencentBlock_11062.oracleGeneral.zst
tencentBlock_v2_1M	https://ftp.pdl.cmu.edu/pub/datasets/twemcacheWorkload/cacheDatasets/tencentBlock/v2/1M/tencentBlock_11069.oracleGeneral.zst
tencentBlock_v2_1M	https://ftp.pdl.cmu.edu/pub/datasets/twemcacheWorkload/cacheDatasets/tencentBlock/v2/1M/tencentBlock_11074.oracleGeneral.zst
tencentBlock_v2_1M	https://ftp.pdl.cmu.edu/pub/datasets/twemcacheWorkload/cacheDatasets/tencentBlock/v2/1M/tencentBlock_1108.oracleGeneral.zst
tencentBlock_v2_1M	https://ftp.pdl.cmu.edu/pub/datasets/twemcacheWorkload/cacheDatasets/tencentBlock/v2/1M/tencentBlock_11081.oracleGeneral.zst
tencentBlock_v2_1M	https://ftp.pdl.cmu.edu/pub/datasets/twemcacheWorkload/cacheDatasets/tencentBlock/v2/1M/tencentBlock_11082.oracleGeneral.zst
tencentBlock_v2_1M	https://ftp.pdl.cmu.edu/pub/datasets/twemcacheWorkload/cacheDatasets/tencentBlock/v2/1M/tencentBlock_11090.oracleGeneral.zst
tencentBlock_v2_1M	https://ftp.pdl.cmu.edu/pub/datasets/twemcacheWorkload/cacheDatasets/tencentBlock/v2/1M/tencentBlock_11097.oracleGeneral.zst
tencentBlock_v2_1M	https://ftp.pdl.cmu.edu/pub/datasets/twemcacheWorkload/cacheDatasets/tencentBlock/v2/1M/tencentBlock_11102.oracleGeneral.zst
tencentBlock_v2_1M	https://ftp.pdl.cmu.edu/pub/datasets/twemcacheWorkload/cacheDatasets/tencentBlock/v2/1M/tencentBlock_11108.oracleGeneral.zst
tencentBlock_v2_1M	https://ftp.pdl.cmu.edu/pub/datasets/twemcacheWorkload/cacheDatasets/tencentBlock/v2/1M/tencentBlock_11120.oracleGeneral.zst
tencentBlock_v2_1M	https://ftp.pdl.cmu.edu/pub/datasets/twemcacheWorkload/cacheDatasets/tencentBlock/v2/1M/tencentBlock_11122.oracleGeneral.zst
tencentBlock_v2_1M	https://ftp.pdl.cmu.edu/pub/datasets/twemcacheWorkload/cacheDatasets/tencentBlock/v2/1M/tencentBlock_11135.oracleGeneral.zst
tencentBlock_v2_1M	https://ftp.pdl.cmu.edu/pub/datasets/twemcacheWorkload/cacheDatasets/tencentBlock/v2/1M/tencentBlock_11159.oracleGeneral.zst
tencentBlock_v2_1M	https://ftp.pdl.cmu.edu/pub/datasets/twemcacheWorkload/cacheDatasets/tencentBlock/v2/1M/tencentBlock_11161.oracleGeneral.zst
tencentBlock_v2_1M	https://ftp.pdl.cmu.edu/pub/datasets/twemcacheWorkload/cacheDatasets/tencentBlock/v2/1M/tencentBlock_11163.oracleGeneral.zst
tencentBlock_v2_1M	https://ftp.pdl.cmu.edu/pub/datasets/twemcacheWorkload/cacheDatasets/tencentBlock/v2/1M/tencentBlock_11169.oracleGeneral.zst
tencentBlock_v2_1M	https://ftp.pdl.cmu.edu/pub/datasets/twemcacheWorkload/cacheDatasets/tencentBlock/v2/1M/tencentBlock_1117.oracleGeneral.zst
tencentBlock_v2_1M	https://ftp.pdl.cmu.edu/pub/datasets/twemcacheWorkload/cacheDatasets/tencentBlock/v2/1M/tencentBlock_11185.oracleGeneral.zst
tencentBlock_v2_1M	https://ftp.pdl.cmu.edu/pub/datasets/twemcacheWorkload/cacheDatasets/tencentBlock/v2/1M/tencentBlock_11200.oracleGeneral.zst
tencentBlock_v2_1M	https://ftp.pdl.cmu.edu/pub/datasets/twemcacheWorkload/cacheDatasets/tencentBlock/v2/1M/tencentBlock_11207.oracleGeneral.zst
tencentBlock_v2_1M	https://ftp.pdl.cmu.edu/pub/datasets/twemcacheWorkload/cacheDatasets/tencentBlock/v2/1M/tencentBlock_11220.oracleGeneral.zst
tencentBlock_v2_1M	https://ftp.pdl.cmu.edu/pub/datasets/twemcacheWorkload/cacheDatasets/tencentBlock/v2/1M/tencentBlock_11248.oracleGeneral.zst
tencentBlock_v2_1M	https://ftp.pdl.cmu.edu/pub/datasets/twemcacheWorkload/cacheDatasets/tencentBlock/v2/1M/tencentBlock_11249.oracleGeneral.zst
tencentBlock_v2_1M	https://ftp.pdl.cmu.edu/pub/datasets/twemcacheWorkload/cacheDatasets/tencentBlock/v2/1M/tencentBlock_1125.oracleGeneral.zst
tencentBlock_v2_1M	https://ftp.pdl.cmu.edu/pub/datasets/twemcacheWorkload/cacheDatasets/tencentBlock/v2/1M/tencentBlock_11255.oracleGeneral.zst
tencentBlock_v2_1M	https://ftp.pdl.cmu.edu/pub/datasets/twemcacheWorkload/cacheDatasets/tencentBlock/v2/1M/tencentBlock_11261.oracleGeneral.zst
tencentBlock_v2_1M	https://ftp.pdl.cmu.edu/pub/datasets/twemcacheWorkload/cacheDatasets/tencentBlock/v2/1M/tencentBlock_11268.oracleGeneral.zst
tencentBlock_v2_1M	https://ftp.pdl.cmu.edu/pub/datasets/twemcacheWorkload/cacheDatasets/tencentBlock/v2/1M/tencentBlock_11275.oracleGeneral.zst
tencentBlock_v2_1M	https://ftp.pdl.cmu.edu/pub/datasets/twemcacheWorkload/cacheDatasets/tencentBlock/v2/1M/tencentBlock_11287.oracleGeneral.zst
tencentBlock_v2_1M	https://ftp.pdl.cmu.edu/pub/datasets/twemcacheWorkload/cacheDatasets/tencentBlock/v2/1M/tencentBlock_11295.oracleGeneral.zst
tencentBlock_v2_1M	https://ftp.pdl.cmu.edu/pub/datasets/twemcacheWorkload/cacheDatasets/tencentBlock/v2/1M/tencentBlock_11301.oracleGeneral.zst
tencentBlock_v2_1M	https://ftp.pdl.cmu.edu/pub/datasets/twemcacheWorkload/cacheDatasets/tencentBlock/v2/1M/tencentBlock_11307.oracleGeneral.zst
tencentBlock_v2_1M	https://ftp.pdl.cmu.edu/pub/datasets/twemcacheWorkload/cacheDatasets/tencentBlock/v2/1M/tencentBlock_11314.oracleGeneral.zst
tencentBlock_v2_1M	https://ftp.pdl.cmu.edu/pub/datasets/twemcacheWorkload/cacheDatasets/tencentBlock/v2/1M/tencentBlock_11318.oracleGeneral.zst
tencentBlock_v2_1M	https://ftp.pdl.cmu.edu/pub/datasets/twemcacheWorkload/cacheDatasets/tencentBlock/v2/1M/tencentBlock_11321.oracleGeneral.zst
tencentBlock_v2_1M	https://ftp.pdl.cmu.edu/pub/datasets/twemcacheWorkload/cacheDatasets/tencentBlock/v2/1M/tencentBlock_11326.oracleGeneral.zst
tencentBlock_v2_1M	https://ftp.pdl.cmu.edu/pub/datasets/twemcacheWorkload/cacheDatasets/tencentBlock/v2/1M/tencentBlock_11336.oracleGeneral.zst
tencentBlock_v2_1M	https://ftp.pdl.cmu.edu/pub/datasets/twemcacheWorkload/cacheDatasets/tencentBlock/v2/1M/tencentBlock_1134.oracleGeneral.zst
tencentBlock_v2_1M	https://ftp.pdl.cmu.edu/pub/datasets/twemcacheWorkload/cacheDatasets/tencentBlock/v2/1M/tencentBlock_11345.oracleGeneral.zst
tencentBlock_v2_1M	https://ftp.pdl.cmu.edu/pub/datasets/twemcacheWorkload/cacheDatasets/tencentBlock/v2/1M/tencentBlock_11354.oracleGeneral.zst
tencentBlock_v2_1M	https://ftp.pdl.cmu.edu/pub/datasets/twemcacheWorkload/cacheDatasets/tencentBlock/v2/1M/tencentBlock_11368.oracleGeneral.zst
tencentBlock_v2_1M	https://ftp.pdl.cmu.edu/pub/datasets/twemcacheWorkload/cacheDatasets/tencentBlock/v2/1M/tencentBlock_11375.oracleGeneral.zst
tencentBlock_v2_1M	https://ftp.pdl.cmu.edu/pub/datasets/twemcacheWorkload/cacheDatasets/tencentBlock/v2/1M/tencentBlock_11383.oracleGeneral.zst
tencentBlock_v2_1M	https://ftp.pdl.cmu.edu/pub/datasets/twemcacheWorkload/cacheDatasets/tencentBlock/v2/1M/tencentBlock_11389.oracleGeneral.zst
tencentBlock_v2_1M	https://ftp.pdl.cmu.edu/pub/datasets/twemcacheWorkload/cacheDatasets/tencentBlock/v2/1M/tencentBlock_11401.oracleGeneral.zst
tencentBlock_v2_1M	https://ftp.pdl.cmu.edu/pub/datasets/twemcacheWorkload/cacheDatasets/tencentBlock/v2/1M/tencentBlock_11409.oracleGeneral.zst
tencentBlock_v2_1M	https://ftp.pdl.cmu.edu/pub/datasets/twemcacheWorkload/cacheDatasets/tencentBlock/v2/1M/tencentBlock_11412.oracleGeneral.zst
tencentBlock_v2_1M	https://ftp.pdl.cmu.edu/pub/datasets/twemcacheWorkload/cacheDatasets/tencentBlock/v2/1M/tencentBlock_11417.oracleGeneral.zst
tencentBlock_v2_1M	https://ftp.pdl.cmu.edu/pub/datasets/twemcacheWorkload/cacheDatasets/tencentBlock/v2/1M/tencentBlock_11424.oracleGeneral.zst
tencentBlock_v2_1M	https://ftp.pdl.cmu.edu/pub/datasets/twemcacheWorkload/cacheDatasets/tencentBlock/v2/1M/tencentBlock_11426.oracleGeneral.zst
tencentBlock_v2_1M	https://ftp.pdl.cmu.edu/pub/datasets/twemcacheWorkload/cacheDatasets/tencentBlock/v2/1M/tencentBlock_11429.oracleGeneral.zst
tencentBlock_v2_1M	https://ftp.pdl.cmu.edu/pub/datasets/twemcacheWorkload/cacheDatasets/tencentBlock/v2/1M/tencentBlock_1143.oracleGeneral.zst
tencentBlock_v2_1M	https://ftp.pdl.cmu.edu/pub/datasets/twemcacheWorkload/cacheDatasets/tencentBlock/v2/1M/tencentBlock_11436.oracleGeneral.zst
tencentBlock_v2_1M	https://ftp.pdl.cmu.edu/pub/datasets/twemcacheWorkload/cacheDatasets/tencentBlock/v2/1M/tencentBlock_11439.oracleGeneral.zst
tencentBlock_v2_1M	https://ftp.pdl.cmu.edu/pub/datasets/twemcacheWorkload/cacheDatasets/tencentBlock/v2/1M/tencentBlock_11450.oracleGeneral.zst
tencentBlock_v2_1M	https://ftp.pdl.cmu.edu/pub/datasets/twemcacheWorkload/cacheDatasets/tencentBlock/v2/1M/tencentBlock_11469.oracleGeneral.zst
tencentBlock_v2_1M	https://ftp.pdl.cmu.edu/pub/datasets/twemcacheWorkload/cacheDatasets/tencentBlock/v2/1M/tencentBlock_11477.oracleGeneral.zst
tencentBlock_v2_1M	https://ftp.pdl.cmu.edu/pub/datasets/twemcacheWorkload/cacheDatasets/tencentBlock/v2/1M/tencentBlock_11487.oracleGeneral.zst
tencentBlock_v2_1M	https://ftp.pdl.cmu.edu/pub/datasets/twemcacheWorkload/cacheDatasets/tencentBlock/v2/1M/tencentBlock_11488.oracleGeneral.zst
tencentBlock_v2_1M	https://ftp.pdl.cmu.edu/pub/datasets/twemcacheWorkload/cacheDatasets/tencentBlock/v2/1M/tencentBlock_11494.oracleGeneral.zst
tencentBlock_v2_1M	https://ftp.pdl.cmu.edu/pub/datasets/twemcacheWorkload/cacheDatasets/tencentBlock/v2/1M/tencentBlock_11500.oracleGeneral.zst
tencentBlock_v2_1M	https://ftp.pdl.cmu.edu/pub/datasets/twemcacheWorkload/cacheDatasets/tencentBlock/v2/1M/tencentBlock_11501.oracleGeneral.zst
tencentBlock_v2_1M	https://ftp.pdl.cmu.edu/pub/datasets/twemcacheWorkload/cacheDatasets/tencentBlock/v2/1M/tencentBlock_11502.oracleGeneral.zst
tencentBlock_v2_1M	https://ftp.pdl.cmu.edu/pub/datasets/twemcacheWorkload/cacheDatasets/tencentBlock/v2/1M/tencentBlock_11507.oracleGeneral.zst
tencentBlock_v2_1M	https://ftp.pdl.cmu.edu/pub/datasets/twemcacheWorkload/cacheDatasets/tencentBlock/v2/1M/tencentBlock_11514.oracleGeneral.zst
tencentBlock_v2_1M	https://ftp.pdl.cmu.edu/pub/datasets/twemcacheWorkload/cacheDatasets/tencentBlock/v2/1M/tencentBlock_11518.oracleGeneral.zst
tencentBlock_v2_1M	https://ftp.pdl.cmu.edu/pub/datasets/twemcacheWorkload/cacheDatasets/tencentBlock/v2/1M/tencentBlock_11524.oracleGeneral.zst
tencentBlock_v2_1M	https://ftp.pdl.cmu.edu/pub/datasets/twemcacheWorkload/cacheDatasets/tencentBlock/v2/1M/tencentBlock_11537.oracleGeneral.zst
tencentBlock_v2_1M	https://ftp.pdl.cmu.edu/pub/datasets/twemcacheWorkload/cacheDatasets/tencentBlock/v2/1M/tencentBlock_11556.oracleGeneral.zst
tencentBlock_v2_1M	https://ftp.pdl.cmu.edu/pub/datasets/twemcacheWorkload/cacheDatasets/tencentBlock/v2/1M/tencentBlock_11576.oracleGeneral.zst
tencentBlock_v2_1M	https://ftp.pdl.cmu.edu/pub/datasets/twemcacheWorkload/cacheDatasets/tencentBlock/v2/1M/tencentBlock_11577.oracleGeneral.zst
tencentBlock_v2_1M	https://ftp.pdl.cmu.edu/pub/datasets/twemcacheWorkload/cacheDatasets/tencentBlock/v2/1M/tencentBlock_11589.oracleGeneral.zst
tencentBlock_v2_1M	https://ftp.pdl.cmu.edu/pub/datasets/twemcacheWorkload/cacheDatasets/tencentBlock/v2/1M/tencentBlock_11590.oracleGeneral.zst
tencentBlock_v2_1M	https://ftp.pdl.cmu.edu/pub/datasets/twemcacheWorkload/cacheDatasets/tencentBlock/v2/1M/tencentBlock_11598.oracleGeneral.zst
tencentBlock_v2_1M	https://ftp.pdl.cmu.edu/pub/datasets/twemcacheWorkload/cacheDatasets/tencentBlock/v2/1M/tencentBlock_11605.oracleGeneral.zst
tencentBlock_v2_1M	https://ftp.pdl.cmu.edu/pub/datasets/twemcacheWorkload/cacheDatasets/tencentBlock/v2/1M/tencentBlock_11609.oracleGeneral.zst
tencentBlock_v2_1M	https://ftp.pdl.cmu.edu/pub/datasets/twemcacheWorkload/cacheDatasets/tencentBlock/v2/1M/tencentBlock_11619.oracleGeneral.zst
tencentBlock_v2_1M	https://ftp.pdl.cmu.edu/pub/datasets/twemcacheWorkload/cacheDatasets/tencentBlock/v2/1M/tencentBlock_11627.oracleGeneral.zst
tencentBlock_v2_1M	https://ftp.pdl.cmu.edu/pub/datasets/twemcacheWorkload/cacheDatasets/tencentBlock/v2/1M/tencentBlock_11644.oracleGeneral.zst
tencentBlock_v2_1M	https://ftp.pdl.cmu.edu/pub/datasets/twemcacheWorkload/cacheDatasets/tencentBlock/v2/1M/tencentBlock_11663.oracleGeneral.zst
tencentBlock_v2_1M	https://ftp.pdl.cmu.edu/pub/datasets/twemcacheWorkload/cacheDatasets/tencentBlock/v2/1M/tencentBlock_11665.oracleGeneral.zst
tencentBlock_v2_1M	https://ftp.pdl.cmu.edu/pub/datasets/twemcacheWorkload/cacheDatasets/tencentBlock/v2/1M/tencentBlock_11673.oracleGeneral.zst
tencentBlock_v2_1M	https://ftp.pdl.cmu.edu/pub/datasets/twemcacheWorkload/cacheDatasets/tencentBlock/v2/1M/tencentBlock_11680.oracleGeneral.zst
tencentBlock_v2_1M	https://ftp.pdl.cmu.edu/pub/datasets/twemcacheWorkload/cacheDatasets/tencentBlock/v2/1M/tencentBlock_11686.oracleGeneral.zst
tencentBlock_v2_1M	https://ftp.pdl.cmu.edu/pub/datasets/twemcacheWorkload/cacheDatasets/tencentBlock/v2/1M/tencentBlock_1170.oracleGeneral.zst
tencentBlock_v2_1M	https://ftp.pdl.cmu.edu/pub/datasets/twemcacheWorkload/cacheDatasets/tencentBlock/v2/1M/tencentBlock_11710.oracleGeneral.zst
tencentBlock_v2_1M	https://ftp.pdl.cmu.edu/pub/datasets/twemcacheWorkload/cacheDatasets/tencentBlock/v2/1M/tencentBlock_11714.oracleGeneral.zst
tencentBlock_v2_1M	https://ftp.pdl.cmu.edu/pub/datasets/twemcacheWorkload/cacheDatasets/tencentBlock/v2/1M/tencentBlock_11715.oracleGeneral.zst
tencentBlock_v2_1M	https://ftp.pdl.cmu.edu/pub/datasets/twemcacheWorkload/cacheDatasets/tencentBlock/v2/1M/tencentBlock_11716.oracleGeneral.zst
tencentBlock_v2_1M	https://ftp.pdl.cmu.edu/pub/datasets/twemcacheWorkload/cacheDatasets/tencentBlock/v2/1M/tencentBlock_11724.oracleGeneral.zst
tencentBlock_v2_1M	https://ftp.pdl.cmu.edu/pub/datasets/twemcacheWorkload/cacheDatasets/tencentBlock/v2/1M/tencentBlock_11730.oracleGeneral.zst
tencentBlock_v2_1M	https://ftp.pdl.cmu.edu/pub/datasets/twemcacheWorkload/cacheDatasets/tencentBlock/v2/1M/tencentBlock_11733.oracleGeneral.zst
tencentBlock_v2_1M	https://ftp.pdl.cmu.edu/pub/datasets/twemcacheWorkload/cacheDatasets/tencentBlock/v2/1M/tencentBlock_11747.oracleGeneral.zst
tencentBlock_v2_1M	https://ftp.pdl.cmu.edu/pub/datasets/twemcacheWorkload/cacheDatasets/tencentBlock/v2/1M/tencentBlock_11761.oracleGeneral.zst
tencentBlock_v2_1M	https://ftp.pdl.cmu.edu/pub/datasets/twemcacheWorkload/cacheDatasets/tencentBlock/v2/1M/tencentBlock_11767.oracleGeneral.zst
tencentBlock_v2_1M	https://ftp.pdl.cmu.edu/pub/datasets/twemcacheWorkload/cacheDatasets/tencentBlock/v2/1M/tencentBlock_11771.oracleGeneral.zst
tencentBlock_v2_1M	https://ftp.pdl.cmu.edu/pub/datasets/twemcacheWorkload/cacheDatasets/tencentBlock/v2/1M/tencentBlock_11778.oracleGeneral.zst
tencentBlock_v2_1M	https://ftp.pdl.cmu.edu/pub/datasets/twemcacheWorkload/cacheDatasets/tencentBlock/v2/1M/tencentBlock_11786.oracleGeneral.zst
tencentBlock_v2_1M	https://ftp.pdl.cmu.edu/pub/datasets/twemcacheWorkload/cacheDatasets/tencentBlock/v2/1M/tencentBlock_11791.oracleGeneral.zst
tencentBlock_v2_1M	https://ftp.pdl.cmu.edu/pub/datasets/twemcacheWorkload/cacheDatasets/tencentBlock/v2/1M/tencentBlock_11806.oracleGeneral.zst
tencentBlock_v2_1M	https://ftp.pdl.cmu.edu/pub/datasets/twemcacheWorkload/cacheDatasets/tencentBlock/v2/1M/tencentBlock_1182.oracleGeneral.zst
tencentBlock_v2_1M	https://ftp.pdl.cmu.edu/pub/datasets/twemcacheWorkload/cacheDatasets/tencentBlock/v2/1M/tencentBlock_11830.oracleGeneral.zst
tencentBlock_v2_1M	https://ftp.pdl.cmu.edu/pub/datasets/twemcacheWorkload/cacheDatasets/tencentBlock/v2/1M/tencentBlock_11839.oracleGeneral.zst
tencentBlock_v2_1M	https://ftp.pdl.cmu.edu/pub/datasets/twemcacheWorkload/cacheDatasets/tencentBlock/v2/1M/tencentBlock_11841.oracleGeneral.zst
tencentBlock_v2_1M	https://ftp.pdl.cmu.edu/pub/datasets/twemcacheWorkload/cacheDatasets/tencentBlock/v2/1M/tencentBlock_11846.oracleGeneral.zst
tencentBlock_v2_1M	https://ftp.pdl.cmu.edu/pub/datasets/twemcacheWorkload/cacheDatasets/tencentBlock/v2/1M/tencentBlock_11853.oracleGeneral.zst
tencentBlock_v2_1M	https://ftp.pdl.cmu.edu/pub/datasets/twemcacheWorkload/cacheDatasets/tencentBlock/v2/1M/tencentBlock_11858.oracleGeneral.zst
tencentBlock_v2_1M	https://ftp.pdl.cmu.edu/pub/datasets/twemcacheWorkload/cacheDatasets/tencentBlock/v2/1M/tencentBlock_11867.oracleGeneral.zst
tencentBlock_v2_1M	https://ftp.pdl.cmu.edu/pub/datasets/twemcacheWorkload/cacheDatasets/tencentBlock/v2/1M/tencentBlock_11877.oracleGeneral.zst
tencentBlock_v2_1M	https://ftp.pdl.cmu.edu/pub/datasets/twemcacheWorkload/cacheDatasets/tencentBlock/v2/1M/tencentBlock_11885.oracleGeneral.zst
tencentBlock_v2_1M	https://ftp.pdl.cmu.edu/pub/datasets/twemcacheWorkload/cacheDatasets/tencentBlock/v2/1M/tencentBlock_11904.oracleGeneral.zst
tencentBlock_v2_1M	https://ftp.pdl.cmu.edu/pub/datasets/twemcacheWorkload/cacheDatasets/tencentBlock/v2/1M/tencentBlock_11906.oracleGeneral.zst
tencentBlock_v2_1M	https://ftp.pdl.cmu.edu/pub/datasets/twemcacheWorkload/cacheDatasets/tencentBlock/v2/1M/tencentBlock_1191.oracleGeneral.zst
tencentBlock_v2_1M	https://ftp.pdl.cmu.edu/pub/datasets/twemcacheWorkload/cacheDatasets/tencentBlock/v2/1M/tencentBlock_11915.oracleGeneral.zst
tencentBlock_v2_1M	https://ftp.pdl.cmu.edu/pub/datasets/twemcacheWorkload/cacheDatasets/tencentBlock/v2/1M/tencentBlock_11924.oracleGeneral.zst
tencentBlock_v2_1M	https://ftp.pdl.cmu.edu/pub/datasets/twemcacheWorkload/cacheDatasets/tencentBlock/v2/1M/tencentBlock_11930.oracleGeneral.zst
tencentBlock_v2_1M	https://ftp.pdl.cmu.edu/pub/datasets/twemcacheWorkload/cacheDatasets/tencentBlock/v2/1M/tencentBlock_11937.oracleGeneral.zst
tencentBlock_v2_1M	https://ftp.pdl.cmu.edu/pub/datasets/twemcacheWorkload/cacheDatasets/tencentBlock/v2/1M/tencentBlock_1194.oracleGeneral.zst
tencentBlock_v2_1M	https://ftp.pdl.cmu.edu/pub/datasets/twemcacheWorkload/cacheDatasets/tencentBlock/v2/1M/tencentBlock_11945.oracleGeneral.zst
tencentBlock_v2_1M	https://ftp.pdl.cmu.edu/pub/datasets/twemcacheWorkload/cacheDatasets/tencentBlock/v2/1M/tencentBlock_11968.oracleGeneral.zst
tencentBlock_v2_1M	https://ftp.pdl.cmu.edu/pub/datasets/twemcacheWorkload/cacheDatasets/tencentBlock/v2/1M/tencentBlock_11974.oracleGeneral.zst
tencentBlock_v2_1M	https://ftp.pdl.cmu.edu/pub/datasets/twemcacheWorkload/cacheDatasets/tencentBlock/v2/1M/tencentBlock_11977.oracleGeneral.zst
tencentBlock_v2_1M	https://ftp.pdl.cmu.edu/pub/datasets/twemcacheWorkload/cacheDatasets/tencentBlock/v2/1M/tencentBlock_11988.oracleGeneral.zst
tencentBlock_v2_1M	https://ftp.pdl.cmu.edu/pub/datasets/twemcacheWorkload/cacheDatasets/tencentBlock/v2/1M/tencentBlock_12006.oracleGeneral.zst
tencentBlock_v2_1M	https://ftp.pdl.cmu.edu/pub/datasets/twemcacheWorkload/cacheDatasets/tencentBlock/v2/1M/tencentBlock_12009.oracleGeneral.zst
tencentBlock_v2_1M	https://ftp.pdl.cmu.edu/pub/datasets/twemcacheWorkload/cacheDatasets/tencentBlock/v2/1M/tencentBlock_1201.oracleGeneral.zst
tencentBlock_v2_1M	https://ftp.pdl.cmu.edu/pub/datasets/twemcacheWorkload/cacheDatasets/tencentBlock/v2/1M/tencentBlock_12012.oracleGeneral.zst
tencentBlock_v2_1M	https://ftp.pdl.cmu.edu/pub/datasets/twemcacheWorkload/cacheDatasets/tencentBlock/v2/1M/tencentBlock_12019.oracleGeneral.zst
tencentBlock_v2_1M	https://ftp.pdl.cmu.edu/pub/datasets/twemcacheWorkload/cacheDatasets/tencentBlock/v2/1M/tencentBlock_12022.oracleGeneral.zst
tencentBlock_v2_1M	https://ftp.pdl.cmu.edu/pub/datasets/twemcacheWorkload/cacheDatasets/tencentBlock/v2/1M/tencentBlock_12026.oracleGeneral.zst
tencentBlock_v2_1M	https://ftp.pdl.cmu.edu/pub/datasets/twemcacheWorkload/cacheDatasets/tencentBlock/v2/1M/tencentBlock_12043.oracleGeneral.zst
tencentBlock_v2_1M	https://ftp.pdl.cmu.edu/pub/datasets/twemcacheWorkload/cacheDatasets/tencentBlock/v2/1M/tencentBlock_12052.oracleGeneral.zst
tencentBlock_v2_1M	https://ftp.pdl.cmu.edu/pub/datasets/twemcacheWorkload/cacheDatasets/tencentBlock/v2/1M/tencentBlock_12058.oracleGeneral.zst
tencentBlock_v2_1M	https://ftp.pdl.cmu.edu/pub/datasets/twemcacheWorkload/cacheDatasets/tencentBlock/v2/1M/tencentBlock_12060.oracleGeneral.zst
tencentBlock_v2_1M	https://ftp.pdl.cmu.edu/pub/datasets/twemcacheWorkload/cacheDatasets/tencentBlock/v2/1M/tencentBlock_12069.oracleGeneral.zst
tencentBlock_v2_1M	https://ftp.pdl.cmu.edu/pub/datasets/twemcacheWorkload/cacheDatasets/tencentBlock/v2/1M/tencentBlock_12074.oracleGeneral.zst
tencentBlock_v2_1M	https://ftp.pdl.cmu.edu/pub/datasets/twemcacheWorkload/cacheDatasets/tencentBlock/v2/1M/tencentBlock_12080.oracleGeneral.zst
tencentBlock_v2_1M	https://ftp.pdl.cmu.edu/pub/datasets/twemcacheWorkload/cacheDatasets/tencentBlock/v2/1M/tencentBlock_12093.oracleGeneral.zst
tencentBlock_v2_1M	https://ftp.pdl.cmu.edu/pub/datasets/twemcacheWorkload/cacheDatasets/tencentBlock/v2/1M/tencentBlock_12099.oracleGeneral.zst
tencentBlock_v2_1M	https://ftp.pdl.cmu.edu/pub/datasets/twemcacheWorkload/cacheDatasets/tencentBlock/v2/1M/tencentBlock_12100.oracleGeneral.zst
tencentBlock_v2_1M	https://ftp.pdl.cmu.edu/pub/datasets/twemcacheWorkload/cacheDatasets/tencentBlock/v2/1M/tencentBlock_12123.oracleGeneral.zst
tencentBlock_v2_1M	https://ftp.pdl.cmu.edu/pub/datasets/twemcacheWorkload/cacheDatasets/tencentBlock/v2/1M/tencentBlock_12167.oracleGeneral.zst
tencentBlock_v2_1M	https://ftp.pdl.cmu.edu/pub/datasets/twemcacheWorkload/cacheDatasets/tencentBlock/v2/1M/tencentBlock_12181.oracleGeneral.zst
tencentBlock_v2_1M	https://ftp.pdl.cmu.edu/pub/datasets/twemcacheWorkload/cacheDatasets/tencentBlock/v2/1M/tencentBlock_12197.oracleGeneral.zst
tencentBlock_v2_1M	https://ftp.pdl.cmu.edu/pub/datasets/twemcacheWorkload/cacheDatasets/tencentBlock/v2/1M/tencentBlock_1223.oracleGeneral.zst
tencentBlock_v2_1M	https://ftp.pdl.cmu.edu/pub/datasets/twemcacheWorkload/cacheDatasets/tencentBlock/v2/1M/tencentBlock_12232.oracleGeneral.zst
tencentBlock_v2_1M	https://ftp.pdl.cmu.edu/pub/datasets/twemcacheWorkload/cacheDatasets/tencentBlock/v2/1M/tencentBlock_12238.oracleGeneral.zst
tencentBlock_v2_1M	https://ftp.pdl.cmu.edu/pub/datasets/twemcacheWorkload/cacheDatasets/tencentBlock/v2/1M/tencentBlock_12242.oracleGeneral.zst
tencentBlock_v2_1M	https://ftp.pdl.cmu.edu/pub/datasets/twemcacheWorkload/cacheDatasets/tencentBlock/v2/1M/tencentBlock_12257.oracleGeneral.zst
tencentBlock_v2_1M	https://ftp.pdl.cmu.edu/pub/datasets/twemcacheWorkload/cacheDatasets/tencentBlock/v2/1M/tencentBlock_12264.oracleGeneral.zst
tencentBlock_v2_1M	https://ftp.pdl.cmu.edu/pub/datasets/twemcacheWorkload/cacheDatasets/tencentBlock/v2/1M/tencentBlock_12271.oracleGeneral.zst
tencentBlock_v2_1M	https://ftp.pdl.cmu.edu/pub/datasets/twemcacheWorkload/cacheDatasets/tencentBlock/v2/1M/tencentBlock_12277.oracleGeneral.zst
tencentBlock_v2_1M	https://ftp.pdl.cmu.edu/pub/datasets/twemcacheWorkload/cacheDatasets/tencentBlock/v2/1M/tencentBlock_12281.oracleGeneral.zst
tencentBlock_v2_1M	https://ftp.pdl.cmu.edu/pub/datasets/twemcacheWorkload/cacheDatasets/tencentBlock/v2/1M/tencentBlock_12287.oracleGeneral.zst
tencentBlock_v2_1M	https://ftp.pdl.cmu.edu/pub/datasets/twemcacheWorkload/cacheDatasets/tencentBlock/v2/1M/tencentBlock_12296.oracleGeneral.zst
tencentBlock_v2_1M	https://ftp.pdl.cmu.edu/pub/datasets/twemcacheWorkload/cacheDatasets/tencentBlock/v2/1M/tencentBlock_12309.oracleGeneral.zst
tencentBlock_v2_1M	https://ftp.pdl.cmu.edu/pub/datasets/twemcacheWorkload/cacheDatasets/tencentBlock/v2/1M/tencentBlock_12311.oracleGeneral.zst
tencentBlock_v2_1M	https://ftp.pdl.cmu.edu/pub/datasets/twemcacheWorkload/cacheDatasets/tencentBlock/v2/1M/tencentBlock_12313.oracleGeneral.zst
tencentBlock_v2_1M	https://ftp.pdl.cmu.edu/pub/datasets/twemcacheWorkload/cacheDatasets/tencentBlock/v2/1M/tencentBlock_12323.oracleGeneral.zst
tencentBlock_v2_1M	https://ftp.pdl.cmu.edu/pub/datasets/twemcacheWorkload/cacheDatasets/tencentBlock/v2/1M/tencentBlock_12337.oracleGeneral.zst
tencentBlock_v2_1M	https://ftp.pdl.cmu.edu/pub/datasets/twemcacheWorkload/cacheDatasets/tencentBlock/v2/1M/tencentBlock_12343.oracleGeneral.zst
tencentBlock_v2_1M	https://ftp.pdl.cmu.edu/pub/datasets/twemcacheWorkload/cacheDatasets/tencentBlock/v2/1M/tencentBlock_12346.oracleGeneral.zst
tencentBlock_v2_1M	https://ftp.pdl.cmu.edu/pub/datasets/twemcacheWorkload/cacheDatasets/tencentBlock/v2/1M/tencentBlock_12351.oracleGeneral.zst
tencentBlock_v2_1M	https://ftp.pdl.cmu.edu/pub/datasets/twemcacheWorkload/cacheDatasets/tencentBlock/v2/1M/tencentBlock_12358.oracleGeneral.zst
tencentBlock_v2_1M	https://ftp.pdl.cmu.edu/pub/datasets/twemcacheWorkload/cacheDatasets/tencentBlock/v2/1M/tencentBlock_1236.oracleGeneral.zst
tencentBlock_v2_1M	https://ftp.pdl.cmu.edu/pub/datasets/twemcacheWorkload/cacheDatasets/tencentBlock/v2/1M/tencentBlock_12374.oracleGeneral.zst
tencentBlock_v2_1M	https://ftp.pdl.cmu.edu/pub/datasets/twemcacheWorkload/cacheDatasets/tencentBlock/v2/1M/tencentBlock_12375.oracleGeneral.zst
tencentBlock_v2_1M	https://ftp.pdl.cmu.edu/pub/datasets/twemcacheWorkload/cacheDatasets/tencentBlock/v2/1M/tencentBlock_12384.oracleGeneral.zst
tencentBlock_v2_1M	https://ftp.pdl.cmu.edu/pub/datasets/twemcacheWorkload/cacheDatasets/tencentBlock/v2/1M/tencentBlock_12390.oracleGeneral.zst
tencentBlock_v2_1M	https://ftp.pdl.cmu.edu/pub/datasets/twemcacheWorkload/cacheDatasets/tencentBlock/v2/1M/tencentBlock_12393.oracleGeneral.zst
tencentBlock_v2_1M	https://ftp.pdl.cmu.edu/pub/datasets/twemcacheWorkload/cacheDatasets/tencentBlock/v2/1M/tencentBlock_12402.oracleGeneral.zst
tencentBlock_v2_1M	https://ftp.pdl.cmu.edu/pub/datasets/twemcacheWorkload/cacheDatasets/tencentBlock/v2/1M/tencentBlock_12412.oracleGeneral.zst
tencentBlock_v2_1M	https://ftp.pdl.cmu.edu/pub/datasets/twemcacheWorkload/cacheDatasets/tencentBlock/v2/1M/tencentBlock_12422.oracleGeneral.zst
tencentBlock_v2_1M	https://ftp.pdl.cmu.edu/pub/datasets/twemcacheWorkload/cacheDatasets/tencentBlock/v2/1M/tencentBlock_12437.oracleGeneral.zst
tencentBlock_v2_1M	https://ftp.pdl.cmu.edu/pub/datasets/twemcacheWorkload/cacheDatasets/tencentBlock/v2/1M/tencentBlock_12466.oracleGeneral.zst
tencentBlock_v2_1M	https://ftp.pdl.cmu.edu/pub/datasets/twemcacheWorkload/cacheDatasets/tencentBlock/v2/1M/tencentBlock_12474.oracleGeneral.zst
tencentBlock_v2_1M	https://ftp.pdl.cmu.edu/pub/datasets/twemcacheWorkload/cacheDatasets/tencentBlock/v2/1M/tencentBlock_12481.oracleGeneral.zst
tencentBlock_v2_1M	https://ftp.pdl.cmu.edu/pub/datasets/twemcacheWorkload/cacheDatasets/tencentBlock/v2/1M/tencentBlock_12485.oracleGeneral.zst
tencentBlock_v2_1M	https://ftp.pdl.cmu.edu/pub/datasets/twemcacheWorkload/cacheDatasets/tencentBlock/v2/1M/tencentBlock_12488.oracleGeneral.zst
tencentBlock_v2_1M	https://ftp.pdl.cmu.edu/pub/datasets/twemcacheWorkload/cacheDatasets/tencentBlock/v2/1M/tencentBlock_12495.oracleGeneral.zst
tencentBlock_v2_1M	https://ftp.pdl.cmu.edu/pub/datasets/twemcacheWorkload/cacheDatasets/tencentBlock/v2/1M/tencentBlock_12502.oracleGeneral.zst
tencentBlock_v2_1M	https://ftp.pdl.cmu.edu/pub/datasets/twemcacheWorkload/cacheDatasets/tencentBlock/v2/1M/tencentBlock_12514.oracleGeneral.zst
tencentBlock_v2_1M	https://ftp.pdl.cmu.edu/pub/datasets/twemcacheWorkload/cacheDatasets/tencentBlock/v2/1M/tencentBlock_12518.oracleGeneral.zst
tencentBlock_v2_1M	https://ftp.pdl.cmu.edu/pub/datasets/twemcacheWorkload/cacheDatasets/tencentBlock/v2/1M/tencentBlock_12519.oracleGeneral.zst
tencentBlock_v2_1M	https://ftp.pdl.cmu.edu/pub/datasets/twemcacheWorkload/cacheDatasets/tencentBlock/v2/1M/tencentBlock_1252.oracleGeneral.zst
tencentBlock_v2_1M	https://ftp.pdl.cmu.edu/pub/datasets/twemcacheWorkload/cacheDatasets/tencentBlock/v2/1M/tencentBlock_12525.oracleGeneral.zst
tencentBlock_v2_1M	https://ftp.pdl.cmu.edu/pub/datasets/twemcacheWorkload/cacheDatasets/tencentBlock/v2/1M/tencentBlock_12533.oracleGeneral.zst
tencentBlock_v2_1M	https://ftp.pdl.cmu.edu/pub/datasets/twemcacheWorkload/cacheDatasets/tencentBlock/v2/1M/tencentBlock_12538.oracleGeneral.zst
tencentBlock_v2_1M	https://ftp.pdl.cmu.edu/pub/datasets/twemcacheWorkload/cacheDatasets/tencentBlock/v2/1M/tencentBlock_12543.oracleGeneral.zst
tencentBlock_v2_1M	https://ftp.pdl.cmu.edu/pub/datasets/twemcacheWorkload/cacheDatasets/tencentBlock/v2/1M/tencentBlock_12548.oracleGeneral.zst
tencentBlock_v2_1M	https://ftp.pdl.cmu.edu/pub/datasets/twemcacheWorkload/cacheDatasets/tencentBlock/v2/1M/tencentBlock_12566.oracleGeneral.zst
tencentBlock_v2_1M	https://ftp.pdl.cmu.edu/pub/datasets/twemcacheWorkload/cacheDatasets/tencentBlock/v2/1M/tencentBlock_12568.oracleGeneral.zst
tencentBlock_v2_1M	https://ftp.pdl.cmu.edu/pub/datasets/twemcacheWorkload/cacheDatasets/tencentBlock/v2/1M/tencentBlock_12588.oracleGeneral.zst
tencentBlock_v2_1M	https://ftp.pdl.cmu.edu/pub/datasets/twemcacheWorkload/cacheDatasets/tencentBlock/v2/1M/tencentBlock_12594.oracleGeneral.zst
tencentBlock_v2_1M	https://ftp.pdl.cmu.edu/pub/datasets/twemcacheWorkload/cacheDatasets/tencentBlock/v2/1M/tencentBlock_12600.oracleGeneral.zst
tencentBlock_v2_1M	https://ftp.pdl.cmu.edu/pub/datasets/twemcacheWorkload/cacheDatasets/tencentBlock/v2/1M/tencentBlock_12603.oracleGeneral.zst
tencentBlock_v2_1M	https://ftp.pdl.cmu.edu/pub/datasets/twemcacheWorkload/cacheDatasets/tencentBlock/v2/1M/tencentBlock_1261.oracleGeneral.zst
tencentBlock_v2_1M	https://ftp.pdl.cmu.edu/pub/datasets/twemcacheWorkload/cacheDatasets/tencentBlock/v2/1M/tencentBlock_12611.oracleGeneral.zst
tencentBlock_v2_1M	https://ftp.pdl.cmu.edu/pub/datasets/twemcacheWorkload/cacheDatasets/tencentBlock/v2/1M/tencentBlock_12612.oracleGeneral.zst
tencentBlock_v2_1M	https://ftp.pdl.cmu.edu/pub/datasets/twemcacheWorkload/cacheDatasets/tencentBlock/v2/1M/tencentBlock_12613.oracleGeneral.zst
tencentBlock_v2_1M	https://ftp.pdl.cmu.edu/pub/datasets/twemcacheWorkload/cacheDatasets/tencentBlock/v2/1M/tencentBlock_12619.oracleGeneral.zst
tencentBlock_v2_1M	https://ftp.pdl.cmu.edu/pub/datasets/twemcacheWorkload/cacheDatasets/tencentBlock/v2/1M/tencentBlock_12623.oracleGeneral.zst
tencentBlock_v2_1M	https://ftp.pdl.cmu.edu/pub/datasets/twemcacheWorkload/cacheDatasets/tencentBlock/v2/1M/tencentBlock_12630.oracleGeneral.zst
tencentBlock_v2_1M	https://ftp.pdl.cmu.edu/pub/datasets/twemcacheWorkload/cacheDatasets/tencentBlock/v2/1M/tencentBlock_12637.oracleGeneral.zst
tencentBlock_v2_1M	https://ftp.pdl.cmu.edu/pub/datasets/twemcacheWorkload/cacheDatasets/tencentBlock/v2/1M/tencentBlock_12651.oracleGeneral.zst
tencentBlock_v2_1M	https://ftp.pdl.cmu.edu/pub/datasets/twemcacheWorkload/cacheDatasets/tencentBlock/v2/1M/tencentBlock_12662.oracleGeneral.zst
tencentBlock_v2_1M	https://ftp.pdl.cmu.edu/pub/datasets/twemcacheWorkload/cacheDatasets/tencentBlock/v2/1M/tencentBlock_12670.oracleGeneral.zst
tencentBlock_v2_1M	https://ftp.pdl.cmu.edu/pub/datasets/twemcacheWorkload/cacheDatasets/tencentBlock/v2/1M/tencentBlock_12674.oracleGeneral.zst
tencentBlock_v2_1M	https://ftp.pdl.cmu.edu/pub/datasets/twemcacheWorkload/cacheDatasets/tencentBlock/v2/1M/tencentBlock_1268.oracleGeneral.zst
tencentBlock_v2_1M	https://ftp.pdl.cmu.edu/pub/datasets/twemcacheWorkload/cacheDatasets/tencentBlock/v2/1M/tencentBlock_12683.oracleGeneral.zst
tencentBlock_v2_1M	https://ftp.pdl.cmu.edu/pub/datasets/twemcacheWorkload/cacheDatasets/tencentBlock/v2/1M/tencentBlock_12694.oracleGeneral.zst
tencentBlock_v2_1M	https://ftp.pdl.cmu.edu/pub/datasets/twemcacheWorkload/cacheDatasets/tencentBlock/v2/1M/tencentBlock_12695.oracleGeneral.zst
tencentBlock_v2_1M	https://ftp.pdl.cmu.edu/pub/datasets/twemcacheWorkload/cacheDatasets/tencentBlock/v2/1M/tencentBlock_12696.oracleGeneral.zst
tencentBlock_v2_1M	https://ftp.pdl.cmu.edu/pub/datasets/twemcacheWorkload/cacheDatasets/tencentBlock/v2/1M/tencentBlock_12700.oracleGeneral.zst
tencentBlock_v2_1M	https://ftp.pdl.cmu.edu/pub/datasets/twemcacheWorkload/cacheDatasets/tencentBlock/v2/1M/tencentBlock_12707.oracleGeneral.zst
tencentBlock_v2_1M	https://ftp.pdl.cmu.edu/pub/datasets/twemcacheWorkload/cacheDatasets/tencentBlock/v2/1M/tencentBlock_12708.oracleGeneral.zst
tencentBlock_v2_1M	https://ftp.pdl.cmu.edu/pub/datasets/twemcacheWorkload/cacheDatasets/tencentBlock/v2/1M/tencentBlock_12709.oracleGeneral.zst
tencentBlock_v2_1M	https://ftp.pdl.cmu.edu/pub/datasets/twemcacheWorkload/cacheDatasets/tencentBlock/v2/1M/tencentBlock_12710.oracleGeneral.zst
tencentBlock_v2_1M	https://ftp.pdl.cmu.edu/pub/datasets/twemcacheWorkload/cacheDatasets/tencentBlock/v2/1M/tencentBlock_12715.oracleGeneral.zst
tencentBlock_v2_1M	https://ftp.pdl.cmu.edu/pub/datasets/twemcacheWorkload/cacheDatasets/tencentBlock/v2/1M/tencentBlock_12734.oracleGeneral.zst
tencentBlock_v2_1M	https://ftp.pdl.cmu.edu/pub/datasets/twemcacheWorkload/cacheDatasets/tencentBlock/v2/1M/tencentBlock_12753.oracleGeneral.zst
tencentBlock_v2_1M	https://ftp.pdl.cmu.edu/pub/datasets/twemcacheWorkload/cacheDatasets/tencentBlock/v2/1M/tencentBlock_12760.oracleGeneral.zst
tencentBlock_v2_1M	https://ftp.pdl.cmu.edu/pub/datasets/twemcacheWorkload/cacheDatasets/tencentBlock/v2/1M/tencentBlock_12768.oracleGeneral.zst
tencentBlock_v2_1M	https://ftp.pdl.cmu.edu/pub/datasets/twemcacheWorkload/cacheDatasets/tencentBlock/v2/1M/tencentBlock_12771.oracleGeneral.zst
tencentBlock_v2_1M	https://ftp.pdl.cmu.edu/pub/datasets/twemcacheWorkload/cacheDatasets/tencentBlock/v2/1M/tencentBlock_12778.oracleGeneral.zst
tencentBlock_v2_1M	https://ftp.pdl.cmu.edu/pub/datasets/twemcacheWorkload/cacheDatasets/tencentBlock/v2/1M/tencentBlock_12792.oracleGeneral.zst
tencentBlock_v2_1M	https://ftp.pdl.cmu.edu/pub/datasets/twemcacheWorkload/cacheDatasets/tencentBlock/v2/1M/tencentBlock_12796.oracleGeneral.zst
tencentBlock_v2_1M	https://ftp.pdl.cmu.edu/pub/datasets/twemcacheWorkload/cacheDatasets/tencentBlock/v2/1M/tencentBlock_12799.oracleGeneral.zst
tencentBlock_v2_1M	https://ftp.pdl.cmu.edu/pub/datasets/twemcacheWorkload/cacheDatasets/tencentBlock/v2/1M/tencentBlock_12802.oracleGeneral.zst
tencentBlock_v2_1M	https://ftp.pdl.cmu.edu/pub/datasets/twemcacheWorkload/cacheDatasets/tencentBlock/v2/1M/tencentBlock_12803.oracleGeneral.zst
tencentBlock_v2_1M	https://ftp.pdl.cmu.edu/pub/datasets/twemcacheWorkload/cacheDatasets/tencentBlock/v2/1M/tencentBlock_12804.oracleGeneral.zst
tencentBlock_v2_1M	https://ftp.pdl.cmu.edu/pub/datasets/twemcacheWorkload/cacheDatasets/tencentBlock/v2/1M/tencentBlock_12806.oracleGeneral.zst
tencentBlock_v2_1M	https://ftp.pdl.cmu.edu/pub/datasets/twemcacheWorkload/cacheDatasets/tencentBlock/v2/1M/tencentBlock_12811.oracleGeneral.zst
tencentBlock_v2_1M	https://ftp.pdl.cmu.edu/pub/datasets/twemcacheWorkload/cacheDatasets/tencentBlock/v2/1M/tencentBlock_12812.oracleGeneral.zst
tencentBlock_v2_1M	https://ftp.pdl.cmu.edu/pub/datasets/twemcacheWorkload/cacheDatasets/tencentBlock/v2/1M/tencentBlock_1282.oracleGeneral.zst
tencentBlock_v2_1M	https://ftp.pdl.cmu.edu/pub/datasets/twemcacheWorkload/cacheDatasets/tencentBlock/v2/1M/tencentBlock_12820.oracleGeneral.zst
tencentBlock_v2_1M	https://ftp.pdl.cmu.edu/pub/datasets/twemcacheWorkload/cacheDatasets/tencentBlock/v2/1M/tencentBlock_12823.oracleGeneral.zst
tencentBlock_v2_1M	https://ftp.pdl.cmu.edu/pub/datasets/twemcacheWorkload/cacheDatasets/tencentBlock/v2/1M/tencentBlock_12825.oracleGeneral.zst
tencentBlock_v2_1M	https://ftp.pdl.cmu.edu/pub/datasets/twemcacheWorkload/cacheDatasets/tencentBlock/v2/1M/tencentBlock_12833.oracleGeneral.zst
tencentBlock_v2_1M	https://ftp.pdl.cmu.edu/pub/datasets/twemcacheWorkload/cacheDatasets/tencentBlock/v2/1M/tencentBlock_12838.oracleGeneral.zst
tencentBlock_v2_1M	https://ftp.pdl.cmu.edu/pub/datasets/twemcacheWorkload/cacheDatasets/tencentBlock/v2/1M/tencentBlock_12842.oracleGeneral.zst
tencentBlock_v2_1M	https://ftp.pdl.cmu.edu/pub/datasets/twemcacheWorkload/cacheDatasets/tencentBlock/v2/1M/tencentBlock_12851.oracleGeneral.zst
tencentBlock_v2_1M	https://ftp.pdl.cmu.edu/pub/datasets/twemcacheWorkload/cacheDatasets/tencentBlock/v2/1M/tencentBlock_12852.oracleGeneral.zst
tencentBlock_v2_1M	https://ftp.pdl.cmu.edu/pub/datasets/twemcacheWorkload/cacheDatasets/tencentBlock/v2/1M/tencentBlock_1286.oracleGeneral.zst
tencentBlock_v2_1M	https://ftp.pdl.cmu.edu/pub/datasets/twemcacheWorkload/cacheDatasets/tencentBlock/v2/1M/tencentBlock_12861.oracleGeneral.zst
tencentBlock_v2_1M	https://ftp.pdl.cmu.edu/pub/datasets/twemcacheWorkload/cacheDatasets/tencentBlock/v2/1M/tencentBlock_12869.oracleGeneral.zst
tencentBlock_v2_1M	https://ftp.pdl.cmu.edu/pub/datasets/twemcacheWorkload/cacheDatasets/tencentBlock/v2/1M/tencentBlock_12872.oracleGeneral.zst
tencentBlock_v2_1M	https://ftp.pdl.cmu.edu/pub/datasets/twemcacheWorkload/cacheDatasets/tencentBlock/v2/1M/tencentBlock_12875.oracleGeneral.zst
tencentBlock_v2_1M	https://ftp.pdl.cmu.edu/pub/datasets/twemcacheWorkload/cacheDatasets/tencentBlock/v2/1M/tencentBlock_12883.oracleGeneral.zst
tencentBlock_v2_1M	https://ftp.pdl.cmu.edu/pub/datasets/twemcacheWorkload/cacheDatasets/tencentBlock/v2/1M/tencentBlock_12899.oracleGeneral.zst
tencentBlock_v2_1M	https://ftp.pdl.cmu.edu/pub/datasets/twemcacheWorkload/cacheDatasets/tencentBlock/v2/1M/tencentBlock_12916.oracleGeneral.zst
tencentBlock_v2_1M	https://ftp.pdl.cmu.edu/pub/datasets/twemcacheWorkload/cacheDatasets/tencentBlock/v2/1M/tencentBlock_12919.oracleGeneral.zst
tencentBlock_v2_1M	https://ftp.pdl.cmu.edu/pub/datasets/twemcacheWorkload/cacheDatasets/tencentBlock/v2/1M/tencentBlock_12931.oracleGeneral.zst
tencentBlock_v2_1M	https://ftp.pdl.cmu.edu/pub/datasets/twemcacheWorkload/cacheDatasets/tencentBlock/v2/1M/tencentBlock_12939.oracleGeneral.zst
tencentBlock_v2_1M	https://ftp.pdl.cmu.edu/pub/datasets/twemcacheWorkload/cacheDatasets/tencentBlock/v2/1M/tencentBlock_12945.oracleGeneral.zst
tencentBlock_v2_1M	https://ftp.pdl.cmu.edu/pub/datasets/twemcacheWorkload/cacheDatasets/tencentBlock/v2/1M/tencentBlock_12954.oracleGeneral.zst
tencentBlock_v2_1M	https://ftp.pdl.cmu.edu/pub/datasets/twemcacheWorkload/cacheDatasets/tencentBlock/v2/1M/tencentBlock_12956.oracleGeneral.zst
tencentBlock_v2_1M	https://ftp.pdl.cmu.edu/pub/datasets/twemcacheWorkload/cacheDatasets/tencentBlock/v2/1M/tencentBlock_1296.oracleGeneral.zst
tencentBlock_v2_1M	https://ftp.pdl.cmu.edu/pub/datasets/twemcacheWorkload/cacheDatasets/tencentBlock/v2/1M/tencentBlock_12964.oracleGeneral.zst
tencentBlock_v2_1M	https://ftp.pdl.cmu.edu/pub/datasets/twemcacheWorkload/cacheDatasets/tencentBlock/v2/1M/tencentBlock_12972.oracleGeneral.zst
tencentBlock_v2_1M	https://ftp.pdl.cmu.edu/pub/datasets/twemcacheWorkload/cacheDatasets/tencentBlock/v2/1M/tencentBlock_12976.oracleGeneral.zst
tencentBlock_v2_1M	https://ftp.pdl.cmu.edu/pub/datasets/twemcacheWorkload/cacheDatasets/tencentBlock/v2/1M/tencentBlock_12985.oracleGeneral.zst
tencentBlock_v2_1M	https://ftp.pdl.cmu.edu/pub/datasets/twemcacheWorkload/cacheDatasets/tencentBlock/v2/1M/tencentBlock_12999.oracleGeneral.zst
tencentBlock_v2_1M	https://ftp.pdl.cmu.edu/pub/datasets/twemcacheWorkload/cacheDatasets/tencentBlock/v2/1M/tencentBlock_13007.oracleGeneral.zst
tencentBlock_v2_1M	https://ftp.pdl.cmu.edu/pub/datasets/twemcacheWorkload/cacheDatasets/tencentBlock/v2/1M/tencentBlock_13011.oracleGeneral.zst
tencentBlock_v2_1M	https://ftp.pdl.cmu.edu/pub/datasets/twemcacheWorkload/cacheDatasets/tencentBlock/v2/1M/tencentBlock_13016.oracleGeneral.zst
tencentBlock_v2_1M	https://ftp.pdl.cmu.edu/pub/datasets/twemcacheWorkload/cacheDatasets/tencentBlock/v2/1M/tencentBlock_13021.oracleGeneral.zst
tencentBlock_v2_1M	https://ftp.pdl.cmu.edu/pub/datasets/twemcacheWorkload/cacheDatasets/tencentBlock/v2/1M/tencentBlock_13024.oracleGeneral.zst
tencentBlock_v2_1M	https://ftp.pdl.cmu.edu/pub/datasets/twemcacheWorkload/cacheDatasets/tencentBlock/v2/1M/tencentBlock_1304.oracleGeneral.zst
tencentBlock_v2_1M	https://ftp.pdl.cmu.edu/pub/datasets/twemcacheWorkload/cacheDatasets/tencentBlock/v2/1M/tencentBlock_13046.oracleGeneral.zst
tencentBlock_v2_1M	https://ftp.pdl.cmu.edu/pub/datasets/twemcacheWorkload/cacheDatasets/tencentBlock/v2/1M/tencentBlock_13052.oracleGeneral.zst
tencentBlock_v2_1M	https://ftp.pdl.cmu.edu/pub/datasets/twemcacheWorkload/cacheDatasets/tencentBlock/v2/1M/tencentBlock_13054.oracleGeneral.zst
tencentBlock_v2_1M	https://ftp.pdl.cmu.edu/pub/datasets/twemcacheWorkload/cacheDatasets/tencentBlock/v2/1M/tencentBlock_13061.oracleGeneral.zst
tencentBlock_v2_1M	https://ftp.pdl.cmu.edu/pub/datasets/twemcacheWorkload/cacheDatasets/tencentBlock/v2/1M/tencentBlock_13068.oracleGeneral.zst
tencentBlock_v2_1M	https://ftp.pdl.cmu.edu/pub/datasets/twemcacheWorkload/cacheDatasets/tencentBlock/v2/1M/tencentBlock_13069.oracleGeneral.zst
tencentBlock_v2_1M	https://ftp.pdl.cmu.edu/pub/datasets/twemcacheWorkload/cacheDatasets/tencentBlock/v2/1M/tencentBlock_13071.oracleGeneral.zst
tencentBlock_v2_1M	https://ftp.pdl.cmu.edu/pub/datasets/twemcacheWorkload/cacheDatasets/tencentBlock/v2/1M/tencentBlock_13076.oracleGeneral.zst
tencentBlock_v2_1M	https://ftp.pdl.cmu.edu/pub/datasets/twemcacheWorkload/cacheDatasets/tencentBlock/v2/1M/tencentBlock_1308.oracleGeneral.zst
tencentBlock_v2_1M	https://ftp.pdl.cmu.edu/pub/datasets/twemcacheWorkload/cacheDatasets/tencentBlock/v2/1M/tencentBlock_13080.oracleGeneral.zst
tencentBlock_v2_1M	https://ftp.pdl.cmu.edu/pub/datasets/twemcacheWorkload/cacheDatasets/tencentBlock/v2/1M/tencentBlock_13093.oracleGeneral.zst
tencentBlock_v2_1M	https://ftp.pdl.cmu.edu/pub/datasets/twemcacheWorkload/cacheDatasets/tencentBlock/v2/1M/tencentBlock_13095.oracleGeneral.zst
tencentBlock_v2_1M	https://ftp.pdl.cmu.edu/pub/datasets/twemcacheWorkload/cacheDatasets/tencentBlock/v2/1M/tencentBlock_13102.oracleGeneral.zst
tencentBlock_v2_1M	https://ftp.pdl.cmu.edu/pub/datasets/twemcacheWorkload/cacheDatasets/tencentBlock/v2/1M/tencentBlock_13108.oracleGeneral.zst
tencentBlock_v2_1M	https://ftp.pdl.cmu.edu/pub/datasets/twemcacheWorkload/cacheDatasets/tencentBlock/v2/1M/tencentBlock_13113.oracleGeneral.zst
tencentBlock_v2_1M	https://ftp.pdl.cmu.edu/pub/datasets/twemcacheWorkload/cacheDatasets/tencentBlock/v2/1M/tencentBlock_13122.oracleGeneral.zst
tencentBlock_v2_1M	https://ftp.pdl.cmu.edu/pub/datasets/twemcacheWorkload/cacheDatasets/tencentBlock/v2/1M/tencentBlock_13126.oracleGeneral.zst
tencentBlock_v2_1M	https://ftp.pdl.cmu.edu/pub/datasets/twemcacheWorkload/cacheDatasets/tencentBlock/v2/1M/tencentBlock_13132.oracleGeneral.zst
tencentBlock_v2_1M	https://ftp.pdl.cmu.edu/pub/datasets/twemcacheWorkload/cacheDatasets/tencentBlock/v2/1M/tencentBlock_13133.oracleGeneral.zst
tencentBlock_v2_1M	https://ftp.pdl.cmu.edu/pub/datasets/twemcacheWorkload/cacheDatasets/tencentBlock/v2/1M/tencentBlock_13138.oracleGeneral.zst
tencentBlock_v2_1M	https://ftp.pdl.cmu.edu/pub/datasets/twemcacheWorkload/cacheDatasets/tencentBlock/v2/1M/tencentBlock_13139.oracleGeneral.zst
tencentBlock_v2_1M	https://ftp.pdl.cmu.edu/pub/datasets/twemcacheWorkload/cacheDatasets/tencentBlock/v2/1M/tencentBlock_13141.oracleGeneral.zst
tencentBlock_v2_1M	https://ftp.pdl.cmu.edu/pub/datasets/twemcacheWorkload/cacheDatasets/tencentBlock/v2/1M/tencentBlock_13142.oracleGeneral.zst
tencentBlock_v2_1M	https://ftp.pdl.cmu.edu/pub/datasets/twemcacheWorkload/cacheDatasets/tencentBlock/v2/1M/tencentBlock_13146.oracleGeneral.zst
tencentBlock_v2_1M	https://ftp.pdl.cmu.edu/pub/datasets/twemcacheWorkload/cacheDatasets/tencentBlock/v2/1M/tencentBlock_13147.oracleGeneral.zst
tencentBlock_v2_1M	https://ftp.pdl.cmu.edu/pub/datasets/twemcacheWorkload/cacheDatasets/tencentBlock/v2/1M/tencentBlock_13153.oracleGeneral.zst
tencentBlock_v2_1M	https://ftp.pdl.cmu.edu/pub/datasets/twemcacheWorkload/cacheDatasets/tencentBlock/v2/1M/tencentBlock_1316.oracleGeneral.zst
tencentBlock_v2_1M	https://ftp.pdl.cmu.edu/pub/datasets/twemcacheWorkload/cacheDatasets/tencentBlock/v2/1M/tencentBlock_13167.oracleGeneral.zst
tencentBlock_v2_1M	https://ftp.pdl.cmu.edu/pub/datasets/twemcacheWorkload/cacheDatasets/tencentBlock/v2/1M/tencentBlock_13168.oracleGeneral.zst
tencentBlock_v2_1M	https://ftp.pdl.cmu.edu/pub/datasets/twemcacheWorkload/cacheDatasets/tencentBlock/v2/1M/tencentBlock_1317.oracleGeneral.zst
tencentBlock_v2_1M	https://ftp.pdl.cmu.edu/pub/datasets/twemcacheWorkload/cacheDatasets/tencentBlock/v2/1M/tencentBlock_13175.oracleGeneral.zst
tencentBlock_v2_1M	https://ftp.pdl.cmu.edu/pub/datasets/twemcacheWorkload/cacheDatasets/tencentBlock/v2/1M/tencentBlock_13183.oracleGeneral.zst
tencentBlock_v2_1M	https://ftp.pdl.cmu.edu/pub/datasets/twemcacheWorkload/cacheDatasets/tencentBlock/v2/1M/tencentBlock_13189.oracleGeneral.zst
tencentBlock_v2_1M	https://ftp.pdl.cmu.edu/pub/datasets/twemcacheWorkload/cacheDatasets/tencentBlock/v2/1M/tencentBlock_13192.oracleGeneral.zst
tencentBlock_v2_1M	https://ftp.pdl.cmu.edu/pub/datasets/twemcacheWorkload/cacheDatasets/tencentBlock/v2/1M/tencentBlock_13201.oracleGeneral.zst
tencentBlock_v2_1M	https://ftp.pdl.cmu.edu/pub/datasets/twemcacheWorkload/cacheDatasets/tencentBlock/v2/1M/tencentBlock_13203.oracleGeneral.zst
tencentBlock_v2_1M	https://ftp.pdl.cmu.edu/pub/datasets/twemcacheWorkload/cacheDatasets/tencentBlock/v2/1M/tencentBlock_13204.oracleGeneral.zst
tencentBlock_v2_1M	https://ftp.pdl.cmu.edu/pub/datasets/twemcacheWorkload/cacheDatasets/tencentBlock/v2/1M/tencentBlock_13212.oracleGeneral.zst
tencentBlock_v2_1M	https://ftp.pdl.cmu.edu/pub/datasets/twemcacheWorkload/cacheDatasets/tencentBlock/v2/1M/tencentBlock_13223.oracleGeneral.zst
tencentBlock_v2_1M	https://ftp.pdl.cmu.edu/pub/datasets/twemcacheWorkload/cacheDatasets/tencentBlock/v2/1M/tencentBlock_13230.oracleGeneral.zst
tencentBlock_v2_1M	https://ftp.pdl.cmu.edu/pub/datasets/twemcacheWorkload/cacheDatasets/tencentBlock/v2/1M/tencentBlock_13253.oracleGeneral.zst
tencentBlock_v2_1M	https://ftp.pdl.cmu.edu/pub/datasets/twemcacheWorkload/cacheDatasets/tencentBlock/v2/1M/tencentBlock_13262.oracleGeneral.zst
tencentBlock_v2_1M	https://ftp.pdl.cmu.edu/pub/datasets/twemcacheWorkload/cacheDatasets/tencentBlock/v2/1M/tencentBlock_13265.oracleGeneral.zst
tencentBlock_v2_1M	https://ftp.pdl.cmu.edu/pub/datasets/twemcacheWorkload/cacheDatasets/tencentBlock/v2/1M/tencentBlock_13270.oracleGeneral.zst
tencentBlock_v2_1M	https://ftp.pdl.cmu.edu/pub/datasets/twemcacheWorkload/cacheDatasets/tencentBlock/v2/1M/tencentBlock_13279.oracleGeneral.zst
tencentBlock_v2_1M	https://ftp.pdl.cmu.edu/pub/datasets/twemcacheWorkload/cacheDatasets/tencentBlock/v2/1M/tencentBlock_13299.oracleGeneral.zst
tencentBlock_v2_1M	https://ftp.pdl.cmu.edu/pub/datasets/twemcacheWorkload/cacheDatasets/tencentBlock/v2/1M/tencentBlock_13308.oracleGeneral.zst
tencentBlock_v2_1M	https://ftp.pdl.cmu.edu/pub/datasets/twemcacheWorkload/cacheDatasets/tencentBlock/v2/1M/tencentBlock_13312.oracleGeneral.zst
tencentBlock_v2_1M	https://ftp.pdl.cmu.edu/pub/datasets/twemcacheWorkload/cacheDatasets/tencentBlock/v2/1M/tencentBlock_13328.oracleGeneral.zst
tencentBlock_v2_1M	https://ftp.pdl.cmu.edu/pub/datasets/twemcacheWorkload/cacheDatasets/tencentBlock/v2/1M/tencentBlock_13333.oracleGeneral.zst
tencentBlock_v2_1M	https://ftp.pdl.cmu.edu/pub/datasets/twemcacheWorkload/cacheDatasets/tencentBlock/v2/1M/tencentBlock_13334.oracleGeneral.zst
tencentBlock_v2_1M	https://ftp.pdl.cmu.edu/pub/datasets/twemcacheWorkload/cacheDatasets/tencentBlock/v2/1M/tencentBlock_1335.oracleGeneral.zst
tencentBlock_v2_1M	https://ftp.pdl.cmu.edu/pub/datasets/twemcacheWorkload/cacheDatasets/tencentBlock/v2/1M/tencentBlock_13354.oracleGeneral.zst
tencentBlock_v2_1M	https://ftp.pdl.cmu.edu/pub/datasets/twemcacheWorkload/cacheDatasets/tencentBlock/v2/1M/tencentBlock_13361.oracleGeneral.zst
tencentBlock_v2_1M	https://ftp.pdl.cmu.edu/pub/datasets/twemcacheWorkload/cacheDatasets/tencentBlock/v2/1M/tencentBlock_13367.oracleGeneral.zst
tencentBlock_v2_1M	https://ftp.pdl.cmu.edu/pub/datasets/twemcacheWorkload/cacheDatasets/tencentBlock/v2/1M/tencentBlock_13368.oracleGeneral.zst
tencentBlock_v2_1M	https://ftp.pdl.cmu.edu/pub/datasets/twemcacheWorkload/cacheDatasets/tencentBlock/v2/1M/tencentBlock_13371.oracleGeneral.zst
tencentBlock_v2_1M	https://ftp.pdl.cmu.edu/pub/datasets/twemcacheWorkload/cacheDatasets/tencentBlock/v2/1M/tencentBlock_13377.oracleGeneral.zst
tencentBlock_v2_1M	https://ftp.pdl.cmu.edu/pub/datasets/twemcacheWorkload/cacheDatasets/tencentBlock/v2/1M/tencentBlock_13379.oracleGeneral.zst
tencentBlock_v2_1M	https://ftp.pdl.cmu.edu/pub/datasets/twemcacheWorkload/cacheDatasets/tencentBlock/v2/1M/tencentBlock_13386.oracleGeneral.zst
tencentBlock_v2_1M	https://ftp.pdl.cmu.edu/pub/datasets/twemcacheWorkload/cacheDatasets/tencentBlock/v2/1M/tencentBlock_13392.oracleGeneral.zst
tencentBlock_v2_1M	https://ftp.pdl.cmu.edu/pub/datasets/twemcacheWorkload/cacheDatasets/tencentBlock/v2/1M/tencentBlock_13401.oracleGeneral.zst
tencentBlock_v2_1M	https://ftp.pdl.cmu.edu/pub/datasets/twemcacheWorkload/cacheDatasets/tencentBlock/v2/1M/tencentBlock_13403.oracleGeneral.zst
tencentBlock_v2_1M	https://ftp.pdl.cmu.edu/pub/datasets/twemcacheWorkload/cacheDatasets/tencentBlock/v2/1M/tencentBlock_13414.oracleGeneral.zst
tencentBlock_v2_1M	https://ftp.pdl.cmu.edu/pub/datasets/twemcacheWorkload/cacheDatasets/tencentBlock/v2/1M/tencentBlock_1342.oracleGeneral.zst
tencentBlock_v2_1M	https://ftp.pdl.cmu.edu/pub/datasets/twemcacheWorkload/cacheDatasets/tencentBlock/v2/1M/tencentBlock_13422.oracleGeneral.zst
tencentBlock_v2_1M	https://ftp.pdl.cmu.edu/pub/datasets/twemcacheWorkload/cacheDatasets/tencentBlock/v2/1M/tencentBlock_13429.oracleGeneral.zst
tencentBlock_v2_1M	https://ftp.pdl.cmu.edu/pub/datasets/twemcacheWorkload/cacheDatasets/tencentBlock/v2/1M/tencentBlock_13433.oracleGeneral.zst
tencentBlock_v2_1M	https://ftp.pdl.cmu.edu/pub/datasets/twemcacheWorkload/cacheDatasets/tencentBlock/v2/1M/tencentBlock_13444.oracleGeneral.zst
tencentBlock_v2_1M	https://ftp.pdl.cmu.edu/pub/datasets/twemcacheWorkload/cacheDatasets/tencentBlock/v2/1M/tencentBlock_13448.oracleGeneral.zst
tencentBlock_v2_1M	https://ftp.pdl.cmu.edu/pub/datasets/twemcacheWorkload/cacheDatasets/tencentBlock/v2/1M/tencentBlock_13461.oracleGeneral.zst
tencentBlock_v2_1M	https://ftp.pdl.cmu.edu/pub/datasets/twemcacheWorkload/cacheDatasets/tencentBlock/v2/1M/tencentBlock_13464.oracleGeneral.zst
tencentBlock_v2_1M	https://ftp.pdl.cmu.edu/pub/datasets/twemcacheWorkload/cacheDatasets/tencentBlock/v2/1M/tencentBlock_13467.oracleGeneral.zst
tencentBlock_v2_1M	https://ftp.pdl.cmu.edu/pub/datasets/twemcacheWorkload/cacheDatasets/tencentBlock/v2/1M/tencentBlock_13476.oracleGeneral.zst
tencentBlock_v2_1M	https://ftp.pdl.cmu.edu/pub/datasets/twemcacheWorkload/cacheDatasets/tencentBlock/v2/1M/tencentBlock_13487.oracleGeneral.zst
tencentBlock_v2_1M	https://ftp.pdl.cmu.edu/pub/datasets/twemcacheWorkload/cacheDatasets/tencentBlock/v2/1M/tencentBlock_13492.oracleGeneral.zst
tencentBlock_v2_1M	https://ftp.pdl.cmu.edu/pub/datasets/twemcacheWorkload/cacheDatasets/tencentBlock/v2/1M/tencentBlock_13495.oracleGeneral.zst
tencentBlock_v2_1M	https://ftp.pdl.cmu.edu/pub/datasets/twemcacheWorkload/cacheDatasets/tencentBlock/v2/1M/tencentBlock_13503.oracleGeneral.zst
tencentBlock_v2_1M	https://ftp.pdl.cmu.edu/pub/datasets/twemcacheWorkload/cacheDatasets/tencentBlock/v2/1M/tencentBlock_13505.oracleGeneral.zst
tencentBlock_v2_1M	https://ftp.pdl.cmu.edu/pub/datasets/twemcacheWorkload/cacheDatasets/tencentBlock/v2/1M/tencentBlock_13518.oracleGeneral.zst
tencentBlock_v2_1M	https://ftp.pdl.cmu.edu/pub/datasets/twemcacheWorkload/cacheDatasets/tencentBlock/v2/1M/tencentBlock_13524.oracleGeneral.zst
tencentBlock_v2_1M	https://ftp.pdl.cmu.edu/pub/datasets/twemcacheWorkload/cacheDatasets/tencentBlock/v2/1M/tencentBlock_13528.oracleGeneral.zst
tencentBlock_v2_1M	https://ftp.pdl.cmu.edu/pub/datasets/twemcacheWorkload/cacheDatasets/tencentBlock/v2/1M/tencentBlock_13537.oracleGeneral.zst
tencentBlock_v2_1M	https://ftp.pdl.cmu.edu/pub/datasets/twemcacheWorkload/cacheDatasets/tencentBlock/v2/1M/tencentBlock_13544.oracleGeneral.zst
tencentBlock_v2_1M	https://ftp.pdl.cmu.edu/pub/datasets/twemcacheWorkload/cacheDatasets/tencentBlock/v2/1M/tencentBlock_13546.oracleGeneral.zst
tencentBlock_v2_1M	https://ftp.pdl.cmu.edu/pub/datasets/twemcacheWorkload/cacheDatasets/tencentBlock/v2/1M/tencentBlock_13548.oracleGeneral.zst
tencentBlock_v2_1M	https://ftp.pdl.cmu.edu/pub/datasets/twemcacheWorkload/cacheDatasets/tencentBlock/v2/1M/tencentBlock_13552.oracleGeneral.zst
tencentBlock_v2_1M	https://ftp.pdl.cmu.edu/pub/datasets/twemcacheWorkload/cacheDatasets/tencentBlock/v2/1M/tencentBlock_13557.oracleGeneral.zst
tencentBlock_v2_1M	https://ftp.pdl.cmu.edu/pub/datasets/twemcacheWorkload/cacheDatasets/tencentBlock/v2/1M/tencentBlock_13569.oracleGeneral.zst
tencentBlock_v2_1M	https://ftp.pdl.cmu.edu/pub/datasets/twemcacheWorkload/cacheDatasets/tencentBlock/v2/1M/tencentBlock_13571.oracleGeneral.zst
tencentBlock_v2_1M	https://ftp.pdl.cmu.edu/pub/datasets/twemcacheWorkload/cacheDatasets/tencentBlock/v2/1M/tencentBlock_13573.oracleGeneral.zst
tencentBlock_v2_1M	https://ftp.pdl.cmu.edu/pub/datasets/twemcacheWorkload/cacheDatasets/tencentBlock/v2/1M/tencentBlock_13578.oracleGeneral.zst
tencentBlock_v2_1M	https://ftp.pdl.cmu.edu/pub/datasets/twemcacheWorkload/cacheDatasets/tencentBlock/v2/1M/tencentBlock_13580.oracleGeneral.zst
tencentBlock_v2_1M	https://ftp.pdl.cmu.edu/pub/datasets/twemcacheWorkload/cacheDatasets/tencentBlock/v2/1M/tencentBlock_13586.oracleGeneral.zst
tencentBlock_v2_1M	https://ftp.pdl.cmu.edu/pub/datasets/twemcacheWorkload/cacheDatasets/tencentBlock/v2/1M/tencentBlock_13594.oracleGeneral.zst
tencentBlock_v2_1M	https://ftp.pdl.cmu.edu/pub/datasets/twemcacheWorkload/cacheDatasets/tencentBlock/v2/1M/tencentBlock_13595.oracleGeneral.zst
tencentBlock_v2_1M	https://ftp.pdl.cmu.edu/pub/datasets/twemcacheWorkload/cacheDatasets/tencentBlock/v2/1M/tencentBlock_13604.oracleGeneral.zst
tencentBlock_v2_1M	https://ftp.pdl.cmu.edu/pub/datasets/twemcacheWorkload/cacheDatasets/tencentBlock/v2/1M/tencentBlock_13617.oracleGeneral.zst
tencentBlock_v2_1M	https://ftp.pdl.cmu.edu/pub/datasets/twemcacheWorkload/cacheDatasets/tencentBlock/v2/1M/tencentBlock_13620.oracleGeneral.zst
tencentBlock_v2_1M	https://ftp.pdl.cmu.edu/pub/datasets/twemcacheWorkload/cacheDatasets/tencentBlock/v2/1M/tencentBlock_13635.oracleGeneral.zst
tencentBlock_v2_1M	https://ftp.pdl.cmu.edu/pub/datasets/twemcacheWorkload/cacheDatasets/tencentBlock/v2/1M/tencentBlock_13638.oracleGeneral.zst
tencentBlock_v2_1M	https://ftp.pdl.cmu.edu/pub/datasets/twemcacheWorkload/cacheDatasets/tencentBlock/v2/1M/tencentBlock_13649.oracleGeneral.zst
tencentBlock_v2_1M	https://ftp.pdl.cmu.edu/pub/datasets/twemcacheWorkload/cacheDatasets/tencentBlock/v2/1M/tencentBlock_13653.oracleGeneral.zst
tencentBlock_v2_1M	https://ftp.pdl.cmu.edu/pub/datasets/twemcacheWorkload/cacheDatasets/tencentBlock/v2/1M/tencentBlock_13656.oracleGeneral.zst
tencentBlock_v2_1M	https://ftp.pdl.cmu.edu/pub/datasets/twemcacheWorkload/cacheDatasets/tencentBlock/v2/1M/tencentBlock_13657.oracleGeneral.zst
tencentBlock_v2_1M	https://ftp.pdl.cmu.edu/pub/datasets/twemcacheWorkload/cacheDatasets/tencentBlock/v2/1M/tencentBlock_13662.oracleGeneral.zst
tencentBlock_v2_1M	https://ftp.pdl.cmu.edu/pub/datasets/twemcacheWorkload/cacheDatasets/tencentBlock/v2/1M/tencentBlock_13671.oracleGeneral.zst
tencentBlock_v2_1M	https://ftp.pdl.cmu.edu/pub/datasets/twemcacheWorkload/cacheDatasets/tencentBlock/v2/1M/tencentBlock_13675.oracleGeneral.zst
tencentBlock_v2_1M	https://ftp.pdl.cmu.edu/pub/datasets/twemcacheWorkload/cacheDatasets/tencentBlock/v2/1M/tencentBlock_13684.oracleGeneral.zst
tencentBlock_v2_1M	https://ftp.pdl.cmu.edu/pub/datasets/twemcacheWorkload/cacheDatasets/tencentBlock/v2/1M/tencentBlock_13690.oracleGeneral.zst
tencentBlock_v2_1M	https://ftp.pdl.cmu.edu/pub/datasets/twemcacheWorkload/cacheDatasets/tencentBlock/v2/1M/tencentBlock_13694.oracleGeneral.zst
tencentBlock_v2_1M	https://ftp.pdl.cmu.edu/pub/datasets/twemcacheWorkload/cacheDatasets/tencentBlock/v2/1M/tencentBlock_13698.oracleGeneral.zst
tencentBlock_v2_1M	https://ftp.pdl.cmu.edu/pub/datasets/twemcacheWorkload/cacheDatasets/tencentBlock/v2/1M/tencentBlock_13699.oracleGeneral.zst
tencentBlock_v2_1M	https://ftp.pdl.cmu.edu/pub/datasets/twemcacheWorkload/cacheDatasets/tencentBlock/v2/1M/tencentBlock_13702.oracleGeneral.zst
tencentBlock_v2_1M	https://ftp.pdl.cmu.edu/pub/datasets/twemcacheWorkload/cacheDatasets/tencentBlock/v2/1M/tencentBlock_13706.oracleGeneral.zst
tencentBlock_v2_1M	https://ftp.pdl.cmu.edu/pub/datasets/twemcacheWorkload/cacheDatasets/tencentBlock/v2/1M/tencentBlock_13709.oracleGeneral.zst
tencentBlock_v2_1M	https://ftp.pdl.cmu.edu/pub/datasets/twemcacheWorkload/cacheDatasets/tencentBlock/v2/1M/tencentBlock_1371.oracleGeneral.zst
tencentBlock_v2_1M	https://ftp.pdl.cmu.edu/pub/datasets/twemcacheWorkload/cacheDatasets/tencentBlock/v2/1M/tencentBlock_13710.oracleGeneral.zst
tencentBlock_v2_1M	https://ftp.pdl.cmu.edu/pub/datasets/twemcacheWorkload/cacheDatasets/tencentBlock/v2/1M/tencentBlock_13723.oracleGeneral.zst
tencentBlock_v2_1M	https://ftp.pdl.cmu.edu/pub/datasets/twemcacheWorkload/cacheDatasets/tencentBlock/v2/1M/tencentBlock_13731.oracleGeneral.zst
tencentBlock_v2_1M	https://ftp.pdl.cmu.edu/pub/datasets/twemcacheWorkload/cacheDatasets/tencentBlock/v2/1M/tencentBlock_13739.oracleGeneral.zst
tencentBlock_v2_1M	https://ftp.pdl.cmu.edu/pub/datasets/twemcacheWorkload/cacheDatasets/tencentBlock/v2/1M/tencentBlock_13746.oracleGeneral.zst
tencentBlock_v2_1M	https://ftp.pdl.cmu.edu/pub/datasets/twemcacheWorkload/cacheDatasets/tencentBlock/v2/1M/tencentBlock_13750.oracleGeneral.zst
tencentBlock_v2_1M	https://ftp.pdl.cmu.edu/pub/datasets/twemcacheWorkload/cacheDatasets/tencentBlock/v2/1M/tencentBlock_13764.oracleGeneral.zst
tencentBlock_v2_1M	https://ftp.pdl.cmu.edu/pub/datasets/twemcacheWorkload/cacheDatasets/tencentBlock/v2/1M/tencentBlock_13767.oracleGeneral.zst
tencentBlock_v2_1M	https://ftp.pdl.cmu.edu/pub/datasets/twemcacheWorkload/cacheDatasets/tencentBlock/v2/1M/tencentBlock_13774.oracleGeneral.zst
tencentBlock_v2_1M	https://ftp.pdl.cmu.edu/pub/datasets/twemcacheWorkload/cacheDatasets/tencentBlock/v2/1M/tencentBlock_13782.oracleGeneral.zst
tencentBlock_v2_1M	https://ftp.pdl.cmu.edu/pub/datasets/twemcacheWorkload/cacheDatasets/tencentBlock/v2/1M/tencentBlock_13795.oracleGeneral.zst
tencentBlock_v2_1M	https://ftp.pdl.cmu.edu/pub/datasets/twemcacheWorkload/cacheDatasets/tencentBlock/v2/1M/tencentBlock_1380.oracleGeneral.zst
tencentBlock_v2_1M	https://ftp.pdl.cmu.edu/pub/datasets/twemcacheWorkload/cacheDatasets/tencentBlock/v2/1M/tencentBlock_13803.oracleGeneral.zst
tencentBlock_v2_1M	https://ftp.pdl.cmu.edu/pub/datasets/twemcacheWorkload/cacheDatasets/tencentBlock/v2/1M/tencentBlock_13829.oracleGeneral.zst
tencentBlock_v2_1M	https://ftp.pdl.cmu.edu/pub/datasets/twemcacheWorkload/cacheDatasets/tencentBlock/v2/1M/tencentBlock_1383.oracleGeneral.zst
tencentBlock_v2_1M	https://ftp.pdl.cmu.edu/pub/datasets/twemcacheWorkload/cacheDatasets/tencentBlock/v2/1M/tencentBlock_13837.oracleGeneral.zst
tencentBlock_v2_1M	https://ftp.pdl.cmu.edu/pub/datasets/twemcacheWorkload/cacheDatasets/tencentBlock/v2/1M/tencentBlock_13844.oracleGeneral.zst
tencentBlock_v2_1M	https://ftp.pdl.cmu.edu/pub/datasets/twemcacheWorkload/cacheDatasets/tencentBlock/v2/1M/tencentBlock_13851.oracleGeneral.zst
tencentBlock_v2_1M	https://ftp.pdl.cmu.edu/pub/datasets/twemcacheWorkload/cacheDatasets/tencentBlock/v2/1M/tencentBlock_13858.oracleGeneral.zst
tencentBlock_v2_1M	https://ftp.pdl.cmu.edu/pub/datasets/twemcacheWorkload/cacheDatasets/tencentBlock/v2/1M/tencentBlock_13859.oracleGeneral.zst
tencentBlock_v2_1M	https://ftp.pdl.cmu.edu/pub/datasets/twemcacheWorkload/cacheDatasets/tencentBlock/v2/1M/tencentBlock_1387.oracleGeneral.zst
tencentBlock_v2_1M	https://ftp.pdl.cmu.edu/pub/datasets/twemcacheWorkload/cacheDatasets/tencentBlock/v2/1M/tencentBlock_13877.oracleGeneral.zst
tencentBlock_v2_1M	https://ftp.pdl.cmu.edu/pub/datasets/twemcacheWorkload/cacheDatasets/tencentBlock/v2/1M/tencentBlock_13886.oracleGeneral.zst
tencentBlock_v2_1M	https://ftp.pdl.cmu.edu/pub/datasets/twemcacheWorkload/cacheDatasets/tencentBlock/v2/1M/tencentBlock_13893.oracleGeneral.zst
tencentBlock_v2_1M	https://ftp.pdl.cmu.edu/pub/datasets/twemcacheWorkload/cacheDatasets/tencentBlock/v2/1M/tencentBlock_13908.oracleGeneral.zst
tencentBlock_v2_1M	https://ftp.pdl.cmu.edu/pub/datasets/twemcacheWorkload/cacheDatasets/tencentBlock/v2/1M/tencentBlock_13921.oracleGeneral.zst
tencentBlock_v2_1M	https://ftp.pdl.cmu.edu/pub/datasets/twemcacheWorkload/cacheDatasets/tencentBlock/v2/1M/tencentBlock_13927.oracleGeneral.zst
tencentBlock_v2_1M	https://ftp.pdl.cmu.edu/pub/datasets/twemcacheWorkload/cacheDatasets/tencentBlock/v2/1M/tencentBlock_13931.oracleGeneral.zst
tencentBlock_v2_1M	https://ftp.pdl.cmu.edu/pub/datasets/twemcacheWorkload/cacheDatasets/tencentBlock/v2/1M/tencentBlock_13940.oracleGeneral.zst
tencentBlock_v2_1M	https://ftp.pdl.cmu.edu/pub/datasets/twemcacheWorkload/cacheDatasets/tencentBlock/v2/1M/tencentBlock_13945.oracleGeneral.zst
tencentBlock_v2_1M	https://ftp.pdl.cmu.edu/pub/datasets/twemcacheWorkload/cacheDatasets/tencentBlock/v2/1M/tencentBlock_13956.oracleGeneral.zst
tencentBlock_v2_1M	https://ftp.pdl.cmu.edu/pub/datasets/twemcacheWorkload/cacheDatasets/tencentBlock/v2/1M/tencentBlock_13958.oracleGeneral.zst
tencentBlock_v2_1M	https://ftp.pdl.cmu.edu/pub/datasets/twemcacheWorkload/cacheDatasets/tencentBlock/v2/1M/tencentBlock_13966.oracleGeneral.zst
tencentBlock_v2_1M	https://ftp.pdl.cmu.edu/pub/datasets/twemcacheWorkload/cacheDatasets/tencentBlock/v2/1M/tencentBlock_13975.oracleGeneral.zst
tencentBlock_v2_1M	https://ftp.pdl.cmu.edu/pub/datasets/twemcacheWorkload/cacheDatasets/tencentBlock/v2/1M/tencentBlock_13985.oracleGeneral.zst
tencentBlock_v2_1M	https://ftp.pdl.cmu.edu/pub/datasets/twemcacheWorkload/cacheDatasets/tencentBlock/v2/1M/tencentBlock_13987.oracleGeneral.zst
tencentBlock_v2_1M	https://ftp.pdl.cmu.edu/pub/datasets/twemcacheWorkload/cacheDatasets/tencentBlock/v2/1M/tencentBlock_13996.oracleGeneral.zst
tencentBlock_v2_1M	https://ftp.pdl.cmu.edu/pub/datasets/twemcacheWorkload/cacheDatasets/tencentBlock/v2/1M/tencentBlock_13998.oracleGeneral.zst
tencentBlock_v2_1M	https://ftp.pdl.cmu.edu/pub/datasets/twemcacheWorkload/cacheDatasets/tencentBlock/v2/1M/tencentBlock_1400.oracleGeneral.zst
tencentBlock_v2_1M	https://ftp.pdl.cmu.edu/pub/datasets/twemcacheWorkload/cacheDatasets/tencentBlock/v2/1M/tencentBlock_14008.oracleGeneral.zst
tencentBlock_v2_1M	https://ftp.pdl.cmu.edu/pub/datasets/twemcacheWorkload/cacheDatasets/tencentBlock/v2/1M/tencentBlock_14009.oracleGeneral.zst
tencentBlock_v2_1M	https://ftp.pdl.cmu.edu/pub/datasets/twemcacheWorkload/cacheDatasets/tencentBlock/v2/1M/tencentBlock_14012.oracleGeneral.zst
tencentBlock_v2_1M	https://ftp.pdl.cmu.edu/pub/datasets/twemcacheWorkload/cacheDatasets/tencentBlock/v2/1M/tencentBlock_14018.oracleGeneral.zst
tencentBlock_v2_1M	https://ftp.pdl.cmu.edu/pub/datasets/twemcacheWorkload/cacheDatasets/tencentBlock/v2/1M/tencentBlock_14026.oracleGeneral.zst
tencentBlock_v2_1M	https://ftp.pdl.cmu.edu/pub/datasets/twemcacheWorkload/cacheDatasets/tencentBlock/v2/1M/tencentBlock_14038.oracleGeneral.zst
tencentBlock_v2_1M	https://ftp.pdl.cmu.edu/pub/datasets/twemcacheWorkload/cacheDatasets/tencentBlock/v2/1M/tencentBlock_14041.oracleGeneral.zst
tencentBlock_v2_1M	https://ftp.pdl.cmu.edu/pub/datasets/twemcacheWorkload/cacheDatasets/tencentBlock/v2/1M/tencentBlock_14046.oracleGeneral.zst
tencentBlock_v2_1M	https://ftp.pdl.cmu.edu/pub/datasets/twemcacheWorkload/cacheDatasets/tencentBlock/v2/1M/tencentBlock_14050.oracleGeneral.zst
tencentBlock_v2_1M	https://ftp.pdl.cmu.edu/pub/datasets/twemcacheWorkload/cacheDatasets/tencentBlock/v2/1M/tencentBlock_14051.oracleGeneral.zst
tencentBlock_v2_1M	https://ftp.pdl.cmu.edu/pub/datasets/twemcacheWorkload/cacheDatasets/tencentBlock/v2/1M/tencentBlock_14060.oracleGeneral.zst
tencentBlock_v2_1M	https://ftp.pdl.cmu.edu/pub/datasets/twemcacheWorkload/cacheDatasets/tencentBlock/v2/1M/tencentBlock_1407.oracleGeneral.zst
tencentBlock_v2_1M	https://ftp.pdl.cmu.edu/pub/datasets/twemcacheWorkload/cacheDatasets/tencentBlock/v2/1M/tencentBlock_14072.oracleGeneral.zst
tencentBlock_v2_1M	https://ftp.pdl.cmu.edu/pub/datasets/twemcacheWorkload/cacheDatasets/tencentBlock/v2/1M/tencentBlock_14081.oracleGeneral.zst
tencentBlock_v2_1M	https://ftp.pdl.cmu.edu/pub/datasets/twemcacheWorkload/cacheDatasets/tencentBlock/v2/1M/tencentBlock_14082.oracleGeneral.zst
tencentBlock_v2_1M	https://ftp.pdl.cmu.edu/pub/datasets/twemcacheWorkload/cacheDatasets/tencentBlock/v2/1M/tencentBlock_14083.oracleGeneral.zst
tencentBlock_v2_1M	https://ftp.pdl.cmu.edu/pub/datasets/twemcacheWorkload/cacheDatasets/tencentBlock/v2/1M/tencentBlock_14087.oracleGeneral.zst
tencentBlock_v2_1M	https://ftp.pdl.cmu.edu/pub/datasets/twemcacheWorkload/cacheDatasets/tencentBlock/v2/1M/tencentBlock_14093.oracleGeneral.zst
tencentBlock_v2_1M	https://ftp.pdl.cmu.edu/pub/datasets/twemcacheWorkload/cacheDatasets/tencentBlock/v2/1M/tencentBlock_14099.oracleGeneral.zst
tencentBlock_v2_1M	https://ftp.pdl.cmu.edu/pub/datasets/twemcacheWorkload/cacheDatasets/tencentBlock/v2/1M/tencentBlock_14101.oracleGeneral.zst
tencentBlock_v2_1M	https://ftp.pdl.cmu.edu/pub/datasets/twemcacheWorkload/cacheDatasets/tencentBlock/v2/1M/tencentBlock_14109.oracleGeneral.zst
tencentBlock_v2_1M	https://ftp.pdl.cmu.edu/pub/datasets/twemcacheWorkload/cacheDatasets/tencentBlock/v2/1M/tencentBlock_14114.oracleGeneral.zst
tencentBlock_v2_1M	https://ftp.pdl.cmu.edu/pub/datasets/twemcacheWorkload/cacheDatasets/tencentBlock/v2/1M/tencentBlock_14121.oracleGeneral.zst
tencentBlock_v2_1M	https://ftp.pdl.cmu.edu/pub/datasets/twemcacheWorkload/cacheDatasets/tencentBlock/v2/1M/tencentBlock_14123.oracleGeneral.zst
tencentBlock_v2_1M	https://ftp.pdl.cmu.edu/pub/datasets/twemcacheWorkload/cacheDatasets/tencentBlock/v2/1M/tencentBlock_1413.oracleGeneral.zst
tencentBlock_v2_1M	https://ftp.pdl.cmu.edu/pub/datasets/twemcacheWorkload/cacheDatasets/tencentBlock/v2/1M/tencentBlock_14131.oracleGeneral.zst
tencentBlock_v2_1M	https://ftp.pdl.cmu.edu/pub/datasets/twemcacheWorkload/cacheDatasets/tencentBlock/v2/1M/tencentBlock_14140.oracleGeneral.zst
tencentBlock_v2_1M	https://ftp.pdl.cmu.edu/pub/datasets/twemcacheWorkload/cacheDatasets/tencentBlock/v2/1M/tencentBlock_14149.oracleGeneral.zst
tencentBlock_v2_1M	https://ftp.pdl.cmu.edu/pub/datasets/twemcacheWorkload/cacheDatasets/tencentBlock/v2/1M/tencentBlock_1415.oracleGeneral.zst
tencentBlock_v2_1M	https://ftp.pdl.cmu.edu/pub/datasets/twemcacheWorkload/cacheDatasets/tencentBlock/v2/1M/tencentBlock_14158.oracleGeneral.zst
tencentBlock_v2_1M	https://ftp.pdl.cmu.edu/pub/datasets/twemcacheWorkload/cacheDatasets/tencentBlock/v2/1M/tencentBlock_14167.oracleGeneral.zst
tencentBlock_v2_1M	https://ftp.pdl.cmu.edu/pub/datasets/twemcacheWorkload/cacheDatasets/tencentBlock/v2/1M/tencentBlock_14171.oracleGeneral.zst
tencentBlock_v2_1M	https://ftp.pdl.cmu.edu/pub/datasets/twemcacheWorkload/cacheDatasets/tencentBlock/v2/1M/tencentBlock_14174.oracleGeneral.zst
tencentBlock_v2_1M	https://ftp.pdl.cmu.edu/pub/datasets/twemcacheWorkload/cacheDatasets/tencentBlock/v2/1M/tencentBlock_14182.oracleGeneral.zst
tencentBlock_v2_1M	https://ftp.pdl.cmu.edu/pub/datasets/twemcacheWorkload/cacheDatasets/tencentBlock/v2/1M/tencentBlock_14195.oracleGeneral.zst
tencentBlock_v2_1M	https://ftp.pdl.cmu.edu/pub/datasets/twemcacheWorkload/cacheDatasets/tencentBlock/v2/1M/tencentBlock_14196.oracleGeneral.zst
tencentBlock_v2_1M	https://ftp.pdl.cmu.edu/pub/datasets/twemcacheWorkload/cacheDatasets/tencentBlock/v2/1M/tencentBlock_14201.oracleGeneral.zst
tencentBlock_v2_1M	https://ftp.pdl.cmu.edu/pub/datasets/twemcacheWorkload/cacheDatasets/tencentBlock/v2/1M/tencentBlock_14212.oracleGeneral.zst
tencentBlock_v2_1M	https://ftp.pdl.cmu.edu/pub/datasets/twemcacheWorkload/cacheDatasets/tencentBlock/v2/1M/tencentBlock_14223.oracleGeneral.zst
tencentBlock_v2_1M	https://ftp.pdl.cmu.edu/pub/datasets/twemcacheWorkload/cacheDatasets/tencentBlock/v2/1M/tencentBlock_14230.oracleGeneral.zst
tencentBlock_v2_1M	https://ftp.pdl.cmu.edu/pub/datasets/twemcacheWorkload/cacheDatasets/tencentBlock/v2/1M/tencentBlock_14233.oracleGeneral.zst
tencentBlock_v2_1M	https://ftp.pdl.cmu.edu/pub/datasets/twemcacheWorkload/cacheDatasets/tencentBlock/v2/1M/tencentBlock_14234.oracleGeneral.zst
tencentBlock_v2_1M	https://ftp.pdl.cmu.edu/pub/datasets/twemcacheWorkload/cacheDatasets/tencentBlock/v2/1M/tencentBlock_14254.oracleGeneral.zst
tencentBlock_v2_1M	https://ftp.pdl.cmu.edu/pub/datasets/twemcacheWorkload/cacheDatasets/tencentBlock/v2/1M/tencentBlock_14261.oracleGeneral.zst
tencentBlock_v2_1M	https://ftp.pdl.cmu.edu/pub/datasets/twemcacheWorkload/cacheDatasets/tencentBlock/v2/1M/tencentBlock_14268.oracleGeneral.zst
tencentBlock_v2_1M	https://ftp.pdl.cmu.edu/pub/datasets/twemcacheWorkload/cacheDatasets/tencentBlock/v2/1M/tencentBlock_14276.oracleGeneral.zst
tencentBlock_v2_1M	https://ftp.pdl.cmu.edu/pub/datasets/twemcacheWorkload/cacheDatasets/tencentBlock/v2/1M/tencentBlock_14283.oracleGeneral.zst
tencentBlock_v2_1M	https://ftp.pdl.cmu.edu/pub/datasets/twemcacheWorkload/cacheDatasets/tencentBlock/v2/1M/tencentBlock_14284.oracleGeneral.zst
tencentBlock_v2_1M	https://ftp.pdl.cmu.edu/pub/datasets/twemcacheWorkload/cacheDatasets/tencentBlock/v2/1M/tencentBlock_14291.oracleGeneral.zst
tencentBlock_v2_1M	https://ftp.pdl.cmu.edu/pub/datasets/twemcacheWorkload/cacheDatasets/tencentBlock/v2/1M/tencentBlock_14295.oracleGeneral.zst
tencentBlock_v2_1M	https://ftp.pdl.cmu.edu/pub/datasets/twemcacheWorkload/cacheDatasets/tencentBlock/v2/1M/tencentBlock_14307.oracleGeneral.zst
tencentBlock_v2_1M	https://ftp.pdl.cmu.edu/pub/datasets/twemcacheWorkload/cacheDatasets/tencentBlock/v2/1M/tencentBlock_14310.oracleGeneral.zst
tencentBlock_v2_1M	https://ftp.pdl.cmu.edu/pub/datasets/twemcacheWorkload/cacheDatasets/tencentBlock/v2/1M/tencentBlock_14311.oracleGeneral.zst
tencentBlock_v2_1M	https://ftp.pdl.cmu.edu/pub/datasets/twemcacheWorkload/cacheDatasets/tencentBlock/v2/1M/tencentBlock_14312.oracleGeneral.zst
tencentBlock_v2_1M	https://ftp.pdl.cmu.edu/pub/datasets/twemcacheWorkload/cacheDatasets/tencentBlock/v2/1M/tencentBlock_14330.oracleGeneral.zst
tencentBlock_v2_1M	https://ftp.pdl.cmu.edu/pub/datasets/twemcacheWorkload/cacheDatasets/tencentBlock/v2/1M/tencentBlock_14337.oracleGeneral.zst
tencentBlock_v2_1M	https://ftp.pdl.cmu.edu/pub/datasets/twemcacheWorkload/cacheDatasets/tencentBlock/v2/1M/tencentBlock_1434.oracleGeneral.zst
tencentBlock_v2_1M	https://ftp.pdl.cmu.edu/pub/datasets/twemcacheWorkload/cacheDatasets/tencentBlock/v2/1M/tencentBlock_14341.oracleGeneral.zst
tencentBlock_v2_1M	https://ftp.pdl.cmu.edu/pub/datasets/twemcacheWorkload/cacheDatasets/tencentBlock/v2/1M/tencentBlock_14346.oracleGeneral.zst
tencentBlock_v2_1M	https://ftp.pdl.cmu.edu/pub/datasets/twemcacheWorkload/cacheDatasets/tencentBlock/v2/1M/tencentBlock_14353.oracleGeneral.zst
tencentBlock_v2_1M	https://ftp.pdl.cmu.edu/pub/datasets/twemcacheWorkload/cacheDatasets/tencentBlock/v2/1M/tencentBlock_14362.oracleGeneral.zst
tencentBlock_v2_1M	https://ftp.pdl.cmu.edu/pub/datasets/twemcacheWorkload/cacheDatasets/tencentBlock/v2/1M/tencentBlock_14366.oracleGeneral.zst
tencentBlock_v2_1M	https://ftp.pdl.cmu.edu/pub/datasets/twemcacheWorkload/cacheDatasets/tencentBlock/v2/1M/tencentBlock_14372.oracleGeneral.zst
tencentBlock_v2_1M	https://ftp.pdl.cmu.edu/pub/datasets/twemcacheWorkload/cacheDatasets/tencentBlock/v2/1M/tencentBlock_14376.oracleGeneral.zst
tencentBlock_v2_1M	https://ftp.pdl.cmu.edu/pub/datasets/twemcacheWorkload/cacheDatasets/tencentBlock/v2/1M/tencentBlock_1438.oracleGeneral.zst
tencentBlock_v2_1M	https://ftp.pdl.cmu.edu/pub/datasets/twemcacheWorkload/cacheDatasets/tencentBlock/v2/1M/tencentBlock_14392.oracleGeneral.zst
tencentBlock_v2_1M	https://ftp.pdl.cmu.edu/pub/datasets/twemcacheWorkload/cacheDatasets/tencentBlock/v2/1M/tencentBlock_14401.oracleGeneral.zst
tencentBlock_v2_1M	https://ftp.pdl.cmu.edu/pub/datasets/twemcacheWorkload/cacheDatasets/tencentBlock/v2/1M/tencentBlock_14407.oracleGeneral.zst
tencentBlock_v2_1M	https://ftp.pdl.cmu.edu/pub/datasets/twemcacheWorkload/cacheDatasets/tencentBlock/v2/1M/tencentBlock_1441.oracleGeneral.zst
tencentBlock_v2_1M	https://ftp.pdl.cmu.edu/pub/datasets/twemcacheWorkload/cacheDatasets/tencentBlock/v2/1M/tencentBlock_14415.oracleGeneral.zst
tencentBlock_v2_1M	https://ftp.pdl.cmu.edu/pub/datasets/twemcacheWorkload/cacheDatasets/tencentBlock/v2/1M/tencentBlock_14420.oracleGeneral.zst
tencentBlock_v2_1M	https://ftp.pdl.cmu.edu/pub/datasets/twemcacheWorkload/cacheDatasets/tencentBlock/v2/1M/tencentBlock_14429.oracleGeneral.zst
tencentBlock_v2_1M	https://ftp.pdl.cmu.edu/pub/datasets/twemcacheWorkload/cacheDatasets/tencentBlock/v2/1M/tencentBlock_14437.oracleGeneral.zst
tencentBlock_v2_1M	https://ftp.pdl.cmu.edu/pub/datasets/twemcacheWorkload/cacheDatasets/tencentBlock/v2/1M/tencentBlock_14443.oracleGeneral.zst
tencentBlock_v2_1M	https://ftp.pdl.cmu.edu/pub/datasets/twemcacheWorkload/cacheDatasets/tencentBlock/v2/1M/tencentBlock_14445.oracleGeneral.zst
tencentBlock_v2_1M	https://ftp.pdl.cmu.edu/pub/datasets/twemcacheWorkload/cacheDatasets/tencentBlock/v2/1M/tencentBlock_14447.oracleGeneral.zst
tencentBlock_v2_1M	https://ftp.pdl.cmu.edu/pub/datasets/twemcacheWorkload/cacheDatasets/tencentBlock/v2/1M/tencentBlock_14456.oracleGeneral.zst
tencentBlock_v2_1M	https://ftp.pdl.cmu.edu/pub/datasets/twemcacheWorkload/cacheDatasets/tencentBlock/v2/1M/tencentBlock_14460.oracleGeneral.zst
tencentBlock_v2_1M	https://ftp.pdl.cmu.edu/pub/datasets/twemcacheWorkload/cacheDatasets/tencentBlock/v2/1M/tencentBlock_14470.oracleGeneral.zst
tencentBlock_v2_1M	https://ftp.pdl.cmu.edu/pub/datasets/twemcacheWorkload/cacheDatasets/tencentBlock/v2/1M/tencentBlock_14472.oracleGeneral.zst
tencentBlock_v2_1M	https://ftp.pdl.cmu.edu/pub/datasets/twemcacheWorkload/cacheDatasets/tencentBlock/v2/1M/tencentBlock_14479.oracleGeneral.zst
tencentBlock_v2_1M	https://ftp.pdl.cmu.edu/pub/datasets/twemcacheWorkload/cacheDatasets/tencentBlock/v2/1M/tencentBlock_14485.oracleGeneral.zst
tencentBlock_v2_1M	https://ftp.pdl.cmu.edu/pub/datasets/twemcacheWorkload/cacheDatasets/tencentBlock/v2/1M/tencentBlock_1449.oracleGeneral.zst
tencentBlock_v2_1M	https://ftp.pdl.cmu.edu/pub/datasets/twemcacheWorkload/cacheDatasets/tencentBlock/v2/1M/tencentBlock_14490.oracleGeneral.zst
tencentBlock_v2_1M	https://ftp.pdl.cmu.edu/pub/datasets/twemcacheWorkload/cacheDatasets/tencentBlock/v2/1M/tencentBlock_14496.oracleGeneral.zst
tencentBlock_v2_1M	https://ftp.pdl.cmu.edu/pub/datasets/twemcacheWorkload/cacheDatasets/tencentBlock/v2/1M/tencentBlock_14505.oracleGeneral.zst
tencentBlock_v2_1M	https://ftp.pdl.cmu.edu/pub/datasets/twemcacheWorkload/cacheDatasets/tencentBlock/v2/1M/tencentBlock_14511.oracleGeneral.zst
tencentBlock_v2_1M	https://ftp.pdl.cmu.edu/pub/datasets/twemcacheWorkload/cacheDatasets/tencentBlock/v2/1M/tencentBlock_14517.oracleGeneral.zst
tencentBlock_v2_1M	https://ftp.pdl.cmu.edu/pub/datasets/twemcacheWorkload/cacheDatasets/tencentBlock/v2/1M/tencentBlock_14524.oracleGeneral.zst
tencentBlock_v2_1M	https://ftp.pdl.cmu.edu/pub/datasets/twemcacheWorkload/cacheDatasets/tencentBlock/v2/1M/tencentBlock_14526.oracleGeneral.zst
tencentBlock_v2_1M	https://ftp.pdl.cmu.edu/pub/datasets/twemcacheWorkload/cacheDatasets/tencentBlock/v2/1M/tencentBlock_14530.oracleGeneral.zst
tencentBlock_v2_1M	https://ftp.pdl.cmu.edu/pub/datasets/twemcacheWorkload/cacheDatasets/tencentBlock/v2/1M/tencentBlock_14542.oracleGeneral.zst
tencentBlock_v2_1M	https://ftp.pdl.cmu.edu/pub/datasets/twemcacheWorkload/cacheDatasets/tencentBlock/v2/1M/tencentBlock_14549.oracleGeneral.zst
tencentBlock_v2_1M	https://ftp.pdl.cmu.edu/pub/datasets/twemcacheWorkload/cacheDatasets/tencentBlock/v2/1M/tencentBlock_14550.oracleGeneral.zst
tencentBlock_v2_1M	https://ftp.pdl.cmu.edu/pub/datasets/twemcacheWorkload/cacheDatasets/tencentBlock/v2/1M/tencentBlock_14564.oracleGeneral.zst
tencentBlock_v2_1M	https://ftp.pdl.cmu.edu/pub/datasets/twemcacheWorkload/cacheDatasets/tencentBlock/v2/1M/tencentBlock_14566.oracleGeneral.zst
tencentBlock_v2_1M	https://ftp.pdl.cmu.edu/pub/datasets/twemcacheWorkload/cacheDatasets/tencentBlock/v2/1M/tencentBlock_14573.oracleGeneral.zst
tencentBlock_v2_1M	https://ftp.pdl.cmu.edu/pub/datasets/twemcacheWorkload/cacheDatasets/tencentBlock/v2/1M/tencentBlock_14578.oracleGeneral.zst
tencentBlock_v2_1M	https://ftp.pdl.cmu.edu/pub/datasets/twemcacheWorkload/cacheDatasets/tencentBlock/v2/1M/tencentBlock_14579.oracleGeneral.zst
tencentBlock_v2_1M	https://ftp.pdl.cmu.edu/pub/datasets/twemcacheWorkload/cacheDatasets/tencentBlock/v2/1M/tencentBlock_14582.oracleGeneral.zst
tencentBlock_v2_1M	https://ftp.pdl.cmu.edu/pub/datasets/twemcacheWorkload/cacheDatasets/tencentBlock/v2/1M/tencentBlock_14591.oracleGeneral.zst
tencentBlock_v2_1M	https://ftp.pdl.cmu.edu/pub/datasets/twemcacheWorkload/cacheDatasets/tencentBlock/v2/1M/tencentBlock_14596.oracleGeneral.zst
tencentBlock_v2_1M	https://ftp.pdl.cmu.edu/pub/datasets/twemcacheWorkload/cacheDatasets/tencentBlock/v2/1M/tencentBlock_14598.oracleGeneral.zst
tencentBlock_v2_1M	https://ftp.pdl.cmu.edu/pub/datasets/twemcacheWorkload/cacheDatasets/tencentBlock/v2/1M/tencentBlock_14602.oracleGeneral.zst
tencentBlock_v2_1M	https://ftp.pdl.cmu.edu/pub/datasets/twemcacheWorkload/cacheDatasets/tencentBlock/v2/1M/tencentBlock_14611.oracleGeneral.zst
tencentBlock_v2_1M	https://ftp.pdl.cmu.edu/pub/datasets/twemcacheWorkload/cacheDatasets/tencentBlock/v2/1M/tencentBlock_14612.oracleGeneral.zst
tencentBlock_v2_1M	https://ftp.pdl.cmu.edu/pub/datasets/twemcacheWorkload/cacheDatasets/tencentBlock/v2/1M/tencentBlock_14613.oracleGeneral.zst
tencentBlock_v2_1M	https://ftp.pdl.cmu.edu/pub/datasets/twemcacheWorkload/cacheDatasets/tencentBlock/v2/1M/tencentBlock_14621.oracleGeneral.zst
tencentBlock_v2_1M	https://ftp.pdl.cmu.edu/pub/datasets/twemcacheWorkload/cacheDatasets/tencentBlock/v2/1M/tencentBlock_14629.oracleGeneral.zst
tencentBlock_v2_1M	https://ftp.pdl.cmu.edu/pub/datasets/twemcacheWorkload/cacheDatasets/tencentBlock/v2/1M/tencentBlock_14637.oracleGeneral.zst
tencentBlock_v2_1M	https://ftp.pdl.cmu.edu/pub/datasets/twemcacheWorkload/cacheDatasets/tencentBlock/v2/1M/tencentBlock_14644.oracleGeneral.zst
tencentBlock_v2_1M	https://ftp.pdl.cmu.edu/pub/datasets/twemcacheWorkload/cacheDatasets/tencentBlock/v2/1M/tencentBlock_1465.oracleGeneral.zst
tencentBlock_v2_1M	https://ftp.pdl.cmu.edu/pub/datasets/twemcacheWorkload/cacheDatasets/tencentBlock/v2/1M/tencentBlock_14652.oracleGeneral.zst
tencentBlock_v2_1M	https://ftp.pdl.cmu.edu/pub/datasets/twemcacheWorkload/cacheDatasets/tencentBlock/v2/1M/tencentBlock_14659.oracleGeneral.zst
tencentBlock_v2_1M	https://ftp.pdl.cmu.edu/pub/datasets/twemcacheWorkload/cacheDatasets/tencentBlock/v2/1M/tencentBlock_14665.oracleGeneral.zst
tencentBlock_v2_1M	https://ftp.pdl.cmu.edu/pub/datasets/twemcacheWorkload/cacheDatasets/tencentBlock/v2/1M/tencentBlock_14668.oracleGeneral.zst
tencentBlock_v2_1M	https://ftp.pdl.cmu.edu/pub/datasets/twemcacheWorkload/cacheDatasets/tencentBlock/v2/1M/tencentBlock_14677.oracleGeneral.zst
tencentBlock_v2_1M	https://ftp.pdl.cmu.edu/pub/datasets/twemcacheWorkload/cacheDatasets/tencentBlock/v2/1M/tencentBlock_1468.oracleGeneral.zst
tencentBlock_v2_1M	https://ftp.pdl.cmu.edu/pub/datasets/twemcacheWorkload/cacheDatasets/tencentBlock/v2/1M/tencentBlock_14688.oracleGeneral.zst
tencentBlock_v2_1M	https://ftp.pdl.cmu.edu/pub/datasets/twemcacheWorkload/cacheDatasets/tencentBlock/v2/1M/tencentBlock_14697.oracleGeneral.zst
tencentBlock_v2_1M	https://ftp.pdl.cmu.edu/pub/datasets/twemcacheWorkload/cacheDatasets/tencentBlock/v2/1M/tencentBlock_14703.oracleGeneral.zst
tencentBlock_v2_1M	https://ftp.pdl.cmu.edu/pub/datasets/twemcacheWorkload/cacheDatasets/tencentBlock/v2/1M/tencentBlock_14707.oracleGeneral.zst
tencentBlock_v2_1M	https://ftp.pdl.cmu.edu/pub/datasets/twemcacheWorkload/cacheDatasets/tencentBlock/v2/1M/tencentBlock_14714.oracleGeneral.zst
tencentBlock_v2_1M	https://ftp.pdl.cmu.edu/pub/datasets/twemcacheWorkload/cacheDatasets/tencentBlock/v2/1M/tencentBlock_14722.oracleGeneral.zst
tencentBlock_v2_1M	https://ftp.pdl.cmu.edu/pub/datasets/twemcacheWorkload/cacheDatasets/tencentBlock/v2/1M/tencentBlock_14748.oracleGeneral.zst
tencentBlock_v2_1M	https://ftp.pdl.cmu.edu/pub/datasets/twemcacheWorkload/cacheDatasets/tencentBlock/v2/1M/tencentBlock_14762.oracleGeneral.zst
tencentBlock_v2_1M	https://ftp.pdl.cmu.edu/pub/datasets/twemcacheWorkload/cacheDatasets/tencentBlock/v2/1M/tencentBlock_14765.oracleGeneral.zst
tencentBlock_v2_1M	https://ftp.pdl.cmu.edu/pub/datasets/twemcacheWorkload/cacheDatasets/tencentBlock/v2/1M/tencentBlock_14769.oracleGeneral.zst
tencentBlock_v2_1M	https://ftp.pdl.cmu.edu/pub/datasets/twemcacheWorkload/cacheDatasets/tencentBlock/v2/1M/tencentBlock_1479.oracleGeneral.zst
tencentBlock_v2_1M	https://ftp.pdl.cmu.edu/pub/datasets/twemcacheWorkload/cacheDatasets/tencentBlock/v2/1M/tencentBlock_14795.oracleGeneral.zst
tencentBlock_v2_1M	https://ftp.pdl.cmu.edu/pub/datasets/twemcacheWorkload/cacheDatasets/tencentBlock/v2/1M/tencentBlock_14801.oracleGeneral.zst
tencentBlock_v2_1M	https://ftp.pdl.cmu.edu/pub/datasets/twemcacheWorkload/cacheDatasets/tencentBlock/v2/1M/tencentBlock_14808.oracleGeneral.zst
tencentBlock_v2_1M	https://ftp.pdl.cmu.edu/pub/datasets/twemcacheWorkload/cacheDatasets/tencentBlock/v2/1M/tencentBlock_14816.oracleGeneral.zst
tencentBlock_v2_1M	https://ftp.pdl.cmu.edu/pub/datasets/twemcacheWorkload/cacheDatasets/tencentBlock/v2/1M/tencentBlock_14824.oracleGeneral.zst
tencentBlock_v2_1M	https://ftp.pdl.cmu.edu/pub/datasets/twemcacheWorkload/cacheDatasets/tencentBlock/v2/1M/tencentBlock_14839.oracleGeneral.zst
tencentBlock_v2_1M	https://ftp.pdl.cmu.edu/pub/datasets/twemcacheWorkload/cacheDatasets/tencentBlock/v2/1M/tencentBlock_14843.oracleGeneral.zst
tencentBlock_v2_1M	https://ftp.pdl.cmu.edu/pub/datasets/twemcacheWorkload/cacheDatasets/tencentBlock/v2/1M/tencentBlock_14851.oracleGeneral.zst
tencentBlock_v2_1M	https://ftp.pdl.cmu.edu/pub/datasets/twemcacheWorkload/cacheDatasets/tencentBlock/v2/1M/tencentBlock_14853.oracleGeneral.zst
tencentBlock_v2_1M	https://ftp.pdl.cmu.edu/pub/datasets/twemcacheWorkload/cacheDatasets/tencentBlock/v2/1M/tencentBlock_14857.oracleGeneral.zst
tencentBlock_v2_1M	https://ftp.pdl.cmu.edu/pub/datasets/twemcacheWorkload/cacheDatasets/tencentBlock/v2/1M/tencentBlock_14867.oracleGeneral.zst
tencentBlock_v2_1M	https://ftp.pdl.cmu.edu/pub/datasets/twemcacheWorkload/cacheDatasets/tencentBlock/v2/1M/tencentBlock_14871.oracleGeneral.zst
tencentBlock_v2_1M	https://ftp.pdl.cmu.edu/pub/datasets/twemcacheWorkload/cacheDatasets/tencentBlock/v2/1M/tencentBlock_14873.oracleGeneral.zst
tencentBlock_v2_1M	https://ftp.pdl.cmu.edu/pub/datasets/twemcacheWorkload/cacheDatasets/tencentBlock/v2/1M/tencentBlock_14876.oracleGeneral.zst
tencentBlock_v2_1M	https://ftp.pdl.cmu.edu/pub/datasets/twemcacheWorkload/cacheDatasets/tencentBlock/v2/1M/tencentBlock_14879.oracleGeneral.zst
tencentBlock_v2_1M	https://ftp.pdl.cmu.edu/pub/datasets/twemcacheWorkload/cacheDatasets/tencentBlock/v2/1M/tencentBlock_1488.oracleGeneral.zst
tencentBlock_v2_1M	https://ftp.pdl.cmu.edu/pub/datasets/twemcacheWorkload/cacheDatasets/tencentBlock/v2/1M/tencentBlock_14887.oracleGeneral.zst
tencentBlock_v2_1M	https://ftp.pdl.cmu.edu/pub/datasets/twemcacheWorkload/cacheDatasets/tencentBlock/v2/1M/tencentBlock_14895.oracleGeneral.zst
tencentBlock_v2_1M	https://ftp.pdl.cmu.edu/pub/datasets/twemcacheWorkload/cacheDatasets/tencentBlock/v2/1M/tencentBlock_14903.oracleGeneral.zst
tencentBlock_v2_1M	https://ftp.pdl.cmu.edu/pub/datasets/twemcacheWorkload/cacheDatasets/tencentBlock/v2/1M/tencentBlock_14904.oracleGeneral.zst
tencentBlock_v2_1M	https://ftp.pdl.cmu.edu/pub/datasets/twemcacheWorkload/cacheDatasets/tencentBlock/v2/1M/tencentBlock_14908.oracleGeneral.zst
tencentBlock_v2_1M	https://ftp.pdl.cmu.edu/pub/datasets/twemcacheWorkload/cacheDatasets/tencentBlock/v2/1M/tencentBlock_14913.oracleGeneral.zst
tencentBlock_v2_1M	https://ftp.pdl.cmu.edu/pub/datasets/twemcacheWorkload/cacheDatasets/tencentBlock/v2/1M/tencentBlock_14922.oracleGeneral.zst
tencentBlock_v2_1M	https://ftp.pdl.cmu.edu/pub/datasets/twemcacheWorkload/cacheDatasets/tencentBlock/v2/1M/tencentBlock_14931.oracleGeneral.zst
tencentBlock_v2_1M	https://ftp.pdl.cmu.edu/pub/datasets/twemcacheWorkload/cacheDatasets/tencentBlock/v2/1M/tencentBlock_14939.oracleGeneral.zst
tencentBlock_v2_1M	https://ftp.pdl.cmu.edu/pub/datasets/twemcacheWorkload/cacheDatasets/tencentBlock/v2/1M/tencentBlock_14943.oracleGeneral.zst
tencentBlock_v2_1M	https://ftp.pdl.cmu.edu/pub/datasets/twemcacheWorkload/cacheDatasets/tencentBlock/v2/1M/tencentBlock_14949.oracleGeneral.zst
tencentBlock_v2_1M	https://ftp.pdl.cmu.edu/pub/datasets/twemcacheWorkload/cacheDatasets/tencentBlock/v2/1M/tencentBlock_14956.oracleGeneral.zst
tencentBlock_v2_1M	https://ftp.pdl.cmu.edu/pub/datasets/twemcacheWorkload/cacheDatasets/tencentBlock/v2/1M/tencentBlock_14963.oracleGeneral.zst
tencentBlock_v2_1M	https://ftp.pdl.cmu.edu/pub/datasets/twemcacheWorkload/cacheDatasets/tencentBlock/v2/1M/tencentBlock_14969.oracleGeneral.zst
tencentBlock_v2_1M	https://ftp.pdl.cmu.edu/pub/datasets/twemcacheWorkload/cacheDatasets/tencentBlock/v2/1M/tencentBlock_1497.oracleGeneral.zst
tencentBlock_v2_1M	https://ftp.pdl.cmu.edu/pub/datasets/twemcacheWorkload/cacheDatasets/tencentBlock/v2/1M/tencentBlock_14976.oracleGeneral.zst
tencentBlock_v2_1M	https://ftp.pdl.cmu.edu/pub/datasets/twemcacheWorkload/cacheDatasets/tencentBlock/v2/1M/tencentBlock_1498.oracleGeneral.zst
tencentBlock_v2_1M	https://ftp.pdl.cmu.edu/pub/datasets/twemcacheWorkload/cacheDatasets/tencentBlock/v2/1M/tencentBlock_14982.oracleGeneral.zst
tencentBlock_v2_1M	https://ftp.pdl.cmu.edu/pub/datasets/twemcacheWorkload/cacheDatasets/tencentBlock/v2/1M/tencentBlock_14991.oracleGeneral.zst
tencentBlock_v2_1M	https://ftp.pdl.cmu.edu/pub/datasets/twemcacheWorkload/cacheDatasets/tencentBlock/v2/1M/tencentBlock_14999.oracleGeneral.zst
tencentBlock_v2_1M	https://ftp.pdl.cmu.edu/pub/datasets/twemcacheWorkload/cacheDatasets/tencentBlock/v2/1M/tencentBlock_15003.oracleGeneral.zst
tencentBlock_v2_1M	https://ftp.pdl.cmu.edu/pub/datasets/twemcacheWorkload/cacheDatasets/tencentBlock/v2/1M/tencentBlock_15007.oracleGeneral.zst
tencentBlock_v2_1M	https://ftp.pdl.cmu.edu/pub/datasets/twemcacheWorkload/cacheDatasets/tencentBlock/v2/1M/tencentBlock_15014.oracleGeneral.zst
tencentBlock_v2_1M	https://ftp.pdl.cmu.edu/pub/datasets/twemcacheWorkload/cacheDatasets/tencentBlock/v2/1M/tencentBlock_15019.oracleGeneral.zst
tencentBlock_v2_1M	https://ftp.pdl.cmu.edu/pub/datasets/twemcacheWorkload/cacheDatasets/tencentBlock/v2/1M/tencentBlock_15027.oracleGeneral.zst
tencentBlock_v2_1M	https://ftp.pdl.cmu.edu/pub/datasets/twemcacheWorkload/cacheDatasets/tencentBlock/v2/1M/tencentBlock_15036.oracleGeneral.zst
tencentBlock_v2_1M	https://ftp.pdl.cmu.edu/pub/datasets/twemcacheWorkload/cacheDatasets/tencentBlock/v2/1M/tencentBlock_15038.oracleGeneral.zst
tencentBlock_v2_1M	https://ftp.pdl.cmu.edu/pub/datasets/twemcacheWorkload/cacheDatasets/tencentBlock/v2/1M/tencentBlock_15044.oracleGeneral.zst
tencentBlock_v2_1M	https://ftp.pdl.cmu.edu/pub/datasets/twemcacheWorkload/cacheDatasets/tencentBlock/v2/1M/tencentBlock_15045.oracleGeneral.zst
tencentBlock_v2_1M	https://ftp.pdl.cmu.edu/pub/datasets/twemcacheWorkload/cacheDatasets/tencentBlock/v2/1M/tencentBlock_15046.oracleGeneral.zst
tencentBlock_v2_1M	https://ftp.pdl.cmu.edu/pub/datasets/twemcacheWorkload/cacheDatasets/tencentBlock/v2/1M/tencentBlock_15050.oracleGeneral.zst
tencentBlock_v2_1M	https://ftp.pdl.cmu.edu/pub/datasets/twemcacheWorkload/cacheDatasets/tencentBlock/v2/1M/tencentBlock_15057.oracleGeneral.zst
tencentBlock_v2_1M	https://ftp.pdl.cmu.edu/pub/datasets/twemcacheWorkload/cacheDatasets/tencentBlock/v2/1M/tencentBlock_15079.oracleGeneral.zst
tencentBlock_v2_1M	https://ftp.pdl.cmu.edu/pub/datasets/twemcacheWorkload/cacheDatasets/tencentBlock/v2/1M/tencentBlock_15082.oracleGeneral.zst
tencentBlock_v2_1M	https://ftp.pdl.cmu.edu/pub/datasets/twemcacheWorkload/cacheDatasets/tencentBlock/v2/1M/tencentBlock_15083.oracleGeneral.zst
tencentBlock_v2_1M	https://ftp.pdl.cmu.edu/pub/datasets/twemcacheWorkload/cacheDatasets/tencentBlock/v2/1M/tencentBlock_15091.oracleGeneral.zst
tencentBlock_v2_1M	https://ftp.pdl.cmu.edu/pub/datasets/twemcacheWorkload/cacheDatasets/tencentBlock/v2/1M/tencentBlock_15100.oracleGeneral.zst
tencentBlock_v2_1M	https://ftp.pdl.cmu.edu/pub/datasets/twemcacheWorkload/cacheDatasets/tencentBlock/v2/1M/tencentBlock_15109.oracleGeneral.zst
tencentBlock_v2_1M	https://ftp.pdl.cmu.edu/pub/datasets/twemcacheWorkload/cacheDatasets/tencentBlock/v2/1M/tencentBlock_15123.oracleGeneral.zst
tencentBlock_v2_1M	https://ftp.pdl.cmu.edu/pub/datasets/twemcacheWorkload/cacheDatasets/tencentBlock/v2/1M/tencentBlock_15133.oracleGeneral.zst
tencentBlock_v2_1M	https://ftp.pdl.cmu.edu/pub/datasets/twemcacheWorkload/cacheDatasets/tencentBlock/v2/1M/tencentBlock_15146.oracleGeneral.zst
tencentBlock_v2_1M	https://ftp.pdl.cmu.edu/pub/datasets/twemcacheWorkload/cacheDatasets/tencentBlock/v2/1M/tencentBlock_15154.oracleGeneral.zst
tencentBlock_v2_1M	https://ftp.pdl.cmu.edu/pub/datasets/twemcacheWorkload/cacheDatasets/tencentBlock/v2/1M/tencentBlock_1516.oracleGeneral.zst
tencentBlock_v2_1M	https://ftp.pdl.cmu.edu/pub/datasets/twemcacheWorkload/cacheDatasets/tencentBlock/v2/1M/tencentBlock_15162.oracleGeneral.zst
tencentBlock_v2_1M	https://ftp.pdl.cmu.edu/pub/datasets/twemcacheWorkload/cacheDatasets/tencentBlock/v2/1M/tencentBlock_15169.oracleGeneral.zst
tencentBlock_v2_1M	https://ftp.pdl.cmu.edu/pub/datasets/twemcacheWorkload/cacheDatasets/tencentBlock/v2/1M/tencentBlock_15177.oracleGeneral.zst
tencentBlock_v2_1M	https://ftp.pdl.cmu.edu/pub/datasets/twemcacheWorkload/cacheDatasets/tencentBlock/v2/1M/tencentBlock_15187.oracleGeneral.zst
tencentBlock_v2_1M	https://ftp.pdl.cmu.edu/pub/datasets/twemcacheWorkload/cacheDatasets/tencentBlock/v2/1M/tencentBlock_15194.oracleGeneral.zst
tencentBlock_v2_1M	https://ftp.pdl.cmu.edu/pub/datasets/twemcacheWorkload/cacheDatasets/tencentBlock/v2/1M/tencentBlock_15199.oracleGeneral.zst
tencentBlock_v2_1M	https://ftp.pdl.cmu.edu/pub/datasets/twemcacheWorkload/cacheDatasets/tencentBlock/v2/1M/tencentBlock_15203.oracleGeneral.zst
tencentBlock_v2_1M	https://ftp.pdl.cmu.edu/pub/datasets/twemcacheWorkload/cacheDatasets/tencentBlock/v2/1M/tencentBlock_15208.oracleGeneral.zst
tencentBlock_v2_1M	https://ftp.pdl.cmu.edu/pub/datasets/twemcacheWorkload/cacheDatasets/tencentBlock/v2/1M/tencentBlock_15216.oracleGeneral.zst
tencentBlock_v2_1M	https://ftp.pdl.cmu.edu/pub/datasets/twemcacheWorkload/cacheDatasets/tencentBlock/v2/1M/tencentBlock_15224.oracleGeneral.zst
tencentBlock_v2_1M	https://ftp.pdl.cmu.edu/pub/datasets/twemcacheWorkload/cacheDatasets/tencentBlock/v2/1M/tencentBlock_15239.oracleGeneral.zst
tencentBlock_v2_1M	https://ftp.pdl.cmu.edu/pub/datasets/twemcacheWorkload/cacheDatasets/tencentBlock/v2/1M/tencentBlock_15247.oracleGeneral.zst
tencentBlock_v2_1M	https://ftp.pdl.cmu.edu/pub/datasets/twemcacheWorkload/cacheDatasets/tencentBlock/v2/1M/tencentBlock_15254.oracleGeneral.zst
tencentBlock_v2_1M	https://ftp.pdl.cmu.edu/pub/datasets/twemcacheWorkload/cacheDatasets/tencentBlock/v2/1M/tencentBlock_15257.oracleGeneral.zst
tencentBlock_v2_1M	https://ftp.pdl.cmu.edu/pub/datasets/twemcacheWorkload/cacheDatasets/tencentBlock/v2/1M/tencentBlock_15273.oracleGeneral.zst
tencentBlock_v2_1M	https://ftp.pdl.cmu.edu/pub/datasets/twemcacheWorkload/cacheDatasets/tencentBlock/v2/1M/tencentBlock_15279.oracleGeneral.zst
tencentBlock_v2_1M	https://ftp.pdl.cmu.edu/pub/datasets/twemcacheWorkload/cacheDatasets/tencentBlock/v2/1M/tencentBlock_15284.oracleGeneral.zst
tencentBlock_v2_1M	https://ftp.pdl.cmu.edu/pub/datasets/twemcacheWorkload/cacheDatasets/tencentBlock/v2/1M/tencentBlock_15289.oracleGeneral.zst
tencentBlock_v2_1M	https://ftp.pdl.cmu.edu/pub/datasets/twemcacheWorkload/cacheDatasets/tencentBlock/v2/1M/tencentBlock_15293.oracleGeneral.zst
tencentBlock_v2_1M	https://ftp.pdl.cmu.edu/pub/datasets/twemcacheWorkload/cacheDatasets/tencentBlock/v2/1M/tencentBlock_15298.oracleGeneral.zst
tencentBlock_v2_1M	https://ftp.pdl.cmu.edu/pub/datasets/twemcacheWorkload/cacheDatasets/tencentBlock/v2/1M/tencentBlock_15315.oracleGeneral.zst
tencentBlock_v2_1M	https://ftp.pdl.cmu.edu/pub/datasets/twemcacheWorkload/cacheDatasets/tencentBlock/v2/1M/tencentBlock_15320.oracleGeneral.zst
tencentBlock_v2_1M	https://ftp.pdl.cmu.edu/pub/datasets/twemcacheWorkload/cacheDatasets/tencentBlock/v2/1M/tencentBlock_15325.oracleGeneral.zst
tencentBlock_v2_1M	https://ftp.pdl.cmu.edu/pub/datasets/twemcacheWorkload/cacheDatasets/tencentBlock/v2/1M/tencentBlock_15326.oracleGeneral.zst
tencentBlock_v2_1M	https://ftp.pdl.cmu.edu/pub/datasets/twemcacheWorkload/cacheDatasets/tencentBlock/v2/1M/tencentBlock_1533.oracleGeneral.zst
tencentBlock_v2_1M	https://ftp.pdl.cmu.edu/pub/datasets/twemcacheWorkload/cacheDatasets/tencentBlock/v2/1M/tencentBlock_15335.oracleGeneral.zst
tencentBlock_v2_1M	https://ftp.pdl.cmu.edu/pub/datasets/twemcacheWorkload/cacheDatasets/tencentBlock/v2/1M/tencentBlock_15339.oracleGeneral.zst
tencentBlock_v2_1M	https://ftp.pdl.cmu.edu/pub/datasets/twemcacheWorkload/cacheDatasets/tencentBlock/v2/1M/tencentBlock_15352.oracleGeneral.zst
tencentBlock_v2_1M	https://ftp.pdl.cmu.edu/pub/datasets/twemcacheWorkload/cacheDatasets/tencentBlock/v2/1M/tencentBlock_15353.oracleGeneral.zst
tencentBlock_v2_1M	https://ftp.pdl.cmu.edu/pub/datasets/twemcacheWorkload/cacheDatasets/tencentBlock/v2/1M/tencentBlock_15357.oracleGeneral.zst
tencentBlock_v2_1M	https://ftp.pdl.cmu.edu/pub/datasets/twemcacheWorkload/cacheDatasets/tencentBlock/v2/1M/tencentBlock_15358.oracleGeneral.zst
tencentBlock_v2_1M	https://ftp.pdl.cmu.edu/pub/datasets/twemcacheWorkload/cacheDatasets/tencentBlock/v2/1M/tencentBlock_15365.oracleGeneral.zst
tencentBlock_v2_1M	https://ftp.pdl.cmu.edu/pub/datasets/twemcacheWorkload/cacheDatasets/tencentBlock/v2/1M/tencentBlock_15370.oracleGeneral.zst
tencentBlock_v2_1M	https://ftp.pdl.cmu.edu/pub/datasets/twemcacheWorkload/cacheDatasets/tencentBlock/v2/1M/tencentBlock_15372.oracleGeneral.zst
tencentBlock_v2_1M	https://ftp.pdl.cmu.edu/pub/datasets/twemcacheWorkload/cacheDatasets/tencentBlock/v2/1M/tencentBlock_15379.oracleGeneral.zst
tencentBlock_v2_1M	https://ftp.pdl.cmu.edu/pub/datasets/twemcacheWorkload/cacheDatasets/tencentBlock/v2/1M/tencentBlock_15381.oracleGeneral.zst
tencentBlock_v2_1M	https://ftp.pdl.cmu.edu/pub/datasets/twemcacheWorkload/cacheDatasets/tencentBlock/v2/1M/tencentBlock_15389.oracleGeneral.zst
tencentBlock_v2_1M	https://ftp.pdl.cmu.edu/pub/datasets/twemcacheWorkload/cacheDatasets/tencentBlock/v2/1M/tencentBlock_15390.oracleGeneral.zst
tencentBlock_v2_1M	https://ftp.pdl.cmu.edu/pub/datasets/twemcacheWorkload/cacheDatasets/tencentBlock/v2/1M/tencentBlock_15397.oracleGeneral.zst
tencentBlock_v2_1M	https://ftp.pdl.cmu.edu/pub/datasets/twemcacheWorkload/cacheDatasets/tencentBlock/v2/1M/tencentBlock_15399.oracleGeneral.zst
tencentBlock_v2_1M	https://ftp.pdl.cmu.edu/pub/datasets/twemcacheWorkload/cacheDatasets/tencentBlock/v2/1M/tencentBlock_1540.oracleGeneral.zst
tencentBlock_v2_1M	https://ftp.pdl.cmu.edu/pub/datasets/twemcacheWorkload/cacheDatasets/tencentBlock/v2/1M/tencentBlock_15407.oracleGeneral.zst
tencentBlock_v2_1M	https://ftp.pdl.cmu.edu/pub/datasets/twemcacheWorkload/cacheDatasets/tencentBlock/v2/1M/tencentBlock_15414.oracleGeneral.zst
tencentBlock_v2_1M	https://ftp.pdl.cmu.edu/pub/datasets/twemcacheWorkload/cacheDatasets/tencentBlock/v2/1M/tencentBlock_15415.oracleGeneral.zst
tencentBlock_v2_1M	https://ftp.pdl.cmu.edu/pub/datasets/twemcacheWorkload/cacheDatasets/tencentBlock/v2/1M/tencentBlock_15418.oracleGeneral.zst
tencentBlock_v2_1M	https://ftp.pdl.cmu.edu/pub/datasets/twemcacheWorkload/cacheDatasets/tencentBlock/v2/1M/tencentBlock_15419.oracleGeneral.zst
tencentBlock_v2_1M	https://ftp.pdl.cmu.edu/pub/datasets/twemcacheWorkload/cacheDatasets/tencentBlock/v2/1M/tencentBlock_15421.oracleGeneral.zst
tencentBlock_v2_1M	https://ftp.pdl.cmu.edu/pub/datasets/twemcacheWorkload/cacheDatasets/tencentBlock/v2/1M/tencentBlock_15429.oracleGeneral.zst
tencentBlock_v2_1M	https://ftp.pdl.cmu.edu/pub/datasets/twemcacheWorkload/cacheDatasets/tencentBlock/v2/1M/tencentBlock_15431.oracleGeneral.zst
tencentBlock_v2_1M	https://ftp.pdl.cmu.edu/pub/datasets/twemcacheWorkload/cacheDatasets/tencentBlock/v2/1M/tencentBlock_15438.oracleGeneral.zst
tencentBlock_v2_1M	https://ftp.pdl.cmu.edu/pub/datasets/twemcacheWorkload/cacheDatasets/tencentBlock/v2/1M/tencentBlock_15447.oracleGeneral.zst
tencentBlock_v2_1M	https://ftp.pdl.cmu.edu/pub/datasets/twemcacheWorkload/cacheDatasets/tencentBlock/v2/1M/tencentBlock_15455.oracleGeneral.zst
tencentBlock_v2_1M	https://ftp.pdl.cmu.edu/pub/datasets/twemcacheWorkload/cacheDatasets/tencentBlock/v2/1M/tencentBlock_15456.oracleGeneral.zst
tencentBlock_v2_1M	https://ftp.pdl.cmu.edu/pub/datasets/twemcacheWorkload/cacheDatasets/tencentBlock/v2/1M/tencentBlock_15458.oracleGeneral.zst
tencentBlock_v2_1M	https://ftp.pdl.cmu.edu/pub/datasets/twemcacheWorkload/cacheDatasets/tencentBlock/v2/1M/tencentBlock_15459.oracleGeneral.zst
tencentBlock_v2_1M	https://ftp.pdl.cmu.edu/pub/datasets/twemcacheWorkload/cacheDatasets/tencentBlock/v2/1M/tencentBlock_15462.oracleGeneral.zst
tencentBlock_v2_1M	https://ftp.pdl.cmu.edu/pub/datasets/twemcacheWorkload/cacheDatasets/tencentBlock/v2/1M/tencentBlock_15466.oracleGeneral.zst
tencentBlock_v2_1M	https://ftp.pdl.cmu.edu/pub/datasets/twemcacheWorkload/cacheDatasets/tencentBlock/v2/1M/tencentBlock_15475.oracleGeneral.zst
tencentBlock_v2_1M	https://ftp.pdl.cmu.edu/pub/datasets/twemcacheWorkload/cacheDatasets/tencentBlock/v2/1M/tencentBlock_15477.oracleGeneral.zst
tencentBlock_v2_1M	https://ftp.pdl.cmu.edu/pub/datasets/twemcacheWorkload/cacheDatasets/tencentBlock/v2/1M/tencentBlock_15478.oracleGeneral.zst
tencentBlock_v2_1M	https://ftp.pdl.cmu.edu/pub/datasets/twemcacheWorkload/cacheDatasets/tencentBlock/v2/1M/tencentBlock_15484.oracleGeneral.zst
tencentBlock_v2_1M	https://ftp.pdl.cmu.edu/pub/datasets/twemcacheWorkload/cacheDatasets/tencentBlock/v2/1M/tencentBlock_15491.oracleGeneral.zst
tencentBlock_v2_1M	https://ftp.pdl.cmu.edu/pub/datasets/twemcacheWorkload/cacheDatasets/tencentBlock/v2/1M/tencentBlock_15496.oracleGeneral.zst
tencentBlock_v2_1M	https://ftp.pdl.cmu.edu/pub/datasets/twemcacheWorkload/cacheDatasets/tencentBlock/v2/1M/tencentBlock_15505.oracleGeneral.zst
tencentBlock_v2_1M	https://ftp.pdl.cmu.edu/pub/datasets/twemcacheWorkload/cacheDatasets/tencentBlock/v2/1M/tencentBlock_15512.oracleGeneral.zst
tencentBlock_v2_1M	https://ftp.pdl.cmu.edu/pub/datasets/twemcacheWorkload/cacheDatasets/tencentBlock/v2/1M/tencentBlock_15520.oracleGeneral.zst
tencentBlock_v2_1M	https://ftp.pdl.cmu.edu/pub/datasets/twemcacheWorkload/cacheDatasets/tencentBlock/v2/1M/tencentBlock_15529.oracleGeneral.zst
tencentBlock_v2_1M	https://ftp.pdl.cmu.edu/pub/datasets/twemcacheWorkload/cacheDatasets/tencentBlock/v2/1M/tencentBlock_15538.oracleGeneral.zst
tencentBlock_v2_1M	https://ftp.pdl.cmu.edu/pub/datasets/twemcacheWorkload/cacheDatasets/tencentBlock/v2/1M/tencentBlock_15542.oracleGeneral.zst
tencentBlock_v2_1M	https://ftp.pdl.cmu.edu/pub/datasets/twemcacheWorkload/cacheDatasets/tencentBlock/v2/1M/tencentBlock_15550.oracleGeneral.zst
tencentBlock_v2_1M	https://ftp.pdl.cmu.edu/pub/datasets/twemcacheWorkload/cacheDatasets/tencentBlock/v2/1M/tencentBlock_15559.oracleGeneral.zst
tencentBlock_v2_1M	https://ftp.pdl.cmu.edu/pub/datasets/twemcacheWorkload/cacheDatasets/tencentBlock/v2/1M/tencentBlock_15563.oracleGeneral.zst
tencentBlock_v2_1M	https://ftp.pdl.cmu.edu/pub/datasets/twemcacheWorkload/cacheDatasets/tencentBlock/v2/1M/tencentBlock_15565.oracleGeneral.zst
tencentBlock_v2_1M	https://ftp.pdl.cmu.edu/pub/datasets/twemcacheWorkload/cacheDatasets/tencentBlock/v2/1M/tencentBlock_15575.oracleGeneral.zst
tencentBlock_v2_1M	https://ftp.pdl.cmu.edu/pub/datasets/twemcacheWorkload/cacheDatasets/tencentBlock/v2/1M/tencentBlock_15581.oracleGeneral.zst
tencentBlock_v2_1M	https://ftp.pdl.cmu.edu/pub/datasets/twemcacheWorkload/cacheDatasets/tencentBlock/v2/1M/tencentBlock_15588.oracleGeneral.zst
tencentBlock_v2_1M	https://ftp.pdl.cmu.edu/pub/datasets/twemcacheWorkload/cacheDatasets/tencentBlock/v2/1M/tencentBlock_15592.oracleGeneral.zst
tencentBlock_v2_1M	https://ftp.pdl.cmu.edu/pub/datasets/twemcacheWorkload/cacheDatasets/tencentBlock/v2/1M/tencentBlock_15593.oracleGeneral.zst
tencentBlock_v2_1M	https://ftp.pdl.cmu.edu/pub/datasets/twemcacheWorkload/cacheDatasets/tencentBlock/v2/1M/tencentBlock_15609.oracleGeneral.zst
tencentBlock_v2_1M	https://ftp.pdl.cmu.edu/pub/datasets/twemcacheWorkload/cacheDatasets/tencentBlock/v2/1M/tencentBlock_15621.oracleGeneral.zst
tencentBlock_v2_1M	https://ftp.pdl.cmu.edu/pub/datasets/twemcacheWorkload/cacheDatasets/tencentBlock/v2/1M/tencentBlock_15626.oracleGeneral.zst
tencentBlock_v2_1M	https://ftp.pdl.cmu.edu/pub/datasets/twemcacheWorkload/cacheDatasets/tencentBlock/v2/1M/tencentBlock_15627.oracleGeneral.zst
tencentBlock_v2_1M	https://ftp.pdl.cmu.edu/pub/datasets/twemcacheWorkload/cacheDatasets/tencentBlock/v2/1M/tencentBlock_15639.oracleGeneral.zst
tencentBlock_v2_1M	https://ftp.pdl.cmu.edu/pub/datasets/twemcacheWorkload/cacheDatasets/tencentBlock/v2/1M/tencentBlock_15640.oracleGeneral.zst
tencentBlock_v2_1M	https://ftp.pdl.cmu.edu/pub/datasets/twemcacheWorkload/cacheDatasets/tencentBlock/v2/1M/tencentBlock_15646.oracleGeneral.zst
tencentBlock_v2_1M	https://ftp.pdl.cmu.edu/pub/datasets/twemcacheWorkload/cacheDatasets/tencentBlock/v2/1M/tencentBlock_15653.oracleGeneral.zst
tencentBlock_v2_1M	https://ftp.pdl.cmu.edu/pub/datasets/twemcacheWorkload/cacheDatasets/tencentBlock/v2/1M/tencentBlock_15658.oracleGeneral.zst
tencentBlock_v2_1M	https://ftp.pdl.cmu.edu/pub/datasets/twemcacheWorkload/cacheDatasets/tencentBlock/v2/1M/tencentBlock_1566.oracleGeneral.zst
tencentBlock_v2_1M	https://ftp.pdl.cmu.edu/pub/datasets/twemcacheWorkload/cacheDatasets/tencentBlock/v2/1M/tencentBlock_15665.oracleGeneral.zst
tencentBlock_v2_1M	https://ftp.pdl.cmu.edu/pub/datasets/twemcacheWorkload/cacheDatasets/tencentBlock/v2/1M/tencentBlock_15674.oracleGeneral.zst
tencentBlock_v2_1M	https://ftp.pdl.cmu.edu/pub/datasets/twemcacheWorkload/cacheDatasets/tencentBlock/v2/1M/tencentBlock_15678.oracleGeneral.zst
tencentBlock_v2_1M	https://ftp.pdl.cmu.edu/pub/datasets/twemcacheWorkload/cacheDatasets/tencentBlock/v2/1M/tencentBlock_15684.oracleGeneral.zst
tencentBlock_v2_1M	https://ftp.pdl.cmu.edu/pub/datasets/twemcacheWorkload/cacheDatasets/tencentBlock/v2/1M/tencentBlock_15686.oracleGeneral.zst
tencentBlock_v2_1M	https://ftp.pdl.cmu.edu/pub/datasets/twemcacheWorkload/cacheDatasets/tencentBlock/v2/1M/tencentBlock_15692.oracleGeneral.zst
tencentBlock_v2_1M	https://ftp.pdl.cmu.edu/pub/datasets/twemcacheWorkload/cacheDatasets/tencentBlock/v2/1M/tencentBlock_15702.oracleGeneral.zst
tencentBlock_v2_1M	https://ftp.pdl.cmu.edu/pub/datasets/twemcacheWorkload/cacheDatasets/tencentBlock/v2/1M/tencentBlock_15705.oracleGeneral.zst
tencentBlock_v2_1M	https://ftp.pdl.cmu.edu/pub/datasets/twemcacheWorkload/cacheDatasets/tencentBlock/v2/1M/tencentBlock_15716.oracleGeneral.zst
tencentBlock_v2_1M	https://ftp.pdl.cmu.edu/pub/datasets/twemcacheWorkload/cacheDatasets/tencentBlock/v2/1M/tencentBlock_15724.oracleGeneral.zst
tencentBlock_v2_1M	https://ftp.pdl.cmu.edu/pub/datasets/twemcacheWorkload/cacheDatasets/tencentBlock/v2/1M/tencentBlock_15725.oracleGeneral.zst
tencentBlock_v2_1M	https://ftp.pdl.cmu.edu/pub/datasets/twemcacheWorkload/cacheDatasets/tencentBlock/v2/1M/tencentBlock_15727.oracleGeneral.zst
tencentBlock_v2_1M	https://ftp.pdl.cmu.edu/pub/datasets/twemcacheWorkload/cacheDatasets/tencentBlock/v2/1M/tencentBlock_15733.oracleGeneral.zst
tencentBlock_v2_1M	https://ftp.pdl.cmu.edu/pub/datasets/twemcacheWorkload/cacheDatasets/tencentBlock/v2/1M/tencentBlock_15735.oracleGeneral.zst
tencentBlock_v2_1M	https://ftp.pdl.cmu.edu/pub/datasets/twemcacheWorkload/cacheDatasets/tencentBlock/v2/1M/tencentBlock_15739.oracleGeneral.zst
tencentBlock_v2_1M	https://ftp.pdl.cmu.edu/pub/datasets/twemcacheWorkload/cacheDatasets/tencentBlock/v2/1M/tencentBlock_15746.oracleGeneral.zst
tencentBlock_v2_1M	https://ftp.pdl.cmu.edu/pub/datasets/twemcacheWorkload/cacheDatasets/tencentBlock/v2/1M/tencentBlock_15751.oracleGeneral.zst
tencentBlock_v2_1M	https://ftp.pdl.cmu.edu/pub/datasets/twemcacheWorkload/cacheDatasets/tencentBlock/v2/1M/tencentBlock_15754.oracleGeneral.zst
tencentBlock_v2_1M	https://ftp.pdl.cmu.edu/pub/datasets/twemcacheWorkload/cacheDatasets/tencentBlock/v2/1M/tencentBlock_1576.oracleGeneral.zst
tencentBlock_v2_1M	https://ftp.pdl.cmu.edu/pub/datasets/twemcacheWorkload/cacheDatasets/tencentBlock/v2/1M/tencentBlock_15765.oracleGeneral.zst
tencentBlock_v2_1M	https://ftp.pdl.cmu.edu/pub/datasets/twemcacheWorkload/cacheDatasets/tencentBlock/v2/1M/tencentBlock_15766.oracleGeneral.zst
tencentBlock_v2_1M	https://ftp.pdl.cmu.edu/pub/datasets/twemcacheWorkload/cacheDatasets/tencentBlock/v2/1M/tencentBlock_15769.oracleGeneral.zst
tencentBlock_v2_1M	https://ftp.pdl.cmu.edu/pub/datasets/twemcacheWorkload/cacheDatasets/tencentBlock/v2/1M/tencentBlock_15776.oracleGeneral.zst
tencentBlock_v2_1M	https://ftp.pdl.cmu.edu/pub/datasets/twemcacheWorkload/cacheDatasets/tencentBlock/v2/1M/tencentBlock_15783.oracleGeneral.zst
tencentBlock_v2_1M	https://ftp.pdl.cmu.edu/pub/datasets/twemcacheWorkload/cacheDatasets/tencentBlock/v2/1M/tencentBlock_15798.oracleGeneral.zst
tencentBlock_v2_1M	https://ftp.pdl.cmu.edu/pub/datasets/twemcacheWorkload/cacheDatasets/tencentBlock/v2/1M/tencentBlock_15800.oracleGeneral.zst
tencentBlock_v2_1M	https://ftp.pdl.cmu.edu/pub/datasets/twemcacheWorkload/cacheDatasets/tencentBlock/v2/1M/tencentBlock_1581.oracleGeneral.zst
tencentBlock_v2_1M	https://ftp.pdl.cmu.edu/pub/datasets/twemcacheWorkload/cacheDatasets/tencentBlock/v2/1M/tencentBlock_15815.oracleGeneral.zst
tencentBlock_v2_1M	https://ftp.pdl.cmu.edu/pub/datasets/twemcacheWorkload/cacheDatasets/tencentBlock/v2/1M/tencentBlock_15819.oracleGeneral.zst
tencentBlock_v2_1M	https://ftp.pdl.cmu.edu/pub/datasets/twemcacheWorkload/cacheDatasets/tencentBlock/v2/1M/tencentBlock_15828.oracleGeneral.zst
tencentBlock_v2_1M	https://ftp.pdl.cmu.edu/pub/datasets/twemcacheWorkload/cacheDatasets/tencentBlock/v2/1M/tencentBlock_15835.oracleGeneral.zst
tencentBlock_v2_1M	https://ftp.pdl.cmu.edu/pub/datasets/twemcacheWorkload/cacheDatasets/tencentBlock/v2/1M/tencentBlock_15852.oracleGeneral.zst
tencentBlock_v2_1M	https://ftp.pdl.cmu.edu/pub/datasets/twemcacheWorkload/cacheDatasets/tencentBlock/v2/1M/tencentBlock_15861.oracleGeneral.zst
tencentBlock_v2_1M	https://ftp.pdl.cmu.edu/pub/datasets/twemcacheWorkload/cacheDatasets/tencentBlock/v2/1M/tencentBlock_15864.oracleGeneral.zst
tencentBlock_v2_1M	https://ftp.pdl.cmu.edu/pub/datasets/twemcacheWorkload/cacheDatasets/tencentBlock/v2/1M/tencentBlock_15865.oracleGeneral.zst
tencentBlock_v2_1M	https://ftp.pdl.cmu.edu/pub/datasets/twemcacheWorkload/cacheDatasets/tencentBlock/v2/1M/tencentBlock_15867.oracleGeneral.zst
tencentBlock_v2_1M	https://ftp.pdl.cmu.edu/pub/datasets/twemcacheWorkload/cacheDatasets/tencentBlock/v2/1M/tencentBlock_15876.oracleGeneral.zst
tencentBlock_v2_1M	https://ftp.pdl.cmu.edu/pub/datasets/twemcacheWorkload/cacheDatasets/tencentBlock/v2/1M/tencentBlock_15880.oracleGeneral.zst
tencentBlock_v2_1M	https://ftp.pdl.cmu.edu/pub/datasets/twemcacheWorkload/cacheDatasets/tencentBlock/v2/1M/tencentBlock_15885.oracleGeneral.zst
tencentBlock_v2_1M	https://ftp.pdl.cmu.edu/pub/datasets/twemcacheWorkload/cacheDatasets/tencentBlock/v2/1M/tencentBlock_15888.oracleGeneral.zst
tencentBlock_v2_1M	https://ftp.pdl.cmu.edu/pub/datasets/twemcacheWorkload/cacheDatasets/tencentBlock/v2/1M/tencentBlock_15895.oracleGeneral.zst
tencentBlock_v2_1M	https://ftp.pdl.cmu.edu/pub/datasets/twemcacheWorkload/cacheDatasets/tencentBlock/v2/1M/tencentBlock_15896.oracleGeneral.zst
tencentBlock_v2_1M	https://ftp.pdl.cmu.edu/pub/datasets/twemcacheWorkload/cacheDatasets/tencentBlock/v2/1M/tencentBlock_15902.oracleGeneral.zst
tencentBlock_v2_1M	https://ftp.pdl.cmu.edu/pub/datasets/twemcacheWorkload/cacheDatasets/tencentBlock/v2/1M/tencentBlock_15915.oracleGeneral.zst
tencentBlock_v2_1M	https://ftp.pdl.cmu.edu/pub/datasets/twemcacheWorkload/cacheDatasets/tencentBlock/v2/1M/tencentBlock_15921.oracleGeneral.zst
tencentBlock_v2_1M	https://ftp.pdl.cmu.edu/pub/datasets/twemcacheWorkload/cacheDatasets/tencentBlock/v2/1M/tencentBlock_15926.oracleGeneral.zst
tencentBlock_v2_1M	https://ftp.pdl.cmu.edu/pub/datasets/twemcacheWorkload/cacheDatasets/tencentBlock/v2/1M/tencentBlock_15935.oracleGeneral.zst
tencentBlock_v2_1M	https://ftp.pdl.cmu.edu/pub/datasets/twemcacheWorkload/cacheDatasets/tencentBlock/v2/1M/tencentBlock_15946.oracleGeneral.zst
tencentBlock_v2_1M	https://ftp.pdl.cmu.edu/pub/datasets/twemcacheWorkload/cacheDatasets/tencentBlock/v2/1M/tencentBlock_15948.oracleGeneral.zst
tencentBlock_v2_1M	https://ftp.pdl.cmu.edu/pub/datasets/twemcacheWorkload/cacheDatasets/tencentBlock/v2/1M/tencentBlock_15963.oracleGeneral.zst
tencentBlock_v2_1M	https://ftp.pdl.cmu.edu/pub/datasets/twemcacheWorkload/cacheDatasets/tencentBlock/v2/1M/tencentBlock_15968.oracleGeneral.zst
tencentBlock_v2_1M	https://ftp.pdl.cmu.edu/pub/datasets/twemcacheWorkload/cacheDatasets/tencentBlock/v2/1M/tencentBlock_15970.oracleGeneral.zst
tencentBlock_v2_1M	https://ftp.pdl.cmu.edu/pub/datasets/twemcacheWorkload/cacheDatasets/tencentBlock/v2/1M/tencentBlock_15972.oracleGeneral.zst
tencentBlock_v2_1M	https://ftp.pdl.cmu.edu/pub/datasets/twemcacheWorkload/cacheDatasets/tencentBlock/v2/1M/tencentBlock_15985.oracleGeneral.zst
tencentBlock_v2_1M	https://ftp.pdl.cmu.edu/pub/datasets/twemcacheWorkload/cacheDatasets/tencentBlock/v2/1M/tencentBlock_15992.oracleGeneral.zst
tencentBlock_v2_1M	https://ftp.pdl.cmu.edu/pub/datasets/twemcacheWorkload/cacheDatasets/tencentBlock/v2/1M/tencentBlock_16001.oracleGeneral.zst
tencentBlock_v2_1M	https://ftp.pdl.cmu.edu/pub/datasets/twemcacheWorkload/cacheDatasets/tencentBlock/v2/1M/tencentBlock_16003.oracleGeneral.zst
tencentBlock_v2_1M	https://ftp.pdl.cmu.edu/pub/datasets/twemcacheWorkload/cacheDatasets/tencentBlock/v2/1M/tencentBlock_16009.oracleGeneral.zst
tencentBlock_v2_1M	https://ftp.pdl.cmu.edu/pub/datasets/twemcacheWorkload/cacheDatasets/tencentBlock/v2/1M/tencentBlock_16017.oracleGeneral.zst
tencentBlock_v2_1M	https://ftp.pdl.cmu.edu/pub/datasets/twemcacheWorkload/cacheDatasets/tencentBlock/v2/1M/tencentBlock_16032.oracleGeneral.zst
tencentBlock_v2_1M	https://ftp.pdl.cmu.edu/pub/datasets/twemcacheWorkload/cacheDatasets/tencentBlock/v2/1M/tencentBlock_16033.oracleGeneral.zst
tencentBlock_v2_1M	https://ftp.pdl.cmu.edu/pub/datasets/twemcacheWorkload/cacheDatasets/tencentBlock/v2/1M/tencentBlock_16035.oracleGeneral.zst
tencentBlock_v2_1M	https://ftp.pdl.cmu.edu/pub/datasets/twemcacheWorkload/cacheDatasets/tencentBlock/v2/1M/tencentBlock_16038.oracleGeneral.zst
tencentBlock_v2_1M	https://ftp.pdl.cmu.edu/pub/datasets/twemcacheWorkload/cacheDatasets/tencentBlock/v2/1M/tencentBlock_1604.oracleGeneral.zst
tencentBlock_v2_1M	https://ftp.pdl.cmu.edu/pub/datasets/twemcacheWorkload/cacheDatasets/tencentBlock/v2/1M/tencentBlock_16043.oracleGeneral.zst
tencentBlock_v2_1M	https://ftp.pdl.cmu.edu/pub/datasets/twemcacheWorkload/cacheDatasets/tencentBlock/v2/1M/tencentBlock_16049.oracleGeneral.zst
tencentBlock_v2_1M	https://ftp.pdl.cmu.edu/pub/datasets/twemcacheWorkload/cacheDatasets/tencentBlock/v2/1M/tencentBlock_16056.oracleGeneral.zst
tencentBlock_v2_1M	https://ftp.pdl.cmu.edu/pub/datasets/twemcacheWorkload/cacheDatasets/tencentBlock/v2/1M/tencentBlock_16066.oracleGeneral.zst
tencentBlock_v2_1M	https://ftp.pdl.cmu.edu/pub/datasets/twemcacheWorkload/cacheDatasets/tencentBlock/v2/1M/tencentBlock_16070.oracleGeneral.zst
tencentBlock_v2_1M	https://ftp.pdl.cmu.edu/pub/datasets/twemcacheWorkload/cacheDatasets/tencentBlock/v2/1M/tencentBlock_16072.oracleGeneral.zst
tencentBlock_v2_1M	https://ftp.pdl.cmu.edu/pub/datasets/twemcacheWorkload/cacheDatasets/tencentBlock/v2/1M/tencentBlock_16077.oracleGeneral.zst
tencentBlock_v2_1M	https://ftp.pdl.cmu.edu/pub/datasets/twemcacheWorkload/cacheDatasets/tencentBlock/v2/1M/tencentBlock_16081.oracleGeneral.zst
tencentBlock_v2_1M	https://ftp.pdl.cmu.edu/pub/datasets/twemcacheWorkload/cacheDatasets/tencentBlock/v2/1M/tencentBlock_16082.oracleGeneral.zst
tencentBlock_v2_1M	https://ftp.pdl.cmu.edu/pub/datasets/twemcacheWorkload/cacheDatasets/tencentBlock/v2/1M/tencentBlock_16083.oracleGeneral.zst
tencentBlock_v2_1M	https://ftp.pdl.cmu.edu/pub/datasets/twemcacheWorkload/cacheDatasets/tencentBlock/v2/1M/tencentBlock_1609.oracleGeneral.zst
tencentBlock_v2_1M	https://ftp.pdl.cmu.edu/pub/datasets/twemcacheWorkload/cacheDatasets/tencentBlock/v2/1M/tencentBlock_16090.oracleGeneral.zst
tencentBlock_v2_1M	https://ftp.pdl.cmu.edu/pub/datasets/twemcacheWorkload/cacheDatasets/tencentBlock/v2/1M/tencentBlock_16095.oracleGeneral.zst
tencentBlock_v2_1M	https://ftp.pdl.cmu.edu/pub/datasets/twemcacheWorkload/cacheDatasets/tencentBlock/v2/1M/tencentBlock_16096.oracleGeneral.zst
tencentBlock_v2_1M	https://ftp.pdl.cmu.edu/pub/datasets/twemcacheWorkload/cacheDatasets/tencentBlock/v2/1M/tencentBlock_16105.oracleGeneral.zst
tencentBlock_v2_1M	https://ftp.pdl.cmu.edu/pub/datasets/twemcacheWorkload/cacheDatasets/tencentBlock/v2/1M/tencentBlock_16109.oracleGeneral.zst
tencentBlock_v2_1M	https://ftp.pdl.cmu.edu/pub/datasets/twemcacheWorkload/cacheDatasets/tencentBlock/v2/1M/tencentBlock_16116.oracleGeneral.zst
tencentBlock_v2_1M	https://ftp.pdl.cmu.edu/pub/datasets/twemcacheWorkload/cacheDatasets/tencentBlock/v2/1M/tencentBlock_16122.oracleGeneral.zst
tencentBlock_v2_1M	https://ftp.pdl.cmu.edu/pub/datasets/twemcacheWorkload/cacheDatasets/tencentBlock/v2/1M/tencentBlock_16139.oracleGeneral.zst
tencentBlock_v2_1M	https://ftp.pdl.cmu.edu/pub/datasets/twemcacheWorkload/cacheDatasets/tencentBlock/v2/1M/tencentBlock_16141.oracleGeneral.zst
tencentBlock_v2_1M	https://ftp.pdl.cmu.edu/pub/datasets/twemcacheWorkload/cacheDatasets/tencentBlock/v2/1M/tencentBlock_16150.oracleGeneral.zst
tencentBlock_v2_1M	https://ftp.pdl.cmu.edu/pub/datasets/twemcacheWorkload/cacheDatasets/tencentBlock/v2/1M/tencentBlock_16153.oracleGeneral.zst
tencentBlock_v2_1M	https://ftp.pdl.cmu.edu/pub/datasets/twemcacheWorkload/cacheDatasets/tencentBlock/v2/1M/tencentBlock_16160.oracleGeneral.zst
tencentBlock_v2_1M	https://ftp.pdl.cmu.edu/pub/datasets/twemcacheWorkload/cacheDatasets/tencentBlock/v2/1M/tencentBlock_16169.oracleGeneral.zst
tencentBlock_v2_1M	https://ftp.pdl.cmu.edu/pub/datasets/twemcacheWorkload/cacheDatasets/tencentBlock/v2/1M/tencentBlock_16177.oracleGeneral.zst
tencentBlock_v2_1M	https://ftp.pdl.cmu.edu/pub/datasets/twemcacheWorkload/cacheDatasets/tencentBlock/v2/1M/tencentBlock_16181.oracleGeneral.zst
tencentBlock_v2_1M	https://ftp.pdl.cmu.edu/pub/datasets/twemcacheWorkload/cacheDatasets/tencentBlock/v2/1M/tencentBlock_16190.oracleGeneral.zst
tencentBlock_v2_1M	https://ftp.pdl.cmu.edu/pub/datasets/twemcacheWorkload/cacheDatasets/tencentBlock/v2/1M/tencentBlock_16198.oracleGeneral.zst
tencentBlock_v2_1M	https://ftp.pdl.cmu.edu/pub/datasets/twemcacheWorkload/cacheDatasets/tencentBlock/v2/1M/tencentBlock_16206.oracleGeneral.zst
tencentBlock_v2_1M	https://ftp.pdl.cmu.edu/pub/datasets/twemcacheWorkload/cacheDatasets/tencentBlock/v2/1M/tencentBlock_16214.oracleGeneral.zst
tencentBlock_v2_1M	https://ftp.pdl.cmu.edu/pub/datasets/twemcacheWorkload/cacheDatasets/tencentBlock/v2/1M/tencentBlock_16219.oracleGeneral.zst
tencentBlock_v2_1M	https://ftp.pdl.cmu.edu/pub/datasets/twemcacheWorkload/cacheDatasets/tencentBlock/v2/1M/tencentBlock_16221.oracleGeneral.zst
tencentBlock_v2_1M	https://ftp.pdl.cmu.edu/pub/datasets/twemcacheWorkload/cacheDatasets/tencentBlock/v2/1M/tencentBlock_16223.oracleGeneral.zst
tencentBlock_v2_1M	https://ftp.pdl.cmu.edu/pub/datasets/twemcacheWorkload/cacheDatasets/tencentBlock/v2/1M/tencentBlock_16230.oracleGeneral.zst
tencentBlock_v2_1M	https://ftp.pdl.cmu.edu/pub/datasets/twemcacheWorkload/cacheDatasets/tencentBlock/v2/1M/tencentBlock_16239.oracleGeneral.zst
tencentBlock_v2_1M	https://ftp.pdl.cmu.edu/pub/datasets/twemcacheWorkload/cacheDatasets/tencentBlock/v2/1M/tencentBlock_16247.oracleGeneral.zst
tencentBlock_v2_1M	https://ftp.pdl.cmu.edu/pub/datasets/twemcacheWorkload/cacheDatasets/tencentBlock/v2/1M/tencentBlock_16251.oracleGeneral.zst
tencentBlock_v2_1M	https://ftp.pdl.cmu.edu/pub/datasets/twemcacheWorkload/cacheDatasets/tencentBlock/v2/1M/tencentBlock_16258.oracleGeneral.zst
tencentBlock_v2_1M	https://ftp.pdl.cmu.edu/pub/datasets/twemcacheWorkload/cacheDatasets/tencentBlock/v2/1M/tencentBlock_16263.oracleGeneral.zst
tencentBlock_v2_1M	https://ftp.pdl.cmu.edu/pub/datasets/twemcacheWorkload/cacheDatasets/tencentBlock/v2/1M/tencentBlock_16269.oracleGeneral.zst
tencentBlock_v2_1M	https://ftp.pdl.cmu.edu/pub/datasets/twemcacheWorkload/cacheDatasets/tencentBlock/v2/1M/tencentBlock_1627.oracleGeneral.zst
tencentBlock_v2_1M	https://ftp.pdl.cmu.edu/pub/datasets/twemcacheWorkload/cacheDatasets/tencentBlock/v2/1M/tencentBlock_16275.oracleGeneral.zst
tencentBlock_v2_1M	https://ftp.pdl.cmu.edu/pub/datasets/twemcacheWorkload/cacheDatasets/tencentBlock/v2/1M/tencentBlock_16284.oracleGeneral.zst
tencentBlock_v2_1M	https://ftp.pdl.cmu.edu/pub/datasets/twemcacheWorkload/cacheDatasets/tencentBlock/v2/1M/tencentBlock_16287.oracleGeneral.zst
tencentBlock_v2_1M	https://ftp.pdl.cmu.edu/pub/datasets/twemcacheWorkload/cacheDatasets/tencentBlock/v2/1M/tencentBlock_16294.oracleGeneral.zst
tencentBlock_v2_1M	https://ftp.pdl.cmu.edu/pub/datasets/twemcacheWorkload/cacheDatasets/tencentBlock/v2/1M/tencentBlock_16295.oracleGeneral.zst
tencentBlock_v2_1M	https://ftp.pdl.cmu.edu/pub/datasets/twemcacheWorkload/cacheDatasets/tencentBlock/v2/1M/tencentBlock_16304.oracleGeneral.zst
tencentBlock_v2_1M	https://ftp.pdl.cmu.edu/pub/datasets/twemcacheWorkload/cacheDatasets/tencentBlock/v2/1M/tencentBlock_16311.oracleGeneral.zst
tencentBlock_v2_1M	https://ftp.pdl.cmu.edu/pub/datasets/twemcacheWorkload/cacheDatasets/tencentBlock/v2/1M/tencentBlock_1632.oracleGeneral.zst
tencentBlock_v2_1M	https://ftp.pdl.cmu.edu/pub/datasets/twemcacheWorkload/cacheDatasets/tencentBlock/v2/1M/tencentBlock_16320.oracleGeneral.zst
tencentBlock_v2_1M	https://ftp.pdl.cmu.edu/pub/datasets/twemcacheWorkload/cacheDatasets/tencentBlock/v2/1M/tencentBlock_16328.oracleGeneral.zst
tencentBlock_v2_1M	https://ftp.pdl.cmu.edu/pub/datasets/twemcacheWorkload/cacheDatasets/tencentBlock/v2/1M/tencentBlock_16337.oracleGeneral.zst
tencentBlock_v2_1M	https://ftp.pdl.cmu.edu/pub/datasets/twemcacheWorkload/cacheDatasets/tencentBlock/v2/1M/tencentBlock_16350.oracleGeneral.zst
tencentBlock_v2_1M	https://ftp.pdl.cmu.edu/pub/datasets/twemcacheWorkload/cacheDatasets/tencentBlock/v2/1M/tencentBlock_16352.oracleGeneral.zst
tencentBlock_v2_1M	https://ftp.pdl.cmu.edu/pub/datasets/twemcacheWorkload/cacheDatasets/tencentBlock/v2/1M/tencentBlock_16361.oracleGeneral.zst
tencentBlock_v2_1M	https://ftp.pdl.cmu.edu/pub/datasets/twemcacheWorkload/cacheDatasets/tencentBlock/v2/1M/tencentBlock_16370.oracleGeneral.zst
tencentBlock_v2_1M	https://ftp.pdl.cmu.edu/pub/datasets/twemcacheWorkload/cacheDatasets/tencentBlock/v2/1M/tencentBlock_16376.oracleGeneral.zst
tencentBlock_v2_1M	https://ftp.pdl.cmu.edu/pub/datasets/twemcacheWorkload/cacheDatasets/tencentBlock/v2/1M/tencentBlock_16379.oracleGeneral.zst
tencentBlock_v2_1M	https://ftp.pdl.cmu.edu/pub/datasets/twemcacheWorkload/cacheDatasets/tencentBlock/v2/1M/tencentBlock_16382.oracleGeneral.zst
tencentBlock_v2_1M	https://ftp.pdl.cmu.edu/pub/datasets/twemcacheWorkload/cacheDatasets/tencentBlock/v2/1M/tencentBlock_1639.oracleGeneral.zst
tencentBlock_v2_1M	https://ftp.pdl.cmu.edu/pub/datasets/twemcacheWorkload/cacheDatasets/tencentBlock/v2/1M/tencentBlock_16396.oracleGeneral.zst
tencentBlock_v2_1M	https://ftp.pdl.cmu.edu/pub/datasets/twemcacheWorkload/cacheDatasets/tencentBlock/v2/1M/tencentBlock_16404.oracleGeneral.zst
tencentBlock_v2_1M	https://ftp.pdl.cmu.edu/pub/datasets/twemcacheWorkload/cacheDatasets/tencentBlock/v2/1M/tencentBlock_16411.oracleGeneral.zst
tencentBlock_v2_1M	https://ftp.pdl.cmu.edu/pub/datasets/twemcacheWorkload/cacheDatasets/tencentBlock/v2/1M/tencentBlock_16417.oracleGeneral.zst
tencentBlock_v2_1M	https://ftp.pdl.cmu.edu/pub/datasets/twemcacheWorkload/cacheDatasets/tencentBlock/v2/1M/tencentBlock_16421.oracleGeneral.zst
tencentBlock_v2_1M	https://ftp.pdl.cmu.edu/pub/datasets/twemcacheWorkload/cacheDatasets/tencentBlock/v2/1M/tencentBlock_16426.oracleGeneral.zst
tencentBlock_v2_1M	https://ftp.pdl.cmu.edu/pub/datasets/twemcacheWorkload/cacheDatasets/tencentBlock/v2/1M/tencentBlock_16430.oracleGeneral.zst
tencentBlock_v2_1M	https://ftp.pdl.cmu.edu/pub/datasets/twemcacheWorkload/cacheDatasets/tencentBlock/v2/1M/tencentBlock_16441.oracleGeneral.zst
tencentBlock_v2_1M	https://ftp.pdl.cmu.edu/pub/datasets/twemcacheWorkload/cacheDatasets/tencentBlock/v2/1M/tencentBlock_16443.oracleGeneral.zst
tencentBlock_v2_1M	https://ftp.pdl.cmu.edu/pub/datasets/twemcacheWorkload/cacheDatasets/tencentBlock/v2/1M/tencentBlock_16444.oracleGeneral.zst
tencentBlock_v2_1M	https://ftp.pdl.cmu.edu/pub/datasets/twemcacheWorkload/cacheDatasets/tencentBlock/v2/1M/tencentBlock_16448.oracleGeneral.zst
tencentBlock_v2_1M	https://ftp.pdl.cmu.edu/pub/datasets/twemcacheWorkload/cacheDatasets/tencentBlock/v2/1M/tencentBlock_16450.oracleGeneral.zst
tencentBlock_v2_1M	https://ftp.pdl.cmu.edu/pub/datasets/twemcacheWorkload/cacheDatasets/tencentBlock/v2/1M/tencentBlock_16452.oracleGeneral.zst
tencentBlock_v2_1M	https://ftp.pdl.cmu.edu/pub/datasets/twemcacheWorkload/cacheDatasets/tencentBlock/v2/1M/tencentBlock_16458.oracleGeneral.zst
tencentBlock_v2_1M	https://ftp.pdl.cmu.edu/pub/datasets/twemcacheWorkload/cacheDatasets/tencentBlock/v2/1M/tencentBlock_1646.oracleGeneral.zst
tencentBlock_v2_1M	https://ftp.pdl.cmu.edu/pub/datasets/twemcacheWorkload/cacheDatasets/tencentBlock/v2/1M/tencentBlock_16463.oracleGeneral.zst
tencentBlock_v2_1M	https://ftp.pdl.cmu.edu/pub/datasets/twemcacheWorkload/cacheDatasets/tencentBlock/v2/1M/tencentBlock_16470.oracleGeneral.zst
tencentBlock_v2_1M	https://ftp.pdl.cmu.edu/pub/datasets/twemcacheWorkload/cacheDatasets/tencentBlock/v2/1M/tencentBlock_16477.oracleGeneral.zst
tencentBlock_v2_1M	https://ftp.pdl.cmu.edu/pub/datasets/twemcacheWorkload/cacheDatasets/tencentBlock/v2/1M/tencentBlock_16482.oracleGeneral.zst
tencentBlock_v2_1M	https://ftp.pdl.cmu.edu/pub/datasets/twemcacheWorkload/cacheDatasets/tencentBlock/v2/1M/tencentBlock_16489.oracleGeneral.zst
tencentBlock_v2_1M	https://ftp.pdl.cmu.edu/pub/datasets/twemcacheWorkload/cacheDatasets/tencentBlock/v2/1M/tencentBlock_16497.oracleGeneral.zst
tencentBlock_v2_1M	https://ftp.pdl.cmu.edu/pub/datasets/twemcacheWorkload/cacheDatasets/tencentBlock/v2/1M/tencentBlock_16503.oracleGeneral.zst
tencentBlock_v2_1M	https://ftp.pdl.cmu.edu/pub/datasets/twemcacheWorkload/cacheDatasets/tencentBlock/v2/1M/tencentBlock_16508.oracleGeneral.zst
tencentBlock_v2_1M	https://ftp.pdl.cmu.edu/pub/datasets/twemcacheWorkload/cacheDatasets/tencentBlock/v2/1M/tencentBlock_16517.oracleGeneral.zst
tencentBlock_v2_1M	https://ftp.pdl.cmu.edu/pub/datasets/twemcacheWorkload/cacheDatasets/tencentBlock/v2/1M/tencentBlock_16526.oracleGeneral.zst
tencentBlock_v2_1M	https://ftp.pdl.cmu.edu/pub/datasets/twemcacheWorkload/cacheDatasets/tencentBlock/v2/1M/tencentBlock_16530.oracleGeneral.zst
tencentBlock_v2_1M	https://ftp.pdl.cmu.edu/pub/datasets/twemcacheWorkload/cacheDatasets/tencentBlock/v2/1M/tencentBlock_16533.oracleGeneral.zst
tencentBlock_v2_1M	https://ftp.pdl.cmu.edu/pub/datasets/twemcacheWorkload/cacheDatasets/tencentBlock/v2/1M/tencentBlock_16540.oracleGeneral.zst
tencentBlock_v2_1M	https://ftp.pdl.cmu.edu/pub/datasets/twemcacheWorkload/cacheDatasets/tencentBlock/v2/1M/tencentBlock_16541.oracleGeneral.zst
tencentBlock_v2_1M	https://ftp.pdl.cmu.edu/pub/datasets/twemcacheWorkload/cacheDatasets/tencentBlock/v2/1M/tencentBlock_16557.oracleGeneral.zst
tencentBlock_v2_1M	https://ftp.pdl.cmu.edu/pub/datasets/twemcacheWorkload/cacheDatasets/tencentBlock/v2/1M/tencentBlock_16558.oracleGeneral.zst
tencentBlock_v2_1M	https://ftp.pdl.cmu.edu/pub/datasets/twemcacheWorkload/cacheDatasets/tencentBlock/v2/1M/tencentBlock_16566.oracleGeneral.zst
tencentBlock_v2_1M	https://ftp.pdl.cmu.edu/pub/datasets/twemcacheWorkload/cacheDatasets/tencentBlock/v2/1M/tencentBlock_16570.oracleGeneral.zst
tencentBlock_v2_1M	https://ftp.pdl.cmu.edu/pub/datasets/twemcacheWorkload/cacheDatasets/tencentBlock/v2/1M/tencentBlock_16571.oracleGeneral.zst
tencentBlock_v2_1M	https://ftp.pdl.cmu.edu/pub/datasets/twemcacheWorkload/cacheDatasets/tencentBlock/v2/1M/tencentBlock_16577.oracleGeneral.zst
tencentBlock_v2_1M	https://ftp.pdl.cmu.edu/pub/datasets/twemcacheWorkload/cacheDatasets/tencentBlock/v2/1M/tencentBlock_16587.oracleGeneral.zst
tencentBlock_v2_1M	https://ftp.pdl.cmu.edu/pub/datasets/twemcacheWorkload/cacheDatasets/tencentBlock/v2/1M/tencentBlock_1659.oracleGeneral.zst
tencentBlock_v2_1M	https://ftp.pdl.cmu.edu/pub/datasets/twemcacheWorkload/cacheDatasets/tencentBlock/v2/1M/tencentBlock_16594.oracleGeneral.zst
tencentBlock_v2_1M	https://ftp.pdl.cmu.edu/pub/datasets/twemcacheWorkload/cacheDatasets/tencentBlock/v2/1M/tencentBlock_16601.oracleGeneral.zst
tencentBlock_v2_1M	https://ftp.pdl.cmu.edu/pub/datasets/twemcacheWorkload/cacheDatasets/tencentBlock/v2/1M/tencentBlock_16608.oracleGeneral.zst
tencentBlock_v2_1M	https://ftp.pdl.cmu.edu/pub/datasets/twemcacheWorkload/cacheDatasets/tencentBlock/v2/1M/tencentBlock_16613.oracleGeneral.zst
tencentBlock_v2_1M	https://ftp.pdl.cmu.edu/pub/datasets/twemcacheWorkload/cacheDatasets/tencentBlock/v2/1M/tencentBlock_16618.oracleGeneral.zst
tencentBlock_v2_1M	https://ftp.pdl.cmu.edu/pub/datasets/twemcacheWorkload/cacheDatasets/tencentBlock/v2/1M/tencentBlock_16632.oracleGeneral.zst
tencentBlock_v2_1M	https://ftp.pdl.cmu.edu/pub/datasets/twemcacheWorkload/cacheDatasets/tencentBlock/v2/1M/tencentBlock_16642.oracleGeneral.zst
tencentBlock_v2_1M	https://ftp.pdl.cmu.edu/pub/datasets/twemcacheWorkload/cacheDatasets/tencentBlock/v2/1M/tencentBlock_16644.oracleGeneral.zst
tencentBlock_v2_1M	https://ftp.pdl.cmu.edu/pub/datasets/twemcacheWorkload/cacheDatasets/tencentBlock/v2/1M/tencentBlock_16652.oracleGeneral.zst
tencentBlock_v2_1M	https://ftp.pdl.cmu.edu/pub/datasets/twemcacheWorkload/cacheDatasets/tencentBlock/v2/1M/tencentBlock_16655.oracleGeneral.zst
tencentBlock_v2_1M	https://ftp.pdl.cmu.edu/pub/datasets/twemcacheWorkload/cacheDatasets/tencentBlock/v2/1M/tencentBlock_1666.oracleGeneral.zst
tencentBlock_v2_1M	https://ftp.pdl.cmu.edu/pub/datasets/twemcacheWorkload/cacheDatasets/tencentBlock/v2/1M/tencentBlock_16664.oracleGeneral.zst
tencentBlock_v2_1M	https://ftp.pdl.cmu.edu/pub/datasets/twemcacheWorkload/cacheDatasets/tencentBlock/v2/1M/tencentBlock_16671.oracleGeneral.zst
tencentBlock_v2_1M	https://ftp.pdl.cmu.edu/pub/datasets/twemcacheWorkload/cacheDatasets/tencentBlock/v2/1M/tencentBlock_16678.oracleGeneral.zst
tencentBlock_v2_1M	https://ftp.pdl.cmu.edu/pub/datasets/twemcacheWorkload/cacheDatasets/tencentBlock/v2/1M/tencentBlock_16684.oracleGeneral.zst
tencentBlock_v2_1M	https://ftp.pdl.cmu.edu/pub/datasets/twemcacheWorkload/cacheDatasets/tencentBlock/v2/1M/tencentBlock_16688.oracleGeneral.zst
tencentBlock_v2_1M	https://ftp.pdl.cmu.edu/pub/datasets/twemcacheWorkload/cacheDatasets/tencentBlock/v2/1M/tencentBlock_16692.oracleGeneral.zst
tencentBlock_v2_1M	https://ftp.pdl.cmu.edu/pub/datasets/twemcacheWorkload/cacheDatasets/tencentBlock/v2/1M/tencentBlock_16699.oracleGeneral.zst
tencentBlock_v2_1M	https://ftp.pdl.cmu.edu/pub/datasets/twemcacheWorkload/cacheDatasets/tencentBlock/v2/1M/tencentBlock_1670.oracleGeneral.zst
tencentBlock_v2_1M	https://ftp.pdl.cmu.edu/pub/datasets/twemcacheWorkload/cacheDatasets/tencentBlock/v2/1M/tencentBlock_16706.oracleGeneral.zst
tencentBlock_v2_1M	https://ftp.pdl.cmu.edu/pub/datasets/twemcacheWorkload/cacheDatasets/tencentBlock/v2/1M/tencentBlock_16710.oracleGeneral.zst
tencentBlock_v2_1M	https://ftp.pdl.cmu.edu/pub/datasets/twemcacheWorkload/cacheDatasets/tencentBlock/v2/1M/tencentBlock_16711.oracleGeneral.zst
tencentBlock_v2_1M	https://ftp.pdl.cmu.edu/pub/datasets/twemcacheWorkload/cacheDatasets/tencentBlock/v2/1M/tencentBlock_16715.oracleGeneral.zst
tencentBlock_v2_1M	https://ftp.pdl.cmu.edu/pub/datasets/twemcacheWorkload/cacheDatasets/tencentBlock/v2/1M/tencentBlock_16723.oracleGeneral.zst
tencentBlock_v2_1M	https://ftp.pdl.cmu.edu/pub/datasets/twemcacheWorkload/cacheDatasets/tencentBlock/v2/1M/tencentBlock_16737.oracleGeneral.zst
tencentBlock_v2_1M	https://ftp.pdl.cmu.edu/pub/datasets/twemcacheWorkload/cacheDatasets/tencentBlock/v2/1M/tencentBlock_16751.oracleGeneral.zst
tencentBlock_v2_1M	https://ftp.pdl.cmu.edu/pub/datasets/twemcacheWorkload/cacheDatasets/tencentBlock/v2/1M/tencentBlock_16752.oracleGeneral.zst
tencentBlock_v2_1M	https://ftp.pdl.cmu.edu/pub/datasets/twemcacheWorkload/cacheDatasets/tencentBlock/v2/1M/tencentBlock_16754.oracleGeneral.zst
tencentBlock_v2_1M	https://ftp.pdl.cmu.edu/pub/datasets/twemcacheWorkload/cacheDatasets/tencentBlock/v2/1M/tencentBlock_16757.oracleGeneral.zst
tencentBlock_v2_1M	https://ftp.pdl.cmu.edu/pub/datasets/twemcacheWorkload/cacheDatasets/tencentBlock/v2/1M/tencentBlock_16763.oracleGeneral.zst
tencentBlock_v2_1M	https://ftp.pdl.cmu.edu/pub/datasets/twemcacheWorkload/cacheDatasets/tencentBlock/v2/1M/tencentBlock_16764.oracleGeneral.zst
tencentBlock_v2_1M	https://ftp.pdl.cmu.edu/pub/datasets/twemcacheWorkload/cacheDatasets/tencentBlock/v2/1M/tencentBlock_16775.oracleGeneral.zst
tencentBlock_v2_1M	https://ftp.pdl.cmu.edu/pub/datasets/twemcacheWorkload/cacheDatasets/tencentBlock/v2/1M/tencentBlock_16779.oracleGeneral.zst
tencentBlock_v2_1M	https://ftp.pdl.cmu.edu/pub/datasets/twemcacheWorkload/cacheDatasets/tencentBlock/v2/1M/tencentBlock_1679.oracleGeneral.zst
tencentBlock_v2_1M	https://ftp.pdl.cmu.edu/pub/datasets/twemcacheWorkload/cacheDatasets/tencentBlock/v2/1M/tencentBlock_16797.oracleGeneral.zst
tencentBlock_v2_1M	https://ftp.pdl.cmu.edu/pub/datasets/twemcacheWorkload/cacheDatasets/tencentBlock/v2/1M/tencentBlock_16804.oracleGeneral.zst
tencentBlock_v2_1M	https://ftp.pdl.cmu.edu/pub/datasets/twemcacheWorkload/cacheDatasets/tencentBlock/v2/1M/tencentBlock_16809.oracleGeneral.zst
tencentBlock_v2_1M	https://ftp.pdl.cmu.edu/pub/datasets/twemcacheWorkload/cacheDatasets/tencentBlock/v2/1M/tencentBlock_16810.oracleGeneral.zst
tencentBlock_v2_1M	https://ftp.pdl.cmu.edu/pub/datasets/twemcacheWorkload/cacheDatasets/tencentBlock/v2/1M/tencentBlock_16816.oracleGeneral.zst
tencentBlock_v2_1M	https://ftp.pdl.cmu.edu/pub/datasets/twemcacheWorkload/cacheDatasets/tencentBlock/v2/1M/tencentBlock_1682.oracleGeneral.zst
tencentBlock_v2_1M	https://ftp.pdl.cmu.edu/pub/datasets/twemcacheWorkload/cacheDatasets/tencentBlock/v2/1M/tencentBlock_16820.oracleGeneral.zst
tencentBlock_v2_1M	https://ftp.pdl.cmu.edu/pub/datasets/twemcacheWorkload/cacheDatasets/tencentBlock/v2/1M/tencentBlock_16825.oracleGeneral.zst
tencentBlock_v2_1M	https://ftp.pdl.cmu.edu/pub/datasets/twemcacheWorkload/cacheDatasets/tencentBlock/v2/1M/tencentBlock_16828.oracleGeneral.zst
tencentBlock_v2_1M	https://ftp.pdl.cmu.edu/pub/datasets/twemcacheWorkload/cacheDatasets/tencentBlock/v2/1M/tencentBlock_16837.oracleGeneral.zst
tencentBlock_v2_1M	https://ftp.pdl.cmu.edu/pub/datasets/twemcacheWorkload/cacheDatasets/tencentBlock/v2/1M/tencentBlock_16839.oracleGeneral.zst
tencentBlock_v2_1M	https://ftp.pdl.cmu.edu/pub/datasets/twemcacheWorkload/cacheDatasets/tencentBlock/v2/1M/tencentBlock_16846.oracleGeneral.zst
tencentBlock_v2_1M	https://ftp.pdl.cmu.edu/pub/datasets/twemcacheWorkload/cacheDatasets/tencentBlock/v2/1M/tencentBlock_16849.oracleGeneral.zst
tencentBlock_v2_1M	https://ftp.pdl.cmu.edu/pub/datasets/twemcacheWorkload/cacheDatasets/tencentBlock/v2/1M/tencentBlock_16855.oracleGeneral.zst
tencentBlock_v2_1M	https://ftp.pdl.cmu.edu/pub/datasets/twemcacheWorkload/cacheDatasets/tencentBlock/v2/1M/tencentBlock_16874.oracleGeneral.zst
tencentBlock_v2_1M	https://ftp.pdl.cmu.edu/pub/datasets/twemcacheWorkload/cacheDatasets/tencentBlock/v2/1M/tencentBlock_16878.oracleGeneral.zst
tencentBlock_v2_1M	https://ftp.pdl.cmu.edu/pub/datasets/twemcacheWorkload/cacheDatasets/tencentBlock/v2/1M/tencentBlock_1688.oracleGeneral.zst
tencentBlock_v2_1M	https://ftp.pdl.cmu.edu/pub/datasets/twemcacheWorkload/cacheDatasets/tencentBlock/v2/1M/tencentBlock_16880.oracleGeneral.zst
tencentBlock_v2_1M	https://ftp.pdl.cmu.edu/pub/datasets/twemcacheWorkload/cacheDatasets/tencentBlock/v2/1M/tencentBlock_16889.oracleGeneral.zst
tencentBlock_v2_1M	https://ftp.pdl.cmu.edu/pub/datasets/twemcacheWorkload/cacheDatasets/tencentBlock/v2/1M/tencentBlock_16897.oracleGeneral.zst
tencentBlock_v2_1M	https://ftp.pdl.cmu.edu/pub/datasets/twemcacheWorkload/cacheDatasets/tencentBlock/v2/1M/tencentBlock_1690.oracleGeneral.zst
tencentBlock_v2_1M	https://ftp.pdl.cmu.edu/pub/datasets/twemcacheWorkload/cacheDatasets/tencentBlock/v2/1M/tencentBlock_16903.oracleGeneral.zst
tencentBlock_v2_1M	https://ftp.pdl.cmu.edu/pub/datasets/twemcacheWorkload/cacheDatasets/tencentBlock/v2/1M/tencentBlock_16909.oracleGeneral.zst
tencentBlock_v2_1M	https://ftp.pdl.cmu.edu/pub/datasets/twemcacheWorkload/cacheDatasets/tencentBlock/v2/1M/tencentBlock_16912.oracleGeneral.zst
tencentBlock_v2_1M	https://ftp.pdl.cmu.edu/pub/datasets/twemcacheWorkload/cacheDatasets/tencentBlock/v2/1M/tencentBlock_16919.oracleGeneral.zst
tencentBlock_v2_1M	https://ftp.pdl.cmu.edu/pub/datasets/twemcacheWorkload/cacheDatasets/tencentBlock/v2/1M/tencentBlock_16920.oracleGeneral.zst
tencentBlock_v2_1M	https://ftp.pdl.cmu.edu/pub/datasets/twemcacheWorkload/cacheDatasets/tencentBlock/v2/1M/tencentBlock_16935.oracleGeneral.zst
tencentBlock_v2_1M	https://ftp.pdl.cmu.edu/pub/datasets/twemcacheWorkload/cacheDatasets/tencentBlock/v2/1M/tencentBlock_16944.oracleGeneral.zst
tencentBlock_v2_1M	https://ftp.pdl.cmu.edu/pub/datasets/twemcacheWorkload/cacheDatasets/tencentBlock/v2/1M/tencentBlock_16946.oracleGeneral.zst
tencentBlock_v2_1M	https://ftp.pdl.cmu.edu/pub/datasets/twemcacheWorkload/cacheDatasets/tencentBlock/v2/1M/tencentBlock_1695.oracleGeneral.zst
tencentBlock_v2_1M	https://ftp.pdl.cmu.edu/pub/datasets/twemcacheWorkload/cacheDatasets/tencentBlock/v2/1M/tencentBlock_16952.oracleGeneral.zst
tencentBlock_v2_1M	https://ftp.pdl.cmu.edu/pub/datasets/twemcacheWorkload/cacheDatasets/tencentBlock/v2/1M/tencentBlock_16954.oracleGeneral.zst
tencentBlock_v2_1M	https://ftp.pdl.cmu.edu/pub/datasets/twemcacheWorkload/cacheDatasets/tencentBlock/v2/1M/tencentBlock_16957.oracleGeneral.zst
tencentBlock_v2_1M	https://ftp.pdl.cmu.edu/pub/datasets/twemcacheWorkload/cacheDatasets/tencentBlock/v2/1M/tencentBlock_16964.oracleGeneral.zst
tencentBlock_v2_1M	https://ftp.pdl.cmu.edu/pub/datasets/twemcacheWorkload/cacheDatasets/tencentBlock/v2/1M/tencentBlock_16973.oracleGeneral.zst
tencentBlock_v2_1M	https://ftp.pdl.cmu.edu/pub/datasets/twemcacheWorkload/cacheDatasets/tencentBlock/v2/1M/tencentBlock_16975.oracleGeneral.zst
tencentBlock_v2_1M	https://ftp.pdl.cmu.edu/pub/datasets/twemcacheWorkload/cacheDatasets/tencentBlock/v2/1M/tencentBlock_16977.oracleGeneral.zst
tencentBlock_v2_1M	https://ftp.pdl.cmu.edu/pub/datasets/twemcacheWorkload/cacheDatasets/tencentBlock/v2/1M/tencentBlock_16983.oracleGeneral.zst
tencentBlock_v2_1M	https://ftp.pdl.cmu.edu/pub/datasets/twemcacheWorkload/cacheDatasets/tencentBlock/v2/1M/tencentBlock_16991.oracleGeneral.zst
tencentBlock_v2_1M	https://ftp.pdl.cmu.edu/pub/datasets/twemcacheWorkload/cacheDatasets/tencentBlock/v2/1M/tencentBlock_16999.oracleGeneral.zst
tencentBlock_v2_1M	https://ftp.pdl.cmu.edu/pub/datasets/twemcacheWorkload/cacheDatasets/tencentBlock/v2/1M/tencentBlock_17002.oracleGeneral.zst
tencentBlock_v2_1M	https://ftp.pdl.cmu.edu/pub/datasets/twemcacheWorkload/cacheDatasets/tencentBlock/v2/1M/tencentBlock_17007.oracleGeneral.zst
tencentBlock_v2_1M	https://ftp.pdl.cmu.edu/pub/datasets/twemcacheWorkload/cacheDatasets/tencentBlock/v2/1M/tencentBlock_17013.oracleGeneral.zst
tencentBlock_v2_1M	https://ftp.pdl.cmu.edu/pub/datasets/twemcacheWorkload/cacheDatasets/tencentBlock/v2/1M/tencentBlock_17018.oracleGeneral.zst
tencentBlock_v2_1M	https://ftp.pdl.cmu.edu/pub/datasets/twemcacheWorkload/cacheDatasets/tencentBlock/v2/1M/tencentBlock_17026.oracleGeneral.zst
tencentBlock_v2_1M	https://ftp.pdl.cmu.edu/pub/datasets/twemcacheWorkload/cacheDatasets/tencentBlock/v2/1M/tencentBlock_17035.oracleGeneral.zst
tencentBlock_v2_1M	https://ftp.pdl.cmu.edu/pub/datasets/twemcacheWorkload/cacheDatasets/tencentBlock/v2/1M/tencentBlock_17038.oracleGeneral.zst
tencentBlock_v2_1M	https://ftp.pdl.cmu.edu/pub/datasets/twemcacheWorkload/cacheDatasets/tencentBlock/v2/1M/tencentBlock_17044.oracleGeneral.zst
tencentBlock_v2_1M	https://ftp.pdl.cmu.edu/pub/datasets/twemcacheWorkload/cacheDatasets/tencentBlock/v2/1M/tencentBlock_17052.oracleGeneral.zst
tencentBlock_v2_1M	https://ftp.pdl.cmu.edu/pub/datasets/twemcacheWorkload/cacheDatasets/tencentBlock/v2/1M/tencentBlock_17060.oracleGeneral.zst
tencentBlock_v2_1M	https://ftp.pdl.cmu.edu/pub/datasets/twemcacheWorkload/cacheDatasets/tencentBlock/v2/1M/tencentBlock_17061.oracleGeneral.zst
tencentBlock_v2_1M	https://ftp.pdl.cmu.edu/pub/datasets/twemcacheWorkload/cacheDatasets/tencentBlock/v2/1M/tencentBlock_1707.oracleGeneral.zst
tencentBlock_v2_1M	https://ftp.pdl.cmu.edu/pub/datasets/twemcacheWorkload/cacheDatasets/tencentBlock/v2/1M/tencentBlock_17070.oracleGeneral.zst
tencentBlock_v2_1M	https://ftp.pdl.cmu.edu/pub/datasets/twemcacheWorkload/cacheDatasets/tencentBlock/v2/1M/tencentBlock_17073.oracleGeneral.zst
tencentBlock_v2_1M	https://ftp.pdl.cmu.edu/pub/datasets/twemcacheWorkload/cacheDatasets/tencentBlock/v2/1M/tencentBlock_17081.oracleGeneral.zst
tencentBlock_v2_1M	https://ftp.pdl.cmu.edu/pub/datasets/twemcacheWorkload/cacheDatasets/tencentBlock/v2/1M/tencentBlock_17082.oracleGeneral.zst
tencentBlock_v2_1M	https://ftp.pdl.cmu.edu/pub/datasets/twemcacheWorkload/cacheDatasets/tencentBlock/v2/1M/tencentBlock_17085.oracleGeneral.zst
tencentBlock_v2_1M	https://ftp.pdl.cmu.edu/pub/datasets/twemcacheWorkload/cacheDatasets/tencentBlock/v2/1M/tencentBlock_17094.oracleGeneral.zst
tencentBlock_v2_1M	https://ftp.pdl.cmu.edu/pub/datasets/twemcacheWorkload/cacheDatasets/tencentBlock/v2/1M/tencentBlock_17111.oracleGeneral.zst
tencentBlock_v2_1M	https://ftp.pdl.cmu.edu/pub/datasets/twemcacheWorkload/cacheDatasets/tencentBlock/v2/1M/tencentBlock_17112.oracleGeneral.zst
tencentBlock_v2_1M	https://ftp.pdl.cmu.edu/pub/datasets/twemcacheWorkload/cacheDatasets/tencentBlock/v2/1M/tencentBlock_17114.oracleGeneral.zst
tencentBlock_v2_1M	https://ftp.pdl.cmu.edu/pub/datasets/twemcacheWorkload/cacheDatasets/tencentBlock/v2/1M/tencentBlock_17115.oracleGeneral.zst
tencentBlock_v2_1M	https://ftp.pdl.cmu.edu/pub/datasets/twemcacheWorkload/cacheDatasets/tencentBlock/v2/1M/tencentBlock_17124.oracleGeneral.zst
tencentBlock_v2_1M	https://ftp.pdl.cmu.edu/pub/datasets/twemcacheWorkload/cacheDatasets/tencentBlock/v2/1M/tencentBlock_17132.oracleGeneral.zst
tencentBlock_v2_1M	https://ftp.pdl.cmu.edu/pub/datasets/twemcacheWorkload/cacheDatasets/tencentBlock/v2/1M/tencentBlock_17141.oracleGeneral.zst
tencentBlock_v2_1M	https://ftp.pdl.cmu.edu/pub/datasets/twemcacheWorkload/cacheDatasets/tencentBlock/v2/1M/tencentBlock_17143.oracleGeneral.zst
tencentBlock_v2_1M	https://ftp.pdl.cmu.edu/pub/datasets/twemcacheWorkload/cacheDatasets/tencentBlock/v2/1M/tencentBlock_17149.oracleGeneral.zst
tencentBlock_v2_1M	https://ftp.pdl.cmu.edu/pub/datasets/twemcacheWorkload/cacheDatasets/tencentBlock/v2/1M/tencentBlock_17154.oracleGeneral.zst
tencentBlock_v2_1M	https://ftp.pdl.cmu.edu/pub/datasets/twemcacheWorkload/cacheDatasets/tencentBlock/v2/1M/tencentBlock_17160.oracleGeneral.zst
tencentBlock_v2_1M	https://ftp.pdl.cmu.edu/pub/datasets/twemcacheWorkload/cacheDatasets/tencentBlock/v2/1M/tencentBlock_17169.oracleGeneral.zst
tencentBlock_v2_1M	https://ftp.pdl.cmu.edu/pub/datasets/twemcacheWorkload/cacheDatasets/tencentBlock/v2/1M/tencentBlock_1717.oracleGeneral.zst
tencentBlock_v2_1M	https://ftp.pdl.cmu.edu/pub/datasets/twemcacheWorkload/cacheDatasets/tencentBlock/v2/1M/tencentBlock_17179.oracleGeneral.zst
tencentBlock_v2_1M	https://ftp.pdl.cmu.edu/pub/datasets/twemcacheWorkload/cacheDatasets/tencentBlock/v2/1M/tencentBlock_17184.oracleGeneral.zst
tencentBlock_v2_1M	https://ftp.pdl.cmu.edu/pub/datasets/twemcacheWorkload/cacheDatasets/tencentBlock/v2/1M/tencentBlock_17191.oracleGeneral.zst
tencentBlock_v2_1M	https://ftp.pdl.cmu.edu/pub/datasets/twemcacheWorkload/cacheDatasets/tencentBlock/v2/1M/tencentBlock_17194.oracleGeneral.zst
tencentBlock_v2_1M	https://ftp.pdl.cmu.edu/pub/datasets/twemcacheWorkload/cacheDatasets/tencentBlock/v2/1M/tencentBlock_17202.oracleGeneral.zst
tencentBlock_v2_1M	https://ftp.pdl.cmu.edu/pub/datasets/twemcacheWorkload/cacheDatasets/tencentBlock/v2/1M/tencentBlock_17209.oracleGeneral.zst
tencentBlock_v2_1M	https://ftp.pdl.cmu.edu/pub/datasets/twemcacheWorkload/cacheDatasets/tencentBlock/v2/1M/tencentBlock_17212.oracleGeneral.zst
tencentBlock_v2_1M	https://ftp.pdl.cmu.edu/pub/datasets/twemcacheWorkload/cacheDatasets/tencentBlock/v2/1M/tencentBlock_1722.oracleGeneral.zst
tencentBlock_v2_1M	https://ftp.pdl.cmu.edu/pub/datasets/twemcacheWorkload/cacheDatasets/tencentBlock/v2/1M/tencentBlock_17220.oracleGeneral.zst
tencentBlock_v2_1M	https://ftp.pdl.cmu.edu/pub/datasets/twemcacheWorkload/cacheDatasets/tencentBlock/v2/1M/tencentBlock_17227.oracleGeneral.zst
tencentBlock_v2_1M	https://ftp.pdl.cmu.edu/pub/datasets/twemcacheWorkload/cacheDatasets/tencentBlock/v2/1M/tencentBlock_17229.oracleGeneral.zst
tencentBlock_v2_1M	https://ftp.pdl.cmu.edu/pub/datasets/twemcacheWorkload/cacheDatasets/tencentBlock/v2/1M/tencentBlock_17236.oracleGeneral.zst
tencentBlock_v2_1M	https://ftp.pdl.cmu.edu/pub/datasets/twemcacheWorkload/cacheDatasets/tencentBlock/v2/1M/tencentBlock_17243.oracleGeneral.zst
tencentBlock_v2_1M	https://ftp.pdl.cmu.edu/pub/datasets/twemcacheWorkload/cacheDatasets/tencentBlock/v2/1M/tencentBlock_17247.oracleGeneral.zst
tencentBlock_v2_1M	https://ftp.pdl.cmu.edu/pub/datasets/twemcacheWorkload/cacheDatasets/tencentBlock/v2/1M/tencentBlock_17253.oracleGeneral.zst
tencentBlock_v2_1M	https://ftp.pdl.cmu.edu/pub/datasets/twemcacheWorkload/cacheDatasets/tencentBlock/v2/1M/tencentBlock_17261.oracleGeneral.zst
tencentBlock_v2_1M	https://ftp.pdl.cmu.edu/pub/datasets/twemcacheWorkload/cacheDatasets/tencentBlock/v2/1M/tencentBlock_17268.oracleGeneral.zst
tencentBlock_v2_1M	https://ftp.pdl.cmu.edu/pub/datasets/twemcacheWorkload/cacheDatasets/tencentBlock/v2/1M/tencentBlock_17269.oracleGeneral.zst
tencentBlock_v2_1M	https://ftp.pdl.cmu.edu/pub/datasets/twemcacheWorkload/cacheDatasets/tencentBlock/v2/1M/tencentBlock_1727.oracleGeneral.zst
tencentBlock_v2_1M	https://ftp.pdl.cmu.edu/pub/datasets/twemcacheWorkload/cacheDatasets/tencentBlock/v2/1M/tencentBlock_17282.oracleGeneral.zst
tencentBlock_v2_1M	https://ftp.pdl.cmu.edu/pub/datasets/twemcacheWorkload/cacheDatasets/tencentBlock/v2/1M/tencentBlock_17293.oracleGeneral.zst
tencentBlock_v2_1M	https://ftp.pdl.cmu.edu/pub/datasets/twemcacheWorkload/cacheDatasets/tencentBlock/v2/1M/tencentBlock_17295.oracleGeneral.zst
tencentBlock_v2_1M	https://ftp.pdl.cmu.edu/pub/datasets/twemcacheWorkload/cacheDatasets/tencentBlock/v2/1M/tencentBlock_17296.oracleGeneral.zst
tencentBlock_v2_1M	https://ftp.pdl.cmu.edu/pub/datasets/twemcacheWorkload/cacheDatasets/tencentBlock/v2/1M/tencentBlock_17301.oracleGeneral.zst
tencentBlock_v2_1M	https://ftp.pdl.cmu.edu/pub/datasets/twemcacheWorkload/cacheDatasets/tencentBlock/v2/1M/tencentBlock_17304.oracleGeneral.zst
tencentBlock_v2_1M	https://ftp.pdl.cmu.edu/pub/datasets/twemcacheWorkload/cacheDatasets/tencentBlock/v2/1M/tencentBlock_17317.oracleGeneral.zst
tencentBlock_v2_1M	https://ftp.pdl.cmu.edu/pub/datasets/twemcacheWorkload/cacheDatasets/tencentBlock/v2/1M/tencentBlock_17326.oracleGeneral.zst
tencentBlock_v2_1M	https://ftp.pdl.cmu.edu/pub/datasets/twemcacheWorkload/cacheDatasets/tencentBlock/v2/1M/tencentBlock_1733.oracleGeneral.zst
tencentBlock_v2_1M	https://ftp.pdl.cmu.edu/pub/datasets/twemcacheWorkload/cacheDatasets/tencentBlock/v2/1M/tencentBlock_17339.oracleGeneral.zst
tencentBlock_v2_1M	https://ftp.pdl.cmu.edu/pub/datasets/twemcacheWorkload/cacheDatasets/tencentBlock/v2/1M/tencentBlock_17348.oracleGeneral.zst
tencentBlock_v2_1M	https://ftp.pdl.cmu.edu/pub/datasets/twemcacheWorkload/cacheDatasets/tencentBlock/v2/1M/tencentBlock_17358.oracleGeneral.zst
tencentBlock_v2_1M	https://ftp.pdl.cmu.edu/pub/datasets/twemcacheWorkload/cacheDatasets/tencentBlock/v2/1M/tencentBlock_17367.oracleGeneral.zst
tencentBlock_v2_1M	https://ftp.pdl.cmu.edu/pub/datasets/twemcacheWorkload/cacheDatasets/tencentBlock/v2/1M/tencentBlock_17373.oracleGeneral.zst
tencentBlock_v2_1M	https://ftp.pdl.cmu.edu/pub/datasets/twemcacheWorkload/cacheDatasets/tencentBlock/v2/1M/tencentBlock_17382.oracleGeneral.zst
tencentBlock_v2_1M	https://ftp.pdl.cmu.edu/pub/datasets/twemcacheWorkload/cacheDatasets/tencentBlock/v2/1M/tencentBlock_1740.oracleGeneral.zst
tencentBlock_v2_1M	https://ftp.pdl.cmu.edu/pub/datasets/twemcacheWorkload/cacheDatasets/tencentBlock/v2/1M/tencentBlock_17408.oracleGeneral.zst
tencentBlock_v2_1M	https://ftp.pdl.cmu.edu/pub/datasets/twemcacheWorkload/cacheDatasets/tencentBlock/v2/1M/tencentBlock_17412.oracleGeneral.zst
tencentBlock_v2_1M	https://ftp.pdl.cmu.edu/pub/datasets/twemcacheWorkload/cacheDatasets/tencentBlock/v2/1M/tencentBlock_17421.oracleGeneral.zst
tencentBlock_v2_1M	https://ftp.pdl.cmu.edu/pub/datasets/twemcacheWorkload/cacheDatasets/tencentBlock/v2/1M/tencentBlock_17428.oracleGeneral.zst
tencentBlock_v2_1M	https://ftp.pdl.cmu.edu/pub/datasets/twemcacheWorkload/cacheDatasets/tencentBlock/v2/1M/tencentBlock_17432.oracleGeneral.zst
tencentBlock_v2_1M	https://ftp.pdl.cmu.edu/pub/datasets/twemcacheWorkload/cacheDatasets/tencentBlock/v2/1M/tencentBlock_17435.oracleGeneral.zst
tencentBlock_v2_1M	https://ftp.pdl.cmu.edu/pub/datasets/twemcacheWorkload/cacheDatasets/tencentBlock/v2/1M/tencentBlock_17444.oracleGeneral.zst
tencentBlock_v2_1M	https://ftp.pdl.cmu.edu/pub/datasets/twemcacheWorkload/cacheDatasets/tencentBlock/v2/1M/tencentBlock_17452.oracleGeneral.zst
tencentBlock_v2_1M	https://ftp.pdl.cmu.edu/pub/datasets/twemcacheWorkload/cacheDatasets/tencentBlock/v2/1M/tencentBlock_1746.oracleGeneral.zst
tencentBlock_v2_1M	https://ftp.pdl.cmu.edu/pub/datasets/twemcacheWorkload/cacheDatasets/tencentBlock/v2/1M/tencentBlock_17460.oracleGeneral.zst
tencentBlock_v2_1M	https://ftp.pdl.cmu.edu/pub/datasets/twemcacheWorkload/cacheDatasets/tencentBlock/v2/1M/tencentBlock_17463.oracleGeneral.zst
tencentBlock_v2_1M	https://ftp.pdl.cmu.edu/pub/datasets/twemcacheWorkload/cacheDatasets/tencentBlock/v2/1M/tencentBlock_17465.oracleGeneral.zst
tencentBlock_v2_1M	https://ftp.pdl.cmu.edu/pub/datasets/twemcacheWorkload/cacheDatasets/tencentBlock/v2/1M/tencentBlock_17470.oracleGeneral.zst
tencentBlock_v2_1M	https://ftp.pdl.cmu.edu/pub/datasets/twemcacheWorkload/cacheDatasets/tencentBlock/v2/1M/tencentBlock_17474.oracleGeneral.zst
tencentBlock_v2_1M	https://ftp.pdl.cmu.edu/pub/datasets/twemcacheWorkload/cacheDatasets/tencentBlock/v2/1M/tencentBlock_17482.oracleGeneral.zst
tencentBlock_v2_1M	https://ftp.pdl.cmu.edu/pub/datasets/twemcacheWorkload/cacheDatasets/tencentBlock/v2/1M/tencentBlock_17489.oracleGeneral.zst
tencentBlock_v2_1M	https://ftp.pdl.cmu.edu/pub/datasets/twemcacheWorkload/cacheDatasets/tencentBlock/v2/1M/tencentBlock_17495.oracleGeneral.zst
tencentBlock_v2_1M	https://ftp.pdl.cmu.edu/pub/datasets/twemcacheWorkload/cacheDatasets/tencentBlock/v2/1M/tencentBlock_17504.oracleGeneral.zst
tencentBlock_v2_1M	https://ftp.pdl.cmu.edu/pub/datasets/twemcacheWorkload/cacheDatasets/tencentBlock/v2/1M/tencentBlock_17507.oracleGeneral.zst
tencentBlock_v2_1M	https://ftp.pdl.cmu.edu/pub/datasets/twemcacheWorkload/cacheDatasets/tencentBlock/v2/1M/tencentBlock_17519.oracleGeneral.zst
tencentBlock_v2_1M	https://ftp.pdl.cmu.edu/pub/datasets/twemcacheWorkload/cacheDatasets/tencentBlock/v2/1M/tencentBlock_17524.oracleGeneral.zst
tencentBlock_v2_1M	https://ftp.pdl.cmu.edu/pub/datasets/twemcacheWorkload/cacheDatasets/tencentBlock/v2/1M/tencentBlock_17525.oracleGeneral.zst
tencentBlock_v2_1M	https://ftp.pdl.cmu.edu/pub/datasets/twemcacheWorkload/cacheDatasets/tencentBlock/v2/1M/tencentBlock_1753.oracleGeneral.zst
tencentBlock_v2_1M	https://ftp.pdl.cmu.edu/pub/datasets/twemcacheWorkload/cacheDatasets/tencentBlock/v2/1M/tencentBlock_17531.oracleGeneral.zst
tencentBlock_v2_1M	https://ftp.pdl.cmu.edu/pub/datasets/twemcacheWorkload/cacheDatasets/tencentBlock/v2/1M/tencentBlock_17541.oracleGeneral.zst
tencentBlock_v2_1M	https://ftp.pdl.cmu.edu/pub/datasets/twemcacheWorkload/cacheDatasets/tencentBlock/v2/1M/tencentBlock_17546.oracleGeneral.zst
tencentBlock_v2_1M	https://ftp.pdl.cmu.edu/pub/datasets/twemcacheWorkload/cacheDatasets/tencentBlock/v2/1M/tencentBlock_1755.oracleGeneral.zst
tencentBlock_v2_1M	https://ftp.pdl.cmu.edu/pub/datasets/twemcacheWorkload/cacheDatasets/tencentBlock/v2/1M/tencentBlock_17553.oracleGeneral.zst
tencentBlock_v2_1M	https://ftp.pdl.cmu.edu/pub/datasets/twemcacheWorkload/cacheDatasets/tencentBlock/v2/1M/tencentBlock_17558.oracleGeneral.zst
tencentBlock_v2_1M	https://ftp.pdl.cmu.edu/pub/datasets/twemcacheWorkload/cacheDatasets/tencentBlock/v2/1M/tencentBlock_17559.oracleGeneral.zst
tencentBlock_v2_1M	https://ftp.pdl.cmu.edu/pub/datasets/twemcacheWorkload/cacheDatasets/tencentBlock/v2/1M/tencentBlock_17567.oracleGeneral.zst
tencentBlock_v2_1M	https://ftp.pdl.cmu.edu/pub/datasets/twemcacheWorkload/cacheDatasets/tencentBlock/v2/1M/tencentBlock_17570.oracleGeneral.zst
tencentBlock_v2_1M	https://ftp.pdl.cmu.edu/pub/datasets/twemcacheWorkload/cacheDatasets/tencentBlock/v2/1M/tencentBlock_17571.oracleGeneral.zst
tencentBlock_v2_1M	https://ftp.pdl.cmu.edu/pub/datasets/twemcacheWorkload/cacheDatasets/tencentBlock/v2/1M/tencentBlock_17573.oracleGeneral.zst
tencentBlock_v2_1M	https://ftp.pdl.cmu.edu/pub/datasets/twemcacheWorkload/cacheDatasets/tencentBlock/v2/1M/tencentBlock_17579.oracleGeneral.zst
tencentBlock_v2_1M	https://ftp.pdl.cmu.edu/pub/datasets/twemcacheWorkload/cacheDatasets/tencentBlock/v2/1M/tencentBlock_17585.oracleGeneral.zst
tencentBlock_v2_1M	https://ftp.pdl.cmu.edu/pub/datasets/twemcacheWorkload/cacheDatasets/tencentBlock/v2/1M/tencentBlock_17593.oracleGeneral.zst
tencentBlock_v2_1M	https://ftp.pdl.cmu.edu/pub/datasets/twemcacheWorkload/cacheDatasets/tencentBlock/v2/1M/tencentBlock_17601.oracleGeneral.zst
tencentBlock_v2_1M	https://ftp.pdl.cmu.edu/pub/datasets/twemcacheWorkload/cacheDatasets/tencentBlock/v2/1M/tencentBlock_17604.oracleGeneral.zst
tencentBlock_v2_1M	https://ftp.pdl.cmu.edu/pub/datasets/twemcacheWorkload/cacheDatasets/tencentBlock/v2/1M/tencentBlock_17606.oracleGeneral.zst
tencentBlock_v2_1M	https://ftp.pdl.cmu.edu/pub/datasets/twemcacheWorkload/cacheDatasets/tencentBlock/v2/1M/tencentBlock_17615.oracleGeneral.zst
tencentBlock_v2_1M	https://ftp.pdl.cmu.edu/pub/datasets/twemcacheWorkload/cacheDatasets/tencentBlock/v2/1M/tencentBlock_17620.oracleGeneral.zst
tencentBlock_v2_1M	https://ftp.pdl.cmu.edu/pub/datasets/twemcacheWorkload/cacheDatasets/tencentBlock/v2/1M/tencentBlock_17624.oracleGeneral.zst
tencentBlock_v2_1M	https://ftp.pdl.cmu.edu/pub/datasets/twemcacheWorkload/cacheDatasets/tencentBlock/v2/1M/tencentBlock_17629.oracleGeneral.zst
tencentBlock_v2_1M	https://ftp.pdl.cmu.edu/pub/datasets/twemcacheWorkload/cacheDatasets/tencentBlock/v2/1M/tencentBlock_17638.oracleGeneral.zst
tencentBlock_v2_1M	https://ftp.pdl.cmu.edu/pub/datasets/twemcacheWorkload/cacheDatasets/tencentBlock/v2/1M/tencentBlock_17645.oracleGeneral.zst
tencentBlock_v2_1M	https://ftp.pdl.cmu.edu/pub/datasets/twemcacheWorkload/cacheDatasets/tencentBlock/v2/1M/tencentBlock_1765.oracleGeneral.zst
tencentBlock_v2_1M	https://ftp.pdl.cmu.edu/pub/datasets/twemcacheWorkload/cacheDatasets/tencentBlock/v2/1M/tencentBlock_17657.oracleGeneral.zst
tencentBlock_v2_1M	https://ftp.pdl.cmu.edu/pub/datasets/twemcacheWorkload/cacheDatasets/tencentBlock/v2/1M/tencentBlock_17665.oracleGeneral.zst
tencentBlock_v2_1M	https://ftp.pdl.cmu.edu/pub/datasets/twemcacheWorkload/cacheDatasets/tencentBlock/v2/1M/tencentBlock_17668.oracleGeneral.zst
tencentBlock_v2_1M	https://ftp.pdl.cmu.edu/pub/datasets/twemcacheWorkload/cacheDatasets/tencentBlock/v2/1M/tencentBlock_17671.oracleGeneral.zst
tencentBlock_v2_1M	https://ftp.pdl.cmu.edu/pub/datasets/twemcacheWorkload/cacheDatasets/tencentBlock/v2/1M/tencentBlock_17675.oracleGeneral.zst
tencentBlock_v2_1M	https://ftp.pdl.cmu.edu/pub/datasets/twemcacheWorkload/cacheDatasets/tencentBlock/v2/1M/tencentBlock_17676.oracleGeneral.zst
tencentBlock_v2_1M	https://ftp.pdl.cmu.edu/pub/datasets/twemcacheWorkload/cacheDatasets/tencentBlock/v2/1M/tencentBlock_17680.oracleGeneral.zst
tencentBlock_v2_1M	https://ftp.pdl.cmu.edu/pub/datasets/twemcacheWorkload/cacheDatasets/tencentBlock/v2/1M/tencentBlock_17681.oracleGeneral.zst
tencentBlock_v2_1M	https://ftp.pdl.cmu.edu/pub/datasets/twemcacheWorkload/cacheDatasets/tencentBlock/v2/1M/tencentBlock_17689.oracleGeneral.zst
tencentBlock_v2_1M	https://ftp.pdl.cmu.edu/pub/datasets/twemcacheWorkload/cacheDatasets/tencentBlock/v2/1M/tencentBlock_17692.oracleGeneral.zst
tencentBlock_v2_1M	https://ftp.pdl.cmu.edu/pub/datasets/twemcacheWorkload/cacheDatasets/tencentBlock/v2/1M/tencentBlock_17697.oracleGeneral.zst
tencentBlock_v2_1M	https://ftp.pdl.cmu.edu/pub/datasets/twemcacheWorkload/cacheDatasets/tencentBlock/v2/1M/tencentBlock_17705.oracleGeneral.zst
tencentBlock_v2_1M	https://ftp.pdl.cmu.edu/pub/datasets/twemcacheWorkload/cacheDatasets/tencentBlock/v2/1M/tencentBlock_17716.oracleGeneral.zst
tencentBlock_v2_1M	https://ftp.pdl.cmu.edu/pub/datasets/twemcacheWorkload/cacheDatasets/tencentBlock/v2/1M/tencentBlock_17722.oracleGeneral.zst
tencentBlock_v2_1M	https://ftp.pdl.cmu.edu/pub/datasets/twemcacheWorkload/cacheDatasets/tencentBlock/v2/1M/tencentBlock_17723.oracleGeneral.zst
tencentBlock_v2_1M	https://ftp.pdl.cmu.edu/pub/datasets/twemcacheWorkload/cacheDatasets/tencentBlock/v2/1M/tencentBlock_17731.oracleGeneral.zst
tencentBlock_v2_1M	https://ftp.pdl.cmu.edu/pub/datasets/twemcacheWorkload/cacheDatasets/tencentBlock/v2/1M/tencentBlock_1774.oracleGeneral.zst
tencentBlock_v2_1M	https://ftp.pdl.cmu.edu/pub/datasets/twemcacheWorkload/cacheDatasets/tencentBlock/v2/1M/tencentBlock_17740.oracleGeneral.zst
tencentBlock_v2_1M	https://ftp.pdl.cmu.edu/pub/datasets/twemcacheWorkload/cacheDatasets/tencentBlock/v2/1M/tencentBlock_17743.oracleGeneral.zst
tencentBlock_v2_1M	https://ftp.pdl.cmu.edu/pub/datasets/twemcacheWorkload/cacheDatasets/tencentBlock/v2/1M/tencentBlock_17750.oracleGeneral.zst
tencentBlock_v2_1M	https://ftp.pdl.cmu.edu/pub/datasets/twemcacheWorkload/cacheDatasets/tencentBlock/v2/1M/tencentBlock_17755.oracleGeneral.zst
tencentBlock_v2_1M	https://ftp.pdl.cmu.edu/pub/datasets/twemcacheWorkload/cacheDatasets/tencentBlock/v2/1M/tencentBlock_17757.oracleGeneral.zst
tencentBlock_v2_1M	https://ftp.pdl.cmu.edu/pub/datasets/twemcacheWorkload/cacheDatasets/tencentBlock/v2/1M/tencentBlock_17764.oracleGeneral.zst
tencentBlock_v2_1M	https://ftp.pdl.cmu.edu/pub/datasets/twemcacheWorkload/cacheDatasets/tencentBlock/v2/1M/tencentBlock_17771.oracleGeneral.zst
tencentBlock_v2_1M	https://ftp.pdl.cmu.edu/pub/datasets/twemcacheWorkload/cacheDatasets/tencentBlock/v2/1M/tencentBlock_17776.oracleGeneral.zst
tencentBlock_v2_1M	https://ftp.pdl.cmu.edu/pub/datasets/twemcacheWorkload/cacheDatasets/tencentBlock/v2/1M/tencentBlock_17785.oracleGeneral.zst
tencentBlock_v2_1M	https://ftp.pdl.cmu.edu/pub/datasets/twemcacheWorkload/cacheDatasets/tencentBlock/v2/1M/tencentBlock_17793.oracleGeneral.zst
tencentBlock_v2_1M	https://ftp.pdl.cmu.edu/pub/datasets/twemcacheWorkload/cacheDatasets/tencentBlock/v2/1M/tencentBlock_17798.oracleGeneral.zst
tencentBlock_v2_1M	https://ftp.pdl.cmu.edu/pub/datasets/twemcacheWorkload/cacheDatasets/tencentBlock/v2/1M/tencentBlock_1780.oracleGeneral.zst
tencentBlock_v2_1M	https://ftp.pdl.cmu.edu/pub/datasets/twemcacheWorkload/cacheDatasets/tencentBlock/v2/1M/tencentBlock_17806.oracleGeneral.zst
tencentBlock_v2_1M	https://ftp.pdl.cmu.edu/pub/datasets/twemcacheWorkload/cacheDatasets/tencentBlock/v2/1M/tencentBlock_17810.oracleGeneral.zst
tencentBlock_v2_1M	https://ftp.pdl.cmu.edu/pub/datasets/twemcacheWorkload/cacheDatasets/tencentBlock/v2/1M/tencentBlock_17813.oracleGeneral.zst
tencentBlock_v2_1M	https://ftp.pdl.cmu.edu/pub/datasets/twemcacheWorkload/cacheDatasets/tencentBlock/v2/1M/tencentBlock_17818.oracleGeneral.zst
tencentBlock_v2_1M	https://ftp.pdl.cmu.edu/pub/datasets/twemcacheWorkload/cacheDatasets/tencentBlock/v2/1M/tencentBlock_17822.oracleGeneral.zst
tencentBlock_v2_1M	https://ftp.pdl.cmu.edu/pub/datasets/twemcacheWorkload/cacheDatasets/tencentBlock/v2/1M/tencentBlock_17824.oracleGeneral.zst
tencentBlock_v2_1M	https://ftp.pdl.cmu.edu/pub/datasets/twemcacheWorkload/cacheDatasets/tencentBlock/v2/1M/tencentBlock_17829.oracleGeneral.zst
tencentBlock_v2_1M	https://ftp.pdl.cmu.edu/pub/datasets/twemcacheWorkload/cacheDatasets/tencentBlock/v2/1M/tencentBlock_17830.oracleGeneral.zst
tencentBlock_v2_1M	https://ftp.pdl.cmu.edu/pub/datasets/twemcacheWorkload/cacheDatasets/tencentBlock/v2/1M/tencentBlock_17835.oracleGeneral.zst
tencentBlock_v2_1M	https://ftp.pdl.cmu.edu/pub/datasets/twemcacheWorkload/cacheDatasets/tencentBlock/v2/1M/tencentBlock_1784.oracleGeneral.zst
tencentBlock_v2_1M	https://ftp.pdl.cmu.edu/pub/datasets/twemcacheWorkload/cacheDatasets/tencentBlock/v2/1M/tencentBlock_17843.oracleGeneral.zst
tencentBlock_v2_1M	https://ftp.pdl.cmu.edu/pub/datasets/twemcacheWorkload/cacheDatasets/tencentBlock/v2/1M/tencentBlock_17852.oracleGeneral.zst
tencentBlock_v2_1M	https://ftp.pdl.cmu.edu/pub/datasets/twemcacheWorkload/cacheDatasets/tencentBlock/v2/1M/tencentBlock_17859.oracleGeneral.zst
tencentBlock_v2_1M	https://ftp.pdl.cmu.edu/pub/datasets/twemcacheWorkload/cacheDatasets/tencentBlock/v2/1M/tencentBlock_17860.oracleGeneral.zst
tencentBlock_v2_1M	https://ftp.pdl.cmu.edu/pub/datasets/twemcacheWorkload/cacheDatasets/tencentBlock/v2/1M/tencentBlock_17867.oracleGeneral.zst
tencentBlock_v2_1M	https://ftp.pdl.cmu.edu/pub/datasets/twemcacheWorkload/cacheDatasets/tencentBlock/v2/1M/tencentBlock_17873.oracleGeneral.zst
tencentBlock_v2_1M	https://ftp.pdl.cmu.edu/pub/datasets/twemcacheWorkload/cacheDatasets/tencentBlock/v2/1M/tencentBlock_17878.oracleGeneral.zst
tencentBlock_v2_1M	https://ftp.pdl.cmu.edu/pub/datasets/twemcacheWorkload/cacheDatasets/tencentBlock/v2/1M/tencentBlock_17882.oracleGeneral.zst
tencentBlock_v2_1M	https://ftp.pdl.cmu.edu/pub/datasets/twemcacheWorkload/cacheDatasets/tencentBlock/v2/1M/tencentBlock_17885.oracleGeneral.zst
tencentBlock_v2_1M	https://ftp.pdl.cmu.edu/pub/datasets/twemcacheWorkload/cacheDatasets/tencentBlock/v2/1M/tencentBlock_17887.oracleGeneral.zst
tencentBlock_v2_1M	https://ftp.pdl.cmu.edu/pub/datasets/twemcacheWorkload/cacheDatasets/tencentBlock/v2/1M/tencentBlock_17891.oracleGeneral.zst
tencentBlock_v2_1M	https://ftp.pdl.cmu.edu/pub/datasets/twemcacheWorkload/cacheDatasets/tencentBlock/v2/1M/tencentBlock_17894.oracleGeneral.zst
tencentBlock_v2_1M	https://ftp.pdl.cmu.edu/pub/datasets/twemcacheWorkload/cacheDatasets/tencentBlock/v2/1M/tencentBlock_17902.oracleGeneral.zst
tencentBlock_v2_1M	https://ftp.pdl.cmu.edu/pub/datasets/twemcacheWorkload/cacheDatasets/tencentBlock/v2/1M/tencentBlock_17906.oracleGeneral.zst
tencentBlock_v2_1M	https://ftp.pdl.cmu.edu/pub/datasets/twemcacheWorkload/cacheDatasets/tencentBlock/v2/1M/tencentBlock_17910.oracleGeneral.zst
tencentBlock_v2_1M	https://ftp.pdl.cmu.edu/pub/datasets/twemcacheWorkload/cacheDatasets/tencentBlock/v2/1M/tencentBlock_17912.oracleGeneral.zst
tencentBlock_v2_1M	https://ftp.pdl.cmu.edu/pub/datasets/twemcacheWorkload/cacheDatasets/tencentBlock/v2/1M/tencentBlock_17932.oracleGeneral.zst
tencentBlock_v2_1M	https://ftp.pdl.cmu.edu/pub/datasets/twemcacheWorkload/cacheDatasets/tencentBlock/v2/1M/tencentBlock_17940.oracleGeneral.zst
tencentBlock_v2_1M	https://ftp.pdl.cmu.edu/pub/datasets/twemcacheWorkload/cacheDatasets/tencentBlock/v2/1M/tencentBlock_17954.oracleGeneral.zst
tencentBlock_v2_1M	https://ftp.pdl.cmu.edu/pub/datasets/twemcacheWorkload/cacheDatasets/tencentBlock/v2/1M/tencentBlock_17958.oracleGeneral.zst
tencentBlock_v2_1M	https://ftp.pdl.cmu.edu/pub/datasets/twemcacheWorkload/cacheDatasets/tencentBlock/v2/1M/tencentBlock_17963.oracleGeneral.zst
tencentBlock_v2_1M	https://ftp.pdl.cmu.edu/pub/datasets/twemcacheWorkload/cacheDatasets/tencentBlock/v2/1M/tencentBlock_17972.oracleGeneral.zst
tencentBlock_v2_1M	https://ftp.pdl.cmu.edu/pub/datasets/twemcacheWorkload/cacheDatasets/tencentBlock/v2/1M/tencentBlock_17974.oracleGeneral.zst
tencentBlock_v2_1M	https://ftp.pdl.cmu.edu/pub/datasets/twemcacheWorkload/cacheDatasets/tencentBlock/v2/1M/tencentBlock_17981.oracleGeneral.zst
tencentBlock_v2_1M	https://ftp.pdl.cmu.edu/pub/datasets/twemcacheWorkload/cacheDatasets/tencentBlock/v2/1M/tencentBlock_17983.oracleGeneral.zst
tencentBlock_v2_1M	https://ftp.pdl.cmu.edu/pub/datasets/twemcacheWorkload/cacheDatasets/tencentBlock/v2/1M/tencentBlock_17988.oracleGeneral.zst
tencentBlock_v2_1M	https://ftp.pdl.cmu.edu/pub/datasets/twemcacheWorkload/cacheDatasets/tencentBlock/v2/1M/tencentBlock_1799.oracleGeneral.zst
tencentBlock_v2_1M	https://ftp.pdl.cmu.edu/pub/datasets/twemcacheWorkload/cacheDatasets/tencentBlock/v2/1M/tencentBlock_17991.oracleGeneral.zst
tencentBlock_v2_1M	https://ftp.pdl.cmu.edu/pub/datasets/twemcacheWorkload/cacheDatasets/tencentBlock/v2/1M/tencentBlock_18004.oracleGeneral.zst
tencentBlock_v2_1M	https://ftp.pdl.cmu.edu/pub/datasets/twemcacheWorkload/cacheDatasets/tencentBlock/v2/1M/tencentBlock_18013.oracleGeneral.zst
tencentBlock_v2_1M	https://ftp.pdl.cmu.edu/pub/datasets/twemcacheWorkload/cacheDatasets/tencentBlock/v2/1M/tencentBlock_18018.oracleGeneral.zst
tencentBlock_v2_1M	https://ftp.pdl.cmu.edu/pub/datasets/twemcacheWorkload/cacheDatasets/tencentBlock/v2/1M/tencentBlock_18027.oracleGeneral.zst
tencentBlock_v2_1M	https://ftp.pdl.cmu.edu/pub/datasets/twemcacheWorkload/cacheDatasets/tencentBlock/v2/1M/tencentBlock_18038.oracleGeneral.zst
tencentBlock_v2_1M	https://ftp.pdl.cmu.edu/pub/datasets/twemcacheWorkload/cacheDatasets/tencentBlock/v2/1M/tencentBlock_18047.oracleGeneral.zst
tencentBlock_v2_1M	https://ftp.pdl.cmu.edu/pub/datasets/twemcacheWorkload/cacheDatasets/tencentBlock/v2/1M/tencentBlock_18052.oracleGeneral.zst
tencentBlock_v2_1M	https://ftp.pdl.cmu.edu/pub/datasets/twemcacheWorkload/cacheDatasets/tencentBlock/v2/1M/tencentBlock_18055.oracleGeneral.zst
tencentBlock_v2_1M	https://ftp.pdl.cmu.edu/pub/datasets/twemcacheWorkload/cacheDatasets/tencentBlock/v2/1M/tencentBlock_18060.oracleGeneral.zst
tencentBlock_v2_1M	https://ftp.pdl.cmu.edu/pub/datasets/twemcacheWorkload/cacheDatasets/tencentBlock/v2/1M/tencentBlock_18063.oracleGeneral.zst
tencentBlock_v2_1M	https://ftp.pdl.cmu.edu/pub/datasets/twemcacheWorkload/cacheDatasets/tencentBlock/v2/1M/tencentBlock_18072.oracleGeneral.zst
tencentBlock_v2_1M	https://ftp.pdl.cmu.edu/pub/datasets/twemcacheWorkload/cacheDatasets/tencentBlock/v2/1M/tencentBlock_18094.oracleGeneral.zst
tencentBlock_v2_1M	https://ftp.pdl.cmu.edu/pub/datasets/twemcacheWorkload/cacheDatasets/tencentBlock/v2/1M/tencentBlock_18108.oracleGeneral.zst
tencentBlock_v2_1M	https://ftp.pdl.cmu.edu/pub/datasets/twemcacheWorkload/cacheDatasets/tencentBlock/v2/1M/tencentBlock_1811.oracleGeneral.zst
tencentBlock_v2_1M	https://ftp.pdl.cmu.edu/pub/datasets/twemcacheWorkload/cacheDatasets/tencentBlock/v2/1M/tencentBlock_18121.oracleGeneral.zst
tencentBlock_v2_1M	https://ftp.pdl.cmu.edu/pub/datasets/twemcacheWorkload/cacheDatasets/tencentBlock/v2/1M/tencentBlock_18128.oracleGeneral.zst
tencentBlock_v2_1M	https://ftp.pdl.cmu.edu/pub/datasets/twemcacheWorkload/cacheDatasets/tencentBlock/v2/1M/tencentBlock_18153.oracleGeneral.zst
tencentBlock_v2_1M	https://ftp.pdl.cmu.edu/pub/datasets/twemcacheWorkload/cacheDatasets/tencentBlock/v2/1M/tencentBlock_18157.oracleGeneral.zst
tencentBlock_v2_1M	https://ftp.pdl.cmu.edu/pub/datasets/twemcacheWorkload/cacheDatasets/tencentBlock/v2/1M/tencentBlock_18158.oracleGeneral.zst
tencentBlock_v2_1M	https://ftp.pdl.cmu.edu/pub/datasets/twemcacheWorkload/cacheDatasets/tencentBlock/v2/1M/tencentBlock_18167.oracleGeneral.zst
tencentBlock_v2_1M	https://ftp.pdl.cmu.edu/pub/datasets/twemcacheWorkload/cacheDatasets/tencentBlock/v2/1M/tencentBlock_18168.oracleGeneral.zst
tencentBlock_v2_1M	https://ftp.pdl.cmu.edu/pub/datasets/twemcacheWorkload/cacheDatasets/tencentBlock/v2/1M/tencentBlock_1817.oracleGeneral.zst
tencentBlock_v2_1M	https://ftp.pdl.cmu.edu/pub/datasets/twemcacheWorkload/cacheDatasets/tencentBlock/v2/1M/tencentBlock_18172.oracleGeneral.zst
tencentBlock_v2_1M	https://ftp.pdl.cmu.edu/pub/datasets/twemcacheWorkload/cacheDatasets/tencentBlock/v2/1M/tencentBlock_18180.oracleGeneral.zst
tencentBlock_v2_1M	https://ftp.pdl.cmu.edu/pub/datasets/twemcacheWorkload/cacheDatasets/tencentBlock/v2/1M/tencentBlock_18188.oracleGeneral.zst
tencentBlock_v2_1M	https://ftp.pdl.cmu.edu/pub/datasets/twemcacheWorkload/cacheDatasets/tencentBlock/v2/1M/tencentBlock_18204.oracleGeneral.zst
tencentBlock_v2_1M	https://ftp.pdl.cmu.edu/pub/datasets/twemcacheWorkload/cacheDatasets/tencentBlock/v2/1M/tencentBlock_18211.oracleGeneral.zst
tencentBlock_v2_1M	https://ftp.pdl.cmu.edu/pub/datasets/twemcacheWorkload/cacheDatasets/tencentBlock/v2/1M/tencentBlock_18212.oracleGeneral.zst
tencentBlock_v2_1M	https://ftp.pdl.cmu.edu/pub/datasets/twemcacheWorkload/cacheDatasets/tencentBlock/v2/1M/tencentBlock_18215.oracleGeneral.zst
tencentBlock_v2_1M	https://ftp.pdl.cmu.edu/pub/datasets/twemcacheWorkload/cacheDatasets/tencentBlock/v2/1M/tencentBlock_18220.oracleGeneral.zst
tencentBlock_v2_1M	https://ftp.pdl.cmu.edu/pub/datasets/twemcacheWorkload/cacheDatasets/tencentBlock/v2/1M/tencentBlock_18227.oracleGeneral.zst
tencentBlock_v2_1M	https://ftp.pdl.cmu.edu/pub/datasets/twemcacheWorkload/cacheDatasets/tencentBlock/v2/1M/tencentBlock_18228.oracleGeneral.zst
tencentBlock_v2_1M	https://ftp.pdl.cmu.edu/pub/datasets/twemcacheWorkload/cacheDatasets/tencentBlock/v2/1M/tencentBlock_18237.oracleGeneral.zst
tencentBlock_v2_1M	https://ftp.pdl.cmu.edu/pub/datasets/twemcacheWorkload/cacheDatasets/tencentBlock/v2/1M/tencentBlock_18242.oracleGeneral.zst
tencentBlock_v2_1M	https://ftp.pdl.cmu.edu/pub/datasets/twemcacheWorkload/cacheDatasets/tencentBlock/v2/1M/tencentBlock_18245.oracleGeneral.zst
tencentBlock_v2_1M	https://ftp.pdl.cmu.edu/pub/datasets/twemcacheWorkload/cacheDatasets/tencentBlock/v2/1M/tencentBlock_18254.oracleGeneral.zst
tencentBlock_v2_1M	https://ftp.pdl.cmu.edu/pub/datasets/twemcacheWorkload/cacheDatasets/tencentBlock/v2/1M/tencentBlock_18261.oracleGeneral.zst
tencentBlock_v2_1M	https://ftp.pdl.cmu.edu/pub/datasets/twemcacheWorkload/cacheDatasets/tencentBlock/v2/1M/tencentBlock_18265.oracleGeneral.zst
tencentBlock_v2_1M	https://ftp.pdl.cmu.edu/pub/datasets/twemcacheWorkload/cacheDatasets/tencentBlock/v2/1M/tencentBlock_18274.oracleGeneral.zst
tencentBlock_v2_1M	https://ftp.pdl.cmu.edu/pub/datasets/twemcacheWorkload/cacheDatasets/tencentBlock/v2/1M/tencentBlock_18279.oracleGeneral.zst
tencentBlock_v2_1M	https://ftp.pdl.cmu.edu/pub/datasets/twemcacheWorkload/cacheDatasets/tencentBlock/v2/1M/tencentBlock_18283.oracleGeneral.zst
tencentBlock_v2_1M	https://ftp.pdl.cmu.edu/pub/datasets/twemcacheWorkload/cacheDatasets/tencentBlock/v2/1M/tencentBlock_18297.oracleGeneral.zst
tencentBlock_v2_1M	https://ftp.pdl.cmu.edu/pub/datasets/twemcacheWorkload/cacheDatasets/tencentBlock/v2/1M/tencentBlock_1830.oracleGeneral.zst
tencentBlock_v2_1M	https://ftp.pdl.cmu.edu/pub/datasets/twemcacheWorkload/cacheDatasets/tencentBlock/v2/1M/tencentBlock_18312.oracleGeneral.zst
tencentBlock_v2_1M	https://ftp.pdl.cmu.edu/pub/datasets/twemcacheWorkload/cacheDatasets/tencentBlock/v2/1M/tencentBlock_18331.oracleGeneral.zst
tencentBlock_v2_1M	https://ftp.pdl.cmu.edu/pub/datasets/twemcacheWorkload/cacheDatasets/tencentBlock/v2/1M/tencentBlock_18339.oracleGeneral.zst
tencentBlock_v2_1M	https://ftp.pdl.cmu.edu/pub/datasets/twemcacheWorkload/cacheDatasets/tencentBlock/v2/1M/tencentBlock_1834.oracleGeneral.zst
tencentBlock_v2_1M	https://ftp.pdl.cmu.edu/pub/datasets/twemcacheWorkload/cacheDatasets/tencentBlock/v2/1M/tencentBlock_18342.oracleGeneral.zst
tencentBlock_v2_1M	https://ftp.pdl.cmu.edu/pub/datasets/twemcacheWorkload/cacheDatasets/tencentBlock/v2/1M/tencentBlock_18348.oracleGeneral.zst
tencentBlock_v2_1M	https://ftp.pdl.cmu.edu/pub/datasets/twemcacheWorkload/cacheDatasets/tencentBlock/v2/1M/tencentBlock_18357.oracleGeneral.zst
tencentBlock_v2_1M	https://ftp.pdl.cmu.edu/pub/datasets/twemcacheWorkload/cacheDatasets/tencentBlock/v2/1M/tencentBlock_18364.oracleGeneral.zst
tencentBlock_v2_1M	https://ftp.pdl.cmu.edu/pub/datasets/twemcacheWorkload/cacheDatasets/tencentBlock/v2/1M/tencentBlock_18369.oracleGeneral.zst
tencentBlock_v2_1M	https://ftp.pdl.cmu.edu/pub/datasets/twemcacheWorkload/cacheDatasets/tencentBlock/v2/1M/tencentBlock_18374.oracleGeneral.zst
tencentBlock_v2_1M	https://ftp.pdl.cmu.edu/pub/datasets/twemcacheWorkload/cacheDatasets/tencentBlock/v2/1M/tencentBlock_18377.oracleGeneral.zst
tencentBlock_v2_1M	https://ftp.pdl.cmu.edu/pub/datasets/twemcacheWorkload/cacheDatasets/tencentBlock/v2/1M/tencentBlock_18385.oracleGeneral.zst
tencentBlock_v2_1M	https://ftp.pdl.cmu.edu/pub/datasets/twemcacheWorkload/cacheDatasets/tencentBlock/v2/1M/tencentBlock_18393.oracleGeneral.zst
tencentBlock_v2_1M	https://ftp.pdl.cmu.edu/pub/datasets/twemcacheWorkload/cacheDatasets/tencentBlock/v2/1M/tencentBlock_18399.oracleGeneral.zst
tencentBlock_v2_1M	https://ftp.pdl.cmu.edu/pub/datasets/twemcacheWorkload/cacheDatasets/tencentBlock/v2/1M/tencentBlock_18408.oracleGeneral.zst
tencentBlock_v2_1M	https://ftp.pdl.cmu.edu/pub/datasets/twemcacheWorkload/cacheDatasets/tencentBlock/v2/1M/tencentBlock_18416.oracleGeneral.zst
tencentBlock_v2_1M	https://ftp.pdl.cmu.edu/pub/datasets/twemcacheWorkload/cacheDatasets/tencentBlock/v2/1M/tencentBlock_18421.oracleGeneral.zst
tencentBlock_v2_1M	https://ftp.pdl.cmu.edu/pub/datasets/twemcacheWorkload/cacheDatasets/tencentBlock/v2/1M/tencentBlock_18435.oracleGeneral.zst
tencentBlock_v2_1M	https://ftp.pdl.cmu.edu/pub/datasets/twemcacheWorkload/cacheDatasets/tencentBlock/v2/1M/tencentBlock_1844.oracleGeneral.zst
tencentBlock_v2_1M	https://ftp.pdl.cmu.edu/pub/datasets/twemcacheWorkload/cacheDatasets/tencentBlock/v2/1M/tencentBlock_18444.oracleGeneral.zst
tencentBlock_v2_1M	https://ftp.pdl.cmu.edu/pub/datasets/twemcacheWorkload/cacheDatasets/tencentBlock/v2/1M/tencentBlock_18447.oracleGeneral.zst
tencentBlock_v2_1M	https://ftp.pdl.cmu.edu/pub/datasets/twemcacheWorkload/cacheDatasets/tencentBlock/v2/1M/tencentBlock_18453.oracleGeneral.zst
tencentBlock_v2_1M	https://ftp.pdl.cmu.edu/pub/datasets/twemcacheWorkload/cacheDatasets/tencentBlock/v2/1M/tencentBlock_18461.oracleGeneral.zst
tencentBlock_v2_1M	https://ftp.pdl.cmu.edu/pub/datasets/twemcacheWorkload/cacheDatasets/tencentBlock/v2/1M/tencentBlock_18462.oracleGeneral.zst
tencentBlock_v2_1M	https://ftp.pdl.cmu.edu/pub/datasets/twemcacheWorkload/cacheDatasets/tencentBlock/v2/1M/tencentBlock_18473.oracleGeneral.zst
tencentBlock_v2_1M	https://ftp.pdl.cmu.edu/pub/datasets/twemcacheWorkload/cacheDatasets/tencentBlock/v2/1M/tencentBlock_18476.oracleGeneral.zst
tencentBlock_v2_1M	https://ftp.pdl.cmu.edu/pub/datasets/twemcacheWorkload/cacheDatasets/tencentBlock/v2/1M/tencentBlock_18485.oracleGeneral.zst
tencentBlock_v2_1M	https://ftp.pdl.cmu.edu/pub/datasets/twemcacheWorkload/cacheDatasets/tencentBlock/v2/1M/tencentBlock_1849.oracleGeneral.zst
tencentBlock_v2_1M	https://ftp.pdl.cmu.edu/pub/datasets/twemcacheWorkload/cacheDatasets/tencentBlock/v2/1M/tencentBlock_18493.oracleGeneral.zst
tencentBlock_v2_1M	https://ftp.pdl.cmu.edu/pub/datasets/twemcacheWorkload/cacheDatasets/tencentBlock/v2/1M/tencentBlock_18495.oracleGeneral.zst
tencentBlock_v2_1M	https://ftp.pdl.cmu.edu/pub/datasets/twemcacheWorkload/cacheDatasets/tencentBlock/v2/1M/tencentBlock_18497.oracleGeneral.zst
tencentBlock_v2_1M	https://ftp.pdl.cmu.edu/pub/datasets/twemcacheWorkload/cacheDatasets/tencentBlock/v2/1M/tencentBlock_1851.oracleGeneral.zst
tencentBlock_v2_1M	https://ftp.pdl.cmu.edu/pub/datasets/twemcacheWorkload/cacheDatasets/tencentBlock/v2/1M/tencentBlock_18514.oracleGeneral.zst
tencentBlock_v2_1M	https://ftp.pdl.cmu.edu/pub/datasets/twemcacheWorkload/cacheDatasets/tencentBlock/v2/1M/tencentBlock_18522.oracleGeneral.zst
tencentBlock_v2_1M	https://ftp.pdl.cmu.edu/pub/datasets/twemcacheWorkload/cacheDatasets/tencentBlock/v2/1M/tencentBlock_18530.oracleGeneral.zst
tencentBlock_v2_1M	https://ftp.pdl.cmu.edu/pub/datasets/twemcacheWorkload/cacheDatasets/tencentBlock/v2/1M/tencentBlock_18539.oracleGeneral.zst
tencentBlock_v2_1M	https://ftp.pdl.cmu.edu/pub/datasets/twemcacheWorkload/cacheDatasets/tencentBlock/v2/1M/tencentBlock_18548.oracleGeneral.zst
tencentBlock_v2_1M	https://ftp.pdl.cmu.edu/pub/datasets/twemcacheWorkload/cacheDatasets/tencentBlock/v2/1M/tencentBlock_18557.oracleGeneral.zst
tencentBlock_v2_1M	https://ftp.pdl.cmu.edu/pub/datasets/twemcacheWorkload/cacheDatasets/tencentBlock/v2/1M/tencentBlock_18560.oracleGeneral.zst
tencentBlock_v2_1M	https://ftp.pdl.cmu.edu/pub/datasets/twemcacheWorkload/cacheDatasets/tencentBlock/v2/1M/tencentBlock_18565.oracleGeneral.zst
tencentBlock_v2_1M	https://ftp.pdl.cmu.edu/pub/datasets/twemcacheWorkload/cacheDatasets/tencentBlock/v2/1M/tencentBlock_18572.oracleGeneral.zst
tencentBlock_v2_1M	https://ftp.pdl.cmu.edu/pub/datasets/twemcacheWorkload/cacheDatasets/tencentBlock/v2/1M/tencentBlock_18581.oracleGeneral.zst
tencentBlock_v2_1M	https://ftp.pdl.cmu.edu/pub/datasets/twemcacheWorkload/cacheDatasets/tencentBlock/v2/1M/tencentBlock_18588.oracleGeneral.zst
tencentBlock_v2_1M	https://ftp.pdl.cmu.edu/pub/datasets/twemcacheWorkload/cacheDatasets/tencentBlock/v2/1M/tencentBlock_1859.oracleGeneral.zst
tencentBlock_v2_1M	https://ftp.pdl.cmu.edu/pub/datasets/twemcacheWorkload/cacheDatasets/tencentBlock/v2/1M/tencentBlock_18599.oracleGeneral.zst
tencentBlock_v2_1M	https://ftp.pdl.cmu.edu/pub/datasets/twemcacheWorkload/cacheDatasets/tencentBlock/v2/1M/tencentBlock_18610.oracleGeneral.zst
tencentBlock_v2_1M	https://ftp.pdl.cmu.edu/pub/datasets/twemcacheWorkload/cacheDatasets/tencentBlock/v2/1M/tencentBlock_18617.oracleGeneral.zst
tencentBlock_v2_1M	https://ftp.pdl.cmu.edu/pub/datasets/twemcacheWorkload/cacheDatasets/tencentBlock/v2/1M/tencentBlock_18623.oracleGeneral.zst
tencentBlock_v2_1M	https://ftp.pdl.cmu.edu/pub/datasets/twemcacheWorkload/cacheDatasets/tencentBlock/v2/1M/tencentBlock_18627.oracleGeneral.zst
tencentBlock_v2_1M	https://ftp.pdl.cmu.edu/pub/datasets/twemcacheWorkload/cacheDatasets/tencentBlock/v2/1M/tencentBlock_18633.oracleGeneral.zst
tencentBlock_v2_1M	https://ftp.pdl.cmu.edu/pub/datasets/twemcacheWorkload/cacheDatasets/tencentBlock/v2/1M/tencentBlock_18638.oracleGeneral.zst
tencentBlock_v2_1M	https://ftp.pdl.cmu.edu/pub/datasets/twemcacheWorkload/cacheDatasets/tencentBlock/v2/1M/tencentBlock_18639.oracleGeneral.zst
tencentBlock_v2_1M	https://ftp.pdl.cmu.edu/pub/datasets/twemcacheWorkload/cacheDatasets/tencentBlock/v2/1M/tencentBlock_18644.oracleGeneral.zst
tencentBlock_v2_1M	https://ftp.pdl.cmu.edu/pub/datasets/twemcacheWorkload/cacheDatasets/tencentBlock/v2/1M/tencentBlock_18646.oracleGeneral.zst
tencentBlock_v2_1M	https://ftp.pdl.cmu.edu/pub/datasets/twemcacheWorkload/cacheDatasets/tencentBlock/v2/1M/tencentBlock_18654.oracleGeneral.zst
tencentBlock_v2_1M	https://ftp.pdl.cmu.edu/pub/datasets/twemcacheWorkload/cacheDatasets/tencentBlock/v2/1M/tencentBlock_18667.oracleGeneral.zst
tencentBlock_v2_1M	https://ftp.pdl.cmu.edu/pub/datasets/twemcacheWorkload/cacheDatasets/tencentBlock/v2/1M/tencentBlock_18671.oracleGeneral.zst
tencentBlock_v2_1M	https://ftp.pdl.cmu.edu/pub/datasets/twemcacheWorkload/cacheDatasets/tencentBlock/v2/1M/tencentBlock_18678.oracleGeneral.zst
tencentBlock_v2_1M	https://ftp.pdl.cmu.edu/pub/datasets/twemcacheWorkload/cacheDatasets/tencentBlock/v2/1M/tencentBlock_18682.oracleGeneral.zst
tencentBlock_v2_1M	https://ftp.pdl.cmu.edu/pub/datasets/twemcacheWorkload/cacheDatasets/tencentBlock/v2/1M/tencentBlock_18695.oracleGeneral.zst
tencentBlock_v2_1M	https://ftp.pdl.cmu.edu/pub/datasets/twemcacheWorkload/cacheDatasets/tencentBlock/v2/1M/tencentBlock_18699.oracleGeneral.zst
tencentBlock_v2_1M	https://ftp.pdl.cmu.edu/pub/datasets/twemcacheWorkload/cacheDatasets/tencentBlock/v2/1M/tencentBlock_18700.oracleGeneral.zst
tencentBlock_v2_1M	https://ftp.pdl.cmu.edu/pub/datasets/twemcacheWorkload/cacheDatasets/tencentBlock/v2/1M/tencentBlock_18702.oracleGeneral.zst
tencentBlock_v2_1M	https://ftp.pdl.cmu.edu/pub/datasets/twemcacheWorkload/cacheDatasets/tencentBlock/v2/1M/tencentBlock_18711.oracleGeneral.zst
tencentBlock_v2_1M	https://ftp.pdl.cmu.edu/pub/datasets/twemcacheWorkload/cacheDatasets/tencentBlock/v2/1M/tencentBlock_18712.oracleGeneral.zst
tencentBlock_v2_1M	https://ftp.pdl.cmu.edu/pub/datasets/twemcacheWorkload/cacheDatasets/tencentBlock/v2/1M/tencentBlock_18715.oracleGeneral.zst
tencentBlock_v2_1M	https://ftp.pdl.cmu.edu/pub/datasets/twemcacheWorkload/cacheDatasets/tencentBlock/v2/1M/tencentBlock_18721.oracleGeneral.zst
tencentBlock_v2_1M	https://ftp.pdl.cmu.edu/pub/datasets/twemcacheWorkload/cacheDatasets/tencentBlock/v2/1M/tencentBlock_18722.oracleGeneral.zst
tencentBlock_v2_1M	https://ftp.pdl.cmu.edu/pub/datasets/twemcacheWorkload/cacheDatasets/tencentBlock/v2/1M/tencentBlock_18727.oracleGeneral.zst
tencentBlock_v2_1M	https://ftp.pdl.cmu.edu/pub/datasets/twemcacheWorkload/cacheDatasets/tencentBlock/v2/1M/tencentBlock_1873.oracleGeneral.zst
tencentBlock_v2_1M	https://ftp.pdl.cmu.edu/pub/datasets/twemcacheWorkload/cacheDatasets/tencentBlock/v2/1M/tencentBlock_18735.oracleGeneral.zst
tencentBlock_v2_1M	https://ftp.pdl.cmu.edu/pub/datasets/twemcacheWorkload/cacheDatasets/tencentBlock/v2/1M/tencentBlock_1874.oracleGeneral.zst
tencentBlock_v2_1M	https://ftp.pdl.cmu.edu/pub/datasets/twemcacheWorkload/cacheDatasets/tencentBlock/v2/1M/tencentBlock_18743.oracleGeneral.zst
tencentBlock_v2_1M	https://ftp.pdl.cmu.edu/pub/datasets/twemcacheWorkload/cacheDatasets/tencentBlock/v2/1M/tencentBlock_18748.oracleGeneral.zst
tencentBlock_v2_1M	https://ftp.pdl.cmu.edu/pub/datasets/twemcacheWorkload/cacheDatasets/tencentBlock/v2/1M/tencentBlock_18757.oracleGeneral.zst
tencentBlock_v2_1M	https://ftp.pdl.cmu.edu/pub/datasets/twemcacheWorkload/cacheDatasets/tencentBlock/v2/1M/tencentBlock_18765.oracleGeneral.zst
tencentBlock_v2_1M	https://ftp.pdl.cmu.edu/pub/datasets/twemcacheWorkload/cacheDatasets/tencentBlock/v2/1M/tencentBlock_18770.oracleGeneral.zst
tencentBlock_v2_1M	https://ftp.pdl.cmu.edu/pub/datasets/twemcacheWorkload/cacheDatasets/tencentBlock/v2/1M/tencentBlock_18781.oracleGeneral.zst
tencentBlock_v2_1M	https://ftp.pdl.cmu.edu/pub/datasets/twemcacheWorkload/cacheDatasets/tencentBlock/v2/1M/tencentBlock_18789.oracleGeneral.zst
tencentBlock_v2_1M	https://ftp.pdl.cmu.edu/pub/datasets/twemcacheWorkload/cacheDatasets/tencentBlock/v2/1M/tencentBlock_18803.oracleGeneral.zst
tencentBlock_v2_1M	https://ftp.pdl.cmu.edu/pub/datasets/twemcacheWorkload/cacheDatasets/tencentBlock/v2/1M/tencentBlock_18807.oracleGeneral.zst
tencentBlock_v2_1M	https://ftp.pdl.cmu.edu/pub/datasets/twemcacheWorkload/cacheDatasets/tencentBlock/v2/1M/tencentBlock_18808.oracleGeneral.zst
tencentBlock_v2_1M	https://ftp.pdl.cmu.edu/pub/datasets/twemcacheWorkload/cacheDatasets/tencentBlock/v2/1M/tencentBlock_18810.oracleGeneral.zst
tencentBlock_v2_1M	https://ftp.pdl.cmu.edu/pub/datasets/twemcacheWorkload/cacheDatasets/tencentBlock/v2/1M/tencentBlock_1882.oracleGeneral.zst
tencentBlock_v2_1M	https://ftp.pdl.cmu.edu/pub/datasets/twemcacheWorkload/cacheDatasets/tencentBlock/v2/1M/tencentBlock_18820.oracleGeneral.zst
tencentBlock_v2_1M	https://ftp.pdl.cmu.edu/pub/datasets/twemcacheWorkload/cacheDatasets/tencentBlock/v2/1M/tencentBlock_18826.oracleGeneral.zst
tencentBlock_v2_1M	https://ftp.pdl.cmu.edu/pub/datasets/twemcacheWorkload/cacheDatasets/tencentBlock/v2/1M/tencentBlock_18840.oracleGeneral.zst
tencentBlock_v2_1M	https://ftp.pdl.cmu.edu/pub/datasets/twemcacheWorkload/cacheDatasets/tencentBlock/v2/1M/tencentBlock_18849.oracleGeneral.zst
tencentBlock_v2_1M	https://ftp.pdl.cmu.edu/pub/datasets/twemcacheWorkload/cacheDatasets/tencentBlock/v2/1M/tencentBlock_18851.oracleGeneral.zst
tencentBlock_v2_1M	https://ftp.pdl.cmu.edu/pub/datasets/twemcacheWorkload/cacheDatasets/tencentBlock/v2/1M/tencentBlock_18859.oracleGeneral.zst
tencentBlock_v2_1M	https://ftp.pdl.cmu.edu/pub/datasets/twemcacheWorkload/cacheDatasets/tencentBlock/v2/1M/tencentBlock_18862.oracleGeneral.zst
tencentBlock_v2_1M	https://ftp.pdl.cmu.edu/pub/datasets/twemcacheWorkload/cacheDatasets/tencentBlock/v2/1M/tencentBlock_18865.oracleGeneral.zst
tencentBlock_v2_1M	https://ftp.pdl.cmu.edu/pub/datasets/twemcacheWorkload/cacheDatasets/tencentBlock/v2/1M/tencentBlock_18868.oracleGeneral.zst
tencentBlock_v2_1M	https://ftp.pdl.cmu.edu/pub/datasets/twemcacheWorkload/cacheDatasets/tencentBlock/v2/1M/tencentBlock_18875.oracleGeneral.zst
tencentBlock_v2_1M	https://ftp.pdl.cmu.edu/pub/datasets/twemcacheWorkload/cacheDatasets/tencentBlock/v2/1M/tencentBlock_18883.oracleGeneral.zst
tencentBlock_v2_1M	https://ftp.pdl.cmu.edu/pub/datasets/twemcacheWorkload/cacheDatasets/tencentBlock/v2/1M/tencentBlock_18887.oracleGeneral.zst
tencentBlock_v2_1M	https://ftp.pdl.cmu.edu/pub/datasets/twemcacheWorkload/cacheDatasets/tencentBlock/v2/1M/tencentBlock_18893.oracleGeneral.zst
tencentBlock_v2_1M	https://ftp.pdl.cmu.edu/pub/datasets/twemcacheWorkload/cacheDatasets/tencentBlock/v2/1M/tencentBlock_18897.oracleGeneral.zst
tencentBlock_v2_1M	https://ftp.pdl.cmu.edu/pub/datasets/twemcacheWorkload/cacheDatasets/tencentBlock/v2/1M/tencentBlock_18899.oracleGeneral.zst
tencentBlock_v2_1M	https://ftp.pdl.cmu.edu/pub/datasets/twemcacheWorkload/cacheDatasets/tencentBlock/v2/1M/tencentBlock_18905.oracleGeneral.zst
tencentBlock_v2_1M	https://ftp.pdl.cmu.edu/pub/datasets/twemcacheWorkload/cacheDatasets/tencentBlock/v2/1M/tencentBlock_18907.oracleGeneral.zst
tencentBlock_v2_1M	https://ftp.pdl.cmu.edu/pub/datasets/twemcacheWorkload/cacheDatasets/tencentBlock/v2/1M/tencentBlock_1891.oracleGeneral.zst
tencentBlock_v2_1M	https://ftp.pdl.cmu.edu/pub/datasets/twemcacheWorkload/cacheDatasets/tencentBlock/v2/1M/tencentBlock_18912.oracleGeneral.zst
tencentBlock_v2_1M	https://ftp.pdl.cmu.edu/pub/datasets/twemcacheWorkload/cacheDatasets/tencentBlock/v2/1M/tencentBlock_18926.oracleGeneral.zst
tencentBlock_v2_1M	https://ftp.pdl.cmu.edu/pub/datasets/twemcacheWorkload/cacheDatasets/tencentBlock/v2/1M/tencentBlock_18927.oracleGeneral.zst
tencentBlock_v2_1M	https://ftp.pdl.cmu.edu/pub/datasets/twemcacheWorkload/cacheDatasets/tencentBlock/v2/1M/tencentBlock_18932.oracleGeneral.zst
tencentBlock_v2_1M	https://ftp.pdl.cmu.edu/pub/datasets/twemcacheWorkload/cacheDatasets/tencentBlock/v2/1M/tencentBlock_18940.oracleGeneral.zst
tencentBlock_v2_1M	https://ftp.pdl.cmu.edu/pub/datasets/twemcacheWorkload/cacheDatasets/tencentBlock/v2/1M/tencentBlock_18945.oracleGeneral.zst
tencentBlock_v2_1M	https://ftp.pdl.cmu.edu/pub/datasets/twemcacheWorkload/cacheDatasets/tencentBlock/v2/1M/tencentBlock_18951.oracleGeneral.zst
tencentBlock_v2_1M	https://ftp.pdl.cmu.edu/pub/datasets/twemcacheWorkload/cacheDatasets/tencentBlock/v2/1M/tencentBlock_18970.oracleGeneral.zst
tencentBlock_v2_1M	https://ftp.pdl.cmu.edu/pub/datasets/twemcacheWorkload/cacheDatasets/tencentBlock/v2/1M/tencentBlock_18974.oracleGeneral.zst
tencentBlock_v2_1M	https://ftp.pdl.cmu.edu/pub/datasets/twemcacheWorkload/cacheDatasets/tencentBlock/v2/1M/tencentBlock_18981.oracleGeneral.zst
tencentBlock_v2_1M	https://ftp.pdl.cmu.edu/pub/datasets/twemcacheWorkload/cacheDatasets/tencentBlock/v2/1M/tencentBlock_18986.oracleGeneral.zst
tencentBlock_v2_1M	https://ftp.pdl.cmu.edu/pub/datasets/twemcacheWorkload/cacheDatasets/tencentBlock/v2/1M/tencentBlock_18992.oracleGeneral.zst
tencentBlock_v2_1M	https://ftp.pdl.cmu.edu/pub/datasets/twemcacheWorkload/cacheDatasets/tencentBlock/v2/1M/tencentBlock_19027.oracleGeneral.zst
tencentBlock_v2_1M	https://ftp.pdl.cmu.edu/pub/datasets/twemcacheWorkload/cacheDatasets/tencentBlock/v2/1M/tencentBlock_19028.oracleGeneral.zst
tencentBlock_v2_1M	https://ftp.pdl.cmu.edu/pub/datasets/twemcacheWorkload/cacheDatasets/tencentBlock/v2/1M/tencentBlock_19032.oracleGeneral.zst
tencentBlock_v2_1M	https://ftp.pdl.cmu.edu/pub/datasets/twemcacheWorkload/cacheDatasets/tencentBlock/v2/1M/tencentBlock_19036.oracleGeneral.zst
tencentBlock_v2_1M	https://ftp.pdl.cmu.edu/pub/datasets/twemcacheWorkload/cacheDatasets/tencentBlock/v2/1M/tencentBlock_1904.oracleGeneral.zst
tencentBlock_v2_1M	https://ftp.pdl.cmu.edu/pub/datasets/twemcacheWorkload/cacheDatasets/tencentBlock/v2/1M/tencentBlock_19045.oracleGeneral.zst
tencentBlock_v2_1M	https://ftp.pdl.cmu.edu/pub/datasets/twemcacheWorkload/cacheDatasets/tencentBlock/v2/1M/tencentBlock_19056.oracleGeneral.zst
tencentBlock_v2_1M	https://ftp.pdl.cmu.edu/pub/datasets/twemcacheWorkload/cacheDatasets/tencentBlock/v2/1M/tencentBlock_19059.oracleGeneral.zst
tencentBlock_v2_1M	https://ftp.pdl.cmu.edu/pub/datasets/twemcacheWorkload/cacheDatasets/tencentBlock/v2/1M/tencentBlock_19063.oracleGeneral.zst
tencentBlock_v2_1M	https://ftp.pdl.cmu.edu/pub/datasets/twemcacheWorkload/cacheDatasets/tencentBlock/v2/1M/tencentBlock_19067.oracleGeneral.zst
tencentBlock_v2_1M	https://ftp.pdl.cmu.edu/pub/datasets/twemcacheWorkload/cacheDatasets/tencentBlock/v2/1M/tencentBlock_19068.oracleGeneral.zst
tencentBlock_v2_1M	https://ftp.pdl.cmu.edu/pub/datasets/twemcacheWorkload/cacheDatasets/tencentBlock/v2/1M/tencentBlock_19076.oracleGeneral.zst
tencentBlock_v2_1M	https://ftp.pdl.cmu.edu/pub/datasets/twemcacheWorkload/cacheDatasets/tencentBlock/v2/1M/tencentBlock_19082.oracleGeneral.zst
tencentBlock_v2_1M	https://ftp.pdl.cmu.edu/pub/datasets/twemcacheWorkload/cacheDatasets/tencentBlock/v2/1M/tencentBlock_19088.oracleGeneral.zst
tencentBlock_v2_1M	https://ftp.pdl.cmu.edu/pub/datasets/twemcacheWorkload/cacheDatasets/tencentBlock/v2/1M/tencentBlock_19091.oracleGeneral.zst
tencentBlock_v2_1M	https://ftp.pdl.cmu.edu/pub/datasets/twemcacheWorkload/cacheDatasets/tencentBlock/v2/1M/tencentBlock_19100.oracleGeneral.zst
tencentBlock_v2_1M	https://ftp.pdl.cmu.edu/pub/datasets/twemcacheWorkload/cacheDatasets/tencentBlock/v2/1M/tencentBlock_19105.oracleGeneral.zst
tencentBlock_v2_1M	https://ftp.pdl.cmu.edu/pub/datasets/twemcacheWorkload/cacheDatasets/tencentBlock/v2/1M/tencentBlock_19106.oracleGeneral.zst
tencentBlock_v2_1M	https://ftp.pdl.cmu.edu/pub/datasets/twemcacheWorkload/cacheDatasets/tencentBlock/v2/1M/tencentBlock_19107.oracleGeneral.zst
tencentBlock_v2_1M	https://ftp.pdl.cmu.edu/pub/datasets/twemcacheWorkload/cacheDatasets/tencentBlock/v2/1M/tencentBlock_19114.oracleGeneral.zst
tencentBlock_v2_1M	https://ftp.pdl.cmu.edu/pub/datasets/twemcacheWorkload/cacheDatasets/tencentBlock/v2/1M/tencentBlock_19129.oracleGeneral.zst
tencentBlock_v2_1M	https://ftp.pdl.cmu.edu/pub/datasets/twemcacheWorkload/cacheDatasets/tencentBlock/v2/1M/tencentBlock_19138.oracleGeneral.zst
tencentBlock_v2_1M	https://ftp.pdl.cmu.edu/pub/datasets/twemcacheWorkload/cacheDatasets/tencentBlock/v2/1M/tencentBlock_19140.oracleGeneral.zst
tencentBlock_v2_1M	https://ftp.pdl.cmu.edu/pub/datasets/twemcacheWorkload/cacheDatasets/tencentBlock/v2/1M/tencentBlock_1915.oracleGeneral.zst
tencentBlock_v2_1M	https://ftp.pdl.cmu.edu/pub/datasets/twemcacheWorkload/cacheDatasets/tencentBlock/v2/1M/tencentBlock_19152.oracleGeneral.zst
tencentBlock_v2_1M	https://ftp.pdl.cmu.edu/pub/datasets/twemcacheWorkload/cacheDatasets/tencentBlock/v2/1M/tencentBlock_19153.oracleGeneral.zst
tencentBlock_v2_1M	https://ftp.pdl.cmu.edu/pub/datasets/twemcacheWorkload/cacheDatasets/tencentBlock/v2/1M/tencentBlock_19158.oracleGeneral.zst
tencentBlock_v2_1M	https://ftp.pdl.cmu.edu/pub/datasets/twemcacheWorkload/cacheDatasets/tencentBlock/v2/1M/tencentBlock_19166.oracleGeneral.zst
tencentBlock_v2_1M	https://ftp.pdl.cmu.edu/pub/datasets/twemcacheWorkload/cacheDatasets/tencentBlock/v2/1M/tencentBlock_19175.oracleGeneral.zst
tencentBlock_v2_1M	https://ftp.pdl.cmu.edu/pub/datasets/twemcacheWorkload/cacheDatasets/tencentBlock/v2/1M/tencentBlock_19189.oracleGeneral.zst
tencentBlock_v2_1M	https://ftp.pdl.cmu.edu/pub/datasets/twemcacheWorkload/cacheDatasets/tencentBlock/v2/1M/tencentBlock_19194.oracleGeneral.zst
tencentBlock_v2_1M	https://ftp.pdl.cmu.edu/pub/datasets/twemcacheWorkload/cacheDatasets/tencentBlock/v2/1M/tencentBlock_19206.oracleGeneral.zst
tencentBlock_v2_1M	https://ftp.pdl.cmu.edu/pub/datasets/twemcacheWorkload/cacheDatasets/tencentBlock/v2/1M/tencentBlock_19210.oracleGeneral.zst
tencentBlock_v2_1M	https://ftp.pdl.cmu.edu/pub/datasets/twemcacheWorkload/cacheDatasets/tencentBlock/v2/1M/tencentBlock_19211.oracleGeneral.zst
tencentBlock_v2_1M	https://ftp.pdl.cmu.edu/pub/datasets/twemcacheWorkload/cacheDatasets/tencentBlock/v2/1M/tencentBlock_19214.oracleGeneral.zst
tencentBlock_v2_1M	https://ftp.pdl.cmu.edu/pub/datasets/twemcacheWorkload/cacheDatasets/tencentBlock/v2/1M/tencentBlock_19219.oracleGeneral.zst
tencentBlock_v2_1M	https://ftp.pdl.cmu.edu/pub/datasets/twemcacheWorkload/cacheDatasets/tencentBlock/v2/1M/tencentBlock_19225.oracleGeneral.zst
tencentBlock_v2_1M	https://ftp.pdl.cmu.edu/pub/datasets/twemcacheWorkload/cacheDatasets/tencentBlock/v2/1M/tencentBlock_1923.oracleGeneral.zst
tencentBlock_v2_1M	https://ftp.pdl.cmu.edu/pub/datasets/twemcacheWorkload/cacheDatasets/tencentBlock/v2/1M/tencentBlock_1924.oracleGeneral.zst
tencentBlock_v2_1M	https://ftp.pdl.cmu.edu/pub/datasets/twemcacheWorkload/cacheDatasets/tencentBlock/v2/1M/tencentBlock_19240.oracleGeneral.zst
tencentBlock_v2_1M	https://ftp.pdl.cmu.edu/pub/datasets/twemcacheWorkload/cacheDatasets/tencentBlock/v2/1M/tencentBlock_19257.oracleGeneral.zst
tencentBlock_v2_1M	https://ftp.pdl.cmu.edu/pub/datasets/twemcacheWorkload/cacheDatasets/tencentBlock/v2/1M/tencentBlock_19268.oracleGeneral.zst
tencentBlock_v2_1M	https://ftp.pdl.cmu.edu/pub/datasets/twemcacheWorkload/cacheDatasets/tencentBlock/v2/1M/tencentBlock_19279.oracleGeneral.zst
tencentBlock_v2_1M	https://ftp.pdl.cmu.edu/pub/datasets/twemcacheWorkload/cacheDatasets/tencentBlock/v2/1M/tencentBlock_19286.oracleGeneral.zst
tencentBlock_v2_1M	https://ftp.pdl.cmu.edu/pub/datasets/twemcacheWorkload/cacheDatasets/tencentBlock/v2/1M/tencentBlock_19288.oracleGeneral.zst
tencentBlock_v2_1M	https://ftp.pdl.cmu.edu/pub/datasets/twemcacheWorkload/cacheDatasets/tencentBlock/v2/1M/tencentBlock_19295.oracleGeneral.zst
tencentBlock_v2_1M	https://ftp.pdl.cmu.edu/pub/datasets/twemcacheWorkload/cacheDatasets/tencentBlock/v2/1M/tencentBlock_19302.oracleGeneral.zst
tencentBlock_v2_1M	https://ftp.pdl.cmu.edu/pub/datasets/twemcacheWorkload/cacheDatasets/tencentBlock/v2/1M/tencentBlock_19309.oracleGeneral.zst
tencentBlock_v2_1M	https://ftp.pdl.cmu.edu/pub/datasets/twemcacheWorkload/cacheDatasets/tencentBlock/v2/1M/tencentBlock_19311.oracleGeneral.zst
tencentBlock_v2_1M	https://ftp.pdl.cmu.edu/pub/datasets/twemcacheWorkload/cacheDatasets/tencentBlock/v2/1M/tencentBlock_19317.oracleGeneral.zst
tencentBlock_v2_1M	https://ftp.pdl.cmu.edu/pub/datasets/twemcacheWorkload/cacheDatasets/tencentBlock/v2/1M/tencentBlock_19324.oracleGeneral.zst
tencentBlock_v2_1M	https://ftp.pdl.cmu.edu/pub/datasets/twemcacheWorkload/cacheDatasets/tencentBlock/v2/1M/tencentBlock_19325.oracleGeneral.zst
tencentBlock_v2_1M	https://ftp.pdl.cmu.edu/pub/datasets/twemcacheWorkload/cacheDatasets/tencentBlock/v2/1M/tencentBlock_19326.oracleGeneral.zst
tencentBlock_v2_1M	https://ftp.pdl.cmu.edu/pub/datasets/twemcacheWorkload/cacheDatasets/tencentBlock/v2/1M/tencentBlock_19333.oracleGeneral.zst
tencentBlock_v2_1M	https://ftp.pdl.cmu.edu/pub/datasets/twemcacheWorkload/cacheDatasets/tencentBlock/v2/1M/tencentBlock_19345.oracleGeneral.zst
tencentBlock_v2_1M	https://ftp.pdl.cmu.edu/pub/datasets/twemcacheWorkload/cacheDatasets/tencentBlock/v2/1M/tencentBlock_1935.oracleGeneral.zst
tencentBlock_v2_1M	https://ftp.pdl.cmu.edu/pub/datasets/twemcacheWorkload/cacheDatasets/tencentBlock/v2/1M/tencentBlock_19353.oracleGeneral.zst
tencentBlock_v2_1M	https://ftp.pdl.cmu.edu/pub/datasets/twemcacheWorkload/cacheDatasets/tencentBlock/v2/1M/tencentBlock_19359.oracleGeneral.zst
tencentBlock_v2_1M	https://ftp.pdl.cmu.edu/pub/datasets/twemcacheWorkload/cacheDatasets/tencentBlock/v2/1M/tencentBlock_19361.oracleGeneral.zst
tencentBlock_v2_1M	https://ftp.pdl.cmu.edu/pub/datasets/twemcacheWorkload/cacheDatasets/tencentBlock/v2/1M/tencentBlock_19376.oracleGeneral.zst
tencentBlock_v2_1M	https://ftp.pdl.cmu.edu/pub/datasets/twemcacheWorkload/cacheDatasets/tencentBlock/v2/1M/tencentBlock_1939.oracleGeneral.zst
tencentBlock_v2_1M	https://ftp.pdl.cmu.edu/pub/datasets/twemcacheWorkload/cacheDatasets/tencentBlock/v2/1M/tencentBlock_19390.oracleGeneral.zst
tencentBlock_v2_1M	https://ftp.pdl.cmu.edu/pub/datasets/twemcacheWorkload/cacheDatasets/tencentBlock/v2/1M/tencentBlock_19396.oracleGeneral.zst
tencentBlock_v2_1M	https://ftp.pdl.cmu.edu/pub/datasets/twemcacheWorkload/cacheDatasets/tencentBlock/v2/1M/tencentBlock_19400.oracleGeneral.zst
tencentBlock_v2_1M	https://ftp.pdl.cmu.edu/pub/datasets/twemcacheWorkload/cacheDatasets/tencentBlock/v2/1M/tencentBlock_19406.oracleGeneral.zst
tencentBlock_v2_1M	https://ftp.pdl.cmu.edu/pub/datasets/twemcacheWorkload/cacheDatasets/tencentBlock/v2/1M/tencentBlock_19410.oracleGeneral.zst
tencentBlock_v2_1M	https://ftp.pdl.cmu.edu/pub/datasets/twemcacheWorkload/cacheDatasets/tencentBlock/v2/1M/tencentBlock_19416.oracleGeneral.zst
tencentBlock_v2_1M	https://ftp.pdl.cmu.edu/pub/datasets/twemcacheWorkload/cacheDatasets/tencentBlock/v2/1M/tencentBlock_19419.oracleGeneral.zst
tencentBlock_v2_1M	https://ftp.pdl.cmu.edu/pub/datasets/twemcacheWorkload/cacheDatasets/tencentBlock/v2/1M/tencentBlock_19422.oracleGeneral.zst
tencentBlock_v2_1M	https://ftp.pdl.cmu.edu/pub/datasets/twemcacheWorkload/cacheDatasets/tencentBlock/v2/1M/tencentBlock_19424.oracleGeneral.zst
tencentBlock_v2_1M	https://ftp.pdl.cmu.edu/pub/datasets/twemcacheWorkload/cacheDatasets/tencentBlock/v2/1M/tencentBlock_1943.oracleGeneral.zst
tencentBlock_v2_1M	https://ftp.pdl.cmu.edu/pub/datasets/twemcacheWorkload/cacheDatasets/tencentBlock/v2/1M/tencentBlock_19430.oracleGeneral.zst
tencentBlock_v2_1M	https://ftp.pdl.cmu.edu/pub/datasets/twemcacheWorkload/cacheDatasets/tencentBlock/v2/1M/tencentBlock_19434.oracleGeneral.zst
tencentBlock_v2_1M	https://ftp.pdl.cmu.edu/pub/datasets/twemcacheWorkload/cacheDatasets/tencentBlock/v2/1M/tencentBlock_19439.oracleGeneral.zst
tencentBlock_v2_1M	https://ftp.pdl.cmu.edu/pub/datasets/twemcacheWorkload/cacheDatasets/tencentBlock/v2/1M/tencentBlock_19446.oracleGeneral.zst
tencentBlock_v2_1M	https://ftp.pdl.cmu.edu/pub/datasets/twemcacheWorkload/cacheDatasets/tencentBlock/v2/1M/tencentBlock_19452.oracleGeneral.zst
tencentBlock_v2_1M	https://ftp.pdl.cmu.edu/pub/datasets/twemcacheWorkload/cacheDatasets/tencentBlock/v2/1M/tencentBlock_19461.oracleGeneral.zst
tencentBlock_v2_1M	https://ftp.pdl.cmu.edu/pub/datasets/twemcacheWorkload/cacheDatasets/tencentBlock/v2/1M/tencentBlock_19473.oracleGeneral.zst
tencentBlock_v2_1M	https://ftp.pdl.cmu.edu/pub/datasets/twemcacheWorkload/cacheDatasets/tencentBlock/v2/1M/tencentBlock_19486.oracleGeneral.zst
tencentBlock_v2_1M	https://ftp.pdl.cmu.edu/pub/datasets/twemcacheWorkload/cacheDatasets/tencentBlock/v2/1M/tencentBlock_19498.oracleGeneral.zst
tencentBlock_v2_1M	https://ftp.pdl.cmu.edu/pub/datasets/twemcacheWorkload/cacheDatasets/tencentBlock/v2/1M/tencentBlock_19502.oracleGeneral.zst
tencentBlock_v2_1M	https://ftp.pdl.cmu.edu/pub/datasets/twemcacheWorkload/cacheDatasets/tencentBlock/v2/1M/tencentBlock_19516.oracleGeneral.zst
tencentBlock_v2_1M	https://ftp.pdl.cmu.edu/pub/datasets/twemcacheWorkload/cacheDatasets/tencentBlock/v2/1M/tencentBlock_19529.oracleGeneral.zst
tencentBlock_v2_1M	https://ftp.pdl.cmu.edu/pub/datasets/twemcacheWorkload/cacheDatasets/tencentBlock/v2/1M/tencentBlock_19538.oracleGeneral.zst
tencentBlock_v2_1M	https://ftp.pdl.cmu.edu/pub/datasets/twemcacheWorkload/cacheDatasets/tencentBlock/v2/1M/tencentBlock_19544.oracleGeneral.zst
tencentBlock_v2_1M	https://ftp.pdl.cmu.edu/pub/datasets/twemcacheWorkload/cacheDatasets/tencentBlock/v2/1M/tencentBlock_19553.oracleGeneral.zst
tencentBlock_v2_1M	https://ftp.pdl.cmu.edu/pub/datasets/twemcacheWorkload/cacheDatasets/tencentBlock/v2/1M/tencentBlock_1956.oracleGeneral.zst
tencentBlock_v2_1M	https://ftp.pdl.cmu.edu/pub/datasets/twemcacheWorkload/cacheDatasets/tencentBlock/v2/1M/tencentBlock_19562.oracleGeneral.zst
tencentBlock_v2_1M	https://ftp.pdl.cmu.edu/pub/datasets/twemcacheWorkload/cacheDatasets/tencentBlock/v2/1M/tencentBlock_19571.oracleGeneral.zst
tencentBlock_v2_1M	https://ftp.pdl.cmu.edu/pub/datasets/twemcacheWorkload/cacheDatasets/tencentBlock/v2/1M/tencentBlock_19574.oracleGeneral.zst
tencentBlock_v2_1M	https://ftp.pdl.cmu.edu/pub/datasets/twemcacheWorkload/cacheDatasets/tencentBlock/v2/1M/tencentBlock_19585.oracleGeneral.zst
tencentBlock_v2_1M	https://ftp.pdl.cmu.edu/pub/datasets/twemcacheWorkload/cacheDatasets/tencentBlock/v2/1M/tencentBlock_19586.oracleGeneral.zst
tencentBlock_v2_1M	https://ftp.pdl.cmu.edu/pub/datasets/twemcacheWorkload/cacheDatasets/tencentBlock/v2/1M/tencentBlock_19594.oracleGeneral.zst
tencentBlock_v2_1M	https://ftp.pdl.cmu.edu/pub/datasets/twemcacheWorkload/cacheDatasets/tencentBlock/v2/1M/tencentBlock_19596.oracleGeneral.zst
tencentBlock_v2_1M	https://ftp.pdl.cmu.edu/pub/datasets/twemcacheWorkload/cacheDatasets/tencentBlock/v2/1M/tencentBlock_19597.oracleGeneral.zst
tencentBlock_v2_1M	https://ftp.pdl.cmu.edu/pub/datasets/twemcacheWorkload/cacheDatasets/tencentBlock/v2/1M/tencentBlock_19599.oracleGeneral.zst
tencentBlock_v2_1M	https://ftp.pdl.cmu.edu/pub/datasets/twemcacheWorkload/cacheDatasets/tencentBlock/v2/1M/tencentBlock_19602.oracleGeneral.zst
tencentBlock_v2_1M	https://ftp.pdl.cmu.edu/pub/datasets/twemcacheWorkload/cacheDatasets/tencentBlock/v2/1M/tencentBlock_19611.oracleGeneral.zst
tencentBlock_v2_1M	https://ftp.pdl.cmu.edu/pub/datasets/twemcacheWorkload/cacheDatasets/tencentBlock/v2/1M/tencentBlock_19618.oracleGeneral.zst
tencentBlock_v2_1M	https://ftp.pdl.cmu.edu/pub/datasets/twemcacheWorkload/cacheDatasets/tencentBlock/v2/1M/tencentBlock_19623.oracleGeneral.zst
tencentBlock_v2_1M	https://ftp.pdl.cmu.edu/pub/datasets/twemcacheWorkload/cacheDatasets/tencentBlock/v2/1M/tencentBlock_19631.oracleGeneral.zst
tencentBlock_v2_1M	https://ftp.pdl.cmu.edu/pub/datasets/twemcacheWorkload/cacheDatasets/tencentBlock/v2/1M/tencentBlock_19640.oracleGeneral.zst
tencentBlock_v2_1M	https://ftp.pdl.cmu.edu/pub/datasets/twemcacheWorkload/cacheDatasets/tencentBlock/v2/1M/tencentBlock_19648.oracleGeneral.zst
tencentBlock_v2_1M	https://ftp.pdl.cmu.edu/pub/datasets/twemcacheWorkload/cacheDatasets/tencentBlock/v2/1M/tencentBlock_19653.oracleGeneral.zst
tencentBlock_v2_1M	https://ftp.pdl.cmu.edu/pub/datasets/twemcacheWorkload/cacheDatasets/tencentBlock/v2/1M/tencentBlock_19677.oracleGeneral.zst
tencentBlock_v2_1M	https://ftp.pdl.cmu.edu/pub/datasets/twemcacheWorkload/cacheDatasets/tencentBlock/v2/1M/tencentBlock_1968.oracleGeneral.zst
tencentBlock_v2_1M	https://ftp.pdl.cmu.edu/pub/datasets/twemcacheWorkload/cacheDatasets/tencentBlock/v2/1M/tencentBlock_19685.oracleGeneral.zst
tencentBlock_v2_1M	https://ftp.pdl.cmu.edu/pub/datasets/twemcacheWorkload/cacheDatasets/tencentBlock/v2/1M/tencentBlock_19693.oracleGeneral.zst
tencentBlock_v2_1M	https://ftp.pdl.cmu.edu/pub/datasets/twemcacheWorkload/cacheDatasets/tencentBlock/v2/1M/tencentBlock_19702.oracleGeneral.zst
tencentBlock_v2_1M	https://ftp.pdl.cmu.edu/pub/datasets/twemcacheWorkload/cacheDatasets/tencentBlock/v2/1M/tencentBlock_19708.oracleGeneral.zst
tencentBlock_v2_1M	https://ftp.pdl.cmu.edu/pub/datasets/twemcacheWorkload/cacheDatasets/tencentBlock/v2/1M/tencentBlock_19716.oracleGeneral.zst
tencentBlock_v2_1M	https://ftp.pdl.cmu.edu/pub/datasets/twemcacheWorkload/cacheDatasets/tencentBlock/v2/1M/tencentBlock_19718.oracleGeneral.zst
tencentBlock_v2_1M	https://ftp.pdl.cmu.edu/pub/datasets/twemcacheWorkload/cacheDatasets/tencentBlock/v2/1M/tencentBlock_19722.oracleGeneral.zst
tencentBlock_v2_1M	https://ftp.pdl.cmu.edu/pub/datasets/twemcacheWorkload/cacheDatasets/tencentBlock/v2/1M/tencentBlock_19728.oracleGeneral.zst
tencentBlock_v2_1M	https://ftp.pdl.cmu.edu/pub/datasets/twemcacheWorkload/cacheDatasets/tencentBlock/v2/1M/tencentBlock_19731.oracleGeneral.zst
tencentBlock_v2_1M	https://ftp.pdl.cmu.edu/pub/datasets/twemcacheWorkload/cacheDatasets/tencentBlock/v2/1M/tencentBlock_19734.oracleGeneral.zst
tencentBlock_v2_1M	https://ftp.pdl.cmu.edu/pub/datasets/twemcacheWorkload/cacheDatasets/tencentBlock/v2/1M/tencentBlock_19743.oracleGeneral.zst
tencentBlock_v2_1M	https://ftp.pdl.cmu.edu/pub/datasets/twemcacheWorkload/cacheDatasets/tencentBlock/v2/1M/tencentBlock_19750.oracleGeneral.zst
tencentBlock_v2_1M	https://ftp.pdl.cmu.edu/pub/datasets/twemcacheWorkload/cacheDatasets/tencentBlock/v2/1M/tencentBlock_19759.oracleGeneral.zst
tencentBlock_v2_1M	https://ftp.pdl.cmu.edu/pub/datasets/twemcacheWorkload/cacheDatasets/tencentBlock/v2/1M/tencentBlock_1976.oracleGeneral.zst
tencentBlock_v2_1M	https://ftp.pdl.cmu.edu/pub/datasets/twemcacheWorkload/cacheDatasets/tencentBlock/v2/1M/tencentBlock_19771.oracleGeneral.zst
tencentBlock_v2_1M	https://ftp.pdl.cmu.edu/pub/datasets/twemcacheWorkload/cacheDatasets/tencentBlock/v2/1M/tencentBlock_19775.oracleGeneral.zst
tencentBlock_v2_1M	https://ftp.pdl.cmu.edu/pub/datasets/twemcacheWorkload/cacheDatasets/tencentBlock/v2/1M/tencentBlock_19776.oracleGeneral.zst
tencentBlock_v2_1M	https://ftp.pdl.cmu.edu/pub/datasets/twemcacheWorkload/cacheDatasets/tencentBlock/v2/1M/tencentBlock_19784.oracleGeneral.zst
tencentBlock_v2_1M	https://ftp.pdl.cmu.edu/pub/datasets/twemcacheWorkload/cacheDatasets/tencentBlock/v2/1M/tencentBlock_19791.oracleGeneral.zst
tencentBlock_v2_1M	https://ftp.pdl.cmu.edu/pub/datasets/twemcacheWorkload/cacheDatasets/tencentBlock/v2/1M/tencentBlock_19792.oracleGeneral.zst
tencentBlock_v2_1M	https://ftp.pdl.cmu.edu/pub/datasets/twemcacheWorkload/cacheDatasets/tencentBlock/v2/1M/tencentBlock_19793.oracleGeneral.zst
tencentBlock_v2_1M	https://ftp.pdl.cmu.edu/pub/datasets/twemcacheWorkload/cacheDatasets/tencentBlock/v2/1M/tencentBlock_19799.oracleGeneral.zst
tencentBlock_v2_1M	https://ftp.pdl.cmu.edu/pub/datasets/twemcacheWorkload/cacheDatasets/tencentBlock/v2/1M/tencentBlock_19804.oracleGeneral.zst
tencentBlock_v2_1M	https://ftp.pdl.cmu.edu/pub/datasets/twemcacheWorkload/cacheDatasets/tencentBlock/v2/1M/tencentBlock_19807.oracleGeneral.zst
tencentBlock_v2_1M	https://ftp.pdl.cmu.edu/pub/datasets/twemcacheWorkload/cacheDatasets/tencentBlock/v2/1M/tencentBlock_1981.oracleGeneral.zst
tencentBlock_v2_1M	https://ftp.pdl.cmu.edu/pub/datasets/twemcacheWorkload/cacheDatasets/tencentBlock/v2/1M/tencentBlock_19814.oracleGeneral.zst
tencentBlock_v2_1M	https://ftp.pdl.cmu.edu/pub/datasets/twemcacheWorkload/cacheDatasets/tencentBlock/v2/1M/tencentBlock_19823.oracleGeneral.zst
tencentBlock_v2_1M	https://ftp.pdl.cmu.edu/pub/datasets/twemcacheWorkload/cacheDatasets/tencentBlock/v2/1M/tencentBlock_19827.oracleGeneral.zst
tencentBlock_v2_1M	https://ftp.pdl.cmu.edu/pub/datasets/twemcacheWorkload/cacheDatasets/tencentBlock/v2/1M/tencentBlock_19834.oracleGeneral.zst
tencentBlock_v2_1M	https://ftp.pdl.cmu.edu/pub/datasets/twemcacheWorkload/cacheDatasets/tencentBlock/v2/1M/tencentBlock_19840.oracleGeneral.zst
tencentBlock_v2_1M	https://ftp.pdl.cmu.edu/pub/datasets/twemcacheWorkload/cacheDatasets/tencentBlock/v2/1M/tencentBlock_19841.oracleGeneral.zst
tencentBlock_v2_1M	https://ftp.pdl.cmu.edu/pub/datasets/twemcacheWorkload/cacheDatasets/tencentBlock/v2/1M/tencentBlock_19846.oracleGeneral.zst
tencentBlock_v2_1M	https://ftp.pdl.cmu.edu/pub/datasets/twemcacheWorkload/cacheDatasets/tencentBlock/v2/1M/tencentBlock_19850.oracleGeneral.zst
tencentBlock_v2_1M	https://ftp.pdl.cmu.edu/pub/datasets/twemcacheWorkload/cacheDatasets/tencentBlock/v2/1M/tencentBlock_19858.oracleGeneral.zst
tencentBlock_v2_1M	https://ftp.pdl.cmu.edu/pub/datasets/twemcacheWorkload/cacheDatasets/tencentBlock/v2/1M/tencentBlock_19864.oracleGeneral.zst
tencentBlock_v2_1M	https://ftp.pdl.cmu.edu/pub/datasets/twemcacheWorkload/cacheDatasets/tencentBlock/v2/1M/tencentBlock_19873.oracleGeneral.zst
tencentBlock_v2_1M	https://ftp.pdl.cmu.edu/pub/datasets/twemcacheWorkload/cacheDatasets/tencentBlock/v2/1M/tencentBlock_19879.oracleGeneral.zst
tencentBlock_v2_1M	https://ftp.pdl.cmu.edu/pub/datasets/twemcacheWorkload/cacheDatasets/tencentBlock/v2/1M/tencentBlock_19886.oracleGeneral.zst
tencentBlock_v2_1M	https://ftp.pdl.cmu.edu/pub/datasets/twemcacheWorkload/cacheDatasets/tencentBlock/v2/1M/tencentBlock_19895.oracleGeneral.zst
tencentBlock_v2_1M	https://ftp.pdl.cmu.edu/pub/datasets/twemcacheWorkload/cacheDatasets/tencentBlock/v2/1M/tencentBlock_19900.oracleGeneral.zst
tencentBlock_v2_1M	https://ftp.pdl.cmu.edu/pub/datasets/twemcacheWorkload/cacheDatasets/tencentBlock/v2/1M/tencentBlock_19922.oracleGeneral.zst
tencentBlock_v2_1M	https://ftp.pdl.cmu.edu/pub/datasets/twemcacheWorkload/cacheDatasets/tencentBlock/v2/1M/tencentBlock_19926.oracleGeneral.zst
tencentBlock_v2_1M	https://ftp.pdl.cmu.edu/pub/datasets/twemcacheWorkload/cacheDatasets/tencentBlock/v2/1M/tencentBlock_19932.oracleGeneral.zst
tencentBlock_v2_1M	https://ftp.pdl.cmu.edu/pub/datasets/twemcacheWorkload/cacheDatasets/tencentBlock/v2/1M/tencentBlock_19936.oracleGeneral.zst
tencentBlock_v2_1M	https://ftp.pdl.cmu.edu/pub/datasets/twemcacheWorkload/cacheDatasets/tencentBlock/v2/1M/tencentBlock_1994.oracleGeneral.zst
tencentBlock_v2_1M	https://ftp.pdl.cmu.edu/pub/datasets/twemcacheWorkload/cacheDatasets/tencentBlock/v2/1M/tencentBlock_19952.oracleGeneral.zst
tencentBlock_v2_1M	https://ftp.pdl.cmu.edu/pub/datasets/twemcacheWorkload/cacheDatasets/tencentBlock/v2/1M/tencentBlock_19958.oracleGeneral.zst
tencentBlock_v2_1M	https://ftp.pdl.cmu.edu/pub/datasets/twemcacheWorkload/cacheDatasets/tencentBlock/v2/1M/tencentBlock_19963.oracleGeneral.zst
tencentBlock_v2_1M	https://ftp.pdl.cmu.edu/pub/datasets/twemcacheWorkload/cacheDatasets/tencentBlock/v2/1M/tencentBlock_19965.oracleGeneral.zst
tencentBlock_v2_1M	https://ftp.pdl.cmu.edu/pub/datasets/twemcacheWorkload/cacheDatasets/tencentBlock/v2/1M/tencentBlock_19968.oracleGeneral.zst
tencentBlock_v2_1M	https://ftp.pdl.cmu.edu/pub/datasets/twemcacheWorkload/cacheDatasets/tencentBlock/v2/1M/tencentBlock_19975.oracleGeneral.zst
tencentBlock_v2_1M	https://ftp.pdl.cmu.edu/pub/datasets/twemcacheWorkload/cacheDatasets/tencentBlock/v2/1M/tencentBlock_19980.oracleGeneral.zst
tencentBlock_v2_1M	https://ftp.pdl.cmu.edu/pub/datasets/twemcacheWorkload/cacheDatasets/tencentBlock/v2/1M/tencentBlock_19990.oracleGeneral.zst
tencentBlock_v2_1M	https://ftp.pdl.cmu.edu/pub/datasets/twemcacheWorkload/cacheDatasets/tencentBlock/v2/1M/tencentBlock_19998.oracleGeneral.zst
tencentBlock_v2_1M	https://ftp.pdl.cmu.edu/pub/datasets/twemcacheWorkload/cacheDatasets/tencentBlock/v2/1M/tencentBlock_20004.oracleGeneral.zst
tencentBlock_v2_1M	https://ftp.pdl.cmu.edu/pub/datasets/twemcacheWorkload/cacheDatasets/tencentBlock/v2/1M/tencentBlock_20010.oracleGeneral.zst
tencentBlock_v2_1M	https://ftp.pdl.cmu.edu/pub/datasets/twemcacheWorkload/cacheDatasets/tencentBlock/v2/1M/tencentBlock_20012.oracleGeneral.zst
tencentBlock_v2_1M	https://ftp.pdl.cmu.edu/pub/datasets/twemcacheWorkload/cacheDatasets/tencentBlock/v2/1M/tencentBlock_20015.oracleGeneral.zst
tencentBlock_v2_1M	https://ftp.pdl.cmu.edu/pub/datasets/twemcacheWorkload/cacheDatasets/tencentBlock/v2/1M/tencentBlock_20024.oracleGeneral.zst
tencentBlock_v2_1M	https://ftp.pdl.cmu.edu/pub/datasets/twemcacheWorkload/cacheDatasets/tencentBlock/v2/1M/tencentBlock_2003.oracleGeneral.zst
tencentBlock_v2_1M	https://ftp.pdl.cmu.edu/pub/datasets/twemcacheWorkload/cacheDatasets/tencentBlock/v2/1M/tencentBlock_20030.oracleGeneral.zst
tencentBlock_v2_1M	https://ftp.pdl.cmu.edu/pub/datasets/twemcacheWorkload/cacheDatasets/tencentBlock/v2/1M/tencentBlock_20034.oracleGeneral.zst
tencentBlock_v2_1M	https://ftp.pdl.cmu.edu/pub/datasets/twemcacheWorkload/cacheDatasets/tencentBlock/v2/1M/tencentBlock_20043.oracleGeneral.zst
tencentBlock_v2_1M	https://ftp.pdl.cmu.edu/pub/datasets/twemcacheWorkload/cacheDatasets/tencentBlock/v2/1M/tencentBlock_20058.oracleGeneral.zst
tencentBlock_v2_1M	https://ftp.pdl.cmu.edu/pub/datasets/twemcacheWorkload/cacheDatasets/tencentBlock/v2/1M/tencentBlock_20060.oracleGeneral.zst
tencentBlock_v2_1M	https://ftp.pdl.cmu.edu/pub/datasets/twemcacheWorkload/cacheDatasets/tencentBlock/v2/1M/tencentBlock_20061.oracleGeneral.zst
tencentBlock_v2_1M	https://ftp.pdl.cmu.edu/pub/datasets/twemcacheWorkload/cacheDatasets/tencentBlock/v2/1M/tencentBlock_20071.oracleGeneral.zst
tencentBlock_v2_1M	https://ftp.pdl.cmu.edu/pub/datasets/twemcacheWorkload/cacheDatasets/tencentBlock/v2/1M/tencentBlock_20080.oracleGeneral.zst
tencentBlock_v2_1M	https://ftp.pdl.cmu.edu/pub/datasets/twemcacheWorkload/cacheDatasets/tencentBlock/v2/1M/tencentBlock_20089.oracleGeneral.zst
tencentBlock_v2_1M	https://ftp.pdl.cmu.edu/pub/datasets/twemcacheWorkload/cacheDatasets/tencentBlock/v2/1M/tencentBlock_20101.oracleGeneral.zst
tencentBlock_v2_1M	https://ftp.pdl.cmu.edu/pub/datasets/twemcacheWorkload/cacheDatasets/tencentBlock/v2/1M/tencentBlock_20106.oracleGeneral.zst
tencentBlock_v2_1M	https://ftp.pdl.cmu.edu/pub/datasets/twemcacheWorkload/cacheDatasets/tencentBlock/v2/1M/tencentBlock_20115.oracleGeneral.zst
tencentBlock_v2_1M	https://ftp.pdl.cmu.edu/pub/datasets/twemcacheWorkload/cacheDatasets/tencentBlock/v2/1M/tencentBlock_20124.oracleGeneral.zst
tencentBlock_v2_1M	https://ftp.pdl.cmu.edu/pub/datasets/twemcacheWorkload/cacheDatasets/tencentBlock/v2/1M/tencentBlock_20132.oracleGeneral.zst
tencentBlock_v2_1M	https://ftp.pdl.cmu.edu/pub/datasets/twemcacheWorkload/cacheDatasets/tencentBlock/v2/1M/tencentBlock_20141.oracleGeneral.zst
tencentBlock_v2_1M	https://ftp.pdl.cmu.edu/pub/datasets/twemcacheWorkload/cacheDatasets/tencentBlock/v2/1M/tencentBlock_20147.oracleGeneral.zst
tencentBlock_v2_1M	https://ftp.pdl.cmu.edu/pub/datasets/twemcacheWorkload/cacheDatasets/tencentBlock/v2/1M/tencentBlock_20156.oracleGeneral.zst
tencentBlock_v2_1M	https://ftp.pdl.cmu.edu/pub/datasets/twemcacheWorkload/cacheDatasets/tencentBlock/v2/1M/tencentBlock_20157.oracleGeneral.zst
tencentBlock_v2_1M	https://ftp.pdl.cmu.edu/pub/datasets/twemcacheWorkload/cacheDatasets/tencentBlock/v2/1M/tencentBlock_20165.oracleGeneral.zst
tencentBlock_v2_1M	https://ftp.pdl.cmu.edu/pub/datasets/twemcacheWorkload/cacheDatasets/tencentBlock/v2/1M/tencentBlock_20172.oracleGeneral.zst
tencentBlock_v2_1M	https://ftp.pdl.cmu.edu/pub/datasets/twemcacheWorkload/cacheDatasets/tencentBlock/v2/1M/tencentBlock_20181.oracleGeneral.zst
tencentBlock_v2_1M	https://ftp.pdl.cmu.edu/pub/datasets/twemcacheWorkload/cacheDatasets/tencentBlock/v2/1M/tencentBlock_20187.oracleGeneral.zst
tencentBlock_v2_1M	https://ftp.pdl.cmu.edu/pub/datasets/twemcacheWorkload/cacheDatasets/tencentBlock/v2/1M/tencentBlock_20193.oracleGeneral.zst
tencentBlock_v2_1M	https://ftp.pdl.cmu.edu/pub/datasets/twemcacheWorkload/cacheDatasets/tencentBlock/v2/1M/tencentBlock_20196.oracleGeneral.zst
tencentBlock_v2_1M	https://ftp.pdl.cmu.edu/pub/datasets/twemcacheWorkload/cacheDatasets/tencentBlock/v2/1M/tencentBlock_20203.oracleGeneral.zst
tencentBlock_v2_1M	https://ftp.pdl.cmu.edu/pub/datasets/twemcacheWorkload/cacheDatasets/tencentBlock/v2/1M/tencentBlock_20209.oracleGeneral.zst
tencentBlock_v2_1M	https://ftp.pdl.cmu.edu/pub/datasets/twemcacheWorkload/cacheDatasets/tencentBlock/v2/1M/tencentBlock_20213.oracleGeneral.zst
tencentBlock_v2_1M	https://ftp.pdl.cmu.edu/pub/datasets/twemcacheWorkload/cacheDatasets/tencentBlock/v2/1M/tencentBlock_20215.oracleGeneral.zst
tencentBlock_v2_1M	https://ftp.pdl.cmu.edu/pub/datasets/twemcacheWorkload/cacheDatasets/tencentBlock/v2/1M/tencentBlock_20226.oracleGeneral.zst
tencentBlock_v2_1M	https://ftp.pdl.cmu.edu/pub/datasets/twemcacheWorkload/cacheDatasets/tencentBlock/v2/1M/tencentBlock_2024.oracleGeneral.zst
tencentBlock_v2_1M	https://ftp.pdl.cmu.edu/pub/datasets/twemcacheWorkload/cacheDatasets/tencentBlock/v2/1M/tencentBlock_20240.oracleGeneral.zst
tencentBlock_v2_1M	https://ftp.pdl.cmu.edu/pub/datasets/twemcacheWorkload/cacheDatasets/tencentBlock/v2/1M/tencentBlock_20249.oracleGeneral.zst
tencentBlock_v2_1M	https://ftp.pdl.cmu.edu/pub/datasets/twemcacheWorkload/cacheDatasets/tencentBlock/v2/1M/tencentBlock_20257.oracleGeneral.zst
tencentBlock_v2_1M	https://ftp.pdl.cmu.edu/pub/datasets/twemcacheWorkload/cacheDatasets/tencentBlock/v2/1M/tencentBlock_20259.oracleGeneral.zst
tencentBlock_v2_1M	https://ftp.pdl.cmu.edu/pub/datasets/twemcacheWorkload/cacheDatasets/tencentBlock/v2/1M/tencentBlock_20268.oracleGeneral.zst
tencentBlock_v2_1M	https://ftp.pdl.cmu.edu/pub/datasets/twemcacheWorkload/cacheDatasets/tencentBlock/v2/1M/tencentBlock_20276.oracleGeneral.zst
tencentBlock_v2_1M	https://ftp.pdl.cmu.edu/pub/datasets/twemcacheWorkload/cacheDatasets/tencentBlock/v2/1M/tencentBlock_20287.oracleGeneral.zst
tencentBlock_v2_1M	https://ftp.pdl.cmu.edu/pub/datasets/twemcacheWorkload/cacheDatasets/tencentBlock/v2/1M/tencentBlock_20292.oracleGeneral.zst
tencentBlock_v2_1M	https://ftp.pdl.cmu.edu/pub/datasets/twemcacheWorkload/cacheDatasets/tencentBlock/v2/1M/tencentBlock_20294.oracleGeneral.zst
tencentBlock_v2_1M	https://ftp.pdl.cmu.edu/pub/datasets/twemcacheWorkload/cacheDatasets/tencentBlock/v2/1M/tencentBlock_20299.oracleGeneral.zst
tencentBlock_v2_1M	https://ftp.pdl.cmu.edu/pub/datasets/twemcacheWorkload/cacheDatasets/tencentBlock/v2/1M/tencentBlock_20300.oracleGeneral.zst
tencentBlock_v2_1M	https://ftp.pdl.cmu.edu/pub/datasets/twemcacheWorkload/cacheDatasets/tencentBlock/v2/1M/tencentBlock_20302.oracleGeneral.zst
tencentBlock_v2_1M	https://ftp.pdl.cmu.edu/pub/datasets/twemcacheWorkload/cacheDatasets/tencentBlock/v2/1M/tencentBlock_20310.oracleGeneral.zst
tencentBlock_v2_1M	https://ftp.pdl.cmu.edu/pub/datasets/twemcacheWorkload/cacheDatasets/tencentBlock/v2/1M/tencentBlock_20314.oracleGeneral.zst
tencentBlock_v2_1M	https://ftp.pdl.cmu.edu/pub/datasets/twemcacheWorkload/cacheDatasets/tencentBlock/v2/1M/tencentBlock_20316.oracleGeneral.zst
tencentBlock_v2_1M	https://ftp.pdl.cmu.edu/pub/datasets/twemcacheWorkload/cacheDatasets/tencentBlock/v2/1M/tencentBlock_20320.oracleGeneral.zst
tencentBlock_v2_1M	https://ftp.pdl.cmu.edu/pub/datasets/twemcacheWorkload/cacheDatasets/tencentBlock/v2/1M/tencentBlock_20326.oracleGeneral.zst
tencentBlock_v2_1M	https://ftp.pdl.cmu.edu/pub/datasets/twemcacheWorkload/cacheDatasets/tencentBlock/v2/1M/tencentBlock_2034.oracleGeneral.zst
tencentBlock_v2_1M	https://ftp.pdl.cmu.edu/pub/datasets/twemcacheWorkload/cacheDatasets/tencentBlock/v2/1M/tencentBlock_20340.oracleGeneral.zst
tencentBlock_v2_1M	https://ftp.pdl.cmu.edu/pub/datasets/twemcacheWorkload/cacheDatasets/tencentBlock/v2/1M/tencentBlock_20351.oracleGeneral.zst
tencentBlock_v2_1M	https://ftp.pdl.cmu.edu/pub/datasets/twemcacheWorkload/cacheDatasets/tencentBlock/v2/1M/tencentBlock_20360.oracleGeneral.zst
tencentBlock_v2_1M	https://ftp.pdl.cmu.edu/pub/datasets/twemcacheWorkload/cacheDatasets/tencentBlock/v2/1M/tencentBlock_20365.oracleGeneral.zst
tencentBlock_v2_1M	https://ftp.pdl.cmu.edu/pub/datasets/twemcacheWorkload/cacheDatasets/tencentBlock/v2/1M/tencentBlock_20370.oracleGeneral.zst
tencentBlock_v2_1M	https://ftp.pdl.cmu.edu/pub/datasets/twemcacheWorkload/cacheDatasets/tencentBlock/v2/1M/tencentBlock_20378.oracleGeneral.zst
tencentBlock_v2_1M	https://ftp.pdl.cmu.edu/pub/datasets/twemcacheWorkload/cacheDatasets/tencentBlock/v2/1M/tencentBlock_20394.oracleGeneral.zst
tencentBlock_v2_1M	https://ftp.pdl.cmu.edu/pub/datasets/twemcacheWorkload/cacheDatasets/tencentBlock/v2/1M/tencentBlock_20396.oracleGeneral.zst
tencentBlock_v2_1M	https://ftp.pdl.cmu.edu/pub/datasets/twemcacheWorkload/cacheDatasets/tencentBlock/v2/1M/tencentBlock_20398.oracleGeneral.zst
tencentBlock_v2_1M	https://ftp.pdl.cmu.edu/pub/datasets/twemcacheWorkload/cacheDatasets/tencentBlock/v2/1M/tencentBlock_20400.oracleGeneral.zst
tencentBlock_v2_1M	https://ftp.pdl.cmu.edu/pub/datasets/twemcacheWorkload/cacheDatasets/tencentBlock/v2/1M/tencentBlock_20405.oracleGeneral.zst
tencentBlock_v2_1M	https://ftp.pdl.cmu.edu/pub/datasets/twemcacheWorkload/cacheDatasets/tencentBlock/v2/1M/tencentBlock_20414.oracleGeneral.zst
tencentBlock_v2_1M	https://ftp.pdl.cmu.edu/pub/datasets/twemcacheWorkload/cacheDatasets/tencentBlock/v2/1M/tencentBlock_20419.oracleGeneral.zst
tencentBlock_v2_1M	https://ftp.pdl.cmu.edu/pub/datasets/twemcacheWorkload/cacheDatasets/tencentBlock/v2/1M/tencentBlock_2044.oracleGeneral.zst
tencentBlock_v2_1M	https://ftp.pdl.cmu.edu/pub/datasets/twemcacheWorkload/cacheDatasets/tencentBlock/v2/1M/tencentBlock_20443.oracleGeneral.zst
tencentBlock_v2_1M	https://ftp.pdl.cmu.edu/pub/datasets/twemcacheWorkload/cacheDatasets/tencentBlock/v2/1M/tencentBlock_20451.oracleGeneral.zst
tencentBlock_v2_1M	https://ftp.pdl.cmu.edu/pub/datasets/twemcacheWorkload/cacheDatasets/tencentBlock/v2/1M/tencentBlock_20456.oracleGeneral.zst
tencentBlock_v2_1M	https://ftp.pdl.cmu.edu/pub/datasets/twemcacheWorkload/cacheDatasets/tencentBlock/v2/1M/tencentBlock_20462.oracleGeneral.zst
tencentBlock_v2_1M	https://ftp.pdl.cmu.edu/pub/datasets/twemcacheWorkload/cacheDatasets/tencentBlock/v2/1M/tencentBlock_20464.oracleGeneral.zst
tencentBlock_v2_1M	https://ftp.pdl.cmu.edu/pub/datasets/twemcacheWorkload/cacheDatasets/tencentBlock/v2/1M/tencentBlock_20465.oracleGeneral.zst
tencentBlock_v2_1M	https://ftp.pdl.cmu.edu/pub/datasets/twemcacheWorkload/cacheDatasets/tencentBlock/v2/1M/tencentBlock_20481.oracleGeneral.zst
tencentBlock_v2_1M	https://ftp.pdl.cmu.edu/pub/datasets/twemcacheWorkload/cacheDatasets/tencentBlock/v2/1M/tencentBlock_20489.oracleGeneral.zst
tencentBlock_v2_1M	https://ftp.pdl.cmu.edu/pub/datasets/twemcacheWorkload/cacheDatasets/tencentBlock/v2/1M/tencentBlock_20496.oracleGeneral.zst
tencentBlock_v2_1M	https://ftp.pdl.cmu.edu/pub/datasets/twemcacheWorkload/cacheDatasets/tencentBlock/v2/1M/tencentBlock_20498.oracleGeneral.zst
tencentBlock_v2_1M	https://ftp.pdl.cmu.edu/pub/datasets/twemcacheWorkload/cacheDatasets/tencentBlock/v2/1M/tencentBlock_20505.oracleGeneral.zst
tencentBlock_v2_1M	https://ftp.pdl.cmu.edu/pub/datasets/twemcacheWorkload/cacheDatasets/tencentBlock/v2/1M/tencentBlock_20509.oracleGeneral.zst
tencentBlock_v2_1M	https://ftp.pdl.cmu.edu/pub/datasets/twemcacheWorkload/cacheDatasets/tencentBlock/v2/1M/tencentBlock_20515.oracleGeneral.zst
tencentBlock_v2_1M	https://ftp.pdl.cmu.edu/pub/datasets/twemcacheWorkload/cacheDatasets/tencentBlock/v2/1M/tencentBlock_20519.oracleGeneral.zst
tencentBlock_v2_1M	https://ftp.pdl.cmu.edu/pub/datasets/twemcacheWorkload/cacheDatasets/tencentBlock/v2/1M/tencentBlock_2052.oracleGeneral.zst
tencentBlock_v2_1M	https://ftp.pdl.cmu.edu/pub/datasets/twemcacheWorkload/cacheDatasets/tencentBlock/v2/1M/tencentBlock_20529.oracleGeneral.zst
tencentBlock_v2_1M	https://ftp.pdl.cmu.edu/pub/datasets/twemcacheWorkload/cacheDatasets/tencentBlock/v2/1M/tencentBlock_20532.oracleGeneral.zst
tencentBlock_v2_1M	https://ftp.pdl.cmu.edu/pub/datasets/twemcacheWorkload/cacheDatasets/tencentBlock/v2/1M/tencentBlock_20539.oracleGeneral.zst
tencentBlock_v2_1M	https://ftp.pdl.cmu.edu/pub/datasets/twemcacheWorkload/cacheDatasets/tencentBlock/v2/1M/tencentBlock_20540.oracleGeneral.zst
tencentBlock_v2_1M	https://ftp.pdl.cmu.edu/pub/datasets/twemcacheWorkload/cacheDatasets/tencentBlock/v2/1M/tencentBlock_20547.oracleGeneral.zst
tencentBlock_v2_1M	https://ftp.pdl.cmu.edu/pub/datasets/twemcacheWorkload/cacheDatasets/tencentBlock/v2/1M/tencentBlock_20550.oracleGeneral.zst
tencentBlock_v2_1M	https://ftp.pdl.cmu.edu/pub/datasets/twemcacheWorkload/cacheDatasets/tencentBlock/v2/1M/tencentBlock_20552.oracleGeneral.zst
tencentBlock_v2_1M	https://ftp.pdl.cmu.edu/pub/datasets/twemcacheWorkload/cacheDatasets/tencentBlock/v2/1M/tencentBlock_20553.oracleGeneral.zst
tencentBlock_v2_1M	https://ftp.pdl.cmu.edu/pub/datasets/twemcacheWorkload/cacheDatasets/tencentBlock/v2/1M/tencentBlock_20558.oracleGeneral.zst
tencentBlock_v2_1M	https://ftp.pdl.cmu.edu/pub/datasets/twemcacheWorkload/cacheDatasets/tencentBlock/v2/1M/tencentBlock_20562.oracleGeneral.zst
tencentBlock_v2_1M	https://ftp.pdl.cmu.edu/pub/datasets/twemcacheWorkload/cacheDatasets/tencentBlock/v2/1M/tencentBlock_20568.oracleGeneral.zst
tencentBlock_v2_1M	https://ftp.pdl.cmu.edu/pub/datasets/twemcacheWorkload/cacheDatasets/tencentBlock/v2/1M/tencentBlock_20571.oracleGeneral.zst
tencentBlock_v2_1M	https://ftp.pdl.cmu.edu/pub/datasets/twemcacheWorkload/cacheDatasets/tencentBlock/v2/1M/tencentBlock_20575.oracleGeneral.zst
tencentBlock_v2_1M	https://ftp.pdl.cmu.edu/pub/datasets/twemcacheWorkload/cacheDatasets/tencentBlock/v2/1M/tencentBlock_20591.oracleGeneral.zst
tencentBlock_v2_1M	https://ftp.pdl.cmu.edu/pub/datasets/twemcacheWorkload/cacheDatasets/tencentBlock/v2/1M/tencentBlock_2060.oracleGeneral.zst
tencentBlock_v2_1M	https://ftp.pdl.cmu.edu/pub/datasets/twemcacheWorkload/cacheDatasets/tencentBlock/v2/1M/tencentBlock_20600.oracleGeneral.zst
tencentBlock_v2_1M	https://ftp.pdl.cmu.edu/pub/datasets/twemcacheWorkload/cacheDatasets/tencentBlock/v2/1M/tencentBlock_20605.oracleGeneral.zst
tencentBlock_v2_1M	https://ftp.pdl.cmu.edu/pub/datasets/twemcacheWorkload/cacheDatasets/tencentBlock/v2/1M/tencentBlock_20611.oracleGeneral.zst
tencentBlock_v2_1M	https://ftp.pdl.cmu.edu/pub/datasets/twemcacheWorkload/cacheDatasets/tencentBlock/v2/1M/tencentBlock_20628.oracleGeneral.zst
tencentBlock_v2_1M	https://ftp.pdl.cmu.edu/pub/datasets/twemcacheWorkload/cacheDatasets/tencentBlock/v2/1M/tencentBlock_2063.oracleGeneral.zst
tencentBlock_v2_1M	https://ftp.pdl.cmu.edu/pub/datasets/twemcacheWorkload/cacheDatasets/tencentBlock/v2/1M/tencentBlock_20637.oracleGeneral.zst
tencentBlock_v2_1M	https://ftp.pdl.cmu.edu/pub/datasets/twemcacheWorkload/cacheDatasets/tencentBlock/v2/1M/tencentBlock_20644.oracleGeneral.zst
tencentBlock_v2_1M	https://ftp.pdl.cmu.edu/pub/datasets/twemcacheWorkload/cacheDatasets/tencentBlock/v2/1M/tencentBlock_20646.oracleGeneral.zst
tencentBlock_v2_1M	https://ftp.pdl.cmu.edu/pub/datasets/twemcacheWorkload/cacheDatasets/tencentBlock/v2/1M/tencentBlock_20647.oracleGeneral.zst
tencentBlock_v2_1M	https://ftp.pdl.cmu.edu/pub/datasets/twemcacheWorkload/cacheDatasets/tencentBlock/v2/1M/tencentBlock_2065.oracleGeneral.zst
tencentBlock_v2_1M	https://ftp.pdl.cmu.edu/pub/datasets/twemcacheWorkload/cacheDatasets/tencentBlock/v2/1M/tencentBlock_20656.oracleGeneral.zst
tencentBlock_v2_1M	https://ftp.pdl.cmu.edu/pub/datasets/twemcacheWorkload/cacheDatasets/tencentBlock/v2/1M/tencentBlock_20664.oracleGeneral.zst
tencentBlock_v2_1M	https://ftp.pdl.cmu.edu/pub/datasets/twemcacheWorkload/cacheDatasets/tencentBlock/v2/1M/tencentBlock_20666.oracleGeneral.zst
tencentBlock_v2_1M	https://ftp.pdl.cmu.edu/pub/datasets/twemcacheWorkload/cacheDatasets/tencentBlock/v2/1M/tencentBlock_20670.oracleGeneral.zst
tencentBlock_v2_1M	https://ftp.pdl.cmu.edu/pub/datasets/twemcacheWorkload/cacheDatasets/tencentBlock/v2/1M/tencentBlock_20671.oracleGeneral.zst
tencentBlock_v2_1M	https://ftp.pdl.cmu.edu/pub/datasets/twemcacheWorkload/cacheDatasets/tencentBlock/v2/1M/tencentBlock_20675.oracleGeneral.zst
tencentBlock_v2_1M	https://ftp.pdl.cmu.edu/pub/datasets/twemcacheWorkload/cacheDatasets/tencentBlock/v2/1M/tencentBlock_20681.oracleGeneral.zst
tencentBlock_v2_1M	https://ftp.pdl.cmu.edu/pub/datasets/twemcacheWorkload/cacheDatasets/tencentBlock/v2/1M/tencentBlock_20689.oracleGeneral.zst
tencentBlock_v2_1M	https://ftp.pdl.cmu.edu/pub/datasets/twemcacheWorkload/cacheDatasets/tencentBlock/v2/1M/tencentBlock_20704.oracleGeneral.zst
tencentBlock_v2_1M	https://ftp.pdl.cmu.edu/pub/datasets/twemcacheWorkload/cacheDatasets/tencentBlock/v2/1M/tencentBlock_20705.oracleGeneral.zst
tencentBlock_v2_1M	https://ftp.pdl.cmu.edu/pub/datasets/twemcacheWorkload/cacheDatasets/tencentBlock/v2/1M/tencentBlock_20710.oracleGeneral.zst
tencentBlock_v2_1M	https://ftp.pdl.cmu.edu/pub/datasets/twemcacheWorkload/cacheDatasets/tencentBlock/v2/1M/tencentBlock_20711.oracleGeneral.zst
tencentBlock_v2_1M	https://ftp.pdl.cmu.edu/pub/datasets/twemcacheWorkload/cacheDatasets/tencentBlock/v2/1M/tencentBlock_20717.oracleGeneral.zst
tencentBlock_v2_1M	https://ftp.pdl.cmu.edu/pub/datasets/twemcacheWorkload/cacheDatasets/tencentBlock/v2/1M/tencentBlock_20726.oracleGeneral.zst
tencentBlock_v2_1M	https://ftp.pdl.cmu.edu/pub/datasets/twemcacheWorkload/cacheDatasets/tencentBlock/v2/1M/tencentBlock_20731.oracleGeneral.zst
tencentBlock_v2_1M	https://ftp.pdl.cmu.edu/pub/datasets/twemcacheWorkload/cacheDatasets/tencentBlock/v2/1M/tencentBlock_20739.oracleGeneral.zst
tencentBlock_v2_1M	https://ftp.pdl.cmu.edu/pub/datasets/twemcacheWorkload/cacheDatasets/tencentBlock/v2/1M/tencentBlock_20751.oracleGeneral.zst
tencentBlock_v2_1M	https://ftp.pdl.cmu.edu/pub/datasets/twemcacheWorkload/cacheDatasets/tencentBlock/v2/1M/tencentBlock_20760.oracleGeneral.zst
tencentBlock_v2_1M	https://ftp.pdl.cmu.edu/pub/datasets/twemcacheWorkload/cacheDatasets/tencentBlock/v2/1M/tencentBlock_20776.oracleGeneral.zst
tencentBlock_v2_1M	https://ftp.pdl.cmu.edu/pub/datasets/twemcacheWorkload/cacheDatasets/tencentBlock/v2/1M/tencentBlock_20783.oracleGeneral.zst
tencentBlock_v2_1M	https://ftp.pdl.cmu.edu/pub/datasets/twemcacheWorkload/cacheDatasets/tencentBlock/v2/1M/tencentBlock_20791.oracleGeneral.zst
tencentBlock_v2_1M	https://ftp.pdl.cmu.edu/pub/datasets/twemcacheWorkload/cacheDatasets/tencentBlock/v2/1M/tencentBlock_20800.oracleGeneral.zst
tencentBlock_v2_1M	https://ftp.pdl.cmu.edu/pub/datasets/twemcacheWorkload/cacheDatasets/tencentBlock/v2/1M/tencentBlock_20808.oracleGeneral.zst
tencentBlock_v2_1M	https://ftp.pdl.cmu.edu/pub/datasets/twemcacheWorkload/cacheDatasets/tencentBlock/v2/1M/tencentBlock_20812.oracleGeneral.zst
tencentBlock_v2_1M	https://ftp.pdl.cmu.edu/pub/datasets/twemcacheWorkload/cacheDatasets/tencentBlock/v2/1M/tencentBlock_20817.oracleGeneral.zst
tencentBlock_v2_1M	https://ftp.pdl.cmu.edu/pub/datasets/twemcacheWorkload/cacheDatasets/tencentBlock/v2/1M/tencentBlock_20823.oracleGeneral.zst
tencentBlock_v2_1M	https://ftp.pdl.cmu.edu/pub/datasets/twemcacheWorkload/cacheDatasets/tencentBlock/v2/1M/tencentBlock_20838.oracleGeneral.zst
tencentBlock_v2_1M	https://ftp.pdl.cmu.edu/pub/datasets/twemcacheWorkload/cacheDatasets/tencentBlock/v2/1M/tencentBlock_20847.oracleGeneral.zst
tencentBlock_v2_1M	https://ftp.pdl.cmu.edu/pub/datasets/twemcacheWorkload/cacheDatasets/tencentBlock/v2/1M/tencentBlock_20856.oracleGeneral.zst
tencentBlock_v2_1M	https://ftp.pdl.cmu.edu/pub/datasets/twemcacheWorkload/cacheDatasets/tencentBlock/v2/1M/tencentBlock_20859.oracleGeneral.zst
tencentBlock_v2_1M	https://ftp.pdl.cmu.edu/pub/datasets/twemcacheWorkload/cacheDatasets/tencentBlock/v2/1M/tencentBlock_20861.oracleGeneral.zst
tencentBlock_v2_1M	https://ftp.pdl.cmu.edu/pub/datasets/twemcacheWorkload/cacheDatasets/tencentBlock/v2/1M/tencentBlock_20868.oracleGeneral.zst
tencentBlock_v2_1M	https://ftp.pdl.cmu.edu/pub/datasets/twemcacheWorkload/cacheDatasets/tencentBlock/v2/1M/tencentBlock_2087.oracleGeneral.zst
tencentBlock_v2_1M	https://ftp.pdl.cmu.edu/pub/datasets/twemcacheWorkload/cacheDatasets/tencentBlock/v2/1M/tencentBlock_20870.oracleGeneral.zst
tencentBlock_v2_1M	https://ftp.pdl.cmu.edu/pub/datasets/twemcacheWorkload/cacheDatasets/tencentBlock/v2/1M/tencentBlock_20879.oracleGeneral.zst
tencentBlock_v2_1M	https://ftp.pdl.cmu.edu/pub/datasets/twemcacheWorkload/cacheDatasets/tencentBlock/v2/1M/tencentBlock_20887.oracleGeneral.zst
tencentBlock_v2_1M	https://ftp.pdl.cmu.edu/pub/datasets/twemcacheWorkload/cacheDatasets/tencentBlock/v2/1M/tencentBlock_20893.oracleGeneral.zst
tencentBlock_v2_1M	https://ftp.pdl.cmu.edu/pub/datasets/twemcacheWorkload/cacheDatasets/tencentBlock/v2/1M/tencentBlock_20898.oracleGeneral.zst
tencentBlock_v2_1M	https://ftp.pdl.cmu.edu/pub/datasets/twemcacheWorkload/cacheDatasets/tencentBlock/v2/1M/tencentBlock_20901.oracleGeneral.zst
tencentBlock_v2_1M	https://ftp.pdl.cmu.edu/pub/datasets/twemcacheWorkload/cacheDatasets/tencentBlock/v2/1M/tencentBlock_20912.oracleGeneral.zst
tencentBlock_v2_1M	https://ftp.pdl.cmu.edu/pub/datasets/twemcacheWorkload/cacheDatasets/tencentBlock/v2/1M/tencentBlock_20915.oracleGeneral.zst
tencentBlock_v2_1M	https://ftp.pdl.cmu.edu/pub/datasets/twemcacheWorkload/cacheDatasets/tencentBlock/v2/1M/tencentBlock_2092.oracleGeneral.zst
tencentBlock_v2_1M	https://ftp.pdl.cmu.edu/pub/datasets/twemcacheWorkload/cacheDatasets/tencentBlock/v2/1M/tencentBlock_20923.oracleGeneral.zst
tencentBlock_v2_1M	https://ftp.pdl.cmu.edu/pub/datasets/twemcacheWorkload/cacheDatasets/tencentBlock/v2/1M/tencentBlock_20930.oracleGeneral.zst
tencentBlock_v2_1M	https://ftp.pdl.cmu.edu/pub/datasets/twemcacheWorkload/cacheDatasets/tencentBlock/v2/1M/tencentBlock_20932.oracleGeneral.zst
tencentBlock_v2_1M	https://ftp.pdl.cmu.edu/pub/datasets/twemcacheWorkload/cacheDatasets/tencentBlock/v2/1M/tencentBlock_20941.oracleGeneral.zst
tencentBlock_v2_1M	https://ftp.pdl.cmu.edu/pub/datasets/twemcacheWorkload/cacheDatasets/tencentBlock/v2/1M/tencentBlock_20944.oracleGeneral.zst
tencentBlock_v2_1M	https://ftp.pdl.cmu.edu/pub/datasets/twemcacheWorkload/cacheDatasets/tencentBlock/v2/1M/tencentBlock_20951.oracleGeneral.zst
tencentBlock_v2_1M	https://ftp.pdl.cmu.edu/pub/datasets/twemcacheWorkload/cacheDatasets/tencentBlock/v2/1M/tencentBlock_20954.oracleGeneral.zst
tencentBlock_v2_1M	https://ftp.pdl.cmu.edu/pub/datasets/twemcacheWorkload/cacheDatasets/tencentBlock/v2/1M/tencentBlock_20957.oracleGeneral.zst
tencentBlock_v2_1M	https://ftp.pdl.cmu.edu/pub/datasets/twemcacheWorkload/cacheDatasets/tencentBlock/v2/1M/tencentBlock_20969.oracleGeneral.zst
tencentBlock_v2_1M	https://ftp.pdl.cmu.edu/pub/datasets/twemcacheWorkload/cacheDatasets/tencentBlock/v2/1M/tencentBlock_20972.oracleGeneral.zst
tencentBlock_v2_1M	https://ftp.pdl.cmu.edu/pub/datasets/twemcacheWorkload/cacheDatasets/tencentBlock/v2/1M/tencentBlock_20974.oracleGeneral.zst
tencentBlock_v2_1M	https://ftp.pdl.cmu.edu/pub/datasets/twemcacheWorkload/cacheDatasets/tencentBlock/v2/1M/tencentBlock_20976.oracleGeneral.zst
tencentBlock_v2_1M	https://ftp.pdl.cmu.edu/pub/datasets/twemcacheWorkload/cacheDatasets/tencentBlock/v2/1M/tencentBlock_20980.oracleGeneral.zst
tencentBlock_v2_1M	https://ftp.pdl.cmu.edu/pub/datasets/twemcacheWorkload/cacheDatasets/tencentBlock/v2/1M/tencentBlock_2100.oracleGeneral.zst
tencentBlock_v2_1M	https://ftp.pdl.cmu.edu/pub/datasets/twemcacheWorkload/cacheDatasets/tencentBlock/v2/1M/tencentBlock_21007.oracleGeneral.zst
tencentBlock_v2_1M	https://ftp.pdl.cmu.edu/pub/datasets/twemcacheWorkload/cacheDatasets/tencentBlock/v2/1M/tencentBlock_21012.oracleGeneral.zst
tencentBlock_v2_1M	https://ftp.pdl.cmu.edu/pub/datasets/twemcacheWorkload/cacheDatasets/tencentBlock/v2/1M/tencentBlock_21025.oracleGeneral.zst
tencentBlock_v2_1M	https://ftp.pdl.cmu.edu/pub/datasets/twemcacheWorkload/cacheDatasets/tencentBlock/v2/1M/tencentBlock_21040.oracleGeneral.zst
tencentBlock_v2_1M	https://ftp.pdl.cmu.edu/pub/datasets/twemcacheWorkload/cacheDatasets/tencentBlock/v2/1M/tencentBlock_21062.oracleGeneral.zst
tencentBlock_v2_1M	https://ftp.pdl.cmu.edu/pub/datasets/twemcacheWorkload/cacheDatasets/tencentBlock/v2/1M/tencentBlock_21070.oracleGeneral.zst
tencentBlock_v2_1M	https://ftp.pdl.cmu.edu/pub/datasets/twemcacheWorkload/cacheDatasets/tencentBlock/v2/1M/tencentBlock_21078.oracleGeneral.zst
tencentBlock_v2_1M	https://ftp.pdl.cmu.edu/pub/datasets/twemcacheWorkload/cacheDatasets/tencentBlock/v2/1M/tencentBlock_21083.oracleGeneral.zst
tencentBlock_v2_1M	https://ftp.pdl.cmu.edu/pub/datasets/twemcacheWorkload/cacheDatasets/tencentBlock/v2/1M/tencentBlock_21084.oracleGeneral.zst
tencentBlock_v2_1M	https://ftp.pdl.cmu.edu/pub/datasets/twemcacheWorkload/cacheDatasets/tencentBlock/v2/1M/tencentBlock_21091.oracleGeneral.zst
tencentBlock_v2_1M	https://ftp.pdl.cmu.edu/pub/datasets/twemcacheWorkload/cacheDatasets/tencentBlock/v2/1M/tencentBlock_21096.oracleGeneral.zst
tencentBlock_v2_1M	https://ftp.pdl.cmu.edu/pub/datasets/twemcacheWorkload/cacheDatasets/tencentBlock/v2/1M/tencentBlock_21108.oracleGeneral.zst
tencentBlock_v2_1M	https://ftp.pdl.cmu.edu/pub/datasets/twemcacheWorkload/cacheDatasets/tencentBlock/v2/1M/tencentBlock_21121.oracleGeneral.zst
tencentBlock_v2_1M	https://ftp.pdl.cmu.edu/pub/datasets/twemcacheWorkload/cacheDatasets/tencentBlock/v2/1M/tencentBlock_21124.oracleGeneral.zst
tencentBlock_v2_1M	https://ftp.pdl.cmu.edu/pub/datasets/twemcacheWorkload/cacheDatasets/tencentBlock/v2/1M/tencentBlock_21126.oracleGeneral.zst
tencentBlock_v2_1M	https://ftp.pdl.cmu.edu/pub/datasets/twemcacheWorkload/cacheDatasets/tencentBlock/v2/1M/tencentBlock_21145.oracleGeneral.zst
tencentBlock_v2_1M	https://ftp.pdl.cmu.edu/pub/datasets/twemcacheWorkload/cacheDatasets/tencentBlock/v2/1M/tencentBlock_2115.oracleGeneral.zst
tencentBlock_v2_1M	https://ftp.pdl.cmu.edu/pub/datasets/twemcacheWorkload/cacheDatasets/tencentBlock/v2/1M/tencentBlock_21152.oracleGeneral.zst
tencentBlock_v2_1M	https://ftp.pdl.cmu.edu/pub/datasets/twemcacheWorkload/cacheDatasets/tencentBlock/v2/1M/tencentBlock_21153.oracleGeneral.zst
tencentBlock_v2_1M	https://ftp.pdl.cmu.edu/pub/datasets/twemcacheWorkload/cacheDatasets/tencentBlock/v2/1M/tencentBlock_21163.oracleGeneral.zst
tencentBlock_v2_1M	https://ftp.pdl.cmu.edu/pub/datasets/twemcacheWorkload/cacheDatasets/tencentBlock/v2/1M/tencentBlock_21164.oracleGeneral.zst
tencentBlock_v2_1M	https://ftp.pdl.cmu.edu/pub/datasets/twemcacheWorkload/cacheDatasets/tencentBlock/v2/1M/tencentBlock_21168.oracleGeneral.zst
tencentBlock_v2_1M	https://ftp.pdl.cmu.edu/pub/datasets/twemcacheWorkload/cacheDatasets/tencentBlock/v2/1M/tencentBlock_21176.oracleGeneral.zst
tencentBlock_v2_1M	https://ftp.pdl.cmu.edu/pub/datasets/twemcacheWorkload/cacheDatasets/tencentBlock/v2/1M/tencentBlock_21183.oracleGeneral.zst
tencentBlock_v2_1M	https://ftp.pdl.cmu.edu/pub/datasets/twemcacheWorkload/cacheDatasets/tencentBlock/v2/1M/tencentBlock_21191.oracleGeneral.zst
tencentBlock_v2_1M	https://ftp.pdl.cmu.edu/pub/datasets/twemcacheWorkload/cacheDatasets/tencentBlock/v2/1M/tencentBlock_21198.oracleGeneral.zst
tencentBlock_v2_1M	https://ftp.pdl.cmu.edu/pub/datasets/twemcacheWorkload/cacheDatasets/tencentBlock/v2/1M/tencentBlock_21209.oracleGeneral.zst
tencentBlock_v2_1M	https://ftp.pdl.cmu.edu/pub/datasets/twemcacheWorkload/cacheDatasets/tencentBlock/v2/1M/tencentBlock_21217.oracleGeneral.zst
tencentBlock_v2_1M	https://ftp.pdl.cmu.edu/pub/datasets/twemcacheWorkload/cacheDatasets/tencentBlock/v2/1M/tencentBlock_21224.oracleGeneral.zst
tencentBlock_v2_1M	https://ftp.pdl.cmu.edu/pub/datasets/twemcacheWorkload/cacheDatasets/tencentBlock/v2/1M/tencentBlock_21235.oracleGeneral.zst
tencentBlock_v2_1M	https://ftp.pdl.cmu.edu/pub/datasets/twemcacheWorkload/cacheDatasets/tencentBlock/v2/1M/tencentBlock_2124.oracleGeneral.zst
tencentBlock_v2_1M	https://ftp.pdl.cmu.edu/pub/datasets/twemcacheWorkload/cacheDatasets/tencentBlock/v2/1M/tencentBlock_21242.oracleGeneral.zst
tencentBlock_v2_1M	https://ftp.pdl.cmu.edu/pub/datasets/twemcacheWorkload/cacheDatasets/tencentBlock/v2/1M/tencentBlock_21247.oracleGeneral.zst
tencentBlock_v2_1M	https://ftp.pdl.cmu.edu/pub/datasets/twemcacheWorkload/cacheDatasets/tencentBlock/v2/1M/tencentBlock_21256.oracleGeneral.zst
tencentBlock_v2_1M	https://ftp.pdl.cmu.edu/pub/datasets/twemcacheWorkload/cacheDatasets/tencentBlock/v2/1M/tencentBlock_21263.oracleGeneral.zst
tencentBlock_v2_1M	https://ftp.pdl.cmu.edu/pub/datasets/twemcacheWorkload/cacheDatasets/tencentBlock/v2/1M/tencentBlock_21269.oracleGeneral.zst
tencentBlock_v2_1M	https://ftp.pdl.cmu.edu/pub/datasets/twemcacheWorkload/cacheDatasets/tencentBlock/v2/1M/tencentBlock_21276.oracleGeneral.zst
tencentBlock_v2_1M	https://ftp.pdl.cmu.edu/pub/datasets/twemcacheWorkload/cacheDatasets/tencentBlock/v2/1M/tencentBlock_21277.oracleGeneral.zst
tencentBlock_v2_1M	https://ftp.pdl.cmu.edu/pub/datasets/twemcacheWorkload/cacheDatasets/tencentBlock/v2/1M/tencentBlock_21290.oracleGeneral.zst
tencentBlock_v2_1M	https://ftp.pdl.cmu.edu/pub/datasets/twemcacheWorkload/cacheDatasets/tencentBlock/v2/1M/tencentBlock_21298.oracleGeneral.zst
tencentBlock_v2_1M	https://ftp.pdl.cmu.edu/pub/datasets/twemcacheWorkload/cacheDatasets/tencentBlock/v2/1M/tencentBlock_21306.oracleGeneral.zst
tencentBlock_v2_1M	https://ftp.pdl.cmu.edu/pub/datasets/twemcacheWorkload/cacheDatasets/tencentBlock/v2/1M/tencentBlock_21311.oracleGeneral.zst
tencentBlock_v2_1M	https://ftp.pdl.cmu.edu/pub/datasets/twemcacheWorkload/cacheDatasets/tencentBlock/v2/1M/tencentBlock_21315.oracleGeneral.zst
tencentBlock_v2_1M	https://ftp.pdl.cmu.edu/pub/datasets/twemcacheWorkload/cacheDatasets/tencentBlock/v2/1M/tencentBlock_21322.oracleGeneral.zst
tencentBlock_v2_1M	https://ftp.pdl.cmu.edu/pub/datasets/twemcacheWorkload/cacheDatasets/tencentBlock/v2/1M/tencentBlock_21331.oracleGeneral.zst
tencentBlock_v2_1M	https://ftp.pdl.cmu.edu/pub/datasets/twemcacheWorkload/cacheDatasets/tencentBlock/v2/1M/tencentBlock_21332.oracleGeneral.zst
tencentBlock_v2_1M	https://ftp.pdl.cmu.edu/pub/datasets/twemcacheWorkload/cacheDatasets/tencentBlock/v2/1M/tencentBlock_21333.oracleGeneral.zst
tencentBlock_v2_1M	https://ftp.pdl.cmu.edu/pub/datasets/twemcacheWorkload/cacheDatasets/tencentBlock/v2/1M/tencentBlock_21341.oracleGeneral.zst
tencentBlock_v2_1M	https://ftp.pdl.cmu.edu/pub/datasets/twemcacheWorkload/cacheDatasets/tencentBlock/v2/1M/tencentBlock_21349.oracleGeneral.zst
tencentBlock_v2_1M	https://ftp.pdl.cmu.edu/pub/datasets/twemcacheWorkload/cacheDatasets/tencentBlock/v2/1M/tencentBlock_21352.oracleGeneral.zst
tencentBlock_v2_1M	https://ftp.pdl.cmu.edu/pub/datasets/twemcacheWorkload/cacheDatasets/tencentBlock/v2/1M/tencentBlock_21371.oracleGeneral.zst
tencentBlock_v2_1M	https://ftp.pdl.cmu.edu/pub/datasets/twemcacheWorkload/cacheDatasets/tencentBlock/v2/1M/tencentBlock_21380.oracleGeneral.zst
tencentBlock_v2_1M	https://ftp.pdl.cmu.edu/pub/datasets/twemcacheWorkload/cacheDatasets/tencentBlock/v2/1M/tencentBlock_21387.oracleGeneral.zst
tencentBlock_v2_1M	https://ftp.pdl.cmu.edu/pub/datasets/twemcacheWorkload/cacheDatasets/tencentBlock/v2/1M/tencentBlock_21399.oracleGeneral.zst
tencentBlock_v2_1M	https://ftp.pdl.cmu.edu/pub/datasets/twemcacheWorkload/cacheDatasets/tencentBlock/v2/1M/tencentBlock_21407.oracleGeneral.zst
tencentBlock_v2_1M	https://ftp.pdl.cmu.edu/pub/datasets/twemcacheWorkload/cacheDatasets/tencentBlock/v2/1M/tencentBlock_21411.oracleGeneral.zst
tencentBlock_v2_1M	https://ftp.pdl.cmu.edu/pub/datasets/twemcacheWorkload/cacheDatasets/tencentBlock/v2/1M/tencentBlock_21413.oracleGeneral.zst
tencentBlock_v2_1M	https://ftp.pdl.cmu.edu/pub/datasets/twemcacheWorkload/cacheDatasets/tencentBlock/v2/1M/tencentBlock_21415.oracleGeneral.zst
tencentBlock_v2_1M	https://ftp.pdl.cmu.edu/pub/datasets/twemcacheWorkload/cacheDatasets/tencentBlock/v2/1M/tencentBlock_21421.oracleGeneral.zst
tencentBlock_v2_1M	https://ftp.pdl.cmu.edu/pub/datasets/twemcacheWorkload/cacheDatasets/tencentBlock/v2/1M/tencentBlock_21422.oracleGeneral.zst
tencentBlock_v2_1M	https://ftp.pdl.cmu.edu/pub/datasets/twemcacheWorkload/cacheDatasets/tencentBlock/v2/1M/tencentBlock_21427.oracleGeneral.zst
tencentBlock_v2_1M	https://ftp.pdl.cmu.edu/pub/datasets/twemcacheWorkload/cacheDatasets/tencentBlock/v2/1M/tencentBlock_21436.oracleGeneral.zst
tencentBlock_v2_1M	https://ftp.pdl.cmu.edu/pub/datasets/twemcacheWorkload/cacheDatasets/tencentBlock/v2/1M/tencentBlock_21442.oracleGeneral.zst
tencentBlock_v2_1M	https://ftp.pdl.cmu.edu/pub/datasets/twemcacheWorkload/cacheDatasets/tencentBlock/v2/1M/tencentBlock_21445.oracleGeneral.zst
tencentBlock_v2_1M	https://ftp.pdl.cmu.edu/pub/datasets/twemcacheWorkload/cacheDatasets/tencentBlock/v2/1M/tencentBlock_21452.oracleGeneral.zst
tencentBlock_v2_1M	https://ftp.pdl.cmu.edu/pub/datasets/twemcacheWorkload/cacheDatasets/tencentBlock/v2/1M/tencentBlock_21459.oracleGeneral.zst
tencentBlock_v2_1M	https://ftp.pdl.cmu.edu/pub/datasets/twemcacheWorkload/cacheDatasets/tencentBlock/v2/1M/tencentBlock_21462.oracleGeneral.zst
tencentBlock_v2_1M	https://ftp.pdl.cmu.edu/pub/datasets/twemcacheWorkload/cacheDatasets/tencentBlock/v2/1M/tencentBlock_21469.oracleGeneral.zst
tencentBlock_v2_1M	https://ftp.pdl.cmu.edu/pub/datasets/twemcacheWorkload/cacheDatasets/tencentBlock/v2/1M/tencentBlock_21472.oracleGeneral.zst
tencentBlock_v2_1M	https://ftp.pdl.cmu.edu/pub/datasets/twemcacheWorkload/cacheDatasets/tencentBlock/v2/1M/tencentBlock_21481.oracleGeneral.zst
tencentBlock_v2_1M	https://ftp.pdl.cmu.edu/pub/datasets/twemcacheWorkload/cacheDatasets/tencentBlock/v2/1M/tencentBlock_21482.oracleGeneral.zst
tencentBlock_v2_1M	https://ftp.pdl.cmu.edu/pub/datasets/twemcacheWorkload/cacheDatasets/tencentBlock/v2/1M/tencentBlock_21488.oracleGeneral.zst
tencentBlock_v2_1M	https://ftp.pdl.cmu.edu/pub/datasets/twemcacheWorkload/cacheDatasets/tencentBlock/v2/1M/tencentBlock_21494.oracleGeneral.zst
tencentBlock_v2_1M	https://ftp.pdl.cmu.edu/pub/datasets/twemcacheWorkload/cacheDatasets/tencentBlock/v2/1M/tencentBlock_21504.oracleGeneral.zst
tencentBlock_v2_1M	https://ftp.pdl.cmu.edu/pub/datasets/twemcacheWorkload/cacheDatasets/tencentBlock/v2/1M/tencentBlock_21505.oracleGeneral.zst
tencentBlock_v2_1M	https://ftp.pdl.cmu.edu/pub/datasets/twemcacheWorkload/cacheDatasets/tencentBlock/v2/1M/tencentBlock_21507.oracleGeneral.zst
tencentBlock_v2_1M	https://ftp.pdl.cmu.edu/pub/datasets/twemcacheWorkload/cacheDatasets/tencentBlock/v2/1M/tencentBlock_21516.oracleGeneral.zst
tencentBlock_v2_1M	https://ftp.pdl.cmu.edu/pub/datasets/twemcacheWorkload/cacheDatasets/tencentBlock/v2/1M/tencentBlock_21523.oracleGeneral.zst
tencentBlock_v2_1M	https://ftp.pdl.cmu.edu/pub/datasets/twemcacheWorkload/cacheDatasets/tencentBlock/v2/1M/tencentBlock_21525.oracleGeneral.zst
tencentBlock_v2_1M	https://ftp.pdl.cmu.edu/pub/datasets/twemcacheWorkload/cacheDatasets/tencentBlock/v2/1M/tencentBlock_21532.oracleGeneral.zst
tencentBlock_v2_1M	https://ftp.pdl.cmu.edu/pub/datasets/twemcacheWorkload/cacheDatasets/tencentBlock/v2/1M/tencentBlock_21533.oracleGeneral.zst
tencentBlock_v2_1M	https://ftp.pdl.cmu.edu/pub/datasets/twemcacheWorkload/cacheDatasets/tencentBlock/v2/1M/tencentBlock_2154.oracleGeneral.zst
tencentBlock_v2_1M	https://ftp.pdl.cmu.edu/pub/datasets/twemcacheWorkload/cacheDatasets/tencentBlock/v2/1M/tencentBlock_21541.oracleGeneral.zst
tencentBlock_v2_1M	https://ftp.pdl.cmu.edu/pub/datasets/twemcacheWorkload/cacheDatasets/tencentBlock/v2/1M/tencentBlock_21544.oracleGeneral.zst
tencentBlock_v2_1M	https://ftp.pdl.cmu.edu/pub/datasets/twemcacheWorkload/cacheDatasets/tencentBlock/v2/1M/tencentBlock_21551.oracleGeneral.zst
tencentBlock_v2_1M	https://ftp.pdl.cmu.edu/pub/datasets/twemcacheWorkload/cacheDatasets/tencentBlock/v2/1M/tencentBlock_21558.oracleGeneral.zst
tencentBlock_v2_1M	https://ftp.pdl.cmu.edu/pub/datasets/twemcacheWorkload/cacheDatasets/tencentBlock/v2/1M/tencentBlock_2157.oracleGeneral.zst
tencentBlock_v2_1M	https://ftp.pdl.cmu.edu/pub/datasets/twemcacheWorkload/cacheDatasets/tencentBlock/v2/1M/tencentBlock_21572.oracleGeneral.zst
tencentBlock_v2_1M	https://ftp.pdl.cmu.edu/pub/datasets/twemcacheWorkload/cacheDatasets/tencentBlock/v2/1M/tencentBlock_21580.oracleGeneral.zst
tencentBlock_v2_1M	https://ftp.pdl.cmu.edu/pub/datasets/twemcacheWorkload/cacheDatasets/tencentBlock/v2/1M/tencentBlock_21590.oracleGeneral.zst
tencentBlock_v2_1M	https://ftp.pdl.cmu.edu/pub/datasets/twemcacheWorkload/cacheDatasets/tencentBlock/v2/1M/tencentBlock_21592.oracleGeneral.zst
tencentBlock_v2_1M	https://ftp.pdl.cmu.edu/pub/datasets/twemcacheWorkload/cacheDatasets/tencentBlock/v2/1M/tencentBlock_21597.oracleGeneral.zst
tencentBlock_v2_1M	https://ftp.pdl.cmu.edu/pub/datasets/twemcacheWorkload/cacheDatasets/tencentBlock/v2/1M/tencentBlock_21607.oracleGeneral.zst
tencentBlock_v2_1M	https://ftp.pdl.cmu.edu/pub/datasets/twemcacheWorkload/cacheDatasets/tencentBlock/v2/1M/tencentBlock_21624.oracleGeneral.zst
tencentBlock_v2_1M	https://ftp.pdl.cmu.edu/pub/datasets/twemcacheWorkload/cacheDatasets/tencentBlock/v2/1M/tencentBlock_21630.oracleGeneral.zst
tencentBlock_v2_1M	https://ftp.pdl.cmu.edu/pub/datasets/twemcacheWorkload/cacheDatasets/tencentBlock/v2/1M/tencentBlock_21633.oracleGeneral.zst
tencentBlock_v2_1M	https://ftp.pdl.cmu.edu/pub/datasets/twemcacheWorkload/cacheDatasets/tencentBlock/v2/1M/tencentBlock_21640.oracleGeneral.zst
tencentBlock_v2_1M	https://ftp.pdl.cmu.edu/pub/datasets/twemcacheWorkload/cacheDatasets/tencentBlock/v2/1M/tencentBlock_21647.oracleGeneral.zst
tencentBlock_v2_1M	https://ftp.pdl.cmu.edu/pub/datasets/twemcacheWorkload/cacheDatasets/tencentBlock/v2/1M/tencentBlock_2165.oracleGeneral.zst
tencentBlock_v2_1M	https://ftp.pdl.cmu.edu/pub/datasets/twemcacheWorkload/cacheDatasets/tencentBlock/v2/1M/tencentBlock_21653.oracleGeneral.zst
tencentBlock_v2_1M	https://ftp.pdl.cmu.edu/pub/datasets/twemcacheWorkload/cacheDatasets/tencentBlock/v2/1M/tencentBlock_21658.oracleGeneral.zst
tencentBlock_v2_1M	https://ftp.pdl.cmu.edu/pub/datasets/twemcacheWorkload/cacheDatasets/tencentBlock/v2/1M/tencentBlock_21661.oracleGeneral.zst
tencentBlock_v2_1M	https://ftp.pdl.cmu.edu/pub/datasets/twemcacheWorkload/cacheDatasets/tencentBlock/v2/1M/tencentBlock_21666.oracleGeneral.zst
tencentBlock_v2_1M	https://ftp.pdl.cmu.edu/pub/datasets/twemcacheWorkload/cacheDatasets/tencentBlock/v2/1M/tencentBlock_21670.oracleGeneral.zst
tencentBlock_v2_1M	https://ftp.pdl.cmu.edu/pub/datasets/twemcacheWorkload/cacheDatasets/tencentBlock/v2/1M/tencentBlock_21677.oracleGeneral.zst
tencentBlock_v2_1M	https://ftp.pdl.cmu.edu/pub/datasets/twemcacheWorkload/cacheDatasets/tencentBlock/v2/1M/tencentBlock_21686.oracleGeneral.zst
tencentBlock_v2_1M	https://ftp.pdl.cmu.edu/pub/datasets/twemcacheWorkload/cacheDatasets/tencentBlock/v2/1M/tencentBlock_21691.oracleGeneral.zst
tencentBlock_v2_1M	https://ftp.pdl.cmu.edu/pub/datasets/twemcacheWorkload/cacheDatasets/tencentBlock/v2/1M/tencentBlock_21698.oracleGeneral.zst
tencentBlock_v2_1M	https://ftp.pdl.cmu.edu/pub/datasets/twemcacheWorkload/cacheDatasets/tencentBlock/v2/1M/tencentBlock_21711.oracleGeneral.zst
tencentBlock_v2_1M	https://ftp.pdl.cmu.edu/pub/datasets/twemcacheWorkload/cacheDatasets/tencentBlock/v2/1M/tencentBlock_21716.oracleGeneral.zst
tencentBlock_v2_1M	https://ftp.pdl.cmu.edu/pub/datasets/twemcacheWorkload/cacheDatasets/tencentBlock/v2/1M/tencentBlock_21720.oracleGeneral.zst
tencentBlock_v2_1M	https://ftp.pdl.cmu.edu/pub/datasets/twemcacheWorkload/cacheDatasets/tencentBlock/v2/1M/tencentBlock_21724.oracleGeneral.zst
tencentBlock_v2_1M	https://ftp.pdl.cmu.edu/pub/datasets/twemcacheWorkload/cacheDatasets/tencentBlock/v2/1M/tencentBlock_21733.oracleGeneral.zst
tencentBlock_v2_1M	https://ftp.pdl.cmu.edu/pub/datasets/twemcacheWorkload/cacheDatasets/tencentBlock/v2/1M/tencentBlock_2174.oracleGeneral.zst
tencentBlock_v2_1M	https://ftp.pdl.cmu.edu/pub/datasets/twemcacheWorkload/cacheDatasets/tencentBlock/v2/1M/tencentBlock_21759.oracleGeneral.zst
tencentBlock_v2_1M	https://ftp.pdl.cmu.edu/pub/datasets/twemcacheWorkload/cacheDatasets/tencentBlock/v2/1M/tencentBlock_21766.oracleGeneral.zst
tencentBlock_v2_1M	https://ftp.pdl.cmu.edu/pub/datasets/twemcacheWorkload/cacheDatasets/tencentBlock/v2/1M/tencentBlock_2177.oracleGeneral.zst
tencentBlock_v2_1M	https://ftp.pdl.cmu.edu/pub/datasets/twemcacheWorkload/cacheDatasets/tencentBlock/v2/1M/tencentBlock_21770.oracleGeneral.zst
tencentBlock_v2_1M	https://ftp.pdl.cmu.edu/pub/datasets/twemcacheWorkload/cacheDatasets/tencentBlock/v2/1M/tencentBlock_21771.oracleGeneral.zst
tencentBlock_v2_1M	https://ftp.pdl.cmu.edu/pub/datasets/twemcacheWorkload/cacheDatasets/tencentBlock/v2/1M/tencentBlock_21775.oracleGeneral.zst
tencentBlock_v2_1M	https://ftp.pdl.cmu.edu/pub/datasets/twemcacheWorkload/cacheDatasets/tencentBlock/v2/1M/tencentBlock_21778.oracleGeneral.zst
tencentBlock_v2_1M	https://ftp.pdl.cmu.edu/pub/datasets/twemcacheWorkload/cacheDatasets/tencentBlock/v2/1M/tencentBlock_21784.oracleGeneral.zst
tencentBlock_v2_1M	https://ftp.pdl.cmu.edu/pub/datasets/twemcacheWorkload/cacheDatasets/tencentBlock/v2/1M/tencentBlock_21798.oracleGeneral.zst
tencentBlock_v2_1M	https://ftp.pdl.cmu.edu/pub/datasets/twemcacheWorkload/cacheDatasets/tencentBlock/v2/1M/tencentBlock_21812.oracleGeneral.zst
tencentBlock_v2_1M	https://ftp.pdl.cmu.edu/pub/datasets/twemcacheWorkload/cacheDatasets/tencentBlock/v2/1M/tencentBlock_21814.oracleGeneral.zst
tencentBlock_v2_1M	https://ftp.pdl.cmu.edu/pub/datasets/twemcacheWorkload/cacheDatasets/tencentBlock/v2/1M/tencentBlock_21817.oracleGeneral.zst
tencentBlock_v2_1M	https://ftp.pdl.cmu.edu/pub/datasets/twemcacheWorkload/cacheDatasets/tencentBlock/v2/1M/tencentBlock_21825.oracleGeneral.zst
tencentBlock_v2_1M	https://ftp.pdl.cmu.edu/pub/datasets/twemcacheWorkload/cacheDatasets/tencentBlock/v2/1M/tencentBlock_21837.oracleGeneral.zst
tencentBlock_v2_1M	https://ftp.pdl.cmu.edu/pub/datasets/twemcacheWorkload/cacheDatasets/tencentBlock/v2/1M/tencentBlock_21843.oracleGeneral.zst
tencentBlock_v2_1M	https://ftp.pdl.cmu.edu/pub/datasets/twemcacheWorkload/cacheDatasets/tencentBlock/v2/1M/tencentBlock_21851.oracleGeneral.zst
tencentBlock_v2_1M	https://ftp.pdl.cmu.edu/pub/datasets/twemcacheWorkload/cacheDatasets/tencentBlock/v2/1M/tencentBlock_21854.oracleGeneral.zst
tencentBlock_v2_1M	https://ftp.pdl.cmu.edu/pub/datasets/twemcacheWorkload/cacheDatasets/tencentBlock/v2/1M/tencentBlock_21858.oracleGeneral.zst
tencentBlock_v2_1M	https://ftp.pdl.cmu.edu/pub/datasets/twemcacheWorkload/cacheDatasets/tencentBlock/v2/1M/tencentBlock_21859.oracleGeneral.zst
tencentBlock_v2_1M	https://ftp.pdl.cmu.edu/pub/datasets/twemcacheWorkload/cacheDatasets/tencentBlock/v2/1M/tencentBlock_2186.oracleGeneral.zst
tencentBlock_v2_1M	https://ftp.pdl.cmu.edu/pub/datasets/twemcacheWorkload/cacheDatasets/tencentBlock/v2/1M/tencentBlock_21872.oracleGeneral.zst
tencentBlock_v2_1M	https://ftp.pdl.cmu.edu/pub/datasets/twemcacheWorkload/cacheDatasets/tencentBlock/v2/1M/tencentBlock_21881.oracleGeneral.zst
tencentBlock_v2_1M	https://ftp.pdl.cmu.edu/pub/datasets/twemcacheWorkload/cacheDatasets/tencentBlock/v2/1M/tencentBlock_21886.oracleGeneral.zst
tencentBlock_v2_1M	https://ftp.pdl.cmu.edu/pub/datasets/twemcacheWorkload/cacheDatasets/tencentBlock/v2/1M/tencentBlock_21893.oracleGeneral.zst
tencentBlock_v2_1M	https://ftp.pdl.cmu.edu/pub/datasets/twemcacheWorkload/cacheDatasets/tencentBlock/v2/1M/tencentBlock_21896.oracleGeneral.zst
tencentBlock_v2_1M	https://ftp.pdl.cmu.edu/pub/datasets/twemcacheWorkload/cacheDatasets/tencentBlock/v2/1M/tencentBlock_21898.oracleGeneral.zst
tencentBlock_v2_1M	https://ftp.pdl.cmu.edu/pub/datasets/twemcacheWorkload/cacheDatasets/tencentBlock/v2/1M/tencentBlock_21905.oracleGeneral.zst
tencentBlock_v2_1M	https://ftp.pdl.cmu.edu/pub/datasets/twemcacheWorkload/cacheDatasets/tencentBlock/v2/1M/tencentBlock_21908.oracleGeneral.zst
tencentBlock_v2_1M	https://ftp.pdl.cmu.edu/pub/datasets/twemcacheWorkload/cacheDatasets/tencentBlock/v2/1M/tencentBlock_21909.oracleGeneral.zst
tencentBlock_v2_1M	https://ftp.pdl.cmu.edu/pub/datasets/twemcacheWorkload/cacheDatasets/tencentBlock/v2/1M/tencentBlock_21918.oracleGeneral.zst
tencentBlock_v2_1M	https://ftp.pdl.cmu.edu/pub/datasets/twemcacheWorkload/cacheDatasets/tencentBlock/v2/1M/tencentBlock_21924.oracleGeneral.zst
tencentBlock_v2_1M	https://ftp.pdl.cmu.edu/pub/datasets/twemcacheWorkload/cacheDatasets/tencentBlock/v2/1M/tencentBlock_21931.oracleGeneral.zst
tencentBlock_v2_1M	https://ftp.pdl.cmu.edu/pub/datasets/twemcacheWorkload/cacheDatasets/tencentBlock/v2/1M/tencentBlock_21938.oracleGeneral.zst
tencentBlock_v2_1M	https://ftp.pdl.cmu.edu/pub/datasets/twemcacheWorkload/cacheDatasets/tencentBlock/v2/1M/tencentBlock_21940.oracleGeneral.zst
tencentBlock_v2_1M	https://ftp.pdl.cmu.edu/pub/datasets/twemcacheWorkload/cacheDatasets/tencentBlock/v2/1M/tencentBlock_21942.oracleGeneral.zst
tencentBlock_v2_1M	https://ftp.pdl.cmu.edu/pub/datasets/twemcacheWorkload/cacheDatasets/tencentBlock/v2/1M/tencentBlock_21945.oracleGeneral.zst
tencentBlock_v2_1M	https://ftp.pdl.cmu.edu/pub/datasets/twemcacheWorkload/cacheDatasets/tencentBlock/v2/1M/tencentBlock_21949.oracleGeneral.zst
tencentBlock_v2_1M	https://ftp.pdl.cmu.edu/pub/datasets/twemcacheWorkload/cacheDatasets/tencentBlock/v2/1M/tencentBlock_2195.oracleGeneral.zst
tencentBlock_v2_1M	https://ftp.pdl.cmu.edu/pub/datasets/twemcacheWorkload/cacheDatasets/tencentBlock/v2/1M/tencentBlock_21955.oracleGeneral.zst
tencentBlock_v2_1M	https://ftp.pdl.cmu.edu/pub/datasets/twemcacheWorkload/cacheDatasets/tencentBlock/v2/1M/tencentBlock_21964.oracleGeneral.zst
tencentBlock_v2_1M	https://ftp.pdl.cmu.edu/pub/datasets/twemcacheWorkload/cacheDatasets/tencentBlock/v2/1M/tencentBlock_2197.oracleGeneral.zst
tencentBlock_v2_1M	https://ftp.pdl.cmu.edu/pub/datasets/twemcacheWorkload/cacheDatasets/tencentBlock/v2/1M/tencentBlock_21970.oracleGeneral.zst
tencentBlock_v2_1M	https://ftp.pdl.cmu.edu/pub/datasets/twemcacheWorkload/cacheDatasets/tencentBlock/v2/1M/tencentBlock_21974.oracleGeneral.zst
tencentBlock_v2_1M	https://ftp.pdl.cmu.edu/pub/datasets/twemcacheWorkload/cacheDatasets/tencentBlock/v2/1M/tencentBlock_21977.oracleGeneral.zst
tencentBlock_v2_1M	https://ftp.pdl.cmu.edu/pub/datasets/twemcacheWorkload/cacheDatasets/tencentBlock/v2/1M/tencentBlock_21981.oracleGeneral.zst
tencentBlock_v2_1M	https://ftp.pdl.cmu.edu/pub/datasets/twemcacheWorkload/cacheDatasets/tencentBlock/v2/1M/tencentBlock_21993.oracleGeneral.zst
tencentBlock_v2_1M	https://ftp.pdl.cmu.edu/pub/datasets/twemcacheWorkload/cacheDatasets/tencentBlock/v2/1M/tencentBlock_21998.oracleGeneral.zst
tencentBlock_v2_1M	https://ftp.pdl.cmu.edu/pub/datasets/twemcacheWorkload/cacheDatasets/tencentBlock/v2/1M/tencentBlock_22004.oracleGeneral.zst
tencentBlock_v2_1M	https://ftp.pdl.cmu.edu/pub/datasets/twemcacheWorkload/cacheDatasets/tencentBlock/v2/1M/tencentBlock_22008.oracleGeneral.zst
tencentBlock_v2_1M	https://ftp.pdl.cmu.edu/pub/datasets/twemcacheWorkload/cacheDatasets/tencentBlock/v2/1M/tencentBlock_22017.oracleGeneral.zst
tencentBlock_v2_1M	https://ftp.pdl.cmu.edu/pub/datasets/twemcacheWorkload/cacheDatasets/tencentBlock/v2/1M/tencentBlock_22022.oracleGeneral.zst
tencentBlock_v2_1M	https://ftp.pdl.cmu.edu/pub/datasets/twemcacheWorkload/cacheDatasets/tencentBlock/v2/1M/tencentBlock_22024.oracleGeneral.zst
tencentBlock_v2_1M	https://ftp.pdl.cmu.edu/pub/datasets/twemcacheWorkload/cacheDatasets/tencentBlock/v2/1M/tencentBlock_22029.oracleGeneral.zst
tencentBlock_v2_1M	https://ftp.pdl.cmu.edu/pub/datasets/twemcacheWorkload/cacheDatasets/tencentBlock/v2/1M/tencentBlock_22035.oracleGeneral.zst
tencentBlock_v2_1M	https://ftp.pdl.cmu.edu/pub/datasets/twemcacheWorkload/cacheDatasets/tencentBlock/v2/1M/tencentBlock_22037.oracleGeneral.zst
tencentBlock_v2_1M	https://ftp.pdl.cmu.edu/pub/datasets/twemcacheWorkload/cacheDatasets/tencentBlock/v2/1M/tencentBlock_22041.oracleGeneral.zst
tencentBlock_v2_1M	https://ftp.pdl.cmu.edu/pub/datasets/twemcacheWorkload/cacheDatasets/tencentBlock/v2/1M/tencentBlock_22050.oracleGeneral.zst
tencentBlock_v2_1M	https://ftp.pdl.cmu.edu/pub/datasets/twemcacheWorkload/cacheDatasets/tencentBlock/v2/1M/tencentBlock_22054.oracleGeneral.zst
tencentBlock_v2_1M	https://ftp.pdl.cmu.edu/pub/datasets/twemcacheWorkload/cacheDatasets/tencentBlock/v2/1M/tencentBlock_22063.oracleGeneral.zst
tencentBlock_v2_1M	https://ftp.pdl.cmu.edu/pub/datasets/twemcacheWorkload/cacheDatasets/tencentBlock/v2/1M/tencentBlock_22064.oracleGeneral.zst
tencentBlock_v2_1M	https://ftp.pdl.cmu.edu/pub/datasets/twemcacheWorkload/cacheDatasets/tencentBlock/v2/1M/tencentBlock_2207.oracleGeneral.zst
tencentBlock_v2_1M	https://ftp.pdl.cmu.edu/pub/datasets/twemcacheWorkload/cacheDatasets/tencentBlock/v2/1M/tencentBlock_22072.oracleGeneral.zst
tencentBlock_v2_1M	https://ftp.pdl.cmu.edu/pub/datasets/twemcacheWorkload/cacheDatasets/tencentBlock/v2/1M/tencentBlock_22074.oracleGeneral.zst
tencentBlock_v2_1M	https://ftp.pdl.cmu.edu/pub/datasets/twemcacheWorkload/cacheDatasets/tencentBlock/v2/1M/tencentBlock_22081.oracleGeneral.zst
tencentBlock_v2_1M	https://ftp.pdl.cmu.edu/pub/datasets/twemcacheWorkload/cacheDatasets/tencentBlock/v2/1M/tencentBlock_22088.oracleGeneral.zst
tencentBlock_v2_1M	https://ftp.pdl.cmu.edu/pub/datasets/twemcacheWorkload/cacheDatasets/tencentBlock/v2/1M/tencentBlock_22092.oracleGeneral.zst
tencentBlock_v2_1M	https://ftp.pdl.cmu.edu/pub/datasets/twemcacheWorkload/cacheDatasets/tencentBlock/v2/1M/tencentBlock_22093.oracleGeneral.zst
tencentBlock_v2_1M	https://ftp.pdl.cmu.edu/pub/datasets/twemcacheWorkload/cacheDatasets/tencentBlock/v2/1M/tencentBlock_22095.oracleGeneral.zst
tencentBlock_v2_1M	https://ftp.pdl.cmu.edu/pub/datasets/twemcacheWorkload/cacheDatasets/tencentBlock/v2/1M/tencentBlock_22106.oracleGeneral.zst
tencentBlock_v2_1M	https://ftp.pdl.cmu.edu/pub/datasets/twemcacheWorkload/cacheDatasets/tencentBlock/v2/1M/tencentBlock_22114.oracleGeneral.zst
tencentBlock_v2_1M	https://ftp.pdl.cmu.edu/pub/datasets/twemcacheWorkload/cacheDatasets/tencentBlock/v2/1M/tencentBlock_22120.oracleGeneral.zst
tencentBlock_v2_1M	https://ftp.pdl.cmu.edu/pub/datasets/twemcacheWorkload/cacheDatasets/tencentBlock/v2/1M/tencentBlock_22128.oracleGeneral.zst
tencentBlock_v2_1M	https://ftp.pdl.cmu.edu/pub/datasets/twemcacheWorkload/cacheDatasets/tencentBlock/v2/1M/tencentBlock_22137.oracleGeneral.zst
tencentBlock_v2_1M	https://ftp.pdl.cmu.edu/pub/datasets/twemcacheWorkload/cacheDatasets/tencentBlock/v2/1M/tencentBlock_22139.oracleGeneral.zst
tencentBlock_v2_1M	https://ftp.pdl.cmu.edu/pub/datasets/twemcacheWorkload/cacheDatasets/tencentBlock/v2/1M/tencentBlock_22150.oracleGeneral.zst
tencentBlock_v2_1M	https://ftp.pdl.cmu.edu/pub/datasets/twemcacheWorkload/cacheDatasets/tencentBlock/v2/1M/tencentBlock_22157.oracleGeneral.zst
tencentBlock_v2_1M	https://ftp.pdl.cmu.edu/pub/datasets/twemcacheWorkload/cacheDatasets/tencentBlock/v2/1M/tencentBlock_22158.oracleGeneral.zst
tencentBlock_v2_1M	https://ftp.pdl.cmu.edu/pub/datasets/twemcacheWorkload/cacheDatasets/tencentBlock/v2/1M/tencentBlock_22164.oracleGeneral.zst
tencentBlock_v2_1M	https://ftp.pdl.cmu.edu/pub/datasets/twemcacheWorkload/cacheDatasets/tencentBlock/v2/1M/tencentBlock_22165.oracleGeneral.zst
tencentBlock_v2_1M	https://ftp.pdl.cmu.edu/pub/datasets/twemcacheWorkload/cacheDatasets/tencentBlock/v2/1M/tencentBlock_22167.oracleGeneral.zst
tencentBlock_v2_1M	https://ftp.pdl.cmu.edu/pub/datasets/twemcacheWorkload/cacheDatasets/tencentBlock/v2/1M/tencentBlock_22173.oracleGeneral.zst
tencentBlock_v2_1M	https://ftp.pdl.cmu.edu/pub/datasets/twemcacheWorkload/cacheDatasets/tencentBlock/v2/1M/tencentBlock_22174.oracleGeneral.zst
tencentBlock_v2_1M	https://ftp.pdl.cmu.edu/pub/datasets/twemcacheWorkload/cacheDatasets/tencentBlock/v2/1M/tencentBlock_22183.oracleGeneral.zst
tencentBlock_v2_1M	https://ftp.pdl.cmu.edu/pub/datasets/twemcacheWorkload/cacheDatasets/tencentBlock/v2/1M/tencentBlock_22187.oracleGeneral.zst
tencentBlock_v2_1M	https://ftp.pdl.cmu.edu/pub/datasets/twemcacheWorkload/cacheDatasets/tencentBlock/v2/1M/tencentBlock_22194.oracleGeneral.zst
tencentBlock_v2_1M	https://ftp.pdl.cmu.edu/pub/datasets/twemcacheWorkload/cacheDatasets/tencentBlock/v2/1M/tencentBlock_22201.oracleGeneral.zst
tencentBlock_v2_1M	https://ftp.pdl.cmu.edu/pub/datasets/twemcacheWorkload/cacheDatasets/tencentBlock/v2/1M/tencentBlock_22209.oracleGeneral.zst
tencentBlock_v2_1M	https://ftp.pdl.cmu.edu/pub/datasets/twemcacheWorkload/cacheDatasets/tencentBlock/v2/1M/tencentBlock_22213.oracleGeneral.zst
tencentBlock_v2_1M	https://ftp.pdl.cmu.edu/pub/datasets/twemcacheWorkload/cacheDatasets/tencentBlock/v2/1M/tencentBlock_22218.oracleGeneral.zst
tencentBlock_v2_1M	https://ftp.pdl.cmu.edu/pub/datasets/twemcacheWorkload/cacheDatasets/tencentBlock/v2/1M/tencentBlock_22222.oracleGeneral.zst
tencentBlock_v2_1M	https://ftp.pdl.cmu.edu/pub/datasets/twemcacheWorkload/cacheDatasets/tencentBlock/v2/1M/tencentBlock_22228.oracleGeneral.zst
tencentBlock_v2_1M	https://ftp.pdl.cmu.edu/pub/datasets/twemcacheWorkload/cacheDatasets/tencentBlock/v2/1M/tencentBlock_2224.oracleGeneral.zst
tencentBlock_v2_1M	https://ftp.pdl.cmu.edu/pub/datasets/twemcacheWorkload/cacheDatasets/tencentBlock/v2/1M/tencentBlock_22242.oracleGeneral.zst
tencentBlock_v2_1M	https://ftp.pdl.cmu.edu/pub/datasets/twemcacheWorkload/cacheDatasets/tencentBlock/v2/1M/tencentBlock_22249.oracleGeneral.zst
tencentBlock_v2_1M	https://ftp.pdl.cmu.edu/pub/datasets/twemcacheWorkload/cacheDatasets/tencentBlock/v2/1M/tencentBlock_22257.oracleGeneral.zst
tencentBlock_v2_1M	https://ftp.pdl.cmu.edu/pub/datasets/twemcacheWorkload/cacheDatasets/tencentBlock/v2/1M/tencentBlock_22262.oracleGeneral.zst
tencentBlock_v2_1M	https://ftp.pdl.cmu.edu/pub/datasets/twemcacheWorkload/cacheDatasets/tencentBlock/v2/1M/tencentBlock_22271.oracleGeneral.zst
tencentBlock_v2_1M	https://ftp.pdl.cmu.edu/pub/datasets/twemcacheWorkload/cacheDatasets/tencentBlock/v2/1M/tencentBlock_22274.oracleGeneral.zst
tencentBlock_v2_1M	https://ftp.pdl.cmu.edu/pub/datasets/twemcacheWorkload/cacheDatasets/tencentBlock/v2/1M/tencentBlock_22275.oracleGeneral.zst
tencentBlock_v2_1M	https://ftp.pdl.cmu.edu/pub/datasets/twemcacheWorkload/cacheDatasets/tencentBlock/v2/1M/tencentBlock_2228.oracleGeneral.zst
tencentBlock_v2_1M	https://ftp.pdl.cmu.edu/pub/datasets/twemcacheWorkload/cacheDatasets/tencentBlock/v2/1M/tencentBlock_22280.oracleGeneral.zst
tencentBlock_v2_1M	https://ftp.pdl.cmu.edu/pub/datasets/twemcacheWorkload/cacheDatasets/tencentBlock/v2/1M/tencentBlock_22284.oracleGeneral.zst
tencentBlock_v2_1M	https://ftp.pdl.cmu.edu/pub/datasets/twemcacheWorkload/cacheDatasets/tencentBlock/v2/1M/tencentBlock_22296.oracleGeneral.zst
tencentBlock_v2_1M	https://ftp.pdl.cmu.edu/pub/datasets/twemcacheWorkload/cacheDatasets/tencentBlock/v2/1M/tencentBlock_22303.oracleGeneral.zst
tencentBlock_v2_1M	https://ftp.pdl.cmu.edu/pub/datasets/twemcacheWorkload/cacheDatasets/tencentBlock/v2/1M/tencentBlock_22306.oracleGeneral.zst
tencentBlock_v2_1M	https://ftp.pdl.cmu.edu/pub/datasets/twemcacheWorkload/cacheDatasets/tencentBlock/v2/1M/tencentBlock_22313.oracleGeneral.zst
tencentBlock_v2_1M	https://ftp.pdl.cmu.edu/pub/datasets/twemcacheWorkload/cacheDatasets/tencentBlock/v2/1M/tencentBlock_22319.oracleGeneral.zst
tencentBlock_v2_1M	https://ftp.pdl.cmu.edu/pub/datasets/twemcacheWorkload/cacheDatasets/tencentBlock/v2/1M/tencentBlock_22327.oracleGeneral.zst
tencentBlock_v2_1M	https://ftp.pdl.cmu.edu/pub/datasets/twemcacheWorkload/cacheDatasets/tencentBlock/v2/1M/tencentBlock_22331.oracleGeneral.zst
tencentBlock_v2_1M	https://ftp.pdl.cmu.edu/pub/datasets/twemcacheWorkload/cacheDatasets/tencentBlock/v2/1M/tencentBlock_22336.oracleGeneral.zst
tencentBlock_v2_1M	https://ftp.pdl.cmu.edu/pub/datasets/twemcacheWorkload/cacheDatasets/tencentBlock/v2/1M/tencentBlock_2235.oracleGeneral.zst
tencentBlock_v2_1M	https://ftp.pdl.cmu.edu/pub/datasets/twemcacheWorkload/cacheDatasets/tencentBlock/v2/1M/tencentBlock_22364.oracleGeneral.zst
tencentBlock_v2_1M	https://ftp.pdl.cmu.edu/pub/datasets/twemcacheWorkload/cacheDatasets/tencentBlock/v2/1M/tencentBlock_22373.oracleGeneral.zst
tencentBlock_v2_1M	https://ftp.pdl.cmu.edu/pub/datasets/twemcacheWorkload/cacheDatasets/tencentBlock/v2/1M/tencentBlock_22382.oracleGeneral.zst
tencentBlock_v2_1M	https://ftp.pdl.cmu.edu/pub/datasets/twemcacheWorkload/cacheDatasets/tencentBlock/v2/1M/tencentBlock_22386.oracleGeneral.zst
tencentBlock_v2_1M	https://ftp.pdl.cmu.edu/pub/datasets/twemcacheWorkload/cacheDatasets/tencentBlock/v2/1M/tencentBlock_22388.oracleGeneral.zst
tencentBlock_v2_1M	https://ftp.pdl.cmu.edu/pub/datasets/twemcacheWorkload/cacheDatasets/tencentBlock/v2/1M/tencentBlock_22392.oracleGeneral.zst
tencentBlock_v2_1M	https://ftp.pdl.cmu.edu/pub/datasets/twemcacheWorkload/cacheDatasets/tencentBlock/v2/1M/tencentBlock_22404.oracleGeneral.zst
tencentBlock_v2_1M	https://ftp.pdl.cmu.edu/pub/datasets/twemcacheWorkload/cacheDatasets/tencentBlock/v2/1M/tencentBlock_22410.oracleGeneral.zst
tencentBlock_v2_1M	https://ftp.pdl.cmu.edu/pub/datasets/twemcacheWorkload/cacheDatasets/tencentBlock/v2/1M/tencentBlock_22419.oracleGeneral.zst
tencentBlock_v2_1M	https://ftp.pdl.cmu.edu/pub/datasets/twemcacheWorkload/cacheDatasets/tencentBlock/v2/1M/tencentBlock_22428.oracleGeneral.zst
tencentBlock_v2_1M	https://ftp.pdl.cmu.edu/pub/datasets/twemcacheWorkload/cacheDatasets/tencentBlock/v2/1M/tencentBlock_22436.oracleGeneral.zst
tencentBlock_v2_1M	https://ftp.pdl.cmu.edu/pub/datasets/twemcacheWorkload/cacheDatasets/tencentBlock/v2/1M/tencentBlock_22437.oracleGeneral.zst
tencentBlock_v2_1M	https://ftp.pdl.cmu.edu/pub/datasets/twemcacheWorkload/cacheDatasets/tencentBlock/v2/1M/tencentBlock_2245.oracleGeneral.zst
tencentBlock_v2_1M	https://ftp.pdl.cmu.edu/pub/datasets/twemcacheWorkload/cacheDatasets/tencentBlock/v2/1M/tencentBlock_22458.oracleGeneral.zst
tencentBlock_v2_1M	https://ftp.pdl.cmu.edu/pub/datasets/twemcacheWorkload/cacheDatasets/tencentBlock/v2/1M/tencentBlock_22464.oracleGeneral.zst
tencentBlock_v2_1M	https://ftp.pdl.cmu.edu/pub/datasets/twemcacheWorkload/cacheDatasets/tencentBlock/v2/1M/tencentBlock_22465.oracleGeneral.zst
tencentBlock_v2_1M	https://ftp.pdl.cmu.edu/pub/datasets/twemcacheWorkload/cacheDatasets/tencentBlock/v2/1M/tencentBlock_22468.oracleGeneral.zst
tencentBlock_v2_1M	https://ftp.pdl.cmu.edu/pub/datasets/twemcacheWorkload/cacheDatasets/tencentBlock/v2/1M/tencentBlock_22475.oracleGeneral.zst
tencentBlock_v2_1M	https://ftp.pdl.cmu.edu/pub/datasets/twemcacheWorkload/cacheDatasets/tencentBlock/v2/1M/tencentBlock_22481.oracleGeneral.zst
tencentBlock_v2_1M	https://ftp.pdl.cmu.edu/pub/datasets/twemcacheWorkload/cacheDatasets/tencentBlock/v2/1M/tencentBlock_22486.oracleGeneral.zst
tencentBlock_v2_1M	https://ftp.pdl.cmu.edu/pub/datasets/twemcacheWorkload/cacheDatasets/tencentBlock/v2/1M/tencentBlock_22488.oracleGeneral.zst
tencentBlock_v2_1M	https://ftp.pdl.cmu.edu/pub/datasets/twemcacheWorkload/cacheDatasets/tencentBlock/v2/1M/tencentBlock_22495.oracleGeneral.zst
tencentBlock_v2_1M	https://ftp.pdl.cmu.edu/pub/datasets/twemcacheWorkload/cacheDatasets/tencentBlock/v2/1M/tencentBlock_22516.oracleGeneral.zst
tencentBlock_v2_1M	https://ftp.pdl.cmu.edu/pub/datasets/twemcacheWorkload/cacheDatasets/tencentBlock/v2/1M/tencentBlock_2252.oracleGeneral.zst
tencentBlock_v2_1M	https://ftp.pdl.cmu.edu/pub/datasets/twemcacheWorkload/cacheDatasets/tencentBlock/v2/1M/tencentBlock_22521.oracleGeneral.zst
tencentBlock_v2_1M	https://ftp.pdl.cmu.edu/pub/datasets/twemcacheWorkload/cacheDatasets/tencentBlock/v2/1M/tencentBlock_22533.oracleGeneral.zst
tencentBlock_v2_1M	https://ftp.pdl.cmu.edu/pub/datasets/twemcacheWorkload/cacheDatasets/tencentBlock/v2/1M/tencentBlock_22534.oracleGeneral.zst
tencentBlock_v2_1M	https://ftp.pdl.cmu.edu/pub/datasets/twemcacheWorkload/cacheDatasets/tencentBlock/v2/1M/tencentBlock_22545.oracleGeneral.zst
tencentBlock_v2_1M	https://ftp.pdl.cmu.edu/pub/datasets/twemcacheWorkload/cacheDatasets/tencentBlock/v2/1M/tencentBlock_22547.oracleGeneral.zst
tencentBlock_v2_1M	https://ftp.pdl.cmu.edu/pub/datasets/twemcacheWorkload/cacheDatasets/tencentBlock/v2/1M/tencentBlock_22552.oracleGeneral.zst
tencentBlock_v2_1M	https://ftp.pdl.cmu.edu/pub/datasets/twemcacheWorkload/cacheDatasets/tencentBlock/v2/1M/tencentBlock_22555.oracleGeneral.zst
tencentBlock_v2_1M	https://ftp.pdl.cmu.edu/pub/datasets/twemcacheWorkload/cacheDatasets/tencentBlock/v2/1M/tencentBlock_22556.oracleGeneral.zst
tencentBlock_v2_1M	https://ftp.pdl.cmu.edu/pub/datasets/twemcacheWorkload/cacheDatasets/tencentBlock/v2/1M/tencentBlock_22559.oracleGeneral.zst
tencentBlock_v2_1M	https://ftp.pdl.cmu.edu/pub/datasets/twemcacheWorkload/cacheDatasets/tencentBlock/v2/1M/tencentBlock_22564.oracleGeneral.zst
tencentBlock_v2_1M	https://ftp.pdl.cmu.edu/pub/datasets/twemcacheWorkload/cacheDatasets/tencentBlock/v2/1M/tencentBlock_2257.oracleGeneral.zst
tencentBlock_v2_1M	https://ftp.pdl.cmu.edu/pub/datasets/twemcacheWorkload/cacheDatasets/tencentBlock/v2/1M/tencentBlock_22570.oracleGeneral.zst
tencentBlock_v2_1M	https://ftp.pdl.cmu.edu/pub/datasets/twemcacheWorkload/cacheDatasets/tencentBlock/v2/1M/tencentBlock_22578.oracleGeneral.zst
tencentBlock_v2_1M	https://ftp.pdl.cmu.edu/pub/datasets/twemcacheWorkload/cacheDatasets/tencentBlock/v2/1M/tencentBlock_22581.oracleGeneral.zst
tencentBlock_v2_1M	https://ftp.pdl.cmu.edu/pub/datasets/twemcacheWorkload/cacheDatasets/tencentBlock/v2/1M/tencentBlock_22583.oracleGeneral.zst
tencentBlock_v2_1M	https://ftp.pdl.cmu.edu/pub/datasets/twemcacheWorkload/cacheDatasets/tencentBlock/v2/1M/tencentBlock_22587.oracleGeneral.zst
tencentBlock_v2_1M	https://ftp.pdl.cmu.edu/pub/datasets/twemcacheWorkload/cacheDatasets/tencentBlock/v2/1M/tencentBlock_22596.oracleGeneral.zst
tencentBlock_v2_1M	https://ftp.pdl.cmu.edu/pub/datasets/twemcacheWorkload/cacheDatasets/tencentBlock/v2/1M/tencentBlock_22601.oracleGeneral.zst
tencentBlock_v2_1M	https://ftp.pdl.cmu.edu/pub/datasets/twemcacheWorkload/cacheDatasets/tencentBlock/v2/1M/tencentBlock_22607.oracleGeneral.zst
tencentBlock_v2_1M	https://ftp.pdl.cmu.edu/pub/datasets/twemcacheWorkload/cacheDatasets/tencentBlock/v2/1M/tencentBlock_22628.oracleGeneral.zst
tencentBlock_v2_1M	https://ftp.pdl.cmu.edu/pub/datasets/twemcacheWorkload/cacheDatasets/tencentBlock/v2/1M/tencentBlock_2263.oracleGeneral.zst
tencentBlock_v2_1M	https://ftp.pdl.cmu.edu/pub/datasets/twemcacheWorkload/cacheDatasets/tencentBlock/v2/1M/tencentBlock_22632.oracleGeneral.zst
tencentBlock_v2_1M	https://ftp.pdl.cmu.edu/pub/datasets/twemcacheWorkload/cacheDatasets/tencentBlock/v2/1M/tencentBlock_22649.oracleGeneral.zst
tencentBlock_v2_1M	https://ftp.pdl.cmu.edu/pub/datasets/twemcacheWorkload/cacheDatasets/tencentBlock/v2/1M/tencentBlock_2265.oracleGeneral.zst
tencentBlock_v2_1M	https://ftp.pdl.cmu.edu/pub/datasets/twemcacheWorkload/cacheDatasets/tencentBlock/v2/1M/tencentBlock_22657.oracleGeneral.zst
tencentBlock_v2_1M	https://ftp.pdl.cmu.edu/pub/datasets/twemcacheWorkload/cacheDatasets/tencentBlock/v2/1M/tencentBlock_2266.oracleGeneral.zst
tencentBlock_v2_1M	https://ftp.pdl.cmu.edu/pub/datasets/twemcacheWorkload/cacheDatasets/tencentBlock/v2/1M/tencentBlock_22666.oracleGeneral.zst
tencentBlock_v2_1M	https://ftp.pdl.cmu.edu/pub/datasets/twemcacheWorkload/cacheDatasets/tencentBlock/v2/1M/tencentBlock_22672.oracleGeneral.zst
tencentBlock_v2_1M	https://ftp.pdl.cmu.edu/pub/datasets/twemcacheWorkload/cacheDatasets/tencentBlock/v2/1M/tencentBlock_22696.oracleGeneral.zst
tencentBlock_v2_1M	https://ftp.pdl.cmu.edu/pub/datasets/twemcacheWorkload/cacheDatasets/tencentBlock/v2/1M/tencentBlock_22704.oracleGeneral.zst
tencentBlock_v2_1M	https://ftp.pdl.cmu.edu/pub/datasets/twemcacheWorkload/cacheDatasets/tencentBlock/v2/1M/tencentBlock_22709.oracleGeneral.zst
tencentBlock_v2_1M	https://ftp.pdl.cmu.edu/pub/datasets/twemcacheWorkload/cacheDatasets/tencentBlock/v2/1M/tencentBlock_22715.oracleGeneral.zst
tencentBlock_v2_1M	https://ftp.pdl.cmu.edu/pub/datasets/twemcacheWorkload/cacheDatasets/tencentBlock/v2/1M/tencentBlock_22717.oracleGeneral.zst
tencentBlock_v2_1M	https://ftp.pdl.cmu.edu/pub/datasets/twemcacheWorkload/cacheDatasets/tencentBlock/v2/1M/tencentBlock_22724.oracleGeneral.zst
tencentBlock_v2_1M	https://ftp.pdl.cmu.edu/pub/datasets/twemcacheWorkload/cacheDatasets/tencentBlock/v2/1M/tencentBlock_22731.oracleGeneral.zst
tencentBlock_v2_1M	https://ftp.pdl.cmu.edu/pub/datasets/twemcacheWorkload/cacheDatasets/tencentBlock/v2/1M/tencentBlock_22736.oracleGeneral.zst
tencentBlock_v2_1M	https://ftp.pdl.cmu.edu/pub/datasets/twemcacheWorkload/cacheDatasets/tencentBlock/v2/1M/tencentBlock_22739.oracleGeneral.zst
tencentBlock_v2_1M	https://ftp.pdl.cmu.edu/pub/datasets/twemcacheWorkload/cacheDatasets/tencentBlock/v2/1M/tencentBlock_22740.oracleGeneral.zst
tencentBlock_v2_1M	https://ftp.pdl.cmu.edu/pub/datasets/twemcacheWorkload/cacheDatasets/tencentBlock/v2/1M/tencentBlock_22747.oracleGeneral.zst
tencentBlock_v2_1M	https://ftp.pdl.cmu.edu/pub/datasets/twemcacheWorkload/cacheDatasets/tencentBlock/v2/1M/tencentBlock_22749.oracleGeneral.zst
tencentBlock_v2_1M	https://ftp.pdl.cmu.edu/pub/datasets/twemcacheWorkload/cacheDatasets/tencentBlock/v2/1M/tencentBlock_22752.oracleGeneral.zst
tencentBlock_v2_1M	https://ftp.pdl.cmu.edu/pub/datasets/twemcacheWorkload/cacheDatasets/tencentBlock/v2/1M/tencentBlock_22761.oracleGeneral.zst
tencentBlock_v2_1M	https://ftp.pdl.cmu.edu/pub/datasets/twemcacheWorkload/cacheDatasets/tencentBlock/v2/1M/tencentBlock_22762.oracleGeneral.zst
tencentBlock_v2_1M	https://ftp.pdl.cmu.edu/pub/datasets/twemcacheWorkload/cacheDatasets/tencentBlock/v2/1M/tencentBlock_22766.oracleGeneral.zst
tencentBlock_v2_1M	https://ftp.pdl.cmu.edu/pub/datasets/twemcacheWorkload/cacheDatasets/tencentBlock/v2/1M/tencentBlock_22778.oracleGeneral.zst
tencentBlock_v2_1M	https://ftp.pdl.cmu.edu/pub/datasets/twemcacheWorkload/cacheDatasets/tencentBlock/v2/1M/tencentBlock_22782.oracleGeneral.zst
tencentBlock_v2_1M	https://ftp.pdl.cmu.edu/pub/datasets/twemcacheWorkload/cacheDatasets/tencentBlock/v2/1M/tencentBlock_22789.oracleGeneral.zst
tencentBlock_v2_1M	https://ftp.pdl.cmu.edu/pub/datasets/twemcacheWorkload/cacheDatasets/tencentBlock/v2/1M/tencentBlock_22798.oracleGeneral.zst
tencentBlock_v2_1M	https://ftp.pdl.cmu.edu/pub/datasets/twemcacheWorkload/cacheDatasets/tencentBlock/v2/1M/tencentBlock_22806.oracleGeneral.zst
tencentBlock_v2_1M	https://ftp.pdl.cmu.edu/pub/datasets/twemcacheWorkload/cacheDatasets/tencentBlock/v2/1M/tencentBlock_22822.oracleGeneral.zst
tencentBlock_v2_1M	https://ftp.pdl.cmu.edu/pub/datasets/twemcacheWorkload/cacheDatasets/tencentBlock/v2/1M/tencentBlock_22826.oracleGeneral.zst
tencentBlock_v2_1M	https://ftp.pdl.cmu.edu/pub/datasets/twemcacheWorkload/cacheDatasets/tencentBlock/v2/1M/tencentBlock_22828.oracleGeneral.zst
tencentBlock_v2_1M	https://ftp.pdl.cmu.edu/pub/datasets/twemcacheWorkload/cacheDatasets/tencentBlock/v2/1M/tencentBlock_22831.oracleGeneral.zst
tencentBlock_v2_1M	https://ftp.pdl.cmu.edu/pub/datasets/twemcacheWorkload/cacheDatasets/tencentBlock/v2/1M/tencentBlock_2284.oracleGeneral.zst
tencentBlock_v2_1M	https://ftp.pdl.cmu.edu/pub/datasets/twemcacheWorkload/cacheDatasets/tencentBlock/v2/1M/tencentBlock_22852.oracleGeneral.zst
tencentBlock_v2_1M	https://ftp.pdl.cmu.edu/pub/datasets/twemcacheWorkload/cacheDatasets/tencentBlock/v2/1M/tencentBlock_22855.oracleGeneral.zst
tencentBlock_v2_1M	https://ftp.pdl.cmu.edu/pub/datasets/twemcacheWorkload/cacheDatasets/tencentBlock/v2/1M/tencentBlock_22869.oracleGeneral.zst
tencentBlock_v2_1M	https://ftp.pdl.cmu.edu/pub/datasets/twemcacheWorkload/cacheDatasets/tencentBlock/v2/1M/tencentBlock_22874.oracleGeneral.zst
tencentBlock_v2_1M	https://ftp.pdl.cmu.edu/pub/datasets/twemcacheWorkload/cacheDatasets/tencentBlock/v2/1M/tencentBlock_22882.oracleGeneral.zst
tencentBlock_v2_1M	https://ftp.pdl.cmu.edu/pub/datasets/twemcacheWorkload/cacheDatasets/tencentBlock/v2/1M/tencentBlock_22886.oracleGeneral.zst
tencentBlock_v2_1M	https://ftp.pdl.cmu.edu/pub/datasets/twemcacheWorkload/cacheDatasets/tencentBlock/v2/1M/tencentBlock_22890.oracleGeneral.zst
tencentBlock_v2_1M	https://ftp.pdl.cmu.edu/pub/datasets/twemcacheWorkload/cacheDatasets/tencentBlock/v2/1M/tencentBlock_22897.oracleGeneral.zst
tencentBlock_v2_1M	https://ftp.pdl.cmu.edu/pub/datasets/twemcacheWorkload/cacheDatasets/tencentBlock/v2/1M/tencentBlock_22905.oracleGeneral.zst
tencentBlock_v2_1M	https://ftp.pdl.cmu.edu/pub/datasets/twemcacheWorkload/cacheDatasets/tencentBlock/v2/1M/tencentBlock_22908.oracleGeneral.zst
tencentBlock_v2_1M	https://ftp.pdl.cmu.edu/pub/datasets/twemcacheWorkload/cacheDatasets/tencentBlock/v2/1M/tencentBlock_22912.oracleGeneral.zst
tencentBlock_v2_1M	https://ftp.pdl.cmu.edu/pub/datasets/twemcacheWorkload/cacheDatasets/tencentBlock/v2/1M/tencentBlock_22916.oracleGeneral.zst
tencentBlock_v2_1M	https://ftp.pdl.cmu.edu/pub/datasets/twemcacheWorkload/cacheDatasets/tencentBlock/v2/1M/tencentBlock_22930.oracleGeneral.zst
tencentBlock_v2_1M	https://ftp.pdl.cmu.edu/pub/datasets/twemcacheWorkload/cacheDatasets/tencentBlock/v2/1M/tencentBlock_2294.oracleGeneral.zst
tencentBlock_v2_1M	https://ftp.pdl.cmu.edu/pub/datasets/twemcacheWorkload/cacheDatasets/tencentBlock/v2/1M/tencentBlock_22948.oracleGeneral.zst
tencentBlock_v2_1M	https://ftp.pdl.cmu.edu/pub/datasets/twemcacheWorkload/cacheDatasets/tencentBlock/v2/1M/tencentBlock_22956.oracleGeneral.zst
tencentBlock_v2_1M	https://ftp.pdl.cmu.edu/pub/datasets/twemcacheWorkload/cacheDatasets/tencentBlock/v2/1M/tencentBlock_22960.oracleGeneral.zst
tencentBlock_v2_1M	https://ftp.pdl.cmu.edu/pub/datasets/twemcacheWorkload/cacheDatasets/tencentBlock/v2/1M/tencentBlock_22972.oracleGeneral.zst
tencentBlock_v2_1M	https://ftp.pdl.cmu.edu/pub/datasets/twemcacheWorkload/cacheDatasets/tencentBlock/v2/1M/tencentBlock_22973.oracleGeneral.zst
tencentBlock_v2_1M	https://ftp.pdl.cmu.edu/pub/datasets/twemcacheWorkload/cacheDatasets/tencentBlock/v2/1M/tencentBlock_22982.oracleGeneral.zst
tencentBlock_v2_1M	https://ftp.pdl.cmu.edu/pub/datasets/twemcacheWorkload/cacheDatasets/tencentBlock/v2/1M/tencentBlock_22989.oracleGeneral.zst
tencentBlock_v2_1M	https://ftp.pdl.cmu.edu/pub/datasets/twemcacheWorkload/cacheDatasets/tencentBlock/v2/1M/tencentBlock_22992.oracleGeneral.zst
tencentBlock_v2_1M	https://ftp.pdl.cmu.edu/pub/datasets/twemcacheWorkload/cacheDatasets/tencentBlock/v2/1M/tencentBlock_22998.oracleGeneral.zst
tencentBlock_v2_1M	https://ftp.pdl.cmu.edu/pub/datasets/twemcacheWorkload/cacheDatasets/tencentBlock/v2/1M/tencentBlock_23007.oracleGeneral.zst
tencentBlock_v2_1M	https://ftp.pdl.cmu.edu/pub/datasets/twemcacheWorkload/cacheDatasets/tencentBlock/v2/1M/tencentBlock_23014.oracleGeneral.zst
tencentBlock_v2_1M	https://ftp.pdl.cmu.edu/pub/datasets/twemcacheWorkload/cacheDatasets/tencentBlock/v2/1M/tencentBlock_23016.oracleGeneral.zst
tencentBlock_v2_1M	https://ftp.pdl.cmu.edu/pub/datasets/twemcacheWorkload/cacheDatasets/tencentBlock/v2/1M/tencentBlock_23026.oracleGeneral.zst
tencentBlock_v2_1M	https://ftp.pdl.cmu.edu/pub/datasets/twemcacheWorkload/cacheDatasets/tencentBlock/v2/1M/tencentBlock_2303.oracleGeneral.zst
tencentBlock_v2_1M	https://ftp.pdl.cmu.edu/pub/datasets/twemcacheWorkload/cacheDatasets/tencentBlock/v2/1M/tencentBlock_23030.oracleGeneral.zst
tencentBlock_v2_1M	https://ftp.pdl.cmu.edu/pub/datasets/twemcacheWorkload/cacheDatasets/tencentBlock/v2/1M/tencentBlock_23037.oracleGeneral.zst
tencentBlock_v2_1M	https://ftp.pdl.cmu.edu/pub/datasets/twemcacheWorkload/cacheDatasets/tencentBlock/v2/1M/tencentBlock_23047.oracleGeneral.zst
tencentBlock_v2_1M	https://ftp.pdl.cmu.edu/pub/datasets/twemcacheWorkload/cacheDatasets/tencentBlock/v2/1M/tencentBlock_23053.oracleGeneral.zst
tencentBlock_v2_1M	https://ftp.pdl.cmu.edu/pub/datasets/twemcacheWorkload/cacheDatasets/tencentBlock/v2/1M/tencentBlock_23057.oracleGeneral.zst
tencentBlock_v2_1M	https://ftp.pdl.cmu.edu/pub/datasets/twemcacheWorkload/cacheDatasets/tencentBlock/v2/1M/tencentBlock_23061.oracleGeneral.zst
tencentBlock_v2_1M	https://ftp.pdl.cmu.edu/pub/datasets/twemcacheWorkload/cacheDatasets/tencentBlock/v2/1M/tencentBlock_23074.oracleGeneral.zst
tencentBlock_v2_1M	https://ftp.pdl.cmu.edu/pub/datasets/twemcacheWorkload/cacheDatasets/tencentBlock/v2/1M/tencentBlock_23078.oracleGeneral.zst
tencentBlock_v2_1M	https://ftp.pdl.cmu.edu/pub/datasets/twemcacheWorkload/cacheDatasets/tencentBlock/v2/1M/tencentBlock_23087.oracleGeneral.zst
tencentBlock_v2_1M	https://ftp.pdl.cmu.edu/pub/datasets/twemcacheWorkload/cacheDatasets/tencentBlock/v2/1M/tencentBlock_23100.oracleGeneral.zst
tencentBlock_v2_1M	https://ftp.pdl.cmu.edu/pub/datasets/twemcacheWorkload/cacheDatasets/tencentBlock/v2/1M/tencentBlock_23102.oracleGeneral.zst
tencentBlock_v2_1M	https://ftp.pdl.cmu.edu/pub/datasets/twemcacheWorkload/cacheDatasets/tencentBlock/v2/1M/tencentBlock_23107.oracleGeneral.zst
tencentBlock_v2_1M	https://ftp.pdl.cmu.edu/pub/datasets/twemcacheWorkload/cacheDatasets/tencentBlock/v2/1M/tencentBlock_23109.oracleGeneral.zst
tencentBlock_v2_1M	https://ftp.pdl.cmu.edu/pub/datasets/twemcacheWorkload/cacheDatasets/tencentBlock/v2/1M/tencentBlock_23111.oracleGeneral.zst
tencentBlock_v2_1M	https://ftp.pdl.cmu.edu/pub/datasets/twemcacheWorkload/cacheDatasets/tencentBlock/v2/1M/tencentBlock_23119.oracleGeneral.zst
tencentBlock_v2_1M	https://ftp.pdl.cmu.edu/pub/datasets/twemcacheWorkload/cacheDatasets/tencentBlock/v2/1M/tencentBlock_23130.oracleGeneral.zst
tencentBlock_v2_1M	https://ftp.pdl.cmu.edu/pub/datasets/twemcacheWorkload/cacheDatasets/tencentBlock/v2/1M/tencentBlock_23140.oracleGeneral.zst
tencentBlock_v2_1M	https://ftp.pdl.cmu.edu/pub/datasets/twemcacheWorkload/cacheDatasets/tencentBlock/v2/1M/tencentBlock_23147.oracleGeneral.zst
tencentBlock_v2_1M	https://ftp.pdl.cmu.edu/pub/datasets/twemcacheWorkload/cacheDatasets/tencentBlock/v2/1M/tencentBlock_2315.oracleGeneral.zst
tencentBlock_v2_1M	https://ftp.pdl.cmu.edu/pub/datasets/twemcacheWorkload/cacheDatasets/tencentBlock/v2/1M/tencentBlock_23155.oracleGeneral.zst
tencentBlock_v2_1M	https://ftp.pdl.cmu.edu/pub/datasets/twemcacheWorkload/cacheDatasets/tencentBlock/v2/1M/tencentBlock_23164.oracleGeneral.zst
tencentBlock_v2_1M	https://ftp.pdl.cmu.edu/pub/datasets/twemcacheWorkload/cacheDatasets/tencentBlock/v2/1M/tencentBlock_23173.oracleGeneral.zst
tencentBlock_v2_1M	https://ftp.pdl.cmu.edu/pub/datasets/twemcacheWorkload/cacheDatasets/tencentBlock/v2/1M/tencentBlock_23186.oracleGeneral.zst
tencentBlock_v2_1M	https://ftp.pdl.cmu.edu/pub/datasets/twemcacheWorkload/cacheDatasets/tencentBlock/v2/1M/tencentBlock_23195.oracleGeneral.zst
tencentBlock_v2_1M	https://ftp.pdl.cmu.edu/pub/datasets/twemcacheWorkload/cacheDatasets/tencentBlock/v2/1M/tencentBlock_23202.oracleGeneral.zst
tencentBlock_v2_1M	https://ftp.pdl.cmu.edu/pub/datasets/twemcacheWorkload/cacheDatasets/tencentBlock/v2/1M/tencentBlock_23204.oracleGeneral.zst
tencentBlock_v2_1M	https://ftp.pdl.cmu.edu/pub/datasets/twemcacheWorkload/cacheDatasets/tencentBlock/v2/1M/tencentBlock_23209.oracleGeneral.zst
tencentBlock_v2_1M	https://ftp.pdl.cmu.edu/pub/datasets/twemcacheWorkload/cacheDatasets/tencentBlock/v2/1M/tencentBlock_23214.oracleGeneral.zst
tencentBlock_v2_1M	https://ftp.pdl.cmu.edu/pub/datasets/twemcacheWorkload/cacheDatasets/tencentBlock/v2/1M/tencentBlock_23215.oracleGeneral.zst
tencentBlock_v2_1M	https://ftp.pdl.cmu.edu/pub/datasets/twemcacheWorkload/cacheDatasets/tencentBlock/v2/1M/tencentBlock_23218.oracleGeneral.zst
tencentBlock_v2_1M	https://ftp.pdl.cmu.edu/pub/datasets/twemcacheWorkload/cacheDatasets/tencentBlock/v2/1M/tencentBlock_23219.oracleGeneral.zst
tencentBlock_v2_1M	https://ftp.pdl.cmu.edu/pub/datasets/twemcacheWorkload/cacheDatasets/tencentBlock/v2/1M/tencentBlock_2322.oracleGeneral.zst
tencentBlock_v2_1M	https://ftp.pdl.cmu.edu/pub/datasets/twemcacheWorkload/cacheDatasets/tencentBlock/v2/1M/tencentBlock_23230.oracleGeneral.zst
tencentBlock_v2_1M	https://ftp.pdl.cmu.edu/pub/datasets/twemcacheWorkload/cacheDatasets/tencentBlock/v2/1M/tencentBlock_23257.oracleGeneral.zst
tencentBlock_v2_1M	https://ftp.pdl.cmu.edu/pub/datasets/twemcacheWorkload/cacheDatasets/tencentBlock/v2/1M/tencentBlock_23264.oracleGeneral.zst
tencentBlock_v2_1M	https://ftp.pdl.cmu.edu/pub/datasets/twemcacheWorkload/cacheDatasets/tencentBlock/v2/1M/tencentBlock_23266.oracleGeneral.zst
tencentBlock_v2_1M	https://ftp.pdl.cmu.edu/pub/datasets/twemcacheWorkload/cacheDatasets/tencentBlock/v2/1M/tencentBlock_23272.oracleGeneral.zst
tencentBlock_v2_1M	https://ftp.pdl.cmu.edu/pub/datasets/twemcacheWorkload/cacheDatasets/tencentBlock/v2/1M/tencentBlock_23274.oracleGeneral.zst
tencentBlock_v2_1M	https://ftp.pdl.cmu.edu/pub/datasets/twemcacheWorkload/cacheDatasets/tencentBlock/v2/1M/tencentBlock_23279.oracleGeneral.zst
tencentBlock_v2_1M	https://ftp.pdl.cmu.edu/pub/datasets/twemcacheWorkload/cacheDatasets/tencentBlock/v2/1M/tencentBlock_2328.oracleGeneral.zst
tencentBlock_v2_1M	https://ftp.pdl.cmu.edu/pub/datasets/twemcacheWorkload/cacheDatasets/tencentBlock/v2/1M/tencentBlock_23283.oracleGeneral.zst
tencentBlock_v2_1M	https://ftp.pdl.cmu.edu/pub/datasets/twemcacheWorkload/cacheDatasets/tencentBlock/v2/1M/tencentBlock_23287.oracleGeneral.zst
tencentBlock_v2_1M	https://ftp.pdl.cmu.edu/pub/datasets/twemcacheWorkload/cacheDatasets/tencentBlock/v2/1M/tencentBlock_23302.oracleGeneral.zst
tencentBlock_v2_1M	https://ftp.pdl.cmu.edu/pub/datasets/twemcacheWorkload/cacheDatasets/tencentBlock/v2/1M/tencentBlock_23307.oracleGeneral.zst
tencentBlock_v2_1M	https://ftp.pdl.cmu.edu/pub/datasets/twemcacheWorkload/cacheDatasets/tencentBlock/v2/1M/tencentBlock_23319.oracleGeneral.zst
tencentBlock_v2_1M	https://ftp.pdl.cmu.edu/pub/datasets/twemcacheWorkload/cacheDatasets/tencentBlock/v2/1M/tencentBlock_23320.oracleGeneral.zst
tencentBlock_v2_1M	https://ftp.pdl.cmu.edu/pub/datasets/twemcacheWorkload/cacheDatasets/tencentBlock/v2/1M/tencentBlock_23322.oracleGeneral.zst
tencentBlock_v2_1M	https://ftp.pdl.cmu.edu/pub/datasets/twemcacheWorkload/cacheDatasets/tencentBlock/v2/1M/tencentBlock_23324.oracleGeneral.zst
tencentBlock_v2_1M	https://ftp.pdl.cmu.edu/pub/datasets/twemcacheWorkload/cacheDatasets/tencentBlock/v2/1M/tencentBlock_23325.oracleGeneral.zst
tencentBlock_v2_1M	https://ftp.pdl.cmu.edu/pub/datasets/twemcacheWorkload/cacheDatasets/tencentBlock/v2/1M/tencentBlock_2333.oracleGeneral.zst
tencentBlock_v2_1M	https://ftp.pdl.cmu.edu/pub/datasets/twemcacheWorkload/cacheDatasets/tencentBlock/v2/1M/tencentBlock_23336.oracleGeneral.zst
tencentBlock_v2_1M	https://ftp.pdl.cmu.edu/pub/datasets/twemcacheWorkload/cacheDatasets/tencentBlock/v2/1M/tencentBlock_23337.oracleGeneral.zst
tencentBlock_v2_1M	https://ftp.pdl.cmu.edu/pub/datasets/twemcacheWorkload/cacheDatasets/tencentBlock/v2/1M/tencentBlock_23340.oracleGeneral.zst
tencentBlock_v2_1M	https://ftp.pdl.cmu.edu/pub/datasets/twemcacheWorkload/cacheDatasets/tencentBlock/v2/1M/tencentBlock_23349.oracleGeneral.zst
tencentBlock_v2_1M	https://ftp.pdl.cmu.edu/pub/datasets/twemcacheWorkload/cacheDatasets/tencentBlock/v2/1M/tencentBlock_23351.oracleGeneral.zst
tencentBlock_v2_1M	https://ftp.pdl.cmu.edu/pub/datasets/twemcacheWorkload/cacheDatasets/tencentBlock/v2/1M/tencentBlock_23354.oracleGeneral.zst
tencentBlock_v2_1M	https://ftp.pdl.cmu.edu/pub/datasets/twemcacheWorkload/cacheDatasets/tencentBlock/v2/1M/tencentBlock_23360.oracleGeneral.zst
tencentBlock_v2_1M	https://ftp.pdl.cmu.edu/pub/datasets/twemcacheWorkload/cacheDatasets/tencentBlock/v2/1M/tencentBlock_23368.oracleGeneral.zst
tencentBlock_v2_1M	https://ftp.pdl.cmu.edu/pub/datasets/twemcacheWorkload/cacheDatasets/tencentBlock/v2/1M/tencentBlock_23386.oracleGeneral.zst
tencentBlock_v2_1M	https://ftp.pdl.cmu.edu/pub/datasets/twemcacheWorkload/cacheDatasets/tencentBlock/v2/1M/tencentBlock_2339.oracleGeneral.zst
tencentBlock_v2_1M	https://ftp.pdl.cmu.edu/pub/datasets/twemcacheWorkload/cacheDatasets/tencentBlock/v2/1M/tencentBlock_23390.oracleGeneral.zst
tencentBlock_v2_1M	https://ftp.pdl.cmu.edu/pub/datasets/twemcacheWorkload/cacheDatasets/tencentBlock/v2/1M/tencentBlock_23391.oracleGeneral.zst
tencentBlock_v2_1M	https://ftp.pdl.cmu.edu/pub/datasets/twemcacheWorkload/cacheDatasets/tencentBlock/v2/1M/tencentBlock_23398.oracleGeneral.zst
tencentBlock_v2_1M	https://ftp.pdl.cmu.edu/pub/datasets/twemcacheWorkload/cacheDatasets/tencentBlock/v2/1M/tencentBlock_23399.oracleGeneral.zst
tencentBlock_v2_1M	https://ftp.pdl.cmu.edu/pub/datasets/twemcacheWorkload/cacheDatasets/tencentBlock/v2/1M/tencentBlock_23409.oracleGeneral.zst
tencentBlock_v2_1M	https://ftp.pdl.cmu.edu/pub/datasets/twemcacheWorkload/cacheDatasets/tencentBlock/v2/1M/tencentBlock_23418.oracleGeneral.zst
tencentBlock_v2_1M	https://ftp.pdl.cmu.edu/pub/datasets/twemcacheWorkload/cacheDatasets/tencentBlock/v2/1M/tencentBlock_23420.oracleGeneral.zst
tencentBlock_v2_1M	https://ftp.pdl.cmu.edu/pub/datasets/twemcacheWorkload/cacheDatasets/tencentBlock/v2/1M/tencentBlock_23426.oracleGeneral.zst
tencentBlock_v2_1M	https://ftp.pdl.cmu.edu/pub/datasets/twemcacheWorkload/cacheDatasets/tencentBlock/v2/1M/tencentBlock_23434.oracleGeneral.zst
tencentBlock_v2_1M	https://ftp.pdl.cmu.edu/pub/datasets/twemcacheWorkload/cacheDatasets/tencentBlock/v2/1M/tencentBlock_23443.oracleGeneral.zst
tencentBlock_v2_1M	https://ftp.pdl.cmu.edu/pub/datasets/twemcacheWorkload/cacheDatasets/tencentBlock/v2/1M/tencentBlock_23455.oracleGeneral.zst
tencentBlock_v2_1M	https://ftp.pdl.cmu.edu/pub/datasets/twemcacheWorkload/cacheDatasets/tencentBlock/v2/1M/tencentBlock_23464.oracleGeneral.zst
tencentBlock_v2_1M	https://ftp.pdl.cmu.edu/pub/datasets/twemcacheWorkload/cacheDatasets/tencentBlock/v2/1M/tencentBlock_2347.oracleGeneral.zst
tencentBlock_v2_1M	https://ftp.pdl.cmu.edu/pub/datasets/twemcacheWorkload/cacheDatasets/tencentBlock/v2/1M/tencentBlock_23478.oracleGeneral.zst
tencentBlock_v2_1M	https://ftp.pdl.cmu.edu/pub/datasets/twemcacheWorkload/cacheDatasets/tencentBlock/v2/1M/tencentBlock_23488.oracleGeneral.zst
tencentBlock_v2_1M	https://ftp.pdl.cmu.edu/pub/datasets/twemcacheWorkload/cacheDatasets/tencentBlock/v2/1M/tencentBlock_23491.oracleGeneral.zst
tencentBlock_v2_1M	https://ftp.pdl.cmu.edu/pub/datasets/twemcacheWorkload/cacheDatasets/tencentBlock/v2/1M/tencentBlock_23497.oracleGeneral.zst
tencentBlock_v2_1M	https://ftp.pdl.cmu.edu/pub/datasets/twemcacheWorkload/cacheDatasets/tencentBlock/v2/1M/tencentBlock_23509.oracleGeneral.zst
tencentBlock_v2_1M	https://ftp.pdl.cmu.edu/pub/datasets/twemcacheWorkload/cacheDatasets/tencentBlock/v2/1M/tencentBlock_23519.oracleGeneral.zst
tencentBlock_v2_1M	https://ftp.pdl.cmu.edu/pub/datasets/twemcacheWorkload/cacheDatasets/tencentBlock/v2/1M/tencentBlock_23521.oracleGeneral.zst
tencentBlock_v2_1M	https://ftp.pdl.cmu.edu/pub/datasets/twemcacheWorkload/cacheDatasets/tencentBlock/v2/1M/tencentBlock_2354.oracleGeneral.zst
tencentBlock_v2_1M	https://ftp.pdl.cmu.edu/pub/datasets/twemcacheWorkload/cacheDatasets/tencentBlock/v2/1M/tencentBlock_23544.oracleGeneral.zst
tencentBlock_v2_1M	https://ftp.pdl.cmu.edu/pub/datasets/twemcacheWorkload/cacheDatasets/tencentBlock/v2/1M/tencentBlock_23549.oracleGeneral.zst
tencentBlock_v2_1M	https://ftp.pdl.cmu.edu/pub/datasets/twemcacheWorkload/cacheDatasets/tencentBlock/v2/1M/tencentBlock_23553.oracleGeneral.zst
tencentBlock_v2_1M	https://ftp.pdl.cmu.edu/pub/datasets/twemcacheWorkload/cacheDatasets/tencentBlock/v2/1M/tencentBlock_2356.oracleGeneral.zst
tencentBlock_v2_1M	https://ftp.pdl.cmu.edu/pub/datasets/twemcacheWorkload/cacheDatasets/tencentBlock/v2/1M/tencentBlock_23561.oracleGeneral.zst
tencentBlock_v2_1M	https://ftp.pdl.cmu.edu/pub/datasets/twemcacheWorkload/cacheDatasets/tencentBlock/v2/1M/tencentBlock_23564.oracleGeneral.zst
tencentBlock_v2_1M	https://ftp.pdl.cmu.edu/pub/datasets/twemcacheWorkload/cacheDatasets/tencentBlock/v2/1M/tencentBlock_2357.oracleGeneral.zst
tencentBlock_v2_1M	https://ftp.pdl.cmu.edu/pub/datasets/twemcacheWorkload/cacheDatasets/tencentBlock/v2/1M/tencentBlock_23573.oracleGeneral.zst
tencentBlock_v2_1M	https://ftp.pdl.cmu.edu/pub/datasets/twemcacheWorkload/cacheDatasets/tencentBlock/v2/1M/tencentBlock_23577.oracleGeneral.zst
tencentBlock_v2_1M	https://ftp.pdl.cmu.edu/pub/datasets/twemcacheWorkload/cacheDatasets/tencentBlock/v2/1M/tencentBlock_23588.oracleGeneral.zst
tencentBlock_v2_1M	https://ftp.pdl.cmu.edu/pub/datasets/twemcacheWorkload/cacheDatasets/tencentBlock/v2/1M/tencentBlock_23596.oracleGeneral.zst
tencentBlock_v2_1M	https://ftp.pdl.cmu.edu/pub/datasets/twemcacheWorkload/cacheDatasets/tencentBlock/v2/1M/tencentBlock_23605.oracleGeneral.zst
tencentBlock_v2_1M	https://ftp.pdl.cmu.edu/pub/datasets/twemcacheWorkload/cacheDatasets/tencentBlock/v2/1M/tencentBlock_23611.oracleGeneral.zst
tencentBlock_v2_1M	https://ftp.pdl.cmu.edu/pub/datasets/twemcacheWorkload/cacheDatasets/tencentBlock/v2/1M/tencentBlock_2363.oracleGeneral.zst
tencentBlock_v2_1M	https://ftp.pdl.cmu.edu/pub/datasets/twemcacheWorkload/cacheDatasets/tencentBlock/v2/1M/tencentBlock_23650.oracleGeneral.zst
tencentBlock_v2_1M	https://ftp.pdl.cmu.edu/pub/datasets/twemcacheWorkload/cacheDatasets/tencentBlock/v2/1M/tencentBlock_23672.oracleGeneral.zst
tencentBlock_v2_1M	https://ftp.pdl.cmu.edu/pub/datasets/twemcacheWorkload/cacheDatasets/tencentBlock/v2/1M/tencentBlock_23687.oracleGeneral.zst
tencentBlock_v2_1M	https://ftp.pdl.cmu.edu/pub/datasets/twemcacheWorkload/cacheDatasets/tencentBlock/v2/1M/tencentBlock_23692.oracleGeneral.zst
tencentBlock_v2_1M	https://ftp.pdl.cmu.edu/pub/datasets/twemcacheWorkload/cacheDatasets/tencentBlock/v2/1M/tencentBlock_23698.oracleGeneral.zst
tencentBlock_v2_1M	https://ftp.pdl.cmu.edu/pub/datasets/twemcacheWorkload/cacheDatasets/tencentBlock/v2/1M/tencentBlock_23716.oracleGeneral.zst
tencentBlock_v2_1M	https://ftp.pdl.cmu.edu/pub/datasets/twemcacheWorkload/cacheDatasets/tencentBlock/v2/1M/tencentBlock_2372.oracleGeneral.zst
tencentBlock_v2_1M	https://ftp.pdl.cmu.edu/pub/datasets/twemcacheWorkload/cacheDatasets/tencentBlock/v2/1M/tencentBlock_23730.oracleGeneral.zst
tencentBlock_v2_1M	https://ftp.pdl.cmu.edu/pub/datasets/twemcacheWorkload/cacheDatasets/tencentBlock/v2/1M/tencentBlock_23734.oracleGeneral.zst
tencentBlock_v2_1M	https://ftp.pdl.cmu.edu/pub/datasets/twemcacheWorkload/cacheDatasets/tencentBlock/v2/1M/tencentBlock_23740.oracleGeneral.zst
tencentBlock_v2_1M	https://ftp.pdl.cmu.edu/pub/datasets/twemcacheWorkload/cacheDatasets/tencentBlock/v2/1M/tencentBlock_23754.oracleGeneral.zst
tencentBlock_v2_1M	https://ftp.pdl.cmu.edu/pub/datasets/twemcacheWorkload/cacheDatasets/tencentBlock/v2/1M/tencentBlock_23767.oracleGeneral.zst
tencentBlock_v2_1M	https://ftp.pdl.cmu.edu/pub/datasets/twemcacheWorkload/cacheDatasets/tencentBlock/v2/1M/tencentBlock_2377.oracleGeneral.zst
tencentBlock_v2_1M	https://ftp.pdl.cmu.edu/pub/datasets/twemcacheWorkload/cacheDatasets/tencentBlock/v2/1M/tencentBlock_23772.oracleGeneral.zst
tencentBlock_v2_1M	https://ftp.pdl.cmu.edu/pub/datasets/twemcacheWorkload/cacheDatasets/tencentBlock/v2/1M/tencentBlock_23781.oracleGeneral.zst
tencentBlock_v2_1M	https://ftp.pdl.cmu.edu/pub/datasets/twemcacheWorkload/cacheDatasets/tencentBlock/v2/1M/tencentBlock_23816.oracleGeneral.zst
tencentBlock_v2_1M	https://ftp.pdl.cmu.edu/pub/datasets/twemcacheWorkload/cacheDatasets/tencentBlock/v2/1M/tencentBlock_23831.oracleGeneral.zst
tencentBlock_v2_1M	https://ftp.pdl.cmu.edu/pub/datasets/twemcacheWorkload/cacheDatasets/tencentBlock/v2/1M/tencentBlock_23834.oracleGeneral.zst
tencentBlock_v2_1M	https://ftp.pdl.cmu.edu/pub/datasets/twemcacheWorkload/cacheDatasets/tencentBlock/v2/1M/tencentBlock_23842.oracleGeneral.zst
tencentBlock_v2_1M	https://ftp.pdl.cmu.edu/pub/datasets/twemcacheWorkload/cacheDatasets/tencentBlock/v2/1M/tencentBlock_23855.oracleGeneral.zst
tencentBlock_v2_1M	https://ftp.pdl.cmu.edu/pub/datasets/twemcacheWorkload/cacheDatasets/tencentBlock/v2/1M/tencentBlock_23858.oracleGeneral.zst
tencentBlock_v2_1M	https://ftp.pdl.cmu.edu/pub/datasets/twemcacheWorkload/cacheDatasets/tencentBlock/v2/1M/tencentBlock_2386.oracleGeneral.zst
tencentBlock_v2_1M	https://ftp.pdl.cmu.edu/pub/datasets/twemcacheWorkload/cacheDatasets/tencentBlock/v2/1M/tencentBlock_2390.oracleGeneral.zst
tencentBlock_v2_1M	https://ftp.pdl.cmu.edu/pub/datasets/twemcacheWorkload/cacheDatasets/tencentBlock/v2/1M/tencentBlock_23905.oracleGeneral.zst
tencentBlock_v2_1M	https://ftp.pdl.cmu.edu/pub/datasets/twemcacheWorkload/cacheDatasets/tencentBlock/v2/1M/tencentBlock_23908.oracleGeneral.zst
tencentBlock_v2_1M	https://ftp.pdl.cmu.edu/pub/datasets/twemcacheWorkload/cacheDatasets/tencentBlock/v2/1M/tencentBlock_23925.oracleGeneral.zst
tencentBlock_v2_1M	https://ftp.pdl.cmu.edu/pub/datasets/twemcacheWorkload/cacheDatasets/tencentBlock/v2/1M/tencentBlock_23930.oracleGeneral.zst
tencentBlock_v2_1M	https://ftp.pdl.cmu.edu/pub/datasets/twemcacheWorkload/cacheDatasets/tencentBlock/v2/1M/tencentBlock_23952.oracleGeneral.zst
tencentBlock_v2_1M	https://ftp.pdl.cmu.edu/pub/datasets/twemcacheWorkload/cacheDatasets/tencentBlock/v2/1M/tencentBlock_2399.oracleGeneral.zst
tencentBlock_v2_1M	https://ftp.pdl.cmu.edu/pub/datasets/twemcacheWorkload/cacheDatasets/tencentBlock/v2/1M/tencentBlock_23993.oracleGeneral.zst
tencentBlock_v2_1M	https://ftp.pdl.cmu.edu/pub/datasets/twemcacheWorkload/cacheDatasets/tencentBlock/v2/1M/tencentBlock_24076.oracleGeneral.zst
tencentBlock_v2_1M	https://ftp.pdl.cmu.edu/pub/datasets/twemcacheWorkload/cacheDatasets/tencentBlock/v2/1M/tencentBlock_24087.oracleGeneral.zst
tencentBlock_v2_1M	https://ftp.pdl.cmu.edu/pub/datasets/twemcacheWorkload/cacheDatasets/tencentBlock/v2/1M/tencentBlock_24111.oracleGeneral.zst
tencentBlock_v2_1M	https://ftp.pdl.cmu.edu/pub/datasets/twemcacheWorkload/cacheDatasets/tencentBlock/v2/1M/tencentBlock_24143.oracleGeneral.zst
tencentBlock_v2_1M	https://ftp.pdl.cmu.edu/pub/datasets/twemcacheWorkload/cacheDatasets/tencentBlock/v2/1M/tencentBlock_24157.oracleGeneral.zst
tencentBlock_v2_1M	https://ftp.pdl.cmu.edu/pub/datasets/twemcacheWorkload/cacheDatasets/tencentBlock/v2/1M/tencentBlock_24223.oracleGeneral.zst
tencentBlock_v2_1M	https://ftp.pdl.cmu.edu/pub/datasets/twemcacheWorkload/cacheDatasets/tencentBlock/v2/1M/tencentBlock_24232.oracleGeneral.zst
tencentBlock_v2_1M	https://ftp.pdl.cmu.edu/pub/datasets/twemcacheWorkload/cacheDatasets/tencentBlock/v2/1M/tencentBlock_24239.oracleGeneral.zst
tencentBlock_v2_1M	https://ftp.pdl.cmu.edu/pub/datasets/twemcacheWorkload/cacheDatasets/tencentBlock/v2/1M/tencentBlock_24245.oracleGeneral.zst
tencentBlock_v2_1M	https://ftp.pdl.cmu.edu/pub/datasets/twemcacheWorkload/cacheDatasets/tencentBlock/v2/1M/tencentBlock_24247.oracleGeneral.zst
tencentBlock_v2_1M	https://ftp.pdl.cmu.edu/pub/datasets/twemcacheWorkload/cacheDatasets/tencentBlock/v2/1M/tencentBlock_24254.oracleGeneral.zst
tencentBlock_v2_1M	https://ftp.pdl.cmu.edu/pub/datasets/twemcacheWorkload/cacheDatasets/tencentBlock/v2/1M/tencentBlock_24260.oracleGeneral.zst
tencentBlock_v2_1M	https://ftp.pdl.cmu.edu/pub/datasets/twemcacheWorkload/cacheDatasets/tencentBlock/v2/1M/tencentBlock_2430.oracleGeneral.zst
tencentBlock_v2_1M	https://ftp.pdl.cmu.edu/pub/datasets/twemcacheWorkload/cacheDatasets/tencentBlock/v2/1M/tencentBlock_2434.oracleGeneral.zst
tencentBlock_v2_1M	https://ftp.pdl.cmu.edu/pub/datasets/twemcacheWorkload/cacheDatasets/tencentBlock/v2/1M/tencentBlock_24392.oracleGeneral.zst
tencentBlock_v2_1M	https://ftp.pdl.cmu.edu/pub/datasets/twemcacheWorkload/cacheDatasets/tencentBlock/v2/1M/tencentBlock_24398.oracleGeneral.zst
tencentBlock_v2_1M	https://ftp.pdl.cmu.edu/pub/datasets/twemcacheWorkload/cacheDatasets/tencentBlock/v2/1M/tencentBlock_24427.oracleGeneral.zst
tencentBlock_v2_1M	https://ftp.pdl.cmu.edu/pub/datasets/twemcacheWorkload/cacheDatasets/tencentBlock/v2/1M/tencentBlock_2444.oracleGeneral.zst
tencentBlock_v2_1M	https://ftp.pdl.cmu.edu/pub/datasets/twemcacheWorkload/cacheDatasets/tencentBlock/v2/1M/tencentBlock_2447.oracleGeneral.zst
tencentBlock_v2_1M	https://ftp.pdl.cmu.edu/pub/datasets/twemcacheWorkload/cacheDatasets/tencentBlock/v2/1M/tencentBlock_24497.oracleGeneral.zst
tencentBlock_v2_1M	https://ftp.pdl.cmu.edu/pub/datasets/twemcacheWorkload/cacheDatasets/tencentBlock/v2/1M/tencentBlock_2454.oracleGeneral.zst
tencentBlock_v2_1M	https://ftp.pdl.cmu.edu/pub/datasets/twemcacheWorkload/cacheDatasets/tencentBlock/v2/1M/tencentBlock_2458.oracleGeneral.zst
tencentBlock_v2_1M	https://ftp.pdl.cmu.edu/pub/datasets/twemcacheWorkload/cacheDatasets/tencentBlock/v2/1M/tencentBlock_24623.oracleGeneral.zst
tencentBlock_v2_1M	https://ftp.pdl.cmu.edu/pub/datasets/twemcacheWorkload/cacheDatasets/tencentBlock/v2/1M/tencentBlock_24651.oracleGeneral.zst
tencentBlock_v2_1M	https://ftp.pdl.cmu.edu/pub/datasets/twemcacheWorkload/cacheDatasets/tencentBlock/v2/1M/tencentBlock_2467.oracleGeneral.zst
tencentBlock_v2_1M	https://ftp.pdl.cmu.edu/pub/datasets/twemcacheWorkload/cacheDatasets/tencentBlock/v2/1M/tencentBlock_2469.oracleGeneral.zst
tencentBlock_v2_1M	https://ftp.pdl.cmu.edu/pub/datasets/twemcacheWorkload/cacheDatasets/tencentBlock/v2/1M/tencentBlock_24725.oracleGeneral.zst
tencentBlock_v2_1M	https://ftp.pdl.cmu.edu/pub/datasets/twemcacheWorkload/cacheDatasets/tencentBlock/v2/1M/tencentBlock_2473.oracleGeneral.zst
tencentBlock_v2_1M	https://ftp.pdl.cmu.edu/pub/datasets/twemcacheWorkload/cacheDatasets/tencentBlock/v2/1M/tencentBlock_24735.oracleGeneral.zst
tencentBlock_v2_1M	https://ftp.pdl.cmu.edu/pub/datasets/twemcacheWorkload/cacheDatasets/tencentBlock/v2/1M/tencentBlock_24770.oracleGeneral.zst
tencentBlock_v2_1M	https://ftp.pdl.cmu.edu/pub/datasets/twemcacheWorkload/cacheDatasets/tencentBlock/v2/1M/tencentBlock_2478.oracleGeneral.zst
tencentBlock_v2_1M	https://ftp.pdl.cmu.edu/pub/datasets/twemcacheWorkload/cacheDatasets/tencentBlock/v2/1M/tencentBlock_24792.oracleGeneral.zst
tencentBlock_v2_1M	https://ftp.pdl.cmu.edu/pub/datasets/twemcacheWorkload/cacheDatasets/tencentBlock/v2/1M/tencentBlock_2482.oracleGeneral.zst
tencentBlock_v2_1M	https://ftp.pdl.cmu.edu/pub/datasets/twemcacheWorkload/cacheDatasets/tencentBlock/v2/1M/tencentBlock_24855.oracleGeneral.zst
tencentBlock_v2_1M	https://ftp.pdl.cmu.edu/pub/datasets/twemcacheWorkload/cacheDatasets/tencentBlock/v2/1M/tencentBlock_24879.oracleGeneral.zst
tencentBlock_v2_1M	https://ftp.pdl.cmu.edu/pub/datasets/twemcacheWorkload/cacheDatasets/tencentBlock/v2/1M/tencentBlock_2489.oracleGeneral.zst
tencentBlock_v2_1M	https://ftp.pdl.cmu.edu/pub/datasets/twemcacheWorkload/cacheDatasets/tencentBlock/v2/1M/tencentBlock_24936.oracleGeneral.zst
tencentBlock_v2_1M	https://ftp.pdl.cmu.edu/pub/datasets/twemcacheWorkload/cacheDatasets/tencentBlock/v2/1M/tencentBlock_24948.oracleGeneral.zst
tencentBlock_v2_1M	https://ftp.pdl.cmu.edu/pub/datasets/twemcacheWorkload/cacheDatasets/tencentBlock/v2/1M/tencentBlock_2495.oracleGeneral.zst
tencentBlock_v2_1M	https://ftp.pdl.cmu.edu/pub/datasets/twemcacheWorkload/cacheDatasets/tencentBlock/v2/1M/tencentBlock_2499.oracleGeneral.zst
tencentBlock_v2_1M	https://ftp.pdl.cmu.edu/pub/datasets/twemcacheWorkload/cacheDatasets/tencentBlock/v2/1M/tencentBlock_25013.oracleGeneral.zst
tencentBlock_v2_1M	https://ftp.pdl.cmu.edu/pub/datasets/twemcacheWorkload/cacheDatasets/tencentBlock/v2/1M/tencentBlock_25017.oracleGeneral.zst
tencentBlock_v2_1M	https://ftp.pdl.cmu.edu/pub/datasets/twemcacheWorkload/cacheDatasets/tencentBlock/v2/1M/tencentBlock_25053.oracleGeneral.zst
tencentBlock_v2_1M	https://ftp.pdl.cmu.edu/pub/datasets/twemcacheWorkload/cacheDatasets/tencentBlock/v2/1M/tencentBlock_2508.oracleGeneral.zst
tencentBlock_v2_1M	https://ftp.pdl.cmu.edu/pub/datasets/twemcacheWorkload/cacheDatasets/tencentBlock/v2/1M/tencentBlock_2511.oracleGeneral.zst
tencentBlock_v2_1M	https://ftp.pdl.cmu.edu/pub/datasets/twemcacheWorkload/cacheDatasets/tencentBlock/v2/1M/tencentBlock_2520.oracleGeneral.zst
tencentBlock_v2_1M	https://ftp.pdl.cmu.edu/pub/datasets/twemcacheWorkload/cacheDatasets/tencentBlock/v2/1M/tencentBlock_2525.oracleGeneral.zst
tencentBlock_v2_1M	https://ftp.pdl.cmu.edu/pub/datasets/twemcacheWorkload/cacheDatasets/tencentBlock/v2/1M/tencentBlock_2536.oracleGeneral.zst
tencentBlock_v2_1M	https://ftp.pdl.cmu.edu/pub/datasets/twemcacheWorkload/cacheDatasets/tencentBlock/v2/1M/tencentBlock_25387.oracleGeneral.zst
tencentBlock_v2_1M	https://ftp.pdl.cmu.edu/pub/datasets/twemcacheWorkload/cacheDatasets/tencentBlock/v2/1M/tencentBlock_25394.oracleGeneral.zst
tencentBlock_v2_1M	https://ftp.pdl.cmu.edu/pub/datasets/twemcacheWorkload/cacheDatasets/tencentBlock/v2/1M/tencentBlock_25402.oracleGeneral.zst
tencentBlock_v2_1M	https://ftp.pdl.cmu.edu/pub/datasets/twemcacheWorkload/cacheDatasets/tencentBlock/v2/1M/tencentBlock_25415.oracleGeneral.zst
tencentBlock_v2_1M	https://ftp.pdl.cmu.edu/pub/datasets/twemcacheWorkload/cacheDatasets/tencentBlock/v2/1M/tencentBlock_25420.oracleGeneral.zst
tencentBlock_v2_1M	https://ftp.pdl.cmu.edu/pub/datasets/twemcacheWorkload/cacheDatasets/tencentBlock/v2/1M/tencentBlock_25428.oracleGeneral.zst
tencentBlock_v2_1M	https://ftp.pdl.cmu.edu/pub/datasets/twemcacheWorkload/cacheDatasets/tencentBlock/v2/1M/tencentBlock_25434.oracleGeneral.zst
tencentBlock_v2_1M	https://ftp.pdl.cmu.edu/pub/datasets/twemcacheWorkload/cacheDatasets/tencentBlock/v2/1M/tencentBlock_2545.oracleGeneral.zst
tencentBlock_v2_1M	https://ftp.pdl.cmu.edu/pub/datasets/twemcacheWorkload/cacheDatasets/tencentBlock/v2/1M/tencentBlock_25452.oracleGeneral.zst
tencentBlock_v2_1M	https://ftp.pdl.cmu.edu/pub/datasets/twemcacheWorkload/cacheDatasets/tencentBlock/v2/1M/tencentBlock_25460.oracleGeneral.zst
tencentBlock_v2_1M	https://ftp.pdl.cmu.edu/pub/datasets/twemcacheWorkload/cacheDatasets/tencentBlock/v2/1M/tencentBlock_25467.oracleGeneral.zst
tencentBlock_v2_1M	https://ftp.pdl.cmu.edu/pub/datasets/twemcacheWorkload/cacheDatasets/tencentBlock/v2/1M/tencentBlock_25476.oracleGeneral.zst
tencentBlock_v2_1M	https://ftp.pdl.cmu.edu/pub/datasets/twemcacheWorkload/cacheDatasets/tencentBlock/v2/1M/tencentBlock_25494.oracleGeneral.zst
tencentBlock_v2_1M	https://ftp.pdl.cmu.edu/pub/datasets/twemcacheWorkload/cacheDatasets/tencentBlock/v2/1M/tencentBlock_2554.oracleGeneral.zst
tencentBlock_v2_1M	https://ftp.pdl.cmu.edu/pub/datasets/twemcacheWorkload/cacheDatasets/tencentBlock/v2/1M/tencentBlock_25561.oracleGeneral.zst
tencentBlock_v2_1M	https://ftp.pdl.cmu.edu/pub/datasets/twemcacheWorkload/cacheDatasets/tencentBlock/v2/1M/tencentBlock_25563.oracleGeneral.zst
tencentBlock_v2_1M	https://ftp.pdl.cmu.edu/pub/datasets/twemcacheWorkload/cacheDatasets/tencentBlock/v2/1M/tencentBlock_25569.oracleGeneral.zst
tencentBlock_v2_1M	https://ftp.pdl.cmu.edu/pub/datasets/twemcacheWorkload/cacheDatasets/tencentBlock/v2/1M/tencentBlock_25578.oracleGeneral.zst
tencentBlock_v2_1M	https://ftp.pdl.cmu.edu/pub/datasets/twemcacheWorkload/cacheDatasets/tencentBlock/v2/1M/tencentBlock_25585.oracleGeneral.zst
tencentBlock_v2_1M	https://ftp.pdl.cmu.edu/pub/datasets/twemcacheWorkload/cacheDatasets/tencentBlock/v2/1M/tencentBlock_2559.oracleGeneral.zst
tencentBlock_v2_1M	https://ftp.pdl.cmu.edu/pub/datasets/twemcacheWorkload/cacheDatasets/tencentBlock/v2/1M/tencentBlock_25599.oracleGeneral.zst
tencentBlock_v2_1M	https://ftp.pdl.cmu.edu/pub/datasets/twemcacheWorkload/cacheDatasets/tencentBlock/v2/1M/tencentBlock_25608.oracleGeneral.zst
tencentBlock_v2_1M	https://ftp.pdl.cmu.edu/pub/datasets/twemcacheWorkload/cacheDatasets/tencentBlock/v2/1M/tencentBlock_2561.oracleGeneral.zst
tencentBlock_v2_1M	https://ftp.pdl.cmu.edu/pub/datasets/twemcacheWorkload/cacheDatasets/tencentBlock/v2/1M/tencentBlock_25616.oracleGeneral.zst
tencentBlock_v2_1M	https://ftp.pdl.cmu.edu/pub/datasets/twemcacheWorkload/cacheDatasets/tencentBlock/v2/1M/tencentBlock_25621.oracleGeneral.zst
tencentBlock_v2_1M	https://ftp.pdl.cmu.edu/pub/datasets/twemcacheWorkload/cacheDatasets/tencentBlock/v2/1M/tencentBlock_25630.oracleGeneral.zst
tencentBlock_v2_1M	https://ftp.pdl.cmu.edu/pub/datasets/twemcacheWorkload/cacheDatasets/tencentBlock/v2/1M/tencentBlock_25639.oracleGeneral.zst
tencentBlock_v2_1M	https://ftp.pdl.cmu.edu/pub/datasets/twemcacheWorkload/cacheDatasets/tencentBlock/v2/1M/tencentBlock_25640.oracleGeneral.zst
tencentBlock_v2_1M	https://ftp.pdl.cmu.edu/pub/datasets/twemcacheWorkload/cacheDatasets/tencentBlock/v2/1M/tencentBlock_25641.oracleGeneral.zst
tencentBlock_v2_1M	https://ftp.pdl.cmu.edu/pub/datasets/twemcacheWorkload/cacheDatasets/tencentBlock/v2/1M/tencentBlock_25650.oracleGeneral.zst
tencentBlock_v2_1M	https://ftp.pdl.cmu.edu/pub/datasets/twemcacheWorkload/cacheDatasets/tencentBlock/v2/1M/tencentBlock_25653.oracleGeneral.zst
tencentBlock_v2_1M	https://ftp.pdl.cmu.edu/pub/datasets/twemcacheWorkload/cacheDatasets/tencentBlock/v2/1M/tencentBlock_25656.oracleGeneral.zst
tencentBlock_v2_1M	https://ftp.pdl.cmu.edu/pub/datasets/twemcacheWorkload/cacheDatasets/tencentBlock/v2/1M/tencentBlock_25663.oracleGeneral.zst
tencentBlock_v2_1M	https://ftp.pdl.cmu.edu/pub/datasets/twemcacheWorkload/cacheDatasets/tencentBlock/v2/1M/tencentBlock_25678.oracleGeneral.zst
tencentBlock_v2_1M	https://ftp.pdl.cmu.edu/pub/datasets/twemcacheWorkload/cacheDatasets/tencentBlock/v2/1M/tencentBlock_25679.oracleGeneral.zst
tencentBlock_v2_1M	https://ftp.pdl.cmu.edu/pub/datasets/twemcacheWorkload/cacheDatasets/tencentBlock/v2/1M/tencentBlock_2568.oracleGeneral.zst
tencentBlock_v2_1M	https://ftp.pdl.cmu.edu/pub/datasets/twemcacheWorkload/cacheDatasets/tencentBlock/v2/1M/tencentBlock_25703.oracleGeneral.zst
tencentBlock_v2_1M	https://ftp.pdl.cmu.edu/pub/datasets/twemcacheWorkload/cacheDatasets/tencentBlock/v2/1M/tencentBlock_25752.oracleGeneral.zst
tencentBlock_v2_1M	https://ftp.pdl.cmu.edu/pub/datasets/twemcacheWorkload/cacheDatasets/tencentBlock/v2/1M/tencentBlock_2576.oracleGeneral.zst
tencentBlock_v2_1M	https://ftp.pdl.cmu.edu/pub/datasets/twemcacheWorkload/cacheDatasets/tencentBlock/v2/1M/tencentBlock_25771.oracleGeneral.zst
tencentBlock_v2_1M	https://ftp.pdl.cmu.edu/pub/datasets/twemcacheWorkload/cacheDatasets/tencentBlock/v2/1M/tencentBlock_25782.oracleGeneral.zst
tencentBlock_v2_1M	https://ftp.pdl.cmu.edu/pub/datasets/twemcacheWorkload/cacheDatasets/tencentBlock/v2/1M/tencentBlock_25788.oracleGeneral.zst
tencentBlock_v2_1M	https://ftp.pdl.cmu.edu/pub/datasets/twemcacheWorkload/cacheDatasets/tencentBlock/v2/1M/tencentBlock_25790.oracleGeneral.zst
tencentBlock_v2_1M	https://ftp.pdl.cmu.edu/pub/datasets/twemcacheWorkload/cacheDatasets/tencentBlock/v2/1M/tencentBlock_25793.oracleGeneral.zst
tencentBlock_v2_1M	https://ftp.pdl.cmu.edu/pub/datasets/twemcacheWorkload/cacheDatasets/tencentBlock/v2/1M/tencentBlock_25798.oracleGeneral.zst
tencentBlock_v2_1M	https://ftp.pdl.cmu.edu/pub/datasets/twemcacheWorkload/cacheDatasets/tencentBlock/v2/1M/tencentBlock_2586.oracleGeneral.zst
tencentBlock_v2_1M	https://ftp.pdl.cmu.edu/pub/datasets/twemcacheWorkload/cacheDatasets/tencentBlock/v2/1M/tencentBlock_25878.oracleGeneral.zst
tencentBlock_v2_1M	https://ftp.pdl.cmu.edu/pub/datasets/twemcacheWorkload/cacheDatasets/tencentBlock/v2/1M/tencentBlock_25893.oracleGeneral.zst
tencentBlock_v2_1M	https://ftp.pdl.cmu.edu/pub/datasets/twemcacheWorkload/cacheDatasets/tencentBlock/v2/1M/tencentBlock_25923.oracleGeneral.zst
tencentBlock_v2_1M	https://ftp.pdl.cmu.edu/pub/datasets/twemcacheWorkload/cacheDatasets/tencentBlock/v2/1M/tencentBlock_25933.oracleGeneral.zst
tencentBlock_v2_1M	https://ftp.pdl.cmu.edu/pub/datasets/twemcacheWorkload/cacheDatasets/tencentBlock/v2/1M/tencentBlock_2594.oracleGeneral.zst
tencentBlock_v2_1M	https://ftp.pdl.cmu.edu/pub/datasets/twemcacheWorkload/cacheDatasets/tencentBlock/v2/1M/tencentBlock_25959.oracleGeneral.zst
tencentBlock_v2_1M	https://ftp.pdl.cmu.edu/pub/datasets/twemcacheWorkload/cacheDatasets/tencentBlock/v2/1M/tencentBlock_2596.oracleGeneral.zst
tencentBlock_v2_1M	https://ftp.pdl.cmu.edu/pub/datasets/twemcacheWorkload/cacheDatasets/tencentBlock/v2/1M/tencentBlock_2598.oracleGeneral.zst
tencentBlock_v2_1M	https://ftp.pdl.cmu.edu/pub/datasets/twemcacheWorkload/cacheDatasets/tencentBlock/v2/1M/tencentBlock_2605.oracleGeneral.zst
tencentBlock_v2_1M	https://ftp.pdl.cmu.edu/pub/datasets/twemcacheWorkload/cacheDatasets/tencentBlock/v2/1M/tencentBlock_2610.oracleGeneral.zst
tencentBlock_v2_1M	https://ftp.pdl.cmu.edu/pub/datasets/twemcacheWorkload/cacheDatasets/tencentBlock/v2/1M/tencentBlock_2617.oracleGeneral.zst
tencentBlock_v2_1M	https://ftp.pdl.cmu.edu/pub/datasets/twemcacheWorkload/cacheDatasets/tencentBlock/v2/1M/tencentBlock_2636.oracleGeneral.zst
tencentBlock_v2_1M	https://ftp.pdl.cmu.edu/pub/datasets/twemcacheWorkload/cacheDatasets/tencentBlock/v2/1M/tencentBlock_2637.oracleGeneral.zst
tencentBlock_v2_1M	https://ftp.pdl.cmu.edu/pub/datasets/twemcacheWorkload/cacheDatasets/tencentBlock/v2/1M/tencentBlock_2641.oracleGeneral.zst
tencentBlock_v2_1M	https://ftp.pdl.cmu.edu/pub/datasets/twemcacheWorkload/cacheDatasets/tencentBlock/v2/1M/tencentBlock_2644.oracleGeneral.zst
tencentBlock_v2_1M	https://ftp.pdl.cmu.edu/pub/datasets/twemcacheWorkload/cacheDatasets/tencentBlock/v2/1M/tencentBlock_2647.oracleGeneral.zst
tencentBlock_v2_1M	https://ftp.pdl.cmu.edu/pub/datasets/twemcacheWorkload/cacheDatasets/tencentBlock/v2/1M/tencentBlock_2653.oracleGeneral.zst
tencentBlock_v2_1M	https://ftp.pdl.cmu.edu/pub/datasets/twemcacheWorkload/cacheDatasets/tencentBlock/v2/1M/tencentBlock_2659.oracleGeneral.zst
tencentBlock_v2_1M	https://ftp.pdl.cmu.edu/pub/datasets/twemcacheWorkload/cacheDatasets/tencentBlock/v2/1M/tencentBlock_2666.oracleGeneral.zst
tencentBlock_v2_1M	https://ftp.pdl.cmu.edu/pub/datasets/twemcacheWorkload/cacheDatasets/tencentBlock/v2/1M/tencentBlock_2672.oracleGeneral.zst
tencentBlock_v2_1M	https://ftp.pdl.cmu.edu/pub/datasets/twemcacheWorkload/cacheDatasets/tencentBlock/v2/1M/tencentBlock_2678.oracleGeneral.zst
tencentBlock_v2_1M	https://ftp.pdl.cmu.edu/pub/datasets/twemcacheWorkload/cacheDatasets/tencentBlock/v2/1M/tencentBlock_2685.oracleGeneral.zst
tencentBlock_v2_1M	https://ftp.pdl.cmu.edu/pub/datasets/twemcacheWorkload/cacheDatasets/tencentBlock/v2/1M/tencentBlock_2687.oracleGeneral.zst
tencentBlock_v2_1M	https://ftp.pdl.cmu.edu/pub/datasets/twemcacheWorkload/cacheDatasets/tencentBlock/v2/1M/tencentBlock_2691.oracleGeneral.zst
tencentBlock_v2_1M	https://ftp.pdl.cmu.edu/pub/datasets/twemcacheWorkload/cacheDatasets/tencentBlock/v2/1M/tencentBlock_2693.oracleGeneral.zst
tencentBlock_v2_1M	https://ftp.pdl.cmu.edu/pub/datasets/twemcacheWorkload/cacheDatasets/tencentBlock/v2/1M/tencentBlock_2707.oracleGeneral.zst
tencentBlock_v2_1M	https://ftp.pdl.cmu.edu/pub/datasets/twemcacheWorkload/cacheDatasets/tencentBlock/v2/1M/tencentBlock_2712.oracleGeneral.zst
tencentBlock_v2_1M	https://ftp.pdl.cmu.edu/pub/datasets/twemcacheWorkload/cacheDatasets/tencentBlock/v2/1M/tencentBlock_2716.oracleGeneral.zst
tencentBlock_v2_1M	https://ftp.pdl.cmu.edu/pub/datasets/twemcacheWorkload/cacheDatasets/tencentBlock/v2/1M/tencentBlock_2720.oracleGeneral.zst
tencentBlock_v2_1M	https://ftp.pdl.cmu.edu/pub/datasets/twemcacheWorkload/cacheDatasets/tencentBlock/v2/1M/tencentBlock_2727.oracleGeneral.zst
tencentBlock_v2_1M	https://ftp.pdl.cmu.edu/pub/datasets/twemcacheWorkload/cacheDatasets/tencentBlock/v2/1M/tencentBlock_2732.oracleGeneral.zst
tencentBlock_v2_1M	https://ftp.pdl.cmu.edu/pub/datasets/twemcacheWorkload/cacheDatasets/tencentBlock/v2/1M/tencentBlock_2737.oracleGeneral.zst
tencentBlock_v2_1M	https://ftp.pdl.cmu.edu/pub/datasets/twemcacheWorkload/cacheDatasets/tencentBlock/v2/1M/tencentBlock_2744.oracleGeneral.zst
tencentBlock_v2_1M	https://ftp.pdl.cmu.edu/pub/datasets/twemcacheWorkload/cacheDatasets/tencentBlock/v2/1M/tencentBlock_2745.oracleGeneral.zst
tencentBlock_v2_1M	https://ftp.pdl.cmu.edu/pub/datasets/twemcacheWorkload/cacheDatasets/tencentBlock/v2/1M/tencentBlock_2758.oracleGeneral.zst
tencentBlock_v2_1M	https://ftp.pdl.cmu.edu/pub/datasets/twemcacheWorkload/cacheDatasets/tencentBlock/v2/1M/tencentBlock_2767.oracleGeneral.zst
tencentBlock_v2_1M	https://ftp.pdl.cmu.edu/pub/datasets/twemcacheWorkload/cacheDatasets/tencentBlock/v2/1M/tencentBlock_2773.oracleGeneral.zst
tencentBlock_v2_1M	https://ftp.pdl.cmu.edu/pub/datasets/twemcacheWorkload/cacheDatasets/tencentBlock/v2/1M/tencentBlock_2777.oracleGeneral.zst
tencentBlock_v2_1M	https://ftp.pdl.cmu.edu/pub/datasets/twemcacheWorkload/cacheDatasets/tencentBlock/v2/1M/tencentBlock_2786.oracleGeneral.zst
tencentBlock_v2_1M	https://ftp.pdl.cmu.edu/pub/datasets/twemcacheWorkload/cacheDatasets/tencentBlock/v2/1M/tencentBlock_2792.oracleGeneral.zst
tencentBlock_v2_1M	https://ftp.pdl.cmu.edu/pub/datasets/twemcacheWorkload/cacheDatasets/tencentBlock/v2/1M/tencentBlock_2801.oracleGeneral.zst
tencentBlock_v2_1M	https://ftp.pdl.cmu.edu/pub/datasets/twemcacheWorkload/cacheDatasets/tencentBlock/v2/1M/tencentBlock_2809.oracleGeneral.zst
tencentBlock_v2_1M	https://ftp.pdl.cmu.edu/pub/datasets/twemcacheWorkload/cacheDatasets/tencentBlock/v2/1M/tencentBlock_2816.oracleGeneral.zst
tencentBlock_v2_1M	https://ftp.pdl.cmu.edu/pub/datasets/twemcacheWorkload/cacheDatasets/tencentBlock/v2/1M/tencentBlock_2823.oracleGeneral.zst
tencentBlock_v2_1M	https://ftp.pdl.cmu.edu/pub/datasets/twemcacheWorkload/cacheDatasets/tencentBlock/v2/1M/tencentBlock_2827.oracleGeneral.zst
tencentBlock_v2_1M	https://ftp.pdl.cmu.edu/pub/datasets/twemcacheWorkload/cacheDatasets/tencentBlock/v2/1M/tencentBlock_2830.oracleGeneral.zst
tencentBlock_v2_1M	https://ftp.pdl.cmu.edu/pub/datasets/twemcacheWorkload/cacheDatasets/tencentBlock/v2/1M/tencentBlock_2840.oracleGeneral.zst
tencentBlock_v2_1M	https://ftp.pdl.cmu.edu/pub/datasets/twemcacheWorkload/cacheDatasets/tencentBlock/v2/1M/tencentBlock_2846.oracleGeneral.zst
tencentBlock_v2_1M	https://ftp.pdl.cmu.edu/pub/datasets/twemcacheWorkload/cacheDatasets/tencentBlock/v2/1M/tencentBlock_2853.oracleGeneral.zst
tencentBlock_v2_1M	https://ftp.pdl.cmu.edu/pub/datasets/twemcacheWorkload/cacheDatasets/tencentBlock/v2/1M/tencentBlock_2861.oracleGeneral.zst
tencentBlock_v2_1M	https://ftp.pdl.cmu.edu/pub/datasets/twemcacheWorkload/cacheDatasets/tencentBlock/v2/1M/tencentBlock_2863.oracleGeneral.zst
tencentBlock_v2_1M	https://ftp.pdl.cmu.edu/pub/datasets/twemcacheWorkload/cacheDatasets/tencentBlock/v2/1M/tencentBlock_2871.oracleGeneral.zst
tencentBlock_v2_1M	https://ftp.pdl.cmu.edu/pub/datasets/twemcacheWorkload/cacheDatasets/tencentBlock/v2/1M/tencentBlock_2873.oracleGeneral.zst
tencentBlock_v2_1M	https://ftp.pdl.cmu.edu/pub/datasets/twemcacheWorkload/cacheDatasets/tencentBlock/v2/1M/tencentBlock_2877.oracleGeneral.zst
tencentBlock_v2_1M	https://ftp.pdl.cmu.edu/pub/datasets/twemcacheWorkload/cacheDatasets/tencentBlock/v2/1M/tencentBlock_2878.oracleGeneral.zst
tencentBlock_v2_1M	https://ftp.pdl.cmu.edu/pub/datasets/twemcacheWorkload/cacheDatasets/tencentBlock/v2/1M/tencentBlock_2892.oracleGeneral.zst
tencentBlock_v2_1M	https://ftp.pdl.cmu.edu/pub/datasets/twemcacheWorkload/cacheDatasets/tencentBlock/v2/1M/tencentBlock_2893.oracleGeneral.zst
tencentBlock_v2_1M	https://ftp.pdl.cmu.edu/pub/datasets/twemcacheWorkload/cacheDatasets/tencentBlock/v2/1M/tencentBlock_2937.oracleGeneral.zst
tencentBlock_v2_1M	https://ftp.pdl.cmu.edu/pub/datasets/twemcacheWorkload/cacheDatasets/tencentBlock/v2/1M/tencentBlock_2946.oracleGeneral.zst
tencentBlock_v2_1M	https://ftp.pdl.cmu.edu/pub/datasets/twemcacheWorkload/cacheDatasets/tencentBlock/v2/1M/tencentBlock_2954.oracleGeneral.zst
tencentBlock_v2_1M	https://ftp.pdl.cmu.edu/pub/datasets/twemcacheWorkload/cacheDatasets/tencentBlock/v2/1M/tencentBlock_2956.oracleGeneral.zst
tencentBlock_v2_1M	https://ftp.pdl.cmu.edu/pub/datasets/twemcacheWorkload/cacheDatasets/tencentBlock/v2/1M/tencentBlock_2965.oracleGeneral.zst
tencentBlock_v2_1M	https://ftp.pdl.cmu.edu/pub/datasets/twemcacheWorkload/cacheDatasets/tencentBlock/v2/1M/tencentBlock_2974.oracleGeneral.zst
tencentBlock_v2_1M	https://ftp.pdl.cmu.edu/pub/datasets/twemcacheWorkload/cacheDatasets/tencentBlock/v2/1M/tencentBlock_2976.oracleGeneral.zst
tencentBlock_v2_1M	https://ftp.pdl.cmu.edu/pub/datasets/twemcacheWorkload/cacheDatasets/tencentBlock/v2/1M/tencentBlock_2990.oracleGeneral.zst
tencentBlock_v2_1M	https://ftp.pdl.cmu.edu/pub/datasets/twemcacheWorkload/cacheDatasets/tencentBlock/v2/1M/tencentBlock_3004.oracleGeneral.zst
tencentBlock_v2_1M	https://ftp.pdl.cmu.edu/pub/datasets/twemcacheWorkload/cacheDatasets/tencentBlock/v2/1M/tencentBlock_3011.oracleGeneral.zst
tencentBlock_v2_1M	https://ftp.pdl.cmu.edu/pub/datasets/twemcacheWorkload/cacheDatasets/tencentBlock/v2/1M/tencentBlock_3015.oracleGeneral.zst
tencentBlock_v2_1M	https://ftp.pdl.cmu.edu/pub/datasets/twemcacheWorkload/cacheDatasets/tencentBlock/v2/1M/tencentBlock_3039.oracleGeneral.zst
tencentBlock_v2_1M	https://ftp.pdl.cmu.edu/pub/datasets/twemcacheWorkload/cacheDatasets/tencentBlock/v2/1M/tencentBlock_3053.oracleGeneral.zst
tencentBlock_v2_1M	https://ftp.pdl.cmu.edu/pub/datasets/twemcacheWorkload/cacheDatasets/tencentBlock/v2/1M/tencentBlock_3060.oracleGeneral.zst
tencentBlock_v2_1M	https://ftp.pdl.cmu.edu/pub/datasets/twemcacheWorkload/cacheDatasets/tencentBlock/v2/1M/tencentBlock_3069.oracleGeneral.zst
tencentBlock_v2_1M	https://ftp.pdl.cmu.edu/pub/datasets/twemcacheWorkload/cacheDatasets/tencentBlock/v2/1M/tencentBlock_3075.oracleGeneral.zst
tencentBlock_v2_1M	https://ftp.pdl.cmu.edu/pub/datasets/twemcacheWorkload/cacheDatasets/tencentBlock/v2/1M/tencentBlock_3091.oracleGeneral.zst
tencentBlock_v2_1M	https://ftp.pdl.cmu.edu/pub/datasets/twemcacheWorkload/cacheDatasets/tencentBlock/v2/1M/tencentBlock_3097.oracleGeneral.zst
tencentBlock_v2_1M	https://ftp.pdl.cmu.edu/pub/datasets/twemcacheWorkload/cacheDatasets/tencentBlock/v2/1M/tencentBlock_3113.oracleGeneral.zst
tencentBlock_v2_1M	https://ftp.pdl.cmu.edu/pub/datasets/twemcacheWorkload/cacheDatasets/tencentBlock/v2/1M/tencentBlock_3124.oracleGeneral.zst
tencentBlock_v2_1M	https://ftp.pdl.cmu.edu/pub/datasets/twemcacheWorkload/cacheDatasets/tencentBlock/v2/1M/tencentBlock_3142.oracleGeneral.zst
tencentBlock_v2_1M	https://ftp.pdl.cmu.edu/pub/datasets/twemcacheWorkload/cacheDatasets/tencentBlock/v2/1M/tencentBlock_3145.oracleGeneral.zst
tencentBlock_v2_1M	https://ftp.pdl.cmu.edu/pub/datasets/twemcacheWorkload/cacheDatasets/tencentBlock/v2/1M/tencentBlock_3154.oracleGeneral.zst
tencentBlock_v2_1M	https://ftp.pdl.cmu.edu/pub/datasets/twemcacheWorkload/cacheDatasets/tencentBlock/v2/1M/tencentBlock_3167.oracleGeneral.zst
tencentBlock_v2_1M	https://ftp.pdl.cmu.edu/pub/datasets/twemcacheWorkload/cacheDatasets/tencentBlock/v2/1M/tencentBlock_3180.oracleGeneral.zst
tencentBlock_v2_1M	https://ftp.pdl.cmu.edu/pub/datasets/twemcacheWorkload/cacheDatasets/tencentBlock/v2/1M/tencentBlock_3185.oracleGeneral.zst
tencentBlock_v2_1M	https://ftp.pdl.cmu.edu/pub/datasets/twemcacheWorkload/cacheDatasets/tencentBlock/v2/1M/tencentBlock_3189.oracleGeneral.zst
tencentBlock_v2_1M	https://ftp.pdl.cmu.edu/pub/datasets/twemcacheWorkload/cacheDatasets/tencentBlock/v2/1M/tencentBlock_3192.oracleGeneral.zst
tencentBlock_v2_1M	https://ftp.pdl.cmu.edu/pub/datasets/twemcacheWorkload/cacheDatasets/tencentBlock/v2/1M/tencentBlock_3196.oracleGeneral.zst
tencentBlock_v2_1M	https://ftp.pdl.cmu.edu/pub/datasets/twemcacheWorkload/cacheDatasets/tencentBlock/v2/1M/tencentBlock_3200.oracleGeneral.zst
tencentBlock_v2_1M	https://ftp.pdl.cmu.edu/pub/datasets/twemcacheWorkload/cacheDatasets/tencentBlock/v2/1M/tencentBlock_3210.oracleGeneral.zst
tencentBlock_v2_1M	https://ftp.pdl.cmu.edu/pub/datasets/twemcacheWorkload/cacheDatasets/tencentBlock/v2/1M/tencentBlock_3218.oracleGeneral.zst
tencentBlock_v2_1M	https://ftp.pdl.cmu.edu/pub/datasets/twemcacheWorkload/cacheDatasets/tencentBlock/v2/1M/tencentBlock_3223.oracleGeneral.zst
tencentBlock_v2_1M	https://ftp.pdl.cmu.edu/pub/datasets/twemcacheWorkload/cacheDatasets/tencentBlock/v2/1M/tencentBlock_3247.oracleGeneral.zst
tencentBlock_v2_1M	https://ftp.pdl.cmu.edu/pub/datasets/twemcacheWorkload/cacheDatasets/tencentBlock/v2/1M/tencentBlock_3254.oracleGeneral.zst
tencentBlock_v2_1M	https://ftp.pdl.cmu.edu/pub/datasets/twemcacheWorkload/cacheDatasets/tencentBlock/v2/1M/tencentBlock_3284.oracleGeneral.zst
tencentBlock_v2_1M	https://ftp.pdl.cmu.edu/pub/datasets/twemcacheWorkload/cacheDatasets/tencentBlock/v2/1M/tencentBlock_3294.oracleGeneral.zst
tencentBlock_v2_1M	https://ftp.pdl.cmu.edu/pub/datasets/twemcacheWorkload/cacheDatasets/tencentBlock/v2/1M/tencentBlock_3304.oracleGeneral.zst
tencentBlock_v2_1M	https://ftp.pdl.cmu.edu/pub/datasets/twemcacheWorkload/cacheDatasets/tencentBlock/v2/1M/tencentBlock_3308.oracleGeneral.zst
tencentBlock_v2_1M	https://ftp.pdl.cmu.edu/pub/datasets/twemcacheWorkload/cacheDatasets/tencentBlock/v2/1M/tencentBlock_3317.oracleGeneral.zst
tencentBlock_v2_1M	https://ftp.pdl.cmu.edu/pub/datasets/twemcacheWorkload/cacheDatasets/tencentBlock/v2/1M/tencentBlock_3322.oracleGeneral.zst
tencentBlock_v2_1M	https://ftp.pdl.cmu.edu/pub/datasets/twemcacheWorkload/cacheDatasets/tencentBlock/v2/1M/tencentBlock_3324.oracleGeneral.zst
tencentBlock_v2_1M	https://ftp.pdl.cmu.edu/pub/datasets/twemcacheWorkload/cacheDatasets/tencentBlock/v2/1M/tencentBlock_3351.oracleGeneral.zst
tencentBlock_v2_1M	https://ftp.pdl.cmu.edu/pub/datasets/twemcacheWorkload/cacheDatasets/tencentBlock/v2/1M/tencentBlock_3360.oracleGeneral.zst
tencentBlock_v2_1M	https://ftp.pdl.cmu.edu/pub/datasets/twemcacheWorkload/cacheDatasets/tencentBlock/v2/1M/tencentBlock_3365.oracleGeneral.zst
tencentBlock_v2_1M	https://ftp.pdl.cmu.edu/pub/datasets/twemcacheWorkload/cacheDatasets/tencentBlock/v2/1M/tencentBlock_3367.oracleGeneral.zst
tencentBlock_v2_1M	https://ftp.pdl.cmu.edu/pub/datasets/twemcacheWorkload/cacheDatasets/tencentBlock/v2/1M/tencentBlock_3371.oracleGeneral.zst
tencentBlock_v2_1M	https://ftp.pdl.cmu.edu/pub/datasets/twemcacheWorkload/cacheDatasets/tencentBlock/v2/1M/tencentBlock_3378.oracleGeneral.zst
tencentBlock_v2_1M	https://ftp.pdl.cmu.edu/pub/datasets/twemcacheWorkload/cacheDatasets/tencentBlock/v2/1M/tencentBlock_3385.oracleGeneral.zst
tencentBlock_v2_1M	https://ftp.pdl.cmu.edu/pub/datasets/twemcacheWorkload/cacheDatasets/tencentBlock/v2/1M/tencentBlock_3389.oracleGeneral.zst
tencentBlock_v2_1M	https://ftp.pdl.cmu.edu/pub/datasets/twemcacheWorkload/cacheDatasets/tencentBlock/v2/1M/tencentBlock_3397.oracleGeneral.zst
tencentBlock_v2_1M	https://ftp.pdl.cmu.edu/pub/datasets/twemcacheWorkload/cacheDatasets/tencentBlock/v2/1M/tencentBlock_3404.oracleGeneral.zst
tencentBlock_v2_1M	https://ftp.pdl.cmu.edu/pub/datasets/twemcacheWorkload/cacheDatasets/tencentBlock/v2/1M/tencentBlock_3434.oracleGeneral.zst
tencentBlock_v2_1M	https://ftp.pdl.cmu.edu/pub/datasets/twemcacheWorkload/cacheDatasets/tencentBlock/v2/1M/tencentBlock_3457.oracleGeneral.zst
tencentBlock_v2_1M	https://ftp.pdl.cmu.edu/pub/datasets/twemcacheWorkload/cacheDatasets/tencentBlock/v2/1M/tencentBlock_3466.oracleGeneral.zst
tencentBlock_v2_1M	https://ftp.pdl.cmu.edu/pub/datasets/twemcacheWorkload/cacheDatasets/tencentBlock/v2/1M/tencentBlock_3475.oracleGeneral.zst
tencentBlock_v2_1M	https://ftp.pdl.cmu.edu/pub/datasets/twemcacheWorkload/cacheDatasets/tencentBlock/v2/1M/tencentBlock_3484.oracleGeneral.zst
tencentBlock_v2_1M	https://ftp.pdl.cmu.edu/pub/datasets/twemcacheWorkload/cacheDatasets/tencentBlock/v2/1M/tencentBlock_3493.oracleGeneral.zst
tencentBlock_v2_1M	https://ftp.pdl.cmu.edu/pub/datasets/twemcacheWorkload/cacheDatasets/tencentBlock/v2/1M/tencentBlock_3508.oracleGeneral.zst
tencentBlock_v2_1M	https://ftp.pdl.cmu.edu/pub/datasets/twemcacheWorkload/cacheDatasets/tencentBlock/v2/1M/tencentBlock_3509.oracleGeneral.zst
tencentBlock_v2_1M	https://ftp.pdl.cmu.edu/pub/datasets/twemcacheWorkload/cacheDatasets/tencentBlock/v2/1M/tencentBlock_3521.oracleGeneral.zst
tencentBlock_v2_1M	https://ftp.pdl.cmu.edu/pub/datasets/twemcacheWorkload/cacheDatasets/tencentBlock/v2/1M/tencentBlock_3526.oracleGeneral.zst
tencentBlock_v2_1M	https://ftp.pdl.cmu.edu/pub/datasets/twemcacheWorkload/cacheDatasets/tencentBlock/v2/1M/tencentBlock_3535.oracleGeneral.zst
tencentBlock_v2_1M	https://ftp.pdl.cmu.edu/pub/datasets/twemcacheWorkload/cacheDatasets/tencentBlock/v2/1M/tencentBlock_3542.oracleGeneral.zst
tencentBlock_v2_1M	https://ftp.pdl.cmu.edu/pub/datasets/twemcacheWorkload/cacheDatasets/tencentBlock/v2/1M/tencentBlock_3548.oracleGeneral.zst
tencentBlock_v2_1M	https://ftp.pdl.cmu.edu/pub/datasets/twemcacheWorkload/cacheDatasets/tencentBlock/v2/1M/tencentBlock_3566.oracleGeneral.zst
tencentBlock_v2_1M	https://ftp.pdl.cmu.edu/pub/datasets/twemcacheWorkload/cacheDatasets/tencentBlock/v2/1M/tencentBlock_3571.oracleGeneral.zst
tencentBlock_v2_1M	https://ftp.pdl.cmu.edu/pub/datasets/twemcacheWorkload/cacheDatasets/tencentBlock/v2/1M/tencentBlock_3580.oracleGeneral.zst
tencentBlock_v2_1M	https://ftp.pdl.cmu.edu/pub/datasets/twemcacheWorkload/cacheDatasets/tencentBlock/v2/1M/tencentBlock_3583.oracleGeneral.zst
tencentBlock_v2_1M	https://ftp.pdl.cmu.edu/pub/datasets/twemcacheWorkload/cacheDatasets/tencentBlock/v2/1M/tencentBlock_3584.oracleGeneral.zst
tencentBlock_v2_1M	https://ftp.pdl.cmu.edu/pub/datasets/twemcacheWorkload/cacheDatasets/tencentBlock/v2/1M/tencentBlock_3590.oracleGeneral.zst
tencentBlock_v2_1M	https://ftp.pdl.cmu.edu/pub/datasets/twemcacheWorkload/cacheDatasets/tencentBlock/v2/1M/tencentBlock_3596.oracleGeneral.zst
tencentBlock_v2_1M	https://ftp.pdl.cmu.edu/pub/datasets/twemcacheWorkload/cacheDatasets/tencentBlock/v2/1M/tencentBlock_3603.oracleGeneral.zst
tencentBlock_v2_1M	https://ftp.pdl.cmu.edu/pub/datasets/twemcacheWorkload/cacheDatasets/tencentBlock/v2/1M/tencentBlock_3607.oracleGeneral.zst
tencentBlock_v2_1M	https://ftp.pdl.cmu.edu/pub/datasets/twemcacheWorkload/cacheDatasets/tencentBlock/v2/1M/tencentBlock_3616.oracleGeneral.zst
tencentBlock_v2_1M	https://ftp.pdl.cmu.edu/pub/datasets/twemcacheWorkload/cacheDatasets/tencentBlock/v2/1M/tencentBlock_3622.oracleGeneral.zst
tencentBlock_v2_1M	https://ftp.pdl.cmu.edu/pub/datasets/twemcacheWorkload/cacheDatasets/tencentBlock/v2/1M/tencentBlock_3626.oracleGeneral.zst
tencentBlock_v2_1M	https://ftp.pdl.cmu.edu/pub/datasets/twemcacheWorkload/cacheDatasets/tencentBlock/v2/1M/tencentBlock_3633.oracleGeneral.zst
tencentBlock_v2_1M	https://ftp.pdl.cmu.edu/pub/datasets/twemcacheWorkload/cacheDatasets/tencentBlock/v2/1M/tencentBlock_3636.oracleGeneral.zst
tencentBlock_v2_1M	https://ftp.pdl.cmu.edu/pub/datasets/twemcacheWorkload/cacheDatasets/tencentBlock/v2/1M/tencentBlock_3641.oracleGeneral.zst
tencentBlock_v2_1M	https://ftp.pdl.cmu.edu/pub/datasets/twemcacheWorkload/cacheDatasets/tencentBlock/v2/1M/tencentBlock_3647.oracleGeneral.zst
tencentBlock_v2_1M	https://ftp.pdl.cmu.edu/pub/datasets/twemcacheWorkload/cacheDatasets/tencentBlock/v2/1M/tencentBlock_3656.oracleGeneral.zst
tencentBlock_v2_1M	https://ftp.pdl.cmu.edu/pub/datasets/twemcacheWorkload/cacheDatasets/tencentBlock/v2/1M/tencentBlock_3671.oracleGeneral.zst
tencentBlock_v2_1M	https://ftp.pdl.cmu.edu/pub/datasets/twemcacheWorkload/cacheDatasets/tencentBlock/v2/1M/tencentBlock_3681.oracleGeneral.zst
tencentBlock_v2_1M	https://ftp.pdl.cmu.edu/pub/datasets/twemcacheWorkload/cacheDatasets/tencentBlock/v2/1M/tencentBlock_3690.oracleGeneral.zst
tencentBlock_v2_1M	https://ftp.pdl.cmu.edu/pub/datasets/twemcacheWorkload/cacheDatasets/tencentBlock/v2/1M/tencentBlock_3723.oracleGeneral.zst
tencentBlock_v2_1M	https://ftp.pdl.cmu.edu/pub/datasets/twemcacheWorkload/cacheDatasets/tencentBlock/v2/1M/tencentBlock_3728.oracleGeneral.zst
tencentBlock_v2_1M	https://ftp.pdl.cmu.edu/pub/datasets/twemcacheWorkload/cacheDatasets/tencentBlock/v2/1M/tencentBlock_3769.oracleGeneral.zst
tencentBlock_v2_1M	https://ftp.pdl.cmu.edu/pub/datasets/twemcacheWorkload/cacheDatasets/tencentBlock/v2/1M/tencentBlock_3772.oracleGeneral.zst
tencentBlock_v2_1M	https://ftp.pdl.cmu.edu/pub/datasets/twemcacheWorkload/cacheDatasets/tencentBlock/v2/1M/tencentBlock_3774.oracleGeneral.zst
tencentBlock_v2_1M	https://ftp.pdl.cmu.edu/pub/datasets/twemcacheWorkload/cacheDatasets/tencentBlock/v2/1M/tencentBlock_3776.oracleGeneral.zst
tencentBlock_v2_1M	https://ftp.pdl.cmu.edu/pub/datasets/twemcacheWorkload/cacheDatasets/tencentBlock/v2/1M/tencentBlock_3784.oracleGeneral.zst
tencentBlock_v2_1M	https://ftp.pdl.cmu.edu/pub/datasets/twemcacheWorkload/cacheDatasets/tencentBlock/v2/1M/tencentBlock_3790.oracleGeneral.zst
tencentBlock_v2_1M	https://ftp.pdl.cmu.edu/pub/datasets/twemcacheWorkload/cacheDatasets/tencentBlock/v2/1M/tencentBlock_3799.oracleGeneral.zst
tencentBlock_v2_1M	https://ftp.pdl.cmu.edu/pub/datasets/twemcacheWorkload/cacheDatasets/tencentBlock/v2/1M/tencentBlock_3809.oracleGeneral.zst
tencentBlock_v2_1M	https://ftp.pdl.cmu.edu/pub/datasets/twemcacheWorkload/cacheDatasets/tencentBlock/v2/1M/tencentBlock_3810.oracleGeneral.zst
tencentBlock_v2_1M	https://ftp.pdl.cmu.edu/pub/datasets/twemcacheWorkload/cacheDatasets/tencentBlock/v2/1M/tencentBlock_3834.oracleGeneral.zst
tencentBlock_v2_1M	https://ftp.pdl.cmu.edu/pub/datasets/twemcacheWorkload/cacheDatasets/tencentBlock/v2/1M/tencentBlock_3841.oracleGeneral.zst
tencentBlock_v2_1M	https://ftp.pdl.cmu.edu/pub/datasets/twemcacheWorkload/cacheDatasets/tencentBlock/v2/1M/tencentBlock_3847.oracleGeneral.zst
tencentBlock_v2_1M	https://ftp.pdl.cmu.edu/pub/datasets/twemcacheWorkload/cacheDatasets/tencentBlock/v2/1M/tencentBlock_3855.oracleGeneral.zst
tencentBlock_v2_1M	https://ftp.pdl.cmu.edu/pub/datasets/twemcacheWorkload/cacheDatasets/tencentBlock/v2/1M/tencentBlock_3858.oracleGeneral.zst
tencentBlock_v2_1M	https://ftp.pdl.cmu.edu/pub/datasets/twemcacheWorkload/cacheDatasets/tencentBlock/v2/1M/tencentBlock_3863.oracleGeneral.zst
tencentBlock_v2_1M	https://ftp.pdl.cmu.edu/pub/datasets/twemcacheWorkload/cacheDatasets/tencentBlock/v2/1M/tencentBlock_3869.oracleGeneral.zst
tencentBlock_v2_1M	https://ftp.pdl.cmu.edu/pub/datasets/twemcacheWorkload/cacheDatasets/tencentBlock/v2/1M/tencentBlock_3911.oracleGeneral.zst
tencentBlock_v2_1M	https://ftp.pdl.cmu.edu/pub/datasets/twemcacheWorkload/cacheDatasets/tencentBlock/v2/1M/tencentBlock_3923.oracleGeneral.zst
tencentBlock_v2_1M	https://ftp.pdl.cmu.edu/pub/datasets/twemcacheWorkload/cacheDatasets/tencentBlock/v2/1M/tencentBlock_3925.oracleGeneral.zst
tencentBlock_v2_1M	https://ftp.pdl.cmu.edu/pub/datasets/twemcacheWorkload/cacheDatasets/tencentBlock/v2/1M/tencentBlock_3933.oracleGeneral.zst
tencentBlock_v2_1M	https://ftp.pdl.cmu.edu/pub/datasets/twemcacheWorkload/cacheDatasets/tencentBlock/v2/1M/tencentBlock_3937.oracleGeneral.zst
tencentBlock_v2_1M	https://ftp.pdl.cmu.edu/pub/datasets/twemcacheWorkload/cacheDatasets/tencentBlock/v2/1M/tencentBlock_3953.oracleGeneral.zst
tencentBlock_v2_1M	https://ftp.pdl.cmu.edu/pub/datasets/twemcacheWorkload/cacheDatasets/tencentBlock/v2/1M/tencentBlock_3961.oracleGeneral.zst
tencentBlock_v2_1M	https://ftp.pdl.cmu.edu/pub/datasets/twemcacheWorkload/cacheDatasets/tencentBlock/v2/1M/tencentBlock_3971.oracleGeneral.zst
tencentBlock_v2_1M	https://ftp.pdl.cmu.edu/pub/datasets/twemcacheWorkload/cacheDatasets/tencentBlock/v2/1M/tencentBlock_3980.oracleGeneral.zst
tencentBlock_v2_1M	https://ftp.pdl.cmu.edu/pub/datasets/twemcacheWorkload/cacheDatasets/tencentBlock/v2/1M/tencentBlock_4000.oracleGeneral.zst
tencentBlock_v2_1M	https://ftp.pdl.cmu.edu/pub/datasets/twemcacheWorkload/cacheDatasets/tencentBlock/v2/1M/tencentBlock_4008.oracleGeneral.zst
tencentBlock_v2_1M	https://ftp.pdl.cmu.edu/pub/datasets/twemcacheWorkload/cacheDatasets/tencentBlock/v2/1M/tencentBlock_4010.oracleGeneral.zst
tencentBlock_v2_1M	https://ftp.pdl.cmu.edu/pub/datasets/twemcacheWorkload/cacheDatasets/tencentBlock/v2/1M/tencentBlock_4011.oracleGeneral.zst
tencentBlock_v2_1M	https://ftp.pdl.cmu.edu/pub/datasets/twemcacheWorkload/cacheDatasets/tencentBlock/v2/1M/tencentBlock_4014.oracleGeneral.zst
tencentBlock_v2_1M	https://ftp.pdl.cmu.edu/pub/datasets/twemcacheWorkload/cacheDatasets/tencentBlock/v2/1M/tencentBlock_4027.oracleGeneral.zst
tencentBlock_v2_1M	https://ftp.pdl.cmu.edu/pub/datasets/twemcacheWorkload/cacheDatasets/tencentBlock/v2/1M/tencentBlock_4033.oracleGeneral.zst
tencentBlock_v2_1M	https://ftp.pdl.cmu.edu/pub/datasets/twemcacheWorkload/cacheDatasets/tencentBlock/v2/1M/tencentBlock_4041.oracleGeneral.zst
tencentBlock_v2_1M	https://ftp.pdl.cmu.edu/pub/datasets/twemcacheWorkload/cacheDatasets/tencentBlock/v2/1M/tencentBlock_4064.oracleGeneral.zst
tencentBlock_v2_1M	https://ftp.pdl.cmu.edu/pub/datasets/twemcacheWorkload/cacheDatasets/tencentBlock/v2/1M/tencentBlock_4072.oracleGeneral.zst
tencentBlock_v2_1M	https://ftp.pdl.cmu.edu/pub/datasets/twemcacheWorkload/cacheDatasets/tencentBlock/v2/1M/tencentBlock_4075.oracleGeneral.zst
tencentBlock_v2_1M	https://ftp.pdl.cmu.edu/pub/datasets/twemcacheWorkload/cacheDatasets/tencentBlock/v2/1M/tencentBlock_4083.oracleGeneral.zst
tencentBlock_v2_1M	https://ftp.pdl.cmu.edu/pub/datasets/twemcacheWorkload/cacheDatasets/tencentBlock/v2/1M/tencentBlock_4091.oracleGeneral.zst
tencentBlock_v2_1M	https://ftp.pdl.cmu.edu/pub/datasets/twemcacheWorkload/cacheDatasets/tencentBlock/v2/1M/tencentBlock_4100.oracleGeneral.zst
tencentBlock_v2_1M	https://ftp.pdl.cmu.edu/pub/datasets/twemcacheWorkload/cacheDatasets/tencentBlock/v2/1M/tencentBlock_4105.oracleGeneral.zst
tencentBlock_v2_1M	https://ftp.pdl.cmu.edu/pub/datasets/twemcacheWorkload/cacheDatasets/tencentBlock/v2/1M/tencentBlock_4108.oracleGeneral.zst
tencentBlock_v2_1M	https://ftp.pdl.cmu.edu/pub/datasets/twemcacheWorkload/cacheDatasets/tencentBlock/v2/1M/tencentBlock_4124.oracleGeneral.zst
tencentBlock_v2_1M	https://ftp.pdl.cmu.edu/pub/datasets/twemcacheWorkload/cacheDatasets/tencentBlock/v2/1M/tencentBlock_4158.oracleGeneral.zst
tencentBlock_v2_1M	https://ftp.pdl.cmu.edu/pub/datasets/twemcacheWorkload/cacheDatasets/tencentBlock/v2/1M/tencentBlock_4162.oracleGeneral.zst
tencentBlock_v2_1M	https://ftp.pdl.cmu.edu/pub/datasets/twemcacheWorkload/cacheDatasets/tencentBlock/v2/1M/tencentBlock_4176.oracleGeneral.zst
tencentBlock_v2_1M	https://ftp.pdl.cmu.edu/pub/datasets/twemcacheWorkload/cacheDatasets/tencentBlock/v2/1M/tencentBlock_4178.oracleGeneral.zst
tencentBlock_v2_1M	https://ftp.pdl.cmu.edu/pub/datasets/twemcacheWorkload/cacheDatasets/tencentBlock/v2/1M/tencentBlock_4191.oracleGeneral.zst
tencentBlock_v2_1M	https://ftp.pdl.cmu.edu/pub/datasets/twemcacheWorkload/cacheDatasets/tencentBlock/v2/1M/tencentBlock_4199.oracleGeneral.zst
tencentBlock_v2_1M	https://ftp.pdl.cmu.edu/pub/datasets/twemcacheWorkload/cacheDatasets/tencentBlock/v2/1M/tencentBlock_4200.oracleGeneral.zst
tencentBlock_v2_1M	https://ftp.pdl.cmu.edu/pub/datasets/twemcacheWorkload/cacheDatasets/tencentBlock/v2/1M/tencentBlock_4205.oracleGeneral.zst
tencentBlock_v2_1M	https://ftp.pdl.cmu.edu/pub/datasets/twemcacheWorkload/cacheDatasets/tencentBlock/v2/1M/tencentBlock_4206.oracleGeneral.zst
tencentBlock_v2_1M	https://ftp.pdl.cmu.edu/pub/datasets/twemcacheWorkload/cacheDatasets/tencentBlock/v2/1M/tencentBlock_4211.oracleGeneral.zst
tencentBlock_v2_1M	https://ftp.pdl.cmu.edu/pub/datasets/twemcacheWorkload/cacheDatasets/tencentBlock/v2/1M/tencentBlock_4218.oracleGeneral.zst
tencentBlock_v2_1M	https://ftp.pdl.cmu.edu/pub/datasets/twemcacheWorkload/cacheDatasets/tencentBlock/v2/1M/tencentBlock_4226.oracleGeneral.zst
tencentBlock_v2_1M	https://ftp.pdl.cmu.edu/pub/datasets/twemcacheWorkload/cacheDatasets/tencentBlock/v2/1M/tencentBlock_4235.oracleGeneral.zst
tencentBlock_v2_1M	https://ftp.pdl.cmu.edu/pub/datasets/twemcacheWorkload/cacheDatasets/tencentBlock/v2/1M/tencentBlock_4241.oracleGeneral.zst
tencentBlock_v2_1M	https://ftp.pdl.cmu.edu/pub/datasets/twemcacheWorkload/cacheDatasets/tencentBlock/v2/1M/tencentBlock_4253.oracleGeneral.zst
tencentBlock_v2_1M	https://ftp.pdl.cmu.edu/pub/datasets/twemcacheWorkload/cacheDatasets/tencentBlock/v2/1M/tencentBlock_4262.oracleGeneral.zst
tencentBlock_v2_1M	https://ftp.pdl.cmu.edu/pub/datasets/twemcacheWorkload/cacheDatasets/tencentBlock/v2/1M/tencentBlock_4271.oracleGeneral.zst
tencentBlock_v2_1M	https://ftp.pdl.cmu.edu/pub/datasets/twemcacheWorkload/cacheDatasets/tencentBlock/v2/1M/tencentBlock_4276.oracleGeneral.zst
tencentBlock_v2_1M	https://ftp.pdl.cmu.edu/pub/datasets/twemcacheWorkload/cacheDatasets/tencentBlock/v2/1M/tencentBlock_4278.oracleGeneral.zst
tencentBlock_v2_1M	https://ftp.pdl.cmu.edu/pub/datasets/twemcacheWorkload/cacheDatasets/tencentBlock/v2/1M/tencentBlock_4282.oracleGeneral.zst
tencentBlock_v2_1M	https://ftp.pdl.cmu.edu/pub/datasets/twemcacheWorkload/cacheDatasets/tencentBlock/v2/1M/tencentBlock_4284.oracleGeneral.zst
tencentBlock_v2_1M	https://ftp.pdl.cmu.edu/pub/datasets/twemcacheWorkload/cacheDatasets/tencentBlock/v2/1M/tencentBlock_4286.oracleGeneral.zst
tencentBlock_v2_1M	https://ftp.pdl.cmu.edu/pub/datasets/twemcacheWorkload/cacheDatasets/tencentBlock/v2/1M/tencentBlock_4296.oracleGeneral.zst
tencentBlock_v2_1M	https://ftp.pdl.cmu.edu/pub/datasets/twemcacheWorkload/cacheDatasets/tencentBlock/v2/1M/tencentBlock_4304.oracleGeneral.zst
tencentBlock_v2_1M	https://ftp.pdl.cmu.edu/pub/datasets/twemcacheWorkload/cacheDatasets/tencentBlock/v2/1M/tencentBlock_4309.oracleGeneral.zst
tencentBlock_v2_1M	https://ftp.pdl.cmu.edu/pub/datasets/twemcacheWorkload/cacheDatasets/tencentBlock/v2/1M/tencentBlock_4310.oracleGeneral.zst
tencentBlock_v2_1M	https://ftp.pdl.cmu.edu/pub/datasets/twemcacheWorkload/cacheDatasets/tencentBlock/v2/1M/tencentBlock_4316.oracleGeneral.zst
tencentBlock_v2_1M	https://ftp.pdl.cmu.edu/pub/datasets/twemcacheWorkload/cacheDatasets/tencentBlock/v2/1M/tencentBlock_4344.oracleGeneral.zst
tencentBlock_v2_1M	https://ftp.pdl.cmu.edu/pub/datasets/twemcacheWorkload/cacheDatasets/tencentBlock/v2/1M/tencentBlock_4350.oracleGeneral.zst
tencentBlock_v2_1M	https://ftp.pdl.cmu.edu/pub/datasets/twemcacheWorkload/cacheDatasets/tencentBlock/v2/1M/tencentBlock_4356.oracleGeneral.zst
tencentBlock_v2_1M	https://ftp.pdl.cmu.edu/pub/datasets/twemcacheWorkload/cacheDatasets/tencentBlock/v2/1M/tencentBlock_4370.oracleGeneral.zst
tencentBlock_v2_1M	https://ftp.pdl.cmu.edu/pub/datasets/twemcacheWorkload/cacheDatasets/tencentBlock/v2/1M/tencentBlock_4373.oracleGeneral.zst
tencentBlock_v2_1M	https://ftp.pdl.cmu.edu/pub/datasets/twemcacheWorkload/cacheDatasets/tencentBlock/v2/1M/tencentBlock_4402.oracleGeneral.zst
tencentBlock_v2_1M	https://ftp.pdl.cmu.edu/pub/datasets/twemcacheWorkload/cacheDatasets/tencentBlock/v2/1M/tencentBlock_4404.oracleGeneral.zst
tencentBlock_v2_1M	https://ftp.pdl.cmu.edu/pub/datasets/twemcacheWorkload/cacheDatasets/tencentBlock/v2/1M/tencentBlock_4413.oracleGeneral.zst
tencentBlock_v2_1M	https://ftp.pdl.cmu.edu/pub/datasets/twemcacheWorkload/cacheDatasets/tencentBlock/v2/1M/tencentBlock_4422.oracleGeneral.zst
tencentBlock_v2_1M	https://ftp.pdl.cmu.edu/pub/datasets/twemcacheWorkload/cacheDatasets/tencentBlock/v2/1M/tencentBlock_4424.oracleGeneral.zst
tencentBlock_v2_1M	https://ftp.pdl.cmu.edu/pub/datasets/twemcacheWorkload/cacheDatasets/tencentBlock/v2/1M/tencentBlock_4431.oracleGeneral.zst
tencentBlock_v2_1M	https://ftp.pdl.cmu.edu/pub/datasets/twemcacheWorkload/cacheDatasets/tencentBlock/v2/1M/tencentBlock_4437.oracleGeneral.zst
tencentBlock_v2_1M	https://ftp.pdl.cmu.edu/pub/datasets/twemcacheWorkload/cacheDatasets/tencentBlock/v2/1M/tencentBlock_4445.oracleGeneral.zst
tencentBlock_v2_1M	https://ftp.pdl.cmu.edu/pub/datasets/twemcacheWorkload/cacheDatasets/tencentBlock/v2/1M/tencentBlock_4462.oracleGeneral.zst
tencentBlock_v2_1M	https://ftp.pdl.cmu.edu/pub/datasets/twemcacheWorkload/cacheDatasets/tencentBlock/v2/1M/tencentBlock_4467.oracleGeneral.zst
tencentBlock_v2_1M	https://ftp.pdl.cmu.edu/pub/datasets/twemcacheWorkload/cacheDatasets/tencentBlock/v2/1M/tencentBlock_4483.oracleGeneral.zst
tencentBlock_v2_1M	https://ftp.pdl.cmu.edu/pub/datasets/twemcacheWorkload/cacheDatasets/tencentBlock/v2/1M/tencentBlock_4485.oracleGeneral.zst
tencentBlock_v2_1M	https://ftp.pdl.cmu.edu/pub/datasets/twemcacheWorkload/cacheDatasets/tencentBlock/v2/1M/tencentBlock_4496.oracleGeneral.zst
tencentBlock_v2_1M	https://ftp.pdl.cmu.edu/pub/datasets/twemcacheWorkload/cacheDatasets/tencentBlock/v2/1M/tencentBlock_4503.oracleGeneral.zst
tencentBlock_v2_1M	https://ftp.pdl.cmu.edu/pub/datasets/twemcacheWorkload/cacheDatasets/tencentBlock/v2/1M/tencentBlock_4507.oracleGeneral.zst
tencentBlock_v2_1M	https://ftp.pdl.cmu.edu/pub/datasets/twemcacheWorkload/cacheDatasets/tencentBlock/v2/1M/tencentBlock_4514.oracleGeneral.zst
tencentBlock_v2_1M	https://ftp.pdl.cmu.edu/pub/datasets/twemcacheWorkload/cacheDatasets/tencentBlock/v2/1M/tencentBlock_4521.oracleGeneral.zst
tencentBlock_v2_1M	https://ftp.pdl.cmu.edu/pub/datasets/twemcacheWorkload/cacheDatasets/tencentBlock/v2/1M/tencentBlock_4523.oracleGeneral.zst
tencentBlock_v2_1M	https://ftp.pdl.cmu.edu/pub/datasets/twemcacheWorkload/cacheDatasets/tencentBlock/v2/1M/tencentBlock_4537.oracleGeneral.zst
tencentBlock_v2_1M	https://ftp.pdl.cmu.edu/pub/datasets/twemcacheWorkload/cacheDatasets/tencentBlock/v2/1M/tencentBlock_4554.oracleGeneral.zst
tencentBlock_v2_1M	https://ftp.pdl.cmu.edu/pub/datasets/twemcacheWorkload/cacheDatasets/tencentBlock/v2/1M/tencentBlock_4557.oracleGeneral.zst
tencentBlock_v2_1M	https://ftp.pdl.cmu.edu/pub/datasets/twemcacheWorkload/cacheDatasets/tencentBlock/v2/1M/tencentBlock_4566.oracleGeneral.zst
tencentBlock_v2_1M	https://ftp.pdl.cmu.edu/pub/datasets/twemcacheWorkload/cacheDatasets/tencentBlock/v2/1M/tencentBlock_4573.oracleGeneral.zst
tencentBlock_v2_1M	https://ftp.pdl.cmu.edu/pub/datasets/twemcacheWorkload/cacheDatasets/tencentBlock/v2/1M/tencentBlock_4579.oracleGeneral.zst
tencentBlock_v2_1M	https://ftp.pdl.cmu.edu/pub/datasets/twemcacheWorkload/cacheDatasets/tencentBlock/v2/1M/tencentBlock_4586.oracleGeneral.zst
tencentBlock_v2_1M	https://ftp.pdl.cmu.edu/pub/datasets/twemcacheWorkload/cacheDatasets/tencentBlock/v2/1M/tencentBlock_4589.oracleGeneral.zst
tencentBlock_v2_1M	https://ftp.pdl.cmu.edu/pub/datasets/twemcacheWorkload/cacheDatasets/tencentBlock/v2/1M/tencentBlock_4597.oracleGeneral.zst
tencentBlock_v2_1M	https://ftp.pdl.cmu.edu/pub/datasets/twemcacheWorkload/cacheDatasets/tencentBlock/v2/1M/tencentBlock_4609.oracleGeneral.zst
tencentBlock_v2_1M	https://ftp.pdl.cmu.edu/pub/datasets/twemcacheWorkload/cacheDatasets/tencentBlock/v2/1M/tencentBlock_4613.oracleGeneral.zst
tencentBlock_v2_1M	https://ftp.pdl.cmu.edu/pub/datasets/twemcacheWorkload/cacheDatasets/tencentBlock/v2/1M/tencentBlock_4622.oracleGeneral.zst
tencentBlock_v2_1M	https://ftp.pdl.cmu.edu/pub/datasets/twemcacheWorkload/cacheDatasets/tencentBlock/v2/1M/tencentBlock_4625.oracleGeneral.zst
tencentBlock_v2_1M	https://ftp.pdl.cmu.edu/pub/datasets/twemcacheWorkload/cacheDatasets/tencentBlock/v2/1M/tencentBlock_4633.oracleGeneral.zst
tencentBlock_v2_1M	https://ftp.pdl.cmu.edu/pub/datasets/twemcacheWorkload/cacheDatasets/tencentBlock/v2/1M/tencentBlock_4636.oracleGeneral.zst
tencentBlock_v2_1M	https://ftp.pdl.cmu.edu/pub/datasets/twemcacheWorkload/cacheDatasets/tencentBlock/v2/1M/tencentBlock_4642.oracleGeneral.zst
tencentBlock_v2_1M	https://ftp.pdl.cmu.edu/pub/datasets/twemcacheWorkload/cacheDatasets/tencentBlock/v2/1M/tencentBlock_4650.oracleGeneral.zst
tencentBlock_v2_1M	https://ftp.pdl.cmu.edu/pub/datasets/twemcacheWorkload/cacheDatasets/tencentBlock/v2/1M/tencentBlock_4651.oracleGeneral.zst
tencentBlock_v2_1M	https://ftp.pdl.cmu.edu/pub/datasets/twemcacheWorkload/cacheDatasets/tencentBlock/v2/1M/tencentBlock_4659.oracleGeneral.zst
tencentBlock_v2_1M	https://ftp.pdl.cmu.edu/pub/datasets/twemcacheWorkload/cacheDatasets/tencentBlock/v2/1M/tencentBlock_4672.oracleGeneral.zst
tencentBlock_v2_1M	https://ftp.pdl.cmu.edu/pub/datasets/twemcacheWorkload/cacheDatasets/tencentBlock/v2/1M/tencentBlock_4679.oracleGeneral.zst
tencentBlock_v2_1M	https://ftp.pdl.cmu.edu/pub/datasets/twemcacheWorkload/cacheDatasets/tencentBlock/v2/1M/tencentBlock_4689.oracleGeneral.zst
tencentBlock_v2_1M	https://ftp.pdl.cmu.edu/pub/datasets/twemcacheWorkload/cacheDatasets/tencentBlock/v2/1M/tencentBlock_4693.oracleGeneral.zst
tencentBlock_v2_1M	https://ftp.pdl.cmu.edu/pub/datasets/twemcacheWorkload/cacheDatasets/tencentBlock/v2/1M/tencentBlock_4704.oracleGeneral.zst
tencentBlock_v2_1M	https://ftp.pdl.cmu.edu/pub/datasets/twemcacheWorkload/cacheDatasets/tencentBlock/v2/1M/tencentBlock_4712.oracleGeneral.zst
tencentBlock_v2_1M	https://ftp.pdl.cmu.edu/pub/datasets/twemcacheWorkload/cacheDatasets/tencentBlock/v2/1M/tencentBlock_4723.oracleGeneral.zst
tencentBlock_v2_1M	https://ftp.pdl.cmu.edu/pub/datasets/twemcacheWorkload/cacheDatasets/tencentBlock/v2/1M/tencentBlock_4724.oracleGeneral.zst
tencentBlock_v2_1M	https://ftp.pdl.cmu.edu/pub/datasets/twemcacheWorkload/cacheDatasets/tencentBlock/v2/1M/tencentBlock_4733.oracleGeneral.zst
tencentBlock_v2_1M	https://ftp.pdl.cmu.edu/pub/datasets/twemcacheWorkload/cacheDatasets/tencentBlock/v2/1M/tencentBlock_4735.oracleGeneral.zst
tencentBlock_v2_1M	https://ftp.pdl.cmu.edu/pub/datasets/twemcacheWorkload/cacheDatasets/tencentBlock/v2/1M/tencentBlock_4739.oracleGeneral.zst
tencentBlock_v2_1M	https://ftp.pdl.cmu.edu/pub/datasets/twemcacheWorkload/cacheDatasets/tencentBlock/v2/1M/tencentBlock_4751.oracleGeneral.zst
tencentBlock_v2_1M	https://ftp.pdl.cmu.edu/pub/datasets/twemcacheWorkload/cacheDatasets/tencentBlock/v2/1M/tencentBlock_4760.oracleGeneral.zst
tencentBlock_v2_1M	https://ftp.pdl.cmu.edu/pub/datasets/twemcacheWorkload/cacheDatasets/tencentBlock/v2/1M/tencentBlock_4769.oracleGeneral.zst
tencentBlock_v2_1M	https://ftp.pdl.cmu.edu/pub/datasets/twemcacheWorkload/cacheDatasets/tencentBlock/v2/1M/tencentBlock_4775.oracleGeneral.zst
tencentBlock_v2_1M	https://ftp.pdl.cmu.edu/pub/datasets/twemcacheWorkload/cacheDatasets/tencentBlock/v2/1M/tencentBlock_4778.oracleGeneral.zst
tencentBlock_v2_1M	https://ftp.pdl.cmu.edu/pub/datasets/twemcacheWorkload/cacheDatasets/tencentBlock/v2/1M/tencentBlock_4801.oracleGeneral.zst
tencentBlock_v2_1M	https://ftp.pdl.cmu.edu/pub/datasets/twemcacheWorkload/cacheDatasets/tencentBlock/v2/1M/tencentBlock_4805.oracleGeneral.zst
tencentBlock_v2_1M	https://ftp.pdl.cmu.edu/pub/datasets/twemcacheWorkload/cacheDatasets/tencentBlock/v2/1M/tencentBlock_4811.oracleGeneral.zst
tencentBlock_v2_1M	https://ftp.pdl.cmu.edu/pub/datasets/twemcacheWorkload/cacheDatasets/tencentBlock/v2/1M/tencentBlock_4830.oracleGeneral.zst
tencentBlock_v2_1M	https://ftp.pdl.cmu.edu/pub/datasets/twemcacheWorkload/cacheDatasets/tencentBlock/v2/1M/tencentBlock_4836.oracleGeneral.zst
tencentBlock_v2_1M	https://ftp.pdl.cmu.edu/pub/datasets/twemcacheWorkload/cacheDatasets/tencentBlock/v2/1M/tencentBlock_4845.oracleGeneral.zst
tencentBlock_v2_1M	https://ftp.pdl.cmu.edu/pub/datasets/twemcacheWorkload/cacheDatasets/tencentBlock/v2/1M/tencentBlock_4851.oracleGeneral.zst
tencentBlock_v2_1M	https://ftp.pdl.cmu.edu/pub/datasets/twemcacheWorkload/cacheDatasets/tencentBlock/v2/1M/tencentBlock_4858.oracleGeneral.zst
tencentBlock_v2_1M	https://ftp.pdl.cmu.edu/pub/datasets/twemcacheWorkload/cacheDatasets/tencentBlock/v2/1M/tencentBlock_4870.oracleGeneral.zst
tencentBlock_v2_1M	https://ftp.pdl.cmu.edu/pub/datasets/twemcacheWorkload/cacheDatasets/tencentBlock/v2/1M/tencentBlock_4871.oracleGeneral.zst
tencentBlock_v2_1M	https://ftp.pdl.cmu.edu/pub/datasets/twemcacheWorkload/cacheDatasets/tencentBlock/v2/1M/tencentBlock_4879.oracleGeneral.zst
tencentBlock_v2_1M	https://ftp.pdl.cmu.edu/pub/datasets/twemcacheWorkload/cacheDatasets/tencentBlock/v2/1M/tencentBlock_4892.oracleGeneral.zst
tencentBlock_v2_1M	https://ftp.pdl.cmu.edu/pub/datasets/twemcacheWorkload/cacheDatasets/tencentBlock/v2/1M/tencentBlock_4900.oracleGeneral.zst
tencentBlock_v2_1M	https://ftp.pdl.cmu.edu/pub/datasets/twemcacheWorkload/cacheDatasets/tencentBlock/v2/1M/tencentBlock_4919.oracleGeneral.zst
tencentBlock_v2_1M	https://ftp.pdl.cmu.edu/pub/datasets/twemcacheWorkload/cacheDatasets/tencentBlock/v2/1M/tencentBlock_4937.oracleGeneral.zst
tencentBlock_v2_1M	https://ftp.pdl.cmu.edu/pub/datasets/twemcacheWorkload/cacheDatasets/tencentBlock/v2/1M/tencentBlock_4940.oracleGeneral.zst
tencentBlock_v2_1M	https://ftp.pdl.cmu.edu/pub/datasets/twemcacheWorkload/cacheDatasets/tencentBlock/v2/1M/tencentBlock_4949.oracleGeneral.zst
tencentBlock_v2_1M	https://ftp.pdl.cmu.edu/pub/datasets/twemcacheWorkload/cacheDatasets/tencentBlock/v2/1M/tencentBlock_4956.oracleGeneral.zst
tencentBlock_v2_1M	https://ftp.pdl.cmu.edu/pub/datasets/twemcacheWorkload/cacheDatasets/tencentBlock/v2/1M/tencentBlock_4965.oracleGeneral.zst
tencentBlock_v2_1M	https://ftp.pdl.cmu.edu/pub/datasets/twemcacheWorkload/cacheDatasets/tencentBlock/v2/1M/tencentBlock_4980.oracleGeneral.zst
tencentBlock_v2_1M	https://ftp.pdl.cmu.edu/pub/datasets/twemcacheWorkload/cacheDatasets/tencentBlock/v2/1M/tencentBlock_4986.oracleGeneral.zst
tencentBlock_v2_1M	https://ftp.pdl.cmu.edu/pub/datasets/twemcacheWorkload/cacheDatasets/tencentBlock/v2/1M/tencentBlock_5018.oracleGeneral.zst
tencentBlock_v2_1M	https://ftp.pdl.cmu.edu/pub/datasets/twemcacheWorkload/cacheDatasets/tencentBlock/v2/1M/tencentBlock_5020.oracleGeneral.zst
tencentBlock_v2_1M	https://ftp.pdl.cmu.edu/pub/datasets/twemcacheWorkload/cacheDatasets/tencentBlock/v2/1M/tencentBlock_5034.oracleGeneral.zst
tencentBlock_v2_1M	https://ftp.pdl.cmu.edu/pub/datasets/twemcacheWorkload/cacheDatasets/tencentBlock/v2/1M/tencentBlock_5039.oracleGeneral.zst
tencentBlock_v2_1M	https://ftp.pdl.cmu.edu/pub/datasets/twemcacheWorkload/cacheDatasets/tencentBlock/v2/1M/tencentBlock_5047.oracleGeneral.zst
tencentBlock_v2_1M	https://ftp.pdl.cmu.edu/pub/datasets/twemcacheWorkload/cacheDatasets/tencentBlock/v2/1M/tencentBlock_5054.oracleGeneral.zst
tencentBlock_v2_1M	https://ftp.pdl.cmu.edu/pub/datasets/twemcacheWorkload/cacheDatasets/tencentBlock/v2/1M/tencentBlock_5061.oracleGeneral.zst
tencentBlock_v2_1M	https://ftp.pdl.cmu.edu/pub/datasets/twemcacheWorkload/cacheDatasets/tencentBlock/v2/1M/tencentBlock_5071.oracleGeneral.zst
tencentBlock_v2_1M	https://ftp.pdl.cmu.edu/pub/datasets/twemcacheWorkload/cacheDatasets/tencentBlock/v2/1M/tencentBlock_5075.oracleGeneral.zst
tencentBlock_v2_1M	https://ftp.pdl.cmu.edu/pub/datasets/twemcacheWorkload/cacheDatasets/tencentBlock/v2/1M/tencentBlock_5080.oracleGeneral.zst
tencentBlock_v2_1M	https://ftp.pdl.cmu.edu/pub/datasets/twemcacheWorkload/cacheDatasets/tencentBlock/v2/1M/tencentBlock_5083.oracleGeneral.zst
tencentBlock_v2_1M	https://ftp.pdl.cmu.edu/pub/datasets/twemcacheWorkload/cacheDatasets/tencentBlock/v2/1M/tencentBlock_5085.oracleGeneral.zst
tencentBlock_v2_1M	https://ftp.pdl.cmu.edu/pub/datasets/twemcacheWorkload/cacheDatasets/tencentBlock/v2/1M/tencentBlock_5099.oracleGeneral.zst
tencentBlock_v2_1M	https://ftp.pdl.cmu.edu/pub/datasets/twemcacheWorkload/cacheDatasets/tencentBlock/v2/1M/tencentBlock_5110.oracleGeneral.zst
tencentBlock_v2_1M	https://ftp.pdl.cmu.edu/pub/datasets/twemcacheWorkload/cacheDatasets/tencentBlock/v2/1M/tencentBlock_5115.oracleGeneral.zst
tencentBlock_v2_1M	https://ftp.pdl.cmu.edu/pub/datasets/twemcacheWorkload/cacheDatasets/tencentBlock/v2/1M/tencentBlock_5116.oracleGeneral.zst
tencentBlock_v2_1M	https://ftp.pdl.cmu.edu/pub/datasets/twemcacheWorkload/cacheDatasets/tencentBlock/v2/1M/tencentBlock_5130.oracleGeneral.zst
tencentBlock_v2_1M	https://ftp.pdl.cmu.edu/pub/datasets/twemcacheWorkload/cacheDatasets/tencentBlock/v2/1M/tencentBlock_5147.oracleGeneral.zst
tencentBlock_v2_1M	https://ftp.pdl.cmu.edu/pub/datasets/twemcacheWorkload/cacheDatasets/tencentBlock/v2/1M/tencentBlock_5155.oracleGeneral.zst
tencentBlock_v2_1M	https://ftp.pdl.cmu.edu/pub/datasets/twemcacheWorkload/cacheDatasets/tencentBlock/v2/1M/tencentBlock_5162.oracleGeneral.zst
tencentBlock_v2_1M	https://ftp.pdl.cmu.edu/pub/datasets/twemcacheWorkload/cacheDatasets/tencentBlock/v2/1M/tencentBlock_5170.oracleGeneral.zst
tencentBlock_v2_1M	https://ftp.pdl.cmu.edu/pub/datasets/twemcacheWorkload/cacheDatasets/tencentBlock/v2/1M/tencentBlock_5172.oracleGeneral.zst
tencentBlock_v2_1M	https://ftp.pdl.cmu.edu/pub/datasets/twemcacheWorkload/cacheDatasets/tencentBlock/v2/1M/tencentBlock_5182.oracleGeneral.zst
tencentBlock_v2_1M	https://ftp.pdl.cmu.edu/pub/datasets/twemcacheWorkload/cacheDatasets/tencentBlock/v2/1M/tencentBlock_5191.oracleGeneral.zst
tencentBlock_v2_1M	https://ftp.pdl.cmu.edu/pub/datasets/twemcacheWorkload/cacheDatasets/tencentBlock/v2/1M/tencentBlock_5200.oracleGeneral.zst
tencentBlock_v2_1M	https://ftp.pdl.cmu.edu/pub/datasets/twemcacheWorkload/cacheDatasets/tencentBlock/v2/1M/tencentBlock_5213.oracleGeneral.zst
tencentBlock_v2_1M	https://ftp.pdl.cmu.edu/pub/datasets/twemcacheWorkload/cacheDatasets/tencentBlock/v2/1M/tencentBlock_5214.oracleGeneral.zst
tencentBlock_v2_1M	https://ftp.pdl.cmu.edu/pub/datasets/twemcacheWorkload/cacheDatasets/tencentBlock/v2/1M/tencentBlock_5221.oracleGeneral.zst
tencentBlock_v2_1M	https://ftp.pdl.cmu.edu/pub/datasets/twemcacheWorkload/cacheDatasets/tencentBlock/v2/1M/tencentBlock_5229.oracleGeneral.zst
tencentBlock_v2_1M	https://ftp.pdl.cmu.edu/pub/datasets/twemcacheWorkload/cacheDatasets/tencentBlock/v2/1M/tencentBlock_5238.oracleGeneral.zst
tencentBlock_v2_1M	https://ftp.pdl.cmu.edu/pub/datasets/twemcacheWorkload/cacheDatasets/tencentBlock/v2/1M/tencentBlock_5250.oracleGeneral.zst
tencentBlock_v2_1M	https://ftp.pdl.cmu.edu/pub/datasets/twemcacheWorkload/cacheDatasets/tencentBlock/v2/1M/tencentBlock_5252.oracleGeneral.zst
tencentBlock_v2_1M	https://ftp.pdl.cmu.edu/pub/datasets/twemcacheWorkload/cacheDatasets/tencentBlock/v2/1M/tencentBlock_5253.oracleGeneral.zst
tencentBlock_v2_1M	https://ftp.pdl.cmu.edu/pub/datasets/twemcacheWorkload/cacheDatasets/tencentBlock/v2/1M/tencentBlock_5262.oracleGeneral.zst
tencentBlock_v2_1M	https://ftp.pdl.cmu.edu/pub/datasets/twemcacheWorkload/cacheDatasets/tencentBlock/v2/1M/tencentBlock_5268.oracleGeneral.zst
tencentBlock_v2_1M	https://ftp.pdl.cmu.edu/pub/datasets/twemcacheWorkload/cacheDatasets/tencentBlock/v2/1M/tencentBlock_5274.oracleGeneral.zst
tencentBlock_v2_1M	https://ftp.pdl.cmu.edu/pub/datasets/twemcacheWorkload/cacheDatasets/tencentBlock/v2/1M/tencentBlock_5284.oracleGeneral.zst
tencentBlock_v2_1M	https://ftp.pdl.cmu.edu/pub/datasets/twemcacheWorkload/cacheDatasets/tencentBlock/v2/1M/tencentBlock_5296.oracleGeneral.zst
tencentBlock_v2_1M	https://ftp.pdl.cmu.edu/pub/datasets/twemcacheWorkload/cacheDatasets/tencentBlock/v2/1M/tencentBlock_5325.oracleGeneral.zst
tencentBlock_v2_1M	https://ftp.pdl.cmu.edu/pub/datasets/twemcacheWorkload/cacheDatasets/tencentBlock/v2/1M/tencentBlock_5326.oracleGeneral.zst
tencentBlock_v2_1M	https://ftp.pdl.cmu.edu/pub/datasets/twemcacheWorkload/cacheDatasets/tencentBlock/v2/1M/tencentBlock_5329.oracleGeneral.zst
tencentBlock_v2_1M	https://ftp.pdl.cmu.edu/pub/datasets/twemcacheWorkload/cacheDatasets/tencentBlock/v2/1M/tencentBlock_5335.oracleGeneral.zst
tencentBlock_v2_1M	https://ftp.pdl.cmu.edu/pub/datasets/twemcacheWorkload/cacheDatasets/tencentBlock/v2/1M/tencentBlock_5338.oracleGeneral.zst
tencentBlock_v2_1M	https://ftp.pdl.cmu.edu/pub/datasets/twemcacheWorkload/cacheDatasets/tencentBlock/v2/1M/tencentBlock_5346.oracleGeneral.zst
tencentBlock_v2_1M	https://ftp.pdl.cmu.edu/pub/datasets/twemcacheWorkload/cacheDatasets/tencentBlock/v2/1M/tencentBlock_5359.oracleGeneral.zst
tencentBlock_v2_1M	https://ftp.pdl.cmu.edu/pub/datasets/twemcacheWorkload/cacheDatasets/tencentBlock/v2/1M/tencentBlock_5361.oracleGeneral.zst
tencentBlock_v2_1M	https://ftp.pdl.cmu.edu/pub/datasets/twemcacheWorkload/cacheDatasets/tencentBlock/v2/1M/tencentBlock_5382.oracleGeneral.zst
tencentBlock_v2_1M	https://ftp.pdl.cmu.edu/pub/datasets/twemcacheWorkload/cacheDatasets/tencentBlock/v2/1M/tencentBlock_5387.oracleGeneral.zst
tencentBlock_v2_1M	https://ftp.pdl.cmu.edu/pub/datasets/twemcacheWorkload/cacheDatasets/tencentBlock/v2/1M/tencentBlock_5388.oracleGeneral.zst
tencentBlock_v2_1M	https://ftp.pdl.cmu.edu/pub/datasets/twemcacheWorkload/cacheDatasets/tencentBlock/v2/1M/tencentBlock_5393.oracleGeneral.zst
tencentBlock_v2_1M	https://ftp.pdl.cmu.edu/pub/datasets/twemcacheWorkload/cacheDatasets/tencentBlock/v2/1M/tencentBlock_5398.oracleGeneral.zst
tencentBlock_v2_1M	https://ftp.pdl.cmu.edu/pub/datasets/twemcacheWorkload/cacheDatasets/tencentBlock/v2/1M/tencentBlock_5413.oracleGeneral.zst
tencentBlock_v2_1M	https://ftp.pdl.cmu.edu/pub/datasets/twemcacheWorkload/cacheDatasets/tencentBlock/v2/1M/tencentBlock_5422.oracleGeneral.zst
tencentBlock_v2_1M	https://ftp.pdl.cmu.edu/pub/datasets/twemcacheWorkload/cacheDatasets/tencentBlock/v2/1M/tencentBlock_5427.oracleGeneral.zst
tencentBlock_v2_1M	https://ftp.pdl.cmu.edu/pub/datasets/twemcacheWorkload/cacheDatasets/tencentBlock/v2/1M/tencentBlock_5429.oracleGeneral.zst
tencentBlock_v2_1M	https://ftp.pdl.cmu.edu/pub/datasets/twemcacheWorkload/cacheDatasets/tencentBlock/v2/1M/tencentBlock_5430.oracleGeneral.zst
tencentBlock_v2_1M	https://ftp.pdl.cmu.edu/pub/datasets/twemcacheWorkload/cacheDatasets/tencentBlock/v2/1M/tencentBlock_5441.oracleGeneral.zst
tencentBlock_v2_1M	https://ftp.pdl.cmu.edu/pub/datasets/twemcacheWorkload/cacheDatasets/tencentBlock/v2/1M/tencentBlock_5449.oracleGeneral.zst
tencentBlock_v2_1M	https://ftp.pdl.cmu.edu/pub/datasets/twemcacheWorkload/cacheDatasets/tencentBlock/v2/1M/tencentBlock_5457.oracleGeneral.zst
tencentBlock_v2_1M	https://ftp.pdl.cmu.edu/pub/datasets/twemcacheWorkload/cacheDatasets/tencentBlock/v2/1M/tencentBlock_5458.oracleGeneral.zst
tencentBlock_v2_1M	https://ftp.pdl.cmu.edu/pub/datasets/twemcacheWorkload/cacheDatasets/tencentBlock/v2/1M/tencentBlock_5480.oracleGeneral.zst
tencentBlock_v2_1M	https://ftp.pdl.cmu.edu/pub/datasets/twemcacheWorkload/cacheDatasets/tencentBlock/v2/1M/tencentBlock_5481.oracleGeneral.zst
tencentBlock_v2_1M	https://ftp.pdl.cmu.edu/pub/datasets/twemcacheWorkload/cacheDatasets/tencentBlock/v2/1M/tencentBlock_5490.oracleGeneral.zst
tencentBlock_v2_1M	https://ftp.pdl.cmu.edu/pub/datasets/twemcacheWorkload/cacheDatasets/tencentBlock/v2/1M/tencentBlock_5494.oracleGeneral.zst
tencentBlock_v2_1M	https://ftp.pdl.cmu.edu/pub/datasets/twemcacheWorkload/cacheDatasets/tencentBlock/v2/1M/tencentBlock_5501.oracleGeneral.zst
tencentBlock_v2_1M	https://ftp.pdl.cmu.edu/pub/datasets/twemcacheWorkload/cacheDatasets/tencentBlock/v2/1M/tencentBlock_5509.oracleGeneral.zst
tencentBlock_v2_1M	https://ftp.pdl.cmu.edu/pub/datasets/twemcacheWorkload/cacheDatasets/tencentBlock/v2/1M/tencentBlock_5510.oracleGeneral.zst
tencentBlock_v2_1M	https://ftp.pdl.cmu.edu/pub/datasets/twemcacheWorkload/cacheDatasets/tencentBlock/v2/1M/tencentBlock_5513.oracleGeneral.zst
tencentBlock_v2_1M	https://ftp.pdl.cmu.edu/pub/datasets/twemcacheWorkload/cacheDatasets/tencentBlock/v2/1M/tencentBlock_5516.oracleGeneral.zst
tencentBlock_v2_1M	https://ftp.pdl.cmu.edu/pub/datasets/twemcacheWorkload/cacheDatasets/tencentBlock/v2/1M/tencentBlock_5524.oracleGeneral.zst
tencentBlock_v2_1M	https://ftp.pdl.cmu.edu/pub/datasets/twemcacheWorkload/cacheDatasets/tencentBlock/v2/1M/tencentBlock_5536.oracleGeneral.zst
tencentBlock_v2_1M	https://ftp.pdl.cmu.edu/pub/datasets/twemcacheWorkload/cacheDatasets/tencentBlock/v2/1M/tencentBlock_5543.oracleGeneral.zst
tencentBlock_v2_1M	https://ftp.pdl.cmu.edu/pub/datasets/twemcacheWorkload/cacheDatasets/tencentBlock/v2/1M/tencentBlock_5606.oracleGeneral.zst
tencentBlock_v2_1M	https://ftp.pdl.cmu.edu/pub/datasets/twemcacheWorkload/cacheDatasets/tencentBlock/v2/1M/tencentBlock_5623.oracleGeneral.zst
tencentBlock_v2_1M	https://ftp.pdl.cmu.edu/pub/datasets/twemcacheWorkload/cacheDatasets/tencentBlock/v2/1M/tencentBlock_5628.oracleGeneral.zst
tencentBlock_v2_1M	https://ftp.pdl.cmu.edu/pub/datasets/twemcacheWorkload/cacheDatasets/tencentBlock/v2/1M/tencentBlock_5632.oracleGeneral.zst
tencentBlock_v2_1M	https://ftp.pdl.cmu.edu/pub/datasets/twemcacheWorkload/cacheDatasets/tencentBlock/v2/1M/tencentBlock_5641.oracleGeneral.zst
tencentBlock_v2_1M	https://ftp.pdl.cmu.edu/pub/datasets/twemcacheWorkload/cacheDatasets/tencentBlock/v2/1M/tencentBlock_5646.oracleGeneral.zst
tencentBlock_v2_1M	https://ftp.pdl.cmu.edu/pub/datasets/twemcacheWorkload/cacheDatasets/tencentBlock/v2/1M/tencentBlock_5664.oracleGeneral.zst
tencentBlock_v2_1M	https://ftp.pdl.cmu.edu/pub/datasets/twemcacheWorkload/cacheDatasets/tencentBlock/v2/1M/tencentBlock_5673.oracleGeneral.zst
tencentBlock_v2_1M	https://ftp.pdl.cmu.edu/pub/datasets/twemcacheWorkload/cacheDatasets/tencentBlock/v2/1M/tencentBlock_5682.oracleGeneral.zst
tencentBlock_v2_1M	https://ftp.pdl.cmu.edu/pub/datasets/twemcacheWorkload/cacheDatasets/tencentBlock/v2/1M/tencentBlock_5685.oracleGeneral.zst
tencentBlock_v2_1M	https://ftp.pdl.cmu.edu/pub/datasets/twemcacheWorkload/cacheDatasets/tencentBlock/v2/1M/tencentBlock_5690.oracleGeneral.zst
tencentBlock_v2_1M	https://ftp.pdl.cmu.edu/pub/datasets/twemcacheWorkload/cacheDatasets/tencentBlock/v2/1M/tencentBlock_5702.oracleGeneral.zst
tencentBlock_v2_1M	https://ftp.pdl.cmu.edu/pub/datasets/twemcacheWorkload/cacheDatasets/tencentBlock/v2/1M/tencentBlock_5709.oracleGeneral.zst
tencentBlock_v2_1M	https://ftp.pdl.cmu.edu/pub/datasets/twemcacheWorkload/cacheDatasets/tencentBlock/v2/1M/tencentBlock_5719.oracleGeneral.zst
tencentBlock_v2_1M	https://ftp.pdl.cmu.edu/pub/datasets/twemcacheWorkload/cacheDatasets/tencentBlock/v2/1M/tencentBlock_5725.oracleGeneral.zst
tencentBlock_v2_1M	https://ftp.pdl.cmu.edu/pub/datasets/twemcacheWorkload/cacheDatasets/tencentBlock/v2/1M/tencentBlock_5742.oracleGeneral.zst
tencentBlock_v2_1M	https://ftp.pdl.cmu.edu/pub/datasets/twemcacheWorkload/cacheDatasets/tencentBlock/v2/1M/tencentBlock_5747.oracleGeneral.zst
tencentBlock_v2_1M	https://ftp.pdl.cmu.edu/pub/datasets/twemcacheWorkload/cacheDatasets/tencentBlock/v2/1M/tencentBlock_5753.oracleGeneral.zst
tencentBlock_v2_1M	https://ftp.pdl.cmu.edu/pub/datasets/twemcacheWorkload/cacheDatasets/tencentBlock/v2/1M/tencentBlock_5756.oracleGeneral.zst
tencentBlock_v2_1M	https://ftp.pdl.cmu.edu/pub/datasets/twemcacheWorkload/cacheDatasets/tencentBlock/v2/1M/tencentBlock_5764.oracleGeneral.zst
tencentBlock_v2_1M	https://ftp.pdl.cmu.edu/pub/datasets/twemcacheWorkload/cacheDatasets/tencentBlock/v2/1M/tencentBlock_5771.oracleGeneral.zst
tencentBlock_v2_1M	https://ftp.pdl.cmu.edu/pub/datasets/twemcacheWorkload/cacheDatasets/tencentBlock/v2/1M/tencentBlock_5778.oracleGeneral.zst
tencentBlock_v2_1M	https://ftp.pdl.cmu.edu/pub/datasets/twemcacheWorkload/cacheDatasets/tencentBlock/v2/1M/tencentBlock_5783.oracleGeneral.zst
tencentBlock_v2_1M	https://ftp.pdl.cmu.edu/pub/datasets/twemcacheWorkload/cacheDatasets/tencentBlock/v2/1M/tencentBlock_5788.oracleGeneral.zst
tencentBlock_v2_1M	https://ftp.pdl.cmu.edu/pub/datasets/twemcacheWorkload/cacheDatasets/tencentBlock/v2/1M/tencentBlock_5794.oracleGeneral.zst
tencentBlock_v2_1M	https://ftp.pdl.cmu.edu/pub/datasets/twemcacheWorkload/cacheDatasets/tencentBlock/v2/1M/tencentBlock_5800.oracleGeneral.zst
tencentBlock_v2_1M	https://ftp.pdl.cmu.edu/pub/datasets/twemcacheWorkload/cacheDatasets/tencentBlock/v2/1M/tencentBlock_5806.oracleGeneral.zst
tencentBlock_v2_1M	https://ftp.pdl.cmu.edu/pub/datasets/twemcacheWorkload/cacheDatasets/tencentBlock/v2/1M/tencentBlock_5808.oracleGeneral.zst
tencentBlock_v2_1M	https://ftp.pdl.cmu.edu/pub/datasets/twemcacheWorkload/cacheDatasets/tencentBlock/v2/1M/tencentBlock_5814.oracleGeneral.zst
tencentBlock_v2_1M	https://ftp.pdl.cmu.edu/pub/datasets/twemcacheWorkload/cacheDatasets/tencentBlock/v2/1M/tencentBlock_5823.oracleGeneral.zst
tencentBlock_v2_1M	https://ftp.pdl.cmu.edu/pub/datasets/twemcacheWorkload/cacheDatasets/tencentBlock/v2/1M/tencentBlock_5831.oracleGeneral.zst
tencentBlock_v2_1M	https://ftp.pdl.cmu.edu/pub/datasets/twemcacheWorkload/cacheDatasets/tencentBlock/v2/1M/tencentBlock_5836.oracleGeneral.zst
tencentBlock_v2_1M	https://ftp.pdl.cmu.edu/pub/datasets/twemcacheWorkload/cacheDatasets/tencentBlock/v2/1M/tencentBlock_5842.oracleGeneral.zst
tencentBlock_v2_1M	https://ftp.pdl.cmu.edu/pub/datasets/twemcacheWorkload/cacheDatasets/tencentBlock/v2/1M/tencentBlock_5851.oracleGeneral.zst
tencentBlock_v2_1M	https://ftp.pdl.cmu.edu/pub/datasets/twemcacheWorkload/cacheDatasets/tencentBlock/v2/1M/tencentBlock_5853.oracleGeneral.zst
tencentBlock_v2_1M	https://ftp.pdl.cmu.edu/pub/datasets/twemcacheWorkload/cacheDatasets/tencentBlock/v2/1M/tencentBlock_5857.oracleGeneral.zst
tencentBlock_v2_1M	https://ftp.pdl.cmu.edu/pub/datasets/twemcacheWorkload/cacheDatasets/tencentBlock/v2/1M/tencentBlock_5858.oracleGeneral.zst
tencentBlock_v2_1M	https://ftp.pdl.cmu.edu/pub/datasets/twemcacheWorkload/cacheDatasets/tencentBlock/v2/1M/tencentBlock_5884.oracleGeneral.zst
tencentBlock_v2_1M	https://ftp.pdl.cmu.edu/pub/datasets/twemcacheWorkload/cacheDatasets/tencentBlock/v2/1M/tencentBlock_5893.oracleGeneral.zst
tencentBlock_v2_1M	https://ftp.pdl.cmu.edu/pub/datasets/twemcacheWorkload/cacheDatasets/tencentBlock/v2/1M/tencentBlock_5901.oracleGeneral.zst
tencentBlock_v2_1M	https://ftp.pdl.cmu.edu/pub/datasets/twemcacheWorkload/cacheDatasets/tencentBlock/v2/1M/tencentBlock_5908.oracleGeneral.zst
tencentBlock_v2_1M	https://ftp.pdl.cmu.edu/pub/datasets/twemcacheWorkload/cacheDatasets/tencentBlock/v2/1M/tencentBlock_5911.oracleGeneral.zst
tencentBlock_v2_1M	https://ftp.pdl.cmu.edu/pub/datasets/twemcacheWorkload/cacheDatasets/tencentBlock/v2/1M/tencentBlock_5920.oracleGeneral.zst
tencentBlock_v2_1M	https://ftp.pdl.cmu.edu/pub/datasets/twemcacheWorkload/cacheDatasets/tencentBlock/v2/1M/tencentBlock_5931.oracleGeneral.zst
tencentBlock_v2_1M	https://ftp.pdl.cmu.edu/pub/datasets/twemcacheWorkload/cacheDatasets/tencentBlock/v2/1M/tencentBlock_5933.oracleGeneral.zst
tencentBlock_v2_1M	https://ftp.pdl.cmu.edu/pub/datasets/twemcacheWorkload/cacheDatasets/tencentBlock/v2/1M/tencentBlock_5957.oracleGeneral.zst
tencentBlock_v2_1M	https://ftp.pdl.cmu.edu/pub/datasets/twemcacheWorkload/cacheDatasets/tencentBlock/v2/1M/tencentBlock_5963.oracleGeneral.zst
tencentBlock_v2_1M	https://ftp.pdl.cmu.edu/pub/datasets/twemcacheWorkload/cacheDatasets/tencentBlock/v2/1M/tencentBlock_5968.oracleGeneral.zst
tencentBlock_v2_1M	https://ftp.pdl.cmu.edu/pub/datasets/twemcacheWorkload/cacheDatasets/tencentBlock/v2/1M/tencentBlock_5971.oracleGeneral.zst
tencentBlock_v2_1M	https://ftp.pdl.cmu.edu/pub/datasets/twemcacheWorkload/cacheDatasets/tencentBlock/v2/1M/tencentBlock_5975.oracleGeneral.zst
tencentBlock_v2_1M	https://ftp.pdl.cmu.edu/pub/datasets/twemcacheWorkload/cacheDatasets/tencentBlock/v2/1M/tencentBlock_5979.oracleGeneral.zst
tencentBlock_v2_1M	https://ftp.pdl.cmu.edu/pub/datasets/twemcacheWorkload/cacheDatasets/tencentBlock/v2/1M/tencentBlock_5985.oracleGeneral.zst
tencentBlock_v2_1M	https://ftp.pdl.cmu.edu/pub/datasets/twemcacheWorkload/cacheDatasets/tencentBlock/v2/1M/tencentBlock_6008.oracleGeneral.zst
tencentBlock_v2_1M	https://ftp.pdl.cmu.edu/pub/datasets/twemcacheWorkload/cacheDatasets/tencentBlock/v2/1M/tencentBlock_6013.oracleGeneral.zst
tencentBlock_v2_1M	https://ftp.pdl.cmu.edu/pub/datasets/twemcacheWorkload/cacheDatasets/tencentBlock/v2/1M/tencentBlock_6014.oracleGeneral.zst
tencentBlock_v2_1M	https://ftp.pdl.cmu.edu/pub/datasets/twemcacheWorkload/cacheDatasets/tencentBlock/v2/1M/tencentBlock_6018.oracleGeneral.zst
tencentBlock_v2_1M	https://ftp.pdl.cmu.edu/pub/datasets/twemcacheWorkload/cacheDatasets/tencentBlock/v2/1M/tencentBlock_6025.oracleGeneral.zst
tencentBlock_v2_1M	https://ftp.pdl.cmu.edu/pub/datasets/twemcacheWorkload/cacheDatasets/tencentBlock/v2/1M/tencentBlock_6032.oracleGeneral.zst
tencentBlock_v2_1M	https://ftp.pdl.cmu.edu/pub/datasets/twemcacheWorkload/cacheDatasets/tencentBlock/v2/1M/tencentBlock_6033.oracleGeneral.zst
tencentBlock_v2_1M	https://ftp.pdl.cmu.edu/pub/datasets/twemcacheWorkload/cacheDatasets/tencentBlock/v2/1M/tencentBlock_6048.oracleGeneral.zst
tencentBlock_v2_1M	https://ftp.pdl.cmu.edu/pub/datasets/twemcacheWorkload/cacheDatasets/tencentBlock/v2/1M/tencentBlock_6057.oracleGeneral.zst
tencentBlock_v2_1M	https://ftp.pdl.cmu.edu/pub/datasets/twemcacheWorkload/cacheDatasets/tencentBlock/v2/1M/tencentBlock_6065.oracleGeneral.zst
tencentBlock_v2_1M	https://ftp.pdl.cmu.edu/pub/datasets/twemcacheWorkload/cacheDatasets/tencentBlock/v2/1M/tencentBlock_6068.oracleGeneral.zst
tencentBlock_v2_1M	https://ftp.pdl.cmu.edu/pub/datasets/twemcacheWorkload/cacheDatasets/tencentBlock/v2/1M/tencentBlock_6076.oracleGeneral.zst
tencentBlock_v2_1M	https://ftp.pdl.cmu.edu/pub/datasets/twemcacheWorkload/cacheDatasets/tencentBlock/v2/1M/tencentBlock_6099.oracleGeneral.zst
tencentBlock_v2_1M	https://ftp.pdl.cmu.edu/pub/datasets/twemcacheWorkload/cacheDatasets/tencentBlock/v2/1M/tencentBlock_6102.oracleGeneral.zst
tencentBlock_v2_1M	https://ftp.pdl.cmu.edu/pub/datasets/twemcacheWorkload/cacheDatasets/tencentBlock/v2/1M/tencentBlock_6107.oracleGeneral.zst
tencentBlock_v2_1M	https://ftp.pdl.cmu.edu/pub/datasets/twemcacheWorkload/cacheDatasets/tencentBlock/v2/1M/tencentBlock_6108.oracleGeneral.zst
tencentBlock_v2_1M	https://ftp.pdl.cmu.edu/pub/datasets/twemcacheWorkload/cacheDatasets/tencentBlock/v2/1M/tencentBlock_6111.oracleGeneral.zst
tencentBlock_v2_1M	https://ftp.pdl.cmu.edu/pub/datasets/twemcacheWorkload/cacheDatasets/tencentBlock/v2/1M/tencentBlock_6132.oracleGeneral.zst
tencentBlock_v2_1M	https://ftp.pdl.cmu.edu/pub/datasets/twemcacheWorkload/cacheDatasets/tencentBlock/v2/1M/tencentBlock_6137.oracleGeneral.zst
tencentBlock_v2_1M	https://ftp.pdl.cmu.edu/pub/datasets/twemcacheWorkload/cacheDatasets/tencentBlock/v2/1M/tencentBlock_6142.oracleGeneral.zst
tencentBlock_v2_1M	https://ftp.pdl.cmu.edu/pub/datasets/twemcacheWorkload/cacheDatasets/tencentBlock/v2/1M/tencentBlock_6151.oracleGeneral.zst
tencentBlock_v2_1M	https://ftp.pdl.cmu.edu/pub/datasets/twemcacheWorkload/cacheDatasets/tencentBlock/v2/1M/tencentBlock_6158.oracleGeneral.zst
tencentBlock_v2_1M	https://ftp.pdl.cmu.edu/pub/datasets/twemcacheWorkload/cacheDatasets/tencentBlock/v2/1M/tencentBlock_6164.oracleGeneral.zst
tencentBlock_v2_1M	https://ftp.pdl.cmu.edu/pub/datasets/twemcacheWorkload/cacheDatasets/tencentBlock/v2/1M/tencentBlock_6181.oracleGeneral.zst
tencentBlock_v2_1M	https://ftp.pdl.cmu.edu/pub/datasets/twemcacheWorkload/cacheDatasets/tencentBlock/v2/1M/tencentBlock_6190.oracleGeneral.zst
tencentBlock_v2_1M	https://ftp.pdl.cmu.edu/pub/datasets/twemcacheWorkload/cacheDatasets/tencentBlock/v2/1M/tencentBlock_6209.oracleGeneral.zst
tencentBlock_v2_1M	https://ftp.pdl.cmu.edu/pub/datasets/twemcacheWorkload/cacheDatasets/tencentBlock/v2/1M/tencentBlock_6222.oracleGeneral.zst
tencentBlock_v2_1M	https://ftp.pdl.cmu.edu/pub/datasets/twemcacheWorkload/cacheDatasets/tencentBlock/v2/1M/tencentBlock_6233.oracleGeneral.zst
tencentBlock_v2_1M	https://ftp.pdl.cmu.edu/pub/datasets/twemcacheWorkload/cacheDatasets/tencentBlock/v2/1M/tencentBlock_6237.oracleGeneral.zst
tencentBlock_v2_1M	https://ftp.pdl.cmu.edu/pub/datasets/twemcacheWorkload/cacheDatasets/tencentBlock/v2/1M/tencentBlock_6239.oracleGeneral.zst
tencentBlock_v2_1M	https://ftp.pdl.cmu.edu/pub/datasets/twemcacheWorkload/cacheDatasets/tencentBlock/v2/1M/tencentBlock_6246.oracleGeneral.zst
tencentBlock_v2_1M	https://ftp.pdl.cmu.edu/pub/datasets/twemcacheWorkload/cacheDatasets/tencentBlock/v2/1M/tencentBlock_6254.oracleGeneral.zst
tencentBlock_v2_1M	https://ftp.pdl.cmu.edu/pub/datasets/twemcacheWorkload/cacheDatasets/tencentBlock/v2/1M/tencentBlock_6261.oracleGeneral.zst
tencentBlock_v2_1M	https://ftp.pdl.cmu.edu/pub/datasets/twemcacheWorkload/cacheDatasets/tencentBlock/v2/1M/tencentBlock_6269.oracleGeneral.zst
tencentBlock_v2_1M	https://ftp.pdl.cmu.edu/pub/datasets/twemcacheWorkload/cacheDatasets/tencentBlock/v2/1M/tencentBlock_6275.oracleGeneral.zst
tencentBlock_v2_1M	https://ftp.pdl.cmu.edu/pub/datasets/twemcacheWorkload/cacheDatasets/tencentBlock/v2/1M/tencentBlock_6279.oracleGeneral.zst
tencentBlock_v2_1M	https://ftp.pdl.cmu.edu/pub/datasets/twemcacheWorkload/cacheDatasets/tencentBlock/v2/1M/tencentBlock_6285.oracleGeneral.zst
tencentBlock_v2_1M	https://ftp.pdl.cmu.edu/pub/datasets/twemcacheWorkload/cacheDatasets/tencentBlock/v2/1M/tencentBlock_6291.oracleGeneral.zst
tencentBlock_v2_1M	https://ftp.pdl.cmu.edu/pub/datasets/twemcacheWorkload/cacheDatasets/tencentBlock/v2/1M/tencentBlock_6297.oracleGeneral.zst
tencentBlock_v2_1M	https://ftp.pdl.cmu.edu/pub/datasets/twemcacheWorkload/cacheDatasets/tencentBlock/v2/1M/tencentBlock_6303.oracleGeneral.zst
tencentBlock_v2_1M	https://ftp.pdl.cmu.edu/pub/datasets/twemcacheWorkload/cacheDatasets/tencentBlock/v2/1M/tencentBlock_6306.oracleGeneral.zst
tencentBlock_v2_1M	https://ftp.pdl.cmu.edu/pub/datasets/twemcacheWorkload/cacheDatasets/tencentBlock/v2/1M/tencentBlock_6307.oracleGeneral.zst
tencentBlock_v2_1M	https://ftp.pdl.cmu.edu/pub/datasets/twemcacheWorkload/cacheDatasets/tencentBlock/v2/1M/tencentBlock_6313.oracleGeneral.zst
tencentBlock_v2_1M	https://ftp.pdl.cmu.edu/pub/datasets/twemcacheWorkload/cacheDatasets/tencentBlock/v2/1M/tencentBlock_6334.oracleGeneral.zst
tencentBlock_v2_1M	https://ftp.pdl.cmu.edu/pub/datasets/twemcacheWorkload/cacheDatasets/tencentBlock/v2/1M/tencentBlock_6342.oracleGeneral.zst
tencentBlock_v2_1M	https://ftp.pdl.cmu.edu/pub/datasets/twemcacheWorkload/cacheDatasets/tencentBlock/v2/1M/tencentBlock_6350.oracleGeneral.zst
tencentBlock_v2_1M	https://ftp.pdl.cmu.edu/pub/datasets/twemcacheWorkload/cacheDatasets/tencentBlock/v2/1M/tencentBlock_6357.oracleGeneral.zst
tencentBlock_v2_1M	https://ftp.pdl.cmu.edu/pub/datasets/twemcacheWorkload/cacheDatasets/tencentBlock/v2/1M/tencentBlock_6359.oracleGeneral.zst
tencentBlock_v2_1M	https://ftp.pdl.cmu.edu/pub/datasets/twemcacheWorkload/cacheDatasets/tencentBlock/v2/1M/tencentBlock_6362.oracleGeneral.zst
tencentBlock_v2_1M	https://ftp.pdl.cmu.edu/pub/datasets/twemcacheWorkload/cacheDatasets/tencentBlock/v2/1M/tencentBlock_6370.oracleGeneral.zst
tencentBlock_v2_1M	https://ftp.pdl.cmu.edu/pub/datasets/twemcacheWorkload/cacheDatasets/tencentBlock/v2/1M/tencentBlock_6383.oracleGeneral.zst
tencentBlock_v2_1M	https://ftp.pdl.cmu.edu/pub/datasets/twemcacheWorkload/cacheDatasets/tencentBlock/v2/1M/tencentBlock_6390.oracleGeneral.zst
tencentBlock_v2_1M	https://ftp.pdl.cmu.edu/pub/datasets/twemcacheWorkload/cacheDatasets/tencentBlock/v2/1M/tencentBlock_6394.oracleGeneral.zst
tencentBlock_v2_1M	https://ftp.pdl.cmu.edu/pub/datasets/twemcacheWorkload/cacheDatasets/tencentBlock/v2/1M/tencentBlock_6402.oracleGeneral.zst
tencentBlock_v2_1M	https://ftp.pdl.cmu.edu/pub/datasets/twemcacheWorkload/cacheDatasets/tencentBlock/v2/1M/tencentBlock_6416.oracleGeneral.zst
tencentBlock_v2_1M	https://ftp.pdl.cmu.edu/pub/datasets/twemcacheWorkload/cacheDatasets/tencentBlock/v2/1M/tencentBlock_6434.oracleGeneral.zst
tencentBlock_v2_1M	https://ftp.pdl.cmu.edu/pub/datasets/twemcacheWorkload/cacheDatasets/tencentBlock/v2/1M/tencentBlock_6439.oracleGeneral.zst
tencentBlock_v2_1M	https://ftp.pdl.cmu.edu/pub/datasets/twemcacheWorkload/cacheDatasets/tencentBlock/v2/1M/tencentBlock_6448.oracleGeneral.zst
tencentBlock_v2_1M	https://ftp.pdl.cmu.edu/pub/datasets/twemcacheWorkload/cacheDatasets/tencentBlock/v2/1M/tencentBlock_6452.oracleGeneral.zst
tencentBlock_v2_1M	https://ftp.pdl.cmu.edu/pub/datasets/twemcacheWorkload/cacheDatasets/tencentBlock/v2/1M/tencentBlock_6457.oracleGeneral.zst
tencentBlock_v2_1M	https://ftp.pdl.cmu.edu/pub/datasets/twemcacheWorkload/cacheDatasets/tencentBlock/v2/1M/tencentBlock_6458.oracleGeneral.zst
tencentBlock_v2_1M	https://ftp.pdl.cmu.edu/pub/datasets/twemcacheWorkload/cacheDatasets/tencentBlock/v2/1M/tencentBlock_6459.oracleGeneral.zst
tencentBlock_v2_1M	https://ftp.pdl.cmu.edu/pub/datasets/twemcacheWorkload/cacheDatasets/tencentBlock/v2/1M/tencentBlock_6467.oracleGeneral.zst
tencentBlock_v2_1M	https://ftp.pdl.cmu.edu/pub/datasets/twemcacheWorkload/cacheDatasets/tencentBlock/v2/1M/tencentBlock_6474.oracleGeneral.zst
tencentBlock_v2_1M	https://ftp.pdl.cmu.edu/pub/datasets/twemcacheWorkload/cacheDatasets/tencentBlock/v2/1M/tencentBlock_6483.oracleGeneral.zst
tencentBlock_v2_1M	https://ftp.pdl.cmu.edu/pub/datasets/twemcacheWorkload/cacheDatasets/tencentBlock/v2/1M/tencentBlock_6485.oracleGeneral.zst
tencentBlock_v2_1M	https://ftp.pdl.cmu.edu/pub/datasets/twemcacheWorkload/cacheDatasets/tencentBlock/v2/1M/tencentBlock_6491.oracleGeneral.zst
tencentBlock_v2_1M	https://ftp.pdl.cmu.edu/pub/datasets/twemcacheWorkload/cacheDatasets/tencentBlock/v2/1M/tencentBlock_6499.oracleGeneral.zst
tencentBlock_v2_1M	https://ftp.pdl.cmu.edu/pub/datasets/twemcacheWorkload/cacheDatasets/tencentBlock/v2/1M/tencentBlock_6510.oracleGeneral.zst
tencentBlock_v2_1M	https://ftp.pdl.cmu.edu/pub/datasets/twemcacheWorkload/cacheDatasets/tencentBlock/v2/1M/tencentBlock_6511.oracleGeneral.zst
tencentBlock_v2_1M	https://ftp.pdl.cmu.edu/pub/datasets/twemcacheWorkload/cacheDatasets/tencentBlock/v2/1M/tencentBlock_6517.oracleGeneral.zst
tencentBlock_v2_1M	https://ftp.pdl.cmu.edu/pub/datasets/twemcacheWorkload/cacheDatasets/tencentBlock/v2/1M/tencentBlock_6525.oracleGeneral.zst
tencentBlock_v2_1M	https://ftp.pdl.cmu.edu/pub/datasets/twemcacheWorkload/cacheDatasets/tencentBlock/v2/1M/tencentBlock_6527.oracleGeneral.zst
tencentBlock_v2_1M	https://ftp.pdl.cmu.edu/pub/datasets/twemcacheWorkload/cacheDatasets/tencentBlock/v2/1M/tencentBlock_6543.oracleGeneral.zst
tencentBlock_v2_1M	https://ftp.pdl.cmu.edu/pub/datasets/twemcacheWorkload/cacheDatasets/tencentBlock/v2/1M/tencentBlock_6547.oracleGeneral.zst
tencentBlock_v2_1M	https://ftp.pdl.cmu.edu/pub/datasets/twemcacheWorkload/cacheDatasets/tencentBlock/v2/1M/tencentBlock_6558.oracleGeneral.zst
tencentBlock_v2_1M	https://ftp.pdl.cmu.edu/pub/datasets/twemcacheWorkload/cacheDatasets/tencentBlock/v2/1M/tencentBlock_6572.oracleGeneral.zst
tencentBlock_v2_1M	https://ftp.pdl.cmu.edu/pub/datasets/twemcacheWorkload/cacheDatasets/tencentBlock/v2/1M/tencentBlock_6582.oracleGeneral.zst
tencentBlock_v2_1M	https://ftp.pdl.cmu.edu/pub/datasets/twemcacheWorkload/cacheDatasets/tencentBlock/v2/1M/tencentBlock_6591.oracleGeneral.zst
tencentBlock_v2_1M	https://ftp.pdl.cmu.edu/pub/datasets/twemcacheWorkload/cacheDatasets/tencentBlock/v2/1M/tencentBlock_6598.oracleGeneral.zst
tencentBlock_v2_1M	https://ftp.pdl.cmu.edu/pub/datasets/twemcacheWorkload/cacheDatasets/tencentBlock/v2/1M/tencentBlock_6607.oracleGeneral.zst
tencentBlock_v2_1M	https://ftp.pdl.cmu.edu/pub/datasets/twemcacheWorkload/cacheDatasets/tencentBlock/v2/1M/tencentBlock_6624.oracleGeneral.zst
tencentBlock_v2_1M	https://ftp.pdl.cmu.edu/pub/datasets/twemcacheWorkload/cacheDatasets/tencentBlock/v2/1M/tencentBlock_6627.oracleGeneral.zst
tencentBlock_v2_1M	https://ftp.pdl.cmu.edu/pub/datasets/twemcacheWorkload/cacheDatasets/tencentBlock/v2/1M/tencentBlock_6630.oracleGeneral.zst
tencentBlock_v2_1M	https://ftp.pdl.cmu.edu/pub/datasets/twemcacheWorkload/cacheDatasets/tencentBlock/v2/1M/tencentBlock_6631.oracleGeneral.zst
tencentBlock_v2_1M	https://ftp.pdl.cmu.edu/pub/datasets/twemcacheWorkload/cacheDatasets/tencentBlock/v2/1M/tencentBlock_6637.oracleGeneral.zst
tencentBlock_v2_1M	https://ftp.pdl.cmu.edu/pub/datasets/twemcacheWorkload/cacheDatasets/tencentBlock/v2/1M/tencentBlock_6639.oracleGeneral.zst
tencentBlock_v2_1M	https://ftp.pdl.cmu.edu/pub/datasets/twemcacheWorkload/cacheDatasets/tencentBlock/v2/1M/tencentBlock_6644.oracleGeneral.zst
tencentBlock_v2_1M	https://ftp.pdl.cmu.edu/pub/datasets/twemcacheWorkload/cacheDatasets/tencentBlock/v2/1M/tencentBlock_6669.oracleGeneral.zst
tencentBlock_v2_1M	https://ftp.pdl.cmu.edu/pub/datasets/twemcacheWorkload/cacheDatasets/tencentBlock/v2/1M/tencentBlock_6676.oracleGeneral.zst
tencentBlock_v2_1M	https://ftp.pdl.cmu.edu/pub/datasets/twemcacheWorkload/cacheDatasets/tencentBlock/v2/1M/tencentBlock_6678.oracleGeneral.zst
tencentBlock_v2_1M	https://ftp.pdl.cmu.edu/pub/datasets/twemcacheWorkload/cacheDatasets/tencentBlock/v2/1M/tencentBlock_6679.oracleGeneral.zst
tencentBlock_v2_1M	https://ftp.pdl.cmu.edu/pub/datasets/twemcacheWorkload/cacheDatasets/tencentBlock/v2/1M/tencentBlock_6687.oracleGeneral.zst
tencentBlock_v2_1M	https://ftp.pdl.cmu.edu/pub/datasets/twemcacheWorkload/cacheDatasets/tencentBlock/v2/1M/tencentBlock_6689.oracleGeneral.zst
tencentBlock_v2_1M	https://ftp.pdl.cmu.edu/pub/datasets/twemcacheWorkload/cacheDatasets/tencentBlock/v2/1M/tencentBlock_6696.oracleGeneral.zst
tencentBlock_v2_1M	https://ftp.pdl.cmu.edu/pub/datasets/twemcacheWorkload/cacheDatasets/tencentBlock/v2/1M/tencentBlock_6700.oracleGeneral.zst
tencentBlock_v2_1M	https://ftp.pdl.cmu.edu/pub/datasets/twemcacheWorkload/cacheDatasets/tencentBlock/v2/1M/tencentBlock_6709.oracleGeneral.zst
tencentBlock_v2_1M	https://ftp.pdl.cmu.edu/pub/datasets/twemcacheWorkload/cacheDatasets/tencentBlock/v2/1M/tencentBlock_6717.oracleGeneral.zst
tencentBlock_v2_1M	https://ftp.pdl.cmu.edu/pub/datasets/twemcacheWorkload/cacheDatasets/tencentBlock/v2/1M/tencentBlock_6731.oracleGeneral.zst
tencentBlock_v2_1M	https://ftp.pdl.cmu.edu/pub/datasets/twemcacheWorkload/cacheDatasets/tencentBlock/v2/1M/tencentBlock_6740.oracleGeneral.zst
tencentBlock_v2_1M	https://ftp.pdl.cmu.edu/pub/datasets/twemcacheWorkload/cacheDatasets/tencentBlock/v2/1M/tencentBlock_6764.oracleGeneral.zst
tencentBlock_v2_1M	https://ftp.pdl.cmu.edu/pub/datasets/twemcacheWorkload/cacheDatasets/tencentBlock/v2/1M/tencentBlock_6768.oracleGeneral.zst
tencentBlock_v2_1M	https://ftp.pdl.cmu.edu/pub/datasets/twemcacheWorkload/cacheDatasets/tencentBlock/v2/1M/tencentBlock_6795.oracleGeneral.zst
tencentBlock_v2_1M	https://ftp.pdl.cmu.edu/pub/datasets/twemcacheWorkload/cacheDatasets/tencentBlock/v2/1M/tencentBlock_6798.oracleGeneral.zst
tencentBlock_v2_1M	https://ftp.pdl.cmu.edu/pub/datasets/twemcacheWorkload/cacheDatasets/tencentBlock/v2/1M/tencentBlock_6806.oracleGeneral.zst
tencentBlock_v2_1M	https://ftp.pdl.cmu.edu/pub/datasets/twemcacheWorkload/cacheDatasets/tencentBlock/v2/1M/tencentBlock_6822.oracleGeneral.zst
tencentBlock_v2_1M	https://ftp.pdl.cmu.edu/pub/datasets/twemcacheWorkload/cacheDatasets/tencentBlock/v2/1M/tencentBlock_6823.oracleGeneral.zst
tencentBlock_v2_1M	https://ftp.pdl.cmu.edu/pub/datasets/twemcacheWorkload/cacheDatasets/tencentBlock/v2/1M/tencentBlock_6831.oracleGeneral.zst
tencentBlock_v2_1M	https://ftp.pdl.cmu.edu/pub/datasets/twemcacheWorkload/cacheDatasets/tencentBlock/v2/1M/tencentBlock_6834.oracleGeneral.zst
tencentBlock_v2_1M	https://ftp.pdl.cmu.edu/pub/datasets/twemcacheWorkload/cacheDatasets/tencentBlock/v2/1M/tencentBlock_6835.oracleGeneral.zst
tencentBlock_v2_1M	https://ftp.pdl.cmu.edu/pub/datasets/twemcacheWorkload/cacheDatasets/tencentBlock/v2/1M/tencentBlock_6846.oracleGeneral.zst
tencentBlock_v2_1M	https://ftp.pdl.cmu.edu/pub/datasets/twemcacheWorkload/cacheDatasets/tencentBlock/v2/1M/tencentBlock_6851.oracleGeneral.zst
tencentBlock_v2_1M	https://ftp.pdl.cmu.edu/pub/datasets/twemcacheWorkload/cacheDatasets/tencentBlock/v2/1M/tencentBlock_6859.oracleGeneral.zst
tencentBlock_v2_1M	https://ftp.pdl.cmu.edu/pub/datasets/twemcacheWorkload/cacheDatasets/tencentBlock/v2/1M/tencentBlock_6865.oracleGeneral.zst
tencentBlock_v2_1M	https://ftp.pdl.cmu.edu/pub/datasets/twemcacheWorkload/cacheDatasets/tencentBlock/v2/1M/tencentBlock_6872.oracleGeneral.zst
tencentBlock_v2_1M	https://ftp.pdl.cmu.edu/pub/datasets/twemcacheWorkload/cacheDatasets/tencentBlock/v2/1M/tencentBlock_6883.oracleGeneral.zst
tencentBlock_v2_1M	https://ftp.pdl.cmu.edu/pub/datasets/twemcacheWorkload/cacheDatasets/tencentBlock/v2/1M/tencentBlock_6892.oracleGeneral.zst
tencentBlock_v2_1M	https://ftp.pdl.cmu.edu/pub/datasets/twemcacheWorkload/cacheDatasets/tencentBlock/v2/1M/tencentBlock_6908.oracleGeneral.zst
tencentBlock_v2_1M	https://ftp.pdl.cmu.edu/pub/datasets/twemcacheWorkload/cacheDatasets/tencentBlock/v2/1M/tencentBlock_6911.oracleGeneral.zst
tencentBlock_v2_1M	https://ftp.pdl.cmu.edu/pub/datasets/twemcacheWorkload/cacheDatasets/tencentBlock/v2/1M/tencentBlock_6918.oracleGeneral.zst
tencentBlock_v2_1M	https://ftp.pdl.cmu.edu/pub/datasets/twemcacheWorkload/cacheDatasets/tencentBlock/v2/1M/tencentBlock_6923.oracleGeneral.zst
tencentBlock_v2_1M	https://ftp.pdl.cmu.edu/pub/datasets/twemcacheWorkload/cacheDatasets/tencentBlock/v2/1M/tencentBlock_6930.oracleGeneral.zst
tencentBlock_v2_1M	https://ftp.pdl.cmu.edu/pub/datasets/twemcacheWorkload/cacheDatasets/tencentBlock/v2/1M/tencentBlock_6933.oracleGeneral.zst
tencentBlock_v2_1M	https://ftp.pdl.cmu.edu/pub/datasets/twemcacheWorkload/cacheDatasets/tencentBlock/v2/1M/tencentBlock_6937.oracleGeneral.zst
tencentBlock_v2_1M	https://ftp.pdl.cmu.edu/pub/datasets/twemcacheWorkload/cacheDatasets/tencentBlock/v2/1M/tencentBlock_6947.oracleGeneral.zst
tencentBlock_v2_1M	https://ftp.pdl.cmu.edu/pub/datasets/twemcacheWorkload/cacheDatasets/tencentBlock/v2/1M/tencentBlock_6951.oracleGeneral.zst
tencentBlock_v2_1M	https://ftp.pdl.cmu.edu/pub/datasets/twemcacheWorkload/cacheDatasets/tencentBlock/v2/1M/tencentBlock_6957.oracleGeneral.zst
tencentBlock_v2_1M	https://ftp.pdl.cmu.edu/pub/datasets/twemcacheWorkload/cacheDatasets/tencentBlock/v2/1M/tencentBlock_6965.oracleGeneral.zst
tencentBlock_v2_1M	https://ftp.pdl.cmu.edu/pub/datasets/twemcacheWorkload/cacheDatasets/tencentBlock/v2/1M/tencentBlock_6971.oracleGeneral.zst
tencentBlock_v2_1M	https://ftp.pdl.cmu.edu/pub/datasets/twemcacheWorkload/cacheDatasets/tencentBlock/v2/1M/tencentBlock_6976.oracleGeneral.zst
tencentBlock_v2_1M	https://ftp.pdl.cmu.edu/pub/datasets/twemcacheWorkload/cacheDatasets/tencentBlock/v2/1M/tencentBlock_6980.oracleGeneral.zst
tencentBlock_v2_1M	https://ftp.pdl.cmu.edu/pub/datasets/twemcacheWorkload/cacheDatasets/tencentBlock/v2/1M/tencentBlock_6994.oracleGeneral.zst
tencentBlock_v2_1M	https://ftp.pdl.cmu.edu/pub/datasets/twemcacheWorkload/cacheDatasets/tencentBlock/v2/1M/tencentBlock_6995.oracleGeneral.zst
tencentBlock_v2_1M	https://ftp.pdl.cmu.edu/pub/datasets/twemcacheWorkload/cacheDatasets/tencentBlock/v2/1M/tencentBlock_7006.oracleGeneral.zst
tencentBlock_v2_1M	https://ftp.pdl.cmu.edu/pub/datasets/twemcacheWorkload/cacheDatasets/tencentBlock/v2/1M/tencentBlock_7022.oracleGeneral.zst
tencentBlock_v2_1M	https://ftp.pdl.cmu.edu/pub/datasets/twemcacheWorkload/cacheDatasets/tencentBlock/v2/1M/tencentBlock_7027.oracleGeneral.zst
tencentBlock_v2_1M	https://ftp.pdl.cmu.edu/pub/datasets/twemcacheWorkload/cacheDatasets/tencentBlock/v2/1M/tencentBlock_7028.oracleGeneral.zst
tencentBlock_v2_1M	https://ftp.pdl.cmu.edu/pub/datasets/twemcacheWorkload/cacheDatasets/tencentBlock/v2/1M/tencentBlock_7029.oracleGeneral.zst
tencentBlock_v2_1M	https://ftp.pdl.cmu.edu/pub/datasets/twemcacheWorkload/cacheDatasets/tencentBlock/v2/1M/tencentBlock_7047.oracleGeneral.zst
tencentBlock_v2_1M	https://ftp.pdl.cmu.edu/pub/datasets/twemcacheWorkload/cacheDatasets/tencentBlock/v2/1M/tencentBlock_7064.oracleGeneral.zst
tencentBlock_v2_1M	https://ftp.pdl.cmu.edu/pub/datasets/twemcacheWorkload/cacheDatasets/tencentBlock/v2/1M/tencentBlock_7074.oracleGeneral.zst
tencentBlock_v2_1M	https://ftp.pdl.cmu.edu/pub/datasets/twemcacheWorkload/cacheDatasets/tencentBlock/v2/1M/tencentBlock_7082.oracleGeneral.zst
tencentBlock_v2_1M	https://ftp.pdl.cmu.edu/pub/datasets/twemcacheWorkload/cacheDatasets/tencentBlock/v2/1M/tencentBlock_7086.oracleGeneral.zst
tencentBlock_v2_1M	https://ftp.pdl.cmu.edu/pub/datasets/twemcacheWorkload/cacheDatasets/tencentBlock/v2/1M/tencentBlock_7095.oracleGeneral.zst
tencentBlock_v2_1M	https://ftp.pdl.cmu.edu/pub/datasets/twemcacheWorkload/cacheDatasets/tencentBlock/v2/1M/tencentBlock_7109.oracleGeneral.zst
tencentBlock_v2_1M	https://ftp.pdl.cmu.edu/pub/datasets/twemcacheWorkload/cacheDatasets/tencentBlock/v2/1M/tencentBlock_7127.oracleGeneral.zst
tencentBlock_v2_1M	https://ftp.pdl.cmu.edu/pub/datasets/twemcacheWorkload/cacheDatasets/tencentBlock/v2/1M/tencentBlock_7131.oracleGeneral.zst
tencentBlock_v2_1M	https://ftp.pdl.cmu.edu/pub/datasets/twemcacheWorkload/cacheDatasets/tencentBlock/v2/1M/tencentBlock_7149.oracleGeneral.zst
tencentBlock_v2_1M	https://ftp.pdl.cmu.edu/pub/datasets/twemcacheWorkload/cacheDatasets/tencentBlock/v2/1M/tencentBlock_7151.oracleGeneral.zst
tencentBlock_v2_1M	https://ftp.pdl.cmu.edu/pub/datasets/twemcacheWorkload/cacheDatasets/tencentBlock/v2/1M/tencentBlock_7169.oracleGeneral.zst
tencentBlock_v2_1M	https://ftp.pdl.cmu.edu/pub/datasets/twemcacheWorkload/cacheDatasets/tencentBlock/v2/1M/tencentBlock_7186.oracleGeneral.zst
tencentBlock_v2_1M	https://ftp.pdl.cmu.edu/pub/datasets/twemcacheWorkload/cacheDatasets/tencentBlock/v2/1M/tencentBlock_7192.oracleGeneral.zst
tencentBlock_v2_1M	https://ftp.pdl.cmu.edu/pub/datasets/twemcacheWorkload/cacheDatasets/tencentBlock/v2/1M/tencentBlock_7194.oracleGeneral.zst
tencentBlock_v2_1M	https://ftp.pdl.cmu.edu/pub/datasets/twemcacheWorkload/cacheDatasets/tencentBlock/v2/1M/tencentBlock_7196.oracleGeneral.zst
tencentBlock_v2_1M	https://ftp.pdl.cmu.edu/pub/datasets/twemcacheWorkload/cacheDatasets/tencentBlock/v2/1M/tencentBlock_7207.oracleGeneral.zst
tencentBlock_v2_1M	https://ftp.pdl.cmu.edu/pub/datasets/twemcacheWorkload/cacheDatasets/tencentBlock/v2/1M/tencentBlock_7243.oracleGeneral.zst
tencentBlock_v2_1M	https://ftp.pdl.cmu.edu/pub/datasets/twemcacheWorkload/cacheDatasets/tencentBlock/v2/1M/tencentBlock_7246.oracleGeneral.zst
tencentBlock_v2_1M	https://ftp.pdl.cmu.edu/pub/datasets/twemcacheWorkload/cacheDatasets/tencentBlock/v2/1M/tencentBlock_7250.oracleGeneral.zst
tencentBlock_v2_1M	https://ftp.pdl.cmu.edu/pub/datasets/twemcacheWorkload/cacheDatasets/tencentBlock/v2/1M/tencentBlock_7267.oracleGeneral.zst
tencentBlock_v2_1M	https://ftp.pdl.cmu.edu/pub/datasets/twemcacheWorkload/cacheDatasets/tencentBlock/v2/1M/tencentBlock_7279.oracleGeneral.zst
tencentBlock_v2_1M	https://ftp.pdl.cmu.edu/pub/datasets/twemcacheWorkload/cacheDatasets/tencentBlock/v2/1M/tencentBlock_7282.oracleGeneral.zst
tencentBlock_v2_1M	https://ftp.pdl.cmu.edu/pub/datasets/twemcacheWorkload/cacheDatasets/tencentBlock/v2/1M/tencentBlock_7287.oracleGeneral.zst
tencentBlock_v2_1M	https://ftp.pdl.cmu.edu/pub/datasets/twemcacheWorkload/cacheDatasets/tencentBlock/v2/1M/tencentBlock_7290.oracleGeneral.zst
tencentBlock_v2_1M	https://ftp.pdl.cmu.edu/pub/datasets/twemcacheWorkload/cacheDatasets/tencentBlock/v2/1M/tencentBlock_7314.oracleGeneral.zst
tencentBlock_v2_1M	https://ftp.pdl.cmu.edu/pub/datasets/twemcacheWorkload/cacheDatasets/tencentBlock/v2/1M/tencentBlock_7321.oracleGeneral.zst
tencentBlock_v2_1M	https://ftp.pdl.cmu.edu/pub/datasets/twemcacheWorkload/cacheDatasets/tencentBlock/v2/1M/tencentBlock_7327.oracleGeneral.zst
tencentBlock_v2_1M	https://ftp.pdl.cmu.edu/pub/datasets/twemcacheWorkload/cacheDatasets/tencentBlock/v2/1M/tencentBlock_7336.oracleGeneral.zst
tencentBlock_v2_1M	https://ftp.pdl.cmu.edu/pub/datasets/twemcacheWorkload/cacheDatasets/tencentBlock/v2/1M/tencentBlock_7338.oracleGeneral.zst
tencentBlock_v2_1M	https://ftp.pdl.cmu.edu/pub/datasets/twemcacheWorkload/cacheDatasets/tencentBlock/v2/1M/tencentBlock_7347.oracleGeneral.zst
tencentBlock_v2_1M	https://ftp.pdl.cmu.edu/pub/datasets/twemcacheWorkload/cacheDatasets/tencentBlock/v2/1M/tencentBlock_7355.oracleGeneral.zst
tencentBlock_v2_1M	https://ftp.pdl.cmu.edu/pub/datasets/twemcacheWorkload/cacheDatasets/tencentBlock/v2/1M/tencentBlock_7369.oracleGeneral.zst
tencentBlock_v2_1M	https://ftp.pdl.cmu.edu/pub/datasets/twemcacheWorkload/cacheDatasets/tencentBlock/v2/1M/tencentBlock_7381.oracleGeneral.zst
tencentBlock_v2_1M	https://ftp.pdl.cmu.edu/pub/datasets/twemcacheWorkload/cacheDatasets/tencentBlock/v2/1M/tencentBlock_7387.oracleGeneral.zst
tencentBlock_v2_1M	https://ftp.pdl.cmu.edu/pub/datasets/twemcacheWorkload/cacheDatasets/tencentBlock/v2/1M/tencentBlock_7390.oracleGeneral.zst
tencentBlock_v2_1M	https://ftp.pdl.cmu.edu/pub/datasets/twemcacheWorkload/cacheDatasets/tencentBlock/v2/1M/tencentBlock_7396.oracleGeneral.zst
tencentBlock_v2_1M	https://ftp.pdl.cmu.edu/pub/datasets/twemcacheWorkload/cacheDatasets/tencentBlock/v2/1M/tencentBlock_7400.oracleGeneral.zst
tencentBlock_v2_1M	https://ftp.pdl.cmu.edu/pub/datasets/twemcacheWorkload/cacheDatasets/tencentBlock/v2/1M/tencentBlock_7406.oracleGeneral.zst
tencentBlock_v2_1M	https://ftp.pdl.cmu.edu/pub/datasets/twemcacheWorkload/cacheDatasets/tencentBlock/v2/1M/tencentBlock_7409.oracleGeneral.zst
tencentBlock_v2_1M	https://ftp.pdl.cmu.edu/pub/datasets/twemcacheWorkload/cacheDatasets/tencentBlock/v2/1M/tencentBlock_7414.oracleGeneral.zst
tencentBlock_v2_1M	https://ftp.pdl.cmu.edu/pub/datasets/twemcacheWorkload/cacheDatasets/tencentBlock/v2/1M/tencentBlock_7422.oracleGeneral.zst
tencentBlock_v2_1M	https://ftp.pdl.cmu.edu/pub/datasets/twemcacheWorkload/cacheDatasets/tencentBlock/v2/1M/tencentBlock_7429.oracleGeneral.zst
tencentBlock_v2_1M	https://ftp.pdl.cmu.edu/pub/datasets/twemcacheWorkload/cacheDatasets/tencentBlock/v2/1M/tencentBlock_7432.oracleGeneral.zst
tencentBlock_v2_1M	https://ftp.pdl.cmu.edu/pub/datasets/twemcacheWorkload/cacheDatasets/tencentBlock/v2/1M/tencentBlock_7436.oracleGeneral.zst
tencentBlock_v2_1M	https://ftp.pdl.cmu.edu/pub/datasets/twemcacheWorkload/cacheDatasets/tencentBlock/v2/1M/tencentBlock_7440.oracleGeneral.zst
tencentBlock_v2_1M	https://ftp.pdl.cmu.edu/pub/datasets/twemcacheWorkload/cacheDatasets/tencentBlock/v2/1M/tencentBlock_7454.oracleGeneral.zst
tencentBlock_v2_1M	https://ftp.pdl.cmu.edu/pub/datasets/twemcacheWorkload/cacheDatasets/tencentBlock/v2/1M/tencentBlock_7463.oracleGeneral.zst
tencentBlock_v2_1M	https://ftp.pdl.cmu.edu/pub/datasets/twemcacheWorkload/cacheDatasets/tencentBlock/v2/1M/tencentBlock_7464.oracleGeneral.zst
tencentBlock_v2_1M	https://ftp.pdl.cmu.edu/pub/datasets/twemcacheWorkload/cacheDatasets/tencentBlock/v2/1M/tencentBlock_7471.oracleGeneral.zst
tencentBlock_v2_1M	https://ftp.pdl.cmu.edu/pub/datasets/twemcacheWorkload/cacheDatasets/tencentBlock/v2/1M/tencentBlock_7482.oracleGeneral.zst
tencentBlock_v2_1M	https://ftp.pdl.cmu.edu/pub/datasets/twemcacheWorkload/cacheDatasets/tencentBlock/v2/1M/tencentBlock_7487.oracleGeneral.zst
tencentBlock_v2_1M	https://ftp.pdl.cmu.edu/pub/datasets/twemcacheWorkload/cacheDatasets/tencentBlock/v2/1M/tencentBlock_7496.oracleGeneral.zst
tencentBlock_v2_1M	https://ftp.pdl.cmu.edu/pub/datasets/twemcacheWorkload/cacheDatasets/tencentBlock/v2/1M/tencentBlock_7498.oracleGeneral.zst
tencentBlock_v2_1M	https://ftp.pdl.cmu.edu/pub/datasets/twemcacheWorkload/cacheDatasets/tencentBlock/v2/1M/tencentBlock_7509.oracleGeneral.zst
tencentBlock_v2_1M	https://ftp.pdl.cmu.edu/pub/datasets/twemcacheWorkload/cacheDatasets/tencentBlock/v2/1M/tencentBlock_7519.oracleGeneral.zst
tencentBlock_v2_1M	https://ftp.pdl.cmu.edu/pub/datasets/twemcacheWorkload/cacheDatasets/tencentBlock/v2/1M/tencentBlock_7528.oracleGeneral.zst
tencentBlock_v2_1M	https://ftp.pdl.cmu.edu/pub/datasets/twemcacheWorkload/cacheDatasets/tencentBlock/v2/1M/tencentBlock_7544.oracleGeneral.zst
tencentBlock_v2_1M	https://ftp.pdl.cmu.edu/pub/datasets/twemcacheWorkload/cacheDatasets/tencentBlock/v2/1M/tencentBlock_7555.oracleGeneral.zst
tencentBlock_v2_1M	https://ftp.pdl.cmu.edu/pub/datasets/twemcacheWorkload/cacheDatasets/tencentBlock/v2/1M/tencentBlock_7559.oracleGeneral.zst
tencentBlock_v2_1M	https://ftp.pdl.cmu.edu/pub/datasets/twemcacheWorkload/cacheDatasets/tencentBlock/v2/1M/tencentBlock_7563.oracleGeneral.zst
tencentBlock_v2_1M	https://ftp.pdl.cmu.edu/pub/datasets/twemcacheWorkload/cacheDatasets/tencentBlock/v2/1M/tencentBlock_7569.oracleGeneral.zst
tencentBlock_v2_1M	https://ftp.pdl.cmu.edu/pub/datasets/twemcacheWorkload/cacheDatasets/tencentBlock/v2/1M/tencentBlock_7574.oracleGeneral.zst
tencentBlock_v2_1M	https://ftp.pdl.cmu.edu/pub/datasets/twemcacheWorkload/cacheDatasets/tencentBlock/v2/1M/tencentBlock_7576.oracleGeneral.zst
tencentBlock_v2_1M	https://ftp.pdl.cmu.edu/pub/datasets/twemcacheWorkload/cacheDatasets/tencentBlock/v2/1M/tencentBlock_7579.oracleGeneral.zst
tencentBlock_v2_1M	https://ftp.pdl.cmu.edu/pub/datasets/twemcacheWorkload/cacheDatasets/tencentBlock/v2/1M/tencentBlock_7590.oracleGeneral.zst
tencentBlock_v2_1M	https://ftp.pdl.cmu.edu/pub/datasets/twemcacheWorkload/cacheDatasets/tencentBlock/v2/1M/tencentBlock_7596.oracleGeneral.zst
tencentBlock_v2_1M	https://ftp.pdl.cmu.edu/pub/datasets/twemcacheWorkload/cacheDatasets/tencentBlock/v2/1M/tencentBlock_7602.oracleGeneral.zst
tencentBlock_v2_1M	https://ftp.pdl.cmu.edu/pub/datasets/twemcacheWorkload/cacheDatasets/tencentBlock/v2/1M/tencentBlock_7606.oracleGeneral.zst
tencentBlock_v2_1M	https://ftp.pdl.cmu.edu/pub/datasets/twemcacheWorkload/cacheDatasets/tencentBlock/v2/1M/tencentBlock_7611.oracleGeneral.zst
tencentBlock_v2_1M	https://ftp.pdl.cmu.edu/pub/datasets/twemcacheWorkload/cacheDatasets/tencentBlock/v2/1M/tencentBlock_7615.oracleGeneral.zst
tencentBlock_v2_1M	https://ftp.pdl.cmu.edu/pub/datasets/twemcacheWorkload/cacheDatasets/tencentBlock/v2/1M/tencentBlock_7618.oracleGeneral.zst
tencentBlock_v2_1M	https://ftp.pdl.cmu.edu/pub/datasets/twemcacheWorkload/cacheDatasets/tencentBlock/v2/1M/tencentBlock_7636.oracleGeneral.zst
tencentBlock_v2_1M	https://ftp.pdl.cmu.edu/pub/datasets/twemcacheWorkload/cacheDatasets/tencentBlock/v2/1M/tencentBlock_7658.oracleGeneral.zst
tencentBlock_v2_1M	https://ftp.pdl.cmu.edu/pub/datasets/twemcacheWorkload/cacheDatasets/tencentBlock/v2/1M/tencentBlock_7664.oracleGeneral.zst
tencentBlock_v2_1M	https://ftp.pdl.cmu.edu/pub/datasets/twemcacheWorkload/cacheDatasets/tencentBlock/v2/1M/tencentBlock_7677.oracleGeneral.zst
tencentBlock_v2_1M	https://ftp.pdl.cmu.edu/pub/datasets/twemcacheWorkload/cacheDatasets/tencentBlock/v2/1M/tencentBlock_7683.oracleGeneral.zst
tencentBlock_v2_1M	https://ftp.pdl.cmu.edu/pub/datasets/twemcacheWorkload/cacheDatasets/tencentBlock/v2/1M/tencentBlock_7690.oracleGeneral.zst
tencentBlock_v2_1M	https://ftp.pdl.cmu.edu/pub/datasets/twemcacheWorkload/cacheDatasets/tencentBlock/v2/1M/tencentBlock_7695.oracleGeneral.zst
tencentBlock_v2_1M	https://ftp.pdl.cmu.edu/pub/datasets/twemcacheWorkload/cacheDatasets/tencentBlock/v2/1M/tencentBlock_7702.oracleGeneral.zst
tencentBlock_v2_1M	https://ftp.pdl.cmu.edu/pub/datasets/twemcacheWorkload/cacheDatasets/tencentBlock/v2/1M/tencentBlock_7713.oracleGeneral.zst
tencentBlock_v2_1M	https://ftp.pdl.cmu.edu/pub/datasets/twemcacheWorkload/cacheDatasets/tencentBlock/v2/1M/tencentBlock_7717.oracleGeneral.zst
tencentBlock_v2_1M	https://ftp.pdl.cmu.edu/pub/datasets/twemcacheWorkload/cacheDatasets/tencentBlock/v2/1M/tencentBlock_7726.oracleGeneral.zst
tencentBlock_v2_1M	https://ftp.pdl.cmu.edu/pub/datasets/twemcacheWorkload/cacheDatasets/tencentBlock/v2/1M/tencentBlock_7739.oracleGeneral.zst
tencentBlock_v2_1M	https://ftp.pdl.cmu.edu/pub/datasets/twemcacheWorkload/cacheDatasets/tencentBlock/v2/1M/tencentBlock_7741.oracleGeneral.zst
tencentBlock_v2_1M	https://ftp.pdl.cmu.edu/pub/datasets/twemcacheWorkload/cacheDatasets/tencentBlock/v2/1M/tencentBlock_7743.oracleGeneral.zst
tencentBlock_v2_1M	https://ftp.pdl.cmu.edu/pub/datasets/twemcacheWorkload/cacheDatasets/tencentBlock/v2/1M/tencentBlock_7750.oracleGeneral.zst
tencentBlock_v2_1M	https://ftp.pdl.cmu.edu/pub/datasets/twemcacheWorkload/cacheDatasets/tencentBlock/v2/1M/tencentBlock_7758.oracleGeneral.zst
tencentBlock_v2_1M	https://ftp.pdl.cmu.edu/pub/datasets/twemcacheWorkload/cacheDatasets/tencentBlock/v2/1M/tencentBlock_7763.oracleGeneral.zst
tencentBlock_v2_1M	https://ftp.pdl.cmu.edu/pub/datasets/twemcacheWorkload/cacheDatasets/tencentBlock/v2/1M/tencentBlock_7773.oracleGeneral.zst
tencentBlock_v2_1M	https://ftp.pdl.cmu.edu/pub/datasets/twemcacheWorkload/cacheDatasets/tencentBlock/v2/1M/tencentBlock_7775.oracleGeneral.zst
tencentBlock_v2_1M	https://ftp.pdl.cmu.edu/pub/datasets/twemcacheWorkload/cacheDatasets/tencentBlock/v2/1M/tencentBlock_7779.oracleGeneral.zst
tencentBlock_v2_1M	https://ftp.pdl.cmu.edu/pub/datasets/twemcacheWorkload/cacheDatasets/tencentBlock/v2/1M/tencentBlock_7782.oracleGeneral.zst
tencentBlock_v2_1M	https://ftp.pdl.cmu.edu/pub/datasets/twemcacheWorkload/cacheDatasets/tencentBlock/v2/1M/tencentBlock_7784.oracleGeneral.zst
tencentBlock_v2_1M	https://ftp.pdl.cmu.edu/pub/datasets/twemcacheWorkload/cacheDatasets/tencentBlock/v2/1M/tencentBlock_7792.oracleGeneral.zst
tencentBlock_v2_1M	https://ftp.pdl.cmu.edu/pub/datasets/twemcacheWorkload/cacheDatasets/tencentBlock/v2/1M/tencentBlock_7795.oracleGeneral.zst
tencentBlock_v2_1M	https://ftp.pdl.cmu.edu/pub/datasets/twemcacheWorkload/cacheDatasets/tencentBlock/v2/1M/tencentBlock_7802.oracleGeneral.zst
tencentBlock_v2_1M	https://ftp.pdl.cmu.edu/pub/datasets/twemcacheWorkload/cacheDatasets/tencentBlock/v2/1M/tencentBlock_7807.oracleGeneral.zst
tencentBlock_v2_1M	https://ftp.pdl.cmu.edu/pub/datasets/twemcacheWorkload/cacheDatasets/tencentBlock/v2/1M/tencentBlock_7814.oracleGeneral.zst
tencentBlock_v2_1M	https://ftp.pdl.cmu.edu/pub/datasets/twemcacheWorkload/cacheDatasets/tencentBlock/v2/1M/tencentBlock_7828.oracleGeneral.zst
tencentBlock_v2_1M	https://ftp.pdl.cmu.edu/pub/datasets/twemcacheWorkload/cacheDatasets/tencentBlock/v2/1M/tencentBlock_7841.oracleGeneral.zst
tencentBlock_v2_1M	https://ftp.pdl.cmu.edu/pub/datasets/twemcacheWorkload/cacheDatasets/tencentBlock/v2/1M/tencentBlock_7847.oracleGeneral.zst
tencentBlock_v2_1M	https://ftp.pdl.cmu.edu/pub/datasets/twemcacheWorkload/cacheDatasets/tencentBlock/v2/1M/tencentBlock_7859.oracleGeneral.zst
tencentBlock_v2_1M	https://ftp.pdl.cmu.edu/pub/datasets/twemcacheWorkload/cacheDatasets/tencentBlock/v2/1M/tencentBlock_7867.oracleGeneral.zst
tencentBlock_v2_1M	https://ftp.pdl.cmu.edu/pub/datasets/twemcacheWorkload/cacheDatasets/tencentBlock/v2/1M/tencentBlock_7875.oracleGeneral.zst
tencentBlock_v2_1M	https://ftp.pdl.cmu.edu/pub/datasets/twemcacheWorkload/cacheDatasets/tencentBlock/v2/1M/tencentBlock_7883.oracleGeneral.zst
tencentBlock_v2_1M	https://ftp.pdl.cmu.edu/pub/datasets/twemcacheWorkload/cacheDatasets/tencentBlock/v2/1M/tencentBlock_7889.oracleGeneral.zst
tencentBlock_v2_1M	https://ftp.pdl.cmu.edu/pub/datasets/twemcacheWorkload/cacheDatasets/tencentBlock/v2/1M/tencentBlock_7894.oracleGeneral.zst
tencentBlock_v2_1M	https://ftp.pdl.cmu.edu/pub/datasets/twemcacheWorkload/cacheDatasets/tencentBlock/v2/1M/tencentBlock_7898.oracleGeneral.zst
tencentBlock_v2_1M	https://ftp.pdl.cmu.edu/pub/datasets/twemcacheWorkload/cacheDatasets/tencentBlock/v2/1M/tencentBlock_7904.oracleGeneral.zst
tencentBlock_v2_1M	https://ftp.pdl.cmu.edu/pub/datasets/twemcacheWorkload/cacheDatasets/tencentBlock/v2/1M/tencentBlock_7909.oracleGeneral.zst
tencentBlock_v2_1M	https://ftp.pdl.cmu.edu/pub/datasets/twemcacheWorkload/cacheDatasets/tencentBlock/v2/1M/tencentBlock_7913.oracleGeneral.zst
tencentBlock_v2_1M	https://ftp.pdl.cmu.edu/pub/datasets/twemcacheWorkload/cacheDatasets/tencentBlock/v2/1M/tencentBlock_7915.oracleGeneral.zst
tencentBlock_v2_1M	https://ftp.pdl.cmu.edu/pub/datasets/twemcacheWorkload/cacheDatasets/tencentBlock/v2/1M/tencentBlock_7916.oracleGeneral.zst
tencentBlock_v2_1M	https://ftp.pdl.cmu.edu/pub/datasets/twemcacheWorkload/cacheDatasets/tencentBlock/v2/1M/tencentBlock_7924.oracleGeneral.zst
tencentBlock_v2_1M	https://ftp.pdl.cmu.edu/pub/datasets/twemcacheWorkload/cacheDatasets/tencentBlock/v2/1M/tencentBlock_7931.oracleGeneral.zst
tencentBlock_v2_1M	https://ftp.pdl.cmu.edu/pub/datasets/twemcacheWorkload/cacheDatasets/tencentBlock/v2/1M/tencentBlock_7937.oracleGeneral.zst
tencentBlock_v2_1M	https://ftp.pdl.cmu.edu/pub/datasets/twemcacheWorkload/cacheDatasets/tencentBlock/v2/1M/tencentBlock_7943.oracleGeneral.zst
tencentBlock_v2_1M	https://ftp.pdl.cmu.edu/pub/datasets/twemcacheWorkload/cacheDatasets/tencentBlock/v2/1M/tencentBlock_7952.oracleGeneral.zst
tencentBlock_v2_1M	https://ftp.pdl.cmu.edu/pub/datasets/twemcacheWorkload/cacheDatasets/tencentBlock/v2/1M/tencentBlock_7956.oracleGeneral.zst
tencentBlock_v2_1M	https://ftp.pdl.cmu.edu/pub/datasets/twemcacheWorkload/cacheDatasets/tencentBlock/v2/1M/tencentBlock_7962.oracleGeneral.zst
tencentBlock_v2_1M	https://ftp.pdl.cmu.edu/pub/datasets/twemcacheWorkload/cacheDatasets/tencentBlock/v2/1M/tencentBlock_7966.oracleGeneral.zst
tencentBlock_v2_1M	https://ftp.pdl.cmu.edu/pub/datasets/twemcacheWorkload/cacheDatasets/tencentBlock/v2/1M/tencentBlock_7970.oracleGeneral.zst
tencentBlock_v2_1M	https://ftp.pdl.cmu.edu/pub/datasets/twemcacheWorkload/cacheDatasets/tencentBlock/v2/1M/tencentBlock_7992.oracleGeneral.zst
tencentBlock_v2_1M	https://ftp.pdl.cmu.edu/pub/datasets/twemcacheWorkload/cacheDatasets/tencentBlock/v2/1M/tencentBlock_7994.oracleGeneral.zst
tencentBlock_v2_1M	https://ftp.pdl.cmu.edu/pub/datasets/twemcacheWorkload/cacheDatasets/tencentBlock/v2/1M/tencentBlock_7997.oracleGeneral.zst
tencentBlock_v2_1M	https://ftp.pdl.cmu.edu/pub/datasets/twemcacheWorkload/cacheDatasets/tencentBlock/v2/1M/tencentBlock_8000.oracleGeneral.zst
tencentBlock_v2_1M	https://ftp.pdl.cmu.edu/pub/datasets/twemcacheWorkload/cacheDatasets/tencentBlock/v2/1M/tencentBlock_8006.oracleGeneral.zst
tencentBlock_v2_1M	https://ftp.pdl.cmu.edu/pub/datasets/twemcacheWorkload/cacheDatasets/tencentBlock/v2/1M/tencentBlock_8011.oracleGeneral.zst
tencentBlock_v2_1M	https://ftp.pdl.cmu.edu/pub/datasets/twemcacheWorkload/cacheDatasets/tencentBlock/v2/1M/tencentBlock_8018.oracleGeneral.zst
tencentBlock_v2_1M	https://ftp.pdl.cmu.edu/pub/datasets/twemcacheWorkload/cacheDatasets/tencentBlock/v2/1M/tencentBlock_8021.oracleGeneral.zst
tencentBlock_v2_1M	https://ftp.pdl.cmu.edu/pub/datasets/twemcacheWorkload/cacheDatasets/tencentBlock/v2/1M/tencentBlock_8025.oracleGeneral.zst
tencentBlock_v2_1M	https://ftp.pdl.cmu.edu/pub/datasets/twemcacheWorkload/cacheDatasets/tencentBlock/v2/1M/tencentBlock_8029.oracleGeneral.zst
tencentBlock_v2_1M	https://ftp.pdl.cmu.edu/pub/datasets/twemcacheWorkload/cacheDatasets/tencentBlock/v2/1M/tencentBlock_8036.oracleGeneral.zst
tencentBlock_v2_1M	https://ftp.pdl.cmu.edu/pub/datasets/twemcacheWorkload/cacheDatasets/tencentBlock/v2/1M/tencentBlock_8053.oracleGeneral.zst
tencentBlock_v2_1M	https://ftp.pdl.cmu.edu/pub/datasets/twemcacheWorkload/cacheDatasets/tencentBlock/v2/1M/tencentBlock_8061.oracleGeneral.zst
tencentBlock_v2_1M	https://ftp.pdl.cmu.edu/pub/datasets/twemcacheWorkload/cacheDatasets/tencentBlock/v2/1M/tencentBlock_8065.oracleGeneral.zst
tencentBlock_v2_1M	https://ftp.pdl.cmu.edu/pub/datasets/twemcacheWorkload/cacheDatasets/tencentBlock/v2/1M/tencentBlock_8069.oracleGeneral.zst
tencentBlock_v2_1M	https://ftp.pdl.cmu.edu/pub/datasets/twemcacheWorkload/cacheDatasets/tencentBlock/v2/1M/tencentBlock_8078.oracleGeneral.zst
tencentBlock_v2_1M	https://ftp.pdl.cmu.edu/pub/datasets/twemcacheWorkload/cacheDatasets/tencentBlock/v2/1M/tencentBlock_8087.oracleGeneral.zst
tencentBlock_v2_1M	https://ftp.pdl.cmu.edu/pub/datasets/twemcacheWorkload/cacheDatasets/tencentBlock/v2/1M/tencentBlock_8102.oracleGeneral.zst
tencentBlock_v2_1M	https://ftp.pdl.cmu.edu/pub/datasets/twemcacheWorkload/cacheDatasets/tencentBlock/v2/1M/tencentBlock_8111.oracleGeneral.zst
tencentBlock_v2_1M	https://ftp.pdl.cmu.edu/pub/datasets/twemcacheWorkload/cacheDatasets/tencentBlock/v2/1M/tencentBlock_8114.oracleGeneral.zst
tencentBlock_v2_1M	https://ftp.pdl.cmu.edu/pub/datasets/twemcacheWorkload/cacheDatasets/tencentBlock/v2/1M/tencentBlock_8118.oracleGeneral.zst
tencentBlock_v2_1M	https://ftp.pdl.cmu.edu/pub/datasets/twemcacheWorkload/cacheDatasets/tencentBlock/v2/1M/tencentBlock_8119.oracleGeneral.zst
tencentBlock_v2_1M	https://ftp.pdl.cmu.edu/pub/datasets/twemcacheWorkload/cacheDatasets/tencentBlock/v2/1M/tencentBlock_8128.oracleGeneral.zst
tencentBlock_v2_1M	https://ftp.pdl.cmu.edu/pub/datasets/twemcacheWorkload/cacheDatasets/tencentBlock/v2/1M/tencentBlock_8135.oracleGeneral.zst
tencentBlock_v2_1M	https://ftp.pdl.cmu.edu/pub/datasets/twemcacheWorkload/cacheDatasets/tencentBlock/v2/1M/tencentBlock_8139.oracleGeneral.zst
tencentBlock_v2_1M	https://ftp.pdl.cmu.edu/pub/datasets/twemcacheWorkload/cacheDatasets/tencentBlock/v2/1M/tencentBlock_8147.oracleGeneral.zst
tencentBlock_v2_1M	https://ftp.pdl.cmu.edu/pub/datasets/twemcacheWorkload/cacheDatasets/tencentBlock/v2/1M/tencentBlock_8154.oracleGeneral.zst
tencentBlock_v2_1M	https://ftp.pdl.cmu.edu/pub/datasets/twemcacheWorkload/cacheDatasets/tencentBlock/v2/1M/tencentBlock_8155.oracleGeneral.zst
tencentBlock_v2_1M	https://ftp.pdl.cmu.edu/pub/datasets/twemcacheWorkload/cacheDatasets/tencentBlock/v2/1M/tencentBlock_8163.oracleGeneral.zst
tencentBlock_v2_1M	https://ftp.pdl.cmu.edu/pub/datasets/twemcacheWorkload/cacheDatasets/tencentBlock/v2/1M/tencentBlock_8173.oracleGeneral.zst
tencentBlock_v2_1M	https://ftp.pdl.cmu.edu/pub/datasets/twemcacheWorkload/cacheDatasets/tencentBlock/v2/1M/tencentBlock_8178.oracleGeneral.zst
tencentBlock_v2_1M	https://ftp.pdl.cmu.edu/pub/datasets/twemcacheWorkload/cacheDatasets/tencentBlock/v2/1M/tencentBlock_8187.oracleGeneral.zst
tencentBlock_v2_1M	https://ftp.pdl.cmu.edu/pub/datasets/twemcacheWorkload/cacheDatasets/tencentBlock/v2/1M/tencentBlock_8192.oracleGeneral.zst
tencentBlock_v2_1M	https://ftp.pdl.cmu.edu/pub/datasets/twemcacheWorkload/cacheDatasets/tencentBlock/v2/1M/tencentBlock_8202.oracleGeneral.zst
tencentBlock_v2_1M	https://ftp.pdl.cmu.edu/pub/datasets/twemcacheWorkload/cacheDatasets/tencentBlock/v2/1M/tencentBlock_8209.oracleGeneral.zst
tencentBlock_v2_1M	https://ftp.pdl.cmu.edu/pub/datasets/twemcacheWorkload/cacheDatasets/tencentBlock/v2/1M/tencentBlock_8216.oracleGeneral.zst
tencentBlock_v2_1M	https://ftp.pdl.cmu.edu/pub/datasets/twemcacheWorkload/cacheDatasets/tencentBlock/v2/1M/tencentBlock_8222.oracleGeneral.zst
tencentBlock_v2_1M	https://ftp.pdl.cmu.edu/pub/datasets/twemcacheWorkload/cacheDatasets/tencentBlock/v2/1M/tencentBlock_8227.oracleGeneral.zst
tencentBlock_v2_1M	https://ftp.pdl.cmu.edu/pub/datasets/twemcacheWorkload/cacheDatasets/tencentBlock/v2/1M/tencentBlock_8238.oracleGeneral.zst
tencentBlock_v2_1M	https://ftp.pdl.cmu.edu/pub/datasets/twemcacheWorkload/cacheDatasets/tencentBlock/v2/1M/tencentBlock_8247.oracleGeneral.zst
tencentBlock_v2_1M	https://ftp.pdl.cmu.edu/pub/datasets/twemcacheWorkload/cacheDatasets/tencentBlock/v2/1M/tencentBlock_8253.oracleGeneral.zst
tencentBlock_v2_1M	https://ftp.pdl.cmu.edu/pub/datasets/twemcacheWorkload/cacheDatasets/tencentBlock/v2/1M/tencentBlock_8269.oracleGeneral.zst
tencentBlock_v2_1M	https://ftp.pdl.cmu.edu/pub/datasets/twemcacheWorkload/cacheDatasets/tencentBlock/v2/1M/tencentBlock_8278.oracleGeneral.zst
tencentBlock_v2_1M	https://ftp.pdl.cmu.edu/pub/datasets/twemcacheWorkload/cacheDatasets/tencentBlock/v2/1M/tencentBlock_8280.oracleGeneral.zst
tencentBlock_v2_1M	https://ftp.pdl.cmu.edu/pub/datasets/twemcacheWorkload/cacheDatasets/tencentBlock/v2/1M/tencentBlock_8287.oracleGeneral.zst
tencentBlock_v2_1M	https://ftp.pdl.cmu.edu/pub/datasets/twemcacheWorkload/cacheDatasets/tencentBlock/v2/1M/tencentBlock_8299.oracleGeneral.zst
tencentBlock_v2_1M	https://ftp.pdl.cmu.edu/pub/datasets/twemcacheWorkload/cacheDatasets/tencentBlock/v2/1M/tencentBlock_8308.oracleGeneral.zst
tencentBlock_v2_1M	https://ftp.pdl.cmu.edu/pub/datasets/twemcacheWorkload/cacheDatasets/tencentBlock/v2/1M/tencentBlock_8319.oracleGeneral.zst
tencentBlock_v2_1M	https://ftp.pdl.cmu.edu/pub/datasets/twemcacheWorkload/cacheDatasets/tencentBlock/v2/1M/tencentBlock_8327.oracleGeneral.zst
tencentBlock_v2_1M	https://ftp.pdl.cmu.edu/pub/datasets/twemcacheWorkload/cacheDatasets/tencentBlock/v2/1M/tencentBlock_8331.oracleGeneral.zst
tencentBlock_v2_1M	https://ftp.pdl.cmu.edu/pub/datasets/twemcacheWorkload/cacheDatasets/tencentBlock/v2/1M/tencentBlock_8338.oracleGeneral.zst
tencentBlock_v2_1M	https://ftp.pdl.cmu.edu/pub/datasets/twemcacheWorkload/cacheDatasets/tencentBlock/v2/1M/tencentBlock_8353.oracleGeneral.zst
tencentBlock_v2_1M	https://ftp.pdl.cmu.edu/pub/datasets/twemcacheWorkload/cacheDatasets/tencentBlock/v2/1M/tencentBlock_8361.oracleGeneral.zst
tencentBlock_v2_1M	https://ftp.pdl.cmu.edu/pub/datasets/twemcacheWorkload/cacheDatasets/tencentBlock/v2/1M/tencentBlock_8363.oracleGeneral.zst
tencentBlock_v2_1M	https://ftp.pdl.cmu.edu/pub/datasets/twemcacheWorkload/cacheDatasets/tencentBlock/v2/1M/tencentBlock_8371.oracleGeneral.zst
tencentBlock_v2_1M	https://ftp.pdl.cmu.edu/pub/datasets/twemcacheWorkload/cacheDatasets/tencentBlock/v2/1M/tencentBlock_8380.oracleGeneral.zst
tencentBlock_v2_1M	https://ftp.pdl.cmu.edu/pub/datasets/twemcacheWorkload/cacheDatasets/tencentBlock/v2/1M/tencentBlock_8381.oracleGeneral.zst
tencentBlock_v2_1M	https://ftp.pdl.cmu.edu/pub/datasets/twemcacheWorkload/cacheDatasets/tencentBlock/v2/1M/tencentBlock_8388.oracleGeneral.zst
tencentBlock_v2_1M	https://ftp.pdl.cmu.edu/pub/datasets/twemcacheWorkload/cacheDatasets/tencentBlock/v2/1M/tencentBlock_8393.oracleGeneral.zst
tencentBlock_v2_1M	https://ftp.pdl.cmu.edu/pub/datasets/twemcacheWorkload/cacheDatasets/tencentBlock/v2/1M/tencentBlock_8402.oracleGeneral.zst
tencentBlock_v2_1M	https://ftp.pdl.cmu.edu/pub/datasets/twemcacheWorkload/cacheDatasets/tencentBlock/v2/1M/tencentBlock_8411.oracleGeneral.zst
tencentBlock_v2_1M	https://ftp.pdl.cmu.edu/pub/datasets/twemcacheWorkload/cacheDatasets/tencentBlock/v2/1M/tencentBlock_8417.oracleGeneral.zst
tencentBlock_v2_1M	https://ftp.pdl.cmu.edu/pub/datasets/twemcacheWorkload/cacheDatasets/tencentBlock/v2/1M/tencentBlock_8423.oracleGeneral.zst
tencentBlock_v2_1M	https://ftp.pdl.cmu.edu/pub/datasets/twemcacheWorkload/cacheDatasets/tencentBlock/v2/1M/tencentBlock_8425.oracleGeneral.zst
tencentBlock_v2_1M	https://ftp.pdl.cmu.edu/pub/datasets/twemcacheWorkload/cacheDatasets/tencentBlock/v2/1M/tencentBlock_8433.oracleGeneral.zst
tencentBlock_v2_1M	https://ftp.pdl.cmu.edu/pub/datasets/twemcacheWorkload/cacheDatasets/tencentBlock/v2/1M/tencentBlock_8448.oracleGeneral.zst
tencentBlock_v2_1M	https://ftp.pdl.cmu.edu/pub/datasets/twemcacheWorkload/cacheDatasets/tencentBlock/v2/1M/tencentBlock_8450.oracleGeneral.zst
tencentBlock_v2_1M	https://ftp.pdl.cmu.edu/pub/datasets/twemcacheWorkload/cacheDatasets/tencentBlock/v2/1M/tencentBlock_8456.oracleGeneral.zst
tencentBlock_v2_1M	https://ftp.pdl.cmu.edu/pub/datasets/twemcacheWorkload/cacheDatasets/tencentBlock/v2/1M/tencentBlock_8462.oracleGeneral.zst
tencentBlock_v2_1M	https://ftp.pdl.cmu.edu/pub/datasets/twemcacheWorkload/cacheDatasets/tencentBlock/v2/1M/tencentBlock_8468.oracleGeneral.zst
tencentBlock_v2_1M	https://ftp.pdl.cmu.edu/pub/datasets/twemcacheWorkload/cacheDatasets/tencentBlock/v2/1M/tencentBlock_8471.oracleGeneral.zst
tencentBlock_v2_1M	https://ftp.pdl.cmu.edu/pub/datasets/twemcacheWorkload/cacheDatasets/tencentBlock/v2/1M/tencentBlock_8486.oracleGeneral.zst
tencentBlock_v2_1M	https://ftp.pdl.cmu.edu/pub/datasets/twemcacheWorkload/cacheDatasets/tencentBlock/v2/1M/tencentBlock_8494.oracleGeneral.zst
tencentBlock_v2_1M	https://ftp.pdl.cmu.edu/pub/datasets/twemcacheWorkload/cacheDatasets/tencentBlock/v2/1M/tencentBlock_8498.oracleGeneral.zst
tencentBlock_v2_1M	https://ftp.pdl.cmu.edu/pub/datasets/twemcacheWorkload/cacheDatasets/tencentBlock/v2/1M/tencentBlock_8507.oracleGeneral.zst
tencentBlock_v2_1M	https://ftp.pdl.cmu.edu/pub/datasets/twemcacheWorkload/cacheDatasets/tencentBlock/v2/1M/tencentBlock_8513.oracleGeneral.zst
tencentBlock_v2_1M	https://ftp.pdl.cmu.edu/pub/datasets/twemcacheWorkload/cacheDatasets/tencentBlock/v2/1M/tencentBlock_8516.oracleGeneral.zst
tencentBlock_v2_1M	https://ftp.pdl.cmu.edu/pub/datasets/twemcacheWorkload/cacheDatasets/tencentBlock/v2/1M/tencentBlock_8519.oracleGeneral.zst
tencentBlock_v2_1M	https://ftp.pdl.cmu.edu/pub/datasets/twemcacheWorkload/cacheDatasets/tencentBlock/v2/1M/tencentBlock_8523.oracleGeneral.zst
tencentBlock_v2_1M	https://ftp.pdl.cmu.edu/pub/datasets/twemcacheWorkload/cacheDatasets/tencentBlock/v2/1M/tencentBlock_8528.oracleGeneral.zst
tencentBlock_v2_1M	https://ftp.pdl.cmu.edu/pub/datasets/twemcacheWorkload/cacheDatasets/tencentBlock/v2/1M/tencentBlock_8530.oracleGeneral.zst
tencentBlock_v2_1M	https://ftp.pdl.cmu.edu/pub/datasets/twemcacheWorkload/cacheDatasets/tencentBlock/v2/1M/tencentBlock_8546.oracleGeneral.zst
tencentBlock_v2_1M	https://ftp.pdl.cmu.edu/pub/datasets/twemcacheWorkload/cacheDatasets/tencentBlock/v2/1M/tencentBlock_8554.oracleGeneral.zst
tencentBlock_v2_1M	https://ftp.pdl.cmu.edu/pub/datasets/twemcacheWorkload/cacheDatasets/tencentBlock/v2/1M/tencentBlock_8564.oracleGeneral.zst
tencentBlock_v2_1M	https://ftp.pdl.cmu.edu/pub/datasets/twemcacheWorkload/cacheDatasets/tencentBlock/v2/1M/tencentBlock_8566.oracleGeneral.zst
tencentBlock_v2_1M	https://ftp.pdl.cmu.edu/pub/datasets/twemcacheWorkload/cacheDatasets/tencentBlock/v2/1M/tencentBlock_8575.oracleGeneral.zst
tencentBlock_v2_1M	https://ftp.pdl.cmu.edu/pub/datasets/twemcacheWorkload/cacheDatasets/tencentBlock/v2/1M/tencentBlock_8581.oracleGeneral.zst
tencentBlock_v2_1M	https://ftp.pdl.cmu.edu/pub/datasets/twemcacheWorkload/cacheDatasets/tencentBlock/v2/1M/tencentBlock_8584.oracleGeneral.zst
tencentBlock_v2_1M	https://ftp.pdl.cmu.edu/pub/datasets/twemcacheWorkload/cacheDatasets/tencentBlock/v2/1M/tencentBlock_8587.oracleGeneral.zst
tencentBlock_v2_1M	https://ftp.pdl.cmu.edu/pub/datasets/twemcacheWorkload/cacheDatasets/tencentBlock/v2/1M/tencentBlock_8597.oracleGeneral.zst
tencentBlock_v2_1M	https://ftp.pdl.cmu.edu/pub/datasets/twemcacheWorkload/cacheDatasets/tencentBlock/v2/1M/tencentBlock_8605.oracleGeneral.zst
tencentBlock_v2_1M	https://ftp.pdl.cmu.edu/pub/datasets/twemcacheWorkload/cacheDatasets/tencentBlock/v2/1M/tencentBlock_8608.oracleGeneral.zst
tencentBlock_v2_1M	https://ftp.pdl.cmu.edu/pub/datasets/twemcacheWorkload/cacheDatasets/tencentBlock/v2/1M/tencentBlock_8623.oracleGeneral.zst
tencentBlock_v2_1M	https://ftp.pdl.cmu.edu/pub/datasets/twemcacheWorkload/cacheDatasets/tencentBlock/v2/1M/tencentBlock_8629.oracleGeneral.zst
tencentBlock_v2_1M	https://ftp.pdl.cmu.edu/pub/datasets/twemcacheWorkload/cacheDatasets/tencentBlock/v2/1M/tencentBlock_8631.oracleGeneral.zst
tencentBlock_v2_1M	https://ftp.pdl.cmu.edu/pub/datasets/twemcacheWorkload/cacheDatasets/tencentBlock/v2/1M/tencentBlock_8638.oracleGeneral.zst
tencentBlock_v2_1M	https://ftp.pdl.cmu.edu/pub/datasets/twemcacheWorkload/cacheDatasets/tencentBlock/v2/1M/tencentBlock_8639.oracleGeneral.zst
tencentBlock_v2_1M	https://ftp.pdl.cmu.edu/pub/datasets/twemcacheWorkload/cacheDatasets/tencentBlock/v2/1M/tencentBlock_8648.oracleGeneral.zst
tencentBlock_v2_1M	https://ftp.pdl.cmu.edu/pub/datasets/twemcacheWorkload/cacheDatasets/tencentBlock/v2/1M/tencentBlock_8655.oracleGeneral.zst
tencentBlock_v2_1M	https://ftp.pdl.cmu.edu/pub/datasets/twemcacheWorkload/cacheDatasets/tencentBlock/v2/1M/tencentBlock_8659.oracleGeneral.zst
tencentBlock_v2_1M	https://ftp.pdl.cmu.edu/pub/datasets/twemcacheWorkload/cacheDatasets/tencentBlock/v2/1M/tencentBlock_8665.oracleGeneral.zst
tencentBlock_v2_1M	https://ftp.pdl.cmu.edu/pub/datasets/twemcacheWorkload/cacheDatasets/tencentBlock/v2/1M/tencentBlock_8673.oracleGeneral.zst
tencentBlock_v2_1M	https://ftp.pdl.cmu.edu/pub/datasets/twemcacheWorkload/cacheDatasets/tencentBlock/v2/1M/tencentBlock_8680.oracleGeneral.zst
tencentBlock_v2_1M	https://ftp.pdl.cmu.edu/pub/datasets/twemcacheWorkload/cacheDatasets/tencentBlock/v2/1M/tencentBlock_8689.oracleGeneral.zst
tencentBlock_v2_1M	https://ftp.pdl.cmu.edu/pub/datasets/twemcacheWorkload/cacheDatasets/tencentBlock/v2/1M/tencentBlock_8699.oracleGeneral.zst
tencentBlock_v2_1M	https://ftp.pdl.cmu.edu/pub/datasets/twemcacheWorkload/cacheDatasets/tencentBlock/v2/1M/tencentBlock_8704.oracleGeneral.zst
tencentBlock_v2_1M	https://ftp.pdl.cmu.edu/pub/datasets/twemcacheWorkload/cacheDatasets/tencentBlock/v2/1M/tencentBlock_8709.oracleGeneral.zst
tencentBlock_v2_1M	https://ftp.pdl.cmu.edu/pub/datasets/twemcacheWorkload/cacheDatasets/tencentBlock/v2/1M/tencentBlock_8722.oracleGeneral.zst
tencentBlock_v2_1M	https://ftp.pdl.cmu.edu/pub/datasets/twemcacheWorkload/cacheDatasets/tencentBlock/v2/1M/tencentBlock_8729.oracleGeneral.zst
tencentBlock_v2_1M	https://ftp.pdl.cmu.edu/pub/datasets/twemcacheWorkload/cacheDatasets/tencentBlock/v2/1M/tencentBlock_8735.oracleGeneral.zst
tencentBlock_v2_1M	https://ftp.pdl.cmu.edu/pub/datasets/twemcacheWorkload/cacheDatasets/tencentBlock/v2/1M/tencentBlock_8742.oracleGeneral.zst
tencentBlock_v2_1M	https://ftp.pdl.cmu.edu/pub/datasets/twemcacheWorkload/cacheDatasets/tencentBlock/v2/1M/tencentBlock_8747.oracleGeneral.zst
tencentBlock_v2_1M	https://ftp.pdl.cmu.edu/pub/datasets/twemcacheWorkload/cacheDatasets/tencentBlock/v2/1M/tencentBlock_8749.oracleGeneral.zst
tencentBlock_v2_1M	https://ftp.pdl.cmu.edu/pub/datasets/twemcacheWorkload/cacheDatasets/tencentBlock/v2/1M/tencentBlock_8757.oracleGeneral.zst
tencentBlock_v2_1M	https://ftp.pdl.cmu.edu/pub/datasets/twemcacheWorkload/cacheDatasets/tencentBlock/v2/1M/tencentBlock_8768.oracleGeneral.zst
tencentBlock_v2_1M	https://ftp.pdl.cmu.edu/pub/datasets/twemcacheWorkload/cacheDatasets/tencentBlock/v2/1M/tencentBlock_8779.oracleGeneral.zst
tencentBlock_v2_1M	https://ftp.pdl.cmu.edu/pub/datasets/twemcacheWorkload/cacheDatasets/tencentBlock/v2/1M/tencentBlock_8787.oracleGeneral.zst
tencentBlock_v2_1M	https://ftp.pdl.cmu.edu/pub/datasets/twemcacheWorkload/cacheDatasets/tencentBlock/v2/1M/tencentBlock_8796.oracleGeneral.zst
tencentBlock_v2_1M	https://ftp.pdl.cmu.edu/pub/datasets/twemcacheWorkload/cacheDatasets/tencentBlock/v2/1M/tencentBlock_8804.oracleGeneral.zst
tencentBlock_v2_1M	https://ftp.pdl.cmu.edu/pub/datasets/twemcacheWorkload/cacheDatasets/tencentBlock/v2/1M/tencentBlock_8807.oracleGeneral.zst
tencentBlock_v2_1M	https://ftp.pdl.cmu.edu/pub/datasets/twemcacheWorkload/cacheDatasets/tencentBlock/v2/1M/tencentBlock_8834.oracleGeneral.zst
tencentBlock_v2_1M	https://ftp.pdl.cmu.edu/pub/datasets/twemcacheWorkload/cacheDatasets/tencentBlock/v2/1M/tencentBlock_8835.oracleGeneral.zst
tencentBlock_v2_1M	https://ftp.pdl.cmu.edu/pub/datasets/twemcacheWorkload/cacheDatasets/tencentBlock/v2/1M/tencentBlock_8840.oracleGeneral.zst
tencentBlock_v2_1M	https://ftp.pdl.cmu.edu/pub/datasets/twemcacheWorkload/cacheDatasets/tencentBlock/v2/1M/tencentBlock_8844.oracleGeneral.zst
tencentBlock_v2_1M	https://ftp.pdl.cmu.edu/pub/datasets/twemcacheWorkload/cacheDatasets/tencentBlock/v2/1M/tencentBlock_8851.oracleGeneral.zst
tencentBlock_v2_1M	https://ftp.pdl.cmu.edu/pub/datasets/twemcacheWorkload/cacheDatasets/tencentBlock/v2/1M/tencentBlock_8852.oracleGeneral.zst
tencentBlock_v2_1M	https://ftp.pdl.cmu.edu/pub/datasets/twemcacheWorkload/cacheDatasets/tencentBlock/v2/1M/tencentBlock_8861.oracleGeneral.zst
tencentBlock_v2_1M	https://ftp.pdl.cmu.edu/pub/datasets/twemcacheWorkload/cacheDatasets/tencentBlock/v2/1M/tencentBlock_8872.oracleGeneral.zst
tencentBlock_v2_1M	https://ftp.pdl.cmu.edu/pub/datasets/twemcacheWorkload/cacheDatasets/tencentBlock/v2/1M/tencentBlock_8877.oracleGeneral.zst
tencentBlock_v2_1M	https://ftp.pdl.cmu.edu/pub/datasets/twemcacheWorkload/cacheDatasets/tencentBlock/v2/1M/tencentBlock_8893.oracleGeneral.zst
tencentBlock_v2_1M	https://ftp.pdl.cmu.edu/pub/datasets/twemcacheWorkload/cacheDatasets/tencentBlock/v2/1M/tencentBlock_8905.oracleGeneral.zst
tencentBlock_v2_1M	https://ftp.pdl.cmu.edu/pub/datasets/twemcacheWorkload/cacheDatasets/tencentBlock/v2/1M/tencentBlock_8912.oracleGeneral.zst
tencentBlock_v2_1M	https://ftp.pdl.cmu.edu/pub/datasets/twemcacheWorkload/cacheDatasets/tencentBlock/v2/1M/tencentBlock_8920.oracleGeneral.zst
tencentBlock_v2_1M	https://ftp.pdl.cmu.edu/pub/datasets/twemcacheWorkload/cacheDatasets/tencentBlock/v2/1M/tencentBlock_8927.oracleGeneral.zst
tencentBlock_v2_1M	https://ftp.pdl.cmu.edu/pub/datasets/twemcacheWorkload/cacheDatasets/tencentBlock/v2/1M/tencentBlock_8932.oracleGeneral.zst
tencentBlock_v2_1M	https://ftp.pdl.cmu.edu/pub/datasets/twemcacheWorkload/cacheDatasets/tencentBlock/v2/1M/tencentBlock_8956.oracleGeneral.zst
tencentBlock_v2_1M	https://ftp.pdl.cmu.edu/pub/datasets/twemcacheWorkload/cacheDatasets/tencentBlock/v2/1M/tencentBlock_8957.oracleGeneral.zst
tencentBlock_v2_1M	https://ftp.pdl.cmu.edu/pub/datasets/twemcacheWorkload/cacheDatasets/tencentBlock/v2/1M/tencentBlock_8964.oracleGeneral.zst
tencentBlock_v2_1M	https://ftp.pdl.cmu.edu/pub/datasets/twemcacheWorkload/cacheDatasets/tencentBlock/v2/1M/tencentBlock_8970.oracleGeneral.zst
tencentBlock_v2_1M	https://ftp.pdl.cmu.edu/pub/datasets/twemcacheWorkload/cacheDatasets/tencentBlock/v2/1M/tencentBlock_8974.oracleGeneral.zst
tencentBlock_v2_1M	https://ftp.pdl.cmu.edu/pub/datasets/twemcacheWorkload/cacheDatasets/tencentBlock/v2/1M/tencentBlock_8981.oracleGeneral.zst
tencentBlock_v2_1M	https://ftp.pdl.cmu.edu/pub/datasets/twemcacheWorkload/cacheDatasets/tencentBlock/v2/1M/tencentBlock_8989.oracleGeneral.zst
tencentBlock_v2_1M	https://ftp.pdl.cmu.edu/pub/datasets/twemcacheWorkload/cacheDatasets/tencentBlock/v2/1M/tencentBlock_8996.oracleGeneral.zst
tencentBlock_v2_1M	https://ftp.pdl.cmu.edu/pub/datasets/twemcacheWorkload/cacheDatasets/tencentBlock/v2/1M/tencentBlock_9002.oracleGeneral.zst
tencentBlock_v2_1M	https://ftp.pdl.cmu.edu/pub/datasets/twemcacheWorkload/cacheDatasets/tencentBlock/v2/1M/tencentBlock_9006.oracleGeneral.zst
tencentBlock_v2_1M	https://ftp.pdl.cmu.edu/pub/datasets/twemcacheWorkload/cacheDatasets/tencentBlock/v2/1M/tencentBlock_9011.oracleGeneral.zst
tencentBlock_v2_1M	https://ftp.pdl.cmu.edu/pub/datasets/twemcacheWorkload/cacheDatasets/tencentBlock/v2/1M/tencentBlock_9018.oracleGeneral.zst
tencentBlock_v2_1M	https://ftp.pdl.cmu.edu/pub/datasets/twemcacheWorkload/cacheDatasets/tencentBlock/v2/1M/tencentBlock_9024.oracleGeneral.zst
tencentBlock_v2_1M	https://ftp.pdl.cmu.edu/pub/datasets/twemcacheWorkload/cacheDatasets/tencentBlock/v2/1M/tencentBlock_9046.oracleGeneral.zst
tencentBlock_v2_1M	https://ftp.pdl.cmu.edu/pub/datasets/twemcacheWorkload/cacheDatasets/tencentBlock/v2/1M/tencentBlock_9049.oracleGeneral.zst
tencentBlock_v2_1M	https://ftp.pdl.cmu.edu/pub/datasets/twemcacheWorkload/cacheDatasets/tencentBlock/v2/1M/tencentBlock_9063.oracleGeneral.zst
tencentBlock_v2_1M	https://ftp.pdl.cmu.edu/pub/datasets/twemcacheWorkload/cacheDatasets/tencentBlock/v2/1M/tencentBlock_9075.oracleGeneral.zst
tencentBlock_v2_1M	https://ftp.pdl.cmu.edu/pub/datasets/twemcacheWorkload/cacheDatasets/tencentBlock/v2/1M/tencentBlock_9083.oracleGeneral.zst
tencentBlock_v2_1M	https://ftp.pdl.cmu.edu/pub/datasets/twemcacheWorkload/cacheDatasets/tencentBlock/v2/1M/tencentBlock_9099.oracleGeneral.zst
tencentBlock_v2_1M	https://ftp.pdl.cmu.edu/pub/datasets/twemcacheWorkload/cacheDatasets/tencentBlock/v2/1M/tencentBlock_9122.oracleGeneral.zst
tencentBlock_v2_1M	https://ftp.pdl.cmu.edu/pub/datasets/twemcacheWorkload/cacheDatasets/tencentBlock/v2/1M/tencentBlock_9133.oracleGeneral.zst
tencentBlock_v2_1M	https://ftp.pdl.cmu.edu/pub/datasets/twemcacheWorkload/cacheDatasets/tencentBlock/v2/1M/tencentBlock_9141.oracleGeneral.zst
tencentBlock_v2_1M	https://ftp.pdl.cmu.edu/pub/datasets/twemcacheWorkload/cacheDatasets/tencentBlock/v2/1M/tencentBlock_9149.oracleGeneral.zst
tencentBlock_v2_1M	https://ftp.pdl.cmu.edu/pub/datasets/twemcacheWorkload/cacheDatasets/tencentBlock/v2/1M/tencentBlock_9157.oracleGeneral.zst
tencentBlock_v2_1M	https://ftp.pdl.cmu.edu/pub/datasets/twemcacheWorkload/cacheDatasets/tencentBlock/v2/1M/tencentBlock_9161.oracleGeneral.zst
tencentBlock_v2_1M	https://ftp.pdl.cmu.edu/pub/datasets/twemcacheWorkload/cacheDatasets/tencentBlock/v2/1M/tencentBlock_9166.oracleGeneral.zst
tencentBlock_v2_1M	https://ftp.pdl.cmu.edu/pub/datasets/twemcacheWorkload/cacheDatasets/tencentBlock/v2/1M/tencentBlock_9171.oracleGeneral.zst
tencentBlock_v2_1M	https://ftp.pdl.cmu.edu/pub/datasets/twemcacheWorkload/cacheDatasets/tencentBlock/v2/1M/tencentBlock_9177.oracleGeneral.zst
tencentBlock_v2_1M	https://ftp.pdl.cmu.edu/pub/datasets/twemcacheWorkload/cacheDatasets/tencentBlock/v2/1M/tencentBlock_9189.oracleGeneral.zst
tencentBlock_v2_1M	https://ftp.pdl.cmu.edu/pub/datasets/twemcacheWorkload/cacheDatasets/tencentBlock/v2/1M/tencentBlock_9190.oracleGeneral.zst
tencentBlock_v2_1M	https://ftp.pdl.cmu.edu/pub/datasets/twemcacheWorkload/cacheDatasets/tencentBlock/v2/1M/tencentBlock_9193.oracleGeneral.zst
tencentBlock_v2_1M	https://ftp.pdl.cmu.edu/pub/datasets/twemcacheWorkload/cacheDatasets/tencentBlock/v2/1M/tencentBlock_9202.oracleGeneral.zst
tencentBlock_v2_1M	https://ftp.pdl.cmu.edu/pub/datasets/twemcacheWorkload/cacheDatasets/tencentBlock/v2/1M/tencentBlock_9210.oracleGeneral.zst
tencentBlock_v2_1M	https://ftp.pdl.cmu.edu/pub/datasets/twemcacheWorkload/cacheDatasets/tencentBlock/v2/1M/tencentBlock_9220.oracleGeneral.zst
tencentBlock_v2_1M	https://ftp.pdl.cmu.edu/pub/datasets/twemcacheWorkload/cacheDatasets/tencentBlock/v2/1M/tencentBlock_9227.oracleGeneral.zst
tencentBlock_v2_1M	https://ftp.pdl.cmu.edu/pub/datasets/twemcacheWorkload/cacheDatasets/tencentBlock/v2/1M/tencentBlock_9237.oracleGeneral.zst
tencentBlock_v2_1M	https://ftp.pdl.cmu.edu/pub/datasets/twemcacheWorkload/cacheDatasets/tencentBlock/v2/1M/tencentBlock_9240.oracleGeneral.zst
tencentBlock_v2_1M	https://ftp.pdl.cmu.edu/pub/datasets/twemcacheWorkload/cacheDatasets/tencentBlock/v2/1M/tencentBlock_9249.oracleGeneral.zst
tencentBlock_v2_1M	https://ftp.pdl.cmu.edu/pub/datasets/twemcacheWorkload/cacheDatasets/tencentBlock/v2/1M/tencentBlock_9253.oracleGeneral.zst
tencentBlock_v2_1M	https://ftp.pdl.cmu.edu/pub/datasets/twemcacheWorkload/cacheDatasets/tencentBlock/v2/1M/tencentBlock_9272.oracleGeneral.zst
tencentBlock_v2_1M	https://ftp.pdl.cmu.edu/pub/datasets/twemcacheWorkload/cacheDatasets/tencentBlock/v2/1M/tencentBlock_9278.oracleGeneral.zst
tencentBlock_v2_1M	https://ftp.pdl.cmu.edu/pub/datasets/twemcacheWorkload/cacheDatasets/tencentBlock/v2/1M/tencentBlock_9289.oracleGeneral.zst
tencentBlock_v2_1M	https://ftp.pdl.cmu.edu/pub/datasets/twemcacheWorkload/cacheDatasets/tencentBlock/v2/1M/tencentBlock_9296.oracleGeneral.zst
tencentBlock_v2_1M	https://ftp.pdl.cmu.edu/pub/datasets/twemcacheWorkload/cacheDatasets/tencentBlock/v2/1M/tencentBlock_9302.oracleGeneral.zst
tencentBlock_v2_1M	https://ftp.pdl.cmu.edu/pub/datasets/twemcacheWorkload/cacheDatasets/tencentBlock/v2/1M/tencentBlock_9310.oracleGeneral.zst
tencentBlock_v2_1M	https://ftp.pdl.cmu.edu/pub/datasets/twemcacheWorkload/cacheDatasets/tencentBlock/v2/1M/tencentBlock_9312.oracleGeneral.zst
tencentBlock_v2_1M	https://ftp.pdl.cmu.edu/pub/datasets/twemcacheWorkload/cacheDatasets/tencentBlock/v2/1M/tencentBlock_9313.oracleGeneral.zst
tencentBlock_v2_1M	https://ftp.pdl.cmu.edu/pub/datasets/twemcacheWorkload/cacheDatasets/tencentBlock/v2/1M/tencentBlock_9319.oracleGeneral.zst
tencentBlock_v2_1M	https://ftp.pdl.cmu.edu/pub/datasets/twemcacheWorkload/cacheDatasets/tencentBlock/v2/1M/tencentBlock_9327.oracleGeneral.zst
tencentBlock_v2_1M	https://ftp.pdl.cmu.edu/pub/datasets/twemcacheWorkload/cacheDatasets/tencentBlock/v2/1M/tencentBlock_9336.oracleGeneral.zst
tencentBlock_v2_1M	https://ftp.pdl.cmu.edu/pub/datasets/twemcacheWorkload/cacheDatasets/tencentBlock/v2/1M/tencentBlock_9353.oracleGeneral.zst
tencentBlock_v2_1M	https://ftp.pdl.cmu.edu/pub/datasets/twemcacheWorkload/cacheDatasets/tencentBlock/v2/1M/tencentBlock_9356.oracleGeneral.zst
tencentBlock_v2_1M	https://ftp.pdl.cmu.edu/pub/datasets/twemcacheWorkload/cacheDatasets/tencentBlock/v2/1M/tencentBlock_9358.oracleGeneral.zst
tencentBlock_v2_1M	https://ftp.pdl.cmu.edu/pub/datasets/twemcacheWorkload/cacheDatasets/tencentBlock/v2/1M/tencentBlock_9365.oracleGeneral.zst
tencentBlock_v2_1M	https://ftp.pdl.cmu.edu/pub/datasets/twemcacheWorkload/cacheDatasets/tencentBlock/v2/1M/tencentBlock_9366.oracleGeneral.zst
tencentBlock_v2_1M	https://ftp.pdl.cmu.edu/pub/datasets/twemcacheWorkload/cacheDatasets/tencentBlock/v2/1M/tencentBlock_9385.oracleGeneral.zst
tencentBlock_v2_1M	https://ftp.pdl.cmu.edu/pub/datasets/twemcacheWorkload/cacheDatasets/tencentBlock/v2/1M/tencentBlock_9388.oracleGeneral.zst
tencentBlock_v2_1M	https://ftp.pdl.cmu.edu/pub/datasets/twemcacheWorkload/cacheDatasets/tencentBlock/v2/1M/tencentBlock_9391.oracleGeneral.zst
tencentBlock_v2_1M	https://ftp.pdl.cmu.edu/pub/datasets/twemcacheWorkload/cacheDatasets/tencentBlock/v2/1M/tencentBlock_9397.oracleGeneral.zst
tencentBlock_v2_1M	https://ftp.pdl.cmu.edu/pub/datasets/twemcacheWorkload/cacheDatasets/tencentBlock/v2/1M/tencentBlock_9408.oracleGeneral.zst
tencentBlock_v2_1M	https://ftp.pdl.cmu.edu/pub/datasets/twemcacheWorkload/cacheDatasets/tencentBlock/v2/1M/tencentBlock_9413.oracleGeneral.zst
tencentBlock_v2_1M	https://ftp.pdl.cmu.edu/pub/datasets/twemcacheWorkload/cacheDatasets/tencentBlock/v2/1M/tencentBlock_9419.oracleGeneral.zst
tencentBlock_v2_1M	https://ftp.pdl.cmu.edu/pub/datasets/twemcacheWorkload/cacheDatasets/tencentBlock/v2/1M/tencentBlock_9422.oracleGeneral.zst
tencentBlock_v2_1M	https://ftp.pdl.cmu.edu/pub/datasets/twemcacheWorkload/cacheDatasets/tencentBlock/v2/1M/tencentBlock_9426.oracleGeneral.zst
tencentBlock_v2_1M	https://ftp.pdl.cmu.edu/pub/datasets/twemcacheWorkload/cacheDatasets/tencentBlock/v2/1M/tencentBlock_9432.oracleGeneral.zst
tencentBlock_v2_1M	https://ftp.pdl.cmu.edu/pub/datasets/twemcacheWorkload/cacheDatasets/tencentBlock/v2/1M/tencentBlock_9437.oracleGeneral.zst
tencentBlock_v2_1M	https://ftp.pdl.cmu.edu/pub/datasets/twemcacheWorkload/cacheDatasets/tencentBlock/v2/1M/tencentBlock_9441.oracleGeneral.zst
tencentBlock_v2_1M	https://ftp.pdl.cmu.edu/pub/datasets/twemcacheWorkload/cacheDatasets/tencentBlock/v2/1M/tencentBlock_9453.oracleGeneral.zst
tencentBlock_v2_1M	https://ftp.pdl.cmu.edu/pub/datasets/twemcacheWorkload/cacheDatasets/tencentBlock/v2/1M/tencentBlock_9462.oracleGeneral.zst
tencentBlock_v2_1M	https://ftp.pdl.cmu.edu/pub/datasets/twemcacheWorkload/cacheDatasets/tencentBlock/v2/1M/tencentBlock_9466.oracleGeneral.zst
tencentBlock_v2_1M	https://ftp.pdl.cmu.edu/pub/datasets/twemcacheWorkload/cacheDatasets/tencentBlock/v2/1M/tencentBlock_9468.oracleGeneral.zst
tencentBlock_v2_1M	https://ftp.pdl.cmu.edu/pub/datasets/twemcacheWorkload/cacheDatasets/tencentBlock/v2/1M/tencentBlock_9476.oracleGeneral.zst
tencentBlock_v2_1M	https://ftp.pdl.cmu.edu/pub/datasets/twemcacheWorkload/cacheDatasets/tencentBlock/v2/1M/tencentBlock_9485.oracleGeneral.zst
tencentBlock_v2_1M	https://ftp.pdl.cmu.edu/pub/datasets/twemcacheWorkload/cacheDatasets/tencentBlock/v2/1M/tencentBlock_9495.oracleGeneral.zst
tencentBlock_v2_1M	https://ftp.pdl.cmu.edu/pub/datasets/twemcacheWorkload/cacheDatasets/tencentBlock/v2/1M/tencentBlock_9499.oracleGeneral.zst
tencentBlock_v2_1M	https://ftp.pdl.cmu.edu/pub/datasets/twemcacheWorkload/cacheDatasets/tencentBlock/v2/1M/tencentBlock_9502.oracleGeneral.zst
tencentBlock_v2_1M	https://ftp.pdl.cmu.edu/pub/datasets/twemcacheWorkload/cacheDatasets/tencentBlock/v2/1M/tencentBlock_9506.oracleGeneral.zst
tencentBlock_v2_1M	https://ftp.pdl.cmu.edu/pub/datasets/twemcacheWorkload/cacheDatasets/tencentBlock/v2/1M/tencentBlock_9512.oracleGeneral.zst
tencentBlock_v2_1M	https://ftp.pdl.cmu.edu/pub/datasets/twemcacheWorkload/cacheDatasets/tencentBlock/v2/1M/tencentBlock_9519.oracleGeneral.zst
tencentBlock_v2_1M	https://ftp.pdl.cmu.edu/pub/datasets/twemcacheWorkload/cacheDatasets/tencentBlock/v2/1M/tencentBlock_9525.oracleGeneral.zst
tencentBlock_v2_1M	https://ftp.pdl.cmu.edu/pub/datasets/twemcacheWorkload/cacheDatasets/tencentBlock/v2/1M/tencentBlock_9533.oracleGeneral.zst
tencentBlock_v2_1M	https://ftp.pdl.cmu.edu/pub/datasets/twemcacheWorkload/cacheDatasets/tencentBlock/v2/1M/tencentBlock_9539.oracleGeneral.zst
tencentBlock_v2_1M	https://ftp.pdl.cmu.edu/pub/datasets/twemcacheWorkload/cacheDatasets/tencentBlock/v2/1M/tencentBlock_9544.oracleGeneral.zst
tencentBlock_v2_1M	https://ftp.pdl.cmu.edu/pub/datasets/twemcacheWorkload/cacheDatasets/tencentBlock/v2/1M/tencentBlock_9563.oracleGeneral.zst
tencentBlock_v2_1M	https://ftp.pdl.cmu.edu/pub/datasets/twemcacheWorkload/cacheDatasets/tencentBlock/v2/1M/tencentBlock_9567.oracleGeneral.zst
tencentBlock_v2_1M	https://ftp.pdl.cmu.edu/pub/datasets/twemcacheWorkload/cacheDatasets/tencentBlock/v2/1M/tencentBlock_9581.oracleGeneral.zst
tencentBlock_v2_1M	https://ftp.pdl.cmu.edu/pub/datasets/twemcacheWorkload/cacheDatasets/tencentBlock/v2/1M/tencentBlock_9589.oracleGeneral.zst
tencentBlock_v2_1M	https://ftp.pdl.cmu.edu/pub/datasets/twemcacheWorkload/cacheDatasets/tencentBlock/v2/1M/tencentBlock_9596.oracleGeneral.zst
tencentBlock_v2_1M	https://ftp.pdl.cmu.edu/pub/datasets/twemcacheWorkload/cacheDatasets/tencentBlock/v2/1M/tencentBlock_9599.oracleGeneral.zst
tencentBlock_v2_1M	https://ftp.pdl.cmu.edu/pub/datasets/twemcacheWorkload/cacheDatasets/tencentBlock/v2/1M/tencentBlock_9604.oracleGeneral.zst
tencentBlock_v2_1M	https://ftp.pdl.cmu.edu/pub/datasets/twemcacheWorkload/cacheDatasets/tencentBlock/v2/1M/tencentBlock_9611.oracleGeneral.zst
tencentBlock_v2_1M	https://ftp.pdl.cmu.edu/pub/datasets/twemcacheWorkload/cacheDatasets/tencentBlock/v2/1M/tencentBlock_9612.oracleGeneral.zst
tencentBlock_v2_1M	https://ftp.pdl.cmu.edu/pub/datasets/twemcacheWorkload/cacheDatasets/tencentBlock/v2/1M/tencentBlock_9615.oracleGeneral.zst
tencentBlock_v2_1M	https://ftp.pdl.cmu.edu/pub/datasets/twemcacheWorkload/cacheDatasets/tencentBlock/v2/1M/tencentBlock_9625.oracleGeneral.zst
tencentBlock_v2_1M	https://ftp.pdl.cmu.edu/pub/datasets/twemcacheWorkload/cacheDatasets/tencentBlock/v2/1M/tencentBlock_9632.oracleGeneral.zst
tencentBlock_v2_1M	https://ftp.pdl.cmu.edu/pub/datasets/twemcacheWorkload/cacheDatasets/tencentBlock/v2/1M/tencentBlock_9634.oracleGeneral.zst
tencentBlock_v2_1M	https://ftp.pdl.cmu.edu/pub/datasets/twemcacheWorkload/cacheDatasets/tencentBlock/v2/1M/tencentBlock_9639.oracleGeneral.zst
tencentBlock_v2_1M	https://ftp.pdl.cmu.edu/pub/datasets/twemcacheWorkload/cacheDatasets/tencentBlock/v2/1M/tencentBlock_9642.oracleGeneral.zst
tencentBlock_v2_1M	https://ftp.pdl.cmu.edu/pub/datasets/twemcacheWorkload/cacheDatasets/tencentBlock/v2/1M/tencentBlock_9648.oracleGeneral.zst
tencentBlock_v2_1M	https://ftp.pdl.cmu.edu/pub/datasets/twemcacheWorkload/cacheDatasets/tencentBlock/v2/1M/tencentBlock_9675.oracleGeneral.zst
tencentBlock_v2_1M	https://ftp.pdl.cmu.edu/pub/datasets/twemcacheWorkload/cacheDatasets/tencentBlock/v2/1M/tencentBlock_9678.oracleGeneral.zst
tencentBlock_v2_1M	https://ftp.pdl.cmu.edu/pub/datasets/twemcacheWorkload/cacheDatasets/tencentBlock/v2/1M/tencentBlock_9690.oracleGeneral.zst
tencentBlock_v2_1M	https://ftp.pdl.cmu.edu/pub/datasets/twemcacheWorkload/cacheDatasets/tencentBlock/v2/1M/tencentBlock_9698.oracleGeneral.zst
tencentBlock_v2_1M	https://ftp.pdl.cmu.edu/pub/datasets/twemcacheWorkload/cacheDatasets/tencentBlock/v2/1M/tencentBlock_9722.oracleGeneral.zst
tencentBlock_v2_1M	https://ftp.pdl.cmu.edu/pub/datasets/twemcacheWorkload/cacheDatasets/tencentBlock/v2/1M/tencentBlock_9724.oracleGeneral.zst
tencentBlock_v2_1M	https://ftp.pdl.cmu.edu/pub/datasets/twemcacheWorkload/cacheDatasets/tencentBlock/v2/1M/tencentBlock_9732.oracleGeneral.zst
tencentBlock_v2_1M	https://ftp.pdl.cmu.edu/pub/datasets/twemcacheWorkload/cacheDatasets/tencentBlock/v2/1M/tencentBlock_9738.oracleGeneral.zst
tencentBlock_v2_1M	https://ftp.pdl.cmu.edu/pub/datasets/twemcacheWorkload/cacheDatasets/tencentBlock/v2/1M/tencentBlock_9748.oracleGeneral.zst
tencentBlock_v2_1M	https://ftp.pdl.cmu.edu/pub/datasets/twemcacheWorkload/cacheDatasets/tencentBlock/v2/1M/tencentBlock_9754.oracleGeneral.zst
tencentBlock_v2_1M	https://ftp.pdl.cmu.edu/pub/datasets/twemcacheWorkload/cacheDatasets/tencentBlock/v2/1M/tencentBlock_9763.oracleGeneral.zst
tencentBlock_v2_1M	https://ftp.pdl.cmu.edu/pub/datasets/twemcacheWorkload/cacheDatasets/tencentBlock/v2/1M/tencentBlock_9764.oracleGeneral.zst
tencentBlock_v2_1M	https://ftp.pdl.cmu.edu/pub/datasets/twemcacheWorkload/cacheDatasets/tencentBlock/v2/1M/tencentBlock_9776.oracleGeneral.zst
tencentBlock_v2_1M	https://ftp.pdl.cmu.edu/pub/datasets/twemcacheWorkload/cacheDatasets/tencentBlock/v2/1M/tencentBlock_9783.oracleGeneral.zst
tencentBlock_v2_1M	https://ftp.pdl.cmu.edu/pub/datasets/twemcacheWorkload/cacheDatasets/tencentBlock/v2/1M/tencentBlock_9790.oracleGeneral.zst
tencentBlock_v2_1M	https://ftp.pdl.cmu.edu/pub/datasets/twemcacheWorkload/cacheDatasets/tencentBlock/v2/1M/tencentBlock_9798.oracleGeneral.zst
tencentBlock_v2_1M	https://ftp.pdl.cmu.edu/pub/datasets/twemcacheWorkload/cacheDatasets/tencentBlock/v2/1M/tencentBlock_9799.oracleGeneral.zst
tencentBlock_v2_1M	https://ftp.pdl.cmu.edu/pub/datasets/twemcacheWorkload/cacheDatasets/tencentBlock/v2/1M/tencentBlock_9803.oracleGeneral.zst
tencentBlock_v2_1M	https://ftp.pdl.cmu.edu/pub/datasets/twemcacheWorkload/cacheDatasets/tencentBlock/v2/1M/tencentBlock_9804.oracleGeneral.zst
tencentBlock_v2_1M	https://ftp.pdl.cmu.edu/pub/datasets/twemcacheWorkload/cacheDatasets/tencentBlock/v2/1M/tencentBlock_9806.oracleGeneral.zst
tencentBlock_v2_1M	https://ftp.pdl.cmu.edu/pub/datasets/twemcacheWorkload/cacheDatasets/tencentBlock/v2/1M/tencentBlock_9810.oracleGeneral.zst
tencentBlock_v2_1M	https://ftp.pdl.cmu.edu/pub/datasets/twemcacheWorkload/cacheDatasets/tencentBlock/v2/1M/tencentBlock_9819.oracleGeneral.zst
tencentBlock_v2_1M	https://ftp.pdl.cmu.edu/pub/datasets/twemcacheWorkload/cacheDatasets/tencentBlock/v2/1M/tencentBlock_9834.oracleGeneral.zst
tencentBlock_v2_1M	https://ftp.pdl.cmu.edu/pub/datasets/twemcacheWorkload/cacheDatasets/tencentBlock/v2/1M/tencentBlock_9871.oracleGeneral.zst
tencentBlock_v2_1M	https://ftp.pdl.cmu.edu/pub/datasets/twemcacheWorkload/cacheDatasets/tencentBlock/v2/1M/tencentBlock_9883.oracleGeneral.zst
tencentBlock_v2_1M	https://ftp.pdl.cmu.edu/pub/datasets/twemcacheWorkload/cacheDatasets/tencentBlock/v2/1M/tencentBlock_9891.oracleGeneral.zst
tencentBlock_v2_1M	https://ftp.pdl.cmu.edu/pub/datasets/twemcacheWorkload/cacheDatasets/tencentBlock/v2/1M/tencentBlock_9898.oracleGeneral.zst
tencentBlock_v2_1M	https://ftp.pdl.cmu.edu/pub/datasets/twemcacheWorkload/cacheDatasets/tencentBlock/v2/1M/tencentBlock_9904.oracleGeneral.zst
tencentBlock_v2_1M	https://ftp.pdl.cmu.edu/pub/datasets/twemcacheWorkload/cacheDatasets/tencentBlock/v2/1M/tencentBlock_9905.oracleGeneral.zst
tencentBlock_v2_1M	https://ftp.pdl.cmu.edu/pub/datasets/twemcacheWorkload/cacheDatasets/tencentBlock/v2/1M/tencentBlock_9918.oracleGeneral.zst
tencentBlock_v2_1M	https://ftp.pdl.cmu.edu/pub/datasets/twemcacheWorkload/cacheDatasets/tencentBlock/v2/1M/tencentBlock_9925.oracleGeneral.zst
tencentBlock_v2_1M	https://ftp.pdl.cmu.edu/pub/datasets/twemcacheWorkload/cacheDatasets/tencentBlock/v2/1M/tencentBlock_9937.oracleGeneral.zst
tencentBlock_v2_1M	https://ftp.pdl.cmu.edu/pub/datasets/twemcacheWorkload/cacheDatasets/tencentBlock/v2/1M/tencentBlock_9945.oracleGeneral.zst
tencentBlock_v2_1M	https://ftp.pdl.cmu.edu/pub/datasets/twemcacheWorkload/cacheDatasets/tencentBlock/v2/1M/tencentBlock_9951.oracleGeneral.zst
tencentBlock_v2_1M	https://ftp.pdl.cmu.edu/pub/datasets/twemcacheWorkload/cacheDatasets/tencentBlock/v2/1M/tencentBlock_9959.oracleGeneral.zst
tencentBlock_v2_1M	https://ftp.pdl.cmu.edu/pub/datasets/twemcacheWorkload/cacheDatasets/tencentBlock/v2/1M/tencentBlock_9968.oracleGeneral.zst
tencentBlock_v2_1M	https://ftp.pdl.cmu.edu/pub/datasets/twemcacheWorkload/cacheDatasets/tencentBlock/v2/1M/tencentBlock_9969.oracleGeneral.zst
tencentBlock_v2_1M	https://ftp.pdl.cmu.edu/pub/datasets/twemcacheWorkload/cacheDatasets/tencentBlock/v2/1M/tencentBlock_9975.oracleGeneral.zst
tencentBlock_v2_1M	https://ftp.pdl.cmu.edu/pub/datasets/twemcacheWorkload/cacheDatasets/tencentBlock/v2/1M/tencentBlock_9988.oracleGeneral.zst
tencentBlock_v2_1M	https://ftp.pdl.cmu.edu/pub/datasets/twemcacheWorkload/cacheDatasets/tencentBlock/v2/1M/tencentBlock_9995.oracleGeneral.zst
tencentBlock_v2_100K	https://ftp.pdl.cmu.edu/pub/datasets/twemcacheWorkload/cacheDatasets/tencentBlock/v2/100K/tencentBlock_10007.oracleGeneral.zst
tencentBlock_v2_100K	https://ftp.pdl.cmu.edu/pub/datasets/twemcacheWorkload/cacheDatasets/tencentBlock/v2/100K/tencentBlock_10011.oracleGeneral.zst
tencentBlock_v2_100K	https://ftp.pdl.cmu.edu/pub/datasets/twemcacheWorkload/cacheDatasets/tencentBlock/v2/100K/tencentBlock_10053.oracleGeneral.zst
tencentBlock_v2_100K	https://ftp.pdl.cmu.edu/pub/datasets/twemcacheWorkload/cacheDatasets/tencentBlock/v2/100K/tencentBlock_10062.oracleGeneral.zst
tencentBlock_v2_100K	https://ftp.pdl.cmu.edu/pub/datasets/twemcacheWorkload/cacheDatasets/tencentBlock/v2/100K/tencentBlock_10079.oracleGeneral.zst
tencentBlock_v2_100K	https://ftp.pdl.cmu.edu/pub/datasets/twemcacheWorkload/cacheDatasets/tencentBlock/v2/100K/tencentBlock_10108.oracleGeneral.zst
tencentBlock_v2_100K	https://ftp.pdl.cmu.edu/pub/datasets/twemcacheWorkload/cacheDatasets/tencentBlock/v2/100K/tencentBlock_10116.oracleGeneral.zst
tencentBlock_v2_100K	https://ftp.pdl.cmu.edu/pub/datasets/twemcacheWorkload/cacheDatasets/tencentBlock/v2/100K/tencentBlock_10119.oracleGeneral.zst
tencentBlock_v2_100K	https://ftp.pdl.cmu.edu/pub/datasets/twemcacheWorkload/cacheDatasets/tencentBlock/v2/100K/tencentBlock_10124.oracleGeneral.zst
tencentBlock_v2_100K	https://ftp.pdl.cmu.edu/pub/datasets/twemcacheWorkload/cacheDatasets/tencentBlock/v2/100K/tencentBlock_10127.oracleGeneral.zst
tencentBlock_v2_100K	https://ftp.pdl.cmu.edu/pub/datasets/twemcacheWorkload/cacheDatasets/tencentBlock/v2/100K/tencentBlock_10143.oracleGeneral.zst
tencentBlock_v2_100K	https://ftp.pdl.cmu.edu/pub/datasets/twemcacheWorkload/cacheDatasets/tencentBlock/v2/100K/tencentBlock_10149.oracleGeneral.zst
tencentBlock_v2_100K	https://ftp.pdl.cmu.edu/pub/datasets/twemcacheWorkload/cacheDatasets/tencentBlock/v2/100K/tencentBlock_10192.oracleGeneral.zst
tencentBlock_v2_100K	https://ftp.pdl.cmu.edu/pub/datasets/twemcacheWorkload/cacheDatasets/tencentBlock/v2/100K/tencentBlock_10217.oracleGeneral.zst
tencentBlock_v2_100K	https://ftp.pdl.cmu.edu/pub/datasets/twemcacheWorkload/cacheDatasets/tencentBlock/v2/100K/tencentBlock_10259.oracleGeneral.zst
tencentBlock_v2_100K	https://ftp.pdl.cmu.edu/pub/datasets/twemcacheWorkload/cacheDatasets/tencentBlock/v2/100K/tencentBlock_10266.oracleGeneral.zst
tencentBlock_v2_100K	https://ftp.pdl.cmu.edu/pub/datasets/twemcacheWorkload/cacheDatasets/tencentBlock/v2/100K/tencentBlock_10268.oracleGeneral.zst
tencentBlock_v2_100K	https://ftp.pdl.cmu.edu/pub/datasets/twemcacheWorkload/cacheDatasets/tencentBlock/v2/100K/tencentBlock_10292.oracleGeneral.zst
tencentBlock_v2_100K	https://ftp.pdl.cmu.edu/pub/datasets/twemcacheWorkload/cacheDatasets/tencentBlock/v2/100K/tencentBlock_10320.oracleGeneral.zst
tencentBlock_v2_100K	https://ftp.pdl.cmu.edu/pub/datasets/twemcacheWorkload/cacheDatasets/tencentBlock/v2/100K/tencentBlock_10327.oracleGeneral.zst
tencentBlock_v2_100K	https://ftp.pdl.cmu.edu/pub/datasets/twemcacheWorkload/cacheDatasets/tencentBlock/v2/100K/tencentBlock_10339.oracleGeneral.zst
tencentBlock_v2_100K	https://ftp.pdl.cmu.edu/pub/datasets/twemcacheWorkload/cacheDatasets/tencentBlock/v2/100K/tencentBlock_10359.oracleGeneral.zst
tencentBlock_v2_100K	https://ftp.pdl.cmu.edu/pub/datasets/twemcacheWorkload/cacheDatasets/tencentBlock/v2/100K/tencentBlock_10365.oracleGeneral.zst
tencentBlock_v2_100K	https://ftp.pdl.cmu.edu/pub/datasets/twemcacheWorkload/cacheDatasets/tencentBlock/v2/100K/tencentBlock_10387.oracleGeneral.zst
tencentBlock_v2_100K	https://ftp.pdl.cmu.edu/pub/datasets/twemcacheWorkload/cacheDatasets/tencentBlock/v2/100K/tencentBlock_10399.oracleGeneral.zst
tencentBlock_v2_100K	https://ftp.pdl.cmu.edu/pub/datasets/twemcacheWorkload/cacheDatasets/tencentBlock/v2/100K/tencentBlock_10415.oracleGeneral.zst
tencentBlock_v2_100K	https://ftp.pdl.cmu.edu/pub/datasets/twemcacheWorkload/cacheDatasets/tencentBlock/v2/100K/tencentBlock_10424.oracleGeneral.zst
tencentBlock_v2_100K	https://ftp.pdl.cmu.edu/pub/datasets/twemcacheWorkload/cacheDatasets/tencentBlock/v2/100K/tencentBlock_10443.oracleGeneral.zst
tencentBlock_v2_100K	https://ftp.pdl.cmu.edu/pub/datasets/twemcacheWorkload/cacheDatasets/tencentBlock/v2/100K/tencentBlock_10455.oracleGeneral.zst
tencentBlock_v2_100K	https://ftp.pdl.cmu.edu/pub/datasets/twemcacheWorkload/cacheDatasets/tencentBlock/v2/100K/tencentBlock_10463.oracleGeneral.zst
tencentBlock_v2_100K	https://ftp.pdl.cmu.edu/pub/datasets/twemcacheWorkload/cacheDatasets/tencentBlock/v2/100K/tencentBlock_10467.oracleGeneral.zst
tencentBlock_v2_100K	https://ftp.pdl.cmu.edu/pub/datasets/twemcacheWorkload/cacheDatasets/tencentBlock/v2/100K/tencentBlock_10483.oracleGeneral.zst
tencentBlock_v2_100K	https://ftp.pdl.cmu.edu/pub/datasets/twemcacheWorkload/cacheDatasets/tencentBlock/v2/100K/tencentBlock_10492.oracleGeneral.zst
tencentBlock_v2_100K	https://ftp.pdl.cmu.edu/pub/datasets/twemcacheWorkload/cacheDatasets/tencentBlock/v2/100K/tencentBlock_10521.oracleGeneral.zst
tencentBlock_v2_100K	https://ftp.pdl.cmu.edu/pub/datasets/twemcacheWorkload/cacheDatasets/tencentBlock/v2/100K/tencentBlock_10534.oracleGeneral.zst
tencentBlock_v2_100K	https://ftp.pdl.cmu.edu/pub/datasets/twemcacheWorkload/cacheDatasets/tencentBlock/v2/100K/tencentBlock_10539.oracleGeneral.zst
tencentBlock_v2_100K	https://ftp.pdl.cmu.edu/pub/datasets/twemcacheWorkload/cacheDatasets/tencentBlock/v2/100K/tencentBlock_10545.oracleGeneral.zst
tencentBlock_v2_100K	https://ftp.pdl.cmu.edu/pub/datasets/twemcacheWorkload/cacheDatasets/tencentBlock/v2/100K/tencentBlock_10568.oracleGeneral.zst
tencentBlock_v2_100K	https://ftp.pdl.cmu.edu/pub/datasets/twemcacheWorkload/cacheDatasets/tencentBlock/v2/100K/tencentBlock_10575.oracleGeneral.zst
tencentBlock_v2_100K	https://ftp.pdl.cmu.edu/pub/datasets/twemcacheWorkload/cacheDatasets/tencentBlock/v2/100K/tencentBlock_1058.oracleGeneral.zst
tencentBlock_v2_100K	https://ftp.pdl.cmu.edu/pub/datasets/twemcacheWorkload/cacheDatasets/tencentBlock/v2/100K/tencentBlock_10592.oracleGeneral.zst
tencentBlock_v2_100K	https://ftp.pdl.cmu.edu/pub/datasets/twemcacheWorkload/cacheDatasets/tencentBlock/v2/100K/tencentBlock_10642.oracleGeneral.zst
tencentBlock_v2_100K	https://ftp.pdl.cmu.edu/pub/datasets/twemcacheWorkload/cacheDatasets/tencentBlock/v2/100K/tencentBlock_10650.oracleGeneral.zst
tencentBlock_v2_100K	https://ftp.pdl.cmu.edu/pub/datasets/twemcacheWorkload/cacheDatasets/tencentBlock/v2/100K/tencentBlock_10676.oracleGeneral.zst
tencentBlock_v2_100K	https://ftp.pdl.cmu.edu/pub/datasets/twemcacheWorkload/cacheDatasets/tencentBlock/v2/100K/tencentBlock_10710.oracleGeneral.zst
tencentBlock_v2_100K	https://ftp.pdl.cmu.edu/pub/datasets/twemcacheWorkload/cacheDatasets/tencentBlock/v2/100K/tencentBlock_10716.oracleGeneral.zst
tencentBlock_v2_100K	https://ftp.pdl.cmu.edu/pub/datasets/twemcacheWorkload/cacheDatasets/tencentBlock/v2/100K/tencentBlock_10730.oracleGeneral.zst
tencentBlock_v2_100K	https://ftp.pdl.cmu.edu/pub/datasets/twemcacheWorkload/cacheDatasets/tencentBlock/v2/100K/tencentBlock_10734.oracleGeneral.zst
tencentBlock_v2_100K	https://ftp.pdl.cmu.edu/pub/datasets/twemcacheWorkload/cacheDatasets/tencentBlock/v2/100K/tencentBlock_10742.oracleGeneral.zst
tencentBlock_v2_100K	https://ftp.pdl.cmu.edu/pub/datasets/twemcacheWorkload/cacheDatasets/tencentBlock/v2/100K/tencentBlock_10755.oracleGeneral.zst
tencentBlock_v2_100K	https://ftp.pdl.cmu.edu/pub/datasets/twemcacheWorkload/cacheDatasets/tencentBlock/v2/100K/tencentBlock_10763.oracleGeneral.zst
tencentBlock_v2_100K	https://ftp.pdl.cmu.edu/pub/datasets/twemcacheWorkload/cacheDatasets/tencentBlock/v2/100K/tencentBlock_10767.oracleGeneral.zst
tencentBlock_v2_100K	https://ftp.pdl.cmu.edu/pub/datasets/twemcacheWorkload/cacheDatasets/tencentBlock/v2/100K/tencentBlock_10791.oracleGeneral.zst
tencentBlock_v2_100K	https://ftp.pdl.cmu.edu/pub/datasets/twemcacheWorkload/cacheDatasets/tencentBlock/v2/100K/tencentBlock_10807.oracleGeneral.zst
tencentBlock_v2_100K	https://ftp.pdl.cmu.edu/pub/datasets/twemcacheWorkload/cacheDatasets/tencentBlock/v2/100K/tencentBlock_10814.oracleGeneral.zst
tencentBlock_v2_100K	https://ftp.pdl.cmu.edu/pub/datasets/twemcacheWorkload/cacheDatasets/tencentBlock/v2/100K/tencentBlock_10827.oracleGeneral.zst
tencentBlock_v2_100K	https://ftp.pdl.cmu.edu/pub/datasets/twemcacheWorkload/cacheDatasets/tencentBlock/v2/100K/tencentBlock_10866.oracleGeneral.zst
tencentBlock_v2_100K	https://ftp.pdl.cmu.edu/pub/datasets/twemcacheWorkload/cacheDatasets/tencentBlock/v2/100K/tencentBlock_10870.oracleGeneral.zst
tencentBlock_v2_100K	https://ftp.pdl.cmu.edu/pub/datasets/twemcacheWorkload/cacheDatasets/tencentBlock/v2/100K/tencentBlock_10897.oracleGeneral.zst
tencentBlock_v2_100K	https://ftp.pdl.cmu.edu/pub/datasets/twemcacheWorkload/cacheDatasets/tencentBlock/v2/100K/tencentBlock_10910.oracleGeneral.zst
tencentBlock_v2_100K	https://ftp.pdl.cmu.edu/pub/datasets/twemcacheWorkload/cacheDatasets/tencentBlock/v2/100K/tencentBlock_10916.oracleGeneral.zst
tencentBlock_v2_100K	https://ftp.pdl.cmu.edu/pub/datasets/twemcacheWorkload/cacheDatasets/tencentBlock/v2/100K/tencentBlock_11007.oracleGeneral.zst
tencentBlock_v2_100K	https://ftp.pdl.cmu.edu/pub/datasets/twemcacheWorkload/cacheDatasets/tencentBlock/v2/100K/tencentBlock_11029.oracleGeneral.zst
tencentBlock_v2_100K	https://ftp.pdl.cmu.edu/pub/datasets/twemcacheWorkload/cacheDatasets/tencentBlock/v2/100K/tencentBlock_11038.oracleGeneral.zst
tencentBlock_v2_100K	https://ftp.pdl.cmu.edu/pub/datasets/twemcacheWorkload/cacheDatasets/tencentBlock/v2/100K/tencentBlock_11048.oracleGeneral.zst
tencentBlock_v2_100K	https://ftp.pdl.cmu.edu/pub/datasets/twemcacheWorkload/cacheDatasets/tencentBlock/v2/100K/tencentBlock_11057.oracleGeneral.zst
tencentBlock_v2_100K	https://ftp.pdl.cmu.edu/pub/datasets/twemcacheWorkload/cacheDatasets/tencentBlock/v2/100K/tencentBlock_11077.oracleGeneral.zst
tencentBlock_v2_100K	https://ftp.pdl.cmu.edu/pub/datasets/twemcacheWorkload/cacheDatasets/tencentBlock/v2/100K/tencentBlock_11111.oracleGeneral.zst
tencentBlock_v2_100K	https://ftp.pdl.cmu.edu/pub/datasets/twemcacheWorkload/cacheDatasets/tencentBlock/v2/100K/tencentBlock_11131.oracleGeneral.zst
tencentBlock_v2_100K	https://ftp.pdl.cmu.edu/pub/datasets/twemcacheWorkload/cacheDatasets/tencentBlock/v2/100K/tencentBlock_11139.oracleGeneral.zst
tencentBlock_v2_100K	https://ftp.pdl.cmu.edu/pub/datasets/twemcacheWorkload/cacheDatasets/tencentBlock/v2/100K/tencentBlock_11147.oracleGeneral.zst
tencentBlock_v2_100K	https://ftp.pdl.cmu.edu/pub/datasets/twemcacheWorkload/cacheDatasets/tencentBlock/v2/100K/tencentBlock_11172.oracleGeneral.zst
tencentBlock_v2_100K	https://ftp.pdl.cmu.edu/pub/datasets/twemcacheWorkload/cacheDatasets/tencentBlock/v2/100K/tencentBlock_11179.oracleGeneral.zst
tencentBlock_v2_100K	https://ftp.pdl.cmu.edu/pub/datasets/twemcacheWorkload/cacheDatasets/tencentBlock/v2/100K/tencentBlock_11192.oracleGeneral.zst
tencentBlock_v2_100K	https://ftp.pdl.cmu.edu/pub/datasets/twemcacheWorkload/cacheDatasets/tencentBlock/v2/100K/tencentBlock_11213.oracleGeneral.zst
tencentBlock_v2_100K	https://ftp.pdl.cmu.edu/pub/datasets/twemcacheWorkload/cacheDatasets/tencentBlock/v2/100K/tencentBlock_11229.oracleGeneral.zst
tencentBlock_v2_100K	https://ftp.pdl.cmu.edu/pub/datasets/twemcacheWorkload/cacheDatasets/tencentBlock/v2/100K/tencentBlock_11234.oracleGeneral.zst
tencentBlock_v2_100K	https://ftp.pdl.cmu.edu/pub/datasets/twemcacheWorkload/cacheDatasets/tencentBlock/v2/100K/tencentBlock_11237.oracleGeneral.zst
tencentBlock_v2_100K	https://ftp.pdl.cmu.edu/pub/datasets/twemcacheWorkload/cacheDatasets/tencentBlock/v2/100K/tencentBlock_11246.oracleGeneral.zst
tencentBlock_v2_100K	https://ftp.pdl.cmu.edu/pub/datasets/twemcacheWorkload/cacheDatasets/tencentBlock/v2/100K/tencentBlock_11257.oracleGeneral.zst
tencentBlock_v2_100K	https://ftp.pdl.cmu.edu/pub/datasets/twemcacheWorkload/cacheDatasets/tencentBlock/v2/100K/tencentBlock_11284.oracleGeneral.zst
tencentBlock_v2_100K	https://ftp.pdl.cmu.edu/pub/datasets/twemcacheWorkload/cacheDatasets/tencentBlock/v2/100K/tencentBlock_11294.oracleGeneral.zst
tencentBlock_v2_100K	https://ftp.pdl.cmu.edu/pub/datasets/twemcacheWorkload/cacheDatasets/tencentBlock/v2/100K/tencentBlock_11329.oracleGeneral.zst
tencentBlock_v2_100K	https://ftp.pdl.cmu.edu/pub/datasets/twemcacheWorkload/cacheDatasets/tencentBlock/v2/100K/tencentBlock_11334.oracleGeneral.zst
tencentBlock_v2_100K	https://ftp.pdl.cmu.edu/pub/datasets/twemcacheWorkload/cacheDatasets/tencentBlock/v2/100K/tencentBlock_11362.oracleGeneral.zst
tencentBlock_v2_100K	https://ftp.pdl.cmu.edu/pub/datasets/twemcacheWorkload/cacheDatasets/tencentBlock/v2/100K/tencentBlock_11372.oracleGeneral.zst
tencentBlock_v2_100K	https://ftp.pdl.cmu.edu/pub/datasets/twemcacheWorkload/cacheDatasets/tencentBlock/v2/100K/tencentBlock_11394.oracleGeneral.zst
tencentBlock_v2_100K	https://ftp.pdl.cmu.edu/pub/datasets/twemcacheWorkload/cacheDatasets/tencentBlock/v2/100K/tencentBlock_11441.oracleGeneral.zst
tencentBlock_v2_100K	https://ftp.pdl.cmu.edu/pub/datasets/twemcacheWorkload/cacheDatasets/tencentBlock/v2/100K/tencentBlock_11458.oracleGeneral.zst
tencentBlock_v2_100K	https://ftp.pdl.cmu.edu/pub/datasets/twemcacheWorkload/cacheDatasets/tencentBlock/v2/100K/tencentBlock_11467.oracleGeneral.zst
tencentBlock_v2_100K	https://ftp.pdl.cmu.edu/pub/datasets/twemcacheWorkload/cacheDatasets/tencentBlock/v2/100K/tencentBlock_11480.oracleGeneral.zst
tencentBlock_v2_100K	https://ftp.pdl.cmu.edu/pub/datasets/twemcacheWorkload/cacheDatasets/tencentBlock/v2/100K/tencentBlock_11484.oracleGeneral.zst
tencentBlock_v2_100K	https://ftp.pdl.cmu.edu/pub/datasets/twemcacheWorkload/cacheDatasets/tencentBlock/v2/100K/tencentBlock_11529.oracleGeneral.zst
tencentBlock_v2_100K	https://ftp.pdl.cmu.edu/pub/datasets/twemcacheWorkload/cacheDatasets/tencentBlock/v2/100K/tencentBlock_11541.oracleGeneral.zst
tencentBlock_v2_100K	https://ftp.pdl.cmu.edu/pub/datasets/twemcacheWorkload/cacheDatasets/tencentBlock/v2/100K/tencentBlock_11561.oracleGeneral.zst
tencentBlock_v2_100K	https://ftp.pdl.cmu.edu/pub/datasets/twemcacheWorkload/cacheDatasets/tencentBlock/v2/100K/tencentBlock_11579.oracleGeneral.zst
tencentBlock_v2_100K	https://ftp.pdl.cmu.edu/pub/datasets/twemcacheWorkload/cacheDatasets/tencentBlock/v2/100K/tencentBlock_11587.oracleGeneral.zst
tencentBlock_v2_100K	https://ftp.pdl.cmu.edu/pub/datasets/twemcacheWorkload/cacheDatasets/tencentBlock/v2/100K/tencentBlock_1160.oracleGeneral.zst
tencentBlock_v2_100K	https://ftp.pdl.cmu.edu/pub/datasets/twemcacheWorkload/cacheDatasets/tencentBlock/v2/100K/tencentBlock_1161.oracleGeneral.zst
tencentBlock_v2_100K	https://ftp.pdl.cmu.edu/pub/datasets/twemcacheWorkload/cacheDatasets/tencentBlock/v2/100K/tencentBlock_11641.oracleGeneral.zst
tencentBlock_v2_100K	https://ftp.pdl.cmu.edu/pub/datasets/twemcacheWorkload/cacheDatasets/tencentBlock/v2/100K/tencentBlock_11687.oracleGeneral.zst
tencentBlock_v2_100K	https://ftp.pdl.cmu.edu/pub/datasets/twemcacheWorkload/cacheDatasets/tencentBlock/v2/100K/tencentBlock_11694.oracleGeneral.zst
tencentBlock_v2_100K	https://ftp.pdl.cmu.edu/pub/datasets/twemcacheWorkload/cacheDatasets/tencentBlock/v2/100K/tencentBlock_11703.oracleGeneral.zst
tencentBlock_v2_100K	https://ftp.pdl.cmu.edu/pub/datasets/twemcacheWorkload/cacheDatasets/tencentBlock/v2/100K/tencentBlock_11713.oracleGeneral.zst
tencentBlock_v2_100K	https://ftp.pdl.cmu.edu/pub/datasets/twemcacheWorkload/cacheDatasets/tencentBlock/v2/100K/tencentBlock_11717.oracleGeneral.zst
tencentBlock_v2_100K	https://ftp.pdl.cmu.edu/pub/datasets/twemcacheWorkload/cacheDatasets/tencentBlock/v2/100K/tencentBlock_11728.oracleGeneral.zst
tencentBlock_v2_100K	https://ftp.pdl.cmu.edu/pub/datasets/twemcacheWorkload/cacheDatasets/tencentBlock/v2/100K/tencentBlock_11740.oracleGeneral.zst
tencentBlock_v2_100K	https://ftp.pdl.cmu.edu/pub/datasets/twemcacheWorkload/cacheDatasets/tencentBlock/v2/100K/tencentBlock_1175.oracleGeneral.zst
tencentBlock_v2_100K	https://ftp.pdl.cmu.edu/pub/datasets/twemcacheWorkload/cacheDatasets/tencentBlock/v2/100K/tencentBlock_11753.oracleGeneral.zst
tencentBlock_v2_100K	https://ftp.pdl.cmu.edu/pub/datasets/twemcacheWorkload/cacheDatasets/tencentBlock/v2/100K/tencentBlock_11775.oracleGeneral.zst
tencentBlock_v2_100K	https://ftp.pdl.cmu.edu/pub/datasets/twemcacheWorkload/cacheDatasets/tencentBlock/v2/100K/tencentBlock_11790.oracleGeneral.zst
tencentBlock_v2_100K	https://ftp.pdl.cmu.edu/pub/datasets/twemcacheWorkload/cacheDatasets/tencentBlock/v2/100K/tencentBlock_11796.oracleGeneral.zst
tencentBlock_v2_100K	https://ftp.pdl.cmu.edu/pub/datasets/twemcacheWorkload/cacheDatasets/tencentBlock/v2/100K/tencentBlock_11805.oracleGeneral.zst
tencentBlock_v2_100K	https://ftp.pdl.cmu.edu/pub/datasets/twemcacheWorkload/cacheDatasets/tencentBlock/v2/100K/tencentBlock_11813.oracleGeneral.zst
tencentBlock_v2_100K	https://ftp.pdl.cmu.edu/pub/datasets/twemcacheWorkload/cacheDatasets/tencentBlock/v2/100K/tencentBlock_11847.oracleGeneral.zst
tencentBlock_v2_100K	https://ftp.pdl.cmu.edu/pub/datasets/twemcacheWorkload/cacheDatasets/tencentBlock/v2/100K/tencentBlock_11873.oracleGeneral.zst
tencentBlock_v2_100K	https://ftp.pdl.cmu.edu/pub/datasets/twemcacheWorkload/cacheDatasets/tencentBlock/v2/100K/tencentBlock_11882.oracleGeneral.zst
tencentBlock_v2_100K	https://ftp.pdl.cmu.edu/pub/datasets/twemcacheWorkload/cacheDatasets/tencentBlock/v2/100K/tencentBlock_11895.oracleGeneral.zst
tencentBlock_v2_100K	https://ftp.pdl.cmu.edu/pub/datasets/twemcacheWorkload/cacheDatasets/tencentBlock/v2/100K/tencentBlock_11954.oracleGeneral.zst
tencentBlock_v2_100K	https://ftp.pdl.cmu.edu/pub/datasets/twemcacheWorkload/cacheDatasets/tencentBlock/v2/100K/tencentBlock_11961.oracleGeneral.zst
tencentBlock_v2_100K	https://ftp.pdl.cmu.edu/pub/datasets/twemcacheWorkload/cacheDatasets/tencentBlock/v2/100K/tencentBlock_11972.oracleGeneral.zst
tencentBlock_v2_100K	https://ftp.pdl.cmu.edu/pub/datasets/twemcacheWorkload/cacheDatasets/tencentBlock/v2/100K/tencentBlock_11982.oracleGeneral.zst
tencentBlock_v2_100K	https://ftp.pdl.cmu.edu/pub/datasets/twemcacheWorkload/cacheDatasets/tencentBlock/v2/100K/tencentBlock_11984.oracleGeneral.zst
tencentBlock_v2_100K	https://ftp.pdl.cmu.edu/pub/datasets/twemcacheWorkload/cacheDatasets/tencentBlock/v2/100K/tencentBlock_1199.oracleGeneral.zst
tencentBlock_v2_100K	https://ftp.pdl.cmu.edu/pub/datasets/twemcacheWorkload/cacheDatasets/tencentBlock/v2/100K/tencentBlock_11991.oracleGeneral.zst
tencentBlock_v2_100K	https://ftp.pdl.cmu.edu/pub/datasets/twemcacheWorkload/cacheDatasets/tencentBlock/v2/100K/tencentBlock_11998.oracleGeneral.zst
tencentBlock_v2_100K	https://ftp.pdl.cmu.edu/pub/datasets/twemcacheWorkload/cacheDatasets/tencentBlock/v2/100K/tencentBlock_12015.oracleGeneral.zst
tencentBlock_v2_100K	https://ftp.pdl.cmu.edu/pub/datasets/twemcacheWorkload/cacheDatasets/tencentBlock/v2/100K/tencentBlock_12034.oracleGeneral.zst
tencentBlock_v2_100K	https://ftp.pdl.cmu.edu/pub/datasets/twemcacheWorkload/cacheDatasets/tencentBlock/v2/100K/tencentBlock_12085.oracleGeneral.zst
tencentBlock_v2_100K	https://ftp.pdl.cmu.edu/pub/datasets/twemcacheWorkload/cacheDatasets/tencentBlock/v2/100K/tencentBlock_12090.oracleGeneral.zst
tencentBlock_v2_100K	https://ftp.pdl.cmu.edu/pub/datasets/twemcacheWorkload/cacheDatasets/tencentBlock/v2/100K/tencentBlock_12103.oracleGeneral.zst
tencentBlock_v2_100K	https://ftp.pdl.cmu.edu/pub/datasets/twemcacheWorkload/cacheDatasets/tencentBlock/v2/100K/tencentBlock_12106.oracleGeneral.zst
tencentBlock_v2_100K	https://ftp.pdl.cmu.edu/pub/datasets/twemcacheWorkload/cacheDatasets/tencentBlock/v2/100K/tencentBlock_12114.oracleGeneral.zst
tencentBlock_v2_100K	https://ftp.pdl.cmu.edu/pub/datasets/twemcacheWorkload/cacheDatasets/tencentBlock/v2/100K/tencentBlock_12132.oracleGeneral.zst
tencentBlock_v2_100K	https://ftp.pdl.cmu.edu/pub/datasets/twemcacheWorkload/cacheDatasets/tencentBlock/v2/100K/tencentBlock_12141.oracleGeneral.zst
tencentBlock_v2_100K	https://ftp.pdl.cmu.edu/pub/datasets/twemcacheWorkload/cacheDatasets/tencentBlock/v2/100K/tencentBlock_12142.oracleGeneral.zst
tencentBlock_v2_100K	https://ftp.pdl.cmu.edu/pub/datasets/twemcacheWorkload/cacheDatasets/tencentBlock/v2/100K/tencentBlock_12149.oracleGeneral.zst
tencentBlock_v2_100K	https://ftp.pdl.cmu.edu/pub/datasets/twemcacheWorkload/cacheDatasets/tencentBlock/v2/100K/tencentBlock_12157.oracleGeneral.zst
tencentBlock_v2_100K	https://ftp.pdl.cmu.edu/pub/datasets/twemcacheWorkload/cacheDatasets/tencentBlock/v2/100K/tencentBlock_12165.oracleGeneral.zst
tencentBlock_v2_100K	https://ftp.pdl.cmu.edu/pub/datasets/twemcacheWorkload/cacheDatasets/tencentBlock/v2/100K/tencentBlock_12174.oracleGeneral.zst
tencentBlock_v2_100K	https://ftp.pdl.cmu.edu/pub/datasets/twemcacheWorkload/cacheDatasets/tencentBlock/v2/100K/tencentBlock_1219.oracleGeneral.zst
tencentBlock_v2_100K	https://ftp.pdl.cmu.edu/pub/datasets/twemcacheWorkload/cacheDatasets/tencentBlock/v2/100K/tencentBlock_12194.oracleGeneral.zst
tencentBlock_v2_100K	https://ftp.pdl.cmu.edu/pub/datasets/twemcacheWorkload/cacheDatasets/tencentBlock/v2/100K/tencentBlock_12208.oracleGeneral.zst
tencentBlock_v2_100K	https://ftp.pdl.cmu.edu/pub/datasets/twemcacheWorkload/cacheDatasets/tencentBlock/v2/100K/tencentBlock_12215.oracleGeneral.zst
tencentBlock_v2_100K	https://ftp.pdl.cmu.edu/pub/datasets/twemcacheWorkload/cacheDatasets/tencentBlock/v2/100K/tencentBlock_12226.oracleGeneral.zst
tencentBlock_v2_100K	https://ftp.pdl.cmu.edu/pub/datasets/twemcacheWorkload/cacheDatasets/tencentBlock/v2/100K/tencentBlock_12248.oracleGeneral.zst
tencentBlock_v2_100K	https://ftp.pdl.cmu.edu/pub/datasets/twemcacheWorkload/cacheDatasets/tencentBlock/v2/100K/tencentBlock_12263.oracleGeneral.zst
tencentBlock_v2_100K	https://ftp.pdl.cmu.edu/pub/datasets/twemcacheWorkload/cacheDatasets/tencentBlock/v2/100K/tencentBlock_12273.oracleGeneral.zst
tencentBlock_v2_100K	https://ftp.pdl.cmu.edu/pub/datasets/twemcacheWorkload/cacheDatasets/tencentBlock/v2/100K/tencentBlock_1228.oracleGeneral.zst
tencentBlock_v2_100K	https://ftp.pdl.cmu.edu/pub/datasets/twemcacheWorkload/cacheDatasets/tencentBlock/v2/100K/tencentBlock_12293.oracleGeneral.zst
tencentBlock_v2_100K	https://ftp.pdl.cmu.edu/pub/datasets/twemcacheWorkload/cacheDatasets/tencentBlock/v2/100K/tencentBlock_12316.oracleGeneral.zst
tencentBlock_v2_100K	https://ftp.pdl.cmu.edu/pub/datasets/twemcacheWorkload/cacheDatasets/tencentBlock/v2/100K/tencentBlock_12331.oracleGeneral.zst
tencentBlock_v2_100K	https://ftp.pdl.cmu.edu/pub/datasets/twemcacheWorkload/cacheDatasets/tencentBlock/v2/100K/tencentBlock_12341.oracleGeneral.zst
tencentBlock_v2_100K	https://ftp.pdl.cmu.edu/pub/datasets/twemcacheWorkload/cacheDatasets/tencentBlock/v2/100K/tencentBlock_12360.oracleGeneral.zst
tencentBlock_v2_100K	https://ftp.pdl.cmu.edu/pub/datasets/twemcacheWorkload/cacheDatasets/tencentBlock/v2/100K/tencentBlock_12365.oracleGeneral.zst
tencentBlock_v2_100K	https://ftp.pdl.cmu.edu/pub/datasets/twemcacheWorkload/cacheDatasets/tencentBlock/v2/100K/tencentBlock_12411.oracleGeneral.zst
tencentBlock_v2_100K	https://ftp.pdl.cmu.edu/pub/datasets/twemcacheWorkload/cacheDatasets/tencentBlock/v2/100K/tencentBlock_12416.oracleGeneral.zst
tencentBlock_v2_100K	https://ftp.pdl.cmu.edu/pub/datasets/twemcacheWorkload/cacheDatasets/tencentBlock/v2/100K/tencentBlock_1243.oracleGeneral.zst
tencentBlock_v2_100K	https://ftp.pdl.cmu.edu/pub/datasets/twemcacheWorkload/cacheDatasets/tencentBlock/v2/100K/tencentBlock_12444.oracleGeneral.zst
tencentBlock_v2_100K	https://ftp.pdl.cmu.edu/pub/datasets/twemcacheWorkload/cacheDatasets/tencentBlock/v2/100K/tencentBlock_12500.oracleGeneral.zst
tencentBlock_v2_100K	https://ftp.pdl.cmu.edu/pub/datasets/twemcacheWorkload/cacheDatasets/tencentBlock/v2/100K/tencentBlock_12507.oracleGeneral.zst
tencentBlock_v2_100K	https://ftp.pdl.cmu.edu/pub/datasets/twemcacheWorkload/cacheDatasets/tencentBlock/v2/100K/tencentBlock_12557.oracleGeneral.zst
tencentBlock_v2_100K	https://ftp.pdl.cmu.edu/pub/datasets/twemcacheWorkload/cacheDatasets/tencentBlock/v2/100K/tencentBlock_12576.oracleGeneral.zst
tencentBlock_v2_100K	https://ftp.pdl.cmu.edu/pub/datasets/twemcacheWorkload/cacheDatasets/tencentBlock/v2/100K/tencentBlock_12581.oracleGeneral.zst
tencentBlock_v2_100K	https://ftp.pdl.cmu.edu/pub/datasets/twemcacheWorkload/cacheDatasets/tencentBlock/v2/100K/tencentBlock_12599.oracleGeneral.zst
tencentBlock_v2_100K	https://ftp.pdl.cmu.edu/pub/datasets/twemcacheWorkload/cacheDatasets/tencentBlock/v2/100K/tencentBlock_12645.oracleGeneral.zst
tencentBlock_v2_100K	https://ftp.pdl.cmu.edu/pub/datasets/twemcacheWorkload/cacheDatasets/tencentBlock/v2/100K/tencentBlock_12654.oracleGeneral.zst
tencentBlock_v2_100K	https://ftp.pdl.cmu.edu/pub/datasets/twemcacheWorkload/cacheDatasets/tencentBlock/v2/100K/tencentBlock_12690.oracleGeneral.zst
tencentBlock_v2_100K	https://ftp.pdl.cmu.edu/pub/datasets/twemcacheWorkload/cacheDatasets/tencentBlock/v2/100K/tencentBlock_12723.oracleGeneral.zst
tencentBlock_v2_100K	https://ftp.pdl.cmu.edu/pub/datasets/twemcacheWorkload/cacheDatasets/tencentBlock/v2/100K/tencentBlock_12740.oracleGeneral.zst
tencentBlock_v2_100K	https://ftp.pdl.cmu.edu/pub/datasets/twemcacheWorkload/cacheDatasets/tencentBlock/v2/100K/tencentBlock_12746.oracleGeneral.zst
tencentBlock_v2_100K	https://ftp.pdl.cmu.edu/pub/datasets/twemcacheWorkload/cacheDatasets/tencentBlock/v2/100K/tencentBlock_12762.oracleGeneral.zst
tencentBlock_v2_100K	https://ftp.pdl.cmu.edu/pub/datasets/twemcacheWorkload/cacheDatasets/tencentBlock/v2/100K/tencentBlock_12765.oracleGeneral.zst
tencentBlock_v2_100K	https://ftp.pdl.cmu.edu/pub/datasets/twemcacheWorkload/cacheDatasets/tencentBlock/v2/100K/tencentBlock_12781.oracleGeneral.zst
tencentBlock_v2_100K	https://ftp.pdl.cmu.edu/pub/datasets/twemcacheWorkload/cacheDatasets/tencentBlock/v2/100K/tencentBlock_12783.oracleGeneral.zst
tencentBlock_v2_100K	https://ftp.pdl.cmu.edu/pub/datasets/twemcacheWorkload/cacheDatasets/tencentBlock/v2/100K/tencentBlock_12785.oracleGeneral.zst
tencentBlock_v2_100K	https://ftp.pdl.cmu.edu/pub/datasets/twemcacheWorkload/cacheDatasets/tencentBlock/v2/100K/tencentBlock_12890.oracleGeneral.zst
tencentBlock_v2_100K	https://ftp.pdl.cmu.edu/pub/datasets/twemcacheWorkload/cacheDatasets/tencentBlock/v2/100K/tencentBlock_12926.oracleGeneral.zst
tencentBlock_v2_100K	https://ftp.pdl.cmu.edu/pub/datasets/twemcacheWorkload/cacheDatasets/tencentBlock/v2/100K/tencentBlock_12963.oracleGeneral.zst
tencentBlock_v2_100K	https://ftp.pdl.cmu.edu/pub/datasets/twemcacheWorkload/cacheDatasets/tencentBlock/v2/100K/tencentBlock_12982.oracleGeneral.zst
tencentBlock_v2_100K	https://ftp.pdl.cmu.edu/pub/datasets/twemcacheWorkload/cacheDatasets/tencentBlock/v2/100K/tencentBlock_12994.oracleGeneral.zst
tencentBlock_v2_100K	https://ftp.pdl.cmu.edu/pub/datasets/twemcacheWorkload/cacheDatasets/tencentBlock/v2/100K/tencentBlock_13033.oracleGeneral.zst
tencentBlock_v2_100K	https://ftp.pdl.cmu.edu/pub/datasets/twemcacheWorkload/cacheDatasets/tencentBlock/v2/100K/tencentBlock_13072.oracleGeneral.zst
tencentBlock_v2_100K	https://ftp.pdl.cmu.edu/pub/datasets/twemcacheWorkload/cacheDatasets/tencentBlock/v2/100K/tencentBlock_13084.oracleGeneral.zst
tencentBlock_v2_100K	https://ftp.pdl.cmu.edu/pub/datasets/twemcacheWorkload/cacheDatasets/tencentBlock/v2/100K/tencentBlock_13112.oracleGeneral.zst
tencentBlock_v2_100K	https://ftp.pdl.cmu.edu/pub/datasets/twemcacheWorkload/cacheDatasets/tencentBlock/v2/100K/tencentBlock_13164.oracleGeneral.zst
tencentBlock_v2_100K	https://ftp.pdl.cmu.edu/pub/datasets/twemcacheWorkload/cacheDatasets/tencentBlock/v2/100K/tencentBlock_13217.oracleGeneral.zst
tencentBlock_v2_100K	https://ftp.pdl.cmu.edu/pub/datasets/twemcacheWorkload/cacheDatasets/tencentBlock/v2/100K/tencentBlock_13236.oracleGeneral.zst
tencentBlock_v2_100K	https://ftp.pdl.cmu.edu/pub/datasets/twemcacheWorkload/cacheDatasets/tencentBlock/v2/100K/tencentBlock_13244.oracleGeneral.zst
tencentBlock_v2_100K	https://ftp.pdl.cmu.edu/pub/datasets/twemcacheWorkload/cacheDatasets/tencentBlock/v2/100K/tencentBlock_13294.oracleGeneral.zst
tencentBlock_v2_100K	https://ftp.pdl.cmu.edu/pub/datasets/twemcacheWorkload/cacheDatasets/tencentBlock/v2/100K/tencentBlock_13300.oracleGeneral.zst
tencentBlock_v2_100K	https://ftp.pdl.cmu.edu/pub/datasets/twemcacheWorkload/cacheDatasets/tencentBlock/v2/100K/tencentBlock_13313.oracleGeneral.zst
tencentBlock_v2_100K	https://ftp.pdl.cmu.edu/pub/datasets/twemcacheWorkload/cacheDatasets/tencentBlock/v2/100K/tencentBlock_13319.oracleGeneral.zst
tencentBlock_v2_100K	https://ftp.pdl.cmu.edu/pub/datasets/twemcacheWorkload/cacheDatasets/tencentBlock/v2/100K/tencentBlock_13332.oracleGeneral.zst
tencentBlock_v2_100K	https://ftp.pdl.cmu.edu/pub/datasets/twemcacheWorkload/cacheDatasets/tencentBlock/v2/100K/tencentBlock_13343.oracleGeneral.zst
tencentBlock_v2_100K	https://ftp.pdl.cmu.edu/pub/datasets/twemcacheWorkload/cacheDatasets/tencentBlock/v2/100K/tencentBlock_13391.oracleGeneral.zst
tencentBlock_v2_100K	https://ftp.pdl.cmu.edu/pub/datasets/twemcacheWorkload/cacheDatasets/tencentBlock/v2/100K/tencentBlock_13411.oracleGeneral.zst
tencentBlock_v2_100K	https://ftp.pdl.cmu.edu/pub/datasets/twemcacheWorkload/cacheDatasets/tencentBlock/v2/100K/tencentBlock_1344.oracleGeneral.zst
tencentBlock_v2_100K	https://ftp.pdl.cmu.edu/pub/datasets/twemcacheWorkload/cacheDatasets/tencentBlock/v2/100K/tencentBlock_13455.oracleGeneral.zst
tencentBlock_v2_100K	https://ftp.pdl.cmu.edu/pub/datasets/twemcacheWorkload/cacheDatasets/tencentBlock/v2/100K/tencentBlock_13482.oracleGeneral.zst
tencentBlock_v2_100K	https://ftp.pdl.cmu.edu/pub/datasets/twemcacheWorkload/cacheDatasets/tencentBlock/v2/100K/tencentBlock_13513.oracleGeneral.zst
tencentBlock_v2_100K	https://ftp.pdl.cmu.edu/pub/datasets/twemcacheWorkload/cacheDatasets/tencentBlock/v2/100K/tencentBlock_13526.oracleGeneral.zst
tencentBlock_v2_100K	https://ftp.pdl.cmu.edu/pub/datasets/twemcacheWorkload/cacheDatasets/tencentBlock/v2/100K/tencentBlock_13564.oracleGeneral.zst
tencentBlock_v2_100K	https://ftp.pdl.cmu.edu/pub/datasets/twemcacheWorkload/cacheDatasets/tencentBlock/v2/100K/tencentBlock_13608.oracleGeneral.zst
tencentBlock_v2_100K	https://ftp.pdl.cmu.edu/pub/datasets/twemcacheWorkload/cacheDatasets/tencentBlock/v2/100K/tencentBlock_13626.oracleGeneral.zst
tencentBlock_v2_100K	https://ftp.pdl.cmu.edu/pub/datasets/twemcacheWorkload/cacheDatasets/tencentBlock/v2/100K/tencentBlock_13645.oracleGeneral.zst
tencentBlock_v2_100K	https://ftp.pdl.cmu.edu/pub/datasets/twemcacheWorkload/cacheDatasets/tencentBlock/v2/100K/tencentBlock_13646.oracleGeneral.zst
tencentBlock_v2_100K	https://ftp.pdl.cmu.edu/pub/datasets/twemcacheWorkload/cacheDatasets/tencentBlock/v2/100K/tencentBlock_1368.oracleGeneral.zst
tencentBlock_v2_100K	https://ftp.pdl.cmu.edu/pub/datasets/twemcacheWorkload/cacheDatasets/tencentBlock/v2/100K/tencentBlock_13711.oracleGeneral.zst
tencentBlock_v2_100K	https://ftp.pdl.cmu.edu/pub/datasets/twemcacheWorkload/cacheDatasets/tencentBlock/v2/100K/tencentBlock_13720.oracleGeneral.zst
tencentBlock_v2_100K	https://ftp.pdl.cmu.edu/pub/datasets/twemcacheWorkload/cacheDatasets/tencentBlock/v2/100K/tencentBlock_13755.oracleGeneral.zst
tencentBlock_v2_100K	https://ftp.pdl.cmu.edu/pub/datasets/twemcacheWorkload/cacheDatasets/tencentBlock/v2/100K/tencentBlock_13816.oracleGeneral.zst
tencentBlock_v2_100K	https://ftp.pdl.cmu.edu/pub/datasets/twemcacheWorkload/cacheDatasets/tencentBlock/v2/100K/tencentBlock_13820.oracleGeneral.zst
tencentBlock_v2_100K	https://ftp.pdl.cmu.edu/pub/datasets/twemcacheWorkload/cacheDatasets/tencentBlock/v2/100K/tencentBlock_13840.oracleGeneral.zst
tencentBlock_v2_100K	https://ftp.pdl.cmu.edu/pub/datasets/twemcacheWorkload/cacheDatasets/tencentBlock/v2/100K/tencentBlock_13868.oracleGeneral.zst
tencentBlock_v2_100K	https://ftp.pdl.cmu.edu/pub/datasets/twemcacheWorkload/cacheDatasets/tencentBlock/v2/100K/tencentBlock_13902.oracleGeneral.zst
tencentBlock_v2_100K	https://ftp.pdl.cmu.edu/pub/datasets/twemcacheWorkload/cacheDatasets/tencentBlock/v2/100K/tencentBlock_13948.oracleGeneral.zst
tencentBlock_v2_100K	https://ftp.pdl.cmu.edu/pub/datasets/twemcacheWorkload/cacheDatasets/tencentBlock/v2/100K/tencentBlock_13952.oracleGeneral.zst
tencentBlock_v2_100K	https://ftp.pdl.cmu.edu/pub/datasets/twemcacheWorkload/cacheDatasets/tencentBlock/v2/100K/tencentBlock_13959.oracleGeneral.zst
tencentBlock_v2_100K	https://ftp.pdl.cmu.edu/pub/datasets/twemcacheWorkload/cacheDatasets/tencentBlock/v2/100K/tencentBlock_13981.oracleGeneral.zst
tencentBlock_v2_100K	https://ftp.pdl.cmu.edu/pub/datasets/twemcacheWorkload/cacheDatasets/tencentBlock/v2/100K/tencentBlock_14030.oracleGeneral.zst
tencentBlock_v2_100K	https://ftp.pdl.cmu.edu/pub/datasets/twemcacheWorkload/cacheDatasets/tencentBlock/v2/100K/tencentBlock_14105.oracleGeneral.zst
tencentBlock_v2_100K	https://ftp.pdl.cmu.edu/pub/datasets/twemcacheWorkload/cacheDatasets/tencentBlock/v2/100K/tencentBlock_1417.oracleGeneral.zst
tencentBlock_v2_100K	https://ftp.pdl.cmu.edu/pub/datasets/twemcacheWorkload/cacheDatasets/tencentBlock/v2/100K/tencentBlock_1418.oracleGeneral.zst
tencentBlock_v2_100K	https://ftp.pdl.cmu.edu/pub/datasets/twemcacheWorkload/cacheDatasets/tencentBlock/v2/100K/tencentBlock_14186.oracleGeneral.zst
tencentBlock_v2_100K	https://ftp.pdl.cmu.edu/pub/datasets/twemcacheWorkload/cacheDatasets/tencentBlock/v2/100K/tencentBlock_1421.oracleGeneral.zst
tencentBlock_v2_100K	https://ftp.pdl.cmu.edu/pub/datasets/twemcacheWorkload/cacheDatasets/tencentBlock/v2/100K/tencentBlock_14220.oracleGeneral.zst
tencentBlock_v2_100K	https://ftp.pdl.cmu.edu/pub/datasets/twemcacheWorkload/cacheDatasets/tencentBlock/v2/100K/tencentBlock_14229.oracleGeneral.zst
tencentBlock_v2_100K	https://ftp.pdl.cmu.edu/pub/datasets/twemcacheWorkload/cacheDatasets/tencentBlock/v2/100K/tencentBlock_14239.oracleGeneral.zst
tencentBlock_v2_100K	https://ftp.pdl.cmu.edu/pub/datasets/twemcacheWorkload/cacheDatasets/tencentBlock/v2/100K/tencentBlock_14242.oracleGeneral.zst
tencentBlock_v2_100K	https://ftp.pdl.cmu.edu/pub/datasets/twemcacheWorkload/cacheDatasets/tencentBlock/v2/100K/tencentBlock_14249.oracleGeneral.zst
tencentBlock_v2_100K	https://ftp.pdl.cmu.edu/pub/datasets/twemcacheWorkload/cacheDatasets/tencentBlock/v2/100K/tencentBlock_1430.oracleGeneral.zst
tencentBlock_v2_100K	https://ftp.pdl.cmu.edu/pub/datasets/twemcacheWorkload/cacheDatasets/tencentBlock/v2/100K/tencentBlock_14321.oracleGeneral.zst
tencentBlock_v2_100K	https://ftp.pdl.cmu.edu/pub/datasets/twemcacheWorkload/cacheDatasets/tencentBlock/v2/100K/tencentBlock_14383.oracleGeneral.zst
tencentBlock_v2_100K	https://ftp.pdl.cmu.edu/pub/datasets/twemcacheWorkload/cacheDatasets/tencentBlock/v2/100K/tencentBlock_14405.oracleGeneral.zst
tencentBlock_v2_100K	https://ftp.pdl.cmu.edu/pub/datasets/twemcacheWorkload/cacheDatasets/tencentBlock/v2/100K/tencentBlock_14533.oracleGeneral.zst
tencentBlock_v2_100K	https://ftp.pdl.cmu.edu/pub/datasets/twemcacheWorkload/cacheDatasets/tencentBlock/v2/100K/tencentBlock_14555.oracleGeneral.zst
tencentBlock_v2_100K	https://ftp.pdl.cmu.edu/pub/datasets/twemcacheWorkload/cacheDatasets/tencentBlock/v2/100K/tencentBlock_14610.oracleGeneral.zst
tencentBlock_v2_100K	https://ftp.pdl.cmu.edu/pub/datasets/twemcacheWorkload/cacheDatasets/tencentBlock/v2/100K/tencentBlock_14666.oracleGeneral.zst
tencentBlock_v2_100K	https://ftp.pdl.cmu.edu/pub/datasets/twemcacheWorkload/cacheDatasets/tencentBlock/v2/100K/tencentBlock_14684.oracleGeneral.zst
tencentBlock_v2_100K	https://ftp.pdl.cmu.edu/pub/datasets/twemcacheWorkload/cacheDatasets/tencentBlock/v2/100K/tencentBlock_14701.oracleGeneral.zst
tencentBlock_v2_100K	https://ftp.pdl.cmu.edu/pub/datasets/twemcacheWorkload/cacheDatasets/tencentBlock/v2/100K/tencentBlock_14731.oracleGeneral.zst
tencentBlock_v2_100K	https://ftp.pdl.cmu.edu/pub/datasets/twemcacheWorkload/cacheDatasets/tencentBlock/v2/100K/tencentBlock_14737.oracleGeneral.zst
tencentBlock_v2_100K	https://ftp.pdl.cmu.edu/pub/datasets/twemcacheWorkload/cacheDatasets/tencentBlock/v2/100K/tencentBlock_14743.oracleGeneral.zst
tencentBlock_v2_100K	https://ftp.pdl.cmu.edu/pub/datasets/twemcacheWorkload/cacheDatasets/tencentBlock/v2/100K/tencentBlock_14753.oracleGeneral.zst
tencentBlock_v2_100K	https://ftp.pdl.cmu.edu/pub/datasets/twemcacheWorkload/cacheDatasets/tencentBlock/v2/100K/tencentBlock_14774.oracleGeneral.zst
tencentBlock_v2_100K	https://ftp.pdl.cmu.edu/pub/datasets/twemcacheWorkload/cacheDatasets/tencentBlock/v2/100K/tencentBlock_14781.oracleGeneral.zst
tencentBlock_v2_100K	https://ftp.pdl.cmu.edu/pub/datasets/twemcacheWorkload/cacheDatasets/tencentBlock/v2/100K/tencentBlock_14790.oracleGeneral.zst
tencentBlock_v2_100K	https://ftp.pdl.cmu.edu/pub/datasets/twemcacheWorkload/cacheDatasets/tencentBlock/v2/100K/tencentBlock_1487.oracleGeneral.zst
tencentBlock_v2_100K	https://ftp.pdl.cmu.edu/pub/datasets/twemcacheWorkload/cacheDatasets/tencentBlock/v2/100K/tencentBlock_14918.oracleGeneral.zst
tencentBlock_v2_100K	https://ftp.pdl.cmu.edu/pub/datasets/twemcacheWorkload/cacheDatasets/tencentBlock/v2/100K/tencentBlock_15012.oracleGeneral.zst
tencentBlock_v2_100K	https://ftp.pdl.cmu.edu/pub/datasets/twemcacheWorkload/cacheDatasets/tencentBlock/v2/100K/tencentBlock_15063.oracleGeneral.zst
tencentBlock_v2_100K	https://ftp.pdl.cmu.edu/pub/datasets/twemcacheWorkload/cacheDatasets/tencentBlock/v2/100K/tencentBlock_15070.oracleGeneral.zst
tencentBlock_v2_100K	https://ftp.pdl.cmu.edu/pub/datasets/twemcacheWorkload/cacheDatasets/tencentBlock/v2/100K/tencentBlock_1510.oracleGeneral.zst
tencentBlock_v2_100K	https://ftp.pdl.cmu.edu/pub/datasets/twemcacheWorkload/cacheDatasets/tencentBlock/v2/100K/tencentBlock_15117.oracleGeneral.zst
tencentBlock_v2_100K	https://ftp.pdl.cmu.edu/pub/datasets/twemcacheWorkload/cacheDatasets/tencentBlock/v2/100K/tencentBlock_15126.oracleGeneral.zst
tencentBlock_v2_100K	https://ftp.pdl.cmu.edu/pub/datasets/twemcacheWorkload/cacheDatasets/tencentBlock/v2/100K/tencentBlock_15205.oracleGeneral.zst
tencentBlock_v2_100K	https://ftp.pdl.cmu.edu/pub/datasets/twemcacheWorkload/cacheDatasets/tencentBlock/v2/100K/tencentBlock_15236.oracleGeneral.zst
tencentBlock_v2_100K	https://ftp.pdl.cmu.edu/pub/datasets/twemcacheWorkload/cacheDatasets/tencentBlock/v2/100K/tencentBlock_15266.oracleGeneral.zst
tencentBlock_v2_100K	https://ftp.pdl.cmu.edu/pub/datasets/twemcacheWorkload/cacheDatasets/tencentBlock/v2/100K/tencentBlock_15291.oracleGeneral.zst
tencentBlock_v2_100K	https://ftp.pdl.cmu.edu/pub/datasets/twemcacheWorkload/cacheDatasets/tencentBlock/v2/100K/tencentBlock_15307.oracleGeneral.zst
tencentBlock_v2_100K	https://ftp.pdl.cmu.edu/pub/datasets/twemcacheWorkload/cacheDatasets/tencentBlock/v2/100K/tencentBlock_15331.oracleGeneral.zst
tencentBlock_v2_100K	https://ftp.pdl.cmu.edu/pub/datasets/twemcacheWorkload/cacheDatasets/tencentBlock/v2/100K/tencentBlock_15348.oracleGeneral.zst
tencentBlock_v2_100K	https://ftp.pdl.cmu.edu/pub/datasets/twemcacheWorkload/cacheDatasets/tencentBlock/v2/100K/tencentBlock_15356.oracleGeneral.zst
tencentBlock_v2_100K	https://ftp.pdl.cmu.edu/pub/datasets/twemcacheWorkload/cacheDatasets/tencentBlock/v2/100K/tencentBlock_15434.oracleGeneral.zst
tencentBlock_v2_100K	https://ftp.pdl.cmu.edu/pub/datasets/twemcacheWorkload/cacheDatasets/tencentBlock/v2/100K/tencentBlock_15485.oracleGeneral.zst
tencentBlock_v2_100K	https://ftp.pdl.cmu.edu/pub/datasets/twemcacheWorkload/cacheDatasets/tencentBlock/v2/100K/tencentBlock_15504.oracleGeneral.zst
tencentBlock_v2_100K	https://ftp.pdl.cmu.edu/pub/datasets/twemcacheWorkload/cacheDatasets/tencentBlock/v2/100K/tencentBlock_15572.oracleGeneral.zst
tencentBlock_v2_100K	https://ftp.pdl.cmu.edu/pub/datasets/twemcacheWorkload/cacheDatasets/tencentBlock/v2/100K/tencentBlock_15601.oracleGeneral.zst
tencentBlock_v2_100K	https://ftp.pdl.cmu.edu/pub/datasets/twemcacheWorkload/cacheDatasets/tencentBlock/v2/100K/tencentBlock_15615.oracleGeneral.zst
tencentBlock_v2_100K	https://ftp.pdl.cmu.edu/pub/datasets/twemcacheWorkload/cacheDatasets/tencentBlock/v2/100K/tencentBlock_15635.oracleGeneral.zst
tencentBlock_v2_100K	https://ftp.pdl.cmu.edu/pub/datasets/twemcacheWorkload/cacheDatasets/tencentBlock/v2/100K/tencentBlock_15641.oracleGeneral.zst
tencentBlock_v2_100K	https://ftp.pdl.cmu.edu/pub/datasets/twemcacheWorkload/cacheDatasets/tencentBlock/v2/100K/tencentBlock_15651.oracleGeneral.zst
tencentBlock_v2_100K	https://ftp.pdl.cmu.edu/pub/datasets/twemcacheWorkload/cacheDatasets/tencentBlock/v2/100K/tencentBlock_1571.oracleGeneral.zst
tencentBlock_v2_100K	https://ftp.pdl.cmu.edu/pub/datasets/twemcacheWorkload/cacheDatasets/tencentBlock/v2/100K/tencentBlock_15713.oracleGeneral.zst
tencentBlock_v2_100K	https://ftp.pdl.cmu.edu/pub/datasets/twemcacheWorkload/cacheDatasets/tencentBlock/v2/100K/tencentBlock_15762.oracleGeneral.zst
tencentBlock_v2_100K	https://ftp.pdl.cmu.edu/pub/datasets/twemcacheWorkload/cacheDatasets/tencentBlock/v2/100K/tencentBlock_15791.oracleGeneral.zst
tencentBlock_v2_100K	https://ftp.pdl.cmu.edu/pub/datasets/twemcacheWorkload/cacheDatasets/tencentBlock/v2/100K/tencentBlock_15833.oracleGeneral.zst
tencentBlock_v2_100K	https://ftp.pdl.cmu.edu/pub/datasets/twemcacheWorkload/cacheDatasets/tencentBlock/v2/100K/tencentBlock_15844.oracleGeneral.zst
tencentBlock_v2_100K	https://ftp.pdl.cmu.edu/pub/datasets/twemcacheWorkload/cacheDatasets/tencentBlock/v2/100K/tencentBlock_15980.oracleGeneral.zst
tencentBlock_v2_100K	https://ftp.pdl.cmu.edu/pub/datasets/twemcacheWorkload/cacheDatasets/tencentBlock/v2/100K/tencentBlock_16040.oracleGeneral.zst
tencentBlock_v2_100K	https://ftp.pdl.cmu.edu/pub/datasets/twemcacheWorkload/cacheDatasets/tencentBlock/v2/100K/tencentBlock_16041.oracleGeneral.zst
tencentBlock_v2_100K	https://ftp.pdl.cmu.edu/pub/datasets/twemcacheWorkload/cacheDatasets/tencentBlock/v2/100K/tencentBlock_16093.oracleGeneral.zst
tencentBlock_v2_100K	https://ftp.pdl.cmu.edu/pub/datasets/twemcacheWorkload/cacheDatasets/tencentBlock/v2/100K/tencentBlock_1612.oracleGeneral.zst
tencentBlock_v2_100K	https://ftp.pdl.cmu.edu/pub/datasets/twemcacheWorkload/cacheDatasets/tencentBlock/v2/100K/tencentBlock_16131.oracleGeneral.zst
tencentBlock_v2_100K	https://ftp.pdl.cmu.edu/pub/datasets/twemcacheWorkload/cacheDatasets/tencentBlock/v2/100K/tencentBlock_16132.oracleGeneral.zst
tencentBlock_v2_100K	https://ftp.pdl.cmu.edu/pub/datasets/twemcacheWorkload/cacheDatasets/tencentBlock/v2/100K/tencentBlock_16254.oracleGeneral.zst
tencentBlock_v2_100K	https://ftp.pdl.cmu.edu/pub/datasets/twemcacheWorkload/cacheDatasets/tencentBlock/v2/100K/tencentBlock_1628.oracleGeneral.zst
tencentBlock_v2_100K	https://ftp.pdl.cmu.edu/pub/datasets/twemcacheWorkload/cacheDatasets/tencentBlock/v2/100K/tencentBlock_16341.oracleGeneral.zst
tencentBlock_v2_100K	https://ftp.pdl.cmu.edu/pub/datasets/twemcacheWorkload/cacheDatasets/tencentBlock/v2/100K/tencentBlock_16383.oracleGeneral.zst
tencentBlock_v2_100K	https://ftp.pdl.cmu.edu/pub/datasets/twemcacheWorkload/cacheDatasets/tencentBlock/v2/100K/tencentBlock_16387.oracleGeneral.zst
tencentBlock_v2_100K	https://ftp.pdl.cmu.edu/pub/datasets/twemcacheWorkload/cacheDatasets/tencentBlock/v2/100K/tencentBlock_16428.oracleGeneral.zst
tencentBlock_v2_100K	https://ftp.pdl.cmu.edu/pub/datasets/twemcacheWorkload/cacheDatasets/tencentBlock/v2/100K/tencentBlock_16495.oracleGeneral.zst
tencentBlock_v2_100K	https://ftp.pdl.cmu.edu/pub/datasets/twemcacheWorkload/cacheDatasets/tencentBlock/v2/100K/tencentBlock_16551.oracleGeneral.zst
tencentBlock_v2_100K	https://ftp.pdl.cmu.edu/pub/datasets/twemcacheWorkload/cacheDatasets/tencentBlock/v2/100K/tencentBlock_16579.oracleGeneral.zst
tencentBlock_v2_100K	https://ftp.pdl.cmu.edu/pub/datasets/twemcacheWorkload/cacheDatasets/tencentBlock/v2/100K/tencentBlock_16625.oracleGeneral.zst
tencentBlock_v2_100K	https://ftp.pdl.cmu.edu/pub/datasets/twemcacheWorkload/cacheDatasets/tencentBlock/v2/100K/tencentBlock_16672.oracleGeneral.zst
tencentBlock_v2_100K	https://ftp.pdl.cmu.edu/pub/datasets/twemcacheWorkload/cacheDatasets/tencentBlock/v2/100K/tencentBlock_16729.oracleGeneral.zst
tencentBlock_v2_100K	https://ftp.pdl.cmu.edu/pub/datasets/twemcacheWorkload/cacheDatasets/tencentBlock/v2/100K/tencentBlock_1675.oracleGeneral.zst
tencentBlock_v2_100K	https://ftp.pdl.cmu.edu/pub/datasets/twemcacheWorkload/cacheDatasets/tencentBlock/v2/100K/tencentBlock_16768.oracleGeneral.zst
tencentBlock_v2_100K	https://ftp.pdl.cmu.edu/pub/datasets/twemcacheWorkload/cacheDatasets/tencentBlock/v2/100K/tencentBlock_16812.oracleGeneral.zst
tencentBlock_v2_100K	https://ftp.pdl.cmu.edu/pub/datasets/twemcacheWorkload/cacheDatasets/tencentBlock/v2/100K/tencentBlock_16850.oracleGeneral.zst
tencentBlock_v2_100K	https://ftp.pdl.cmu.edu/pub/datasets/twemcacheWorkload/cacheDatasets/tencentBlock/v2/100K/tencentBlock_16863.oracleGeneral.zst
tencentBlock_v2_100K	https://ftp.pdl.cmu.edu/pub/datasets/twemcacheWorkload/cacheDatasets/tencentBlock/v2/100K/tencentBlock_16921.oracleGeneral.zst
tencentBlock_v2_100K	https://ftp.pdl.cmu.edu/pub/datasets/twemcacheWorkload/cacheDatasets/tencentBlock/v2/100K/tencentBlock_16927.oracleGeneral.zst
tencentBlock_v2_100K	https://ftp.pdl.cmu.edu/pub/datasets/twemcacheWorkload/cacheDatasets/tencentBlock/v2/100K/tencentBlock_17014.oracleGeneral.zst
tencentBlock_v2_100K	https://ftp.pdl.cmu.edu/pub/datasets/twemcacheWorkload/cacheDatasets/tencentBlock/v2/100K/tencentBlock_1706.oracleGeneral.zst
tencentBlock_v2_100K	https://ftp.pdl.cmu.edu/pub/datasets/twemcacheWorkload/cacheDatasets/tencentBlock/v2/100K/tencentBlock_1708.oracleGeneral.zst
tencentBlock_v2_100K	https://ftp.pdl.cmu.edu/pub/datasets/twemcacheWorkload/cacheDatasets/tencentBlock/v2/100K/tencentBlock_17102.oracleGeneral.zst
tencentBlock_v2_100K	https://ftp.pdl.cmu.edu/pub/datasets/twemcacheWorkload/cacheDatasets/tencentBlock/v2/100K/tencentBlock_17145.oracleGeneral.zst
tencentBlock_v2_100K	https://ftp.pdl.cmu.edu/pub/datasets/twemcacheWorkload/cacheDatasets/tencentBlock/v2/100K/tencentBlock_17183.oracleGeneral.zst
tencentBlock_v2_100K	https://ftp.pdl.cmu.edu/pub/datasets/twemcacheWorkload/cacheDatasets/tencentBlock/v2/100K/tencentBlock_17273.oracleGeneral.zst
tencentBlock_v2_100K	https://ftp.pdl.cmu.edu/pub/datasets/twemcacheWorkload/cacheDatasets/tencentBlock/v2/100K/tencentBlock_17286.oracleGeneral.zst
tencentBlock_v2_100K	https://ftp.pdl.cmu.edu/pub/datasets/twemcacheWorkload/cacheDatasets/tencentBlock/v2/100K/tencentBlock_17308.oracleGeneral.zst
tencentBlock_v2_100K	https://ftp.pdl.cmu.edu/pub/datasets/twemcacheWorkload/cacheDatasets/tencentBlock/v2/100K/tencentBlock_17332.oracleGeneral.zst
tencentBlock_v2_100K	https://ftp.pdl.cmu.edu/pub/datasets/twemcacheWorkload/cacheDatasets/tencentBlock/v2/100K/tencentBlock_17352.oracleGeneral.zst
tencentBlock_v2_100K	https://ftp.pdl.cmu.edu/pub/datasets/twemcacheWorkload/cacheDatasets/tencentBlock/v2/100K/tencentBlock_17385.oracleGeneral.zst
tencentBlock_v2_100K	https://ftp.pdl.cmu.edu/pub/datasets/twemcacheWorkload/cacheDatasets/tencentBlock/v2/100K/tencentBlock_17402.oracleGeneral.zst
tencentBlock_v2_100K	https://ftp.pdl.cmu.edu/pub/datasets/twemcacheWorkload/cacheDatasets/tencentBlock/v2/100K/tencentBlock_17533.oracleGeneral.zst
tencentBlock_v2_100K	https://ftp.pdl.cmu.edu/pub/datasets/twemcacheWorkload/cacheDatasets/tencentBlock/v2/100K/tencentBlock_17544.oracleGeneral.zst
tencentBlock_v2_100K	https://ftp.pdl.cmu.edu/pub/datasets/twemcacheWorkload/cacheDatasets/tencentBlock/v2/100K/tencentBlock_17649.oracleGeneral.zst
tencentBlock_v2_100K	https://ftp.pdl.cmu.edu/pub/datasets/twemcacheWorkload/cacheDatasets/tencentBlock/v2/100K/tencentBlock_17709.oracleGeneral.zst
tencentBlock_v2_100K	https://ftp.pdl.cmu.edu/pub/datasets/twemcacheWorkload/cacheDatasets/tencentBlock/v2/100K/tencentBlock_17781.oracleGeneral.zst
tencentBlock_v2_100K	https://ftp.pdl.cmu.edu/pub/datasets/twemcacheWorkload/cacheDatasets/tencentBlock/v2/100K/tencentBlock_17795.oracleGeneral.zst
tencentBlock_v2_100K	https://ftp.pdl.cmu.edu/pub/datasets/twemcacheWorkload/cacheDatasets/tencentBlock/v2/100K/tencentBlock_17804.oracleGeneral.zst
tencentBlock_v2_100K	https://ftp.pdl.cmu.edu/pub/datasets/twemcacheWorkload/cacheDatasets/tencentBlock/v2/100K/tencentBlock_17879.oracleGeneral.zst
tencentBlock_v2_100K	https://ftp.pdl.cmu.edu/pub/datasets/twemcacheWorkload/cacheDatasets/tencentBlock/v2/100K/tencentBlock_17897.oracleGeneral.zst
tencentBlock_v2_100K	https://ftp.pdl.cmu.edu/pub/datasets/twemcacheWorkload/cacheDatasets/tencentBlock/v2/100K/tencentBlock_17915.oracleGeneral.zst
tencentBlock_v2_100K	https://ftp.pdl.cmu.edu/pub/datasets/twemcacheWorkload/cacheDatasets/tencentBlock/v2/100K/tencentBlock_17924.oracleGeneral.zst
tencentBlock_v2_100K	https://ftp.pdl.cmu.edu/pub/datasets/twemcacheWorkload/cacheDatasets/tencentBlock/v2/100K/tencentBlock_17945.oracleGeneral.zst
tencentBlock_v2_100K	https://ftp.pdl.cmu.edu/pub/datasets/twemcacheWorkload/cacheDatasets/tencentBlock/v2/100K/tencentBlock_1796.oracleGeneral.zst
tencentBlock_v2_100K	https://ftp.pdl.cmu.edu/pub/datasets/twemcacheWorkload/cacheDatasets/tencentBlock/v2/100K/tencentBlock_18029.oracleGeneral.zst
tencentBlock_v2_100K	https://ftp.pdl.cmu.edu/pub/datasets/twemcacheWorkload/cacheDatasets/tencentBlock/v2/100K/tencentBlock_18031.oracleGeneral.zst
tencentBlock_v2_100K	https://ftp.pdl.cmu.edu/pub/datasets/twemcacheWorkload/cacheDatasets/tencentBlock/v2/100K/tencentBlock_18077.oracleGeneral.zst
tencentBlock_v2_100K	https://ftp.pdl.cmu.edu/pub/datasets/twemcacheWorkload/cacheDatasets/tencentBlock/v2/100K/tencentBlock_18083.oracleGeneral.zst
tencentBlock_v2_100K	https://ftp.pdl.cmu.edu/pub/datasets/twemcacheWorkload/cacheDatasets/tencentBlock/v2/100K/tencentBlock_18089.oracleGeneral.zst
tencentBlock_v2_100K	https://ftp.pdl.cmu.edu/pub/datasets/twemcacheWorkload/cacheDatasets/tencentBlock/v2/100K/tencentBlock_18101.oracleGeneral.zst
tencentBlock_v2_100K	https://ftp.pdl.cmu.edu/pub/datasets/twemcacheWorkload/cacheDatasets/tencentBlock/v2/100K/tencentBlock_18112.oracleGeneral.zst
tencentBlock_v2_100K	https://ftp.pdl.cmu.edu/pub/datasets/twemcacheWorkload/cacheDatasets/tencentBlock/v2/100K/tencentBlock_18141.oracleGeneral.zst
tencentBlock_v2_100K	https://ftp.pdl.cmu.edu/pub/datasets/twemcacheWorkload/cacheDatasets/tencentBlock/v2/100K/tencentBlock_18144.oracleGeneral.zst
tencentBlock_v2_100K	https://ftp.pdl.cmu.edu/pub/datasets/twemcacheWorkload/cacheDatasets/tencentBlock/v2/100K/tencentBlock_18147.oracleGeneral.zst
tencentBlock_v2_100K	https://ftp.pdl.cmu.edu/pub/datasets/twemcacheWorkload/cacheDatasets/tencentBlock/v2/100K/tencentBlock_18195.oracleGeneral.zst
tencentBlock_v2_100K	https://ftp.pdl.cmu.edu/pub/datasets/twemcacheWorkload/cacheDatasets/tencentBlock/v2/100K/tencentBlock_18199.oracleGeneral.zst
tencentBlock_v2_100K	https://ftp.pdl.cmu.edu/pub/datasets/twemcacheWorkload/cacheDatasets/tencentBlock/v2/100K/tencentBlock_18246.oracleGeneral.zst
tencentBlock_v2_100K	https://ftp.pdl.cmu.edu/pub/datasets/twemcacheWorkload/cacheDatasets/tencentBlock/v2/100K/tencentBlock_1826.oracleGeneral.zst
tencentBlock_v2_100K	https://ftp.pdl.cmu.edu/pub/datasets/twemcacheWorkload/cacheDatasets/tencentBlock/v2/100K/tencentBlock_18301.oracleGeneral.zst
tencentBlock_v2_100K	https://ftp.pdl.cmu.edu/pub/datasets/twemcacheWorkload/cacheDatasets/tencentBlock/v2/100K/tencentBlock_18318.oracleGeneral.zst
tencentBlock_v2_100K	https://ftp.pdl.cmu.edu/pub/datasets/twemcacheWorkload/cacheDatasets/tencentBlock/v2/100K/tencentBlock_18347.oracleGeneral.zst
tencentBlock_v2_100K	https://ftp.pdl.cmu.edu/pub/datasets/twemcacheWorkload/cacheDatasets/tencentBlock/v2/100K/tencentBlock_1839.oracleGeneral.zst
tencentBlock_v2_100K	https://ftp.pdl.cmu.edu/pub/datasets/twemcacheWorkload/cacheDatasets/tencentBlock/v2/100K/tencentBlock_1841.oracleGeneral.zst
tencentBlock_v2_100K	https://ftp.pdl.cmu.edu/pub/datasets/twemcacheWorkload/cacheDatasets/tencentBlock/v2/100K/tencentBlock_18427.oracleGeneral.zst
tencentBlock_v2_100K	https://ftp.pdl.cmu.edu/pub/datasets/twemcacheWorkload/cacheDatasets/tencentBlock/v2/100K/tencentBlock_18443.oracleGeneral.zst
tencentBlock_v2_100K	https://ftp.pdl.cmu.edu/pub/datasets/twemcacheWorkload/cacheDatasets/tencentBlock/v2/100K/tencentBlock_18505.oracleGeneral.zst
tencentBlock_v2_100K	https://ftp.pdl.cmu.edu/pub/datasets/twemcacheWorkload/cacheDatasets/tencentBlock/v2/100K/tencentBlock_18532.oracleGeneral.zst
tencentBlock_v2_100K	https://ftp.pdl.cmu.edu/pub/datasets/twemcacheWorkload/cacheDatasets/tencentBlock/v2/100K/tencentBlock_1855.oracleGeneral.zst
tencentBlock_v2_100K	https://ftp.pdl.cmu.edu/pub/datasets/twemcacheWorkload/cacheDatasets/tencentBlock/v2/100K/tencentBlock_18593.oracleGeneral.zst
tencentBlock_v2_100K	https://ftp.pdl.cmu.edu/pub/datasets/twemcacheWorkload/cacheDatasets/tencentBlock/v2/100K/tencentBlock_1863.oracleGeneral.zst
tencentBlock_v2_100K	https://ftp.pdl.cmu.edu/pub/datasets/twemcacheWorkload/cacheDatasets/tencentBlock/v2/100K/tencentBlock_18655.oracleGeneral.zst
tencentBlock_v2_100K	https://ftp.pdl.cmu.edu/pub/datasets/twemcacheWorkload/cacheDatasets/tencentBlock/v2/100K/tencentBlock_1867.oracleGeneral.zst
tencentBlock_v2_100K	https://ftp.pdl.cmu.edu/pub/datasets/twemcacheWorkload/cacheDatasets/tencentBlock/v2/100K/tencentBlock_18686.oracleGeneral.zst
tencentBlock_v2_100K	https://ftp.pdl.cmu.edu/pub/datasets/twemcacheWorkload/cacheDatasets/tencentBlock/v2/100K/tencentBlock_18717.oracleGeneral.zst
tencentBlock_v2_100K	https://ftp.pdl.cmu.edu/pub/datasets/twemcacheWorkload/cacheDatasets/tencentBlock/v2/100K/tencentBlock_1876.oracleGeneral.zst
tencentBlock_v2_100K	https://ftp.pdl.cmu.edu/pub/datasets/twemcacheWorkload/cacheDatasets/tencentBlock/v2/100K/tencentBlock_18776.oracleGeneral.zst
tencentBlock_v2_100K	https://ftp.pdl.cmu.edu/pub/datasets/twemcacheWorkload/cacheDatasets/tencentBlock/v2/100K/tencentBlock_1879.oracleGeneral.zst
tencentBlock_v2_100K	https://ftp.pdl.cmu.edu/pub/datasets/twemcacheWorkload/cacheDatasets/tencentBlock/v2/100K/tencentBlock_18801.oracleGeneral.zst
tencentBlock_v2_100K	https://ftp.pdl.cmu.edu/pub/datasets/twemcacheWorkload/cacheDatasets/tencentBlock/v2/100K/tencentBlock_18819.oracleGeneral.zst
tencentBlock_v2_100K	https://ftp.pdl.cmu.edu/pub/datasets/twemcacheWorkload/cacheDatasets/tencentBlock/v2/100K/tencentBlock_18822.oracleGeneral.zst
tencentBlock_v2_100K	https://ftp.pdl.cmu.edu/pub/datasets/twemcacheWorkload/cacheDatasets/tencentBlock/v2/100K/tencentBlock_18832.oracleGeneral.zst
tencentBlock_v2_100K	https://ftp.pdl.cmu.edu/pub/datasets/twemcacheWorkload/cacheDatasets/tencentBlock/v2/100K/tencentBlock_1885.oracleGeneral.zst
tencentBlock_v2_100K	https://ftp.pdl.cmu.edu/pub/datasets/twemcacheWorkload/cacheDatasets/tencentBlock/v2/100K/tencentBlock_18960.oracleGeneral.zst
tencentBlock_v2_100K	https://ftp.pdl.cmu.edu/pub/datasets/twemcacheWorkload/cacheDatasets/tencentBlock/v2/100K/tencentBlock_1897.oracleGeneral.zst
tencentBlock_v2_100K	https://ftp.pdl.cmu.edu/pub/datasets/twemcacheWorkload/cacheDatasets/tencentBlock/v2/100K/tencentBlock_18971.oracleGeneral.zst
tencentBlock_v2_100K	https://ftp.pdl.cmu.edu/pub/datasets/twemcacheWorkload/cacheDatasets/tencentBlock/v2/100K/tencentBlock_18984.oracleGeneral.zst
tencentBlock_v2_100K	https://ftp.pdl.cmu.edu/pub/datasets/twemcacheWorkload/cacheDatasets/tencentBlock/v2/100K/tencentBlock_18999.oracleGeneral.zst
tencentBlock_v2_100K	https://ftp.pdl.cmu.edu/pub/datasets/twemcacheWorkload/cacheDatasets/tencentBlock/v2/100K/tencentBlock_19004.oracleGeneral.zst
tencentBlock_v2_100K	https://ftp.pdl.cmu.edu/pub/datasets/twemcacheWorkload/cacheDatasets/tencentBlock/v2/100K/tencentBlock_19010.oracleGeneral.zst
tencentBlock_v2_100K	https://ftp.pdl.cmu.edu/pub/datasets/twemcacheWorkload/cacheDatasets/tencentBlock/v2/100K/tencentBlock_19018.oracleGeneral.zst
tencentBlock_v2_100K	https://ftp.pdl.cmu.edu/pub/datasets/twemcacheWorkload/cacheDatasets/tencentBlock/v2/100K/tencentBlock_19048.oracleGeneral.zst
tencentBlock_v2_100K	https://ftp.pdl.cmu.edu/pub/datasets/twemcacheWorkload/cacheDatasets/tencentBlock/v2/100K/tencentBlock_19050.oracleGeneral.zst
tencentBlock_v2_100K	https://ftp.pdl.cmu.edu/pub/datasets/twemcacheWorkload/cacheDatasets/tencentBlock/v2/100K/tencentBlock_19113.oracleGeneral.zst
tencentBlock_v2_100K	https://ftp.pdl.cmu.edu/pub/datasets/twemcacheWorkload/cacheDatasets/tencentBlock/v2/100K/tencentBlock_19143.oracleGeneral.zst
tencentBlock_v2_100K	https://ftp.pdl.cmu.edu/pub/datasets/twemcacheWorkload/cacheDatasets/tencentBlock/v2/100K/tencentBlock_19157.oracleGeneral.zst
tencentBlock_v2_100K	https://ftp.pdl.cmu.edu/pub/datasets/twemcacheWorkload/cacheDatasets/tencentBlock/v2/100K/tencentBlock_19184.oracleGeneral.zst
tencentBlock_v2_100K	https://ftp.pdl.cmu.edu/pub/datasets/twemcacheWorkload/cacheDatasets/tencentBlock/v2/100K/tencentBlock_19232.oracleGeneral.zst
tencentBlock_v2_100K	https://ftp.pdl.cmu.edu/pub/datasets/twemcacheWorkload/cacheDatasets/tencentBlock/v2/100K/tencentBlock_19249.oracleGeneral.zst
tencentBlock_v2_100K	https://ftp.pdl.cmu.edu/pub/datasets/twemcacheWorkload/cacheDatasets/tencentBlock/v2/100K/tencentBlock_19304.oracleGeneral.zst
tencentBlock_v2_100K	https://ftp.pdl.cmu.edu/pub/datasets/twemcacheWorkload/cacheDatasets/tencentBlock/v2/100K/tencentBlock_19342.oracleGeneral.zst
tencentBlock_v2_100K	https://ftp.pdl.cmu.edu/pub/datasets/twemcacheWorkload/cacheDatasets/tencentBlock/v2/100K/tencentBlock_19370.oracleGeneral.zst
tencentBlock_v2_100K	https://ftp.pdl.cmu.edu/pub/datasets/twemcacheWorkload/cacheDatasets/tencentBlock/v2/100K/tencentBlock_19381.oracleGeneral.zst
tencentBlock_v2_100K	https://ftp.pdl.cmu.edu/pub/datasets/twemcacheWorkload/cacheDatasets/tencentBlock/v2/100K/tencentBlock_19388.oracleGeneral.zst
tencentBlock_v2_100K	https://ftp.pdl.cmu.edu/pub/datasets/twemcacheWorkload/cacheDatasets/tencentBlock/v2/100K/tencentBlock_19391.oracleGeneral.zst
tencentBlock_v2_100K	https://ftp.pdl.cmu.edu/pub/datasets/twemcacheWorkload/cacheDatasets/tencentBlock/v2/100K/tencentBlock_19455.oracleGeneral.zst
tencentBlock_v2_100K	https://ftp.pdl.cmu.edu/pub/datasets/twemcacheWorkload/cacheDatasets/tencentBlock/v2/100K/tencentBlock_19466.oracleGeneral.zst
tencentBlock_v2_100K	https://ftp.pdl.cmu.edu/pub/datasets/twemcacheWorkload/cacheDatasets/tencentBlock/v2/100K/tencentBlock_19474.oracleGeneral.zst
tencentBlock_v2_100K	https://ftp.pdl.cmu.edu/pub/datasets/twemcacheWorkload/cacheDatasets/tencentBlock/v2/100K/tencentBlock_19480.oracleGeneral.zst
tencentBlock_v2_100K	https://ftp.pdl.cmu.edu/pub/datasets/twemcacheWorkload/cacheDatasets/tencentBlock/v2/100K/tencentBlock_19490.oracleGeneral.zst
tencentBlock_v2_100K	https://ftp.pdl.cmu.edu/pub/datasets/twemcacheWorkload/cacheDatasets/tencentBlock/v2/100K/tencentBlock_19508.oracleGeneral.zst
tencentBlock_v2_100K	https://ftp.pdl.cmu.edu/pub/datasets/twemcacheWorkload/cacheDatasets/tencentBlock/v2/100K/tencentBlock_1952.oracleGeneral.zst
tencentBlock_v2_100K	https://ftp.pdl.cmu.edu/pub/datasets/twemcacheWorkload/cacheDatasets/tencentBlock/v2/100K/tencentBlock_19522.oracleGeneral.zst
tencentBlock_v2_100K	https://ftp.pdl.cmu.edu/pub/datasets/twemcacheWorkload/cacheDatasets/tencentBlock/v2/100K/tencentBlock_19582.oracleGeneral.zst
tencentBlock_v2_100K	https://ftp.pdl.cmu.edu/pub/datasets/twemcacheWorkload/cacheDatasets/tencentBlock/v2/100K/tencentBlock_19593.oracleGeneral.zst
tencentBlock_v2_100K	https://ftp.pdl.cmu.edu/pub/datasets/twemcacheWorkload/cacheDatasets/tencentBlock/v2/100K/tencentBlock_1961.oracleGeneral.zst
tencentBlock_v2_100K	https://ftp.pdl.cmu.edu/pub/datasets/twemcacheWorkload/cacheDatasets/tencentBlock/v2/100K/tencentBlock_19645.oracleGeneral.zst
tencentBlock_v2_100K	https://ftp.pdl.cmu.edu/pub/datasets/twemcacheWorkload/cacheDatasets/tencentBlock/v2/100K/tencentBlock_19662.oracleGeneral.zst
tencentBlock_v2_100K	https://ftp.pdl.cmu.edu/pub/datasets/twemcacheWorkload/cacheDatasets/tencentBlock/v2/100K/tencentBlock_19669.oracleGeneral.zst
tencentBlock_v2_100K	https://ftp.pdl.cmu.edu/pub/datasets/twemcacheWorkload/cacheDatasets/tencentBlock/v2/100K/tencentBlock_19763.oracleGeneral.zst
tencentBlock_v2_100K	https://ftp.pdl.cmu.edu/pub/datasets/twemcacheWorkload/cacheDatasets/tencentBlock/v2/100K/tencentBlock_19779.oracleGeneral.zst
tencentBlock_v2_100K	https://ftp.pdl.cmu.edu/pub/datasets/twemcacheWorkload/cacheDatasets/tencentBlock/v2/100K/tencentBlock_1985.oracleGeneral.zst
tencentBlock_v2_100K	https://ftp.pdl.cmu.edu/pub/datasets/twemcacheWorkload/cacheDatasets/tencentBlock/v2/100K/tencentBlock_19903.oracleGeneral.zst
tencentBlock_v2_100K	https://ftp.pdl.cmu.edu/pub/datasets/twemcacheWorkload/cacheDatasets/tencentBlock/v2/100K/tencentBlock_19909.oracleGeneral.zst
tencentBlock_v2_100K	https://ftp.pdl.cmu.edu/pub/datasets/twemcacheWorkload/cacheDatasets/tencentBlock/v2/100K/tencentBlock_19918.oracleGeneral.zst
tencentBlock_v2_100K	https://ftp.pdl.cmu.edu/pub/datasets/twemcacheWorkload/cacheDatasets/tencentBlock/v2/100K/tencentBlock_19945.oracleGeneral.zst
tencentBlock_v2_100K	https://ftp.pdl.cmu.edu/pub/datasets/twemcacheWorkload/cacheDatasets/tencentBlock/v2/100K/tencentBlock_19970.oracleGeneral.zst
tencentBlock_v2_100K	https://ftp.pdl.cmu.edu/pub/datasets/twemcacheWorkload/cacheDatasets/tencentBlock/v2/100K/tencentBlock_19992.oracleGeneral.zst
tencentBlock_v2_100K	https://ftp.pdl.cmu.edu/pub/datasets/twemcacheWorkload/cacheDatasets/tencentBlock/v2/100K/tencentBlock_20056.oracleGeneral.zst
tencentBlock_v2_100K	https://ftp.pdl.cmu.edu/pub/datasets/twemcacheWorkload/cacheDatasets/tencentBlock/v2/100K/tencentBlock_20082.oracleGeneral.zst
tencentBlock_v2_100K	https://ftp.pdl.cmu.edu/pub/datasets/twemcacheWorkload/cacheDatasets/tencentBlock/v2/100K/tencentBlock_20113.oracleGeneral.zst
tencentBlock_v2_100K	https://ftp.pdl.cmu.edu/pub/datasets/twemcacheWorkload/cacheDatasets/tencentBlock/v2/100K/tencentBlock_2016.oracleGeneral.zst
tencentBlock_v2_100K	https://ftp.pdl.cmu.edu/pub/datasets/twemcacheWorkload/cacheDatasets/tencentBlock/v2/100K/tencentBlock_20199.oracleGeneral.zst
tencentBlock_v2_100K	https://ftp.pdl.cmu.edu/pub/datasets/twemcacheWorkload/cacheDatasets/tencentBlock/v2/100K/tencentBlock_20224.oracleGeneral.zst
tencentBlock_v2_100K	https://ftp.pdl.cmu.edu/pub/datasets/twemcacheWorkload/cacheDatasets/tencentBlock/v2/100K/tencentBlock_20235.oracleGeneral.zst
tencentBlock_v2_100K	https://ftp.pdl.cmu.edu/pub/datasets/twemcacheWorkload/cacheDatasets/tencentBlock/v2/100K/tencentBlock_20252.oracleGeneral.zst
tencentBlock_v2_100K	https://ftp.pdl.cmu.edu/pub/datasets/twemcacheWorkload/cacheDatasets/tencentBlock/v2/100K/tencentBlock_20285.oracleGeneral.zst
tencentBlock_v2_100K	https://ftp.pdl.cmu.edu/pub/datasets/twemcacheWorkload/cacheDatasets/tencentBlock/v2/100K/tencentBlock_20335.oracleGeneral.zst
tencentBlock_v2_100K	https://ftp.pdl.cmu.edu/pub/datasets/twemcacheWorkload/cacheDatasets/tencentBlock/v2/100K/tencentBlock_20347.oracleGeneral.zst
tencentBlock_v2_100K	https://ftp.pdl.cmu.edu/pub/datasets/twemcacheWorkload/cacheDatasets/tencentBlock/v2/100K/tencentBlock_20385.oracleGeneral.zst
tencentBlock_v2_100K	https://ftp.pdl.cmu.edu/pub/datasets/twemcacheWorkload/cacheDatasets/tencentBlock/v2/100K/tencentBlock_20428.oracleGeneral.zst
tencentBlock_v2_100K	https://ftp.pdl.cmu.edu/pub/datasets/twemcacheWorkload/cacheDatasets/tencentBlock/v2/100K/tencentBlock_20435.oracleGeneral.zst
tencentBlock_v2_100K	https://ftp.pdl.cmu.edu/pub/datasets/twemcacheWorkload/cacheDatasets/tencentBlock/v2/100K/tencentBlock_20473.oracleGeneral.zst
tencentBlock_v2_100K	https://ftp.pdl.cmu.edu/pub/datasets/twemcacheWorkload/cacheDatasets/tencentBlock/v2/100K/tencentBlock_20526.oracleGeneral.zst
tencentBlock_v2_100K	https://ftp.pdl.cmu.edu/pub/datasets/twemcacheWorkload/cacheDatasets/tencentBlock/v2/100K/tencentBlock_2055.oracleGeneral.zst
tencentBlock_v2_100K	https://ftp.pdl.cmu.edu/pub/datasets/twemcacheWorkload/cacheDatasets/tencentBlock/v2/100K/tencentBlock_20569.oracleGeneral.zst
tencentBlock_v2_100K	https://ftp.pdl.cmu.edu/pub/datasets/twemcacheWorkload/cacheDatasets/tencentBlock/v2/100K/tencentBlock_20584.oracleGeneral.zst
tencentBlock_v2_100K	https://ftp.pdl.cmu.edu/pub/datasets/twemcacheWorkload/cacheDatasets/tencentBlock/v2/100K/tencentBlock_20597.oracleGeneral.zst
tencentBlock_v2_100K	https://ftp.pdl.cmu.edu/pub/datasets/twemcacheWorkload/cacheDatasets/tencentBlock/v2/100K/tencentBlock_20619.oracleGeneral.zst
tencentBlock_v2_100K	https://ftp.pdl.cmu.edu/pub/datasets/twemcacheWorkload/cacheDatasets/tencentBlock/v2/100K/tencentBlock_20635.oracleGeneral.zst
tencentBlock_v2_100K	https://ftp.pdl.cmu.edu/pub/datasets/twemcacheWorkload/cacheDatasets/tencentBlock/v2/100K/tencentBlock_20660.oracleGeneral.zst
tencentBlock_v2_100K	https://ftp.pdl.cmu.edu/pub/datasets/twemcacheWorkload/cacheDatasets/tencentBlock/v2/100K/tencentBlock_20693.oracleGeneral.zst
tencentBlock_v2_100K	https://ftp.pdl.cmu.edu/pub/datasets/twemcacheWorkload/cacheDatasets/tencentBlock/v2/100K/tencentBlock_20747.oracleGeneral.zst
tencentBlock_v2_100K	https://ftp.pdl.cmu.edu/pub/datasets/twemcacheWorkload/cacheDatasets/tencentBlock/v2/100K/tencentBlock_20768.oracleGeneral.zst
tencentBlock_v2_100K	https://ftp.pdl.cmu.edu/pub/datasets/twemcacheWorkload/cacheDatasets/tencentBlock/v2/100K/tencentBlock_20815.oracleGeneral.zst
tencentBlock_v2_100K	https://ftp.pdl.cmu.edu/pub/datasets/twemcacheWorkload/cacheDatasets/tencentBlock/v2/100K/tencentBlock_20832.oracleGeneral.zst
tencentBlock_v2_100K	https://ftp.pdl.cmu.edu/pub/datasets/twemcacheWorkload/cacheDatasets/tencentBlock/v2/100K/tencentBlock_20840.oracleGeneral.zst
tencentBlock_v2_100K	https://ftp.pdl.cmu.edu/pub/datasets/twemcacheWorkload/cacheDatasets/tencentBlock/v2/100K/tencentBlock_20889.oracleGeneral.zst
tencentBlock_v2_100K	https://ftp.pdl.cmu.edu/pub/datasets/twemcacheWorkload/cacheDatasets/tencentBlock/v2/100K/tencentBlock_20964.oracleGeneral.zst
tencentBlock_v2_100K	https://ftp.pdl.cmu.edu/pub/datasets/twemcacheWorkload/cacheDatasets/tencentBlock/v2/100K/tencentBlock_20985.oracleGeneral.zst
tencentBlock_v2_100K	https://ftp.pdl.cmu.edu/pub/datasets/twemcacheWorkload/cacheDatasets/tencentBlock/v2/100K/tencentBlock_20991.oracleGeneral.zst
tencentBlock_v2_100K	https://ftp.pdl.cmu.edu/pub/datasets/twemcacheWorkload/cacheDatasets/tencentBlock/v2/100K/tencentBlock_20996.oracleGeneral.zst
tencentBlock_v2_100K	https://ftp.pdl.cmu.edu/pub/datasets/twemcacheWorkload/cacheDatasets/tencentBlock/v2/100K/tencentBlock_21009.oracleGeneral.zst
tencentBlock_v2_100K	https://ftp.pdl.cmu.edu/pub/datasets/twemcacheWorkload/cacheDatasets/tencentBlock/v2/100K/tencentBlock_21019.oracleGeneral.zst
tencentBlock_v2_100K	https://ftp.pdl.cmu.edu/pub/datasets/twemcacheWorkload/cacheDatasets/tencentBlock/v2/100K/tencentBlock_21042.oracleGeneral.zst
tencentBlock_v2_100K	https://ftp.pdl.cmu.edu/pub/datasets/twemcacheWorkload/cacheDatasets/tencentBlock/v2/100K/tencentBlock_21047.oracleGeneral.zst
tencentBlock_v2_100K	https://ftp.pdl.cmu.edu/pub/datasets/twemcacheWorkload/cacheDatasets/tencentBlock/v2/100K/tencentBlock_21103.oracleGeneral.zst
tencentBlock_v2_100K	https://ftp.pdl.cmu.edu/pub/datasets/twemcacheWorkload/cacheDatasets/tencentBlock/v2/100K/tencentBlock_21111.oracleGeneral.zst
tencentBlock_v2_100K	https://ftp.pdl.cmu.edu/pub/datasets/twemcacheWorkload/cacheDatasets/tencentBlock/v2/100K/tencentBlock_21118.oracleGeneral.zst
tencentBlock_v2_100K	https://ftp.pdl.cmu.edu/pub/datasets/twemcacheWorkload/cacheDatasets/tencentBlock/v2/100K/tencentBlock_21129.oracleGeneral.zst
tencentBlock_v2_100K	https://ftp.pdl.cmu.edu/pub/datasets/twemcacheWorkload/cacheDatasets/tencentBlock/v2/100K/tencentBlock_21138.oracleGeneral.zst
tencentBlock_v2_100K	https://ftp.pdl.cmu.edu/pub/datasets/twemcacheWorkload/cacheDatasets/tencentBlock/v2/100K/tencentBlock_21159.oracleGeneral.zst
tencentBlock_v2_100K	https://ftp.pdl.cmu.edu/pub/datasets/twemcacheWorkload/cacheDatasets/tencentBlock/v2/100K/tencentBlock_21190.oracleGeneral.zst
tencentBlock_v2_100K	https://ftp.pdl.cmu.edu/pub/datasets/twemcacheWorkload/cacheDatasets/tencentBlock/v2/100K/tencentBlock_21193.oracleGeneral.zst
tencentBlock_v2_100K	https://ftp.pdl.cmu.edu/pub/datasets/twemcacheWorkload/cacheDatasets/tencentBlock/v2/100K/tencentBlock_21194.oracleGeneral.zst
tencentBlock_v2_100K	https://ftp.pdl.cmu.edu/pub/datasets/twemcacheWorkload/cacheDatasets/tencentBlock/v2/100K/tencentBlock_21204.oracleGeneral.zst
tencentBlock_v2_100K	https://ftp.pdl.cmu.edu/pub/datasets/twemcacheWorkload/cacheDatasets/tencentBlock/v2/100K/tencentBlock_21233.oracleGeneral.zst
tencentBlock_v2_100K	https://ftp.pdl.cmu.edu/pub/datasets/twemcacheWorkload/cacheDatasets/tencentBlock/v2/100K/tencentBlock_21281.oracleGeneral.zst
tencentBlock_v2_100K	https://ftp.pdl.cmu.edu/pub/datasets/twemcacheWorkload/cacheDatasets/tencentBlock/v2/100K/tencentBlock_21300.oracleGeneral.zst
tencentBlock_v2_100K	https://ftp.pdl.cmu.edu/pub/datasets/twemcacheWorkload/cacheDatasets/tencentBlock/v2/100K/tencentBlock_2136.oracleGeneral.zst
tencentBlock_v2_100K	https://ftp.pdl.cmu.edu/pub/datasets/twemcacheWorkload/cacheDatasets/tencentBlock/v2/100K/tencentBlock_21361.oracleGeneral.zst
tencentBlock_v2_100K	https://ftp.pdl.cmu.edu/pub/datasets/twemcacheWorkload/cacheDatasets/tencentBlock/v2/100K/tencentBlock_2138.oracleGeneral.zst
tencentBlock_v2_100K	https://ftp.pdl.cmu.edu/pub/datasets/twemcacheWorkload/cacheDatasets/tencentBlock/v2/100K/tencentBlock_21398.oracleGeneral.zst
tencentBlock_v2_100K	https://ftp.pdl.cmu.edu/pub/datasets/twemcacheWorkload/cacheDatasets/tencentBlock/v2/100K/tencentBlock_21492.oracleGeneral.zst
tencentBlock_v2_100K	https://ftp.pdl.cmu.edu/pub/datasets/twemcacheWorkload/cacheDatasets/tencentBlock/v2/100K/tencentBlock_21498.oracleGeneral.zst
tencentBlock_v2_100K	https://ftp.pdl.cmu.edu/pub/datasets/twemcacheWorkload/cacheDatasets/tencentBlock/v2/100K/tencentBlock_21569.oracleGeneral.zst
tencentBlock_v2_100K	https://ftp.pdl.cmu.edu/pub/datasets/twemcacheWorkload/cacheDatasets/tencentBlock/v2/100K/tencentBlock_21582.oracleGeneral.zst
tencentBlock_v2_100K	https://ftp.pdl.cmu.edu/pub/datasets/twemcacheWorkload/cacheDatasets/tencentBlock/v2/100K/tencentBlock_21598.oracleGeneral.zst
tencentBlock_v2_100K	https://ftp.pdl.cmu.edu/pub/datasets/twemcacheWorkload/cacheDatasets/tencentBlock/v2/100K/tencentBlock_21615.oracleGeneral.zst
tencentBlock_v2_100K	https://ftp.pdl.cmu.edu/pub/datasets/twemcacheWorkload/cacheDatasets/tencentBlock/v2/100K/tencentBlock_21654.oracleGeneral.zst
tencentBlock_v2_100K	https://ftp.pdl.cmu.edu/pub/datasets/twemcacheWorkload/cacheDatasets/tencentBlock/v2/100K/tencentBlock_21668.oracleGeneral.zst
tencentBlock_v2_100K	https://ftp.pdl.cmu.edu/pub/datasets/twemcacheWorkload/cacheDatasets/tencentBlock/v2/100K/tencentBlock_21699.oracleGeneral.zst
tencentBlock_v2_100K	https://ftp.pdl.cmu.edu/pub/datasets/twemcacheWorkload/cacheDatasets/tencentBlock/v2/100K/tencentBlock_21705.oracleGeneral.zst
tencentBlock_v2_100K	https://ftp.pdl.cmu.edu/pub/datasets/twemcacheWorkload/cacheDatasets/tencentBlock/v2/100K/tencentBlock_21742.oracleGeneral.zst
tencentBlock_v2_100K	https://ftp.pdl.cmu.edu/pub/datasets/twemcacheWorkload/cacheDatasets/tencentBlock/v2/100K/tencentBlock_21750.oracleGeneral.zst
tencentBlock_v2_100K	https://ftp.pdl.cmu.edu/pub/datasets/twemcacheWorkload/cacheDatasets/tencentBlock/v2/100K/tencentBlock_21792.oracleGeneral.zst
tencentBlock_v2_100K	https://ftp.pdl.cmu.edu/pub/datasets/twemcacheWorkload/cacheDatasets/tencentBlock/v2/100K/tencentBlock_21803.oracleGeneral.zst
tencentBlock_v2_100K	https://ftp.pdl.cmu.edu/pub/datasets/twemcacheWorkload/cacheDatasets/tencentBlock/v2/100K/tencentBlock_21829.oracleGeneral.zst
tencentBlock_v2_100K	https://ftp.pdl.cmu.edu/pub/datasets/twemcacheWorkload/cacheDatasets/tencentBlock/v2/100K/tencentBlock_21864.oracleGeneral.zst
tencentBlock_v2_100K	https://ftp.pdl.cmu.edu/pub/datasets/twemcacheWorkload/cacheDatasets/tencentBlock/v2/100K/tencentBlock_21914.oracleGeneral.zst
tencentBlock_v2_100K	https://ftp.pdl.cmu.edu/pub/datasets/twemcacheWorkload/cacheDatasets/tencentBlock/v2/100K/tencentBlock_21979.oracleGeneral.zst
tencentBlock_v2_100K	https://ftp.pdl.cmu.edu/pub/datasets/twemcacheWorkload/cacheDatasets/tencentBlock/v2/100K/tencentBlock_21982.oracleGeneral.zst
tencentBlock_v2_100K	https://ftp.pdl.cmu.edu/pub/datasets/twemcacheWorkload/cacheDatasets/tencentBlock/v2/100K/tencentBlock_21984.oracleGeneral.zst
tencentBlock_v2_100K	https://ftp.pdl.cmu.edu/pub/datasets/twemcacheWorkload/cacheDatasets/tencentBlock/v2/100K/tencentBlock_2199.oracleGeneral.zst
tencentBlock_v2_100K	https://ftp.pdl.cmu.edu/pub/datasets/twemcacheWorkload/cacheDatasets/tencentBlock/v2/100K/tencentBlock_22033.oracleGeneral.zst
tencentBlock_v2_100K	https://ftp.pdl.cmu.edu/pub/datasets/twemcacheWorkload/cacheDatasets/tencentBlock/v2/100K/tencentBlock_22039.oracleGeneral.zst
tencentBlock_v2_100K	https://ftp.pdl.cmu.edu/pub/datasets/twemcacheWorkload/cacheDatasets/tencentBlock/v2/100K/tencentBlock_22043.oracleGeneral.zst
tencentBlock_v2_100K	https://ftp.pdl.cmu.edu/pub/datasets/twemcacheWorkload/cacheDatasets/tencentBlock/v2/100K/tencentBlock_22080.oracleGeneral.zst
tencentBlock_v2_100K	https://ftp.pdl.cmu.edu/pub/datasets/twemcacheWorkload/cacheDatasets/tencentBlock/v2/100K/tencentBlock_22082.oracleGeneral.zst
tencentBlock_v2_100K	https://ftp.pdl.cmu.edu/pub/datasets/twemcacheWorkload/cacheDatasets/tencentBlock/v2/100K/tencentBlock_22091.oracleGeneral.zst
tencentBlock_v2_100K	https://ftp.pdl.cmu.edu/pub/datasets/twemcacheWorkload/cacheDatasets/tencentBlock/v2/100K/tencentBlock_22098.oracleGeneral.zst
tencentBlock_v2_100K	https://ftp.pdl.cmu.edu/pub/datasets/twemcacheWorkload/cacheDatasets/tencentBlock/v2/100K/tencentBlock_22133.oracleGeneral.zst
tencentBlock_v2_100K	https://ftp.pdl.cmu.edu/pub/datasets/twemcacheWorkload/cacheDatasets/tencentBlock/v2/100K/tencentBlock_22144.oracleGeneral.zst
tencentBlock_v2_100K	https://ftp.pdl.cmu.edu/pub/datasets/twemcacheWorkload/cacheDatasets/tencentBlock/v2/100K/tencentBlock_22235.oracleGeneral.zst
tencentBlock_v2_100K	https://ftp.pdl.cmu.edu/pub/datasets/twemcacheWorkload/cacheDatasets/tencentBlock/v2/100K/tencentBlock_22278.oracleGeneral.zst
tencentBlock_v2_100K	https://ftp.pdl.cmu.edu/pub/datasets/twemcacheWorkload/cacheDatasets/tencentBlock/v2/100K/tencentBlock_22290.oracleGeneral.zst
tencentBlock_v2_100K	https://ftp.pdl.cmu.edu/pub/datasets/twemcacheWorkload/cacheDatasets/tencentBlock/v2/100K/tencentBlock_22344.oracleGeneral.zst
tencentBlock_v2_100K	https://ftp.pdl.cmu.edu/pub/datasets/twemcacheWorkload/cacheDatasets/tencentBlock/v2/100K/tencentBlock_22353.oracleGeneral.zst
tencentBlock_v2_100K	https://ftp.pdl.cmu.edu/pub/datasets/twemcacheWorkload/cacheDatasets/tencentBlock/v2/100K/tencentBlock_22358.oracleGeneral.zst
tencentBlock_v2_100K	https://ftp.pdl.cmu.edu/pub/datasets/twemcacheWorkload/cacheDatasets/tencentBlock/v2/100K/tencentBlock_2238.oracleGeneral.zst
tencentBlock_v2_100K	https://ftp.pdl.cmu.edu/pub/datasets/twemcacheWorkload/cacheDatasets/tencentBlock/v2/100K/tencentBlock_22395.oracleGeneral.zst
tencentBlock_v2_100K	https://ftp.pdl.cmu.edu/pub/datasets/twemcacheWorkload/cacheDatasets/tencentBlock/v2/100K/tencentBlock_22408.oracleGeneral.zst
tencentBlock_v2_100K	https://ftp.pdl.cmu.edu/pub/datasets/twemcacheWorkload/cacheDatasets/tencentBlock/v2/100K/tencentBlock_22425.oracleGeneral.zst
tencentBlock_v2_100K	https://ftp.pdl.cmu.edu/pub/datasets/twemcacheWorkload/cacheDatasets/tencentBlock/v2/100K/tencentBlock_22442.oracleGeneral.zst
tencentBlock_v2_100K	https://ftp.pdl.cmu.edu/pub/datasets/twemcacheWorkload/cacheDatasets/tencentBlock/v2/100K/tencentBlock_22451.oracleGeneral.zst
tencentBlock_v2_100K	https://ftp.pdl.cmu.edu/pub/datasets/twemcacheWorkload/cacheDatasets/tencentBlock/v2/100K/tencentBlock_22455.oracleGeneral.zst
tencentBlock_v2_100K	https://ftp.pdl.cmu.edu/pub/datasets/twemcacheWorkload/cacheDatasets/tencentBlock/v2/100K/tencentBlock_22503.oracleGeneral.zst
tencentBlock_v2_100K	https://ftp.pdl.cmu.edu/pub/datasets/twemcacheWorkload/cacheDatasets/tencentBlock/v2/100K/tencentBlock_22505.oracleGeneral.zst
tencentBlock_v2_100K	https://ftp.pdl.cmu.edu/pub/datasets/twemcacheWorkload/cacheDatasets/tencentBlock/v2/100K/tencentBlock_22509.oracleGeneral.zst
tencentBlock_v2_100K	https://ftp.pdl.cmu.edu/pub/datasets/twemcacheWorkload/cacheDatasets/tencentBlock/v2/100K/tencentBlock_22524.oracleGeneral.zst
tencentBlock_v2_100K	https://ftp.pdl.cmu.edu/pub/datasets/twemcacheWorkload/cacheDatasets/tencentBlock/v2/100K/tencentBlock_2255.oracleGeneral.zst
tencentBlock_v2_100K	https://ftp.pdl.cmu.edu/pub/datasets/twemcacheWorkload/cacheDatasets/tencentBlock/v2/100K/tencentBlock_22553.oracleGeneral.zst
tencentBlock_v2_100K	https://ftp.pdl.cmu.edu/pub/datasets/twemcacheWorkload/cacheDatasets/tencentBlock/v2/100K/tencentBlock_22588.oracleGeneral.zst
tencentBlock_v2_100K	https://ftp.pdl.cmu.edu/pub/datasets/twemcacheWorkload/cacheDatasets/tencentBlock/v2/100K/tencentBlock_22597.oracleGeneral.zst
tencentBlock_v2_100K	https://ftp.pdl.cmu.edu/pub/datasets/twemcacheWorkload/cacheDatasets/tencentBlock/v2/100K/tencentBlock_22616.oracleGeneral.zst
tencentBlock_v2_100K	https://ftp.pdl.cmu.edu/pub/datasets/twemcacheWorkload/cacheDatasets/tencentBlock/v2/100K/tencentBlock_22620.oracleGeneral.zst
tencentBlock_v2_100K	https://ftp.pdl.cmu.edu/pub/datasets/twemcacheWorkload/cacheDatasets/tencentBlock/v2/100K/tencentBlock_22639.oracleGeneral.zst
tencentBlock_v2_100K	https://ftp.pdl.cmu.edu/pub/datasets/twemcacheWorkload/cacheDatasets/tencentBlock/v2/100K/tencentBlock_22645.oracleGeneral.zst
tencentBlock_v2_100K	https://ftp.pdl.cmu.edu/pub/datasets/twemcacheWorkload/cacheDatasets/tencentBlock/v2/100K/tencentBlock_22688.oracleGeneral.zst
tencentBlock_v2_100K	https://ftp.pdl.cmu.edu/pub/datasets/twemcacheWorkload/cacheDatasets/tencentBlock/v2/100K/tencentBlock_2276.oracleGeneral.zst
tencentBlock_v2_100K	https://ftp.pdl.cmu.edu/pub/datasets/twemcacheWorkload/cacheDatasets/tencentBlock/v2/100K/tencentBlock_22770.oracleGeneral.zst
tencentBlock_v2_100K	https://ftp.pdl.cmu.edu/pub/datasets/twemcacheWorkload/cacheDatasets/tencentBlock/v2/100K/tencentBlock_22815.oracleGeneral.zst
tencentBlock_v2_100K	https://ftp.pdl.cmu.edu/pub/datasets/twemcacheWorkload/cacheDatasets/tencentBlock/v2/100K/tencentBlock_22839.oracleGeneral.zst
tencentBlock_v2_100K	https://ftp.pdl.cmu.edu/pub/datasets/twemcacheWorkload/cacheDatasets/tencentBlock/v2/100K/tencentBlock_22846.oracleGeneral.zst
tencentBlock_v2_100K	https://ftp.pdl.cmu.edu/pub/datasets/twemcacheWorkload/cacheDatasets/tencentBlock/v2/100K/tencentBlock_22864.oracleGeneral.zst
tencentBlock_v2_100K	https://ftp.pdl.cmu.edu/pub/datasets/twemcacheWorkload/cacheDatasets/tencentBlock/v2/100K/tencentBlock_22925.oracleGeneral.zst
tencentBlock_v2_100K	https://ftp.pdl.cmu.edu/pub/datasets/twemcacheWorkload/cacheDatasets/tencentBlock/v2/100K/tencentBlock_22939.oracleGeneral.zst
tencentBlock_v2_100K	https://ftp.pdl.cmu.edu/pub/datasets/twemcacheWorkload/cacheDatasets/tencentBlock/v2/100K/tencentBlock_22964.oracleGeneral.zst
tencentBlock_v2_100K	https://ftp.pdl.cmu.edu/pub/datasets/twemcacheWorkload/cacheDatasets/tencentBlock/v2/100K/tencentBlock_23019.oracleGeneral.zst
tencentBlock_v2_100K	https://ftp.pdl.cmu.edu/pub/datasets/twemcacheWorkload/cacheDatasets/tencentBlock/v2/100K/tencentBlock_23036.oracleGeneral.zst
tencentBlock_v2_100K	https://ftp.pdl.cmu.edu/pub/datasets/twemcacheWorkload/cacheDatasets/tencentBlock/v2/100K/tencentBlock_23040.oracleGeneral.zst
tencentBlock_v2_100K	https://ftp.pdl.cmu.edu/pub/datasets/twemcacheWorkload/cacheDatasets/tencentBlock/v2/100K/tencentBlock_23068.oracleGeneral.zst
tencentBlock_v2_100K	https://ftp.pdl.cmu.edu/pub/datasets/twemcacheWorkload/cacheDatasets/tencentBlock/v2/100K/tencentBlock_23096.oracleGeneral.zst
tencentBlock_v2_100K	https://ftp.pdl.cmu.edu/pub/datasets/twemcacheWorkload/cacheDatasets/tencentBlock/v2/100K/tencentBlock_23104.oracleGeneral.zst
tencentBlock_v2_100K	https://ftp.pdl.cmu.edu/pub/datasets/twemcacheWorkload/cacheDatasets/tencentBlock/v2/100K/tencentBlock_23128.oracleGeneral.zst
tencentBlock_v2_100K	https://ftp.pdl.cmu.edu/pub/datasets/twemcacheWorkload/cacheDatasets/tencentBlock/v2/100K/tencentBlock_23181.oracleGeneral.zst
tencentBlock_v2_100K	https://ftp.pdl.cmu.edu/pub/datasets/twemcacheWorkload/cacheDatasets/tencentBlock/v2/100K/tencentBlock_23190.oracleGeneral.zst
tencentBlock_v2_100K	https://ftp.pdl.cmu.edu/pub/datasets/twemcacheWorkload/cacheDatasets/tencentBlock/v2/100K/tencentBlock_23239.oracleGeneral.zst
tencentBlock_v2_100K	https://ftp.pdl.cmu.edu/pub/datasets/twemcacheWorkload/cacheDatasets/tencentBlock/v2/100K/tencentBlock_23247.oracleGeneral.zst
tencentBlock_v2_100K	https://ftp.pdl.cmu.edu/pub/datasets/twemcacheWorkload/cacheDatasets/tencentBlock/v2/100K/tencentBlock_23254.oracleGeneral.zst
tencentBlock_v2_100K	https://ftp.pdl.cmu.edu/pub/datasets/twemcacheWorkload/cacheDatasets/tencentBlock/v2/100K/tencentBlock_23260.oracleGeneral.zst
tencentBlock_v2_100K	https://ftp.pdl.cmu.edu/pub/datasets/twemcacheWorkload/cacheDatasets/tencentBlock/v2/100K/tencentBlock_2327.oracleGeneral.zst
tencentBlock_v2_100K	https://ftp.pdl.cmu.edu/pub/datasets/twemcacheWorkload/cacheDatasets/tencentBlock/v2/100K/tencentBlock_23286.oracleGeneral.zst
tencentBlock_v2_100K	https://ftp.pdl.cmu.edu/pub/datasets/twemcacheWorkload/cacheDatasets/tencentBlock/v2/100K/tencentBlock_23296.oracleGeneral.zst
tencentBlock_v2_100K	https://ftp.pdl.cmu.edu/pub/datasets/twemcacheWorkload/cacheDatasets/tencentBlock/v2/100K/tencentBlock_23315.oracleGeneral.zst
tencentBlock_v2_100K	https://ftp.pdl.cmu.edu/pub/datasets/twemcacheWorkload/cacheDatasets/tencentBlock/v2/100K/tencentBlock_23327.oracleGeneral.zst
tencentBlock_v2_100K	https://ftp.pdl.cmu.edu/pub/datasets/twemcacheWorkload/cacheDatasets/tencentBlock/v2/100K/tencentBlock_23335.oracleGeneral.zst
tencentBlock_v2_100K	https://ftp.pdl.cmu.edu/pub/datasets/twemcacheWorkload/cacheDatasets/tencentBlock/v2/100K/tencentBlock_23383.oracleGeneral.zst
tencentBlock_v2_100K	https://ftp.pdl.cmu.edu/pub/datasets/twemcacheWorkload/cacheDatasets/tencentBlock/v2/100K/tencentBlock_23405.oracleGeneral.zst
tencentBlock_v2_100K	https://ftp.pdl.cmu.edu/pub/datasets/twemcacheWorkload/cacheDatasets/tencentBlock/v2/100K/tencentBlock_23412.oracleGeneral.zst
tencentBlock_v2_100K	https://ftp.pdl.cmu.edu/pub/datasets/twemcacheWorkload/cacheDatasets/tencentBlock/v2/100K/tencentBlock_23419.oracleGeneral.zst
tencentBlock_v2_100K	https://ftp.pdl.cmu.edu/pub/datasets/twemcacheWorkload/cacheDatasets/tencentBlock/v2/100K/tencentBlock_23421.oracleGeneral.zst
tencentBlock_v2_100K	https://ftp.pdl.cmu.edu/pub/datasets/twemcacheWorkload/cacheDatasets/tencentBlock/v2/100K/tencentBlock_23435.oracleGeneral.zst
tencentBlock_v2_100K	https://ftp.pdl.cmu.edu/pub/datasets/twemcacheWorkload/cacheDatasets/tencentBlock/v2/100K/tencentBlock_23449.oracleGeneral.zst
tencentBlock_v2_100K	https://ftp.pdl.cmu.edu/pub/datasets/twemcacheWorkload/cacheDatasets/tencentBlock/v2/100K/tencentBlock_23469.oracleGeneral.zst
tencentBlock_v2_100K	https://ftp.pdl.cmu.edu/pub/datasets/twemcacheWorkload/cacheDatasets/tencentBlock/v2/100K/tencentBlock_23482.oracleGeneral.zst
tencentBlock_v2_100K	https://ftp.pdl.cmu.edu/pub/datasets/twemcacheWorkload/cacheDatasets/tencentBlock/v2/100K/tencentBlock_23501.oracleGeneral.zst
tencentBlock_v2_100K	https://ftp.pdl.cmu.edu/pub/datasets/twemcacheWorkload/cacheDatasets/tencentBlock/v2/100K/tencentBlock_23515.oracleGeneral.zst
tencentBlock_v2_100K	https://ftp.pdl.cmu.edu/pub/datasets/twemcacheWorkload/cacheDatasets/tencentBlock/v2/100K/tencentBlock_23524.oracleGeneral.zst
tencentBlock_v2_100K	https://ftp.pdl.cmu.edu/pub/datasets/twemcacheWorkload/cacheDatasets/tencentBlock/v2/100K/tencentBlock_23525.oracleGeneral.zst
tencentBlock_v2_100K	https://ftp.pdl.cmu.edu/pub/datasets/twemcacheWorkload/cacheDatasets/tencentBlock/v2/100K/tencentBlock_23539.oracleGeneral.zst
tencentBlock_v2_100K	https://ftp.pdl.cmu.edu/pub/datasets/twemcacheWorkload/cacheDatasets/tencentBlock/v2/100K/tencentBlock_23563.oracleGeneral.zst
tencentBlock_v2_100K	https://ftp.pdl.cmu.edu/pub/datasets/twemcacheWorkload/cacheDatasets/tencentBlock/v2/100K/tencentBlock_23595.oracleGeneral.zst
tencentBlock_v2_100K	https://ftp.pdl.cmu.edu/pub/datasets/twemcacheWorkload/cacheDatasets/tencentBlock/v2/100K/tencentBlock_23603.oracleGeneral.zst
tencentBlock_v2_100K	https://ftp.pdl.cmu.edu/pub/datasets/twemcacheWorkload/cacheDatasets/tencentBlock/v2/100K/tencentBlock_23617.oracleGeneral.zst
tencentBlock_v2_100K	https://ftp.pdl.cmu.edu/pub/datasets/twemcacheWorkload/cacheDatasets/tencentBlock/v2/100K/tencentBlock_23623.oracleGeneral.zst
tencentBlock_v2_100K	https://ftp.pdl.cmu.edu/pub/datasets/twemcacheWorkload/cacheDatasets/tencentBlock/v2/100K/tencentBlock_23630.oracleGeneral.zst
tencentBlock_v2_100K	https://ftp.pdl.cmu.edu/pub/datasets/twemcacheWorkload/cacheDatasets/tencentBlock/v2/100K/tencentBlock_23633.oracleGeneral.zst
tencentBlock_v2_100K	https://ftp.pdl.cmu.edu/pub/datasets/twemcacheWorkload/cacheDatasets/tencentBlock/v2/100K/tencentBlock_23634.oracleGeneral.zst
tencentBlock_v2_100K	https://ftp.pdl.cmu.edu/pub/datasets/twemcacheWorkload/cacheDatasets/tencentBlock/v2/100K/tencentBlock_23638.oracleGeneral.zst
tencentBlock_v2_100K	https://ftp.pdl.cmu.edu/pub/datasets/twemcacheWorkload/cacheDatasets/tencentBlock/v2/100K/tencentBlock_23642.oracleGeneral.zst
tencentBlock_v2_100K	https://ftp.pdl.cmu.edu/pub/datasets/twemcacheWorkload/cacheDatasets/tencentBlock/v2/100K/tencentBlock_23646.oracleGeneral.zst
tencentBlock_v2_100K	https://ftp.pdl.cmu.edu/pub/datasets/twemcacheWorkload/cacheDatasets/tencentBlock/v2/100K/tencentBlock_23654.oracleGeneral.zst
tencentBlock_v2_100K	https://ftp.pdl.cmu.edu/pub/datasets/twemcacheWorkload/cacheDatasets/tencentBlock/v2/100K/tencentBlock_23659.oracleGeneral.zst
tencentBlock_v2_100K	https://ftp.pdl.cmu.edu/pub/datasets/twemcacheWorkload/cacheDatasets/tencentBlock/v2/100K/tencentBlock_23663.oracleGeneral.zst
tencentBlock_v2_100K	https://ftp.pdl.cmu.edu/pub/datasets/twemcacheWorkload/cacheDatasets/tencentBlock/v2/100K/tencentBlock_23681.oracleGeneral.zst
tencentBlock_v2_100K	https://ftp.pdl.cmu.edu/pub/datasets/twemcacheWorkload/cacheDatasets/tencentBlock/v2/100K/tencentBlock_23695.oracleGeneral.zst
tencentBlock_v2_100K	https://ftp.pdl.cmu.edu/pub/datasets/twemcacheWorkload/cacheDatasets/tencentBlock/v2/100K/tencentBlock_2371.oracleGeneral.zst
tencentBlock_v2_100K	https://ftp.pdl.cmu.edu/pub/datasets/twemcacheWorkload/cacheDatasets/tencentBlock/v2/100K/tencentBlock_23723.oracleGeneral.zst
tencentBlock_v2_100K	https://ftp.pdl.cmu.edu/pub/datasets/twemcacheWorkload/cacheDatasets/tencentBlock/v2/100K/tencentBlock_23724.oracleGeneral.zst
tencentBlock_v2_100K	https://ftp.pdl.cmu.edu/pub/datasets/twemcacheWorkload/cacheDatasets/tencentBlock/v2/100K/tencentBlock_23735.oracleGeneral.zst
tencentBlock_v2_100K	https://ftp.pdl.cmu.edu/pub/datasets/twemcacheWorkload/cacheDatasets/tencentBlock/v2/100K/tencentBlock_23745.oracleGeneral.zst
tencentBlock_v2_100K	https://ftp.pdl.cmu.edu/pub/datasets/twemcacheWorkload/cacheDatasets/tencentBlock/v2/100K/tencentBlock_23760.oracleGeneral.zst
tencentBlock_v2_100K	https://ftp.pdl.cmu.edu/pub/datasets/twemcacheWorkload/cacheDatasets/tencentBlock/v2/100K/tencentBlock_23790.oracleGeneral.zst
tencentBlock_v2_100K	https://ftp.pdl.cmu.edu/pub/datasets/twemcacheWorkload/cacheDatasets/tencentBlock/v2/100K/tencentBlock_23794.oracleGeneral.zst
tencentBlock_v2_100K	https://ftp.pdl.cmu.edu/pub/datasets/twemcacheWorkload/cacheDatasets/tencentBlock/v2/100K/tencentBlock_23797.oracleGeneral.zst
tencentBlock_v2_100K	https://ftp.pdl.cmu.edu/pub/datasets/twemcacheWorkload/cacheDatasets/tencentBlock/v2/100K/tencentBlock_23806.oracleGeneral.zst
tencentBlock_v2_100K	https://ftp.pdl.cmu.edu/pub/datasets/twemcacheWorkload/cacheDatasets/tencentBlock/v2/100K/tencentBlock_23810.oracleGeneral.zst
tencentBlock_v2_100K	https://ftp.pdl.cmu.edu/pub/datasets/twemcacheWorkload/cacheDatasets/tencentBlock/v2/100K/tencentBlock_23819.oracleGeneral.zst
tencentBlock_v2_100K	https://ftp.pdl.cmu.edu/pub/datasets/twemcacheWorkload/cacheDatasets/tencentBlock/v2/100K/tencentBlock_23828.oracleGeneral.zst
tencentBlock_v2_100K	https://ftp.pdl.cmu.edu/pub/datasets/twemcacheWorkload/cacheDatasets/tencentBlock/v2/100K/tencentBlock_23846.oracleGeneral.zst
tencentBlock_v2_100K	https://ftp.pdl.cmu.edu/pub/datasets/twemcacheWorkload/cacheDatasets/tencentBlock/v2/100K/tencentBlock_23867.oracleGeneral.zst
tencentBlock_v2_100K	https://ftp.pdl.cmu.edu/pub/datasets/twemcacheWorkload/cacheDatasets/tencentBlock/v2/100K/tencentBlock_23871.oracleGeneral.zst
tencentBlock_v2_100K	https://ftp.pdl.cmu.edu/pub/datasets/twemcacheWorkload/cacheDatasets/tencentBlock/v2/100K/tencentBlock_23884.oracleGeneral.zst
tencentBlock_v2_100K	https://ftp.pdl.cmu.edu/pub/datasets/twemcacheWorkload/cacheDatasets/tencentBlock/v2/100K/tencentBlock_23893.oracleGeneral.zst
tencentBlock_v2_100K	https://ftp.pdl.cmu.edu/pub/datasets/twemcacheWorkload/cacheDatasets/tencentBlock/v2/100K/tencentBlock_23894.oracleGeneral.zst
tencentBlock_v2_100K	https://ftp.pdl.cmu.edu/pub/datasets/twemcacheWorkload/cacheDatasets/tencentBlock/v2/100K/tencentBlock_23900.oracleGeneral.zst
tencentBlock_v2_100K	https://ftp.pdl.cmu.edu/pub/datasets/twemcacheWorkload/cacheDatasets/tencentBlock/v2/100K/tencentBlock_23914.oracleGeneral.zst
tencentBlock_v2_100K	https://ftp.pdl.cmu.edu/pub/datasets/twemcacheWorkload/cacheDatasets/tencentBlock/v2/100K/tencentBlock_23916.oracleGeneral.zst
tencentBlock_v2_100K	https://ftp.pdl.cmu.edu/pub/datasets/twemcacheWorkload/cacheDatasets/tencentBlock/v2/100K/tencentBlock_23933.oracleGeneral.zst
tencentBlock_v2_100K	https://ftp.pdl.cmu.edu/pub/datasets/twemcacheWorkload/cacheDatasets/tencentBlock/v2/100K/tencentBlock_23961.oracleGeneral.zst
tencentBlock_v2_100K	https://ftp.pdl.cmu.edu/pub/datasets/twemcacheWorkload/cacheDatasets/tencentBlock/v2/100K/tencentBlock_23970.oracleGeneral.zst
tencentBlock_v2_100K	https://ftp.pdl.cmu.edu/pub/datasets/twemcacheWorkload/cacheDatasets/tencentBlock/v2/100K/tencentBlock_23974.oracleGeneral.zst
tencentBlock_v2_100K	https://ftp.pdl.cmu.edu/pub/datasets/twemcacheWorkload/cacheDatasets/tencentBlock/v2/100K/tencentBlock_23980.oracleGeneral.zst
tencentBlock_v2_100K	https://ftp.pdl.cmu.edu/pub/datasets/twemcacheWorkload/cacheDatasets/tencentBlock/v2/100K/tencentBlock_23992.oracleGeneral.zst
tencentBlock_v2_100K	https://ftp.pdl.cmu.edu/pub/datasets/twemcacheWorkload/cacheDatasets/tencentBlock/v2/100K/tencentBlock_24002.oracleGeneral.zst
tencentBlock_v2_100K	https://ftp.pdl.cmu.edu/pub/datasets/twemcacheWorkload/cacheDatasets/tencentBlock/v2/100K/tencentBlock_24010.oracleGeneral.zst
tencentBlock_v2_100K	https://ftp.pdl.cmu.edu/pub/datasets/twemcacheWorkload/cacheDatasets/tencentBlock/v2/100K/tencentBlock_24014.oracleGeneral.zst
tencentBlock_v2_100K	https://ftp.pdl.cmu.edu/pub/datasets/twemcacheWorkload/cacheDatasets/tencentBlock/v2/100K/tencentBlock_24021.oracleGeneral.zst
tencentBlock_v2_100K	https://ftp.pdl.cmu.edu/pub/datasets/twemcacheWorkload/cacheDatasets/tencentBlock/v2/100K/tencentBlock_24029.oracleGeneral.zst
tencentBlock_v2_100K	https://ftp.pdl.cmu.edu/pub/datasets/twemcacheWorkload/cacheDatasets/tencentBlock/v2/100K/tencentBlock_24038.oracleGeneral.zst
tencentBlock_v2_100K	https://ftp.pdl.cmu.edu/pub/datasets/twemcacheWorkload/cacheDatasets/tencentBlock/v2/100K/tencentBlock_24050.oracleGeneral.zst
tencentBlock_v2_100K	https://ftp.pdl.cmu.edu/pub/datasets/twemcacheWorkload/cacheDatasets/tencentBlock/v2/100K/tencentBlock_24055.oracleGeneral.zst
tencentBlock_v2_100K	https://ftp.pdl.cmu.edu/pub/datasets/twemcacheWorkload/cacheDatasets/tencentBlock/v2/100K/tencentBlock_24062.oracleGeneral.zst
tencentBlock_v2_100K	https://ftp.pdl.cmu.edu/pub/datasets/twemcacheWorkload/cacheDatasets/tencentBlock/v2/100K/tencentBlock_24073.oracleGeneral.zst
tencentBlock_v2_100K	https://ftp.pdl.cmu.edu/pub/datasets/twemcacheWorkload/cacheDatasets/tencentBlock/v2/100K/tencentBlock_24074.oracleGeneral.zst
tencentBlock_v2_100K	https://ftp.pdl.cmu.edu/pub/datasets/twemcacheWorkload/cacheDatasets/tencentBlock/v2/100K/tencentBlock_24090.oracleGeneral.zst
tencentBlock_v2_100K	https://ftp.pdl.cmu.edu/pub/datasets/twemcacheWorkload/cacheDatasets/tencentBlock/v2/100K/tencentBlock_24099.oracleGeneral.zst
tencentBlock_v2_100K	https://ftp.pdl.cmu.edu/pub/datasets/twemcacheWorkload/cacheDatasets/tencentBlock/v2/100K/tencentBlock_24101.oracleGeneral.zst
tencentBlock_v2_100K	https://ftp.pdl.cmu.edu/pub/datasets/twemcacheWorkload/cacheDatasets/tencentBlock/v2/100K/tencentBlock_24105.oracleGeneral.zst
tencentBlock_v2_100K	https://ftp.pdl.cmu.edu/pub/datasets/twemcacheWorkload/cacheDatasets/tencentBlock/v2/100K/tencentBlock_24114.oracleGeneral.zst
tencentBlock_v2_100K	https://ftp.pdl.cmu.edu/pub/datasets/twemcacheWorkload/cacheDatasets/tencentBlock/v2/100K/tencentBlock_24116.oracleGeneral.zst
tencentBlock_v2_100K	https://ftp.pdl.cmu.edu/pub/datasets/twemcacheWorkload/cacheDatasets/tencentBlock/v2/100K/tencentBlock_24120.oracleGeneral.zst
tencentBlock_v2_100K	https://ftp.pdl.cmu.edu/pub/datasets/twemcacheWorkload/cacheDatasets/tencentBlock/v2/100K/tencentBlock_24128.oracleGeneral.zst
tencentBlock_v2_100K	https://ftp.pdl.cmu.edu/pub/datasets/twemcacheWorkload/cacheDatasets/tencentBlock/v2/100K/tencentBlock_24137.oracleGeneral.zst
tencentBlock_v2_100K	https://ftp.pdl.cmu.edu/pub/datasets/twemcacheWorkload/cacheDatasets/tencentBlock/v2/100K/tencentBlock_24152.oracleGeneral.zst
tencentBlock_v2_100K	https://ftp.pdl.cmu.edu/pub/datasets/twemcacheWorkload/cacheDatasets/tencentBlock/v2/100K/tencentBlock_24158.oracleGeneral.zst
tencentBlock_v2_100K	https://ftp.pdl.cmu.edu/pub/datasets/twemcacheWorkload/cacheDatasets/tencentBlock/v2/100K/tencentBlock_2416.oracleGeneral.zst
tencentBlock_v2_100K	https://ftp.pdl.cmu.edu/pub/datasets/twemcacheWorkload/cacheDatasets/tencentBlock/v2/100K/tencentBlock_24161.oracleGeneral.zst
tencentBlock_v2_100K	https://ftp.pdl.cmu.edu/pub/datasets/twemcacheWorkload/cacheDatasets/tencentBlock/v2/100K/tencentBlock_24170.oracleGeneral.zst
tencentBlock_v2_100K	https://ftp.pdl.cmu.edu/pub/datasets/twemcacheWorkload/cacheDatasets/tencentBlock/v2/100K/tencentBlock_24176.oracleGeneral.zst
tencentBlock_v2_100K	https://ftp.pdl.cmu.edu/pub/datasets/twemcacheWorkload/cacheDatasets/tencentBlock/v2/100K/tencentBlock_24177.oracleGeneral.zst
tencentBlock_v2_100K	https://ftp.pdl.cmu.edu/pub/datasets/twemcacheWorkload/cacheDatasets/tencentBlock/v2/100K/tencentBlock_24183.oracleGeneral.zst
tencentBlock_v2_100K	https://ftp.pdl.cmu.edu/pub/datasets/twemcacheWorkload/cacheDatasets/tencentBlock/v2/100K/tencentBlock_24191.oracleGeneral.zst
tencentBlock_v2_100K	https://ftp.pdl.cmu.edu/pub/datasets/twemcacheWorkload/cacheDatasets/tencentBlock/v2/100K/tencentBlock_24205.oracleGeneral.zst
tencentBlock_v2_100K	https://ftp.pdl.cmu.edu/pub/datasets/twemcacheWorkload/cacheDatasets/tencentBlock/v2/100K/tencentBlock_24208.oracleGeneral.zst
tencentBlock_v2_100K	https://ftp.pdl.cmu.edu/pub/datasets/twemcacheWorkload/cacheDatasets/tencentBlock/v2/100K/tencentBlock_24209.oracleGeneral.zst
tencentBlock_v2_100K	https://ftp.pdl.cmu.edu/pub/datasets/twemcacheWorkload/cacheDatasets/tencentBlock/v2/100K/tencentBlock_24212.oracleGeneral.zst
tencentBlock_v2_100K	https://ftp.pdl.cmu.edu/pub/datasets/twemcacheWorkload/cacheDatasets/tencentBlock/v2/100K/tencentBlock_24220.oracleGeneral.zst
tencentBlock_v2_100K	https://ftp.pdl.cmu.edu/pub/datasets/twemcacheWorkload/cacheDatasets/tencentBlock/v2/100K/tencentBlock_24246.oracleGeneral.zst
tencentBlock_v2_100K	https://ftp.pdl.cmu.edu/pub/datasets/twemcacheWorkload/cacheDatasets/tencentBlock/v2/100K/tencentBlock_2425.oracleGeneral.zst
tencentBlock_v2_100K	https://ftp.pdl.cmu.edu/pub/datasets/twemcacheWorkload/cacheDatasets/tencentBlock/v2/100K/tencentBlock_24259.oracleGeneral.zst
tencentBlock_v2_100K	https://ftp.pdl.cmu.edu/pub/datasets/twemcacheWorkload/cacheDatasets/tencentBlock/v2/100K/tencentBlock_24272.oracleGeneral.zst
tencentBlock_v2_100K	https://ftp.pdl.cmu.edu/pub/datasets/twemcacheWorkload/cacheDatasets/tencentBlock/v2/100K/tencentBlock_24273.oracleGeneral.zst
tencentBlock_v2_100K	https://ftp.pdl.cmu.edu/pub/datasets/twemcacheWorkload/cacheDatasets/tencentBlock/v2/100K/tencentBlock_24276.oracleGeneral.zst
tencentBlock_v2_100K	https://ftp.pdl.cmu.edu/pub/datasets/twemcacheWorkload/cacheDatasets/tencentBlock/v2/100K/tencentBlock_24279.oracleGeneral.zst
tencentBlock_v2_100K	https://ftp.pdl.cmu.edu/pub/datasets/twemcacheWorkload/cacheDatasets/tencentBlock/v2/100K/tencentBlock_24283.oracleGeneral.zst
tencentBlock_v2_100K	https://ftp.pdl.cmu.edu/pub/datasets/twemcacheWorkload/cacheDatasets/tencentBlock/v2/100K/tencentBlock_24287.oracleGeneral.zst
tencentBlock_v2_100K	https://ftp.pdl.cmu.edu/pub/datasets/twemcacheWorkload/cacheDatasets/tencentBlock/v2/100K/tencentBlock_24294.oracleGeneral.zst
tencentBlock_v2_100K	https://ftp.pdl.cmu.edu/pub/datasets/twemcacheWorkload/cacheDatasets/tencentBlock/v2/100K/tencentBlock_24298.oracleGeneral.zst
tencentBlock_v2_100K	https://ftp.pdl.cmu.edu/pub/datasets/twemcacheWorkload/cacheDatasets/tencentBlock/v2/100K/tencentBlock_24307.oracleGeneral.zst
tencentBlock_v2_100K	https://ftp.pdl.cmu.edu/pub/datasets/twemcacheWorkload/cacheDatasets/tencentBlock/v2/100K/tencentBlock_24315.oracleGeneral.zst
tencentBlock_v2_100K	https://ftp.pdl.cmu.edu/pub/datasets/twemcacheWorkload/cacheDatasets/tencentBlock/v2/100K/tencentBlock_24323.oracleGeneral.zst
tencentBlock_v2_100K	https://ftp.pdl.cmu.edu/pub/datasets/twemcacheWorkload/cacheDatasets/tencentBlock/v2/100K/tencentBlock_24337.oracleGeneral.zst
tencentBlock_v2_100K	https://ftp.pdl.cmu.edu/pub/datasets/twemcacheWorkload/cacheDatasets/tencentBlock/v2/100K/tencentBlock_24339.oracleGeneral.zst
tencentBlock_v2_100K	https://ftp.pdl.cmu.edu/pub/datasets/twemcacheWorkload/cacheDatasets/tencentBlock/v2/100K/tencentBlock_24348.oracleGeneral.zst
tencentBlock_v2_100K	https://ftp.pdl.cmu.edu/pub/datasets/twemcacheWorkload/cacheDatasets/tencentBlock/v2/100K/tencentBlock_24355.oracleGeneral.zst
tencentBlock_v2_100K	https://ftp.pdl.cmu.edu/pub/datasets/twemcacheWorkload/cacheDatasets/tencentBlock/v2/100K/tencentBlock_24363.oracleGeneral.zst
tencentBlock_v2_100K	https://ftp.pdl.cmu.edu/pub/datasets/twemcacheWorkload/cacheDatasets/tencentBlock/v2/100K/tencentBlock_24371.oracleGeneral.zst
tencentBlock_v2_100K	https://ftp.pdl.cmu.edu/pub/datasets/twemcacheWorkload/cacheDatasets/tencentBlock/v2/100K/tencentBlock_24379.oracleGeneral.zst
tencentBlock_v2_100K	https://ftp.pdl.cmu.edu/pub/datasets/twemcacheWorkload/cacheDatasets/tencentBlock/v2/100K/tencentBlock_24384.oracleGeneral.zst
tencentBlock_v2_100K	https://ftp.pdl.cmu.edu/pub/datasets/twemcacheWorkload/cacheDatasets/tencentBlock/v2/100K/tencentBlock_24408.oracleGeneral.zst
tencentBlock_v2_100K	https://ftp.pdl.cmu.edu/pub/datasets/twemcacheWorkload/cacheDatasets/tencentBlock/v2/100K/tencentBlock_24414.oracleGeneral.zst
tencentBlock_v2_100K	https://ftp.pdl.cmu.edu/pub/datasets/twemcacheWorkload/cacheDatasets/tencentBlock/v2/100K/tencentBlock_24422.oracleGeneral.zst
tencentBlock_v2_100K	https://ftp.pdl.cmu.edu/pub/datasets/twemcacheWorkload/cacheDatasets/tencentBlock/v2/100K/tencentBlock_24428.oracleGeneral.zst
tencentBlock_v2_100K	https://ftp.pdl.cmu.edu/pub/datasets/twemcacheWorkload/cacheDatasets/tencentBlock/v2/100K/tencentBlock_24429.oracleGeneral.zst
tencentBlock_v2_100K	https://ftp.pdl.cmu.edu/pub/datasets/twemcacheWorkload/cacheDatasets/tencentBlock/v2/100K/tencentBlock_24434.oracleGeneral.zst
tencentBlock_v2_100K	https://ftp.pdl.cmu.edu/pub/datasets/twemcacheWorkload/cacheDatasets/tencentBlock/v2/100K/tencentBlock_24441.oracleGeneral.zst
tencentBlock_v2_100K	https://ftp.pdl.cmu.edu/pub/datasets/twemcacheWorkload/cacheDatasets/tencentBlock/v2/100K/tencentBlock_24446.oracleGeneral.zst
tencentBlock_v2_100K	https://ftp.pdl.cmu.edu/pub/datasets/twemcacheWorkload/cacheDatasets/tencentBlock/v2/100K/tencentBlock_24454.oracleGeneral.zst
tencentBlock_v2_100K	https://ftp.pdl.cmu.edu/pub/datasets/twemcacheWorkload/cacheDatasets/tencentBlock/v2/100K/tencentBlock_24461.oracleGeneral.zst
tencentBlock_v2_100K	https://ftp.pdl.cmu.edu/pub/datasets/twemcacheWorkload/cacheDatasets/tencentBlock/v2/100K/tencentBlock_24466.oracleGeneral.zst
tencentBlock_v2_100K	https://ftp.pdl.cmu.edu/pub/datasets/twemcacheWorkload/cacheDatasets/tencentBlock/v2/100K/tencentBlock_24474.oracleGeneral.zst
tencentBlock_v2_100K	https://ftp.pdl.cmu.edu/pub/datasets/twemcacheWorkload/cacheDatasets/tencentBlock/v2/100K/tencentBlock_24481.oracleGeneral.zst
tencentBlock_v2_100K	https://ftp.pdl.cmu.edu/pub/datasets/twemcacheWorkload/cacheDatasets/tencentBlock/v2/100K/tencentBlock_24485.oracleGeneral.zst
tencentBlock_v2_100K	https://ftp.pdl.cmu.edu/pub/datasets/twemcacheWorkload/cacheDatasets/tencentBlock/v2/100K/tencentBlock_24494.oracleGeneral.zst
tencentBlock_v2_100K	https://ftp.pdl.cmu.edu/pub/datasets/twemcacheWorkload/cacheDatasets/tencentBlock/v2/100K/tencentBlock_24500.oracleGeneral.zst
tencentBlock_v2_100K	https://ftp.pdl.cmu.edu/pub/datasets/twemcacheWorkload/cacheDatasets/tencentBlock/v2/100K/tencentBlock_24501.oracleGeneral.zst
tencentBlock_v2_100K	https://ftp.pdl.cmu.edu/pub/datasets/twemcacheWorkload/cacheDatasets/tencentBlock/v2/100K/tencentBlock_24514.oracleGeneral.zst
tencentBlock_v2_100K	https://ftp.pdl.cmu.edu/pub/datasets/twemcacheWorkload/cacheDatasets/tencentBlock/v2/100K/tencentBlock_24517.oracleGeneral.zst
tencentBlock_v2_100K	https://ftp.pdl.cmu.edu/pub/datasets/twemcacheWorkload/cacheDatasets/tencentBlock/v2/100K/tencentBlock_24525.oracleGeneral.zst
tencentBlock_v2_100K	https://ftp.pdl.cmu.edu/pub/datasets/twemcacheWorkload/cacheDatasets/tencentBlock/v2/100K/tencentBlock_24531.oracleGeneral.zst
tencentBlock_v2_100K	https://ftp.pdl.cmu.edu/pub/datasets/twemcacheWorkload/cacheDatasets/tencentBlock/v2/100K/tencentBlock_24540.oracleGeneral.zst
tencentBlock_v2_100K	https://ftp.pdl.cmu.edu/pub/datasets/twemcacheWorkload/cacheDatasets/tencentBlock/v2/100K/tencentBlock_24549.oracleGeneral.zst
tencentBlock_v2_100K	https://ftp.pdl.cmu.edu/pub/datasets/twemcacheWorkload/cacheDatasets/tencentBlock/v2/100K/tencentBlock_24553.oracleGeneral.zst
tencentBlock_v2_100K	https://ftp.pdl.cmu.edu/pub/datasets/twemcacheWorkload/cacheDatasets/tencentBlock/v2/100K/tencentBlock_24556.oracleGeneral.zst
tencentBlock_v2_100K	https://ftp.pdl.cmu.edu/pub/datasets/twemcacheWorkload/cacheDatasets/tencentBlock/v2/100K/tencentBlock_24564.oracleGeneral.zst
tencentBlock_v2_100K	https://ftp.pdl.cmu.edu/pub/datasets/twemcacheWorkload/cacheDatasets/tencentBlock/v2/100K/tencentBlock_24565.oracleGeneral.zst
tencentBlock_v2_100K	https://ftp.pdl.cmu.edu/pub/datasets/twemcacheWorkload/cacheDatasets/tencentBlock/v2/100K/tencentBlock_24580.oracleGeneral.zst
tencentBlock_v2_100K	https://ftp.pdl.cmu.edu/pub/datasets/twemcacheWorkload/cacheDatasets/tencentBlock/v2/100K/tencentBlock_24584.oracleGeneral.zst
tencentBlock_v2_100K	https://ftp.pdl.cmu.edu/pub/datasets/twemcacheWorkload/cacheDatasets/tencentBlock/v2/100K/tencentBlock_24590.oracleGeneral.zst
tencentBlock_v2_100K	https://ftp.pdl.cmu.edu/pub/datasets/twemcacheWorkload/cacheDatasets/tencentBlock/v2/100K/tencentBlock_24596.oracleGeneral.zst
tencentBlock_v2_100K	https://ftp.pdl.cmu.edu/pub/datasets/twemcacheWorkload/cacheDatasets/tencentBlock/v2/100K/tencentBlock_24598.oracleGeneral.zst
tencentBlock_v2_100K	https://ftp.pdl.cmu.edu/pub/datasets/twemcacheWorkload/cacheDatasets/tencentBlock/v2/100K/tencentBlock_24611.oracleGeneral.zst
tencentBlock_v2_100K	https://ftp.pdl.cmu.edu/pub/datasets/twemcacheWorkload/cacheDatasets/tencentBlock/v2/100K/tencentBlock_24615.oracleGeneral.zst
tencentBlock_v2_100K	https://ftp.pdl.cmu.edu/pub/datasets/twemcacheWorkload/cacheDatasets/tencentBlock/v2/100K/tencentBlock_24625.oracleGeneral.zst
tencentBlock_v2_100K	https://ftp.pdl.cmu.edu/pub/datasets/twemcacheWorkload/cacheDatasets/tencentBlock/v2/100K/tencentBlock_24633.oracleGeneral.zst
tencentBlock_v2_100K	https://ftp.pdl.cmu.edu/pub/datasets/twemcacheWorkload/cacheDatasets/tencentBlock/v2/100K/tencentBlock_24642.oracleGeneral.zst
tencentBlock_v2_100K	https://ftp.pdl.cmu.edu/pub/datasets/twemcacheWorkload/cacheDatasets/tencentBlock/v2/100K/tencentBlock_24659.oracleGeneral.zst
tencentBlock_v2_100K	https://ftp.pdl.cmu.edu/pub/datasets/twemcacheWorkload/cacheDatasets/tencentBlock/v2/100K/tencentBlock_24663.oracleGeneral.zst
tencentBlock_v2_100K	https://ftp.pdl.cmu.edu/pub/datasets/twemcacheWorkload/cacheDatasets/tencentBlock/v2/100K/tencentBlock_24666.oracleGeneral.zst
tencentBlock_v2_100K	https://ftp.pdl.cmu.edu/pub/datasets/twemcacheWorkload/cacheDatasets/tencentBlock/v2/100K/tencentBlock_24672.oracleGeneral.zst
tencentBlock_v2_100K	https://ftp.pdl.cmu.edu/pub/datasets/twemcacheWorkload/cacheDatasets/tencentBlock/v2/100K/tencentBlock_24684.oracleGeneral.zst
tencentBlock_v2_100K	https://ftp.pdl.cmu.edu/pub/datasets/twemcacheWorkload/cacheDatasets/tencentBlock/v2/100K/tencentBlock_24692.oracleGeneral.zst
tencentBlock_v2_100K	https://ftp.pdl.cmu.edu/pub/datasets/twemcacheWorkload/cacheDatasets/tencentBlock/v2/100K/tencentBlock_24698.oracleGeneral.zst
tencentBlock_v2_100K	https://ftp.pdl.cmu.edu/pub/datasets/twemcacheWorkload/cacheDatasets/tencentBlock/v2/100K/tencentBlock_24702.oracleGeneral.zst
tencentBlock_v2_100K	https://ftp.pdl.cmu.edu/pub/datasets/twemcacheWorkload/cacheDatasets/tencentBlock/v2/100K/tencentBlock_24708.oracleGeneral.zst
tencentBlock_v2_100K	https://ftp.pdl.cmu.edu/pub/datasets/twemcacheWorkload/cacheDatasets/tencentBlock/v2/100K/tencentBlock_24716.oracleGeneral.zst
tencentBlock_v2_100K	https://ftp.pdl.cmu.edu/pub/datasets/twemcacheWorkload/cacheDatasets/tencentBlock/v2/100K/tencentBlock_24732.oracleGeneral.zst
tencentBlock_v2_100K	https://ftp.pdl.cmu.edu/pub/datasets/twemcacheWorkload/cacheDatasets/tencentBlock/v2/100K/tencentBlock_24738.oracleGeneral.zst
tencentBlock_v2_100K	https://ftp.pdl.cmu.edu/pub/datasets/twemcacheWorkload/cacheDatasets/tencentBlock/v2/100K/tencentBlock_24742.oracleGeneral.zst
tencentBlock_v2_100K	https://ftp.pdl.cmu.edu/pub/datasets/twemcacheWorkload/cacheDatasets/tencentBlock/v2/100K/tencentBlock_24752.oracleGeneral.zst
tencentBlock_v2_100K	https://ftp.pdl.cmu.edu/pub/datasets/twemcacheWorkload/cacheDatasets/tencentBlock/v2/100K/tencentBlock_24759.oracleGeneral.zst
tencentBlock_v2_100K	https://ftp.pdl.cmu.edu/pub/datasets/twemcacheWorkload/cacheDatasets/tencentBlock/v2/100K/tencentBlock_24760.oracleGeneral.zst
tencentBlock_v2_100K	https://ftp.pdl.cmu.edu/pub/datasets/twemcacheWorkload/cacheDatasets/tencentBlock/v2/100K/tencentBlock_24762.oracleGeneral.zst
tencentBlock_v2_100K	https://ftp.pdl.cmu.edu/pub/datasets/twemcacheWorkload/cacheDatasets/tencentBlock/v2/100K/tencentBlock_24771.oracleGeneral.zst
tencentBlock_v2_100K	https://ftp.pdl.cmu.edu/pub/datasets/twemcacheWorkload/cacheDatasets/tencentBlock/v2/100K/tencentBlock_24778.oracleGeneral.zst
tencentBlock_v2_100K	https://ftp.pdl.cmu.edu/pub/datasets/twemcacheWorkload/cacheDatasets/tencentBlock/v2/100K/tencentBlock_24779.oracleGeneral.zst
tencentBlock_v2_100K	https://ftp.pdl.cmu.edu/pub/datasets/twemcacheWorkload/cacheDatasets/tencentBlock/v2/100K/tencentBlock_24780.oracleGeneral.zst
tencentBlock_v2_100K	https://ftp.pdl.cmu.edu/pub/datasets/twemcacheWorkload/cacheDatasets/tencentBlock/v2/100K/tencentBlock_24782.oracleGeneral.zst
tencentBlock_v2_100K	https://ftp.pdl.cmu.edu/pub/datasets/twemcacheWorkload/cacheDatasets/tencentBlock/v2/100K/tencentBlock_24800.oracleGeneral.zst
tencentBlock_v2_100K	https://ftp.pdl.cmu.edu/pub/datasets/twemcacheWorkload/cacheDatasets/tencentBlock/v2/100K/tencentBlock_24807.oracleGeneral.zst
tencentBlock_v2_100K	https://ftp.pdl.cmu.edu/pub/datasets/twemcacheWorkload/cacheDatasets/tencentBlock/v2/100K/tencentBlock_24812.oracleGeneral.zst
tencentBlock_v2_100K	https://ftp.pdl.cmu.edu/pub/datasets/twemcacheWorkload/cacheDatasets/tencentBlock/v2/100K/tencentBlock_24819.oracleGeneral.zst
tencentBlock_v2_100K	https://ftp.pdl.cmu.edu/pub/datasets/twemcacheWorkload/cacheDatasets/tencentBlock/v2/100K/tencentBlock_24820.oracleGeneral.zst
tencentBlock_v2_100K	https://ftp.pdl.cmu.edu/pub/datasets/twemcacheWorkload/cacheDatasets/tencentBlock/v2/100K/tencentBlock_24826.oracleGeneral.zst
tencentBlock_v2_100K	https://ftp.pdl.cmu.edu/pub/datasets/twemcacheWorkload/cacheDatasets/tencentBlock/v2/100K/tencentBlock_24832.oracleGeneral.zst
tencentBlock_v2_100K	https://ftp.pdl.cmu.edu/pub/datasets/twemcacheWorkload/cacheDatasets/tencentBlock/v2/100K/tencentBlock_24849.oracleGeneral.zst
tencentBlock_v2_100K	https://ftp.pdl.cmu.edu/pub/datasets/twemcacheWorkload/cacheDatasets/tencentBlock/v2/100K/tencentBlock_24858.oracleGeneral.zst
tencentBlock_v2_100K	https://ftp.pdl.cmu.edu/pub/datasets/twemcacheWorkload/cacheDatasets/tencentBlock/v2/100K/tencentBlock_24860.oracleGeneral.zst
tencentBlock_v2_100K	https://ftp.pdl.cmu.edu/pub/datasets/twemcacheWorkload/cacheDatasets/tencentBlock/v2/100K/tencentBlock_24869.oracleGeneral.zst
tencentBlock_v2_100K	https://ftp.pdl.cmu.edu/pub/datasets/twemcacheWorkload/cacheDatasets/tencentBlock/v2/100K/tencentBlock_24870.oracleGeneral.zst
tencentBlock_v2_100K	https://ftp.pdl.cmu.edu/pub/datasets/twemcacheWorkload/cacheDatasets/tencentBlock/v2/100K/tencentBlock_24877.oracleGeneral.zst
tencentBlock_v2_100K	https://ftp.pdl.cmu.edu/pub/datasets/twemcacheWorkload/cacheDatasets/tencentBlock/v2/100K/tencentBlock_24885.oracleGeneral.zst
tencentBlock_v2_100K	https://ftp.pdl.cmu.edu/pub/datasets/twemcacheWorkload/cacheDatasets/tencentBlock/v2/100K/tencentBlock_24890.oracleGeneral.zst
tencentBlock_v2_100K	https://ftp.pdl.cmu.edu/pub/datasets/twemcacheWorkload/cacheDatasets/tencentBlock/v2/100K/tencentBlock_24892.oracleGeneral.zst
tencentBlock_v2_100K	https://ftp.pdl.cmu.edu/pub/datasets/twemcacheWorkload/cacheDatasets/tencentBlock/v2/100K/tencentBlock_24900.oracleGeneral.zst
tencentBlock_v2_100K	https://ftp.pdl.cmu.edu/pub/datasets/twemcacheWorkload/cacheDatasets/tencentBlock/v2/100K/tencentBlock_24921.oracleGeneral.zst
tencentBlock_v2_100K	https://ftp.pdl.cmu.edu/pub/datasets/twemcacheWorkload/cacheDatasets/tencentBlock/v2/100K/tencentBlock_24922.oracleGeneral.zst
tencentBlock_v2_100K	https://ftp.pdl.cmu.edu/pub/datasets/twemcacheWorkload/cacheDatasets/tencentBlock/v2/100K/tencentBlock_24928.oracleGeneral.zst
tencentBlock_v2_100K	https://ftp.pdl.cmu.edu/pub/datasets/twemcacheWorkload/cacheDatasets/tencentBlock/v2/100K/tencentBlock_24938.oracleGeneral.zst
tencentBlock_v2_100K	https://ftp.pdl.cmu.edu/pub/datasets/twemcacheWorkload/cacheDatasets/tencentBlock/v2/100K/tencentBlock_24949.oracleGeneral.zst
tencentBlock_v2_100K	https://ftp.pdl.cmu.edu/pub/datasets/twemcacheWorkload/cacheDatasets/tencentBlock/v2/100K/tencentBlock_24951.oracleGeneral.zst
tencentBlock_v2_100K	https://ftp.pdl.cmu.edu/pub/datasets/twemcacheWorkload/cacheDatasets/tencentBlock/v2/100K/tencentBlock_24961.oracleGeneral.zst
tencentBlock_v2_100K	https://ftp.pdl.cmu.edu/pub/datasets/twemcacheWorkload/cacheDatasets/tencentBlock/v2/100K/tencentBlock_24962.oracleGeneral.zst
tencentBlock_v2_100K	https://ftp.pdl.cmu.edu/pub/datasets/twemcacheWorkload/cacheDatasets/tencentBlock/v2/100K/tencentBlock_24965.oracleGeneral.zst
tencentBlock_v2_100K	https://ftp.pdl.cmu.edu/pub/datasets/twemcacheWorkload/cacheDatasets/tencentBlock/v2/100K/tencentBlock_24992.oracleGeneral.zst
tencentBlock_v2_100K	https://ftp.pdl.cmu.edu/pub/datasets/twemcacheWorkload/cacheDatasets/tencentBlock/v2/100K/tencentBlock_24999.oracleGeneral.zst
tencentBlock_v2_100K	https://ftp.pdl.cmu.edu/pub/datasets/twemcacheWorkload/cacheDatasets/tencentBlock/v2/100K/tencentBlock_25009.oracleGeneral.zst
tencentBlock_v2_100K	https://ftp.pdl.cmu.edu/pub/datasets/twemcacheWorkload/cacheDatasets/tencentBlock/v2/100K/tencentBlock_25050.oracleGeneral.zst
tencentBlock_v2_100K	https://ftp.pdl.cmu.edu/pub/datasets/twemcacheWorkload/cacheDatasets/tencentBlock/v2/100K/tencentBlock_25058.oracleGeneral.zst
tencentBlock_v2_100K	https://ftp.pdl.cmu.edu/pub/datasets/twemcacheWorkload/cacheDatasets/tencentBlock/v2/100K/tencentBlock_2514.oracleGeneral.zst
tencentBlock_v2_100K	https://ftp.pdl.cmu.edu/pub/datasets/twemcacheWorkload/cacheDatasets/tencentBlock/v2/100K/tencentBlock_25253.oracleGeneral.zst
tencentBlock_v2_100K	https://ftp.pdl.cmu.edu/pub/datasets/twemcacheWorkload/cacheDatasets/tencentBlock/v2/100K/tencentBlock_25326.oracleGeneral.zst
tencentBlock_v2_100K	https://ftp.pdl.cmu.edu/pub/datasets/twemcacheWorkload/cacheDatasets/tencentBlock/v2/100K/tencentBlock_25375.oracleGeneral.zst
tencentBlock_v2_100K	https://ftp.pdl.cmu.edu/pub/datasets/twemcacheWorkload/cacheDatasets/tencentBlock/v2/100K/tencentBlock_25379.oracleGeneral.zst
tencentBlock_v2_100K	https://ftp.pdl.cmu.edu/pub/datasets/twemcacheWorkload/cacheDatasets/tencentBlock/v2/100K/tencentBlock_25386.oracleGeneral.zst
tencentBlock_v2_100K	https://ftp.pdl.cmu.edu/pub/datasets/twemcacheWorkload/cacheDatasets/tencentBlock/v2/100K/tencentBlock_25432.oracleGeneral.zst
tencentBlock_v2_100K	https://ftp.pdl.cmu.edu/pub/datasets/twemcacheWorkload/cacheDatasets/tencentBlock/v2/100K/tencentBlock_25480.oracleGeneral.zst
tencentBlock_v2_100K	https://ftp.pdl.cmu.edu/pub/datasets/twemcacheWorkload/cacheDatasets/tencentBlock/v2/100K/tencentBlock_25548.oracleGeneral.zst
tencentBlock_v2_100K	https://ftp.pdl.cmu.edu/pub/datasets/twemcacheWorkload/cacheDatasets/tencentBlock/v2/100K/tencentBlock_25550.oracleGeneral.zst
tencentBlock_v2_100K	https://ftp.pdl.cmu.edu/pub/datasets/twemcacheWorkload/cacheDatasets/tencentBlock/v2/100K/tencentBlock_25556.oracleGeneral.zst
tencentBlock_v2_100K	https://ftp.pdl.cmu.edu/pub/datasets/twemcacheWorkload/cacheDatasets/tencentBlock/v2/100K/tencentBlock_25594.oracleGeneral.zst
tencentBlock_v2_100K	https://ftp.pdl.cmu.edu/pub/datasets/twemcacheWorkload/cacheDatasets/tencentBlock/v2/100K/tencentBlock_25683.oracleGeneral.zst
tencentBlock_v2_100K	https://ftp.pdl.cmu.edu/pub/datasets/twemcacheWorkload/cacheDatasets/tencentBlock/v2/100K/tencentBlock_25684.oracleGeneral.zst
tencentBlock_v2_100K	https://ftp.pdl.cmu.edu/pub/datasets/twemcacheWorkload/cacheDatasets/tencentBlock/v2/100K/tencentBlock_25691.oracleGeneral.zst
tencentBlock_v2_100K	https://ftp.pdl.cmu.edu/pub/datasets/twemcacheWorkload/cacheDatasets/tencentBlock/v2/100K/tencentBlock_25702.oracleGeneral.zst
tencentBlock_v2_100K	https://ftp.pdl.cmu.edu/pub/datasets/twemcacheWorkload/cacheDatasets/tencentBlock/v2/100K/tencentBlock_25709.oracleGeneral.zst
tencentBlock_v2_100K	https://ftp.pdl.cmu.edu/pub/datasets/twemcacheWorkload/cacheDatasets/tencentBlock/v2/100K/tencentBlock_25715.oracleGeneral.zst
tencentBlock_v2_100K	https://ftp.pdl.cmu.edu/pub/datasets/twemcacheWorkload/cacheDatasets/tencentBlock/v2/100K/tencentBlock_25719.oracleGeneral.zst
tencentBlock_v2_100K	https://ftp.pdl.cmu.edu/pub/datasets/twemcacheWorkload/cacheDatasets/tencentBlock/v2/100K/tencentBlock_25728.oracleGeneral.zst
tencentBlock_v2_100K	https://ftp.pdl.cmu.edu/pub/datasets/twemcacheWorkload/cacheDatasets/tencentBlock/v2/100K/tencentBlock_25737.oracleGeneral.zst
tencentBlock_v2_100K	https://ftp.pdl.cmu.edu/pub/datasets/twemcacheWorkload/cacheDatasets/tencentBlock/v2/100K/tencentBlock_25745.oracleGeneral.zst
tencentBlock_v2_100K	https://ftp.pdl.cmu.edu/pub/datasets/twemcacheWorkload/cacheDatasets/tencentBlock/v2/100K/tencentBlock_25758.oracleGeneral.zst
tencentBlock_v2_100K	https://ftp.pdl.cmu.edu/pub/datasets/twemcacheWorkload/cacheDatasets/tencentBlock/v2/100K/tencentBlock_25764.oracleGeneral.zst
tencentBlock_v2_100K	https://ftp.pdl.cmu.edu/pub/datasets/twemcacheWorkload/cacheDatasets/tencentBlock/v2/100K/tencentBlock_25775.oracleGeneral.zst
tencentBlock_v2_100K	https://ftp.pdl.cmu.edu/pub/datasets/twemcacheWorkload/cacheDatasets/tencentBlock/v2/100K/tencentBlock_25789.oracleGeneral.zst
tencentBlock_v2_100K	https://ftp.pdl.cmu.edu/pub/datasets/twemcacheWorkload/cacheDatasets/tencentBlock/v2/100K/tencentBlock_25801.oracleGeneral.zst
tencentBlock_v2_100K	https://ftp.pdl.cmu.edu/pub/datasets/twemcacheWorkload/cacheDatasets/tencentBlock/v2/100K/tencentBlock_25809.oracleGeneral.zst
tencentBlock_v2_100K	https://ftp.pdl.cmu.edu/pub/datasets/twemcacheWorkload/cacheDatasets/tencentBlock/v2/100K/tencentBlock_25815.oracleGeneral.zst
tencentBlock_v2_100K	https://ftp.pdl.cmu.edu/pub/datasets/twemcacheWorkload/cacheDatasets/tencentBlock/v2/100K/tencentBlock_25820.oracleGeneral.zst
tencentBlock_v2_100K	https://ftp.pdl.cmu.edu/pub/datasets/twemcacheWorkload/cacheDatasets/tencentBlock/v2/100K/tencentBlock_25851.oracleGeneral.zst
tencentBlock_v2_100K	https://ftp.pdl.cmu.edu/pub/datasets/twemcacheWorkload/cacheDatasets/tencentBlock/v2/100K/tencentBlock_25860.oracleGeneral.zst
tencentBlock_v2_100K	https://ftp.pdl.cmu.edu/pub/datasets/twemcacheWorkload/cacheDatasets/tencentBlock/v2/100K/tencentBlock_25895.oracleGeneral.zst
tencentBlock_v2_100K	https://ftp.pdl.cmu.edu/pub/datasets/twemcacheWorkload/cacheDatasets/tencentBlock/v2/100K/tencentBlock_25904.oracleGeneral.zst
tencentBlock_v2_100K	https://ftp.pdl.cmu.edu/pub/datasets/twemcacheWorkload/cacheDatasets/tencentBlock/v2/100K/tencentBlock_25905.oracleGeneral.zst
tencentBlock_v2_100K	https://ftp.pdl.cmu.edu/pub/datasets/twemcacheWorkload/cacheDatasets/tencentBlock/v2/100K/tencentBlock_25909.oracleGeneral.zst
tencentBlock_v2_100K	https://ftp.pdl.cmu.edu/pub/datasets/twemcacheWorkload/cacheDatasets/tencentBlock/v2/100K/tencentBlock_25936.oracleGeneral.zst
tencentBlock_v2_100K	https://ftp.pdl.cmu.edu/pub/datasets/twemcacheWorkload/cacheDatasets/tencentBlock/v2/100K/tencentBlock_25944.oracleGeneral.zst
tencentBlock_v2_100K	https://ftp.pdl.cmu.edu/pub/datasets/twemcacheWorkload/cacheDatasets/tencentBlock/v2/100K/tencentBlock_25953.oracleGeneral.zst
tencentBlock_v2_100K	https://ftp.pdl.cmu.edu/pub/datasets/twemcacheWorkload/cacheDatasets/tencentBlock/v2/100K/tencentBlock_25954.oracleGeneral.zst
tencentBlock_v2_100K	https://ftp.pdl.cmu.edu/pub/datasets/twemcacheWorkload/cacheDatasets/tencentBlock/v2/100K/tencentBlock_25955.oracleGeneral.zst
tencentBlock_v2_100K	https://ftp.pdl.cmu.edu/pub/datasets/twemcacheWorkload/cacheDatasets/tencentBlock/v2/100K/tencentBlock_25962.oracleGeneral.zst
tencentBlock_v2_100K	https://ftp.pdl.cmu.edu/pub/datasets/twemcacheWorkload/cacheDatasets/tencentBlock/v2/100K/tencentBlock_25968.oracleGeneral.zst
tencentBlock_v2_100K	https://ftp.pdl.cmu.edu/pub/datasets/twemcacheWorkload/cacheDatasets/tencentBlock/v2/100K/tencentBlock_25974.oracleGeneral.zst
tencentBlock_v2_100K	https://ftp.pdl.cmu.edu/pub/datasets/twemcacheWorkload/cacheDatasets/tencentBlock/v2/100K/tencentBlock_25983.oracleGeneral.zst
tencentBlock_v2_100K	https://ftp.pdl.cmu.edu/pub/datasets/twemcacheWorkload/cacheDatasets/tencentBlock/v2/100K/tencentBlock_25984.oracleGeneral.zst
tencentBlock_v2_100K	https://ftp.pdl.cmu.edu/pub/datasets/twemcacheWorkload/cacheDatasets/tencentBlock/v2/100K/tencentBlock_25992.oracleGeneral.zst
tencentBlock_v2_100K	https://ftp.pdl.cmu.edu/pub/datasets/twemcacheWorkload/cacheDatasets/tencentBlock/v2/100K/tencentBlock_26001.oracleGeneral.zst
tencentBlock_v2_100K	https://ftp.pdl.cmu.edu/pub/datasets/twemcacheWorkload/cacheDatasets/tencentBlock/v2/100K/tencentBlock_26003.oracleGeneral.zst
tencentBlock_v2_100K	https://ftp.pdl.cmu.edu/pub/datasets/twemcacheWorkload/cacheDatasets/tencentBlock/v2/100K/tencentBlock_26018.oracleGeneral.zst
tencentBlock_v2_100K	https://ftp.pdl.cmu.edu/pub/datasets/twemcacheWorkload/cacheDatasets/tencentBlock/v2/100K/tencentBlock_26021.oracleGeneral.zst
tencentBlock_v2_100K	https://ftp.pdl.cmu.edu/pub/datasets/twemcacheWorkload/cacheDatasets/tencentBlock/v2/100K/tencentBlock_26030.oracleGeneral.zst
tencentBlock_v2_100K	https://ftp.pdl.cmu.edu/pub/datasets/twemcacheWorkload/cacheDatasets/tencentBlock/v2/100K/tencentBlock_26039.oracleGeneral.zst
tencentBlock_v2_100K	https://ftp.pdl.cmu.edu/pub/datasets/twemcacheWorkload/cacheDatasets/tencentBlock/v2/100K/tencentBlock_26045.oracleGeneral.zst
tencentBlock_v2_100K	https://ftp.pdl.cmu.edu/pub/datasets/twemcacheWorkload/cacheDatasets/tencentBlock/v2/100K/tencentBlock_26051.oracleGeneral.zst
tencentBlock_v2_100K	https://ftp.pdl.cmu.edu/pub/datasets/twemcacheWorkload/cacheDatasets/tencentBlock/v2/100K/tencentBlock_2620.oracleGeneral.zst
tencentBlock_v2_100K	https://ftp.pdl.cmu.edu/pub/datasets/twemcacheWorkload/cacheDatasets/tencentBlock/v2/100K/tencentBlock_2688.oracleGeneral.zst
tencentBlock_v2_100K	https://ftp.pdl.cmu.edu/pub/datasets/twemcacheWorkload/cacheDatasets/tencentBlock/v2/100K/tencentBlock_2697.oracleGeneral.zst
tencentBlock_v2_100K	https://ftp.pdl.cmu.edu/pub/datasets/twemcacheWorkload/cacheDatasets/tencentBlock/v2/100K/tencentBlock_2703.oracleGeneral.zst
tencentBlock_v2_100K	https://ftp.pdl.cmu.edu/pub/datasets/twemcacheWorkload/cacheDatasets/tencentBlock/v2/100K/tencentBlock_2754.oracleGeneral.zst
tencentBlock_v2_100K	https://ftp.pdl.cmu.edu/pub/datasets/twemcacheWorkload/cacheDatasets/tencentBlock/v2/100K/tencentBlock_2760.oracleGeneral.zst
tencentBlock_v2_100K	https://ftp.pdl.cmu.edu/pub/datasets/twemcacheWorkload/cacheDatasets/tencentBlock/v2/100K/tencentBlock_2839.oracleGeneral.zst
tencentBlock_v2_100K	https://ftp.pdl.cmu.edu/pub/datasets/twemcacheWorkload/cacheDatasets/tencentBlock/v2/100K/tencentBlock_2845.oracleGeneral.zst
tencentBlock_v2_100K	https://ftp.pdl.cmu.edu/pub/datasets/twemcacheWorkload/cacheDatasets/tencentBlock/v2/100K/tencentBlock_2855.oracleGeneral.zst
tencentBlock_v2_100K	https://ftp.pdl.cmu.edu/pub/datasets/twemcacheWorkload/cacheDatasets/tencentBlock/v2/100K/tencentBlock_2865.oracleGeneral.zst
tencentBlock_v2_100K	https://ftp.pdl.cmu.edu/pub/datasets/twemcacheWorkload/cacheDatasets/tencentBlock/v2/100K/tencentBlock_2887.oracleGeneral.zst
tencentBlock_v2_100K	https://ftp.pdl.cmu.edu/pub/datasets/twemcacheWorkload/cacheDatasets/tencentBlock/v2/100K/tencentBlock_2902.oracleGeneral.zst
tencentBlock_v2_100K	https://ftp.pdl.cmu.edu/pub/datasets/twemcacheWorkload/cacheDatasets/tencentBlock/v2/100K/tencentBlock_2919.oracleGeneral.zst
tencentBlock_v2_100K	https://ftp.pdl.cmu.edu/pub/datasets/twemcacheWorkload/cacheDatasets/tencentBlock/v2/100K/tencentBlock_2925.oracleGeneral.zst
tencentBlock_v2_100K	https://ftp.pdl.cmu.edu/pub/datasets/twemcacheWorkload/cacheDatasets/tencentBlock/v2/100K/tencentBlock_2929.oracleGeneral.zst
tencentBlock_v2_100K	https://ftp.pdl.cmu.edu/pub/datasets/twemcacheWorkload/cacheDatasets/tencentBlock/v2/100K/tencentBlock_2931.oracleGeneral.zst
tencentBlock_v2_100K	https://ftp.pdl.cmu.edu/pub/datasets/twemcacheWorkload/cacheDatasets/tencentBlock/v2/100K/tencentBlock_2960.oracleGeneral.zst
tencentBlock_v2_100K	https://ftp.pdl.cmu.edu/pub/datasets/twemcacheWorkload/cacheDatasets/tencentBlock/v2/100K/tencentBlock_2995.oracleGeneral.zst
tencentBlock_v2_100K	https://ftp.pdl.cmu.edu/pub/datasets/twemcacheWorkload/cacheDatasets/tencentBlock/v2/100K/tencentBlock_3003.oracleGeneral.zst
tencentBlock_v2_100K	https://ftp.pdl.cmu.edu/pub/datasets/twemcacheWorkload/cacheDatasets/tencentBlock/v2/100K/tencentBlock_3005.oracleGeneral.zst
tencentBlock_v2_100K	https://ftp.pdl.cmu.edu/pub/datasets/twemcacheWorkload/cacheDatasets/tencentBlock/v2/100K/tencentBlock_3024.oracleGeneral.zst
tencentBlock_v2_100K	https://ftp.pdl.cmu.edu/pub/datasets/twemcacheWorkload/cacheDatasets/tencentBlock/v2/100K/tencentBlock_3035.oracleGeneral.zst
tencentBlock_v2_100K	https://ftp.pdl.cmu.edu/pub/datasets/twemcacheWorkload/cacheDatasets/tencentBlock/v2/100K/tencentBlock_3048.oracleGeneral.zst
tencentBlock_v2_100K	https://ftp.pdl.cmu.edu/pub/datasets/twemcacheWorkload/cacheDatasets/tencentBlock/v2/100K/tencentBlock_3077.oracleGeneral.zst
tencentBlock_v2_100K	https://ftp.pdl.cmu.edu/pub/datasets/twemcacheWorkload/cacheDatasets/tencentBlock/v2/100K/tencentBlock_3083.oracleGeneral.zst
tencentBlock_v2_100K	https://ftp.pdl.cmu.edu/pub/datasets/twemcacheWorkload/cacheDatasets/tencentBlock/v2/100K/tencentBlock_3122.oracleGeneral.zst
tencentBlock_v2_100K	https://ftp.pdl.cmu.edu/pub/datasets/twemcacheWorkload/cacheDatasets/tencentBlock/v2/100K/tencentBlock_3128.oracleGeneral.zst
tencentBlock_v2_100K	https://ftp.pdl.cmu.edu/pub/datasets/twemcacheWorkload/cacheDatasets/tencentBlock/v2/100K/tencentBlock_3161.oracleGeneral.zst
tencentBlock_v2_100K	https://ftp.pdl.cmu.edu/pub/datasets/twemcacheWorkload/cacheDatasets/tencentBlock/v2/100K/tencentBlock_3162.oracleGeneral.zst
tencentBlock_v2_100K	https://ftp.pdl.cmu.edu/pub/datasets/twemcacheWorkload/cacheDatasets/tencentBlock/v2/100K/tencentBlock_3171.oracleGeneral.zst
tencentBlock_v2_100K	https://ftp.pdl.cmu.edu/pub/datasets/twemcacheWorkload/cacheDatasets/tencentBlock/v2/100K/tencentBlock_3229.oracleGeneral.zst
tencentBlock_v2_100K	https://ftp.pdl.cmu.edu/pub/datasets/twemcacheWorkload/cacheDatasets/tencentBlock/v2/100K/tencentBlock_3238.oracleGeneral.zst
tencentBlock_v2_100K	https://ftp.pdl.cmu.edu/pub/datasets/twemcacheWorkload/cacheDatasets/tencentBlock/v2/100K/tencentBlock_3261.oracleGeneral.zst
tencentBlock_v2_100K	https://ftp.pdl.cmu.edu/pub/datasets/twemcacheWorkload/cacheDatasets/tencentBlock/v2/100K/tencentBlock_3268.oracleGeneral.zst
tencentBlock_v2_100K	https://ftp.pdl.cmu.edu/pub/datasets/twemcacheWorkload/cacheDatasets/tencentBlock/v2/100K/tencentBlock_3276.oracleGeneral.zst
tencentBlock_v2_100K	https://ftp.pdl.cmu.edu/pub/datasets/twemcacheWorkload/cacheDatasets/tencentBlock/v2/100K/tencentBlock_3286.oracleGeneral.zst
tencentBlock_v2_100K	https://ftp.pdl.cmu.edu/pub/datasets/twemcacheWorkload/cacheDatasets/tencentBlock/v2/100K/tencentBlock_3291.oracleGeneral.zst
tencentBlock_v2_100K	https://ftp.pdl.cmu.edu/pub/datasets/twemcacheWorkload/cacheDatasets/tencentBlock/v2/100K/tencentBlock_3338.oracleGeneral.zst
tencentBlock_v2_100K	https://ftp.pdl.cmu.edu/pub/datasets/twemcacheWorkload/cacheDatasets/tencentBlock/v2/100K/tencentBlock_3410.oracleGeneral.zst
tencentBlock_v2_100K	https://ftp.pdl.cmu.edu/pub/datasets/twemcacheWorkload/cacheDatasets/tencentBlock/v2/100K/tencentBlock_3418.oracleGeneral.zst
tencentBlock_v2_100K	https://ftp.pdl.cmu.edu/pub/datasets/twemcacheWorkload/cacheDatasets/tencentBlock/v2/100K/tencentBlock_3426.oracleGeneral.zst
tencentBlock_v2_100K	https://ftp.pdl.cmu.edu/pub/datasets/twemcacheWorkload/cacheDatasets/tencentBlock/v2/100K/tencentBlock_3444.oracleGeneral.zst
tencentBlock_v2_100K	https://ftp.pdl.cmu.edu/pub/datasets/twemcacheWorkload/cacheDatasets/tencentBlock/v2/100K/tencentBlock_3449.oracleGeneral.zst
tencentBlock_v2_100K	https://ftp.pdl.cmu.edu/pub/datasets/twemcacheWorkload/cacheDatasets/tencentBlock/v2/100K/tencentBlock_3499.oracleGeneral.zst
tencentBlock_v2_100K	https://ftp.pdl.cmu.edu/pub/datasets/twemcacheWorkload/cacheDatasets/tencentBlock/v2/100K/tencentBlock_3520.oracleGeneral.zst
tencentBlock_v2_100K	https://ftp.pdl.cmu.edu/pub/datasets/twemcacheWorkload/cacheDatasets/tencentBlock/v2/100K/tencentBlock_3525.oracleGeneral.zst
tencentBlock_v2_100K	https://ftp.pdl.cmu.edu/pub/datasets/twemcacheWorkload/cacheDatasets/tencentBlock/v2/100K/tencentBlock_3600.oracleGeneral.zst
tencentBlock_v2_100K	https://ftp.pdl.cmu.edu/pub/datasets/twemcacheWorkload/cacheDatasets/tencentBlock/v2/100K/tencentBlock_3613.oracleGeneral.zst
tencentBlock_v2_100K	https://ftp.pdl.cmu.edu/pub/datasets/twemcacheWorkload/cacheDatasets/tencentBlock/v2/100K/tencentBlock_3635.oracleGeneral.zst
tencentBlock_v2_100K	https://ftp.pdl.cmu.edu/pub/datasets/twemcacheWorkload/cacheDatasets/tencentBlock/v2/100K/tencentBlock_3642.oracleGeneral.zst
tencentBlock_v2_100K	https://ftp.pdl.cmu.edu/pub/datasets/twemcacheWorkload/cacheDatasets/tencentBlock/v2/100K/tencentBlock_3662.oracleGeneral.zst
tencentBlock_v2_100K	https://ftp.pdl.cmu.edu/pub/datasets/twemcacheWorkload/cacheDatasets/tencentBlock/v2/100K/tencentBlock_3714.oracleGeneral.zst
tencentBlock_v2_100K	https://ftp.pdl.cmu.edu/pub/datasets/twemcacheWorkload/cacheDatasets/tencentBlock/v2/100K/tencentBlock_3736.oracleGeneral.zst
tencentBlock_v2_100K	https://ftp.pdl.cmu.edu/pub/datasets/twemcacheWorkload/cacheDatasets/tencentBlock/v2/100K/tencentBlock_3739.oracleGeneral.zst
tencentBlock_v2_100K	https://ftp.pdl.cmu.edu/pub/datasets/twemcacheWorkload/cacheDatasets/tencentBlock/v2/100K/tencentBlock_3747.oracleGeneral.zst
tencentBlock_v2_100K	https://ftp.pdl.cmu.edu/pub/datasets/twemcacheWorkload/cacheDatasets/tencentBlock/v2/100K/tencentBlock_3754.oracleGeneral.zst
tencentBlock_v2_100K	https://ftp.pdl.cmu.edu/pub/datasets/twemcacheWorkload/cacheDatasets/tencentBlock/v2/100K/tencentBlock_3766.oracleGeneral.zst
tencentBlock_v2_100K	https://ftp.pdl.cmu.edu/pub/datasets/twemcacheWorkload/cacheDatasets/tencentBlock/v2/100K/tencentBlock_3817.oracleGeneral.zst
tencentBlock_v2_100K	https://ftp.pdl.cmu.edu/pub/datasets/twemcacheWorkload/cacheDatasets/tencentBlock/v2/100K/tencentBlock_3825.oracleGeneral.zst
tencentBlock_v2_100K	https://ftp.pdl.cmu.edu/pub/datasets/twemcacheWorkload/cacheDatasets/tencentBlock/v2/100K/tencentBlock_3837.oracleGeneral.zst
tencentBlock_v2_100K	https://ftp.pdl.cmu.edu/pub/datasets/twemcacheWorkload/cacheDatasets/tencentBlock/v2/100K/tencentBlock_3850.oracleGeneral.zst
tencentBlock_v2_100K	https://ftp.pdl.cmu.edu/pub/datasets/twemcacheWorkload/cacheDatasets/tencentBlock/v2/100K/tencentBlock_3865.oracleGeneral.zst
tencentBlock_v2_100K	https://ftp.pdl.cmu.edu/pub/datasets/twemcacheWorkload/cacheDatasets/tencentBlock/v2/100K/tencentBlock_3874.oracleGeneral.zst
tencentBlock_v2_100K	https://ftp.pdl.cmu.edu/pub/datasets/twemcacheWorkload/cacheDatasets/tencentBlock/v2/100K/tencentBlock_3887.oracleGeneral.zst
tencentBlock_v2_100K	https://ftp.pdl.cmu.edu/pub/datasets/twemcacheWorkload/cacheDatasets/tencentBlock/v2/100K/tencentBlock_3894.oracleGeneral.zst
tencentBlock_v2_100K	https://ftp.pdl.cmu.edu/pub/datasets/twemcacheWorkload/cacheDatasets/tencentBlock/v2/100K/tencentBlock_3897.oracleGeneral.zst
tencentBlock_v2_100K	https://ftp.pdl.cmu.edu/pub/datasets/twemcacheWorkload/cacheDatasets/tencentBlock/v2/100K/tencentBlock_3913.oracleGeneral.zst
tencentBlock_v2_100K	https://ftp.pdl.cmu.edu/pub/datasets/twemcacheWorkload/cacheDatasets/tencentBlock/v2/100K/tencentBlock_3932.oracleGeneral.zst
tencentBlock_v2_100K	https://ftp.pdl.cmu.edu/pub/datasets/twemcacheWorkload/cacheDatasets/tencentBlock/v2/100K/tencentBlock_3986.oracleGeneral.zst
tencentBlock_v2_100K	https://ftp.pdl.cmu.edu/pub/datasets/twemcacheWorkload/cacheDatasets/tencentBlock/v2/100K/tencentBlock_4049.oracleGeneral.zst
tencentBlock_v2_100K	https://ftp.pdl.cmu.edu/pub/datasets/twemcacheWorkload/cacheDatasets/tencentBlock/v2/100K/tencentBlock_4052.oracleGeneral.zst
tencentBlock_v2_100K	https://ftp.pdl.cmu.edu/pub/datasets/twemcacheWorkload/cacheDatasets/tencentBlock/v2/100K/tencentBlock_4058.oracleGeneral.zst
tencentBlock_v2_100K	https://ftp.pdl.cmu.edu/pub/datasets/twemcacheWorkload/cacheDatasets/tencentBlock/v2/100K/tencentBlock_4131.oracleGeneral.zst
tencentBlock_v2_100K	https://ftp.pdl.cmu.edu/pub/datasets/twemcacheWorkload/cacheDatasets/tencentBlock/v2/100K/tencentBlock_4139.oracleGeneral.zst
tencentBlock_v2_100K	https://ftp.pdl.cmu.edu/pub/datasets/twemcacheWorkload/cacheDatasets/tencentBlock/v2/100K/tencentBlock_4151.oracleGeneral.zst
tencentBlock_v2_100K	https://ftp.pdl.cmu.edu/pub/datasets/twemcacheWorkload/cacheDatasets/tencentBlock/v2/100K/tencentBlock_4170.oracleGeneral.zst
tencentBlock_v2_100K	https://ftp.pdl.cmu.edu/pub/datasets/twemcacheWorkload/cacheDatasets/tencentBlock/v2/100K/tencentBlock_4183.oracleGeneral.zst
tencentBlock_v2_100K	https://ftp.pdl.cmu.edu/pub/datasets/twemcacheWorkload/cacheDatasets/tencentBlock/v2/100K/tencentBlock_4268.oracleGeneral.zst
tencentBlock_v2_100K	https://ftp.pdl.cmu.edu/pub/datasets/twemcacheWorkload/cacheDatasets/tencentBlock/v2/100K/tencentBlock_4269.oracleGeneral.zst
tencentBlock_v2_100K	https://ftp.pdl.cmu.edu/pub/datasets/twemcacheWorkload/cacheDatasets/tencentBlock/v2/100K/tencentBlock_4279.oracleGeneral.zst
tencentBlock_v2_100K	https://ftp.pdl.cmu.edu/pub/datasets/twemcacheWorkload/cacheDatasets/tencentBlock/v2/100K/tencentBlock_4285.oracleGeneral.zst
tencentBlock_v2_100K	https://ftp.pdl.cmu.edu/pub/datasets/twemcacheWorkload/cacheDatasets/tencentBlock/v2/100K/tencentBlock_4339.oracleGeneral.zst
tencentBlock_v2_100K	https://ftp.pdl.cmu.edu/pub/datasets/twemcacheWorkload/cacheDatasets/tencentBlock/v2/100K/tencentBlock_4382.oracleGeneral.zst
tencentBlock_v2_100K	https://ftp.pdl.cmu.edu/pub/datasets/twemcacheWorkload/cacheDatasets/tencentBlock/v2/100K/tencentBlock_4399.oracleGeneral.zst
tencentBlock_v2_100K	https://ftp.pdl.cmu.edu/pub/datasets/twemcacheWorkload/cacheDatasets/tencentBlock/v2/100K/tencentBlock_4419.oracleGeneral.zst
tencentBlock_v2_100K	https://ftp.pdl.cmu.edu/pub/datasets/twemcacheWorkload/cacheDatasets/tencentBlock/v2/100K/tencentBlock_4432.oracleGeneral.zst
tencentBlock_v2_100K	https://ftp.pdl.cmu.edu/pub/datasets/twemcacheWorkload/cacheDatasets/tencentBlock/v2/100K/tencentBlock_4434.oracleGeneral.zst
tencentBlock_v2_100K	https://ftp.pdl.cmu.edu/pub/datasets/twemcacheWorkload/cacheDatasets/tencentBlock/v2/100K/tencentBlock_4453.oracleGeneral.zst
tencentBlock_v2_100K	https://ftp.pdl.cmu.edu/pub/datasets/twemcacheWorkload/cacheDatasets/tencentBlock/v2/100K/tencentBlock_4475.oracleGeneral.zst
tencentBlock_v2_100K	https://ftp.pdl.cmu.edu/pub/datasets/twemcacheWorkload/cacheDatasets/tencentBlock/v2/100K/tencentBlock_4484.oracleGeneral.zst
tencentBlock_v2_100K	https://ftp.pdl.cmu.edu/pub/datasets/twemcacheWorkload/cacheDatasets/tencentBlock/v2/100K/tencentBlock_4487.oracleGeneral.zst
tencentBlock_v2_100K	https://ftp.pdl.cmu.edu/pub/datasets/twemcacheWorkload/cacheDatasets/tencentBlock/v2/100K/tencentBlock_4501.oracleGeneral.zst
tencentBlock_v2_100K	https://ftp.pdl.cmu.edu/pub/datasets/twemcacheWorkload/cacheDatasets/tencentBlock/v2/100K/tencentBlock_4532.oracleGeneral.zst
tencentBlock_v2_100K	https://ftp.pdl.cmu.edu/pub/datasets/twemcacheWorkload/cacheDatasets/tencentBlock/v2/100K/tencentBlock_4545.oracleGeneral.zst
tencentBlock_v2_100K	https://ftp.pdl.cmu.edu/pub/datasets/twemcacheWorkload/cacheDatasets/tencentBlock/v2/100K/tencentBlock_4546.oracleGeneral.zst
tencentBlock_v2_100K	https://ftp.pdl.cmu.edu/pub/datasets/twemcacheWorkload/cacheDatasets/tencentBlock/v2/100K/tencentBlock_4550.oracleGeneral.zst
tencentBlock_v2_100K	https://ftp.pdl.cmu.edu/pub/datasets/twemcacheWorkload/cacheDatasets/tencentBlock/v2/100K/tencentBlock_4600.oracleGeneral.zst
tencentBlock_v2_100K	https://ftp.pdl.cmu.edu/pub/datasets/twemcacheWorkload/cacheDatasets/tencentBlock/v2/100K/tencentBlock_4619.oracleGeneral.zst
tencentBlock_v2_100K	https://ftp.pdl.cmu.edu/pub/datasets/twemcacheWorkload/cacheDatasets/tencentBlock/v2/100K/tencentBlock_4663.oracleGeneral.zst
tencentBlock_v2_100K	https://ftp.pdl.cmu.edu/pub/datasets/twemcacheWorkload/cacheDatasets/tencentBlock/v2/100K/tencentBlock_4675.oracleGeneral.zst
tencentBlock_v2_100K	https://ftp.pdl.cmu.edu/pub/datasets/twemcacheWorkload/cacheDatasets/tencentBlock/v2/100K/tencentBlock_4688.oracleGeneral.zst
tencentBlock_v2_100K	https://ftp.pdl.cmu.edu/pub/datasets/twemcacheWorkload/cacheDatasets/tencentBlock/v2/100K/tencentBlock_4699.oracleGeneral.zst
tencentBlock_v2_100K	https://ftp.pdl.cmu.edu/pub/datasets/twemcacheWorkload/cacheDatasets/tencentBlock/v2/100K/tencentBlock_4713.oracleGeneral.zst
tencentBlock_v2_100K	https://ftp.pdl.cmu.edu/pub/datasets/twemcacheWorkload/cacheDatasets/tencentBlock/v2/100K/tencentBlock_4716.oracleGeneral.zst
tencentBlock_v2_100K	https://ftp.pdl.cmu.edu/pub/datasets/twemcacheWorkload/cacheDatasets/tencentBlock/v2/100K/tencentBlock_4794.oracleGeneral.zst
tencentBlock_v2_100K	https://ftp.pdl.cmu.edu/pub/datasets/twemcacheWorkload/cacheDatasets/tencentBlock/v2/100K/tencentBlock_4821.oracleGeneral.zst
tencentBlock_v2_100K	https://ftp.pdl.cmu.edu/pub/datasets/twemcacheWorkload/cacheDatasets/tencentBlock/v2/100K/tencentBlock_4862.oracleGeneral.zst
tencentBlock_v2_100K	https://ftp.pdl.cmu.edu/pub/datasets/twemcacheWorkload/cacheDatasets/tencentBlock/v2/100K/tencentBlock_4882.oracleGeneral.zst
tencentBlock_v2_100K	https://ftp.pdl.cmu.edu/pub/datasets/twemcacheWorkload/cacheDatasets/tencentBlock/v2/100K/tencentBlock_4908.oracleGeneral.zst
tencentBlock_v2_100K	https://ftp.pdl.cmu.edu/pub/datasets/twemcacheWorkload/cacheDatasets/tencentBlock/v2/100K/tencentBlock_4915.oracleGeneral.zst
tencentBlock_v2_100K	https://ftp.pdl.cmu.edu/pub/datasets/twemcacheWorkload/cacheDatasets/tencentBlock/v2/100K/tencentBlock_4941.oracleGeneral.zst
tencentBlock_v2_100K	https://ftp.pdl.cmu.edu/pub/datasets/twemcacheWorkload/cacheDatasets/tencentBlock/v2/100K/tencentBlock_4964.oracleGeneral.zst
tencentBlock_v2_100K	https://ftp.pdl.cmu.edu/pub/datasets/twemcacheWorkload/cacheDatasets/tencentBlock/v2/100K/tencentBlock_4971.oracleGeneral.zst
tencentBlock_v2_100K	https://ftp.pdl.cmu.edu/pub/datasets/twemcacheWorkload/cacheDatasets/tencentBlock/v2/100K/tencentBlock_4994.oracleGeneral.zst
tencentBlock_v2_100K	https://ftp.pdl.cmu.edu/pub/datasets/twemcacheWorkload/cacheDatasets/tencentBlock/v2/100K/tencentBlock_4998.oracleGeneral.zst
tencentBlock_v2_100K	https://ftp.pdl.cmu.edu/pub/datasets/twemcacheWorkload/cacheDatasets/tencentBlock/v2/100K/tencentBlock_5009.oracleGeneral.zst
tencentBlock_v2_100K	https://ftp.pdl.cmu.edu/pub/datasets/twemcacheWorkload/cacheDatasets/tencentBlock/v2/100K/tencentBlock_5029.oracleGeneral.zst
tencentBlock_v2_100K	https://ftp.pdl.cmu.edu/pub/datasets/twemcacheWorkload/cacheDatasets/tencentBlock/v2/100K/tencentBlock_5060.oracleGeneral.zst
tencentBlock_v2_100K	https://ftp.pdl.cmu.edu/pub/datasets/twemcacheWorkload/cacheDatasets/tencentBlock/v2/100K/tencentBlock_5094.oracleGeneral.zst
tencentBlock_v2_100K	https://ftp.pdl.cmu.edu/pub/datasets/twemcacheWorkload/cacheDatasets/tencentBlock/v2/100K/tencentBlock_5106.oracleGeneral.zst
tencentBlock_v2_100K	https://ftp.pdl.cmu.edu/pub/datasets/twemcacheWorkload/cacheDatasets/tencentBlock/v2/100K/tencentBlock_5118.oracleGeneral.zst
tencentBlock_v2_100K	https://ftp.pdl.cmu.edu/pub/datasets/twemcacheWorkload/cacheDatasets/tencentBlock/v2/100K/tencentBlock_5127.oracleGeneral.zst
tencentBlock_v2_100K	https://ftp.pdl.cmu.edu/pub/datasets/twemcacheWorkload/cacheDatasets/tencentBlock/v2/100K/tencentBlock_5139.oracleGeneral.zst
tencentBlock_v2_100K	https://ftp.pdl.cmu.edu/pub/datasets/twemcacheWorkload/cacheDatasets/tencentBlock/v2/100K/tencentBlock_5140.oracleGeneral.zst
tencentBlock_v2_100K	https://ftp.pdl.cmu.edu/pub/datasets/twemcacheWorkload/cacheDatasets/tencentBlock/v2/100K/tencentBlock_5263.oracleGeneral.zst
tencentBlock_v2_100K	https://ftp.pdl.cmu.edu/pub/datasets/twemcacheWorkload/cacheDatasets/tencentBlock/v2/100K/tencentBlock_5276.oracleGeneral.zst
tencentBlock_v2_100K	https://ftp.pdl.cmu.edu/pub/datasets/twemcacheWorkload/cacheDatasets/tencentBlock/v2/100K/tencentBlock_5293.oracleGeneral.zst
tencentBlock_v2_100K	https://ftp.pdl.cmu.edu/pub/datasets/twemcacheWorkload/cacheDatasets/tencentBlock/v2/100K/tencentBlock_5301.oracleGeneral.zst
tencentBlock_v2_100K	https://ftp.pdl.cmu.edu/pub/datasets/twemcacheWorkload/cacheDatasets/tencentBlock/v2/100K/tencentBlock_5310.oracleGeneral.zst
tencentBlock_v2_100K	https://ftp.pdl.cmu.edu/pub/datasets/twemcacheWorkload/cacheDatasets/tencentBlock/v2/100K/tencentBlock_5316.oracleGeneral.zst
tencentBlock_v2_100K	https://ftp.pdl.cmu.edu/pub/datasets/twemcacheWorkload/cacheDatasets/tencentBlock/v2/100K/tencentBlock_5318.oracleGeneral.zst
tencentBlock_v2_100K	https://ftp.pdl.cmu.edu/pub/datasets/twemcacheWorkload/cacheDatasets/tencentBlock/v2/100K/tencentBlock_5396.oracleGeneral.zst
tencentBlock_v2_100K	https://ftp.pdl.cmu.edu/pub/datasets/twemcacheWorkload/cacheDatasets/tencentBlock/v2/100K/tencentBlock_5402.oracleGeneral.zst
tencentBlock_v2_100K	https://ftp.pdl.cmu.edu/pub/datasets/twemcacheWorkload/cacheDatasets/tencentBlock/v2/100K/tencentBlock_5410.oracleGeneral.zst
tencentBlock_v2_100K	https://ftp.pdl.cmu.edu/pub/datasets/twemcacheWorkload/cacheDatasets/tencentBlock/v2/100K/tencentBlock_5431.oracleGeneral.zst
tencentBlock_v2_100K	https://ftp.pdl.cmu.edu/pub/datasets/twemcacheWorkload/cacheDatasets/tencentBlock/v2/100K/tencentBlock_5432.oracleGeneral.zst
tencentBlock_v2_100K	https://ftp.pdl.cmu.edu/pub/datasets/twemcacheWorkload/cacheDatasets/tencentBlock/v2/100K/tencentBlock_5442.oracleGeneral.zst
tencentBlock_v2_100K	https://ftp.pdl.cmu.edu/pub/datasets/twemcacheWorkload/cacheDatasets/tencentBlock/v2/100K/tencentBlock_5464.oracleGeneral.zst
tencentBlock_v2_100K	https://ftp.pdl.cmu.edu/pub/datasets/twemcacheWorkload/cacheDatasets/tencentBlock/v2/100K/tencentBlock_5470.oracleGeneral.zst
tencentBlock_v2_100K	https://ftp.pdl.cmu.edu/pub/datasets/twemcacheWorkload/cacheDatasets/tencentBlock/v2/100K/tencentBlock_5472.oracleGeneral.zst
tencentBlock_v2_100K	https://ftp.pdl.cmu.edu/pub/datasets/twemcacheWorkload/cacheDatasets/tencentBlock/v2/100K/tencentBlock_5506.oracleGeneral.zst
tencentBlock_v2_100K	https://ftp.pdl.cmu.edu/pub/datasets/twemcacheWorkload/cacheDatasets/tencentBlock/v2/100K/tencentBlock_5512.oracleGeneral.zst
tencentBlock_v2_100K	https://ftp.pdl.cmu.edu/pub/datasets/twemcacheWorkload/cacheDatasets/tencentBlock/v2/100K/tencentBlock_5531.oracleGeneral.zst
tencentBlock_v2_100K	https://ftp.pdl.cmu.edu/pub/datasets/twemcacheWorkload/cacheDatasets/tencentBlock/v2/100K/tencentBlock_5552.oracleGeneral.zst
tencentBlock_v2_100K	https://ftp.pdl.cmu.edu/pub/datasets/twemcacheWorkload/cacheDatasets/tencentBlock/v2/100K/tencentBlock_5570.oracleGeneral.zst
tencentBlock_v2_100K	https://ftp.pdl.cmu.edu/pub/datasets/twemcacheWorkload/cacheDatasets/tencentBlock/v2/100K/tencentBlock_5578.oracleGeneral.zst
tencentBlock_v2_100K	https://ftp.pdl.cmu.edu/pub/datasets/twemcacheWorkload/cacheDatasets/tencentBlock/v2/100K/tencentBlock_5585.oracleGeneral.zst
tencentBlock_v2_100K	https://ftp.pdl.cmu.edu/pub/datasets/twemcacheWorkload/cacheDatasets/tencentBlock/v2/100K/tencentBlock_5589.oracleGeneral.zst
tencentBlock_v2_100K	https://ftp.pdl.cmu.edu/pub/datasets/twemcacheWorkload/cacheDatasets/tencentBlock/v2/100K/tencentBlock_5600.oracleGeneral.zst
tencentBlock_v2_100K	https://ftp.pdl.cmu.edu/pub/datasets/twemcacheWorkload/cacheDatasets/tencentBlock/v2/100K/tencentBlock_5647.oracleGeneral.zst
tencentBlock_v2_100K	https://ftp.pdl.cmu.edu/pub/datasets/twemcacheWorkload/cacheDatasets/tencentBlock/v2/100K/tencentBlock_5652.oracleGeneral.zst
tencentBlock_v2_100K	https://ftp.pdl.cmu.edu/pub/datasets/twemcacheWorkload/cacheDatasets/tencentBlock/v2/100K/tencentBlock_5659.oracleGeneral.zst
tencentBlock_v2_100K	https://ftp.pdl.cmu.edu/pub/datasets/twemcacheWorkload/cacheDatasets/tencentBlock/v2/100K/tencentBlock_5695.oracleGeneral.zst
tencentBlock_v2_100K	https://ftp.pdl.cmu.edu/pub/datasets/twemcacheWorkload/cacheDatasets/tencentBlock/v2/100K/tencentBlock_5735.oracleGeneral.zst
tencentBlock_v2_100K	https://ftp.pdl.cmu.edu/pub/datasets/twemcacheWorkload/cacheDatasets/tencentBlock/v2/100K/tencentBlock_5777.oracleGeneral.zst
tencentBlock_v2_100K	https://ftp.pdl.cmu.edu/pub/datasets/twemcacheWorkload/cacheDatasets/tencentBlock/v2/100K/tencentBlock_5793.oracleGeneral.zst
tencentBlock_v2_100K	https://ftp.pdl.cmu.edu/pub/datasets/twemcacheWorkload/cacheDatasets/tencentBlock/v2/100K/tencentBlock_5840.oracleGeneral.zst
tencentBlock_v2_100K	https://ftp.pdl.cmu.edu/pub/datasets/twemcacheWorkload/cacheDatasets/tencentBlock/v2/100K/tencentBlock_5867.oracleGeneral.zst
tencentBlock_v2_100K	https://ftp.pdl.cmu.edu/pub/datasets/twemcacheWorkload/cacheDatasets/tencentBlock/v2/100K/tencentBlock_5883.oracleGeneral.zst
tencentBlock_v2_100K	https://ftp.pdl.cmu.edu/pub/datasets/twemcacheWorkload/cacheDatasets/tencentBlock/v2/100K/tencentBlock_5904.oracleGeneral.zst
tencentBlock_v2_100K	https://ftp.pdl.cmu.edu/pub/datasets/twemcacheWorkload/cacheDatasets/tencentBlock/v2/100K/tencentBlock_5936.oracleGeneral.zst
tencentBlock_v2_100K	https://ftp.pdl.cmu.edu/pub/datasets/twemcacheWorkload/cacheDatasets/tencentBlock/v2/100K/tencentBlock_5943.oracleGeneral.zst
tencentBlock_v2_100K	https://ftp.pdl.cmu.edu/pub/datasets/twemcacheWorkload/cacheDatasets/tencentBlock/v2/100K/tencentBlock_5951.oracleGeneral.zst
tencentBlock_v2_100K	https://ftp.pdl.cmu.edu/pub/datasets/twemcacheWorkload/cacheDatasets/tencentBlock/v2/100K/tencentBlock_5952.oracleGeneral.zst
tencentBlock_v2_100K	https://ftp.pdl.cmu.edu/pub/datasets/twemcacheWorkload/cacheDatasets/tencentBlock/v2/100K/tencentBlock_5993.oracleGeneral.zst
tencentBlock_v2_100K	https://ftp.pdl.cmu.edu/pub/datasets/twemcacheWorkload/cacheDatasets/tencentBlock/v2/100K/tencentBlock_6002.oracleGeneral.zst
tencentBlock_v2_100K	https://ftp.pdl.cmu.edu/pub/datasets/twemcacheWorkload/cacheDatasets/tencentBlock/v2/100K/tencentBlock_6005.oracleGeneral.zst
tencentBlock_v2_100K	https://ftp.pdl.cmu.edu/pub/datasets/twemcacheWorkload/cacheDatasets/tencentBlock/v2/100K/tencentBlock_6006.oracleGeneral.zst
tencentBlock_v2_100K	https://ftp.pdl.cmu.edu/pub/datasets/twemcacheWorkload/cacheDatasets/tencentBlock/v2/100K/tencentBlock_6040.oracleGeneral.zst
tencentBlock_v2_100K	https://ftp.pdl.cmu.edu/pub/datasets/twemcacheWorkload/cacheDatasets/tencentBlock/v2/100K/tencentBlock_6077.oracleGeneral.zst
tencentBlock_v2_100K	https://ftp.pdl.cmu.edu/pub/datasets/twemcacheWorkload/cacheDatasets/tencentBlock/v2/100K/tencentBlock_6082.oracleGeneral.zst
tencentBlock_v2_100K	https://ftp.pdl.cmu.edu/pub/datasets/twemcacheWorkload/cacheDatasets/tencentBlock/v2/100K/tencentBlock_6083.oracleGeneral.zst
tencentBlock_v2_100K	https://ftp.pdl.cmu.edu/pub/datasets/twemcacheWorkload/cacheDatasets/tencentBlock/v2/100K/tencentBlock_6090.oracleGeneral.zst
tencentBlock_v2_100K	https://ftp.pdl.cmu.edu/pub/datasets/twemcacheWorkload/cacheDatasets/tencentBlock/v2/100K/tencentBlock_6118.oracleGeneral.zst
tencentBlock_v2_100K	https://ftp.pdl.cmu.edu/pub/datasets/twemcacheWorkload/cacheDatasets/tencentBlock/v2/100K/tencentBlock_6127.oracleGeneral.zst
tencentBlock_v2_100K	https://ftp.pdl.cmu.edu/pub/datasets/twemcacheWorkload/cacheDatasets/tencentBlock/v2/100K/tencentBlock_6171.oracleGeneral.zst
tencentBlock_v2_100K	https://ftp.pdl.cmu.edu/pub/datasets/twemcacheWorkload/cacheDatasets/tencentBlock/v2/100K/tencentBlock_6175.oracleGeneral.zst
tencentBlock_v2_100K	https://ftp.pdl.cmu.edu/pub/datasets/twemcacheWorkload/cacheDatasets/tencentBlock/v2/100K/tencentBlock_6197.oracleGeneral.zst
tencentBlock_v2_100K	https://ftp.pdl.cmu.edu/pub/datasets/twemcacheWorkload/cacheDatasets/tencentBlock/v2/100K/tencentBlock_6205.oracleGeneral.zst
tencentBlock_v2_100K	https://ftp.pdl.cmu.edu/pub/datasets/twemcacheWorkload/cacheDatasets/tencentBlock/v2/100K/tencentBlock_6215.oracleGeneral.zst
tencentBlock_v2_100K	https://ftp.pdl.cmu.edu/pub/datasets/twemcacheWorkload/cacheDatasets/tencentBlock/v2/100K/tencentBlock_6229.oracleGeneral.zst
tencentBlock_v2_100K	https://ftp.pdl.cmu.edu/pub/datasets/twemcacheWorkload/cacheDatasets/tencentBlock/v2/100K/tencentBlock_6247.oracleGeneral.zst
tencentBlock_v2_100K	https://ftp.pdl.cmu.edu/pub/datasets/twemcacheWorkload/cacheDatasets/tencentBlock/v2/100K/tencentBlock_6270.oracleGeneral.zst
tencentBlock_v2_100K	https://ftp.pdl.cmu.edu/pub/datasets/twemcacheWorkload/cacheDatasets/tencentBlock/v2/100K/tencentBlock_6277.oracleGeneral.zst
tencentBlock_v2_100K	https://ftp.pdl.cmu.edu/pub/datasets/twemcacheWorkload/cacheDatasets/tencentBlock/v2/100K/tencentBlock_6295.oracleGeneral.zst
tencentBlock_v2_100K	https://ftp.pdl.cmu.edu/pub/datasets/twemcacheWorkload/cacheDatasets/tencentBlock/v2/100K/tencentBlock_6305.oracleGeneral.zst
tencentBlock_v2_100K	https://ftp.pdl.cmu.edu/pub/datasets/twemcacheWorkload/cacheDatasets/tencentBlock/v2/100K/tencentBlock_6321.oracleGeneral.zst
tencentBlock_v2_100K	https://ftp.pdl.cmu.edu/pub/datasets/twemcacheWorkload/cacheDatasets/tencentBlock/v2/100K/tencentBlock_6323.oracleGeneral.zst
tencentBlock_v2_100K	https://ftp.pdl.cmu.edu/pub/datasets/twemcacheWorkload/cacheDatasets/tencentBlock/v2/100K/tencentBlock_6371.oracleGeneral.zst
tencentBlock_v2_100K	https://ftp.pdl.cmu.edu/pub/datasets/twemcacheWorkload/cacheDatasets/tencentBlock/v2/100K/tencentBlock_6408.oracleGeneral.zst
tencentBlock_v2_100K	https://ftp.pdl.cmu.edu/pub/datasets/twemcacheWorkload/cacheDatasets/tencentBlock/v2/100K/tencentBlock_6420.oracleGeneral.zst
tencentBlock_v2_100K	https://ftp.pdl.cmu.edu/pub/datasets/twemcacheWorkload/cacheDatasets/tencentBlock/v2/100K/tencentBlock_6429.oracleGeneral.zst
tencentBlock_v2_100K	https://ftp.pdl.cmu.edu/pub/datasets/twemcacheWorkload/cacheDatasets/tencentBlock/v2/100K/tencentBlock_6449.oracleGeneral.zst
tencentBlock_v2_100K	https://ftp.pdl.cmu.edu/pub/datasets/twemcacheWorkload/cacheDatasets/tencentBlock/v2/100K/tencentBlock_6497.oracleGeneral.zst
tencentBlock_v2_100K	https://ftp.pdl.cmu.edu/pub/datasets/twemcacheWorkload/cacheDatasets/tencentBlock/v2/100K/tencentBlock_6504.oracleGeneral.zst
tencentBlock_v2_100K	https://ftp.pdl.cmu.edu/pub/datasets/twemcacheWorkload/cacheDatasets/tencentBlock/v2/100K/tencentBlock_6529.oracleGeneral.zst
tencentBlock_v2_100K	https://ftp.pdl.cmu.edu/pub/datasets/twemcacheWorkload/cacheDatasets/tencentBlock/v2/100K/tencentBlock_6535.oracleGeneral.zst
tencentBlock_v2_100K	https://ftp.pdl.cmu.edu/pub/datasets/twemcacheWorkload/cacheDatasets/tencentBlock/v2/100K/tencentBlock_6565.oracleGeneral.zst
tencentBlock_v2_100K	https://ftp.pdl.cmu.edu/pub/datasets/twemcacheWorkload/cacheDatasets/tencentBlock/v2/100K/tencentBlock_6567.oracleGeneral.zst
tencentBlock_v2_100K	https://ftp.pdl.cmu.edu/pub/datasets/twemcacheWorkload/cacheDatasets/tencentBlock/v2/100K/tencentBlock_6575.oracleGeneral.zst
tencentBlock_v2_100K	https://ftp.pdl.cmu.edu/pub/datasets/twemcacheWorkload/cacheDatasets/tencentBlock/v2/100K/tencentBlock_6577.oracleGeneral.zst
tencentBlock_v2_100K	https://ftp.pdl.cmu.edu/pub/datasets/twemcacheWorkload/cacheDatasets/tencentBlock/v2/100K/tencentBlock_6578.oracleGeneral.zst
tencentBlock_v2_100K	https://ftp.pdl.cmu.edu/pub/datasets/twemcacheWorkload/cacheDatasets/tencentBlock/v2/100K/tencentBlock_6581.oracleGeneral.zst
tencentBlock_v2_100K	https://ftp.pdl.cmu.edu/pub/datasets/twemcacheWorkload/cacheDatasets/tencentBlock/v2/100K/tencentBlock_6616.oracleGeneral.zst
tencentBlock_v2_100K	https://ftp.pdl.cmu.edu/pub/datasets/twemcacheWorkload/cacheDatasets/tencentBlock/v2/100K/tencentBlock_6651.oracleGeneral.zst
tencentBlock_v2_100K	https://ftp.pdl.cmu.edu/pub/datasets/twemcacheWorkload/cacheDatasets/tencentBlock/v2/100K/tencentBlock_6656.oracleGeneral.zst
tencentBlock_v2_100K	https://ftp.pdl.cmu.edu/pub/datasets/twemcacheWorkload/cacheDatasets/tencentBlock/v2/100K/tencentBlock_6661.oracleGeneral.zst
tencentBlock_v2_100K	https://ftp.pdl.cmu.edu/pub/datasets/twemcacheWorkload/cacheDatasets/tencentBlock/v2/100K/tencentBlock_6672.oracleGeneral.zst
tencentBlock_v2_100K	https://ftp.pdl.cmu.edu/pub/datasets/twemcacheWorkload/cacheDatasets/tencentBlock/v2/100K/tencentBlock_6714.oracleGeneral.zst
tencentBlock_v2_100K	https://ftp.pdl.cmu.edu/pub/datasets/twemcacheWorkload/cacheDatasets/tencentBlock/v2/100K/tencentBlock_6720.oracleGeneral.zst
tencentBlock_v2_100K	https://ftp.pdl.cmu.edu/pub/datasets/twemcacheWorkload/cacheDatasets/tencentBlock/v2/100K/tencentBlock_6738.oracleGeneral.zst
tencentBlock_v2_100K	https://ftp.pdl.cmu.edu/pub/datasets/twemcacheWorkload/cacheDatasets/tencentBlock/v2/100K/tencentBlock_6743.oracleGeneral.zst
tencentBlock_v2_100K	https://ftp.pdl.cmu.edu/pub/datasets/twemcacheWorkload/cacheDatasets/tencentBlock/v2/100K/tencentBlock_6751.oracleGeneral.zst
tencentBlock_v2_100K	https://ftp.pdl.cmu.edu/pub/datasets/twemcacheWorkload/cacheDatasets/tencentBlock/v2/100K/tencentBlock_6753.oracleGeneral.zst
tencentBlock_v2_100K	https://ftp.pdl.cmu.edu/pub/datasets/twemcacheWorkload/cacheDatasets/tencentBlock/v2/100K/tencentBlock_6758.oracleGeneral.zst
tencentBlock_v2_100K	https://ftp.pdl.cmu.edu/pub/datasets/twemcacheWorkload/cacheDatasets/tencentBlock/v2/100K/tencentBlock_6774.oracleGeneral.zst
tencentBlock_v2_100K	https://ftp.pdl.cmu.edu/pub/datasets/twemcacheWorkload/cacheDatasets/tencentBlock/v2/100K/tencentBlock_6781.oracleGeneral.zst
tencentBlock_v2_100K	https://ftp.pdl.cmu.edu/pub/datasets/twemcacheWorkload/cacheDatasets/tencentBlock/v2/100K/tencentBlock_6788.oracleGeneral.zst
tencentBlock_v2_100K	https://ftp.pdl.cmu.edu/pub/datasets/twemcacheWorkload/cacheDatasets/tencentBlock/v2/100K/tencentBlock_6789.oracleGeneral.zst
tencentBlock_v2_100K	https://ftp.pdl.cmu.edu/pub/datasets/twemcacheWorkload/cacheDatasets/tencentBlock/v2/100K/tencentBlock_6841.oracleGeneral.zst
tencentBlock_v2_100K	https://ftp.pdl.cmu.edu/pub/datasets/twemcacheWorkload/cacheDatasets/tencentBlock/v2/100K/tencentBlock_6879.oracleGeneral.zst
tencentBlock_v2_100K	https://ftp.pdl.cmu.edu/pub/datasets/twemcacheWorkload/cacheDatasets/tencentBlock/v2/100K/tencentBlock_6900.oracleGeneral.zst
tencentBlock_v2_100K	https://ftp.pdl.cmu.edu/pub/datasets/twemcacheWorkload/cacheDatasets/tencentBlock/v2/100K/tencentBlock_6913.oracleGeneral.zst
tencentBlock_v2_100K	https://ftp.pdl.cmu.edu/pub/datasets/twemcacheWorkload/cacheDatasets/tencentBlock/v2/100K/tencentBlock_6934.oracleGeneral.zst
tencentBlock_v2_100K	https://ftp.pdl.cmu.edu/pub/datasets/twemcacheWorkload/cacheDatasets/tencentBlock/v2/100K/tencentBlock_6940.oracleGeneral.zst
tencentBlock_v2_100K	https://ftp.pdl.cmu.edu/pub/datasets/twemcacheWorkload/cacheDatasets/tencentBlock/v2/100K/tencentBlock_6962.oracleGeneral.zst
tencentBlock_v2_100K	https://ftp.pdl.cmu.edu/pub/datasets/twemcacheWorkload/cacheDatasets/tencentBlock/v2/100K/tencentBlock_6988.oracleGeneral.zst
tencentBlock_v2_100K	https://ftp.pdl.cmu.edu/pub/datasets/twemcacheWorkload/cacheDatasets/tencentBlock/v2/100K/tencentBlock_6997.oracleGeneral.zst
tencentBlock_v2_100K	https://ftp.pdl.cmu.edu/pub/datasets/twemcacheWorkload/cacheDatasets/tencentBlock/v2/100K/tencentBlock_7000.oracleGeneral.zst
tencentBlock_v2_100K	https://ftp.pdl.cmu.edu/pub/datasets/twemcacheWorkload/cacheDatasets/tencentBlock/v2/100K/tencentBlock_7038.oracleGeneral.zst
tencentBlock_v2_100K	https://ftp.pdl.cmu.edu/pub/datasets/twemcacheWorkload/cacheDatasets/tencentBlock/v2/100K/tencentBlock_7044.oracleGeneral.zst
tencentBlock_v2_100K	https://ftp.pdl.cmu.edu/pub/datasets/twemcacheWorkload/cacheDatasets/tencentBlock/v2/100K/tencentBlock_7046.oracleGeneral.zst
tencentBlock_v2_100K	https://ftp.pdl.cmu.edu/pub/datasets/twemcacheWorkload/cacheDatasets/tencentBlock/v2/100K/tencentBlock_7052.oracleGeneral.zst
tencentBlock_v2_100K	https://ftp.pdl.cmu.edu/pub/datasets/twemcacheWorkload/cacheDatasets/tencentBlock/v2/100K/tencentBlock_7057.oracleGeneral.zst
tencentBlock_v2_100K	https://ftp.pdl.cmu.edu/pub/datasets/twemcacheWorkload/cacheDatasets/tencentBlock/v2/100K/tencentBlock_7072.oracleGeneral.zst
tencentBlock_v2_100K	https://ftp.pdl.cmu.edu/pub/datasets/twemcacheWorkload/cacheDatasets/tencentBlock/v2/100K/tencentBlock_7125.oracleGeneral.zst
tencentBlock_v2_100K	https://ftp.pdl.cmu.edu/pub/datasets/twemcacheWorkload/cacheDatasets/tencentBlock/v2/100K/tencentBlock_7138.oracleGeneral.zst
tencentBlock_v2_100K	https://ftp.pdl.cmu.edu/pub/datasets/twemcacheWorkload/cacheDatasets/tencentBlock/v2/100K/tencentBlock_7140.oracleGeneral.zst
tencentBlock_v2_100K	https://ftp.pdl.cmu.edu/pub/datasets/twemcacheWorkload/cacheDatasets/tencentBlock/v2/100K/tencentBlock_7152.oracleGeneral.zst
tencentBlock_v2_100K	https://ftp.pdl.cmu.edu/pub/datasets/twemcacheWorkload/cacheDatasets/tencentBlock/v2/100K/tencentBlock_7177.oracleGeneral.zst
tencentBlock_v2_100K	https://ftp.pdl.cmu.edu/pub/datasets/twemcacheWorkload/cacheDatasets/tencentBlock/v2/100K/tencentBlock_7183.oracleGeneral.zst
tencentBlock_v2_100K	https://ftp.pdl.cmu.edu/pub/datasets/twemcacheWorkload/cacheDatasets/tencentBlock/v2/100K/tencentBlock_7201.oracleGeneral.zst
tencentBlock_v2_100K	https://ftp.pdl.cmu.edu/pub/datasets/twemcacheWorkload/cacheDatasets/tencentBlock/v2/100K/tencentBlock_7214.oracleGeneral.zst
tencentBlock_v2_100K	https://ftp.pdl.cmu.edu/pub/datasets/twemcacheWorkload/cacheDatasets/tencentBlock/v2/100K/tencentBlock_7215.oracleGeneral.zst
tencentBlock_v2_100K	https://ftp.pdl.cmu.edu/pub/datasets/twemcacheWorkload/cacheDatasets/tencentBlock/v2/100K/tencentBlock_7224.oracleGeneral.zst
tencentBlock_v2_100K	https://ftp.pdl.cmu.edu/pub/datasets/twemcacheWorkload/cacheDatasets/tencentBlock/v2/100K/tencentBlock_7232.oracleGeneral.zst
tencentBlock_v2_100K	https://ftp.pdl.cmu.edu/pub/datasets/twemcacheWorkload/cacheDatasets/tencentBlock/v2/100K/tencentBlock_7239.oracleGeneral.zst
tencentBlock_v2_100K	https://ftp.pdl.cmu.edu/pub/datasets/twemcacheWorkload/cacheDatasets/tencentBlock/v2/100K/tencentBlock_7258.oracleGeneral.zst
tencentBlock_v2_100K	https://ftp.pdl.cmu.edu/pub/datasets/twemcacheWorkload/cacheDatasets/tencentBlock/v2/100K/tencentBlock_7262.oracleGeneral.zst
tencentBlock_v2_100K	https://ftp.pdl.cmu.edu/pub/datasets/twemcacheWorkload/cacheDatasets/tencentBlock/v2/100K/tencentBlock_7275.oracleGeneral.zst
tencentBlock_v2_100K	https://ftp.pdl.cmu.edu/pub/datasets/twemcacheWorkload/cacheDatasets/tencentBlock/v2/100K/tencentBlock_7284.oracleGeneral.zst
tencentBlock_v2_100K	https://ftp.pdl.cmu.edu/pub/datasets/twemcacheWorkload/cacheDatasets/tencentBlock/v2/100K/tencentBlock_7305.oracleGeneral.zst
tencentBlock_v2_100K	https://ftp.pdl.cmu.edu/pub/datasets/twemcacheWorkload/cacheDatasets/tencentBlock/v2/100K/tencentBlock_7309.oracleGeneral.zst
tencentBlock_v2_100K	https://ftp.pdl.cmu.edu/pub/datasets/twemcacheWorkload/cacheDatasets/tencentBlock/v2/100K/tencentBlock_7312.oracleGeneral.zst
tencentBlock_v2_100K	https://ftp.pdl.cmu.edu/pub/datasets/twemcacheWorkload/cacheDatasets/tencentBlock/v2/100K/tencentBlock_7361.oracleGeneral.zst
tencentBlock_v2_100K	https://ftp.pdl.cmu.edu/pub/datasets/twemcacheWorkload/cacheDatasets/tencentBlock/v2/100K/tencentBlock_7367.oracleGeneral.zst
tencentBlock_v2_100K	https://ftp.pdl.cmu.edu/pub/datasets/twemcacheWorkload/cacheDatasets/tencentBlock/v2/100K/tencentBlock_7368.oracleGeneral.zst
tencentBlock_v2_100K	https://ftp.pdl.cmu.edu/pub/datasets/twemcacheWorkload/cacheDatasets/tencentBlock/v2/100K/tencentBlock_7417.oracleGeneral.zst
tencentBlock_v2_100K	https://ftp.pdl.cmu.edu/pub/datasets/twemcacheWorkload/cacheDatasets/tencentBlock/v2/100K/tencentBlock_7444.oracleGeneral.zst
tencentBlock_v2_100K	https://ftp.pdl.cmu.edu/pub/datasets/twemcacheWorkload/cacheDatasets/tencentBlock/v2/100K/tencentBlock_7478.oracleGeneral.zst
tencentBlock_v2_100K	https://ftp.pdl.cmu.edu/pub/datasets/twemcacheWorkload/cacheDatasets/tencentBlock/v2/100K/tencentBlock_7503.oracleGeneral.zst
tencentBlock_v2_100K	https://ftp.pdl.cmu.edu/pub/datasets/twemcacheWorkload/cacheDatasets/tencentBlock/v2/100K/tencentBlock_7535.oracleGeneral.zst
tencentBlock_v2_100K	https://ftp.pdl.cmu.edu/pub/datasets/twemcacheWorkload/cacheDatasets/tencentBlock/v2/100K/tencentBlock_7543.oracleGeneral.zst
tencentBlock_v2_100K	https://ftp.pdl.cmu.edu/pub/datasets/twemcacheWorkload/cacheDatasets/tencentBlock/v2/100K/tencentBlock_7552.oracleGeneral.zst
tencentBlock_v2_100K	https://ftp.pdl.cmu.edu/pub/datasets/twemcacheWorkload/cacheDatasets/tencentBlock/v2/100K/tencentBlock_7594.oracleGeneral.zst
tencentBlock_v2_100K	https://ftp.pdl.cmu.edu/pub/datasets/twemcacheWorkload/cacheDatasets/tencentBlock/v2/100K/tencentBlock_7600.oracleGeneral.zst
tencentBlock_v2_100K	https://ftp.pdl.cmu.edu/pub/datasets/twemcacheWorkload/cacheDatasets/tencentBlock/v2/100K/tencentBlock_7625.oracleGeneral.zst
tencentBlock_v2_100K	https://ftp.pdl.cmu.edu/pub/datasets/twemcacheWorkload/cacheDatasets/tencentBlock/v2/100K/tencentBlock_7629.oracleGeneral.zst
tencentBlock_v2_100K	https://ftp.pdl.cmu.edu/pub/datasets/twemcacheWorkload/cacheDatasets/tencentBlock/v2/100K/tencentBlock_7633.oracleGeneral.zst
tencentBlock_v2_100K	https://ftp.pdl.cmu.edu/pub/datasets/twemcacheWorkload/cacheDatasets/tencentBlock/v2/100K/tencentBlock_7645.oracleGeneral.zst
tencentBlock_v2_100K	https://ftp.pdl.cmu.edu/pub/datasets/twemcacheWorkload/cacheDatasets/tencentBlock/v2/100K/tencentBlock_7654.oracleGeneral.zst
tencentBlock_v2_100K	https://ftp.pdl.cmu.edu/pub/datasets/twemcacheWorkload/cacheDatasets/tencentBlock/v2/100K/tencentBlock_7673.oracleGeneral.zst
tencentBlock_v2_100K	https://ftp.pdl.cmu.edu/pub/datasets/twemcacheWorkload/cacheDatasets/tencentBlock/v2/100K/tencentBlock_7675.oracleGeneral.zst
tencentBlock_v2_100K	https://ftp.pdl.cmu.edu/pub/datasets/twemcacheWorkload/cacheDatasets/tencentBlock/v2/100K/tencentBlock_7721.oracleGeneral.zst
tencentBlock_v2_100K	https://ftp.pdl.cmu.edu/pub/datasets/twemcacheWorkload/cacheDatasets/tencentBlock/v2/100K/tencentBlock_7765.oracleGeneral.zst
tencentBlock_v2_100K	https://ftp.pdl.cmu.edu/pub/datasets/twemcacheWorkload/cacheDatasets/tencentBlock/v2/100K/tencentBlock_7820.oracleGeneral.zst
tencentBlock_v2_100K	https://ftp.pdl.cmu.edu/pub/datasets/twemcacheWorkload/cacheDatasets/tencentBlock/v2/100K/tencentBlock_7836.oracleGeneral.zst
tencentBlock_v2_100K	https://ftp.pdl.cmu.edu/pub/datasets/twemcacheWorkload/cacheDatasets/tencentBlock/v2/100K/tencentBlock_7842.oracleGeneral.zst
tencentBlock_v2_100K	https://ftp.pdl.cmu.edu/pub/datasets/twemcacheWorkload/cacheDatasets/tencentBlock/v2/100K/tencentBlock_7854.oracleGeneral.zst
tencentBlock_v2_100K	https://ftp.pdl.cmu.edu/pub/datasets/twemcacheWorkload/cacheDatasets/tencentBlock/v2/100K/tencentBlock_7882.oracleGeneral.zst
tencentBlock_v2_100K	https://ftp.pdl.cmu.edu/pub/datasets/twemcacheWorkload/cacheDatasets/tencentBlock/v2/100K/tencentBlock_7922.oracleGeneral.zst
tencentBlock_v2_100K	https://ftp.pdl.cmu.edu/pub/datasets/twemcacheWorkload/cacheDatasets/tencentBlock/v2/100K/tencentBlock_7964.oracleGeneral.zst
tencentBlock_v2_100K	https://ftp.pdl.cmu.edu/pub/datasets/twemcacheWorkload/cacheDatasets/tencentBlock/v2/100K/tencentBlock_7969.oracleGeneral.zst
tencentBlock_v2_100K	https://ftp.pdl.cmu.edu/pub/datasets/twemcacheWorkload/cacheDatasets/tencentBlock/v2/100K/tencentBlock_7979.oracleGeneral.zst
tencentBlock_v2_100K	https://ftp.pdl.cmu.edu/pub/datasets/twemcacheWorkload/cacheDatasets/tencentBlock/v2/100K/tencentBlock_7987.oracleGeneral.zst
tencentBlock_v2_100K	https://ftp.pdl.cmu.edu/pub/datasets/twemcacheWorkload/cacheDatasets/tencentBlock/v2/100K/tencentBlock_8038.oracleGeneral.zst
tencentBlock_v2_100K	https://ftp.pdl.cmu.edu/pub/datasets/twemcacheWorkload/cacheDatasets/tencentBlock/v2/100K/tencentBlock_8046.oracleGeneral.zst
tencentBlock_v2_100K	https://ftp.pdl.cmu.edu/pub/datasets/twemcacheWorkload/cacheDatasets/tencentBlock/v2/100K/tencentBlock_8056.oracleGeneral.zst
tencentBlock_v2_100K	https://ftp.pdl.cmu.edu/pub/datasets/twemcacheWorkload/cacheDatasets/tencentBlock/v2/100K/tencentBlock_8059.oracleGeneral.zst
tencentBlock_v2_100K	https://ftp.pdl.cmu.edu/pub/datasets/twemcacheWorkload/cacheDatasets/tencentBlock/v2/100K/tencentBlock_8063.oracleGeneral.zst
tencentBlock_v2_100K	https://ftp.pdl.cmu.edu/pub/datasets/twemcacheWorkload/cacheDatasets/tencentBlock/v2/100K/tencentBlock_8086.oracleGeneral.zst
tencentBlock_v2_100K	https://ftp.pdl.cmu.edu/pub/datasets/twemcacheWorkload/cacheDatasets/tencentBlock/v2/100K/tencentBlock_8096.oracleGeneral.zst
tencentBlock_v2_100K	https://ftp.pdl.cmu.edu/pub/datasets/twemcacheWorkload/cacheDatasets/tencentBlock/v2/100K/tencentBlock_8150.oracleGeneral.zst
tencentBlock_v2_100K	https://ftp.pdl.cmu.edu/pub/datasets/twemcacheWorkload/cacheDatasets/tencentBlock/v2/100K/tencentBlock_8198.oracleGeneral.zst
tencentBlock_v2_100K	https://ftp.pdl.cmu.edu/pub/datasets/twemcacheWorkload/cacheDatasets/tencentBlock/v2/100K/tencentBlock_8224.oracleGeneral.zst
tencentBlock_v2_100K	https://ftp.pdl.cmu.edu/pub/datasets/twemcacheWorkload/cacheDatasets/tencentBlock/v2/100K/tencentBlock_8256.oracleGeneral.zst
tencentBlock_v2_100K	https://ftp.pdl.cmu.edu/pub/datasets/twemcacheWorkload/cacheDatasets/tencentBlock/v2/100K/tencentBlock_8258.oracleGeneral.zst
tencentBlock_v2_100K	https://ftp.pdl.cmu.edu/pub/datasets/twemcacheWorkload/cacheDatasets/tencentBlock/v2/100K/tencentBlock_8260.oracleGeneral.zst
tencentBlock_v2_100K	https://ftp.pdl.cmu.edu/pub/datasets/twemcacheWorkload/cacheDatasets/tencentBlock/v2/100K/tencentBlock_8294.oracleGeneral.zst
tencentBlock_v2_100K	https://ftp.pdl.cmu.edu/pub/datasets/twemcacheWorkload/cacheDatasets/tencentBlock/v2/100K/tencentBlock_8295.oracleGeneral.zst
tencentBlock_v2_100K	https://ftp.pdl.cmu.edu/pub/datasets/twemcacheWorkload/cacheDatasets/tencentBlock/v2/100K/tencentBlock_8306.oracleGeneral.zst
tencentBlock_v2_100K	https://ftp.pdl.cmu.edu/pub/datasets/twemcacheWorkload/cacheDatasets/tencentBlock/v2/100K/tencentBlock_8314.oracleGeneral.zst
tencentBlock_v2_100K	https://ftp.pdl.cmu.edu/pub/datasets/twemcacheWorkload/cacheDatasets/tencentBlock/v2/100K/tencentBlock_8324.oracleGeneral.zst
tencentBlock_v2_100K	https://ftp.pdl.cmu.edu/pub/datasets/twemcacheWorkload/cacheDatasets/tencentBlock/v2/100K/tencentBlock_8347.oracleGeneral.zst
tencentBlock_v2_100K	https://ftp.pdl.cmu.edu/pub/datasets/twemcacheWorkload/cacheDatasets/tencentBlock/v2/100K/tencentBlock_8390.oracleGeneral.zst
tencentBlock_v2_100K	https://ftp.pdl.cmu.edu/pub/datasets/twemcacheWorkload/cacheDatasets/tencentBlock/v2/100K/tencentBlock_8396.oracleGeneral.zst
tencentBlock_v2_100K	https://ftp.pdl.cmu.edu/pub/datasets/twemcacheWorkload/cacheDatasets/tencentBlock/v2/100K/tencentBlock_8413.oracleGeneral.zst
tencentBlock_v2_100K	https://ftp.pdl.cmu.edu/pub/datasets/twemcacheWorkload/cacheDatasets/tencentBlock/v2/100K/tencentBlock_8419.oracleGeneral.zst
tencentBlock_v2_100K	https://ftp.pdl.cmu.edu/pub/datasets/twemcacheWorkload/cacheDatasets/tencentBlock/v2/100K/tencentBlock_8442.oracleGeneral.zst
tencentBlock_v2_100K	https://ftp.pdl.cmu.edu/pub/datasets/twemcacheWorkload/cacheDatasets/tencentBlock/v2/100K/tencentBlock_8478.oracleGeneral.zst
tencentBlock_v2_100K	https://ftp.pdl.cmu.edu/pub/datasets/twemcacheWorkload/cacheDatasets/tencentBlock/v2/100K/tencentBlock_8508.oracleGeneral.zst
tencentBlock_v2_100K	https://ftp.pdl.cmu.edu/pub/datasets/twemcacheWorkload/cacheDatasets/tencentBlock/v2/100K/tencentBlock_8538.oracleGeneral.zst
tencentBlock_v2_100K	https://ftp.pdl.cmu.edu/pub/datasets/twemcacheWorkload/cacheDatasets/tencentBlock/v2/100K/tencentBlock_8557.oracleGeneral.zst
tencentBlock_v2_100K	https://ftp.pdl.cmu.edu/pub/datasets/twemcacheWorkload/cacheDatasets/tencentBlock/v2/100K/tencentBlock_8579.oracleGeneral.zst
tencentBlock_v2_100K	https://ftp.pdl.cmu.edu/pub/datasets/twemcacheWorkload/cacheDatasets/tencentBlock/v2/100K/tencentBlock_8593.oracleGeneral.zst
tencentBlock_v2_100K	https://ftp.pdl.cmu.edu/pub/datasets/twemcacheWorkload/cacheDatasets/tencentBlock/v2/100K/tencentBlock_8600.oracleGeneral.zst
tencentBlock_v2_100K	https://ftp.pdl.cmu.edu/pub/datasets/twemcacheWorkload/cacheDatasets/tencentBlock/v2/100K/tencentBlock_8618.oracleGeneral.zst
tencentBlock_v2_100K	https://ftp.pdl.cmu.edu/pub/datasets/twemcacheWorkload/cacheDatasets/tencentBlock/v2/100K/tencentBlock_8691.oracleGeneral.zst
tencentBlock_v2_100K	https://ftp.pdl.cmu.edu/pub/datasets/twemcacheWorkload/cacheDatasets/tencentBlock/v2/100K/tencentBlock_8706.oracleGeneral.zst
tencentBlock_v2_100K	https://ftp.pdl.cmu.edu/pub/datasets/twemcacheWorkload/cacheDatasets/tencentBlock/v2/100K/tencentBlock_8733.oracleGeneral.zst
tencentBlock_v2_100K	https://ftp.pdl.cmu.edu/pub/datasets/twemcacheWorkload/cacheDatasets/tencentBlock/v2/100K/tencentBlock_8761.oracleGeneral.zst
tencentBlock_v2_100K	https://ftp.pdl.cmu.edu/pub/datasets/twemcacheWorkload/cacheDatasets/tencentBlock/v2/100K/tencentBlock_8776.oracleGeneral.zst
tencentBlock_v2_100K	https://ftp.pdl.cmu.edu/pub/datasets/twemcacheWorkload/cacheDatasets/tencentBlock/v2/100K/tencentBlock_8813.oracleGeneral.zst
tencentBlock_v2_100K	https://ftp.pdl.cmu.edu/pub/datasets/twemcacheWorkload/cacheDatasets/tencentBlock/v2/100K/tencentBlock_8822.oracleGeneral.zst
tencentBlock_v2_100K	https://ftp.pdl.cmu.edu/pub/datasets/twemcacheWorkload/cacheDatasets/tencentBlock/v2/100K/tencentBlock_8829.oracleGeneral.zst
tencentBlock_v2_100K	https://ftp.pdl.cmu.edu/pub/datasets/twemcacheWorkload/cacheDatasets/tencentBlock/v2/100K/tencentBlock_8833.oracleGeneral.zst
tencentBlock_v2_100K	https://ftp.pdl.cmu.edu/pub/datasets/twemcacheWorkload/cacheDatasets/tencentBlock/v2/100K/tencentBlock_8858.oracleGeneral.zst
tencentBlock_v2_100K	https://ftp.pdl.cmu.edu/pub/datasets/twemcacheWorkload/cacheDatasets/tencentBlock/v2/100K/tencentBlock_8867.oracleGeneral.zst
tencentBlock_v2_100K	https://ftp.pdl.cmu.edu/pub/datasets/twemcacheWorkload/cacheDatasets/tencentBlock/v2/100K/tencentBlock_8876.oracleGeneral.zst
tencentBlock_v2_100K	https://ftp.pdl.cmu.edu/pub/datasets/twemcacheWorkload/cacheDatasets/tencentBlock/v2/100K/tencentBlock_8885.oracleGeneral.zst
tencentBlock_v2_100K	https://ftp.pdl.cmu.edu/pub/datasets/twemcacheWorkload/cacheDatasets/tencentBlock/v2/100K/tencentBlock_8901.oracleGeneral.zst
tencentBlock_v2_100K	https://ftp.pdl.cmu.edu/pub/datasets/twemcacheWorkload/cacheDatasets/tencentBlock/v2/100K/tencentBlock_8906.oracleGeneral.zst
tencentBlock_v2_100K	https://ftp.pdl.cmu.edu/pub/datasets/twemcacheWorkload/cacheDatasets/tencentBlock/v2/100K/tencentBlock_8933.oracleGeneral.zst
tencentBlock_v2_100K	https://ftp.pdl.cmu.edu/pub/datasets/twemcacheWorkload/cacheDatasets/tencentBlock/v2/100K/tencentBlock_8941.oracleGeneral.zst
tencentBlock_v2_100K	https://ftp.pdl.cmu.edu/pub/datasets/twemcacheWorkload/cacheDatasets/tencentBlock/v2/100K/tencentBlock_8942.oracleGeneral.zst
tencentBlock_v2_100K	https://ftp.pdl.cmu.edu/pub/datasets/twemcacheWorkload/cacheDatasets/tencentBlock/v2/100K/tencentBlock_8949.oracleGeneral.zst
tencentBlock_v2_100K	https://ftp.pdl.cmu.edu/pub/datasets/twemcacheWorkload/cacheDatasets/tencentBlock/v2/100K/tencentBlock_9008.oracleGeneral.zst
tencentBlock_v2_100K	https://ftp.pdl.cmu.edu/pub/datasets/twemcacheWorkload/cacheDatasets/tencentBlock/v2/100K/tencentBlock_9033.oracleGeneral.zst
tencentBlock_v2_100K	https://ftp.pdl.cmu.edu/pub/datasets/twemcacheWorkload/cacheDatasets/tencentBlock/v2/100K/tencentBlock_9040.oracleGeneral.zst
tencentBlock_v2_100K	https://ftp.pdl.cmu.edu/pub/datasets/twemcacheWorkload/cacheDatasets/tencentBlock/v2/100K/tencentBlock_9056.oracleGeneral.zst
tencentBlock_v2_100K	https://ftp.pdl.cmu.edu/pub/datasets/twemcacheWorkload/cacheDatasets/tencentBlock/v2/100K/tencentBlock_9072.oracleGeneral.zst
tencentBlock_v2_100K	https://ftp.pdl.cmu.edu/pub/datasets/twemcacheWorkload/cacheDatasets/tencentBlock/v2/100K/tencentBlock_9090.oracleGeneral.zst
tencentBlock_v2_100K	https://ftp.pdl.cmu.edu/pub/datasets/twemcacheWorkload/cacheDatasets/tencentBlock/v2/100K/tencentBlock_9102.oracleGeneral.zst
tencentBlock_v2_100K	https://ftp.pdl.cmu.edu/pub/datasets/twemcacheWorkload/cacheDatasets/tencentBlock/v2/100K/tencentBlock_9107.oracleGeneral.zst
tencentBlock_v2_100K	https://ftp.pdl.cmu.edu/pub/datasets/twemcacheWorkload/cacheDatasets/tencentBlock/v2/100K/tencentBlock_9112.oracleGeneral.zst
tencentBlock_v2_100K	https://ftp.pdl.cmu.edu/pub/datasets/twemcacheWorkload/cacheDatasets/tencentBlock/v2/100K/tencentBlock_9127.oracleGeneral.zst
tencentBlock_v2_100K	https://ftp.pdl.cmu.edu/pub/datasets/twemcacheWorkload/cacheDatasets/tencentBlock/v2/100K/tencentBlock_9180.oracleGeneral.zst
tencentBlock_v2_100K	https://ftp.pdl.cmu.edu/pub/datasets/twemcacheWorkload/cacheDatasets/tencentBlock/v2/100K/tencentBlock_9231.oracleGeneral.zst
tencentBlock_v2_100K	https://ftp.pdl.cmu.edu/pub/datasets/twemcacheWorkload/cacheDatasets/tencentBlock/v2/100K/tencentBlock_9271.oracleGeneral.zst
tencentBlock_v2_100K	https://ftp.pdl.cmu.edu/pub/datasets/twemcacheWorkload/cacheDatasets/tencentBlock/v2/100K/tencentBlock_9328.oracleGeneral.zst
tencentBlock_v2_100K	https://ftp.pdl.cmu.edu/pub/datasets/twemcacheWorkload/cacheDatasets/tencentBlock/v2/100K/tencentBlock_9345.oracleGeneral.zst
tencentBlock_v2_100K	https://ftp.pdl.cmu.edu/pub/datasets/twemcacheWorkload/cacheDatasets/tencentBlock/v2/100K/tencentBlock_9402.oracleGeneral.zst
tencentBlock_v2_100K	https://ftp.pdl.cmu.edu/pub/datasets/twemcacheWorkload/cacheDatasets/tencentBlock/v2/100K/tencentBlock_9448.oracleGeneral.zst
tencentBlock_v2_100K	https://ftp.pdl.cmu.edu/pub/datasets/twemcacheWorkload/cacheDatasets/tencentBlock/v2/100K/tencentBlock_9482.oracleGeneral.zst
tencentBlock_v2_100K	https://ftp.pdl.cmu.edu/pub/datasets/twemcacheWorkload/cacheDatasets/tencentBlock/v2/100K/tencentBlock_9486.oracleGeneral.zst
tencentBlock_v2_100K	https://ftp.pdl.cmu.edu/pub/datasets/twemcacheWorkload/cacheDatasets/tencentBlock/v2/100K/tencentBlock_9514.oracleGeneral.zst
tencentBlock_v2_100K	https://ftp.pdl.cmu.edu/pub/datasets/twemcacheWorkload/cacheDatasets/tencentBlock/v2/100K/tencentBlock_9556.oracleGeneral.zst
tencentBlock_v2_100K	https://ftp.pdl.cmu.edu/pub/datasets/twemcacheWorkload/cacheDatasets/tencentBlock/v2/100K/tencentBlock_9578.oracleGeneral.zst
tencentBlock_v2_100K	https://ftp.pdl.cmu.edu/pub/datasets/twemcacheWorkload/cacheDatasets/tencentBlock/v2/100K/tencentBlock_9624.oracleGeneral.zst
tencentBlock_v2_100K	https://ftp.pdl.cmu.edu/pub/datasets/twemcacheWorkload/cacheDatasets/tencentBlock/v2/100K/tencentBlock_9630.oracleGeneral.zst
tencentBlock_v2_100K	https://ftp.pdl.cmu.edu/pub/datasets/twemcacheWorkload/cacheDatasets/tencentBlock/v2/100K/tencentBlock_9655.oracleGeneral.zst
tencentBlock_v2_100K	https://ftp.pdl.cmu.edu/pub/datasets/twemcacheWorkload/cacheDatasets/tencentBlock/v2/100K/tencentBlock_9661.oracleGeneral.zst
tencentBlock_v2_100K	https://ftp.pdl.cmu.edu/pub/datasets/twemcacheWorkload/cacheDatasets/tencentBlock/v2/100K/tencentBlock_9664.oracleGeneral.zst
tencentBlock_v2_100K	https://ftp.pdl.cmu.edu/pub/datasets/twemcacheWorkload/cacheDatasets/tencentBlock/v2/100K/tencentBlock_9683.oracleGeneral.zst
tencentBlock_v2_100K	https://ftp.pdl.cmu.edu/pub/datasets/twemcacheWorkload/cacheDatasets/tencentBlock/v2/100K/tencentBlock_9705.oracleGeneral.zst
tencentBlock_v2_100K	https://ftp.pdl.cmu.edu/pub/datasets/twemcacheWorkload/cacheDatasets/tencentBlock/v2/100K/tencentBlock_9710.oracleGeneral.zst
tencentBlock_v2_100K	https://ftp.pdl.cmu.edu/pub/datasets/twemcacheWorkload/cacheDatasets/tencentBlock/v2/100K/tencentBlock_9715.oracleGeneral.zst
tencentBlock_v2_100K	https://ftp.pdl.cmu.edu/pub/datasets/twemcacheWorkload/cacheDatasets/tencentBlock/v2/100K/tencentBlock_9717.oracleGeneral.zst
tencentBlock_v2_100K	https://ftp.pdl.cmu.edu/pub/datasets/twemcacheWorkload/cacheDatasets/tencentBlock/v2/100K/tencentBlock_9726.oracleGeneral.zst
tencentBlock_v2_100K	https://ftp.pdl.cmu.edu/pub/datasets/twemcacheWorkload/cacheDatasets/tencentBlock/v2/100K/tencentBlock_9768.oracleGeneral.zst
tencentBlock_v2_100K	https://ftp.pdl.cmu.edu/pub/datasets/twemcacheWorkload/cacheDatasets/tencentBlock/v2/100K/tencentBlock_9781.oracleGeneral.zst
tencentBlock_v2_100K	https://ftp.pdl.cmu.edu/pub/datasets/twemcacheWorkload/cacheDatasets/tencentBlock/v2/100K/tencentBlock_9828.oracleGeneral.zst
tencentBlock_v2_100K	https://ftp.pdl.cmu.edu/pub/datasets/twemcacheWorkload/cacheDatasets/tencentBlock/v2/100K/tencentBlock_9841.oracleGeneral.zst
tencentBlock_v2_100K	https://ftp.pdl.cmu.edu/pub/datasets/twemcacheWorkload/cacheDatasets/tencentBlock/v2/100K/tencentBlock_9851.oracleGeneral.zst
tencentBlock_v2_100K	https://ftp.pdl.cmu.edu/pub/datasets/twemcacheWorkload/cacheDatasets/tencentBlock/v2/100K/tencentBlock_9854.oracleGeneral.zst
tencentBlock_v2_100K	https://ftp.pdl.cmu.edu/pub/datasets/twemcacheWorkload/cacheDatasets/tencentBlock/v2/100K/tencentBlock_9875.oracleGeneral.zst
tencentBlock_v2_100K	https://ftp.pdl.cmu.edu/pub/datasets/twemcacheWorkload/cacheDatasets/tencentBlock/v2/100K/tencentBlock_9906.oracleGeneral.zst
tencentBlock_v2_100K	https://ftp.pdl.cmu.edu/pub/datasets/twemcacheWorkload/cacheDatasets/tencentBlock/v2/100K/tencentBlock_9933.oracleGeneral.zst
tencentBlock_v2_100K	https://ftp.pdl.cmu.edu/pub/datasets/twemcacheWorkload/cacheDatasets/tencentBlock/v2/100K/tencentBlock_9980.oracleGeneral.zst
tencentBlock_v2_100K	https://ftp.pdl.cmu.edu/pub/datasets/twemcacheWorkload/cacheDatasets/tencentBlock/v2/100K/tencentBlock_9997.oracleGeneral.zst
