dataset,trace,cache_pct,lru,lruforgive,lru_gap_pp,s3fifo,s3fifoforgive,s3_gap_pp
?,tencentBlock_10004,10,0.5342,0.5270,0.720,0.5212,0.5212,0.005
?,tencentBlock_10007,10,0.2375,0.2340,0.350,0.2237,0.2235,0.020
?,tencentBlock_10011,10,0.6276,0.5557,7.190,0.4314,0.4951,-6.370
?,tencentBlock_10021,10,0.2726,0.2704,0.220,0.2646,,
?,tencentBlock_10022,10,0.2085,0.2047,0.380,0.1984,0.1986,-0.020
?,tencentBlock_10029,10,0.6724,0.6716,0.080,0.6208,0.6207,0.010
?,tencentBlock_10031,10,0.1976,0.1976,0.000,0.2030,0.2030,0.000
?,tencentBlock_10039,10,0.5123,0.5111,0.120,0.5002,0.5012,-0.100
?,tencentBlock_10044,10,0.3155,0.3106,0.490,0.3012,0.3012,0.000
?,tencentBlock_10048,10,0.2492,0.2494,-0.020,0.2545,0.2546,-0.005
?,tencentBlock_10053,10,0.2467,0.2239,2.280,0.1969,0.2217,-2.480
?,tencentBlock_10062,10,0.1972,0.1932,0.400,0.1843,0.1844,-0.010
?,tencentBlock_10069,10,0.1176,0.1176,0.000,0.1176,0.1176,0.000
?,tencentBlock_10074,10,0.4740,0.4724,0.160,0.4684,0.4678,0.060
?,tencentBlock_10079,10,0.1362,0.1264,0.980,0.1248,0.1270,-0.220
?,tencentBlock_10086,10,0.3891,0.3869,0.220,0.3534,0.3526,0.080
?,tencentBlock_10095,10,0.1581,0.1561,0.200,0.1473,0.1474,-0.005
?,tencentBlock_10108,10,0.1109,0.1084,0.250,0.1043,0.1038,0.050
?,tencentBlock_10116,10,0.0056,0.0043,0.130,0.0045,0.0044,0.010
?,tencentBlock_10119,10,0.2319,0.2307,0.120,0.2241,0.2241,0.000
?,tencentBlock_10120,10,0.3516,0.3519,-0.030,0.3249,0.3248,0.010
?,tencentBlock_10124,10,0.2047,0.2031,0.160,0.1948,0.1947,0.010
?,tencentBlock_10127,10,0.1613,0.1613,0.000,0.1574,0.1574,0.000
?,tencentBlock_10134,10,0.0605,0.0602,0.030,0.0512,0.0512,0.000
?,tencentBlock_10143,10,0.0774,0.0766,0.080,0.0748,0.0748,0.000
?,tencentBlock_10149,10,0.4022,0.4022,0.000,0.4020,0.4020,0.000
?,tencentBlock_10156,10,0.1720,0.1720,0.000,0.1702,0.1705,-0.030
?,tencentBlock_10176,10,0.2880,0.2838,0.420,0.2497,0.2496,0.010
?,tencentBlock_10184,10,0.2862,0.2865,-0.030,0.2961,0.2961,0.000
?,tencentBlock_10192,10,0.1019,0.1006,0.130,0.0994,0.0994,0.000
?,tencentBlock_10197,10,0.2030,0.1995,0.350,0.1914,0.1914,0.000
?,tencentBlock_10198,10,0.2764,0.2737,0.270,0.2782,0.2781,0.010
?,tencentBlock_10203,10,0.2540,0.2559,-0.190,0.2622,0.2629,-0.070
?,tencentBlock_10208,10,0.1876,0.1883,-0.070,0.2023,0.2023,0.000
?,tencentBlock_10213,10,0.1179,0.1175,0.040,0.1143,0.1142,0.010
?,tencentBlock_10216,10,0.2562,0.2533,0.290,0.2548,0.2547,0.010
?,tencentBlock_10217,10,0.1215,0.1205,0.100,0.1181,0.1181,0.000
?,tencentBlock_10228,10,0.3991,0.3977,0.140,0.4071,0.4070,0.010
?,tencentBlock_10231,10,0.1983,0.1923,0.600,0.1776,0.1810,-0.340
?,tencentBlock_10236,10,0.1072,0.1074,-0.020,0.1049,0.1049,0.000
?,tencentBlock_10244,10,0.4465,0.4212,2.530,0.3665,0.3794,-1.290
?,tencentBlock_10252,10,0.0800,0.0799,0.010,0.0807,0.0806,0.010
?,tencentBlock_10259,10,0.2935,0.2872,0.630,0.2817,0.2835,-0.180
?,tencentBlock_10264,10,0.4289,0.4288,0.010,0.4464,0.4461,0.030
?,tencentBlock_10266,10,0.1545,0.1509,0.360,0.1424,0.1425,-0.010
?,tencentBlock_10268,10,0.2141,0.2063,0.780,0.1798,0.1872,-0.740
?,tencentBlock_10274,10,0.1830,0.1838,-0.080,0.1979,0.1979,0.000
?,tencentBlock_10276,10,0.2456,0.2460,-0.040,0.2553,0.2553,0.000
?,tencentBlock_10280,10,0.2483,0.2473,0.100,0.2227,0.2220,0.070
?,tencentBlock_10286,10,0.2012,0.2016,-0.040,0.2109,0.2108,0.010
?,tencentBlock_10292,10,0.1775,0.1752,0.230,0.1665,0.1665,0.000
?,tencentBlock_10293,10,0.4847,0.4923,-0.760,0.4855,0.4853,0.020
?,tencentBlock_10295,10,0.3291,0.3269,0.220,0.3148,0.3147,0.010
?,tencentBlock_10303,10,0.4862,0.4844,0.180,0.4805,0.4805,0.000
?,tencentBlock_10312,10,0.4998,0.4981,0.170,0.4887,0.4887,0.000
?,tencentBlock_10320,10,0.1896,0.1868,0.280,0.1840,0.1840,0.000
?,tencentBlock_10327,10,0.2193,0.2109,0.840,0.1997,0.1997,0.000
?,tencentBlock_10336,10,0.2901,0.2897,0.040,0.2915,0.2915,0.000
?,tencentBlock_10339,10,0.1130,0.1122,0.080,0.1066,0.1066,0.000
?,tencentBlock_10342,10,0.1546,0.1549,-0.030,0.1510,0.1510,0.005
?,tencentBlock_10356,10,0.3725,0.3710,0.150,0.3635,0.3635,0.000
?,tencentBlock_10359,10,0.0906,0.0893,0.130,0.0876,0.0876,0.000
?,tencentBlock_10364,10,0.0583,0.0561,0.220,0.0539,0.0538,0.010
?,tencentBlock_10365,10,0.1172,0.1160,0.120,0.1048,0.1048,0.000
?,tencentBlock_10368,10,0.2179,0.2181,-0.020,0.2288,0.2287,0.010
?,tencentBlock_10370,10,0.0233,0.0228,0.050,0.0204,0.0204,0.000
?,tencentBlock_10372,10,0.2205,0.2198,0.070,0.2359,0.2358,0.010
?,tencentBlock_10375,10,0.4253,0.3737,5.160,0.3303,0.3785,-4.820
?,tencentBlock_10380,10,0.5006,0.5005,0.010,0.5073,0.5074,-0.010
?,tencentBlock_10387,10,0.4210,0.4121,0.890,0.3947,0.3947,0.000
?,tencentBlock_10393,10,0.2891,0.2868,0.230,0.2893,0.2893,0.000
?,tencentBlock_10394,10,0.3512,0.3412,1.000,0.2461,0.2905,-4.440
?,tencentBlock_10399,10,0.1652,0.1624,0.280,0.1588,0.1596,-0.080
?,tencentBlock_10403,10,0.2001,0.1987,0.140,0.2016,0.2016,0.000
?,tencentBlock_10409,10,0.1604,0.1593,0.110,0.1530,0.1531,-0.010
?,tencentBlock_10415,10,0.2312,0.2254,0.580,0.2198,0.2199,-0.010
?,tencentBlock_10424,10,0.1341,0.1312,0.290,0.1222,0.1223,-0.010
?,tencentBlock_10429,10,0.1205,0.1198,0.070,0.1129,0.1127,0.020
?,tencentBlock_10436,10,0.5385,0.5348,0.370,0.5205,0.5204,0.010
?,tencentBlock_10443,10,0.2913,0.2739,1.740,0.2640,0.2688,-0.480
?,tencentBlock_10446,10,0.7002,0.6981,0.210,0.6904,0.6909,-0.050
?,tencentBlock_10452,10,0.2461,0.2466,-0.050,0.2443,0.2440,0.030
?,tencentBlock_10455,10,0.1336,0.1303,0.330,0.1241,0.1235,0.060
?,tencentBlock_10463,10,0.2031,0.1996,0.350,0.1892,0.1892,0.000
?,tencentBlock_10467,10,0.1617,0.1576,0.410,0.1506,0.1469,0.370
?,tencentBlock_10483,10,0.1063,0.1049,0.140,0.1030,0.1030,0.000
?,tencentBlock_10492,10,0.2972,0.2819,1.530,0.2686,0.2731,-0.445
?,tencentBlock_10496,10,0.2774,0.2752,0.220,0.2711,0.2711,0.000
?,tencentBlock_10499,10,0.6443,0.6402,0.410,0.5668,0.5678,-0.100
?,tencentBlock_10505,10,0.1381,0.1365,0.160,0.1306,0.1301,0.055
?,tencentBlock_10521,10,0.4211,0.3985,2.260,,,
?,tencentBlock_10525,10,0.2081,0.2076,0.050,0.2035,0.2035,0.000
?,tencentBlock_10532,10,0.3875,0.3861,0.140,0.3749,0.3749,0.000
?,tencentBlock_10534,10,0.1183,0.1134,0.490,0.1101,0.1112,-0.110
?,tencentBlock_10539,10,0.1659,0.1649,0.100,,0.1595,
?,tencentBlock_10545,10,0.3980,0.3976,0.040,0.3935,0.3935,0.000
?,tencentBlock_10553,10,0.2869,0.2714,1.550,0.2458,0.2469,-0.110
?,tencentBlock_10560,10,0.5124,0.5106,0.180,0.5060,0.5060,0.000
?,tencentBlock_10568,10,0.1519,0.1103,4.160,0.0854,0.0958,-1.040
?,tencentBlock_10575,10,0.2632,0.2577,0.550,,0.2547,
?,tencentBlock_1058,10,0.2539,0.2314,2.250,0.2044,0.2209,-1.650
?,tencentBlock_10580,10,0.2043,0.1967,0.760,0.1929,0.1926,0.030
?,tencentBlock_10582,10,0.2577,0.2579,-0.020,0.2757,0.2757,0.000
?,tencentBlock_10587,10,0.2266,0.2247,0.190,0.2157,0.2156,0.010
?,tencentBlock_10592,10,0.1956,0.1954,0.020,0.1916,0.1916,0.000
?,tencentBlock_10596,10,0.2985,0.2985,0.000,0.2978,0.2979,-0.010
?,tencentBlock_10602,10,0.3605,0.3600,0.050,0.3515,0.3520,-0.050
?,tencentBlock_10611,10,0.3305,0.3286,0.190,0.3180,0.3185,-0.050
?,tencentBlock_10620,10,0.3116,0.3003,1.130,0.2679,0.2678,0.010
?,tencentBlock_10628,10,0.2385,0.2388,-0.030,0.2520,0.2520,0.000
?,tencentBlock_10633,10,0.1698,0.1692,0.060,0.1694,0.1696,-0.015
?,tencentBlock_10642,10,0.1116,0.1100,0.160,0.1057,0.1057,0.000
?,tencentBlock_10650,10,0.1220,0.1194,0.260,0.1156,0.1161,-0.050
?,tencentBlock_10656,10,0.1636,0.1592,0.440,0.1517,0.1521,-0.040
?,tencentBlock_10664,10,0.3402,0.3375,0.270,0.3076,0.3075,0.010
?,tencentBlock_10668,10,0.6277,0.6191,0.860,0.6100,0.6099,0.010
?,tencentBlock_10675,10,0.2367,0.2376,-0.090,0.2560,0.2560,0.000
?,tencentBlock_10676,10,0.0334,0.0334,0.000,0.0348,0.0348,0.000
?,tencentBlock_10684,10,0.1880,0.1883,-0.030,0.1982,0.1981,0.010
?,tencentBlock_10689,10,0.3574,0.3570,0.040,0.3294,0.3294,0.000
?,tencentBlock_10698,10,0.1477,0.1488,-0.110,0.1416,0.1416,0.000
?,tencentBlock_10699,10,0.4223,0.3893,3.300,0.3214,0.3230,-0.160
?,tencentBlock_10703,10,0.0915,0.0914,0.010,0.0829,0.0829,0.000
?,tencentBlock_10710,10,0.2399,0.2367,0.320,0.2289,0.2289,0.000
?,tencentBlock_10716,10,0.4046,0.4046,0.000,0.4044,0.4044,0.000
?,tencentBlock_10724,10,0.4252,0.4236,0.160,0.4191,0.4192,-0.005
?,tencentBlock_10728,10,0.0636,0.0638,-0.020,0.0591,0.0591,0.000
?,tencentBlock_1073,10,0.2467,0.2469,-0.020,0.2563,0.2562,0.010
?,tencentBlock_10730,10,0.2455,0.2413,0.420,0.2320,0.2321,-0.010
?,tencentBlock_10734,10,0.0918,0.0897,0.210,0.0872,0.0872,0.000
?,tencentBlock_10742,10,0.2302,0.2218,0.840,0.2201,,
?,tencentBlock_10747,10,0.3112,0.3033,0.790,0.2244,0.2233,0.110
?,tencentBlock_10752,10,0.2891,0.2781,1.100,0.2452,0.2451,0.010
?,tencentBlock_10755,10,0.2583,0.2560,0.230,0.2508,0.2514,-0.060
?,tencentBlock_10757,10,0.1416,0.1413,0.030,0.1355,0.1355,0.000
?,tencentBlock_10760,10,0.3963,0.3957,0.060,0.3766,0.3766,0.000
?,tencentBlock_10763,10,0.1026,0.0921,1.050,0.0839,0.0846,-0.070
?,tencentBlock_10767,10,0.3864,0.3863,0.010,0.3860,0.3860,0.000
?,tencentBlock_10769,10,0.5014,0.4984,0.300,0.4850,0.4850,0.000
?,tencentBlock_10776,10,0.2006,0.2007,-0.010,0.2053,0.2053,0.000
?,tencentBlock_10783,10,0.2536,0.2541,-0.050,0.2605,0.2605,0.000
?,tencentBlock_10790,10,0.3874,0.3871,0.030,0.3840,0.3841,-0.005
?,tencentBlock_10791,10,0.1220,0.1191,0.290,0.1144,0.1142,0.020
?,tencentBlock_10807,10,0.2307,0.2263,0.440,0.2198,0.2193,0.050
?,tencentBlock_10814,10,0.2290,0.2285,0.050,0.2205,0.2204,0.010
?,tencentBlock_1082,10,0.3049,0.3040,0.090,0.3004,0.3004,0.000
?,tencentBlock_10820,10,0.5340,0.5267,0.730,0.5123,0.5121,0.020
?,tencentBlock_10825,10,0.2310,0.2291,0.190,0.2008,0.2006,0.020
?,tencentBlock_10827,10,0.2324,0.2311,0.130,0.2219,0.2220,-0.010
?,tencentBlock_10829,10,0.4107,0.3918,1.890,0.3316,0.3316,0.000
?,tencentBlock_10831,10,0.1144,0.1135,0.090,0.1063,0.1063,0.000
?,tencentBlock_1084,10,0.4751,0.4638,1.130,0.3898,0.3899,-0.010
?,tencentBlock_10844,10,0.4155,0.4149,0.060,0.4105,0.4105,-0.005
?,tencentBlock_10851,10,0.2595,0.2596,-0.010,0.2696,0.2695,0.010
?,tencentBlock_10857,10,0.3313,0.2685,6.280,0.2502,0.2588,-0.860
?,tencentBlock_10858,10,0.3333,0.3327,0.060,0.3339,0.3339,0.000
?,tencentBlock_10860,10,0.5996,0.5235,7.610,0.4095,0.4225,-1.300
?,tencentBlock_10866,10,0.2452,0.2478,-0.260,0.2396,0.2398,-0.020
?,tencentBlock_10870,10,0.1740,0.1740,0.000,0.1739,0.1739,0.000
?,tencentBlock_10879,10,0.5223,0.5199,0.240,0.5100,0.5099,0.010
?,tencentBlock_10883,10,0.1611,0.1611,0.000,0.1629,0.1629,0.000
?,tencentBlock_1089,10,0.3881,0.3852,0.290,0.3819,0.3817,0.020
?,tencentBlock_10890,10,0.4486,0.4457,0.290,0.4343,0.4405,-0.615
?,tencentBlock_10893,10,0.3239,0.3237,0.020,0.3312,0.3312,0.000
?,tencentBlock_10897,10,0.3523,0.3468,0.550,0.3274,0.3337,-0.630
?,tencentBlock_10905,10,0.0609,0.0608,0.010,0.0593,0.0593,0.000
?,tencentBlock_10910,10,0.1126,0.1112,0.140,0.1066,0.1066,0.000
?,tencentBlock_10916,10,0.0837,0.0824,0.130,0.0798,0.0797,0.010
?,tencentBlock_10918,10,0.3516,0.3506,0.100,0.3401,0.3403,-0.020
?,tencentBlock_1092,10,0.2792,0.2788,0.040,0.2794,0.2794,0.000
?,tencentBlock_10921,10,0.0767,0.0764,0.030,0.0754,0.0754,0.000
?,tencentBlock_10927,10,0.1096,0.1091,0.050,0.1070,0.1069,0.010
?,tencentBlock_10944,10,0.2670,0.2674,-0.040,0.2709,0.2710,-0.010
?,tencentBlock_10947,10,0.4197,0.4186,0.110,0.4237,0.4237,0.000
?,tencentBlock_10949,10,0.3911,0.3906,0.050,0.3803,0.3802,0.010
?,tencentBlock_10952,10,0.6560,0.6562,-0.020,0.6523,0.6522,0.010
?,tencentBlock_10957,10,0.1290,0.1287,0.030,0.1213,0.1213,0.000
?,tencentBlock_10961,10,0.1646,0.1664,-0.180,0.1822,0.1821,0.010
?,tencentBlock_10964,10,0.0908,0.0904,0.040,0.0818,0.0819,-0.010
?,tencentBlock_10971,10,0.0406,0.0405,0.010,0.0397,0.0397,0.000
?,tencentBlock_10976,10,0.1783,0.1754,0.290,0.1632,0.1628,0.040
?,tencentBlock_10982,10,0.4740,0.4714,0.260,0.4484,0.4481,0.030
?,tencentBlock_10986,10,0.4277,0.4275,0.020,0.4333,0.4333,0.000
?,tencentBlock_1099,10,0.2441,0.2443,-0.020,0.2537,0.2537,0.000
?,tencentBlock_10992,10,0.0203,0.0203,0.000,0.0186,0.0186,0.000
?,tencentBlock_10995,10,0.1887,0.1858,0.290,0.1872,0.1873,-0.010
?,tencentBlock_10996,10,0.3570,0.3544,0.260,0.3518,0.3518,0.000
?,tencentBlock_10999,10,0.4664,0.4656,0.080,0.4684,0.4684,0.000
?,tencentBlock_11006,10,0.4099,0.4111,-0.120,0.4249,0.4247,0.020
?,tencentBlock_11007,10,0.6732,0.6711,0.210,0.6434,0.6434,0.000
?,tencentBlock_11022,10,0.1442,0.1438,0.040,0.1105,0.1105,0.000
?,tencentBlock_11025,10,0.0905,0.0900,0.050,0.0864,0.0864,0.000
?,tencentBlock_11027,10,0.2396,0.1828,5.680,0.1762,0.1981,-2.190
?,tencentBlock_11029,10,0.0784,0.0787,-0.030,0.0721,0.0721,0.000
?,tencentBlock_11032,10,0.2684,0.2665,0.190,0.2531,0.2531,0.000
?,tencentBlock_11037,10,0.2515,0.2505,0.100,0.2429,0.2429,0.000
?,tencentBlock_11038,10,0.2392,0.2366,0.260,0.2291,0.2291,0.000
?,tencentBlock_11046,10,0.1742,0.1748,-0.060,0.1909,0.1909,0.000
?,tencentBlock_11048,10,0.2489,0.2449,0.400,0.2326,0.2326,0.000
?,tencentBlock_11054,10,0.4110,0.3993,1.170,0.3863,0.3853,0.100
?,tencentBlock_11057,10,0.2306,0.2288,0.180,0.2257,0.2256,0.010
?,tencentBlock_11062,10,0.2975,0.2966,0.090,0.2800,0.2800,0.000
?,tencentBlock_11069,10,0.4462,0.4380,0.820,0.4153,0.4153,0.000
?,tencentBlock_11074,10,0.0885,0.0885,0.000,0.0887,0.0887,0.000
?,tencentBlock_11077,10,0.2355,0.2334,0.210,0.2250,0.2250,0.000
?,tencentBlock_1108,10,0.4875,0.4753,1.220,0.4965,0.4948,0.170
?,tencentBlock_11081,10,0.3312,0.3270,0.420,0.3217,0.3217,0.000
?,tencentBlock_11082,10,0.2352,0.2286,0.660,0.2172,0.2175,-0.030
?,tencentBlock_11090,10,0.4408,0.4401,0.070,0.4486,0.4486,0.000
?,tencentBlock_11097,10,0.2390,0.2404,-0.140,0.2359,0.2356,0.030
?,tencentBlock_11102,10,0.4801,0.4806,-0.050,0.4745,0.4742,0.030
?,tencentBlock_11108,10,0.3329,0.3316,0.130,0.3409,0.3408,0.010
?,tencentBlock_11111,10,0.0778,0.0769,0.090,0.0755,,
?,tencentBlock_11120,10,0.2333,0.2328,0.050,0.2278,0.2279,-0.020
?,tencentBlock_11122,10,0.0969,0.0965,0.040,0.0768,0.0768,0.000
?,tencentBlock_11131,10,0.2434,0.2402,0.320,0.2274,0.2274,0.000
?,tencentBlock_11135,10,0.1804,0.1813,-0.090,0.1907,0.1903,0.040
?,tencentBlock_11139,10,0.1226,0.1208,0.180,0.1155,0.1155,0.000
?,tencentBlock_11147,10,0.2484,0.2428,0.560,0.1918,0.1967,-0.490
?,tencentBlock_11159,10,0.2766,0.2769,-0.030,0.2721,0.2720,0.010
?,tencentBlock_11161,10,0.1197,0.1194,0.030,0.1188,0.1188,0.000
?,tencentBlock_11163,10,0.5458,0.5453,0.050,0.5146,0.5146,0.000
?,tencentBlock_11169,10,0.4889,0.4863,0.260,0.4731,0.4726,0.050
?,tencentBlock_1117,10,0.2313,0.2315,-0.020,0.2371,0.2371,0.000
?,tencentBlock_11172,10,0.1238,0.1212,0.260,0.1177,0.1175,0.015
?,tencentBlock_11179,10,0.1666,0.1651,0.150,0.1544,0.1546,-0.020
?,tencentBlock_11185,10,0.2376,0.2367,0.090,0.2240,0.2240,0.000
?,tencentBlock_11192,10,0.1664,0.1644,0.200,0.1557,0.1556,0.010
?,tencentBlock_11200,10,0.2414,0.2410,0.040,0.2277,0.2277,0.000
?,tencentBlock_11207,10,0.3397,0.3410,-0.130,0.3538,0.3534,0.040
?,tencentBlock_11213,10,0.2367,0.2348,0.190,0.2313,0.2313,0.000
?,tencentBlock_11220,10,0.3298,0.3272,0.260,0.3207,0.3205,0.020
?,tencentBlock_11229,10,0.2110,0.2090,0.200,0.2053,0.2053,0.000
?,tencentBlock_11234,10,0.2458,0.2389,0.690,0.2237,0.2291,-0.540
?,tencentBlock_11237,10,0.1247,0.1231,0.160,0.1172,0.1171,0.010
?,tencentBlock_11246,10,0.4284,0.4276,0.080,0.4250,0.4250,0.000
?,tencentBlock_11248,10,0.2280,0.2284,-0.040,0.2406,0.2406,0.000
?,tencentBlock_11249,10,0.1374,0.1375,-0.010,0.1372,0.1372,0.000
?,tencentBlock_1125,10,0.0868,0.0867,0.010,0.0890,0.0889,0.010
?,tencentBlock_11255,10,0.1609,0.1588,0.210,0.1513,0.1514,-0.010
?,tencentBlock_11257,10,0.2533,0.2484,0.490,0.2376,0.2375,0.010
?,tencentBlock_11261,10,0.5897,0.5878,0.190,0.5796,0.5795,0.010
?,tencentBlock_11268,10,0.2174,0.2177,-0.030,0.2119,0.2118,0.010
?,tencentBlock_11275,10,0.3745,0.3707,0.380,0.3634,0.3629,0.050
?,tencentBlock_11284,10,0.2265,0.2252,0.130,0.2178,0.2178,0.000
?,tencentBlock_11287,10,0.2266,0.2276,-0.100,0.2414,0.2413,0.010
?,tencentBlock_11294,10,0.3632,0.3381,2.510,0.3162,0.3214,-0.520
?,tencentBlock_11295,10,0.1540,0.1515,0.250,0.1377,0.1378,-0.010
?,tencentBlock_11301,10,0.6640,0.6055,5.850,0.3006,0.3242,-2.360
?,tencentBlock_11307,10,0.2536,0.2537,-0.010,0.2629,0.2629,0.000
?,tencentBlock_11314,10,0.0760,0.0760,0.000,0.0710,0.0710,0.000
?,tencentBlock_11318,10,0.1915,0.1824,0.910,0.1753,0.1761,-0.080
?,tencentBlock_11321,10,0.1708,0.1549,1.590,0.1483,0.1514,-0.310
?,tencentBlock_11326,10,0.7690,0.7689,0.010,0.7689,0.7689,0.000
?,tencentBlock_11329,10,0.0980,0.0976,0.040,0.0974,0.0973,0.010
?,tencentBlock_11334,10,0.1282,0.1268,0.140,0.1225,0.1222,0.030
?,tencentBlock_11336,10,0.1786,0.1774,0.120,0.1716,0.1716,0.000
?,tencentBlock_1134,10,0.2746,0.2742,0.040,0.2735,0.2735,0.000
?,tencentBlock_11345,10,0.2374,0.2378,-0.040,0.2500,0.2500,0.000
?,tencentBlock_11354,10,0.1981,0.1991,-0.100,0.2202,0.2201,0.010
?,tencentBlock_11362,10,0.0810,0.0803,0.070,0.0781,0.0781,0.000
?,tencentBlock_11368,10,0.1743,0.1749,-0.060,0.1967,0.1967,0.000
?,tencentBlock_11372,10,0.1143,0.1125,0.180,0.1082,0.1082,0.000
?,tencentBlock_11375,10,0.5224,0.5189,0.350,0.5137,,
?,tencentBlock_11383,10,0.1936,0.1939,-0.030,0.1843,0.1844,-0.010
?,tencentBlock_11389,10,0.3170,0.3161,0.090,0.3057,0.3031,0.265
?,tencentBlock_11394,10,0.1136,0.1137,-0.010,0.1077,0.1076,0.010
?,tencentBlock_11401,10,0.5528,0.5312,2.160,0.5042,0.5063,-0.210
?,tencentBlock_11409,10,0.4173,0.4158,0.150,0.4160,0.4160,0.000
?,tencentBlock_11412,10,0.2515,0.2514,0.010,0.2609,0.2608,0.010
?,tencentBlock_11417,10,0.1053,0.1040,0.130,0.1050,0.1047,0.030
?,tencentBlock_11424,10,0.3079,0.3038,0.410,0.2735,0.2744,-0.090
?,tencentBlock_11426,10,0.4944,0.4371,5.730,0.3979,0.3992,-0.130
?,tencentBlock_11429,10,0.5937,0.5932,0.050,0.5784,0.5782,0.020
?,tencentBlock_1143,10,0.3402,0.3400,0.020,0.3368,0.3368,0.000
?,tencentBlock_11436,10,0.2961,0.2939,0.220,0.2942,0.2939,0.025
?,tencentBlock_11439,10,0.5529,0.4216,13.130,0.2930,0.3401,-4.710
?,tencentBlock_11441,10,0.3567,0.3443,1.240,0.3162,0.3247,-0.850
?,tencentBlock_11450,10,0.2019,0.1976,0.430,0.1812,0.1802,0.105
?,tencentBlock_11458,10,0.2300,0.2028,2.720,0.1880,0.1935,-0.550
?,tencentBlock_11467,10,0.1995,0.1990,0.050,0.1950,0.1950,0.000
?,tencentBlock_11469,10,0.6751,0.6750,0.010,0.6705,0.6699,0.060
?,tencentBlock_11477,10,0.2789,0.2788,0.010,0.2827,0.2827,0.000
?,tencentBlock_11480,10,0.3097,0.3164,-0.670,0.3116,0.3057,0.590
?,tencentBlock_11484,10,0.2495,0.2469,0.260,0.2339,0.2338,0.010
?,tencentBlock_11487,10,0.2691,0.2688,0.030,0.2673,0.2673,0.000
?,tencentBlock_11488,10,0.2513,0.2510,0.030,0.2525,0.2524,0.010
?,tencentBlock_11494,10,0.2582,0.2591,-0.090,0.2762,0.2761,0.010
?,tencentBlock_11500,10,0.2946,0.2866,0.800,0.2505,0.2519,-0.140
?,tencentBlock_11501,10,0.1188,0.1109,0.790,0.1034,0.1029,0.050
?,tencentBlock_11502,10,0.3724,0.3415,3.090,0.2371,0.2460,-0.890
?,tencentBlock_11507,10,0.2156,0.2133,0.230,0.1927,0.1927,0.000
?,tencentBlock_11514,10,0.2249,0.2242,0.070,0.2230,0.2226,0.040
?,tencentBlock_11518,10,0.1870,0.1748,1.220,0.1684,0.1684,0.000
?,tencentBlock_11524,10,0.1501,0.1496,0.050,0.1426,0.1426,0.000
?,tencentBlock_11529,10,0.1077,0.1068,0.090,0.1012,0.1010,0.020
?,tencentBlock_11537,10,0.2700,0.2695,0.050,0.2791,0.2791,0.000
?,tencentBlock_11541,10,0.1970,0.1923,0.470,0.1849,0.1850,-0.010
?,tencentBlock_11556,10,0.2526,0.2533,-0.070,0.2674,0.2675,-0.010
?,tencentBlock_11561,10,0.2238,0.2202,0.360,0.2076,0.2045,0.310
?,tencentBlock_11576,10,0.1072,0.1068,0.040,0.0994,0.0994,0.000
?,tencentBlock_11577,10,0.0699,0.0697,0.020,0.0665,0.0665,0.000
?,tencentBlock_11579,10,0.0901,0.0894,0.070,0.0880,0.0879,0.010
?,tencentBlock_11587,10,0.0873,0.0853,0.200,0.0769,0.0770,-0.010
?,tencentBlock_11589,10,0.1403,0.1394,0.090,0.1338,0.1338,0.000
?,tencentBlock_11590,10,0.2269,0.2252,0.170,0.2042,0.2041,0.010
?,tencentBlock_11598,10,0.4156,0.4187,-0.310,0.4366,0.4361,0.050
?,tencentBlock_1160,10,0.1873,0.1862,0.110,0.1808,0.1808,0.000
?,tencentBlock_11605,10,0.1415,0.1422,-0.070,0.1617,0.1616,0.010
?,tencentBlock_11609,10,0.0393,0.0391,0.020,0.0373,0.0373,0.000
?,tencentBlock_1161,10,0.1346,0.1336,0.100,0.1267,0.1266,0.010
?,tencentBlock_11619,10,0.4628,0.4611,0.170,0.4573,0.4573,0.000
?,tencentBlock_11627,10,0.1952,0.1929,0.230,0.1867,0.1867,0.000
?,tencentBlock_11641,10,0.1993,0.1876,1.170,0.1628,0.1817,-1.890
?,tencentBlock_11644,10,0.5643,0.5394,2.490,0.3300,0.3649,-3.495
?,tencentBlock_11663,10,0.5359,0.5338,0.210,0.5290,0.5286,0.040
?,tencentBlock_11665,10,0.1562,0.1564,-0.020,0.1665,0.1665,0.000
?,tencentBlock_11673,10,0.2599,0.2488,1.110,0.2142,0.2139,0.030
?,tencentBlock_11680,10,0.2454,0.2409,0.450,0.2123,0.2123,0.000
?,tencentBlock_11686,10,0.2788,0.2794,-0.060,0.2878,0.2878,0.000
?,tencentBlock_11687,10,0.2526,0.2489,0.370,0.2355,0.2345,0.100
?,tencentBlock_11694,10,0.1266,0.1172,0.940,0.1115,0.1114,0.010
?,tencentBlock_1170,10,0.0871,0.0861,0.100,0.0809,0.0809,0.000
?,tencentBlock_11703,10,0.0786,0.0787,-0.010,0.0776,0.0776,0.000
?,tencentBlock_11710,10,0.2395,0.2332,0.630,0.1960,0.1967,-0.070
?,tencentBlock_11713,10,,,,,,
?,tencentBlock_11714,10,0.4326,0.4122,2.040,0.3479,0.3561,-0.820
?,tencentBlock_11715,10,0.1221,0.1206,0.150,0.1166,0.1165,0.010
?,tencentBlock_11716,10,0.2243,0.2214,0.290,0.1731,0.1748,-0.170
?,tencentBlock_11717,10,0.1586,0.1557,0.290,0.1424,0.1435,-0.110
?,tencentBlock_11724,10,0.4019,0.3840,1.790,0.3352,0.3349,0.030
?,tencentBlock_11728,10,0.1772,0.1737,0.350,0.1691,0.1694,-0.025
?,tencentBlock_11730,10,0.5406,0.5377,0.290,0.5242,0.5243,-0.010
?,tencentBlock_11733,10,0.2574,0.2631,-0.570,0.2618,0.2594,0.240
?,tencentBlock_11740,10,0.3408,0.3395,0.130,0.3342,0.3340,0.015
?,tencentBlock_11747,10,0.2032,0.1956,0.760,0.1849,0.1846,0.030
?,tencentBlock_1175,10,0.2336,0.2305,0.310,0.2251,0.2251,0.000
?,tencentBlock_11753,10,0.0993,0.0977,0.160,0.0954,0.0954,0.000
?,tencentBlock_11761,10,0.5525,0.5523,0.020,0.5499,0.5499,0.000
?,tencentBlock_11767,10,0.4025,0.4021,0.040,0.4036,0.4036,0.000
?,tencentBlock_11771,10,0.1569,0.1554,0.150,0.1413,0.1406,0.070
?,tencentBlock_11775,10,0.0849,0.0795,0.540,0.0593,0.0620,-0.270
?,tencentBlock_11778,10,0.3355,0.3344,0.110,0.3324,0.3323,0.010
?,tencentBlock_11786,10,0.2390,0.2244,1.460,0.1922,0.1931,-0.090
?,tencentBlock_11790,10,0.2152,0.2123,0.290,0.2013,0.2012,0.010
?,tencentBlock_11791,10,0.4789,0.4784,0.050,0.4774,0.4774,0.000
?,tencentBlock_11796,10,0.1738,0.1737,0.010,0.1701,0.1700,0.010
?,tencentBlock_11805,10,0.1452,0.1432,0.200,0.1378,0.1378,0.000
?,tencentBlock_11806,10,0.3999,0.4000,-0.010,0.3999,0.3999,0.000
?,tencentBlock_11813,10,0.1603,0.1553,0.500,0.1468,0.1468,0.000
?,tencentBlock_1182,10,0.3375,0.3301,0.740,0.3082,0.3079,0.030
?,tencentBlock_11830,10,0.4724,0.4628,0.960,0.4481,0.4480,0.010
?,tencentBlock_11839,10,0.6582,0.6566,0.160,0.6638,0.6633,0.050
?,tencentBlock_11841,10,0.1918,0.1896,0.220,0.1861,0.1855,0.060
?,tencentBlock_11846,10,0.4253,0.4182,0.710,0.4098,0.4093,0.050
?,tencentBlock_11847,10,0.1593,0.1559,0.340,0.1443,0.1443,0.000
?,tencentBlock_11853,10,0.0776,0.0761,0.150,0.0732,0.0731,0.010
?,tencentBlock_11858,10,0.2880,0.2547,3.330,0.1860,0.1908,-0.480
?,tencentBlock_11867,10,0.0802,0.0789,0.130,0.0745,0.0744,0.010
?,tencentBlock_11873,10,0.3180,0.2960,2.200,0.2864,0.2942,-0.780
?,tencentBlock_11877,10,0.1846,0.1837,0.090,0.1926,0.1926,0.000
?,tencentBlock_11882,10,0.1991,0.1965,0.260,0.1872,0.1872,0.000
?,tencentBlock_11885,10,0.2532,0.2536,-0.040,0.2637,0.2637,0.000
?,tencentBlock_11895,10,0.1740,0.1627,1.130,0.1494,0.1530,-0.360
?,tencentBlock_11904,10,0.1731,0.1737,-0.060,0.1854,0.1854,0.000
?,tencentBlock_11906,10,0.1521,0.1499,0.220,0.1389,0.1405,-0.160
?,tencentBlock_1191,10,0.8238,0.7861,3.770,,,
?,tencentBlock_11915,10,0.2342,0.2334,0.080,0.2067,0.2067,0.000
?,tencentBlock_11924,10,0.4781,0.4735,0.460,0.4510,0.4513,-0.030
?,tencentBlock_11930,10,0.1514,0.1491,0.230,0.1383,0.1402,-0.190
?,tencentBlock_11937,10,0.2775,0.2787,-0.120,0.2593,0.2589,0.045
?,tencentBlock_1194,10,0.3104,0.3045,0.590,0.1334,0.1357,-0.230
?,tencentBlock_11945,10,0.4861,0.4831,0.300,0.4644,0.4642,0.020
?,tencentBlock_11954,10,0.1315,0.1316,-0.010,0.1285,0.1287,-0.020
?,tencentBlock_11961,10,0.0283,0.0282,0.010,0.0273,0.0273,0.000
?,tencentBlock_11968,10,0.2051,0.2058,-0.070,0.2086,0.2086,0.000
?,tencentBlock_11972,10,0.5361,0.5357,0.040,0.5346,0.5346,0.000
?,tencentBlock_11974,10,0.4922,0.4878,0.440,0.4589,0.4589,0.000
?,tencentBlock_11977,10,0.3870,0.3882,-0.120,0.4072,0.4074,-0.020
?,tencentBlock_11982,10,0.2733,0.2625,1.080,0.2507,0.2510,-0.030
?,tencentBlock_11984,10,0.4826,0.4825,0.010,0.4807,0.4807,0.000
?,tencentBlock_11988,10,0.1276,0.1277,-0.010,0.1277,0.1277,0.000
?,tencentBlock_1199,10,0.6274,0.5859,4.150,0.5605,0.5618,-0.130
?,tencentBlock_11991,10,0.4468,0.4367,1.010,0.4171,0.4164,0.070
?,tencentBlock_11998,10,0.1998,0.1998,0.000,0.1995,0.1995,0.000
?,tencentBlock_12006,10,0.2579,0.2527,0.520,0.2203,0.2203,0.000
?,tencentBlock_12009,10,0.3170,0.3165,0.050,0.3118,0.3118,0.000
?,tencentBlock_1201,10,0.3783,0.3421,3.620,0.2023,0.2071,-0.480
?,tencentBlock_12012,10,0.3738,0.3693,0.450,0.3696,0.3696,0.000
?,tencentBlock_12015,10,0.1728,0.1711,0.170,0.1647,0.1646,0.015
?,tencentBlock_12019,10,0.1413,0.1382,0.310,0.1249,0.1244,0.050
?,tencentBlock_12022,10,0.2044,0.2012,0.320,0.1907,0.1920,-0.130
?,tencentBlock_12026,10,0.6975,0.6973,0.020,0.6918,0.6918,0.000
?,tencentBlock_12034,10,0.6629,0.6374,2.550,0.6264,0.6257,0.070
?,tencentBlock_12043,10,0.2338,0.2342,-0.040,0.2409,0.2409,0.000
?,tencentBlock_12052,10,0.2138,0.2138,0.000,0.2067,0.2067,0.000
?,tencentBlock_12058,10,0.1625,0.1633,-0.080,0.1322,0.1323,-0.010
?,tencentBlock_12060,10,0.3864,0.3843,0.210,0.3770,0.3770,0.000
?,tencentBlock_12069,10,0.5140,0.5136,0.040,0.5108,0.5111,-0.030
?,tencentBlock_12074,10,0.1968,0.1961,0.070,0.1955,0.1954,0.010
?,tencentBlock_12080,10,0.2354,0.2358,-0.040,0.2486,0.2486,0.000
?,tencentBlock_12085,10,0.5033,0.5028,0.050,0.4997,0.4996,0.010
?,tencentBlock_12090,10,0.3934,0.3859,0.750,0.3679,0.3669,0.105
?,tencentBlock_12093,10,0.3535,0.3535,0.000,0.3533,0.3533,0.000
?,tencentBlock_12099,10,0.2853,0.2862,-0.090,0.3134,0.3133,0.010
?,tencentBlock_12100,10,0.3204,0.3200,0.040,0.3323,0.3322,0.010
?,tencentBlock_12103,10,0.1583,0.1538,0.450,0.1472,0.1471,0.010
?,tencentBlock_12106,10,0.2046,0.2046,0.000,0.2044,0.2044,0.000
?,tencentBlock_12114,10,0.2222,0.2201,0.210,0.2142,0.2140,0.015
?,tencentBlock_12123,10,0.1891,0.1886,0.050,0.1831,0.1831,0.000
?,tencentBlock_12132,10,0.4331,0.3421,9.100,0.3192,0.3584,-3.920
?,tencentBlock_12141,10,0.2789,0.2750,0.390,0.2674,0.2674,0.000
?,tencentBlock_12142,10,0.4218,0.4218,0.000,0.4214,0.4214,0.000
?,tencentBlock_12149,10,0.2139,0.2140,-0.010,0.2115,0.2115,0.000
?,tencentBlock_12157,10,0.2253,0.2221,0.320,0.2142,0.2145,-0.030
?,tencentBlock_12165,10,0.2331,0.2330,0.010,0.2216,0.2237,-0.210
?,tencentBlock_12167,10,0.5893,0.5656,2.370,0.3114,0.3315,-2.010
?,tencentBlock_12174,10,0.2961,0.2931,0.300,0.2883,0.2883,0.000
?,tencentBlock_12181,10,0.1774,0.1759,0.150,0.1667,0.1666,0.010
?,tencentBlock_1219,10,0.2169,0.2151,0.180,0.2101,0.2101,0.000
?,tencentBlock_12194,10,0.1738,0.1726,0.120,0.1651,0.1651,0.000
?,tencentBlock_12197,10,0.5146,0.5101,0.450,0.4960,0.4956,0.030
?,tencentBlock_12208,10,0.6225,0.6225,0.000,0.6195,0.6195,0.000
?,tencentBlock_12215,10,0.3054,0.3046,0.080,0.2922,0.2924,-0.020
?,tencentBlock_12226,10,0.2174,0.2104,0.700,0.2055,0.2070,-0.150
?,tencentBlock_1223,10,0.5434,0.5399,0.350,0.5187,0.5187,0.000
?,tencentBlock_12232,10,0.2315,0.2248,0.670,0.1874,0.1873,0.010
?,tencentBlock_12238,10,0.3581,0.3503,0.780,0.3459,0.3472,-0.130
?,tencentBlock_12242,10,0.2302,0.2303,-0.010,0.2381,0.2381,0.000
?,tencentBlock_12248,10,0.1237,0.1148,0.890,0.1060,0.1074,-0.140
?,tencentBlock_12257,10,0.1207,0.1207,0.000,0.1151,0.1150,0.010
?,tencentBlock_12263,10,0.2768,0.2747,0.210,0.2681,0.2687,-0.060
?,tencentBlock_12264,10,0.2005,0.1946,0.590,0.1831,0.1838,-0.070
?,tencentBlock_12271,10,0.2512,0.2505,0.070,0.2474,0.2475,-0.010
?,tencentBlock_12273,10,0.2829,0.2812,0.170,0.2711,0.2710,0.010
?,tencentBlock_12277,10,0.3692,0.3650,0.420,0.3563,0.3562,0.010
?,tencentBlock_1228,10,0.1070,0.1049,0.210,0.1009,0.1008,0.010
?,tencentBlock_12281,10,0.2772,0.2632,1.400,0.2525,0.2508,0.170
?,tencentBlock_12287,10,0.1944,0.1944,0.000,0.2114,0.2113,0.010
?,tencentBlock_12293,10,0.2418,0.2395,0.230,0.2320,0.2319,0.010
?,tencentBlock_12296,10,0.2600,0.2584,0.160,0.2610,0.2610,0.000
?,tencentBlock_12309,10,0.0875,0.0875,0.000,0.0903,0.0903,0.000
?,tencentBlock_12311,10,0.2080,0.2056,0.240,0.1961,0.1959,0.020
?,tencentBlock_12313,10,0.3632,0.3623,0.090,0.3531,0.3531,0.000
?,tencentBlock_12316,10,0.1485,0.1439,0.460,0.1396,0.1395,0.010
?,tencentBlock_12323,10,0.3965,0.3900,0.650,0.3802,0.3802,0.000
?,tencentBlock_12331,10,0.1045,0.1045,0.000,0.1048,0.1048,0.000
?,tencentBlock_12337,10,0.5565,0.5564,0.010,0.5523,0.5522,0.005
?,tencentBlock_12341,10,0.6286,0.6201,0.850,0.6024,0.6027,-0.030
?,tencentBlock_12343,10,0.4793,0.4748,0.450,0.4729,0.4729,0.000
?,tencentBlock_12346,10,0.4402,0.3726,6.760,,0.4291,
?,tencentBlock_12351,10,0.2314,0.2314,0.000,0.2269,0.2269,0.000
?,tencentBlock_12358,10,0.2644,0.2643,0.010,0.2684,0.2684,0.000
?,tencentBlock_1236,10,0.2582,0.2518,0.640,0.2080,0.2098,-0.180
?,tencentBlock_12360,10,0.2039,0.1928,1.110,0.1887,0.1900,-0.130
?,tencentBlock_12365,10,0.2642,0.2597,0.450,0.2508,0.2508,0.000
?,tencentBlock_12374,10,0.2239,0.2235,0.040,0.2337,0.2337,0.000
?,tencentBlock_12375,10,0.2975,0.2971,0.040,0.2986,0.2986,0.000
?,tencentBlock_12384,10,0.2935,0.2894,0.410,0.2905,0.2905,0.000
?,tencentBlock_12390,10,0.2458,0.2460,-0.020,0.2555,0.2555,0.000
?,tencentBlock_12393,10,0.1736,0.1696,0.400,0.1593,0.1592,0.010
?,tencentBlock_12402,10,0.4819,0.4790,0.290,0.4584,0.4577,0.070
?,tencentBlock_12411,10,0.2012,0.1990,0.220,0.1876,0.1863,0.130
?,tencentBlock_12412,10,0.2056,0.1972,0.840,0.1689,0.1695,-0.060
?,tencentBlock_12416,10,0.1746,0.1705,0.410,0.1619,0.1608,0.110
?,tencentBlock_12422,10,0.1970,0.1967,0.030,0.2007,0.2007,0.000
?,tencentBlock_1243,10,0.0058,0.0050,0.080,0.0048,0.0047,0.010
?,tencentBlock_12437,10,0.1461,0.1456,0.050,0.1394,0.1394,0.000
?,tencentBlock_12444,10,0.2818,0.2796,0.220,0.2718,0.2718,0.000
?,tencentBlock_12466,10,0.2251,0.2248,0.030,0.2323,0.2322,0.010
?,tencentBlock_12474,10,0.5836,0.5825,0.110,0.5806,0.5809,-0.030
?,tencentBlock_12481,10,0.1712,0.1719,-0.070,0.1846,0.1845,0.010
?,tencentBlock_12485,10,0.1485,0.1491,-0.060,0.1526,0.1525,0.010
?,tencentBlock_12488,10,0.2953,0.2962,-0.090,0.3255,0.3254,0.010
?,tencentBlock_12495,10,0.1321,0.1202,1.190,0.1129,0.1214,-0.850
?,tencentBlock_12500,10,0.1670,0.1670,0.000,0.1668,0.1668,0.000
?,tencentBlock_12502,10,0.2510,0.2512,-0.020,0.2599,0.2599,0.000
?,tencentBlock_12507,10,0.2475,0.2450,0.250,0.2380,0.2380,0.000
?,tencentBlock_12514,10,0.3611,0.3560,0.510,0.3577,0.3617,-0.400
?,tencentBlock_12518,10,0.1687,0.1689,-0.020,0.1782,0.1782,0.000
?,tencentBlock_12519,10,0.5009,0.5008,0.010,0.4960,0.4960,0.000
?,tencentBlock_1252,10,0.0941,0.0941,0.000,0.0957,0.0956,0.010
?,tencentBlock_12525,10,0.0880,0.0878,0.020,0.0704,0.0704,0.000
?,tencentBlock_12533,10,0.2014,0.2010,0.040,0.2086,0.2086,0.000
?,tencentBlock_12538,10,0.2695,0.2684,0.110,0.2652,0.2651,0.010
?,tencentBlock_12543,10,0.3170,0.3180,-0.100,0.3338,0.3337,0.010
?,tencentBlock_12548,10,0.1006,0.0987,0.190,0.0801,0.0801,0.000
?,tencentBlock_12557,10,0.1077,0.1069,0.080,0.1025,0.1025,0.000
?,tencentBlock_12566,10,0.1158,0.1146,0.120,0.0954,0.0954,0.000
?,tencentBlock_12568,10,0.2510,0.2489,0.210,0.2496,0.2496,0.000
?,tencentBlock_12576,10,0.4220,0.4071,1.490,0.3773,0.3767,0.060
?,tencentBlock_12581,10,0.5042,0.5042,0.000,0.5051,0.5051,0.000
?,tencentBlock_12588,10,0.4022,0.4011,0.110,0.3970,0.3985,-0.150
?,tencentBlock_12594,10,0.3585,0.3585,0.000,0.3374,0.3373,0.010
?,tencentBlock_12599,10,0.2034,0.2015,0.190,0.1932,0.1932,0.000
?,tencentBlock_12600,10,0.4363,0.4007,3.560,0.3496,0.3543,-0.470
?,tencentBlock_12603,10,0.1444,0.1404,0.400,0.1409,0.1408,0.010
?,tencentBlock_1261,10,0.0737,0.0737,0.000,0.0710,0.0709,0.010
?,tencentBlock_12611,10,0.4134,0.4124,0.100,0.4110,0.4110,0.000
?,tencentBlock_12612,10,0.2482,0.2480,0.020,0.2462,0.2462,0.000
?,tencentBlock_12613,10,0.2588,0.2592,-0.040,0.2679,0.2681,-0.020
?,tencentBlock_12619,10,0.3230,0.3229,0.010,0.3089,0.3089,0.000
?,tencentBlock_12623,10,0.5328,0.5308,0.200,0.5115,0.5115,0.000
?,tencentBlock_12630,10,0.1307,0.1263,0.440,0.1237,0.1249,-0.120
?,tencentBlock_12637,10,0.3551,0.3546,0.050,0.3444,0.3444,0.000
?,tencentBlock_12645,10,0.2124,0.2102,0.220,0.2011,0.2007,0.040
?,tencentBlock_12651,10,0.2217,0.2209,0.080,0.2292,0.2292,0.000
?,tencentBlock_12654,10,0.3348,0.3332,0.160,0.3298,0.3298,0.000
?,tencentBlock_12662,10,0.4623,0.4619,0.040,0.4599,0.4599,0.000
?,tencentBlock_12670,10,0.3276,0.3250,0.260,0.3293,0.3293,0.000
?,tencentBlock_12674,10,0.0835,0.0830,0.050,0.0759,0.0759,0.000
?,tencentBlock_1268,10,0.2003,0.1990,0.130,0.1679,0.1678,0.010
?,tencentBlock_12683,10,0.3562,0.3559,0.030,0.3438,0.3438,0.000
?,tencentBlock_12690,10,0.1669,0.1656,0.130,0.1534,0.1536,-0.020
?,tencentBlock_12694,10,0.5801,0.5209,5.920,0.4454,0.4812,-3.580
?,tencentBlock_12695,10,0.0915,0.0915,0.000,0.0897,0.0897,0.000
?,tencentBlock_12696,10,0.5204,0.5195,0.090,0.5171,0.5186,-0.145
?,tencentBlock_12700,10,0.2300,0.2262,0.380,0.2038,0.2039,-0.010
?,tencentBlock_12707,10,0.1948,0.1939,0.090,0.1888,0.1888,0.000
?,tencentBlock_12708,10,0.4332,0.4331,0.010,0.4296,0.4296,0.000
?,tencentBlock_12709,10,0.3328,0.3277,0.510,0.2991,0.2990,0.010
?,tencentBlock_12710,10,0.4862,0.4766,0.960,0.4550,0.4548,0.020
?,tencentBlock_12715,10,0.5287,0.5214,0.730,0.4859,0.4853,0.060
?,tencentBlock_12723,10,0.2539,0.2493,0.460,0.2379,0.2383,-0.040
?,tencentBlock_12734,10,0.2186,0.2124,0.620,0.1902,,
?,tencentBlock_12740,10,0.2671,0.2642,0.290,0.2578,0.2579,-0.010
?,tencentBlock_12746,10,0.2262,0.2246,0.160,0.2204,0.2204,0.000
?,tencentBlock_12753,10,0.6128,0.5585,5.430,0.3700,0.4066,-3.660
?,tencentBlock_12760,10,0.2902,0.2893,0.090,0.2868,0.2868,0.000
?,tencentBlock_12762,10,0.1941,0.1932,0.090,0.1827,0.1772,0.550
?,tencentBlock_12765,10,0.5430,0.5429,0.010,0.5369,,
?,tencentBlock_12768,10,0.2936,0.2937,-0.010,0.3029,0.3027,0.020
?,tencentBlock_12771,10,0.0803,0.0803,0.000,0.0881,0.0881,0.000
?,tencentBlock_12778,10,0.1731,0.1703,0.280,0.1737,0.1739,-0.020
?,tencentBlock_12781,10,0.1033,0.1042,-0.090,0.1039,0.1032,0.070
?,tencentBlock_12783,10,0.1343,0.1328,0.150,0.1194,0.1194,0.000
?,tencentBlock_12785,10,0.2488,0.2473,0.150,0.1973,0.1974,-0.010
?,tencentBlock_12792,10,0.1496,0.1470,0.260,0.1252,0.1251,0.010
?,tencentBlock_12796,10,0.1436,0.1420,0.160,0.1288,0.1287,0.010
?,tencentBlock_12799,10,0.2690,0.2691,-0.010,0.2826,0.2824,0.020
?,tencentBlock_12802,10,0.2497,0.2502,-0.050,0.2628,0.2627,0.010
?,tencentBlock_12803,10,0.5904,0.5866,0.380,0.5675,0.5675,0.000
?,tencentBlock_12804,10,0.1022,0.1021,0.010,0.1013,0.1017,-0.040
?,tencentBlock_12806,10,0.3811,0.3776,0.350,0.3804,0.3803,0.010
?,tencentBlock_12811,10,0.1226,0.1230,-0.040,0.1432,0.1432,0.000
?,tencentBlock_12812,10,0.1881,0.1881,0.000,0.1971,0.1971,0.000
?,tencentBlock_1282,10,0.2099,,,,,
?,tencentBlock_12890,10,0.2207,0.2118,0.890,0.2086,0.2072,0.140
?,tencentBlock_12926,10,0.2462,0.2431,0.310,0.2360,0.2361,-0.010
?,tencentBlock_12963,10,0.1048,0.1045,0.030,0.1009,0.1009,0.000
?,tencentBlock_12982,10,0.2691,0.2657,0.340,,0.2516,
?,tencentBlock_12994,10,0.1526,0.1524,0.020,0.1496,0.1497,-0.010
?,tencentBlock_13033,10,0.2708,0.2903,-1.950,0.2871,0.2822,0.490
?,tencentBlock_13072,10,0.2332,0.2253,0.790,0.2207,0.2178,0.290
?,tencentBlock_13084,10,0.1219,0.1189,0.300,0.1130,0.1130,0.000
?,tencentBlock_13112,10,0.3127,0.3089,0.380,0.3008,0.3005,0.030
?,tencentBlock_13164,10,0.0736,0.0728,0.080,0.0708,0.0708,0.000
?,tencentBlock_13217,10,0.1458,0.1428,0.300,0.1364,0.1364,0.000
?,tencentBlock_13236,10,0.1477,0.1437,0.400,0.1333,0.1333,0.000
?,tencentBlock_13244,10,0.1911,0.1911,0.000,0.1896,0.1896,0.000
?,tencentBlock_13294,10,0.1785,0.1713,0.720,0.1591,0.1586,0.050
?,tencentBlock_13300,10,0.1227,0.1181,0.460,0.1051,0.1049,0.020
?,tencentBlock_13313,10,0.1736,0.1737,-0.010,0.1704,0.1702,0.020
?,tencentBlock_13319,10,,,,,,
?,tencentBlock_13332,10,0.1514,0.1577,-0.630,0.1172,0.1287,-1.150
?,tencentBlock_13343,10,0.4876,0.4884,-0.080,0.4869,0.4872,-0.030
?,tencentBlock_13391,10,0.5588,0.5471,1.170,0.5252,0.5252,0.000
?,tencentBlock_13411,10,0.1985,0.1926,0.590,0.1878,0.1878,0.000
?,tencentBlock_1344,10,0.0087,0.0076,0.110,0.0075,0.0075,0.000
?,tencentBlock_13455,10,0.3134,0.3118,0.160,0.3066,0.3066,0.000
?,tencentBlock_13482,10,0.2921,0.2921,0.000,0.2919,0.2919,0.000
?,tencentBlock_13513,10,0.0569,0.0561,0.080,0.0552,0.0548,0.040
?,tencentBlock_13526,10,0.2726,0.2692,0.340,0.2630,0.2629,0.010
?,tencentBlock_13564,10,0.1096,0.1096,0.000,0.1095,0.1095,0.000
?,tencentBlock_13608,10,0.1140,0.1126,0.140,0.1083,0.1083,0.000
?,tencentBlock_13626,10,0.2674,0.2662,0.120,0.2554,0.2584,-0.300
?,tencentBlock_13645,10,0.2239,0.2124,1.150,0.2049,0.2074,-0.245
?,tencentBlock_13646,10,0.2195,0.2157,0.380,0.2095,0.2095,0.000
?,tencentBlock_1368,10,0.2238,0.2219,0.190,0.2139,0.2137,0.020
?,tencentBlock_13711,10,0.6052,0.6036,0.160,0.6002,0.6005,-0.030
?,tencentBlock_13720,10,0.2760,0.2663,0.970,0.2583,0.2407,1.765
?,tencentBlock_13755,10,0.2807,0.2792,0.150,0.2720,0.2720,0.000
?,tencentBlock_13816,10,0.1652,0.1641,0.110,0.1607,0.1607,0.000
?,tencentBlock_13820,10,0.2545,0.2515,0.300,0.2432,0.2432,0.000
?,tencentBlock_13840,10,0.3553,0.3550,0.030,0.3504,0.3504,0.000
?,tencentBlock_13868,10,0.1769,0.1764,0.050,0.1759,0.1759,0.000
?,tencentBlock_13902,10,0.3910,0.3789,1.210,0.3581,0.3572,0.090
?,tencentBlock_13948,10,0.2476,0.2429,0.470,0.2289,0.2289,0.000
?,tencentBlock_13952,10,0.1729,0.1736,-0.070,0.1662,0.1661,0.010
?,tencentBlock_13959,10,0.1721,0.1717,0.040,0.1691,0.1691,0.000
?,tencentBlock_13981,10,0.2258,0.2228,0.300,0.2086,0.2065,0.210
?,tencentBlock_14030,10,0.2011,0.1981,0.300,0.1933,0.1949,-0.160
?,tencentBlock_14105,10,0.2122,0.2099,0.230,0.2005,0.1995,0.100
?,tencentBlock_1417,10,0.1924,0.1890,0.340,0.1852,0.1853,-0.010
?,tencentBlock_1418,10,0.0005,0.0005,0.000,0.0004,0.0004,0.000
?,tencentBlock_14186,10,0.0943,0.0941,0.020,0.0840,0.0840,0.000
?,tencentBlock_1421,10,0.1766,0.1760,0.060,0.1715,0.1715,0.000
?,tencentBlock_14220,10,0.3148,0.3091,0.570,,0.3062,
?,tencentBlock_14229,10,0.2127,0.2127,0.000,0.2121,0.2121,0.000
?,tencentBlock_14239,10,0.5858,0.5855,0.030,0.5850,0.5850,0.000
?,tencentBlock_14242,10,0.5206,0.5206,0.000,0.5195,0.5196,-0.010
?,tencentBlock_14249,10,0.6926,0.6925,0.010,0.6925,0.6925,0.000
?,tencentBlock_1430,10,0.3988,0.3871,1.170,0.3604,0.3619,-0.150
?,tencentBlock_14321,10,0.0915,0.0800,1.150,0.0731,0.0734,-0.030
?,tencentBlock_14383,10,0.5094,0.5094,0.000,0.5088,0.5089,-0.010
?,tencentBlock_14405,10,0.3837,0.3682,1.550,,0.3511,
?,tencentBlock_14533,10,0.2052,0.2010,0.420,0.1928,0.1932,-0.040
?,tencentBlock_14555,10,0.2068,0.2043,0.250,0.1991,0.1991,0.000
?,tencentBlock_14610,10,0.3002,0.2982,0.200,0.2740,0.2746,-0.060
?,tencentBlock_14666,10,0.7094,0.7093,0.010,0.7093,0.7093,0.000
?,tencentBlock_14684,10,0.2360,0.2359,0.010,0.2326,0.2329,-0.020
?,tencentBlock_14701,10,0.2407,0.2358,0.490,0.2330,0.2344,-0.145
?,tencentBlock_14731,10,0.7219,0.7187,0.320,0.7160,0.7030,1.295
?,tencentBlock_14737,10,0.0911,0.0894,0.170,0.0862,0.0850,0.120
?,tencentBlock_14743,10,0.2230,0.2186,0.440,0.2082,0.2081,0.010
?,tencentBlock_14753,10,0.6252,0.6249,0.030,0.6208,0.6208,0.000
?,tencentBlock_14774,10,0.4900,0.4896,0.040,0.4889,0.4887,0.020
?,tencentBlock_14781,10,0.2798,0.2797,0.010,0.2785,0.2785,0.000
?,tencentBlock_14790,10,0.2266,0.2210,0.560,0.2114,0.2111,0.035
?,tencentBlock_1487,10,0.0800,0.0793,0.070,0.0790,0.0790,0.000
?,tencentBlock_14918,10,0.1200,0.1173,0.270,0.1089,0.1087,0.020
?,tencentBlock_15012,10,0.1805,0.1802,0.030,0.1829,0.1836,-0.070
?,tencentBlock_15063,10,0.2677,0.2690,-0.130,0.2580,0.2580,0.000
?,tencentBlock_15070,10,0.4734,0.4687,0.470,0.4630,0.4629,0.010
?,tencentBlock_1510,10,0.2249,0.2105,1.440,0.2035,,
?,tencentBlock_15117,10,0.3222,0.3222,0.000,0.3217,0.3217,0.000
?,tencentBlock_15126,10,0.0863,0.0854,0.090,0.0825,0.0826,-0.010
?,tencentBlock_15205,10,0.2550,0.2420,1.300,0.2072,0.2072,0.000
?,tencentBlock_15236,10,0.3765,0.3764,0.010,0.3723,0.3723,0.000
?,tencentBlock_15266,10,0.3936,0.3881,0.550,0.3719,0.3714,0.050
?,tencentBlock_15291,10,0.3142,0.2939,2.030,0.2730,0.2721,0.090
?,tencentBlock_15307,10,0.5140,0.5136,0.040,0.5128,0.5128,-0.005
?,tencentBlock_15331,10,0.1310,0.1305,0.050,0.1232,0.1232,0.000
?,tencentBlock_15348,10,0.0717,0.0720,-0.030,0.0676,0.0676,0.000
?,tencentBlock_15356,10,0.2325,0.2315,0.100,0.2288,0.2287,0.005
?,tencentBlock_15434,10,0.1194,0.1189,0.050,0.1146,0.1150,-0.040
?,tencentBlock_15485,10,0.0854,0.0854,0.000,0.0854,0.0854,0.000
?,tencentBlock_15504,10,0.5391,0.5383,0.080,0.5373,0.5374,-0.010
?,tencentBlock_15572,10,0.1154,0.1128,0.260,0.1070,0.1067,0.030
?,tencentBlock_15601,10,0.4513,0.4513,0.000,0.4500,0.4499,0.010
?,tencentBlock_15615,10,0.1491,0.1466,0.250,0.1399,0.1399,0.000
?,tencentBlock_15635,10,0.0709,0.0702,0.070,0.0687,0.0685,0.020
?,tencentBlock_15641,10,0.3878,0.3869,0.090,0.3673,0.3665,0.080
?,tencentBlock_15651,10,0.2176,0.2138,0.380,0.2061,,
?,tencentBlock_1571,10,0.1386,0.1373,0.130,0.1309,0.1309,0.000
?,tencentBlock_15713,10,0.2335,0.2297,0.380,0.2238,0.2238,0.000
?,tencentBlock_15762,10,0.1784,0.1783,0.010,0.1743,0.1742,0.010
?,tencentBlock_15791,10,0.2721,0.2684,0.370,0.2613,0.2610,0.035
?,tencentBlock_15833,10,0.1666,0.1651,0.150,0.1521,0.1521,0.000
?,tencentBlock_15844,10,0.2194,0.2204,-0.100,0.2102,0.2084,0.180
?,tencentBlock_15980,10,0.3579,0.3431,1.480,0.3292,0.3279,0.130
?,tencentBlock_16040,10,0.3626,0.3575,0.510,0.3477,,
?,tencentBlock_16041,10,0.0879,0.0857,0.220,0.0830,0.0830,0.000
?,tencentBlock_16093,10,0.1294,0.1281,0.130,0.1268,0.1267,0.010
?,tencentBlock_1612,10,0.2280,0.2223,0.570,0.2078,0.2066,0.120
?,tencentBlock_16131,10,0.3158,0.3109,0.490,0.2990,0.2989,0.010
?,tencentBlock_16132,10,0.5968,0.5956,0.120,0.5927,0.5928,-0.010
?,tencentBlock_16254,10,0.1745,0.1738,0.070,0.1664,0.1662,0.020
?,tencentBlock_1628,10,0.1963,0.1961,0.020,0.1827,0.1824,0.030
?,tencentBlock_16341,10,0.4040,0.4039,0.010,0.4020,0.4023,-0.030
?,tencentBlock_16383,10,0.2445,0.2430,0.150,0.2344,0.2344,0.000
?,tencentBlock_16387,10,0.9713,0.9695,0.180,0.9446,0.9447,-0.010
?,tencentBlock_16428,10,0.2004,0.1978,0.260,0.1923,0.1923,0.000
?,tencentBlock_16495,10,0.4806,0.4810,-0.040,0.4790,0.4792,-0.020
?,tencentBlock_16551,10,0.1615,0.1579,0.360,0.1444,0.1444,0.000
?,tencentBlock_16579,10,0.3713,0.3710,0.030,0.3681,0.3681,0.005
?,tencentBlock_16625,10,0.1992,0.1948,0.440,0.1868,0.1878,-0.100
?,tencentBlock_16672,10,0.3737,0.3734,0.030,0.3721,0.3720,0.010
?,tencentBlock_16729,10,0.4898,0.4897,0.010,0.4894,0.4895,-0.010
?,tencentBlock_1675,10,0.2387,0.1996,3.910,0.1877,0.1852,0.250
?,tencentBlock_16768,10,0.1237,0.1220,0.170,0.1070,0.1069,0.010
?,tencentBlock_16812,10,0.2183,0.2148,0.350,0.2017,0.2017,0.000
?,tencentBlock_16850,10,0.2421,0.2393,0.280,,0.2276,
?,tencentBlock_16863,10,0.5357,0.5348,0.090,0.5342,0.5342,0.000
?,tencentBlock_16921,10,0.1381,0.1370,0.110,0.1324,0.1324,0.000
?,tencentBlock_16927,10,0.2943,0.2903,0.400,0.2821,0.2820,0.010
?,tencentBlock_17014,10,0.1357,0.1359,-0.020,0.1251,0.1250,0.010
?,tencentBlock_17038,10,0.5094,0.5086,0.080,0.5027,0.5028,-0.005
?,tencentBlock_17044,10,0.2248,0.2244,0.040,0.2331,0.2332,-0.010
?,tencentBlock_17052,10,0.5469,0.5461,0.080,0.5349,0.5346,0.030
?,tencentBlock_1706,10,0.0786,0.0768,0.180,0.0756,0.0757,-0.010
?,tencentBlock_17060,10,0.1086,0.1089,-0.030,0.1125,0.1125,0.000
?,tencentBlock_17061,10,0.3685,0.3765,-0.800,0.3726,0.3726,0.000
?,tencentBlock_1707,10,0.0358,0.0358,0.000,0.0354,0.0354,0.000
?,tencentBlock_17070,10,0.2232,0.2233,-0.010,0.2312,0.2312,0.000
?,tencentBlock_17073,10,0.3587,0.3486,1.010,0.3404,0.3404,0.000
?,tencentBlock_1708,10,0.6362,0.6361,0.010,0.6354,0.6354,0.000
?,tencentBlock_17081,10,0.2676,0.2650,0.260,0.2545,0.2544,0.010
?,tencentBlock_17082,10,0.2476,0.2122,3.540,0.1775,0.1911,-1.360
?,tencentBlock_17085,10,0.2678,0.2665,0.130,0.2537,0.2545,-0.075
?,tencentBlock_17094,10,0.2301,0.2301,0.000,0.2315,0.2314,0.010
?,tencentBlock_17102,10,0.1081,0.1057,0.240,0.1026,0.1026,0.005
?,tencentBlock_17111,10,0.3347,0.3351,-0.040,0.3428,0.3428,0.000
?,tencentBlock_17112,10,0.2726,0.2733,-0.070,0.2853,0.2853,0.000
?,tencentBlock_17114,10,0.0873,0.0866,0.070,0.0848,0.0848,0.000
?,tencentBlock_17115,10,0.5807,0.5775,0.320,0.5229,0.5229,0.000
?,tencentBlock_17124,10,0.5654,0.5643,0.110,0.5590,0.5591,-0.010
?,tencentBlock_17132,10,0.2607,0.2608,-0.010,0.2668,0.2668,0.000
?,tencentBlock_17141,10,0.3086,0.3078,0.080,0.3080,0.3080,0.000
?,tencentBlock_17143,10,0.1974,0.1983,-0.090,0.2082,0.2081,0.010
?,tencentBlock_17145,10,0.2416,0.2416,0.000,0.2416,0.2416,0.000
?,tencentBlock_17149,10,0.1605,0.1602,0.030,0.1678,0.1677,0.010
?,tencentBlock_17154,10,0.3887,0.3845,0.420,0.3759,0.3753,0.055
?,tencentBlock_17160,10,0.4112,0.4098,0.140,0.4014,0.4018,-0.040
?,tencentBlock_17169,10,0.2616,0.2614,0.020,0.2655,0.2655,0.000
?,tencentBlock_1717,10,0.2217,0.2216,0.010,0.2198,0.2198,0.005
?,tencentBlock_17179,10,0.4133,0.4097,0.360,0.4058,0.4048,0.100
?,tencentBlock_17183,10,0.1937,0.1932,0.050,0.1888,0.1888,0.000
?,tencentBlock_17184,10,0.3529,0.3519,0.100,0.3431,0.3431,0.000
?,tencentBlock_17191,10,0.2223,0.2219,0.040,0.2231,0.2232,-0.010
?,tencentBlock_17194,10,0.2111,0.2102,0.090,0.2094,0.2093,0.005
?,tencentBlock_17202,10,0.2472,0.2478,-0.060,0.2605,0.2605,0.000
?,tencentBlock_17209,10,0.2467,0.2460,0.070,0.2435,0.2436,-0.010
?,tencentBlock_17212,10,0.2915,0.2912,0.030,0.2899,0.2899,0.000
?,tencentBlock_1722,10,0.4790,0.4778,0.120,0.4590,0.4590,0.000
?,tencentBlock_17220,10,0.4701,0.4625,0.760,,0.4498,
?,tencentBlock_17227,10,0.2210,0.2206,0.040,0.2181,0.2181,-0.005
?,tencentBlock_17229,10,0.3420,0.3411,0.090,0.3264,0.3263,0.015
?,tencentBlock_17236,10,0.4664,0.4665,-0.010,0.4595,0.4595,0.000
?,tencentBlock_17243,10,0.5076,0.5022,0.540,0.4716,0.4716,0.000
?,tencentBlock_17247,10,0.2388,0.2396,-0.080,0.2497,0.2500,-0.030
?,tencentBlock_17253,10,0.1706,0.1712,-0.060,0.1864,0.1864,0.000
?,tencentBlock_17261,10,0.5404,0.5367,0.370,0.5300,0.5301,-0.010
?,tencentBlock_17268,10,0.4550,0.4538,0.120,0.4466,0.4464,0.025
?,tencentBlock_17269,10,0.1653,0.1661,-0.080,0.1817,0.1817,0.000
?,tencentBlock_1727,10,0.2955,0.2945,0.100,0.2932,0.2931,0.010
?,tencentBlock_17273,10,0.4477,0.4429,0.480,0.4359,0.4359,0.000
?,tencentBlock_17282,10,0.4776,0.4744,0.320,0.4699,0.4698,0.015
?,tencentBlock_17286,10,0.1442,0.1397,0.450,0.1341,0.1338,0.030
?,tencentBlock_17293,10,0.4110,0.4114,-0.040,0.4235,0.4231,0.040
?,tencentBlock_17295,10,0.2216,0.2140,0.760,0.2152,0.2152,0.000
?,tencentBlock_17296,10,0.4458,0.4506,-0.480,0.4300,0.4300,0.000
?,tencentBlock_17301,10,0.3577,0.3579,-0.020,0.3451,0.3451,0.000
?,tencentBlock_17304,10,0.4419,0.4404,0.150,0.4178,0.4178,0.000
?,tencentBlock_17308,10,0.2539,0.2547,-0.080,0.2515,0.2515,0.000
?,tencentBlock_17317,10,0.1764,0.1768,-0.040,0.1854,0.1853,0.010
?,tencentBlock_17326,10,0.2985,0.2973,0.120,0.2981,0.2980,0.010
?,tencentBlock_1733,10,0.4364,0.4339,0.250,0.4309,0.4309,0.000
?,tencentBlock_17332,10,0.4754,0.4757,-0.030,0.4621,0.4621,0.000
?,tencentBlock_17339,10,0.2835,0.2822,0.130,0.2744,0.2744,0.000
?,tencentBlock_17348,10,0.5147,0.5127,0.200,0.4944,0.4944,0.000
?,tencentBlock_17352,10,0.1841,0.1805,0.360,0.1758,0.1757,0.010
?,tencentBlock_17358,10,0.3036,0.3033,0.030,0.3235,0.3235,0.000
?,tencentBlock_17367,10,0.4654,0.4726,-0.720,0.4805,0.4803,0.025
?,tencentBlock_17373,10,0.5426,0.5428,-0.020,0.5393,0.5393,0.000
?,tencentBlock_17382,10,0.1655,0.1641,0.140,0.1673,0.1671,0.020
?,tencentBlock_17385,10,0.1426,0.1411,0.150,0.1325,0.1325,0.000
?,tencentBlock_1740,10,0.4087,0.4076,0.110,0.4008,0.4007,0.010
?,tencentBlock_17402,10,0.0883,0.0883,0.000,0.0709,0.0709,0.000
?,tencentBlock_17408,10,0.5405,0.5393,0.120,0.4924,0.4924,0.000
?,tencentBlock_17412,10,0.3012,0.2963,0.490,0.2797,0.2796,0.010
?,tencentBlock_17421,10,0.4252,0.4239,0.130,0.4203,0.4203,0.000
?,tencentBlock_17428,10,0.5018,0.5004,0.140,0.4977,0.4976,0.010
?,tencentBlock_17432,10,0.3470,0.3453,0.170,0.3438,0.3437,0.010
?,tencentBlock_17435,10,0.4029,0.4023,0.060,0.4111,0.4111,0.000
?,tencentBlock_17444,10,0.4319,0.4223,0.960,0.4034,0.4055,-0.210
?,tencentBlock_17452,10,0.4731,0.4681,0.500,0.4639,0.4635,0.040
?,tencentBlock_1746,10,0.1027,0.1014,0.130,0.0783,0.0783,0.000
?,tencentBlock_17460,10,0.2503,0.2509,-0.060,0.2458,0.2476,-0.180
?,tencentBlock_17463,10,0.5434,0.5427,0.070,0.5386,0.5386,0.000
?,tencentBlock_17465,10,0.3084,0.3092,-0.080,0.3236,0.3235,0.010
?,tencentBlock_17470,10,0.2854,0.2845,0.090,0.2726,0.2726,0.000
?,tencentBlock_17474,10,0.4880,0.4723,1.570,0.4501,0.4502,-0.010
?,tencentBlock_17482,10,0.3339,0.3343,-0.040,0.3525,0.3521,0.040
?,tencentBlock_17489,10,0.3559,0.3546,0.130,0.3501,0.3501,0.000
?,tencentBlock_17495,10,0.3597,0.3595,0.020,0.3590,0.3589,0.015
?,tencentBlock_17504,10,0.2225,0.2213,0.120,0.2181,0.2180,0.010
?,tencentBlock_17507,10,0.4922,0.4875,0.470,0.4780,,
?,tencentBlock_17519,10,0.1884,0.1893,-0.090,0.2073,0.2073,0.000
?,tencentBlock_17524,10,0.2428,0.2429,-0.010,0.2472,0.2472,0.000
?,tencentBlock_17525,10,0.2699,0.2665,0.340,0.2598,0.2598,0.000
?,tencentBlock_1753,10,0.0966,0.0932,0.340,0.0858,0.0858,0.000
?,tencentBlock_17531,10,0.4685,0.4682,0.030,0.4681,0.4680,0.010
?,tencentBlock_17533,10,0.5913,0.5912,0.010,0.5909,0.5909,0.000
?,tencentBlock_17541,10,0.2866,0.2845,0.210,0.2840,0.2840,0.000
?,tencentBlock_17544,10,0.6638,0.6634,0.040,0.6621,0.6620,0.005
?,tencentBlock_17546,10,0.3692,0.3689,0.030,0.3655,0.3656,-0.010
?,tencentBlock_1755,10,0.2743,0.2739,0.040,0.2899,0.2899,0.000
?,tencentBlock_17553,10,0.1000,0.0994,0.060,0.0997,0.0997,0.000
?,tencentBlock_17558,10,0.3564,0.3546,0.180,0.3451,0.3451,0.000
?,tencentBlock_17559,10,0.2625,0.2628,-0.030,0.2664,0.2664,0.000
?,tencentBlock_17567,10,0.3092,0.3087,0.050,0.3173,0.3173,0.000
?,tencentBlock_17570,10,0.2578,0.2454,1.240,0.2168,0.2221,-0.530
?,tencentBlock_17571,10,0.2694,0.2665,0.290,0.2612,0.2612,0.000
?,tencentBlock_17573,10,0.4570,0.4539,0.310,0.4465,0.4466,-0.010
?,tencentBlock_17579,10,0.3027,0.3012,0.150,0.2955,0.2955,0.000
?,tencentBlock_17585,10,0.1731,0.1733,-0.020,0.1850,0.1848,0.025
?,tencentBlock_17593,10,0.2334,0.2341,-0.070,0.2451,0.2449,0.020
?,tencentBlock_17601,10,0.3921,0.3865,0.560,0.3751,0.3749,0.020
?,tencentBlock_17604,10,0.2720,0.2642,0.780,0.2362,0.2360,0.020
?,tencentBlock_17606,10,0.0285,0.0285,0.000,0.0316,0.0314,0.020
?,tencentBlock_17615,10,0.4904,0.4901,0.030,0.4847,0.4847,0.000
?,tencentBlock_17620,10,0.5028,0.5021,0.070,0.4998,0.4999,-0.010
?,tencentBlock_17624,10,0.4269,0.4257,0.120,0.4223,0.4223,0.000
?,tencentBlock_17629,10,0.3755,0.3755,0.000,0.3796,0.3795,0.010
?,tencentBlock_17638,10,0.2327,0.2332,-0.050,0.2507,0.2507,0.000
?,tencentBlock_17645,10,0.2329,0.2337,-0.080,0.2449,0.2449,0.000
?,tencentBlock_17649,10,0.8586,0.8564,0.220,,,
?,tencentBlock_1765,10,0.0420,0.0394,0.260,0.0370,0.0368,0.020
?,tencentBlock_17657,10,0.2114,0.2092,0.220,0.2120,0.2120,0.000
?,tencentBlock_17665,10,0.4355,0.4344,0.110,0.4342,0.4341,0.010
?,tencentBlock_17668,10,0.4896,0.4890,0.060,0.4930,0.4931,-0.010
?,tencentBlock_17671,10,0.1144,0.1144,0.000,0.1147,0.1147,0.000
?,tencentBlock_17675,10,0.5510,0.5496,0.140,0.5478,0.5479,-0.005
?,tencentBlock_17676,10,0.4228,0.4222,0.060,0.4170,0.4169,0.010
?,tencentBlock_17680,10,0.2403,0.2403,0.000,0.2550,0.2551,-0.015
?,tencentBlock_17681,10,0.1496,0.1483,0.130,0.1508,0.1507,0.010
?,tencentBlock_17689,10,0.3861,0.3860,0.010,0.3966,0.3966,0.000
?,tencentBlock_17692,10,0.4371,0.4288,0.830,,0.4136,
?,tencentBlock_17697,10,0.5615,0.5602,0.130,0.5564,0.5564,0.000
?,tencentBlock_17705,10,0.4399,0.4346,0.530,0.4128,0.4124,0.040
?,tencentBlock_17709,10,0.2635,0.2376,2.590,0.2478,0.2437,0.410
?,tencentBlock_17716,10,0.5723,0.5713,0.100,,0.5692,
?,tencentBlock_17722,10,0.3863,0.3816,0.470,0.3750,0.3750,0.000
?,tencentBlock_17723,10,0.2136,0.2141,-0.050,0.2249,0.2249,0.000
?,tencentBlock_17731,10,0.4751,0.4715,0.360,0.4638,0.4650,-0.125
?,tencentBlock_1774,10,0.1692,0.1639,0.530,0.1572,0.1574,-0.020
?,tencentBlock_17740,10,0.3831,0.3830,0.010,0.3845,0.3846,-0.010
?,tencentBlock_17743,10,0.3468,0.3466,0.020,0.3425,0.3425,0.000
?,tencentBlock_17750,10,0.3504,0.3518,-0.140,0.3627,0.3626,0.010
?,tencentBlock_17755,10,0.3050,0.3049,0.010,0.2974,0.2974,0.000
?,tencentBlock_17757,10,0.2203,0.2213,-0.100,0.2346,0.2346,0.000
?,tencentBlock_17764,10,0.2226,0.2185,0.410,0.2127,0.2130,-0.030
?,tencentBlock_17771,10,0.5835,0.5823,0.120,0.5692,0.5690,0.015
?,tencentBlock_17776,10,0.5326,0.5322,0.040,0.5286,0.5286,0.000
?,tencentBlock_17781,10,0.2205,0.2203,0.020,0.2195,0.2195,0.000
?,tencentBlock_17785,10,0.4182,0.4128,0.540,0.4045,0.4041,0.040
?,tencentBlock_17793,10,0.2221,0.2228,-0.070,0.2396,0.2395,0.010
?,tencentBlock_17795,10,0.0914,0.0892,0.220,0.0851,0.0851,0.000
?,tencentBlock_17798,10,0.3150,0.3152,-0.020,0.3302,0.3301,0.010
?,tencentBlock_1780,10,0.4458,0.3461,9.970,0.2204,0.2646,-4.420
?,tencentBlock_17804,10,0.4331,0.4327,0.040,0.4189,0.4188,0.010
?,tencentBlock_17806,10,0.4385,0.4377,0.080,0.4352,0.4352,0.000
?,tencentBlock_17810,10,0.1754,0.1761,-0.070,0.1880,0.1875,0.050
?,tencentBlock_17813,10,0.1703,0.1693,0.100,0.1601,0.1601,0.000
?,tencentBlock_17818,10,0.3879,0.3870,0.090,0.3717,0.3717,0.000
?,tencentBlock_17822,10,0.3744,0.3716,0.280,0.3590,0.3588,0.020
?,tencentBlock_17824,10,0.2705,0.2708,-0.030,0.2762,0.2762,0.000
?,tencentBlock_17829,10,0.2260,0.2256,0.040,0.2177,0.2177,0.000
?,tencentBlock_17830,10,0.3664,0.3660,0.040,0.3598,0.3594,0.040
?,tencentBlock_17835,10,0.4162,0.4151,0.110,0.3974,0.3974,0.000
?,tencentBlock_1784,10,0.2506,0.2464,0.420,0.2411,0.2411,0.000
?,tencentBlock_17843,10,0.4413,0.4403,0.100,0.4396,0.4395,0.010
?,tencentBlock_17852,10,0.4124,0.4132,-0.080,0.4378,0.4374,0.040
?,tencentBlock_17859,10,0.5181,0.5171,0.100,0.5115,0.5114,0.010
?,tencentBlock_17860,10,0.5419,0.5406,0.130,0.5380,0.5380,0.000
?,tencentBlock_17867,10,0.2813,0.2830,-0.170,0.2823,0.2823,0.000
?,tencentBlock_17873,10,0.0951,0.0940,0.110,0.0866,0.0866,0.000
?,tencentBlock_17878,10,0.3609,0.3600,0.090,0.3537,0.3537,0.000
?,tencentBlock_17879,10,0.4708,0.4706,0.020,0.4717,0.4716,0.005
?,tencentBlock_17882,10,0.3474,0.3472,0.020,0.3393,0.3393,0.000
?,tencentBlock_17885,10,0.2402,0.2396,0.060,0.2375,0.2374,0.015
?,tencentBlock_17887,10,0.5432,0.5422,0.100,0.5381,0.5381,0.000
?,tencentBlock_17891,10,0.4349,0.4287,0.620,0.4245,0.4245,0.000
?,tencentBlock_17894,10,0.4989,0.4961,0.280,0.4872,0.4862,0.100
?,tencentBlock_17897,10,0.1496,0.1476,0.200,0.1328,0.1328,0.000
?,tencentBlock_17902,10,0.2533,0.2546,-0.130,0.2593,0.2592,0.005
?,tencentBlock_17906,10,0.2990,0.3004,-0.140,0.3400,0.3424,-0.240
?,tencentBlock_17910,10,0.3449,0.3438,0.110,0.3374,0.3372,0.020
?,tencentBlock_17912,10,0.3466,0.3461,0.050,0.3396,0.3395,0.010
?,tencentBlock_17915,10,0.2742,0.2728,0.140,0.2680,0.2680,0.000
?,tencentBlock_17924,10,0.6518,0.6499,0.190,0.6367,0.6367,0.000
?,tencentBlock_17932,10,0.2723,0.2701,0.220,0.2624,0.2623,0.010
?,tencentBlock_17940,10,0.2072,0.2046,0.260,0.1991,0.1989,0.015
?,tencentBlock_17945,10,0.0609,0.0603,0.060,0.0612,0.0612,0.000
?,tencentBlock_17954,10,0.4667,0.4664,0.030,0.4618,0.4620,-0.020
?,tencentBlock_17958,10,0.3183,0.3150,0.330,0.3110,0.3106,0.040
?,tencentBlock_1796,10,0.1712,0.1692,0.200,0.1547,0.1547,0.000
?,tencentBlock_17963,10,0.3745,0.3695,0.500,0.3570,0.3567,0.030
?,tencentBlock_17972,10,0.1306,0.1312,-0.060,0.1184,0.1182,0.025
?,tencentBlock_17974,10,0.5256,0.5256,0.000,0.5221,0.5221,0.000
?,tencentBlock_17981,10,0.3491,0.3454,0.370,0.3254,0.3253,0.010
?,tencentBlock_17983,10,0.2521,0.2469,0.520,,0.2404,
?,tencentBlock_17988,10,0.3105,0.3103,0.020,0.3125,0.3124,0.005
?,tencentBlock_1799,10,0.4359,0.4334,0.250,0.4247,0.4240,0.070
?,tencentBlock_17991,10,0.3186,0.3183,0.030,0.3212,0.3212,0.000
?,tencentBlock_18004,10,0.4160,0.4158,0.020,0.4119,0.4119,0.000
?,tencentBlock_18013,10,0.2205,0.2208,-0.030,0.2300,0.2300,0.000
?,tencentBlock_18018,10,0.3811,0.3814,-0.030,0.3786,0.3786,0.000
?,tencentBlock_18027,10,0.6513,0.4846,16.670,0.2209,0.2791,-5.820
?,tencentBlock_18029,10,0.3632,0.3605,0.270,0.3345,0.3345,0.000
?,tencentBlock_18031,10,0.1104,0.1086,0.180,0.1056,0.1056,0.000
?,tencentBlock_18038,10,0.4290,0.4253,0.370,0.4130,0.4131,-0.010
?,tencentBlock_18047,10,0.1923,0.1919,0.040,0.1890,0.1890,0.000
?,tencentBlock_18052,10,0.3977,0.3954,0.230,0.3951,0.3952,-0.010
?,tencentBlock_18055,10,0.3213,0.3198,0.150,0.3031,0.3028,0.030
?,tencentBlock_18060,10,0.4718,0.4659,0.590,0.4488,0.4487,0.010
?,tencentBlock_18063,10,0.3444,0.3439,0.050,0.3226,0.3386,-1.600
?,tencentBlock_18072,10,0.1733,0.1719,0.140,0.1708,0.1708,0.000
?,tencentBlock_18077,10,0.2360,0.2360,0.000,0.2384,0.2384,0.000
?,tencentBlock_18083,10,0.3333,0.3157,1.760,0.3051,0.3034,0.170
?,tencentBlock_18089,10,0.1702,0.1667,0.350,0.1594,0.1594,0.000
?,tencentBlock_18094,10,0.2679,0.2668,0.110,0.2594,0.2593,0.005
?,tencentBlock_18101,10,0.1550,0.1287,2.630,0.1107,0.1204,-0.970
?,tencentBlock_18108,10,0.2991,0.2968,0.230,0.2893,0.2894,-0.010
?,tencentBlock_1811,10,0.1872,0.1860,0.120,0.1547,0.1547,0.000
?,tencentBlock_18112,10,0.1659,0.1656,0.030,0.1624,0.1624,0.000
?,tencentBlock_18121,10,0.4807,0.4778,0.290,0.4718,0.4717,0.005
?,tencentBlock_18128,10,0.2235,0.2231,0.040,0.2223,0.2223,0.000
?,tencentBlock_18141,10,0.1758,0.1725,0.330,0.1646,0.1646,0.000
?,tencentBlock_18144,10,0.2496,0.2470,0.260,0.2366,0.2366,0.000
?,tencentBlock_18147,10,0.1136,0.1125,0.110,0.1092,0.1092,0.000
?,tencentBlock_18153,10,0.4034,0.3948,0.860,0.3730,0.3730,0.000
?,tencentBlock_18157,10,0.6494,0.6480,0.140,0.6384,0.6384,0.000
?,tencentBlock_18158,10,0.6617,0.6617,0.000,0.6617,0.6617,0.000
?,tencentBlock_18167,10,0.2593,0.2592,0.010,0.2592,0.2592,0.000
?,tencentBlock_18168,10,0.2426,0.2430,-0.040,0.2528,0.2528,0.000
?,tencentBlock_1817,10,0.4757,0.4754,0.030,0.4696,0.4696,0.000
?,tencentBlock_18172,10,0.2299,0.2332,-0.330,0.2321,0.2344,-0.230
?,tencentBlock_18180,10,0.1195,0.1188,0.070,0.1141,0.1140,0.010
?,tencentBlock_18188,10,0.2209,0.2145,0.640,0.2084,0.2076,0.080
?,tencentBlock_18195,10,0.2220,0.2187,0.330,0.2148,0.2146,0.020
?,tencentBlock_18199,10,0.2167,0.2139,0.280,0.2010,0.2010,0.000
?,tencentBlock_18204,10,0.2430,0.2427,0.030,0.2370,0.2370,0.000
?,tencentBlock_18211,10,0.3613,0.3589,0.240,0.3517,0.3517,0.000
?,tencentBlock_18212,10,0.1931,0.1919,0.120,0.1936,0.1936,0.000
?,tencentBlock_18215,10,0.0663,0.0665,-0.020,0.0681,0.0681,0.000
?,tencentBlock_18220,10,0.1331,0.1338,-0.070,0.1503,0.1503,0.000
?,tencentBlock_18227,10,0.2655,0.2645,0.100,0.2584,0.2584,0.000
?,tencentBlock_18228,10,0.3824,0.3791,0.330,0.3693,0.3693,0.000
?,tencentBlock_18237,10,0.2340,0.2316,0.240,0.1719,0.1719,0.000
?,tencentBlock_18242,10,0.4251,0.4228,0.230,,0.4205,
?,tencentBlock_18245,10,0.5339,0.5338,0.010,,0.5323,
?,tencentBlock_18246,10,0.2342,0.2318,0.240,0.2222,0.2221,0.010
?,tencentBlock_18254,10,0.2396,0.2398,-0.020,0.2329,0.2333,-0.045
?,tencentBlock_1826,10,0.1604,0.1603,0.010,0.1575,0.1575,0.000
?,tencentBlock_18261,10,0.4019,0.4000,0.190,0.3779,0.3780,-0.005
?,tencentBlock_18265,10,0.3276,0.3251,0.250,0.3232,0.3233,-0.010
?,tencentBlock_18274,10,0.5815,0.5805,0.100,0.5746,0.5746,0.000
?,tencentBlock_18279,10,0.2023,0.2021,0.020,0.2156,0.2156,0.000
?,tencentBlock_18283,10,0.2355,0.2362,-0.070,0.2505,0.2505,0.000
?,tencentBlock_18297,10,0.4099,0.4094,0.050,0.4119,0.4117,0.020
?,tencentBlock_1830,10,0.1444,0.1427,0.170,0.1284,0.1283,0.010
?,tencentBlock_18301,10,0.1184,0.1185,-0.010,0.1185,0.1185,0.000
?,tencentBlock_18312,10,0.4227,0.4219,0.080,0.4287,0.4287,0.000
?,tencentBlock_18318,10,0.1219,0.1190,0.290,0.1134,0.1134,0.000
?,tencentBlock_18331,10,0.5675,0.5642,0.330,0.5667,0.5666,0.010
?,tencentBlock_18339,10,0.3208,0.3206,0.020,0.3172,0.3171,0.010
?,tencentBlock_1834,10,0.3324,0.3281,0.430,0.3184,0.3183,0.015
?,tencentBlock_18342,10,0.6624,0.6623,0.010,0.6607,0.6606,0.010
?,tencentBlock_18347,10,0.4555,0.4534,0.210,0.4405,0.4383,0.215
?,tencentBlock_18348,10,0.1946,0.1935,0.110,0.2014,0.2013,0.005
?,tencentBlock_18357,10,0.5000,0.4975,0.250,0.4671,0.4671,0.000
?,tencentBlock_18364,10,0.3936,0.3928,0.080,0.3858,0.3857,0.010
?,tencentBlock_18369,10,0.4099,0.4079,0.200,0.4024,0.4023,0.010
?,tencentBlock_18374,10,0.3364,0.3342,0.220,0.3310,0.3310,0.000
?,tencentBlock_18377,10,0.1769,0.1765,0.040,0.1872,0.1866,0.065
?,tencentBlock_18385,10,0.4257,0.4256,0.010,0.4204,0.4204,0.000
?,tencentBlock_1839,10,0.2777,0.2762,0.150,0.2696,0.2703,-0.070
?,tencentBlock_18393,10,0.1811,0.1815,-0.040,0.1918,0.1918,0.000
?,tencentBlock_18399,10,0.3043,0.2954,0.890,0.2724,0.2723,0.010
?,tencentBlock_18408,10,0.4979,0.4966,0.130,0.4921,0.4921,0.000
?,tencentBlock_1841,10,0.1737,0.1735,0.020,0.1705,0.1703,0.020
?,tencentBlock_18416,10,0.2314,0.2319,-0.050,0.2423,0.2423,0.000
?,tencentBlock_18421,10,0.4851,0.4850,0.010,0.4827,0.4827,0.000
?,tencentBlock_18427,10,0.1936,0.1849,0.870,0.1812,0.1812,0.000
?,tencentBlock_18435,10,0.2510,0.2512,-0.020,0.2605,0.2605,0.000
?,tencentBlock_1844,10,0.1550,0.1438,1.120,0.1355,0.1350,0.050
?,tencentBlock_18443,10,0.3919,0.3753,1.660,0.3527,0.3528,-0.010
?,tencentBlock_18444,10,0.2388,0.2387,0.010,0.2327,0.2326,0.010
?,tencentBlock_18447,10,0.5786,0.5732,0.540,0.5673,0.5670,0.030
?,tencentBlock_18453,10,0.1452,0.1434,0.180,0.1366,0.1366,0.000
?,tencentBlock_18461,10,0.6466,0.6440,0.260,0.6399,0.6398,0.010
?,tencentBlock_18462,10,0.1963,0.1969,-0.060,0.2096,0.2095,0.010
?,tencentBlock_18473,10,0.4458,0.4459,-0.010,0.4400,0.4403,-0.030
?,tencentBlock_18476,10,0.5326,0.5323,0.030,0.5271,0.5308,-0.365
?,tencentBlock_18485,10,0.3785,0.3794,-0.090,0.3932,0.3933,-0.015
?,tencentBlock_1849,10,0.2688,0.2703,-0.150,0.2750,0.2753,-0.030
?,tencentBlock_18493,10,0.5224,0.5215,0.090,0.5174,0.5174,0.000
?,tencentBlock_18495,10,0.4783,0.4777,0.060,0.4711,0.4708,0.030
?,tencentBlock_18497,10,0.2355,0.2357,-0.020,0.2405,0.2405,0.000
?,tencentBlock_18505,10,0.5213,0.5213,0.000,0.5208,0.5208,0.000
?,tencentBlock_1851,10,0.2642,0.2636,0.060,0.2124,0.2124,0.000
?,tencentBlock_18514,10,0.1858,0.1859,-0.010,0.1929,0.1929,0.000
?,tencentBlock_18522,10,0.6720,0.6720,0.000,0.6682,0.6697,-0.150
?,tencentBlock_18530,10,0.3012,0.3006,0.060,0.3019,0.3019,0.000
?,tencentBlock_18532,10,0.5184,0.5183,0.010,0.5177,0.5177,0.000
?,tencentBlock_18539,10,0.4751,0.4748,0.030,0.4711,0.4710,0.010
?,tencentBlock_18548,10,0.2541,0.2535,0.060,0.2640,0.2641,-0.010
?,tencentBlock_1855,10,0.2474,0.2418,0.560,0.2371,0.2377,-0.060
?,tencentBlock_18557,10,0.2596,0.2593,0.030,0.2532,0.2532,0.000
?,tencentBlock_18560,10,0.2333,0.2315,0.180,0.2329,0.2328,0.010
?,tencentBlock_18565,10,0.4959,0.4950,0.090,0.4907,0.4907,0.000
?,tencentBlock_18572,10,0.4656,0.4653,0.030,0.4809,0.4803,0.060
?,tencentBlock_18581,10,0.3286,0.3277,0.090,0.2971,0.2971,0.000
?,tencentBlock_18588,10,0.1375,0.1535,-1.600,0.1386,0.1385,0.010
?,tencentBlock_1859,10,0.0926,0.0925,0.010,0.0946,0.0947,-0.010
?,tencentBlock_18593,10,0.4455,0.4457,-0.020,0.4432,0.4434,-0.020
?,tencentBlock_18599,10,0.3927,0.3928,-0.010,0.3911,0.3911,0.000
?,tencentBlock_18610,10,0.1709,0.1706,0.030,0.1883,0.1882,0.010
?,tencentBlock_18617,10,0.1694,0.1693,0.010,0.1671,0.1671,0.000
?,tencentBlock_18623,10,0.3170,0.3127,0.430,0.3004,0.3002,0.025
?,tencentBlock_18627,10,0.2530,0.2535,-0.050,0.2744,0.2744,0.000
?,tencentBlock_1863,10,0.1137,0.1127,0.100,0.1098,0.1097,0.010
?,tencentBlock_18633,10,0.4318,0.4306,0.120,0.4292,0.4292,0.000
?,tencentBlock_18638,10,0.1266,0.1261,0.050,0.1280,0.1278,0.020
?,tencentBlock_18639,10,0.1626,0.1634,-0.080,0.1796,0.1798,-0.020
?,tencentBlock_18644,10,0.3208,0.3220,-0.120,0.3326,0.3325,0.010
?,tencentBlock_18646,10,0.1856,0.1862,-0.060,0.1953,0.1958,-0.055
?,tencentBlock_18654,10,0.1841,0.1841,0.000,0.1928,0.1928,0.000
?,tencentBlock_18655,10,0.4270,0.3519,7.510,0.3646,0.4246,-6.000
?,tencentBlock_18667,10,0.6639,0.6639,0.000,0.6612,0.6619,-0.065
?,tencentBlock_1867,10,0.3718,0.3589,1.290,0.3390,0.3375,0.150
?,tencentBlock_18671,10,0.1856,0.1850,0.060,0.1914,0.1902,0.120
?,tencentBlock_18678,10,0.2298,0.2303,-0.050,0.2496,0.2496,-0.005
?,tencentBlock_18682,10,0.5152,0.5149,0.030,0.5125,0.5130,-0.040
?,tencentBlock_18686,10,0.2916,0.2867,0.490,0.2755,0.2755,0.000
?,tencentBlock_18695,10,0.5497,0.5480,0.170,0.5460,0.5460,0.000
?,tencentBlock_18699,10,0.2750,0.2749,0.010,0.2842,0.2842,0.000
?,tencentBlock_18700,10,0.4801,0.4783,0.180,0.4666,0.4663,0.030
?,tencentBlock_18702,10,0.3553,0.3558,-0.050,0.3337,0.3337,0.000
?,tencentBlock_18711,10,0.2369,0.2366,0.030,0.2368,0.2368,0.000
?,tencentBlock_18712,10,0.2531,0.2538,-0.070,0.2654,0.2655,-0.010
?,tencentBlock_18715,10,0.1533,0.1537,-0.040,0.1648,0.1648,0.000
?,tencentBlock_18717,10,0.2439,0.2408,0.310,0.2337,0.2336,0.010
?,tencentBlock_18721,10,0.3547,0.3542,0.050,0.3402,0.3402,0.000
?,tencentBlock_18722,10,0.3887,0.3851,0.360,0.3777,0.3797,-0.200
?,tencentBlock_18727,10,0.1727,0.1589,1.380,0.1367,0.1561,-1.940
?,tencentBlock_1873,10,0.6472,0.6461,0.110,0.6449,0.6450,-0.010
?,tencentBlock_18735,10,0.1128,0.1129,-0.010,0.1190,0.1190,0.000
?,tencentBlock_1874,10,0.4069,0.3943,1.260,0.3759,0.3770,-0.110
?,tencentBlock_18743,10,0.5430,0.5417,0.130,0.5383,0.5383,0.000
?,tencentBlock_18748,10,0.3993,0.3981,0.120,0.3926,0.3928,-0.015
?,tencentBlock_18757,10,0.3131,0.3123,0.080,0.3123,0.3122,0.010
?,tencentBlock_1876,10,0.5265,0.5285,-0.200,0.5314,0.5313,0.010
?,tencentBlock_18765,10,0.3096,0.3080,0.160,0.3040,0.3040,0.000
?,tencentBlock_18770,10,0.2869,0.2869,0.000,0.3002,0.3002,0.000
?,tencentBlock_18776,10,0.5028,0.5019,0.090,0.5011,0.5010,0.015
?,tencentBlock_18781,10,0.1697,0.1704,-0.070,0.1815,0.1815,0.000
?,tencentBlock_18789,10,0.3208,0.3207,0.010,0.3300,0.3298,0.020
?,tencentBlock_1879,10,0.3996,0.4002,-0.060,0.4032,0.4027,0.050
?,tencentBlock_18801,10,0.1568,0.1566,0.020,0.1528,0.1528,0.000
?,tencentBlock_18803,10,0.5429,0.5415,0.140,0.5170,0.5172,-0.020
?,tencentBlock_18807,10,0.5247,0.5222,0.250,0.5118,0.5119,-0.010
?,tencentBlock_18808,10,0.3262,0.3214,0.480,0.3154,0.3155,-0.010
?,tencentBlock_18810,10,0.2547,0.2550,-0.030,0.2495,0.2496,-0.015
?,tencentBlock_18819,10,0.1835,0.1805,0.300,0.1733,0.1734,-0.015
?,tencentBlock_1882,10,0.1095,0.1084,0.110,0.1054,0.1054,0.000
?,tencentBlock_18820,10,0.1520,0.1522,-0.020,0.1579,0.1579,0.000
?,tencentBlock_18822,10,0.3041,0.2939,1.020,0.2906,0.2928,-0.215
?,tencentBlock_18826,10,0.0931,0.0931,0.000,0.0931,0.0931,0.000
?,tencentBlock_18832,10,0.4334,0.4331,0.030,0.4306,0.4306,0.000
?,tencentBlock_18840,10,0.3881,0.3880,0.010,0.3847,0.3874,-0.270
?,tencentBlock_18849,10,0.4054,0.4023,0.310,0.3992,0.3991,0.010
?,tencentBlock_1885,10,0.1777,0.1760,0.170,0.1671,0.1673,-0.020
?,tencentBlock_18851,10,0.2566,0.2571,-0.050,0.2646,0.2640,0.060
?,tencentBlock_18859,10,0.2307,0.2309,-0.020,0.2350,0.2350,0.000
?,tencentBlock_18862,10,0.1870,0.1881,-0.110,0.2021,0.2021,0.000
?,tencentBlock_18865,10,0.2953,0.2935,0.180,0.2933,0.2914,0.190
?,tencentBlock_18868,10,0.3022,0.3026,-0.040,0.3062,0.3064,-0.020
?,tencentBlock_18875,10,0.4851,0.4826,0.250,0.4790,0.4790,0.000
?,tencentBlock_18883,10,0.3687,0.3690,-0.030,0.3974,0.3977,-0.030
?,tencentBlock_18887,10,0.5583,0.5581,0.020,0.5541,0.5545,-0.040
?,tencentBlock_18893,10,0.4653,0.4631,0.220,0.4601,0.4599,0.020
?,tencentBlock_18897,10,0.3929,0.3892,0.370,0.3825,0.3826,-0.015
?,tencentBlock_18899,10,0.4394,0.4353,0.410,0.4293,0.4293,0.000
?,tencentBlock_18905,10,0.2289,0.2289,0.000,0.2319,0.2319,0.000
?,tencentBlock_18907,10,0.1821,0.1786,0.350,0.1627,0.1627,0.000
?,tencentBlock_1891,10,0.4207,0.4198,0.090,0.3812,0.3812,0.000
?,tencentBlock_18912,10,0.4489,0.4396,0.930,0.4189,0.4190,-0.010
?,tencentBlock_18926,10,0.0954,0.0919,0.350,0.0817,0.0817,0.000
?,tencentBlock_18927,10,0.5101,0.5091,0.100,0.5206,0.5206,0.000
?,tencentBlock_18932,10,0.1955,0.1955,0.000,0.2017,0.2017,0.000
?,tencentBlock_18940,10,0.4567,0.4553,0.140,0.4502,0.4502,0.000
?,tencentBlock_18945,10,0.5402,0.5297,1.050,0.5115,0.5115,0.000
?,tencentBlock_18951,10,0.6666,0.6661,0.050,0.6625,0.6625,-0.005
?,tencentBlock_18960,10,0.1489,0.1462,0.270,0.1354,0.1359,-0.050
?,tencentBlock_1897,10,0.0968,0.0955,0.130,0.0924,0.0923,0.010
?,tencentBlock_18970,10,0.3370,0.3357,0.130,0.3348,0.3348,0.000
?,tencentBlock_18971,10,0.1193,0.1149,0.440,0.1071,0.1082,-0.110
?,tencentBlock_18974,10,0.1915,0.1919,-0.040,0.1951,0.1951,0.000
?,tencentBlock_18981,10,0.3579,0.3594,-0.150,0.3515,0.3515,0.000
?,tencentBlock_18984,10,0.5124,0.5124,0.000,0.5113,0.5113,0.000
?,tencentBlock_18986,10,0.1701,0.1702,-0.010,0.1769,0.1769,0.000
?,tencentBlock_18992,10,0.2249,0.2260,-0.110,0.2404,0.2404,0.000
?,tencentBlock_18999,10,0.2959,0.2959,0.000,0.2957,0.2957,0.000
?,tencentBlock_19004,10,0.5085,0.5082,0.030,0.5073,0.5072,0.010
?,tencentBlock_19010,10,0.7266,0.7264,0.020,0.7226,0.7226,0.000
?,tencentBlock_19018,10,0.5312,0.5311,0.010,0.5303,0.5303,0.000
?,tencentBlock_19027,10,0.3882,0.3867,0.150,0.3919,0.3918,0.010
?,tencentBlock_19028,10,0.1429,0.1435,-0.060,0.1571,0.1571,0.000
?,tencentBlock_19032,10,0.5180,0.5178,0.020,0.5115,0.5111,0.035
?,tencentBlock_19036,10,0.5160,0.5152,0.080,,,
?,tencentBlock_1904,10,0.5227,0.5221,0.060,0.5192,,
?,tencentBlock_19045,10,0.5051,0.4979,0.720,0.4252,0.4254,-0.020
?,tencentBlock_19048,10,0.1377,0.1360,0.170,,0.1291,
?,tencentBlock_19050,10,0.3230,0.3221,0.090,0.3201,0.3201,0.000
?,tencentBlock_19056,10,0.2303,0.2289,0.140,0.2234,0.2235,-0.010
?,tencentBlock_19059,10,0.5402,0.5361,0.410,0.5299,0.5298,0.005
?,tencentBlock_19063,10,0.6657,0.6652,0.050,0.6619,0.6619,0.000
?,tencentBlock_19067,10,0.2873,0.2865,0.080,0.2725,0.2725,0.000
?,tencentBlock_19068,10,0.1902,0.1916,-0.140,0.2007,0.2007,0.000
?,tencentBlock_19076,10,0.2705,0.2699,0.060,0.2740,0.2740,0.000
?,tencentBlock_19082,10,0.5431,0.5567,-1.360,0.5766,0.5766,0.000
?,tencentBlock_19088,10,0.2080,0.2083,-0.030,0.2186,0.2186,0.000
?,tencentBlock_19091,10,0.4233,0.4220,0.130,0.4189,0.4190,-0.010
?,tencentBlock_19100,10,0.1879,0.1883,-0.040,0.2060,0.2060,0.000
?,tencentBlock_19105,10,0.1479,0.1475,0.040,0.1297,0.1296,0.010
?,tencentBlock_19106,10,0.4915,0.4915,0.000,0.4893,0.4894,-0.010
?,tencentBlock_19107,10,0.3519,0.3511,0.080,0.3386,0.3387,-0.010
?,tencentBlock_19113,10,0.5054,0.5055,-0.010,0.5042,0.5044,-0.020
?,tencentBlock_19114,10,0.4743,0.4697,0.460,0.4673,0.4673,0.000
?,tencentBlock_19129,10,0.3984,0.3984,0.000,0.3826,0.3826,0.000
?,tencentBlock_19138,10,0.2227,0.2183,0.440,0.1976,0.1976,0.000
?,tencentBlock_19140,10,0.5606,0.5086,5.200,0.4130,0.4653,-5.230
?,tencentBlock_19143,10,0.9994,0.9025,9.690,,,
?,tencentBlock_1915,10,0.1614,0.1594,0.200,0.1482,0.1485,-0.030
?,tencentBlock_19152,10,0.1921,0.1931,-0.100,0.2159,0.2159,0.000
?,tencentBlock_19153,10,0.4253,0.4256,-0.030,0.4210,0.4210,0.000
?,tencentBlock_19157,10,0.2850,0.2790,0.600,0.2671,0.2662,0.090
?,tencentBlock_19158,10,0.4769,0.4759,0.100,0.4697,0.4697,0.000
?,tencentBlock_19166,10,0.3675,0.3668,0.070,0.3626,0.3626,0.005
?,tencentBlock_19175,10,0.1974,0.1973,0.010,0.1985,0.1985,0.000
?,tencentBlock_19184,10,0.2659,0.2660,-0.010,0.2568,0.2611,-0.430
?,tencentBlock_19189,10,0.2645,0.2610,0.350,0.2582,0.2503,0.790
?,tencentBlock_19194,10,0.2318,0.2328,-0.100,0.2465,0.2465,0.000
?,tencentBlock_19206,10,0.2476,0.2470,0.060,0.2601,0.2595,0.060
?,tencentBlock_19210,10,0.2267,0.2267,0.000,0.2343,0.2343,0.000
?,tencentBlock_19211,10,0.2537,0.2541,-0.040,0.2665,0.2665,0.000
?,tencentBlock_19214,10,0.1798,0.1802,-0.040,0.1899,0.1899,0.000
?,tencentBlock_19219,10,0.3394,0.3374,0.200,0.3424,0.3424,0.000
?,tencentBlock_19225,10,0.3029,0.3024,0.050,0.2989,0.2989,0.000
?,tencentBlock_1923,10,0.1687,0.1712,-0.250,0.1863,0.1863,0.000
?,tencentBlock_19232,10,0.5136,0.5129,0.070,0.5115,0.5115,0.000
?,tencentBlock_1924,10,0.1265,0.1247,0.180,0.1233,0.1200,0.330
?,tencentBlock_19240,10,0.1835,0.1841,-0.060,0.2067,0.2066,0.010
?,tencentBlock_19249,10,0.3935,0.3862,0.730,0.3774,0.3764,0.100
?,tencentBlock_19257,10,0.5583,0.5582,0.010,0.5558,0.5558,0.000
?,tencentBlock_19268,10,0.2368,0.2372,-0.040,0.2426,0.2426,0.000
?,tencentBlock_19279,10,0.2986,0.2961,0.250,0.2708,0.2708,0.000
?,tencentBlock_19286,10,0.2270,0.2277,-0.070,0.2436,0.2438,-0.020
?,tencentBlock_19288,10,0.5065,0.4950,1.150,0.4839,0.4838,0.010
?,tencentBlock_19295,10,0.3356,0.3352,0.040,0.3491,0.3491,0.000
?,tencentBlock_19302,10,0.3677,0.3674,0.030,0.3716,0.3715,0.015
?,tencentBlock_19304,10,0.3096,0.3029,0.670,0.2969,0.2976,-0.070
?,tencentBlock_19309,10,0.2205,0.2202,0.030,0.2176,,
?,tencentBlock_19311,10,0.1728,0.1717,0.110,0.1663,0.1662,0.010
?,tencentBlock_19317,10,0.2863,0.2858,0.050,0.2798,0.2798,0.000
?,tencentBlock_19324,10,0.4745,0.4737,0.080,0.4688,,
?,tencentBlock_19325,10,0.4612,0.4597,0.150,0.4723,0.4717,0.060
?,tencentBlock_19326,10,0.2642,0.2649,-0.070,0.2747,0.2747,0.000
?,tencentBlock_19333,10,0.1879,0.1867,0.120,0.1580,0.1581,-0.010
?,tencentBlock_19342,10,0.2907,0.2772,1.350,0.2683,0.2678,0.050
?,tencentBlock_19345,10,0.3025,0.2988,0.370,0.3017,0.3017,0.000
?,tencentBlock_1935,10,0.2118,0.2103,0.150,0.2128,0.2128,0.000
?,tencentBlock_19353,10,0.4492,0.4465,0.270,,0.4413,
?,tencentBlock_19359,10,0.3906,0.3865,0.410,0.3921,0.3925,-0.040
?,tencentBlock_19361,10,0.2574,0.2587,-0.130,0.2653,0.2647,0.060
?,tencentBlock_19370,10,0.4960,0.4959,0.010,0.4934,0.4934,0.000
?,tencentBlock_19376,10,0.2240,0.2238,0.020,0.2242,0.2242,0.000
?,tencentBlock_19381,10,0.3279,0.3278,0.010,0.3240,0.3240,0.000
?,tencentBlock_19388,10,0.2479,0.2453,0.260,0.2358,0.2359,-0.010
?,tencentBlock_1939,10,0.4236,0.4235,0.010,0.4345,0.4344,0.010
?,tencentBlock_19390,10,0.2309,0.2327,-0.180,0.2488,0.2488,0.000
?,tencentBlock_19391,10,0.1673,0.1648,0.250,0.1562,0.1562,0.000
?,tencentBlock_19396,10,0.4608,0.4591,0.170,0.4562,0.4562,0.000
?,tencentBlock_19400,10,0.2067,0.2064,0.030,0.2158,0.2158,0.000
?,tencentBlock_19406,10,0.0578,0.0578,0.000,0.0472,0.0471,0.010
?,tencentBlock_19410,10,0.3200,0.3192,0.080,0.3195,0.3187,0.080
?,tencentBlock_19416,10,0.4051,0.4057,-0.060,0.3895,0.3887,0.080
?,tencentBlock_19419,10,0.3425,0.3410,0.150,0.3367,0.3367,0.000
?,tencentBlock_19422,10,0.2280,0.2282,-0.020,0.2364,0.2364,0.000
?,tencentBlock_19424,10,0.3575,0.3577,-0.020,0.3463,0.3463,-0.010
?,tencentBlock_1943,10,0.4418,0.4413,0.050,0.4370,0.4370,0.000
?,tencentBlock_19430,10,0.0474,0.0467,0.070,0.0434,0.0434,0.000
?,tencentBlock_19434,10,0.4700,0.4699,0.010,0.4683,0.4683,0.000
?,tencentBlock_19439,10,0.2725,0.2725,0.000,0.2843,0.2843,0.000
?,tencentBlock_19446,10,0.5220,0.5235,-0.150,0.5343,0.5343,0.000
?,tencentBlock_19452,10,0.2725,0.2715,0.100,0.2658,0.2658,0.000
?,tencentBlock_19455,10,0.3144,0.3143,0.010,0.3105,0.3103,0.020
?,tencentBlock_19461,10,0.3084,0.3075,0.090,0.2998,0.2998,0.000
?,tencentBlock_19466,10,0.1449,0.1496,-0.470,0.1394,0.1379,0.150
?,tencentBlock_19473,10,0.5260,0.5256,0.040,0.5173,0.5172,0.015
?,tencentBlock_19474,10,0.1491,0.1463,0.280,0.1410,0.1410,0.000
?,tencentBlock_19480,10,,,,,,
?,tencentBlock_19486,10,0.4804,0.4781,0.230,0.4690,0.4689,0.010
?,tencentBlock_19490,10,0.1598,0.1583,0.150,0.1545,0.1549,-0.040
?,tencentBlock_19498,10,0.2386,0.2398,-0.120,0.2521,0.2520,0.010
?,tencentBlock_19502,10,0.1995,0.2000,-0.050,0.2135,0.2135,0.000
?,tencentBlock_19508,10,0.1832,0.1809,0.230,0.1665,0.1669,-0.040
?,tencentBlock_19516,10,0.4526,0.4506,0.200,0.4433,0.4434,-0.010
?,tencentBlock_1952,10,0.2952,0.2945,0.070,0.2897,0.2893,0.040
?,tencentBlock_19522,10,0.2427,0.2325,1.020,0.2243,0.2240,0.035
?,tencentBlock_19529,10,0.4666,0.4666,0.000,0.4664,0.4664,0.000
?,tencentBlock_19538,10,0.2577,0.2581,-0.040,0.2707,0.2707,0.005
?,tencentBlock_19544,10,0.4144,0.4134,0.100,0.4062,0.4063,-0.015
?,tencentBlock_19553,10,0.4649,0.4624,0.250,0.4532,0.4535,-0.030
?,tencentBlock_1956,10,0.5357,0.5330,0.270,0.5261,0.5260,0.010
?,tencentBlock_19562,10,0.2175,0.2176,-0.010,0.2268,0.2268,0.000
?,tencentBlock_19571,10,0.1240,0.1242,-0.020,0.1332,0.1332,0.000
?,tencentBlock_19574,10,0.1537,0.1544,-0.070,0.1695,0.1695,0.000
?,tencentBlock_19582,10,0.1271,0.1247,0.240,0.1193,0.1195,-0.020
?,tencentBlock_19585,10,0.2682,0.2679,0.030,0.2744,0.2743,0.010
?,tencentBlock_19586,10,0.5034,0.4975,0.590,0.4915,0.4914,0.020
?,tencentBlock_19593,10,0.1421,0.1386,0.350,0.1331,0.1331,0.000
?,tencentBlock_19594,10,0.4306,0.4265,0.410,0.4191,0.4190,0.010
?,tencentBlock_19596,10,0.4329,0.4283,0.460,0.4218,0.4216,0.020
?,tencentBlock_19597,10,0.2448,0.2455,-0.070,0.2556,0.2551,0.050
?,tencentBlock_19599,10,0.2376,0.2385,-0.090,0.2523,0.2523,0.000
?,tencentBlock_19602,10,0.4468,0.4417,0.510,0.4328,0.4330,-0.020
?,tencentBlock_1961,10,0.4527,0.4533,-0.060,0.4073,0.4061,0.120
?,tencentBlock_19611,10,0.1974,0.1978,-0.040,0.2006,0.2006,0.000
?,tencentBlock_19618,10,0.2285,0.2284,0.010,0.2307,0.2307,0.000
?,tencentBlock_19623,10,0.1993,0.1986,0.070,0.1758,0.1758,0.000
?,tencentBlock_19631,10,0.4951,0.4928,0.230,0.4917,0.4916,0.010
?,tencentBlock_19640,10,0.2646,0.2648,-0.020,0.2884,0.2881,0.030
?,tencentBlock_19645,10,0.4505,0.4495,0.100,0.4428,0.4428,0.000
?,tencentBlock_19648,10,0.2159,0.2154,0.050,0.2237,0.2237,0.000
?,tencentBlock_19653,10,0.4696,0.4665,0.310,0.4581,0.4573,0.080
?,tencentBlock_19662,10,0.4798,0.4799,-0.010,0.4782,,
?,tencentBlock_19669,10,0.3913,0.3902,0.110,0.3580,0.3579,0.010
?,tencentBlock_19677,10,0.2030,0.2021,0.090,0.1848,0.1848,0.000
?,tencentBlock_1968,10,0.6366,0.6281,0.850,0.5969,0.5968,0.010
?,tencentBlock_19685,10,0.5195,0.5191,0.040,0.5152,0.5139,0.135
?,tencentBlock_19693,10,0.3226,0.3226,0.000,0.3282,0.3282,0.000
?,tencentBlock_19702,10,0.3796,0.3798,-0.020,0.3860,0.3860,0.000
?,tencentBlock_19708,10,0.4801,0.4801,0.000,0.4803,0.4802,0.010
?,tencentBlock_19716,10,0.3633,0.3562,0.710,0.3466,0.3460,0.055
?,tencentBlock_19718,10,0.2219,0.2225,-0.060,0.2395,0.2395,0.000
?,tencentBlock_19722,10,0.4826,0.4817,0.090,0.4814,0.4811,0.030
?,tencentBlock_19728,10,0.0808,0.0808,0.000,0.0767,0.0767,0.000
?,tencentBlock_19731,10,0.2467,0.2465,0.020,0.2520,0.2520,0.000
?,tencentBlock_19734,10,0.3664,0.3620,0.440,0.3569,0.3569,0.000
?,tencentBlock_19743,10,0.4574,0.4573,0.010,0.4557,0.4557,0.000
?,tencentBlock_19750,10,0.2127,0.2091,0.360,0.2024,0.2016,0.085
?,tencentBlock_19759,10,0.3998,0.3986,0.120,0.3853,0.3852,0.010
?,tencentBlock_1976,10,0.0843,0.0843,0.000,0.0813,0.0813,0.000
?,tencentBlock_19763,10,0.6985,0.6984,0.010,0.6981,0.6981,0.000
?,tencentBlock_19771,10,0.4858,0.4852,0.060,0.4806,0.4807,-0.010
?,tencentBlock_19775,10,0.4612,0.4612,0.000,0.4477,0.4477,0.000
?,tencentBlock_19776,10,0.2629,0.2627,0.020,0.2611,0.2611,0.000
?,tencentBlock_19779,10,0.2272,0.2250,0.220,0.2129,0.2129,0.000
?,tencentBlock_19784,10,0.4318,0.4315,0.030,0.4272,0.4272,0.000
?,tencentBlock_19791,10,0.1605,0.1616,-0.110,0.1766,0.1766,0.000
?,tencentBlock_19792,10,0.2428,0.2428,0.000,0.2369,0.2369,0.000
?,tencentBlock_19793,10,0.1870,0.1849,0.210,0.1777,0.1777,0.000
?,tencentBlock_19799,10,0.2069,0.2064,0.050,0.2064,0.2064,0.005
?,tencentBlock_19804,10,0.6735,0.6735,0.000,0.6724,0.6724,0.000
?,tencentBlock_19807,10,0.1553,0.1546,0.070,0.1461,0.1462,-0.010
?,tencentBlock_1981,10,0.1686,0.1559,1.270,0.1439,0.1493,-0.540
?,tencentBlock_19814,10,0.4458,0.4454,0.040,0.4422,0.4422,0.000
?,tencentBlock_19823,10,0.2960,0.2896,0.640,0.2768,0.2766,0.020
?,tencentBlock_19827,10,0.1490,0.1497,-0.070,0.1730,0.1731,-0.010
?,tencentBlock_19834,10,0.2771,0.2766,0.050,0.2577,0.2576,0.015
?,tencentBlock_19840,10,0.2004,0.2005,-0.010,0.2078,0.2079,-0.010
?,tencentBlock_19841,10,0.2694,0.2686,0.080,0.2650,0.2652,-0.020
?,tencentBlock_19846,10,0.4755,0.4731,0.240,0.4673,0.4672,0.010
?,tencentBlock_1985,10,0.0802,0.0791,0.110,0.0747,0.0746,0.010
?,tencentBlock_19850,10,0.3667,0.3669,-0.020,0.3628,0.3629,-0.005
?,tencentBlock_19858,10,0.4169,0.4167,0.020,0.4133,0.4128,0.045
?,tencentBlock_19864,10,0.2411,0.2417,-0.060,0.2580,0.2579,0.010
?,tencentBlock_19873,10,0.1571,0.1574,-0.030,0.1702,0.1702,0.000
?,tencentBlock_19879,10,0.3507,0.3493,0.140,0.3428,0.3425,0.030
?,tencentBlock_19886,10,0.3945,0.3878,0.670,0.3710,0.3712,-0.015
?,tencentBlock_19895,10,0.2138,0.2149,-0.110,0.2320,0.2320,0.000
?,tencentBlock_19900,10,0.5317,0.5309,0.080,0.5259,0.5257,0.020
?,tencentBlock_19903,10,0.1372,0.1340,0.320,0.1285,0.1285,0.000
?,tencentBlock_19909,10,0.2217,0.2181,0.360,0.2185,0.2185,0.000
?,tencentBlock_19918,10,0.4383,0.4382,0.010,0.4379,0.4379,0.000
?,tencentBlock_19922,10,0.4081,0.4071,0.100,0.4008,0.4008,0.000
?,tencentBlock_19926,10,0.5960,0.5941,0.190,0.5829,0.5827,0.020
?,tencentBlock_19932,10,0.4006,0.3961,0.450,0.3876,0.3874,0.025
?,tencentBlock_19936,10,0.4473,0.4489,-0.160,0.4388,0.4387,0.010
?,tencentBlock_1994,10,0.1586,0.1533,0.530,0.1265,0.1260,0.050
?,tencentBlock_19945,10,0.1472,0.1443,0.290,0.1380,0.1380,0.000
?,tencentBlock_19952,10,0.3030,0.3018,0.120,0.3120,0.3120,0.000
?,tencentBlock_19958,10,0.4224,0.4223,0.010,0.4218,0.4218,0.000
?,tencentBlock_19963,10,0.2109,0.2107,0.020,0.2132,0.2132,0.000
?,tencentBlock_19965,10,0.5336,0.5335,0.010,0.5324,0.5324,0.000
?,tencentBlock_19968,10,0.1782,0.1799,-0.170,0.1929,0.1929,0.000
?,tencentBlock_19970,10,0.3892,0.3892,0.000,0.3886,0.3886,0.000
?,tencentBlock_19975,10,0.4521,0.4504,0.170,0.4445,0.4443,0.020
?,tencentBlock_19980,10,0.2224,0.2232,-0.080,0.2300,0.2299,0.010
?,tencentBlock_19990,10,0.3498,0.3488,0.100,0.3488,0.3488,0.000
?,tencentBlock_19992,10,0.4651,0.4644,0.070,0.4624,0.4626,-0.020
?,tencentBlock_19998,10,0.2832,0.2817,0.150,0.2703,0.2702,0.015
?,tencentBlock_20004,10,0.4404,0.4362,0.420,0.4344,0.4336,0.075
?,tencentBlock_20010,10,0.5050,0.5043,0.070,0.4936,0.4978,-0.420
?,tencentBlock_20012,10,0.1308,0.1311,-0.030,0.1467,0.1467,0.000
?,tencentBlock_20015,10,0.4672,0.4648,0.240,0.4540,0.4530,0.100
?,tencentBlock_20024,10,0.5575,0.5525,0.500,0.5449,0.5448,0.010
?,tencentBlock_2003,10,0.4000,0.3995,0.050,0.3957,0.3957,0.000
?,tencentBlock_20030,10,0.1507,0.1509,-0.020,0.1725,0.1724,0.010
?,tencentBlock_20034,10,0.2828,0.2739,0.890,,0.2623,
?,tencentBlock_20043,10,0.2607,0.2613,-0.060,0.2632,0.2631,0.010
?,tencentBlock_20056,10,0.5989,0.5988,0.010,0.5972,0.5972,0.000
?,tencentBlock_20058,10,0.2955,0.2958,-0.030,0.3067,0.3066,0.010
?,tencentBlock_20060,10,0.4582,0.4566,0.160,0.4543,0.4543,0.000
?,tencentBlock_20061,10,0.1952,0.1950,0.020,0.2037,0.2036,0.010
?,tencentBlock_20071,10,0.4490,0.4464,0.260,0.4323,0.4323,0.000
?,tencentBlock_20080,10,0.2844,0.2638,2.060,0.2549,0.2524,0.250
?,tencentBlock_20082,10,0.0656,0.0656,0.000,0.0571,0.0571,0.000
?,tencentBlock_20089,10,0.2371,0.2375,-0.040,0.2597,0.2597,0.000
?,tencentBlock_20101,10,0.2505,0.2515,-0.100,0.2679,0.2679,0.000
?,tencentBlock_20106,10,0.2448,0.2453,-0.050,0.2627,0.2627,0.000
?,tencentBlock_20113,10,0.6753,0.6753,0.000,0.6751,0.6751,0.000
?,tencentBlock_20115,10,0.5505,0.5460,0.450,0.5367,0.5363,0.035
?,tencentBlock_20124,10,0.3826,0.3826,0.000,0.3813,0.3813,0.005
?,tencentBlock_20132,10,0.4789,0.4756,0.330,0.4887,0.4886,0.010
?,tencentBlock_20141,10,0.3846,0.3843,0.030,0.3798,0.3798,0.000
?,tencentBlock_20147,10,0.2141,0.2146,-0.050,0.2249,0.2244,0.050
?,tencentBlock_20156,10,0.3865,0.3865,0.000,0.3984,0.3978,0.060
?,tencentBlock_20157,10,0.5222,0.5216,0.060,0.5170,0.5170,0.000
?,tencentBlock_2016,10,0.1962,0.1921,0.410,0.1836,0.1811,0.250
?,tencentBlock_20165,10,0.3922,0.3904,0.180,0.3877,0.3874,0.030
?,tencentBlock_20172,10,0.4640,0.4621,0.190,0.4606,0.4606,0.000
?,tencentBlock_20181,10,0.5142,0.5131,0.110,0.5092,0.5090,0.020
?,tencentBlock_20187,10,0.3624,0.3607,0.170,0.3520,0.3520,0.000
?,tencentBlock_20193,10,0.2084,0.2072,0.120,0.1976,0.1976,0.000
?,tencentBlock_20196,10,0.5087,0.5049,0.380,0.5023,0.4997,0.260
?,tencentBlock_20199,10,0.4051,0.4049,0.020,0.4006,0.4006,0.000
?,tencentBlock_20203,10,0.4950,0.4950,0.000,0.4943,0.4943,0.000
?,tencentBlock_20209,10,0.3051,0.3040,0.110,0.3065,0.3065,0.000
?,tencentBlock_20213,10,0.3044,0.3014,0.300,0.2632,0.2632,0.000
?,tencentBlock_20215,10,0.3822,0.3791,0.310,0.3529,0.3528,0.010
?,tencentBlock_20224,10,0.2669,0.2619,0.500,0.2492,0.2490,0.015
?,tencentBlock_20226,10,0.4682,0.4607,0.750,0.4427,0.4424,0.035
?,tencentBlock_20235,10,0.1525,0.1492,0.330,0.1406,0.1406,0.000
?,tencentBlock_2024,10,0.1031,0.1014,0.170,0.0887,0.0888,-0.010
?,tencentBlock_20240,10,0.5637,0.5628,0.090,0.5591,0.5590,0.010
?,tencentBlock_20249,10,0.4068,0.4069,-0.010,0.4052,0.4052,0.000
?,tencentBlock_20252,10,0.0197,0.0197,0.000,0.0197,0.0197,0.000
?,tencentBlock_20257,10,0.5505,0.5493,0.120,0.5372,0.5372,0.000
?,tencentBlock_20259,10,0.3977,0.3967,0.100,0.3942,0.3941,0.010
?,tencentBlock_20268,10,0.2677,0.2662,0.150,0.2598,0.2596,0.020
?,tencentBlock_20276,10,0.0998,0.0998,0.000,0.0953,0.0953,0.000
?,tencentBlock_20285,10,0.5129,0.5127,0.020,0.5115,0.5119,-0.040
?,tencentBlock_20287,10,0.4484,0.4435,0.490,0.4332,0.4331,0.010
?,tencentBlock_20292,10,0.4535,0.4523,0.120,0.4420,0.4420,0.000
?,tencentBlock_20294,10,0.3255,0.3250,0.050,0.3334,0.3333,0.010
?,tencentBlock_20299,10,0.3065,0.3070,-0.050,0.2998,0.2996,0.020
?,tencentBlock_20300,10,0.1989,0.1987,0.020,0.2084,0.2084,0.000
?,tencentBlock_20302,10,0.4844,0.4802,0.420,0.4761,0.4740,0.205
?,tencentBlock_20310,10,0.2047,0.2046,0.010,0.2077,0.2077,0.000
?,tencentBlock_20314,10,0.3416,0.3409,0.070,0.3411,0.3411,0.000
?,tencentBlock_20316,10,0.2516,0.2520,-0.040,0.2596,0.2597,-0.010
?,tencentBlock_20320,10,0.3337,0.3305,0.320,0.3078,0.3074,0.040
?,tencentBlock_20326,10,0.2161,0.2117,0.440,0.2122,0.2119,0.030
?,tencentBlock_20335,10,0.1837,0.1837,0.000,0.1837,0.1837,0.000
?,tencentBlock_2034,10,0.4795,0.4768,0.270,0.4648,0.4717,-0.690
?,tencentBlock_20340,10,0.3714,0.3728,-0.140,0.3705,0.3716,-0.110
?,tencentBlock_20347,10,0.3084,0.3084,0.000,0.3082,0.3082,0.000
?,tencentBlock_20351,10,0.5385,0.5383,0.020,0.5337,0.5337,0.000
?,tencentBlock_20360,10,0.5623,0.5576,0.470,0.5269,0.5269,0.000
?,tencentBlock_20365,10,0.4793,0.4774,0.190,0.4754,0.4754,0.000
?,tencentBlock_20370,10,0.4809,0.4807,0.020,0.4542,0.4542,0.000
?,tencentBlock_20378,10,0.4612,0.4482,1.300,0.4254,0.4256,-0.020
?,tencentBlock_20385,10,0.1954,0.1953,0.010,0.1937,0.1937,0.000
?,tencentBlock_20394,10,0.6881,0.6870,0.110,0.5719,0.5694,0.250
?,tencentBlock_20396,10,0.5349,0.5261,0.880,0.5357,0.5357,0.000
?,tencentBlock_20398,10,0.0322,0.0322,0.000,0.0300,0.0299,0.010
?,tencentBlock_20400,10,0.0087,0.0086,0.010,0.0075,,
?,tencentBlock_20405,10,0.3907,0.3912,-0.050,0.4012,0.4012,-0.005
?,tencentBlock_20414,10,0.6684,0.6680,0.040,0.6732,0.6732,0.000
?,tencentBlock_20419,10,0.2966,0.2968,-0.020,0.3101,0.3100,0.010
?,tencentBlock_20428,10,0.2015,0.1970,0.450,0.1949,0.1937,0.120
?,tencentBlock_20435,10,0.3919,0.3921,-0.020,0.3665,0.3741,-0.760
?,tencentBlock_2044,10,0.1047,0.1044,0.030,0.1007,0.1007,0.000
?,tencentBlock_20443,10,0.4145,0.4106,0.390,,0.4010,
?,tencentBlock_20451,10,0.3620,0.3614,0.060,0.3550,0.3550,0.000
?,tencentBlock_20456,10,0.1888,0.1882,0.060,0.1941,0.1942,-0.010
?,tencentBlock_20462,10,0.4661,0.4651,0.100,0.4455,0.4432,0.230
?,tencentBlock_20464,10,0.4942,0.4914,0.280,0.4672,0.4670,0.020
?,tencentBlock_20465,10,0.3984,0.3978,0.060,0.3663,0.3664,-0.010
?,tencentBlock_20473,10,0.6832,0.6829,0.030,0.6804,0.6804,0.000
?,tencentBlock_20481,10,0.4553,0.4513,0.400,0.4420,0.4420,0.000
?,tencentBlock_20489,10,0.2719,0.2713,0.060,0.2714,0.2714,0.000
?,tencentBlock_20496,10,0.3817,0.3801,0.160,0.3626,0.3625,0.010
?,tencentBlock_20498,10,0.5486,0.5452,0.340,0.5315,0.5315,0.000
?,tencentBlock_20505,10,0.4626,0.4618,0.080,0.4556,0.4556,0.000
?,tencentBlock_20509,10,0.4572,0.4531,0.410,0.4342,0.4342,0.000
?,tencentBlock_20515,10,0.3689,0.3710,-0.210,0.3611,0.3630,-0.190
?,tencentBlock_20519,10,0.3815,0.3752,0.630,0.3749,0.3748,0.010
?,tencentBlock_2052,10,0.2616,0.2622,-0.060,0.2815,0.2815,0.000
?,tencentBlock_20526,10,0.5084,0.5084,0.000,0.5047,0.5047,0.000
?,tencentBlock_20529,10,0.2891,0.2842,0.490,0.2601,0.2600,0.005
?,tencentBlock_20532,10,0.1788,0.1756,0.320,0.1563,0.1574,-0.110
?,tencentBlock_20539,10,0.2651,0.2649,0.020,0.2763,0.2764,-0.010
?,tencentBlock_20540,10,0.2887,,,,,
?,tencentBlock_2055,10,0.1608,0.1598,0.100,0.1513,0.1516,-0.030
?,tencentBlock_20569,10,0.2422,0.2385,0.370,0.2326,0.2323,0.030
?,tencentBlock_20584,10,0.1291,0.1232,0.590,0.1185,0.1186,-0.010
?,tencentBlock_20597,10,0.2187,0.2156,0.310,0.2069,0.2069,0.000
?,tencentBlock_20619,10,0.0514,0.0513,0.010,0.0511,0.0511,0.000
?,tencentBlock_20635,10,0.2866,0.2809,0.570,0.2774,0.2809,-0.350
?,tencentBlock_20660,10,0.3844,0.3897,-0.530,0.3415,0.3416,-0.010
?,tencentBlock_20693,10,,,,,,
?,tencentBlock_20747,10,0.2092,0.2092,0.000,0.2092,0.2092,0.000
?,tencentBlock_20768,10,0.3250,0.3234,0.160,0.3124,0.3124,0.000
?,tencentBlock_20815,10,0.3174,0.3169,0.050,0.3160,0.3159,0.010
?,tencentBlock_20832,10,0.0218,0.0218,0.000,0.0218,0.0218,0.000
?,tencentBlock_20840,10,0.3054,0.3038,0.160,0.3009,0.3017,-0.080
?,tencentBlock_20889,10,0.6685,0.6678,0.070,0.6532,0.6532,0.000
?,tencentBlock_20964,10,0.2312,0.2306,0.060,0.2271,0.2271,0.000
?,tencentBlock_20985,10,0.2113,0.2093,0.200,0.2027,0.2026,0.010
?,tencentBlock_20991,10,0.1962,0.1941,0.210,0.1913,0.1916,-0.030
?,tencentBlock_20996,10,0.0196,0.0196,0.000,0.0196,0.0196,0.000
?,tencentBlock_21009,10,0.3624,0.3623,0.010,0.3511,0.3511,0.000
?,tencentBlock_21019,10,0.2868,0.2855,0.130,0.2750,0.2753,-0.030
?,tencentBlock_21042,10,0.0163,0.0162,0.010,0.0150,0.0150,0.000
?,tencentBlock_21047,10,0.1494,0.1469,0.250,0.1391,0.1391,0.000
?,tencentBlock_21103,10,0.0910,0.0903,0.070,0.0774,0.0774,0.000
?,tencentBlock_21111,10,0.5548,0.5548,0.000,0.5543,0.5543,0.000
?,tencentBlock_21118,10,0.1260,0.1218,0.420,0.1133,0.1138,-0.050
?,tencentBlock_21129,10,0.1975,0.1953,0.220,0.1928,0.1931,-0.030
?,tencentBlock_21138,10,0.2027,0.2021,0.060,0.1982,0.1983,-0.010
?,tencentBlock_21159,10,0.3758,0.3758,0.000,0.3756,0.3756,0.000
?,tencentBlock_21190,10,0.3619,0.3618,0.010,0.3594,0.3592,0.020
?,tencentBlock_21193,10,0.8319,0.8345,-0.260,,0.8387,
?,tencentBlock_21194,10,0.4027,0.4026,0.010,0.4025,0.4025,0.000
?,tencentBlock_21204,10,0.2345,0.2353,-0.080,0.2290,0.2279,0.110
?,tencentBlock_21233,10,0.6979,0.6979,0.000,0.6975,0.6975,0.000
?,tencentBlock_21281,10,0.1167,0.1162,0.050,0.1157,0.1157,0.000
?,tencentBlock_21300,10,0.1932,0.1905,0.270,0.1825,0.1825,0.000
?,tencentBlock_2136,10,0.1486,0.1486,0.000,0.1486,0.1486,0.000
?,tencentBlock_21361,10,0.0706,0.0700,0.060,0.0659,0.0659,0.000
?,tencentBlock_2138,10,0.2380,0.2370,0.100,0.2315,0.2314,0.010
?,tencentBlock_21398,10,0.0685,0.0684,0.010,0.0686,0.0686,0.000
?,tencentBlock_21492,10,0.0781,0.0769,0.120,0.0748,0.0748,0.000
?,tencentBlock_21498,10,0.1978,0.1978,0.000,0.1961,0.1961,0.000
?,tencentBlock_21569,10,0.2242,0.2226,0.160,0.2182,0.2182,0.000
?,tencentBlock_21582,10,0.2878,0.2764,1.140,,0.2704,
?,tencentBlock_21598,10,0.2771,0.2738,0.330,0.2647,0.2647,0.000
?,tencentBlock_21615,10,0.1088,0.1085,0.030,0.1061,0.1061,0.000
?,tencentBlock_21654,10,0.1496,0.1467,0.290,0.1397,0.1397,0.000
?,tencentBlock_21668,10,0.3189,0.3189,0.000,0.3183,0.3183,0.000
?,tencentBlock_21699,10,0.3686,0.3408,2.780,0.3014,0.3000,0.140
?,tencentBlock_21705,10,0.2924,0.2908,0.160,0.2840,0.2840,0.000
?,tencentBlock_21742,10,0.3335,0.3335,0.000,0.3334,0.3334,0.000
?,tencentBlock_21750,10,0.3517,0.3518,-0.010,0.3474,0.3474,0.005
?,tencentBlock_21792,10,0.6320,0.6316,0.040,0.6307,0.6306,0.010
?,tencentBlock_21803,10,0.1283,0.1250,0.330,0.1201,0.1200,0.005
?,tencentBlock_21829,10,,,,,,
?,tencentBlock_21864,10,0.1293,0.1246,0.470,0.1128,0.1114,0.140
?,tencentBlock_21914,10,0.1009,0.1001,0.080,0.0974,0.0974,0.000
?,tencentBlock_21979,10,0.2034,0.2015,0.190,0.1943,0.1943,0.000
?,tencentBlock_21982,10,0.5661,0.5657,0.040,0.5657,0.5655,0.020
?,tencentBlock_21984,10,0.2188,0.2091,0.970,0.2055,0.2042,0.130
?,tencentBlock_2199,10,0.1539,0.1539,0.000,0.1539,0.1539,0.000
?,tencentBlock_22033,10,0.3521,0.3519,0.020,0.3486,,
?,tencentBlock_22039,10,0.3170,0.3170,0.000,0.3170,0.3170,0.000
?,tencentBlock_22043,10,0.2686,0.2686,0.000,0.2686,0.2686,0.000
?,tencentBlock_22080,10,0.1544,0.1541,0.030,0.1510,0.1510,0.000
?,tencentBlock_22082,10,0.1734,0.1682,0.520,0.1617,0.1617,0.000
?,tencentBlock_22091,10,0.3880,0.3637,2.430,0.3439,0.3432,0.070
?,tencentBlock_22098,10,0.5093,0.5092,0.010,0.5060,0.5061,-0.005
?,tencentBlock_22133,10,0.4601,0.4555,0.460,0.4351,,
?,tencentBlock_22144,10,0.8009,0.8008,0.010,0.8009,0.8009,0.000
?,tencentBlock_22235,10,0.1716,0.1701,0.150,0.1563,0.1564,-0.010
?,tencentBlock_22278,10,0.3277,0.3257,0.200,0.3238,0.3238,0.000
?,tencentBlock_22290,10,0.1550,0.1517,0.330,0.1473,0.1473,0.000
?,tencentBlock_22344,10,0.1098,0.1131,-0.330,0.1036,0.1036,0.000
?,tencentBlock_22353,10,0.2036,0.2041,-0.050,0.2018,0.2018,0.000
?,tencentBlock_22358,10,0.2213,0.2075,1.380,0.1619,0.1928,-3.090
?,tencentBlock_2238,10,0.1582,0.1582,0.000,0.1581,0.1581,0.000
?,tencentBlock_22395,10,0.1520,0.1515,0.050,0.1456,0.1456,-0.005
?,tencentBlock_22408,10,0.4946,0.4903,0.430,0.4880,0.4880,0.000
?,tencentBlock_22425,10,0.2338,0.2309,0.290,0.2241,0.2241,0.000
?,tencentBlock_22442,10,0.1653,0.1605,0.480,0.1518,0.1520,-0.020
?,tencentBlock_22451,10,0.1949,0.1948,0.010,0.1938,0.1938,0.000
?,tencentBlock_22455,10,0.4000,0.4000,0.000,0.3998,0.3998,0.000
?,tencentBlock_22503,10,0.2475,0.2424,0.510,0.2174,0.2176,-0.020
?,tencentBlock_22505,10,0.2279,0.2279,0.000,0.2279,0.2279,0.000
?,tencentBlock_22509,10,0.1096,0.1086,0.100,0.1053,0.1053,0.000
?,tencentBlock_22524,10,0.4660,0.4660,0.000,0.4647,0.4647,0.000
?,tencentBlock_2255,10,0.4498,0.4429,0.690,0.4432,0.4432,0.000
?,tencentBlock_22553,10,0.3554,0.3554,0.000,0.3533,,
?,tencentBlock_22588,10,0.4269,0.4267,0.020,0.4303,0.4303,0.000
?,tencentBlock_22597,10,0.1856,0.1853,0.030,0.1823,0.1823,0.000
?,tencentBlock_22616,10,0.4190,0.3942,2.480,0.3641,0.3638,0.030
?,tencentBlock_22620,10,0.2691,0.2690,0.010,0.2796,0.2797,-0.010
?,tencentBlock_22639,10,0.2901,0.2901,0.000,0.2898,0.2898,0.000
?,tencentBlock_22645,10,0.3517,0.3497,0.200,0.3374,0.3373,0.010
?,tencentBlock_22688,10,0.4160,0.4160,0.000,0.4161,0.4161,0.000
?,tencentBlock_2276,10,0.0814,0.0799,0.150,0.0781,0.0781,0.000
?,tencentBlock_22770,10,0.4876,0.4873,0.030,0.4873,0.4873,0.000
?,tencentBlock_22815,10,0.5440,0.5441,-0.010,0.5425,0.5425,0.000
?,tencentBlock_22839,10,0.0197,0.0197,0.000,0.0197,0.0197,0.000
?,tencentBlock_22846,10,0.3563,0.3532,0.310,0.3441,0.3441,0.000
?,tencentBlock_22864,10,0.6112,0.6112,0.000,0.6090,0.6089,0.005
?,tencentBlock_22925,10,0.2422,0.2409,0.130,0.2328,0.2327,0.010
?,tencentBlock_22939,10,0.2395,0.2392,0.030,0.2387,0.2387,0.000
?,tencentBlock_22964,10,0.4614,0.4619,-0.050,0.4359,0.4364,-0.050
?,tencentBlock_23019,10,0.4397,0.4394,0.030,0.4374,0.4375,-0.010
?,tencentBlock_23036,10,0.1617,0.1611,0.060,0.1611,0.1611,0.000
?,tencentBlock_23040,10,0.5027,0.5028,-0.010,0.4993,0.4993,0.000
?,tencentBlock_23068,10,0.6129,0.6130,-0.010,0.6133,0.6133,0.000
?,tencentBlock_23096,10,0.2777,0.2593,1.840,0.2411,0.2509,-0.980
?,tencentBlock_23104,10,0.2050,0.2050,0.000,0.2041,0.2041,0.000
?,tencentBlock_23128,10,0.0197,0.0197,0.000,0.0197,0.0197,0.000
?,tencentBlock_23181,10,0.0401,0.0400,0.010,0.0394,0.0394,0.000
?,tencentBlock_23190,10,0.1107,0.1107,0.000,0.1106,0.1106,0.000
?,tencentBlock_23239,10,0.5387,0.5209,1.780,0.4959,0.4929,0.300
?,tencentBlock_23247,10,0.1146,0.1146,0.000,0.1122,0.1122,0.000
?,tencentBlock_23254,10,0.3133,0.3133,0.000,0.3121,0.3121,0.000
?,tencentBlock_23260,10,0.2001,0.1956,0.450,0.1845,0.1850,-0.050
?,tencentBlock_2327,10,0.1418,0.1314,1.040,0.1256,0.1288,-0.320
?,tencentBlock_23286,10,0.4465,0.4832,-3.670,0.4719,0.4718,0.010
?,tencentBlock_23296,10,0.7096,0.7096,0.000,0.7096,0.7097,-0.010
?,tencentBlock_23315,10,0.8274,0.8288,-0.140,0.8265,,
?,tencentBlock_23327,10,0.4594,0.4593,0.010,0.4586,0.4585,0.010
?,tencentBlock_23335,10,0.1864,0.1846,0.180,0.1791,0.1791,0.000
?,tencentBlock_23383,10,0.0357,0.0355,0.020,0.0345,0.0345,0.000
?,tencentBlock_23405,10,0.2206,0.2206,0.000,0.2206,0.2206,0.000
?,tencentBlock_23412,10,0.3465,0.3465,0.000,0.3466,0.3466,0.000
?,tencentBlock_23419,10,0.3336,0.3336,0.000,0.3335,0.3335,0.000
?,tencentBlock_23421,10,1.0000,1.0000,0.000,1.0000,1.0000,0.000
?,tencentBlock_23435,10,0.3582,0.3582,0.000,0.3580,0.3580,0.000
?,tencentBlock_23449,10,0.4691,0.4687,0.040,0.4670,0.4669,0.010
?,tencentBlock_23469,10,1.0000,1.0000,0.000,1.0000,1.0000,0.000
?,tencentBlock_23482,10,0.5001,0.4959,0.420,0.4937,0.4942,-0.050
?,tencentBlock_23501,10,0.1194,0.1194,0.000,0.1192,0.1192,0.000
?,tencentBlock_23515,10,0.2885,0.2862,0.230,0.2805,0.2805,0.000
?,tencentBlock_23524,10,0.4111,0.4111,0.000,0.4111,0.4111,0.000
?,tencentBlock_23525,10,0.0080,0.0080,0.000,0.0080,0.0080,0.000
?,tencentBlock_23539,10,0.6421,0.6420,0.010,0.6402,0.6402,0.000
?,tencentBlock_23563,10,0.6471,0.6470,0.010,0.6463,0.6462,0.010
?,tencentBlock_23595,10,0.1242,0.1242,0.000,0.1241,0.1241,0.000
?,tencentBlock_23603,10,0.5745,0.5693,0.520,0.5479,0.5475,0.040
?,tencentBlock_23605,10,0.1700,0.1690,0.100,0.1625,0.1625,0.000
?,tencentBlock_23611,10,0.2628,0.2613,0.150,0.2581,0.2581,0.000
?,tencentBlock_23617,10,0.3734,0.3726,0.080,0.3714,0.3714,0.000
?,tencentBlock_23623,10,0.4273,0.4265,0.080,0.4255,0.4255,0.000
?,tencentBlock_2363,10,0.2526,0.2530,-0.040,0.2711,0.2711,0.000
?,tencentBlock_23630,10,0.3800,0.3800,0.000,0.3796,0.3796,0.000
?,tencentBlock_23633,10,0.3418,0.3372,0.460,0.3288,0.3287,0.010
?,tencentBlock_23634,10,0.3369,0.3350,0.190,0.3406,0.3407,-0.010
?,tencentBlock_23638,10,0.0219,0.0219,0.000,0.0219,0.0219,0.000
?,tencentBlock_23642,10,0.3151,0.3150,0.010,0.3146,0.3146,0.000
?,tencentBlock_23646,10,0.4032,0.4032,0.000,0.3985,0.3985,0.000
?,tencentBlock_23650,10,0.2789,0.2771,0.180,0.2739,0.2739,0.000
?,tencentBlock_23654,10,0.1153,0.1130,0.230,0.1074,0.1074,0.000
?,tencentBlock_23659,10,0.3906,0.3777,1.290,0.3666,0.3674,-0.080
?,tencentBlock_23663,10,0.6960,0.6945,0.150,0.6906,0.6906,0.000
?,tencentBlock_23672,10,0.2797,0.2830,-0.330,0.2704,0.2701,0.030
?,tencentBlock_23681,10,0.3508,0.3508,0.000,0.3506,0.3506,0.000
?,tencentBlock_23687,10,0.3774,0.3749,0.250,0.3718,0.3718,0.000
?,tencentBlock_23692,10,0.2792,0.2799,-0.070,0.3012,0.3012,0.000
?,tencentBlock_23695,10,0.6065,0.6032,0.330,0.6015,0.6017,-0.020
?,tencentBlock_23698,10,0.3114,0.2929,1.850,0.2844,0.2842,0.020
?,tencentBlock_2371,10,0.2224,0.2210,0.140,0.2165,0.2164,0.010
?,tencentBlock_23716,10,0.3043,0.3045,-0.020,0.2970,0.2970,0.000
?,tencentBlock_2372,10,0.4078,0.4065,0.130,0.3251,0.3251,0.000
?,tencentBlock_23723,10,,,,,,
?,tencentBlock_23724,10,0.1908,0.1858,0.500,0.1811,0.1811,0.000
?,tencentBlock_23730,10,0.4120,0.4110,0.100,0.4108,0.4108,0.000
?,tencentBlock_23734,10,0.2280,0.2272,0.080,0.2234,0.2241,-0.070
?,tencentBlock_23735,10,0.4234,0.4232,0.020,0.4243,0.4243,0.000
?,tencentBlock_23740,10,0.1734,0.1738,-0.040,0.1845,0.1844,0.010
?,tencentBlock_23745,10,,,,,,
?,tencentBlock_23754,10,0.2230,0.2228,0.020,0.2216,0.2217,-0.010
?,tencentBlock_23760,10,0.2068,0.2068,0.000,0.2076,0.2076,0.000
?,tencentBlock_23767,10,0.3354,0.3350,0.040,0.3261,0.3261,0.000
?,tencentBlock_2377,10,0.1899,0.1905,-0.060,0.1958,0.1957,0.005
?,tencentBlock_23772,10,0.5004,0.4997,0.070,0.4974,0.4974,0.000
?,tencentBlock_23781,10,0.2046,0.2054,-0.080,0.2164,0.2162,0.020
?,tencentBlock_23790,10,0.3686,0.3685,0.010,0.3684,0.3684,0.000
?,tencentBlock_23794,10,0.5203,0.5190,0.130,0.5137,0.5124,0.130
?,tencentBlock_23797,10,0.6025,0.6020,0.050,0.5997,0.5997,0.000
?,tencentBlock_23806,10,0.3934,0.3801,1.330,0.3572,,
?,tencentBlock_23810,10,0.3570,0.3570,0.000,0.3568,0.3568,0.000
?,tencentBlock_23816,10,0.1329,0.1341,-0.120,0.1536,0.1536,0.000
?,tencentBlock_23819,10,0.3706,0.3673,0.330,0.3302,0.3302,0.000
?,tencentBlock_23828,10,0.3951,0.3951,0.000,0.3944,0.3944,0.000
?,tencentBlock_23831,10,0.2355,0.2368,-0.130,0.2489,0.2491,-0.020
?,tencentBlock_23834,10,0.2595,0.2589,0.060,0.2637,0.2637,0.000
?,tencentBlock_23842,10,0.2858,0.2794,0.640,0.2638,0.2631,0.070
?,tencentBlock_23846,10,0.3891,0.3891,0.000,0.3892,0.3892,0.000
?,tencentBlock_23855,10,0.2075,0.2074,0.010,0.2128,0.2127,0.010
?,tencentBlock_23858,10,0.3980,0.3837,1.430,,0.3706,
?,tencentBlock_2386,10,0.2440,0.2330,1.100,0.1851,0.1862,-0.110
?,tencentBlock_23867,10,0.3233,0.3233,0.000,0.3232,0.3232,0.000
?,tencentBlock_23871,10,0.0024,0.0024,0.000,0.0023,0.0023,0.000
?,tencentBlock_23884,10,0.3538,0.3532,0.060,,0.3496,
?,tencentBlock_23893,10,0.4003,0.3978,0.250,0.3947,0.3947,0.000
?,tencentBlock_23894,10,0.0197,0.0197,0.000,0.0196,0.0196,0.000
?,tencentBlock_2390,10,0.3083,0.2981,1.020,0.2731,0.2730,0.010
?,tencentBlock_23900,10,0.3197,0.3197,0.000,0.3193,0.3193,0.000
?,tencentBlock_23905,10,0.1672,0.1679,-0.070,0.1788,0.1788,0.000
?,tencentBlock_23908,10,0.2562,0.2545,0.170,0.2496,0.2496,0.000
?,tencentBlock_23914,10,0.2741,0.2740,0.010,0.2727,0.2727,0.000
?,tencentBlock_23916,10,0.3053,0.3051,0.020,0.3015,0.3015,0.000
?,tencentBlock_23925,10,0.3441,0.3427,0.140,0.2781,0.2782,-0.010
?,tencentBlock_23930,10,0.3966,0.3961,0.050,0.3906,0.3906,0.000
?,tencentBlock_23933,10,0.5096,0.5094,0.020,,0.5077,
?,tencentBlock_23952,10,0.2698,0.2691,0.070,0.2702,0.2702,0.000
?,tencentBlock_23961,10,0.4004,0.4003,0.010,0.4001,0.4001,0.000
?,tencentBlock_23970,10,0.4774,0.4772,0.020,0.4823,0.4823,0.000
?,tencentBlock_23974,10,0.2223,0.2223,0.000,0.2223,0.2223,0.000
?,tencentBlock_23980,10,0.4265,0.4265,0.000,0.4201,0.4201,0.000
?,tencentBlock_2399,10,0.3089,0.3098,-0.090,0.3265,0.3265,0.000
?,tencentBlock_23992,10,0.4278,0.4274,0.040,0.4190,0.4189,0.010
?,tencentBlock_23993,10,0.2290,0.2290,0.000,0.2290,0.2290,0.000
?,tencentBlock_24002,10,0.5356,0.5355,0.010,0.5355,0.5355,0.000
?,tencentBlock_24010,10,0.2107,0.2107,0.000,0.2102,0.2102,0.000
?,tencentBlock_24014,10,0.3332,0.3332,0.000,0.3337,0.3337,0.000
?,tencentBlock_24021,10,,,,,,
?,tencentBlock_24029,10,0.4064,0.4064,0.000,0.4060,0.4060,0.000
?,tencentBlock_24038,10,0.1663,0.1663,0.000,0.1661,0.1661,0.000
?,tencentBlock_24050,10,0.6401,0.6511,-1.100,0.5345,0.5366,-0.210
?,tencentBlock_24055,10,0.0972,0.0968,0.040,0.0967,0.0967,0.000
?,tencentBlock_24062,10,0.8630,0.8600,0.300,0.8497,0.8498,-0.010
?,tencentBlock_24073,10,0.0219,0.0219,0.000,0.0219,0.0219,0.000
?,tencentBlock_24074,10,0.3376,0.3376,0.000,0.3367,0.3367,0.000
?,tencentBlock_24076,10,0.3595,0.3545,0.500,0.3368,0.3366,0.020
?,tencentBlock_24087,10,0.7261,0.7257,0.040,0.7214,0.7214,0.000
?,tencentBlock_24090,10,,,,,,
?,tencentBlock_24099,10,0.0174,0.0174,0.000,0.0173,0.0173,0.000
?,tencentBlock_24101,10,0.3571,0.3571,0.000,0.3557,0.3557,0.000
?,tencentBlock_24105,10,0.2750,0.2636,1.140,0.2279,0.2279,0.000
?,tencentBlock_24111,10,0.2676,0.2684,-0.080,0.2696,0.2696,0.000
?,tencentBlock_24114,10,0.5573,0.5565,0.080,0.5516,,
?,tencentBlock_24116,10,0.2692,0.2692,0.000,0.2724,0.2724,0.000
?,tencentBlock_24120,10,,,,,,
?,tencentBlock_24128,10,0.3151,0.3151,0.000,0.3156,0.3156,0.000
?,tencentBlock_24137,10,0.1823,0.1823,0.000,0.1822,0.1822,0.000
?,tencentBlock_24143,10,0.4166,0.4146,0.200,0.4098,0.4098,0.000
?,tencentBlock_24152,10,0.2919,0.2919,0.000,0.2911,0.2911,0.000
?,tencentBlock_24157,10,0.5155,0.5134,0.210,0.4589,0.4593,-0.040
?,tencentBlock_24158,10,,,,,,
?,tencentBlock_2416,10,0.1245,0.1253,-0.080,0.1208,0.1204,0.040
?,tencentBlock_24161,10,0.4405,0.4404,0.010,0.4403,0.4403,0.000
?,tencentBlock_24170,10,0.2143,0.2143,0.000,0.2143,0.2143,0.000
?,tencentBlock_24176,10,0.3475,0.3475,0.000,0.3472,0.3472,0.000
?,tencentBlock_24177,10,0.8114,0.8107,0.070,0.8111,0.8111,0.000
?,tencentBlock_24183,10,0.3369,0.3369,0.000,0.3359,0.3359,0.000
?,tencentBlock_24191,10,0.3357,0.3357,0.000,0.3357,0.3357,0.000
?,tencentBlock_24205,10,0.1021,0.1025,-0.040,0.0973,0.0972,0.010
?,tencentBlock_24208,10,0.2470,0.2470,0.000,0.2469,0.2469,0.000
?,tencentBlock_24209,10,0.2532,0.2532,0.000,0.2532,0.2532,0.000
?,tencentBlock_24212,10,0.3204,0.3204,0.000,0.3204,0.3204,0.000
?,tencentBlock_24220,10,0.4274,0.4223,0.510,0.4097,0.4102,-0.050
?,tencentBlock_24223,10,0.5923,0.5873,0.500,0.4434,0.4434,0.000
?,tencentBlock_24232,10,0.5426,0.5427,-0.010,0.5421,0.5421,0.000
?,tencentBlock_24239,10,0.9203,0.9203,0.000,0.9203,0.9203,0.000
?,tencentBlock_24245,10,0.6391,0.6386,0.050,0.6379,0.6379,0.000
?,tencentBlock_24246,10,0.2076,0.2076,0.000,0.2067,0.2067,0.000
?,tencentBlock_24247,10,0.5087,0.4914,1.730,0.4310,0.4308,0.020
?,tencentBlock_2425,10,0.0922,0.0898,0.240,0.0872,0.0870,0.015
?,tencentBlock_24254,10,0.7740,0.7731,0.090,0.7654,0.7659,-0.050
?,tencentBlock_24259,10,0.7168,0.7149,0.190,0.6687,0.6729,-0.420
?,tencentBlock_24260,10,0.8884,0.8884,0.000,0.8884,0.8884,0.000
?,tencentBlock_24272,10,0.5247,0.5182,0.650,0.4985,0.4984,0.010
?,tencentBlock_24273,10,0.5416,0.5392,0.240,0.5395,0.5393,0.020
?,tencentBlock_24276,10,0.1100,0.1087,0.130,0.1084,0.1083,0.010
?,tencentBlock_24279,10,0.3322,0.3322,0.000,0.3318,0.3318,0.000
?,tencentBlock_24283,10,0.2738,0.2738,0.000,0.2738,0.2738,0.000
?,tencentBlock_24287,10,0.2462,0.2436,0.260,0.2345,0.2345,0.000
?,tencentBlock_24294,10,0.9553,0.9553,0.000,0.9553,0.9553,0.000
?,tencentBlock_24298,10,0.4087,0.3999,0.880,0.3742,0.3739,0.030
?,tencentBlock_2430,10,0.5972,0.5934,0.380,0.5829,0.5829,0.000
?,tencentBlock_24307,10,0.3036,0.3029,0.070,0.2931,0.2931,0.000
?,tencentBlock_24315,10,0.2255,0.2254,0.010,0.2242,0.2242,0.000
?,tencentBlock_24323,10,0.4581,0.4581,0.000,0.4462,0.4462,0.000
?,tencentBlock_24337,10,,,,,,
?,tencentBlock_24339,10,,,,,,
?,tencentBlock_2434,10,0.4070,0.4100,-0.300,0.4025,0.4024,0.010
?,tencentBlock_24348,10,0.2041,0.2041,0.000,0.2041,0.2041,0.000
?,tencentBlock_24355,10,0.3702,0.3702,0.000,0.3697,0.3697,0.000
?,tencentBlock_24363,10,0.1586,0.1564,0.220,0.1496,0.1492,0.040
?,tencentBlock_24371,10,0.2352,0.2341,0.110,0.2177,0.2176,0.010
?,tencentBlock_24379,10,,,,,,
?,tencentBlock_24384,10,0.3959,0.3953,0.060,0.3888,0.3888,0.000
?,tencentBlock_24392,10,0.7788,0.7784,0.040,0.7751,0.7751,0.000
?,tencentBlock_24398,10,0.3930,0.3927,0.030,0.3896,0.3896,0.000
?,tencentBlock_24408,10,0.4973,0.4966,0.070,0.4813,0.4813,0.000
?,tencentBlock_24414,10,0.4042,0.4041,0.010,0.4019,0.4019,0.000
?,tencentBlock_24422,10,0.7274,0.7274,0.000,0.7274,0.7274,0.000
?,tencentBlock_24427,10,0.8369,0.8369,0.000,0.8369,0.8369,0.000
?,tencentBlock_24428,10,0.3895,0.3892,0.030,0.3878,0.3878,0.000
?,tencentBlock_24429,10,0.3336,0.3336,0.000,0.3330,0.3330,0.000
?,tencentBlock_24434,10,0.3358,0.3358,0.000,0.3354,0.3354,0.000
?,tencentBlock_2444,10,0.1630,0.1619,0.110,0.1735,0.1735,0.000
?,tencentBlock_24441,10,,,,,,
?,tencentBlock_24446,10,0.2891,0.2857,0.340,0.2815,0.2813,0.020
?,tencentBlock_24454,10,0.1592,0.1590,0.020,0.1578,0.1578,0.000
?,tencentBlock_24461,10,0.1499,0.1496,0.030,0.1463,0.1463,0.000
?,tencentBlock_24466,10,0.1334,0.1334,0.000,0.1329,0.1330,-0.010
?,tencentBlock_2447,10,0.4158,0.4135,0.230,0.4079,0.4079,0.000
?,tencentBlock_24474,10,0.3776,0.3770,0.060,0.3764,0.3764,0.000
?,tencentBlock_24481,10,0.3809,0.3809,0.000,0.3806,0.3806,0.000
?,tencentBlock_24485,10,0.3337,0.3337,0.000,0.3336,0.3336,0.000
?,tencentBlock_24494,10,0.3028,0.3028,0.000,0.3027,0.3027,0.000
?,tencentBlock_24497,10,0.5054,0.4987,0.670,0.4317,0.4312,0.050
?,tencentBlock_24500,10,0.4169,0.4126,0.430,0.3930,0.3930,0.000
?,tencentBlock_24501,10,0.5297,0.5293,0.040,0.5124,0.5124,0.000
?,tencentBlock_24514,10,0.2069,0.2056,0.130,0.2020,0.2020,0.000
?,tencentBlock_24517,10,0.2492,0.2365,1.270,0.2102,0.2102,0.000
?,tencentBlock_24525,10,0.3001,0.3001,0.000,0.3001,0.3001,0.000
?,tencentBlock_24531,10,0.4237,0.4237,0.000,0.4237,0.4237,0.000
?,tencentBlock_2454,10,0.3530,0.3526,0.040,0.3422,0.3422,0.000
?,tencentBlock_24540,10,0.1062,0.1062,0.000,0.1062,0.1062,0.000
?,tencentBlock_24549,10,0.3362,0.3362,0.000,0.3360,0.3360,0.000
?,tencentBlock_24553,10,0.5052,0.5052,0.000,0.5050,0.5050,0.000
?,tencentBlock_24556,10,0.2624,0.2624,0.000,0.2621,0.2621,0.000
?,tencentBlock_24564,10,0.5028,0.5027,0.010,0.5016,0.5016,0.000
?,tencentBlock_24565,10,,,,,,
?,tencentBlock_2458,10,0.4224,0.4216,0.080,0.4245,0.4245,0.000
?,tencentBlock_24580,10,0.8720,0.8720,0.000,0.8720,0.8720,0.000
?,tencentBlock_24584,10,0.1040,0.1037,0.030,0.1037,0.1037,0.000
?,tencentBlock_24590,10,0.3349,0.3349,0.000,0.3347,0.3347,0.000
?,tencentBlock_24596,10,0.3999,0.3999,0.000,0.3997,0.3997,0.000
?,tencentBlock_24598,10,0.3217,0.3217,0.000,0.3216,0.3216,0.000
?,tencentBlock_24611,10,0.2111,0.2112,-0.010,0.2115,0.2115,0.000
?,tencentBlock_24615,10,0.1702,0.1702,0.000,0.1670,0.1670,0.000
?,tencentBlock_24623,10,0.4992,0.4976,0.160,0.4924,0.4924,0.000
?,tencentBlock_24625,10,0.2119,0.2119,0.000,0.2116,0.2116,0.000
?,tencentBlock_24633,10,0.9042,0.9019,0.230,0.9005,0.9005,0.000
?,tencentBlock_24642,10,0.3627,0.3627,0.000,0.3600,0.3600,0.000
?,tencentBlock_24651,10,0.6418,0.6413,0.050,0.6444,0.6445,-0.010
?,tencentBlock_24659,10,0.3336,0.3336,0.000,0.3335,0.3335,0.000
?,tencentBlock_24663,10,0.3337,0.3337,0.000,0.3336,0.3336,0.000
?,tencentBlock_24666,10,0.9337,0.9337,0.000,0.9337,0.9337,0.000
?,tencentBlock_2467,10,0.4481,0.4047,4.340,0.4121,0.4257,-1.360
?,tencentBlock_24672,10,0.3630,0.3630,0.000,0.3615,0.3615,0.000
?,tencentBlock_24684,10,,,,,,
?,tencentBlock_2469,10,0.6129,0.6213,-0.840,0.5983,0.5973,0.100
?,tencentBlock_24692,10,0.2223,0.2223,0.000,0.2223,0.2223,0.000
?,tencentBlock_24698,10,0.1829,0.1829,0.000,0.1829,0.1829,0.000
?,tencentBlock_24702,10,0.3367,0.3367,0.000,0.3364,0.3364,0.000
?,tencentBlock_24708,10,,,,,,
?,tencentBlock_24716,10,0.2023,0.2023,0.000,0.2022,0.2022,0.000
?,tencentBlock_24725,10,0.9057,0.9043,0.140,0.9053,0.9053,0.000
?,tencentBlock_2473,10,0.3234,0.3234,0.000,0.3442,0.3442,0.000
?,tencentBlock_24732,10,0.5582,0.5534,0.480,0.5366,0.5366,0.000
?,tencentBlock_24735,10,0.6583,0.6530,0.530,0.6818,0.6818,0.000
?,tencentBlock_24738,10,0.3351,0.3350,0.010,0.3345,0.3345,0.000
?,tencentBlock_24742,10,0.4281,0.3984,2.970,0.3851,0.3988,-1.370
?,tencentBlock_24752,10,,,,,,
?,tencentBlock_24759,10,0.2478,0.2478,0.000,0.2497,0.2497,0.000
?,tencentBlock_24760,10,0.2359,0.2359,0.000,0.2352,0.2352,0.000
?,tencentBlock_24762,10,,,,,,
?,tencentBlock_24770,10,0.9094,0.9088,0.060,0.9055,0.9055,0.000
?,tencentBlock_24771,10,0.1540,0.1541,-0.010,0.1528,0.1528,0.000
?,tencentBlock_24778,10,0.3379,0.3379,0.000,0.3374,0.3374,0.000
?,tencentBlock_24779,10,0.2574,0.2564,0.100,0.2490,0.2490,0.000
?,tencentBlock_2478,10,0.2213,0.2213,0.000,0.2314,0.2313,0.010
?,tencentBlock_24780,10,0.2092,0.2092,0.000,0.2092,0.2092,0.000
?,tencentBlock_24782,10,0.2027,0.2027,0.000,0.2027,0.2027,0.000
?,tencentBlock_24792,10,0.5245,0.5245,0.000,0.5216,0.5216,0.000
?,tencentBlock_24800,10,0.9347,0.9346,0.010,0.9346,0.9346,0.000
?,tencentBlock_24807,10,,,,,,
?,tencentBlock_24812,10,0.3047,0.2949,0.980,0.2853,0.2850,0.030
?,tencentBlock_24819,10,0.2047,0.2047,0.000,0.2047,0.2047,0.000
?,tencentBlock_2482,10,0.2486,0.2478,0.080,0.2480,0.2480,0.000
?,tencentBlock_24820,10,0.4301,0.4301,0.000,0.4302,0.4302,0.000
?,tencentBlock_24826,10,0.2014,0.2011,0.030,0.2004,0.2004,0.000
?,tencentBlock_24832,10,,,,,,
?,tencentBlock_24849,10,0.4229,0.4224,0.050,0.4193,0.4193,0.000
?,tencentBlock_24855,10,0.3235,0.3238,-0.030,0.3218,0.3218,0.000
?,tencentBlock_24858,10,0.2123,0.2123,0.000,0.2123,0.2123,0.000
?,tencentBlock_24860,10,0.2015,0.2004,0.110,0.2003,0.2003,0.000
?,tencentBlock_24869,10,0.8157,0.8157,0.000,0.8157,0.8157,0.000
?,tencentBlock_24870,10,0.1100,0.1096,0.040,0.1094,0.1094,0.000
?,tencentBlock_24877,10,0.1827,0.1827,0.000,0.1826,0.1826,0.000
?,tencentBlock_24879,10,0.6852,0.6848,0.040,0.6865,0.6865,0.000
?,tencentBlock_24885,10,0.2528,0.2528,0.000,0.2528,0.2528,0.000
?,tencentBlock_2489,10,0.2451,0.2451,0.000,0.2513,0.2513,0.000
?,tencentBlock_24890,10,0.2175,0.2173,0.020,0.2175,0.2175,0.000
?,tencentBlock_24892,10,0.1845,0.1845,0.000,0.1846,0.1846,0.000
?,tencentBlock_24900,10,0.1664,0.1657,0.070,0.1597,0.1599,-0.020
?,tencentBlock_24921,10,0.2069,0.2069,0.000,0.2067,0.2067,0.000
?,tencentBlock_24922,10,,,,,,
?,tencentBlock_24928,10,0.5307,0.5306,0.010,0.5288,0.5288,0.000
?,tencentBlock_24936,10,0.5981,0.5980,0.010,0.5963,0.5963,0.000
?,tencentBlock_24938,10,0.2359,0.2355,0.040,0.2442,0.2442,0.000
?,tencentBlock_24948,10,0.2223,0.2233,-0.100,0.2263,0.2264,-0.010
?,tencentBlock_24949,10,0.5564,0.5544,0.200,0.5175,0.5175,0.000
?,tencentBlock_2495,10,0.2303,0.2323,-0.200,0.2327,0.2335,-0.080
?,tencentBlock_24951,10,0.3539,0.3454,0.850,0.3127,0.3111,0.160
?,tencentBlock_24961,10,0.5824,0.5816,0.080,0.5810,0.5810,0.000
?,tencentBlock_24962,10,0.5299,0.5292,0.070,0.5265,0.5265,0.000
?,tencentBlock_24965,10,0.5788,0.5785,0.030,0.5806,0.5805,0.010
?,tencentBlock_2499,10,0.5742,0.5723,0.190,0.5683,,
?,tencentBlock_24992,10,0.9316,0.9316,0.000,0.9316,0.9316,0.000
?,tencentBlock_24999,10,0.7407,0.7406,0.010,0.7363,0.7363,0.000
?,tencentBlock_25009,10,0.3660,0.3589,0.710,0.3466,0.3480,-0.140
?,tencentBlock_25013,10,0.2269,0.2279,-0.100,0.2462,0.2462,0.000
?,tencentBlock_25017,10,0.5373,0.5360,0.130,0.5245,0.5244,0.010
?,tencentBlock_25050,10,0.6405,0.6395,0.100,0.6318,0.6318,0.000
?,tencentBlock_25053,10,0.6049,0.6054,-0.050,0.6627,0.6627,0.000
?,tencentBlock_25058,10,0.2976,0.2976,0.000,0.2975,0.2975,0.000
?,tencentBlock_2508,10,0.2743,0.2709,0.340,0.2610,0.2669,-0.585
?,tencentBlock_2511,10,0.4006,0.4044,-0.380,0.4027,0.4027,0.000
?,tencentBlock_2514,10,0.4028,0.4028,0.000,0.4023,0.4023,0.000
?,tencentBlock_2520,10,0.1875,0.1705,1.700,0.1424,0.1426,-0.020
?,tencentBlock_2525,10,0.4400,0.4384,0.160,0.4119,0.4120,-0.010
?,tencentBlock_25253,10,0.3422,0.3408,0.140,0.3424,0.3426,-0.020
?,tencentBlock_25326,10,0.1560,0.1555,0.050,0.1526,0.1525,0.010
?,tencentBlock_2536,10,0.3071,0.3054,0.170,0.2932,0.2930,0.020
?,tencentBlock_25375,10,0.0875,0.0866,0.090,,,
?,tencentBlock_25379,10,0.8720,0.8174,5.460,0.7623,0.7623,0.000
?,tencentBlock_25386,10,0.2879,0.2806,0.730,0.2802,0.2798,0.040
?,tencentBlock_25387,10,0.0851,0.0845,0.060,0.0846,0.0845,0.010
?,tencentBlock_25394,10,0.2717,0.2668,0.490,0.2590,0.2593,-0.030
?,tencentBlock_25402,10,0.2000,0.1916,0.840,0.1723,0.1726,-0.030
?,tencentBlock_25415,10,0.5030,0.5043,-0.130,0.4745,0.4689,0.560
?,tencentBlock_25420,10,0.4332,0.4319,0.130,0.4274,0.4270,0.035
?,tencentBlock_25428,10,0.6288,0.6252,0.360,0.6227,0.6229,-0.020
?,tencentBlock_25432,10,0.5486,0.5477,0.090,0.5466,0.5465,0.010
?,tencentBlock_25434,10,1.0000,1.0000,0.000,1.0000,1.0000,0.000
?,tencentBlock_2545,10,0.2757,0.2742,0.150,0.2839,0.2838,0.010
?,tencentBlock_25452,10,0.3375,0.3375,0.000,0.3356,0.3356,0.000
?,tencentBlock_25460,10,0.6983,0.6971,0.120,0.6954,0.6957,-0.030
?,tencentBlock_25467,10,0.3482,0.3471,0.110,0.3462,0.3447,0.150
?,tencentBlock_25476,10,0.1100,0.1086,0.140,0.1057,0.1057,0.000
?,tencentBlock_25480,10,0.5118,0.4803,3.150,0.4243,0.4386,-1.430
?,tencentBlock_25494,10,0.3449,0.3484,-0.350,0.3441,0.3458,-0.170
?,tencentBlock_2554,10,0.0901,0.0858,0.430,0.0776,0.0778,-0.020
?,tencentBlock_25548,10,0.1394,0.1353,0.410,0.1332,0.1304,0.280
?,tencentBlock_25550,10,0.4540,0.4540,0.000,0.4535,0.4535,0.000
?,tencentBlock_25556,10,0.9840,0.9840,0.000,0.9840,0.9840,0.000
?,tencentBlock_25561,10,0.3492,0.3502,-0.100,0.3457,0.3452,0.050
?,tencentBlock_25563,10,0.6122,0.6020,1.020,0.6012,0.5988,0.240
?,tencentBlock_25569,10,0.3478,0.3483,-0.050,0.3462,0.3471,-0.090
?,tencentBlock_25578,10,0.3764,0.3043,7.210,0.2922,0.3516,-5.940
?,tencentBlock_25585,10,0.5734,0.5681,0.530,0.5642,0.5671,-0.290
?,tencentBlock_2559,10,0.3421,0.3402,0.190,0.3495,0.3495,0.000
?,tencentBlock_25594,10,0.1637,0.1613,0.240,0.1594,0.1591,0.030
?,tencentBlock_25599,10,0.3086,0.3087,-0.010,0.3289,0.3286,0.030
?,tencentBlock_25608,10,0.3452,0.3454,-0.020,0.3435,0.3425,0.100
?,tencentBlock_2561,10,0.4821,0.4793,0.280,0.4778,0.4777,0.010
?,tencentBlock_25616,10,0.3661,0.3591,0.700,0.3496,0.3493,0.030
?,tencentBlock_25621,10,0.6463,0.6331,1.320,0.6271,0.6213,0.580
?,tencentBlock_25630,10,0.5671,0.5477,1.940,0.5404,0.5358,0.460
?,tencentBlock_25639,10,0.2774,0.2649,1.250,0.2694,0.2683,0.110
?,tencentBlock_25640,10,0.1701,0.1699,0.020,0.1675,0.1675,0.000
?,tencentBlock_25641,10,0.5590,0.5561,0.290,0.5539,0.5535,0.040
?,tencentBlock_25650,10,0.2609,0.2598,0.110,0.2640,0.2639,0.010
?,tencentBlock_25653,10,0.2367,0.2348,0.190,0.2339,0.2339,0.000
?,tencentBlock_25656,10,0.3823,0.3802,0.210,0.3774,0.3785,-0.110
?,tencentBlock_25663,10,0.3360,0.3177,1.830,0.3176,0.3156,0.200
?,tencentBlock_25678,10,0.5586,0.5498,0.880,0.5531,0.5533,-0.020
?,tencentBlock_25679,10,0.5325,0.5179,1.460,0.5255,0.5248,0.070
?,tencentBlock_2568,10,0.4254,0.4236,0.180,0.4293,0.4292,0.010
?,tencentBlock_25683,10,0.4103,0.4101,0.020,0.4141,0.4141,0.000
?,tencentBlock_25684,10,0.5011,0.4854,1.570,0.4940,0.4918,0.220
?,tencentBlock_25691,10,0.3594,0.3595,-0.010,0.3579,0.3577,0.020
?,tencentBlock_25702,10,0.4793,0.4652,1.410,0.4769,0.4752,0.170
?,tencentBlock_25703,10,0.3375,0.3206,1.690,0.3220,0.3185,0.350
?,tencentBlock_25709,10,0.4586,0.4485,1.010,0.4571,0.4566,0.050
?,tencentBlock_25715,10,0.3627,0.3627,0.000,0.3610,0.3610,0.000
?,tencentBlock_25719,10,0.1706,0.1691,0.150,0.1654,,
?,tencentBlock_25728,10,0.3523,0.3521,0.020,0.3492,0.3520,-0.280
?,tencentBlock_25737,10,0.6736,0.6693,0.430,0.6636,0.6637,-0.010
?,tencentBlock_25745,10,0.6709,0.6660,0.490,0.6565,0.6565,0.000
?,tencentBlock_25752,10,0.4886,0.4777,1.090,0.4739,0.4740,-0.010
?,tencentBlock_25758,10,0.3210,0.3121,0.890,0.3234,0.3241,-0.070
?,tencentBlock_2576,10,0.5885,0.5851,0.340,0.5725,0.5725,0.000
?,tencentBlock_25764,10,0.1523,0.1498,0.250,0.1532,0.1526,0.060
?,tencentBlock_25771,10,0.3577,0.3525,0.520,0.3543,0.3544,-0.010
?,tencentBlock_25775,10,0.1747,0.1759,-0.120,0.1775,0.1754,0.210
?,tencentBlock_25782,10,0.6225,0.6169,0.560,0.6054,0.6050,0.040
?,tencentBlock_25788,10,0.6393,0.5938,4.550,0.6040,0.6317,-2.770
?,tencentBlock_25789,10,0.2268,0.2173,0.950,0.2253,0.2163,0.900
?,tencentBlock_25790,10,0.2644,0.2580,0.640,0.2496,0.2496,0.000
?,tencentBlock_25793,10,0.3231,0.3211,0.200,0.3206,0.3206,0.000
?,tencentBlock_25798,10,0.9385,0.9381,0.040,0.9398,0.9398,0.000
?,tencentBlock_25801,10,0.4369,0.4203,1.660,0.4024,0.4011,0.130
?,tencentBlock_25809,10,0.7728,0.7665,0.630,0.7577,0.7572,0.050
?,tencentBlock_25815,10,0.8757,0.8757,0.000,0.8757,0.8757,0.000
?,tencentBlock_25820,10,0.8779,0.8779,0.000,0.8779,0.8779,0.000
?,tencentBlock_25851,10,0.4717,0.4655,0.620,0.4674,0.4662,0.120
?,tencentBlock_2586,10,0.2221,0.1959,2.620,0.1199,0.1197,0.020
?,tencentBlock_25860,10,0.4459,0.4417,0.420,0.4432,0.4431,0.010
?,tencentBlock_25878,10,0.9829,0.9829,0.000,0.9829,0.9829,0.000
?,tencentBlock_25893,10,0.8998,0.8998,0.000,0.8998,0.8998,0.000
?,tencentBlock_25895,10,0.4822,0.4822,0.000,0.4822,0.4822,0.000
?,tencentBlock_25904,10,0.8203,0.8158,0.450,0.8083,0.8086,-0.030
?,tencentBlock_25905,10,0.8022,0.7986,0.360,0.7904,0.7903,0.010
?,tencentBlock_25909,10,0.9794,0.9794,0.000,0.9794,0.9794,0.000
?,tencentBlock_25923,10,0.4708,0.4659,0.490,0.4727,0.4727,0.000
?,tencentBlock_25933,10,0.3636,0.3624,0.120,0.3700,0.3700,0.000
?,tencentBlock_25936,10,0.8283,0.8243,0.400,0.8156,0.8147,0.090
?,tencentBlock_2594,10,0.3369,0.3333,0.360,0.3262,0.3260,0.020
?,tencentBlock_25944,10,0.9899,0.9899,0.000,0.9899,0.9899,0.000
?,tencentBlock_25953,10,0.4094,0.4000,0.940,,,
?,tencentBlock_25954,10,0.8194,0.8175,0.190,0.8060,0.8060,0.000
?,tencentBlock_25955,10,0.5505,0.5487,0.180,0.5573,0.5577,-0.040
?,tencentBlock_25959,10,0.5325,0.5323,0.020,0.5493,0.5493,0.000
?,tencentBlock_2596,10,0.5870,0.5835,0.350,0.5690,0.5690,0.000
?,tencentBlock_25962,10,0.6814,0.6804,0.100,0.6776,0.6776,0.000
?,tencentBlock_25968,10,0.9885,0.9885,0.000,0.9885,0.9885,0.000
?,tencentBlock_25974,10,0.7141,0.7128,0.130,0.7124,0.7123,0.010
?,tencentBlock_2598,10,0.3772,0.3735,0.370,,0.3618,
?,tencentBlock_25983,10,0.9940,0.9940,0.000,0.9940,0.9940,0.000
?,tencentBlock_25984,10,0.9889,0.9889,0.000,0.9889,0.9889,0.000
?,tencentBlock_25992,10,0.9957,0.9957,0.000,0.9957,0.9957,0.000
?,tencentBlock_26001,10,0.8136,0.8092,0.440,0.8032,0.8030,0.020
?,tencentBlock_26003,10,0.8089,0.7868,2.210,0.7956,0.7785,1.710
?,tencentBlock_26018,10,0.4150,0.4073,0.770,0.4152,0.4146,0.055
?,tencentBlock_26021,10,0.5036,0.4945,0.910,,,
?,tencentBlock_26030,10,0.4181,0.4044,1.370,0.4103,0.4112,-0.090
?,tencentBlock_26039,10,0.5060,0.4965,0.950,,,
?,tencentBlock_26045,10,0.4169,0.4022,1.470,0.4115,0.4110,0.050
?,tencentBlock_2605,10,0.2560,0.2559,0.010,0.2541,0.2540,0.010
?,tencentBlock_26051,10,0.9790,0.9790,0.000,0.9789,0.9789,0.000
?,tencentBlock_2610,10,0.2508,0.2513,-0.050,0.2636,0.2636,0.000
?,tencentBlock_2617,10,0.6860,0.6850,0.100,0.6471,0.6470,0.010
?,tencentBlock_2620,10,0.1111,0.1056,0.550,0.1026,0.1075,-0.490
?,tencentBlock_2636,10,0.5665,0.5656,0.090,0.5612,0.5600,0.115
?,tencentBlock_2637,10,0.2036,0.2034,0.020,0.1987,0.1987,0.000
?,tencentBlock_2641,10,0.1877,0.1836,0.410,0.1775,0.1782,-0.070
?,tencentBlock_2644,10,0.1910,0.1909,0.010,0.2020,0.2020,0.000
?,tencentBlock_2647,10,0.4767,0.4747,0.200,0.4473,0.4474,-0.010
?,tencentBlock_2653,10,0.4451,0.2614,18.370,0.3027,0.3940,-9.130
?,tencentBlock_2659,10,0.3943,0.3892,0.510,0.3800,0.3804,-0.040
?,tencentBlock_2666,10,0.2107,0.2097,0.100,0.2141,0.2141,0.000
?,tencentBlock_2672,10,0.1873,0.1868,0.050,0.1885,0.1885,0.000
?,tencentBlock_2678,10,0.2823,0.2801,0.220,0.2867,0.2871,-0.040
?,tencentBlock_2685,10,0.1726,0.1723,0.030,0.1700,0.1698,0.025
?,tencentBlock_2687,10,0.1824,0.1828,-0.040,0.1832,0.1832,0.000
?,tencentBlock_2688,10,0.1161,0.1140,0.210,0.1106,0.1106,0.000
?,tencentBlock_2691,10,0.2517,0.2520,-0.030,0.2639,0.2639,0.000
?,tencentBlock_2693,10,0.4627,0.3612,10.150,0.2396,0.2646,-2.500
?,tencentBlock_2697,10,0.1380,0.1447,-0.670,0.1361,0.1327,0.340
?,tencentBlock_2703,10,0.1228,0.1207,0.210,0.1122,0.1121,0.010
?,tencentBlock_2707,10,0.2094,0.2087,0.070,0.2169,0.2169,0.000
?,tencentBlock_2712,10,0.2814,0.2816,-0.020,0.2746,0.2743,0.030
?,tencentBlock_2716,10,0.5449,0.5449,0.000,0.5408,0.5408,0.000
?,tencentBlock_2720,10,0.4031,0.4128,-0.970,0.4104,0.4101,0.030
?,tencentBlock_2727,10,0.5565,0.5161,4.040,0.3871,0.4191,-3.200
?,tencentBlock_2732,10,0.5025,0.5085,-0.600,0.4960,0.4980,-0.195
?,tencentBlock_2737,10,0.6080,0.5427,6.530,0.4178,0.4297,-1.190
?,tencentBlock_2744,10,0.2710,0.2730,-0.200,0.2814,0.2809,0.050
?,tencentBlock_2745,10,0.1591,0.1594,-0.030,0.1662,0.1661,0.010
?,tencentBlock_2754,10,0.0055,0.0047,0.080,0.0044,0.0045,-0.010
?,tencentBlock_2758,10,0.2372,0.2337,0.350,0.2222,0.2222,0.000
?,tencentBlock_2760,10,0.5632,0.5637,-0.050,0.5944,0.5951,-0.070
?,tencentBlock_2767,10,0.1888,0.1888,0.000,0.1991,0.1991,0.000
?,tencentBlock_2773,10,0.2334,0.2340,-0.060,0.2353,0.2352,0.010
?,tencentBlock_2777,10,0.2034,0.2025,0.090,0.1989,0.1989,0.000
?,tencentBlock_2786,10,0.3948,0.3960,-0.120,0.4328,0.4127,2.010
?,tencentBlock_2792,10,0.4636,0.4606,0.300,0.4567,0.4567,0.000
?,tencentBlock_2801,10,0.3006,0.2959,0.470,0.2847,0.2844,0.030
?,tencentBlock_2809,10,0.3310,0.3305,0.050,0.3174,0.3174,0.000
?,tencentBlock_2816,10,0.3889,0.3878,0.110,0.3855,0.3855,0.000
?,tencentBlock_2823,10,0.3434,0.3423,0.110,0.3397,0.3396,0.010
?,tencentBlock_2827,10,0.2359,0.2359,0.000,0.2439,0.2439,0.000
?,tencentBlock_2830,10,0.5523,0.5517,0.060,0.5385,0.5386,-0.010
?,tencentBlock_2839,10,0.2100,0.2087,0.130,0.2021,0.2022,-0.010
?,tencentBlock_2840,10,0.2650,0.2605,0.450,0.2545,0.2542,0.030
?,tencentBlock_2845,10,0.1851,0.1851,0.000,0.1790,0.1791,-0.010
?,tencentBlock_2846,10,0.3726,0.3347,3.790,0.2424,0.2481,-0.570
?,tencentBlock_2853,10,0.3790,0.3771,0.190,0.4264,0.4254,0.105
?,tencentBlock_2855,10,0.1573,0.1564,0.090,0.1491,0.1491,0.000
?,tencentBlock_2861,10,0.7001,0.6996,0.050,0.6211,0.6212,-0.010
?,tencentBlock_2863,10,0.3213,0.3200,0.130,0.3192,0.3190,0.020
?,tencentBlock_2865,10,0.2060,0.1962,0.980,0.1880,0.1880,0.000
?,tencentBlock_2871,10,0.3147,0.3099,0.480,0.3012,0.3011,0.005
?,tencentBlock_2873,10,0.4086,0.4114,-0.280,0.4074,0.4074,0.000
?,tencentBlock_2877,10,0.1930,0.1921,0.090,0.1858,0.1858,0.000
?,tencentBlock_2878,10,0.1223,0.1222,0.010,0.1227,0.1227,0.000
?,tencentBlock_2887,10,0.2929,0.2916,0.130,0.2871,0.2871,0.000
?,tencentBlock_2892,10,0.2459,0.2445,0.140,0.2494,0.2493,0.010
?,tencentBlock_2893,10,0.2838,0.2827,0.110,0.2809,0.2808,0.005
?,tencentBlock_2902,10,0.2430,0.2399,0.310,0.2211,0.2195,0.160
?,tencentBlock_2919,10,0.1383,0.1348,0.350,0.1212,0.1212,0.000
?,tencentBlock_2925,10,0.2249,0.2103,1.460,0.2012,0.2045,-0.330
?,tencentBlock_2929,10,0.9697,0.9662,0.350,0.9517,0.9517,0.000
?,tencentBlock_2931,10,0.0963,0.0937,0.260,0.0870,0.0870,0.000
?,tencentBlock_2937,10,0.1280,0.1288,-0.080,0.1308,0.1308,0.000
?,tencentBlock_2946,10,0.3372,0.3346,0.260,0.3361,0.3358,0.030
?,tencentBlock_2954,10,0.1281,0.1185,0.960,0.1069,0.1089,-0.200
?,tencentBlock_2956,10,0.6600,0.6337,2.630,0.6122,0.6130,-0.080
?,tencentBlock_2960,10,0.0862,0.0858,0.040,0.0800,0.0800,0.000
?,tencentBlock_2965,10,0.2281,0.2254,0.270,0.2171,0.2170,0.010
?,tencentBlock_2974,10,0.2221,0.2203,0.180,0.2137,0.2136,0.010
?,tencentBlock_2976,10,0.0827,0.0826,0.010,0.0831,0.0831,0.000
?,tencentBlock_2990,10,0.3054,0.3049,0.050,0.2660,0.2660,0.000
?,tencentBlock_2995,10,0.0989,0.0972,0.170,0.0931,0.0932,-0.010
?,tencentBlock_3003,10,0.1015,0.1005,0.100,0.0957,0.0957,0.000
?,tencentBlock_3004,10,0.1350,0.1326,0.240,0.1337,0.1339,-0.020
?,tencentBlock_3005,10,0.1069,0.1036,0.330,0.1007,0.1013,-0.055
?,tencentBlock_3011,10,0.4442,0.4267,1.750,0.4156,0.4152,0.040
?,tencentBlock_3015,10,0.2644,0.2391,2.530,0.1904,0.1913,-0.090
?,tencentBlock_3024,10,0.2392,0.2373,0.190,0.2310,0.2311,-0.010
?,tencentBlock_3035,10,0.2067,0.2054,0.130,0.2013,0.2013,0.000
?,tencentBlock_3039,10,0.1330,0.1318,0.120,0.1210,0.1210,0.000
?,tencentBlock_3048,10,0.2676,0.2646,0.300,0.2569,0.2572,-0.030
?,tencentBlock_3053,10,0.1810,0.1808,0.020,0.1699,0.1699,0.000
?,tencentBlock_3060,10,0.2058,0.2044,0.140,0.2006,0.2021,-0.150
?,tencentBlock_3069,10,0.3898,0.3910,-0.120,0.3965,0.3956,0.090
?,tencentBlock_3075,10,0.2326,0.2315,0.110,0.2189,0.2189,0.000
?,tencentBlock_3077,10,0.1979,0.1944,0.350,0.1852,0.1863,-0.110
?,tencentBlock_3083,10,0.1604,0.1554,0.500,0.1483,0.1484,-0.010
?,tencentBlock_3091,10,0.3258,0.3251,0.070,0.3102,0.3102,0.000
?,tencentBlock_3097,10,0.3238,0.3221,0.170,0.3175,0.3175,0.000
?,tencentBlock_3113,10,0.2417,0.2357,0.600,0.2131,0.2126,0.050
?,tencentBlock_3122,10,0.1915,0.1869,0.460,0.1836,0.1819,0.175
?,tencentBlock_3124,10,0.3995,0.3997,-0.020,0.3985,0.3985,0.000
?,tencentBlock_3128,10,0.0570,0.0558,0.120,0.0519,0.0523,-0.040
?,tencentBlock_3142,10,0.2946,0.2943,0.030,0.3051,0.3051,0.000
?,tencentBlock_3145,10,0.2791,0.2622,1.690,0.2395,0.2390,0.050
?,tencentBlock_3154,10,0.2713,0.2713,0.000,0.2754,0.2754,0.000
?,tencentBlock_3161,10,0.1364,0.1364,0.000,0.1362,0.1362,0.000
?,tencentBlock_3162,10,0.1567,0.1550,0.170,0.1514,0.1514,0.000
?,tencentBlock_3167,10,0.4531,0.4492,0.390,0.4435,0.4436,-0.015
?,tencentBlock_3171,10,0.2383,0.2352,0.310,0.2225,0.2225,0.000
?,tencentBlock_3180,10,0.2810,0.2734,0.760,0.2609,0.2607,0.020
?,tencentBlock_3185,10,0.3076,0.3071,0.050,0.3098,0.3074,0.240
?,tencentBlock_3189,10,0.3282,0.3259,0.230,0.2930,0.2929,0.010
?,tencentBlock_3192,10,0.1682,0.1677,0.050,0.1724,0.1723,0.010
?,tencentBlock_3196,10,0.2837,0.2825,0.120,0.2804,0.2808,-0.040
?,tencentBlock_3200,10,0.1549,0.1545,0.040,0.1403,0.1403,0.000
?,tencentBlock_3210,10,0.5338,0.4619,7.190,0.3377,0.4091,-7.140
?,tencentBlock_3218,10,0.1685,0.1694,-0.090,0.1725,0.1722,0.030
?,tencentBlock_3223,10,0.1138,0.1133,0.050,0.1133,0.1133,0.000
?,tencentBlock_3229,10,0.0656,0.0636,0.200,0.0576,0.0575,0.010
?,tencentBlock_3238,10,0.1574,0.1570,0.040,0.1522,0.1523,-0.010
?,tencentBlock_3247,10,0.3666,0.3664,0.020,0.3642,0.3641,0.010
?,tencentBlock_3254,10,0.2023,0.1994,0.290,0.1780,0.1780,0.000
?,tencentBlock_3261,10,0.1063,0.1040,0.230,0.1021,0.1021,0.000
?,tencentBlock_3268,10,0.1151,0.1127,0.240,0.1092,0.1096,-0.035
?,tencentBlock_3276,10,0.1142,0.1122,0.200,0.1098,0.1096,0.020
?,tencentBlock_3284,10,0.3595,0.3540,0.550,0.3385,0.3385,0.000
?,tencentBlock_3286,10,0.1051,0.1047,0.040,0.0981,0.0980,0.010
?,tencentBlock_3291,10,0.1366,0.1361,0.050,0.1343,0.1343,0.000
?,tencentBlock_3294,10,0.3307,0.3208,0.990,0.3069,0.3068,0.010
?,tencentBlock_3304,10,0.1167,0.1165,0.020,0.0986,0.0986,0.000
?,tencentBlock_3308,10,0.1982,0.1982,0.000,0.2055,0.2055,0.000
?,tencentBlock_3317,10,0.2834,0.2811,0.230,0.2871,0.2861,0.100
?,tencentBlock_3322,10,0.7820,0.7820,0.000,0.7817,0.7817,0.000
?,tencentBlock_3324,10,0.3267,0.3173,0.940,0.2870,0.3020,-1.500
?,tencentBlock_3338,10,0.1469,0.1431,0.380,0.1379,0.1379,0.000
?,tencentBlock_3351,10,0.1915,0.1832,0.830,0.1670,0.1668,0.020
?,tencentBlock_3360,10,0.1469,0.1452,0.170,0.1372,0.1371,0.010
?,tencentBlock_3365,10,0.1423,0.1411,0.120,0.1292,0.1292,0.000
?,tencentBlock_3367,10,0.1025,0.1023,0.020,0.0911,0.0911,0.000
?,tencentBlock_3371,10,0.4602,0.4586,0.160,0.4466,0.4457,0.090
?,tencentBlock_3378,10,0.3263,0.3221,0.420,0.3116,0.3116,0.000
?,tencentBlock_3385,10,0.1047,0.1034,0.130,0.0932,0.0932,0.000
?,tencentBlock_3389,10,0.4014,0.4006,0.080,0.3952,0.3955,-0.030
?,tencentBlock_3397,10,0.2741,0.2652,0.890,0.2256,0.2269,-0.130
?,tencentBlock_3404,10,0.4847,0.4813,0.340,0.4571,,
?,tencentBlock_3410,10,0.0683,0.0675,0.080,0.0636,0.0635,0.010
?,tencentBlock_3418,10,0.2128,0.2105,0.230,0.2020,0.2020,0.000
?,tencentBlock_3426,10,0.2255,0.2043,2.120,0.1888,0.1969,-0.810
?,tencentBlock_3434,10,0.4648,0.4625,0.230,0.4623,0.4619,0.040
?,tencentBlock_3444,10,0.0908,0.0900,0.080,0.0897,,
?,tencentBlock_3449,10,0.2242,0.2209,0.330,0.2106,,
?,tencentBlock_3457,10,0.1611,0.1612,-0.010,0.1669,0.1669,0.000
?,tencentBlock_3466,10,0.4536,0.4515,0.210,0.4441,0.4440,0.010
?,tencentBlock_3475,10,0.3043,0.3021,0.220,0.2926,0.2926,0.000
?,tencentBlock_3484,10,0.2386,0.2243,1.430,0.1967,0.1969,-0.020
?,tencentBlock_3493,10,0.1498,0.1308,1.900,0.1117,0.1125,-0.080
?,tencentBlock_3499,10,0.2130,0.2102,0.280,0.1988,0.1990,-0.020
?,tencentBlock_3508,10,0.4835,0.4821,0.140,0.4799,0.4799,0.000
?,tencentBlock_3509,10,0.4903,0.4899,0.040,0.4934,0.4934,0.000
?,tencentBlock_3520,10,0.2772,0.2750,0.220,0.2667,0.2667,0.000
?,tencentBlock_3521,10,0.4897,0.4748,1.490,0.3351,0.3914,-5.630
?,tencentBlock_3525,10,0.3795,0.3795,0.000,0.3632,0.3632,0.000
?,tencentBlock_3526,10,0.3885,0.3854,0.310,0.3761,0.3761,0.000
?,tencentBlock_3535,10,0.0545,0.0546,-0.010,0.0609,0.0609,0.000
?,tencentBlock_3542,10,0.5193,0.5190,0.030,0.5156,0.5156,0.005
?,tencentBlock_3548,10,0.0428,0.0425,0.030,0.0424,0.0420,0.040
?,tencentBlock_3566,10,0.1680,0.1671,0.090,0.1708,0.1707,0.010
?,tencentBlock_3571,10,0.2580,0.2544,0.360,0.2466,0.2466,0.000
?,tencentBlock_3580,10,0.0289,0.0288,0.010,0.0253,0.0247,0.060
?,tencentBlock_3583,10,0.6002,0.5966,0.360,0.5680,0.5684,-0.040
?,tencentBlock_3584,10,0.1420,0.1372,0.480,0.1340,0.1327,0.130
?,tencentBlock_3590,10,0.2862,0.2860,0.020,0.2874,0.2874,0.000
?,tencentBlock_3596,10,0.3082,0.3060,0.220,0.2943,0.2943,0.000
?,tencentBlock_3600,10,0.1305,0.1277,0.280,0.1227,0.1230,-0.030
?,tencentBlock_3603,10,0.4145,0.4113,0.320,0.4068,0.4066,0.015
?,tencentBlock_3607,10,0.1021,0.1005,0.160,0.0920,0.0920,0.000
?,tencentBlock_3613,10,0.1721,0.1712,0.090,0.1674,0.1676,-0.020
?,tencentBlock_3616,10,0.1179,0.1170,0.090,0.0947,0.0947,0.000
?,tencentBlock_3622,10,0.1950,0.1889,0.610,0.1204,0.1200,0.040
?,tencentBlock_3626,10,0.3134,0.3096,0.380,0.2964,0.2963,0.010
?,tencentBlock_3633,10,0.2799,0.2628,1.710,0.2221,0.2216,0.050
?,tencentBlock_3635,10,0.5851,0.4607,12.440,0.3384,0.3687,-3.030
?,tencentBlock_3636,10,0.4334,0.4335,-0.010,0.4391,0.4393,-0.020
?,tencentBlock_3641,10,0.2516,0.2512,0.040,0.2571,0.2572,-0.005
?,tencentBlock_3642,10,0.4781,0.4736,0.450,0.4539,0.4544,-0.050
?,tencentBlock_3647,10,0.4360,0.4352,0.080,0.4415,0.4416,-0.010
?,tencentBlock_3656,10,0.0880,0.0875,0.050,0.0843,0.0842,0.010
?,tencentBlock_3662,10,0.2118,0.2093,0.250,0.1966,0.1960,0.060
?,tencentBlock_3671,10,0.4194,0.4188,0.060,0.4323,0.4322,0.010
?,tencentBlock_3681,10,0.1899,0.1897,0.020,0.1864,0.1864,0.000
?,tencentBlock_3690,10,0.2035,0.2039,-0.040,0.2138,0.2138,0.000
?,tencentBlock_3714,10,0.1210,0.1203,0.070,0.1091,0.1091,0.000
?,tencentBlock_3723,10,0.6664,0.6665,-0.010,0.6639,0.6639,0.000
?,tencentBlock_3728,10,0.2976,0.2952,0.240,0.2993,0.2993,0.000
?,tencentBlock_3736,10,0.2302,0.2269,0.330,0.2176,0.2187,-0.110
?,tencentBlock_3739,10,0.1500,0.1470,0.300,0.1387,0.1388,-0.010
?,tencentBlock_3747,10,0.1366,0.1361,0.050,0.1315,0.1314,0.010
?,tencentBlock_3754,10,0.0949,0.0937,0.120,0.0912,0.0912,0.000
?,tencentBlock_3766,10,0.1075,0.1056,0.190,0.1015,0.1015,0.000
?,tencentBlock_3769,10,0.5673,0.5664,0.090,0.5564,0.5564,0.000
?,tencentBlock_3772,10,0.2726,0.2729,-0.030,0.2701,0.2700,0.010
?,tencentBlock_3774,10,0.4061,0.4025,0.360,0.3722,0.3722,0.000
?,tencentBlock_3776,10,0.1845,0.1786,0.590,0.1705,0.1702,0.030
?,tencentBlock_3784,10,0.2675,0.2668,0.070,0.2536,0.2536,0.000
?,tencentBlock_3790,10,0.2703,0.2705,-0.020,0.2737,0.2736,0.010
?,tencentBlock_3799,10,0.1329,0.1323,0.060,0.1285,0.1286,-0.010
?,tencentBlock_3809,10,0.0737,0.0708,0.290,0.0677,0.0682,-0.050
?,tencentBlock_3810,10,0.0178,0.0176,0.020,0.0178,0.0177,0.010
?,tencentBlock_3817,10,0.1735,0.1697,0.380,0.1665,0.1674,-0.090
?,tencentBlock_3825,10,0.1943,0.1909,0.340,0.1854,0.1851,0.030
?,tencentBlock_3834,10,0.4419,0.4416,0.030,0.4350,0.4336,0.140
?,tencentBlock_3837,10,0.1129,0.1117,0.120,0.1082,0.1081,0.010
?,tencentBlock_3841,10,0.9847,0.9795,0.520,0.8804,0.8814,-0.100
?,tencentBlock_3847,10,0.4291,0.4277,0.140,0.3966,0.3965,0.010
?,tencentBlock_3850,10,0.2732,0.2695,0.370,0.2639,0.2639,0.000
?,tencentBlock_3855,10,0.1674,0.1643,0.310,0.1585,0.1585,0.000
?,tencentBlock_3858,10,0.0583,0.0583,0.000,0.0583,0.0583,0.000
?,tencentBlock_3863,10,0.1756,0.1732,0.240,0.1667,0.1668,-0.010
?,tencentBlock_3865,10,0.3660,0.2595,10.650,0.2470,0.3413,-9.430
?,tencentBlock_3869,10,0.4218,0.4214,0.040,0.4265,0.4265,0.000
?,tencentBlock_3874,10,0.1044,0.1030,0.140,0.0988,0.0982,0.060
?,tencentBlock_3887,10,0.0975,0.0960,0.150,0.0900,0.0901,-0.010
?,tencentBlock_3894,10,0.2162,0.2157,0.050,0.2056,0.2049,0.070
?,tencentBlock_3897,10,0.1213,0.1223,-0.100,0.1122,0.1127,-0.050
?,tencentBlock_3911,10,0.5269,0.5208,0.610,0.5128,0.5127,0.015
?,tencentBlock_3913,10,0.3443,0.3437,0.060,0.3426,0.3426,0.000
?,tencentBlock_3923,10,0.4369,0.4340,0.290,0.4224,0.4225,-0.010
?,tencentBlock_3925,10,0.1466,0.1450,0.160,0.1390,0.1386,0.040
?,tencentBlock_3932,10,0.1107,0.1099,0.080,0.1030,0.1028,0.020
?,tencentBlock_3933,10,0.2959,0.2952,0.070,0.2921,0.2921,0.000
?,tencentBlock_3937,10,0.4740,0.4725,0.150,0.4645,0.4633,0.120
?,tencentBlock_3953,10,0.2624,0.2624,0.000,0.2586,0.2587,-0.010
?,tencentBlock_3961,10,0.1719,0.1685,0.340,0.1722,0.1718,0.040
?,tencentBlock_3971,10,0.3154,0.2913,2.410,0.2306,0.2383,-0.770
?,tencentBlock_3980,10,0.4443,0.4440,0.030,0.4458,0.4458,0.000
?,tencentBlock_3986,10,0.1210,0.1221,-0.110,0.1176,0.1171,0.050
?,tencentBlock_4000,10,0.1647,0.1632,0.150,0.1493,0.1499,-0.060
?,tencentBlock_4008,10,0.2840,0.2833,0.070,0.2865,0.2865,0.000
?,tencentBlock_4010,10,0.4130,0.4016,1.140,0.2744,0.3047,-3.030
?,tencentBlock_4011,10,0.3773,0.3768,0.050,0.3701,0.3701,0.000
?,tencentBlock_4014,10,0.4033,0.4028,0.050,0.4157,0.4157,0.000
?,tencentBlock_4027,10,0.2943,0.2809,1.340,0.2662,0.2662,0.000
?,tencentBlock_4033,10,0.2155,0.2151,0.040,0.2175,0.2175,0.000
?,tencentBlock_4041,10,0.2820,0.2818,0.020,0.2764,0.2764,0.000
?,tencentBlock_4049,10,0.2706,0.2692,0.140,0.2613,0.2613,0.000
?,tencentBlock_4052,10,0.2074,0.2038,0.360,0.2002,0.2006,-0.040
?,tencentBlock_4058,10,0.0900,0.0894,0.060,0.0878,0.0877,0.010
?,tencentBlock_4064,10,0.4700,0.4697,0.030,0.4645,0.4652,-0.070
?,tencentBlock_4072,10,0.3251,0.3230,0.210,0.3108,0.3108,0.000
?,tencentBlock_4075,10,0.2110,0.2077,0.330,0.1994,0.1995,-0.010
?,tencentBlock_4083,10,0.2600,0.2603,-0.030,0.2696,0.2696,0.000
?,tencentBlock_4091,10,0.0205,0.0200,0.050,0.0180,0.0180,0.000
?,tencentBlock_4100,10,0.4460,0.4423,0.370,0.4089,0.4089,0.000
?,tencentBlock_4105,10,0.1160,0.1131,0.290,0.1034,0.1035,-0.010
?,tencentBlock_4108,10,0.1727,0.1714,0.130,0.1244,0.1243,0.010
?,tencentBlock_4124,10,0.0926,0.0927,-0.010,0.0928,0.0928,0.000
?,tencentBlock_4131,10,0.1064,0.1052,0.120,0.1034,0.1034,0.000
?,tencentBlock_4139,10,0.2252,0.2145,1.070,0.2036,0.2038,-0.020
?,tencentBlock_4151,10,0.2302,0.2272,0.300,0.2179,0.2179,0.000
?,tencentBlock_4158,10,0.4634,0.4618,0.160,0.4507,0.4507,0.000
?,tencentBlock_4162,10,0.1849,0.1796,0.530,0.1605,0.1609,-0.040
?,tencentBlock_4170,10,0.0860,0.0856,0.040,0.0799,0.0799,0.005
?,tencentBlock_4176,10,0.3455,0.3420,0.350,0.3247,0.3245,0.020
?,tencentBlock_4178,10,0.7004,0.6981,0.230,0.6913,0.6913,0.000
?,tencentBlock_4183,10,0.0184,0.0184,0.000,0.0168,0.0168,0.000
?,tencentBlock_4191,10,0.2117,0.2125,-0.080,0.2288,0.2287,0.010
?,tencentBlock_4199,10,0.2723,0.2688,0.350,0.2677,0.2677,0.000
?,tencentBlock_4200,10,0.0932,0.0922,0.100,0.0850,0.0850,0.000
?,tencentBlock_4205,10,0.2919,0.2943,-0.240,0.3099,0.3099,0.000
?,tencentBlock_4206,10,0.2113,0.2108,0.050,0.2096,0.2096,0.000
?,tencentBlock_4211,10,0.1898,0.1852,0.460,0.1680,0.1680,0.000
?,tencentBlock_4218,10,0.2635,0.2634,0.010,0.2548,0.2548,0.000
?,tencentBlock_4226,10,0.2607,0.2591,0.160,0.2609,0.2609,0.000
?,tencentBlock_4235,10,0.3287,0.3096,1.910,0.2352,0.2399,-0.470
?,tencentBlock_4241,10,0.1376,0.1365,0.110,0.1250,0.1252,-0.020
?,tencentBlock_4253,10,0.3471,0.3457,0.140,0.3422,0.3419,0.030
?,tencentBlock_4262,10,0.4805,0.4784,0.210,0.4663,0.4662,0.010
?,tencentBlock_4268,10,0.1498,0.1473,0.250,0.1447,0.1449,-0.020
?,tencentBlock_4269,10,0.1227,0.1225,0.020,0.0935,0.0935,0.000
?,tencentBlock_4271,10,0.3279,0.3279,0.000,0.3389,0.3389,0.000
?,tencentBlock_4276,10,0.1161,0.1159,0.020,0.1128,0.1128,0.000
?,tencentBlock_4278,10,0.2005,0.2001,0.040,0.1976,0.1975,0.010
?,tencentBlock_4279,10,0.1606,0.1627,-0.210,0.1515,0.1525,-0.100
?,tencentBlock_4282,10,0.4737,0.4709,0.280,0.4642,0.4642,-0.005
?,tencentBlock_4284,10,0.0645,0.0643,0.020,0.0626,0.0626,0.000
?,tencentBlock_4285,10,0.1766,0.1741,0.250,0.1682,0.1682,0.000
?,tencentBlock_4286,10,0.4844,0.4845,-0.010,0.4817,0.4817,0.000
?,tencentBlock_4296,10,0.2413,0.2415,-0.020,0.2505,0.2505,0.000
?,tencentBlock_4304,10,0.2597,0.2568,0.290,0.2477,0.2478,-0.010
?,tencentBlock_4309,10,0.2311,0.2266,0.450,0.2169,0.2166,0.030
?,tencentBlock_4310,10,0.1918,0.1906,0.120,0.1796,0.1796,0.000
?,tencentBlock_4316,10,0.3520,0.3507,0.130,,0.3462,
?,tencentBlock_4339,10,0.1868,0.1815,0.530,0.1740,0.1736,0.040
?,tencentBlock_4344,10,0.1965,0.1940,0.250,0.1861,0.1861,0.000
?,tencentBlock_4350,10,0.2286,0.2266,0.200,0.1989,0.1987,0.020
?,tencentBlock_4356,10,0.2561,0.2061,5.000,0.1669,0.1692,-0.230
?,tencentBlock_4370,10,0.3107,0.3103,0.040,0.3141,0.3141,0.000
?,tencentBlock_4373,10,0.4926,0.4919,0.070,0.4882,0.4882,0.000
?,tencentBlock_4382,10,0.2392,0.2342,0.500,0.2281,0.2280,0.010
?,tencentBlock_4399,10,0.1918,0.1900,0.180,0.1783,0.1783,0.000
?,tencentBlock_4402,10,0.2454,0.2424,0.300,0.2185,0.2184,0.010
?,tencentBlock_4404,10,0.1869,0.1869,0.000,0.2026,0.2025,0.010
?,tencentBlock_4413,10,0.3164,0.3161,0.030,0.3089,0.3088,0.010
?,tencentBlock_4419,10,0.3918,0.3751,1.670,0.3500,0.3536,-0.360
?,tencentBlock_4422,10,0.7039,0.6775,2.640,0.6453,0.6498,-0.450
?,tencentBlock_4424,10,0.2870,0.2870,0.000,0.3020,0.3020,0.000
?,tencentBlock_4431,10,0.2279,0.2223,0.560,0.2048,0.2049,-0.010
?,tencentBlock_4432,10,0.4485,0.4253,2.320,0.3986,0.3995,-0.090
?,tencentBlock_4434,10,0.4187,0.4169,0.180,0.4027,0.4028,-0.010
?,tencentBlock_4437,10,0.3923,0.3910,0.130,0.3891,0.3891,0.005
?,tencentBlock_4445,10,0.1537,0.1534,0.030,0.1736,0.1733,0.030
?,tencentBlock_4453,10,0.2389,0.2358,0.310,0.2290,0.2296,-0.060
?,tencentBlock_4462,10,0.7150,0.7140,0.100,0.6989,0.6989,0.000
?,tencentBlock_4467,10,0.5402,0.4926,4.760,0.3204,0.3306,-1.020
?,tencentBlock_4475,10,0.2443,0.2417,0.260,0.2355,0.2354,0.010
?,tencentBlock_4483,10,0.3951,0.3947,0.040,0.3914,0.3943,-0.295
?,tencentBlock_4484,10,0.2118,0.2114,0.040,0.2075,0.2075,0.000
?,tencentBlock_4485,10,0.4200,0.4188,0.120,0.4213,0.4213,0.000
?,tencentBlock_4487,10,0.4582,0.4453,1.290,0.3975,0.4130,-1.550
?,tencentBlock_4496,10,0.3954,0.3942,0.120,0.3918,0.3917,0.010
?,tencentBlock_4501,10,0.2867,0.2810,0.570,0.2656,0.2653,0.030
?,tencentBlock_4503,10,0.1586,0.1571,0.150,0.1466,0.1465,0.010
?,tencentBlock_4507,10,0.3576,0.2944,6.320,0.1983,0.2289,-3.060
?,tencentBlock_4514,10,0.1124,0.1070,0.540,0.0977,0.0974,0.030
?,tencentBlock_4521,10,0.4341,0.4301,0.400,0.4258,0.4258,0.000
?,tencentBlock_4523,10,0.1800,0.1793,0.070,0.1787,0.1787,0.000
?,tencentBlock_4532,10,0.3144,0.3121,0.230,0.3099,0.3099,0.005
?,tencentBlock_4537,10,0.3291,0.3283,0.080,0.3324,0.3323,0.010
?,tencentBlock_4545,10,0.0968,0.0949,0.190,0.0904,0.0904,0.000
?,tencentBlock_4546,10,0.2049,0.2035,0.140,0.1980,0.1983,-0.030
?,tencentBlock_4550,10,0.1194,0.1184,0.100,0.1127,0.1127,0.000
?,tencentBlock_4554,10,0.2450,0.2360,0.900,0.2231,0.2268,-0.370
?,tencentBlock_4557,10,0.2587,0.2587,0.000,0.2599,0.2597,0.020
?,tencentBlock_4566,10,0.0540,0.0533,0.070,0.0534,0.0535,-0.010
?,tencentBlock_4573,10,0.1659,0.1647,0.120,0.1572,0.1572,0.000
?,tencentBlock_4579,10,0.1609,0.1548,0.610,0.1540,0.1540,0.000
?,tencentBlock_4586,10,0.3040,0.2999,0.410,0.2995,0.2994,0.010
?,tencentBlock_4589,10,0.7743,0.7743,0.000,0.7743,0.7743,0.000
?,tencentBlock_4597,10,0.2243,0.2250,-0.070,0.2336,0.2334,0.020
?,tencentBlock_4600,10,0.0617,0.0611,0.060,0.0563,0.0563,0.000
?,tencentBlock_4609,10,0.2830,0.2817,0.130,0.2858,0.2858,0.000
?,tencentBlock_4613,10,0.4515,0.4481,0.340,0.4097,0.4096,0.010
?,tencentBlock_4619,10,0.1125,0.1103,0.220,0.1058,0.1058,0.000
?,tencentBlock_4622,10,0.2488,0.2478,0.100,0.2432,0.2431,0.010
?,tencentBlock_4625,10,0.3469,0.3436,0.330,0.3386,0.3385,0.010
?,tencentBlock_4633,10,0.1844,0.1820,0.240,0.1737,0.1736,0.010
?,tencentBlock_4636,10,0.2509,0.2514,-0.050,0.2588,0.2588,0.000
?,tencentBlock_4642,10,0.1235,0.1189,0.460,0.1066,0.1046,0.200
?,tencentBlock_4650,10,0.7044,0.7039,0.050,0.7065,0.7065,0.000
?,tencentBlock_4651,10,0.0541,0.0531,0.100,0.0446,0.0445,0.010
?,tencentBlock_4659,10,0.3830,0.3811,0.190,0.3781,0.3781,0.000
?,tencentBlock_4663,10,0.3793,0.3782,0.110,0.3700,0.3700,0.000
?,tencentBlock_4672,10,0.4522,0.4521,0.010,0.4601,0.4601,0.000
?,tencentBlock_4675,10,0.0727,0.0707,0.200,0.0686,0.0684,0.020
?,tencentBlock_4679,10,0.4169,0.4164,0.050,0.4119,0.4119,0.000
?,tencentBlock_4688,10,0.1684,0.1649,0.350,0.1604,0.1614,-0.100
?,tencentBlock_4689,10,0.3178,0.3174,0.040,0.3222,0.3222,0.000
?,tencentBlock_4693,10,0.1844,0.1434,4.100,0.1160,0.1179,-0.190
?,tencentBlock_4699,10,0.1782,0.1781,0.010,0.1741,0.1741,0.000
?,tencentBlock_4704,10,0.2143,0.2136,0.070,0.2048,0.2048,0.000
?,tencentBlock_4712,10,0.3385,0.2769,6.160,0.2511,0.2681,-1.700
?,tencentBlock_4713,10,0.1370,0.1337,0.330,0.1268,0.1266,0.020
?,tencentBlock_4716,10,0.2184,0.2124,0.600,0.2045,0.2050,-0.050
?,tencentBlock_4723,10,0.6723,0.6719,0.040,0.6693,0.6693,0.000
?,tencentBlock_4724,10,0.1526,0.1522,0.040,0.1487,0.1487,0.000
?,tencentBlock_4733,10,0.5479,0.5471,0.080,0.5481,0.5479,0.020
?,tencentBlock_4735,10,0.2351,0.2345,0.060,0.2401,0.2401,0.000
?,tencentBlock_4739,10,0.1293,0.1284,0.090,0.1247,0.1249,-0.020
?,tencentBlock_4751,10,0.2622,0.2556,0.660,0.2261,0.2264,-0.030
?,tencentBlock_4760,10,0.2434,0.2443,-0.090,0.2599,0.2600,-0.010
?,tencentBlock_4769,10,0.4659,0.4658,0.010,0.4669,0.4669,0.000
?,tencentBlock_4775,10,0.2927,0.2886,0.410,0.2618,0.2540,0.780
?,tencentBlock_4778,10,0.3688,0.3666,0.220,0.3677,0.3677,0.000
?,tencentBlock_4794,10,0.2505,0.2453,0.520,0.2300,0.2306,-0.060
?,tencentBlock_4801,10,0.5026,0.4774,2.520,0.2919,0.2926,-0.070
?,tencentBlock_4805,10,0.1676,0.1671,0.050,0.1582,0.1582,0.000
?,tencentBlock_4811,10,0.1994,0.1989,0.050,0.2014,0.2016,-0.025
?,tencentBlock_4821,10,0.5633,0.5511,1.220,0.5370,0.5370,0.000
?,tencentBlock_4830,10,0.2582,0.2556,0.260,0.2583,0.2571,0.120
?,tencentBlock_4836,10,0.4218,0.4111,1.070,0.4012,0.4019,-0.070
?,tencentBlock_4845,10,0.0845,0.0844,0.010,0.0886,0.0886,0.000
?,tencentBlock_4851,10,0.1197,0.1253,-0.560,0.1218,0.1205,0.130
?,tencentBlock_4858,10,0.2372,0.2369,0.030,0.2116,0.2121,-0.050
?,tencentBlock_4862,10,0.2113,0.2093,0.200,0.2045,0.2045,0.000
?,tencentBlock_4870,10,0.2521,0.2484,0.370,0.2423,0.2423,0.000
?,tencentBlock_4871,10,0.6314,0.5850,4.640,0.5189,0.5200,-0.110
?,tencentBlock_4879,10,0.5461,0.5419,0.420,0.5282,0.5282,0.000
?,tencentBlock_4882,10,0.1967,0.1949,0.180,0.1884,0.1879,0.050
?,tencentBlock_4892,10,0.1712,0.1691,0.210,0.1556,0.1560,-0.040
?,tencentBlock_4900,10,0.2553,0.2555,-0.020,0.2559,0.2565,-0.060
?,tencentBlock_4908,10,0.2418,0.2418,0.000,0.2418,0.2418,0.000
?,tencentBlock_4915,10,0.2017,0.2378,-3.610,0.2090,0.2051,0.390
?,tencentBlock_4919,10,0.5072,0.5064,0.080,0.4742,0.4743,-0.010
?,tencentBlock_4937,10,0.2248,0.2241,0.070,0.2226,0.2227,-0.010
?,tencentBlock_4940,10,0.0946,0.0942,0.040,0.0769,0.0769,0.000
?,tencentBlock_4941,10,0.2256,0.2231,0.250,0.2144,0.2153,-0.090
?,tencentBlock_4949,10,0.5501,0.5501,0.000,0.5460,,
?,tencentBlock_4964,10,0.2759,0.2736,0.230,0.2636,0.2638,-0.015
?,tencentBlock_4971,10,0.2129,0.2129,0.000,0.2128,0.2128,0.000
?,tencentBlock_4994,10,0.2541,0.2541,0.000,0.2541,0.2541,0.000
?,tencentBlock_4998,10,0.0732,0.0716,0.160,0.0664,0.0666,-0.020
?,tencentBlock_5009,10,0.1284,0.1271,0.130,0.1203,0.1203,0.000
?,tencentBlock_5029,10,0.2401,0.2388,0.130,0.2308,0.2319,-0.110
?,tencentBlock_5060,10,0.3080,0.3046,0.340,0.2932,0.2916,0.155
?,tencentBlock_5094,10,0.0744,0.0734,0.100,0.0704,0.0704,0.000
?,tencentBlock_5106,10,0.1806,0.1786,0.200,0.1670,0.1669,0.010
?,tencentBlock_5118,10,,,,,,
?,tencentBlock_5127,10,0.4174,0.3982,1.920,0.3795,0.3760,0.350
?,tencentBlock_5139,10,0.2024,0.1992,0.320,0.1957,0.1957,0.000
?,tencentBlock_5140,10,0.0623,0.0620,0.030,0.0568,0.0566,0.020
?,tencentBlock_5263,10,0.3289,0.3265,0.240,0.3145,0.3145,0.000
?,tencentBlock_5276,10,0.1671,0.1669,0.020,0.1639,0.1639,-0.005
?,tencentBlock_5293,10,0.2375,0.2343,0.320,0.2258,0.2257,0.010
?,tencentBlock_5301,10,0.2262,0.2252,0.100,0.2196,0.2196,0.000
?,tencentBlock_5310,10,0.0887,0.0871,0.160,0.0854,0.0855,-0.010
?,tencentBlock_5316,10,0.2095,0.2082,0.130,0.1890,0.1890,0.000
?,tencentBlock_5318,10,0.0722,0.0703,0.190,0.0686,,
alibabaBlock_new,alibabaBlock_0,10,0.3697,0.3682,0.150,,,
alibabaBlock_new,alibabaBlock_1,10,0.0978,0.0981,-0.030,0.1180,0.1170,0.100
alibabaBlock_new,alibabaBlock_10,10,,,,,,
alibabaBlock_new,alibabaBlock_100,10,0.6548,0.6545,0.030,0.6485,0.6484,0.010
alibabaBlock_new,alibabaBlock_103,10,0.7366,0.7362,0.040,,,
alibabaBlock_new,alibabaBlock_106,10,0.7326,0.7322,0.040,,,
alibabaBlock_new,alibabaBlock_107,10,,,,,,
alibabaBlock_new,alibabaBlock_109,10,0.7346,0.7342,0.040,0.7351,0.7351,-0.005
alibabaBlock_new,alibabaBlock_11,10,0.6117,0.6083,0.340,0.6060,0.6059,0.010
alibabaBlock_new,alibabaBlock_111,10,0.7366,0.7362,0.040,0.7371,0.7371,0.005
alibabaBlock_new,alibabaBlock_112,10,0.2408,0.2401,0.070,0.2700,0.2697,0.030
alibabaBlock_new,alibabaBlock_113,10,0.1138,0.1130,0.080,0.1376,0.1375,0.010
alibabaBlock_new,alibabaBlock_115,10,0.1084,0.1078,0.060,,0.1307,
alibabaBlock_new,alibabaBlock_116,10,0.7351,0.7348,0.030,0.7356,0.7356,0.000
alibabaBlock_new,alibabaBlock_117,10,0.5518,0.5478,0.400,0.5072,0.5070,0.025
alibabaBlock_new,alibabaBlock_12,10,0.4369,0.4320,0.490,0.3508,0.3496,0.120
alibabaBlock_new,alibabaBlock_121,10,0.0373,0.0373,0.000,0.0390,0.0390,0.000
alibabaBlock_new,alibabaBlock_122,10,0.1947,0.1916,0.310,,0.1733,
alibabaBlock_new,alibabaBlock_123,10,0.1173,0.1160,0.130,,,
alibabaBlock_new,alibabaBlock_124,10,0.1815,,,0.1577,,
alibabaBlock_new,alibabaBlock_126,10,0.2123,0.2120,0.030,,,
alibabaBlock_new,alibabaBlock_128,10,0.1066,0.1065,0.010,,0.1326,
alibabaBlock_new,alibabaBlock_13,10,0.7389,0.7386,0.030,,0.7393,
alibabaBlock_new,alibabaBlock_130,10,0.7336,0.7332,0.040,,,
alibabaBlock_new,alibabaBlock_131,10,0.0968,0.0965,0.030,0.1166,0.1166,0.000
alibabaBlock_new,alibabaBlock_132,10,0.3661,0.3538,1.230,0.3036,0.3042,-0.060
alibabaBlock_new,alibabaBlock_133,10,0.1064,0.1061,0.030,0.1041,0.1041,0.000
alibabaBlock_new,alibabaBlock_135,10,0.0975,0.0975,0.000,,0.1265,
alibabaBlock_new,alibabaBlock_136,10,0.7434,0.7430,0.040,,,
alibabaBlock_new,alibabaBlock_138,10,0.1068,0.1066,0.020,0.1049,0.1049,0.000
alibabaBlock_new,alibabaBlock_14,10,0.2375,0.2359,0.160,,0.2308,
alibabaBlock_new,alibabaBlock_141,10,,,,,,
alibabaBlock_new,alibabaBlock_144,10,,,,,,
alibabaBlock_new,alibabaBlock_145,10,0.7350,0.7346,0.040,0.7355,0.7355,0.000
alibabaBlock_new,alibabaBlock_147,10,0.1081,0.1075,0.060,,0.1304,
alibabaBlock_new,alibabaBlock_148,10,0.1910,0.1910,0.000,0.1926,0.1926,0.000
alibabaBlock_new,alibabaBlock_15,10,0.6144,0.6112,0.320,0.6087,0.6083,0.040
alibabaBlock_new,alibabaBlock_150,10,0.3052,0.3050,0.020,0.3026,0.3026,0.000
alibabaBlock_new,alibabaBlock_154,10,0.1196,0.1191,0.050,0.1205,0.1210,-0.045
alibabaBlock_new,alibabaBlock_157,10,0.1226,0.1221,0.050,,,
alibabaBlock_new,alibabaBlock_16,10,0.7414,0.7410,0.040,0.7418,0.7418,0.000
alibabaBlock_new,alibabaBlock_160,10,0.1235,0.1233,0.020,0.1431,0.1429,0.020
alibabaBlock_new,alibabaBlock_161,10,0.1094,0.1088,0.060,0.1314,0.1312,0.020
alibabaBlock_new,alibabaBlock_163,10,0.0972,0.0974,-0.020,0.1162,0.1161,0.010
alibabaBlock_new,alibabaBlock_165,10,0.1697,0.1688,0.090,0.1639,0.1639,-0.005
alibabaBlock_new,alibabaBlock_166,10,0.7389,0.7385,0.040,,,
alibabaBlock_new,alibabaBlock_169,10,0.7507,0.7503,0.040,,,
alibabaBlock_new,alibabaBlock_17,10,0.2004,0.2003,0.010,0.2370,0.2368,0.020
alibabaBlock_new,alibabaBlock_173,10,0.1135,0.1131,0.040,,0.1346,
alibabaBlock_new,alibabaBlock_174,10,0.1066,0.1062,0.040,,0.1290,
alibabaBlock_new,alibabaBlock_176,10,0.1062,0.1059,0.030,0.1045,0.1045,0.000
alibabaBlock_new,alibabaBlock_177,10,0.0768,0.0768,0.000,0.0814,0.0814,0.000
alibabaBlock_new,alibabaBlock_178,10,,,,,,
alibabaBlock_new,alibabaBlock_18,10,0.7299,0.7295,0.040,,,
alibabaBlock_new,alibabaBlock_181,10,0.0442,0.0442,0.000,,0.0518,
alibabaBlock_new,alibabaBlock_187,10,0.7315,0.7312,0.030,,,
alibabaBlock_new,alibabaBlock_188,10,0.0513,0.0511,0.020,0.0578,0.0578,0.000
alibabaBlock_new,alibabaBlock_189,10,0.2005,0.2003,0.020,0.2148,0.2146,0.020
alibabaBlock_new,alibabaBlock_19,10,0.1089,0.1083,0.060,,0.1298,
alibabaBlock_new,alibabaBlock_190,10,0.1144,0.1143,0.010,,0.1152,
alibabaBlock_new,alibabaBlock_191,10,0.1988,0.1986,0.020,,0.2321,
alibabaBlock_new,alibabaBlock_192,10,0.1085,0.1084,0.010,,0.1320,
alibabaBlock_new,alibabaBlock_193,10,0.1114,0.1112,0.020,0.1351,0.1351,0.000
alibabaBlock_new,alibabaBlock_195,10,0.0844,0.0844,0.000,0.0865,0.0865,0.000
alibabaBlock_new,alibabaBlock_197,10,0.1352,0.1352,0.000,0.1457,0.1453,0.040
alibabaBlock_new,alibabaBlock_198,10,0.1067,0.1064,0.030,0.1045,0.1044,0.010
alibabaBlock_new,alibabaBlock_2,10,0.1811,0.1807,0.040,0.1773,0.1772,0.010
alibabaBlock_new,alibabaBlock_20,10,0.7364,0.7360,0.040,0.7368,0.7368,0.000
alibabaBlock_new,alibabaBlock_200,10,0.7371,0.7367,0.040,,,
alibabaBlock_new,alibabaBlock_201,10,0.7354,0.7350,0.040,,,
alibabaBlock_new,alibabaBlock_202,10,0.7055,0.7011,0.440,,0.5547,
alibabaBlock_new,alibabaBlock_205,10,0.2312,0.2299,0.130,0.2415,0.2413,0.020
alibabaBlock_new,alibabaBlock_206,10,0.0263,0.0263,0.000,0.0249,0.0249,0.000
alibabaBlock_new,alibabaBlock_207,10,,,,,,
alibabaBlock_new,alibabaBlock_208,10,0.1069,0.1066,0.030,0.1047,0.1047,0.000
alibabaBlock_new,alibabaBlock_209,10,0.5703,0.5673,0.300,0.5342,0.5336,0.055
alibabaBlock_new,alibabaBlock_210,10,0.2898,0.2893,0.050,0.3374,0.3374,0.000
alibabaBlock_new,alibabaBlock_211,10,0.1195,0.1192,0.030,0.1330,,
alibabaBlock_new,alibabaBlock_212,10,0.5381,0.5328,0.530,0.5241,0.5256,-0.150
alibabaBlock_new,alibabaBlock_213,10,0.7349,0.7345,0.040,,,
alibabaBlock_new,alibabaBlock_219,10,0.0976,0.0975,0.010,0.1000,0.1000,0.000
alibabaBlock_new,alibabaBlock_22,10,0.7372,0.7369,0.030,0.7378,0.7378,0.000
alibabaBlock_new,alibabaBlock_220,10,0.7104,0.7086,0.180,0.6964,0.6964,0.000
alibabaBlock_new,alibabaBlock_221,10,,,,,,
alibabaBlock_new,alibabaBlock_223,10,0.2658,0.2566,0.920,,0.1915,
alibabaBlock_new,alibabaBlock_225,10,,,,,,
alibabaBlock_new,alibabaBlock_226,10,0.0866,0.0864,0.020,,0.0911,
alibabaBlock_new,alibabaBlock_227,10,0.1518,0.1506,0.120,,0.1465,
alibabaBlock_new,alibabaBlock_228,10,0.0430,0.0429,0.010,0.0433,0.0433,0.000
alibabaBlock_new,alibabaBlock_23,10,0.1036,0.1035,0.010,0.1081,0.1082,-0.010
alibabaBlock_new,alibabaBlock_231,10,0.7361,0.7357,0.040,0.7365,0.7365,0.000
alibabaBlock_new,alibabaBlock_232,10,0.1077,0.1075,0.020,0.1057,0.1057,0.000
alibabaBlock_new,alibabaBlock_236,10,0.1094,0.1092,0.020,0.1353,0.1352,0.010
alibabaBlock_new,alibabaBlock_237,10,0.2298,0.2304,-0.060,0.2666,0.2655,0.105
alibabaBlock_new,alibabaBlock_239,10,0.1053,0.1049,0.040,0.1267,0.1268,-0.010
alibabaBlock_new,alibabaBlock_24,10,0.1105,0.1096,0.090,0.1316,0.1315,0.010
alibabaBlock_new,alibabaBlock_241,10,0.1040,0.1044,-0.040,0.1212,0.1211,0.010
alibabaBlock_new,alibabaBlock_242,10,0.1187,0.1186,0.010,0.1373,0.1372,0.010
alibabaBlock_new,alibabaBlock_248,10,0.7329,0.7326,0.030,,,
alibabaBlock_new,alibabaBlock_25,10,0.6067,0.6033,0.340,0.6010,0.6020,-0.100
alibabaBlock_new,alibabaBlock_251,10,0.0986,0.0981,0.050,,0.1181,
alibabaBlock_new,alibabaBlock_254,10,0.7530,0.7527,0.030,,,
alibabaBlock_new,alibabaBlock_256,10,0.1237,0.1221,0.160,,0.1349,
alibabaBlock_new,alibabaBlock_26,10,0.5892,0.5855,0.370,0.5582,0.5581,0.010
alibabaBlock_new,alibabaBlock_261,10,0.7205,0.7132,0.730,,0.6398,
alibabaBlock_new,alibabaBlock_262,10,0.0474,0.0474,0.000,0.0552,0.0552,0.000
alibabaBlock_new,alibabaBlock_263,10,0.0948,0.0948,0.000,,0.1064,
alibabaBlock_new,alibabaBlock_264,10,0.1309,0.1309,0.000,0.1585,0.1579,0.060
alibabaBlock_new,alibabaBlock_269,10,0.2985,0.2982,0.030,0.2949,0.2944,0.050
alibabaBlock_new,alibabaBlock_27,10,0.7338,0.7335,0.030,0.7345,0.7345,0.000
alibabaBlock_new,alibabaBlock_273,10,0.1981,0.1979,0.020,0.2313,0.2310,0.030
alibabaBlock_new,alibabaBlock_275,10,,,,,,
alibabaBlock_new,alibabaBlock_276,10,0.2236,0.2233,0.030,0.2167,0.2168,-0.010
alibabaBlock_new,alibabaBlock_278,10,0.1752,0.1738,0.140,0.1729,0.1724,0.045
alibabaBlock_new,alibabaBlock_28,10,0.7345,0.7342,0.030,,,
alibabaBlock_new,alibabaBlock_283,10,0.1765,0.1764,0.010,0.1929,0.1926,0.025
alibabaBlock_new,alibabaBlock_289,10,0.0801,0.0803,-0.020,0.0924,0.0923,0.010
alibabaBlock_new,alibabaBlock_29,10,0.8310,0.8262,0.480,,0.7651,
alibabaBlock_new,alibabaBlock_293,10,0.1117,0.1116,0.010,,0.1190,
alibabaBlock_new,alibabaBlock_295,10,0.0912,0.0908,0.040,,0.1113,
alibabaBlock_new,alibabaBlock_3,10,0.5236,0.5227,0.090,0.5177,0.5175,0.020
alibabaBlock_new,alibabaBlock_30,10,0.1010,0.1005,0.050,0.1212,0.1211,0.010
alibabaBlock_new,alibabaBlock_303,10,0.7528,0.7525,0.030,0.7523,0.7523,0.000
alibabaBlock_new,alibabaBlock_311,10,0.0800,0.0804,-0.040,0.0934,0.0932,0.015
alibabaBlock_new,alibabaBlock_316,10,0.9096,0.9082,0.140,0.6088,0.6125,-0.370
alibabaBlock_new,alibabaBlock_32,10,,,,,,
alibabaBlock_new,alibabaBlock_324,10,0.2013,0.2011,0.020,,,
alibabaBlock_new,alibabaBlock_327,10,0.0981,0.0984,-0.030,,0.1182,
alibabaBlock_new,alibabaBlock_33,10,0.1115,0.1109,0.060,0.1362,0.1361,0.010
alibabaBlock_new,alibabaBlock_336,10,0.0503,0.0502,0.010,0.0589,0.0588,0.010
alibabaBlock_new,alibabaBlock_339,10,0.2011,0.2011,0.000,0.2398,0.2396,0.020
alibabaBlock_new,alibabaBlock_34,10,0.1068,0.1066,0.020,0.1050,0.1050,0.000
alibabaBlock_new,alibabaBlock_345,10,,,,,,
alibabaBlock_new,alibabaBlock_348,10,0.1920,0.1916,0.040,0.1997,0.1995,0.020
alibabaBlock_new,alibabaBlock_35,10,0.7368,0.7364,0.040,,,
alibabaBlock_new,alibabaBlock_354,10,0.1738,0.1737,0.010,,,
alibabaBlock_new,alibabaBlock_358,10,0.1775,0.1763,0.120,,0.1635,
alibabaBlock_new,alibabaBlock_36,10,0.7346,0.7342,0.040,0.7351,0.7351,0.000
alibabaBlock_new,alibabaBlock_361,10,0.1356,0.1352,0.040,0.1585,0.1583,0.020
alibabaBlock_new,alibabaBlock_363,10,0.7329,0.7325,0.040,0.7227,0.7227,0.000
alibabaBlock_new,alibabaBlock_369,10,,,,,,
alibabaBlock_new,alibabaBlock_37,10,0.1867,0.1847,0.200,0.1805,,
alibabaBlock_new,alibabaBlock_375,10,0.4238,0.4218,0.200,0.4130,0.4129,0.010
alibabaBlock_new,alibabaBlock_38,10,0.0618,,,0.0744,,
alibabaBlock_new,alibabaBlock_39,10,0.7420,0.7417,0.030,,,
alibabaBlock_new,alibabaBlock_391,10,0.1173,0.1172,0.010,0.1182,0.1180,0.020
alibabaBlock_new,alibabaBlock_395,10,0.1958,0.1956,0.020,0.2293,0.2291,0.020
alibabaBlock_new,alibabaBlock_399,10,0.0977,0.0980,-0.030,,0.1175,
alibabaBlock_new,alibabaBlock_4,10,0.0318,,,0.0319,0.0319,0.000
alibabaBlock_new,alibabaBlock_40,10,0.0927,0.0925,0.020,0.0843,0.0842,0.005
alibabaBlock_new,alibabaBlock_401,10,0.2106,0.2103,0.030,,,
alibabaBlock_new,alibabaBlock_402,10,0.0982,0.0985,-0.030,,0.1180,
alibabaBlock_new,alibabaBlock_43,10,0.7414,0.7411,0.030,,,
alibabaBlock_new,alibabaBlock_430,10,0.1142,0.1147,-0.050,,,
alibabaBlock_new,alibabaBlock_434,10,0.1366,0.1363,0.030,0.1575,0.1572,0.030
alibabaBlock_new,alibabaBlock_435,10,0.1025,0.1026,-0.010,0.1062,0.1062,0.000
alibabaBlock_new,alibabaBlock_445,10,0.3355,0.3323,0.320,0.3014,0.3012,0.020
alibabaBlock_new,alibabaBlock_446,10,0.1167,0.1153,0.140,0.1317,0.1322,-0.050
alibabaBlock_new,alibabaBlock_46,10,0.1002,0.0997,0.050,0.1204,0.1203,0.010
alibabaBlock_new,alibabaBlock_460,10,0.1273,0.1271,0.020,,0.1456,
alibabaBlock_new,alibabaBlock_466,10,0.1678,0.1677,0.010,,,
alibabaBlock_new,alibabaBlock_47,10,0.7322,0.7319,0.030,,,
alibabaBlock_new,alibabaBlock_470,10,0.4775,0.4769,0.060,0.4761,0.4761,0.000
alibabaBlock_new,alibabaBlock_48,10,0.1216,0.1209,0.070,0.1456,0.1455,0.010
alibabaBlock_new,alibabaBlock_483,10,0.1190,0.1188,0.020,0.1384,,
alibabaBlock_new,alibabaBlock_5,10,0.0974,0.0977,-0.030,,0.1166,
alibabaBlock_new,alibabaBlock_507,10,0.1659,0.1658,0.010,0.1658,0.1658,0.000
alibabaBlock_new,alibabaBlock_509,10,0.0966,0.0969,-0.030,,,
alibabaBlock_new,alibabaBlock_513,10,0.0980,0.0983,-0.030,0.1183,,
alibabaBlock_new,alibabaBlock_52,10,,,,,,
alibabaBlock_new,alibabaBlock_522,10,0.0637,0.0638,-0.010,0.0739,0.0739,0.005
alibabaBlock_new,alibabaBlock_538,10,,,,,,
alibabaBlock_new,alibabaBlock_54,10,0.1070,0.1068,0.020,,0.1101,
alibabaBlock_new,alibabaBlock_555,10,0.3232,0.3161,0.710,,,
alibabaBlock_new,alibabaBlock_556,10,0.0979,0.0981,-0.020,,0.1178,
alibabaBlock_new,alibabaBlock_56,10,0.1086,0.1084,0.020,0.1313,0.1313,0.000
alibabaBlock_new,alibabaBlock_58,10,,,,,,
alibabaBlock_new,alibabaBlock_59,10,0.7326,0.7323,0.030,0.7331,0.7331,0.000
alibabaBlock_new,alibabaBlock_6,10,0.3995,0.3983,0.120,,0.3954,
alibabaBlock_new,alibabaBlock_61,10,0.7340,0.7337,0.030,,,
alibabaBlock_new,alibabaBlock_62,10,0.1089,0.1082,0.070,0.1311,0.1310,0.010
alibabaBlock_new,alibabaBlock_631,10,0.2930,0.2928,0.020,,,
alibabaBlock_new,alibabaBlock_651,10,0.1066,0.1067,-0.010,,0.1095,
alibabaBlock_new,alibabaBlock_66,10,0.1164,0.1158,0.060,0.1349,0.1348,0.010
alibabaBlock_new,alibabaBlock_661,10,0.1148,0.1153,-0.050,0.1441,0.1439,0.020
alibabaBlock_new,alibabaBlock_663,10,0.0992,0.0995,-0.030,0.1194,0.1193,0.010
alibabaBlock_new,alibabaBlock_67,10,0.7367,0.7364,0.030,0.7372,0.7372,0.000
alibabaBlock_new,alibabaBlock_679,10,0.0253,0.0253,0.000,0.0265,0.0265,0.000
alibabaBlock_new,alibabaBlock_68,10,0.0474,0.0474,0.000,,0.0554,
alibabaBlock_new,alibabaBlock_69,10,0.0970,0.0972,-0.020,0.1162,0.1161,0.015
alibabaBlock_new,alibabaBlock_7,10,0.0907,0.0905,0.020,0.0827,0.0827,0.000
alibabaBlock_new,alibabaBlock_701,10,0.2256,0.2211,0.450,0.2081,0.2080,0.010
alibabaBlock_new,alibabaBlock_717,10,0.4976,0.4975,0.010,,0.5554,
alibabaBlock_new,alibabaBlock_72,10,0.1174,0.1168,0.060,0.1400,,
alibabaBlock_new,alibabaBlock_724,10,0.6077,0.6042,0.350,,,
alibabaBlock_new,alibabaBlock_725,10,,,,,,
alibabaBlock_new,alibabaBlock_726,10,0.7340,0.7256,0.840,0.6482,0.6480,0.020
alibabaBlock_new,alibabaBlock_727,10,0.5139,0.5136,0.030,0.5905,0.5905,0.000
alibabaBlock_new,alibabaBlock_728,10,0.8904,0.8908,-0.040,0.8790,0.8801,-0.110
alibabaBlock_new,alibabaBlock_730,10,,,,,,
alibabaBlock_new,alibabaBlock_731,10,,,,,,
alibabaBlock_new,alibabaBlock_733,10,0.1517,0.1498,0.190,0.1383,0.1384,-0.010
alibabaBlock_new,alibabaBlock_736,10,,,,,,
alibabaBlock_new,alibabaBlock_737,10,0.2605,0.2598,0.070,0.2603,0.2601,0.020
alibabaBlock_new,alibabaBlock_74,10,0.7511,0.7508,0.030,0.7506,0.7505,0.010
alibabaBlock_new,alibabaBlock_740,10,0.2611,,,0.2762,,
alibabaBlock_new,alibabaBlock_742,10,0.7535,0.7340,1.950,0.6019,0.6072,-0.530
alibabaBlock_new,alibabaBlock_743,10,0.9011,0.9011,0.000,0.8984,0.8984,0.000
alibabaBlock_new,alibabaBlock_745,10,,,,,,
alibabaBlock_new,alibabaBlock_746,10,,,,,,
alibabaBlock_new,alibabaBlock_748,10,0.6596,0.6492,1.040,0.5119,0.5232,-1.135
alibabaBlock_new,alibabaBlock_749,10,,,,,,
alibabaBlock_new,alibabaBlock_751,10,,,,,,
alibabaBlock_new,alibabaBlock_759,10,,,,,,
alibabaBlock_new,alibabaBlock_76,10,0.1130,0.1123,0.070,,0.1330,
alibabaBlock_new,alibabaBlock_77,10,0.1441,0.1436,0.050,0.1450,,
alibabaBlock_new,alibabaBlock_771,10,0.6877,0.6877,0.000,,,
alibabaBlock_new,alibabaBlock_78,10,0.1128,0.1121,0.070,,0.1345,
alibabaBlock_new,alibabaBlock_784,10,0.6986,0.6912,0.740,0.6668,0.6665,0.030
alibabaBlock_new,alibabaBlock_79,10,,,,,,
alibabaBlock_new,alibabaBlock_791,10,0.8626,0.8636,-0.100,0.8688,0.8681,0.070
alibabaBlock_new,alibabaBlock_792,10,0.9349,0.9307,0.420,,,
alibabaBlock_new,alibabaBlock_8,10,0.1132,0.1126,0.060,,0.1332,
alibabaBlock_new,alibabaBlock_801,10,0.9279,0.9276,0.030,0.9243,0.9242,0.010
alibabaBlock_new,alibabaBlock_804,10,,,,,,
alibabaBlock_new,alibabaBlock_810,10,,,,,,
alibabaBlock_new,alibabaBlock_825,10,0.7276,0.7275,0.010,0.7264,0.7264,0.000
alibabaBlock_new,alibabaBlock_826,10,0.7269,0.7268,0.010,0.7257,0.7257,0.000
alibabaBlock_new,alibabaBlock_83,10,0.1120,0.1117,0.030,,0.1358,
alibabaBlock_new,alibabaBlock_86,10,0.1121,0.1116,0.050,,0.1347,
alibabaBlock_new,alibabaBlock_88,10,0.1094,0.1093,0.010,0.1334,0.1333,0.010
alibabaBlock_new,alibabaBlock_91,10,0.1109,0.1102,0.070,,0.1304,
alibabaBlock_new,alibabaBlock_92,10,0.0875,0.0872,0.030,0.1080,,
alibabaBlock_new,alibabaBlock_94,10,0.7342,0.7339,0.030,,,
alibabaBlock_new,alibabaBlock_96,10,0.1070,0.1033,0.370,,,
alibabaBlock_new,alibabaBlock_97,10,0.1069,0.1067,0.020,0.1050,0.1050,0.000
alibabaBlock_new,alibabaBlock_99,10,0.6179,0.6138,0.410,0.5790,0.5794,-0.035
cloudphysics,w01,10,0.8296,0.8296,0.000,0.8298,0.8298,0.000
cloudphysics,w02,10,0.9576,0.7101,24.750,0.4055,0.5341,-12.860
cloudphysics,w03,10,,,,,,
cloudphysics,w04,10,,,,,,
cloudphysics,w05,10,,,,,,
cloudphysics,w06,10,0.0685,0.0684,0.010,0.0663,0.0663,0.000
cloudphysics,w07,10,0.3898,0.3873,0.250,0.3143,0.3143,0.000
cloudphysics,w08,10,0.9546,0.9473,0.730,0.9255,0.9215,0.400
cloudphysics,w09,10,0.5072,0.5070,0.020,0.4938,0.4938,0.000
cloudphysics,w10,10,,,,,,
cloudphysics,w100,10,0.6762,0.6743,0.190,0.6499,0.6499,0.000
cloudphysics,w101,10,0.6754,0.6735,0.190,0.6483,0.6483,0.000
cloudphysics,w102,10,0.1926,0.1921,0.050,0.1804,0.1802,0.020
cloudphysics,w103,10,0.2958,0.2937,0.210,0.2818,0.2791,0.270
cloudphysics,w104,10,0.8625,0.8616,0.090,0.8746,0.8745,0.010
cloudphysics,w105,10,0.7188,0.7132,0.560,0.6514,0.6513,0.010
cloudphysics,w106,10,0.2114,0.2101,0.130,0.1951,0.1943,0.080
cloudphysics,w11,10,0.7393,0.7351,0.420,0.7066,0.7044,0.220
cloudphysics,w12,10,0.0247,0.0243,0.040,0.0235,0.0235,0.000
cloudphysics,w13,10,0.2759,0.2757,0.020,0.2543,0.2542,0.010
cloudphysics,w14,10,0.4902,0.4900,0.020,0.4709,0.4709,0.000
cloudphysics,w15,10,0.8398,0.8397,0.010,0.7328,0.7332,-0.040
cloudphysics,w16,10,0.8041,0.7963,0.780,0.7408,0.7403,0.050
cloudphysics,w17,10,0.1700,0.1690,0.100,0.1631,0.1631,0.000
cloudphysics,w18,10,0.6452,0.6370,0.820,0.5746,0.5741,0.050
cloudphysics,w19,10,0.1994,0.1805,1.890,0.1433,0.1438,-0.050
cloudphysics,w20,10,0.6671,0.6655,0.160,0.6524,0.6524,0.000
cloudphysics,w21,10,0.9015,0.9004,0.110,0.8221,0.8220,0.010
cloudphysics,w22,10,0.8848,0.8844,0.040,0.8756,0.8755,0.010
cloudphysics,w23,10,0.3554,0.3548,0.060,0.3286,0.3286,0.000
cloudphysics,w24,10,0.5513,0.5492,0.210,0.5169,0.5168,0.010
cloudphysics,w25,10,0.3755,0.3709,0.460,0.2157,0.2157,0.000
cloudphysics,w26,10,0.3430,0.3414,0.160,0.3195,0.3193,0.020
cloudphysics,w27,10,0.6016,0.5957,0.590,0.5599,0.5585,0.140
cloudphysics,w28,10,0.7301,0.7267,0.340,0.6829,0.6819,0.100
cloudphysics,w29,10,0.5979,0.5907,0.720,0.6008,0.5984,0.240
cloudphysics,w30,10,0.1758,0.1757,0.010,0.1687,0.1686,0.010
cloudphysics,w31,10,,,,,,
cloudphysics,w32,10,0.5165,0.5154,0.110,0.5031,0.5025,0.060
cloudphysics,w33,10,0.1654,0.1637,0.170,0.1624,0.1623,0.010
cloudphysics,w34,10,0.4516,0.4494,0.220,0.4486,0.4482,0.040
cloudphysics,w35,10,0.0988,0.0976,0.120,0.0947,0.0946,0.010
cloudphysics,w36,10,0.1537,0.1512,0.250,0.1508,0.1507,0.010
cloudphysics,w37,10,0.5086,0.5076,0.100,0.4081,0.4078,0.030
cloudphysics,w38,10,0.6494,0.6475,0.190,0.5678,0.5675,0.030
cloudphysics,w39,10,0.1002,0.0970,0.320,0.0919,0.0924,-0.050
cloudphysics,w40,10,0.1268,0.1255,0.130,0.1236,0.1235,0.010
cloudphysics,w41,10,0.0862,0.0834,0.280,0.0757,0.0757,0.000
cloudphysics,w42,10,0.7019,0.6983,0.360,0.6677,0.6671,0.060
cloudphysics,w43,10,0.6564,0.6505,0.590,0.5980,0.5980,0.000
cloudphysics,w44,10,0.8883,0.8843,0.400,0.8501,0.8503,-0.020
cloudphysics,w45,10,0.1497,0.1525,-0.280,0.1390,0.1392,-0.020
cloudphysics,w46,10,0.5134,0.5098,0.360,0.5176,0.5171,0.050
cloudphysics,w47,10,0.1447,0.1447,0.000,0.1346,0.1338,0.080
cloudphysics,w48,10,0.8622,0.8610,0.120,0.7626,0.7626,0.000
cloudphysics,w49,10,0.6225,0.6186,0.390,0.5786,0.5779,0.070
cloudphysics,w50,10,0.3101,0.3085,0.160,0.2052,0.2053,-0.010
cloudphysics,w51,10,0.4012,0.3949,0.630,0.3515,0.3521,-0.060
cloudphysics,w52,10,0.2129,0.2047,0.820,0.1619,0.1615,0.040
cloudphysics,w53,10,0.6813,0.6808,0.050,0.6754,0.6754,0.000
cloudphysics,w54,10,,,,,,
cloudphysics,w55,10,0.8604,0.8601,0.030,0.8601,0.8601,0.000
cloudphysics,w56,10,0.1605,0.1578,0.270,0.1350,0.1350,0.000
cloudphysics,w57,10,0.1987,0.1951,0.360,0.1756,0.1756,0.000
cloudphysics,w58,10,0.4146,0.4075,0.710,0.3655,0.3653,0.020
cloudphysics,w59,10,0.6998,0.6976,0.220,0.6530,0.6515,0.150
cloudphysics,w60,10,0.8051,0.8010,0.410,0.7696,0.7693,0.030
cloudphysics,w61,10,0.5124,0.5089,0.350,0.5202,0.5173,0.290
cloudphysics,w62,10,0.8398,0.8386,0.120,0.6818,0.6818,0.000
cloudphysics,w63,10,0.6661,0.6642,0.190,0.6324,0.6325,-0.010
cloudphysics,w64,10,0.8901,0.8898,0.030,0.8891,0.8891,0.000
cloudphysics,w65,10,0.9820,0.9808,0.120,0.9691,0.9691,0.000
cloudphysics,w66,10,0.4256,0.3986,2.700,0.3424,0.3451,-0.270
cloudphysics,w67,10,0.1565,0.1549,0.160,0.1437,0.1440,-0.030
cloudphysics,w68,10,0.1938,0.1913,0.250,0.1682,0.1682,0.000
cloudphysics,w69,10,0.4253,0.4177,0.760,0.3705,0.3701,0.040
cloudphysics,w70,10,0.1920,0.1905,0.150,0.1893,0.1889,0.040
cloudphysics,w71,10,0.3311,0.3234,0.770,0.2243,0.2246,-0.030
cloudphysics,w72,10,0.2770,0.2737,0.330,0.2579,0.2551,0.280
cloudphysics,w73,10,0.4028,0.4002,0.260,0.3269,0.3264,0.050
cloudphysics,w74,10,0.1707,0.1691,0.160,0.1623,0.1619,0.040
cloudphysics,w75,10,0.1564,0.1521,0.430,0.1330,0.1329,0.010
cloudphysics,w76,10,0.2471,0.2462,0.090,0.2413,0.2413,0.000
cloudphysics,w77,10,0.5242,0.5201,0.410,0.4907,0.4913,-0.060
cloudphysics,w78,10,0.3534,0.3528,0.060,0.3266,0.3263,0.030
cloudphysics,w79,10,0.8992,0.8974,0.180,0.8889,0.8889,0.000
cloudphysics,w80,10,0.6370,0.6087,2.830,0.5615,0.5587,0.280
cloudphysics,w81,10,0.6729,0.6704,0.250,0.5900,0.5900,0.000
cloudphysics,w82,10,0.3820,0.3591,2.290,0.3282,0.3289,-0.070
cloudphysics,w83,10,0.3801,0.3791,0.100,0.3679,0.3679,0.000
cloudphysics,w84,10,0.3454,0.3419,0.350,0.3160,0.3154,0.060
cloudphysics,w85,10,0.8240,0.8153,0.870,0.7823,0.7823,0.000
cloudphysics,w86,10,0.9524,0.9513,0.110,0.9441,0.9440,0.010
cloudphysics,w87,10,0.7682,0.7666,0.160,0.7579,0.7571,0.080
cloudphysics,w88,10,0.2639,0.2583,0.560,0.2484,0.2464,0.200
cloudphysics,w89,10,0.3821,0.3808,0.130,0.3391,0.3389,0.020
cloudphysics,w90,10,0.6664,0.6537,1.270,0.6492,0.6310,1.820
cloudphysics,w91,10,0.3522,0.3479,0.430,0.3002,0.3003,-0.010
cloudphysics,w92,10,0.8215,0.8195,0.200,0.7569,0.7569,0.000
cloudphysics,w93,10,0.8296,0.8262,0.340,0.7863,0.7863,0.000
cloudphysics,w94,10,0.4489,0.4391,0.980,0.4333,0.4072,2.610
cloudphysics,w95,10,0.3064,0.3008,0.560,0.2750,0.2744,0.060
cloudphysics,w96,10,0.4714,0.4687,0.270,0.4848,0.4828,0.200
cloudphysics,w97,10,0.6803,0.6785,0.180,0.6538,0.6538,0.000
cloudphysics,w98,10,0.6773,0.6752,0.210,0.6495,0.6495,0.000
cloudphysics,w99,10,0.6619,0.6607,0.120,0.6351,0.6349,0.020
fiu,fiu_casa-110108-112108,10,,,,,,
fiu,fiu_cheetah.cs.fiu.edu-110108-113008,10,0.1007,0.1006,0.010,0.0887,0.0887,0.000
fiu,fiu_homes-110108-112108,10,,,,,,
fiu,fiu_ikki-110108-112108,10,,,,,,
fiu,fiu_madmax-110108-112108,10,,,,,,
fiu,fiu_online.cs.fiu.edu-110108-113008,10,,,,,,
fiu,fiu_webmail+online.cs.fiu.edu-110108-113008,10,,,,,,
fiu,fiu_webmail.cs.fiu.edu-110108-113008,10,,,,,,
fiu,fiu_webresearch-030409-033109,10,,,,,,
fiu,fiu_webusers-030409-033109,10,,,,,,
metaCDN,meta_reag,10,,,,,,
metaCDN,meta_rnha,10,,,,,,
metaCDN,meta_rprn,10,,,,,,
metaKV,202206_kv_traces_all.csv,10,0.0599,,,0.0493,,
metaKV,202210_kv_traces_all_sort.csv,10,0.0540,,,0.0494,,
metaKV,202401_kv_traces_all_sort.csv,10,0.0780,0.0780,0.000,0.0745,0.0745,0.000
metaStorage,block_traces_1,10,,,,,,
metaStorage,block_traces_2,10,,,,,,
metaStorage,block_traces_3,10,,,,,,
metaStorage,block_traces_4,10,,,,,,
metaStorage,block_traces_5,10,,,,,,
msr,msr_hm_0,10,0.3105,0.3092,0.130,0.2870,0.2866,0.040
msr,msr_prn_0,10,0.2315,0.2292,0.230,0.2072,0.2072,0.000
msr,msr_prn_1,10,0.3004,0.2996,0.080,0.2412,0.2411,0.010
msr,msr_proj_0,10,0.2645,0.2587,0.580,0.2378,0.2375,0.030
msr,msr_proj_1,10,0.8179,0.8178,0.010,0.8082,0.8081,0.010
msr,msr_proj_2,10,0.9338,0.9329,0.090,0.9107,0.9091,0.160
msr,msr_proj_4,10,0.4851,0.4849,0.020,0.4659,0.4659,0.000
msr,msr_prxy_0,10,0.0547,0.0536,0.110,0.0525,0.0521,0.040
msr,msr_prxy_1,10,0.0027,0.0026,0.010,0.0025,0.0025,0.000
msr,msr_src1_0,10,0.9226,0.9212,0.140,0.8761,0.8754,0.070
msr,msr_src1_1,10,0.8357,0.8347,0.100,0.8000,0.7999,0.010
msr,msr_usr_1,10,0.4203,0.4197,0.060,0.3782,0.3782,0.000
msr,msr_usr_2,10,0.7473,0.7471,0.020,0.7217,0.7217,0.000
msr,msr_web_2,10,0.9950,0.9949,0.010,0.9945,0.9945,0.000
systor,2016_LUN0,10,,,,,,
systor,2016_LUN1,10,,,,,,
systor,2016_LUN2,10,,,,,,
systor,2016_LUN3,10,,,,,,
systor,2016_LUN4,10,,,,,,
systor,2016_LUN6,10,,,,,,
tencentBlock_v2,tencentBlock_10000,10,0.1989,0.1986,0.030,0.2113,0.2113,0.000
tencentBlock_v2,tencentBlock_10001,10,0.2912,0.2867,0.450,0.2756,0.2756,0.000
tencentBlock_v2,tencentBlock_10012,10,0.2713,0.2697,0.160,0.2630,0.2628,0.020
tencentBlock_v2,tencentBlock_10100,10,0.8210,0.8196,0.140,0.8052,0.8052,0.000
tencentBlock_v2,tencentBlock_10163,10,0.3002,0.2981,0.210,0.2855,0.2853,0.020
tencentBlock_v2,tencentBlock_10171,10,0.1269,0.1267,0.020,0.1351,0.1351,0.000
tencentBlock_v2,tencentBlock_10226,10,0.2845,0.2833,0.120,0.2774,0.2772,0.020
tencentBlock_v2,tencentBlock_10348,10,0.3860,0.3696,1.640,0.3241,0.3231,0.100
tencentBlock_v2,tencentBlock_10476,10,0.3364,0.3341,0.230,0.3222,0.3219,0.030
tencentBlock_v2,tencentBlock_10512,10,0.3313,0.3289,0.240,0.3155,0.3153,0.020
tencentBlock_v2,tencentBlock_10533,10,0.1669,0.1666,0.030,0.1647,0.1647,0.000
tencentBlock_v2,tencentBlock_10564,10,0.2965,0.2949,0.160,0.2856,0.2854,0.020
tencentBlock_v2,tencentBlock_1063,10,0.2392,,,0.2391,0.2388,0.030
tencentBlock_v2,tencentBlock_10635,10,0.2007,0.2003,0.040,0.2134,0.2134,0.000
tencentBlock_v2,tencentBlock_1069,10,0.3225,0.3226,-0.010,0.3233,0.3233,0.000
tencentBlock_v2,tencentBlock_10799,10,0.1936,0.1932,0.040,0.2084,0.2084,0.000
tencentBlock_v2,tencentBlock_10836,10,0.9437,0.9437,0.000,0.9199,0.9199,0.000
tencentBlock_v2,tencentBlock_10935,10,0.2109,0.2102,0.070,0.2005,0.2005,0.000
tencentBlock_v2,tencentBlock_11013,10,0.2875,0.2854,0.210,0.2710,0.2709,0.010
tencentBlock_v2,tencentBlock_11034,10,0.2090,0.2086,0.040,0.2200,0.2200,0.000
tencentBlock_v2,tencentBlock_11156,10,,,,,,
tencentBlock_v2,tencentBlock_1121,10,0.2138,0.2121,0.170,0.2221,0.2217,0.040
tencentBlock_v2,tencentBlock_1148,10,0.1625,0.1622,0.030,0.1546,0.1546,0.000
tencentBlock_v2,tencentBlock_11509,10,0.3319,0.3316,0.030,0.3316,0.3314,0.020
tencentBlock_v2,tencentBlock_1152,10,0.0788,0.0788,0.000,0.0780,0.0780,0.000
tencentBlock_v2,tencentBlock_11549,10,0.2596,0.2575,0.210,0.2573,0.2570,0.030
tencentBlock_v2,tencentBlock_11569,10,0.3702,0.3676,0.260,0.3498,0.3495,0.030
tencentBlock_v2,tencentBlock_11615,10,0.2965,0.2944,0.210,0.2849,0.2847,0.020
tencentBlock_v2,tencentBlock_1162,10,0.9966,0.9966,0.000,0.9947,0.9947,0.000
tencentBlock_v2,tencentBlock_11622,10,0.6817,0.6801,0.160,0.6543,0.6543,0.000
tencentBlock_v2,tencentBlock_1163,10,0.0191,0.0191,0.000,0.0173,0.0173,0.000
tencentBlock_v2,tencentBlock_11633,10,0.2704,0.2704,0.000,0.2647,0.2647,0.000
tencentBlock_v2,tencentBlock_11634,10,0.2762,0.2748,0.140,0.2697,0.2695,0.020
tencentBlock_v2,tencentBlock_1164,10,0.1186,0.1185,0.010,0.1115,0.1115,0.000
tencentBlock_v2,tencentBlock_11648,10,0.2853,0.2836,0.170,0.2708,0.2706,0.020
tencentBlock_v2,tencentBlock_11656,10,0.2129,0.2125,0.040,0.2272,0.2271,0.010
tencentBlock_v2,tencentBlock_11669,10,0.2625,0.2608,0.170,0.2557,0.2555,0.020
tencentBlock_v2,tencentBlock_11784,10,0.2784,0.2767,0.170,0.2657,0.2655,0.020
tencentBlock_v2,tencentBlock_11822,10,0.4086,0.4071,0.150,0.4075,0.4075,0.000
tencentBlock_v2,tencentBlock_11887,10,0.1947,0.1943,0.040,0.2091,0.2090,0.010
tencentBlock_v2,tencentBlock_11933,10,0.3005,0.2990,0.150,0.2873,0.2871,0.020
tencentBlock_v2,tencentBlock_1205,10,,,,,,
tencentBlock_v2,tencentBlock_12075,10,0.3239,0.3214,0.250,0.3112,0.3109,0.030
tencentBlock_v2,tencentBlock_1214,10,,,,,,
tencentBlock_v2,tencentBlock_12186,10,0.2357,0.2357,0.000,0.2440,0.2440,0.000
tencentBlock_v2,tencentBlock_12200,10,0.8592,0.8580,0.120,0.8305,0.8305,0.000
tencentBlock_v2,tencentBlock_12217,10,0.2749,0.2738,0.110,0.2673,0.2671,0.020
tencentBlock_v2,tencentBlock_12300,10,0.1075,0.1073,0.020,0.1056,0.1056,0.000
tencentBlock_v2,tencentBlock_12430,10,0.1043,0.1040,0.030,0.1038,0.1038,0.000
tencentBlock_v2,tencentBlock_12447,10,0.4189,0.4142,0.470,0.4154,0.4154,0.000
tencentBlock_v2,tencentBlock_12455,10,,,,,,
tencentBlock_v2,tencentBlock_12461,10,0.2739,0.2712,0.270,0.2908,0.2901,0.070
tencentBlock_v2,tencentBlock_12621,10,0.7686,0.7530,1.560,0.6963,0.6963,0.000
tencentBlock_v2,tencentBlock_12704,10,0.3159,0.3140,0.190,0.3110,0.3104,0.060
tencentBlock_v2,tencentBlock_12726,10,0.2890,0.2873,0.170,0.2781,0.2780,0.010
tencentBlock_v2,tencentBlock_1273,10,0.1650,0.1648,0.020,0.1440,0.1440,0.000
tencentBlock_v2,tencentBlock_12745,10,0.7811,0.7800,0.110,0.7565,0.7565,0.000
tencentBlock_v2,tencentBlock_12754,10,0.2973,0.2976,-0.030,0.3090,0.3089,0.010
tencentBlock_v2,tencentBlock_12908,10,0.2419,0.2406,0.130,0.2413,0.2412,0.010
tencentBlock_v2,tencentBlock_1293,10,0.5111,0.5104,0.070,0.5369,0.5369,0.000
tencentBlock_v2,tencentBlock_12973,10,0.2882,0.2868,0.140,0.2785,0.2782,0.030
tencentBlock_v2,tencentBlock_13039,10,0.2958,0.2935,0.230,0.2903,0.2898,0.050
tencentBlock_v2,tencentBlock_13057,10,0.3005,0.2984,0.210,0.2872,0.2870,0.020
tencentBlock_v2,tencentBlock_1306,10,0.4834,0.4832,0.020,0.4775,0.4779,-0.040
tencentBlock_v2,tencentBlock_13155,10,0.2800,0.2799,0.010,0.2649,0.2651,-0.020
tencentBlock_v2,tencentBlock_13198,10,0.2755,0.2743,0.120,0.2724,0.2715,0.090
tencentBlock_v2,tencentBlock_1326,10,0.1629,0.1627,0.020,0.1698,0.1697,0.010
tencentBlock_v2,tencentBlock_13286,10,0.2610,0.2598,0.120,0.2535,0.2534,0.010
tencentBlock_v2,tencentBlock_13349,10,0.3445,0.3420,0.250,0.3281,0.3277,0.040
tencentBlock_v2,tencentBlock_13435,10,0.2830,0.2819,0.110,0.2761,0.2759,0.020
tencentBlock_v2,tencentBlock_13439,10,0.3095,0.3073,0.220,0.3055,0.3048,0.070
tencentBlock_v2,tencentBlock_13494,10,,,,,,
tencentBlock_v2,tencentBlock_1351,10,0.1775,0.1774,0.010,0.1620,0.1619,0.010
tencentBlock_v2,tencentBlock_1360,10,,,,,,
tencentBlock_v2,tencentBlock_1362,10,0.3962,0.3899,0.630,0.3671,0.3671,0.000
tencentBlock_v2,tencentBlock_13786,10,0.3337,0.3312,0.250,0.3190,0.3188,0.020
tencentBlock_v2,tencentBlock_13789,10,0.2113,0.2115,-0.020,0.2287,0.2287,0.000
tencentBlock_v2,tencentBlock_13811,10,0.3024,0.3005,0.190,0.2900,0.2898,0.020
tencentBlock_v2,tencentBlock_13912,10,0.2150,0.2146,0.040,0.2227,0.2227,0.000
tencentBlock_v2,tencentBlock_1394,10,0.0543,0.0543,0.000,0.0555,0.0555,0.000
tencentBlock_v2,tencentBlock_13980,10,0.4062,0.4044,0.180,0.3969,0.3969,0.000
tencentBlock_v2,tencentBlock_14002,10,0.4475,0.4417,0.580,0.4143,0.4143,0.000
tencentBlock_v2,tencentBlock_14067,10,0.1985,0.1978,0.070,0.2106,0.2106,0.000
tencentBlock_v2,tencentBlock_14207,10,0.2658,0.2648,0.100,0.2570,0.2569,0.010
tencentBlock_v2,tencentBlock_14248,10,0.1466,0.1467,-0.010,0.1545,0.1545,0.000
tencentBlock_v2,tencentBlock_14300,10,0.6574,0.6567,0.070,0.6235,0.6235,0.000
tencentBlock_v2,tencentBlock_1437,10,0.0772,0.0772,0.000,0.0767,0.0767,0.000
tencentBlock_v2,tencentBlock_14467,10,0.5880,0.5880,0.000,0.6012,0.6011,0.010
tencentBlock_v2,tencentBlock_1458,10,0.0494,0.0494,0.000,0.0489,0.0489,0.000
tencentBlock_v2,tencentBlock_14585,10,0.5558,0.5541,0.170,0.5375,0.5375,0.000
tencentBlock_v2,tencentBlock_1475,10,0.2660,0.2650,0.100,0.2561,0.2559,0.020
tencentBlock_v2,tencentBlock_14833,10,0.2815,0.2801,0.140,0.2698,0.2696,0.020
tencentBlock_v2,tencentBlock_14863,10,0.3962,0.3807,1.550,0.3036,0.3035,0.010
tencentBlock_v2,tencentBlock_1505,10,0.2692,0.2678,0.140,0.2632,0.2630,0.020
tencentBlock_v2,tencentBlock_15138,10,0.2834,0.2810,0.240,0.2871,0.2863,0.080
tencentBlock_v2,tencentBlock_15175,10,0.2054,0.2047,0.070,0.2195,0.2195,0.000
tencentBlock_v2,tencentBlock_1525,10,0.2778,0.2758,0.200,0.2754,0.2751,0.030
tencentBlock_v2,tencentBlock_15420,10,0.7030,0.7015,0.150,0.6824,0.6824,0.000
tencentBlock_v2,tencentBlock_1548,10,0.7257,0.7020,2.370,0.6124,0.6121,0.030
tencentBlock_v2,tencentBlock_15481,10,0.3268,0.3258,0.100,0.3154,0.3154,0.000
tencentBlock_v2,tencentBlock_1552,10,0.2872,0.2853,0.190,0.2775,0.2773,0.020
tencentBlock_v2,tencentBlock_15549,10,0.1227,0.1226,0.010,0.1277,0.1277,0.000
tencentBlock_v2,tencentBlock_1557,10,0.4187,0.4130,0.570,0.3654,0.3650,0.040
tencentBlock_v2,tencentBlock_15701,10,0.3775,0.3771,0.040,0.3632,0.3632,0.000
tencentBlock_v2,tencentBlock_15804,10,0.2539,0.2516,0.230,0.2765,0.2759,0.060
tencentBlock_v2,tencentBlock_15812,10,0.3203,0.3177,0.260,0.3047,0.3044,0.030
tencentBlock_v2,tencentBlock_1586,10,0.2613,0.2598,0.150,0.2496,0.2495,0.010
tencentBlock_v2,tencentBlock_1591,10,0.9965,0.9965,0.000,0.9947,0.9947,0.000
tencentBlock_v2,tencentBlock_15910,10,0.2886,0.2866,0.200,0.2787,0.2784,0.030
tencentBlock_v2,tencentBlock_15939,10,0.2883,0.2851,0.320,0.2731,0.2730,0.010
tencentBlock_v2,tencentBlock_15957,10,0.1971,0.1967,0.040,0.2087,0.2086,0.010
tencentBlock_v2,tencentBlock_1599,10,0.9070,0.9070,0.000,0.9183,0.9183,0.000
tencentBlock_v2,tencentBlock_16023,10,0.2783,0.2764,0.190,0.2677,0.2676,0.010
tencentBlock_v2,tencentBlock_16065,10,0.2691,0.2676,0.150,0.2627,0.2625,0.020
tencentBlock_v2,tencentBlock_1625,10,,,,,,
tencentBlock_v2,tencentBlock_1633,10,0.2527,0.2517,0.100,0.2162,0.2162,0.000
tencentBlock_v2,tencentBlock_16357,10,0.2684,0.2672,0.120,0.2591,0.2590,0.010
tencentBlock_v2,tencentBlock_16433,10,0.1975,0.1968,0.070,0.1807,0.1806,0.010
tencentBlock_v2,tencentBlock_16546,10,0.1850,0.1857,-0.070,0.2088,0.2084,0.040
tencentBlock_v2,tencentBlock_1655,10,0.1135,0.1139,-0.040,0.1183,0.1183,0.000
tencentBlock_v2,tencentBlock_1662,10,,,,,,
tencentBlock_v2,tencentBlock_16639,10,0.3057,0.3053,0.040,0.2838,0.2838,0.000
tencentBlock_v2,tencentBlock_16739,10,,,,,,
tencentBlock_v2,tencentBlock_16742,10,0.6640,0.6532,1.080,0.5656,0.5654,0.020
tencentBlock_v2,tencentBlock_16788,10,0.6494,0.6470,0.240,0.6236,0.6233,0.030
tencentBlock_v2,tencentBlock_16864,10,0.6493,0.6482,0.110,0.6108,0.6108,0.000
tencentBlock_v2,tencentBlock_16868,10,0.2140,0.2140,0.000,0.2230,0.2229,0.010
tencentBlock_v2,tencentBlock_16918,10,0.2787,0.2774,0.130,0.2605,0.2604,0.010
tencentBlock_v2,tencentBlock_16923,10,0.6657,0.6646,0.110,0.6750,0.6750,0.000
tencentBlock_v2,tencentBlock_1699,10,0.3274,0.3243,0.310,0.3195,0.3192,0.030
tencentBlock_v2,tencentBlock_17009,10,0.7005,0.6986,0.190,0.6744,0.6744,0.000
tencentBlock_v2,tencentBlock_17010,10,0.2055,0.2051,0.040,0.2207,0.2207,0.000
tencentBlock_v2,tencentBlock_17173,10,0.1967,0.1962,0.050,0.2111,0.2110,0.010
tencentBlock_v2,tencentBlock_1730,10,,,,,,
tencentBlock_v2,tencentBlock_17389,10,0.2343,0.2338,0.050,0.2453,0.2453,0.000
tencentBlock_v2,tencentBlock_17393,10,0.3660,0.3658,0.020,0.3464,0.3464,0.000
tencentBlock_v2,tencentBlock_17513,10,0.2859,0.2839,0.200,0.2782,0.2776,0.060
tencentBlock_v2,tencentBlock_1757,10,0.2503,0.2495,0.080,0.2514,0.2511,0.030
tencentBlock_v2,tencentBlock_17644,10,0.3007,0.2985,0.220,0.2837,0.2836,0.010
tencentBlock_v2,tencentBlock_17742,10,0.7050,0.7037,0.130,0.6869,0.6869,0.000
tencentBlock_v2,tencentBlock_17792,10,0.6165,0.6164,0.010,0.6188,0.6188,0.000
tencentBlock_v2,tencentBlock_17837,10,0.2859,0.2841,0.180,0.2736,0.2734,0.020
tencentBlock_v2,tencentBlock_1791,10,0.3552,0.3543,0.090,0.3555,0.3555,0.000
tencentBlock_v2,tencentBlock_17998,10,0.5415,0.5422,-0.070,0.5374,0.5374,0.000
tencentBlock_v2,tencentBlock_1802,10,0.3356,0.3333,0.230,0.3205,0.3201,0.040
tencentBlock_v2,tencentBlock_18133,10,0.4461,0.4326,1.350,0.3272,0.3277,-0.050
tencentBlock_v2,tencentBlock_18292,10,0.0257,0.0257,0.000,0.0258,0.0258,0.000
tencentBlock_v2,tencentBlock_18324,10,0.4792,0.4790,0.020,0.4637,0.4637,0.000
tencentBlock_v2,tencentBlock_18417,10,0.1514,0.1509,0.050,0.1481,0.1481,0.000
tencentBlock_v2,tencentBlock_18464,10,0.2130,0.2133,-0.030,0.2349,0.2349,0.000
tencentBlock_v2,tencentBlock_1847,10,0.8413,0.8406,0.070,0.8362,0.8362,0.000
tencentBlock_v2,tencentBlock_18605,10,0.2759,0.2752,0.070,0.2787,0.2787,0.000
tencentBlock_v2,tencentBlock_18797,10,0.2059,0.2056,0.030,0.2195,0.2195,0.000
tencentBlock_v2,tencentBlock_1894,10,0.4919,0.4915,0.040,0.4967,0.4967,0.000
tencentBlock_v2,tencentBlock_18961,10,0.3430,0.3426,0.040,0.3362,0.3362,0.000
tencentBlock_v2,tencentBlock_1900,10,0.5441,0.5442,-0.010,0.5362,0.5362,0.000
tencentBlock_v2,tencentBlock_1911,10,0.9966,0.9966,0.000,0.9948,0.9948,0.000
tencentBlock_v2,tencentBlock_19120,10,0.6738,0.6724,0.140,0.6306,0.6306,0.000
tencentBlock_v2,tencentBlock_19202,10,0.2387,0.2388,-0.010,0.2705,0.2705,0.000
tencentBlock_v2,tencentBlock_19220,10,0.1955,0.1951,0.040,0.2087,0.2087,0.000
tencentBlock_v2,tencentBlock_19260,10,0.2176,0.2177,-0.010,0.2285,0.2284,0.010
tencentBlock_v2,tencentBlock_19265,10,0.1920,0.1916,0.040,0.2068,0.2068,0.000
tencentBlock_v2,tencentBlock_19271,10,0.5085,0.5091,-0.060,0.5137,0.5137,0.000
tencentBlock_v2,tencentBlock_1933,10,0.3178,0.3153,0.250,0.3073,0.3071,0.020
tencentBlock_v2,tencentBlock_19985,10,0.2803,0.2784,0.190,0.2672,0.2670,0.020
tencentBlock_v2,tencentBlock_1999,10,0.3431,0.3403,0.280,0.3256,0.3252,0.040
tencentBlock_v2,tencentBlock_20042,10,0.4683,0.4636,0.470,0.4471,0.4472,-0.010
tencentBlock_v2,tencentBlock_20052,10,0.3382,0.3357,0.250,0.3260,0.3256,0.040
tencentBlock_v2,tencentBlock_2009,10,0.8140,0.8124,0.160,0.8047,0.8041,0.060
tencentBlock_v2,tencentBlock_20095,10,0.2407,0.2386,0.210,0.2345,0.2343,0.020
tencentBlock_v2,tencentBlock_20128,10,0.3018,0.3001,0.170,0.2882,0.2880,0.020
tencentBlock_v2,tencentBlock_2017,10,0.2845,0.2830,0.150,0.2737,0.2735,0.020
tencentBlock_v2,tencentBlock_20291,10,0.5468,0.5442,0.260,0.5373,0.5373,0.000
tencentBlock_v2,tencentBlock_2030,10,0.2601,0.2593,0.080,0.2566,0.2566,0.000
tencentBlock_v2,tencentBlock_2035,10,0.8963,0.8963,0.000,0.9244,0.9244,0.000
tencentBlock_v2,tencentBlock_20627,10,0.5473,0.5461,0.120,0.5505,0.5505,0.000
tencentBlock_v2,tencentBlock_2067,10,0.3006,0.2995,0.110,0.2991,0.2988,0.030
tencentBlock_v2,tencentBlock_20699,10,0.2986,0.2985,0.010,0.3031,0.3031,0.000
tencentBlock_v2,tencentBlock_2075,10,0.3187,0.3164,0.230,0.3048,0.3045,0.030
tencentBlock_v2,tencentBlock_2079,10,0.1579,0.1579,0.000,0.1638,0.1638,0.000
tencentBlock_v2,tencentBlock_20979,10,0.3085,0.3067,0.180,0.2830,0.2828,0.020
tencentBlock_v2,tencentBlock_21031,10,0.2194,0.2174,0.200,0.2121,0.2121,0.000
tencentBlock_v2,tencentBlock_21054,10,0.3290,0.3264,0.260,0.3130,0.3127,0.030
tencentBlock_v2,tencentBlock_2109,10,0.3288,0.3267,0.210,0.3170,0.3168,0.020
tencentBlock_v2,tencentBlock_2127,10,0.2438,0.2413,0.250,0.2526,0.2525,0.010
tencentBlock_v2,tencentBlock_21346,10,0.3428,0.3404,0.240,0.3283,0.3278,0.050
tencentBlock_v2,tencentBlock_21369,10,,,,,,
tencentBlock_v2,tencentBlock_21390,10,0.5296,0.5281,0.150,0.5237,0.5237,0.000
tencentBlock_v2,tencentBlock_2145,10,0.3892,0.3862,0.300,0.3560,0.3559,0.010
tencentBlock_v2,tencentBlock_21564,10,0.3101,0.3080,0.210,0.2988,0.2985,0.030
tencentBlock_v2,tencentBlock_21795,10,0.3206,0.3205,0.010,0.3344,0.3344,0.000
tencentBlock_v2,tencentBlock_21805,10,0.5824,0.5751,0.730,0.4353,0.4352,0.010
tencentBlock_v2,tencentBlock_2212,10,,,,,,
tencentBlock_v2,tencentBlock_2216,10,0.2921,0.2896,0.250,0.2853,0.2848,0.050
tencentBlock_v2,tencentBlock_2219,10,0.3531,0.3505,0.260,0.3385,0.3380,0.050
tencentBlock_v2,tencentBlock_2230,10,0.5889,0.5866,0.230,0.5727,0.5727,0.000
tencentBlock_v2,tencentBlock_2275,10,,,,,,
tencentBlock_v2,tencentBlock_2286,10,0.1237,0.1233,0.040,0.1129,0.1129,0.000
tencentBlock_v2,tencentBlock_22923,10,,,,,,
tencentBlock_v2,tencentBlock_2308,10,0.0988,0.0980,0.080,0.0939,0.0939,0.000
tencentBlock_v2,tencentBlock_2313,10,,,,,,
tencentBlock_v2,tencentBlock_23299,10,0.9418,0.9416,0.020,0.9385,0.9383,0.020
tencentBlock_v2,tencentBlock_2337,10,0.2639,0.2630,0.090,0.2576,0.2574,0.020
tencentBlock_v2,tencentBlock_23374,10,0.3858,0.3847,0.110,0.4876,0.4875,0.010
tencentBlock_v2,tencentBlock_23429,10,0.0770,0.0769,0.010,0.0865,0.0862,0.030
tencentBlock_v2,tencentBlock_2362,10,0.2470,0.2446,0.240,0.2480,0.2479,0.010
tencentBlock_v2,tencentBlock_23689,10,0.3337,0.3305,0.320,0.3348,0.3349,-0.010
tencentBlock_v2,tencentBlock_23707,10,0.3126,0.3123,0.030,0.3231,0.3231,0.000
tencentBlock_v2,tencentBlock_2376,10,0.3230,0.3206,0.240,0.3113,0.3110,0.030
tencentBlock_v2,tencentBlock_24190,10,0.1878,0.1872,0.060,0.1852,0.1851,0.010
tencentBlock_v2,tencentBlock_24332,10,0.5276,0.5274,0.020,0.5069,0.5069,0.000
tencentBlock_v2,tencentBlock_2438,10,0.4944,0.4909,0.350,0.4550,0.4550,0.000
tencentBlock_v2,tencentBlock_2534,10,0.2076,0.2077,-0.010,0.2210,0.2210,0.000
tencentBlock_v2,tencentBlock_25411,10,0.2171,0.2170,0.010,0.2305,0.2305,0.000
tencentBlock_v2,tencentBlock_25669,10,0.9083,0.9031,0.520,0.9368,0.9336,0.320
tencentBlock_v2,tencentBlock_25697,10,0.5339,0.5334,0.050,0.5268,0.5268,0.000
tencentBlock_v2,tencentBlock_2583,10,0.0537,0.0522,0.150,0.0395,0.0396,-0.010
tencentBlock_v2,tencentBlock_2627,10,,,,,,
tencentBlock_v2,tencentBlock_2690,10,0.3049,0.3020,0.290,0.2969,0.2966,0.030
tencentBlock_v2,tencentBlock_2706,10,0.2117,0.2110,0.070,0.2246,0.2246,0.000
tencentBlock_v2,tencentBlock_2761,10,0.1318,0.1315,0.030,0.1301,0.1301,0.000
tencentBlock_v2,tencentBlock_2771,10,0.1951,0.1950,0.010,0.1919,0.1919,0.000
tencentBlock_v2,tencentBlock_2911,10,0.0813,0.0812,0.010,0.0812,0.0812,0.000
tencentBlock_v2,tencentBlock_2932,10,0.3056,0.3027,0.290,0.3004,0.2999,0.050
tencentBlock_v2,tencentBlock_2982,10,,,,,,
tencentBlock_v2,tencentBlock_3021,10,0.2811,0.2792,0.190,0.2743,0.2740,0.030
tencentBlock_v2,tencentBlock_3027,10,0.2926,0.2899,0.270,0.2826,0.2823,0.030
tencentBlock_v2,tencentBlock_3036,10,0.2959,0.2916,0.430,0.2821,0.2821,0.000
tencentBlock_v2,tencentBlock_3084,10,0.2016,0.2012,0.040,0.2031,0.2031,0.000
tencentBlock_v2,tencentBlock_3104,10,0.3615,0.3587,0.280,0.3445,0.3442,0.030
tencentBlock_v2,tencentBlock_3109,10,0.2603,0.2587,0.160,0.2508,0.2506,0.020
tencentBlock_v2,tencentBlock_3135,10,0.3106,0.3087,0.190,0.3028,0.3021,0.070
tencentBlock_v2,tencentBlock_3204,10,0.3382,0.3310,0.720,0.2997,0.2995,0.020
tencentBlock_v2,tencentBlock_3240,10,0.1876,0.1875,0.010,0.1891,0.1891,0.000
tencentBlock_v2,tencentBlock_3246,10,0.4727,0.4704,0.230,0.4691,0.4691,0.000
tencentBlock_v2,tencentBlock_3265,10,0.2949,0.2926,0.230,0.2879,0.2876,0.030
tencentBlock_v2,tencentBlock_3300,10,,,,,,
tencentBlock_v2,tencentBlock_3310,10,0.6330,0.6327,0.030,0.6367,0.6367,0.000
tencentBlock_v2,tencentBlock_3342,10,0.0596,0.0596,0.000,0.0592,0.0592,0.000
tencentBlock_v2,tencentBlock_3353,10,0.2791,0.2772,0.190,0.2699,0.2697,0.020
tencentBlock_v2,tencentBlock_3443,10,0.3422,0.3396,0.260,0.3267,0.3263,0.040
tencentBlock_v2,tencentBlock_3495,10,0.2760,0.2741,0.190,0.2636,0.2635,0.010
tencentBlock_v2,tencentBlock_3512,10,0.3864,0.3861,0.030,0.4103,0.4103,0.000
tencentBlock_v2,tencentBlock_3557,10,0.0654,0.0639,0.150,0.0574,0.0574,0.000
tencentBlock_v2,tencentBlock_3561,10,0.0802,0.0802,0.000,0.0801,0.0801,0.000
tencentBlock_v2,tencentBlock_3618,10,0.2472,0.2454,0.180,0.2291,0.2290,0.010
tencentBlock_v2,tencentBlock_3678,10,0.3214,0.3204,0.100,0.3288,0.3281,0.070
tencentBlock_v2,tencentBlock_3699,10,0.2770,0.2752,0.180,0.2665,0.2664,0.010
tencentBlock_v2,tencentBlock_3708,10,0.2750,0.2742,0.080,0.2794,0.2790,0.040
tencentBlock_v2,tencentBlock_3762,10,0.2072,0.2048,0.240,0.1756,0.1756,0.000
tencentBlock_v2,tencentBlock_3768,10,0.2950,0.2940,0.100,0.2973,0.2969,0.040
tencentBlock_v2,tencentBlock_3770,10,0.9966,0.9966,0.000,0.9948,0.9948,0.000
tencentBlock_v2,tencentBlock_3801,10,0.2527,0.2496,0.310,0.2400,0.2398,0.020
tencentBlock_v2,tencentBlock_3806,10,0.5908,0.5859,0.490,0.5267,0.5267,0.000
tencentBlock_v2,tencentBlock_3879,10,0.5783,0.5738,0.450,0.5690,0.5683,0.070
tencentBlock_v2,tencentBlock_3886,10,0.2661,0.2655,0.060,0.2743,0.2739,0.040
tencentBlock_v2,tencentBlock_3900,10,0.3267,0.3245,0.220,0.3167,0.3161,0.060
tencentBlock_v2,tencentBlock_3906,10,0.3028,0.3018,0.100,0.3060,0.3056,0.040
tencentBlock_v2,tencentBlock_3915,10,0.2557,0.2543,0.140,0.2589,0.2586,0.030
tencentBlock_v2,tencentBlock_3944,10,0.7904,0.7902,0.020,0.7714,0.7714,0.000
tencentBlock_v2,tencentBlock_3963,10,0.1510,0.1510,0.000,0.1548,0.1548,0.000
tencentBlock_v2,tencentBlock_3964,10,0.3826,0.3825,0.010,0.3680,0.3680,0.000
tencentBlock_v2,tencentBlock_3994,10,0.0951,0.0934,0.170,0.0862,0.0855,0.070
tencentBlock_v2,tencentBlock_4019,10,0.8663,0.8640,0.230,0.8479,0.8478,0.010
tencentBlock_v2,tencentBlock_4046,10,0.9966,0.9966,0.000,0.9947,0.9947,0.000
tencentBlock_v2,tencentBlock_4111,10,0.3767,0.3753,0.140,0.3430,0.3430,0.000
tencentBlock_v2,tencentBlock_4116,10,0.3032,0.3008,0.240,0.2963,0.2961,0.020
tencentBlock_v2,tencentBlock_4145,10,,,,,,
tencentBlock_v2,tencentBlock_4246,10,0.2838,0.2827,0.110,0.2853,0.2850,0.030
tencentBlock_v2,tencentBlock_4287,10,0.3260,0.3260,0.000,0.3268,0.3268,0.000
tencentBlock_v2,tencentBlock_4323,10,0.1127,0.1092,0.350,0.0929,0.0929,0.000
tencentBlock_v2,tencentBlock_4332,10,0.3566,0.3559,0.070,0.3749,0.3738,0.110
tencentBlock_v2,tencentBlock_4335,10,0.3442,0.3416,0.260,0.3298,0.3293,0.050
tencentBlock_v2,tencentBlock_4361,10,0.2896,0.2882,0.140,0.2682,0.2678,0.040
tencentBlock_v2,tencentBlock_4377,10,0.2643,0.2637,0.060,0.2729,0.2727,0.020
tencentBlock_v2,tencentBlock_4385,10,,,,,,
tencentBlock_v2,tencentBlock_4393,10,0.1962,0.1941,0.210,0.1818,0.1818,0.000
tencentBlock_v2,tencentBlock_4587,10,0.9966,0.9966,0.000,0.9947,0.9947,0.000
tencentBlock_v2,tencentBlock_4607,10,0.3488,0.3498,-0.100,0.3570,0.3570,0.000
tencentBlock_v2,tencentBlock_4620,10,0.9966,0.9966,0.000,0.9948,0.9948,0.000
tencentBlock_v2,tencentBlock_4741,10,0.2633,0.2619,0.140,0.2545,0.2544,0.010
tencentBlock_v2,tencentBlock_4747,10,0.5366,0.5372,-0.060,0.5329,0.5329,0.000
tencentBlock_v2,tencentBlock_4786,10,0.0595,0.0592,0.030,0.0550,0.0550,0.000
tencentBlock_v2,tencentBlock_4818,10,0.2799,0.2680,1.190,0.2407,0.2412,-0.050
tencentBlock_v2,tencentBlock_4828,10,0.2994,0.2964,0.300,0.2917,0.2914,0.030
tencentBlock_v2,tencentBlock_4833,10,0.1189,0.1189,0.000,0.1231,0.1231,0.000
tencentBlock_v2,tencentBlock_4838,10,0.2651,0.2631,0.200,0.2467,0.2465,0.020
tencentBlock_v2,tencentBlock_4883,10,0.6156,0.6087,0.690,0.4104,0.4103,0.010
tencentBlock_v2,tencentBlock_4927,10,0.0326,0.0326,0.000,0.0343,0.0343,0.000
tencentBlock_v2,tencentBlock_4929,10,0.3428,0.3427,0.010,0.3438,0.3438,0.000
tencentBlock_v2,tencentBlock_5002,10,0.3311,0.3290,0.210,0.3132,0.3130,0.020
tencentBlock_v2,tencentBlock_5046,10,0.2043,0.2043,0.000,0.2066,0.2066,0.000
tencentBlock_v2,tencentBlock_5048,10,0.0854,0.0841,0.130,0.0752,0.0752,0.000
tencentBlock_v2,tencentBlock_5066,10,0.2049,0.2043,0.060,0.2169,0.2169,0.000
tencentBlock_v2,tencentBlock_5150,10,0.5708,0.5704,0.040,0.5733,0.5733,0.000
tencentBlock_v2,tencentBlock_5178,10,0.7613,0.7609,0.040,0.7506,0.7506,0.000
tencentBlock_v2,tencentBlock_5206,10,0.3951,0.3938,0.130,0.3503,0.3502,0.010
tencentBlock_v2,tencentBlock_5242,10,0.2943,0.2916,0.270,0.2959,0.2952,0.070
tencentBlock_v2,tencentBlock_5334,10,0.0774,0.0763,0.110,0.0682,0.0682,0.000
tencentBlock_v2,tencentBlock_5351,10,0.2752,0.2739,0.130,0.2687,0.2685,0.020
tencentBlock_v2,tencentBlock_5369,10,0.1908,0.1907,0.010,0.1670,0.1670,0.000
tencentBlock_v2,tencentBlock_5372,10,0.2890,0.2891,-0.010,0.3355,0.3355,0.000
tencentBlock_v2,tencentBlock_5374,10,0.2646,0.2627,0.190,0.2792,0.2785,0.070
tencentBlock_v2,tencentBlock_5390,10,0.2708,0.2697,0.110,0.2606,0.2605,0.010
tencentBlock_v2,tencentBlock_5473,10,0.1935,0.1935,0.000,0.1967,0.1967,0.000
tencentBlock_v2,tencentBlock_5519,10,0.2330,0.2327,0.030,0.2293,0.2293,0.000
tencentBlock_v2,tencentBlock_5526,10,0.2841,0.2826,0.150,0.2763,0.2761,0.020
tencentBlock_v2,tencentBlock_5560,10,0.2733,0.2694,0.390,0.2409,0.2409,0.000
tencentBlock_v2,tencentBlock_5565,10,,,,,,
tencentBlock_v2,tencentBlock_5592,10,0.1273,0.1301,-0.280,0.1241,0.1241,0.000
tencentBlock_v2,tencentBlock_5615,10,0.9966,0.9966,0.000,0.9947,0.9947,0.000
tencentBlock_v2,tencentBlock_5631,10,0.2695,0.2679,0.160,0.2616,0.2615,0.010
tencentBlock_v2,tencentBlock_5710,10,0.0805,0.0805,0.000,0.0805,0.0805,0.000
tencentBlock_v2,tencentBlock_5732,10,0.6757,0.6757,0.000,0.8304,0.8303,0.010
tencentBlock_v2,tencentBlock_5875,10,0.3393,0.3387,0.060,0.3389,0.3389,0.000
tencentBlock_v2,tencentBlock_5913,10,0.4575,0.4574,0.010,0.4440,0.4440,0.000
tencentBlock_v2,tencentBlock_5927,10,0.3333,0.3309,0.240,0.3198,0.3195,0.030
tencentBlock_v2,tencentBlock_6063,10,0.2840,0.2825,0.150,0.2732,0.2731,0.010
tencentBlock_v2,tencentBlock_6182,10,0.6095,0.6089,0.060,0.5436,0.5436,0.000
tencentBlock_v2,tencentBlock_6234,10,0.2722,0.2707,0.150,0.2575,0.2574,0.010
tencentBlock_v2,tencentBlock_6327,10,0.2439,0.2438,0.010,0.2461,0.2461,0.000
tencentBlock_v2,tencentBlock_6343,10,0.3422,0.3401,0.210,0.3295,0.3291,0.040
tencentBlock_v2,tencentBlock_6378,10,0.0687,0.0682,0.050,0.0583,0.0583,0.000
tencentBlock_v2,tencentBlock_6410,10,0.0629,0.0626,0.030,0.0587,0.0587,0.000
tencentBlock_v2,tencentBlock_6524,10,0.3144,0.3122,0.220,0.3012,0.3008,0.040
tencentBlock_v2,tencentBlock_6528,10,0.1381,0.1360,0.210,0.1294,0.1294,0.000
tencentBlock_v2,tencentBlock_6550,10,0.9966,0.9966,0.000,0.9947,0.9947,0.000
tencentBlock_v2,tencentBlock_6554,10,0.2838,0.2820,0.180,0.2715,0.2713,0.020
tencentBlock_v2,tencentBlock_6579,10,0.2064,0.2057,0.070,0.2178,0.2177,0.010
tencentBlock_v2,tencentBlock_6725,10,0.3239,0.3227,0.120,0.3131,0.3132,-0.010
tencentBlock_v2,tencentBlock_6814,10,0.3157,0.3133,0.240,0.2984,0.2981,0.030
tencentBlock_v2,tencentBlock_7015,10,0.2848,0.2821,0.270,0.2967,0.2960,0.070
tencentBlock_v2,tencentBlock_7101,10,0.0613,0.0613,0.000,0.0614,0.0614,0.000
tencentBlock_v2,tencentBlock_7116,10,0.3148,0.3140,0.080,0.2955,0.2955,0.000
tencentBlock_v2,tencentBlock_7160,10,0.2964,0.2944,0.200,0.2889,0.2886,0.030
tencentBlock_v2,tencentBlock_7255,10,0.2555,0.2523,0.320,0.2360,0.2360,0.000
tencentBlock_v2,tencentBlock_7299,10,0.5562,0.5534,0.280,0.5338,0.5337,0.010
tencentBlock_v2,tencentBlock_7315,10,0.0362,0.0362,0.000,0.0391,0.0391,0.000
tencentBlock_v2,tencentBlock_7378,10,0.2686,0.2670,0.160,0.2566,0.2565,0.010
tencentBlock_v2,tencentBlock_7449,10,0.1203,0.1201,0.020,0.1345,0.1345,0.000
tencentBlock_v2,tencentBlock_7510,10,0.3756,0.3713,0.430,0.3534,0.3530,0.040
tencentBlock_v2,tencentBlock_7568,10,0.2621,0.2611,0.100,0.2598,0.2592,0.060
tencentBlock_v2,tencentBlock_7584,10,0.5659,0.5652,0.070,0.5658,0.5658,0.000
tencentBlock_v2,tencentBlock_7696,10,0.0634,0.0630,0.040,0.0590,0.0590,0.000
tencentBlock_v2,tencentBlock_7709,10,0.1991,0.1991,0.000,0.1998,0.1998,0.000
tencentBlock_v2,tencentBlock_7732,10,0.2013,0.2008,0.050,0.2105,0.2105,0.000
tencentBlock_v2,tencentBlock_8039,10,0.2668,0.2657,0.110,0.2580,0.2579,0.010
tencentBlock_v2,tencentBlock_8043,10,0.1110,0.1110,0.000,0.1063,0.1063,0.000
tencentBlock_v2,tencentBlock_8077,10,0.4437,0.4435,0.020,0.4374,0.4374,0.000
tencentBlock_v2,tencentBlock_8152,10,0.1926,0.1926,0.000,0.2106,0.2105,0.010
tencentBlock_v2,tencentBlock_8169,10,0.9967,0.9967,0.000,0.9949,0.9949,0.000
tencentBlock_v2,tencentBlock_8229,10,0.2858,0.2855,0.030,0.2870,0.2869,0.010
tencentBlock_v2,tencentBlock_8281,10,0.2045,0.2043,0.020,0.2031,0.2031,0.000
tencentBlock_v2,tencentBlock_8420,10,0.2796,0.2791,0.050,0.2856,0.2852,0.040
tencentBlock_v2,tencentBlock_8526,10,0.2179,0.2158,0.210,0.2119,0.2116,0.030
tencentBlock_v2,tencentBlock_8610,10,0.2524,0.2450,0.740,0.2117,0.2114,0.030
tencentBlock_v2,tencentBlock_8714,10,0.1929,0.1926,0.030,0.1759,0.1758,0.010
tencentBlock_v2,tencentBlock_8809,10,0.2542,0.2537,0.050,0.2497,0.2494,0.030
tencentBlock_v2,tencentBlock_8825,10,0.1945,0.1919,0.260,0.1864,0.1864,0.000
tencentBlock_v2,tencentBlock_8937,10,0.4602,0.4244,3.580,0.4302,0.4302,0.000
tencentBlock_v2,tencentBlock_9118,10,0.2712,0.2713,-0.010,0.2902,0.2902,0.000
tencentBlock_v2,tencentBlock_9194,10,0.2664,0.2651,0.130,0.2579,0.2577,0.020
tencentBlock_v2,tencentBlock_9214,10,0.6358,0.6139,2.190,0.4932,0.4931,0.010
tencentBlock_v2,tencentBlock_9324,10,0.2732,0.2673,0.590,0.2451,0.2451,0.000
tencentBlock_v2,tencentBlock_9372,10,0.2995,0.2985,0.100,0.3045,0.3041,0.040
tencentBlock_v2,tencentBlock_9378,10,0.2869,0.2856,0.130,0.2848,0.2840,0.080
tencentBlock_v2,tencentBlock_9440,10,0.2761,0.2750,0.110,0.2669,0.2667,0.020
tencentBlock_v2,tencentBlock_9551,10,0.3568,0.3550,0.180,0.3470,0.3470,0.000
tencentBlock_v2,tencentBlock_9569,10,0.3719,0.3717,0.020,0.3760,0.3761,-0.010
tencentBlock_v2,tencentBlock_9663,10,0.1252,0.1254,-0.020,0.1402,0.1402,0.000
tencentBlock_v2,tencentBlock_9673,10,0.2971,0.2946,0.250,0.2898,0.2896,0.020
tencentBlock_v2,tencentBlock_9745,10,0.3939,0.3898,0.410,0.3535,0.3535,0.000
tencentBlock_v2,tencentBlock_9850,10,0.2547,0.2525,0.220,0.2414,0.2414,0.000
tencentBlock_v2,tencentBlock_9855,10,0.3335,0.3318,0.170,0.3249,0.3230,0.190
tencentBlock_v2,tencentBlock_9863,10,0.3057,0.3035,0.220,0.2978,0.2974,0.040
tencentBlock_v2,tencentBlock_9884,10,0.2409,0.2392,0.170,0.2452,0.2451,0.010
tencentBlock_v2,tencentBlock_9915,10,0.2989,0.2968,0.210,0.2844,0.2843,0.010
tencentPhoto,tencent_photo1,10,,,,,,
tencentPhoto,tencent_photo2,10,,,,,,
twitter_sample100,cluster1,10,,,,,,
twitter_sample100,cluster10,10,0.4998,0.4998,0.000,0.4998,0.4998,0.000
twitter_sample100,cluster11,10,0.3256,0.3253,0.030,0.2822,0.2822,0.000
twitter_sample100,cluster12,10,0.7875,0.7875,0.000,0.7875,0.7875,0.000
twitter_sample100,cluster13,10,0.6273,0.6273,0.000,0.6273,0.6273,0.000
twitter_sample100,cluster14,10,0.1381,0.2235,-8.540,0.1247,0.1915,-6.675
twitter_sample100,cluster15,10,0.9839,0.9839,0.000,0.9839,0.9839,0.000
twitter_sample100,cluster16,10,,,,,,
twitter_sample100,cluster17,10,0.4378,0.4378,0.000,0.4357,0.4357,0.000
twitter_sample100,cluster18,10,,,,,,
twitter_sample100,cluster19,10,0.3449,0.3580,-1.305,0.3462,0.3588,-1.265
twitter_sample100,cluster2,10,,,,,,
twitter_sample100,cluster20,10,0.0570,0.0636,-0.665,0.0428,0.0564,-1.360
twitter_sample100,cluster21,10,0.9404,0.9404,0.000,0.9389,0.9389,0.000
twitter_sample100,cluster22,10,0.2722,0.2735,-0.130,0.2578,0.2594,-0.165
twitter_sample100,cluster23,10,0.3809,0.3809,0.000,0.3811,0.3811,0.000
twitter_sample100,cluster24,10,0.1242,0.2100,-8.575,0.1213,0.2079,-8.655
twitter_sample100,cluster25,10,,,,,,
twitter_sample100,cluster26,10,0.2691,0.2691,0.000,0.2693,0.2693,0.000
twitter_sample100,cluster27,10,0.5738,,,0.5138,,
twitter_sample100,cluster28,10,0.0283,0.0325,-0.420,0.0272,0.0316,-0.440
twitter_sample100,cluster29,10,0.0510,0.0515,-0.050,0.0497,0.0498,-0.010
twitter_sample100,cluster3,10,0.0590,0.0590,0.000,0.0537,0.0537,0.000
twitter_sample100,cluster30,10,0.5312,0.9634,-43.215,0.9634,0.9634,0.000
twitter_sample100,cluster31,10,0.9368,0.9368,0.000,0.9368,0.9368,0.000
twitter_sample100,cluster32,10,0.9644,0.9644,0.000,0.9644,0.9644,0.000
twitter_sample100,cluster33,10,0.9768,0.9768,0.000,0.9768,0.9768,0.000
twitter_sample100,cluster34,10,0.4417,0.4412,0.055,0.3886,0.3906,-0.205
twitter_sample100,cluster35,10,0.0699,0.0700,-0.010,0.0699,0.0700,-0.010
twitter_sample100,cluster36,10,0.7836,0.7836,0.000,0.7829,0.7829,0.000
twitter_sample100,cluster37,10,0.2243,0.2243,0.000,0.2238,0.2238,0.000
twitter_sample100,cluster38,10,0.9362,0.9362,0.000,0.9362,0.9362,0.000
twitter_sample100,cluster39,10,0.9366,0.9366,0.000,0.9366,0.9366,0.000
twitter_sample100,cluster4,10,0.0519,0.0582,-0.635,0.0510,0.0571,-0.610
twitter_sample100,cluster40,10,0.1496,0.1496,0.000,0.1265,0.1466,-2.005
twitter_sample100,cluster41,10,0.1551,0.2009,-4.580,0.1519,0.1960,-4.415
twitter_sample100,cluster42,10,0.5437,0.9991,-45.535,0.5358,0.9991,-46.325
twitter_sample100,cluster43,10,0.1226,0.1226,0.000,0.1198,0.1198,0.000
twitter_sample100,cluster44,10,0.0615,0.0615,0.000,0.0556,0.0556,0.000
twitter_sample100,cluster45,10,0.4126,0.4126,0.000,0.4186,0.4087,0.995
twitter_sample100,cluster46,10,0.1978,0.1978,0.000,0.1970,0.1970,0.000
twitter_sample100,cluster47,10,,,,,,
twitter_sample100,cluster48,10,0.4149,0.4286,-1.370,0.4033,0.4170,-1.370
twitter_sample100,cluster49,10,0.2328,0.3248,-9.200,0.2360,0.3100,-7.400
twitter_sample100,cluster5,10,0.2165,0.2165,0.000,0.2157,0.2157,0.000
twitter_sample100,cluster50,10,0.1567,0.1749,-1.820,0.1614,0.1563,0.510
twitter_sample100,cluster51,10,,,,,,
twitter_sample100,cluster52,10,0.0744,0.0744,0.000,0.0727,0.0727,0.000
twitter_sample100,cluster53,10,0.1061,0.1031,0.300,0.1000,0.0982,0.180
twitter_sample100,cluster54,10,0.4220,0.3906,3.140,0.3492,0.3491,0.010
twitter_sample100,cluster6,10,0.9966,0.9966,0.000,0.9966,0.9966,0.000
twitter_sample100,cluster7,10,,,,,,
twitter_sample100,cluster8,10,0.9753,0.9748,0.050,0.9752,0.9752,0.000
twitter_sample100,cluster9,10,,,,,,
wiki,wiki_2016u,10,,,,,,
wiki,wiki_2019t,10,0.2448,0.2446,0.020,0.2016,0.2016,0.000
wiki,wiki_2019u,10,,,,,,
?,tencentBlock_10004,0.1,,,,,,
?,tencentBlock_10007,0.1,,,,,,
?,tencentBlock_10011,0.1,,,,,,
?,tencentBlock_10021,0.1,,,,,,
?,tencentBlock_10022,0.1,,,,,,
?,tencentBlock_10029,0.1,,,,,,
?,tencentBlock_10031,0.1,,,,,,
?,tencentBlock_10039,0.1,,,,,,
?,tencentBlock_10044,0.1,,,,,,
?,tencentBlock_10048,0.1,,,,,,
?,tencentBlock_10053,0.1,,,,,,
?,tencentBlock_10062,0.1,,,,,,
?,tencentBlock_10069,0.1,,,,,,
?,tencentBlock_10074,0.1,,,,,,
?,tencentBlock_10079,0.1,,,,,,
?,tencentBlock_10086,0.1,,,,,,
?,tencentBlock_10095,0.1,,,,,,
?,tencentBlock_10108,0.1,,,,,,
?,tencentBlock_10116,0.1,,,,,,
?,tencentBlock_10119,0.1,,,,,,
?,tencentBlock_10120,0.1,,,,,,
?,tencentBlock_10124,0.1,,,,,,
?,tencentBlock_10127,0.1,,,,,,
?,tencentBlock_10134,0.1,,,,,,
?,tencentBlock_10143,0.1,,,,,,
?,tencentBlock_10149,0.1,,,,,,
?,tencentBlock_10156,0.1,,,,,,
?,tencentBlock_10176,0.1,,,,,,
?,tencentBlock_10184,0.1,,,,,,
?,tencentBlock_10192,0.1,,,,,,
?,tencentBlock_10197,0.1,,,,,,
?,tencentBlock_10198,0.1,,,,,,
?,tencentBlock_10203,0.1,,,,,,
?,tencentBlock_10208,0.1,,,,,,
?,tencentBlock_10213,0.1,,,,,,
?,tencentBlock_10216,0.1,,,,,,
?,tencentBlock_10217,0.1,,,,,,
?,tencentBlock_10228,0.1,,,,,,
?,tencentBlock_10231,0.1,,,,,,
?,tencentBlock_10236,0.1,,,,,,
?,tencentBlock_10244,0.1,,,,,,
?,tencentBlock_10252,0.1,,,,,,
?,tencentBlock_10259,0.1,,,,,,
?,tencentBlock_10264,0.1,,,,,,
?,tencentBlock_10266,0.1,,,,,,
?,tencentBlock_10268,0.1,,,,,,
?,tencentBlock_10274,0.1,,,,,,
?,tencentBlock_10276,0.1,,,,,,
?,tencentBlock_10280,0.1,,,,,,
?,tencentBlock_10286,0.1,,,,,,
?,tencentBlock_10292,0.1,,,,,,
?,tencentBlock_10293,0.1,,,,,,
?,tencentBlock_10295,0.1,,,,,,
?,tencentBlock_10303,0.1,,,,,,
?,tencentBlock_10312,0.1,,,,,,
?,tencentBlock_10320,0.1,,,,,,
?,tencentBlock_10327,0.1,,,,,,
?,tencentBlock_10336,0.1,,,,,,
?,tencentBlock_10339,0.1,,,,,,
?,tencentBlock_10342,0.1,,,,,,
?,tencentBlock_10356,0.1,,,,,,
?,tencentBlock_10359,0.1,,,,,,
?,tencentBlock_10364,0.1,,,,,,
?,tencentBlock_10365,0.1,,,,,,
?,tencentBlock_10368,0.1,,,,,,
?,tencentBlock_10370,0.1,,,,,,
?,tencentBlock_10372,0.1,,,,,,
?,tencentBlock_10375,0.1,,,,,,
?,tencentBlock_10380,0.1,,,,,,
?,tencentBlock_10387,0.1,,,,,,
?,tencentBlock_10393,0.1,,,,,,
?,tencentBlock_10394,0.1,,,,,,
?,tencentBlock_10399,0.1,,,,,,
?,tencentBlock_10403,0.1,,,,,,
?,tencentBlock_10409,0.1,,,,,,
?,tencentBlock_10415,0.1,,,,,,
?,tencentBlock_10424,0.1,,,,,,
?,tencentBlock_10429,0.1,,,,,,
?,tencentBlock_10436,0.1,,,,,,
?,tencentBlock_10443,0.1,,,,,,
?,tencentBlock_10446,0.1,,,,,,
?,tencentBlock_10452,0.1,,,,,,
?,tencentBlock_10455,0.1,,,,,,
?,tencentBlock_10463,0.1,,,,,,
?,tencentBlock_10467,0.1,,,,,,
?,tencentBlock_10483,0.1,,,,,,
?,tencentBlock_10492,0.1,,,,,,
?,tencentBlock_10496,0.1,,,,,,
?,tencentBlock_10499,0.1,,,,,,
?,tencentBlock_10505,0.1,,,,,,
?,tencentBlock_10521,0.1,,,,,,
?,tencentBlock_10525,0.1,,,,,,
?,tencentBlock_10532,0.1,,,,,,
?,tencentBlock_10534,0.1,,,,,,
?,tencentBlock_10539,0.1,,,,,,
?,tencentBlock_10545,0.1,,,,,,
?,tencentBlock_10553,0.1,,,,,,
?,tencentBlock_10560,0.1,,,,,,
?,tencentBlock_10568,0.1,,,,,,
?,tencentBlock_10575,0.1,,,,,,
?,tencentBlock_1058,0.1,,,,,,
?,tencentBlock_10580,0.1,,,,,,
?,tencentBlock_10582,0.1,,,,,,
?,tencentBlock_10587,0.1,,,,,,
?,tencentBlock_10592,0.1,,,,,,
?,tencentBlock_10596,0.1,,,,,,
?,tencentBlock_10602,0.1,,,,,,
?,tencentBlock_10611,0.1,,,,,,
?,tencentBlock_10620,0.1,,,,,,
?,tencentBlock_10628,0.1,,,,,,
?,tencentBlock_10633,0.1,,,,,,
?,tencentBlock_10642,0.1,,,,,,
?,tencentBlock_10650,0.1,,,,,,
?,tencentBlock_10656,0.1,,,,,,
?,tencentBlock_10664,0.1,,,,,,
?,tencentBlock_10668,0.1,,,,,,
?,tencentBlock_10675,0.1,,,,,,
?,tencentBlock_10676,0.1,,,,,,
?,tencentBlock_10684,0.1,,,,,,
?,tencentBlock_10689,0.1,,,,,,
?,tencentBlock_10698,0.1,,,,,,
?,tencentBlock_10699,0.1,,,,,,
?,tencentBlock_10703,0.1,,,,,,
?,tencentBlock_10710,0.1,,,,,,
?,tencentBlock_10716,0.1,,,,,,
?,tencentBlock_10724,0.1,,,,,,
?,tencentBlock_10728,0.1,,,,,,
?,tencentBlock_1073,0.1,,,,,,
?,tencentBlock_10730,0.1,,,,,,
?,tencentBlock_10734,0.1,,,,,,
?,tencentBlock_10742,0.1,,,,,,
?,tencentBlock_10747,0.1,,,,,,
?,tencentBlock_10752,0.1,,,,,,
?,tencentBlock_10755,0.1,,,,,,
?,tencentBlock_10757,0.1,,,,,,
?,tencentBlock_10760,0.1,,,,,,
?,tencentBlock_10763,0.1,,,,,,
?,tencentBlock_10767,0.1,,,,,,
?,tencentBlock_10769,0.1,,,,,,
?,tencentBlock_10776,0.1,,,,,,
?,tencentBlock_10783,0.1,,,,,,
?,tencentBlock_10790,0.1,,,,,,
?,tencentBlock_10791,0.1,,,,,,
?,tencentBlock_10807,0.1,,,,,,
?,tencentBlock_10814,0.1,,,,,,
?,tencentBlock_1082,0.1,,,,,,
?,tencentBlock_10820,0.1,,,,,,
?,tencentBlock_10825,0.1,,,,,,
?,tencentBlock_10827,0.1,,,,,,
?,tencentBlock_10829,0.1,,,,,,
?,tencentBlock_10831,0.1,,,,,,
?,tencentBlock_1084,0.1,,,,,,
?,tencentBlock_10844,0.1,,,,,,
?,tencentBlock_10851,0.1,,,,,,
?,tencentBlock_10857,0.1,,,,,,
?,tencentBlock_10858,0.1,,,,,,
?,tencentBlock_10860,0.1,,,,,,
?,tencentBlock_10866,0.1,,,,,,
?,tencentBlock_10870,0.1,,,,,,
?,tencentBlock_10879,0.1,,,,,,
?,tencentBlock_10883,0.1,,,,,,
?,tencentBlock_1089,0.1,,,,,,
?,tencentBlock_10890,0.1,,,,,,
?,tencentBlock_10893,0.1,,,,,,
?,tencentBlock_10897,0.1,,,,,,
?,tencentBlock_10905,0.1,,,,,,
?,tencentBlock_10910,0.1,,,,,,
?,tencentBlock_10916,0.1,,,,,,
?,tencentBlock_10918,0.1,,,,,,
?,tencentBlock_1092,0.1,,,,,,
?,tencentBlock_10921,0.1,,,,,,
?,tencentBlock_10927,0.1,,,,,,
?,tencentBlock_10944,0.1,,,,,,
?,tencentBlock_10947,0.1,,,,,,
?,tencentBlock_10949,0.1,,,,,,
?,tencentBlock_10952,0.1,,,,,,
?,tencentBlock_10957,0.1,,,,,,
?,tencentBlock_10961,0.1,,,,,,
?,tencentBlock_10964,0.1,,,,,,
?,tencentBlock_10971,0.1,,,,,,
?,tencentBlock_10976,0.1,,,,,,
?,tencentBlock_10982,0.1,,,,,,
?,tencentBlock_10986,0.1,,,,,,
?,tencentBlock_1099,0.1,,,,,,
?,tencentBlock_10992,0.1,,,,,,
?,tencentBlock_10995,0.1,,,,,,
?,tencentBlock_10996,0.1,,,,,,
?,tencentBlock_10999,0.1,,,,,,
?,tencentBlock_11006,0.1,,,,,,
?,tencentBlock_11007,0.1,,,,,,
?,tencentBlock_11022,0.1,,,,,,
?,tencentBlock_11025,0.1,,,,,,
?,tencentBlock_11027,0.1,,,,,,
?,tencentBlock_11029,0.1,,,,,,
?,tencentBlock_11032,0.1,,,,,,
?,tencentBlock_11037,0.1,,,,,,
?,tencentBlock_11038,0.1,,,,,,
?,tencentBlock_11046,0.1,,,,,,
?,tencentBlock_11048,0.1,,,,,,
?,tencentBlock_11054,0.1,,,,,,
?,tencentBlock_11057,0.1,,,,,,
?,tencentBlock_11062,0.1,,,,,,
?,tencentBlock_11069,0.1,,,,,,
?,tencentBlock_11074,0.1,,,,,,
?,tencentBlock_11077,0.1,,,,,,
?,tencentBlock_1108,0.1,,,,,,
?,tencentBlock_11081,0.1,,,,,,
?,tencentBlock_11082,0.1,,,,,,
?,tencentBlock_11090,0.1,,,,,,
?,tencentBlock_11097,0.1,,,,,,
?,tencentBlock_11102,0.1,,,,,,
?,tencentBlock_11108,0.1,,,,,,
?,tencentBlock_11111,0.1,,,,,,
?,tencentBlock_11120,0.1,,,,,,
?,tencentBlock_11122,0.1,,,,,,
?,tencentBlock_11131,0.1,,,,,,
?,tencentBlock_11135,0.1,,,,,,
?,tencentBlock_11139,0.1,,,,,,
?,tencentBlock_11147,0.1,,,,,,
?,tencentBlock_11159,0.1,,,,,,
?,tencentBlock_11161,0.1,,,,,,
?,tencentBlock_11163,0.1,,,,,,
?,tencentBlock_11169,0.1,,,,,,
?,tencentBlock_1117,0.1,,,,,,
?,tencentBlock_11172,0.1,,,,,,
?,tencentBlock_11179,0.1,,,,,,
?,tencentBlock_11185,0.1,,,,,,
?,tencentBlock_11192,0.1,,,,,,
?,tencentBlock_11200,0.1,,,,,,
?,tencentBlock_11207,0.1,,,,,,
?,tencentBlock_11213,0.1,,,,,,
?,tencentBlock_11220,0.1,,,,,,
?,tencentBlock_11229,0.1,,,,,,
?,tencentBlock_11234,0.1,,,,,,
?,tencentBlock_11237,0.1,,,,,,
?,tencentBlock_11246,0.1,,,,,,
?,tencentBlock_11248,0.1,,,,,,
?,tencentBlock_11249,0.1,,,,,,
?,tencentBlock_1125,0.1,,,,,,
?,tencentBlock_11255,0.1,,,,,,
?,tencentBlock_11257,0.1,,,,,,
?,tencentBlock_11261,0.1,,,,,,
?,tencentBlock_11268,0.1,,,,,,
?,tencentBlock_11275,0.1,,,,,,
?,tencentBlock_11284,0.1,,,,,,
?,tencentBlock_11287,0.1,,,,,,
?,tencentBlock_11294,0.1,,,,,,
?,tencentBlock_11295,0.1,,,,,,
?,tencentBlock_11301,0.1,,,,,,
?,tencentBlock_11307,0.1,,,,,,
?,tencentBlock_11314,0.1,,,,,,
?,tencentBlock_11318,0.1,,,,,,
?,tencentBlock_11321,0.1,,,,,,
?,tencentBlock_11326,0.1,,,,,,
?,tencentBlock_11329,0.1,,,,,,
?,tencentBlock_11334,0.1,,,,,,
?,tencentBlock_11336,0.1,,,,,,
?,tencentBlock_1134,0.1,,,,,,
?,tencentBlock_11345,0.1,,,,,,
?,tencentBlock_11354,0.1,,,,,,
?,tencentBlock_11362,0.1,,,,,,
?,tencentBlock_11368,0.1,,,,,,
?,tencentBlock_11372,0.1,,,,,,
?,tencentBlock_11375,0.1,,,,,,
?,tencentBlock_11383,0.1,,,,,,
?,tencentBlock_11389,0.1,,,,,,
?,tencentBlock_11394,0.1,,,,,,
?,tencentBlock_11401,0.1,,,,,,
?,tencentBlock_11409,0.1,,,,,,
?,tencentBlock_11412,0.1,,,,,,
?,tencentBlock_11417,0.1,,,,,,
?,tencentBlock_11424,0.1,,,,,,
?,tencentBlock_11426,0.1,,,,,,
?,tencentBlock_11429,0.1,,,,,,
?,tencentBlock_1143,0.1,,,,,,
?,tencentBlock_11436,0.1,,,,,,
?,tencentBlock_11439,0.1,,,,,,
?,tencentBlock_11441,0.1,,,,,,
?,tencentBlock_11450,0.1,,,,,,
?,tencentBlock_11458,0.1,,,,,,
?,tencentBlock_11467,0.1,,,,,,
?,tencentBlock_11469,0.1,,,,,,
?,tencentBlock_11477,0.1,,,,,,
?,tencentBlock_11480,0.1,,,,,,
?,tencentBlock_11484,0.1,,,,,,
?,tencentBlock_11487,0.1,,,,,,
?,tencentBlock_11488,0.1,,,,,,
?,tencentBlock_11494,0.1,,,,,,
?,tencentBlock_11500,0.1,,,,,,
?,tencentBlock_11501,0.1,,,,,,
?,tencentBlock_11502,0.1,,,,,,
?,tencentBlock_11507,0.1,,,,,,
?,tencentBlock_11514,0.1,,,,,,
?,tencentBlock_11518,0.1,,,,,,
?,tencentBlock_11524,0.1,,,,,,
?,tencentBlock_11529,0.1,,,,,,
?,tencentBlock_11537,0.1,,,,,,
?,tencentBlock_11541,0.1,,,,,,
?,tencentBlock_11556,0.1,,,,,,
?,tencentBlock_11561,0.1,,,,,,
?,tencentBlock_11576,0.1,,,,,,
?,tencentBlock_11577,0.1,,,,,,
?,tencentBlock_11579,0.1,,,,,,
?,tencentBlock_11587,0.1,,,,,,
?,tencentBlock_11589,0.1,,,,,,
?,tencentBlock_11590,0.1,,,,,,
?,tencentBlock_11598,0.1,,,,,,
?,tencentBlock_1160,0.1,,,,,,
?,tencentBlock_11605,0.1,,,,,,
?,tencentBlock_11609,0.1,,,,,,
?,tencentBlock_1161,0.1,,,,,,
?,tencentBlock_11619,0.1,,,,,,
?,tencentBlock_11627,0.1,,,,,,
?,tencentBlock_11641,0.1,,,,,,
?,tencentBlock_11644,0.1,,,,,,
?,tencentBlock_11663,0.1,,,,,,
?,tencentBlock_11665,0.1,,,,,,
?,tencentBlock_11673,0.1,,,,,,
?,tencentBlock_11680,0.1,,,,,,
?,tencentBlock_11686,0.1,,,,,,
?,tencentBlock_11687,0.1,,,,,,
?,tencentBlock_11694,0.1,,,,,,
?,tencentBlock_1170,0.1,,,,,,
?,tencentBlock_11703,0.1,,,,,,
?,tencentBlock_11710,0.1,,,,,,
?,tencentBlock_11713,0.1,,,,,,
?,tencentBlock_11714,0.1,,,,,,
?,tencentBlock_11715,0.1,,,,,,
?,tencentBlock_11716,0.1,,,,,,
?,tencentBlock_11717,0.1,,,,,,
?,tencentBlock_11724,0.1,,,,,,
?,tencentBlock_11728,0.1,,,,,,
?,tencentBlock_11730,0.1,,,,,,
?,tencentBlock_11733,0.1,,,,,,
?,tencentBlock_11740,0.1,,,,,,
?,tencentBlock_11747,0.1,,,,,,
?,tencentBlock_1175,0.1,,,,,,
?,tencentBlock_11753,0.1,,,,,,
?,tencentBlock_11761,0.1,,,,,,
?,tencentBlock_11767,0.1,,,,,,
?,tencentBlock_11771,0.1,,,,,,
?,tencentBlock_11775,0.1,,,,,,
?,tencentBlock_11778,0.1,,,,,,
?,tencentBlock_11786,0.1,,,,,,
?,tencentBlock_11790,0.1,,,,,,
?,tencentBlock_11791,0.1,,,,,,
?,tencentBlock_11796,0.1,,,,,,
?,tencentBlock_11805,0.1,,,,,,
?,tencentBlock_11806,0.1,,,,,,
?,tencentBlock_11813,0.1,,,,,,
?,tencentBlock_1182,0.1,,,,,,
?,tencentBlock_11830,0.1,,,,,,
?,tencentBlock_11839,0.1,,,,,,
?,tencentBlock_11841,0.1,,,,,,
?,tencentBlock_11846,0.1,,,,,,
?,tencentBlock_11847,0.1,,,,,,
?,tencentBlock_11853,0.1,,,,,,
?,tencentBlock_11858,0.1,,,,,,
?,tencentBlock_11867,0.1,,,,,,
?,tencentBlock_11873,0.1,,,,,,
?,tencentBlock_11877,0.1,,,,,,
?,tencentBlock_11882,0.1,,,,,,
?,tencentBlock_11885,0.1,,,,,,
?,tencentBlock_11895,0.1,,,,,,
?,tencentBlock_11904,0.1,,,,,,
?,tencentBlock_11906,0.1,,,,,,
?,tencentBlock_1191,0.1,,,,,,
?,tencentBlock_11915,0.1,,,,,,
?,tencentBlock_11924,0.1,,,,,,
?,tencentBlock_11930,0.1,,,,,,
?,tencentBlock_11937,0.1,,,,,,
?,tencentBlock_1194,0.1,,,,,,
?,tencentBlock_11945,0.1,,,,,,
?,tencentBlock_11954,0.1,,,,,,
?,tencentBlock_11961,0.1,,,,,,
?,tencentBlock_11968,0.1,,,,,,
?,tencentBlock_11972,0.1,,,,,,
?,tencentBlock_11974,0.1,,,,,,
?,tencentBlock_11977,0.1,,,,,,
?,tencentBlock_11982,0.1,,,,,,
?,tencentBlock_11984,0.1,,,,,,
?,tencentBlock_11988,0.1,,,,,,
?,tencentBlock_1199,0.1,,,,,,
?,tencentBlock_11991,0.1,,,,,,
?,tencentBlock_11998,0.1,,,,,,
?,tencentBlock_12006,0.1,,,,,,
?,tencentBlock_12009,0.1,,,,,,
?,tencentBlock_1201,0.1,,,,,,
?,tencentBlock_12012,0.1,,,,,,
?,tencentBlock_12015,0.1,,,,,,
?,tencentBlock_12019,0.1,,,,,,
?,tencentBlock_12022,0.1,,,,,,
?,tencentBlock_12026,0.1,,,,,,
?,tencentBlock_12034,0.1,,,,,,
?,tencentBlock_12043,0.1,,,,,,
?,tencentBlock_12052,0.1,,,,,,
?,tencentBlock_12058,0.1,,,,,,
?,tencentBlock_12060,0.1,,,,,,
?,tencentBlock_12069,0.1,,,,,,
?,tencentBlock_12074,0.1,,,,,,
?,tencentBlock_12080,0.1,,,,,,
?,tencentBlock_12085,0.1,,,,,,
?,tencentBlock_12090,0.1,,,,,,
?,tencentBlock_12093,0.1,,,,,,
?,tencentBlock_12099,0.1,,,,,,
?,tencentBlock_12100,0.1,,,,,,
?,tencentBlock_12103,0.1,,,,,,
?,tencentBlock_12106,0.1,,,,,,
?,tencentBlock_12114,0.1,,,,,,
?,tencentBlock_12123,0.1,,,,,,
?,tencentBlock_12132,0.1,,,,,,
?,tencentBlock_12141,0.1,,,,,,
?,tencentBlock_12142,0.1,,,,,,
?,tencentBlock_12149,0.1,,,,,,
?,tencentBlock_12157,0.1,,,,,,
?,tencentBlock_12165,0.1,,,,,,
?,tencentBlock_12167,0.1,,,,,,
?,tencentBlock_12174,0.1,,,,,,
?,tencentBlock_12181,0.1,,,,,,
?,tencentBlock_1219,0.1,,,,,,
?,tencentBlock_12194,0.1,,,,,,
?,tencentBlock_12197,0.1,,,,,,
?,tencentBlock_12208,0.1,,,,,,
?,tencentBlock_12215,0.1,,,,,,
?,tencentBlock_12226,0.1,,,,,,
?,tencentBlock_1223,0.1,,,,,,
?,tencentBlock_12232,0.1,,,,,,
?,tencentBlock_12238,0.1,,,,,,
?,tencentBlock_12242,0.1,,,,,,
?,tencentBlock_12248,0.1,,,,,,
?,tencentBlock_12257,0.1,,,,,,
?,tencentBlock_12263,0.1,,,,,,
?,tencentBlock_12264,0.1,,,,,,
?,tencentBlock_12271,0.1,,,,,,
?,tencentBlock_12273,0.1,,,,,,
?,tencentBlock_12277,0.1,,,,,,
?,tencentBlock_1228,0.1,,,,,,
?,tencentBlock_12281,0.1,,,,,,
?,tencentBlock_12287,0.1,,,,,,
?,tencentBlock_12293,0.1,,,,,,
?,tencentBlock_12296,0.1,,,,,,
?,tencentBlock_12309,0.1,,,,,,
?,tencentBlock_12311,0.1,,,,,,
?,tencentBlock_12313,0.1,,,,,,
?,tencentBlock_12316,0.1,,,,,,
?,tencentBlock_12323,0.1,,,,,,
?,tencentBlock_12331,0.1,,,,,,
?,tencentBlock_12337,0.1,,,,,,
?,tencentBlock_12341,0.1,,,,,,
?,tencentBlock_12343,0.1,,,,,,
?,tencentBlock_12346,0.1,,,,,,
?,tencentBlock_12351,0.1,,,,,,
?,tencentBlock_12358,0.1,,,,,,
?,tencentBlock_1236,0.1,,,,,,
?,tencentBlock_12360,0.1,,,,,,
?,tencentBlock_12365,0.1,,,,,,
?,tencentBlock_12374,0.1,,,,,,
?,tencentBlock_12375,0.1,,,,,,
?,tencentBlock_12384,0.1,,,,,,
?,tencentBlock_12390,0.1,,,,,,
?,tencentBlock_12393,0.1,,,,,,
?,tencentBlock_12402,0.1,,,,,,
?,tencentBlock_12411,0.1,,,,,,
?,tencentBlock_12412,0.1,,,,,,
?,tencentBlock_12416,0.1,,,,,,
?,tencentBlock_12422,0.1,,,,,,
?,tencentBlock_1243,0.1,,,,,,
?,tencentBlock_12437,0.1,,,,,,
?,tencentBlock_12444,0.1,,,,,,
?,tencentBlock_12466,0.1,,,,,,
?,tencentBlock_12474,0.1,,,,,,
?,tencentBlock_12481,0.1,,,,,,
?,tencentBlock_12485,0.1,,,,,,
?,tencentBlock_12488,0.1,,,,,,
?,tencentBlock_12495,0.1,,,,,,
?,tencentBlock_12500,0.1,,,,,,
?,tencentBlock_12502,0.1,,,,,,
?,tencentBlock_12507,0.1,,,,,,
?,tencentBlock_12514,0.1,,,,,,
?,tencentBlock_12518,0.1,,,,,,
?,tencentBlock_12519,0.1,,,,,,
?,tencentBlock_1252,0.1,,,,,,
?,tencentBlock_12525,0.1,,,,,,
?,tencentBlock_12533,0.1,,,,,,
?,tencentBlock_12538,0.1,,,,,,
?,tencentBlock_12543,0.1,,,,,,
?,tencentBlock_12548,0.1,,,,,,
?,tencentBlock_12557,0.1,,,,,,
?,tencentBlock_12566,0.1,,,,,,
?,tencentBlock_12568,0.1,,,,,,
?,tencentBlock_12576,0.1,,,,,,
?,tencentBlock_12581,0.1,,,,,,
?,tencentBlock_12588,0.1,,,,,,
?,tencentBlock_12594,0.1,,,,,,
?,tencentBlock_12599,0.1,,,,,,
?,tencentBlock_12600,0.1,,,,,,
?,tencentBlock_12603,0.1,,,,,,
?,tencentBlock_1261,0.1,,,,,,
?,tencentBlock_12611,0.1,,,,,,
?,tencentBlock_12612,0.1,,,,,,
?,tencentBlock_12613,0.1,,,,,,
?,tencentBlock_12619,0.1,,,,,,
?,tencentBlock_12623,0.1,,,,,,
?,tencentBlock_12630,0.1,,,,,,
?,tencentBlock_12637,0.1,,,,,,
?,tencentBlock_12645,0.1,,,,,,
?,tencentBlock_12651,0.1,,,,,,
?,tencentBlock_12654,0.1,,,,,,
?,tencentBlock_12662,0.1,,,,,,
?,tencentBlock_12670,0.1,,,,,,
?,tencentBlock_12674,0.1,,,,,,
?,tencentBlock_1268,0.1,,,,,,
?,tencentBlock_12683,0.1,,,,,,
?,tencentBlock_12690,0.1,,,,,,
?,tencentBlock_12694,0.1,,,,,,
?,tencentBlock_12695,0.1,,,,,,
?,tencentBlock_12696,0.1,,,,,,
?,tencentBlock_12700,0.1,,,,,,
?,tencentBlock_12707,0.1,,,,,,
?,tencentBlock_12708,0.1,,,,,,
?,tencentBlock_12709,0.1,,,,,,
?,tencentBlock_12710,0.1,,,,,,
?,tencentBlock_12715,0.1,,,,,,
?,tencentBlock_12723,0.1,,,,,,
?,tencentBlock_12734,0.1,,,,,,
?,tencentBlock_12740,0.1,,,,,,
?,tencentBlock_12746,0.1,,,,,,
?,tencentBlock_12753,0.1,,,,,,
?,tencentBlock_12760,0.1,,,,,,
?,tencentBlock_12762,0.1,,,,,,
?,tencentBlock_12765,0.1,,,,,,
?,tencentBlock_12768,0.1,,,,,,
?,tencentBlock_12771,0.1,,,,,,
?,tencentBlock_12778,0.1,,,,,,
?,tencentBlock_12781,0.1,,,,,,
?,tencentBlock_12783,0.1,,,,,,
?,tencentBlock_12785,0.1,,,,,,
?,tencentBlock_12792,0.1,,,,,,
?,tencentBlock_12796,0.1,,,,,,
?,tencentBlock_12799,0.1,,,,,,
?,tencentBlock_12802,0.1,,,,,,
?,tencentBlock_12803,0.1,,,,,,
?,tencentBlock_12804,0.1,,,,,,
?,tencentBlock_12806,0.1,,,,,,
?,tencentBlock_12811,0.1,,,,,,
?,tencentBlock_12812,0.1,,,,,,
?,tencentBlock_1282,0.1,,,,,,
?,tencentBlock_12890,0.1,,,,,,
?,tencentBlock_12926,0.1,,,,,,
?,tencentBlock_12963,0.1,,,,,,
?,tencentBlock_12982,0.1,,,,,,
?,tencentBlock_12994,0.1,,,,,,
?,tencentBlock_13033,0.1,,,,,,
?,tencentBlock_13072,0.1,,,,,,
?,tencentBlock_13084,0.1,,,,,,
?,tencentBlock_13112,0.1,,,,,,
?,tencentBlock_13164,0.1,,,,,,
?,tencentBlock_13217,0.1,,,,,,
?,tencentBlock_13236,0.1,,,,,,
?,tencentBlock_13244,0.1,,,,,,
?,tencentBlock_13294,0.1,,,,,,
?,tencentBlock_13300,0.1,,,,,,
?,tencentBlock_13313,0.1,,,,,,
?,tencentBlock_13319,0.1,,,,,,
?,tencentBlock_13332,0.1,,,,,,
?,tencentBlock_13343,0.1,,,,,,
?,tencentBlock_13391,0.1,,,,,,
?,tencentBlock_13411,0.1,,,,,,
?,tencentBlock_1344,0.1,,,,,,
?,tencentBlock_13455,0.1,,,,,,
?,tencentBlock_13482,0.1,,,,,,
?,tencentBlock_13513,0.1,,,,,,
?,tencentBlock_13526,0.1,,,,,,
?,tencentBlock_13564,0.1,,,,,,
?,tencentBlock_13608,0.1,,,,,,
?,tencentBlock_13626,0.1,,,,,,
?,tencentBlock_13645,0.1,,,,,,
?,tencentBlock_13646,0.1,,,,,,
?,tencentBlock_1368,0.1,,,,,,
?,tencentBlock_13711,0.1,,,,,,
?,tencentBlock_13720,0.1,,,,,,
?,tencentBlock_13755,0.1,,,,,,
?,tencentBlock_13816,0.1,,,,,,
?,tencentBlock_13820,0.1,,,,,,
?,tencentBlock_13840,0.1,,,,,,
?,tencentBlock_13868,0.1,,,,,,
?,tencentBlock_13902,0.1,,,,,,
?,tencentBlock_13948,0.1,,,,,,
?,tencentBlock_13952,0.1,,,,,,
?,tencentBlock_13959,0.1,,,,,,
?,tencentBlock_13981,0.1,,,,,,
?,tencentBlock_14030,0.1,,,,,,
?,tencentBlock_14105,0.1,,,,,,
?,tencentBlock_1417,0.1,,,,,,
?,tencentBlock_1418,0.1,,,,,,
?,tencentBlock_14186,0.1,,,,,,
?,tencentBlock_1421,0.1,,,,,,
?,tencentBlock_14220,0.1,,,,,,
?,tencentBlock_14229,0.1,,,,,,
?,tencentBlock_14239,0.1,,,,,,
?,tencentBlock_14242,0.1,,,,,,
?,tencentBlock_14249,0.1,,,,,,
?,tencentBlock_1430,0.1,,,,,,
?,tencentBlock_14321,0.1,,,,,,
?,tencentBlock_14383,0.1,,,,,,
?,tencentBlock_14405,0.1,,,,,,
?,tencentBlock_14533,0.1,,,,,,
?,tencentBlock_14555,0.1,,,,,,
?,tencentBlock_14610,0.1,,,,,,
?,tencentBlock_14666,0.1,,,,,,
?,tencentBlock_14684,0.1,,,,,,
?,tencentBlock_14701,0.1,,,,,,
?,tencentBlock_14731,0.1,,,,,,
?,tencentBlock_14737,0.1,,,,,,
?,tencentBlock_14743,0.1,,,,,,
?,tencentBlock_14753,0.1,,,,,,
?,tencentBlock_14774,0.1,,,,,,
?,tencentBlock_14781,0.1,,,,,,
?,tencentBlock_14790,0.1,,,,,,
?,tencentBlock_1487,0.1,,,,,,
?,tencentBlock_14918,0.1,,,,,,
?,tencentBlock_15012,0.1,,,,,,
?,tencentBlock_15063,0.1,,,,,,
?,tencentBlock_15070,0.1,,,,,,
?,tencentBlock_1510,0.1,,,,,,
?,tencentBlock_15117,0.1,,,,,,
?,tencentBlock_15126,0.1,,,,,,
?,tencentBlock_15205,0.1,,,,,,
?,tencentBlock_15236,0.1,,,,,,
?,tencentBlock_15266,0.1,,,,,,
?,tencentBlock_15291,0.1,,,,,,
?,tencentBlock_15307,0.1,,,,,,
?,tencentBlock_15331,0.1,,,,,,
?,tencentBlock_15348,0.1,,,,,,
?,tencentBlock_15356,0.1,,,,,,
?,tencentBlock_15434,0.1,,,,,,
?,tencentBlock_15485,0.1,,,,,,
?,tencentBlock_15504,0.1,,,,,,
?,tencentBlock_15572,0.1,,,,,,
?,tencentBlock_15601,0.1,,,,,,
?,tencentBlock_15615,0.1,,,,,,
?,tencentBlock_15635,0.1,,,,,,
?,tencentBlock_15641,0.1,,,,,,
?,tencentBlock_15651,0.1,,,,,,
?,tencentBlock_1571,0.1,,,,,,
?,tencentBlock_15713,0.1,,,,,,
?,tencentBlock_15762,0.1,,,,,,
?,tencentBlock_15791,0.1,,,,,,
?,tencentBlock_15833,0.1,,,,,,
?,tencentBlock_15844,0.1,,,,,,
?,tencentBlock_15980,0.1,,,,,,
?,tencentBlock_16040,0.1,,,,,,
?,tencentBlock_16041,0.1,,,,,,
?,tencentBlock_16093,0.1,,,,,,
?,tencentBlock_1612,0.1,,,,,,
?,tencentBlock_16131,0.1,,,,,,
?,tencentBlock_16132,0.1,,,,,,
?,tencentBlock_16254,0.1,,,,,,
?,tencentBlock_1628,0.1,,,,,,
?,tencentBlock_16341,0.1,,,,,,
?,tencentBlock_16383,0.1,,,,,,
?,tencentBlock_16387,0.1,,,,,,
?,tencentBlock_16428,0.1,,,,,,
?,tencentBlock_16495,0.1,,,,,,
?,tencentBlock_16551,0.1,,,,,,
?,tencentBlock_16579,0.1,,,,,,
?,tencentBlock_16625,0.1,,,,,,
?,tencentBlock_16672,0.1,,,,,,
?,tencentBlock_16729,0.1,,,,,,
?,tencentBlock_1675,0.1,,,,,,
?,tencentBlock_16768,0.1,,,,,,
?,tencentBlock_16812,0.1,,,,,,
?,tencentBlock_16850,0.1,,,,,,
?,tencentBlock_16863,0.1,,,,,,
?,tencentBlock_16921,0.1,,,,,,
?,tencentBlock_16927,0.1,,,,,,
?,tencentBlock_17014,0.1,,,,,,
?,tencentBlock_17038,0.1,,,,,,
?,tencentBlock_17044,0.1,,,,,,
?,tencentBlock_17052,0.1,,,,,,
?,tencentBlock_1706,0.1,,,,,,
?,tencentBlock_17060,0.1,,,,,,
?,tencentBlock_17061,0.1,,,,,,
?,tencentBlock_1707,0.1,,,,,,
?,tencentBlock_17070,0.1,,,,,,
?,tencentBlock_17073,0.1,,,,,,
?,tencentBlock_1708,0.1,,,,,,
?,tencentBlock_17081,0.1,,,,,,
?,tencentBlock_17082,0.1,,,,,,
?,tencentBlock_17085,0.1,,,,,,
?,tencentBlock_17094,0.1,,,,,,
?,tencentBlock_17102,0.1,,,,,,
?,tencentBlock_17111,0.1,,,,,,
?,tencentBlock_17112,0.1,,,,,,
?,tencentBlock_17114,0.1,,,,,,
?,tencentBlock_17115,0.1,,,,,,
?,tencentBlock_17124,0.1,,,,,,
?,tencentBlock_17132,0.1,,,,,,
?,tencentBlock_17141,0.1,,,,,,
?,tencentBlock_17143,0.1,,,,,,
?,tencentBlock_17145,0.1,,,,,,
?,tencentBlock_17149,0.1,,,,,,
?,tencentBlock_17154,0.1,,,,,,
?,tencentBlock_17160,0.1,,,,,,
?,tencentBlock_17169,0.1,,,,,,
?,tencentBlock_1717,0.1,,,,,,
?,tencentBlock_17179,0.1,,,,,,
?,tencentBlock_17183,0.1,,,,,,
?,tencentBlock_17184,0.1,,,,,,
?,tencentBlock_17191,0.1,,,,,,
?,tencentBlock_17194,0.1,,,,,,
?,tencentBlock_17202,0.1,,,,,,
?,tencentBlock_17209,0.1,,,,,,
?,tencentBlock_17212,0.1,,,,,,
?,tencentBlock_1722,0.1,,,,,,
?,tencentBlock_17220,0.1,,,,,,
?,tencentBlock_17227,0.1,,,,,,
?,tencentBlock_17229,0.1,,,,,,
?,tencentBlock_17236,0.1,,,,,,
?,tencentBlock_17243,0.1,,,,,,
?,tencentBlock_17247,0.1,,,,,,
?,tencentBlock_17253,0.1,,,,,,
?,tencentBlock_17261,0.1,,,,,,
?,tencentBlock_17268,0.1,,,,,,
?,tencentBlock_17269,0.1,,,,,,
?,tencentBlock_1727,0.1,,,,,,
?,tencentBlock_17273,0.1,,,,,,
?,tencentBlock_17282,0.1,,,,,,
?,tencentBlock_17286,0.1,,,,,,
?,tencentBlock_17293,0.1,,,,,,
?,tencentBlock_17295,0.1,,,,,,
?,tencentBlock_17296,0.1,,,,,,
?,tencentBlock_17301,0.1,,,,,,
?,tencentBlock_17304,0.1,,,,,,
?,tencentBlock_17308,0.1,,,,,,
?,tencentBlock_17317,0.1,,,,,,
?,tencentBlock_17326,0.1,,,,,,
?,tencentBlock_1733,0.1,,,,,,
?,tencentBlock_17332,0.1,,,,,,
?,tencentBlock_17339,0.1,,,,,,
?,tencentBlock_17348,0.1,,,,,,
?,tencentBlock_17352,0.1,,,,,,
?,tencentBlock_17358,0.1,,,,,,
?,tencentBlock_17367,0.1,,,,,,
?,tencentBlock_17373,0.1,,,,,,
?,tencentBlock_17382,0.1,,,,,,
?,tencentBlock_17385,0.1,,,,,,
?,tencentBlock_1740,0.1,,,,,,
?,tencentBlock_17402,0.1,,,,,,
?,tencentBlock_17408,0.1,,,,,,
?,tencentBlock_17412,0.1,,,,,,
?,tencentBlock_17421,0.1,,,,,,
?,tencentBlock_17428,0.1,,,,,,
?,tencentBlock_17432,0.1,,,,,,
?,tencentBlock_17435,0.1,,,,,,
?,tencentBlock_17444,0.1,,,,,,
?,tencentBlock_17452,0.1,,,,,,
?,tencentBlock_1746,0.1,,,,,,
?,tencentBlock_17460,0.1,,,,,,
?,tencentBlock_17463,0.1,,,,,,
?,tencentBlock_17465,0.1,,,,,,
?,tencentBlock_17470,0.1,,,,,,
?,tencentBlock_17474,0.1,,,,,,
?,tencentBlock_17482,0.1,,,,,,
?,tencentBlock_17489,0.1,,,,,,
?,tencentBlock_17495,0.1,,,,,,
?,tencentBlock_17504,0.1,,,,,,
?,tencentBlock_17507,0.1,,,,,,
?,tencentBlock_17519,0.1,,,,,,
?,tencentBlock_17524,0.1,,,,,,
?,tencentBlock_17525,0.1,,,,,,
?,tencentBlock_1753,0.1,,,,,,
?,tencentBlock_17531,0.1,,,,,,
?,tencentBlock_17533,0.1,,,,,,
?,tencentBlock_17541,0.1,,,,,,
?,tencentBlock_17544,0.1,,,,,,
?,tencentBlock_17546,0.1,,,,,,
?,tencentBlock_1755,0.1,,,,,,
?,tencentBlock_17553,0.1,,,,,,
?,tencentBlock_17558,0.1,,,,,,
?,tencentBlock_17559,0.1,,,,,,
?,tencentBlock_17567,0.1,,,,,,
?,tencentBlock_17570,0.1,,,,,,
?,tencentBlock_17571,0.1,,,,,,
?,tencentBlock_17573,0.1,,,,,,
?,tencentBlock_17579,0.1,,,,,,
?,tencentBlock_17585,0.1,,,,,,
?,tencentBlock_17593,0.1,,,,,,
?,tencentBlock_17601,0.1,,,,,,
?,tencentBlock_17604,0.1,,,,,,
?,tencentBlock_17606,0.1,,,,,,
?,tencentBlock_17615,0.1,,,,,,
?,tencentBlock_17620,0.1,,,,,,
?,tencentBlock_17624,0.1,,,,,,
?,tencentBlock_17629,0.1,,,,,,
?,tencentBlock_17638,0.1,,,,,,
?,tencentBlock_17645,0.1,,,,,,
?,tencentBlock_17649,0.1,,,,,,
?,tencentBlock_1765,0.1,,,,,,
?,tencentBlock_17657,0.1,,,,,,
?,tencentBlock_17665,0.1,,,,,,
?,tencentBlock_17668,0.1,,,,,,
?,tencentBlock_17671,0.1,,,,,,
?,tencentBlock_17675,0.1,,,,,,
?,tencentBlock_17676,0.1,,,,,,
?,tencentBlock_17680,0.1,,,,,,
?,tencentBlock_17681,0.1,,,,,,
?,tencentBlock_17689,0.1,,,,,,
?,tencentBlock_17692,0.1,,,,,,
?,tencentBlock_17697,0.1,,,,,,
?,tencentBlock_17705,0.1,,,,,,
?,tencentBlock_17709,0.1,,,,,,
?,tencentBlock_17716,0.1,,,,,,
?,tencentBlock_17722,0.1,,,,,,
?,tencentBlock_17723,0.1,,,,,,
?,tencentBlock_17731,0.1,,,,,,
?,tencentBlock_1774,0.1,,,,,,
?,tencentBlock_17740,0.1,,,,,,
?,tencentBlock_17743,0.1,,,,,,
?,tencentBlock_17750,0.1,,,,,,
?,tencentBlock_17755,0.1,,,,,,
?,tencentBlock_17757,0.1,,,,,,
?,tencentBlock_17764,0.1,,,,,,
?,tencentBlock_17771,0.1,,,,,,
?,tencentBlock_17776,0.1,,,,,,
?,tencentBlock_17781,0.1,,,,,,
?,tencentBlock_17785,0.1,,,,,,
?,tencentBlock_17793,0.1,,,,,,
?,tencentBlock_17795,0.1,,,,,,
?,tencentBlock_17798,0.1,,,,,,
?,tencentBlock_1780,0.1,,,,,,
?,tencentBlock_17804,0.1,,,,,,
?,tencentBlock_17806,0.1,,,,,,
?,tencentBlock_17810,0.1,,,,,,
?,tencentBlock_17813,0.1,,,,,,
?,tencentBlock_17818,0.1,,,,,,
?,tencentBlock_17822,0.1,,,,,,
?,tencentBlock_17824,0.1,,,,,,
?,tencentBlock_17829,0.1,,,,,,
?,tencentBlock_17830,0.1,,,,,,
?,tencentBlock_17835,0.1,,,,,,
?,tencentBlock_1784,0.1,,,,,,
?,tencentBlock_17843,0.1,,,,,,
?,tencentBlock_17852,0.1,,,,,,
?,tencentBlock_17859,0.1,,,,,,
?,tencentBlock_17860,0.1,,,,,,
?,tencentBlock_17867,0.1,,,,,,
?,tencentBlock_17873,0.1,,,,,,
?,tencentBlock_17878,0.1,,,,,,
?,tencentBlock_17879,0.1,,,,,,
?,tencentBlock_17882,0.1,,,,,,
?,tencentBlock_17885,0.1,,,,,,
?,tencentBlock_17887,0.1,,,,,,
?,tencentBlock_17891,0.1,,,,,,
?,tencentBlock_17894,0.1,,,,,,
?,tencentBlock_17897,0.1,,,,,,
?,tencentBlock_17902,0.1,,,,,,
?,tencentBlock_17906,0.1,,,,,,
?,tencentBlock_17910,0.1,,,,,,
?,tencentBlock_17912,0.1,,,,,,
?,tencentBlock_17915,0.1,,,,,,
?,tencentBlock_17924,0.1,,,,,,
?,tencentBlock_17932,0.1,,,,,,
?,tencentBlock_17940,0.1,,,,,,
?,tencentBlock_17945,0.1,,,,,,
?,tencentBlock_17954,0.1,,,,,,
?,tencentBlock_17958,0.1,,,,,,
?,tencentBlock_1796,0.1,,,,,,
?,tencentBlock_17963,0.1,,,,,,
?,tencentBlock_17972,0.1,,,,,,
?,tencentBlock_17974,0.1,,,,,,
?,tencentBlock_17981,0.1,,,,,,
?,tencentBlock_17983,0.1,,,,,,
?,tencentBlock_17988,0.1,,,,,,
?,tencentBlock_1799,0.1,,,,,,
?,tencentBlock_17991,0.1,,,,,,
?,tencentBlock_18004,0.1,,,,,,
?,tencentBlock_18013,0.1,,,,,,
?,tencentBlock_18018,0.1,,,,,,
?,tencentBlock_18027,0.1,,,,,,
?,tencentBlock_18029,0.1,,,,,,
?,tencentBlock_18031,0.1,,,,,,
?,tencentBlock_18038,0.1,,,,,,
?,tencentBlock_18047,0.1,,,,,,
?,tencentBlock_18052,0.1,,,,,,
?,tencentBlock_18055,0.1,,,,,,
?,tencentBlock_18060,0.1,,,,,,
?,tencentBlock_18063,0.1,,,,,,
?,tencentBlock_18072,0.1,,,,,,
?,tencentBlock_18077,0.1,,,,,,
?,tencentBlock_18083,0.1,,,,,,
?,tencentBlock_18089,0.1,,,,,,
?,tencentBlock_18094,0.1,,,,,,
?,tencentBlock_18101,0.1,,,,,,
?,tencentBlock_18108,0.1,,,,,,
?,tencentBlock_1811,0.1,,,,,,
?,tencentBlock_18112,0.1,,,,,,
?,tencentBlock_18121,0.1,,,,,,
?,tencentBlock_18128,0.1,,,,,,
?,tencentBlock_18141,0.1,,,,,,
?,tencentBlock_18144,0.1,,,,,,
?,tencentBlock_18147,0.1,,,,,,
?,tencentBlock_18153,0.1,,,,,,
?,tencentBlock_18157,0.1,,,,,,
?,tencentBlock_18158,0.1,,,,,,
?,tencentBlock_18167,0.1,,,,,,
?,tencentBlock_18168,0.1,,,,,,
?,tencentBlock_1817,0.1,,,,,,
?,tencentBlock_18172,0.1,,,,,,
?,tencentBlock_18180,0.1,,,,,,
?,tencentBlock_18188,0.1,,,,,,
?,tencentBlock_18195,0.1,,,,,,
?,tencentBlock_18199,0.1,,,,,,
?,tencentBlock_18204,0.1,,,,,,
?,tencentBlock_18211,0.1,,,,,,
?,tencentBlock_18212,0.1,,,,,,
?,tencentBlock_18215,0.1,,,,,,
?,tencentBlock_18220,0.1,,,,,,
?,tencentBlock_18227,0.1,,,,,,
?,tencentBlock_18228,0.1,,,,,,
?,tencentBlock_18237,0.1,,,,,,
?,tencentBlock_18242,0.1,,,,,,
?,tencentBlock_18245,0.1,,,,,,
?,tencentBlock_18246,0.1,,,,,,
?,tencentBlock_18254,0.1,,,,,,
?,tencentBlock_1826,0.1,,,,,,
?,tencentBlock_18261,0.1,,,,,,
?,tencentBlock_18265,0.1,,,,,,
?,tencentBlock_18274,0.1,,,,,,
?,tencentBlock_18279,0.1,,,,,,
?,tencentBlock_18283,0.1,,,,,,
?,tencentBlock_18297,0.1,,,,,,
?,tencentBlock_1830,0.1,,,,,,
?,tencentBlock_18301,0.1,,,,,,
?,tencentBlock_18312,0.1,,,,,,
?,tencentBlock_18318,0.1,,,,,,
?,tencentBlock_18331,0.1,,,,,,
?,tencentBlock_18339,0.1,,,,,,
?,tencentBlock_1834,0.1,,,,,,
?,tencentBlock_18342,0.1,,,,,,
?,tencentBlock_18347,0.1,,,,,,
?,tencentBlock_18348,0.1,,,,,,
?,tencentBlock_18357,0.1,,,,,,
?,tencentBlock_18364,0.1,,,,,,
?,tencentBlock_18369,0.1,,,,,,
?,tencentBlock_18374,0.1,,,,,,
?,tencentBlock_18377,0.1,,,,,,
?,tencentBlock_18385,0.1,,,,,,
?,tencentBlock_1839,0.1,,,,,,
?,tencentBlock_18393,0.1,,,,,,
?,tencentBlock_18399,0.1,,,,,,
?,tencentBlock_18408,0.1,,,,,,
?,tencentBlock_1841,0.1,,,,,,
?,tencentBlock_18416,0.1,,,,,,
?,tencentBlock_18421,0.1,,,,,,
?,tencentBlock_18427,0.1,,,,,,
?,tencentBlock_18435,0.1,,,,,,
?,tencentBlock_1844,0.1,,,,,,
?,tencentBlock_18443,0.1,,,,,,
?,tencentBlock_18444,0.1,,,,,,
?,tencentBlock_18447,0.1,,,,,,
?,tencentBlock_18453,0.1,,,,,,
?,tencentBlock_18461,0.1,,,,,,
?,tencentBlock_18462,0.1,,,,,,
?,tencentBlock_18473,0.1,,,,,,
?,tencentBlock_18476,0.1,,,,,,
?,tencentBlock_18485,0.1,,,,,,
?,tencentBlock_1849,0.1,,,,,,
?,tencentBlock_18493,0.1,,,,,,
?,tencentBlock_18495,0.1,,,,,,
?,tencentBlock_18497,0.1,,,,,,
?,tencentBlock_18505,0.1,,,,,,
?,tencentBlock_1851,0.1,,,,,,
?,tencentBlock_18514,0.1,,,,,,
?,tencentBlock_18522,0.1,,,,,,
?,tencentBlock_18530,0.1,,,,,,
?,tencentBlock_18532,0.1,,,,,,
?,tencentBlock_18539,0.1,,,,,,
?,tencentBlock_18548,0.1,,,,,,
?,tencentBlock_1855,0.1,,,,,,
?,tencentBlock_18557,0.1,,,,,,
?,tencentBlock_18560,0.1,,,,,,
?,tencentBlock_18565,0.1,,,,,,
?,tencentBlock_18572,0.1,,,,,,
?,tencentBlock_18581,0.1,,,,,,
?,tencentBlock_18588,0.1,,,,,,
?,tencentBlock_1859,0.1,,,,,,
?,tencentBlock_18593,0.1,,,,,,
?,tencentBlock_18599,0.1,,,,,,
?,tencentBlock_18610,0.1,,,,,,
?,tencentBlock_18617,0.1,,,,,,
?,tencentBlock_18623,0.1,,,,,,
?,tencentBlock_18627,0.1,,,,,,
?,tencentBlock_1863,0.1,,,,,,
?,tencentBlock_18633,0.1,,,,,,
?,tencentBlock_18638,0.1,,,,,,
?,tencentBlock_18639,0.1,,,,,,
?,tencentBlock_18644,0.1,,,,,,
?,tencentBlock_18646,0.1,,,,,,
?,tencentBlock_18654,0.1,,,,,,
?,tencentBlock_18655,0.1,,,,,,
?,tencentBlock_18667,0.1,,,,,,
?,tencentBlock_1867,0.1,,,,,,
?,tencentBlock_18671,0.1,,,,,,
?,tencentBlock_18678,0.1,,,,,,
?,tencentBlock_18682,0.1,,,,,,
?,tencentBlock_18686,0.1,,,,,,
?,tencentBlock_18695,0.1,,,,,,
?,tencentBlock_18699,0.1,,,,,,
?,tencentBlock_18700,0.1,,,,,,
?,tencentBlock_18702,0.1,,,,,,
?,tencentBlock_18711,0.1,,,,,,
?,tencentBlock_18712,0.1,,,,,,
?,tencentBlock_18715,0.1,,,,,,
?,tencentBlock_18717,0.1,,,,,,
?,tencentBlock_18721,0.1,,,,,,
?,tencentBlock_18722,0.1,,,,,,
?,tencentBlock_18727,0.1,,,,,,
?,tencentBlock_1873,0.1,,,,,,
?,tencentBlock_18735,0.1,,,,,,
?,tencentBlock_1874,0.1,,,,,,
?,tencentBlock_18743,0.1,,,,,,
?,tencentBlock_18748,0.1,,,,,,
?,tencentBlock_18757,0.1,,,,,,
?,tencentBlock_1876,0.1,,,,,,
?,tencentBlock_18765,0.1,,,,,,
?,tencentBlock_18770,0.1,,,,,,
?,tencentBlock_18776,0.1,,,,,,
?,tencentBlock_18781,0.1,,,,,,
?,tencentBlock_18789,0.1,,,,,,
?,tencentBlock_1879,0.1,,,,,,
?,tencentBlock_18801,0.1,,,,,,
?,tencentBlock_18803,0.1,,,,,,
?,tencentBlock_18807,0.1,,,,,,
?,tencentBlock_18808,0.1,,,,,,
?,tencentBlock_18810,0.1,,,,,,
?,tencentBlock_18819,0.1,,,,,,
?,tencentBlock_1882,0.1,,,,,,
?,tencentBlock_18820,0.1,,,,,,
?,tencentBlock_18822,0.1,,,,,,
?,tencentBlock_18826,0.1,,,,,,
?,tencentBlock_18832,0.1,,,,,,
?,tencentBlock_18840,0.1,,,,,,
?,tencentBlock_18849,0.1,,,,,,
?,tencentBlock_1885,0.1,,,,,,
?,tencentBlock_18851,0.1,,,,,,
?,tencentBlock_18859,0.1,,,,,,
?,tencentBlock_18862,0.1,,,,,,
?,tencentBlock_18865,0.1,,,,,,
?,tencentBlock_18868,0.1,,,,,,
?,tencentBlock_18875,0.1,,,,,,
?,tencentBlock_18883,0.1,,,,,,
?,tencentBlock_18887,0.1,,,,,,
?,tencentBlock_18893,0.1,,,,,,
?,tencentBlock_18897,0.1,,,,,,
?,tencentBlock_18899,0.1,,,,,,
?,tencentBlock_18905,0.1,,,,,,
?,tencentBlock_18907,0.1,,,,,,
?,tencentBlock_1891,0.1,,,,,,
?,tencentBlock_18912,0.1,,,,,,
?,tencentBlock_18926,0.1,,,,,,
?,tencentBlock_18927,0.1,,,,,,
?,tencentBlock_18932,0.1,,,,,,
?,tencentBlock_18940,0.1,,,,,,
?,tencentBlock_18945,0.1,,,,,,
?,tencentBlock_18951,0.1,,,,,,
?,tencentBlock_18960,0.1,,,,,,
?,tencentBlock_1897,0.1,,,,,,
?,tencentBlock_18970,0.1,,,,,,
?,tencentBlock_18971,0.1,,,,,,
?,tencentBlock_18974,0.1,,,,,,
?,tencentBlock_18981,0.1,,,,,,
?,tencentBlock_18984,0.1,,,,,,
?,tencentBlock_18986,0.1,,,,,,
?,tencentBlock_18992,0.1,,,,,,
?,tencentBlock_18999,0.1,,,,,,
?,tencentBlock_19004,0.1,,,,,,
?,tencentBlock_19010,0.1,,,,,,
?,tencentBlock_19018,0.1,,,,,,
?,tencentBlock_19027,0.1,,,,,,
?,tencentBlock_19028,0.1,,,,,,
?,tencentBlock_19032,0.1,,,,,,
?,tencentBlock_19036,0.1,,,,,,
?,tencentBlock_1904,0.1,,,,,,
?,tencentBlock_19045,0.1,,,,,,
?,tencentBlock_19048,0.1,,,,,,
?,tencentBlock_19050,0.1,,,,,,
?,tencentBlock_19056,0.1,,,,,,
?,tencentBlock_19059,0.1,,,,,,
?,tencentBlock_19063,0.1,,,,,,
?,tencentBlock_19067,0.1,,,,,,
?,tencentBlock_19068,0.1,,,,,,
?,tencentBlock_19076,0.1,,,,,,
?,tencentBlock_19082,0.1,,,,,,
?,tencentBlock_19088,0.1,,,,,,
?,tencentBlock_19091,0.1,,,,,,
?,tencentBlock_19100,0.1,,,,,,
?,tencentBlock_19105,0.1,,,,,,
?,tencentBlock_19106,0.1,,,,,,
?,tencentBlock_19107,0.1,,,,,,
?,tencentBlock_19113,0.1,,,,,,
?,tencentBlock_19114,0.1,,,,,,
?,tencentBlock_19129,0.1,,,,,,
?,tencentBlock_19138,0.1,,,,,,
?,tencentBlock_19140,0.1,,,,,,
?,tencentBlock_19143,0.1,,,,,,
?,tencentBlock_1915,0.1,,,,,,
?,tencentBlock_19152,0.1,,,,,,
?,tencentBlock_19153,0.1,,,,,,
?,tencentBlock_19157,0.1,,,,,,
?,tencentBlock_19158,0.1,,,,,,
?,tencentBlock_19166,0.1,,,,,,
?,tencentBlock_19175,0.1,,,,,,
?,tencentBlock_19184,0.1,,,,,,
?,tencentBlock_19189,0.1,,,,,,
?,tencentBlock_19194,0.1,,,,,,
?,tencentBlock_19206,0.1,,,,,,
?,tencentBlock_19210,0.1,,,,,,
?,tencentBlock_19211,0.1,,,,,,
?,tencentBlock_19214,0.1,,,,,,
?,tencentBlock_19219,0.1,,,,,,
?,tencentBlock_19225,0.1,,,,,,
?,tencentBlock_1923,0.1,,,,,,
?,tencentBlock_19232,0.1,,,,,,
?,tencentBlock_1924,0.1,,,,,,
?,tencentBlock_19240,0.1,,,,,,
?,tencentBlock_19249,0.1,,,,,,
?,tencentBlock_19257,0.1,,,,,,
?,tencentBlock_19268,0.1,,,,,,
?,tencentBlock_19279,0.1,,,,,,
?,tencentBlock_19286,0.1,,,,,,
?,tencentBlock_19288,0.1,,,,,,
?,tencentBlock_19295,0.1,,,,,,
?,tencentBlock_19302,0.1,,,,,,
?,tencentBlock_19304,0.1,,,,,,
?,tencentBlock_19309,0.1,,,,,,
?,tencentBlock_19311,0.1,,,,,,
?,tencentBlock_19317,0.1,,,,,,
?,tencentBlock_19324,0.1,,,,,,
?,tencentBlock_19325,0.1,,,,,,
?,tencentBlock_19326,0.1,,,,,,
?,tencentBlock_19333,0.1,,,,,,
?,tencentBlock_19342,0.1,,,,,,
?,tencentBlock_19345,0.1,,,,,,
?,tencentBlock_1935,0.1,,,,,,
?,tencentBlock_19353,0.1,,,,,,
?,tencentBlock_19359,0.1,,,,,,
?,tencentBlock_19361,0.1,,,,,,
?,tencentBlock_19370,0.1,,,,,,
?,tencentBlock_19376,0.1,,,,,,
?,tencentBlock_19381,0.1,,,,,,
?,tencentBlock_19388,0.1,,,,,,
?,tencentBlock_1939,0.1,,,,,,
?,tencentBlock_19390,0.1,,,,,,
?,tencentBlock_19391,0.1,,,,,,
?,tencentBlock_19396,0.1,,,,,,
?,tencentBlock_19400,0.1,,,,,,
?,tencentBlock_19406,0.1,,,,,,
?,tencentBlock_19410,0.1,,,,,,
?,tencentBlock_19416,0.1,,,,,,
?,tencentBlock_19419,0.1,,,,,,
?,tencentBlock_19422,0.1,,,,,,
?,tencentBlock_19424,0.1,,,,,,
?,tencentBlock_1943,0.1,,,,,,
?,tencentBlock_19430,0.1,,,,,,
?,tencentBlock_19434,0.1,,,,,,
?,tencentBlock_19439,0.1,,,,,,
?,tencentBlock_19446,0.1,,,,,,
?,tencentBlock_19452,0.1,,,,,,
?,tencentBlock_19455,0.1,,,,,,
?,tencentBlock_19461,0.1,,,,,,
?,tencentBlock_19466,0.1,,,,,,
?,tencentBlock_19473,0.1,,,,,,
?,tencentBlock_19474,0.1,,,,,,
?,tencentBlock_19480,0.1,,,,,,
?,tencentBlock_19486,0.1,,,,,,
?,tencentBlock_19490,0.1,,,,,,
?,tencentBlock_19498,0.1,,,,,,
?,tencentBlock_19502,0.1,,,,,,
?,tencentBlock_19508,0.1,,,,,,
?,tencentBlock_19516,0.1,,,,,,
?,tencentBlock_1952,0.1,,,,,,
?,tencentBlock_19522,0.1,,,,,,
?,tencentBlock_19529,0.1,,,,,,
?,tencentBlock_19538,0.1,,,,,,
?,tencentBlock_19544,0.1,,,,,,
?,tencentBlock_19553,0.1,,,,,,
?,tencentBlock_1956,0.1,,,,,,
?,tencentBlock_19562,0.1,,,,,,
?,tencentBlock_19571,0.1,,,,,,
?,tencentBlock_19574,0.1,,,,,,
?,tencentBlock_19582,0.1,,,,,,
?,tencentBlock_19585,0.1,,,,,,
?,tencentBlock_19586,0.1,,,,,,
?,tencentBlock_19593,0.1,,,,,,
?,tencentBlock_19594,0.1,,,,,,
?,tencentBlock_19596,0.1,,,,,,
?,tencentBlock_19597,0.1,,,,,,
?,tencentBlock_19599,0.1,,,,,,
?,tencentBlock_19602,0.1,,,,,,
?,tencentBlock_1961,0.1,,,,,,
?,tencentBlock_19611,0.1,,,,,,
?,tencentBlock_19618,0.1,,,,,,
?,tencentBlock_19623,0.1,,,,,,
?,tencentBlock_19631,0.1,,,,,,
?,tencentBlock_19640,0.1,,,,,,
?,tencentBlock_19645,0.1,,,,,,
?,tencentBlock_19648,0.1,,,,,,
?,tencentBlock_19653,0.1,,,,,,
?,tencentBlock_19662,0.1,,,,,,
?,tencentBlock_19669,0.1,,,,,,
?,tencentBlock_19677,0.1,,,,,,
?,tencentBlock_1968,0.1,,,,,,
?,tencentBlock_19685,0.1,,,,,,
?,tencentBlock_19693,0.1,,,,,,
?,tencentBlock_19702,0.1,,,,,,
?,tencentBlock_19708,0.1,,,,,,
?,tencentBlock_19716,0.1,,,,,,
?,tencentBlock_19718,0.1,,,,,,
?,tencentBlock_19722,0.1,,,,,,
?,tencentBlock_19728,0.1,,,,,,
?,tencentBlock_19731,0.1,,,,,,
?,tencentBlock_19734,0.1,,,,,,
?,tencentBlock_19743,0.1,,,,,,
?,tencentBlock_19750,0.1,,,,,,
?,tencentBlock_19759,0.1,,,,,,
?,tencentBlock_1976,0.1,,,,,,
?,tencentBlock_19763,0.1,,,,,,
?,tencentBlock_19771,0.1,,,,,,
?,tencentBlock_19775,0.1,,,,,,
?,tencentBlock_19776,0.1,,,,,,
?,tencentBlock_19779,0.1,,,,,,
?,tencentBlock_19784,0.1,,,,,,
?,tencentBlock_19791,0.1,,,,,,
?,tencentBlock_19792,0.1,,,,,,
?,tencentBlock_19793,0.1,,,,,,
?,tencentBlock_19799,0.1,,,,,,
?,tencentBlock_19804,0.1,,,,,,
?,tencentBlock_19807,0.1,,,,,,
?,tencentBlock_1981,0.1,,,,,,
?,tencentBlock_19814,0.1,,,,,,
?,tencentBlock_19823,0.1,,,,,,
?,tencentBlock_19827,0.1,,,,,,
?,tencentBlock_19834,0.1,,,,,,
?,tencentBlock_19840,0.1,,,,,,
?,tencentBlock_19841,0.1,,,,,,
?,tencentBlock_19846,0.1,,,,,,
?,tencentBlock_1985,0.1,,,,,,
?,tencentBlock_19850,0.1,,,,,,
?,tencentBlock_19858,0.1,,,,,,
?,tencentBlock_19864,0.1,,,,,,
?,tencentBlock_19873,0.1,,,,,,
?,tencentBlock_19879,0.1,,,,,,
?,tencentBlock_19886,0.1,,,,,,
?,tencentBlock_19895,0.1,,,,,,
?,tencentBlock_19900,0.1,,,,,,
?,tencentBlock_19903,0.1,,,,,,
?,tencentBlock_19909,0.1,,,,,,
?,tencentBlock_19918,0.1,,,,,,
?,tencentBlock_19922,0.1,,,,,,
?,tencentBlock_19926,0.1,,,,,,
?,tencentBlock_19932,0.1,,,,,,
?,tencentBlock_19936,0.1,,,,,,
?,tencentBlock_1994,0.1,,,,,,
?,tencentBlock_19945,0.1,,,,,,
?,tencentBlock_19952,0.1,,,,,,
?,tencentBlock_19958,0.1,,,,,,
?,tencentBlock_19963,0.1,,,,,,
?,tencentBlock_19965,0.1,,,,,,
?,tencentBlock_19968,0.1,,,,,,
?,tencentBlock_19970,0.1,,,,,,
?,tencentBlock_19975,0.1,,,,,,
?,tencentBlock_19980,0.1,,,,,,
?,tencentBlock_19990,0.1,,,,,,
?,tencentBlock_19992,0.1,,,,,,
?,tencentBlock_19998,0.1,,,,,,
?,tencentBlock_20004,0.1,,,,,,
?,tencentBlock_20010,0.1,,,,,,
?,tencentBlock_20012,0.1,,,,,,
?,tencentBlock_20015,0.1,,,,,,
?,tencentBlock_20024,0.1,,,,,,
?,tencentBlock_2003,0.1,,,,,,
?,tencentBlock_20030,0.1,,,,,,
?,tencentBlock_20034,0.1,,,,,,
?,tencentBlock_20043,0.1,,,,,,
?,tencentBlock_20056,0.1,,,,,,
?,tencentBlock_20058,0.1,,,,,,
?,tencentBlock_20060,0.1,,,,,,
?,tencentBlock_20061,0.1,,,,,,
?,tencentBlock_20071,0.1,,,,,,
?,tencentBlock_20080,0.1,,,,,,
?,tencentBlock_20082,0.1,,,,,,
?,tencentBlock_20089,0.1,,,,,,
?,tencentBlock_20101,0.1,,,,,,
?,tencentBlock_20106,0.1,,,,,,
?,tencentBlock_20113,0.1,,,,,,
?,tencentBlock_20115,0.1,,,,,,
?,tencentBlock_20124,0.1,,,,,,
?,tencentBlock_20132,0.1,,,,,,
?,tencentBlock_20141,0.1,,,,,,
?,tencentBlock_20147,0.1,,,,,,
?,tencentBlock_20156,0.1,,,,,,
?,tencentBlock_20157,0.1,,,,,,
?,tencentBlock_2016,0.1,,,,,,
?,tencentBlock_20165,0.1,,,,,,
?,tencentBlock_20172,0.1,,,,,,
?,tencentBlock_20181,0.1,,,,,,
?,tencentBlock_20187,0.1,,,,,,
?,tencentBlock_20193,0.1,,,,,,
?,tencentBlock_20196,0.1,,,,,,
?,tencentBlock_20199,0.1,,,,,,
?,tencentBlock_20203,0.1,,,,,,
?,tencentBlock_20209,0.1,,,,,,
?,tencentBlock_20213,0.1,,,,,,
?,tencentBlock_20215,0.1,,,,,,
?,tencentBlock_20224,0.1,,,,,,
?,tencentBlock_20226,0.1,,,,,,
?,tencentBlock_20235,0.1,,,,,,
?,tencentBlock_2024,0.1,,,,,,
?,tencentBlock_20240,0.1,,,,,,
?,tencentBlock_20249,0.1,,,,,,
?,tencentBlock_20252,0.1,,,,,,
?,tencentBlock_20257,0.1,,,,,,
?,tencentBlock_20259,0.1,,,,,,
?,tencentBlock_20268,0.1,,,,,,
?,tencentBlock_20276,0.1,,,,,,
?,tencentBlock_20285,0.1,,,,,,
?,tencentBlock_20287,0.1,,,,,,
?,tencentBlock_20292,0.1,,,,,,
?,tencentBlock_20294,0.1,,,,,,
?,tencentBlock_20299,0.1,,,,,,
?,tencentBlock_20300,0.1,,,,,,
?,tencentBlock_20302,0.1,,,,,,
?,tencentBlock_20310,0.1,,,,,,
?,tencentBlock_20314,0.1,,,,,,
?,tencentBlock_20316,0.1,,,,,,
?,tencentBlock_20320,0.1,,,,,,
?,tencentBlock_20326,0.1,,,,,,
?,tencentBlock_20335,0.1,,,,,,
?,tencentBlock_2034,0.1,,,,,,
?,tencentBlock_20340,0.1,,,,,,
?,tencentBlock_20347,0.1,,,,,,
?,tencentBlock_20351,0.1,,,,,,
?,tencentBlock_20360,0.1,,,,,,
?,tencentBlock_20365,0.1,,,,,,
?,tencentBlock_20370,0.1,,,,,,
?,tencentBlock_20378,0.1,,,,,,
?,tencentBlock_20385,0.1,,,,,,
?,tencentBlock_20394,0.1,,,,,,
?,tencentBlock_20396,0.1,,,,,,
?,tencentBlock_20398,0.1,,,,,,
?,tencentBlock_20400,0.1,,,,,,
?,tencentBlock_20405,0.1,,,,,,
?,tencentBlock_20414,0.1,,,,,,
?,tencentBlock_20419,0.1,,,,,,
?,tencentBlock_20428,0.1,,,,,,
?,tencentBlock_20435,0.1,,,,,,
?,tencentBlock_2044,0.1,,,,,,
?,tencentBlock_20443,0.1,,,,,,
?,tencentBlock_20451,0.1,,,,,,
?,tencentBlock_20456,0.1,,,,,,
?,tencentBlock_20462,0.1,,,,,,
?,tencentBlock_20464,0.1,,,,,,
?,tencentBlock_20465,0.1,,,,,,
?,tencentBlock_20473,0.1,,,,,,
?,tencentBlock_20481,0.1,,,,,,
?,tencentBlock_20489,0.1,,,,,,
?,tencentBlock_20496,0.1,,,,,,
?,tencentBlock_20498,0.1,,,,,,
?,tencentBlock_20505,0.1,,,,,,
?,tencentBlock_20509,0.1,,,,,,
?,tencentBlock_20515,0.1,,,,,,
?,tencentBlock_20519,0.1,,,,,,
?,tencentBlock_2052,0.1,,,,,,
?,tencentBlock_20526,0.1,,,,,,
?,tencentBlock_20529,0.1,,,,,,
?,tencentBlock_20532,0.1,,,,,,
?,tencentBlock_20539,0.1,,,,,,
?,tencentBlock_20540,0.1,,,,,,
?,tencentBlock_2055,0.1,,,,,,
?,tencentBlock_20569,0.1,,,,,,
?,tencentBlock_20584,0.1,,,,,,
?,tencentBlock_20597,0.1,,,,,,
?,tencentBlock_20619,0.1,,,,,,
?,tencentBlock_20635,0.1,,,,,,
?,tencentBlock_20660,0.1,,,,,,
?,tencentBlock_20693,0.1,,,,,,
?,tencentBlock_20747,0.1,,,,,,
?,tencentBlock_20768,0.1,,,,,,
?,tencentBlock_20815,0.1,,,,,,
?,tencentBlock_20832,0.1,,,,,,
?,tencentBlock_20840,0.1,,,,,,
?,tencentBlock_20889,0.1,,,,,,
?,tencentBlock_20964,0.1,,,,,,
?,tencentBlock_20985,0.1,,,,,,
?,tencentBlock_20991,0.1,,,,,,
?,tencentBlock_20996,0.1,,,,,,
?,tencentBlock_21009,0.1,,,,,,
?,tencentBlock_21019,0.1,,,,,,
?,tencentBlock_21042,0.1,,,,,,
?,tencentBlock_21047,0.1,,,,,,
?,tencentBlock_21103,0.1,,,,,,
?,tencentBlock_21111,0.1,,,,,,
?,tencentBlock_21118,0.1,,,,,,
?,tencentBlock_21129,0.1,,,,,,
?,tencentBlock_21138,0.1,,,,,,
?,tencentBlock_21159,0.1,,,,,,
?,tencentBlock_21190,0.1,,,,,,
?,tencentBlock_21193,0.1,,,,,,
?,tencentBlock_21194,0.1,,,,,,
?,tencentBlock_21204,0.1,,,,,,
?,tencentBlock_21233,0.1,,,,,,
?,tencentBlock_21281,0.1,,,,,,
?,tencentBlock_21300,0.1,,,,,,
?,tencentBlock_2136,0.1,,,,,,
?,tencentBlock_21361,0.1,,,,,,
?,tencentBlock_2138,0.1,,,,,,
?,tencentBlock_21398,0.1,,,,,,
?,tencentBlock_21492,0.1,,,,,,
?,tencentBlock_21498,0.1,,,,,,
?,tencentBlock_21569,0.1,,,,,,
?,tencentBlock_21582,0.1,,,,,,
?,tencentBlock_21598,0.1,,,,,,
?,tencentBlock_21615,0.1,,,,,,
?,tencentBlock_21654,0.1,,,,,,
?,tencentBlock_21668,0.1,,,,,,
?,tencentBlock_21699,0.1,,,,,,
?,tencentBlock_21705,0.1,,,,,,
?,tencentBlock_21742,0.1,,,,,,
?,tencentBlock_21750,0.1,,,,,,
?,tencentBlock_21792,0.1,,,,,,
?,tencentBlock_21803,0.1,,,,,,
?,tencentBlock_21829,0.1,,,,,,
?,tencentBlock_21864,0.1,,,,,,
?,tencentBlock_21914,0.1,,,,,,
?,tencentBlock_21979,0.1,,,,,,
?,tencentBlock_21982,0.1,,,,,,
?,tencentBlock_21984,0.1,,,,,,
?,tencentBlock_2199,0.1,,,,,,
?,tencentBlock_22033,0.1,,,,,,
?,tencentBlock_22039,0.1,,,,,,
?,tencentBlock_22043,0.1,,,,,,
?,tencentBlock_22080,0.1,,,,,,
?,tencentBlock_22082,0.1,,,,,,
?,tencentBlock_22091,0.1,,,,,,
?,tencentBlock_22098,0.1,,,,,,
?,tencentBlock_22133,0.1,,,,,,
?,tencentBlock_22144,0.1,,,,,,
?,tencentBlock_22235,0.1,,,,,,
?,tencentBlock_22278,0.1,,,,,,
?,tencentBlock_22290,0.1,,,,,,
?,tencentBlock_22344,0.1,,,,,,
?,tencentBlock_22353,0.1,,,,,,
?,tencentBlock_22358,0.1,,,,,,
?,tencentBlock_2238,0.1,,,,,,
?,tencentBlock_22395,0.1,,,,,,
?,tencentBlock_22408,0.1,,,,,,
?,tencentBlock_22425,0.1,,,,,,
?,tencentBlock_22442,0.1,,,,,,
?,tencentBlock_22451,0.1,,,,,,
?,tencentBlock_22455,0.1,,,,,,
?,tencentBlock_22503,0.1,,,,,,
?,tencentBlock_22505,0.1,,,,,,
?,tencentBlock_22509,0.1,,,,,,
?,tencentBlock_22524,0.1,,,,,,
?,tencentBlock_2255,0.1,,,,,,
?,tencentBlock_22553,0.1,,,,,,
?,tencentBlock_22588,0.1,,,,,,
?,tencentBlock_22597,0.1,,,,,,
?,tencentBlock_22616,0.1,,,,,,
?,tencentBlock_22620,0.1,,,,,,
?,tencentBlock_22639,0.1,,,,,,
?,tencentBlock_22645,0.1,,,,,,
?,tencentBlock_22688,0.1,,,,,,
?,tencentBlock_2276,0.1,,,,,,
?,tencentBlock_22770,0.1,,,,,,
?,tencentBlock_22815,0.1,,,,,,
?,tencentBlock_22839,0.1,,,,,,
?,tencentBlock_22846,0.1,,,,,,
?,tencentBlock_22864,0.1,,,,,,
?,tencentBlock_22925,0.1,,,,,,
?,tencentBlock_22939,0.1,,,,,,
?,tencentBlock_22964,0.1,,,,,,
?,tencentBlock_23019,0.1,,,,,,
?,tencentBlock_23036,0.1,,,,,,
?,tencentBlock_23040,0.1,,,,,,
?,tencentBlock_23068,0.1,,,,,,
?,tencentBlock_23096,0.1,,,,,,
?,tencentBlock_23104,0.1,,,,,,
?,tencentBlock_23128,0.1,,,,,,
?,tencentBlock_23181,0.1,,,,,,
?,tencentBlock_23190,0.1,,,,,,
?,tencentBlock_23239,0.1,,,,,,
?,tencentBlock_23247,0.1,,,,,,
?,tencentBlock_23254,0.1,,,,,,
?,tencentBlock_23260,0.1,,,,,,
?,tencentBlock_2327,0.1,,,,,,
?,tencentBlock_23286,0.1,,,,,,
?,tencentBlock_23296,0.1,,,,,,
?,tencentBlock_23315,0.1,,,,,,
?,tencentBlock_23327,0.1,,,,,,
?,tencentBlock_23335,0.1,,,,,,
?,tencentBlock_23383,0.1,,,,,,
?,tencentBlock_23405,0.1,,,,,,
?,tencentBlock_23412,0.1,,,,,,
?,tencentBlock_23419,0.1,,,,,,
?,tencentBlock_23421,0.1,,,,,,
?,tencentBlock_23435,0.1,,,,,,
?,tencentBlock_23449,0.1,,,,,,
?,tencentBlock_23469,0.1,,,,,,
?,tencentBlock_23482,0.1,,,,,,
?,tencentBlock_23501,0.1,,,,,,
?,tencentBlock_23515,0.1,,,,,,
?,tencentBlock_23524,0.1,,,,,,
?,tencentBlock_23525,0.1,,,,,,
?,tencentBlock_23539,0.1,,,,,,
?,tencentBlock_23563,0.1,,,,,,
?,tencentBlock_23595,0.1,,,,,,
?,tencentBlock_23603,0.1,,,,,,
?,tencentBlock_23605,0.1,,,,,,
?,tencentBlock_23611,0.1,,,,,,
?,tencentBlock_23617,0.1,,,,,,
?,tencentBlock_23623,0.1,,,,,,
?,tencentBlock_2363,0.1,,,,,,
?,tencentBlock_23630,0.1,,,,,,
?,tencentBlock_23633,0.1,,,,,,
?,tencentBlock_23634,0.1,,,,,,
?,tencentBlock_23638,0.1,,,,,,
?,tencentBlock_23642,0.1,,,,,,
?,tencentBlock_23646,0.1,,,,,,
?,tencentBlock_23650,0.1,,,,,,
?,tencentBlock_23654,0.1,,,,,,
?,tencentBlock_23659,0.1,,,,,,
?,tencentBlock_23663,0.1,,,,,,
?,tencentBlock_23672,0.1,,,,,,
?,tencentBlock_23681,0.1,,,,,,
?,tencentBlock_23687,0.1,,,,,,
?,tencentBlock_23692,0.1,,,,,,
?,tencentBlock_23695,0.1,,,,,,
?,tencentBlock_23698,0.1,,,,,,
?,tencentBlock_2371,0.1,,,,,,
?,tencentBlock_23716,0.1,,,,,,
?,tencentBlock_2372,0.1,,,,,,
?,tencentBlock_23723,0.1,,,,,,
?,tencentBlock_23724,0.1,,,,,,
?,tencentBlock_23730,0.1,,,,,,
?,tencentBlock_23734,0.1,,,,,,
?,tencentBlock_23735,0.1,,,,,,
?,tencentBlock_23740,0.1,,,,,,
?,tencentBlock_23745,0.1,,,,,,
?,tencentBlock_23754,0.1,,,,,,
?,tencentBlock_23760,0.1,,,,,,
?,tencentBlock_23767,0.1,,,,,,
?,tencentBlock_2377,0.1,,,,,,
?,tencentBlock_23772,0.1,,,,,,
?,tencentBlock_23781,0.1,,,,,,
?,tencentBlock_23790,0.1,,,,,,
?,tencentBlock_23794,0.1,,,,,,
?,tencentBlock_23797,0.1,,,,,,
?,tencentBlock_23806,0.1,,,,,,
?,tencentBlock_23810,0.1,,,,,,
?,tencentBlock_23816,0.1,,,,,,
?,tencentBlock_23819,0.1,,,,,,
?,tencentBlock_23828,0.1,,,,,,
?,tencentBlock_23831,0.1,,,,,,
?,tencentBlock_23834,0.1,,,,,,
?,tencentBlock_23842,0.1,,,,,,
?,tencentBlock_23846,0.1,,,,,,
?,tencentBlock_23855,0.1,,,,,,
?,tencentBlock_23858,0.1,,,,,,
?,tencentBlock_2386,0.1,,,,,,
?,tencentBlock_23867,0.1,,,,,,
?,tencentBlock_23871,0.1,,,,,,
?,tencentBlock_23884,0.1,,,,,,
?,tencentBlock_23893,0.1,,,,,,
?,tencentBlock_23894,0.1,,,,,,
?,tencentBlock_2390,0.1,,,,,,
?,tencentBlock_23900,0.1,,,,,,
?,tencentBlock_23905,0.1,,,,,,
?,tencentBlock_23908,0.1,,,,,,
?,tencentBlock_23914,0.1,,,,,,
?,tencentBlock_23916,0.1,,,,,,
?,tencentBlock_23925,0.1,,,,,,
?,tencentBlock_23930,0.1,,,,,,
?,tencentBlock_23933,0.1,,,,,,
?,tencentBlock_23952,0.1,,,,,,
?,tencentBlock_23961,0.1,,,,,,
?,tencentBlock_23970,0.1,,,,,,
?,tencentBlock_23974,0.1,,,,,,
?,tencentBlock_23980,0.1,,,,,,
?,tencentBlock_2399,0.1,,,,,,
?,tencentBlock_23992,0.1,,,,,,
?,tencentBlock_23993,0.1,,,,,,
?,tencentBlock_24002,0.1,,,,,,
?,tencentBlock_24010,0.1,,,,,,
?,tencentBlock_24014,0.1,,,,,,
?,tencentBlock_24021,0.1,,,,,,
?,tencentBlock_24029,0.1,,,,,,
?,tencentBlock_24038,0.1,,,,,,
?,tencentBlock_24050,0.1,,,,,,
?,tencentBlock_24055,0.1,,,,,,
?,tencentBlock_24062,0.1,,,,,,
?,tencentBlock_24073,0.1,,,,,,
?,tencentBlock_24074,0.1,,,,,,
?,tencentBlock_24076,0.1,,,,,,
?,tencentBlock_24087,0.1,,,,,,
?,tencentBlock_24090,0.1,,,,,,
?,tencentBlock_24099,0.1,,,,,,
?,tencentBlock_24101,0.1,,,,,,
?,tencentBlock_24105,0.1,,,,,,
?,tencentBlock_24111,0.1,,,,,,
?,tencentBlock_24114,0.1,,,,,,
?,tencentBlock_24116,0.1,,,,,,
?,tencentBlock_24120,0.1,,,,,,
?,tencentBlock_24128,0.1,,,,,,
?,tencentBlock_24137,0.1,,,,,,
?,tencentBlock_24143,0.1,,,,,,
?,tencentBlock_24152,0.1,,,,,,
?,tencentBlock_24157,0.1,,,,,,
?,tencentBlock_24158,0.1,,,,,,
?,tencentBlock_2416,0.1,,,,,,
?,tencentBlock_24161,0.1,,,,,,
?,tencentBlock_24170,0.1,,,,,,
?,tencentBlock_24176,0.1,,,,,,
?,tencentBlock_24177,0.1,,,,,,
?,tencentBlock_24183,0.1,,,,,,
?,tencentBlock_24191,0.1,,,,,,
?,tencentBlock_24205,0.1,,,,,,
?,tencentBlock_24208,0.1,,,,,,
?,tencentBlock_24209,0.1,,,,,,
?,tencentBlock_24212,0.1,,,,,,
?,tencentBlock_24220,0.1,,,,,,
?,tencentBlock_24223,0.1,,,,,,
?,tencentBlock_24232,0.1,,,,,,
?,tencentBlock_24239,0.1,,,,,,
?,tencentBlock_24245,0.1,,,,,,
?,tencentBlock_24246,0.1,,,,,,
?,tencentBlock_24247,0.1,,,,,,
?,tencentBlock_2425,0.1,,,,,,
?,tencentBlock_24254,0.1,,,,,,
?,tencentBlock_24259,0.1,,,,,,
?,tencentBlock_24260,0.1,,,,,,
?,tencentBlock_24272,0.1,,,,,,
?,tencentBlock_24273,0.1,,,,,,
?,tencentBlock_24276,0.1,,,,,,
?,tencentBlock_24279,0.1,,,,,,
?,tencentBlock_24283,0.1,,,,,,
?,tencentBlock_24287,0.1,,,,,,
?,tencentBlock_24294,0.1,,,,,,
?,tencentBlock_24298,0.1,,,,,,
?,tencentBlock_2430,0.1,,,,,,
?,tencentBlock_24307,0.1,,,,,,
?,tencentBlock_24315,0.1,,,,,,
?,tencentBlock_24323,0.1,,,,,,
?,tencentBlock_24337,0.1,,,,,,
?,tencentBlock_24339,0.1,,,,,,
?,tencentBlock_2434,0.1,,,,,,
?,tencentBlock_24348,0.1,,,,,,
?,tencentBlock_24355,0.1,,,,,,
?,tencentBlock_24363,0.1,,,,,,
?,tencentBlock_24371,0.1,,,,,,
?,tencentBlock_24379,0.1,,,,,,
?,tencentBlock_24384,0.1,,,,,,
?,tencentBlock_24392,0.1,,,,,,
?,tencentBlock_24398,0.1,,,,,,
?,tencentBlock_24408,0.1,,,,,,
?,tencentBlock_24414,0.1,,,,,,
?,tencentBlock_24422,0.1,,,,,,
?,tencentBlock_24427,0.1,,,,,,
?,tencentBlock_24428,0.1,,,,,,
?,tencentBlock_24429,0.1,,,,,,
?,tencentBlock_24434,0.1,,,,,,
?,tencentBlock_2444,0.1,,,,,,
?,tencentBlock_24441,0.1,,,,,,
?,tencentBlock_24446,0.1,,,,,,
?,tencentBlock_24454,0.1,,,,,,
?,tencentBlock_24461,0.1,,,,,,
?,tencentBlock_24466,0.1,,,,,,
?,tencentBlock_2447,0.1,,,,,,
?,tencentBlock_24474,0.1,,,,,,
?,tencentBlock_24481,0.1,,,,,,
?,tencentBlock_24485,0.1,,,,,,
?,tencentBlock_24494,0.1,,,,,,
?,tencentBlock_24497,0.1,,,,,,
?,tencentBlock_24500,0.1,,,,,,
?,tencentBlock_24501,0.1,,,,,,
?,tencentBlock_24514,0.1,,,,,,
?,tencentBlock_24517,0.1,,,,,,
?,tencentBlock_24525,0.1,,,,,,
?,tencentBlock_24531,0.1,,,,,,
?,tencentBlock_2454,0.1,,,,,,
?,tencentBlock_24540,0.1,,,,,,
?,tencentBlock_24549,0.1,,,,,,
?,tencentBlock_24553,0.1,,,,,,
?,tencentBlock_24556,0.1,,,,,,
?,tencentBlock_24564,0.1,,,,,,
?,tencentBlock_24565,0.1,,,,,,
?,tencentBlock_2458,0.1,,,,,,
?,tencentBlock_24580,0.1,,,,,,
?,tencentBlock_24584,0.1,,,,,,
?,tencentBlock_24590,0.1,,,,,,
?,tencentBlock_24596,0.1,,,,,,
?,tencentBlock_24598,0.1,,,,,,
?,tencentBlock_24611,0.1,,,,,,
?,tencentBlock_24615,0.1,,,,,,
?,tencentBlock_24623,0.1,,,,,,
?,tencentBlock_24625,0.1,,,,,,
?,tencentBlock_24633,0.1,,,,,,
?,tencentBlock_24642,0.1,,,,,,
?,tencentBlock_24651,0.1,,,,,,
?,tencentBlock_24659,0.1,,,,,,
?,tencentBlock_24663,0.1,,,,,,
?,tencentBlock_24666,0.1,,,,,,
?,tencentBlock_2467,0.1,,,,,,
?,tencentBlock_24672,0.1,,,,,,
?,tencentBlock_24684,0.1,,,,,,
?,tencentBlock_2469,0.1,,,,,,
?,tencentBlock_24692,0.1,,,,,,
?,tencentBlock_24698,0.1,,,,,,
?,tencentBlock_24702,0.1,,,,,,
?,tencentBlock_24708,0.1,,,,,,
?,tencentBlock_24716,0.1,,,,,,
?,tencentBlock_24725,0.1,,,,,,
?,tencentBlock_2473,0.1,,,,,,
?,tencentBlock_24732,0.1,,,,,,
?,tencentBlock_24735,0.1,,,,,,
?,tencentBlock_24738,0.1,,,,,,
?,tencentBlock_24742,0.1,,,,,,
?,tencentBlock_24752,0.1,,,,,,
?,tencentBlock_24759,0.1,,,,,,
?,tencentBlock_24760,0.1,,,,,,
?,tencentBlock_24762,0.1,,,,,,
?,tencentBlock_24770,0.1,,,,,,
?,tencentBlock_24771,0.1,,,,,,
?,tencentBlock_24778,0.1,,,,,,
?,tencentBlock_24779,0.1,,,,,,
?,tencentBlock_2478,0.1,,,,,,
?,tencentBlock_24780,0.1,,,,,,
?,tencentBlock_24782,0.1,,,,,,
?,tencentBlock_24792,0.1,,,,,,
?,tencentBlock_24800,0.1,,,,,,
?,tencentBlock_24807,0.1,,,,,,
?,tencentBlock_24812,0.1,,,,,,
?,tencentBlock_24819,0.1,,,,,,
?,tencentBlock_2482,0.1,,,,,,
?,tencentBlock_24820,0.1,,,,,,
?,tencentBlock_24826,0.1,,,,,,
?,tencentBlock_24832,0.1,,,,,,
?,tencentBlock_24849,0.1,,,,,,
?,tencentBlock_24855,0.1,,,,,,
?,tencentBlock_24858,0.1,,,,,,
?,tencentBlock_24860,0.1,,,,,,
?,tencentBlock_24869,0.1,,,,,,
?,tencentBlock_24870,0.1,,,,,,
?,tencentBlock_24877,0.1,,,,,,
?,tencentBlock_24879,0.1,,,,,,
?,tencentBlock_24885,0.1,,,,,,
?,tencentBlock_2489,0.1,,,,,,
?,tencentBlock_24890,0.1,,,,,,
?,tencentBlock_24892,0.1,,,,,,
?,tencentBlock_24900,0.1,,,,,,
?,tencentBlock_24921,0.1,,,,,,
?,tencentBlock_24922,0.1,,,,,,
?,tencentBlock_24928,0.1,,,,,,
?,tencentBlock_24936,0.1,,,,,,
?,tencentBlock_24938,0.1,,,,,,
?,tencentBlock_24948,0.1,,,,,,
?,tencentBlock_24949,0.1,,,,,,
?,tencentBlock_2495,0.1,,,,,,
?,tencentBlock_24951,0.1,,,,,,
?,tencentBlock_24961,0.1,,,,,,
?,tencentBlock_24962,0.1,,,,,,
?,tencentBlock_24965,0.1,,,,,,
?,tencentBlock_2499,0.1,,,,,,
?,tencentBlock_24992,0.1,,,,,,
?,tencentBlock_24999,0.1,,,,,,
?,tencentBlock_25009,0.1,,,,,,
?,tencentBlock_25013,0.1,,,,,,
?,tencentBlock_25017,0.1,,,,,,
?,tencentBlock_25050,0.1,,,,,,
?,tencentBlock_25053,0.1,,,,,,
?,tencentBlock_25058,0.1,,,,,,
?,tencentBlock_2508,0.1,,,,,,
?,tencentBlock_2511,0.1,,,,,,
?,tencentBlock_2514,0.1,,,,,,
?,tencentBlock_2520,0.1,,,,,,
?,tencentBlock_2525,0.1,,,,,,
?,tencentBlock_25253,0.1,,,,,,
?,tencentBlock_25326,0.1,,,,,,
?,tencentBlock_2536,0.1,,,,,,
?,tencentBlock_25375,0.1,,,,,,
?,tencentBlock_25379,0.1,,,,,,
?,tencentBlock_25386,0.1,,,,,,
?,tencentBlock_25387,0.1,,,,,,
?,tencentBlock_25394,0.1,,,,,,
?,tencentBlock_25402,0.1,,,,,,
?,tencentBlock_25415,0.1,,,,,,
?,tencentBlock_25420,0.1,,,,,,
?,tencentBlock_25428,0.1,,,,,,
?,tencentBlock_25432,0.1,,,,,,
?,tencentBlock_25434,0.1,,,,,,
?,tencentBlock_2545,0.1,,,,,,
?,tencentBlock_25452,0.1,,,,,,
?,tencentBlock_25460,0.1,,,,,,
?,tencentBlock_25467,0.1,,,,,,
?,tencentBlock_25476,0.1,,,,,,
?,tencentBlock_25480,0.1,,,,,,
?,tencentBlock_25494,0.1,,,,,,
?,tencentBlock_2554,0.1,,,,,,
?,tencentBlock_25548,0.1,,,,,,
?,tencentBlock_25550,0.1,,,,,,
?,tencentBlock_25556,0.1,,,,,,
?,tencentBlock_25561,0.1,,,,,,
?,tencentBlock_25563,0.1,,,,,,
?,tencentBlock_25569,0.1,,,,,,
?,tencentBlock_25578,0.1,,,,,,
?,tencentBlock_25585,0.1,,,,,,
?,tencentBlock_2559,0.1,,,,,,
?,tencentBlock_25594,0.1,,,,,,
?,tencentBlock_25599,0.1,,,,,,
?,tencentBlock_25608,0.1,,,,,,
?,tencentBlock_2561,0.1,,,,,,
?,tencentBlock_25616,0.1,,,,,,
?,tencentBlock_25621,0.1,,,,,,
?,tencentBlock_25630,0.1,,,,,,
?,tencentBlock_25639,0.1,,,,,,
?,tencentBlock_25640,0.1,,,,,,
?,tencentBlock_25641,0.1,,,,,,
?,tencentBlock_25650,0.1,,,,,,
?,tencentBlock_25653,0.1,,,,,,
?,tencentBlock_25656,0.1,,,,,,
?,tencentBlock_25663,0.1,,,,,,
?,tencentBlock_25678,0.1,,,,,,
?,tencentBlock_25679,0.1,,,,,,
?,tencentBlock_2568,0.1,,,,,,
?,tencentBlock_25683,0.1,,,,,,
?,tencentBlock_25684,0.1,,,,,,
?,tencentBlock_25691,0.1,,,,,,
?,tencentBlock_25702,0.1,,,,,,
?,tencentBlock_25703,0.1,,,,,,
?,tencentBlock_25709,0.1,,,,,,
?,tencentBlock_25715,0.1,,,,,,
?,tencentBlock_25719,0.1,,,,,,
?,tencentBlock_25728,0.1,,,,,,
?,tencentBlock_25737,0.1,,,,,,
?,tencentBlock_25745,0.1,,,,,,
?,tencentBlock_25752,0.1,,,,,,
?,tencentBlock_25758,0.1,,,,,,
?,tencentBlock_2576,0.1,,,,,,
?,tencentBlock_25764,0.1,,,,,,
?,tencentBlock_25771,0.1,,,,,,
?,tencentBlock_25775,0.1,,,,,,
?,tencentBlock_25782,0.1,,,,,,
?,tencentBlock_25788,0.1,,,,,,
?,tencentBlock_25789,0.1,,,,,,
?,tencentBlock_25790,0.1,,,,,,
?,tencentBlock_25793,0.1,,,,,,
?,tencentBlock_25798,0.1,,,,,,
?,tencentBlock_25801,0.1,,,,,,
?,tencentBlock_25809,0.1,,,,,,
?,tencentBlock_25815,0.1,,,,,,
?,tencentBlock_25820,0.1,,,,,,
?,tencentBlock_25851,0.1,,,,,,
?,tencentBlock_2586,0.1,,,,,,
?,tencentBlock_25860,0.1,,,,,,
?,tencentBlock_25878,0.1,,,,,,
?,tencentBlock_25893,0.1,,,,,,
?,tencentBlock_25895,0.1,,,,,,
?,tencentBlock_25904,0.1,,,,,,
?,tencentBlock_25905,0.1,,,,,,
?,tencentBlock_25909,0.1,,,,,,
?,tencentBlock_25923,0.1,,,,,,
?,tencentBlock_25933,0.1,,,,,,
?,tencentBlock_25936,0.1,,,,,,
?,tencentBlock_2594,0.1,,,,,,
?,tencentBlock_25944,0.1,,,,,,
?,tencentBlock_25953,0.1,,,,,,
?,tencentBlock_25954,0.1,,,,,,
?,tencentBlock_25955,0.1,,,,,,
?,tencentBlock_25959,0.1,,,,,,
?,tencentBlock_2596,0.1,,,,,,
?,tencentBlock_25962,0.1,,,,,,
?,tencentBlock_25968,0.1,,,,,,
?,tencentBlock_25974,0.1,,,,,,
?,tencentBlock_2598,0.1,,,,,,
?,tencentBlock_25983,0.1,,,,,,
?,tencentBlock_25984,0.1,,,,,,
?,tencentBlock_25992,0.1,,,,,,
?,tencentBlock_26001,0.1,,,,,,
?,tencentBlock_26003,0.1,,,,,,
?,tencentBlock_26018,0.1,,,,,,
?,tencentBlock_26021,0.1,,,,,,
?,tencentBlock_26030,0.1,,,,,,
?,tencentBlock_26039,0.1,,,,,,
?,tencentBlock_26045,0.1,,,,,,
?,tencentBlock_2605,0.1,,,,,,
?,tencentBlock_26051,0.1,,,,,,
?,tencentBlock_2610,0.1,,,,,,
?,tencentBlock_2617,0.1,,,,,,
?,tencentBlock_2620,0.1,,,,,,
?,tencentBlock_2636,0.1,,,,,,
?,tencentBlock_2637,0.1,,,,,,
?,tencentBlock_2641,0.1,,,,,,
?,tencentBlock_2644,0.1,,,,,,
?,tencentBlock_2647,0.1,,,,,,
?,tencentBlock_2653,0.1,,,,,,
?,tencentBlock_2659,0.1,,,,,,
?,tencentBlock_2666,0.1,,,,,,
?,tencentBlock_2672,0.1,,,,,,
?,tencentBlock_2678,0.1,,,,,,
?,tencentBlock_2685,0.1,,,,,,
?,tencentBlock_2687,0.1,,,,,,
?,tencentBlock_2688,0.1,,,,,,
?,tencentBlock_2691,0.1,,,,,,
?,tencentBlock_2693,0.1,,,,,,
?,tencentBlock_2697,0.1,,,,,,
?,tencentBlock_2703,0.1,,,,,,
?,tencentBlock_2707,0.1,,,,,,
?,tencentBlock_2712,0.1,,,,,,
?,tencentBlock_2716,0.1,,,,,,
?,tencentBlock_2720,0.1,,,,,,
?,tencentBlock_2727,0.1,,,,,,
?,tencentBlock_2732,0.1,,,,,,
?,tencentBlock_2737,0.1,,,,,,
?,tencentBlock_2744,0.1,,,,,,
?,tencentBlock_2745,0.1,,,,,,
?,tencentBlock_2754,0.1,,,,,,
?,tencentBlock_2758,0.1,,,,,,
?,tencentBlock_2760,0.1,,,,,,
?,tencentBlock_2767,0.1,,,,,,
?,tencentBlock_2773,0.1,,,,,,
?,tencentBlock_2777,0.1,,,,,,
?,tencentBlock_2786,0.1,,,,,,
?,tencentBlock_2792,0.1,,,,,,
?,tencentBlock_2801,0.1,,,,,,
?,tencentBlock_2809,0.1,,,,,,
?,tencentBlock_2816,0.1,,,,,,
?,tencentBlock_2823,0.1,,,,,,
?,tencentBlock_2827,0.1,,,,,,
?,tencentBlock_2830,0.1,,,,,,
?,tencentBlock_2839,0.1,,,,,,
?,tencentBlock_2840,0.1,,,,,,
?,tencentBlock_2845,0.1,,,,,,
?,tencentBlock_2846,0.1,,,,,,
?,tencentBlock_2853,0.1,,,,,,
?,tencentBlock_2855,0.1,,,,,,
?,tencentBlock_2861,0.1,,,,,,
?,tencentBlock_2863,0.1,,,,,,
?,tencentBlock_2865,0.1,,,,,,
?,tencentBlock_2871,0.1,,,,,,
?,tencentBlock_2873,0.1,,,,,,
?,tencentBlock_2877,0.1,,,,,,
?,tencentBlock_2878,0.1,,,,,,
?,tencentBlock_2887,0.1,,,,,,
?,tencentBlock_2892,0.1,,,,,,
?,tencentBlock_2893,0.1,,,,,,
?,tencentBlock_2902,0.1,,,,,,
?,tencentBlock_2919,0.1,,,,,,
?,tencentBlock_2925,0.1,,,,,,
?,tencentBlock_2929,0.1,,,,,,
?,tencentBlock_2931,0.1,,,,,,
?,tencentBlock_2937,0.1,,,,,,
?,tencentBlock_2946,0.1,,,,,,
?,tencentBlock_2954,0.1,,,,,,
?,tencentBlock_2956,0.1,,,,,,
?,tencentBlock_2960,0.1,,,,,,
?,tencentBlock_2965,0.1,,,,,,
?,tencentBlock_2974,0.1,,,,,,
?,tencentBlock_2976,0.1,,,,,,
?,tencentBlock_2990,0.1,,,,,,
?,tencentBlock_2995,0.1,,,,,,
?,tencentBlock_3003,0.1,,,,,,
?,tencentBlock_3004,0.1,,,,,,
?,tencentBlock_3005,0.1,,,,,,
?,tencentBlock_3011,0.1,,,,,,
?,tencentBlock_3015,0.1,,,,,,
?,tencentBlock_3024,0.1,,,,,,
?,tencentBlock_3035,0.1,,,,,,
?,tencentBlock_3039,0.1,,,,,,
?,tencentBlock_3048,0.1,,,,,,
?,tencentBlock_3053,0.1,,,,,,
?,tencentBlock_3060,0.1,,,,,,
?,tencentBlock_3069,0.1,,,,,,
?,tencentBlock_3075,0.1,,,,,,
?,tencentBlock_3077,0.1,,,,,,
?,tencentBlock_3083,0.1,,,,,,
?,tencentBlock_3091,0.1,,,,,,
?,tencentBlock_3097,0.1,,,,,,
?,tencentBlock_3113,0.1,,,,,,
?,tencentBlock_3122,0.1,,,,,,
?,tencentBlock_3124,0.1,,,,,,
?,tencentBlock_3128,0.1,,,,,,
?,tencentBlock_3142,0.1,,,,,,
?,tencentBlock_3145,0.1,,,,,,
?,tencentBlock_3154,0.1,,,,,,
?,tencentBlock_3161,0.1,,,,,,
?,tencentBlock_3162,0.1,,,,,,
?,tencentBlock_3167,0.1,,,,,,
?,tencentBlock_3171,0.1,,,,,,
?,tencentBlock_3180,0.1,,,,,,
?,tencentBlock_3185,0.1,,,,,,
?,tencentBlock_3189,0.1,,,,,,
?,tencentBlock_3192,0.1,,,,,,
?,tencentBlock_3196,0.1,,,,,,
?,tencentBlock_3200,0.1,,,,,,
?,tencentBlock_3210,0.1,,,,,,
?,tencentBlock_3218,0.1,,,,,,
?,tencentBlock_3223,0.1,,,,,,
?,tencentBlock_3229,0.1,,,,,,
?,tencentBlock_3238,0.1,,,,,,
?,tencentBlock_3247,0.1,,,,,,
?,tencentBlock_3254,0.1,,,,,,
?,tencentBlock_3261,0.1,,,,,,
?,tencentBlock_3268,0.1,,,,,,
?,tencentBlock_3276,0.1,,,,,,
?,tencentBlock_3284,0.1,,,,,,
?,tencentBlock_3286,0.1,,,,,,
?,tencentBlock_3291,0.1,,,,,,
?,tencentBlock_3294,0.1,,,,,,
?,tencentBlock_3304,0.1,,,,,,
?,tencentBlock_3308,0.1,,,,,,
?,tencentBlock_3317,0.1,,,,,,
?,tencentBlock_3322,0.1,,,,,,
?,tencentBlock_3324,0.1,,,,,,
?,tencentBlock_3338,0.1,,,,,,
?,tencentBlock_3351,0.1,,,,,,
?,tencentBlock_3360,0.1,,,,,,
?,tencentBlock_3365,0.1,,,,,,
?,tencentBlock_3367,0.1,,,,,,
?,tencentBlock_3371,0.1,,,,,,
?,tencentBlock_3378,0.1,,,,,,
?,tencentBlock_3385,0.1,,,,,,
?,tencentBlock_3389,0.1,,,,,,
?,tencentBlock_3397,0.1,,,,,,
?,tencentBlock_3404,0.1,,,,,,
?,tencentBlock_3410,0.1,,,,,,
?,tencentBlock_3418,0.1,,,,,,
?,tencentBlock_3426,0.1,,,,,,
?,tencentBlock_3434,0.1,,,,,,
?,tencentBlock_3444,0.1,,,,,,
?,tencentBlock_3449,0.1,,,,,,
?,tencentBlock_3457,0.1,,,,,,
?,tencentBlock_3466,0.1,,,,,,
?,tencentBlock_3475,0.1,,,,,,
?,tencentBlock_3484,0.1,,,,,,
?,tencentBlock_3493,0.1,,,,,,
?,tencentBlock_3499,0.1,,,,,,
?,tencentBlock_3508,0.1,,,,,,
?,tencentBlock_3509,0.1,,,,,,
?,tencentBlock_3520,0.1,,,,,,
?,tencentBlock_3521,0.1,,,,,,
?,tencentBlock_3525,0.1,,,,,,
?,tencentBlock_3526,0.1,,,,,,
?,tencentBlock_3535,0.1,,,,,,
?,tencentBlock_3542,0.1,,,,,,
?,tencentBlock_3548,0.1,,,,,,
?,tencentBlock_3566,0.1,,,,,,
?,tencentBlock_3571,0.1,,,,,,
?,tencentBlock_3580,0.1,,,,,,
?,tencentBlock_3583,0.1,,,,,,
?,tencentBlock_3584,0.1,,,,,,
?,tencentBlock_3590,0.1,,,,,,
?,tencentBlock_3596,0.1,,,,,,
?,tencentBlock_3600,0.1,,,,,,
?,tencentBlock_3603,0.1,,,,,,
?,tencentBlock_3607,0.1,,,,,,
?,tencentBlock_3613,0.1,,,,,,
?,tencentBlock_3616,0.1,,,,,,
?,tencentBlock_3622,0.1,,,,,,
?,tencentBlock_3626,0.1,,,,,,
?,tencentBlock_3633,0.1,,,,,,
?,tencentBlock_3635,0.1,,,,,,
?,tencentBlock_3636,0.1,,,,,,
?,tencentBlock_3641,0.1,,,,,,
?,tencentBlock_3642,0.1,,,,,,
?,tencentBlock_3647,0.1,,,,,,
?,tencentBlock_3656,0.1,,,,,,
?,tencentBlock_3662,0.1,,,,,,
?,tencentBlock_3671,0.1,,,,,,
?,tencentBlock_3681,0.1,,,,,,
?,tencentBlock_3690,0.1,,,,,,
?,tencentBlock_3714,0.1,,,,,,
?,tencentBlock_3723,0.1,,,,,,
?,tencentBlock_3728,0.1,,,,,,
?,tencentBlock_3736,0.1,,,,,,
?,tencentBlock_3739,0.1,,,,,,
?,tencentBlock_3747,0.1,,,,,,
?,tencentBlock_3754,0.1,,,,,,
?,tencentBlock_3766,0.1,,,,,,
?,tencentBlock_3769,0.1,,,,,,
?,tencentBlock_3772,0.1,,,,,,
?,tencentBlock_3774,0.1,,,,,,
?,tencentBlock_3776,0.1,,,,,,
?,tencentBlock_3784,0.1,,,,,,
?,tencentBlock_3790,0.1,,,,,,
?,tencentBlock_3799,0.1,,,,,,
?,tencentBlock_3809,0.1,,,,,,
?,tencentBlock_3810,0.1,,,,,,
?,tencentBlock_3817,0.1,,,,,,
?,tencentBlock_3825,0.1,,,,,,
?,tencentBlock_3834,0.1,,,,,,
?,tencentBlock_3837,0.1,,,,,,
?,tencentBlock_3841,0.1,,,,,,
?,tencentBlock_3847,0.1,,,,,,
?,tencentBlock_3850,0.1,,,,,,
?,tencentBlock_3855,0.1,,,,,,
?,tencentBlock_3858,0.1,,,,,,
?,tencentBlock_3863,0.1,,,,,,
?,tencentBlock_3865,0.1,,,,,,
?,tencentBlock_3869,0.1,,,,,,
?,tencentBlock_3874,0.1,,,,,,
?,tencentBlock_3887,0.1,,,,,,
?,tencentBlock_3894,0.1,,,,,,
?,tencentBlock_3897,0.1,,,,,,
?,tencentBlock_3911,0.1,,,,,,
?,tencentBlock_3913,0.1,,,,,,
?,tencentBlock_3923,0.1,,,,,,
?,tencentBlock_3925,0.1,,,,,,
?,tencentBlock_3932,0.1,,,,,,
?,tencentBlock_3933,0.1,,,,,,
?,tencentBlock_3937,0.1,,,,,,
?,tencentBlock_3953,0.1,,,,,,
?,tencentBlock_3961,0.1,,,,,,
?,tencentBlock_3971,0.1,,,,,,
?,tencentBlock_3980,0.1,,,,,,
?,tencentBlock_3986,0.1,,,,,,
?,tencentBlock_4000,0.1,,,,,,
?,tencentBlock_4008,0.1,,,,,,
?,tencentBlock_4010,0.1,,,,,,
?,tencentBlock_4011,0.1,,,,,,
?,tencentBlock_4014,0.1,,,,,,
?,tencentBlock_4027,0.1,,,,,,
?,tencentBlock_4033,0.1,,,,,,
?,tencentBlock_4041,0.1,,,,,,
?,tencentBlock_4049,0.1,,,,,,
?,tencentBlock_4052,0.1,,,,,,
?,tencentBlock_4058,0.1,,,,,,
?,tencentBlock_4064,0.1,,,,,,
?,tencentBlock_4072,0.1,,,,,,
?,tencentBlock_4075,0.1,,,,,,
?,tencentBlock_4083,0.1,,,,,,
?,tencentBlock_4091,0.1,,,,,,
?,tencentBlock_4100,0.1,,,,,,
?,tencentBlock_4105,0.1,,,,,,
?,tencentBlock_4108,0.1,,,,,,
?,tencentBlock_4124,0.1,,,,,,
?,tencentBlock_4131,0.1,,,,,,
?,tencentBlock_4139,0.1,,,,,,
?,tencentBlock_4151,0.1,,,,,,
?,tencentBlock_4158,0.1,,,,,,
?,tencentBlock_4162,0.1,,,,,,
?,tencentBlock_4170,0.1,,,,,,
?,tencentBlock_4176,0.1,,,,,,
?,tencentBlock_4178,0.1,,,,,,
?,tencentBlock_4183,0.1,,,,,,
?,tencentBlock_4191,0.1,,,,,,
?,tencentBlock_4199,0.1,,,,,,
?,tencentBlock_4200,0.1,,,,,,
?,tencentBlock_4205,0.1,,,,,,
?,tencentBlock_4206,0.1,,,,,,
?,tencentBlock_4211,0.1,,,,,,
?,tencentBlock_4218,0.1,,,,,,
?,tencentBlock_4226,0.1,,,,,,
?,tencentBlock_4235,0.1,,,,,,
?,tencentBlock_4241,0.1,,,,,,
?,tencentBlock_4253,0.1,,,,,,
?,tencentBlock_4262,0.1,,,,,,
?,tencentBlock_4268,0.1,,,,,,
?,tencentBlock_4269,0.1,,,,,,
?,tencentBlock_4271,0.1,,,,,,
?,tencentBlock_4276,0.1,,,,,,
?,tencentBlock_4278,0.1,,,,,,
?,tencentBlock_4279,0.1,,,,,,
?,tencentBlock_4282,0.1,,,,,,
?,tencentBlock_4284,0.1,,,,,,
?,tencentBlock_4285,0.1,,,,,,
?,tencentBlock_4286,0.1,,,,,,
?,tencentBlock_4296,0.1,,,,,,
?,tencentBlock_4304,0.1,,,,,,
?,tencentBlock_4309,0.1,,,,,,
?,tencentBlock_4310,0.1,,,,,,
?,tencentBlock_4316,0.1,,,,,,
?,tencentBlock_4339,0.1,,,,,,
?,tencentBlock_4344,0.1,,,,,,
?,tencentBlock_4350,0.1,,,,,,
?,tencentBlock_4356,0.1,,,,,,
?,tencentBlock_4370,0.1,,,,,,
?,tencentBlock_4373,0.1,,,,,,
?,tencentBlock_4382,0.1,,,,,,
?,tencentBlock_4399,0.1,,,,,,
?,tencentBlock_4402,0.1,,,,,,
?,tencentBlock_4404,0.1,,,,,,
?,tencentBlock_4413,0.1,,,,,,
?,tencentBlock_4419,0.1,,,,,,
?,tencentBlock_4422,0.1,,,,,,
?,tencentBlock_4424,0.1,,,,,,
?,tencentBlock_4431,0.1,,,,,,
?,tencentBlock_4432,0.1,,,,,,
?,tencentBlock_4434,0.1,,,,,,
?,tencentBlock_4437,0.1,,,,,,
?,tencentBlock_4445,0.1,,,,,,
?,tencentBlock_4453,0.1,,,,,,
?,tencentBlock_4462,0.1,,,,,,
?,tencentBlock_4467,0.1,,,,,,
?,tencentBlock_4475,0.1,,,,,,
?,tencentBlock_4483,0.1,,,,,,
?,tencentBlock_4484,0.1,,,,,,
?,tencentBlock_4485,0.1,,,,,,
?,tencentBlock_4487,0.1,,,,,,
?,tencentBlock_4496,0.1,,,,,,
?,tencentBlock_4501,0.1,,,,,,
?,tencentBlock_4503,0.1,,,,,,
?,tencentBlock_4507,0.1,,,,,,
?,tencentBlock_4514,0.1,,,,,,
?,tencentBlock_4521,0.1,,,,,,
?,tencentBlock_4523,0.1,,,,,,
?,tencentBlock_4532,0.1,,,,,,
?,tencentBlock_4537,0.1,,,,,,
?,tencentBlock_4545,0.1,,,,,,
?,tencentBlock_4546,0.1,,,,,,
?,tencentBlock_4550,0.1,,,,,,
?,tencentBlock_4554,0.1,,,,,,
?,tencentBlock_4557,0.1,,,,,,
?,tencentBlock_4566,0.1,,,,,,
?,tencentBlock_4573,0.1,,,,,,
?,tencentBlock_4579,0.1,,,,,,
?,tencentBlock_4586,0.1,,,,,,
?,tencentBlock_4589,0.1,,,,,,
?,tencentBlock_4597,0.1,,,,,,
?,tencentBlock_4600,0.1,,,,,,
?,tencentBlock_4609,0.1,,,,,,
?,tencentBlock_4613,0.1,,,,,,
?,tencentBlock_4619,0.1,,,,,,
?,tencentBlock_4622,0.1,,,,,,
?,tencentBlock_4625,0.1,,,,,,
?,tencentBlock_4633,0.1,,,,,,
?,tencentBlock_4636,0.1,,,,,,
?,tencentBlock_4642,0.1,,,,,,
?,tencentBlock_4650,0.1,,,,,,
?,tencentBlock_4651,0.1,,,,,,
?,tencentBlock_4659,0.1,,,,,,
?,tencentBlock_4663,0.1,,,,,,
?,tencentBlock_4672,0.1,,,,,,
?,tencentBlock_4675,0.1,,,,,,
?,tencentBlock_4679,0.1,,,,,,
?,tencentBlock_4688,0.1,,,,,,
?,tencentBlock_4689,0.1,,,,,,
?,tencentBlock_4693,0.1,,,,,,
?,tencentBlock_4699,0.1,,,,,,
?,tencentBlock_4704,0.1,,,,,,
?,tencentBlock_4712,0.1,,,,,,
?,tencentBlock_4713,0.1,,,,,,
?,tencentBlock_4716,0.1,,,,,,
?,tencentBlock_4723,0.1,,,,,,
?,tencentBlock_4724,0.1,,,,,,
?,tencentBlock_4733,0.1,,,,,,
?,tencentBlock_4735,0.1,,,,,,
?,tencentBlock_4739,0.1,,,,,,
?,tencentBlock_4751,0.1,,,,,,
?,tencentBlock_4760,0.1,,,,,,
?,tencentBlock_4769,0.1,,,,,,
?,tencentBlock_4775,0.1,,,,,,
?,tencentBlock_4778,0.1,,,,,,
?,tencentBlock_4794,0.1,,,,,,
?,tencentBlock_4801,0.1,,,,,,
?,tencentBlock_4805,0.1,,,,,,
?,tencentBlock_4811,0.1,,,,,,
?,tencentBlock_4821,0.1,,,,,,
?,tencentBlock_4830,0.1,,,,,,
?,tencentBlock_4836,0.1,,,,,,
?,tencentBlock_4845,0.1,,,,,,
?,tencentBlock_4851,0.1,,,,,,
?,tencentBlock_4858,0.1,,,,,,
?,tencentBlock_4862,0.1,,,,,,
?,tencentBlock_4870,0.1,,,,,,
?,tencentBlock_4871,0.1,,,,,,
?,tencentBlock_4879,0.1,,,,,,
?,tencentBlock_4882,0.1,,,,,,
?,tencentBlock_4892,0.1,,,,,,
?,tencentBlock_4900,0.1,,,,,,
?,tencentBlock_4908,0.1,,,,,,
?,tencentBlock_4915,0.1,,,,,,
?,tencentBlock_4919,0.1,,,,,,
?,tencentBlock_4937,0.1,,,,,,
?,tencentBlock_4940,0.1,,,,,,
?,tencentBlock_4941,0.1,,,,,,
?,tencentBlock_4949,0.1,,,,,,
?,tencentBlock_4964,0.1,,,,,,
?,tencentBlock_4971,0.1,,,,,,
?,tencentBlock_4994,0.1,,,,,,
?,tencentBlock_4998,0.1,,,,,,
?,tencentBlock_5009,0.1,,,,,,
?,tencentBlock_5029,0.1,,,,,,
?,tencentBlock_5060,0.1,,,,,,
?,tencentBlock_5094,0.1,,,,,,
?,tencentBlock_5106,0.1,,,,,,
?,tencentBlock_5118,0.1,,,,,,
?,tencentBlock_5127,0.1,,,,,,
?,tencentBlock_5139,0.1,,,,,,
?,tencentBlock_5140,0.1,,,,,,
?,tencentBlock_5263,0.1,,,,,,
?,tencentBlock_5276,0.1,,,,,,
?,tencentBlock_5293,0.1,,,,,,
?,tencentBlock_5301,0.1,,,,,,
?,tencentBlock_5310,0.1,,,,,,
?,tencentBlock_5316,0.1,,,,,,
?,tencentBlock_5318,0.1,,,,,,
alibabaBlock_new,alibabaBlock_0,0.1,0.4545,0.4537,0.080,0.4537,0.4536,0.010
alibabaBlock_new,alibabaBlock_1,0.1,0.3714,0.3444,2.700,0.3411,0.3366,0.450
alibabaBlock_new,alibabaBlock_10,0.1,,,,,,
alibabaBlock_new,alibabaBlock_100,0.1,0.9145,0.8945,2.000,0.8880,0.8882,-0.020
alibabaBlock_new,alibabaBlock_103,0.1,0.8225,0.8222,0.030,,,
alibabaBlock_new,alibabaBlock_106,0.1,0.8160,0.8157,0.030,0.8195,0.8194,0.010
alibabaBlock_new,alibabaBlock_107,0.1,,,,,,
alibabaBlock_new,alibabaBlock_109,0.1,0.8174,0.8172,0.020,0.8203,0.8202,0.010
alibabaBlock_new,alibabaBlock_11,0.1,0.7120,0.7115,0.050,0.7111,0.7110,0.010
alibabaBlock_new,alibabaBlock_111,0.1,0.8227,0.8223,0.040,0.8237,0.8236,0.010
alibabaBlock_new,alibabaBlock_112,0.1,0.4865,0.4752,1.130,0.4487,0.4515,-0.280
alibabaBlock_new,alibabaBlock_113,0.1,0.2357,0.2351,0.060,0.2314,0.2312,0.020
alibabaBlock_new,alibabaBlock_115,0.1,0.2348,0.2340,0.080,0.2320,0.2321,-0.010
alibabaBlock_new,alibabaBlock_116,0.1,0.8183,0.8180,0.030,0.8211,0.8210,0.010
alibabaBlock_new,alibabaBlock_117,0.1,0.6923,0.6825,0.980,,0.6418,
alibabaBlock_new,alibabaBlock_12,0.1,0.5149,0.5143,0.060,,0.5127,
alibabaBlock_new,alibabaBlock_121,0.1,0.7325,0.6641,6.840,0.6049,0.6071,-0.220
alibabaBlock_new,alibabaBlock_122,0.1,0.6510,0.6366,1.440,0.6080,0.6060,0.200
alibabaBlock_new,alibabaBlock_123,0.1,0.3554,0.3201,3.530,0.3126,0.3100,0.260
alibabaBlock_new,alibabaBlock_124,0.1,,,,,0.9776,
alibabaBlock_new,alibabaBlock_126,0.1,0.6076,0.6053,0.230,,0.6038,
alibabaBlock_new,alibabaBlock_128,0.1,0.1952,0.1951,0.010,0.1953,0.1953,0.000
alibabaBlock_new,alibabaBlock_13,0.1,0.8202,0.8200,0.020,0.8234,0.8231,0.030
alibabaBlock_new,alibabaBlock_130,0.1,0.8170,0.8168,0.020,0.8198,0.8197,0.010
alibabaBlock_new,alibabaBlock_131,0.1,0.2918,0.2839,0.790,0.2577,0.2573,0.040
alibabaBlock_new,alibabaBlock_132,0.1,0.6126,0.5803,3.230,0.5766,0.5807,-0.415
alibabaBlock_new,alibabaBlock_133,0.1,0.1161,0.1160,0.010,,0.1148,
alibabaBlock_new,alibabaBlock_135,0.1,0.1848,0.1847,0.010,0.1849,0.1849,0.000
alibabaBlock_new,alibabaBlock_136,0.1,0.8242,0.8240,0.020,0.8269,0.8268,0.010
alibabaBlock_new,alibabaBlock_138,0.1,0.1174,0.1172,0.020,,0.1152,
alibabaBlock_new,alibabaBlock_14,0.1,0.6250,0.5941,3.090,,0.6055,
alibabaBlock_new,alibabaBlock_141,0.1,,,,,,
alibabaBlock_new,alibabaBlock_144,0.1,,,,,,
alibabaBlock_new,alibabaBlock_145,0.1,0.8176,0.8174,0.020,0.8202,0.8200,0.020
alibabaBlock_new,alibabaBlock_147,0.1,0.2291,0.2287,0.040,0.2265,0.2264,0.010
alibabaBlock_new,alibabaBlock_148,0.1,0.5619,0.5675,-0.560,0.6261,0.6257,0.040
alibabaBlock_new,alibabaBlock_15,0.1,0.7125,0.7122,0.030,0.7120,0.7120,0.000
alibabaBlock_new,alibabaBlock_150,0.1,0.5615,0.5600,0.150,,0.5515,
alibabaBlock_new,alibabaBlock_154,0.1,0.2384,0.2342,0.420,0.2195,0.2195,0.000
alibabaBlock_new,alibabaBlock_157,0.1,0.2368,0.2361,0.070,0.2311,0.2309,0.020
alibabaBlock_new,alibabaBlock_16,0.1,0.8228,0.8226,0.020,,0.8339,
alibabaBlock_new,alibabaBlock_160,0.1,0.3628,0.3335,2.930,0.3348,0.3333,0.150
alibabaBlock_new,alibabaBlock_161,0.1,0.2523,0.2502,0.210,0.2416,0.2416,0.000
alibabaBlock_new,alibabaBlock_163,0.1,0.9891,0.9892,-0.010,0.9900,0.9900,0.000
alibabaBlock_new,alibabaBlock_165,0.1,0.4481,0.4435,0.460,0.4407,0.4402,0.050
alibabaBlock_new,alibabaBlock_166,0.1,0.8202,0.8200,0.020,0.8228,0.8226,0.020
alibabaBlock_new,alibabaBlock_169,0.1,0.8310,0.8308,0.020,0.8294,0.8293,0.010
alibabaBlock_new,alibabaBlock_17,0.1,0.6071,0.6030,0.410,0.5856,0.5854,0.020
alibabaBlock_new,alibabaBlock_173,0.1,0.2389,0.2372,0.170,0.2344,0.2343,0.010
alibabaBlock_new,alibabaBlock_174,0.1,0.2676,0.2684,-0.080,0.2576,0.2578,-0.020
alibabaBlock_new,alibabaBlock_176,0.1,0.1158,0.1157,0.010,0.1144,0.1144,0.000
alibabaBlock_new,alibabaBlock_177,0.1,0.3843,,,0.3769,0.3768,0.010
alibabaBlock_new,alibabaBlock_178,0.1,,,,,,
alibabaBlock_new,alibabaBlock_18,0.1,0.8140,0.8138,0.020,0.8169,0.8168,0.010
alibabaBlock_new,alibabaBlock_181,0.1,0.8972,0.8860,1.120,,0.8902,
alibabaBlock_new,alibabaBlock_187,0.1,0.8160,0.8158,0.020,,,
alibabaBlock_new,alibabaBlock_188,0.1,0.6447,0.5642,8.050,0.4820,0.4994,-1.740
alibabaBlock_new,alibabaBlock_189,0.1,0.4074,0.3862,2.120,0.3803,0.3793,0.100
alibabaBlock_new,alibabaBlock_19,0.1,0.9930,0.9917,0.130,0.9915,0.9916,-0.010
alibabaBlock_new,alibabaBlock_190,0.1,0.2111,0.2119,-0.080,0.2371,0.2370,0.010
alibabaBlock_new,alibabaBlock_191,0.1,0.6044,0.6004,0.400,0.5831,0.5829,0.020
alibabaBlock_new,alibabaBlock_192,0.1,0.1876,0.1875,0.010,0.1876,0.1876,0.000
alibabaBlock_new,alibabaBlock_193,0.1,0.1975,0.1975,0.000,0.1979,0.1979,0.000
alibabaBlock_new,alibabaBlock_195,0.1,0.2856,0.2638,2.180,0.2661,0.2653,0.080
alibabaBlock_new,alibabaBlock_197,0.1,0.3498,0.3500,-0.020,0.3568,0.3560,0.080
alibabaBlock_new,alibabaBlock_198,0.1,0.1154,0.1155,-0.010,0.1142,0.1142,0.000
alibabaBlock_new,alibabaBlock_2,0.1,0.4323,0.4279,0.440,0.4289,0.4271,0.180
alibabaBlock_new,alibabaBlock_20,0.1,0.8189,0.8181,0.080,0.8213,0.8212,0.010
alibabaBlock_new,alibabaBlock_200,0.1,0.8196,0.8194,0.020,0.8220,0.8219,0.010
alibabaBlock_new,alibabaBlock_201,0.1,0.8181,0.8178,0.030,0.8209,0.8208,0.010
alibabaBlock_new,alibabaBlock_202,0.1,0.8684,0.8677,0.070,,,
alibabaBlock_new,alibabaBlock_205,0.1,0.6176,0.6117,0.590,0.6135,0.6133,0.020
alibabaBlock_new,alibabaBlock_206,0.1,,,,,,
alibabaBlock_new,alibabaBlock_207,0.1,,,,,,
alibabaBlock_new,alibabaBlock_208,0.1,0.1163,0.1161,0.020,,0.1150,
alibabaBlock_new,alibabaBlock_209,0.1,0.8663,0.8656,0.070,0.8620,0.8619,0.010
alibabaBlock_new,alibabaBlock_210,0.1,0.6096,0.6034,0.620,0.5896,0.5907,-0.110
alibabaBlock_new,alibabaBlock_211,0.1,0.3868,0.3622,2.460,0.3474,0.3456,0.180
alibabaBlock_new,alibabaBlock_212,0.1,0.8544,0.8519,0.250,0.8509,0.8506,0.030
alibabaBlock_new,alibabaBlock_213,0.1,0.8194,0.8192,0.020,,,
alibabaBlock_new,alibabaBlock_219,0.1,0.3354,0.3158,1.960,0.3288,0.3285,0.030
alibabaBlock_new,alibabaBlock_22,0.1,0.8196,0.8193,0.030,0.8227,0.8225,0.020
alibabaBlock_new,alibabaBlock_220,0.1,0.9557,0.9553,0.040,0.9538,0.9538,0.000
alibabaBlock_new,alibabaBlock_221,0.1,0.9616,0.9607,0.090,0.9582,,
alibabaBlock_new,alibabaBlock_223,0.1,0.5524,0.5386,1.380,,0.5200,
alibabaBlock_new,alibabaBlock_225,0.1,,,,,,
alibabaBlock_new,alibabaBlock_226,0.1,0.3373,0.3183,1.900,,0.3074,
alibabaBlock_new,alibabaBlock_227,0.1,0.2501,0.2499,0.020,,,
alibabaBlock_new,alibabaBlock_228,0.1,0.1807,0.1779,0.280,0.1869,0.1869,0.000
alibabaBlock_new,alibabaBlock_23,0.1,0.3372,0.3105,2.670,0.3219,0.3213,0.060
alibabaBlock_new,alibabaBlock_231,0.1,0.8181,0.8178,0.030,0.8210,0.8209,0.010
alibabaBlock_new,alibabaBlock_232,0.1,0.1171,0.1170,0.010,0.1157,0.1157,0.000
alibabaBlock_new,alibabaBlock_236,0.1,0.1919,0.1918,0.010,0.1922,0.1922,0.000
alibabaBlock_new,alibabaBlock_237,0.1,0.3482,0.3471,0.110,0.3489,0.3489,0.000
alibabaBlock_new,alibabaBlock_239,0.1,0.2596,0.2574,0.220,0.2443,0.2440,0.030
alibabaBlock_new,alibabaBlock_24,0.1,0.2363,0.2359,0.040,0.2319,0.2316,0.030
alibabaBlock_new,alibabaBlock_241,0.1,0.5329,0.4843,4.860,0.4347,0.4214,1.330
alibabaBlock_new,alibabaBlock_242,0.1,0.4265,0.3855,4.100,0.3852,0.3834,0.180
alibabaBlock_new,alibabaBlock_248,0.1,0.8166,0.8163,0.030,,,
alibabaBlock_new,alibabaBlock_25,0.1,0.7073,0.7068,0.050,0.7065,0.7064,0.010
alibabaBlock_new,alibabaBlock_251,0.1,0.3025,0.2998,0.270,0.2774,0.2771,0.030
alibabaBlock_new,alibabaBlock_254,0.1,0.8324,0.8322,0.020,0.8321,0.8320,0.010
alibabaBlock_new,alibabaBlock_256,0.1,0.2248,0.2209,0.390,0.2238,0.2239,-0.020
alibabaBlock_new,alibabaBlock_26,0.1,0.6894,0.6832,0.620,0.6714,0.6710,0.040
alibabaBlock_new,alibabaBlock_261,0.1,0.8799,0.8793,0.060,0.8783,0.8784,-0.010
alibabaBlock_new,alibabaBlock_262,0.1,0.1676,0.1659,0.170,0.1621,0.1617,0.040
alibabaBlock_new,alibabaBlock_263,0.1,0.4836,0.4629,2.070,0.4525,0.4511,0.140
alibabaBlock_new,alibabaBlock_264,0.1,0.4214,0.3802,4.120,0.3644,0.3621,0.230
alibabaBlock_new,alibabaBlock_269,0.1,0.6609,0.6603,0.060,0.6598,0.6632,-0.340
alibabaBlock_new,alibabaBlock_27,0.1,0.8174,0.8171,0.030,0.8202,0.8200,0.020
alibabaBlock_new,alibabaBlock_273,0.1,0.6032,0.5988,0.440,,0.5818,
alibabaBlock_new,alibabaBlock_275,0.1,0.9613,0.9604,0.090,0.9573,0.9574,-0.010
alibabaBlock_new,alibabaBlock_276,0.1,0.4527,0.4524,0.030,0.5283,0.5280,0.030
alibabaBlock_new,alibabaBlock_278,0.1,0.3737,0.3726,0.110,0.3706,0.3705,0.010
alibabaBlock_new,alibabaBlock_28,0.1,0.8172,0.8170,0.020,0.8199,0.8198,0.010
alibabaBlock_new,alibabaBlock_283,0.1,0.4533,0.4121,4.120,0.4204,0.4183,0.210
alibabaBlock_new,alibabaBlock_289,0.1,0.3816,0.3690,1.260,0.3450,0.3424,0.260
alibabaBlock_new,alibabaBlock_29,0.1,0.9072,0.9063,0.090,0.9048,0.9047,0.010
alibabaBlock_new,alibabaBlock_293,0.1,0.4520,0.4487,0.330,0.4629,0.4626,0.030
alibabaBlock_new,alibabaBlock_295,0.1,0.2900,0.2810,0.900,0.2552,0.2557,-0.050
alibabaBlock_new,alibabaBlock_3,0.1,0.6995,0.6980,0.150,0.6913,0.6911,0.020
alibabaBlock_new,alibabaBlock_30,0.1,0.2689,0.2694,-0.050,0.2597,0.2596,0.010
alibabaBlock_new,alibabaBlock_303,0.1,0.8337,0.8335,0.020,0.8320,0.8318,0.020
alibabaBlock_new,alibabaBlock_311,0.1,0.4248,0.4092,1.560,0.3880,0.3852,0.280
alibabaBlock_new,alibabaBlock_316,0.1,0.9808,0.9802,0.060,,,
alibabaBlock_new,alibabaBlock_32,0.1,0.3892,0.3656,2.360,0.3397,0.3391,0.060
alibabaBlock_new,alibabaBlock_324,0.1,0.9172,0.9058,1.140,0.9010,0.9010,0.000
alibabaBlock_new,alibabaBlock_327,0.1,0.3708,0.3436,2.720,0.3411,0.3367,0.440
alibabaBlock_new,alibabaBlock_33,0.1,0.2350,0.2321,0.290,0.2247,0.2254,-0.070
alibabaBlock_new,alibabaBlock_336,0.1,0.1748,0.1758,-0.100,0.1699,0.1698,0.010
alibabaBlock_new,alibabaBlock_339,0.1,0.6052,0.6007,0.450,0.5830,0.5827,0.030
alibabaBlock_new,alibabaBlock_34,0.1,0.1165,0.1164,0.010,0.1152,0.1152,0.000
alibabaBlock_new,alibabaBlock_345,0.1,0.9616,0.9606,0.100,0.9581,0.9581,0.000
alibabaBlock_new,alibabaBlock_348,0.1,0.3195,0.3194,0.010,0.3419,0.3419,0.000
alibabaBlock_new,alibabaBlock_35,0.1,0.8192,0.8191,0.010,0.8216,0.8215,0.010
alibabaBlock_new,alibabaBlock_354,0.1,0.3969,0.3681,2.880,0.3799,0.3788,0.110
alibabaBlock_new,alibabaBlock_358,0.1,0.4971,0.4952,0.190,0.4946,0.4937,0.090
alibabaBlock_new,alibabaBlock_36,0.1,0.8176,0.8174,0.020,,0.8299,
alibabaBlock_new,alibabaBlock_361,0.1,0.4678,0.4109,5.690,0.4121,0.4015,1.060
alibabaBlock_new,alibabaBlock_363,0.1,0.9159,0.9152,0.070,0.9130,0.9129,0.010
alibabaBlock_new,alibabaBlock_369,0.1,0.7371,0.7307,0.640,0.6296,0.6292,0.040
alibabaBlock_new,alibabaBlock_37,0.1,0.2398,0.2367,0.310,,0.2344,
alibabaBlock_new,alibabaBlock_375,0.1,0.7489,0.7480,0.090,0.7464,0.7461,0.030
alibabaBlock_new,alibabaBlock_38,0.1,,,,0.9761,0.9759,0.015
alibabaBlock_new,alibabaBlock_39,0.1,0.8233,0.8231,0.020,0.8261,0.8259,0.020
alibabaBlock_new,alibabaBlock_391,0.1,0.2636,0.2637,-0.010,0.2683,0.2728,-0.450
alibabaBlock_new,alibabaBlock_395,0.1,0.9986,0.9944,0.420,0.9944,0.9944,0.000
alibabaBlock_new,alibabaBlock_399,0.1,0.3325,0.3065,2.600,0.2805,0.2785,0.200
alibabaBlock_new,alibabaBlock_4,0.1,0.0835,0.0824,0.110,0.0805,0.0805,0.000
alibabaBlock_new,alibabaBlock_40,0.1,0.3298,0.3266,0.320,0.3312,0.3228,0.845
alibabaBlock_new,alibabaBlock_401,0.1,0.6042,0.5984,0.580,0.5837,0.5827,0.100
alibabaBlock_new,alibabaBlock_402,0.1,0.3324,0.3054,2.700,0.2805,0.2786,0.190
alibabaBlock_new,alibabaBlock_43,0.1,0.8226,0.8223,0.030,0.8252,0.8251,0.010
alibabaBlock_new,alibabaBlock_430,0.1,0.3975,0.3913,0.620,0.3562,0.3534,0.280
alibabaBlock_new,alibabaBlock_434,0.1,0.3329,0.3210,1.190,,0.3186,
alibabaBlock_new,alibabaBlock_435,0.1,0.3954,0.3528,4.260,0.3463,0.3427,0.360
alibabaBlock_new,alibabaBlock_445,0.1,0.6152,0.6012,1.400,,0.5984,
alibabaBlock_new,alibabaBlock_446,0.1,0.3503,0.3169,3.340,0.3134,0.3105,0.290
alibabaBlock_new,alibabaBlock_46,0.1,0.2797,0.2763,0.340,0.2562,0.2559,0.030
alibabaBlock_new,alibabaBlock_460,0.1,0.4212,0.3726,4.860,0.3593,0.3567,0.260
alibabaBlock_new,alibabaBlock_466,0.1,0.4749,0.4649,1.000,0.4565,0.4562,0.030
alibabaBlock_new,alibabaBlock_47,0.1,0.8172,0.8168,0.040,0.8197,0.8196,0.010
alibabaBlock_new,alibabaBlock_470,0.1,0.6117,0.6092,0.250,0.6035,0.6033,0.020
alibabaBlock_new,alibabaBlock_48,0.1,0.2345,0.2340,0.050,0.2311,0.2300,0.110
alibabaBlock_new,alibabaBlock_483,0.1,0.3553,0.3255,2.980,0.3277,0.3265,0.120
alibabaBlock_new,alibabaBlock_5,0.1,0.3320,0.3058,2.620,0.2799,0.2780,0.190
alibabaBlock_new,alibabaBlock_507,0.1,0.2378,0.2378,0.000,0.2201,0.2201,0.000
alibabaBlock_new,alibabaBlock_509,0.1,0.4155,0.3939,2.160,0.3691,0.3635,0.560
alibabaBlock_new,alibabaBlock_513,0.1,0.4057,0.3831,2.260,0.3630,0.3571,0.590
alibabaBlock_new,alibabaBlock_52,0.1,,,,,,
alibabaBlock_new,alibabaBlock_522,0.1,0.3767,0.3377,3.900,0.3094,0.3057,0.370
alibabaBlock_new,alibabaBlock_538,0.1,0.9619,0.9611,0.080,0.9586,0.9587,-0.010
alibabaBlock_new,alibabaBlock_54,0.1,0.3073,0.2948,1.250,0.3050,0.3045,0.050
alibabaBlock_new,alibabaBlock_555,0.1,0.5464,0.5446,0.180,0.5432,0.5430,0.020
alibabaBlock_new,alibabaBlock_556,0.1,0.3330,0.3065,2.650,0.2806,0.2786,0.200
alibabaBlock_new,alibabaBlock_56,0.1,0.1922,0.1919,0.030,0.1930,0.1930,0.000
alibabaBlock_new,alibabaBlock_58,0.1,,,,,,
alibabaBlock_new,alibabaBlock_59,0.1,0.8160,0.8158,0.020,0.8187,0.8186,0.010
alibabaBlock_new,alibabaBlock_6,0.1,0.6175,0.6159,0.160,0.6150,0.6148,0.020
alibabaBlock_new,alibabaBlock_61,0.1,0.8172,0.8169,0.030,0.8200,0.8199,0.010
alibabaBlock_new,alibabaBlock_62,0.1,0.2300,0.2303,-0.030,0.2291,0.2292,-0.010
alibabaBlock_new,alibabaBlock_631,0.1,0.3496,0.3467,0.290,0.3409,0.3408,0.010
alibabaBlock_new,alibabaBlock_651,0.1,0.3359,0.3207,1.520,0.3399,0.3392,0.070
alibabaBlock_new,alibabaBlock_66,0.1,0.2603,0.2608,-0.050,0.2539,0.2538,0.010
alibabaBlock_new,alibabaBlock_661,0.1,0.4320,0.3968,3.520,0.3676,0.3609,0.670
alibabaBlock_new,alibabaBlock_663,0.1,0.3339,0.3085,2.540,0.2813,0.2794,0.190
alibabaBlock_new,alibabaBlock_67,0.1,0.8197,0.8195,0.020,0.8228,0.8227,0.010
alibabaBlock_new,alibabaBlock_679,0.1,0.9272,0.9228,0.440,,0.8993,
alibabaBlock_new,alibabaBlock_68,0.1,0.1527,0.1456,0.710,0.1470,0.1465,0.050
alibabaBlock_new,alibabaBlock_69,0.1,0.3323,0.3054,2.690,0.2804,0.2785,0.190
alibabaBlock_new,alibabaBlock_7,0.1,0.3344,0.3290,0.540,,0.3231,
alibabaBlock_new,alibabaBlock_701,0.1,0.3996,0.3959,0.370,0.3903,0.3900,0.030
alibabaBlock_new,alibabaBlock_717,0.1,0.6575,0.6558,0.170,0.6510,0.6509,0.010
alibabaBlock_new,alibabaBlock_72,0.1,0.2319,0.2307,0.120,0.2284,0.2284,0.000
alibabaBlock_new,alibabaBlock_724,0.1,0.8197,0.8189,0.080,,,
alibabaBlock_new,alibabaBlock_725,0.1,0.9612,0.9603,0.090,0.9575,0.9576,-0.010
alibabaBlock_new,alibabaBlock_726,0.1,0.8921,0.8914,0.070,0.8886,0.8885,0.010
alibabaBlock_new,alibabaBlock_727,0.1,0.8844,0.8823,0.210,,0.8833,
alibabaBlock_new,alibabaBlock_728,0.1,0.9799,0.9798,0.010,0.9792,0.9792,0.000
alibabaBlock_new,alibabaBlock_730,0.1,0.9620,0.9611,0.090,0.9583,,
alibabaBlock_new,alibabaBlock_731,0.1,0.9614,0.9604,0.100,,,
alibabaBlock_new,alibabaBlock_733,0.1,0.4359,0.4294,0.650,,0.4363,
alibabaBlock_new,alibabaBlock_736,0.1,0.9618,0.9609,0.090,0.9588,,
alibabaBlock_new,alibabaBlock_737,0.1,0.3184,0.3168,0.160,0.3246,0.3244,0.020
alibabaBlock_new,alibabaBlock_74,0.1,0.8328,0.8326,0.020,,0.8400,
alibabaBlock_new,alibabaBlock_740,0.1,,,,0.7534,0.7437,0.970
alibabaBlock_new,alibabaBlock_742,0.1,0.9603,0.9598,0.050,0.9578,0.9575,0.030
alibabaBlock_new,alibabaBlock_743,0.1,0.9184,0.9191,-0.070,0.9154,0.9152,0.020
alibabaBlock_new,alibabaBlock_745,0.1,0.9618,0.9608,0.100,,,
alibabaBlock_new,alibabaBlock_746,0.1,0.9557,0.9546,0.110,0.9537,0.9536,0.010
alibabaBlock_new,alibabaBlock_748,0.1,0.8891,0.8873,0.180,0.8996,0.8973,0.230
alibabaBlock_new,alibabaBlock_749,0.1,0.9616,0.9608,0.080,0.9586,0.9587,-0.010
alibabaBlock_new,alibabaBlock_751,0.1,0.9621,0.9612,0.090,,,
alibabaBlock_new,alibabaBlock_759,0.1,0.9615,0.9606,0.090,0.9582,,
alibabaBlock_new,alibabaBlock_76,0.1,0.2404,0.2408,-0.040,0.2396,0.2396,0.000
alibabaBlock_new,alibabaBlock_77,0.1,0.9344,0.9134,2.100,0.9016,0.9007,0.090
alibabaBlock_new,alibabaBlock_771,0.1,0.7082,0.7074,0.080,,,
alibabaBlock_new,alibabaBlock_78,0.1,0.2286,0.2282,0.040,0.2266,0.2266,0.000
alibabaBlock_new,alibabaBlock_784,0.1,0.7528,0.7495,0.330,0.7392,0.6764,6.280
alibabaBlock_new,alibabaBlock_79,0.1,0.4266,0.4248,0.180,,0.3855,
alibabaBlock_new,alibabaBlock_791,0.1,0.9320,0.9318,0.020,0.9266,0.9266,0.000
alibabaBlock_new,alibabaBlock_792,0.1,0.9839,0.9822,0.170,0.9797,0.9797,0.000
alibabaBlock_new,alibabaBlock_8,0.1,0.2389,0.2381,0.080,0.2320,0.2319,0.010
alibabaBlock_new,alibabaBlock_801,0.1,0.9506,0.9492,0.140,,0.9482,
alibabaBlock_new,alibabaBlock_804,0.1,,,,,,
alibabaBlock_new,alibabaBlock_810,0.1,,,,,,
alibabaBlock_new,alibabaBlock_825,0.1,0.7434,0.7426,0.080,0.7416,0.7416,0.000
alibabaBlock_new,alibabaBlock_826,0.1,0.7419,0.7412,0.070,0.7403,0.7402,0.010
alibabaBlock_new,alibabaBlock_83,0.1,0.1958,0.1956,0.020,0.1960,0.1959,0.010
alibabaBlock_new,alibabaBlock_86,0.1,0.2455,0.2434,0.210,0.2369,0.2370,-0.010
alibabaBlock_new,alibabaBlock_88,0.1,0.1950,0.1949,0.010,0.1948,0.1948,0.000
alibabaBlock_new,alibabaBlock_91,0.1,0.2429,0.2414,0.150,0.2362,0.2359,0.030
alibabaBlock_new,alibabaBlock_92,0.1,0.3501,0.3410,0.910,0.3189,0.3224,-0.350
alibabaBlock_new,alibabaBlock_94,0.1,0.8206,0.8203,0.030,0.8200,0.8199,0.010
alibabaBlock_new,alibabaBlock_96,0.1,0.4601,0.4489,1.120,,0.4632,
alibabaBlock_new,alibabaBlock_97,0.1,0.1168,0.1167,0.010,0.1155,0.1155,0.000
alibabaBlock_new,alibabaBlock_99,0.1,0.9214,0.9204,0.100,,0.9177,
cloudphysics,w01,0.1,0.8930,0.8878,0.520,0.9001,0.9001,0.000
cloudphysics,w02,0.1,,,,,,
cloudphysics,w03,0.1,0.7255,0.7227,0.280,0.7199,0.7173,0.260
cloudphysics,w04,0.1,0.5747,0.5702,0.450,0.6131,0.6088,0.430
cloudphysics,w05,0.1,0.8785,0.8768,0.170,0.9027,0.9021,0.060
cloudphysics,w06,0.1,0.7327,0.7306,0.210,0.7213,0.7207,0.060
cloudphysics,w07,0.1,0.8627,0.8567,0.600,0.9452,0.9446,0.060
cloudphysics,w08,0.1,0.9902,0.9882,0.200,0.9891,0.9867,0.240
cloudphysics,w09,0.1,0.5890,0.5856,0.340,0.5977,0.5959,0.180
cloudphysics,w10,0.1,0.7450,0.7425,0.250,0.7758,0.7733,0.250
cloudphysics,w100,0.1,0.8045,0.7906,1.390,0.7999,0.7991,0.080
cloudphysics,w101,0.1,0.8066,0.7949,1.170,0.8043,0.8037,0.060
cloudphysics,w102,0.1,,,,,,
cloudphysics,w103,0.1,,,,,,
cloudphysics,w104,0.1,0.9633,0.9633,0.000,0.9709,0.9709,0.000
cloudphysics,w105,0.1,,,,,,
cloudphysics,w106,0.1,,,,,,
cloudphysics,w11,0.1,0.9889,0.9830,0.590,0.9775,0.9760,0.150
cloudphysics,w12,0.1,,,,,,
cloudphysics,w13,0.1,0.8934,0.8819,1.150,0.8665,0.8574,0.910
cloudphysics,w14,0.1,0.6564,0.6538,0.260,0.6517,0.6510,0.070
cloudphysics,w15,0.1,0.9965,0.9960,0.050,0.9959,0.9957,0.020
cloudphysics,w16,0.1,0.9012,0.8871,1.410,0.8879,0.8834,0.445
cloudphysics,w17,0.1,0.8638,0.8568,0.700,0.8550,0.8515,0.350
cloudphysics,w18,0.1,0.8354,0.8168,1.860,0.8192,0.8123,0.690
cloudphysics,w19,0.1,,,,,,
cloudphysics,w20,0.1,0.7706,0.7670,0.360,0.7656,0.7651,0.050
cloudphysics,w21,0.1,0.9268,0.9247,0.210,0.9233,0.9229,0.040
cloudphysics,w22,0.1,0.9135,0.9087,0.480,0.9069,0.9049,0.200
cloudphysics,w23,0.1,0.9690,0.9480,2.100,0.9325,0.9285,0.400
cloudphysics,w24,0.1,0.8325,0.8019,3.060,0.8071,0.7980,0.910
cloudphysics,w25,0.1,0.9591,0.9462,1.290,0.9443,0.9428,0.150
cloudphysics,w26,0.1,0.5895,0.5804,0.910,0.5857,0.5681,1.760
cloudphysics,w27,0.1,0.9501,0.9449,0.520,0.9547,0.9517,0.300
cloudphysics,w28,0.1,0.8395,0.8337,0.580,0.8290,0.8264,0.260
cloudphysics,w29,0.1,0.9524,0.9497,0.270,0.9619,0.9582,0.370
cloudphysics,w30,0.1,0.9917,0.9724,1.930,0.9493,0.9467,0.260
cloudphysics,w31,0.1,0.9184,0.9181,0.030,0.9157,0.9157,0.000
cloudphysics,w32,0.1,0.8336,0.8311,0.250,0.8360,0.8354,0.060
cloudphysics,w33,0.1,0.4414,0.4408,0.060,0.4413,0.4412,0.010
cloudphysics,w34,0.1,0.9477,0.9429,0.480,0.9551,0.9530,0.210
cloudphysics,w35,0.1,,,,,,
cloudphysics,w36,0.1,0.4459,0.4458,0.010,0.4461,0.4462,-0.010
cloudphysics,w37,0.1,0.9252,0.9227,0.250,0.9691,0.9682,0.090
cloudphysics,w38,0.1,0.8728,0.8709,0.190,0.8660,0.8653,0.070
cloudphysics,w39,0.1,,,,,,
cloudphysics,w40,0.1,,,,,,
cloudphysics,w41,0.1,,,,,,
cloudphysics,w42,0.1,0.8640,0.8555,0.850,0.8506,0.8486,0.200
cloudphysics,w43,0.1,0.8437,0.8351,0.860,0.8350,0.8346,0.040
cloudphysics,w44,0.1,0.9671,0.9638,0.330,0.9617,0.9604,0.130
cloudphysics,w45,0.1,,,,,,
cloudphysics,w46,0.1,0.6379,0.6423,-0.440,0.6346,0.6344,0.020
cloudphysics,w47,0.1,,,,,,
cloudphysics,w48,0.1,0.9797,0.9769,0.280,0.9734,0.9737,-0.030
cloudphysics,w49,0.1,0.7232,0.7156,0.760,0.7182,0.7154,0.280
cloudphysics,w50,0.1,0.9967,0.9894,0.730,0.9846,0.9844,0.020
cloudphysics,w51,0.1,0.8509,0.8068,4.410,0.8305,0.8339,-0.340
cloudphysics,w52,0.1,,,,,,
cloudphysics,w53,0.1,0.7324,0.7290,0.340,0.7307,0.7303,0.040
cloudphysics,w54,0.1,0.8860,0.8766,0.940,0.8717,0.8711,0.060
cloudphysics,w55,0.1,0.8939,0.8914,0.250,0.9054,0.9050,0.040
cloudphysics,w56,0.1,,,,,,
cloudphysics,w57,0.1,,,,,,
cloudphysics,w58,0.1,0.7134,0.6940,1.940,0.6867,0.6896,-0.290
cloudphysics,w59,0.1,0.9916,0.9892,0.240,0.9842,0.9835,0.070
cloudphysics,w60,0.1,0.9061,0.9020,0.410,0.9012,0.8998,0.140
cloudphysics,w61,0.1,0.9697,0.9625,0.720,0.9653,0.9591,0.620
cloudphysics,w62,0.1,0.9764,0.9744,0.200,0.9731,0.9726,0.050
cloudphysics,w63,0.1,0.9831,0.9746,0.850,0.9688,0.9701,-0.130
cloudphysics,w64,0.1,0.9213,0.9197,0.160,0.9202,0.9197,0.050
cloudphysics,w65,0.1,0.9909,0.9900,0.090,0.9877,0.9875,0.020
cloudphysics,w66,0.1,,,,,,
cloudphysics,w67,0.1,,,,,,
cloudphysics,w68,0.1,,,,,,
cloudphysics,w69,0.1,0.8454,0.8348,1.060,0.8292,0.8235,0.570
cloudphysics,w70,0.1,,,,,,
cloudphysics,w71,0.1,,,,,,
cloudphysics,w72,0.1,,,,,,
cloudphysics,w73,0.1,,,,,,
cloudphysics,w74,0.1,,,,,,
cloudphysics,w75,0.1,,,,,,
cloudphysics,w76,0.1,,,,,,
cloudphysics,w77,0.1,0.8488,0.8437,0.510,0.8450,0.8443,0.070
cloudphysics,w78,0.1,,,,,,
cloudphysics,w79,0.1,0.9917,0.9896,0.210,0.9813,0.9813,0.000
cloudphysics,w80,0.1,,,,,,
cloudphysics,w81,0.1,,,,,,
cloudphysics,w82,0.1,,,,,,
cloudphysics,w83,0.1,,,,,,
cloudphysics,w84,0.1,,,,,,
cloudphysics,w85,0.1,,,,,,
cloudphysics,w86,0.1,0.9666,0.9643,0.230,0.9662,0.9659,0.030
cloudphysics,w87,0.1,0.9720,0.9728,-0.080,0.9869,0.9867,0.020
cloudphysics,w88,0.1,,,,,,
cloudphysics,w89,0.1,,,,,,
cloudphysics,w90,0.1,,,,,,
cloudphysics,w91,0.1,,,,,,
cloudphysics,w92,0.1,,,,,,
cloudphysics,w93,0.1,0.8975,0.8940,0.350,0.8863,0.8859,0.040
cloudphysics,w94,0.1,,,,,,
cloudphysics,w95,0.1,,,,,,
cloudphysics,w96,0.1,,,,,,
cloudphysics,w97,0.1,0.8094,0.7964,1.300,0.8051,0.8043,0.080
cloudphysics,w98,0.1,0.8048,0.7904,1.440,0.7996,0.7985,0.110
cloudphysics,w99,0.1,,,,,,
fiu,fiu_casa-110108-112108,0.1,,,,,,
fiu,fiu_cheetah.cs.fiu.edu-110108-113008,0.1,0.9423,0.9421,0.020,0.9092,0.9086,0.060
fiu,fiu_homes-110108-112108,0.1,,,,,,
fiu,fiu_ikki-110108-112108,0.1,,,,,,
fiu,fiu_madmax-110108-112108,0.1,,,,,,
fiu,fiu_online.cs.fiu.edu-110108-113008,0.1,,,,,,
fiu,fiu_webmail+online.cs.fiu.edu-110108-113008,0.1,,,,,,
fiu,fiu_webmail.cs.fiu.edu-110108-113008,0.1,,,,,,
fiu,fiu_webresearch-030409-033109,0.1,,,,,,
fiu,fiu_webusers-030409-033109,0.1,,,,,,
metaCDN,meta_reag,0.1,,,,,,
metaCDN,meta_rnha,0.1,,,,,,
metaCDN,meta_rprn,0.1,,,,,,
metaKV,202206_kv_traces_all.csv,0.1,0.2575,0.2534,0.410,0.2151,0.2151,0.000
metaKV,202210_kv_traces_all_sort.csv,0.1,0.1791,0.1790,0.010,0.1624,0.1624,0.000
metaKV,202401_kv_traces_all_sort.csv,0.1,0.3501,0.3496,0.050,0.3169,0.3170,-0.010
metaStorage,block_traces_1,0.1,0.4888,0.4909,-0.210,0.5191,0.5191,0.000
metaStorage,block_traces_2,0.1,0.4965,0.4982,-0.170,0.5231,0.5231,0.000
metaStorage,block_traces_3,0.1,0.5129,0.5144,-0.150,0.5381,0.5381,0.000
metaStorage,block_traces_4,0.1,0.5063,0.5077,-0.140,0.5343,0.5343,0.000
metaStorage,block_traces_5,0.1,0.5175,0.5188,-0.130,0.5440,0.5439,0.010
msr,msr_hm_0,0.1,,,,,,
msr,msr_prn_0,0.1,,,,,,
msr,msr_prn_1,0.1,0.8070,0.8056,0.140,0.8422,0.8371,0.510
msr,msr_proj_0,0.1,,,,,,
msr,msr_proj_1,0.1,0.9196,0.9182,0.140,0.9521,0.9505,0.160
msr,msr_proj_2,0.1,0.9869,0.9866,0.030,0.9903,0.9898,0.050
msr,msr_proj_4,0.1,0.9848,0.9835,0.130,0.9789,0.9778,0.110
msr,msr_prxy_0,0.1,,,,,,
msr,msr_prxy_1,0.1,,,,,,
msr,msr_src1_0,0.1,0.9661,0.9654,0.070,0.9730,0.9722,0.080
msr,msr_src1_1,0.1,0.9681,0.9672,0.090,0.9817,0.9808,0.090
msr,msr_usr_1,0.1,0.9072,0.8927,1.450,0.8972,0.8833,1.390
msr,msr_usr_2,0.1,0.8490,0.8466,0.240,0.8498,0.8488,0.100
msr,msr_web_2,0.1,0.9955,0.9954,0.010,0.9950,0.9950,0.000
systor,2016_LUN0,0.1,,,,,,
systor,2016_LUN1,0.1,,,,,,
systor,2016_LUN2,0.1,,,,,,
systor,2016_LUN3,0.1,,,,,,
systor,2016_LUN4,0.1,,,,,,
systor,2016_LUN6,0.1,,,,,,
tencentBlock_v2,tencentBlock_10000,0.1,0.5608,0.4786,8.220,0.4718,0.4668,0.500
tencentBlock_v2,tencentBlock_10001,0.1,0.4395,0.4309,0.860,0.4282,0.4282,0.000
tencentBlock_v2,tencentBlock_10012,0.1,0.8125,0.8050,0.750,0.8402,0.8373,0.290
tencentBlock_v2,tencentBlock_10100,0.1,0.9124,0.9077,0.470,0.9046,0.9043,0.030
tencentBlock_v2,tencentBlock_10163,0.1,0.8295,0.8205,0.900,0.8483,0.8443,0.400
tencentBlock_v2,tencentBlock_10171,0.1,0.7350,0.6383,9.670,0.6012,0.5965,0.470
tencentBlock_v2,tencentBlock_10226,0.1,0.7398,0.7327,0.710,0.7686,0.7649,0.370
tencentBlock_v2,tencentBlock_10348,0.1,0.7277,0.7113,1.640,0.6995,0.6985,0.100
tencentBlock_v2,tencentBlock_10476,0.1,0.8382,0.8367,0.150,0.8623,0.8598,0.250
tencentBlock_v2,tencentBlock_10512,0.1,0.8536,0.8508,0.280,0.8724,0.8707,0.170
tencentBlock_v2,tencentBlock_10533,0.1,0.7769,0.7741,0.280,0.7752,0.7752,0.000
tencentBlock_v2,tencentBlock_10564,0.1,0.8280,0.8189,0.910,0.8445,0.8395,0.500
tencentBlock_v2,tencentBlock_1063,0.1,0.9005,,,0.8262,0.8276,-0.140
tencentBlock_v2,tencentBlock_10635,0.1,0.5509,0.4768,7.410,0.4748,0.4704,0.440
tencentBlock_v2,tencentBlock_1069,0.1,0.3365,0.3366,-0.010,0.3365,0.3365,0.000
tencentBlock_v2,tencentBlock_10799,0.1,0.8475,0.8363,1.120,0.8541,0.8537,0.040
tencentBlock_v2,tencentBlock_10836,0.1,0.9534,0.9530,0.040,0.9517,0.9517,0.000
tencentBlock_v2,tencentBlock_10935,0.1,0.6652,0.6231,4.210,0.6106,0.6035,0.710
tencentBlock_v2,tencentBlock_11013,0.1,0.8280,0.8187,0.930,0.8489,0.8437,0.520
tencentBlock_v2,tencentBlock_11034,0.1,0.5740,0.4906,8.340,0.4848,0.4803,0.450
tencentBlock_v2,tencentBlock_11156,0.1,0.8704,0.8690,0.140,0.8737,0.8735,0.020
tencentBlock_v2,tencentBlock_1121,0.1,0.7530,0.7260,2.700,0.7276,0.7264,0.120
tencentBlock_v2,tencentBlock_1148,0.1,0.2961,0.2956,0.050,0.2904,0.2904,0.000
tencentBlock_v2,tencentBlock_11509,0.1,0.6830,0.6530,3.000,0.6395,0.6419,-0.240
tencentBlock_v2,tencentBlock_1152,0.1,0.1973,0.2038,-0.650,0.1818,0.1819,-0.010
tencentBlock_v2,tencentBlock_11549,0.1,0.8221,0.8112,1.090,0.8244,0.8227,0.170
tencentBlock_v2,tencentBlock_11569,0.1,0.8582,0.8526,0.560,0.8714,0.8689,0.250
tencentBlock_v2,tencentBlock_11615,0.1,0.7996,0.7926,0.700,0.8357,0.8299,0.580
tencentBlock_v2,tencentBlock_1162,0.1,1.0000,1.0000,0.000,0.9999,0.9999,0.000
tencentBlock_v2,tencentBlock_11622,0.1,0.8154,0.8129,0.250,0.8155,0.8152,0.030
tencentBlock_v2,tencentBlock_1163,0.1,0.8538,0.8534,0.040,0.8518,0.8509,0.090
tencentBlock_v2,tencentBlock_11633,0.1,0.4922,0.4882,0.400,0.4915,0.4881,0.340
tencentBlock_v2,tencentBlock_11634,0.1,0.7427,0.7339,0.880,0.7677,0.7635,0.420
tencentBlock_v2,tencentBlock_1164,0.1,0.6077,0.5912,1.650,0.5700,0.5696,0.040
tencentBlock_v2,tencentBlock_11648,0.1,0.8322,0.8214,1.080,0.8508,0.8452,0.560
tencentBlock_v2,tencentBlock_11656,0.1,0.6584,0.5916,6.680,0.5775,0.5607,1.680
tencentBlock_v2,tencentBlock_11669,0.1,0.8093,0.8000,0.930,0.8357,0.8322,0.350
tencentBlock_v2,tencentBlock_11784,0.1,0.8387,0.8291,0.960,0.8540,0.8481,0.590
tencentBlock_v2,tencentBlock_11822,0.1,0.6702,0.6682,0.200,0.6659,0.6659,0.000
tencentBlock_v2,tencentBlock_11887,0.1,0.5586,0.4748,8.380,0.4693,0.4646,0.470
tencentBlock_v2,tencentBlock_11933,0.1,0.8340,0.8244,0.960,0.8541,0.8471,0.700
tencentBlock_v2,tencentBlock_1205,0.1,0.4063,0.3911,1.520,0.3752,0.3749,0.030
tencentBlock_v2,tencentBlock_12075,0.1,0.8392,0.8371,0.210,0.8603,0.8571,0.320
tencentBlock_v2,tencentBlock_1214,0.1,0.4507,0.4351,1.560,0.4234,0.4229,0.050
tencentBlock_v2,tencentBlock_12186,0.1,0.5089,0.4847,2.420,0.4866,0.4845,0.210
tencentBlock_v2,tencentBlock_12200,0.1,0.9097,0.9060,0.370,0.9052,0.9046,0.060
tencentBlock_v2,tencentBlock_12217,0.1,0.8284,0.8181,1.030,0.8498,0.8434,0.640
tencentBlock_v2,tencentBlock_12300,0.1,0.2065,0.2061,0.040,0.2074,0.2074,0.005
tencentBlock_v2,tencentBlock_12430,0.1,0.8015,0.6704,13.110,0.6133,0.6790,-6.570
tencentBlock_v2,tencentBlock_12447,0.1,0.6722,0.6630,0.920,0.6592,0.6583,0.090
tencentBlock_v2,tencentBlock_12455,0.1,0.7705,0.7309,3.960,0.7476,0.7450,0.260
tencentBlock_v2,tencentBlock_12461,0.1,0.8785,0.8730,0.550,0.8855,0.8835,0.200
tencentBlock_v2,tencentBlock_12621,0.1,0.8421,0.8392,0.290,0.8316,0.8313,0.030
tencentBlock_v2,tencentBlock_12704,0.1,0.7884,0.7808,0.760,0.8057,0.8017,0.400
tencentBlock_v2,tencentBlock_12726,0.1,0.7712,0.7639,0.730,0.7951,0.7910,0.410
tencentBlock_v2,tencentBlock_1273,0.1,0.3998,0.3858,1.400,0.3748,0.3745,0.030
tencentBlock_v2,tencentBlock_12745,0.1,0.8096,0.8093,0.030,0.8073,0.8073,0.000
tencentBlock_v2,tencentBlock_12754,0.1,0.5175,0.5219,-0.440,0.5293,0.5291,0.020
tencentBlock_v2,tencentBlock_12908,0.1,0.7419,0.7255,1.640,0.7385,0.7363,0.220
tencentBlock_v2,tencentBlock_1293,0.1,0.8754,0.8600,1.540,0.8583,0.8586,-0.030
tencentBlock_v2,tencentBlock_12973,0.1,0.7826,0.7739,0.870,0.8025,0.7976,0.490
tencentBlock_v2,tencentBlock_13039,0.1,0.8743,0.8682,0.610,0.8833,0.8810,0.230
tencentBlock_v2,tencentBlock_13057,0.1,0.7979,0.7886,0.930,0.8261,0.8216,0.450
tencentBlock_v2,tencentBlock_1306,0.1,0.5649,0.5646,0.030,0.5644,0.5644,0.000
tencentBlock_v2,tencentBlock_13155,0.1,0.7761,0.7755,0.060,0.7730,0.7730,0.000
tencentBlock_v2,tencentBlock_13198,0.1,0.8496,0.8405,0.910,0.8629,0.8587,0.420
tencentBlock_v2,tencentBlock_1326,0.1,0.9193,0.8928,2.650,0.8923,0.8937,-0.140
tencentBlock_v2,tencentBlock_13286,0.1,0.8012,0.7886,1.260,0.8210,0.8160,0.500
tencentBlock_v2,tencentBlock_13349,0.1,0.8545,0.8498,0.470,0.8709,0.8689,0.200
tencentBlock_v2,tencentBlock_13435,0.1,0.7843,0.7750,0.930,0.8026,0.7986,0.400
tencentBlock_v2,tencentBlock_13439,0.1,0.9180,0.9157,0.230,0.9247,0.9241,0.060
tencentBlock_v2,tencentBlock_13494,0.1,0.6527,0.6133,3.940,0.6291,0.6259,0.320
tencentBlock_v2,tencentBlock_1351,0.1,,,,0.8698,0.8707,-0.090
tencentBlock_v2,tencentBlock_1360,0.1,,,,,,
tencentBlock_v2,tencentBlock_1362,0.1,0.6156,0.6021,1.350,0.5985,0.5973,0.120
tencentBlock_v2,tencentBlock_13786,0.1,0.8440,0.8422,0.180,0.8660,0.8637,0.230
tencentBlock_v2,tencentBlock_13789,0.1,0.4995,0.4811,1.840,0.4800,0.4783,0.170
tencentBlock_v2,tencentBlock_13811,0.1,0.7908,0.7816,0.920,0.8070,0.8027,0.430
tencentBlock_v2,tencentBlock_13912,0.1,0.6002,0.5328,6.740,0.5339,0.5259,0.800
tencentBlock_v2,tencentBlock_1394,0.1,0.6799,0.6736,0.630,0.6681,0.6678,0.030
tencentBlock_v2,tencentBlock_13980,0.1,0.4937,0.4933,0.040,0.4942,0.4942,0.000
tencentBlock_v2,tencentBlock_14002,0.1,0.6408,0.6325,0.830,0.6281,0.6267,0.140
tencentBlock_v2,tencentBlock_14067,0.1,0.5106,0.4458,6.480,0.4580,0.4544,0.360
tencentBlock_v2,tencentBlock_14207,0.1,0.8319,0.8204,1.150,0.8490,0.8420,0.700
tencentBlock_v2,tencentBlock_14248,0.1,0.4523,0.4570,-0.470,0.4022,0.3992,0.300
tencentBlock_v2,tencentBlock_14300,0.1,0.7276,0.7256,0.200,0.7254,0.7254,0.000
tencentBlock_v2,tencentBlock_1437,0.1,0.2111,0.2173,-0.620,0.2044,0.2043,0.010
tencentBlock_v2,tencentBlock_14467,0.1,0.7469,0.7383,0.860,0.7591,0.7584,0.070
tencentBlock_v2,tencentBlock_1458,0.1,0.3711,0.3521,1.900,0.3030,0.3018,0.120
tencentBlock_v2,tencentBlock_14585,0.1,0.6678,0.6610,0.680,0.6659,0.6657,0.020
tencentBlock_v2,tencentBlock_1475,0.1,0.8347,0.8242,1.050,0.8537,0.8480,0.570
tencentBlock_v2,tencentBlock_14833,0.1,0.8303,0.8220,0.830,0.8538,0.8481,0.570
tencentBlock_v2,tencentBlock_14863,0.1,0.8371,0.8224,1.470,0.8212,0.8209,0.030
tencentBlock_v2,tencentBlock_1505,0.1,0.8184,0.8096,0.880,0.8452,0.8409,0.430
tencentBlock_v2,tencentBlock_15138,0.1,0.8669,0.8573,0.960,0.8714,0.8694,0.200
tencentBlock_v2,tencentBlock_15175,0.1,0.5163,0.4520,6.430,0.4588,0.4551,0.370
tencentBlock_v2,tencentBlock_1525,0.1,0.8082,0.8025,0.570,0.8141,0.8130,0.110
tencentBlock_v2,tencentBlock_15420,0.1,0.7976,0.7943,0.330,0.7955,0.7955,0.000
tencentBlock_v2,tencentBlock_1548,0.1,0.9726,0.9654,0.720,0.9641,0.9641,0.000
tencentBlock_v2,tencentBlock_15481,0.1,0.5837,0.5715,1.220,0.5737,0.5729,0.080
tencentBlock_v2,tencentBlock_1552,0.1,0.8271,0.8166,1.050,0.8505,0.8457,0.480
tencentBlock_v2,tencentBlock_15549,0.1,0.6159,0.6154,0.050,0.6157,0.6155,0.020
tencentBlock_v2,tencentBlock_1557,0.1,0.8729,0.8501,2.280,0.8369,0.8318,0.510
tencentBlock_v2,tencentBlock_15701,0.1,0.6167,0.6054,1.130,0.6060,0.6057,0.030
tencentBlock_v2,tencentBlock_15804,0.1,0.9202,0.9186,0.160,0.9274,0.9265,0.090
tencentBlock_v2,tencentBlock_15812,0.1,0.8490,0.8458,0.320,0.8662,0.8639,0.230
tencentBlock_v2,tencentBlock_1586,0.1,0.8084,0.7969,1.150,0.8267,0.8221,0.460
tencentBlock_v2,tencentBlock_1591,0.1,1.0000,1.0000,0.000,0.9999,0.9999,0.000
tencentBlock_v2,tencentBlock_15910,0.1,0.8154,0.8083,0.710,0.8384,0.8358,0.260
tencentBlock_v2,tencentBlock_15939,0.1,0.9316,0.9289,0.270,0.9304,0.9303,0.010
tencentBlock_v2,tencentBlock_15957,0.1,0.6473,0.5879,5.940,0.5663,0.5497,1.660
tencentBlock_v2,tencentBlock_1599,0.1,0.9745,0.9745,0.000,0.9744,0.9744,0.000
tencentBlock_v2,tencentBlock_16023,0.1,0.8141,0.8077,0.640,0.8401,0.8378,0.230
tencentBlock_v2,tencentBlock_16065,0.1,0.8250,0.8129,1.210,0.8438,0.8398,0.400
tencentBlock_v2,tencentBlock_1625,0.1,0.1925,0.1880,0.450,0.1790,0.1789,0.010
tencentBlock_v2,tencentBlock_1633,0.1,0.6083,0.6021,0.620,0.6027,0.6023,0.040
tencentBlock_v2,tencentBlock_16357,0.1,0.8277,0.8196,0.810,0.8496,0.8454,0.420
tencentBlock_v2,tencentBlock_16433,0.1,0.9374,0.9161,2.130,0.9052,0.9025,0.270
tencentBlock_v2,tencentBlock_16546,0.1,0.5889,0.5605,2.840,0.5491,0.5452,0.390
tencentBlock_v2,tencentBlock_1655,0.1,0.6565,0.6504,0.610,0.6501,0.6478,0.230
tencentBlock_v2,tencentBlock_1662,0.1,0.4134,0.3995,1.390,0.3849,0.3846,0.030
tencentBlock_v2,tencentBlock_16639,0.1,0.6263,0.6217,0.460,0.6323,0.6312,0.110
tencentBlock_v2,tencentBlock_16739,0.1,0.9675,0.9656,0.190,0.9640,0.9638,0.020
tencentBlock_v2,tencentBlock_16742,0.1,0.7892,0.7698,1.940,0.7646,0.7633,0.130
tencentBlock_v2,tencentBlock_16788,0.1,0.7659,0.7556,1.030,0.7646,0.7644,0.020
tencentBlock_v2,tencentBlock_16864,0.1,0.7236,0.7230,0.060,0.7235,0.7235,0.000
tencentBlock_v2,tencentBlock_16868,0.1,0.5244,0.5160,0.840,0.5065,0.5059,0.060
tencentBlock_v2,tencentBlock_16918,0.1,0.7764,0.7676,0.880,0.7897,0.7855,0.420
tencentBlock_v2,tencentBlock_16923,0.1,0.7991,0.7869,1.220,0.7836,0.7838,-0.020
tencentBlock_v2,tencentBlock_1699,0.1,0.7842,0.7770,0.720,0.7926,0.7903,0.230
tencentBlock_v2,tencentBlock_17009,0.1,0.7998,0.7966,0.320,0.7972,0.7972,0.000
tencentBlock_v2,tencentBlock_17010,0.1,0.5460,0.4617,8.430,0.4542,0.4491,0.510
tencentBlock_v2,tencentBlock_17173,0.1,0.6468,0.5843,6.250,0.5674,0.5499,1.750
tencentBlock_v2,tencentBlock_1730,0.1,0.7589,0.7458,1.310,0.7318,0.7233,0.850
tencentBlock_v2,tencentBlock_17389,0.1,0.5940,0.5432,5.080,0.5376,0.5293,0.830
tencentBlock_v2,tencentBlock_17393,0.1,0.6143,0.5894,2.490,0.5832,0.5815,0.170
tencentBlock_v2,tencentBlock_17513,0.1,0.8463,0.8445,0.180,0.8653,0.8634,0.190
tencentBlock_v2,tencentBlock_1757,0.1,0.9639,0.9489,1.500,0.9480,0.9391,0.890
tencentBlock_v2,tencentBlock_17644,0.1,0.7959,0.7845,1.140,0.8180,0.8147,0.330
tencentBlock_v2,tencentBlock_17742,0.1,0.7990,0.7959,0.310,0.7969,0.7968,0.010
tencentBlock_v2,tencentBlock_17792,0.1,0.7965,0.7919,0.460,0.7781,0.7774,0.070
tencentBlock_v2,tencentBlock_17837,0.1,0.8330,0.8224,1.060,0.8337,0.8309,0.280
tencentBlock_v2,tencentBlock_1791,0.1,0.5846,0.5689,1.570,0.5693,0.5666,0.270
tencentBlock_v2,tencentBlock_17998,0.1,0.6122,0.6115,0.070,0.6134,0.6132,0.020
tencentBlock_v2,tencentBlock_1802,0.1,0.8502,0.8471,0.310,0.8685,0.8665,0.200
tencentBlock_v2,tencentBlock_18133,0.1,0.9821,0.9742,0.790,0.9596,0.9593,0.030
tencentBlock_v2,tencentBlock_18292,0.1,0.7520,0.7069,4.510,0.7099,0.7409,-3.100
tencentBlock_v2,tencentBlock_18324,0.1,,,,,,
tencentBlock_v2,tencentBlock_18417,0.1,0.5243,0.5106,1.370,0.5088,0.5083,0.050
tencentBlock_v2,tencentBlock_18464,0.1,0.4501,0.3912,5.890,0.3799,0.3781,0.180
tencentBlock_v2,tencentBlock_1847,0.1,0.9003,0.9000,0.030,0.8996,0.8996,0.000
tencentBlock_v2,tencentBlock_18605,0.1,0.7067,0.7001,0.660,0.6937,0.6937,0.000
tencentBlock_v2,tencentBlock_18797,0.1,0.8016,0.7398,6.180,0.7401,0.7357,0.440
tencentBlock_v2,tencentBlock_1894,0.1,0.6425,0.6227,1.980,0.6245,0.6243,0.020
tencentBlock_v2,tencentBlock_18961,0.1,0.5062,0.5032,0.300,0.5103,0.5103,0.000
tencentBlock_v2,tencentBlock_1900,0.1,0.6166,0.6162,0.040,0.6180,0.6179,0.010
tencentBlock_v2,tencentBlock_1911,0.1,0.9999,0.9999,0.000,0.9999,0.9999,0.000
tencentBlock_v2,tencentBlock_19120,0.1,0.7484,0.7450,0.340,0.7445,0.7444,0.010
tencentBlock_v2,tencentBlock_19202,0.1,0.5320,0.4708,6.120,0.4690,0.4670,0.200
tencentBlock_v2,tencentBlock_19220,0.1,0.8522,0.8008,5.140,0.8002,0.7962,0.400
tencentBlock_v2,tencentBlock_19260,0.1,0.5807,0.4988,8.190,0.4908,0.4855,0.530
tencentBlock_v2,tencentBlock_19265,0.1,0.5597,0.4793,8.040,0.4709,0.4659,0.500
tencentBlock_v2,tencentBlock_19271,0.1,0.6035,0.6026,0.090,0.6037,0.6036,0.010
tencentBlock_v2,tencentBlock_1933,0.1,0.8366,0.8355,0.110,0.8621,0.8587,0.340
tencentBlock_v2,tencentBlock_19985,0.1,0.8070,0.7951,1.190,0.8262,0.8239,0.230
tencentBlock_v2,tencentBlock_1999,0.1,0.8360,0.8283,0.770,0.8382,0.8358,0.240
tencentBlock_v2,tencentBlock_20042,0.1,0.6559,0.6507,0.520,0.6481,0.6480,0.010
tencentBlock_v2,tencentBlock_20052,0.1,0.8440,0.8409,0.310,0.8608,0.8584,0.240
tencentBlock_v2,tencentBlock_2009,0.1,0.9241,0.9235,0.060,0.9265,0.9264,0.010
tencentBlock_v2,tencentBlock_20095,0.1,0.5631,0.5534,0.970,0.5462,0.5455,0.070
tencentBlock_v2,tencentBlock_20128,0.1,0.8741,0.8607,1.340,0.8854,0.8815,0.390
tencentBlock_v2,tencentBlock_2017,0.1,0.8320,0.8232,0.880,0.8531,0.8480,0.510
tencentBlock_v2,tencentBlock_20291,0.1,0.5926,0.5919,0.070,0.5938,0.5938,0.000
tencentBlock_v2,tencentBlock_2030,0.1,0.5327,0.5228,0.990,0.5252,0.5243,0.090
tencentBlock_v2,tencentBlock_2035,0.1,0.9776,0.9776,0.000,0.9774,0.9774,0.000
tencentBlock_v2,tencentBlock_20627,0.1,0.8439,0.8290,1.490,0.8270,0.8253,0.170
tencentBlock_v2,tencentBlock_2067,0.1,0.7546,0.7534,0.120,0.7875,0.7844,0.310
tencentBlock_v2,tencentBlock_20699,0.1,0.5935,0.5713,2.220,0.5867,0.5845,0.220
tencentBlock_v2,tencentBlock_2075,0.1,0.8386,0.8372,0.140,0.8618,0.8595,0.230
tencentBlock_v2,tencentBlock_2079,0.1,0.6555,0.6312,2.430,0.5674,0.5642,0.320
tencentBlock_v2,tencentBlock_20979,0.1,0.8230,0.8108,1.220,0.8297,0.8276,0.210
tencentBlock_v2,tencentBlock_21031,0.1,0.3755,0.3758,-0.030,0.3768,0.3768,0.000
tencentBlock_v2,tencentBlock_21054,0.1,0.8415,0.8370,0.450,0.8610,0.8577,0.330
tencentBlock_v2,tencentBlock_2109,0.1,0.8447,0.8425,0.220,0.8679,0.8649,0.300
tencentBlock_v2,tencentBlock_2127,0.1,0.7158,0.6776,3.820,0.6559,0.6496,0.630
tencentBlock_v2,tencentBlock_21346,0.1,0.8458,0.8431,0.270,0.8658,0.8635,0.230
tencentBlock_v2,tencentBlock_21369,0.1,0.9250,0.9249,0.010,0.9274,0.9274,0.000
tencentBlock_v2,tencentBlock_21390,0.1,0.6005,0.5971,0.340,0.5954,0.5954,0.000
tencentBlock_v2,tencentBlock_2145,0.1,0.7583,0.7562,0.210,0.7559,0.7559,0.000
tencentBlock_v2,tencentBlock_21564,0.1,0.9364,0.9316,0.480,0.9365,0.9352,0.130
tencentBlock_v2,tencentBlock_21795,0.1,0.5969,0.5803,1.660,0.5818,0.5791,0.270
tencentBlock_v2,tencentBlock_21805,0.1,0.7513,0.7242,2.710,,0.7199,
tencentBlock_v2,tencentBlock_2212,0.1,0.4403,0.4294,1.090,0.4169,0.4167,0.020
tencentBlock_v2,tencentBlock_2216,0.1,0.8591,0.8556,0.350,0.8742,0.8719,0.230
tencentBlock_v2,tencentBlock_2219,0.1,0.8061,0.8034,0.270,0.8260,0.8232,0.280
tencentBlock_v2,tencentBlock_2230,0.1,0.7563,0.7470,0.930,0.7482,0.7474,0.080
tencentBlock_v2,tencentBlock_2275,0.1,0.9177,0.9175,0.020,0.9169,0.9169,0.000
tencentBlock_v2,tencentBlock_2286,0.1,0.5153,0.5199,-0.460,0.4189,0.4137,0.520
tencentBlock_v2,tencentBlock_22923,0.1,0.6572,0.5799,7.730,0.5527,0.5487,0.400
tencentBlock_v2,tencentBlock_2308,0.1,0.4806,0.4590,2.160,0.4065,0.4057,0.080
tencentBlock_v2,tencentBlock_2313,0.1,0.8428,0.8128,3.000,0.7945,0.7913,0.320
tencentBlock_v2,tencentBlock_23299,0.1,0.9772,0.9770,0.020,0.9828,0.9828,0.000
tencentBlock_v2,tencentBlock_2337,0.1,0.7694,0.7583,1.110,0.7846,0.7797,0.490
tencentBlock_v2,tencentBlock_23374,0.1,0.5826,0.5804,0.220,0.6001,0.5989,0.120
tencentBlock_v2,tencentBlock_23429,0.1,0.6986,0.6356,6.300,0.5779,0.5806,-0.270
tencentBlock_v2,tencentBlock_2362,0.1,0.7703,0.7549,1.540,0.7627,0.7612,0.150
tencentBlock_v2,tencentBlock_23689,0.1,0.3950,0.3914,0.360,0.3831,0.3827,0.040
tencentBlock_v2,tencentBlock_23707,0.1,0.5419,0.5448,-0.290,0.5454,0.5439,0.150
tencentBlock_v2,tencentBlock_2376,0.1,0.8558,0.8530,0.280,0.8728,0.8708,0.200
tencentBlock_v2,tencentBlock_24190,0.1,0.7318,0.6702,6.160,0.5789,0.5920,-1.310
tencentBlock_v2,tencentBlock_24332,0.1,0.5552,0.5494,0.580,0.5509,0.5509,0.000
tencentBlock_v2,tencentBlock_2438,0.1,0.6719,0.6584,1.350,0.6525,0.6485,0.400
tencentBlock_v2,tencentBlock_2534,0.1,0.4114,0.4048,0.660,0.4030,0.4023,0.070
tencentBlock_v2,tencentBlock_25411,0.1,0.4689,0.4888,-1.990,0.4434,0.4771,-3.370
tencentBlock_v2,tencentBlock_25669,0.1,0.9206,0.9164,0.420,0.9485,0.9470,0.145
tencentBlock_v2,tencentBlock_25697,0.1,0.6851,0.6740,1.110,,0.6578,
tencentBlock_v2,tencentBlock_2583,0.1,0.8619,0.8551,0.680,0.8509,0.8506,0.030
tencentBlock_v2,tencentBlock_2627,0.1,0.4374,0.4233,1.410,0.4123,0.4120,0.030
tencentBlock_v2,tencentBlock_2690,0.1,0.8352,0.8276,0.760,0.8451,0.8423,0.280
tencentBlock_v2,tencentBlock_2706,0.1,0.5473,0.4644,8.290,0.4571,0.4523,0.480
tencentBlock_v2,tencentBlock_2761,0.1,0.9086,0.9072,0.140,0.8955,0.8956,-0.010
tencentBlock_v2,tencentBlock_2771,0.1,0.4851,0.4786,0.650,0.4412,0.4383,0.290
tencentBlock_v2,tencentBlock_2911,0.1,0.5559,0.5610,-0.510,0.5506,0.5506,0.000
tencentBlock_v2,tencentBlock_2932,0.1,0.8203,0.8151,0.520,0.8246,0.8233,0.130
tencentBlock_v2,tencentBlock_2982,0.1,0.2007,0.1969,0.380,0.1799,0.1798,0.010
tencentBlock_v2,tencentBlock_3021,0.1,0.7730,0.7701,0.290,0.7896,0.7876,0.200
tencentBlock_v2,tencentBlock_3027,0.1,0.7974,0.7937,0.370,0.8103,0.8081,0.220
tencentBlock_v2,tencentBlock_3036,0.1,0.8002,0.7744,2.580,0.7483,0.7456,0.270
tencentBlock_v2,tencentBlock_3084,0.1,0.5303,0.5036,2.670,0.4918,0.4901,0.170
tencentBlock_v2,tencentBlock_3104,0.1,0.8519,0.8488,0.310,0.8721,0.8695,0.260
tencentBlock_v2,tencentBlock_3109,0.1,0.8170,0.8127,0.430,0.8458,0.8426,0.320
tencentBlock_v2,tencentBlock_3135,0.1,0.7888,0.7811,0.770,0.8079,0.8044,0.350
tencentBlock_v2,tencentBlock_3204,0.1,0.8199,0.7963,2.360,0.7737,0.7717,0.200
tencentBlock_v2,tencentBlock_3240,0.1,0.2206,0.2203,0.030,0.2249,0.2249,0.000
tencentBlock_v2,tencentBlock_3246,0.1,0.6354,0.6206,1.480,0.6276,0.6265,0.110
tencentBlock_v2,tencentBlock_3265,0.1,0.7904,0.7844,0.600,0.8001,0.7984,0.170
tencentBlock_v2,tencentBlock_3300,0.1,0.4193,0.4042,1.510,0.3940,0.3934,0.060
tencentBlock_v2,tencentBlock_3310,0.1,0.9339,0.9334,0.050,0.9357,0.9356,0.010
tencentBlock_v2,tencentBlock_3342,0.1,0.2361,0.2289,0.720,0.2019,0.2015,0.040
tencentBlock_v2,tencentBlock_3353,0.1,0.8059,0.7972,0.870,0.8356,0.8310,0.460
tencentBlock_v2,tencentBlock_3443,0.1,0.8373,0.8317,0.560,0.8579,0.8552,0.270
tencentBlock_v2,tencentBlock_3495,0.1,0.8171,0.8080,0.910,0.8365,0.8341,0.240
tencentBlock_v2,tencentBlock_3512,0.1,0.7165,0.7049,1.160,,,
tencentBlock_v2,tencentBlock_3557,0.1,0.7394,0.6989,4.050,0.6856,0.6776,0.800
tencentBlock_v2,tencentBlock_3561,0.1,0.3617,0.3568,0.490,0.3472,0.3469,0.030
tencentBlock_v2,tencentBlock_3618,0.1,0.5335,0.5099,2.360,0.5002,0.4996,0.060
tencentBlock_v2,tencentBlock_3678,0.1,0.7766,0.7699,0.670,0.7994,0.7952,0.420
tencentBlock_v2,tencentBlock_3699,0.1,0.7517,0.7436,0.810,0.7786,0.7754,0.320
tencentBlock_v2,tencentBlock_3708,0.1,0.7419,0.7395,0.240,0.7795,0.7744,0.510
tencentBlock_v2,tencentBlock_3762,0.1,0.4501,0.4315,1.860,0.4201,0.4172,0.290
tencentBlock_v2,tencentBlock_3768,0.1,0.7632,0.7613,0.190,0.7963,0.7928,0.350
tencentBlock_v2,tencentBlock_3770,0.1,1.0000,1.0000,0.000,0.9999,0.9999,0.000
tencentBlock_v2,tencentBlock_3801,0.1,0.6376,0.6266,1.100,0.6301,0.6291,0.100
tencentBlock_v2,tencentBlock_3806,0.1,0.8592,0.8481,1.110,0.8440,0.8428,0.120
tencentBlock_v2,tencentBlock_3879,0.1,0.8313,0.8225,0.880,0.8182,0.8163,0.190
tencentBlock_v2,tencentBlock_3886,0.1,0.7435,0.7410,0.250,0.7738,0.7698,0.400
tencentBlock_v2,tencentBlock_3900,0.1,0.8419,0.8360,0.590,0.8541,0.8515,0.260
tencentBlock_v2,tencentBlock_3906,0.1,0.7509,0.7464,0.450,0.7797,0.7752,0.450
tencentBlock_v2,tencentBlock_3915,0.1,0.8534,0.8474,0.600,0.8577,0.8533,0.440
tencentBlock_v2,tencentBlock_3944,0.1,0.9107,0.9054,0.530,0.8965,0.8961,0.040
tencentBlock_v2,tencentBlock_3963,0.1,0.1723,0.1720,0.030,0.1789,0.1789,0.000
tencentBlock_v2,tencentBlock_3964,0.1,0.5687,0.5688,-0.010,0.5675,0.5675,0.000
tencentBlock_v2,tencentBlock_3994,0.1,0.5139,0.5078,0.610,0.4990,0.4982,0.080
tencentBlock_v2,tencentBlock_4019,0.1,0.9043,0.9011,0.320,,0.8989,
tencentBlock_v2,tencentBlock_4046,0.1,0.9999,0.9999,0.000,0.9999,0.9999,0.000
tencentBlock_v2,tencentBlock_4111,0.1,0.6997,0.6855,1.420,0.6950,0.6902,0.480
tencentBlock_v2,tencentBlock_4116,0.1,0.8468,0.8405,0.630,0.8534,0.8518,0.160
tencentBlock_v2,tencentBlock_4145,0.1,0.4384,0.4208,1.760,0.4076,0.4069,0.070
tencentBlock_v2,tencentBlock_4246,0.1,0.7538,0.7524,0.140,0.7872,0.7829,0.430
tencentBlock_v2,tencentBlock_4287,0.1,0.3489,0.3460,0.290,0.3618,0.3618,0.000
tencentBlock_v2,tencentBlock_4323,0.1,0.7611,0.7401,2.100,0.7495,0.7479,0.160
tencentBlock_v2,tencentBlock_4332,0.1,0.8349,0.8232,1.170,0.8193,0.8189,0.040
tencentBlock_v2,tencentBlock_4335,0.1,0.8417,0.8397,0.200,0.8635,0.8609,0.260
tencentBlock_v2,tencentBlock_4361,0.1,0.6889,0.6736,1.530,0.7007,0.6983,0.240
tencentBlock_v2,tencentBlock_4377,0.1,0.7242,0.7193,0.490,0.7590,0.7531,0.590
tencentBlock_v2,tencentBlock_4385,0.1,0.4237,0.4062,1.750,0.3920,0.3913,0.070
tencentBlock_v2,tencentBlock_4393,0.1,0.7929,0.7899,0.300,0.7647,0.7645,0.020
tencentBlock_v2,tencentBlock_4587,0.1,1.0000,1.0000,0.000,0.9999,0.9999,0.000
tencentBlock_v2,tencentBlock_4607,0.1,0.5466,0.5461,0.050,0.5446,0.5444,0.020
tencentBlock_v2,tencentBlock_4620,0.1,1.0000,1.0000,0.000,1.0000,1.0000,0.000
tencentBlock_v2,tencentBlock_4741,0.1,0.8015,0.7914,1.010,0.8287,0.8234,0.530
tencentBlock_v2,tencentBlock_4747,0.1,0.6668,0.6662,0.060,0.6691,0.6690,0.010
tencentBlock_v2,tencentBlock_4786,0.1,0.8103,0.7717,3.860,0.7411,0.7353,0.580
tencentBlock_v2,tencentBlock_4818,0.1,0.7579,0.7447,1.320,0.7455,0.7448,0.070
tencentBlock_v2,tencentBlock_4828,0.1,0.8191,0.8131,0.600,0.8283,0.8270,0.130
tencentBlock_v2,tencentBlock_4833,0.1,0.5783,0.5763,0.200,0.5274,0.5274,0.005
tencentBlock_v2,tencentBlock_4838,0.1,0.7927,0.7824,1.030,0.8034,0.8011,0.230
tencentBlock_v2,tencentBlock_4883,0.1,0.8171,0.7902,2.690,0.7744,0.7726,0.180
tencentBlock_v2,tencentBlock_4927,0.1,0.4107,0.3802,3.050,0.3468,0.3438,0.300
tencentBlock_v2,tencentBlock_4929,0.1,0.6496,0.6288,2.080,0.6212,0.6196,0.160
tencentBlock_v2,tencentBlock_5002,0.1,0.8339,0.8269,0.700,0.8476,0.8430,0.460
tencentBlock_v2,tencentBlock_5046,0.1,0.2289,0.2287,0.020,0.2333,0.2333,0.000
tencentBlock_v2,tencentBlock_5048,0.1,0.6621,0.6156,4.650,0.5734,0.5697,0.370
tencentBlock_v2,tencentBlock_5066,0.1,0.6257,0.5643,6.140,0.5430,0.5263,1.670
tencentBlock_v2,tencentBlock_5150,0.1,0.7357,0.7318,0.390,0.7311,0.7307,0.040
tencentBlock_v2,tencentBlock_5178,0.1,0.7735,0.7733,0.020,0.7727,0.7726,0.010
tencentBlock_v2,tencentBlock_5206,0.1,0.6039,0.5844,1.950,0.5811,0.5805,0.060
tencentBlock_v2,tencentBlock_5242,0.1,0.9348,0.9313,0.350,0.9378,0.9369,0.090
tencentBlock_v2,tencentBlock_5334,0.1,0.4928,0.4832,0.960,0.4780,0.4752,0.280
tencentBlock_v2,tencentBlock_5351,0.1,0.9593,0.9499,0.940,0.9475,0.9474,0.010
tencentBlock_v2,tencentBlock_5369,0.1,0.4398,0.4264,1.340,0.4145,0.4141,0.040
tencentBlock_v2,tencentBlock_5372,0.1,0.6207,0.6184,0.230,0.6165,0.6159,0.060
tencentBlock_v2,tencentBlock_5374,0.1,0.8812,0.8755,0.570,0.8874,0.8850,0.240
tencentBlock_v2,tencentBlock_5390,0.1,0.8302,0.8211,0.910,0.8491,0.8453,0.380
tencentBlock_v2,tencentBlock_5473,0.1,0.5011,0.4803,2.080,0.4767,0.4758,0.090
tencentBlock_v2,tencentBlock_5519,0.1,0.3250,0.3192,0.580,0.3423,0.3410,0.130
tencentBlock_v2,tencentBlock_5526,0.1,0.7757,0.7650,1.070,0.7912,0.7880,0.320
tencentBlock_v2,tencentBlock_5560,0.1,0.6436,0.6279,1.570,0.6146,0.6121,0.250
tencentBlock_v2,tencentBlock_5565,0.1,0.7663,0.7637,0.260,0.7687,0.7685,0.020
tencentBlock_v2,tencentBlock_5592,0.1,0.5007,0.4832,1.750,0.4775,0.4755,0.200
tencentBlock_v2,tencentBlock_5615,0.1,1.0000,1.0000,0.000,0.9999,0.9999,0.000
tencentBlock_v2,tencentBlock_5631,0.1,0.8003,0.7931,0.720,0.8314,0.8266,0.480
tencentBlock_v2,tencentBlock_5710,0.1,0.1595,0.1607,-0.120,0.1498,0.1497,0.010
tencentBlock_v2,tencentBlock_5732,0.1,0.9935,0.9933,0.020,0.9933,0.9933,0.000
tencentBlock_v2,tencentBlock_5875,0.1,0.4994,0.4981,0.130,0.4971,0.4970,0.010
tencentBlock_v2,tencentBlock_5913,0.1,0.4935,0.4915,0.200,0.4865,0.4864,0.010
tencentBlock_v2,tencentBlock_5927,0.1,0.8545,0.8512,0.330,0.8721,0.8700,0.210
tencentBlock_v2,tencentBlock_6063,0.1,0.8352,0.8268,0.840,0.8546,0.8507,0.390
tencentBlock_v2,tencentBlock_6182,0.1,0.8371,0.8271,1.000,0.8541,0.8534,0.070
tencentBlock_v2,tencentBlock_6234,0.1,0.8169,0.8020,1.490,0.8335,0.8274,0.610
tencentBlock_v2,tencentBlock_6327,0.1,0.2753,0.2749,0.040,0.2810,0.2809,0.010
tencentBlock_v2,tencentBlock_6343,0.1,0.8508,0.8480,0.280,0.8715,0.8690,0.250
tencentBlock_v2,tencentBlock_6378,0.1,0.3981,0.3713,2.680,0.3348,0.3425,-0.765
tencentBlock_v2,tencentBlock_6410,0.1,0.7661,0.7288,3.730,0.6912,0.6844,0.680
tencentBlock_v2,tencentBlock_6524,0.1,0.8414,0.8393,0.210,0.8616,0.8595,0.210
tencentBlock_v2,tencentBlock_6528,0.1,0.6246,0.6010,2.360,0.6065,0.6062,0.030
tencentBlock_v2,tencentBlock_6550,0.1,1.0000,1.0000,0.000,0.9999,0.9999,0.000
tencentBlock_v2,tencentBlock_6554,0.1,0.8377,0.8295,0.820,0.8591,0.8544,0.470
tencentBlock_v2,tencentBlock_6579,0.1,0.9662,0.9587,0.750,0.9651,0.9650,0.010
tencentBlock_v2,tencentBlock_6725,0.1,0.4812,0.4736,0.760,0.4696,0.4695,0.010
tencentBlock_v2,tencentBlock_6814,0.1,0.8331,0.8316,0.150,0.8558,0.8532,0.260
tencentBlock_v2,tencentBlock_7015,0.1,0.8102,0.8058,0.440,0.8256,0.8233,0.230
tencentBlock_v2,tencentBlock_7101,0.1,0.3548,0.3272,2.760,0.2947,0.2941,0.060
tencentBlock_v2,tencentBlock_7116,0.1,0.7304,0.7018,2.860,0.7006,0.6971,0.350
tencentBlock_v2,tencentBlock_7160,0.1,0.8671,0.8645,0.260,0.8811,0.8779,0.320
tencentBlock_v2,tencentBlock_7255,0.1,0.3680,0.3631,0.490,0.3585,0.3584,0.010
tencentBlock_v2,tencentBlock_7299,0.1,0.7011,0.6851,1.600,0.6778,0.6757,0.210
tencentBlock_v2,tencentBlock_7315,0.1,0.7393,0.6544,8.490,0.6001,0.5958,0.430
tencentBlock_v2,tencentBlock_7378,0.1,0.8367,0.8266,1.010,0.8539,0.8481,0.580
tencentBlock_v2,tencentBlock_7449,0.1,0.8462,0.8220,2.420,0.8060,0.7995,0.650
tencentBlock_v2,tencentBlock_7510,0.1,0.8563,0.8460,1.030,0.8736,0.8691,0.450
tencentBlock_v2,tencentBlock_7568,0.1,0.8360,0.8191,1.690,0.8289,0.8246,0.430
tencentBlock_v2,tencentBlock_7584,0.1,0.8503,0.8380,1.230,0.8370,0.8354,0.160
tencentBlock_v2,tencentBlock_7696,0.1,0.8241,0.7803,4.380,0.7160,0.7229,-0.690
tencentBlock_v2,tencentBlock_7709,0.1,0.2131,0.2130,0.010,0.2160,0.2159,0.010
tencentBlock_v2,tencentBlock_7732,0.1,0.6566,0.5921,6.450,0.5744,0.5569,1.750
tencentBlock_v2,tencentBlock_8039,0.1,0.7793,0.7695,0.980,0.7997,0.7944,0.530
tencentBlock_v2,tencentBlock_8043,0.1,0.5918,0.4953,9.650,0.4107,0.4088,0.190
tencentBlock_v2,tencentBlock_8077,0.1,0.6903,0.6521,3.820,0.6228,0.6227,0.010
tencentBlock_v2,tencentBlock_8152,0.1,0.5293,0.4603,6.900,0.4535,0.4480,0.550
tencentBlock_v2,tencentBlock_8169,0.1,1.0000,1.0000,0.000,0.9999,0.9999,0.000
tencentBlock_v2,tencentBlock_8229,0.1,0.7788,0.7546,2.420,0.7413,0.7375,0.380
tencentBlock_v2,tencentBlock_8281,0.1,0.4196,0.4174,0.220,0.3894,0.3873,0.210
tencentBlock_v2,tencentBlock_8420,0.1,0.7953,0.7910,0.430,0.8277,0.8225,0.520
tencentBlock_v2,tencentBlock_8526,0.1,0.9080,0.8866,2.140,0.8820,0.8794,0.260
tencentBlock_v2,tencentBlock_8610,0.1,0.9325,0.8814,5.110,0.8661,0.8623,0.380
tencentBlock_v2,tencentBlock_8714,0.1,0.7177,0.7070,1.070,0.7171,0.7158,0.130
tencentBlock_v2,tencentBlock_8809,0.1,0.8100,0.7993,1.070,0.8283,0.8248,0.350
tencentBlock_v2,tencentBlock_8825,0.1,0.5999,0.5690,3.090,0.5534,0.5482,0.520
tencentBlock_v2,tencentBlock_8937,0.1,0.8706,0.8543,1.630,0.8612,0.8548,0.640
tencentBlock_v2,tencentBlock_9118,0.1,0.6227,0.6042,1.850,0.6042,0.6060,-0.180
tencentBlock_v2,tencentBlock_9194,0.1,0.8017,0.7914,1.030,0.8198,0.8173,0.250
tencentBlock_v2,tencentBlock_9214,0.1,0.7600,0.7439,1.610,0.7470,0.7453,0.170
tencentBlock_v2,tencentBlock_9324,0.1,0.6452,0.4183,22.690,0.3806,0.3847,-0.405
tencentBlock_v2,tencentBlock_9372,0.1,0.7433,0.7402,0.310,0.7759,0.7716,0.430
tencentBlock_v2,tencentBlock_9378,0.1,0.7925,0.7835,0.900,0.8104,0.8055,0.490
tencentBlock_v2,tencentBlock_9440,0.1,0.7887,0.7710,1.770,0.7947,0.7890,0.570
tencentBlock_v2,tencentBlock_9551,0.1,0.5917,0.5740,1.770,0.5746,0.5738,0.080
tencentBlock_v2,tencentBlock_9569,0.1,0.4666,0.4671,-0.050,0.4687,0.4687,0.000
tencentBlock_v2,tencentBlock_9663,0.1,0.9347,0.9303,0.440,0.9343,0.9344,-0.010
tencentBlock_v2,tencentBlock_9673,0.1,0.8413,0.8375,0.380,0.8639,0.8606,0.330
tencentBlock_v2,tencentBlock_9745,0.1,0.6160,0.6075,0.850,0.6018,0.6012,0.060
tencentBlock_v2,tencentBlock_9850,0.1,,,,,,
tencentBlock_v2,tencentBlock_9855,0.1,0.8156,0.8060,0.960,0.8388,0.8354,0.340
tencentBlock_v2,tencentBlock_9863,0.1,0.8429,0.8423,0.060,0.8672,0.8648,0.240
tencentBlock_v2,tencentBlock_9884,0.1,0.6861,0.6734,1.270,0.6819,0.6797,0.220
tencentBlock_v2,tencentBlock_9915,0.1,0.8150,0.8104,0.460,0.8326,0.8298,0.280
tencentPhoto,tencent_photo1,0.1,,,,,,
tencentPhoto,tencent_photo2,0.1,,,,,,
twitter_sample100,cluster1,0.1,,,,,,
twitter_sample100,cluster10,0.1,,,,,,
twitter_sample100,cluster11,0.1,,,,,,
twitter_sample100,cluster12,0.1,0.7909,0.7909,0.000,0.7982,0.7982,0.000
twitter_sample100,cluster13,0.1,0.6281,0.6281,0.000,0.6298,0.6301,-0.030
twitter_sample100,cluster14,0.1,,,,,,
twitter_sample100,cluster15,0.1,0.9914,0.9914,0.000,0.9914,0.9914,0.000
twitter_sample100,cluster16,0.1,,,,,,
twitter_sample100,cluster17,0.1,,,,,,
twitter_sample100,cluster18,0.1,,,,,,
twitter_sample100,cluster19,0.1,0.9909,0.9909,0.000,0.9906,0.9906,0.000
twitter_sample100,cluster2,0.1,,,,,,
twitter_sample100,cluster20,0.1,,,,,,
twitter_sample100,cluster21,0.1,0.9605,,,0.9563,,
twitter_sample100,cluster22,0.1,0.4856,,,0.4511,,
twitter_sample100,cluster23,0.1,0.5607,0.5607,0.000,0.5685,0.5685,0.000
twitter_sample100,cluster24,0.1,,,,,,
twitter_sample100,cluster25,0.1,,,,,,
twitter_sample100,cluster26,0.1,,,,,,
twitter_sample100,cluster27,0.1,,,,,,
twitter_sample100,cluster28,0.1,,,,,,
twitter_sample100,cluster29,0.1,,,,,,
twitter_sample100,cluster3,0.1,,,,,,
twitter_sample100,cluster30,0.1,,,,,,
twitter_sample100,cluster31,0.1,0.9382,,,0.9382,,
twitter_sample100,cluster32,0.1,0.9700,0.9700,0.000,0.9700,0.9700,0.000
twitter_sample100,cluster33,0.1,,,,,,
twitter_sample100,cluster34,0.1,,,,,,
twitter_sample100,cluster35,0.1,0.3725,0.6749,-30.245,0.3725,0.6749,-30.245
twitter_sample100,cluster36,0.1,,,,,,
twitter_sample100,cluster37,0.1,0.6811,0.9977,-31.665,0.9977,0.9977,0.000
twitter_sample100,cluster38,0.1,0.9487,0.9487,0.000,0.9487,0.9487,0.000
twitter_sample100,cluster39,0.1,0.9535,0.9688,-1.530,0.9535,0.9688,-1.530
twitter_sample100,cluster4,0.1,0.4142,,,0.3592,,
twitter_sample100,cluster40,0.1,0.9939,0.9939,0.000,0.9938,0.9938,0.000
twitter_sample100,cluster41,0.1,0.9971,0.9971,0.000,0.9970,0.9970,0.000
twitter_sample100,cluster42,0.1,,,,,,
twitter_sample100,cluster43,0.1,,,,,,
twitter_sample100,cluster44,0.1,,,,,,
twitter_sample100,cluster45,0.1,,,,,,
twitter_sample100,cluster46,0.1,,,,,,
twitter_sample100,cluster47,0.1,,,,,,
twitter_sample100,cluster48,0.1,0.8380,0.8379,0.010,0.8309,0.8309,0.000
twitter_sample100,cluster49,0.1,,,,,,
twitter_sample100,cluster5,0.1,,,,,,
twitter_sample100,cluster50,0.1,,,,,,
twitter_sample100,cluster51,0.1,,,,,,
twitter_sample100,cluster52,0.1,,,,,,
twitter_sample100,cluster53,0.1,,,,,,
twitter_sample100,cluster54,0.1,,,,,,
twitter_sample100,cluster6,0.1,,,,,,
twitter_sample100,cluster7,0.1,,,,,,
twitter_sample100,cluster8,0.1,,,,,,
twitter_sample100,cluster9,0.1,,,,,,
wiki,wiki_2016u,0.1,,,,,,
wiki,wiki_2019t,0.1,0.8546,,,0.7923,0.7840,0.830
wiki,wiki_2019u,0.1,,,,,,
