cloudphysics	https://ftp.pdl.cmu.edu/pub/datasets/twemcacheWorkload/cacheDatasets/cloudphysics/w01.oracleGeneral.bin.zst
cloudphysics	https://ftp.pdl.cmu.edu/pub/datasets/twemcacheWorkload/cacheDatasets/cloudphysics/w02.oracleGeneral.bin.zst
cloudphysics	https://ftp.pdl.cmu.edu/pub/datasets/twemcacheWorkload/cacheDatasets/cloudphysics/w03.oracleGeneral.bin.zst
cloudphysics	https://ftp.pdl.cmu.edu/pub/datasets/twemcacheWorkload/cacheDatasets/cloudphysics/w04.oracleGeneral.bin.zst
cloudphysics	https://ftp.pdl.cmu.edu/pub/datasets/twemcacheWorkload/cacheDatasets/cloudphysics/w05.oracleGeneral.bin.zst
cloudphysics	https://ftp.pdl.cmu.edu/pub/datasets/twemcacheWorkload/cacheDatasets/cloudphysics/w06.oracleGeneral.bin.zst
cloudphysics	https://ftp.pdl.cmu.edu/pub/datasets/twemcacheWorkload/cacheDatasets/cloudphysics/w07.oracleGeneral.bin.zst
cloudphysics	https://ftp.pdl.cmu.edu/pub/datasets/twemcacheWorkload/cacheDatasets/cloudphysics/w08.oracleGeneral.bin.zst
cloudphysics	https://ftp.pdl.cmu.edu/pub/datasets/twemcacheWorkload/cacheDatasets/cloudphysics/w09.oracleGeneral.bin.zst
cloudphysics	https://ftp.pdl.cmu.edu/pub/datasets/twemcacheWorkload/cacheDatasets/cloudphysics/w10.oracleGeneral.bin.zst
cloudphysics	https://ftp.pdl.cmu.edu/pub/datasets/twemcacheWorkload/cacheDatasets/cloudphysics/w100.oracleGeneral.bin.zst
cloudphysics	https://ftp.pdl.cmu.edu/pub/datasets/twemcacheWorkload/cacheDatasets/cloudphysics/w101.oracleGeneral.bin.zst
cloudphysics	https://ftp.pdl.cmu.edu/pub/datasets/twemcacheWorkload/cacheDatasets/cloudphysics/w102.oracleGeneral.bin.zst
cloudphysics	https://ftp.pdl.cmu.edu/pub/datasets/twemcacheWorkload/cacheDatasets/cloudphysics/w103.oracleGeneral.bin.zst
cloudphysics	https://ftp.pdl.cmu.edu/pub/datasets/twemcacheWorkload/cacheDatasets/cloudphysics/w104.oracleGeneral.bin.zst
cloudphysics	https://ftp.pdl.cmu.edu/pub/datasets/twemcacheWorkload/cacheDatasets/cloudphysics/w105.oracleGeneral.bin.zst
cloudphysics	https://ftp.pdl.cmu.edu/pub/datasets/twemcacheWorkload/cacheDatasets/cloudphysics/w106.oracleGeneral.bin.zst
cloudphysics	https://ftp.pdl.cmu.edu/pub/datasets/twemcacheWorkload/cacheDatasets/cloudphysics/w11.oracleGeneral.bin.zst
cloudphysics	https://ftp.pdl.cmu.edu/pub/datasets/twemcacheWorkload/cacheDatasets/cloudphysics/w12.oracleGeneral.bin.zst
cloudphysics	https://ftp.pdl.cmu.edu/pub/datasets/twemcacheWorkload/cacheDatasets/cloudphysics/w13.oracleGeneral.bin.zst
cloudphysics	https://ftp.pdl.cmu.edu/pub/datasets/twemcacheWorkload/cacheDatasets/cloudphysics/w14.oracleGeneral.bin.zst
cloudphysics	https://ftp.pdl.cmu.edu/pub/datasets/twemcacheWorkload/cacheDatasets/cloudphysics/w15.oracleGeneral.bin.zst
cloudphysics	https://ftp.pdl.cmu.edu/pub/datasets/twemcacheWorkload/cacheDatasets/cloudphysics/w16.oracleGeneral.bin.zst
cloudphysics	https://ftp.pdl.cmu.edu/pub/datasets/twemcacheWorkload/cacheDatasets/cloudphysics/w17.oracleGeneral.bin.zst
cloudphysics	https://ftp.pdl.cmu.edu/pub/datasets/twemcacheWorkload/cacheDatasets/cloudphysics/w18.oracleGeneral.bin.zst
cloudphysics	https://ftp.pdl.cmu.edu/pub/datasets/twemcacheWorkload/cacheDatasets/cloudphysics/w19.oracleGeneral.bin.zst
cloudphysics	https://ftp.pdl.cmu.edu/pub/datasets/twemcacheWorkload/cacheDatasets/cloudphysics/w20.oracleGeneral.bin.zst
cloudphysics	https://ftp.pdl.cmu.edu/pub/datasets/twemcacheWorkload/cacheDatasets/cloudphysics/w21.oracleGeneral.bin.zst
cloudphysics	https://ftp.pdl.cmu.edu/pub/datasets/twemcacheWorkload/cacheDatasets/cloudphysics/w22.oracleGeneral.bin.zst
cloudphysics	https://ftp.pdl.cmu.edu/pub/datasets/twemcacheWorkload/cacheDatasets/cloudphysics/w23.oracleGeneral.bin.zst
cloudphysics	https://ftp.pdl.cmu.edu/pub/datasets/twemcacheWorkload/cacheDatasets/cloudphysics/w24.oracleGeneral.bin.zst
cloudphysics	https://ftp.pdl.cmu.edu/pub/datasets/twemcacheWorkload/cacheDatasets/cloudphysics/w25.oracleGeneral.bin.zst
cloudphysics	https://ftp.pdl.cmu.edu/pub/datasets/twemcacheWorkload/cacheDatasets/cloudphysics/w26.oracleGeneral.bin.zst
cloudphysics	https://ftp.pdl.cmu.edu/pub/datasets/twemcacheWorkload/cacheDatasets/cloudphysics/w27.oracleGeneral.bin.zst
cloudphysics	https://ftp.pdl.cmu.edu/pub/datasets/twemcacheWorkload/cacheDatasets/cloudphysics/w28.oracleGeneral.bin.zst
cloudphysics	https://ftp.pdl.cmu.edu/pub/datasets/twemcacheWorkload/cacheDatasets/cloudphysics/w29.oracleGeneral.bin.zst
cloudphysics	https://ftp.pdl.cmu.edu/pub/datasets/twemcacheWorkload/cacheDatasets/cloudphysics/w30.oracleGeneral.bin.zst
cloudphysics	https://ftp.pdl.cmu.edu/pub/datasets/twemcacheWorkload/cacheDatasets/cloudphysics/w31.oracleGeneral.bin.zst
cloudphysics	https://ftp.pdl.cmu.edu/pub/datasets/twemcacheWorkload/cacheDatasets/cloudphysics/w32.oracleGeneral.bin.zst
cloudphysics	https://ftp.pdl.cmu.edu/pub/datasets/twemcacheWorkload/cacheDatasets/cloudphysics/w33.oracleGeneral.bin.zst
cloudphysics	https://ftp.pdl.cmu.edu/pub/datasets/twemcacheWorkload/cacheDatasets/cloudphysics/w34.oracleGeneral.bin.zst
cloudphysics	https://ftp.pdl.cmu.edu/pub/datasets/twemcacheWorkload/cacheDatasets/cloudphysics/w35.oracleGeneral.bin.zst
cloudphysics	https://ftp.pdl.cmu.edu/pub/datasets/twemcacheWorkload/cacheDatasets/cloudphysics/w36.oracleGeneral.bin.zst
cloudphysics	https://ftp.pdl.cmu.edu/pub/datasets/twemcacheWorkload/cacheDatasets/cloudphysics/w37.oracleGeneral.bin.zst
cloudphysics	https://ftp.pdl.cmu.edu/pub/datasets/twemcacheWorkload/cacheDatasets/cloudphysics/w38.oracleGeneral.bin.zst
cloudphysics	https://ftp.pdl.cmu.edu/pub/datasets/twemcacheWorkload/cacheDatasets/cloudphysics/w39.oracleGeneral.bin.zst
cloudphysics	https://ftp.pdl.cmu.edu/pub/datasets/twemcacheWorkload/cacheDatasets/cloudphysics/w40.oracleGeneral.bin.zst
cloudphysics	https://ftp.pdl.cmu.edu/pub/datasets/twemcacheWorkload/cacheDatasets/cloudphysics/w41.oracleGeneral.bin.zst
cloudphysics	https://ftp.pdl.cmu.edu/pub/datasets/twemcacheWorkload/cacheDatasets/cloudphysics/w42.oracleGeneral.bin.zst
cloudphysics	https://ftp.pdl.cmu.edu/pub/datasets/twemcacheWorkload/cacheDatasets/cloudphysics/w43.oracleGeneral.bin.zst
cloudphysics	https://ftp.pdl.cmu.edu/pub/datasets/twemcacheWorkload/cacheDatasets/cloudphysics/w44.oracleGeneral.bin.zst
cloudphysics	https://ftp.pdl.cmu.edu/pub/datasets/twemcacheWorkload/cacheDatasets/cloudphysics/w45.oracleGeneral.bin.zst
cloudphysics	https://ftp.pdl.cmu.edu/pub/datasets/twemcacheWorkload/cacheDatasets/cloudphysics/w46.oracleGeneral.bin.zst
cloudphysics	https://ftp.pdl.cmu.edu/pub/datasets/twemcacheWorkload/cacheDatasets/cloudphysics/w47.oracleGeneral.bin.zst
cloudphysics	https://ftp.pdl.cmu.edu/pub/datasets/twemcacheWorkload/cacheDatasets/cloudphysics/w48.oracleGeneral.bin.zst
cloudphysics	https://ftp.pdl.cmu.edu/pub/datasets/twemcacheWorkload/cacheDatasets/cloudphysics/w49.oracleGeneral.bin.zst
cloudphysics	https://ftp.pdl.cmu.edu/pub/datasets/twemcacheWorkload/cacheDatasets/cloudphysics/w50.oracleGeneral.bin.zst
cloudphysics	https://ftp.pdl.cmu.edu/pub/datasets/twemcacheWorkload/cacheDatasets/cloudphysics/w51.oracleGeneral.bin.zst
cloudphysics	https://ftp.pdl.cmu.edu/pub/datasets/twemcacheWorkload/cacheDatasets/cloudphysics/w52.oracleGeneral.bin.zst
cloudphysics	https://ftp.pdl.cmu.edu/pub/datasets/twemcacheWorkload/cacheDatasets/cloudphysics/w53.oracleGeneral.bin.zst
cloudphysics	https://ftp.pdl.cmu.edu/pub/datasets/twemcacheWorkload/cacheDatasets/cloudphysics/w54.oracleGeneral.bin.zst
cloudphysics	https://ftp.pdl.cmu.edu/pub/datasets/twemcacheWorkload/cacheDatasets/cloudphysics/w55.oracleGeneral.bin.zst
cloudphysics	https://ftp.pdl.cmu.edu/pub/datasets/twemcacheWorkload/cacheDatasets/cloudphysics/w56.oracleGeneral.bin.zst
cloudphysics	https://ftp.pdl.cmu.edu/pub/datasets/twemcacheWorkload/cacheDatasets/cloudphysics/w57.oracleGeneral.bin.zst
cloudphysics	https://ftp.pdl.cmu.edu/pub/datasets/twemcacheWorkload/cacheDatasets/cloudphysics/w58.oracleGeneral.bin.zst
cloudphysics	https://ftp.pdl.cmu.edu/pub/datasets/twemcacheWorkload/cacheDatasets/cloudphysics/w59.oracleGeneral.bin.zst
cloudphysics	https://ftp.pdl.cmu.edu/pub/datasets/twemcacheWorkload/cacheDatasets/cloudphysics/w60.oracleGeneral.bin.zst
cloudphysics	https://ftp.pdl.cmu.edu/pub/datasets/twemcacheWorkload/cacheDatasets/cloudphysics/w61.oracleGeneral.bin.zst
cloudphysics	https://ftp.pdl.cmu.edu/pub/datasets/twemcacheWorkload/cacheDatasets/cloudphysics/w62.oracleGeneral.bin.zst
cloudphysics	https://ftp.pdl.cmu.edu/pub/datasets/twemcacheWorkload/cacheDatasets/cloudphysics/w63.oracleGeneral.bin.zst
cloudphysics	https://ftp.pdl.cmu.edu/pub/datasets/twemcacheWorkload/cacheDatasets/cloudphysics/w64.oracleGeneral.bin.zst
cloudphysics	https://ftp.pdl.cmu.edu/pub/datasets/twemcacheWorkload/cacheDatasets/cloudphysics/w65.oracleGeneral.bin.zst
cloudphysics	https://ftp.pdl.cmu.edu/pub/datasets/twemcacheWorkload/cacheDatasets/cloudphysics/w66.oracleGeneral.bin.zst
cloudphysics	https://ftp.pdl.cmu.edu/pub/datasets/twemcacheWorkload/cacheDatasets/cloudphysics/w67.oracleGeneral.bin.zst
cloudphysics	https://ftp.pdl.cmu.edu/pub/datasets/twemcacheWorkload/cacheDatasets/cloudphysics/w68.oracleGeneral.bin.zst
cloudphysics	https://ftp.pdl.cmu.edu/pub/datasets/twemcacheWorkload/cacheDatasets/cloudphysics/w69.oracleGeneral.bin.zst
cloudphysics	https://ftp.pdl.cmu.edu/pub/datasets/twemcacheWorkload/cacheDatasets/cloudphysics/w70.oracleGeneral.bin.zst
cloudphysics	https://ftp.pdl.cmu.edu/pub/datasets/twemcacheWorkload/cacheDatasets/cloudphysics/w71.oracleGeneral.bin.zst
cloudphysics	https://ftp.pdl.cmu.edu/pub/datasets/twemcacheWorkload/cacheDatasets/cloudphysics/w72.oracleGeneral.bin.zst
cloudphysics	https://ftp.pdl.cmu.edu/pub/datasets/twemcacheWorkload/cacheDatasets/cloudphysics/w73.oracleGeneral.bin.zst
cloudphysics	https://ftp.pdl.cmu.edu/pub/datasets/twemcacheWorkload/cacheDatasets/cloudphysics/w74.oracleGeneral.bin.zst
cloudphysics	https://ftp.pdl.cmu.edu/pub/datasets/twemcacheWorkload/cacheDatasets/cloudphysics/w75.oracleGeneral.bin.zst
cloudphysics	https://ftp.pdl.cmu.edu/pub/datasets/twemcacheWorkload/cacheDatasets/cloudphysics/w76.oracleGeneral.bin.zst
cloudphysics	https://ftp.pdl.cmu.edu/pub/datasets/twemcacheWorkload/cacheDatasets/cloudphysics/w77.oracleGeneral.bin.zst
cloudphysics	https://ftp.pdl.cmu.edu/pub/datasets/twemcacheWorkload/cacheDatasets/cloudphysics/w78.oracleGeneral.bin.zst
cloudphysics	https://ftp.pdl.cmu.edu/pub/datasets/twemcacheWorkload/cacheDatasets/cloudphysics/w79.oracleGeneral.bin.zst
cloudphysics	https://ftp.pdl.cmu.edu/pub/datasets/twemcacheWorkload/cacheDatasets/cloudphysics/w80.oracleGeneral.bin.zst
cloudphysics	https://ftp.pdl.cmu.edu/pub/datasets/twemcacheWorkload/cacheDatasets/cloudphysics/w81.oracleGeneral.bin.zst
cloudphysics	https://ftp.pdl.cmu.edu/pub/datasets/twemcacheWorkload/cacheDatasets/cloudphysics/w82.oracleGeneral.bin.zst
cloudphysics	https://ftp.pdl.cmu.edu/pub/datasets/twemcacheWorkload/cacheDatasets/cloudphysics/w83.oracleGeneral.bin.zst
cloudphysics	https://ftp.pdl.cmu.edu/pub/datasets/twemcacheWorkload/cacheDatasets/cloudphysics/w84.oracleGeneral.bin.zst
cloudphysics	https://ftp.pdl.cmu.edu/pub/datasets/twemcacheWorkload/cacheDatasets/cloudphysics/w85.oracleGeneral.bin.zst
cloudphysics	https://ftp.pdl.cmu.edu/pub/datasets/twemcacheWorkload/cacheDatasets/cloudphysics/w86.oracleGeneral.bin.zst
cloudphysics	https://ftp.pdl.cmu.edu/pub/datasets/twemcacheWorkload/cacheDatasets/cloudphysics/w87.oracleGeneral.bin.zst
cloudphysics	https://ftp.pdl.cmu.edu/pub/datasets/twemcacheWorkload/cacheDatasets/cloudphysics/w88.oracleGeneral.bin.zst
cloudphysics	https://ftp.pdl.cmu.edu/pub/datasets/twemcacheWorkload/cacheDatasets/cloudphysics/w89.oracleGeneral.bin.zst
cloudphysics	https://ftp.pdl.cmu.edu/pub/datasets/twemcacheWorkload/cacheDatasets/cloudphysics/w90.oracleGeneral.bin.zst
cloudphysics	https://ftp.pdl.cmu.edu/pub/datasets/twemcacheWorkload/cacheDatasets/cloudphysics/w91.oracleGeneral.bin.zst
cloudphysics	https://ftp.pdl.cmu.edu/pub/datasets/twemcacheWorkload/cacheDatasets/cloudphysics/w92.oracleGeneral.bin.zst
cloudphysics	https://ftp.pdl.cmu.edu/pub/datasets/twemcacheWorkload/cacheDatasets/cloudphysics/w93.oracleGeneral.bin.zst
cloudphysics	https://ftp.pdl.cmu.edu/pub/datasets/twemcacheWorkload/cacheDatasets/cloudphysics/w94.oracleGeneral.bin.zst
cloudphysics	https://ftp.pdl.cmu.edu/pub/datasets/twemcacheWorkload/cacheDatasets/cloudphysics/w95.oracleGeneral.bin.zst
cloudphysics	https://ftp.pdl.cmu.edu/pub/datasets/twemcacheWorkload/cacheDatasets/cloudphysics/w96.oracleGeneral.bin.zst
cloudphysics	https://ftp.pdl.cmu.edu/pub/datasets/twemcacheWorkload/cacheDatasets/cloudphysics/w97.oracleGeneral.bin.zst
cloudphysics	https://ftp.pdl.cmu.edu/pub/datasets/twemcacheWorkload/cacheDatasets/cloudphysics/w98.oracleGeneral.bin.zst
cloudphysics	https://ftp.pdl.cmu.edu/pub/datasets/twemcacheWorkload/cacheDatasets/cloudphysics/w99.oracleGeneral.bin.zst
twitter	https://ftp.pdl.cmu.edu/pub/datasets/twemcacheWorkload/cacheDatasets/twitter/cluster1.oracleGeneral.zst
twitter	https://ftp.pdl.cmu.edu/pub/datasets/twemcacheWorkload/cacheDatasets/twitter/cluster10.oracleGeneral.zst
twitter	https://ftp.pdl.cmu.edu/pub/datasets/twemcacheWorkload/cacheDatasets/twitter/cluster11.oracleGeneral.zst
twitter	https://ftp.pdl.cmu.edu/pub/datasets/twemcacheWorkload/cacheDatasets/twitter/cluster12.oracleGeneral.zst
twitter	https://ftp.pdl.cmu.edu/pub/datasets/twemcacheWorkload/cacheDatasets/twitter/cluster13.oracleGeneral.zst
twitter	https://ftp.pdl.cmu.edu/pub/datasets/twemcacheWorkload/cacheDatasets/twitter/cluster14.oracleGeneral.zst
twitter	https://ftp.pdl.cmu.edu/pub/datasets/twemcacheWorkload/cacheDatasets/twitter/cluster15.oracleGeneral.zst
twitter	https://ftp.pdl.cmu.edu/pub/datasets/twemcacheWorkload/cacheDatasets/twitter/cluster16.oracleGeneral.zst
twitter	https://ftp.pdl.cmu.edu/pub/datasets/twemcacheWorkload/cacheDatasets/twitter/cluster17.oracleGeneral.zst
twitter	https://ftp.pdl.cmu.edu/pub/datasets/twemcacheWorkload/cacheDatasets/twitter/cluster18.oracleGeneral.zst
twitter	https://ftp.pdl.cmu.edu/pub/datasets/twemcacheWorkload/cacheDatasets/twitter/cluster19.oracleGeneral.zst
twitter	https://ftp.pdl.cmu.edu/pub/datasets/twemcacheWorkload/cacheDatasets/twitter/cluster2.oracleGeneral.zst
twitter	https://ftp.pdl.cmu.edu/pub/datasets/twemcacheWorkload/cacheDatasets/twitter/cluster20.oracleGeneral.zst
twitter	https://ftp.pdl.cmu.edu/pub/datasets/twemcacheWorkload/cacheDatasets/twitter/cluster21.oracleGeneral.zst
twitter	https://ftp.pdl.cmu.edu/pub/datasets/twemcacheWorkload/cacheDatasets/twitter/cluster22.oracleGeneral.zst
twitter	https://ftp.pdl.cmu.edu/pub/datasets/twemcacheWorkload/cacheDatasets/twitter/cluster23.oracleGeneral.zst
twitter	https://ftp.pdl.cmu.edu/pub/datasets/twemcacheWorkload/cacheDatasets/twitter/cluster24.oracleGeneral.zst
twitter	https://ftp.pdl.cmu.edu/pub/datasets/twemcacheWorkload/cacheDatasets/twitter/cluster25.oracleGeneral.zst
twitter	https://ftp.pdl.cmu.edu/pub/datasets/twemcacheWorkload/cacheDatasets/twitter/cluster26.oracleGeneral.zst
twitter	https://ftp.pdl.cmu.edu/pub/datasets/twemcacheWorkload/cacheDatasets/twitter/cluster27.oracleGeneral.zst
twitter	https://ftp.pdl.cmu.edu/pub/datasets/twemcacheWorkload/cacheDatasets/twitter/cluster28.oracleGeneral.zst
twitter	https://ftp.pdl.cmu.edu/pub/datasets/twemcacheWorkload/cacheDatasets/twitter/cluster29.oracleGeneral.zst
twitter	https://ftp.pdl.cmu.edu/pub/datasets/twemcacheWorkload/cacheDatasets/twitter/cluster3.oracleGeneral.zst
twitter	https://ftp.pdl.cmu.edu/pub/datasets/twemcacheWorkload/cacheDatasets/twitter/cluster30.oracleGeneral.zst
twitter	https://ftp.pdl.cmu.edu/pub/datasets/twemcacheWorkload/cacheDatasets/twitter/cluster31.oracleGeneral.zst
twitter	https://ftp.pdl.cmu.edu/pub/datasets/twemcacheWorkload/cacheDatasets/twitter/cluster32.oracleGeneral.zst
twitter	https://ftp.pdl.cmu.edu/pub/datasets/twemcacheWorkload/cacheDatasets/twitter/cluster33.oracleGeneral.zst
twitter	https://ftp.pdl.cmu.edu/pub/datasets/twemcacheWorkload/cacheDatasets/twitter/cluster34.oracleGeneral.zst
twitter	https://ftp.pdl.cmu.edu/pub/datasets/twemcacheWorkload/cacheDatasets/twitter/cluster35.oracleGeneral.zst
twitter	https://ftp.pdl.cmu.edu/pub/datasets/twemcacheWorkload/cacheDatasets/twitter/cluster36.oracleGeneral.zst
twitter	https://ftp.pdl.cmu.edu/pub/datasets/twemcacheWorkload/cacheDatasets/twitter/cluster37.oracleGeneral.zst
twitter	https://ftp.pdl.cmu.edu/pub/datasets/twemcacheWorkload/cacheDatasets/twitter/cluster38.oracleGeneral.zst
twitter	https://ftp.pdl.cmu.edu/pub/datasets/twemcacheWorkload/cacheDatasets/twitter/cluster39.oracleGeneral.zst
twitter	https://ftp.pdl.cmu.edu/pub/datasets/twemcacheWorkload/cacheDatasets/twitter/cluster4.oracleGeneral.zst
twitter	https://ftp.pdl.cmu.edu/pub/datasets/twemcacheWorkload/cacheDatasets/twitter/cluster40.oracleGeneral.zst
twitter	https://ftp.pdl.cmu.edu/pub/datasets/twemcacheWorkload/cacheDatasets/twitter/cluster41.oracleGeneral.zst
twitter	https://ftp.pdl.cmu.edu/pub/datasets/twemcacheWorkload/cacheDatasets/twitter/cluster42.oracleGeneral.zst
twitter	https://ftp.pdl.cmu.edu/pub/datasets/twemcacheWorkload/cacheDatasets/twitter/cluster43.oracleGeneral.zst
twitter	https://ftp.pdl.cmu.edu/pub/datasets/twemcacheWorkload/cacheDatasets/twitter/cluster44.oracleGeneral.zst
twitter	https://ftp.pdl.cmu.edu/pub/datasets/twemcacheWorkload/cacheDatasets/twitter/cluster45.oracleGeneral.zst
twitter	https://ftp.pdl.cmu.edu/pub/datasets/twemcacheWorkload/cacheDatasets/twitter/cluster46.oracleGeneral.zst
twitter	https://ftp.pdl.cmu.edu/pub/datasets/twemcacheWorkload/cacheDatasets/twitter/cluster47.oracleGeneral.zst
twitter	https://ftp.pdl.cmu.edu/pub/datasets/twemcacheWorkload/cacheDatasets/twitter/cluster48.oracleGeneral.zst
twitter	https://ftp.pdl.cmu.edu/pub/datasets/twemcacheWorkload/cacheDatasets/twitter/cluster49.oracleGeneral.zst
twitter	https://ftp.pdl.cmu.edu/pub/datasets/twemcacheWorkload/cacheDatasets/twitter/cluster5.oracleGeneral.zst
twitter	https://ftp.pdl.cmu.edu/pub/datasets/twemcacheWorkload/cacheDatasets/twitter/cluster50.oracleGeneral.zst
twitter	https://ftp.pdl.cmu.edu/pub/datasets/twemcacheWorkload/cacheDatasets/twitter/cluster51.oracleGeneral.zst
twitter	https://ftp.pdl.cmu.edu/pub/datasets/twemcacheWorkload/cacheDatasets/twitter/cluster52.oracleGeneral.zst
twitter	https://ftp.pdl.cmu.edu/pub/datasets/twemcacheWorkload/cacheDatasets/twitter/cluster53.oracleGeneral.zst
twitter	https://ftp.pdl.cmu.edu/pub/datasets/twemcacheWorkload/cacheDatasets/twitter/cluster54.oracleGeneral.zst
twitter	https://ftp.pdl.cmu.edu/pub/datasets/twemcacheWorkload/cacheDatasets/twitter/cluster6.oracleGeneral.zst
twitter	https://ftp.pdl.cmu.edu/pub/datasets/twemcacheWorkload/cacheDatasets/twitter/cluster7.oracleGeneral.zst
twitter	https://ftp.pdl.cmu.edu/pub/datasets/twemcacheWorkload/cacheDatasets/twitter/cluster8.oracleGeneral.zst
twitter	https://ftp.pdl.cmu.edu/pub/datasets/twemcacheWorkload/cacheDatasets/twitter/cluster9.oracleGeneral.zst
twitter_sample10	https://ftp.pdl.cmu.edu/pub/datasets/twemcacheWorkload/cacheDatasets/twitter/sample10/cluster1.oracleGeneral.sample10.zst
twitter_sample10	https://ftp.pdl.cmu.edu/pub/datasets/twemcacheWorkload/cacheDatasets/twitter/sample10/cluster10.oracleGeneral.sample10.zst
twitter_sample10	https://ftp.pdl.cmu.edu/pub/datasets/twemcacheWorkload/cacheDatasets/twitter/sample10/cluster11.oracleGeneral.sample10.zst
twitter_sample10	https://ftp.pdl.cmu.edu/pub/datasets/twemcacheWorkload/cacheDatasets/twitter/sample10/cluster12.oracleGeneral.sample10.zst
twitter_sample10	https://ftp.pdl.cmu.edu/pub/datasets/twemcacheWorkload/cacheDatasets/twitter/sample10/cluster13.oracleGeneral.sample10.zst
twitter_sample10	https://ftp.pdl.cmu.edu/pub/datasets/twemcacheWorkload/cacheDatasets/twitter/sample10/cluster14.oracleGeneral.sample10.zst
twitter_sample10	https://ftp.pdl.cmu.edu/pub/datasets/twemcacheWorkload/cacheDatasets/twitter/sample10/cluster15.oracleGeneral.sample10.zst
twitter_sample10	https://ftp.pdl.cmu.edu/pub/datasets/twemcacheWorkload/cacheDatasets/twitter/sample10/cluster16.oracleGeneral.sample10.zst
twitter_sample10	https://ftp.pdl.cmu.edu/pub/datasets/twemcacheWorkload/cacheDatasets/twitter/sample10/cluster17.oracleGeneral.sample10.zst
twitter_sample10	https://ftp.pdl.cmu.edu/pub/datasets/twemcacheWorkload/cacheDatasets/twitter/sample10/cluster18.oracleGeneral.sample10.zst
twitter_sample10	https://ftp.pdl.cmu.edu/pub/datasets/twemcacheWorkload/cacheDatasets/twitter/sample10/cluster19.oracleGeneral.sample10.zst
twitter_sample10	https://ftp.pdl.cmu.edu/pub/datasets/twemcacheWorkload/cacheDatasets/twitter/sample10/cluster2.oracleGeneral.sample10.zst
twitter_sample10	https://ftp.pdl.cmu.edu/pub/datasets/twemcacheWorkload/cacheDatasets/twitter/sample10/cluster20.oracleGeneral.sample10.zst
twitter_sample10	https://ftp.pdl.cmu.edu/pub/datasets/twemcacheWorkload/cacheDatasets/twitter/sample10/cluster21.oracleGeneral.sample10.zst
twitter_sample10	https://ftp.pdl.cmu.edu/pub/datasets/twemcacheWorkload/cacheDatasets/twitter/sample10/cluster22.oracleGeneral.sample10.zst
twitter_sample10	https://ftp.pdl.cmu.edu/pub/datasets/twemcacheWorkload/cacheDatasets/twitter/sample10/cluster23.oracleGeneral.sample10.zst
twitter_sample10	https://ftp.pdl.cmu.edu/pub/datasets/twemcacheWorkload/cacheDatasets/twitter/sample10/cluster24.oracleGeneral.sample10.zst
twitter_sample10	https://ftp.pdl.cmu.edu/pub/datasets/twemcacheWorkload/cacheDatasets/twitter/sample10/cluster25.oracleGeneral.sample10.zst
twitter_sample10	https://ftp.pdl.cmu.edu/pub/datasets/twemcacheWorkload/cacheDatasets/twitter/sample10/cluster26.oracleGeneral.sample10.zst
twitter_sample10	https://ftp.pdl.cmu.edu/pub/datasets/twemcacheWorkload/cacheDatasets/twitter/sample10/cluster27.oracleGeneral.sample10.zst
twitter_sample10	https://ftp.pdl.cmu.edu/pub/datasets/twemcacheWorkload/cacheDatasets/twitter/sample10/cluster28.oracleGeneral.sample10.zst
twitter_sample10	https://ftp.pdl.cmu.edu/pub/datasets/twemcacheWorkload/cacheDatasets/twitter/sample10/cluster29.oracleGeneral.sample10.zst
twitter_sample10	https://ftp.pdl.cmu.edu/pub/datasets/twemcacheWorkload/cacheDatasets/twitter/sample10/cluster3.oracleGeneral.sample10.zst
twitter_sample10	https://ftp.pdl.cmu.edu/pub/datasets/twemcacheWorkload/cacheDatasets/twitter/sample10/cluster30.oracleGeneral.sample10.zst
twitter_sample10	https://ftp.pdl.cmu.edu/pub/datasets/twemcacheWorkload/cacheDatasets/twitter/sample10/cluster31.oracleGeneral.sample10.zst
twitter_sample10	https://ftp.pdl.cmu.edu/pub/datasets/twemcacheWorkload/cacheDatasets/twitter/sample10/cluster32.oracleGeneral.sample10.zst
twitter_sample10	https://ftp.pdl.cmu.edu/pub/datasets/twemcacheWorkload/cacheDatasets/twitter/sample10/cluster33.oracleGeneral.sample10.zst
twitter_sample10	https://ftp.pdl.cmu.edu/pub/datasets/twemcacheWorkload/cacheDatasets/twitter/sample10/cluster34.oracleGeneral.sample10.zst
twitter_sample10	https://ftp.pdl.cmu.edu/pub/datasets/twemcacheWorkload/cacheDatasets/twitter/sample10/cluster35.oracleGeneral.sample10.zst
twitter_sample10	https://ftp.pdl.cmu.edu/pub/datasets/twemcacheWorkload/cacheDatasets/twitter/sample10/cluster36.oracleGeneral.sample10.zst
twitter_sample10	https://ftp.pdl.cmu.edu/pub/datasets/twemcacheWorkload/cacheDatasets/twitter/sample10/cluster37.oracleGeneral.sample10.zst
twitter_sample10	https://ftp.pdl.cmu.edu/pub/datasets/twemcacheWorkload/cacheDatasets/twitter/sample10/cluster38.oracleGeneral.sample10.zst
twitter_sample10	https://ftp.pdl.cmu.edu/pub/datasets/twemcacheWorkload/cacheDatasets/twitter/sample10/cluster39.oracleGeneral.sample10.zst
twitter_sample10	https://ftp.pdl.cmu.edu/pub/datasets/twemcacheWorkload/cacheDatasets/twitter/sample10/cluster4.oracleGeneral.sample10.zst
twitter_sample10	https://ftp.pdl.cmu.edu/pub/datasets/twemcacheWorkload/cacheDatasets/twitter/sample10/cluster40.oracleGeneral.sample10.zst
twitter_sample10	https://ftp.pdl.cmu.edu/pub/datasets/twemcacheWorkload/cacheDatasets/twitter/sample10/cluster41.oracleGeneral.sample10.zst
twitter_sample10	https://ftp.pdl.cmu.edu/pub/datasets/twemcacheWorkload/cacheDatasets/twitter/sample10/cluster42.oracleGeneral.sample10.zst
twitter_sample10	https://ftp.pdl.cmu.edu/pub/datasets/twemcacheWorkload/cacheDatasets/twitter/sample10/cluster43.oracleGeneral.sample10.zst
twitter_sample10	https://ftp.pdl.cmu.edu/pub/datasets/twemcacheWorkload/cacheDatasets/twitter/sample10/cluster44.oracleGeneral.sample10.zst
twitter_sample10	https://ftp.pdl.cmu.edu/pub/datasets/twemcacheWorkload/cacheDatasets/twitter/sample10/cluster45.oracleGeneral.sample10.zst
twitter_sample10	https://ftp.pdl.cmu.edu/pub/datasets/twemcacheWorkload/cacheDatasets/twitter/sample10/cluster46.oracleGeneral.sample10.zst
twitter_sample10	https://ftp.pdl.cmu.edu/pub/datasets/twemcacheWorkload/cacheDatasets/twitter/sample10/cluster47.oracleGeneral.sample10.zst
twitter_sample10	https://ftp.pdl.cmu.edu/pub/datasets/twemcacheWorkload/cacheDatasets/twitter/sample10/cluster48.oracleGeneral.sample10.zst
twitter_sample10	https://ftp.pdl.cmu.edu/pub/datasets/twemcacheWorkload/cacheDatasets/twitter/sample10/cluster49.oracleGeneral.sample10.zst
twitter_sample10	https://ftp.pdl.cmu.edu/pub/datasets/twemcacheWorkload/cacheDatasets/twitter/sample10/cluster5.oracleGeneral.sample10.zst
twitter_sample10	https://ftp.pdl.cmu.edu/pub/datasets/twemcacheWorkload/cacheDatasets/twitter/sample10/cluster50.oracleGeneral.sample10.zst
twitter_sample10	https://ftp.pdl.cmu.edu/pub/datasets/twemcacheWorkload/cacheDatasets/twitter/sample10/cluster51.oracleGeneral.sample10.zst
twitter_sample10	https://ftp.pdl.cmu.edu/pub/datasets/twemcacheWorkload/cacheDatasets/twitter/sample10/cluster52.oracleGeneral.sample10.zst
twitter_sample10	https://ftp.pdl.cmu.edu/pub/datasets/twemcacheWorkload/cacheDatasets/twitter/sample10/cluster53.oracleGeneral.sample10.zst
twitter_sample10	https://ftp.pdl.cmu.edu/pub/datasets/twemcacheWorkload/cacheDatasets/twitter/sample10/cluster54.oracleGeneral.sample10.zst
twitter_sample10	https://ftp.pdl.cmu.edu/pub/datasets/twemcacheWorkload/cacheDatasets/twitter/sample10/cluster6.oracleGeneral.sample10.zst
twitter_sample10	https://ftp.pdl.cmu.edu/pub/datasets/twemcacheWorkload/cacheDatasets/twitter/sample10/cluster7.oracleGeneral.sample10.zst
twitter_sample10	https://ftp.pdl.cmu.edu/pub/datasets/twemcacheWorkload/cacheDatasets/twitter/sample10/cluster8.oracleGeneral.sample10.zst
twitter_sample10	https://ftp.pdl.cmu.edu/pub/datasets/twemcacheWorkload/cacheDatasets/twitter/sample10/cluster9.oracleGeneral.sample10.zst
twitter_sample100	https://ftp.pdl.cmu.edu/pub/datasets/twemcacheWorkload/cacheDatasets/twitter/sample100/cluster1.oracleGeneral.sample100.zst
twitter_sample100	https://ftp.pdl.cmu.edu/pub/datasets/twemcacheWorkload/cacheDatasets/twitter/sample100/cluster10.oracleGeneral.sample100.zst
twitter_sample100	https://ftp.pdl.cmu.edu/pub/datasets/twemcacheWorkload/cacheDatasets/twitter/sample100/cluster11.oracleGeneral.sample100.zst
twitter_sample100	https://ftp.pdl.cmu.edu/pub/datasets/twemcacheWorkload/cacheDatasets/twitter/sample100/cluster12.oracleGeneral.sample100.zst
twitter_sample100	https://ftp.pdl.cmu.edu/pub/datasets/twemcacheWorkload/cacheDatasets/twitter/sample100/cluster13.oracleGeneral.sample100.zst
twitter_sample100	https://ftp.pdl.cmu.edu/pub/datasets/twemcacheWorkload/cacheDatasets/twitter/sample100/cluster14.oracleGeneral.sample100.zst
twitter_sample100	https://ftp.pdl.cmu.edu/pub/datasets/twemcacheWorkload/cacheDatasets/twitter/sample100/cluster15.oracleGeneral.sample100.zst
twitter_sample100	https://ftp.pdl.cmu.edu/pub/datasets/twemcacheWorkload/cacheDatasets/twitter/sample100/cluster16.oracleGeneral.sample100.zst
twitter_sample100	https://ftp.pdl.cmu.edu/pub/datasets/twemcacheWorkload/cacheDatasets/twitter/sample100/cluster17.oracleGeneral.sample100.zst
twitter_sample100	https://ftp.pdl.cmu.edu/pub/datasets/twemcacheWorkload/cacheDatasets/twitter/sample100/cluster18.oracleGeneral.sample100.zst
twitter_sample100	https://ftp.pdl.cmu.edu/pub/datasets/twemcacheWorkload/cacheDatasets/twitter/sample100/cluster19.oracleGeneral.sample100.zst
twitter_sample100	https://ftp.pdl.cmu.edu/pub/datasets/twemcacheWorkload/cacheDatasets/twitter/sample100/cluster2.oracleGeneral.sample100.zst
twitter_sample100	https://ftp.pdl.cmu.edu/pub/datasets/twemcacheWorkload/cacheDatasets/twitter/sample100/cluster20.oracleGeneral.sample100.zst
twitter_sample100	https://ftp.pdl.cmu.edu/pub/datasets/twemcacheWorkload/cacheDatasets/twitter/sample100/cluster21.oracleGeneral.sample100.zst
twitter_sample100	https://ftp.pdl.cmu.edu/pub/datasets/twemcacheWorkload/cacheDatasets/twitter/sample100/cluster22.oracleGeneral.sample100.zst
twitter_sample100	https://ftp.pdl.cmu.edu/pub/datasets/twemcacheWorkload/cacheDatasets/twitter/sample100/cluster23.oracleGeneral.sample100.zst
twitter_sample100	https://ftp.pdl.cmu.edu/pub/datasets/twemcacheWorkload/cacheDatasets/twitter/sample100/cluster24.oracleGeneral.sample100.zst
twitter_sample100	https://ftp.pdl.cmu.edu/pub/datasets/twemcacheWorkload/cacheDatasets/twitter/sample100/cluster25.oracleGeneral.sample100.zst
twitter_sample100	https://ftp.pdl.cmu.edu/pub/datasets/twemcacheWorkload/cacheDatasets/twitter/sample100/cluster26.oracleGeneral.sample100.zst
twitter_sample100	https://ftp.pdl.cmu.edu/pub/datasets/twemcacheWorkload/cacheDatasets/twitter/sample100/cluster27.oracleGeneral.sample100.zst
twitter_sample100	https://ftp.pdl.cmu.edu/pub/datasets/twemcacheWorkload/cacheDatasets/twitter/sample100/cluster28.oracleGeneral.sample100.zst
twitter_sample100	https://ftp.pdl.cmu.edu/pub/datasets/twemcacheWorkload/cacheDatasets/twitter/sample100/cluster29.oracleGeneral.sample100.zst
twitter_sample100	https://ftp.pdl.cmu.edu/pub/datasets/twemcacheWorkload/cacheDatasets/twitter/sample100/cluster3.oracleGeneral.sample100.zst
twitter_sample100	https://ftp.pdl.cmu.edu/pub/datasets/twemcacheWorkload/cacheDatasets/twitter/sample100/cluster30.oracleGeneral.sample100.zst
twitter_sample100	https://ftp.pdl.cmu.edu/pub/datasets/twemcacheWorkload/cacheDatasets/twitter/sample100/cluster31.oracleGeneral.sample100.zst
twitter_sample100	https://ftp.pdl.cmu.edu/pub/datasets/twemcacheWorkload/cacheDatasets/twitter/sample100/cluster32.oracleGeneral.sample100.zst
twitter_sample100	https://ftp.pdl.cmu.edu/pub/datasets/twemcacheWorkload/cacheDatasets/twitter/sample100/cluster33.oracleGeneral.sample100.zst
twitter_sample100	https://ftp.pdl.cmu.edu/pub/datasets/twemcacheWorkload/cacheDatasets/twitter/sample100/cluster34.oracleGeneral.sample100.zst
twitter_sample100	https://ftp.pdl.cmu.edu/pub/datasets/twemcacheWorkload/cacheDatasets/twitter/sample100/cluster35.oracleGeneral.sample100.zst
twitter_sample100	https://ftp.pdl.cmu.edu/pub/datasets/twemcacheWorkload/cacheDatasets/twitter/sample100/cluster36.oracleGeneral.sample100.zst
twitter_sample100	https://ftp.pdl.cmu.edu/pub/datasets/twemcacheWorkload/cacheDatasets/twitter/sample100/cluster37.oracleGeneral.sample100.zst
twitter_sample100	https://ftp.pdl.cmu.edu/pub/datasets/twemcacheWorkload/cacheDatasets/twitter/sample100/cluster38.oracleGeneral.sample100.zst
twitter_sample100	https://ftp.pdl.cmu.edu/pub/datasets/twemcacheWorkload/cacheDatasets/twitter/sample100/cluster39.oracleGeneral.sample100.zst
twitter_sample100	https://ftp.pdl.cmu.edu/pub/datasets/twemcacheWorkload/cacheDatasets/twitter/sample100/cluster4.oracleGeneral.sample100.zst
twitter_sample100	https://ftp.pdl.cmu.edu/pub/datasets/twemcacheWorkload/cacheDatasets/twitter/sample100/cluster40.oracleGeneral.sample100.zst
twitter_sample100	https://ftp.pdl.cmu.edu/pub/datasets/twemcacheWorkload/cacheDatasets/twitter/sample100/cluster41.oracleGeneral.sample100.zst
twitter_sample100	https://ftp.pdl.cmu.edu/pub/datasets/twemcacheWorkload/cacheDatasets/twitter/sample100/cluster42.oracleGeneral.sample100.zst
twitter_sample100	https://ftp.pdl.cmu.edu/pub/datasets/twemcacheWorkload/cacheDatasets/twitter/sample100/cluster43.oracleGeneral.sample100.zst
twitter_sample100	https://ftp.pdl.cmu.edu/pub/datasets/twemcacheWorkload/cacheDatasets/twitter/sample100/cluster44.oracleGeneral.sample100.zst
twitter_sample100	https://ftp.pdl.cmu.edu/pub/datasets/twemcacheWorkload/cacheDatasets/twitter/sample100/cluster45.oracleGeneral.sample100.zst
twitter_sample100	https://ftp.pdl.cmu.edu/pub/datasets/twemcacheWorkload/cacheDatasets/twitter/sample100/cluster46.oracleGeneral.sample100.zst
twitter_sample100	https://ftp.pdl.cmu.edu/pub/datasets/twemcacheWorkload/cacheDatasets/twitter/sample100/cluster47.oracleGeneral.sample100.zst
twitter_sample100	https://ftp.pdl.cmu.edu/pub/datasets/twemcacheWorkload/cacheDatasets/twitter/sample100/cluster48.oracleGeneral.sample100.zst
twitter_sample100	https://ftp.pdl.cmu.edu/pub/datasets/twemcacheWorkload/cacheDatasets/twitter/sample100/cluster49.oracleGeneral.sample100.zst
twitter_sample100	https://ftp.pdl.cmu.edu/pub/datasets/twemcacheWorkload/cacheDatasets/twitter/sample100/cluster5.oracleGeneral.sample100.zst
twitter_sample100	https://ftp.pdl.cmu.edu/pub/datasets/twemcacheWorkload/cacheDatasets/twitter/sample100/cluster50.oracleGeneral.sample100.zst
twitter_sample100	https://ftp.pdl.cmu.edu/pub/datasets/twemcacheWorkload/cacheDatasets/twitter/sample100/cluster51.oracleGeneral.sample100.zst
twitter_sample100	https://ftp.pdl.cmu.edu/pub/datasets/twemcacheWorkload/cacheDatasets/twitter/sample100/cluster52.oracleGeneral.sample100.zst
twitter_sample100	https://ftp.pdl.cmu.edu/pub/datasets/twemcacheWorkload/cacheDatasets/twitter/sample100/cluster53.oracleGeneral.sample100.zst
twitter_sample100	https://ftp.pdl.cmu.edu/pub/datasets/twemcacheWorkload/cacheDatasets/twitter/sample100/cluster54.oracleGeneral.sample100.zst
twitter_sample100	https://ftp.pdl.cmu.edu/pub/datasets/twemcacheWorkload/cacheDatasets/twitter/sample100/cluster6.oracleGeneral.sample100.zst
twitter_sample100	https://ftp.pdl.cmu.edu/pub/datasets/twemcacheWorkload/cacheDatasets/twitter/sample100/cluster7.oracleGeneral.sample100.zst
twitter_sample100	https://ftp.pdl.cmu.edu/pub/datasets/twemcacheWorkload/cacheDatasets/twitter/sample100/cluster8.oracleGeneral.sample100.zst
twitter_sample100	https://ftp.pdl.cmu.edu/pub/datasets/twemcacheWorkload/cacheDatasets/twitter/sample100/cluster9.oracleGeneral.sample100.zst
msr	https://ftp.pdl.cmu.edu/pub/datasets/twemcacheWorkload/cacheDatasets/msr/msr_hm_0.oracleGeneral.zst
msr	https://ftp.pdl.cmu.edu/pub/datasets/twemcacheWorkload/cacheDatasets/msr/msr_prn_0.oracleGeneral.zst
msr	https://ftp.pdl.cmu.edu/pub/datasets/twemcacheWorkload/cacheDatasets/msr/msr_prn_1.oracleGeneral.zst
msr	https://ftp.pdl.cmu.edu/pub/datasets/twemcacheWorkload/cacheDatasets/msr/msr_proj_0.oracleGeneral.zst
msr	https://ftp.pdl.cmu.edu/pub/datasets/twemcacheWorkload/cacheDatasets/msr/msr_proj_1.oracleGeneral.zst
msr	https://ftp.pdl.cmu.edu/pub/datasets/twemcacheWorkload/cacheDatasets/msr/msr_proj_2.oracleGeneral.zst
msr	https://ftp.pdl.cmu.edu/pub/datasets/twemcacheWorkload/cacheDatasets/msr/msr_proj_4.oracleGeneral.zst
msr	https://ftp.pdl.cmu.edu/pub/datasets/twemcacheWorkload/cacheDatasets/msr/msr_prxy_0.oracleGeneral.zst
msr	https://ftp.pdl.cmu.edu/pub/datasets/twemcacheWorkload/cacheDatasets/msr/msr_prxy_1.oracleGeneral.zst
msr	https://ftp.pdl.cmu.edu/pub/datasets/twemcacheWorkload/cacheDatasets/msr/msr_src1_0.oracleGeneral.zst
msr	https://ftp.pdl.cmu.edu/pub/datasets/twemcacheWorkload/cacheDatasets/msr/msr_src1_1.oracleGeneral.zst
msr	https://ftp.pdl.cmu.edu/pub/datasets/twemcacheWorkload/cacheDatasets/msr/msr_usr_1.oracleGeneral.zst
msr	https://ftp.pdl.cmu.edu/pub/datasets/twemcacheWorkload/cacheDatasets/msr/msr_usr_2.oracleGeneral.zst
msr	https://ftp.pdl.cmu.edu/pub/datasets/twemcacheWorkload/cacheDatasets/msr/msr_web_2.oracleGeneral.zst
fiu	https://ftp.pdl.cmu.edu/pub/datasets/twemcacheWorkload/cacheDatasets/fiu/fiu_casa-110108-112108.oracleGeneral.zst
fiu	https://ftp.pdl.cmu.edu/pub/datasets/twemcacheWorkload/cacheDatasets/fiu/fiu_cheetah.cs.fiu.edu-110108-113008.oracleGeneral.zst
fiu	https://ftp.pdl.cmu.edu/pub/datasets/twemcacheWorkload/cacheDatasets/fiu/fiu_homes-110108-112108.oracleGeneral.zst
fiu	https://ftp.pdl.cmu.edu/pub/datasets/twemcacheWorkload/cacheDatasets/fiu/fiu_ikki-110108-112108.oracleGeneral.zst
fiu	https://ftp.pdl.cmu.edu/pub/datasets/twemcacheWorkload/cacheDatasets/fiu/fiu_madmax-110108-112108.oracleGeneral.zst
fiu	https://ftp.pdl.cmu.edu/pub/datasets/twemcacheWorkload/cacheDatasets/fiu/fiu_online.cs.fiu.edu-110108-113008.oracleGeneral.zst
fiu	https://ftp.pdl.cmu.edu/pub/datasets/twemcacheWorkload/cacheDatasets/fiu/fiu_webmail+online.cs.fiu.edu-110108-113008.oracleGeneral.zst
fiu	https://ftp.pdl.cmu.edu/pub/datasets/twemcacheWorkload/cacheDatasets/fiu/fiu_webmail.cs.fiu.edu-110108-113008.oracleGeneral.zst
fiu	https://ftp.pdl.cmu.edu/pub/datasets/twemcacheWorkload/cacheDatasets/fiu/fiu_webresearch-030409-033109.oracleGeneral.zst
fiu	https://ftp.pdl.cmu.edu/pub/datasets/twemcacheWorkload/cacheDatasets/fiu/fiu_webusers-030409-033109.oracleGeneral.zst
systor	https://ftp.pdl.cmu.edu/pub/datasets/twemcacheWorkload/cacheDatasets/systor/2016_LUN0.oracleGeneral.zst
systor	https://ftp.pdl.cmu.edu/pub/datasets/twemcacheWorkload/cacheDatasets/systor/2016_LUN1.oracleGeneral.zst
systor	https://ftp.pdl.cmu.edu/pub/datasets/twemcacheWorkload/cacheDatasets/systor/2016_LUN2.oracleGeneral.zst
systor	https://ftp.pdl.cmu.edu/pub/datasets/twemcacheWorkload/cacheDatasets/systor/2016_LUN3.oracleGeneral.zst
systor	https://ftp.pdl.cmu.edu/pub/datasets/twemcacheWorkload/cacheDatasets/systor/2016_LUN4.oracleGeneral.zst
systor	https://ftp.pdl.cmu.edu/pub/datasets/twemcacheWorkload/cacheDatasets/systor/2016_LUN6.oracleGeneral.zst
metaStorage	https://ftp.pdl.cmu.edu/pub/datasets/twemcacheWorkload/cacheDatasets/metaStorage/block_traces_1.oracleGeneral.bin.zst
metaStorage	https://ftp.pdl.cmu.edu/pub/datasets/twemcacheWorkload/cacheDatasets/metaStorage/block_traces_2.oracleGeneral.bin.zst
metaStorage	https://ftp.pdl.cmu.edu/pub/datasets/twemcacheWorkload/cacheDatasets/metaStorage/block_traces_3.oracleGeneral.bin.zst
metaStorage	https://ftp.pdl.cmu.edu/pub/datasets/twemcacheWorkload/cacheDatasets/metaStorage/block_traces_4.oracleGeneral.bin.zst
metaStorage	https://ftp.pdl.cmu.edu/pub/datasets/twemcacheWorkload/cacheDatasets/metaStorage/block_traces_5.oracleGeneral.bin.zst
metaKV	https://ftp.pdl.cmu.edu/pub/datasets/twemcacheWorkload/cacheDatasets/metaKV/202206_kv_traces_all.csv.oracleGeneral.zst
metaKV	https://ftp.pdl.cmu.edu/pub/datasets/twemcacheWorkload/cacheDatasets/metaKV/202210_kv_traces_all_sort.csv.oracleGeneral.zst
metaKV	https://ftp.pdl.cmu.edu/pub/datasets/twemcacheWorkload/cacheDatasets/metaKV/202312_kv_traces_all.csv.oracleGeneral.zst
metaKV	https://ftp.pdl.cmu.edu/pub/datasets/twemcacheWorkload/cacheDatasets/metaKV/202401_kv_traces_all_sort.csv.oracleGeneral.zst
metaCDN	https://ftp.pdl.cmu.edu/pub/datasets/twemcacheWorkload/cacheDatasets/metaCDN/meta_reag.oracleGeneral.zst
metaCDN	https://ftp.pdl.cmu.edu/pub/datasets/twemcacheWorkload/cacheDatasets/metaCDN/meta_rnha.oracleGeneral.zst
metaCDN	https://ftp.pdl.cmu.edu/pub/datasets/twemcacheWorkload/cacheDatasets/metaCDN/meta_rprn.oracleGeneral.zst
wiki	https://ftp.pdl.cmu.edu/pub/datasets/twemcacheWorkload/cacheDatasets/wiki/wiki_2016u.oracleGeneral.zst
wiki	https://ftp.pdl.cmu.edu/pub/datasets/twemcacheWorkload/cacheDatasets/wiki/wiki_2019t.oracleGeneral.zst
wiki	https://ftp.pdl.cmu.edu/pub/datasets/twemcacheWorkload/cacheDatasets/wiki/wiki_2019u.oracleGeneral.zst
tencentPhoto	https://ftp.pdl.cmu.edu/pub/datasets/twemcacheWorkload/cacheDatasets/tencentPhoto/tencent_photo1.oracleGeneral.zst
tencentPhoto	https://ftp.pdl.cmu.edu/pub/datasets/twemcacheWorkload/cacheDatasets/tencentPhoto/tencent_photo2.oracleGeneral.zst
alibabaBlock_new	https://ftp.pdl.cmu.edu/pub/datasets/twemcacheWorkload/cacheDatasets/alibabaBlock/new/alibabaBlock_0.oracleGeneral.zst
alibabaBlock_new	https://ftp.pdl.cmu.edu/pub/datasets/twemcacheWorkload/cacheDatasets/alibabaBlock/new/alibabaBlock_1.oracleGeneral.zst
alibabaBlock_new	https://ftp.pdl.cmu.edu/pub/datasets/twemcacheWorkload/cacheDatasets/alibabaBlock/new/alibabaBlock_10.oracleGeneral.zst
alibabaBlock_new	https://ftp.pdl.cmu.edu/pub/datasets/twemcacheWorkload/cacheDatasets/alibabaBlock/new/alibabaBlock_100.oracleGeneral.zst
alibabaBlock_new	https://ftp.pdl.cmu.edu/pub/datasets/twemcacheWorkload/cacheDatasets/alibabaBlock/new/alibabaBlock_103.oracleGeneral.zst
alibabaBlock_new	https://ftp.pdl.cmu.edu/pub/datasets/twemcacheWorkload/cacheDatasets/alibabaBlock/new/alibabaBlock_106.oracleGeneral.zst
alibabaBlock_new	https://ftp.pdl.cmu.edu/pub/datasets/twemcacheWorkload/cacheDatasets/alibabaBlock/new/alibabaBlock_107.oracleGeneral.zst
alibabaBlock_new	https://ftp.pdl.cmu.edu/pub/datasets/twemcacheWorkload/cacheDatasets/alibabaBlock/new/alibabaBlock_109.oracleGeneral.zst
alibabaBlock_new	https://ftp.pdl.cmu.edu/pub/datasets/twemcacheWorkload/cacheDatasets/alibabaBlock/new/alibabaBlock_11.oracleGeneral.zst
alibabaBlock_new	https://ftp.pdl.cmu.edu/pub/datasets/twemcacheWorkload/cacheDatasets/alibabaBlock/new/alibabaBlock_111.oracleGeneral.zst
alibabaBlock_new	https://ftp.pdl.cmu.edu/pub/datasets/twemcacheWorkload/cacheDatasets/alibabaBlock/new/alibabaBlock_112.oracleGeneral.zst
alibabaBlock_new	https://ftp.pdl.cmu.edu/pub/datasets/twemcacheWorkload/cacheDatasets/alibabaBlock/new/alibabaBlock_113.oracleGeneral.zst
alibabaBlock_new	https://ftp.pdl.cmu.edu/pub/datasets/twemcacheWorkload/cacheDatasets/alibabaBlock/new/alibabaBlock_115.oracleGeneral.zst
alibabaBlock_new	https://ftp.pdl.cmu.edu/pub/datasets/twemcacheWorkload/cacheDatasets/alibabaBlock/new/alibabaBlock_116.oracleGeneral.zst
alibabaBlock_new	https://ftp.pdl.cmu.edu/pub/datasets/twemcacheWorkload/cacheDatasets/alibabaBlock/new/alibabaBlock_117.oracleGeneral.zst
alibabaBlock_new	https://ftp.pdl.cmu.edu/pub/datasets/twemcacheWorkload/cacheDatasets/alibabaBlock/new/alibabaBlock_12.oracleGeneral.zst
alibabaBlock_new	https://ftp.pdl.cmu.edu/pub/datasets/twemcacheWorkload/cacheDatasets/alibabaBlock/new/alibabaBlock_121.oracleGeneral.zst
alibabaBlock_new	https://ftp.pdl.cmu.edu/pub/datasets/twemcacheWorkload/cacheDatasets/alibabaBlock/new/alibabaBlock_122.oracleGeneral.zst
alibabaBlock_new	https://ftp.pdl.cmu.edu/pub/datasets/twemcacheWorkload/cacheDatasets/alibabaBlock/new/alibabaBlock_123.oracleGeneral.zst
alibabaBlock_new	https://ftp.pdl.cmu.edu/pub/datasets/twemcacheWorkload/cacheDatasets/alibabaBlock/new/alibabaBlock_124.oracleGeneral.zst
alibabaBlock_new	https://ftp.pdl.cmu.edu/pub/datasets/twemcacheWorkload/cacheDatasets/alibabaBlock/new/alibabaBlock_126.oracleGeneral.zst
alibabaBlock_new	https://ftp.pdl.cmu.edu/pub/datasets/twemcacheWorkload/cacheDatasets/alibabaBlock/new/alibabaBlock_128.oracleGeneral.zst
alibabaBlock_new	https://ftp.pdl.cmu.edu/pub/datasets/twemcacheWorkload/cacheDatasets/alibabaBlock/new/alibabaBlock_13.oracleGeneral.zst
alibabaBlock_new	https://ftp.pdl.cmu.edu/pub/datasets/twemcacheWorkload/cacheDatasets/alibabaBlock/new/alibabaBlock_130.oracleGeneral.zst
alibabaBlock_new	https://ftp.pdl.cmu.edu/pub/datasets/twemcacheWorkload/cacheDatasets/alibabaBlock/new/alibabaBlock_131.oracleGeneral.zst
alibabaBlock_new	https://ftp.pdl.cmu.edu/pub/datasets/twemcacheWorkload/cacheDatasets/alibabaBlock/new/alibabaBlock_132.oracleGeneral.zst
alibabaBlock_new	https://ftp.pdl.cmu.edu/pub/datasets/twemcacheWorkload/cacheDatasets/alibabaBlock/new/alibabaBlock_133.oracleGeneral.zst
alibabaBlock_new	https://ftp.pdl.cmu.edu/pub/datasets/twemcacheWorkload/cacheDatasets/alibabaBlock/new/alibabaBlock_135.oracleGeneral.zst
alibabaBlock_new	https://ftp.pdl.cmu.edu/pub/datasets/twemcacheWorkload/cacheDatasets/alibabaBlock/new/alibabaBlock_136.oracleGeneral.zst
alibabaBlock_new	https://ftp.pdl.cmu.edu/pub/datasets/twemcacheWorkload/cacheDatasets/alibabaBlock/new/alibabaBlock_138.oracleGeneral.zst
alibabaBlock_new	https://ftp.pdl.cmu.edu/pub/datasets/twemcacheWorkload/cacheDatasets/alibabaBlock/new/alibabaBlock_14.oracleGeneral.zst
alibabaBlock_new	https://ftp.pdl.cmu.edu/pub/datasets/twemcacheWorkload/cacheDatasets/alibabaBlock/new/alibabaBlock_141.oracleGeneral.zst
alibabaBlock_new	https://ftp.pdl.cmu.edu/pub/datasets/twemcacheWorkload/cacheDatasets/alibabaBlock/new/alibabaBlock_144.oracleGeneral.zst
alibabaBlock_new	https://ftp.pdl.cmu.edu/pub/datasets/twemcacheWorkload/cacheDatasets/alibabaBlock/new/alibabaBlock_145.oracleGeneral.zst
alibabaBlock_new	https://ftp.pdl.cmu.edu/pub/datasets/twemcacheWorkload/cacheDatasets/alibabaBlock/new/alibabaBlock_147.oracleGeneral.zst
alibabaBlock_new	https://ftp.pdl.cmu.edu/pub/datasets/twemcacheWorkload/cacheDatasets/alibabaBlock/new/alibabaBlock_148.oracleGeneral.zst
alibabaBlock_new	https://ftp.pdl.cmu.edu/pub/datasets/twemcacheWorkload/cacheDatasets/alibabaBlock/new/alibabaBlock_15.oracleGeneral.zst
alibabaBlock_new	https://ftp.pdl.cmu.edu/pub/datasets/twemcacheWorkload/cacheDatasets/alibabaBlock/new/alibabaBlock_150.oracleGeneral.zst
alibabaBlock_new	https://ftp.pdl.cmu.edu/pub/datasets/twemcacheWorkload/cacheDatasets/alibabaBlock/new/alibabaBlock_154.oracleGeneral.zst
alibabaBlock_new	https://ftp.pdl.cmu.edu/pub/datasets/twemcacheWorkload/cacheDatasets/alibabaBlock/new/alibabaBlock_157.oracleGeneral.zst
alibabaBlock_new	https://ftp.pdl.cmu.edu/pub/datasets/twemcacheWorkload/cacheDatasets/alibabaBlock/new/alibabaBlock_16.oracleGeneral.zst
alibabaBlock_new	https://ftp.pdl.cmu.edu/pub/datasets/twemcacheWorkload/cacheDatasets/alibabaBlock/new/alibabaBlock_160.oracleGeneral.zst
alibabaBlock_new	https://ftp.pdl.cmu.edu/pub/datasets/twemcacheWorkload/cacheDatasets/alibabaBlock/new/alibabaBlock_161.oracleGeneral.zst
alibabaBlock_new	https://ftp.pdl.cmu.edu/pub/datasets/twemcacheWorkload/cacheDatasets/alibabaBlock/new/alibabaBlock_163.oracleGeneral.zst
alibabaBlock_new	https://ftp.pdl.cmu.edu/pub/datasets/twemcacheWorkload/cacheDatasets/alibabaBlock/new/alibabaBlock_165.oracleGeneral.zst
alibabaBlock_new	https://ftp.pdl.cmu.edu/pub/datasets/twemcacheWorkload/cacheDatasets/alibabaBlock/new/alibabaBlock_166.oracleGeneral.zst
alibabaBlock_new	https://ftp.pdl.cmu.edu/pub/datasets/twemcacheWorkload/cacheDatasets/alibabaBlock/new/alibabaBlock_169.oracleGeneral.zst
alibabaBlock_new	https://ftp.pdl.cmu.edu/pub/datasets/twemcacheWorkload/cacheDatasets/alibabaBlock/new/alibabaBlock_17.oracleGeneral.zst
alibabaBlock_new	https://ftp.pdl.cmu.edu/pub/datasets/twemcacheWorkload/cacheDatasets/alibabaBlock/new/alibabaBlock_173.oracleGeneral.zst
alibabaBlock_new	https://ftp.pdl.cmu.edu/pub/datasets/twemcacheWorkload/cacheDatasets/alibabaBlock/new/alibabaBlock_174.oracleGeneral.zst
alibabaBlock_new	https://ftp.pdl.cmu.edu/pub/datasets/twemcacheWorkload/cacheDatasets/alibabaBlock/new/alibabaBlock_176.oracleGeneral.zst
alibabaBlock_new	https://ftp.pdl.cmu.edu/pub/datasets/twemcacheWorkload/cacheDatasets/alibabaBlock/new/alibabaBlock_177.oracleGeneral.zst
alibabaBlock_new	https://ftp.pdl.cmu.edu/pub/datasets/twemcacheWorkload/cacheDatasets/alibabaBlock/new/alibabaBlock_178.oracleGeneral.zst
alibabaBlock_new	https://ftp.pdl.cmu.edu/pub/datasets/twemcacheWorkload/cacheDatasets/alibabaBlock/new/alibabaBlock_18.oracleGeneral.zst
alibabaBlock_new	https://ftp.pdl.cmu.edu/pub/datasets/twemcacheWorkload/cacheDatasets/alibabaBlock/new/alibabaBlock_181.oracleGeneral.zst
alibabaBlock_new	https://ftp.pdl.cmu.edu/pub/datasets/twemcacheWorkload/cacheDatasets/alibabaBlock/new/alibabaBlock_187.oracleGeneral.zst
alibabaBlock_new	https://ftp.pdl.cmu.edu/pub/datasets/twemcacheWorkload/cacheDatasets/alibabaBlock/new/alibabaBlock_188.oracleGeneral.zst
alibabaBlock_new	https://ftp.pdl.cmu.edu/pub/datasets/twemcacheWorkload/cacheDatasets/alibabaBlock/new/alibabaBlock_189.oracleGeneral.zst
alibabaBlock_new	https://ftp.pdl.cmu.edu/pub/datasets/twemcacheWorkload/cacheDatasets/alibabaBlock/new/alibabaBlock_19.oracleGeneral.zst
alibabaBlock_new	https://ftp.pdl.cmu.edu/pub/datasets/twemcacheWorkload/cacheDatasets/alibabaBlock/new/alibabaBlock_190.oracleGeneral.zst
alibabaBlock_new	https://ftp.pdl.cmu.edu/pub/datasets/twemcacheWorkload/cacheDatasets/alibabaBlock/new/alibabaBlock_191.oracleGeneral.zst
alibabaBlock_new	https://ftp.pdl.cmu.edu/pub/datasets/twemcacheWorkload/cacheDatasets/alibabaBlock/new/alibabaBlock_192.oracleGeneral.zst
alibabaBlock_new	https://ftp.pdl.cmu.edu/pub/datasets/twemcacheWorkload/cacheDatasets/alibabaBlock/new/alibabaBlock_193.oracleGeneral.zst
alibabaBlock_new	https://ftp.pdl.cmu.edu/pub/datasets/twemcacheWorkload/cacheDatasets/alibabaBlock/new/alibabaBlock_195.oracleGeneral.zst
alibabaBlock_new	https://ftp.pdl.cmu.edu/pub/datasets/twemcacheWorkload/cacheDatasets/alibabaBlock/new/alibabaBlock_197.oracleGeneral.zst
alibabaBlock_new	https://ftp.pdl.cmu.edu/pub/datasets/twemcacheWorkload/cacheDatasets/alibabaBlock/new/alibabaBlock_198.oracleGeneral.zst
alibabaBlock_new	https://ftp.pdl.cmu.edu/pub/datasets/twemcacheWorkload/cacheDatasets/alibabaBlock/new/alibabaBlock_2.oracleGeneral.zst
alibabaBlock_new	https://ftp.pdl.cmu.edu/pub/datasets/twemcacheWorkload/cacheDatasets/alibabaBlock/new/alibabaBlock_20.oracleGeneral.zst
alibabaBlock_new	https://ftp.pdl.cmu.edu/pub/datasets/twemcacheWorkload/cacheDatasets/alibabaBlock/new/alibabaBlock_200.oracleGeneral.zst
alibabaBlock_new	https://ftp.pdl.cmu.edu/pub/datasets/twemcacheWorkload/cacheDatasets/alibabaBlock/new/alibabaBlock_201.oracleGeneral.zst
alibabaBlock_new	https://ftp.pdl.cmu.edu/pub/datasets/twemcacheWorkload/cacheDatasets/alibabaBlock/new/alibabaBlock_202.oracleGeneral.zst
alibabaBlock_new	https://ftp.pdl.cmu.edu/pub/datasets/twemcacheWorkload/cacheDatasets/alibabaBlock/new/alibabaBlock_205.oracleGeneral.zst
alibabaBlock_new	https://ftp.pdl.cmu.edu/pub/datasets/twemcacheWorkload/cacheDatasets/alibabaBlock/new/alibabaBlock_206.oracleGeneral.zst
alibabaBlock_new	https://ftp.pdl.cmu.edu/pub/datasets/twemcacheWorkload/cacheDatasets/alibabaBlock/new/alibabaBlock_207.oracleGeneral.zst
alibabaBlock_new	https://ftp.pdl.cmu.edu/pub/datasets/twemcacheWorkload/cacheDatasets/alibabaBlock/new/alibabaBlock_208.oracleGeneral.zst
alibabaBlock_new	https://ftp.pdl.cmu.edu/pub/datasets/twemcacheWorkload/cacheDatasets/alibabaBlock/new/alibabaBlock_209.oracleGeneral.zst
alibabaBlock_new	https://ftp.pdl.cmu.edu/pub/datasets/twemcacheWorkload/cacheDatasets/alibabaBlock/new/alibabaBlock_210.oracleGeneral.zst
alibabaBlock_new	https://ftp.pdl.cmu.edu/pub/datasets/twemcacheWorkload/cacheDatasets/alibabaBlock/new/alibabaBlock_211.oracleGeneral.zst
alibabaBlock_new	https://ftp.pdl.cmu.edu/pub/datasets/twemcacheWorkload/cacheDatasets/alibabaBlock/new/alibabaBlock_212.oracleGeneral.zst
alibabaBlock_new	https://ftp.pdl.cmu.edu/pub/datasets/twemcacheWorkload/cacheDatasets/alibabaBlock/new/alibabaBlock_213.oracleGeneral.zst
alibabaBlock_new	https://ftp.pdl.cmu.edu/pub/datasets/twemcacheWorkload/cacheDatasets/alibabaBlock/new/alibabaBlock_219.oracleGeneral.zst
alibabaBlock_new	https://ftp.pdl.cmu.edu/pub/datasets/twemcacheWorkload/cacheDatasets/alibabaBlock/new/alibabaBlock_22.oracleGeneral.zst
alibabaBlock_new	https://ftp.pdl.cmu.edu/pub/datasets/twemcacheWorkload/cacheDatasets/alibabaBlock/new/alibabaBlock_220.oracleGeneral.zst
alibabaBlock_new	https://ftp.pdl.cmu.edu/pub/datasets/twemcacheWorkload/cacheDatasets/alibabaBlock/new/alibabaBlock_221.oracleGeneral.zst
alibabaBlock_new	https://ftp.pdl.cmu.edu/pub/datasets/twemcacheWorkload/cacheDatasets/alibabaBlock/new/alibabaBlock_223.oracleGeneral.zst
alibabaBlock_new	https://ftp.pdl.cmu.edu/pub/datasets/twemcacheWorkload/cacheDatasets/alibabaBlock/new/alibabaBlock_225.oracleGeneral.zst
alibabaBlock_new	https://ftp.pdl.cmu.edu/pub/datasets/twemcacheWorkload/cacheDatasets/alibabaBlock/new/alibabaBlock_226.oracleGeneral.zst
alibabaBlock_new	https://ftp.pdl.cmu.edu/pub/datasets/twemcacheWorkload/cacheDatasets/alibabaBlock/new/alibabaBlock_227.oracleGeneral.zst
alibabaBlock_new	https://ftp.pdl.cmu.edu/pub/datasets/twemcacheWorkload/cacheDatasets/alibabaBlock/new/alibabaBlock_228.oracleGeneral.zst
alibabaBlock_new	https://ftp.pdl.cmu.edu/pub/datasets/twemcacheWorkload/cacheDatasets/alibabaBlock/new/alibabaBlock_23.oracleGeneral.zst
alibabaBlock_new	https://ftp.pdl.cmu.edu/pub/datasets/twemcacheWorkload/cacheDatasets/alibabaBlock/new/alibabaBlock_231.oracleGeneral.zst
alibabaBlock_new	https://ftp.pdl.cmu.edu/pub/datasets/twemcacheWorkload/cacheDatasets/alibabaBlock/new/alibabaBlock_232.oracleGeneral.zst
alibabaBlock_new	https://ftp.pdl.cmu.edu/pub/datasets/twemcacheWorkload/cacheDatasets/alibabaBlock/new/alibabaBlock_236.oracleGeneral.zst
alibabaBlock_new	https://ftp.pdl.cmu.edu/pub/datasets/twemcacheWorkload/cacheDatasets/alibabaBlock/new/alibabaBlock_237.oracleGeneral.zst
alibabaBlock_new	https://ftp.pdl.cmu.edu/pub/datasets/twemcacheWorkload/cacheDatasets/alibabaBlock/new/alibabaBlock_239.oracleGeneral.zst
alibabaBlock_new	https://ftp.pdl.cmu.edu/pub/datasets/twemcacheWorkload/cacheDatasets/alibabaBlock/new/alibabaBlock_24.oracleGeneral.zst
alibabaBlock_new	https://ftp.pdl.cmu.edu/pub/datasets/twemcacheWorkload/cacheDatasets/alibabaBlock/new/alibabaBlock_241.oracleGeneral.zst
alibabaBlock_new	https://ftp.pdl.cmu.edu/pub/datasets/twemcacheWorkload/cacheDatasets/alibabaBlock/new/alibabaBlock_242.oracleGeneral.zst
alibabaBlock_new	https://ftp.pdl.cmu.edu/pub/datasets/twemcacheWorkload/cacheDatasets/alibabaBlock/new/alibabaBlock_248.oracleGeneral.zst
alibabaBlock_new	https://ftp.pdl.cmu.edu/pub/datasets/twemcacheWorkload/cacheDatasets/alibabaBlock/new/alibabaBlock_25.oracleGeneral.zst
alibabaBlock_new	https://ftp.pdl.cmu.edu/pub/datasets/twemcacheWorkload/cacheDatasets/alibabaBlock/new/alibabaBlock_251.oracleGeneral.zst
alibabaBlock_new	https://ftp.pdl.cmu.edu/pub/datasets/twemcacheWorkload/cacheDatasets/alibabaBlock/new/alibabaBlock_254.oracleGeneral.zst
alibabaBlock_new	https://ftp.pdl.cmu.edu/pub/datasets/twemcacheWorkload/cacheDatasets/alibabaBlock/new/alibabaBlock_256.oracleGeneral.zst
alibabaBlock_new	https://ftp.pdl.cmu.edu/pub/datasets/twemcacheWorkload/cacheDatasets/alibabaBlock/new/alibabaBlock_26.oracleGeneral.zst
alibabaBlock_new	https://ftp.pdl.cmu.edu/pub/datasets/twemcacheWorkload/cacheDatasets/alibabaBlock/new/alibabaBlock_261.oracleGeneral.zst
alibabaBlock_new	https://ftp.pdl.cmu.edu/pub/datasets/twemcacheWorkload/cacheDatasets/alibabaBlock/new/alibabaBlock_262.oracleGeneral.zst
alibabaBlock_new	https://ftp.pdl.cmu.edu/pub/datasets/twemcacheWorkload/cacheDatasets/alibabaBlock/new/alibabaBlock_263.oracleGeneral.zst
alibabaBlock_new	https://ftp.pdl.cmu.edu/pub/datasets/twemcacheWorkload/cacheDatasets/alibabaBlock/new/alibabaBlock_264.oracleGeneral.zst
alibabaBlock_new	https://ftp.pdl.cmu.edu/pub/datasets/twemcacheWorkload/cacheDatasets/alibabaBlock/new/alibabaBlock_269.oracleGeneral.zst
alibabaBlock_new	https://ftp.pdl.cmu.edu/pub/datasets/twemcacheWorkload/cacheDatasets/alibabaBlock/new/alibabaBlock_27.oracleGeneral.zst
alibabaBlock_new	https://ftp.pdl.cmu.edu/pub/datasets/twemcacheWorkload/cacheDatasets/alibabaBlock/new/alibabaBlock_273.oracleGeneral.zst
alibabaBlock_new	https://ftp.pdl.cmu.edu/pub/datasets/twemcacheWorkload/cacheDatasets/alibabaBlock/new/alibabaBlock_275.oracleGeneral.zst
alibabaBlock_new	https://ftp.pdl.cmu.edu/pub/datasets/twemcacheWorkload/cacheDatasets/alibabaBlock/new/alibabaBlock_276.oracleGeneral.zst
alibabaBlock_new	https://ftp.pdl.cmu.edu/pub/datasets/twemcacheWorkload/cacheDatasets/alibabaBlock/new/alibabaBlock_278.oracleGeneral.zst
alibabaBlock_new	https://ftp.pdl.cmu.edu/pub/datasets/twemcacheWorkload/cacheDatasets/alibabaBlock/new/alibabaBlock_28.oracleGeneral.zst
alibabaBlock_new	https://ftp.pdl.cmu.edu/pub/datasets/twemcacheWorkload/cacheDatasets/alibabaBlock/new/alibabaBlock_283.oracleGeneral.zst
alibabaBlock_new	https://ftp.pdl.cmu.edu/pub/datasets/twemcacheWorkload/cacheDatasets/alibabaBlock/new/alibabaBlock_289.oracleGeneral.zst
alibabaBlock_new	https://ftp.pdl.cmu.edu/pub/datasets/twemcacheWorkload/cacheDatasets/alibabaBlock/new/alibabaBlock_29.oracleGeneral.zst
alibabaBlock_new	https://ftp.pdl.cmu.edu/pub/datasets/twemcacheWorkload/cacheDatasets/alibabaBlock/new/alibabaBlock_293.oracleGeneral.zst
alibabaBlock_new	https://ftp.pdl.cmu.edu/pub/datasets/twemcacheWorkload/cacheDatasets/alibabaBlock/new/alibabaBlock_295.oracleGeneral.zst
alibabaBlock_new	https://ftp.pdl.cmu.edu/pub/datasets/twemcacheWorkload/cacheDatasets/alibabaBlock/new/alibabaBlock_3.oracleGeneral.zst
alibabaBlock_new	https://ftp.pdl.cmu.edu/pub/datasets/twemcacheWorkload/cacheDatasets/alibabaBlock/new/alibabaBlock_30.oracleGeneral.zst
alibabaBlock_new	https://ftp.pdl.cmu.edu/pub/datasets/twemcacheWorkload/cacheDatasets/alibabaBlock/new/alibabaBlock_303.oracleGeneral.zst
alibabaBlock_new	https://ftp.pdl.cmu.edu/pub/datasets/twemcacheWorkload/cacheDatasets/alibabaBlock/new/alibabaBlock_311.oracleGeneral.zst
alibabaBlock_new	https://ftp.pdl.cmu.edu/pub/datasets/twemcacheWorkload/cacheDatasets/alibabaBlock/new/alibabaBlock_316.oracleGeneral.zst
alibabaBlock_new	https://ftp.pdl.cmu.edu/pub/datasets/twemcacheWorkload/cacheDatasets/alibabaBlock/new/alibabaBlock_32.oracleGeneral.zst
alibabaBlock_new	https://ftp.pdl.cmu.edu/pub/datasets/twemcacheWorkload/cacheDatasets/alibabaBlock/new/alibabaBlock_324.oracleGeneral.zst
alibabaBlock_new	https://ftp.pdl.cmu.edu/pub/datasets/twemcacheWorkload/cacheDatasets/alibabaBlock/new/alibabaBlock_327.oracleGeneral.zst
alibabaBlock_new	https://ftp.pdl.cmu.edu/pub/datasets/twemcacheWorkload/cacheDatasets/alibabaBlock/new/alibabaBlock_33.oracleGeneral.zst
alibabaBlock_new	https://ftp.pdl.cmu.edu/pub/datasets/twemcacheWorkload/cacheDatasets/alibabaBlock/new/alibabaBlock_336.oracleGeneral.zst
alibabaBlock_new	https://ftp.pdl.cmu.edu/pub/datasets/twemcacheWorkload/cacheDatasets/alibabaBlock/new/alibabaBlock_339.oracleGeneral.zst
alibabaBlock_new	https://ftp.pdl.cmu.edu/pub/datasets/twemcacheWorkload/cacheDatasets/alibabaBlock/new/alibabaBlock_34.oracleGeneral.zst
alibabaBlock_new	https://ftp.pdl.cmu.edu/pub/datasets/twemcacheWorkload/cacheDatasets/alibabaBlock/new/alibabaBlock_345.oracleGeneral.zst
alibabaBlock_new	https://ftp.pdl.cmu.edu/pub/datasets/twemcacheWorkload/cacheDatasets/alibabaBlock/new/alibabaBlock_348.oracleGeneral.zst
alibabaBlock_new	https://ftp.pdl.cmu.edu/pub/datasets/twemcacheWorkload/cacheDatasets/alibabaBlock/new/alibabaBlock_35.oracleGeneral.zst
alibabaBlock_new	https://ftp.pdl.cmu.edu/pub/datasets/twemcacheWorkload/cacheDatasets/alibabaBlock/new/alibabaBlock_354.oracleGeneral.zst
alibabaBlock_new	https://ftp.pdl.cmu.edu/pub/datasets/twemcacheWorkload/cacheDatasets/alibabaBlock/new/alibabaBlock_358.oracleGeneral.zst
alibabaBlock_new	https://ftp.pdl.cmu.edu/pub/datasets/twemcacheWorkload/cacheDatasets/alibabaBlock/new/alibabaBlock_36.oracleGeneral.zst
alibabaBlock_new	https://ftp.pdl.cmu.edu/pub/datasets/twemcacheWorkload/cacheDatasets/alibabaBlock/new/alibabaBlock_361.oracleGeneral.zst
alibabaBlock_new	https://ftp.pdl.cmu.edu/pub/datasets/twemcacheWorkload/cacheDatasets/alibabaBlock/new/alibabaBlock_363.oracleGeneral.zst
alibabaBlock_new	https://ftp.pdl.cmu.edu/pub/datasets/twemcacheWorkload/cacheDatasets/alibabaBlock/new/alibabaBlock_369.oracleGeneral.zst
alibabaBlock_new	https://ftp.pdl.cmu.edu/pub/datasets/twemcacheWorkload/cacheDatasets/alibabaBlock/new/alibabaBlock_37.oracleGeneral.zst
alibabaBlock_new	https://ftp.pdl.cmu.edu/pub/datasets/twemcacheWorkload/cacheDatasets/alibabaBlock/new/alibabaBlock_375.oracleGeneral.zst
alibabaBlock_new	https://ftp.pdl.cmu.edu/pub/datasets/twemcacheWorkload/cacheDatasets/alibabaBlock/new/alibabaBlock_38.oracleGeneral.zst
alibabaBlock_new	https://ftp.pdl.cmu.edu/pub/datasets/twemcacheWorkload/cacheDatasets/alibabaBlock/new/alibabaBlock_39.oracleGeneral.zst
alibabaBlock_new	https://ftp.pdl.cmu.edu/pub/datasets/twemcacheWorkload/cacheDatasets/alibabaBlock/new/alibabaBlock_391.oracleGeneral.zst
alibabaBlock_new	https://ftp.pdl.cmu.edu/pub/datasets/twemcacheWorkload/cacheDatasets/alibabaBlock/new/alibabaBlock_395.oracleGeneral.zst
alibabaBlock_new	https://ftp.pdl.cmu.edu/pub/datasets/twemcacheWorkload/cacheDatasets/alibabaBlock/new/alibabaBlock_399.oracleGeneral.zst
alibabaBlock_new	https://ftp.pdl.cmu.edu/pub/datasets/twemcacheWorkload/cacheDatasets/alibabaBlock/new/alibabaBlock_4.oracleGeneral.zst
alibabaBlock_new	https://ftp.pdl.cmu.edu/pub/datasets/twemcacheWorkload/cacheDatasets/alibabaBlock/new/alibabaBlock_40.oracleGeneral.zst
alibabaBlock_new	https://ftp.pdl.cmu.edu/pub/datasets/twemcacheWorkload/cacheDatasets/alibabaBlock/new/alibabaBlock_401.oracleGeneral.zst
alibabaBlock_new	https://ftp.pdl.cmu.edu/pub/datasets/twemcacheWorkload/cacheDatasets/alibabaBlock/new/alibabaBlock_402.oracleGeneral.zst
alibabaBlock_new	https://ftp.pdl.cmu.edu/pub/datasets/twemcacheWorkload/cacheDatasets/alibabaBlock/new/alibabaBlock_43.oracleGeneral.zst
alibabaBlock_new	https://ftp.pdl.cmu.edu/pub/datasets/twemcacheWorkload/cacheDatasets/alibabaBlock/new/alibabaBlock_430.oracleGeneral.zst
alibabaBlock_new	https://ftp.pdl.cmu.edu/pub/datasets/twemcacheWorkload/cacheDatasets/alibabaBlock/new/alibabaBlock_434.oracleGeneral.zst
alibabaBlock_new	https://ftp.pdl.cmu.edu/pub/datasets/twemcacheWorkload/cacheDatasets/alibabaBlock/new/alibabaBlock_435.oracleGeneral.zst
alibabaBlock_new	https://ftp.pdl.cmu.edu/pub/datasets/twemcacheWorkload/cacheDatasets/alibabaBlock/new/alibabaBlock_445.oracleGeneral.zst
alibabaBlock_new	https://ftp.pdl.cmu.edu/pub/datasets/twemcacheWorkload/cacheDatasets/alibabaBlock/new/alibabaBlock_446.oracleGeneral.zst
alibabaBlock_new	https://ftp.pdl.cmu.edu/pub/datasets/twemcacheWorkload/cacheDatasets/alibabaBlock/new/alibabaBlock_46.oracleGeneral.zst
alibabaBlock_new	https://ftp.pdl.cmu.edu/pub/datasets/twemcacheWorkload/cacheDatasets/alibabaBlock/new/alibabaBlock_460.oracleGeneral.zst
alibabaBlock_new	https://ftp.pdl.cmu.edu/pub/datasets/twemcacheWorkload/cacheDatasets/alibabaBlock/new/alibabaBlock_466.oracleGeneral.zst
alibabaBlock_new	https://ftp.pdl.cmu.edu/pub/datasets/twemcacheWorkload/cacheDatasets/alibabaBlock/new/alibabaBlock_47.oracleGeneral.zst
alibabaBlock_new	https://ftp.pdl.cmu.edu/pub/datasets/twemcacheWorkload/cacheDatasets/alibabaBlock/new/alibabaBlock_470.oracleGeneral.zst
alibabaBlock_new	https://ftp.pdl.cmu.edu/pub/datasets/twemcacheWorkload/cacheDatasets/alibabaBlock/new/alibabaBlock_48.oracleGeneral.zst
alibabaBlock_new	https://ftp.pdl.cmu.edu/pub/datasets/twemcacheWorkload/cacheDatasets/alibabaBlock/new/alibabaBlock_483.oracleGeneral.zst
alibabaBlock_new	https://ftp.pdl.cmu.edu/pub/datasets/twemcacheWorkload/cacheDatasets/alibabaBlock/new/alibabaBlock_5.oracleGeneral.zst
alibabaBlock_new	https://ftp.pdl.cmu.edu/pub/datasets/twemcacheWorkload/cacheDatasets/alibabaBlock/new/alibabaBlock_507.oracleGeneral.zst
alibabaBlock_new	https://ftp.pdl.cmu.edu/pub/datasets/twemcacheWorkload/cacheDatasets/alibabaBlock/new/alibabaBlock_509.oracleGeneral.zst
alibabaBlock_new	https://ftp.pdl.cmu.edu/pub/datasets/twemcacheWorkload/cacheDatasets/alibabaBlock/new/alibabaBlock_513.oracleGeneral.zst
alibabaBlock_new	https://ftp.pdl.cmu.edu/pub/datasets/twemcacheWorkload/cacheDatasets/alibabaBlock/new/alibabaBlock_52.oracleGeneral.zst
alibabaBlock_new	https://ftp.pdl.cmu.edu/pub/datasets/twemcacheWorkload/cacheDatasets/alibabaBlock/new/alibabaBlock_522.oracleGeneral.zst
alibabaBlock_new	https://ftp.pdl.cmu.edu/pub/datasets/twemcacheWorkload/cacheDatasets/alibabaBlock/new/alibabaBlock_538.oracleGeneral.zst
alibabaBlock_new	https://ftp.pdl.cmu.edu/pub/datasets/twemcacheWorkload/cacheDatasets/alibabaBlock/new/alibabaBlock_54.oracleGeneral.zst
alibabaBlock_new	https://ftp.pdl.cmu.edu/pub/datasets/twemcacheWorkload/cacheDatasets/alibabaBlock/new/alibabaBlock_555.oracleGeneral.zst
alibabaBlock_new	https://ftp.pdl.cmu.edu/pub/datasets/twemcacheWorkload/cacheDatasets/alibabaBlock/new/alibabaBlock_556.oracleGeneral.zst
alibabaBlock_new	https://ftp.pdl.cmu.edu/pub/datasets/twemcacheWorkload/cacheDatasets/alibabaBlock/new/alibabaBlock_56.oracleGeneral.zst
alibabaBlock_new	https://ftp.pdl.cmu.edu/pub/datasets/twemcacheWorkload/cacheDatasets/alibabaBlock/new/alibabaBlock_58.oracleGeneral.zst
alibabaBlock_new	https://ftp.pdl.cmu.edu/pub/datasets/twemcacheWorkload/cacheDatasets/alibabaBlock/new/alibabaBlock_59.oracleGeneral.zst
alibabaBlock_new	https://ftp.pdl.cmu.edu/pub/datasets/twemcacheWorkload/cacheDatasets/alibabaBlock/new/alibabaBlock_6.oracleGeneral.zst
alibabaBlock_new	https://ftp.pdl.cmu.edu/pub/datasets/twemcacheWorkload/cacheDatasets/alibabaBlock/new/alibabaBlock_61.oracleGeneral.zst
alibabaBlock_new	https://ftp.pdl.cmu.edu/pub/datasets/twemcacheWorkload/cacheDatasets/alibabaBlock/new/alibabaBlock_62.oracleGeneral.zst
alibabaBlock_new	https://ftp.pdl.cmu.edu/pub/datasets/twemcacheWorkload/cacheDatasets/alibabaBlock/new/alibabaBlock_631.oracleGeneral.zst
alibabaBlock_new	https://ftp.pdl.cmu.edu/pub/datasets/twemcacheWorkload/cacheDatasets/alibabaBlock/new/alibabaBlock_651.oracleGeneral.zst
alibabaBlock_new	https://ftp.pdl.cmu.edu/pub/datasets/twemcacheWorkload/cacheDatasets/alibabaBlock/new/alibabaBlock_66.oracleGeneral.zst
alibabaBlock_new	https://ftp.pdl.cmu.edu/pub/datasets/twemcacheWorkload/cacheDatasets/alibabaBlock/new/alibabaBlock_661.oracleGeneral.zst
alibabaBlock_new	https://ftp.pdl.cmu.edu/pub/datasets/twemcacheWorkload/cacheDatasets/alibabaBlock/new/alibabaBlock_663.oracleGeneral.zst
alibabaBlock_new	https://ftp.pdl.cmu.edu/pub/datasets/twemcacheWorkload/cacheDatasets/alibabaBlock/new/alibabaBlock_67.oracleGeneral.zst
alibabaBlock_new	https://ftp.pdl.cmu.edu/pub/datasets/twemcacheWorkload/cacheDatasets/alibabaBlock/new/alibabaBlock_679.oracleGeneral.zst
alibabaBlock_new	https://ftp.pdl.cmu.edu/pub/datasets/twemcacheWorkload/cacheDatasets/alibabaBlock/new/alibabaBlock_68.oracleGeneral.zst
alibabaBlock_new	https://ftp.pdl.cmu.edu/pub/datasets/twemcacheWorkload/cacheDatasets/alibabaBlock/new/alibabaBlock_69.oracleGeneral.zst
alibabaBlock_new	https://ftp.pdl.cmu.edu/pub/datasets/twemcacheWorkload/cacheDatasets/alibabaBlock/new/alibabaBlock_7.oracleGeneral.zst
alibabaBlock_new	https://ftp.pdl.cmu.edu/pub/datasets/twemcacheWorkload/cacheDatasets/alibabaBlock/new/alibabaBlock_701.oracleGeneral.zst
alibabaBlock_new	https://ftp.pdl.cmu.edu/pub/datasets/twemcacheWorkload/cacheDatasets/alibabaBlock/new/alibabaBlock_717.oracleGeneral.zst
alibabaBlock_new	https://ftp.pdl.cmu.edu/pub/datasets/twemcacheWorkload/cacheDatasets/alibabaBlock/new/alibabaBlock_72.oracleGeneral.zst
alibabaBlock_new	https://ftp.pdl.cmu.edu/pub/datasets/twemcacheWorkload/cacheDatasets/alibabaBlock/new/alibabaBlock_724.oracleGeneral.zst
alibabaBlock_new	https://ftp.pdl.cmu.edu/pub/datasets/twemcacheWorkload/cacheDatasets/alibabaBlock/new/alibabaBlock_725.oracleGeneral.zst
alibabaBlock_new	https://ftp.pdl.cmu.edu/pub/datasets/twemcacheWorkload/cacheDatasets/alibabaBlock/new/alibabaBlock_726.oracleGeneral.zst
alibabaBlock_new	https://ftp.pdl.cmu.edu/pub/datasets/twemcacheWorkload/cacheDatasets/alibabaBlock/new/alibabaBlock_727.oracleGeneral.zst
alibabaBlock_new	https://ftp.pdl.cmu.edu/pub/datasets/twemcacheWorkload/cacheDatasets/alibabaBlock/new/alibabaBlock_728.oracleGeneral.zst
alibabaBlock_new	https://ftp.pdl.cmu.edu/pub/datasets/twemcacheWorkload/cacheDatasets/alibabaBlock/new/alibabaBlock_730.oracleGeneral.zst
alibabaBlock_new	https://ftp.pdl.cmu.edu/pub/datasets/twemcacheWorkload/cacheDatasets/alibabaBlock/new/alibabaBlock_731.oracleGeneral.zst
alibabaBlock_new	https://ftp.pdl.cmu.edu/pub/datasets/twemcacheWorkload/cacheDatasets/alibabaBlock/new/alibabaBlock_733.oracleGeneral.zst
alibabaBlock_new	https://ftp.pdl.cmu.edu/pub/datasets/twemcacheWorkload/cacheDatasets/alibabaBlock/new/alibabaBlock_736.oracleGeneral.zst
alibabaBlock_new	https://ftp.pdl.cmu.edu/pub/datasets/twemcacheWorkload/cacheDatasets/alibabaBlock/new/alibabaBlock_737.oracleGeneral.zst
alibabaBlock_new	https://ftp.pdl.cmu.edu/pub/datasets/twemcacheWorkload/cacheDatasets/alibabaBlock/new/alibabaBlock_74.oracleGeneral.zst
alibabaBlock_new	https://ftp.pdl.cmu.edu/pub/datasets/twemcacheWorkload/cacheDatasets/alibabaBlock/new/alibabaBlock_740.oracleGeneral.zst
alibabaBlock_new	https://ftp.pdl.cmu.edu/pub/datasets/twemcacheWorkload/cacheDatasets/alibabaBlock/new/alibabaBlock_742.oracleGeneral.zst
alibabaBlock_new	https://ftp.pdl.cmu.edu/pub/datasets/twemcacheWorkload/cacheDatasets/alibabaBlock/new/alibabaBlock_743.oracleGeneral.zst
alibabaBlock_new	https://ftp.pdl.cmu.edu/pub/datasets/twemcacheWorkload/cacheDatasets/alibabaBlock/new/alibabaBlock_745.oracleGeneral.zst
alibabaBlock_new	https://ftp.pdl.cmu.edu/pub/datasets/twemcacheWorkload/cacheDatasets/alibabaBlock/new/alibabaBlock_746.oracleGeneral.zst
alibabaBlock_new	https://ftp.pdl.cmu.edu/pub/datasets/twemcacheWorkload/cacheDatasets/alibabaBlock/new/alibabaBlock_748.oracleGeneral.zst
alibabaBlock_new	https://ftp.pdl.cmu.edu/pub/datasets/twemcacheWorkload/cacheDatasets/alibabaBlock/new/alibabaBlock_749.oracleGeneral.zst
alibabaBlock_new	https://ftp.pdl.cmu.edu/pub/datasets/twemcacheWorkload/cacheDatasets/alibabaBlock/new/alibabaBlock_751.oracleGeneral.zst
alibabaBlock_new	https://ftp.pdl.cmu.edu/pub/datasets/twemcacheWorkload/cacheDatasets/alibabaBlock/new/alibabaBlock_759.oracleGeneral.zst
alibabaBlock_new	https://ftp.pdl.cmu.edu/pub/datasets/twemcacheWorkload/cacheDatasets/alibabaBlock/new/alibabaBlock_76.oracleGeneral.zst
alibabaBlock_new	https://ftp.pdl.cmu.edu/pub/datasets/twemcacheWorkload/cacheDatasets/alibabaBlock/new/alibabaBlock_77.oracleGeneral.zst
alibabaBlock_new	https://ftp.pdl.cmu.edu/pub/datasets/twemcacheWorkload/cacheDatasets/alibabaBlock/new/alibabaBlock_771.oracleGeneral.zst
alibabaBlock_new	https://ftp.pdl.cmu.edu/pub/datasets/twemcacheWorkload/cacheDatasets/alibabaBlock/new/alibabaBlock_78.oracleGeneral.zst
alibabaBlock_new	https://ftp.pdl.cmu.edu/pub/datasets/twemcacheWorkload/cacheDatasets/alibabaBlock/new/alibabaBlock_784.oracleGeneral.zst
alibabaBlock_new	https://ftp.pdl.cmu.edu/pub/datasets/twemcacheWorkload/cacheDatasets/alibabaBlock/new/alibabaBlock_79.oracleGeneral.zst
alibabaBlock_new	https://ftp.pdl.cmu.edu/pub/datasets/twemcacheWorkload/cacheDatasets/alibabaBlock/new/alibabaBlock_791.oracleGeneral.zst
alibabaBlock_new	https://ftp.pdl.cmu.edu/pub/datasets/twemcacheWorkload/cacheDatasets/alibabaBlock/new/alibabaBlock_792.oracleGeneral.zst
alibabaBlock_new	https://ftp.pdl.cmu.edu/pub/datasets/twemcacheWorkload/cacheDatasets/alibabaBlock/new/alibabaBlock_8.oracleGeneral.zst
alibabaBlock_new	https://ftp.pdl.cmu.edu/pub/datasets/twemcacheWorkload/cacheDatasets/alibabaBlock/new/alibabaBlock_801.oracleGeneral.zst
alibabaBlock_new	https://ftp.pdl.cmu.edu/pub/datasets/twemcacheWorkload/cacheDatasets/alibabaBlock/new/alibabaBlock_804.oracleGeneral.zst
alibabaBlock_new	https://ftp.pdl.cmu.edu/pub/datasets/twemcacheWorkload/cacheDatasets/alibabaBlock/new/alibabaBlock_810.oracleGeneral.zst
alibabaBlock_new	https://ftp.pdl.cmu.edu/pub/datasets/twemcacheWorkload/cacheDatasets/alibabaBlock/new/alibabaBlock_825.oracleGeneral.zst
alibabaBlock_new	https://ftp.pdl.cmu.edu/pub/datasets/twemcacheWorkload/cacheDatasets/alibabaBlock/new/alibabaBlock_826.oracleGeneral.zst
alibabaBlock_new	https://ftp.pdl.cmu.edu/pub/datasets/twemcacheWorkload/cacheDatasets/alibabaBlock/new/alibabaBlock_83.oracleGeneral.zst
alibabaBlock_new	https://ftp.pdl.cmu.edu/pub/datasets/twemcacheWorkload/cacheDatasets/alibabaBlock/new/alibabaBlock_86.oracleGeneral.zst
alibabaBlock_new	https://ftp.pdl.cmu.edu/pub/datasets/twemcacheWorkload/cacheDatasets/alibabaBlock/new/alibabaBlock_88.oracleGeneral.zst
alibabaBlock_new	https://ftp.pdl.cmu.edu/pub/datasets/twemcacheWorkload/cacheDatasets/alibabaBlock/new/alibabaBlock_91.oracleGeneral.zst
alibabaBlock_new	https://ftp.pdl.cmu.edu/pub/datasets/twemcacheWorkload/cacheDatasets/alibabaBlock/new/alibabaBlock_92.oracleGeneral.zst
alibabaBlock_new	https://ftp.pdl.cmu.edu/pub/datasets/twemcacheWorkload/cacheDatasets/alibabaBlock/new/alibabaBlock_94.oracleGeneral.zst
alibabaBlock_new	https://ftp.pdl.cmu.edu/pub/datasets/twemcacheWorkload/cacheDatasets/alibabaBlock/new/alibabaBlock_96.oracleGeneral.zst
alibabaBlock_new	https://ftp.pdl.cmu.edu/pub/datasets/twemcacheWorkload/cacheDatasets/alibabaBlock/new/alibabaBlock_97.oracleGeneral.zst
alibabaBlock_new	https://ftp.pdl.cmu.edu/pub/datasets/twemcacheWorkload/cacheDatasets/alibabaBlock/new/alibabaBlock_99.oracleGeneral.zst
tencentBlock_v2	https://ftp.pdl.cmu.edu/pub/datasets/twemcacheWorkload/cacheDatasets/tencentBlock/v2/tencentBlock_10000.oracleGeneral.zst
tencentBlock_v2	https://ftp.pdl.cmu.edu/pub/datasets/twemcacheWorkload/cacheDatasets/tencentBlock/v2/tencentBlock_10001.oracleGeneral.zst
tencentBlock_v2	https://ftp.pdl.cmu.edu/pub/datasets/twemcacheWorkload/cacheDatasets/tencentBlock/v2/tencentBlock_10012.oracleGeneral.zst
tencentBlock_v2	https://ftp.pdl.cmu.edu/pub/datasets/twemcacheWorkload/cacheDatasets/tencentBlock/v2/tencentBlock_10100.oracleGeneral.zst
tencentBlock_v2	https://ftp.pdl.cmu.edu/pub/datasets/twemcacheWorkload/cacheDatasets/tencentBlock/v2/tencentBlock_10163.oracleGeneral.zst
tencentBlock_v2	https://ftp.pdl.cmu.edu/pub/datasets/twemcacheWorkload/cacheDatasets/tencentBlock/v2/tencentBlock_10171.oracleGeneral.zst
tencentBlock_v2	https://ftp.pdl.cmu.edu/pub/datasets/twemcacheWorkload/cacheDatasets/tencentBlock/v2/tencentBlock_10226.oracleGeneral.zst
tencentBlock_v2	https://ftp.pdl.cmu.edu/pub/datasets/twemcacheWorkload/cacheDatasets/tencentBlock/v2/tencentBlock_10348.oracleGeneral.zst
tencentBlock_v2	https://ftp.pdl.cmu.edu/pub/datasets/twemcacheWorkload/cacheDatasets/tencentBlock/v2/tencentBlock_10476.oracleGeneral.zst
tencentBlock_v2	https://ftp.pdl.cmu.edu/pub/datasets/twemcacheWorkload/cacheDatasets/tencentBlock/v2/tencentBlock_10512.oracleGeneral.zst
tencentBlock_v2	https://ftp.pdl.cmu.edu/pub/datasets/twemcacheWorkload/cacheDatasets/tencentBlock/v2/tencentBlock_10533.oracleGeneral.zst
tencentBlock_v2	https://ftp.pdl.cmu.edu/pub/datasets/twemcacheWorkload/cacheDatasets/tencentBlock/v2/tencentBlock_10564.oracleGeneral.zst
tencentBlock_v2	https://ftp.pdl.cmu.edu/pub/datasets/twemcacheWorkload/cacheDatasets/tencentBlock/v2/tencentBlock_1063.oracleGeneral.zst
tencentBlock_v2	https://ftp.pdl.cmu.edu/pub/datasets/twemcacheWorkload/cacheDatasets/tencentBlock/v2/tencentBlock_10635.oracleGeneral.zst
tencentBlock_v2	https://ftp.pdl.cmu.edu/pub/datasets/twemcacheWorkload/cacheDatasets/tencentBlock/v2/tencentBlock_1069.oracleGeneral.zst
tencentBlock_v2	https://ftp.pdl.cmu.edu/pub/datasets/twemcacheWorkload/cacheDatasets/tencentBlock/v2/tencentBlock_10799.oracleGeneral.zst
tencentBlock_v2	https://ftp.pdl.cmu.edu/pub/datasets/twemcacheWorkload/cacheDatasets/tencentBlock/v2/tencentBlock_10836.oracleGeneral.zst
tencentBlock_v2	https://ftp.pdl.cmu.edu/pub/datasets/twemcacheWorkload/cacheDatasets/tencentBlock/v2/tencentBlock_10935.oracleGeneral.zst
tencentBlock_v2	https://ftp.pdl.cmu.edu/pub/datasets/twemcacheWorkload/cacheDatasets/tencentBlock/v2/tencentBlock_11013.oracleGeneral.zst
tencentBlock_v2	https://ftp.pdl.cmu.edu/pub/datasets/twemcacheWorkload/cacheDatasets/tencentBlock/v2/tencentBlock_11034.oracleGeneral.zst
tencentBlock_v2	https://ftp.pdl.cmu.edu/pub/datasets/twemcacheWorkload/cacheDatasets/tencentBlock/v2/tencentBlock_11156.oracleGeneral.zst
tencentBlock_v2	https://ftp.pdl.cmu.edu/pub/datasets/twemcacheWorkload/cacheDatasets/tencentBlock/v2/tencentBlock_1121.oracleGeneral.zst
tencentBlock_v2	https://ftp.pdl.cmu.edu/pub/datasets/twemcacheWorkload/cacheDatasets/tencentBlock/v2/tencentBlock_1148.oracleGeneral.zst
tencentBlock_v2	https://ftp.pdl.cmu.edu/pub/datasets/twemcacheWorkload/cacheDatasets/tencentBlock/v2/tencentBlock_11509.oracleGeneral.zst
tencentBlock_v2	https://ftp.pdl.cmu.edu/pub/datasets/twemcacheWorkload/cacheDatasets/tencentBlock/v2/tencentBlock_1152.oracleGeneral.zst
tencentBlock_v2	https://ftp.pdl.cmu.edu/pub/datasets/twemcacheWorkload/cacheDatasets/tencentBlock/v2/tencentBlock_11549.oracleGeneral.zst
tencentBlock_v2	https://ftp.pdl.cmu.edu/pub/datasets/twemcacheWorkload/cacheDatasets/tencentBlock/v2/tencentBlock_11569.oracleGeneral.zst
tencentBlock_v2	https://ftp.pdl.cmu.edu/pub/datasets/twemcacheWorkload/cacheDatasets/tencentBlock/v2/tencentBlock_11615.oracleGeneral.zst
tencentBlock_v2	https://ftp.pdl.cmu.edu/pub/datasets/twemcacheWorkload/cacheDatasets/tencentBlock/v2/tencentBlock_1162.oracleGeneral.zst
tencentBlock_v2	https://ftp.pdl.cmu.edu/pub/datasets/twemcacheWorkload/cacheDatasets/tencentBlock/v2/tencentBlock_11622.oracleGeneral.zst
tencentBlock_v2	https://ftp.pdl.cmu.edu/pub/datasets/twemcacheWorkload/cacheDatasets/tencentBlock/v2/tencentBlock_1163.oracleGeneral.zst
tencentBlock_v2	https://ftp.pdl.cmu.edu/pub/datasets/twemcacheWorkload/cacheDatasets/tencentBlock/v2/tencentBlock_11633.oracleGeneral.zst
tencentBlock_v2	https://ftp.pdl.cmu.edu/pub/datasets/twemcacheWorkload/cacheDatasets/tencentBlock/v2/tencentBlock_11634.oracleGeneral.zst
tencentBlock_v2	https://ftp.pdl.cmu.edu/pub/datasets/twemcacheWorkload/cacheDatasets/tencentBlock/v2/tencentBlock_1164.oracleGeneral.zst
tencentBlock_v2	https://ftp.pdl.cmu.edu/pub/datasets/twemcacheWorkload/cacheDatasets/tencentBlock/v2/tencentBlock_11648.oracleGeneral.zst
tencentBlock_v2	https://ftp.pdl.cmu.edu/pub/datasets/twemcacheWorkload/cacheDatasets/tencentBlock/v2/tencentBlock_11656.oracleGeneral.zst
tencentBlock_v2	https://ftp.pdl.cmu.edu/pub/datasets/twemcacheWorkload/cacheDatasets/tencentBlock/v2/tencentBlock_11669.oracleGeneral.zst
tencentBlock_v2	https://ftp.pdl.cmu.edu/pub/datasets/twemcacheWorkload/cacheDatasets/tencentBlock/v2/tencentBlock_11784.oracleGeneral.zst
tencentBlock_v2	https://ftp.pdl.cmu.edu/pub/datasets/twemcacheWorkload/cacheDatasets/tencentBlock/v2/tencentBlock_11822.oracleGeneral.zst
tencentBlock_v2	https://ftp.pdl.cmu.edu/pub/datasets/twemcacheWorkload/cacheDatasets/tencentBlock/v2/tencentBlock_11887.oracleGeneral.zst
tencentBlock_v2	https://ftp.pdl.cmu.edu/pub/datasets/twemcacheWorkload/cacheDatasets/tencentBlock/v2/tencentBlock_11933.oracleGeneral.zst
tencentBlock_v2	https://ftp.pdl.cmu.edu/pub/datasets/twemcacheWorkload/cacheDatasets/tencentBlock/v2/tencentBlock_1205.oracleGeneral.zst
tencentBlock_v2	https://ftp.pdl.cmu.edu/pub/datasets/twemcacheWorkload/cacheDatasets/tencentBlock/v2/tencentBlock_12075.oracleGeneral.zst
tencentBlock_v2	https://ftp.pdl.cmu.edu/pub/datasets/twemcacheWorkload/cacheDatasets/tencentBlock/v2/tencentBlock_1214.oracleGeneral.zst
tencentBlock_v2	https://ftp.pdl.cmu.edu/pub/datasets/twemcacheWorkload/cacheDatasets/tencentBlock/v2/tencentBlock_12186.oracleGeneral.zst
tencentBlock_v2	https://ftp.pdl.cmu.edu/pub/datasets/twemcacheWorkload/cacheDatasets/tencentBlock/v2/tencentBlock_12200.oracleGeneral.zst
tencentBlock_v2	https://ftp.pdl.cmu.edu/pub/datasets/twemcacheWorkload/cacheDatasets/tencentBlock/v2/tencentBlock_12217.oracleGeneral.zst
tencentBlock_v2	https://ftp.pdl.cmu.edu/pub/datasets/twemcacheWorkload/cacheDatasets/tencentBlock/v2/tencentBlock_12300.oracleGeneral.zst
tencentBlock_v2	https://ftp.pdl.cmu.edu/pub/datasets/twemcacheWorkload/cacheDatasets/tencentBlock/v2/tencentBlock_12430.oracleGeneral.zst
tencentBlock_v2	https://ftp.pdl.cmu.edu/pub/datasets/twemcacheWorkload/cacheDatasets/tencentBlock/v2/tencentBlock_12447.oracleGeneral.zst
tencentBlock_v2	https://ftp.pdl.cmu.edu/pub/datasets/twemcacheWorkload/cacheDatasets/tencentBlock/v2/tencentBlock_12455.oracleGeneral.zst
tencentBlock_v2	https://ftp.pdl.cmu.edu/pub/datasets/twemcacheWorkload/cacheDatasets/tencentBlock/v2/tencentBlock_12461.oracleGeneral.zst
tencentBlock_v2	https://ftp.pdl.cmu.edu/pub/datasets/twemcacheWorkload/cacheDatasets/tencentBlock/v2/tencentBlock_12621.oracleGeneral.zst
tencentBlock_v2	https://ftp.pdl.cmu.edu/pub/datasets/twemcacheWorkload/cacheDatasets/tencentBlock/v2/tencentBlock_12704.oracleGeneral.zst
tencentBlock_v2	https://ftp.pdl.cmu.edu/pub/datasets/twemcacheWorkload/cacheDatasets/tencentBlock/v2/tencentBlock_12726.oracleGeneral.zst
tencentBlock_v2	https://ftp.pdl.cmu.edu/pub/datasets/twemcacheWorkload/cacheDatasets/tencentBlock/v2/tencentBlock_1273.oracleGeneral.zst
tencentBlock_v2	https://ftp.pdl.cmu.edu/pub/datasets/twemcacheWorkload/cacheDatasets/tencentBlock/v2/tencentBlock_12745.oracleGeneral.zst
tencentBlock_v2	https://ftp.pdl.cmu.edu/pub/datasets/twemcacheWorkload/cacheDatasets/tencentBlock/v2/tencentBlock_12754.oracleGeneral.zst
tencentBlock_v2	https://ftp.pdl.cmu.edu/pub/datasets/twemcacheWorkload/cacheDatasets/tencentBlock/v2/tencentBlock_12908.oracleGeneral.zst
tencentBlock_v2	https://ftp.pdl.cmu.edu/pub/datasets/twemcacheWorkload/cacheDatasets/tencentBlock/v2/tencentBlock_1293.oracleGeneral.zst
tencentBlock_v2	https://ftp.pdl.cmu.edu/pub/datasets/twemcacheWorkload/cacheDatasets/tencentBlock/v2/tencentBlock_12973.oracleGeneral.zst
tencentBlock_v2	https://ftp.pdl.cmu.edu/pub/datasets/twemcacheWorkload/cacheDatasets/tencentBlock/v2/tencentBlock_13039.oracleGeneral.zst
tencentBlock_v2	https://ftp.pdl.cmu.edu/pub/datasets/twemcacheWorkload/cacheDatasets/tencentBlock/v2/tencentBlock_13057.oracleGeneral.zst
tencentBlock_v2	https://ftp.pdl.cmu.edu/pub/datasets/twemcacheWorkload/cacheDatasets/tencentBlock/v2/tencentBlock_1306.oracleGeneral.zst
tencentBlock_v2	https://ftp.pdl.cmu.edu/pub/datasets/twemcacheWorkload/cacheDatasets/tencentBlock/v2/tencentBlock_13155.oracleGeneral.zst
tencentBlock_v2	https://ftp.pdl.cmu.edu/pub/datasets/twemcacheWorkload/cacheDatasets/tencentBlock/v2/tencentBlock_13198.oracleGeneral.zst
tencentBlock_v2	https://ftp.pdl.cmu.edu/pub/datasets/twemcacheWorkload/cacheDatasets/tencentBlock/v2/tencentBlock_1326.oracleGeneral.zst
tencentBlock_v2	https://ftp.pdl.cmu.edu/pub/datasets/twemcacheWorkload/cacheDatasets/tencentBlock/v2/tencentBlock_13286.oracleGeneral.zst
tencentBlock_v2	https://ftp.pdl.cmu.edu/pub/datasets/twemcacheWorkload/cacheDatasets/tencentBlock/v2/tencentBlock_13349.oracleGeneral.zst
tencentBlock_v2	https://ftp.pdl.cmu.edu/pub/datasets/twemcacheWorkload/cacheDatasets/tencentBlock/v2/tencentBlock_13435.oracleGeneral.zst
tencentBlock_v2	https://ftp.pdl.cmu.edu/pub/datasets/twemcacheWorkload/cacheDatasets/tencentBlock/v2/tencentBlock_13439.oracleGeneral.zst
tencentBlock_v2	https://ftp.pdl.cmu.edu/pub/datasets/twemcacheWorkload/cacheDatasets/tencentBlock/v2/tencentBlock_13494.oracleGeneral.zst
tencentBlock_v2	https://ftp.pdl.cmu.edu/pub/datasets/twemcacheWorkload/cacheDatasets/tencentBlock/v2/tencentBlock_1351.oracleGeneral.zst
tencentBlock_v2	https://ftp.pdl.cmu.edu/pub/datasets/twemcacheWorkload/cacheDatasets/tencentBlock/v2/tencentBlock_1360.oracleGeneral.zst
tencentBlock_v2	https://ftp.pdl.cmu.edu/pub/datasets/twemcacheWorkload/cacheDatasets/tencentBlock/v2/tencentBlock_1362.oracleGeneral.zst
tencentBlock_v2	https://ftp.pdl.cmu.edu/pub/datasets/twemcacheWorkload/cacheDatasets/tencentBlock/v2/tencentBlock_13786.oracleGeneral.zst
tencentBlock_v2	https://ftp.pdl.cmu.edu/pub/datasets/twemcacheWorkload/cacheDatasets/tencentBlock/v2/tencentBlock_13789.oracleGeneral.zst
tencentBlock_v2	https://ftp.pdl.cmu.edu/pub/datasets/twemcacheWorkload/cacheDatasets/tencentBlock/v2/tencentBlock_13811.oracleGeneral.zst
tencentBlock_v2	https://ftp.pdl.cmu.edu/pub/datasets/twemcacheWorkload/cacheDatasets/tencentBlock/v2/tencentBlock_13912.oracleGeneral.zst
tencentBlock_v2	https://ftp.pdl.cmu.edu/pub/datasets/twemcacheWorkload/cacheDatasets/tencentBlock/v2/tencentBlock_1394.oracleGeneral.zst
tencentBlock_v2	https://ftp.pdl.cmu.edu/pub/datasets/twemcacheWorkload/cacheDatasets/tencentBlock/v2/tencentBlock_13980.oracleGeneral.zst
tencentBlock_v2	https://ftp.pdl.cmu.edu/pub/datasets/twemcacheWorkload/cacheDatasets/tencentBlock/v2/tencentBlock_14002.oracleGeneral.zst
tencentBlock_v2	https://ftp.pdl.cmu.edu/pub/datasets/twemcacheWorkload/cacheDatasets/tencentBlock/v2/tencentBlock_14067.oracleGeneral.zst
tencentBlock_v2	https://ftp.pdl.cmu.edu/pub/datasets/twemcacheWorkload/cacheDatasets/tencentBlock/v2/tencentBlock_14207.oracleGeneral.zst
tencentBlock_v2	https://ftp.pdl.cmu.edu/pub/datasets/twemcacheWorkload/cacheDatasets/tencentBlock/v2/tencentBlock_14248.oracleGeneral.zst
tencentBlock_v2	https://ftp.pdl.cmu.edu/pub/datasets/twemcacheWorkload/cacheDatasets/tencentBlock/v2/tencentBlock_14300.oracleGeneral.zst
tencentBlock_v2	https://ftp.pdl.cmu.edu/pub/datasets/twemcacheWorkload/cacheDatasets/tencentBlock/v2/tencentBlock_1437.oracleGeneral.zst
tencentBlock_v2	https://ftp.pdl.cmu.edu/pub/datasets/twemcacheWorkload/cacheDatasets/tencentBlock/v2/tencentBlock_14467.oracleGeneral.zst
tencentBlock_v2	https://ftp.pdl.cmu.edu/pub/datasets/twemcacheWorkload/cacheDatasets/tencentBlock/v2/tencentBlock_1458.oracleGeneral.zst
tencentBlock_v2	https://ftp.pdl.cmu.edu/pub/datasets/twemcacheWorkload/cacheDatasets/tencentBlock/v2/tencentBlock_14585.oracleGeneral.zst
tencentBlock_v2	https://ftp.pdl.cmu.edu/pub/datasets/twemcacheWorkload/cacheDatasets/tencentBlock/v2/tencentBlock_1475.oracleGeneral.zst
tencentBlock_v2	https://ftp.pdl.cmu.edu/pub/datasets/twemcacheWorkload/cacheDatasets/tencentBlock/v2/tencentBlock_14833.oracleGeneral.zst
tencentBlock_v2	https://ftp.pdl.cmu.edu/pub/datasets/twemcacheWorkload/cacheDatasets/tencentBlock/v2/tencentBlock_14863.oracleGeneral.zst
tencentBlock_v2	https://ftp.pdl.cmu.edu/pub/datasets/twemcacheWorkload/cacheDatasets/tencentBlock/v2/tencentBlock_1505.oracleGeneral.zst
tencentBlock_v2	https://ftp.pdl.cmu.edu/pub/datasets/twemcacheWorkload/cacheDatasets/tencentBlock/v2/tencentBlock_15138.oracleGeneral.zst
tencentBlock_v2	https://ftp.pdl.cmu.edu/pub/datasets/twemcacheWorkload/cacheDatasets/tencentBlock/v2/tencentBlock_15175.oracleGeneral.zst
tencentBlock_v2	https://ftp.pdl.cmu.edu/pub/datasets/twemcacheWorkload/cacheDatasets/tencentBlock/v2/tencentBlock_1525.oracleGeneral.zst
tencentBlock_v2	https://ftp.pdl.cmu.edu/pub/datasets/twemcacheWorkload/cacheDatasets/tencentBlock/v2/tencentBlock_15420.oracleGeneral.zst
tencentBlock_v2	https://ftp.pdl.cmu.edu/pub/datasets/twemcacheWorkload/cacheDatasets/tencentBlock/v2/tencentBlock_1548.oracleGeneral.zst
tencentBlock_v2	https://ftp.pdl.cmu.edu/pub/datasets/twemcacheWorkload/cacheDatasets/tencentBlock/v2/tencentBlock_15481.oracleGeneral.zst
tencentBlock_v2	https://ftp.pdl.cmu.edu/pub/datasets/twemcacheWorkload/cacheDatasets/tencentBlock/v2/tencentBlock_1552.oracleGeneral.zst
tencentBlock_v2	https://ftp.pdl.cmu.edu/pub/datasets/twemcacheWorkload/cacheDatasets/tencentBlock/v2/tencentBlock_15549.oracleGeneral.zst
tencentBlock_v2	https://ftp.pdl.cmu.edu/pub/datasets/twemcacheWorkload/cacheDatasets/tencentBlock/v2/tencentBlock_1557.oracleGeneral.zst
tencentBlock_v2	https://ftp.pdl.cmu.edu/pub/datasets/twemcacheWorkload/cacheDatasets/tencentBlock/v2/tencentBlock_15701.oracleGeneral.zst
tencentBlock_v2	https://ftp.pdl.cmu.edu/pub/datasets/twemcacheWorkload/cacheDatasets/tencentBlock/v2/tencentBlock_15804.oracleGeneral.zst
tencentBlock_v2	https://ftp.pdl.cmu.edu/pub/datasets/twemcacheWorkload/cacheDatasets/tencentBlock/v2/tencentBlock_15812.oracleGeneral.zst
tencentBlock_v2	https://ftp.pdl.cmu.edu/pub/datasets/twemcacheWorkload/cacheDatasets/tencentBlock/v2/tencentBlock_1586.oracleGeneral.zst
tencentBlock_v2	https://ftp.pdl.cmu.edu/pub/datasets/twemcacheWorkload/cacheDatasets/tencentBlock/v2/tencentBlock_1591.oracleGeneral.zst
tencentBlock_v2	https://ftp.pdl.cmu.edu/pub/datasets/twemcacheWorkload/cacheDatasets/tencentBlock/v2/tencentBlock_15910.oracleGeneral.zst
tencentBlock_v2	https://ftp.pdl.cmu.edu/pub/datasets/twemcacheWorkload/cacheDatasets/tencentBlock/v2/tencentBlock_15939.oracleGeneral.zst
tencentBlock_v2	https://ftp.pdl.cmu.edu/pub/datasets/twemcacheWorkload/cacheDatasets/tencentBlock/v2/tencentBlock_15957.oracleGeneral.zst
tencentBlock_v2	https://ftp.pdl.cmu.edu/pub/datasets/twemcacheWorkload/cacheDatasets/tencentBlock/v2/tencentBlock_1599.oracleGeneral.zst
tencentBlock_v2	https://ftp.pdl.cmu.edu/pub/datasets/twemcacheWorkload/cacheDatasets/tencentBlock/v2/tencentBlock_16023.oracleGeneral.zst
tencentBlock_v2	https://ftp.pdl.cmu.edu/pub/datasets/twemcacheWorkload/cacheDatasets/tencentBlock/v2/tencentBlock_16065.oracleGeneral.zst
tencentBlock_v2	https://ftp.pdl.cmu.edu/pub/datasets/twemcacheWorkload/cacheDatasets/tencentBlock/v2/tencentBlock_1625.oracleGeneral.zst
tencentBlock_v2	https://ftp.pdl.cmu.edu/pub/datasets/twemcacheWorkload/cacheDatasets/tencentBlock/v2/tencentBlock_1633.oracleGeneral.zst
tencentBlock_v2	https://ftp.pdl.cmu.edu/pub/datasets/twemcacheWorkload/cacheDatasets/tencentBlock/v2/tencentBlock_16357.oracleGeneral.zst
tencentBlock_v2	https://ftp.pdl.cmu.edu/pub/datasets/twemcacheWorkload/cacheDatasets/tencentBlock/v2/tencentBlock_16433.oracleGeneral.zst
tencentBlock_v2	https://ftp.pdl.cmu.edu/pub/datasets/twemcacheWorkload/cacheDatasets/tencentBlock/v2/tencentBlock_16546.oracleGeneral.zst
tencentBlock_v2	https://ftp.pdl.cmu.edu/pub/datasets/twemcacheWorkload/cacheDatasets/tencentBlock/v2/tencentBlock_1655.oracleGeneral.zst
tencentBlock_v2	https://ftp.pdl.cmu.edu/pub/datasets/twemcacheWorkload/cacheDatasets/tencentBlock/v2/tencentBlock_1662.oracleGeneral.zst
tencentBlock_v2	https://ftp.pdl.cmu.edu/pub/datasets/twemcacheWorkload/cacheDatasets/tencentBlock/v2/tencentBlock_16639.oracleGeneral.zst
tencentBlock_v2	https://ftp.pdl.cmu.edu/pub/datasets/twemcacheWorkload/cacheDatasets/tencentBlock/v2/tencentBlock_16739.oracleGeneral.zst
tencentBlock_v2	https://ftp.pdl.cmu.edu/pub/datasets/twemcacheWorkload/cacheDatasets/tencentBlock/v2/tencentBlock_16742.oracleGeneral.zst
tencentBlock_v2	https://ftp.pdl.cmu.edu/pub/datasets/twemcacheWorkload/cacheDatasets/tencentBlock/v2/tencentBlock_16788.oracleGeneral.zst
tencentBlock_v2	https://ftp.pdl.cmu.edu/pub/datasets/twemcacheWorkload/cacheDatasets/tencentBlock/v2/tencentBlock_16864.oracleGeneral.zst
tencentBlock_v2	https://ftp.pdl.cmu.edu/pub/datasets/twemcacheWorkload/cacheDatasets/tencentBlock/v2/tencentBlock_16868.oracleGeneral.zst
tencentBlock_v2	https://ftp.pdl.cmu.edu/pub/datasets/twemcacheWorkload/cacheDatasets/tencentBlock/v2/tencentBlock_16918.oracleGeneral.zst
tencentBlock_v2	https://ftp.pdl.cmu.edu/pub/datasets/twemcacheWorkload/cacheDatasets/tencentBlock/v2/tencentBlock_16923.oracleGeneral.zst
tencentBlock_v2	https://ftp.pdl.cmu.edu/pub/datasets/twemcacheWorkload/cacheDatasets/tencentBlock/v2/tencentBlock_1699.oracleGeneral.zst
tencentBlock_v2	https://ftp.pdl.cmu.edu/pub/datasets/twemcacheWorkload/cacheDatasets/tencentBlock/v2/tencentBlock_17009.oracleGeneral.zst
tencentBlock_v2	https://ftp.pdl.cmu.edu/pub/datasets/twemcacheWorkload/cacheDatasets/tencentBlock/v2/tencentBlock_17010.oracleGeneral.zst
tencentBlock_v2	https://ftp.pdl.cmu.edu/pub/datasets/twemcacheWorkload/cacheDatasets/tencentBlock/v2/tencentBlock_17173.oracleGeneral.zst
tencentBlock_v2	https://ftp.pdl.cmu.edu/pub/datasets/twemcacheWorkload/cacheDatasets/tencentBlock/v2/tencentBlock_1730.oracleGeneral.zst
tencentBlock_v2	https://ftp.pdl.cmu.edu/pub/datasets/twemcacheWorkload/cacheDatasets/tencentBlock/v2/tencentBlock_17389.oracleGeneral.zst
tencentBlock_v2	https://ftp.pdl.cmu.edu/pub/datasets/twemcacheWorkload/cacheDatasets/tencentBlock/v2/tencentBlock_17393.oracleGeneral.zst
tencentBlock_v2	https://ftp.pdl.cmu.edu/pub/datasets/twemcacheWorkload/cacheDatasets/tencentBlock/v2/tencentBlock_17513.oracleGeneral.zst
tencentBlock_v2	https://ftp.pdl.cmu.edu/pub/datasets/twemcacheWorkload/cacheDatasets/tencentBlock/v2/tencentBlock_1757.oracleGeneral.zst
tencentBlock_v2	https://ftp.pdl.cmu.edu/pub/datasets/twemcacheWorkload/cacheDatasets/tencentBlock/v2/tencentBlock_17644.oracleGeneral.zst
tencentBlock_v2	https://ftp.pdl.cmu.edu/pub/datasets/twemcacheWorkload/cacheDatasets/tencentBlock/v2/tencentBlock_17742.oracleGeneral.zst
tencentBlock_v2	https://ftp.pdl.cmu.edu/pub/datasets/twemcacheWorkload/cacheDatasets/tencentBlock/v2/tencentBlock_17792.oracleGeneral.zst
tencentBlock_v2	https://ftp.pdl.cmu.edu/pub/datasets/twemcacheWorkload/cacheDatasets/tencentBlock/v2/tencentBlock_17837.oracleGeneral.zst
tencentBlock_v2	https://ftp.pdl.cmu.edu/pub/datasets/twemcacheWorkload/cacheDatasets/tencentBlock/v2/tencentBlock_1791.oracleGeneral.zst
tencentBlock_v2	https://ftp.pdl.cmu.edu/pub/datasets/twemcacheWorkload/cacheDatasets/tencentBlock/v2/tencentBlock_17998.oracleGeneral.zst
tencentBlock_v2	https://ftp.pdl.cmu.edu/pub/datasets/twemcacheWorkload/cacheDatasets/tencentBlock/v2/tencentBlock_1802.oracleGeneral.zst
tencentBlock_v2	https://ftp.pdl.cmu.edu/pub/datasets/twemcacheWorkload/cacheDatasets/tencentBlock/v2/tencentBlock_18133.oracleGeneral.zst
tencentBlock_v2	https://ftp.pdl.cmu.edu/pub/datasets/twemcacheWorkload/cacheDatasets/tencentBlock/v2/tencentBlock_18292.oracleGeneral.zst
tencentBlock_v2	https://ftp.pdl.cmu.edu/pub/datasets/twemcacheWorkload/cacheDatasets/tencentBlock/v2/tencentBlock_18324.oracleGeneral.zst
tencentBlock_v2	https://ftp.pdl.cmu.edu/pub/datasets/twemcacheWorkload/cacheDatasets/tencentBlock/v2/tencentBlock_18417.oracleGeneral.zst
tencentBlock_v2	https://ftp.pdl.cmu.edu/pub/datasets/twemcacheWorkload/cacheDatasets/tencentBlock/v2/tencentBlock_18464.oracleGeneral.zst
tencentBlock_v2	https://ftp.pdl.cmu.edu/pub/datasets/twemcacheWorkload/cacheDatasets/tencentBlock/v2/tencentBlock_1847.oracleGeneral.zst
tencentBlock_v2	https://ftp.pdl.cmu.edu/pub/datasets/twemcacheWorkload/cacheDatasets/tencentBlock/v2/tencentBlock_18605.oracleGeneral.zst
tencentBlock_v2	https://ftp.pdl.cmu.edu/pub/datasets/twemcacheWorkload/cacheDatasets/tencentBlock/v2/tencentBlock_18797.oracleGeneral.zst
tencentBlock_v2	https://ftp.pdl.cmu.edu/pub/datasets/twemcacheWorkload/cacheDatasets/tencentBlock/v2/tencentBlock_1894.oracleGeneral.zst
tencentBlock_v2	https://ftp.pdl.cmu.edu/pub/datasets/twemcacheWorkload/cacheDatasets/tencentBlock/v2/tencentBlock_18961.oracleGeneral.zst
tencentBlock_v2	https://ftp.pdl.cmu.edu/pub/datasets/twemcacheWorkload/cacheDatasets/tencentBlock/v2/tencentBlock_1900.oracleGeneral.zst
tencentBlock_v2	https://ftp.pdl.cmu.edu/pub/datasets/twemcacheWorkload/cacheDatasets/tencentBlock/v2/tencentBlock_1911.oracleGeneral.zst
tencentBlock_v2	https://ftp.pdl.cmu.edu/pub/datasets/twemcacheWorkload/cacheDatasets/tencentBlock/v2/tencentBlock_19120.oracleGeneral.zst
tencentBlock_v2	https://ftp.pdl.cmu.edu/pub/datasets/twemcacheWorkload/cacheDatasets/tencentBlock/v2/tencentBlock_19202.oracleGeneral.zst
tencentBlock_v2	https://ftp.pdl.cmu.edu/pub/datasets/twemcacheWorkload/cacheDatasets/tencentBlock/v2/tencentBlock_19220.oracleGeneral.zst
tencentBlock_v2	https://ftp.pdl.cmu.edu/pub/datasets/twemcacheWorkload/cacheDatasets/tencentBlock/v2/tencentBlock_19260.oracleGeneral.zst
tencentBlock_v2	https://ftp.pdl.cmu.edu/pub/datasets/twemcacheWorkload/cacheDatasets/tencentBlock/v2/tencentBlock_19265.oracleGeneral.zst
tencentBlock_v2	https://ftp.pdl.cmu.edu/pub/datasets/twemcacheWorkload/cacheDatasets/tencentBlock/v2/tencentBlock_19271.oracleGeneral.zst
tencentBlock_v2	https://ftp.pdl.cmu.edu/pub/datasets/twemcacheWorkload/cacheDatasets/tencentBlock/v2/tencentBlock_1933.oracleGeneral.zst
tencentBlock_v2	https://ftp.pdl.cmu.edu/pub/datasets/twemcacheWorkload/cacheDatasets/tencentBlock/v2/tencentBlock_19985.oracleGeneral.zst
tencentBlock_v2	https://ftp.pdl.cmu.edu/pub/datasets/twemcacheWorkload/cacheDatasets/tencentBlock/v2/tencentBlock_1999.oracleGeneral.zst
tencentBlock_v2	https://ftp.pdl.cmu.edu/pub/datasets/twemcacheWorkload/cacheDatasets/tencentBlock/v2/tencentBlock_20042.oracleGeneral.zst
tencentBlock_v2	https://ftp.pdl.cmu.edu/pub/datasets/twemcacheWorkload/cacheDatasets/tencentBlock/v2/tencentBlock_20052.oracleGeneral.zst
tencentBlock_v2	https://ftp.pdl.cmu.edu/pub/datasets/twemcacheWorkload/cacheDatasets/tencentBlock/v2/tencentBlock_2009.oracleGeneral.zst
tencentBlock_v2	https://ftp.pdl.cmu.edu/pub/datasets/twemcacheWorkload/cacheDatasets/tencentBlock/v2/tencentBlock_20095.oracleGeneral.zst
tencentBlock_v2	https://ftp.pdl.cmu.edu/pub/datasets/twemcacheWorkload/cacheDatasets/tencentBlock/v2/tencentBlock_20128.oracleGeneral.zst
tencentBlock_v2	https://ftp.pdl.cmu.edu/pub/datasets/twemcacheWorkload/cacheDatasets/tencentBlock/v2/tencentBlock_2017.oracleGeneral.zst
tencentBlock_v2	https://ftp.pdl.cmu.edu/pub/datasets/twemcacheWorkload/cacheDatasets/tencentBlock/v2/tencentBlock_20291.oracleGeneral.zst
tencentBlock_v2	https://ftp.pdl.cmu.edu/pub/datasets/twemcacheWorkload/cacheDatasets/tencentBlock/v2/tencentBlock_2030.oracleGeneral.zst
tencentBlock_v2	https://ftp.pdl.cmu.edu/pub/datasets/twemcacheWorkload/cacheDatasets/tencentBlock/v2/tencentBlock_2035.oracleGeneral.zst
tencentBlock_v2	https://ftp.pdl.cmu.edu/pub/datasets/twemcacheWorkload/cacheDatasets/tencentBlock/v2/tencentBlock_20627.oracleGeneral.zst
tencentBlock_v2	https://ftp.pdl.cmu.edu/pub/datasets/twemcacheWorkload/cacheDatasets/tencentBlock/v2/tencentBlock_2067.oracleGeneral.zst
tencentBlock_v2	https://ftp.pdl.cmu.edu/pub/datasets/twemcacheWorkload/cacheDatasets/tencentBlock/v2/tencentBlock_20699.oracleGeneral.zst
tencentBlock_v2	https://ftp.pdl.cmu.edu/pub/datasets/twemcacheWorkload/cacheDatasets/tencentBlock/v2/tencentBlock_2075.oracleGeneral.zst
tencentBlock_v2	https://ftp.pdl.cmu.edu/pub/datasets/twemcacheWorkload/cacheDatasets/tencentBlock/v2/tencentBlock_2079.oracleGeneral.zst
tencentBlock_v2	https://ftp.pdl.cmu.edu/pub/datasets/twemcacheWorkload/cacheDatasets/tencentBlock/v2/tencentBlock_20979.oracleGeneral.zst
tencentBlock_v2	https://ftp.pdl.cmu.edu/pub/datasets/twemcacheWorkload/cacheDatasets/tencentBlock/v2/tencentBlock_21031.oracleGeneral.zst
tencentBlock_v2	https://ftp.pdl.cmu.edu/pub/datasets/twemcacheWorkload/cacheDatasets/tencentBlock/v2/tencentBlock_21054.oracleGeneral.zst
tencentBlock_v2	https://ftp.pdl.cmu.edu/pub/datasets/twemcacheWorkload/cacheDatasets/tencentBlock/v2/tencentBlock_2109.oracleGeneral.zst
tencentBlock_v2	https://ftp.pdl.cmu.edu/pub/datasets/twemcacheWorkload/cacheDatasets/tencentBlock/v2/tencentBlock_2127.oracleGeneral.zst
tencentBlock_v2	https://ftp.pdl.cmu.edu/pub/datasets/twemcacheWorkload/cacheDatasets/tencentBlock/v2/tencentBlock_21346.oracleGeneral.zst
tencentBlock_v2	https://ftp.pdl.cmu.edu/pub/datasets/twemcacheWorkload/cacheDatasets/tencentBlock/v2/tencentBlock_21369.oracleGeneral.zst
tencentBlock_v2	https://ftp.pdl.cmu.edu/pub/datasets/twemcacheWorkload/cacheDatasets/tencentBlock/v2/tencentBlock_21390.oracleGeneral.zst
tencentBlock_v2	https://ftp.pdl.cmu.edu/pub/datasets/twemcacheWorkload/cacheDatasets/tencentBlock/v2/tencentBlock_2145.oracleGeneral.zst
tencentBlock_v2	https://ftp.pdl.cmu.edu/pub/datasets/twemcacheWorkload/cacheDatasets/tencentBlock/v2/tencentBlock_21564.oracleGeneral.zst
tencentBlock_v2	https://ftp.pdl.cmu.edu/pub/datasets/twemcacheWorkload/cacheDatasets/tencentBlock/v2/tencentBlock_21795.oracleGeneral.zst
tencentBlock_v2	https://ftp.pdl.cmu.edu/pub/datasets/twemcacheWorkload/cacheDatasets/tencentBlock/v2/tencentBlock_21805.oracleGeneral.zst
tencentBlock_v2	https://ftp.pdl.cmu.edu/pub/datasets/twemcacheWorkload/cacheDatasets/tencentBlock/v2/tencentBlock_2212.oracleGeneral.zst
tencentBlock_v2	https://ftp.pdl.cmu.edu/pub/datasets/twemcacheWorkload/cacheDatasets/tencentBlock/v2/tencentBlock_2216.oracleGeneral.zst
tencentBlock_v2	https://ftp.pdl.cmu.edu/pub/datasets/twemcacheWorkload/cacheDatasets/tencentBlock/v2/tencentBlock_2219.oracleGeneral.zst
tencentBlock_v2	https://ftp.pdl.cmu.edu/pub/datasets/twemcacheWorkload/cacheDatasets/tencentBlock/v2/tencentBlock_2230.oracleGeneral.zst
tencentBlock_v2	https://ftp.pdl.cmu.edu/pub/datasets/twemcacheWorkload/cacheDatasets/tencentBlock/v2/tencentBlock_2275.oracleGeneral.zst
tencentBlock_v2	https://ftp.pdl.cmu.edu/pub/datasets/twemcacheWorkload/cacheDatasets/tencentBlock/v2/tencentBlock_2286.oracleGeneral.zst
tencentBlock_v2	https://ftp.pdl.cmu.edu/pub/datasets/twemcacheWorkload/cacheDatasets/tencentBlock/v2/tencentBlock_22923.oracleGeneral.zst
tencentBlock_v2	https://ftp.pdl.cmu.edu/pub/datasets/twemcacheWorkload/cacheDatasets/tencentBlock/v2/tencentBlock_2308.oracleGeneral.zst
tencentBlock_v2	https://ftp.pdl.cmu.edu/pub/datasets/twemcacheWorkload/cacheDatasets/tencentBlock/v2/tencentBlock_2313.oracleGeneral.zst
tencentBlock_v2	https://ftp.pdl.cmu.edu/pub/datasets/twemcacheWorkload/cacheDatasets/tencentBlock/v2/tencentBlock_23299.oracleGeneral.zst
tencentBlock_v2	https://ftp.pdl.cmu.edu/pub/datasets/twemcacheWorkload/cacheDatasets/tencentBlock/v2/tencentBlock_2337.oracleGeneral.zst
tencentBlock_v2	https://ftp.pdl.cmu.edu/pub/datasets/twemcacheWorkload/cacheDatasets/tencentBlock/v2/tencentBlock_23374.oracleGeneral.zst
tencentBlock_v2	https://ftp.pdl.cmu.edu/pub/datasets/twemcacheWorkload/cacheDatasets/tencentBlock/v2/tencentBlock_23429.oracleGeneral.zst
tencentBlock_v2	https://ftp.pdl.cmu.edu/pub/datasets/twemcacheWorkload/cacheDatasets/tencentBlock/v2/tencentBlock_2362.oracleGeneral.zst
tencentBlock_v2	https://ftp.pdl.cmu.edu/pub/datasets/twemcacheWorkload/cacheDatasets/tencentBlock/v2/tencentBlock_23689.oracleGeneral.zst
tencentBlock_v2	https://ftp.pdl.cmu.edu/pub/datasets/twemcacheWorkload/cacheDatasets/tencentBlock/v2/tencentBlock_23707.oracleGeneral.zst
tencentBlock_v2	https://ftp.pdl.cmu.edu/pub/datasets/twemcacheWorkload/cacheDatasets/tencentBlock/v2/tencentBlock_2376.oracleGeneral.zst
tencentBlock_v2	https://ftp.pdl.cmu.edu/pub/datasets/twemcacheWorkload/cacheDatasets/tencentBlock/v2/tencentBlock_24190.oracleGeneral.zst
tencentBlock_v2	https://ftp.pdl.cmu.edu/pub/datasets/twemcacheWorkload/cacheDatasets/tencentBlock/v2/tencentBlock_24332.oracleGeneral.zst
tencentBlock_v2	https://ftp.pdl.cmu.edu/pub/datasets/twemcacheWorkload/cacheDatasets/tencentBlock/v2/tencentBlock_2438.oracleGeneral.zst
tencentBlock_v2	https://ftp.pdl.cmu.edu/pub/datasets/twemcacheWorkload/cacheDatasets/tencentBlock/v2/tencentBlock_2534.oracleGeneral.zst
tencentBlock_v2	https://ftp.pdl.cmu.edu/pub/datasets/twemcacheWorkload/cacheDatasets/tencentBlock/v2/tencentBlock_25411.oracleGeneral.zst
tencentBlock_v2	https://ftp.pdl.cmu.edu/pub/datasets/twemcacheWorkload/cacheDatasets/tencentBlock/v2/tencentBlock_25669.oracleGeneral.zst
tencentBlock_v2	https://ftp.pdl.cmu.edu/pub/datasets/twemcacheWorkload/cacheDatasets/tencentBlock/v2/tencentBlock_25697.oracleGeneral.zst
tencentBlock_v2	https://ftp.pdl.cmu.edu/pub/datasets/twemcacheWorkload/cacheDatasets/tencentBlock/v2/tencentBlock_2583.oracleGeneral.zst
tencentBlock_v2	https://ftp.pdl.cmu.edu/pub/datasets/twemcacheWorkload/cacheDatasets/tencentBlock/v2/tencentBlock_2627.oracleGeneral.zst
tencentBlock_v2	https://ftp.pdl.cmu.edu/pub/datasets/twemcacheWorkload/cacheDatasets/tencentBlock/v2/tencentBlock_2690.oracleGeneral.zst
tencentBlock_v2	https://ftp.pdl.cmu.edu/pub/datasets/twemcacheWorkload/cacheDatasets/tencentBlock/v2/tencentBlock_2706.oracleGeneral.zst
tencentBlock_v2	https://ftp.pdl.cmu.edu/pub/datasets/twemcacheWorkload/cacheDatasets/tencentBlock/v2/tencentBlock_2761.oracleGeneral.zst
tencentBlock_v2	https://ftp.pdl.cmu.edu/pub/datasets/twemcacheWorkload/cacheDatasets/tencentBlock/v2/tencentBlock_2771.oracleGeneral.zst
tencentBlock_v2	https://ftp.pdl.cmu.edu/pub/datasets/twemcacheWorkload/cacheDatasets/tencentBlock/v2/tencentBlock_2911.oracleGeneral.zst
tencentBlock_v2	https://ftp.pdl.cmu.edu/pub/datasets/twemcacheWorkload/cacheDatasets/tencentBlock/v2/tencentBlock_2932.oracleGeneral.zst
tencentBlock_v2	https://ftp.pdl.cmu.edu/pub/datasets/twemcacheWorkload/cacheDatasets/tencentBlock/v2/tencentBlock_2982.oracleGeneral.zst
tencentBlock_v2	https://ftp.pdl.cmu.edu/pub/datasets/twemcacheWorkload/cacheDatasets/tencentBlock/v2/tencentBlock_3021.oracleGeneral.zst
tencentBlock_v2	https://ftp.pdl.cmu.edu/pub/datasets/twemcacheWorkload/cacheDatasets/tencentBlock/v2/tencentBlock_3027.oracleGeneral.zst
tencentBlock_v2	https://ftp.pdl.cmu.edu/pub/datasets/twemcacheWorkload/cacheDatasets/tencentBlock/v2/tencentBlock_3036.oracleGeneral.zst
tencentBlock_v2	https://ftp.pdl.cmu.edu/pub/datasets/twemcacheWorkload/cacheDatasets/tencentBlock/v2/tencentBlock_3084.oracleGeneral.zst
tencentBlock_v2	https://ftp.pdl.cmu.edu/pub/datasets/twemcacheWorkload/cacheDatasets/tencentBlock/v2/tencentBlock_3104.oracleGeneral.zst
tencentBlock_v2	https://ftp.pdl.cmu.edu/pub/datasets/twemcacheWorkload/cacheDatasets/tencentBlock/v2/tencentBlock_3109.oracleGeneral.zst
tencentBlock_v2	https://ftp.pdl.cmu.edu/pub/datasets/twemcacheWorkload/cacheDatasets/tencentBlock/v2/tencentBlock_3135.oracleGeneral.zst
tencentBlock_v2	https://ftp.pdl.cmu.edu/pub/datasets/twemcacheWorkload/cacheDatasets/tencentBlock/v2/tencentBlock_3204.oracleGeneral.zst
tencentBlock_v2	https://ftp.pdl.cmu.edu/pub/datasets/twemcacheWorkload/cacheDatasets/tencentBlock/v2/tencentBlock_3240.oracleGeneral.zst
tencentBlock_v2	https://ftp.pdl.cmu.edu/pub/datasets/twemcacheWorkload/cacheDatasets/tencentBlock/v2/tencentBlock_3246.oracleGeneral.zst
tencentBlock_v2	https://ftp.pdl.cmu.edu/pub/datasets/twemcacheWorkload/cacheDatasets/tencentBlock/v2/tencentBlock_3265.oracleGeneral.zst
tencentBlock_v2	https://ftp.pdl.cmu.edu/pub/datasets/twemcacheWorkload/cacheDatasets/tencentBlock/v2/tencentBlock_3300.oracleGeneral.zst
tencentBlock_v2	https://ftp.pdl.cmu.edu/pub/datasets/twemcacheWorkload/cacheDatasets/tencentBlock/v2/tencentBlock_3310.oracleGeneral.zst
tencentBlock_v2	https://ftp.pdl.cmu.edu/pub/datasets/twemcacheWorkload/cacheDatasets/tencentBlock/v2/tencentBlock_3342.oracleGeneral.zst
tencentBlock_v2	https://ftp.pdl.cmu.edu/pub/datasets/twemcacheWorkload/cacheDatasets/tencentBlock/v2/tencentBlock_3353.oracleGeneral.zst
tencentBlock_v2	https://ftp.pdl.cmu.edu/pub/datasets/twemcacheWorkload/cacheDatasets/tencentBlock/v2/tencentBlock_3443.oracleGeneral.zst
tencentBlock_v2	https://ftp.pdl.cmu.edu/pub/datasets/twemcacheWorkload/cacheDatasets/tencentBlock/v2/tencentBlock_3495.oracleGeneral.zst
tencentBlock_v2	https://ftp.pdl.cmu.edu/pub/datasets/twemcacheWorkload/cacheDatasets/tencentBlock/v2/tencentBlock_3512.oracleGeneral.zst
tencentBlock_v2	https://ftp.pdl.cmu.edu/pub/datasets/twemcacheWorkload/cacheDatasets/tencentBlock/v2/tencentBlock_3557.oracleGeneral.zst
tencentBlock_v2	https://ftp.pdl.cmu.edu/pub/datasets/twemcacheWorkload/cacheDatasets/tencentBlock/v2/tencentBlock_3561.oracleGeneral.zst
tencentBlock_v2	https://ftp.pdl.cmu.edu/pub/datasets/twemcacheWorkload/cacheDatasets/tencentBlock/v2/tencentBlock_3618.oracleGeneral.zst
tencentBlock_v2	https://ftp.pdl.cmu.edu/pub/datasets/twemcacheWorkload/cacheDatasets/tencentBlock/v2/tencentBlock_3678.oracleGeneral.zst
tencentBlock_v2	https://ftp.pdl.cmu.edu/pub/datasets/twemcacheWorkload/cacheDatasets/tencentBlock/v2/tencentBlock_3699.oracleGeneral.zst
tencentBlock_v2	https://ftp.pdl.cmu.edu/pub/datasets/twemcacheWorkload/cacheDatasets/tencentBlock/v2/tencentBlock_3708.oracleGeneral.zst
tencentBlock_v2	https://ftp.pdl.cmu.edu/pub/datasets/twemcacheWorkload/cacheDatasets/tencentBlock/v2/tencentBlock_3762.oracleGeneral.zst
tencentBlock_v2	https://ftp.pdl.cmu.edu/pub/datasets/twemcacheWorkload/cacheDatasets/tencentBlock/v2/tencentBlock_3768.oracleGeneral.zst
tencentBlock_v2	https://ftp.pdl.cmu.edu/pub/datasets/twemcacheWorkload/cacheDatasets/tencentBlock/v2/tencentBlock_3770.oracleGeneral.zst
tencentBlock_v2	https://ftp.pdl.cmu.edu/pub/datasets/twemcacheWorkload/cacheDatasets/tencentBlock/v2/tencentBlock_3801.oracleGeneral.zst
tencentBlock_v2	https://ftp.pdl.cmu.edu/pub/datasets/twemcacheWorkload/cacheDatasets/tencentBlock/v2/tencentBlock_3806.oracleGeneral.zst
tencentBlock_v2	https://ftp.pdl.cmu.edu/pub/datasets/twemcacheWorkload/cacheDatasets/tencentBlock/v2/tencentBlock_3879.oracleGeneral.zst
tencentBlock_v2	https://ftp.pdl.cmu.edu/pub/datasets/twemcacheWorkload/cacheDatasets/tencentBlock/v2/tencentBlock_3886.oracleGeneral.zst
tencentBlock_v2	https://ftp.pdl.cmu.edu/pub/datasets/twemcacheWorkload/cacheDatasets/tencentBlock/v2/tencentBlock_3900.oracleGeneral.zst
tencentBlock_v2	https://ftp.pdl.cmu.edu/pub/datasets/twemcacheWorkload/cacheDatasets/tencentBlock/v2/tencentBlock_3906.oracleGeneral.zst
tencentBlock_v2	https://ftp.pdl.cmu.edu/pub/datasets/twemcacheWorkload/cacheDatasets/tencentBlock/v2/tencentBlock_3915.oracleGeneral.zst
tencentBlock_v2	https://ftp.pdl.cmu.edu/pub/datasets/twemcacheWorkload/cacheDatasets/tencentBlock/v2/tencentBlock_3944.oracleGeneral.zst
tencentBlock_v2	https://ftp.pdl.cmu.edu/pub/datasets/twemcacheWorkload/cacheDatasets/tencentBlock/v2/tencentBlock_3963.oracleGeneral.zst
tencentBlock_v2	https://ftp.pdl.cmu.edu/pub/datasets/twemcacheWorkload/cacheDatasets/tencentBlock/v2/tencentBlock_3964.oracleGeneral.zst
tencentBlock_v2	https://ftp.pdl.cmu.edu/pub/datasets/twemcacheWorkload/cacheDatasets/tencentBlock/v2/tencentBlock_3994.oracleGeneral.zst
tencentBlock_v2	https://ftp.pdl.cmu.edu/pub/datasets/twemcacheWorkload/cacheDatasets/tencentBlock/v2/tencentBlock_4019.oracleGeneral.zst
tencentBlock_v2	https://ftp.pdl.cmu.edu/pub/datasets/twemcacheWorkload/cacheDatasets/tencentBlock/v2/tencentBlock_4046.oracleGeneral.zst
tencentBlock_v2	https://ftp.pdl.cmu.edu/pub/datasets/twemcacheWorkload/cacheDatasets/tencentBlock/v2/tencentBlock_4111.oracleGeneral.zst
tencentBlock_v2	https://ftp.pdl.cmu.edu/pub/datasets/twemcacheWorkload/cacheDatasets/tencentBlock/v2/tencentBlock_4116.oracleGeneral.zst
tencentBlock_v2	https://ftp.pdl.cmu.edu/pub/datasets/twemcacheWorkload/cacheDatasets/tencentBlock/v2/tencentBlock_4145.oracleGeneral.zst
tencentBlock_v2	https://ftp.pdl.cmu.edu/pub/datasets/twemcacheWorkload/cacheDatasets/tencentBlock/v2/tencentBlock_4246.oracleGeneral.zst
tencentBlock_v2	https://ftp.pdl.cmu.edu/pub/datasets/twemcacheWorkload/cacheDatasets/tencentBlock/v2/tencentBlock_4287.oracleGeneral.zst
tencentBlock_v2	https://ftp.pdl.cmu.edu/pub/datasets/twemcacheWorkload/cacheDatasets/tencentBlock/v2/tencentBlock_4323.oracleGeneral.zst
tencentBlock_v2	https://ftp.pdl.cmu.edu/pub/datasets/twemcacheWorkload/cacheDatasets/tencentBlock/v2/tencentBlock_4332.oracleGeneral.zst
tencentBlock_v2	https://ftp.pdl.cmu.edu/pub/datasets/twemcacheWorkload/cacheDatasets/tencentBlock/v2/tencentBlock_4335.oracleGeneral.zst
tencentBlock_v2	https://ftp.pdl.cmu.edu/pub/datasets/twemcacheWorkload/cacheDatasets/tencentBlock/v2/tencentBlock_4361.oracleGeneral.zst
tencentBlock_v2	https://ftp.pdl.cmu.edu/pub/datasets/twemcacheWorkload/cacheDatasets/tencentBlock/v2/tencentBlock_4377.oracleGeneral.zst
tencentBlock_v2	https://ftp.pdl.cmu.edu/pub/datasets/twemcacheWorkload/cacheDatasets/tencentBlock/v2/tencentBlock_4385.oracleGeneral.zst
tencentBlock_v2	https://ftp.pdl.cmu.edu/pub/datasets/twemcacheWorkload/cacheDatasets/tencentBlock/v2/tencentBlock_4393.oracleGeneral.zst
tencentBlock_v2	https://ftp.pdl.cmu.edu/pub/datasets/twemcacheWorkload/cacheDatasets/tencentBlock/v2/tencentBlock_4587.oracleGeneral.zst
tencentBlock_v2	https://ftp.pdl.cmu.edu/pub/datasets/twemcacheWorkload/cacheDatasets/tencentBlock/v2/tencentBlock_4607.oracleGeneral.zst
tencentBlock_v2	https://ftp.pdl.cmu.edu/pub/datasets/twemcacheWorkload/cacheDatasets/tencentBlock/v2/tencentBlock_4620.oracleGeneral.zst
tencentBlock_v2	https://ftp.pdl.cmu.edu/pub/datasets/twemcacheWorkload/cacheDatasets/tencentBlock/v2/tencentBlock_4741.oracleGeneral.zst
tencentBlock_v2	https://ftp.pdl.cmu.edu/pub/datasets/twemcacheWorkload/cacheDatasets/tencentBlock/v2/tencentBlock_4747.oracleGeneral.zst
tencentBlock_v2	https://ftp.pdl.cmu.edu/pub/datasets/twemcacheWorkload/cacheDatasets/tencentBlock/v2/tencentBlock_4786.oracleGeneral.zst
tencentBlock_v2	https://ftp.pdl.cmu.edu/pub/datasets/twemcacheWorkload/cacheDatasets/tencentBlock/v2/tencentBlock_4818.oracleGeneral.zst
tencentBlock_v2	https://ftp.pdl.cmu.edu/pub/datasets/twemcacheWorkload/cacheDatasets/tencentBlock/v2/tencentBlock_4828.oracleGeneral.zst
tencentBlock_v2	https://ftp.pdl.cmu.edu/pub/datasets/twemcacheWorkload/cacheDatasets/tencentBlock/v2/tencentBlock_4833.oracleGeneral.zst
tencentBlock_v2	https://ftp.pdl.cmu.edu/pub/datasets/twemcacheWorkload/cacheDatasets/tencentBlock/v2/tencentBlock_4838.oracleGeneral.zst
tencentBlock_v2	https://ftp.pdl.cmu.edu/pub/datasets/twemcacheWorkload/cacheDatasets/tencentBlock/v2/tencentBlock_4883.oracleGeneral.zst
tencentBlock_v2	https://ftp.pdl.cmu.edu/pub/datasets/twemcacheWorkload/cacheDatasets/tencentBlock/v2/tencentBlock_4927.oracleGeneral.zst
tencentBlock_v2	https://ftp.pdl.cmu.edu/pub/datasets/twemcacheWorkload/cacheDatasets/tencentBlock/v2/tencentBlock_4929.oracleGeneral.zst
tencentBlock_v2	https://ftp.pdl.cmu.edu/pub/datasets/twemcacheWorkload/cacheDatasets/tencentBlock/v2/tencentBlock_5002.oracleGeneral.zst
tencentBlock_v2	https://ftp.pdl.cmu.edu/pub/datasets/twemcacheWorkload/cacheDatasets/tencentBlock/v2/tencentBlock_5046.oracleGeneral.zst
tencentBlock_v2	https://ftp.pdl.cmu.edu/pub/datasets/twemcacheWorkload/cacheDatasets/tencentBlock/v2/tencentBlock_5048.oracleGeneral.zst
tencentBlock_v2	https://ftp.pdl.cmu.edu/pub/datasets/twemcacheWorkload/cacheDatasets/tencentBlock/v2/tencentBlock_5066.oracleGeneral.zst
tencentBlock_v2	https://ftp.pdl.cmu.edu/pub/datasets/twemcacheWorkload/cacheDatasets/tencentBlock/v2/tencentBlock_5150.oracleGeneral.zst
tencentBlock_v2	https://ftp.pdl.cmu.edu/pub/datasets/twemcacheWorkload/cacheDatasets/tencentBlock/v2/tencentBlock_5178.oracleGeneral.zst
tencentBlock_v2	https://ftp.pdl.cmu.edu/pub/datasets/twemcacheWorkload/cacheDatasets/tencentBlock/v2/tencentBlock_5206.oracleGeneral.zst
tencentBlock_v2	https://ftp.pdl.cmu.edu/pub/datasets/twemcacheWorkload/cacheDatasets/tencentBlock/v2/tencentBlock_5242.oracleGeneral.zst
tencentBlock_v2	https://ftp.pdl.cmu.edu/pub/datasets/twemcacheWorkload/cacheDatasets/tencentBlock/v2/tencentBlock_5334.oracleGeneral.zst
tencentBlock_v2	https://ftp.pdl.cmu.edu/pub/datasets/twemcacheWorkload/cacheDatasets/tencentBlock/v2/tencentBlock_5351.oracleGeneral.zst
tencentBlock_v2	https://ftp.pdl.cmu.edu/pub/datasets/twemcacheWorkload/cacheDatasets/tencentBlock/v2/tencentBlock_5369.oracleGeneral.zst
tencentBlock_v2	https://ftp.pdl.cmu.edu/pub/datasets/twemcacheWorkload/cacheDatasets/tencentBlock/v2/tencentBlock_5372.oracleGeneral.zst
tencentBlock_v2	https://ftp.pdl.cmu.edu/pub/datasets/twemcacheWorkload/cacheDatasets/tencentBlock/v2/tencentBlock_5374.oracleGeneral.zst
tencentBlock_v2	https://ftp.pdl.cmu.edu/pub/datasets/twemcacheWorkload/cacheDatasets/tencentBlock/v2/tencentBlock_5390.oracleGeneral.zst
tencentBlock_v2	https://ftp.pdl.cmu.edu/pub/datasets/twemcacheWorkload/cacheDatasets/tencentBlock/v2/tencentBlock_5473.oracleGeneral.zst
tencentBlock_v2	https://ftp.pdl.cmu.edu/pub/datasets/twemcacheWorkload/cacheDatasets/tencentBlock/v2/tencentBlock_5519.oracleGeneral.zst
tencentBlock_v2	https://ftp.pdl.cmu.edu/pub/datasets/twemcacheWorkload/cacheDatasets/tencentBlock/v2/tencentBlock_5526.oracleGeneral.zst
tencentBlock_v2	https://ftp.pdl.cmu.edu/pub/datasets/twemcacheWorkload/cacheDatasets/tencentBlock/v2/tencentBlock_5560.oracleGeneral.zst
tencentBlock_v2	https://ftp.pdl.cmu.edu/pub/datasets/twemcacheWorkload/cacheDatasets/tencentBlock/v2/tencentBlock_5565.oracleGeneral.zst
tencentBlock_v2	https://ftp.pdl.cmu.edu/pub/datasets/twemcacheWorkload/cacheDatasets/tencentBlock/v2/tencentBlock_5592.oracleGeneral.zst
tencentBlock_v2	https://ftp.pdl.cmu.edu/pub/datasets/twemcacheWorkload/cacheDatasets/tencentBlock/v2/tencentBlock_5615.oracleGeneral.zst
tencentBlock_v2	https://ftp.pdl.cmu.edu/pub/datasets/twemcacheWorkload/cacheDatasets/tencentBlock/v2/tencentBlock_5631.oracleGeneral.zst
tencentBlock_v2	https://ftp.pdl.cmu.edu/pub/datasets/twemcacheWorkload/cacheDatasets/tencentBlock/v2/tencentBlock_5710.oracleGeneral.zst
tencentBlock_v2	https://ftp.pdl.cmu.edu/pub/datasets/twemcacheWorkload/cacheDatasets/tencentBlock/v2/tencentBlock_5732.oracleGeneral.zst
tencentBlock_v2	https://ftp.pdl.cmu.edu/pub/datasets/twemcacheWorkload/cacheDatasets/tencentBlock/v2/tencentBlock_5875.oracleGeneral.zst
tencentBlock_v2	https://ftp.pdl.cmu.edu/pub/datasets/twemcacheWorkload/cacheDatasets/tencentBlock/v2/tencentBlock_5913.oracleGeneral.zst
tencentBlock_v2	https://ftp.pdl.cmu.edu/pub/datasets/twemcacheWorkload/cacheDatasets/tencentBlock/v2/tencentBlock_5927.oracleGeneral.zst
tencentBlock_v2	https://ftp.pdl.cmu.edu/pub/datasets/twemcacheWorkload/cacheDatasets/tencentBlock/v2/tencentBlock_6063.oracleGeneral.zst
tencentBlock_v2	https://ftp.pdl.cmu.edu/pub/datasets/twemcacheWorkload/cacheDatasets/tencentBlock/v2/tencentBlock_6182.oracleGeneral.zst
tencentBlock_v2	https://ftp.pdl.cmu.edu/pub/datasets/twemcacheWorkload/cacheDatasets/tencentBlock/v2/tencentBlock_6234.oracleGeneral.zst
tencentBlock_v2	https://ftp.pdl.cmu.edu/pub/datasets/twemcacheWorkload/cacheDatasets/tencentBlock/v2/tencentBlock_6327.oracleGeneral.zst
tencentBlock_v2	https://ftp.pdl.cmu.edu/pub/datasets/twemcacheWorkload/cacheDatasets/tencentBlock/v2/tencentBlock_6343.oracleGeneral.zst
tencentBlock_v2	https://ftp.pdl.cmu.edu/pub/datasets/twemcacheWorkload/cacheDatasets/tencentBlock/v2/tencentBlock_6378.oracleGeneral.zst
tencentBlock_v2	https://ftp.pdl.cmu.edu/pub/datasets/twemcacheWorkload/cacheDatasets/tencentBlock/v2/tencentBlock_6410.oracleGeneral.zst
tencentBlock_v2	https://ftp.pdl.cmu.edu/pub/datasets/twemcacheWorkload/cacheDatasets/tencentBlock/v2/tencentBlock_6524.oracleGeneral.zst
tencentBlock_v2	https://ftp.pdl.cmu.edu/pub/datasets/twemcacheWorkload/cacheDatasets/tencentBlock/v2/tencentBlock_6528.oracleGeneral.zst
tencentBlock_v2	https://ftp.pdl.cmu.edu/pub/datasets/twemcacheWorkload/cacheDatasets/tencentBlock/v2/tencentBlock_6550.oracleGeneral.zst
tencentBlock_v2	https://ftp.pdl.cmu.edu/pub/datasets/twemcacheWorkload/cacheDatasets/tencentBlock/v2/tencentBlock_6554.oracleGeneral.zst
tencentBlock_v2	https://ftp.pdl.cmu.edu/pub/datasets/twemcacheWorkload/cacheDatasets/tencentBlock/v2/tencentBlock_6579.oracleGeneral.zst
tencentBlock_v2	https://ftp.pdl.cmu.edu/pub/datasets/twemcacheWorkload/cacheDatasets/tencentBlock/v2/tencentBlock_6725.oracleGeneral.zst
tencentBlock_v2	https://ftp.pdl.cmu.edu/pub/datasets/twemcacheWorkload/cacheDatasets/tencentBlock/v2/tencentBlock_6814.oracleGeneral.zst
tencentBlock_v2	https://ftp.pdl.cmu.edu/pub/datasets/twemcacheWorkload/cacheDatasets/tencentBlock/v2/tencentBlock_7015.oracleGeneral.zst
tencentBlock_v2	https://ftp.pdl.cmu.edu/pub/datasets/twemcacheWorkload/cacheDatasets/tencentBlock/v2/tencentBlock_7101.oracleGeneral.zst
tencentBlock_v2	https://ftp.pdl.cmu.edu/pub/datasets/twemcacheWorkload/cacheDatasets/tencentBlock/v2/tencentBlock_7116.oracleGeneral.zst
tencentBlock_v2	https://ftp.pdl.cmu.edu/pub/datasets/twemcacheWorkload/cacheDatasets/tencentBlock/v2/tencentBlock_7160.oracleGeneral.zst
tencentBlock_v2	https://ftp.pdl.cmu.edu/pub/datasets/twemcacheWorkload/cacheDatasets/tencentBlock/v2/tencentBlock_7255.oracleGeneral.zst
tencentBlock_v2	https://ftp.pdl.cmu.edu/pub/datasets/twemcacheWorkload/cacheDatasets/tencentBlock/v2/tencentBlock_7299.oracleGeneral.zst
tencentBlock_v2	https://ftp.pdl.cmu.edu/pub/datasets/twemcacheWorkload/cacheDatasets/tencentBlock/v2/tencentBlock_7315.oracleGeneral.zst
tencentBlock_v2	https://ftp.pdl.cmu.edu/pub/datasets/twemcacheWorkload/cacheDatasets/tencentBlock/v2/tencentBlock_7378.oracleGeneral.zst
tencentBlock_v2	https://ftp.pdl.cmu.edu/pub/datasets/twemcacheWorkload/cacheDatasets/tencentBlock/v2/tencentBlock_7449.oracleGeneral.zst
tencentBlock_v2	https://ftp.pdl.cmu.edu/pub/datasets/twemcacheWorkload/cacheDatasets/tencentBlock/v2/tencentBlock_7510.oracleGeneral.zst
tencentBlock_v2	https://ftp.pdl.cmu.edu/pub/datasets/twemcacheWorkload/cacheDatasets/tencentBlock/v2/tencentBlock_7568.oracleGeneral.zst
tencentBlock_v2	https://ftp.pdl.cmu.edu/pub/datasets/twemcacheWorkload/cacheDatasets/tencentBlock/v2/tencentBlock_7584.oracleGeneral.zst
tencentBlock_v2	https://ftp.pdl.cmu.edu/pub/datasets/twemcacheWorkload/cacheDatasets/tencentBlock/v2/tencentBlock_7696.oracleGeneral.zst
tencentBlock_v2	https://ftp.pdl.cmu.edu/pub/datasets/twemcacheWorkload/cacheDatasets/tencentBlock/v2/tencentBlock_7709.oracleGeneral.zst
tencentBlock_v2	https://ftp.pdl.cmu.edu/pub/datasets/twemcacheWorkload/cacheDatasets/tencentBlock/v2/tencentBlock_7732.oracleGeneral.zst
tencentBlock_v2	https://ftp.pdl.cmu.edu/pub/datasets/twemcacheWorkload/cacheDatasets/tencentBlock/v2/tencentBlock_8039.oracleGeneral.zst
tencentBlock_v2	https://ftp.pdl.cmu.edu/pub/datasets/twemcacheWorkload/cacheDatasets/tencentBlock/v2/tencentBlock_8043.oracleGeneral.zst
tencentBlock_v2	https://ftp.pdl.cmu.edu/pub/datasets/twemcacheWorkload/cacheDatasets/tencentBlock/v2/tencentBlock_8077.oracleGeneral.zst
tencentBlock_v2	https://ftp.pdl.cmu.edu/pub/datasets/twemcacheWorkload/cacheDatasets/tencentBlock/v2/tencentBlock_8152.oracleGeneral.zst
tencentBlock_v2	https://ftp.pdl.cmu.edu/pub/datasets/twemcacheWorkload/cacheDatasets/tencentBlock/v2/tencentBlock_8169.oracleGeneral.zst
tencentBlock_v2	https://ftp.pdl.cmu.edu/pub/datasets/twemcacheWorkload/cacheDatasets/tencentBlock/v2/tencentBlock_8229.oracleGeneral.zst
tencentBlock_v2	https://ftp.pdl.cmu.edu/pub/datasets/twemcacheWorkload/cacheDatasets/tencentBlock/v2/tencentBlock_8281.oracleGeneral.zst
tencentBlock_v2	https://ftp.pdl.cmu.edu/pub/datasets/twemcacheWorkload/cacheDatasets/tencentBlock/v2/tencentBlock_8420.oracleGeneral.zst
tencentBlock_v2	https://ftp.pdl.cmu.edu/pub/datasets/twemcacheWorkload/cacheDatasets/tencentBlock/v2/tencentBlock_8526.oracleGeneral.zst
tencentBlock_v2	https://ftp.pdl.cmu.edu/pub/datasets/twemcacheWorkload/cacheDatasets/tencentBlock/v2/tencentBlock_8610.oracleGeneral.zst
tencentBlock_v2	https://ftp.pdl.cmu.edu/pub/datasets/twemcacheWorkload/cacheDatasets/tencentBlock/v2/tencentBlock_8714.oracleGeneral.zst
tencentBlock_v2	https://ftp.pdl.cmu.edu/pub/datasets/twemcacheWorkload/cacheDatasets/tencentBlock/v2/tencentBlock_8809.oracleGeneral.zst
tencentBlock_v2	https://ftp.pdl.cmu.edu/pub/datasets/twemcacheWorkload/cacheDatasets/tencentBlock/v2/tencentBlock_8825.oracleGeneral.zst
tencentBlock_v2	https://ftp.pdl.cmu.edu/pub/datasets/twemcacheWorkload/cacheDatasets/tencentBlock/v2/tencentBlock_8937.oracleGeneral.zst
tencentBlock_v2	https://ftp.pdl.cmu.edu/pub/datasets/twemcacheWorkload/cacheDatasets/tencentBlock/v2/tencentBlock_9118.oracleGeneral.zst
tencentBlock_v2	https://ftp.pdl.cmu.edu/pub/datasets/twemcacheWorkload/cacheDatasets/tencentBlock/v2/tencentBlock_9194.oracleGeneral.zst
tencentBlock_v2	https://ftp.pdl.cmu.edu/pub/datasets/twemcacheWorkload/cacheDatasets/tencentBlock/v2/tencentBlock_9214.oracleGeneral.zst
tencentBlock_v2	https://ftp.pdl.cmu.edu/pub/datasets/twemcacheWorkload/cacheDatasets/tencentBlock/v2/tencentBlock_9324.oracleGeneral.zst
tencentBlock_v2	https://ftp.pdl.cmu.edu/pub/datasets/twemcacheWorkload/cacheDatasets/tencentBlock/v2/tencentBlock_9372.oracleGeneral.zst
tencentBlock_v2	https://ftp.pdl.cmu.edu/pub/datasets/twemcacheWorkload/cacheDatasets/tencentBlock/v2/tencentBlock_9378.oracleGeneral.zst
tencentBlock_v2	https://ftp.pdl.cmu.edu/pub/datasets/twemcacheWorkload/cacheDatasets/tencentBlock/v2/tencentBlock_9440.oracleGeneral.zst
tencentBlock_v2	https://ftp.pdl.cmu.edu/pub/datasets/twemcacheWorkload/cacheDatasets/tencentBlock/v2/tencentBlock_9551.oracleGeneral.zst
tencentBlock_v2	https://ftp.pdl.cmu.edu/pub/datasets/twemcacheWorkload/cacheDatasets/tencentBlock/v2/tencentBlock_9569.oracleGeneral.zst
tencentBlock_v2	https://ftp.pdl.cmu.edu/pub/datasets/twemcacheWorkload/cacheDatasets/tencentBlock/v2/tencentBlock_9663.oracleGeneral.zst
tencentBlock_v2	https://ftp.pdl.cmu.edu/pub/datasets/twemcacheWorkload/cacheDatasets/tencentBlock/v2/tencentBlock_9673.oracleGeneral.zst
tencentBlock_v2	https://ftp.pdl.cmu.edu/pub/datasets/twemcacheWorkload/cacheDatasets/tencentBlock/v2/tencentBlock_9745.oracleGeneral.zst
tencentBlock_v2	https://ftp.pdl.cmu.edu/pub/datasets/twemcacheWorkload/cacheDatasets/tencentBlock/v2/tencentBlock_9850.oracleGeneral.zst
tencentBlock_v2	https://ftp.pdl.cmu.edu/pub/datasets/twemcacheWorkload/cacheDatasets/tencentBlock/v2/tencentBlock_9855.oracleGeneral.zst
tencentBlock_v2	https://ftp.pdl.cmu.edu/pub/datasets/twemcacheWorkload/cacheDatasets/tencentBlock/v2/tencentBlock_9863.oracleGeneral.zst
tencentBlock_v2	https://ftp.pdl.cmu.edu/pub/datasets/twemcacheWorkload/cacheDatasets/tencentBlock/v2/tencentBlock_9884.oracleGeneral.zst
tencentBlock_v2	https://ftp.pdl.cmu.edu/pub/datasets/twemcacheWorkload/cacheDatasets/tencentBlock/v2/tencentBlock_9915.oracleGeneral.zst
